Description,Agency (Dept or Stat Body),Agency address,Contract description/name,Award contract date,Contract value,Supplier name,Supplier address,Variation to contract (Yes/No),Specific confidentiality provision used,Procurement method,Form of contract,Number of offers sought,Evaluation criteria and weightings,Deliverables,Contract milestones,Contract performance management,Contract reference number,Contract category group,Parent contract number/SOA,Commence date,Supplier ABN,Finish date
,Griffith University,"170 Kessels Road, Nathan Qld 4111",Membership,1/07/2019,7500000,Queensland Tertiary Admissions Centre Lt,"PO Box 1331,Milton, QLD  4064",No,No,Limited,,,,,,,1834712,General Goods and Services,,,,
,Griffith University,"170 Kessels Road, Nathan Qld 4111",Printing expenditure,1/07/2019,3397753,Ricoh Australia Pty Ltd,"PO Box 3571, South Brisbane, QLD  4101",Yes,No,Open,,,,,,,GU2896,General Goods and Services,,,,
,Griffith University,"170 Kessels Road, Nathan Qld 4111",Bathroom Refurbishment,3/07/2019,20613,A1 Building & Property Solutions Pty Ltd,"3 D'aguilar Road, The Gap, QLD  4061",No,No,,,,,,,,323691,Building Construction and Maintenance,,,,
,Griffith University,"170 Kessels Road, Nathan Qld 4111",Financial Advice for Joint Venture,3/07/2019,110000,Lazard Pty Ltd,"Level 38, Gateway Building, 1 Macquarie Place, Sydney, NSW  2000",No,No,,,,,,,,323696,General Goods and Services,GU4339,,,
,Griffith University,"170 Kessels Road, Nathan Qld 4111",Study Stays Software Maintenance,3/07/2019,19525,StudyStays Pty Ltd,"40 Kingsholme Street, Teneriffe, QLD  4005",No,No,,,,,,,,323725,Information and Communication Technology,,,,
,Griffith University,"170 Kessels Road, Nathan Qld 4111",Co-Editing Services,3/07/2019,20000,Zorka Holdings Pty Ltd,"18 Ispahan Avenue, South Hobart, TAS  7004",No,No,,,,,,,,323711,General Goods and Services,GU4343,,,
,Griffith University,"170 Kessels Road, Nathan Qld 4111",Student Field Trip,4/07/2019,12200,D.O.M Education Pty Ltd,"Level 6, Suite 2,138 Albert Street, Brisbane, QLD  4000",No,No,,,,,,,,1788934,General Goods and Services,,,,
,Griffith University,"170 Kessels Road, Nathan Qld 4111",Large Shear Tester,4/07/2019,123913,Geotech International Australia Pty Ltd,"8 Argyle Place, Millers Point, NSW  2000",No,No,,,,,,,,323840,General Goods and Services,,,,
,Griffith University,"170 Kessels Road, Nathan Qld 4111",Conference Venue 13-14 November,4/07/2019,47300,InterContinental Sanctuary Cove Resort,"PO Box 200, Sancyuary Cove, QLD  4212",No,No,,,,,,,,323835,General Goods and Services,GU4345,,,
,Griffith University,"170 Kessels Road, Nathan Qld 4111",Staff Recruitment,4/07/2019,19111,Optimum Recruitment Group (Qld) Pty Ltd,"Level 17, 40 Creek Street, Brisbane, QLD  4000",No,No,,,,,,,,1788881,General Goods and Services,,,,
,Griffith University,"170 Kessels Road, Nathan Qld 4111",Gold Coast campus Water Management Work,4/07/2019,119551,Precise Air Group P/L,"PO Box 1859, Springwood, QLD  4128",No,No,,,,,,,,323760,Building Construction and Maintenance,,,,
,Griffith University,"170 Kessels Road, Nathan Qld 4111",Installation of Acoustic Wall Treatments,4/07/2019,85219,Precision Contracting (QLD) Pty Ltd,"PO Box 21, Archerfield, QLD  4108",No,No,,,,,,,,323732,General Goods and Services,,,,
,Griffith University,"170 Kessels Road, Nathan Qld 4111",Production of Digital Campus Tour Video,4/07/2019,21890,Prodigious Brand Logistics,"30 Windmill Street, Millers Point, NSW  2000",No,No,,,,,,,,323766,General Goods and Services,,,,
,Griffith University,"170 Kessels Road, Nathan Qld 4111",Consultancy - Student Research,4/07/2019,71500,Sprout Research Pty Ltd,"PO Box 312, Nundah, QLD  4012",No,No,,,,,,,,323764,General Goods and Services,GU4337,,,
,Griffith University,"170 Kessels Road, Nathan Qld 4111",Consultancy - Copy Editor Services,4/07/2019,22000,The Big Speakeasy,"71 Cootharaba Crescent, Warner, QLD  4500",No,No,,,,,,,,323758,General Goods and Services,GU4344,,,
,Griffith University,"170 Kessels Road, Nathan Qld 4111",Axient AV Equipment,5/07/2019,60324,BSG Brisbane Sound Group,"73 Toombul Road, Northgate, QLD  4013",No,No,,,,,,,,323853,General Goods and Services,,,,
,Griffith University,"170 Kessels Road, Nathan Qld 4111",V00 Architectural Services,5/07/2019,74410,Deicke Richards Architects Pty Ltd,"PO Box 507, Fortitude Valley, QLD  4006",No,No,,,,,,,,323899,Building Construction and Maintenance,V160786,,,
,Griffith University,"170 Kessels Road, Nathan Qld 4111",Fellowship Consultancy,5/07/2019,10000,Food Connect Foundation,"4/8 Textile Crescent, Salisbury, QLD  4107",No,No,,,,,,,,323911,General Goods and Services,GU4352,,,
,Griffith University,"170 Kessels Road, Nathan Qld 4111",Oracle Enterprise Annual Software License,5/07/2019,628874,Oracle Corporation Australia Pty Ltd,"GPO Box 1313, Sydney, NSW  2001",No,No,Limited,,,,,,,323901,Information and Communication Technology,,,,
,Griffith University,"170 Kessels Road, Nathan Qld 4111",Installation of Acoustic Curtain,5/07/2019,19842,Precision Contracting (QLD) Pty Ltd,"PO Box 21, Archerfield, QLD  4108",No,No,,,,,,,,323886,General Goods and Services,,,,
,Griffith University,"170 Kessels Road, Nathan Qld 4111",DS Data Breach Exercise,5/07/2019,12524,Risk Logic Pty Ltd,"Level 7, 74 Castlereagh Street, Sydney, NSW  2000",No,No,,,,,,,,323914,Information and Communication Technology,GU4349,,,
,Griffith University,"170 Kessels Road, Nathan Qld 4111",TSXPO Signage,5/07/2019,19795,Valiant Hire,"16/50 Parker Court, Pinkenba, QLD  4008",No,No,,,,,,,,323884,General Goods and Services,,,,
,Griffith University,"170 Kessels Road, Nathan Qld 4111",Relocation of Paramedicine,8/07/2019,263772,Alliance Interiors Qld Pty Ltd,"PO Box 2111, Logan City DC, QLD  4114",No,No,,,,,,,,323920,Building Construction and Maintenance,G160762,,,
,Griffith University,"170 Kessels Road, Nathan Qld 4111",Optiplex AIO Computer Purchase,8/07/2019,47762,Dell Australia Pty Ltd,"PO Box 91, Frenchs Forest, NSW  2086",No,No,,,,,,,,323931,Information and Communication Technology,GU069,,,
,Griffith University,"170 Kessels Road, Nathan Qld 4111",New Air Conditioning Unit,8/07/2019,210342,Dewpoint Air,"PO Box 3479, Newmarket, QLD  4051",No,No,,,,,,,,324005,Building Construction and Maintenance,N160290,,,
,Griffith University,"170 Kessels Road, Nathan Qld 4111",Sciences Asset Plan,8/07/2019,88000,Hassell Limited,"61 Little Collins Street, Melbourne, VIC  3000",No,No,,,,,,,,323997,General Goods and Services,,,,
,Griffith University,"170 Kessels Road, Nathan Qld 4111",Fellowship Consultancy,8/07/2019,11000,Impact Boom Pty Ltd,"32 Cambridge St, Red Hill, QLD  4059",No,No,,,,,,,,324007,General Goods and Services,GU4354,,,
,Griffith University,"170 Kessels Road, Nathan Qld 4111",Fellowship Consultancy,8/07/2019,11000,YFS Ltd,"PO Box 727, Woodridge, QLD  4114",No,No,,,,,,,,323996,General Goods and Services,GU4355,,,
,Griffith University,"170 Kessels Road, Nathan Qld 4111",60 hour service and support pack,9/07/2019,13200,Academ Pty Ltd,"107 Alexander Street, Crows Nest, NSW  2065",No,No,,,,,,,,1789551,Information and Communication Technology,,,,
,Griffith University,"170 Kessels Road, Nathan Qld 4111",Conference Venue and Event Hire,9/07/2019,30492,Bensonlily Surfers Paradise Pty Ltd,"Surfers Paradise Marriott Resort & Spa, Surfers Paradise, QLD  4217",No,No,,,,,,,,324078,General Goods and Services,GU4361,,,
,Griffith University,"170 Kessels Road, Nathan Qld 4111",Brisbane Alumni Event,9/07/2019,22000,Emporium Hotel Management Pty Ltd,"267 Grey Street, South Brisbane, QLD  4069",No,No,,,,,,,,324017,General Goods and Services,GU4358,,,
,Griffith University,"170 Kessels Road, Nathan Qld 4111",Comms Digital Media T1 2020,9/07/2019,16500,Ikon Communications Pty Ltd,"22 Constance Street, Fortitude Valley, QLD  4006",No,No,,,,,,,,324014,General Goods and Services,GU1586,,,
,Griffith University,"170 Kessels Road, Nathan Qld 4111",BCI Media T1 2020,9/07/2019,12650,Ikon Communications Pty Ltd,"22 Constance Street, Fortitude Valley, QLD  4006",No,No,,,,,,,,324015,General Goods and Services,GU1586,,,
,Griffith University,"170 Kessels Road, Nathan Qld 4111",Law Media T1 2020,9/07/2019,25520,Ikon Communications Pty Ltd,"22 Constance Street, Fortitude Valley, QLD  4006",No,No,,,,,,,,324016,General Goods and Services,GU1586,,,
,Griffith University,"170 Kessels Road, Nathan Qld 4111",Scenic Construction for Stage Production,9/07/2019,73731,NJW Designs Pty Ltd,"15 Caravan St, Wendouree, VIC  3355",No,No,,,,,,,,324018,Building Construction and Maintenance,,,,
,Griffith University,"170 Kessels Road, Nathan Qld 4111",Recruitment Services,9/07/2019,51700,Robinson Fitzgerald Pty Ltd,"Suite 7, 138 Juliette Street, Greenslopes, QLD  4120",No,No,,,,,,,,324046,General Goods and Services,,,,
,Griffith University,"170 Kessels Road, Nathan Qld 4111",Screenrights Licence Payment 2019,9/07/2019,247015,Screenrights,"PO Box 1248, Neutral bay, NSW  2089",No,No,,,,,,,,324062,Information and Communication Technology,,,,
,Griffith University,"170 Kessels Road, Nathan Qld 4111",ICT Professional Services,10/07/2019,147290,Calibre Consulting Group,"80 Dengate Lane, St Lucia, QLD  4067",No,No,,,,,,,,324108,Information and Communication Technology,GU4359,,,
,Griffith University,"170 Kessels Road, Nathan Qld 4111",Backstage Catering ,10/07/2019,12737,Garnishes Catering,"18 Edmondstone Road, Bowen Hills, QLD  4006",No,No,,,,,,,,324144,General Goods and Services,,,,
,Griffith University,"170 Kessels Road, Nathan Qld 4111",Fume Cupboard Testing and Maintenance,10/07/2019,27500,JAF Australia Pty Ltd t/a Air Equipment,"1 / 9 Thomas Hanlon Ct, Yatala, QLD  4207",No,No,,,,,,,,324087,Building Construction and Maintenance,,,,
,Griffith University,"170 Kessels Road, Nathan Qld 4111",G40 plantroom service and parts,10/07/2019,50472,Merck Pty Ltd,"Ground Floor, Bldg 1, 885 Mountain Hwy, Bayswater, VIC  3153",No,No,,,,,,,,324084,Building Construction and Maintenance,,,,
,Griffith University,"170 Kessels Road, Nathan Qld 4111",Biomedical Supply Chain Development Project,10/07/2019,22000,Regional Development Australia Gold Coast,"PO Box 3290, Australia Fair, Southport, QLD  4215",No,No,,,,,,,,324157,General Goods and Services,GU4357,,,
,Griffith University,"170 Kessels Road, Nathan Qld 4111",Media Audit,11/07/2019,16698,Affinity,"Level 3 Suite 15, 50 Stanley Street, Darlinghurst, NSW  2010",No,No,,,,,,,,324257,General Goods and Services,,,,
,Griffith University,"170 Kessels Road, Nathan Qld 4111",General Equipment,11/07/2019,51871,Arris Pty Ltd,"PO Box 206, Highgate, SA  5063",No,No,,,,,,,,324262,General Goods and Services,,,,
,Griffith University,"170 Kessels Road, Nathan Qld 4111",Leadership and Mentoring Programs,11/07/2019,26654,Ethos Consulting Pty Ltd,"PO Box 3416, Norwood, SA  5067",No,No,,,,,,,,1784985,General Goods and Services,,,,
,Griffith University,"170 Kessels Road, Nathan Qld 4111",Cleaning Services,11/07/2019,16500,Pacific Water Treatment Services,"PO Box 3292, Warner, QLD  4500",No,No,,,,,,,,324230,General Goods and Services,,,,
,Griffith University,"170 Kessels Road, Nathan Qld 4111",T1 QCA Creative Production,11/07/2019,12645,Publicis Brisbane,"Level 2, 99 Melbourne Street, South Brisbane, QLD  4101",No,No,,,,,,,,324213,General Goods and Services,GU2780,,,
,Griffith University,"170 Kessels Road, Nathan Qld 4111",T1 CCJ Creative Production,11/07/2019,25680,Publicis Brisbane,"Level 2, 99 Melbourne Street, South Brisbane, QLD  4101",No,No,,,,,,,,324259,General Goods and Services,GU2780,,,
,Griffith University,"170 Kessels Road, Nathan Qld 4111",L04 Architectural Services,11/07/2019,38445,Thomson Adsett Pty Ltd,"PO Box 2195, Fortitude Valley, QLD  4006",No,No,,,,,,,,324174,Building Construction and Maintenance,,,,
,Griffith University,"170 Kessels Road, Nathan Qld 4111",Labscape Maintenance,12/07/2019,32670,Bruker Pty Ltd,"PO Box 202, Alexandria, NSW  1435",No,No,,,,,,,,324268,General Goods and Services,,,,
,Griffith University,"170 Kessels Road, Nathan Qld 4111",Optiplex AIO Computer Purchase,12/07/2019,10045,Dell Australia Pty Ltd,"PO Box 91, Frenchs Forest, NSW  2086",No,No,,,,,,,,324333,Information and Communication Technology,GU069,,,
,Griffith University,"170 Kessels Road, Nathan Qld 4111",Graduations Venue,12/07/2019,110000,Gold Coast Convention & Exhibition Centr,"PO Box 1407, Broadbeach, QLD  4218",No,No,,,,,,,,324306,General Goods and Services,GU4365,,,
,Griffith University,"170 Kessels Road, Nathan Qld 4111",ACell 512 System Package,15/07/2019,1800635,HighRes Biosolutions,"102 Cherry Hill Drive, Beverley, MA  01915  USA",No,No,Open,,,,,,,324417,General Goods and Services,GU4186,,,
,Griffith University,"170 Kessels Road, Nathan Qld 4111",ICAD Software,15/07/2019,49742,ICAD Consultants Pty Ltd,"18 Centurion St, Bridgeman Downs, QLD  4035",No,No,,,,,,,,324433,Information and Communication Technology,,,,
,Griffith University,"170 Kessels Road, Nathan Qld 4111",Sofware License Renewals,15/07/2019,48039,Insight Enterprises Australia Pty Ltd,"Locked Bag 3333, Brookevale, NSW  2100",No,No,,,,,,,,324377,Information and Communication Technology,,,,
,Griffith University,"170 Kessels Road, Nathan Qld 4111",Training Venue - 3 Days,15/07/2019,11803,InterContinental Sanctuary Cove Resort,"PO Box 200, Sanctuary Cove, QLD  4212",No,No,,,,,,,,324410,General Goods and Services,GU4369,,,
,Griffith University,"170 Kessels Road, Nathan Qld 4111",N79 Lecturn Units,15/07/2019,19880,Kit Kitchens Australia Pty Ltd,"1/270 Orange Grove Road, Salisbury, QLD  4107",No,No,,,,,,,,324450,General Goods and Services,,,,
,Griffith University,"170 Kessels Road, Nathan Qld 4111",EICP Planning Support Services,15/07/2019,88625,KPMG,"PO Box 2291U, Melbourne, VIC  3001",No,No,,,,,,,,324388,General Goods and Services,GU4367,,,
,Griffith University,"170 Kessels Road, Nathan Qld 4111",T1 EDU Creative Production,15/07/2019,17086,Publicis Brisbane,"Level 2, 99 Melbourne Street, South Brisbane, QLD  4101",No,No,,,,,,,,324455,General Goods and Services,GU2780,,,
,Griffith University,"170 Kessels Road, Nathan Qld 4111",ADNIP Project - subcontract,15/07/2019,286635,Synapse,"Level 1, 262 Montague Road, West End, QLD  4101",Yes,No,,,,,,,,324380,General Goods and Services,GU4368,,,
,Griffith University,"170 Kessels Road, Nathan Qld 4111",India Australian Education Fair,16/07/2019,18370,IDP Education Pty Ltd,"Level 8, 535 Bourke Street, Melbourne, VIC  3000",No,No,,,,,,,,1790676,General Goods and Services,,,,
,Griffith University,"170 Kessels Road, Nathan Qld 4111",Advertising Production of AO Science,16/07/2019,17132,Prodigious Brand Logistics,"30 Windmill Street, Millers Point, NSW  2000",No,No,,,,,,,,324541,General Goods and Services,,,,
,Griffith University,"170 Kessels Road, Nathan Qld 4111",Sciences Group Marketing Creative,16/07/2019,87222,Publicis Brisbane,"Level 2, 99 Melbourne Street, South Brisbane, QLD  4101",No,No,,,,,,,,324460,General Goods and Services,GU2780,,,
,Griffith University,"170 Kessels Road, Nathan Qld 4111",Corporate Partnership Agreement,16/07/2019,18900,Queensland Tourism Industry Council Ltd,"PO Box 13162, George Street, QLD  4003",No,No,,,,,,,,324543,General Goods and Services,,,,
,Griffith University,"170 Kessels Road, Nathan Qld 4111",Consultancy Services,16/07/2019,12016,University of Waterloo,"Maria Lango International Program/OR, Waterloo, ON  N2L 3G1  CAN",Yes,No,,,,,,,,324457,General Goods and Services,GU4372,,,
,Griffith University,"170 Kessels Road, Nathan Qld 4111",Communication Consultancy,17/07/2019,18489,3rdView˜Consulting ATF˜3rdView˜Trust,"PO Box 3111, South Brisbane, QLD  4101",No,No,,,,,,,,324622,Information and Communication Technology,GU4380,,,
,Griffith University,"170 Kessels Road, Nathan Qld 4111",Supply and Install Cabinets,17/07/2019,11047,Bob Shannon Building Contractor,"14 Cambridge Court, Carrara, QLD  4211",No,No,,,,,,,,324579,Building Construction and Maintenance,,,,
,Griffith University,"170 Kessels Road, Nathan Qld 4111",Custom Built Trailer,18/07/2019,33660,CDR Electrical,"2/1 Doggett Drive, Miami, QLD  4220",No,No,,,,,,,,324624,General Goods and Services,,,,
,Griffith University,"170 Kessels Road, Nathan Qld 4111",Printing Exam Packs T1 2019,18/07/2019,59031,Chandler,"Unit 1, Ingleston Road, Wakerley, QLD  4154",No,No,,,,,,,,1791281,General Goods and Services,,,,
,Griffith University,"170 Kessels Road, Nathan Qld 4111",N53 Electrical Services,18/07/2019,30447,Evergreen Electrical Services,"PO Box 30, Underwood, QLD  4119",No,No,,,,,,,,324661,Building Construction and Maintenance,,,,
,Griffith University,"170 Kessels Road, Nathan Qld 4111",N79 Design and Mechanical Engineering,18/07/2019,38445,N D Y Management Pty Ltd,"Level 14, 120 Edward Street, Brisbane, QLD  4000",No,No,,,,,,,,324681,Building Construction and Maintenance,,,,
,Griffith University,"170 Kessels Road, Nathan Qld 4111",N79 QS Design and Documentation Consultant,18/07/2019,39633,Steele Wrobel Pty Ltd,"Level 3 Bowman House, 276 Edward St, Brisbane, QLD  4000",No,No,,,,,,,,324680,Building Construction and Maintenance,,,,
,Griffith University,"170 Kessels Road, Nathan Qld 4111",N79 Electrical Engineer Design & Doc Consultant,18/07/2019,32120,Wood & Grieve Engineers Limited,"Ground Floor, 226 Adelaide Terrace",No,No,,,,,,,,324691,Building Construction and Maintenance,,,,
,Griffith University,"170 Kessels Road, Nathan Qld 4111",Latitude Laptop Computer Purchase,19/07/2019,24563,Dell Australia Pty Ltd,"PO Box 91, Frenchs Forest, NSW  2086",No,No,,,,,,,,324748,Information and Communication Technology,GU069,,,
,Griffith University,"170 Kessels Road, Nathan Qld 4111",Psychological Services,19/07/2019,12062,Schroeder Clinical Psychology,"6 Circle Court, Rochedale South, QLD  4123",No,No,,,,,,,,324705,General Goods and Services,GU4370,,,
,Griffith University,"170 Kessels Road, Nathan Qld 4111",Epifix Heater exchange and commissioning,19/07/2019,43192,SPT Microtechnologies USA Inc.,"1150 Ringwood Court, San Jose, CA  95131  USA",No,No,,,,,,,,324743,General Goods and Services,,,,
,Griffith University,"170 Kessels Road, Nathan Qld 4111",APCHE Conference Catering,19/07/2019,22264,The Ship Inn,"Box 25, Stanley Street Plaza, Southbank, Brisbane, QLD  4101",No,No,,,,,,,,1791318,General Goods and Services,,,,
,Griffith University,"170 Kessels Road, Nathan Qld 4111",Water Facility Access,20/07/2019,22000,Aquarius Technologies Pty Ltd,"PO Box 71, Coopers Plains, QLD  4108",No,No,,,,,,,,1791243,General Goods and Services,,,,
,Griffith University,"170 Kessels Road, Nathan Qld 4111",AV Hire Nathan,22/07/2019,10429,Blue Shadow Group,"Unit 17 / 211 Brisbane Road, Biggera Waters, QLD  4214",No,No,,,,,,,,324806,General Goods and Services,,,,
,Griffith University,"170 Kessels Road, Nathan Qld 4111",AV Hire Gold Coast,22/07/2019,13391,Blue Shadow Group,"Unit 17 / 211 Brisbane Road, Biggera Waters, QLD  4214",No,No,,,,,,,,324807,General Goods and Services,,,,
,Griffith University,"170 Kessels Road, Nathan Qld 4111",N79 Architectural Services,23/07/2019,114950,DWP Australia P/L,"PO Box 1109, Newcastle, NSW  2300",No,No,,,,,,,,324877,Building Construction and Maintenance,N160296,,,
,Griffith University,"170 Kessels Road, Nathan Qld 4111",Fellowship Consultancy,24/07/2019,11000,PledgeMe Pty Limited,"Level 1, 500 Brunswick Street, Brisbane, QLD  4005",No,No,,,,,,,,324957,General Goods and Services,GU4390,,,
,Griffith University,"170 Kessels Road, Nathan Qld 4111",QSES Enquiry Annual Service Fee,24/07/2019,82500,QS Enrolment Solutions (Australia) Pty L,"Level 3, 595 Collins Street, Melbourne, VIC  3000",No,No,,,,,,,,324992,General Goods and Services,GU3519,,,
,Griffith University,"170 Kessels Road, Nathan Qld 4111",L03 Business Centre Construction,25/07/2019,368741,Alliance Interiors Qld Pty Ltd,"PO Box 2111, Logan City DC, QLD  4114",No,No,,,,,,,,325057,Building Construction and Maintenance,L160794 ,,,
,Griffith University,"170 Kessels Road, Nathan Qld 4111",Upright ULT Freezer,25/07/2019,22671,Brightside Scientific Pty Ltd,"2/8 Teamster Close, Tuggerah, NSW  2259",No,No,,,,,,,,325030,General Goods and Services,,,,
,Griffith University,"170 Kessels Road, Nathan Qld 4111",Staff Recruitment,25/07/2019,25050,Chandler Macleod Group Limited,"PO Box 49, Mulgrave, VIC  3170",No,No,,,,,,,,1792586,General Goods and Services,,,,
,Griffith University,"170 Kessels Road, Nathan Qld 4111",N53 Level 2 Carpet Replacement,25/07/2019,44924,Continental Carpets,"PO Box 167, Holland Park, QLD  4121",No,No,,,,,,,,325048,Building Construction and Maintenance,,,,
,Griffith University,"170 Kessels Road, Nathan Qld 4111",Science Staff Coaching,25/07/2019,30250,CPEM Consulting Group,"PO Box 259, Holland Park, QLD  4121",No,No,,,,,,,,325063,General Goods and Services,GU4391,,,
,Griffith University,"170 Kessels Road, Nathan Qld 4111",Upgrade Windows Server,25/07/2019,16940,Cubewise Australia Pty Ltd,"Level 11, 99 Mount St, North Sydney, NSW  2060",No,No,,,,,,,,325051,Information and Communication Technology,,,,
,Griffith University,"170 Kessels Road, Nathan Qld 4111",Integrated Services Consultancy,25/07/2019,195250,Limebridge Australia,"27/101 Collins Street, Melbourne, VIC  3000",No,No,,,,,,,,325060,General Goods and Services,GU4386,,,
,Griffith University,"170 Kessels Road, Nathan Qld 4111",Cometa EMG Wireless System,25/07/2019,45415,Logemas Pty Ltd,"13 Hudson Road, Albion, QLD  4010",No,No,,,,,,,,325035,General Goods and Services,,,,
,Griffith University,"170 Kessels Road, Nathan Qld 4111",Staff Recruitment,25/07/2019,15268,M&T Resources,"Level 13, 259 Queen Street, Brisbane, QLD  4000",No,No,,,,,,,,1792760,General Goods and Services,,,,
,Griffith University,"170 Kessels Road, Nathan Qld 4111",MedeA WIN/MAC user software License,25/07/2019,10132,Materials Design Inc.,"6 First National Place, Angel Fire, NM  87710  USA",No,No,,,,,,,,325046,Information and Communication Technology,,,,
,Griffith University,"170 Kessels Road, Nathan Qld 4111",Consultancy Rod Netterfield,25/07/2019,66000,Netterfield Consulting,"10 Amber Close, Mango Hill, QLD  4509",No,No,,,,,,,,325050,General Goods and Services,GU4383,,,
,Griffith University,"170 Kessels Road, Nathan Qld 4111",Corporate Recruitment Marketing Creative,25/07/2019,289151,Publicis Brisbane,"Level 2, 99 Melbourne Street, South Brisbane, QLD  4101",No,No,,,,,,,,325044,General Goods and Services,GU2780,,,
,Griffith University,"170 Kessels Road, Nathan Qld 4111",Symposium Organiser Payment,25/07/2019,14287,Revolve Services Pty Ltd,"PO Box 965, Paradise Point, QLD  4216",No,No,,,,,,,,1791198,General Goods and Services,,,,
,Griffith University,"170 Kessels Road, Nathan Qld 4111",Telecommunication Services,25/07/2019,845696,SDF Electrical Pty Ltd,"163 Jackson Road, Sunnybank Hills, QLD  4109",Yes,No,Open,,,,,,,C01285,Information and Communication Technology,,,,
,Griffith University,"170 Kessels Road, Nathan Qld 4111",Staff Relocation,25/07/2019,21959,Sirva Relocation,"490 Freeman Road, Richlands, QLD  4077",No,No,,,,,,,,325069,Transport Infrastructure and Services,GU2661,,,
,Griffith University,"170 Kessels Road, Nathan Qld 4111",Global Internship Service Fee,25/07/2019,44216,The Australian Chamber of Commerce in HK,"AustCham, R301-2, Lucky Building, Central  Hong Kong",No,No,,,,,,,,325062,General Goods and Services,,,,
,Griffith University,"170 Kessels Road, Nathan Qld 4111",AMX AV Equipment,25/07/2019,463984,Videopro,"37 Eagleview Place, Eagle Farm, QLD  4009",No,No,,,,,,,,325056,General Goods and Services,                                                                                                                                                                                                                                                                                                                                                                                                                                                                                                                                                                                                                                                                                                                                                                                                                                                                                                                                                                                                                                                                                                                                                                                                                                                                                                                                                                                                                                                                                                                                                                                                                                                                                                                                                                                                                                                                                                                                                                                                                                                                                                                                                                                                                                                                                                                                                                                                                                                                                                                                                                                                                                                                                                                                                                                                                                                                                                                                                                                                                                                                                                                                                                                                                                                                                                                                                                                                                                                                                                                                                                                                                                                                                                                                                                                                                                                                                                                                                                                                                                                                                                                                                                                                                                                                                                                                                                                                                                                                                                                                                                                                                                                                                                                                                                                                                                                                                                                                                                                                                                                                                                                                                                                                                                                                                                                                                                                                                                                                                                                                                                                                                                                                                                                                                                                                                                                                                                                                                                                                                                                                                                                                                                                                                                                                                                                                                                                                                                                                                                                              ,,,
,Griffith University,"170 Kessels Road, Nathan Qld 4111",Healthy Universities Framework Consultant,25/07/2019,63569,Wellness Designs Pty Ltd,"PO Box 54, Underwood, QLD  4119",No,No,,,,,,,,325045,General Goods and Services,GU4389,,,
,Griffith University,"170 Kessels Road, Nathan Qld 4111",Emergency Repairs to Water Main,26/07/2019,19030,Descab Pty Ltd t/a Qld Multi Trades,"34 Hindes Street, Lota, QLD  4178",No,No,,,,,,,,325145,Building Construction and Maintenance,,,,
,Griffith University,"170 Kessels Road, Nathan Qld 4111",ICT Consultancy,26/07/2019,14256,Integral Technology Solutions,"Level 3, 201 Leichardt Street, Spring Hill, QLD  4000",No,No,,,,,,,,325175,Information and Communication Technology,GU4395,,,
,Griffith University,"170 Kessels Road, Nathan Qld 4111",School Grant Writing Retreat - 3 Days,26/07/2019,23898,InterContinental Sanctuary Cove Resort,"PO Box 200, Sanctuary Cove, QLD  4212",No,No,,,,,,,,325188,General Goods and Services,GU4388,,,
,Griffith University,"170 Kessels Road, Nathan Qld 4111",QBM partnership Print Media,26/07/2019,75746,Mediacom Australia Pty Ltd,"GPO Box 1000, Brisbane, QLD  4001",No,No,,,,,,,,325172,General Goods and Services,SOA PDC-88-2017,,,
,Griffith University,"170 Kessels Road, Nathan Qld 4111",QBM partnership Digital Media,26/07/2019,106810,News Limited,"GPO Box 4245, Sydney, NSW  2001",No,No,,,,,,,,325154,General Goods and Services,,,,
,Griffith University,"170 Kessels Road, Nathan Qld 4111",Hire of Additional Stage Lighting ,26/07/2019,13904,Resolution X Pty Ltd,"18 Fariola Street, Silverwater, NSW  2128",No,No,,,,,,,,325149,General Goods and Services,,,,
,Griffith University,"170 Kessels Road, Nathan Qld 4111",Sciences Asset Plan Quantity Surveying,26/07/2019,19800,Rider Levett Bucknall Qld Pty Ltd,"GPO Box 1383, Brisbane, QLD  4000",No,No,,,,,,,,325119,Building Construction and Maintenance,,,,
,Griffith University,"170 Kessels Road, Nathan Qld 4111",EEM 2020 Conference Venue,26/07/2019,29461,Voco Gold Coast,"31 Hamilton Ave, Surfers Paradise, QLD  4217",No,No,,,,,,,,325155,General Goods and Services,GU4373,,,
,Griffith University,"170 Kessels Road, Nathan Qld 4111",Cisco Wireless System,29/07/2019,18368,Data #3 Limited,"PO Box 551, Indooroopilly, QLD  4068",No,No,,,,,,,,325256,Information and Communication Technology,,,,
,Griffith University,"170 Kessels Road, Nathan Qld 4111",Water Management Rectifications,29/07/2019,18205,Descab Pty Ltd t/a Qld Multi Trades,"34 Hindes Street, Lota, QLD  4178",No,No,,,,,,,,325290,Building Construction and Maintenance,,,,
,Griffith University,"170 Kessels Road, Nathan Qld 4111",PC3 Annual Certification,29/07/2019,21999,N D Y Management Pty Ltd,"Level 14, 120 Edward Street, Brisbane, QLD  4000",No,No,,,,,,,,325229,Building Construction and Maintenance,,,,
,Griffith University,"170 Kessels Road, Nathan Qld 4111",Femto Laser System,29/07/2019,766331,Oxford Lasers Ltd,"Unit 8 Moorbrook Park, Didcot  OX11 7HP  United Kingdom",No,No,Limited,,,,,,,325208,General Goods and Services,,,,
,Griffith University,"170 Kessels Road, Nathan Qld 4111",Phire Annual Software Maintenance,29/07/2019,62322,"Phire, Inc","8370 Greensboro Drive, Suite 812, McLean, VA  22102  USA",Yes,No,,,,,,,,C00546,Information and Communication Technology,,,,
,Griffith University,"170 Kessels Road, Nathan Qld 4111",Student Recruitment Campaign,29/07/2019,550000,Publicis Brisbane,"Level 2, 99 Melbourne Street, South Brisbane, QLD  4101",No,No,Limited,,,,,,,325205,General Goods and Services,GU2780,,,
,Griffith University,"170 Kessels Road, Nathan Qld 4111",Subscription/Licence Fees Software,29/07/2019,108131,Rogue Wave Software Inc,"1315 W Century Drive, Louisville, CO  80027  USA",No,No,,,,,,,,325291,Information and Communication Technology,,,,
,Griffith University,"170 Kessels Road, Nathan Qld 4111",Enterprise Software and Licenses,30/07/2019,22739,CartoDB Inc,"201 Moore Street, Brooklyn, NY  11206  USA",No,No,,,,,,,,325305,Information and Communication Technology,,,,
,Griffith University,"170 Kessels Road, Nathan Qld 4111",Hotcourses IDP Agreement,30/07/2019,55000,Hotcourses Pty Ltd,"Studio 6, Level 1, 285A Crown Street, Surry Hills, NSW  2010",No,No,,,,,,,,325301,Information and Communication Technology,,,,
,Griffith University,"170 Kessels Road, Nathan Qld 4111",IELTS Tests,30/07/2019,96663,IELTS Australia Pty Ltd,"GPO Box 2006, Canberra, ACT  2601",No,No,,,,,,,,1788974,General Goods and Services,,,,
,Griffith University,"170 Kessels Road, Nathan Qld 4111",Printing Griffith Review,30/07/2019,11319,Ligare Pty Ltd,"138 Bonds Road, Riverwood, NSW  2210",No,No,,,,,,,,1788883,General Goods and Services,,,,
,Griffith University,"170 Kessels Road, Nathan Qld 4111",Glycan Array Slide Samples,30/07/2019,42129,"Z Biotech, LLC","12635 East Montview Blvd Ste 214, Aurora, CO  80045  USA",No,No,,,,,,,,325306,General Goods and Services,,,,
,Griffith University,"170 Kessels Road, Nathan Qld 4111",Vehicle Tracking & Access Services,1/08/2019,471228,Smartrak Aust Pty Ltd,"Level 9, 372 Albert Street, East Melbourne, VIC  3002",Yes,No,,,,,,,,C01466,General Goods and Services,,,,
,Griffith University,"170 Kessels Road, Nathan Qld 4111",N27 Surveying Services,2/08/2019,13888,Bennett & Bennett Consulting Surveyors,"PO Box 5021, Gold Coast Mail Centre, QLD  9726",No,No,,,,,,,,325561,Building Construction and Maintenance,,,,
,Griffith University,"170 Kessels Road, Nathan Qld 4111",Cisco Switches,2/08/2019,107534,Data #3 Limited,"PO Box 551, Indooroopilly, QLD  4068",No,No,,,,,,,,325604,Information and Communication Technology,GU802,,,
,Griffith University,"170 Kessels Road, Nathan Qld 4111",Marketing Campaign Student Recruitment,2/08/2019,1430000,Mediacom Australia Pty Ltd,"GPO Box 1000, Brisbane, QLD  4001",No,No,Limited,,,,,,,325564,General Goods and Services,SOA PDC-88-2017,,,
,Griffith University,"170 Kessels Road, Nathan Qld 4111",Data Set Access,3/08/2019,24603,University of Melbourne,"Gratton Street, Melbourne, VIC  3010",No,No,,,,,,,,1791378,Information and Communication Technology,,,,
,Griffith University,"170 Kessels Road, Nathan Qld 4111",Recruitment Services,5/08/2019,41689,Chandler Macleod Group Limited,"PO Box 49, Mulgrave, VIC  3170",No,No,,,,,,,,325650,General Goods and Services,,,,
,Griffith University,"170 Kessels Road, Nathan Qld 4111",Aviation Awards Night,6/08/2019,41965,CBD Golf Pty Ltd,"PO Box 256, Herston, QLD  4006",No,No,,,,,,,,325738,General Goods and Services,GU4397,,,
,Griffith University,"170 Kessels Road, Nathan Qld 4111",Student Services and Amenities Fee Review,6/08/2019,45000,Minyon Consulting,"260 Dingo Lane, Myocum, NSW  2481",No,No,,,,,,,,325739,General Goods and Services,,,,
,Griffith University,"170 Kessels Road, Nathan Qld 4111",IRU 3 day Writing & Publishing Retreat,6/08/2019,14219,Spicers Retreats Hotels & Lodges,"PO Box 108, Fortitude Valley, QLD  4006",No,No,,,,,,,,325804,General Goods and Services,GU4400,,,
,Griffith University,"170 Kessels Road, Nathan Qld 4111",IT Support Services,7/08/2019,67086,Squiz Australia Pty Ltd,"Level 1, 435a-437 Kent Street, Sydney, NSW  2000",No,No,,,,,,,,325878,Information and Communication Technology,GU4408,,,
,Griffith University,"170 Kessels Road, Nathan Qld 4111",Appian Software Switzerland LLC,8/08/2019,215240,Appian Software Switzerland LLC,"Level 1, 92 Pitt Street, Sydney, NSW  2000",No,No,,,,,,,,C01232,Information and Communication Technology,,,,
,Griffith University,"170 Kessels Road, Nathan Qld 4111",Griffith MATES CSQD Website Agreement,8/08/2019,20000,CSQD Pty Ltd,"Suite 32, Pegasus Centre, Bundall, QLD  4217",No,No,,,,,,,,326009,Information and Communication Technology,,,,
,Griffith University,"170 Kessels Road, Nathan Qld 4111",Kofax Upgrade,8/08/2019,12969,Efficiency Leaders (Australia) Pty Ltd,"PO Box 494, Varsity Lakes, QLD  4227",No,No,,,,,,,,1792342,Information and Communication Technology,,,,
,Griffith University,"170 Kessels Road, Nathan Qld 4111",Electric Forklift and Stacker,8/08/2019,63778,Komatsu Forklift Australia Pty Ltd,"PO Box 3326, Darra, QLD  4076",No,No,,,,,,,,325988,General Goods and Services,,,,
,Griffith University,"170 Kessels Road, Nathan Qld 4111",Facilitation & Reporting on Cultural Safety workshop,9/08/2019,26472,Arrilla Indigenous Consulting Pty Ltd,"International Towers, 300 Barangaroo Avenue, Sydney, NSW  2000",No,No,,,,,,,,326023,General Goods and Services,GU4411,,,
,Griffith University,"170 Kessels Road, Nathan Qld 4111",Hong Kong Graduation,9/08/2019,41356,GE (LHIL) Lessee Limited,"555 Shanghai Street, Mongkok - Kowloon  Hong Kong",No,No,,,,,,,,326063,General Goods and Services,GU4382,,,
,Griffith University,"170 Kessels Road, Nathan Qld 4111",Alumni Award video,9/08/2019,19761,Prodigious Brand Logistics,"30 Windmill Street, Millers Point, NSW  2000",No,No,,,,,,,,326022,General Goods and Services,,,,
,Griffith University,"170 Kessels Road, Nathan Qld 4111",Alumni Award video,9/08/2019,19508,Prodigious Brand Logistics,"30 Windmill Street, Millers Point, NSW  2000",No,No,,,,,,,,326093,General Goods and Services,,,,
,Griffith University,"170 Kessels Road, Nathan Qld 4111",Alumni Award video,9/08/2019,19508,Prodigious Brand Logistics,"30 Windmill Street, Millers Point, NSW  2000",No,No,,,,,,,,326094,General Goods and Services,,,,
,Griffith University,"170 Kessels Road, Nathan Qld 4111",Signage Gold Coast campus,9/08/2019,11767,Richmond Signs & Designs,"1/15 Bailey Crescent, Southport, QLD  4215",No,No,,,,,,,,1796425,General Goods and Services,,,,
,Griffith University,"170 Kessels Road, Nathan Qld 4111",Consultancy Services,9/08/2019,12980,Suicide Risk Assessment Australia,"PO Box 178, Engadine, NSW  2233",No,No,,,,,,,,326021,General Goods and Services,GU4407,,,
,Griffith University,"170 Kessels Road, Nathan Qld 4111",Isotope Analysis,10/08/2019,14400,Australian National University,"Australian National University, Canberra, ACT  0200",No,No,,,,,,,,1790558,General Goods and Services,,,,
,Griffith University,"170 Kessels Road, Nathan Qld 4111",University Asset Management Plan,12/08/2019,101743,Arcadis Australia Pacific Pty Limited,"Locked Bag 6503, North Sydney, NSW  2060",No,No,,,,,,,,1796584,General Goods and Services,,,,
,Griffith University,"170 Kessels Road, Nathan Qld 4111",Graduation Reception,12/08/2019,20615,Lavish Dine Catering Pte Ltd,"20 Bukit Batok Crescent, 658080  Singapore",No,No,,,,,,,,326133,General Goods and Services,,,,
,Griffith University,"170 Kessels Road, Nathan Qld 4111",Online Data Access,12/08/2019,321015,Lexis Nexis,"475-495 Victoria Ave, Chatswood, NSW  2067",No,No,,,,,,,,1796594,Information and Communication Technology,,,,
,Griffith University,"170 Kessels Road, Nathan Qld 4111",Direction of QCGU 2020 Opera Production,12/08/2019,25000,Loesje  Sanders  Ltd,"The Old  Rectory, Church  Road, Norwich  NR13 3JB  United Kingdom",No,No,,,,,,,,326110,General Goods and Services,,,,
,Griffith University,"170 Kessels Road, Nathan Qld 4111",Speaker for Integrity 20,12/08/2019,17000,Raj Patel Ltd,"1106 W 10th Street, Austin, TX  78703  USA",No,No,,,,,,,,326170,General Goods and Services,,,,
,Griffith University,"170 Kessels Road, Nathan Qld 4111",Codify Pty Ltd,13/08/2019,21890,Codify Pty Ltd,"PO Box 864, Brisbane, QLD  4001",No,No,,,,,,,,326210,General Goods and Services,GU4417,,,
,Griffith University,"170 Kessels Road, Nathan Qld 4111",N75 Repairs to Chiller Plant ,13/08/2019,14711,Precise Air Group P/L,"PO Box 1859, Springwood, QLD  4128",No,No,,,,,,,,326174,Building Construction and Maintenance,,,,
,Griffith University,"170 Kessels Road, Nathan Qld 4111",N75 Chiller 2 rust and oil repairs,13/08/2019,15697,Precise Air Group P/L,"PO Box 1859, Springwood, QLD  4128",No,No,,,,,,,,326175,Building Construction and Maintenance,,,,
,Griffith University,"170 Kessels Road, Nathan Qld 4111",Remote Telemetry Units,13/08/2019,22143,Scheider Electric (Australia) Pty Ltd ,"Locked Bag 2211, North Ryde, NSW  2113",No,No,,,,,,,,326255,General Goods and Services,,,,
,Griffith University,"170 Kessels Road, Nathan Qld 4111","Strata Title Conference - The Star, AV | Conference 3 Days",13/08/2019,24178,The Star Gold Coast,"PO Box 1515, Broadbeach, QLD  4218",No,No,,,,,,,,326173,General Goods and Services,GU3782,,,
,Griffith University,"170 Kessels Road, Nathan Qld 4111",Griffith Magazine,14/08/2019,11550,Very Media Pty Ltd,"PO Box 811, Ashmore City, QLD  4214",No,No,,,,,,,,326299,General Goods and Services,,,,
,Griffith University,"170 Kessels Road, Nathan Qld 4111",2- Carbon Coxless Wing Pair Mould 223,15/08/2019,19521,Jeff Sykes & Assoc. P/L t/a Concept 2,"65-67 Tucker Street, Breakwater, VIC  3219",No,No,,,,,,,,326329,General Goods and Services,,,,
,Griffith University,"170 Kessels Road, Nathan Qld 4111",Annual 2019-2020 Maintenance,15/08/2019,127550,"Kinetic Software, Inc.","3701 N. Ravenswood, Chicago, IL  60613  USA",Yes,No,,,,,,,,C00338,Information and Communication Technology,,,,
,Griffith University,"170 Kessels Road, Nathan Qld 4111",SONM November Retreat,15/08/2019,27500,Mercure Gold Coast Resort,"Palm Meadows Drive, Carrara, QLD  4211",No,No,,,,,,,,326359,General Goods and Services,GU4421,,,
,Griffith University,"170 Kessels Road, Nathan Qld 4111",Trotec speedy 300  80 watt laser cutter,15/08/2019,63954,Trotec Laser Pty Ltd,"4/5 Blackmore Road, Smeaton Grange, NSW  2567",No,No,,,,,,,,326372,General Goods and Services,,,,
,Griffith University,"170 Kessels Road, Nathan Qld 4111",Executive Search - Professor and Dean,15/08/2019,15232,UniRecruit,"3422 Surfers Paradise Boulevarde, Surfers Paradise, QLD  4217",No,No,,,,,,,,1795898,General Goods and Services,,,,
,Griffith University,"170 Kessels Road, Nathan Qld 4111",Recruitment Services,16/08/2019,41689,Chandler Macleod Group Limited,"PO Box 49, Mulgrave, VIC  3170",No,No,,,,,,,,326406,General Goods and Services,,,,
,Griffith University,"170 Kessels Road, Nathan Qld 4111",Standard waveguide chip (1.5 cm),16/08/2019,38098,HyperLight Corporation,"501 Massachusetts Avenue, Cambridge, MA  02139  USA",No,No,,,,,,,,326398,General Goods and Services,,,,
,Griffith University,"170 Kessels Road, Nathan Qld 4111",N79  Supply and installation of cameras,16/08/2019,16217,Thinkbox Solutions Pty Ltd,"PO Box 142, Wynnum, QLD  4178",No,No,,,,,,,,326449,General Goods and Services,,,,
,Griffith University,"170 Kessels Road, Nathan Qld 4111",Data Access,17/08/2019,19614,The Sax Institute,"PO Box K617, Haymarket, NSW  1240",No,No,,,,,,,,1793030,Information and Communication Technology,,,,
,Griffith University,"170 Kessels Road, Nathan Qld 4111",Roof repairs various buildings,19/08/2019,111201,Descab Pty Ltd t/a Qld Multi Trades,"34 Hindes Street, Lota, QLD  4178",No,No,,,,,,,,326468,Building Construction and Maintenance,,,,
,Griffith University,"170 Kessels Road, Nathan Qld 4111",RAV 4 HV GX-2WD 2.5L,19/08/2019,32199,Grand Motors,"PO Box 7834, Gold Coast, QLD  9726",No,No,,,,,,,,326455,General Goods and Services,,,,
,Griffith University,"170 Kessels Road, Nathan Qld 4111",RAV 4 HV CRUISER 2WD 2.5L ,19/08/2019,38188,Grand Motors,"PO Box 7834, Gold Coast, QLD  9726",No,No,,,,,,,,326491,General Goods and Services,,,,
,Griffith University,"170 Kessels Road, Nathan Qld 4111",Temp Staff - IT agreement for 6 months ,19/08/2019,115500,Paxus Australia Pty Ltd,"Level 1, 380 Docklands Drive, Docklands, VIC  3008",No,No,,,,,,,,326493,Information and Communication Technology,GU4422,,,
,Griffith University,"170 Kessels Road, Nathan Qld 4111",Security Services for Student Shuttle Service,19/08/2019,52574,Spotless Facility Services Pty Ltd,"PO Box 1673, Milton, QLD  4064",No,No,,,,,,,,326459,General Goods and Services,,,,
,Griffith University,"170 Kessels Road, Nathan Qld 4111",Consultancy - HRM,20/08/2019,12100,Argent Group Pty Ltd,"3 Flamingo Cresent, Thorlands, QLD  4164",No,No,,,,,,,,1798952,General Goods and Services,,,,
,Griffith University,"170 Kessels Road, Nathan Qld 4111",ARUP emissions analysis,20/08/2019,40645,Arup Australia Pty Ltd,"PO Box 76, Millers Point, NSW  2000",No,No,,,,,,,,326608,General Goods and Services,,,,
,Griffith University,"170 Kessels Road, Nathan Qld 4111",TM1 Developer Training,20/08/2019,13860,Cubewise Australia Pty Ltd,"Level 11, 99 Mount St, North Sydney, NSW  2060",No,No,,,,,,,,326574,General Goods and Servoces,,,,
,Griffith University,"170 Kessels Road, Nathan Qld 4111",GUMURRII Valedictory Event,20/08/2019,24200,Emporium Hotel Management Pty Ltd,"267 Grey Street, South Brisbane, QLD  4069",No,No,,,,,,,,326609,General Goods and Services,GU4425,,,
,Griffith University,"170 Kessels Road, Nathan Qld 4111",Dioxin analysis of samples,21/08/2019,12375,National Measurement Institute,"GPO Box 9839, Canberra, ACT  2601",No,No,,,,,,,,326691,General Goods and Services,,,,
,Griffith University,"170 Kessels Road, Nathan Qld 4111",Consultancy Fees,21/08/2019,336270,QS Enrolment Solutions (Australia) Pty L,"Level 3, 595 Collins Street, Melbourne, VIC  3000",No,No,,,,,,,,326712,General Goods and Services,GU3519,,,
,Griffith University,"170 Kessels Road, Nathan Qld 4111",AH-629 Swinging Bucket Aluminum Rotor,21/08/2019,17511,Thermo Fisher Scientific Australia,"PO Box 9092, Scoresby, VIC  3179",No,No,,,,,,,,326690,General Goods and Services,,,,
,Griffith University,"170 Kessels Road, Nathan Qld 4111","SpeedVac SPD300DDA P1 Integrated System, Accessories and Installation",21/08/2019,42369,Thermo Fisher Scientific Australia,"PO Box 9092, Scoresby, VIC  3179",No,No,,,,,,,,326699,General Goods and Services,,,,
,Griffith University,"170 Kessels Road, Nathan Qld 4111",Grant Writing workshop,22/08/2019,21450,G R Steed & Associates Pty Ltd,"70 Hopetoun Rd, Rutherglen, VIC  3685",No,No,,,,,,,,326738,General Goods and Services,GU4409,,,
,Griffith University,"170 Kessels Road, Nathan Qld 4111",Provide Central Server for emergency exit lights monitoring system,23/08/2019,26307,ABB Australia Pty Ltd,"Locked Bag 7315, Liverpool, NSW  1871",No,No,,,,,,,,326831,General Goods and Services,,,,
,Griffith University,"170 Kessels Road, Nathan Qld 4111",PI toolkit Smart Connection programming work,23/08/2019,22110,Davidson Technology (Aust) Pty Ltd,"GPO Box 2572, Brisbane, QLD  4001",No,No,,,,,,,,326852,Information and Communication Technology,,,,
,Griffith University,"170 Kessels Road, Nathan Qld 4111",Software License Fees,23/08/2019,63855,Object Next Software Pty Ltd,"181-191 Forester Road, Mount Waverley, VIC  3149",Yes,No,,,,,,,,C00501,Information and Communication Technology,,,,
,Griffith University,"170 Kessels Road, Nathan Qld 4111",Catering ANZATSA Conference,24/08/2019,12100,The Ship Inn,"Box 25, Stanley Street Plaza, Southbank, Brisbane, QLD  4101",No,No,,,,,,,,1794974,General Goods and Services,,,,
,Griffith University,"170 Kessels Road, Nathan Qld 4111",PDA Video Package Access,25/08/2019,30000,Kanopy LLC,"781 Beach St Suite 410, San Francisco, CA  94109  USA",No,No,,,,,,,,1795279,Information and Communication Technology,,,,
,Griffith University,"170 Kessels Road, Nathan Qld 4111",Adobe AEM Proservices,26/08/2019,218240,Adobe Systems Software Ireland Ltd,"4-6 Riverwalk, Dublin  D24DCW0  Ireland",No,No,,,,,,,,326910,Information and Communication Technology,GU4429,,,
,Griffith University,"170 Kessels Road, Nathan Qld 4111",NXT Pro Pacific Offer and Training,26/08/2019,490681,Blackbaud Pacific Pty Ltd,"65 Berry Street, North Sydney, NSW  2060",Yes,No,,,,,,,,C01369,Information and Communication Technology,,,,
,Griffith University,"170 Kessels Road, Nathan Qld 4111","Centrifuge 5810 R G, w/orotor, refrigerated",26/08/2019,29700,Eppendorf South Pacific Pty Ltd,"Unit 4, 112 Talavera Road, North Ryde, NSW  2113",No,No,,,,,,,,326891,General Goods and Services,,,,
,Griffith University,"170 Kessels Road, Nathan Qld 4111",Software Licence Fees,26/08/2019,47412,Techniche Apac Pty Ltd,"143 Coronation Drive, Milton, QLD  4064",Yes,No,,,,,,,,C00371,Information & Communcation Technology,,,,
,Griffith University,"170 Kessels Road, Nathan Qld 4111",Velocity Project Learning Journey program 50%,27/08/2019,14850,ELABOR8 PTY LTD,"Level 8, 455 Bourke Street, Melbourne, VIC  3000",No,No,,,,,,,,1795284,General Goods and Services,,,,
,Griffith University,"170 Kessels Road, Nathan Qld 4111",PrograMill Base Set,27/08/2019,120125,Ivoclar Vivadent Pty Ltd,"1-5 Overseas Drive, Noble Park  North, VIC  3174",No,No,,,,,,,,327006,General Goods and Servoces,,,,
,Griffith University,"170 Kessels Road, Nathan Qld 4111",Apple CTO 27-inch iMac computers,27/08/2019,523248,MAC1,"103 Hyde Rd, Yeronga, QLD  4104",No,No,Limited,,,,,,,327013,Information and Communication Technology,,,,
,Griffith University,"170 Kessels Road, Nathan Qld 4111",Advertising,27/08/2019,16409,Mediacom Australia Pty Ltd,"Level 17, 65 Berry Street, North Sydney, NSW  2060",No,No,,,,,,,,1800932,General Goods and Services,SOA PDC-88-2017,,,
,Griffith University,"170 Kessels Road, Nathan Qld 4111",HP DesignJet T3500eMFP with onsite HP Service Care Pack,27/08/2019,19798,Neopost Australia Pty Ltd,"PO Box 2172, Berala, NSW  2141",No,No,,,,,,,,327004,General Goods and Services,,,,
,Griffith University,"170 Kessels Road, Nathan Qld 4111",AV equipment,27/08/2019,34705,ProAV Solutions Queensland,"PO Box 2722, Toowong, QLD  4066",No,No,,,,,,,,327008,General Goods and Services,,,,
,Griffith University,"170 Kessels Road, Nathan Qld 4111",Southbank Open Day,27/08/2019,25469,Valiant Hire,"16/50 Parker Court, Pinkenba, QLD  4008",No,No,,,,,,,,327080,General Goods and Services,GU3940,,,
,Griffith University,"170 Kessels Road, Nathan Qld 4111",Gold Coast Open Day,27/08/2019,60846,Valiant Hire,"16/50 Parker Court, Pinkenba, QLD  4008",No,No,,,,,,,,327081,General Goods and Services,GU3940,,,
,Griffith University,"170 Kessels Road, Nathan Qld 4111",Nathan Open Day,27/08/2019,61760,Valiant Hire,"16/50 Parker Court, Pinkenba, QLD  4008",No,No,,,,,,,,327082,General Goods and Services,GU3940,,,
,Griffith University,"170 Kessels Road, Nathan Qld 4111",GC Alumni Event - Voco Hotel,27/08/2019,13750,Voco Gold Coast,"31 Hamilton Ave, Surfers Paradise, QLD  4217",No,No,,,,,,,,327011,General Goods and Services,GU4431,,,
,Griffith University,"170 Kessels Road, Nathan Qld 4111",Recruitment Services,28/08/2019,44550,Academic Search International,"Level 57, MLC Centre, Sydney, NSW  2010",No,No,,,,,,,,327093,General Goods and Services,,,,
,Griffith University,"170 Kessels Road, Nathan Qld 4111",Tensile Testing Machine,28/08/2019,180400,Instron a division of ITW Australia Pty,"15/15 Stud Road, Bayswater, VIC  3153",No,No,,,,,,,,327169,General Goods and Services,,,,
,Griffith University,"170 Kessels Road, Nathan Qld 4111",N26 Roof repairs,28/08/2019,16082,McTaggart Plumbing PTY LTD,"PO Box 173, Petrie, QLD  4502",No,No,,,,,,,,327174,Building Construction and Maintenance,,,,
,Griffith University,"170 Kessels Road, Nathan Qld 4111",Online Data Access,28/08/2019,16072,National Library Of Australia,"Parkes Place, Canberra, ACT  2600",No,No,,,,,,,,1795277,Information and Communication Technology,,,,
,Griffith University,"170 Kessels Road, Nathan Qld 4111",Polaris data centre 12 month extension,28/08/2019,26602,NTT Data Services Australia Pty Ltd,"Level 14, 628 Bourke Street, Melbourne, VIC  3000",Yes,No,,,,,,,,327168,Information and Communication Technology,GU4436,,,
,Griffith University,"170 Kessels Road, Nathan Qld 4111",Workflow Platform System Consultancy,28/08/2019,65000,Xavo Software AG,"Spinnereistrasse 7, Bayreuth  95445  Germany",No,No,,,,,,,,327175,Information and Communication Technology,GU4432,,,
,Griffith University,"170 Kessels Road, Nathan Qld 4111",Roto Moulded single skin raceway sections,29/08/2019,18040,Duraplas Industries,"PO Box 218, Wollongbar, NSW  2477",No,No,,,,,,,,327197,General Goods and Services,,,,
,Griffith University,"170 Kessels Road, Nathan Qld 4111",Healthtec treatment tables,30/08/2019,30096,Alpha Sport,"28 Smallwood Street, Underwood, QLD  4119",No,No,,,,,,,,327282,General Goods and Services,,,,
,Griffith University,"170 Kessels Road, Nathan Qld 4111",IELTS Tests,30/08/2019,49858,IELTS Australia Pty Ltd,"GPO Box 2006, Canberra, ACT  2601",No,No,,,,,,,,1795887,General Goods and Services,,,,
,Griffith University,"170 Kessels Road, Nathan Qld 4111",MQP tuition fee Trimester 1902,30/08/2019,403920,Qld Institute of Business & Technology,"176 Messines Ridge Road, Mount Gravatt, QLD  4111",No,No,,,,,,,,1802185,General Goods and Services,,,,
,Griffith University,"170 Kessels Road, Nathan Qld 4111",Senior Leadership Conference,30/08/2019,94485,RACV Royal Pines Resort,"PMB 88, GCMC, QLD  9726",No,No,,,,,,,,327316,General Goods and Services,GU4440,,,
,Griffith University,"170 Kessels Road, Nathan Qld 4111",Consultant Business Analyst,30/08/2019,76648,u&u Recruitment Partners,"Level 12, 259 Queen Street, Brisbane, QLD  4000",No,No,,,,,,,,327317,General Goods and Services,GU4441,,,
,Griffith University,"170 Kessels Road, Nathan Qld 4111",Server Equipment,2/09/2019,47303,Data #3 Limited,"PO Box 551, Indooroopilly, QLD  4068",No,No,,,,,,,,327354,Information and Communication Technology,,,,
,Griffith University,"170 Kessels Road, Nathan Qld 4111",Mid-Year Conference ,2/09/2019,21701,Village Roadshow Theme Parks Pty Ltd,"PO Box 190, Surfers Paradise, QLD  4217",No,No,,,,,,,,327394,General Goods and Services,GU4439,,,
,Griffith University,"170 Kessels Road, Nathan Qld 4111",a-tune ticl@lab Bioscience Animal Management annual subscription 2019-20,3/09/2019,479615,A-Tune Software INC.,"19621 FM 1431, Suite 402, Jonestown, TX  78645-4784  USA",Yes,No,,,,,,,,C01453,Information and Communication Technology,,,,
,Griffith University,"170 Kessels Road, Nathan Qld 4111","N27 Amenities Upgrade, Construction phase, Nathan campus",3/09/2019,193558,Blackwood Projects Pty Ltd,"PO Box 2105, Salisbury East, QLD  4107",No,No,,,,,,,,327507,Building Construction and Maintenance,N160292,,,
,Griffith University,"170 Kessels Road, Nathan Qld 4111",Software Licence Fees,3/09/2019,71544,Gecko Labs Ltd,"116 Dundas Street,  Edinburgh, , Eh3 5Dq",Yes,No ,,,,,,,,C00996,,,,,
,Griffith University,"170 Kessels Road, Nathan Qld 4111",Advertising Campaign,3/09/2019,16434,JSA Design,"PO Box 1580, Fortitude Valley, QLD  4006",No,No,,,,,,,,1802502,General Goods and Services,,,,
,Griffith University,"170 Kessels Road, Nathan Qld 4111",G40 Boiler Review - Tender Design and Review,3/09/2019,18645,N D Y Management Pty Ltd,"120 Edward Street, Brisbane, QLD  4000",No,No,,,,,,,,327495,Building Construction and Maintenance,,,,
,Griffith University,"170 Kessels Road, Nathan Qld 4111",Tipasa Annual 2019-2020 Subscription,3/09/2019,27383,OCLC (UK) Limited,"310 King St, Melbourne, VIC  3000",No,No,,,,,,,,327453,Information and Communication Technology,,,,
,Griffith University,"170 Kessels Road, Nathan Qld 4111",N11 Chilled Water Pipework Repairs,3/09/2019,10229,Precise Air Group P/L,"PO Box 1859, Springwood, QLD  4128",No,No,,,,,,,,327503,Building Construction and Maintenance,,,,
,Griffith University,"170 Kessels Road, Nathan Qld 4111",Survey and reports for all Campuses,4/09/2019,23650,Ausrisk Consulting Pty Ltd,"23/1 Mona Vale Road, Mona Vale, NSW  2103",No,No,,,,,,,,1803178,General Goods and Services,,,,
,Griffith University,"170 Kessels Road, Nathan Qld 4111",Biological Substances,4/09/2019,10215,Bio-Rad Laboratories Pty Ltd,"PO Box 752, Gladesville, NSW  1675",No,No,,,,,,,,327518,General Goods and Services,,,,
,Griffith University,"170 Kessels Road, Nathan Qld 4111",Accreditation Fees,4/09/2019,14400,OT Council (Aus & NZ)  Ltd,"GPO Box 959, South Perth, WA  6951",No,No,,,,,,,,1803133,General Goods and Services,,,,
,Griffith University,"170 Kessels Road, Nathan Qld 4111",Consultancy,4/09/2019,108485,QCIF Ltd,"AXON Building 47, Brisbane, QLD  4072",No,No,,,,,,,,327532,General Goods and Services,GU4449,,,
,Griffith University,"170 Kessels Road, Nathan Qld 4111",Open Day Signage,4/09/2019,21567,Richmond Signs & Designs,"1/15 Bailey Crescent, Southport, QLD  4215",No,No,,,,,,,,1803174,General Goods and Services,,,,
,Griffith University,"170 Kessels Road, Nathan Qld 4111",Times Higher Education Data Access,4/09/2019,36417,UniJobs Global,"Suite 12/75 Bay Street, Brighton, VIC  3186",No,No ,,,,,,,,1800984,General Goods and Services,,,,
,Griffith University,"170 Kessels Road, Nathan Qld 4111",Murray - Bond CCR payment,5/09/2019,13200,Bond University,"Bond University, Gold Coast, QLD  4229",No,No,,,,,,,,1803744,General Goods and Services,,,,
,Griffith University,"170 Kessels Road, Nathan Qld 4111",Workshop Facilitation,5/09/2019,27257,Ethos Consulting Pty Ltd,"PO Box 3416, Norwood, SA  5067",No,No,,,,,,,,1796748,General Goods and Services,,,,
,Griffith University,"170 Kessels Road, Nathan Qld 4111",Alumni Function Cordis Hotel ,5/09/2019,22891,GE (LHIL) LESSEE LIMITED,"555 Shanghai Street, Mongkok - Kowloon  Hong Kong",No,No,,,,,,,,327597,General Goods and Services,GU4392,,,
,Griffith University,"170 Kessels Road, Nathan Qld 4111",Probity Suite Uplift,5/09/2019,102831,Infosys Portland,"Level 8, 68 Pitt Street, Sydney, NSW  2000",No,No,,,,,,,,327612,General Goods and Services,GU4448,,,
,Griffith University,"170 Kessels Road, Nathan Qld 4111",Executive Search Director,5/09/2019,66000,Robinson Fitzgerald Pty Ltd,"138 Juliette Street, Greenslopes, QLD  4120",No,No,,,,,,,,327604,General Goods and Services,,,,
,Griffith University,"170 Kessels Road, Nathan Qld 4111",ESC Student Ball,5/09/2019,21758,Rydges South Bank Brisbane,"9 Glenelg Street, South Brisbane, QLD  4101",No,No,,,,,,,,327606,General Goods and Services,GU4446,,,
,Griffith University,"170 Kessels Road, Nathan Qld 4111",Consultancy,5/09/2019,64350,Siggins Miller Consultants Pty Ltd,"PO Box 1143, Kenmore, QLD  4069",No,No,,,,,,,,327591,General Goods and Services,GU4444,,,
,Griffith University,"170 Kessels Road, Nathan Qld 4111",Remaining costs for Study Tour,5/09/2019,16774,Vision Splendid Outback Film Festival In,"PO Box 150, Winton, QLD  4735",Yes,No,,,,,,,,1803414,General Goods and Services,,,,
,Griffith University,"170 Kessels Road, Nathan Qld 4111",Coolmine_DUB19 Consultancy,6/09/2019,13211,Coolmine Therapeutic Community,"7 Ringwood Centre, Damastown Close  D15E8FH  Ireland",No,No,,,,,,,,327761,General Goods and Services,,,,
,Griffith University,"170 Kessels Road, Nathan Qld 4111",Subscription_01Jan-31Dec,6/09/2019,18075,Council of Aust. University Librarians,"PO Box 8169, Australian National University, Canberra, ACT  0200",No,No,,,,,,,,1803187,Information and Communication Technology,,,,
,Griffith University,"170 Kessels Road, Nathan Qld 4111",Subscription_01Jan-31Dec,6/09/2019,35298,Council of Aust. University Librarians,"PO Box 8169, Australian National University, Canberra, ACT  0200",No,No,,,,,,,,1803188,Information and Communication Technology,,,,
,Griffith University,"170 Kessels Road, Nathan Qld 4111",Consultancy,6/09/2019,37860,Queensland University of Technology,"GPO Box 2434, Brisbane, QLD  4001",No,No,,,,,,,,1803947,General Goods and Services,,,,
,Griffith University,"170 Kessels Road, Nathan Qld 4111",Subscription Fees,6/09/2019,138164,Springer Customer Service Centre GmbH,"Haberstrasse 7, Heidelberg  D69126  Germany",No,No,,,,,,,,1803421,Information and Communication Technology,,,,
,Griffith University,"170 Kessels Road, Nathan Qld 4111",Recruitment Services,6/09/2019,15651,Talent International (QLD) Pty Ltd,"Central Plaza 2, 66 Eagle Street, Brisbane, QLD  4000",No,No,,,,,,,,1804074,General Goods and Services,,,,
,Griffith University,"170 Kessels Road, Nathan Qld 4111",Project operating Expenses,6/09/2019,25000,Taqu Services,"Munda PO Box, Western Province  Solomon Islands",No,No,,,,,,,,327730,General Goods and Services,GU2243,,,
,Griffith University,"170 Kessels Road, Nathan Qld 4111",Commission Payment,6/09/2019,13702,The Chinese University of Hong Kong,"Inter-University Hall, Shatin  Hong Kong",No,No,,,,,,,,1802275,General Goods and Services,,,,
,Griffith University,"170 Kessels Road, Nathan Qld 4111",HKG Graduation Ceremony 2019,6/09/2019,17052,The Chinese University of Hong Kong,"Inter-University Hall, Shatin  Hong Kong",No,No,,,,,,,,1802279,General Goods and Services,,,,
,Griffith University,"170 Kessels Road, Nathan Qld 4111",Commission Payment,8/09/2019,481638,Pearson Australia Group Pty Ltd,"707 Collins Street, Melbourne, VIC  3008",No,No,,,,,,,,1798214,General Goods and Services,,,,
,Griffith University,"170 Kessels Road, Nathan Qld 4111",Jeju International University Field Trip,9/09/2019,40205,D.O.M Education Pty Ltd,"Level 6, Suite 2,138 Albert Street, Brisbane, QLD  4000",No,No,,,,,,,,1804427,General Goods and Services,,,,
,Griffith University,"170 Kessels Road, Nathan Qld 4111",Legal Advice,9/09/2019,15139,Minter Ellison Lawyers,"PO Box 7844, Brisbane, QLD  4001",No,No,,,,,,,,1804419,General Goods and Services,,,,
,Griffith University,"170 Kessels Road, Nathan Qld 4111",2019 Member & QRIScloud Fees,9/09/2019,376200,QCIF Ltd,"The University of Queensland, Brisbane, QLD  4072",No,No,,,,,,,,1804491,General Goods and Services,,,,
,Griffith University,"170 Kessels Road, Nathan Qld 4111",Recruitment Services,10/09/2019,17684,Chandler Macleod Group Limited,"PO Box 49, Mulgrave, VIC  3170",No,No,,,,,,,,1805150,General Goods and Services,,,,
,Griffith University,"170 Kessels Road, Nathan Qld 4111",Commission Payment,10/09/2019,18326,D.O.M Education Pty Ltd,"Level 6, Suite 2,138 Albert Street, Brisbane, QLD  4000",No,No,,,,,,,,1804939,General Goods and Services,,,,
,Griffith University,"170 Kessels Road, Nathan Qld 4111",Consultancy,10/09/2019,200200,Lighthouse IT Professionals Pty Ltd,"14 Sector Street, Coorparoo, QLD  4151",No,No,,,,,,,,327864,Information and Communication Technology,GU4454,,,
,Griffith University,"170 Kessels Road, Nathan Qld 4111",Advertising for Integrity 20,10/09/2019,27500,Nationwide News Pty Ltd,"2 Holt Street, Surry Hills, NSW  2010",No,No,,,,,,,,327839,General Goods and Services,,,,
,Griffith University,"170 Kessels Road, Nathan Qld 4111",Whistleblower Service,10/09/2019,11000,Your Call Pty Ltd,"PO Box 137, Kew, VIC  3101",No,No,,,,,,,,327868,Information and Communication Technology,,,,
,Griffith University,"170 Kessels Road, Nathan Qld 4111",GBS Graduation Reception,11/09/2019,16500,Brisbane Convention & Exhibition Centre,"PO Box 3869, Brisbane South, QLD  4101",No,No,,,,,,,,327977,General Goods and Services,GU4457,,,
,Griffith University,"170 Kessels Road, Nathan Qld 4111",Consultancy,11/09/2019,11996,Deborah Johnston Consulting,"PO Box 10379, Adelaide Street, Brisbane, QLD  4000",No,No,,,,,,,,1802761,General Goods and Services,,,,
,Griffith University,"170 Kessels Road, Nathan Qld 4111",N61 Replace Fire Detectors,11/09/2019,16821,Dylmount Pty Ltd,"PO Box 57, Albion, QLD  4010",No,No,,,,,,,,327958,Building Construction and Maintenance,,,,
,Griffith University,"170 Kessels Road, Nathan Qld 4111",Consultancy Services,11/09/2019,25699,Gold Coast Hospital & Health Service,"Gold Coast Hospital, Southport, QLD  4215",No,No,,,,,,,,327975,Medical,GU4458,,,
,Griffith University,"170 Kessels Road, Nathan Qld 4111",Korea Study tour,11/09/2019,26238,Kyung Hee University,"346-3 Hoikee-Dong, Dongdaemun-Gu, Seoul  024477  Korea",No,No,,,,,,,,1801950,General Goods and Services,,,,
,Griffith University,"170 Kessels Road, Nathan Qld 4111",Scientific Equipment,11/09/2019,137000,Magritek Limited,"PO Box 13742, Wellington  6440  NZL",No,No,,,,,,,,327912,General Goods and Services,,,,
,Griffith University,"170 Kessels Road, Nathan Qld 4111",L02 Chillers 1 & 2 Magflo installation,11/09/2019,18342,Precise Air Group P/L,"PO Box 1859, Springwood, QLD  4128",No,No,,,,,,,,327969,Building Construction and Maintenance,,,,
,Griffith University,"170 Kessels Road, Nathan Qld 4111",Executive Recruitment Search,11/09/2019,20167,Robinson Fitzgerald Pty Ltd,"138 Juliette Street, Greenslopes, QLD  4120",No,No,,,,,,,,1803773,General Goods and Services,,,,
,Griffith University,"170 Kessels Road, Nathan Qld 4111",Strategic review and copy edit,11/09/2019,30382,The GrantEd Group Pty Ltd,"49 Patterson Road, Bentleigh, VIC  3204",No,No,,,,,,,,327963,General Goods and Services,GU4459,,,
,Griffith University,"170 Kessels Road, Nathan Qld 4111",Laboratory Consumables,12/09/2019,11097,EOS GmbH Electro Optical Systems,"Robert-Stirling-Ring 1, Krailling bei Munchen  D82152  Germany",No,No,,,,,,,,328026,General Goods and Services,,,,
,Griffith University,"170 Kessels Road, Nathan Qld 4111",Emergency Management Exercise,12/09/2019,20554,Risk Logic Pty Ltd,"74 Castlereagh Street, Sydney, NSW  2000",No,No,,,,,,,,328094,General Goods and Services,,,,
,Griffith University,"170 Kessels Road, Nathan Qld 4111",Consultancy,13/09/2019,17160,Alcorn Security Group,"7 High Street, Victoria Point, QLD  4165",No,No,,,,,,,,328133,Information and Communication Technology,GU4456,,,
,Griffith University,"170 Kessels Road, Nathan Qld 4111",Consultancy Services,13/09/2019,25431,Mater Medical Research Institute Limited,"Level 3, Aubigny Place, South Brisbane, QLD  4101",No,No,,,,,,,,328147,Medical,GU4460,,,
,Griffith University,"170 Kessels Road, Nathan Qld 4111",Legal Advice,13/09/2019,11175,Minter Ellison Lawyers,"PO Box 7844, Brisbane, QLD  4001",No,No,,,,,,,,1806351,General Goods and Services,,,,
,Griffith University,"170 Kessels Road, Nathan Qld 4111",Scientific Equipment,13/09/2019,19211,SDR Scientific,"206/354 Eastern Valley Way, Chatswood, NSW  2067",No,No,,,,,,,,328124,General Goods and Services,,,,
,Griffith University,"170 Kessels Road, Nathan Qld 4111",Software Support Services,13/09/2019,129736,Vuram Australia Pty Ltd,Melbourne VIC 3008,No,No,,,,,,,,C01490,Information and Communication Technology,,,,
,Griffith University,"170 Kessels Road, Nathan Qld 4111",Advertising and Promotions,14/09/2019,28204,eduKUDU ltd,"Hove Business Centre, Fonthill Road  BN3 6HA  Great Britain",No,No,,,,,,,,1805745,General Goods and Services,,,,
,Griffith University,"170 Kessels Road, Nathan Qld 4111",50% service fee,14/09/2019,24150,James Cook University,"James Cook University, Townsville, QLD  4811",No,No,,,,,,,,1801529,General Goods and Services,,,,
,Griffith University,"170 Kessels Road, Nathan Qld 4111",Body Scanner,16/09/2019,16689,Fitness IT PTY LTD,"2/68 Topham Rd, Smeaton Grange, NSW  2567",No,No,,,,,,,,328254,General Goods and Services,,,,
,Griffith University,"170 Kessels Road, Nathan Qld 4111",N79 48hrs AMX System Programming and device configuration,16/09/2019,21296,THREEONEFIVE Innovations,"PO Box 98, Labrador, QLD  4215",No,No,,,,,,,,328181,Information and Communication Technology,,,,
,Griffith University,"170 Kessels Road, Nathan Qld 4111",Video Conference Equipment,17/09/2019,17659,Data #3 Limited,"PO Box 551, Indooroopilly, QLD  4068",No,No,,,,,,,,328288,Information and Communication Technology,,,,
,Griffith University,"170 Kessels Road, Nathan Qld 4111",Apple Computers,17/09/2019,13654,JB Hi Fi Group Pty Ltd,"544 Kessels Road, Macgregor, QLD  4109",No,No,,,,,,,,328294,Information and Communication Technology,,,,
,Griffith University,"170 Kessels Road, Nathan Qld 4111",ASCE_journals_sub_01Jan-31Dec20,18/09/2019,19525,American Society of Civil Engineers,"PO Box 79162, Baltimore, MD  21279-0162  USA",No,No,,,,,,,,1806339,Information and Communication Technology,,,,
,Griffith University,"170 Kessels Road, Nathan Qld 4111",Artworks,18/09/2019,15037,Chapman & Bailey Brisbane Pty Ltd,"14 Byres Street, Newstead, QLD  4006",No,No,,,,,,,,1803309,General Goods and Services,,,,
,Griffith University,"170 Kessels Road, Nathan Qld 4111",Efficiency and OptSvc max 10 node,18/09/2019,33046,Flexdata Solutions Pty Ltd,"Level 18, Riverside Centre, Brisbane, QLD  4000",No,No,,,,,,,,328387,Information and Communication Technology,GU4462,,,
,Griffith University,"170 Kessels Road, Nathan Qld 4111",Consultancy,18/09/2019,22000,Obsidian Consulting Group Pty Ltd,"PO Box 461, Coburg, VIC  3058",No,No,,,,,,,,1807226,Information and Communication Technology,,,,
,Griffith University,"170 Kessels Road, Nathan Qld 4111",Community Forum for World Suicide Prevention Day,18/09/2019,11200,The Greek Club and Convention Centre,"PO Box 5067, West End, QLD  4101",No,No,,,,,,,,328333,General Goods and Services,,,,
,Griffith University,"170 Kessels Road, Nathan Qld 4111",Blackboard SaaS Subscription annual 2019-2020,19/09/2019,1132923,Blackboard International BV,"Paleisstraat 1-5, 1012  Amsterdam  Netherlands",No,No,Limited,,,,,,,328433,Information and Communication Technology,,,,
,Griffith University,"170 Kessels Road, Nathan Qld 4111",Subcontractor work on Home Mods,19/09/2019,22000,Elizabeth Ainsworth,"PO Box 504, Coorparoo, QLD  4151",No,No,,,,,,,,1803746,General Goods and Services,,,,
,Griffith University,"170 Kessels Road, Nathan Qld 4111","G45, M14, M24, N27, N75 - Plantroom Ventilation Upgrade",19/09/2019,56870,Energy Air (QLD) Pty Ltd,"PO Box 4296, Gumdale, QLD  4154",No,No,,,,,,,,328479,Building Construction and Maintenance,,,,
,Griffith University,"170 Kessels Road, Nathan Qld 4111",Media Services,20/09/2019,37400,AKS Media International,"115 Morgan Street, Merewether, NSW  2291",No,No,,,,,,,,1806336,General Goods and Services,,,,
,Griffith University,"170 Kessels Road, Nathan Qld 4111",Integral Technology Solutions,20/09/2019,46200,Integral Technology Solutions,"Level 3, 201 Leichardt Street, Spring Hill, QLD  4000",No,No,,,,,,,,328523,General Goods and Services,GU4467,,,
,Griffith University,"170 Kessels Road, Nathan Qld 4111",Accelerated Online Media - Mediacom,20/09/2019,176000,Mediacom Australia Pty Ltd,"GPO Box 1000, Brisbane, QLD  4001",No,No,,,,,,,,328487,General Goods and Services,SOA PDC-88-2017,,,
,Griffith University,"170 Kessels Road, Nathan Qld 4111",Experience and Communication - Training and Facilitation,20/09/2019,16335,Oxygen Learning Pty Limited,"30 Hickson Road, Sydney, NSW  2000",No,No,,,,,,,,328574,General Goods and Services,,,,
,Griffith University,"170 Kessels Road, Nathan Qld 4111",Software Licence/As A Service Agreement,20/09/2019,752748,Red Hat Asia-Pacific Pty Ltd,"Level 33 North Sydney, NSW  2060",Yes,No,Limited,,,,,,,C00139,Information and Communication Technology,,,,
,Griffith University,"170 Kessels Road, Nathan Qld 4111",Consultancy,20/09/2019,115534,Robert Walters,"GPO Box 3115, Brisbane, QLD  4001",Yes,No,,,,,,,,328513,General Goods and Services,GU4469,,,
,Griffith University,"170 Kessels Road, Nathan Qld 4111",Provide annual renovations to the Gold Coast Athletics field,20/09/2019,13092,Sports Turf Operations Pty Ltd,"2125 Beaudesert-Beenleigh Road, Tamborine, QLD  4270",No,No,,,,,,,,328524,General Goods and Services,,,,
,Griffith University,"170 Kessels Road, Nathan Qld 4111",Teaching Materials Password Knowledge Adaptive,21/09/2019,23100,Bookery Pty Ltd,"9-11 Victoria Street, Fitzroy, VIC  3065",No,No,,,,,,,,1803745,General Goods and Services,,,,
,Griffith University,"170 Kessels Road, Nathan Qld 4111",Consultancy,22/09/2019,128067,UniJobs Global,"Suite 12/75 Bay Street, Brighton, VIC  3186",No,No,,,,,,,,1804675,General Goods and Services,,,,
,Griffith University,"170 Kessels Road, Nathan Qld 4111",GSC Graduation Reception,23/09/2019,22000,Brisbane Convention & Exhibition Centre,"PO Box 3869, Brisbane South, QLD  4101",No,No,,,,,,,,328598,General Goods and Services,GU4468,,,
,Griffith University,"170 Kessels Road, Nathan Qld 4111",Scientific Equipment,23/09/2019,20460,Conviron Asia Pacific,"4/22 Essington St, Grovedale, VIC  3216",No,No,,,,,,,,328666,General Goods and Services,,,,
,Griffith University,"170 Kessels Road, Nathan Qld 4111",LINK Project: IoT sim cards and Data,23/09/2019,44000,Link Enterprise Solutions Pty Ltd,"1 / 55 Newheath Drive, Arundel, QLD  4214",No,No,,,,,,,,328630,Information and Communication Technology,,,,
,Griffith University,"170 Kessels Road, Nathan Qld 4111",Recruitment Services,23/09/2019,72626,Optimum Recruitment Group (Qld) Pty Ltd,"Level 17, 40 Creek Street, Brisbane, QLD  4000",No,No,,,,,,,,328586,General Goods and Services,,,,
,Griffith University,"170 Kessels Road, Nathan Qld 4111",50% deposit Orchestra,24/09/2019,26830,Ensemble Q,"27 Highview Terrace, St Lucia, QLD  4067",No,No,,,,,,,,1807892,General Goods and Services,,,,
,Griffith University,"170 Kessels Road, Nathan Qld 4111",School of Medicine Graduation Function 2019,24/09/2019,22000,Gold Coast Convention & Exhibition Centr,"PO Box 1407, Broadbeach, QLD  4218",No,No,,,,,,,,328707,General Goods and Services,,,,
,Griffith University,"170 Kessels Road, Nathan Qld 4111",T1 Outdoor Media Buy Health,24/09/2019,99000,Mediacom Australia Pty Ltd,"GPO Box 1000, Brisbane, QLD  4001",No,No,,,,,,,,328690,General Goods and Services,SOA PDC-88-2017,,,
,Griffith University,"170 Kessels Road, Nathan Qld 4111",Recruitment Services,25/09/2019,17074,Chandler Macleod Group Limited,"PO Box 49, Mulgrave, VIC  3170",No,No,,,,,,,,1805284,General Goods and Services,,,,
,Griffith University,"170 Kessels Road, Nathan Qld 4111",Acclaim Digital Badges annual 2019-2020 Subscription,25/09/2019,11297,"Credly, Inc.","349 5th Avenue, New York, NY  10016  USA",No,No,,,,,,,,328781,Information and Communication Technology,,,,
,Griffith University,"170 Kessels Road, Nathan Qld 4111",Supply One only Toyota RAV4 HV GX-2WD 2.5L CVT with Sat Nav and safety Sense,25/09/2019,32156,Grand Motors,"PO Box 7834, Gold Coast, QLD  9726",No,No,,,,,,,,328759,General Goods and Services,,,,
,Griffith University,"170 Kessels Road, Nathan Qld 4111",Recruitment Services,25/09/2019,55000,Robinson Fitzgerald Pty Ltd,"138 Juliette Street, Greenslopes, QLD  4120",No,No,,,,,,,,328780,General Goods and Services,,,,
,Griffith University,"170 Kessels Road, Nathan Qld 4111",GHC Alumni Dinner,25/09/2019,32450,W Brisbane,"300 George Street, Brisbane, QLD  4005",No,No,,,,,,,,328817,General Goods and Services,GU4482,,,
,Griffith University,"170 Kessels Road, Nathan Qld 4111",Consultancy,25/09/2019,25410,Woods Bagot Pty Ltd,"102 Alelaide Street, Brisbane, QLD  4001",No,No,,,,,,,,328745,General Goods and Services,GU4476,,,
,Griffith University,"170 Kessels Road, Nathan Qld 4111",N79: Pacific Wire Rope Hoists and Juuko Wireless Remote Controls,26/09/2019,31512,Aegis Safety Pty Ltd,"1/119 Delta Street, Geebung, QLD  4034",No,No,,,,,,,,328871,Building Construction and Maintenance,,,,
,Griffith University,"170 Kessels Road, Nathan Qld 4111",International Scholarships consultancy,26/09/2019,26000,Atwell & Associates Consultancy,"56 Seabourn Apartments, Caloundra, QLD  4551",No,No,,,,,,,,328900,General Goods and Services,GU4473,,,
,Griffith University,"170 Kessels Road, Nathan Qld 4111",Part of new robot platform,26/09/2019,193798,Biotools Pty Ltd,"PO Box 2454, Keperra, QLD  4052",No,No,,,,,,,,328843,General Goods and Services,,,,
,Griffith University,"170 Kessels Road, Nathan Qld 4111",Student intern accommodation,26/09/2019,16925,Insa Hostel,"48, Insa dong 14 gil Jongno gu, Insa-dong, Seoul  03146  Korea",No,No,,,,,,,,1809363,General Goods and Services,,,,
,Griffith University,"170 Kessels Road, Nathan Qld 4111",L02 Dosing Equipment for Cooling Tower,26/09/2019,12628,IWTS Group pty Ltd,"7/39-45 Secam Street, Mansfield, QLD  4122",No,No,,,,,,,,328895,Building Construction and Maintenance,,,,
,Griffith University,"170 Kessels Road, Nathan Qld 4111",Network Analyzer,26/09/2019,151300,Keysight Technologies Australia Pty Ltd,"745 Springvale Road, Mulgrave, VIC  3170",No,No,,,,,,,,328855,Information and Communication Technology,,,,
,Griffith University,"170 Kessels Road, Nathan Qld 4111",CCJ Study Tour to Thailand,27/09/2019,67690,Centre for International Studies Pty Ltd,"PO Box 84, Helensvale, QLD  4212",No,No,,,,,,,,1804105,General Goods and Services,,,,
,Griffith University,"170 Kessels Road, Nathan Qld 4111",University Building Combustible Cladding Consultancy ,27/09/2019,290899,Donald Cant Watts Corke (Qld) P/L,"PO Box 10161, Brisbane, QLD  4000",No,No,,,,,,,,328902,Building Construction and Maintenance,V160289,,,
,Griffith University,"170 Kessels Road, Nathan Qld 4111",Consultancy,27/09/2019,15070,Theraplay Psychology Practice,"33 Tristania Street, Bangalow, NSW  2479",No,No,,,,,,,,328926,General Goods and Services,GU4485,,,
,Griffith University,"170 Kessels Road, Nathan Qld 4111",Student Tour,28/09/2019,35386,Buffalo Tours,"61 Stamford Road, 01-06 Stamford Court, 088278  Singapore",No,No,,,,,,,,1804041,General Goods and Services,,,,
,Griffith University,"170 Kessels Road, Nathan Qld 4111",Kofax Annual Software Licence,29/09/2019,18493,Efficiency Leaders (Australia) Pty Ltd,"PO Box 494, Varsity Lakes, QLD  4227",No,No,,,,,,,,1804559,Information and Communication Technology,,,,
,Griffith University,"170 Kessels Road, Nathan Qld 4111",Aug IELTS tests ,30/09/2019,29711,IELTS Australia Pty Ltd,"GPO Box 2006, Canberra, ACT  2601",No,No,,,,,,,,1804299,General Goods and Services,,,,
,Griffith University,"170 Kessels Road, Nathan Qld 4111",Commission Payment,1/10/2019,688376,IDP Education Pty Ltd,"Level 8, 535 Bourke Street, Melbourne, VIC  3000",No,No,Limited,,,,,,,1810326,General Goods and Services,,,,
,Griffith University,"170 Kessels Road, Nathan Qld 4111",N79 Level 5 Engineering Services,2/10/2019,40150,Bornhorst & Ward Pty Ltd,"67 Astor Terrace, Spring Hill, QLD  4000",No,No,,,,,,,,329162,Building Construction and Maintenance,,,,
,Griffith University,"170 Kessels Road, Nathan Qld 4111",FOG First Republic USD Xfer,2/10/2019,20500,Friends of Griffith University in the US,"Suite 750, 444 S. Flower Street, Los Angeles, CA  90071  USA",No,No,,,,,,,,1809731,General Goods and Services,,,,
,Griffith University,"170 Kessels Road, Nathan Qld 4111",N79 Hazardous Zone Assessment,2/10/2019,28160,Hazardous Area Specialists PTY LTD,"PO Box 37, Kedron, QLD  4031",No,No,,,,,,,,329153,General Goods and Services,,,,
,Griffith University,"170 Kessels Road, Nathan Qld 4111",Software Licence Fees,2/10/2019,188909,Maser Technology Group Pty Ltd,"Unit 9, 15B Rodborough Road, French Forest, NSW  2086",Yes,No,,,,,,,,C01221,Information and Communication Technology,,,,
,Griffith University,"170 Kessels Road, Nathan Qld 4111","Upgrade to EcoStructure 3.0, all campuses",2/10/2019,32175,Schneider Electric Buildings Australia,"Level 3, 2A Lord Street, Botany, NSW  2019",No,No,,,,,,,,329157,Building Construction and Maintenance,,,,
,Griffith University,"170 Kessels Road, Nathan Qld 4111",N12 & N18 Link 8 - SBO Migration,2/10/2019,19323,Schneider Electric Buildings Australia,"Level 3, 2A Lord Street, Botany, NSW  2019",No,No,,,,,,,,329158,Building Construction and Maintenance,,,,
,Griffith University,"170 Kessels Road, Nathan Qld 4111",Temperature & Humidity Cabinet,2/10/2019,19509,Thermoline Scientific Equipment Pty Ltd,"PO Box 6862, Wetherill Park, NSW  1851",No,No,,,,,,,,329178,General Goods and Services,,,,
,Griffith University,"170 Kessels Road, Nathan Qld 4111",Provision of Lit and Num Test ,3/10/2019,28320,ACER - Aust Council for Edu Research Ltd,"Private Bag 55, Camberwell, VIC  3124",No,No,,,,,,,,1806728,General Goods and Services,,,,
,Griffith University,"170 Kessels Road, Nathan Qld 4111",Consultancy,3/10/2019,101214,Deloitte Financial Advisory Pty Ltd,"GPO Box 1463, Brisbane, QLD  4000",No,No,,,,,,,,1806262,General Goods and Services,,,,
,Griffith University,"170 Kessels Road, Nathan Qld 4111",RAV 4 HV GX-2WD 2.5L CVT + NAV SS,3/10/2019,32854,Grand Motors,"PO Box 7834, Gold Coast, QLD  9726",No,No,,,,,,,,329281,General Goods and Services,,,,
,Griffith University,"170 Kessels Road, Nathan Qld 4111",Phosphodiesterase kit 500 tests,3/10/2019,30030,Lonza Australia Pty Ltd,"541 Blackburn Road, Mt Waverley, VIC  3149",No,No,,,,,,,,329257,General Goods and Services,,,,
,Griffith University,"170 Kessels Road, Nathan Qld 4111",Automated Polarization Control System,3/10/2019,18759,NewSpec Unit Trust,"330 Glen Osmond Road, Mrytle Bank, SA  5064",No,No,,,,,,,,329293,General Goods and Services,,,,
,Griffith University,"170 Kessels Road, Nathan Qld 4111",Consultancy,3/10/2019,61930,Nous Group Pty Ltd,"PO Box 13069, Law Courts, VIC  8010",No,No,,,,,,,,329305,General Goods and Services,GU4491,,,
,Griffith University,"170 Kessels Road, Nathan Qld 4111",Recruitment Services,3/10/2019,15232,UniRecruit,"3422 Surfers Paradise Boulevarde, SURFERS PARADISE, QLD  4217",No,No,,,,,,,,1809515,General Goods and Services,,,,
,Griffith University,"170 Kessels Road, Nathan Qld 4111",UniForum Annual Subscription,4/10/2019,108350,Cubane Consulting Pty Ltd,"5 Pryl Road, Artarmon, NSW  2064",No,No,,,,,,,,1810323,General Goods and Services,,,,
,Griffith University,"170 Kessels Road, Nathan Qld 4111",Ebsco database online subscription 01Jan-31Dec2020,4/10/2019,59852,EBSCO International Inc,"Level 8, 132 Arthur Street, North Sydney, NSW  2060",No,No,,,,,,,,1810444,Information and Communication Technology,,,,
,Griffith University,"170 Kessels Road, Nathan Qld 4111",Ebsco database online subscription 01Jan-31Dec2020,4/10/2019,11911,EBSCO International Inc,"Level 8, 132 Arthur Street, North Sydney, NSW  2060",No,No,,,,,,,,1811227,Information and Communication Technology,,,,
,Griffith University,"170 Kessels Road, Nathan Qld 4111",Building Links SBO Migration,4/10/2019,108691,Schneider Electric Buildings Australia,"Level 3, 2A Lord Street, Botany, NSW  2019",No,No,,,,,,,,329339,Building Construction and Maintenance,,,,
,Griffith University,"170 Kessels Road, Nathan Qld 4111",G13 Bollard Upgrades,4/10/2019,34463,Securcom Pty Ltd,"Unit 79, 193 South Pine Road, Brendale, QLD  4500",No,No,,,,,,,,329367,Building Construction and Maintenance,,,,
,Griffith University,"170 Kessels Road, Nathan Qld 4111",SurveyEngine Annual 2019-2020 Subscription,4/10/2019,113506,SurveyEngine,"Potsdamer Platz 1, Berlin  10785  Germany",No,No,,,,,,,,329320,Information and Communication Technology,,,,
,Griffith University,"170 Kessels Road, Nathan Qld 4111",MiFare 4k dual tech access cards,4/10/2019,49415,Tyco Australia P/L t/a ADT Security QLD,"38 South Street, Rydalmere, NSW  2116",No,No,,,,,,,,329366,General Goods and Services,,,,
,Griffith University,"170 Kessels Road, Nathan Qld 4111",Consultancy,4/10/2019,19245,University of Queensland,"University Of Queensland, St Lucia, QLD  4072",No,No,,,,,,,,329314,General Goods and Services,GU4478,,,
,Griffith University,"170 Kessels Road, Nathan Qld 4111",V00 AV Services,4/10/2019,14665,Videopro,"37 Eagleview Place, Eagle Farm, QLD  4009",No,No,,,,,,,,329335,General Goods and Services,,,,
,Griffith University,"170 Kessels Road, Nathan Qld 4111",Performance fee,7/10/2019,11134,Australian National Academy of Music,"210 Bank Street, South Melbourne, VIC  3207",No,No,,,,,,,,1811066,General Goods and Services,,,,
,Griffith University,"170 Kessels Road, Nathan Qld 4111",Consultancy,7/10/2019,79200,Executis Pty Ltd,"428 Montague Road, West End, QLD  4101",No,No,,,,,,,,329392,General Goods and Services,GU4477,,,
,Griffith University,"170 Kessels Road, Nathan Qld 4111",N54 Emergency Lighting Upgrade,7/10/2019,35314,Precise Air Group P/L,"PO Box 1859, Springwood, QLD  4128",No,No,,,,,,,,329390,Building Construction and Maintenance,,,,
,Griffith University,"170 Kessels Road, Nathan Qld 4111",N48 Emergency Lighting Upgrade,7/10/2019,19315,Precise Air Group P/L,"PO Box 1859, Springwood, QLD  4128",No,No,,,,,,,,329391,Building Construction and Maintenance,,,,
,Griffith University,"170 Kessels Road, Nathan Qld 4111",Consultancy,8/10/2019,44772,Boyden Road Productions,"10799 Sherman Grove Avenue SPC 82, Sunland, CA  91040  USA",No,No,,,,,,,,1811736,General Goods and Services,,,,
,Griffith University,"170 Kessels Road, Nathan Qld 4111",Recruitment Services,8/10/2019,22000,Insight Management Consultants P/L,"Level 7, 230 Collins Street, Melbourne, VIC  3000",No,No,,,,,,,,1811664,General Goods and Services,,,,
,Griffith University,"170 Kessels Road, Nathan Qld 4111","Conference Venue, Catering and Accommodation",8/10/2019,10246,Southport Australian Rules Football Club,"3 Melia Court, Southport, QLD  4215",No,No,,,,,,,,329442,General Goods and Services,GU4490,,,
,Griffith University,"170 Kessels Road, Nathan Qld 4111",N79 Supply Signal Routing Equipment,8/10/2019,148003,Videopro,"37 Eagleview Place, Eagle Farm, QLD  4009",No,No,,,,,,,,329455,General Goods and Services,,,,
,Griffith University,"170 Kessels Road, Nathan Qld 4111",MATE Bystander Online Modules,9/10/2019,79250,Androgogic Pty Ltd,"26 National Street, Leichhardt, NSW  2044",No,No,,,,,,,,329549,General Goods and Services,GU4351,,,
,Griffith University,"170 Kessels Road, Nathan Qld 4111",Catering for Heron Island Field Trip,9/10/2019,13437,Good Food Solutions,"PO Box 435, Eumundi, QLD  4562",No,No,,,,,,,,1805758,General Goods and Services,,,,
,Griffith University,"170 Kessels Road, Nathan Qld 4111",Venue hire and catering for PDN Conference,9/10/2019,100000,QT Gold Coast,"7 Staghorn Avenue, Surfers Paradise, QLD  4217",No,No,,,,,,,,329540,General Goods and Services,GU4493,,,
,Griffith University,"170 Kessels Road, Nathan Qld 4111",New Battery String for Nathan UPS,9/10/2019,21709,Sure Power,"4 Manilla Street, East Brisbane, QLD  4169",No,No,,,,,,,,329493,General Goods and Services,,,,
,Griffith University,"170 Kessels Road, Nathan Qld 4111",New Battery String for Logan UPS,9/10/2019,14708,Sure Power,"4 Manilla Street, East Brisbane, QLD  4169",No,No,,,,,,,,329494,General Goods and Services,,,,
,Griffith University,"170 Kessels Road, Nathan Qld 4111",OSIRIS on-line data subscription 01Nov2019-31Oct2020,10/10/2019,55748,Bureau van Dijk Electronic Publishing,"Level 9, 66 Hunter Street, Sydney, NSW  2000",No,No,,,,,,,,1812247,Information and Communication Technology,,,,
,Griffith University,"170 Kessels Road, Nathan Qld 4111",N79 AV Equipment,10/10/2019,75525,Videopro,"37 Eagleview Place, Eagle Farm, QLD  4009",No,No,,,,,,,,329572,General Goods and Services,,,,
,Griffith University,"170 Kessels Road, Nathan Qld 4111",Accommodation for Global Mobil,11/10/2019,20828,Hong Kong Youth Hostels Association,"Block 41, Shek Kip Mei Estate, Sham Shui Po, Kowloon  Hong Kong",No,No,,,,,,,,1811068,General Goods and Services,,,,
,Griffith University,"170 Kessels Road, Nathan Qld 4111",N44 Mechanical services refurbishment,11/10/2019,163651,Value Added Asset Management Pty Ltd,"27 Bellwood Street, Darra, QLD  4076",No,No,,,,,,,,329647,Building Construction and Maintenance,N160301,,,
,Griffith University,"170 Kessels Road, Nathan Qld 4111",QSES Enquiry & Offer Management,12/10/2019,28050,QS Enrolment Solutions (Australia) Pty L,"Level 3, 595 Collins Street, Melbourne, VIC  3000",No,No,,,,,,,,1808098,General Goods and Services,,,,
,Griffith University,"170 Kessels Road, Nathan Qld 4111",Natural Medicines subscription 2019,12/10/2019,13134,Therapeutic Research Centre,"3120 W March Lane, Stockton, CA  95219  USA",No,No,,,,,,,,1807102,Information and Communication Technology,,,,
,Griffith University,"170 Kessels Road, Nathan Qld 4111",Live chat services,13/10/2019,46750,QS Enrolment Solutions (Australia) Pty L,"Level 3, 595 Collins Street, Melbourne, VIC  3000",No,No,,,,,,,,1812670,General Goods and Services,,,,
,Griffith University,"170 Kessels Road, Nathan Qld 4111",HV maintenance at Logan campus,14/10/2019,11000,Asset Power Solutions Pty Ltd,"PO Box 459, Cannon Hill, QLD  4170",No,No,,,,,,,,329736,Building Construction and Maintenance,,,,
,Griffith University,"170 Kessels Road, Nathan Qld 4111","G05 Services Awning, Small Scale Minor Works",14/10/2019,55473,Better Build Constructions Pty Ltd,"83 Pickering Street, Enoggera, QLD  4051",No,No,,,,,,,,329709,Building Construction and Maintenance,,,,
,Griffith University,"170 Kessels Road, Nathan Qld 4111",Consultancy,14/10/2019,95700,Kane Enable,"PO Box 3777, Loganholme, QLD  4129",No,No,,,,,,,,329706,General Goods and Services,GU4488,,,
,Griffith University,"170 Kessels Road, Nathan Qld 4111",Recruitment Services,14/10/2019,116600,Robinson Fitzgerald Pty Ltd,"Suite 7, 138 Juliette Street, Greenslopes, QLD  4120",No,No,,,,,,,,329750,General Goods and Services,GU4500,,,
,Griffith University,"170 Kessels Road, Nathan Qld 4111",Shared costs June 19,14/10/2019,47986,Sunshine Coast Health Institute,"PO Box 5155, Sunshine Coast MC, QLD  4560",No,No,,,,,,,,1813051,General Goods and Services,,,,
,Griffith University,"170 Kessels Road, Nathan Qld 4111",N79 Signage,14/10/2019,48723,Wood & Wood Sign Systems P/L,"40 Cessna Drive, Caboolture, QLD  4510",No,No,,,,,,,,329747,General Goods and Services,,,,
,Griffith University,"170 Kessels Road, Nathan Qld 4111",Consultancy,15/10/2019,60728,Deloitte Financial Advisory Pty Ltd,"GPO Box 1463, Brisbane, QLD  4000",No,No,,,,,,,,1813223,General Goods and Services,,,,
,Griffith University,"170 Kessels Road, Nathan Qld 4111",MSC Grad Post Celebration 2019 ,15/10/2019,11000,Gold Coast Convention & Exhibition Centr,"PO Box 1407, Broadbeach, QLD  4218",No,No,,,,,,,,329835,General Goods and Services,GU4505,,,
,Griffith University,"170 Kessels Road, Nathan Qld 4111",Consultancy,15/10/2019,68261,GRIPFAST CONSULTING PTY LTD,"155 Wickham Terrace, Spring Hill, QLD  4000",No,No,,,,,,,,329832,Building Construction and Maintenance,,,,
,Griffith University,"170 Kessels Road, Nathan Qld 4111",Commission Payment,15/10/2019,36940,IDP Education Pty Ltd,"Level 8, 535 Bourke Street, Melbourne, VIC  3000",No,No,,,,,,,,1813206,General Goods and Services,,,,
,Griffith University,"170 Kessels Road, Nathan Qld 4111",Hire of Sydney venue,15/10/2019,11550,Monkey Baa Theatre Company,"1-25 Harbour Street, Sydney, NSW  2000",No,No,,,,,,,,329861,General Goods and Services,GU4504,,,
,Griffith University,"170 Kessels Road, Nathan Qld 4111",Subscription/Licence Fees Software,15/10/2019,149744,Visual Outcomes Pty Ltd,"PO Box N434, Grosvenor Place, NSW  1220",Yes,No,,,,,,,,C00771,Information and Communication Technology,,,,
,Griffith University,"170 Kessels Road, Nathan Qld 4111",BMJ Publishing online subsciption 01Jan-31Dec20,16/10/2019,33053,BMJ Publishing Group Ltd,"PO Box 273, London  WC1H 9BP  GBR",No,No,,,,,,,,1812990,Information and Communication Technology,,,,
,Griffith University,"170 Kessels Road, Nathan Qld 4111",RG Accommodation,16/10/2019,15582,Comfort Inn Robertson Gardens,"281 Kessels Road, Robertson, QLD  4109",No,No,,,,,,,,1813736,General Goods and Services,,,,
,Griffith University,"170 Kessels Road, Nathan Qld 4111",UK NARIC Annual Subscription,16/10/2019,14067,Ecctis Ltd,"68-70 Suffolk Road, Cheltenham  GL50 2ED  Great Britain",No,No,,,,,,,,1812980,Information and Communication Technology,,,,
,Griffith University,"170 Kessels Road, Nathan Qld 4111",N79 AV Services,16/10/2019,47045,Videopro,"37 Eagleview Place, Eagle Farm, QLD  4009",No,No,,,,,,,,329870,General Goods and Services,,,,
,Griffith University,"170 Kessels Road, Nathan Qld 4111",Marriott SP Event,17/10/2019,12100,Bensonlily Surfers Paradise Pty Ltd,"Surfers Paradise Marriott Resort & Spa, Surfers Paradise, QLD  4217",No,No,,,,,,,,330030,General Goods and Services,GU4497,,,
,Griffith University,"170 Kessels Road, Nathan Qld 4111",Consultancy,17/10/2019,20625,Calibre Consulting Group,"80 Dengate Lane, St Lucia, QLD  4067",No,No,,,,,,,,329997,General Goods and Services,GU4507,,,
,Griffith University,"170 Kessels Road, Nathan Qld 4111",Consultancy,17/10/2019,235400,Calibre Consulting Group,"80 Dengate Lane, St Lucia, QLD  4067",No,No,,,,,,,,329998,General Goods and Services,GU4508,,,
,Griffith University,"170 Kessels Road, Nathan Qld 4111",Consultancy,17/10/2019,68750,Calibre Consulting Group,"80 Dengate Lane, St Lucia, QLD  4067",No,No,,,,,,,,329999,General Goods and Services,GU4509,,,
,Griffith University,"170 Kessels Road, Nathan Qld 4111",G17 Replace field devices,17/10/2019,18282,Dylmount Pty Ltd,"PO Box 57, Albion, QLD  4010",No,No,,,,,,,,329971,Building Construction and Maintenance,,,,
,Griffith University,"170 Kessels Road, Nathan Qld 4111",G03 Replace 55 detectors,17/10/2019,13613,Dylmount Pty Ltd,"PO Box 57, Albion, QLD  4010",No,No,,,,,,,,329974,Building Construction and Maintenance,,,,
,Griffith University,"170 Kessels Road, Nathan Qld 4111",N79: Staff Relocation Services,17/10/2019,16346,GAN Group Pty Ltd t/as Goals A+N,"Unit 1, 489 Bilsen Road, Geebung, QLD  4034",No,No,,,,,,,,329970,General Goods and Services,,,,
,Griffith University,"170 Kessels Road, Nathan Qld 4111",Scientific Services,17/10/2019,13401,Gold Coast City Council,"PO Box 5042, Gold Coast Mail Centre, QLD  9729",No,No,,,,,,,,1813942,General Goods and Services,,,,
,Griffith University,"170 Kessels Road, Nathan Qld 4111",Recruitment Services,17/10/2019,142666,Hays Specialist Recruitment (Australia),"GPO Box 3868, Sydney, NSW  2001",No,No,,,,,,,,330003,General Goods and Services,GU4513,,,
,Griffith University,"170 Kessels Road, Nathan Qld 4111",Consultancy,17/10/2019,33000,Strategic Progress Pty Ltd,"PO Box 1284, New Farm, QLD  4005",No,No,,,,,,,,330045,General Goods and Services,GU4515,,,
,Griffith University,"170 Kessels Road, Nathan Qld 4111",Annual Support Services,17/10/2019,29040,Vuram Australia Pty Ltd,"Level 10, Tower 4, World Trade Center, Melbourne, VIC  3008",No,No,,,,,,,,329977,Information and Communication Technology,C01490,,,
,Griffith University,"170 Kessels Road, Nathan Qld 4111",2020 Young Conservatorium Camp,18/10/2019,32918,Alexandra Park Conference Centre,"PO Box 705, Cotton Tree, QLD  4558",No,No,,,,,,,,330093,General Goods and Services,GU4516,,,
,Griffith University,"170 Kessels Road, Nathan Qld 4111",AMH subscription 30Dec2019-29Dec2020,18/10/2019,31874,Australian Medicines Handbook Pty Ltd,"PO Box 240, Rundle Mall, Adelaide, SA  5000",No,No,,,,,,,,1813015,Information and Communication Technology,,,,
,Griffith University,"170 Kessels Road, Nathan Qld 4111",Consultancy,18/10/2019,49500,Dot Dash Events,"PO Box 5604, Manly, QLD  4179",No,No,,,,,,,,330128,General Goods and Services,GU4511,,,
,Griffith University,"170 Kessels Road, Nathan Qld 4111",Ebsco database online subscription 01Jan-31Dec2020,18/10/2019,15886,EBSCO International Inc,"Level 8, 132 Arthur Street, North Sydney, NSW  2060",No,No,,,,,,,,1812974,Information and Communication Technology,,,,
,Griffith University,"170 Kessels Road, Nathan Qld 4111",Ebsco database online subscription 01Jan-31Dec2020,18/10/2019,21810,EBSCO International Inc,"Level 8, 132 Arthur Street, North Sydney, NSW  2060",No,No,,,,,,,,1812975,Information and Communication Technology,,,,
,Griffith University,"170 Kessels Road, Nathan Qld 4111",M08 Emergency Lighting Upgrade,18/10/2019,11284,Precise Air Group P/L,"PO Box 1859, Springwood, QLD  4128",No,No,,,,,,,,330126,Building Construction and Maintenance,,,,
,Griffith University,"170 Kessels Road, Nathan Qld 4111",N67 Annual renovations to the Nathan AFL field,18/10/2019,29880,Twin View Turf Pty Ltd,"410 Powell Road, Wamuran, QLD  4512",No,No,,,,,,,,330113,General Goods and Services,,,,
,Griffith University,"170 Kessels Road, Nathan Qld 4111",Student Tour Services Vietnam,19/10/2019,24090,Emperor Solutions Pty Ltd,"15 Elatum Court, Shailer Park, QLD  4128",No,No,,,,,,,,1808231,General Goods and Services,,,,
,Griffith University,"170 Kessels Road, Nathan Qld 4111",NTT Tourism Accommodation 2,20/10/2019,11394,Comfort Inn Robertson Gardens,"281 Kessels Road, Robertson, QLD  4109",No,No,,,,,,,,1813737,General Goods and Services,,,,
,Griffith University,"170 Kessels Road, Nathan Qld 4111",N79  Install bulkhead above walkway using exotec sheeting,21/10/2019,10727,A1 Building & Property Solutions Pty Ltd,"3 D'aguilar Road, The Gap, QLD  4061",No,No,,,,,,,,330198,Building Construction and Maintenance,,,,
,Griffith University,"170 Kessels Road, Nathan Qld 4111",G25 L3 Removal of foyer reception desk,21/10/2019,13805,Amalgamated Property Maint. Gold Coast,"PO Box 965, Ashmore, QLD  4214",No,No,,,,,,,,330169,Building Construction and Maintenance,,,,
,Griffith University,"170 Kessels Road, Nathan Qld 4111",Analytical Costs Oxygen Isotop,21/10/2019,11777,Australian National University,"Australian National University, Canberra, ACT  0200",No,No,,,,,,,,1814785,General Goods and Services,,,,
,Griffith University,"170 Kessels Road, Nathan Qld 4111","G14, G30 & G31 Exterior Re-painting of Buildings",21/10/2019,329395,Higgins Coatings Pty Ltd,"3/6 Elysium Road, Carrara, QLD  4211",No,No,,,,,,,,330226,Building Construction and Maintenance,,,,
,Griffith University,"170 Kessels Road, Nathan Qld 4111",Consultancy,21/10/2019,76791,Integral Technology Solutions,"201 Leichardt Street, Spring Hill, QLD  4000",No,No,,,,,,,,330188,Information and Communication Technology,GU4517,,,
,Griffith University,"170 Kessels Road, Nathan Qld 4111",Consultancy,21/10/2019,183150,Lightwalkers Unite Pty Ltd,"101 Baroona Road, Paddington, QLD  4064",No,No,,,,,,,,330187,Information and Communication Technology,GU4518,,,
,Griffith University,"170 Kessels Road, Nathan Qld 4111",CAUL Emerald Ebooks subscription Jan-Dec,23/10/2019,14358,Council of Aust. University Librarians,"PO Box 8169, Australian National University, Canberra, ACT  0200",No,No,,,,,,,,1815227,Information and Communication Technology,,,,
,Griffith University,"170 Kessels Road, Nathan Qld 4111",Cisco Catalyst Switches,23/10/2019,39234,Data #3 Limited,"PO Box 551, Indooroopilly, QLD  4068",No,No,,,,,,,,330367,Information and Communication Technology,GU802,,,
,Griffith University,"170 Kessels Road, Nathan Qld 4111",Annual 2019-2020 Subscription,23/10/2019,44935,Diligent Board Services Australia PTY LT,"Level 46, 19 Martin Place, Sydney, NSW  2000",No,No,,,,,,,,330358,Information and Communication Technology,,,,
,Griffith University,"170 Kessels Road, Nathan Qld 4111",Live Alumni Data Access,23/10/2019,59076,IntellectSpace Corporation,"133 Queen Anne Ave North, Seattle, WA  98109  USA",Yes,No,,,,,,,,1814522,Information and Communication Technology,,,,
,Griffith University,"170 Kessels Road, Nathan Qld 4111",M23 Emergency Lighting Upgrade,23/10/2019,13241,Precise Air Group P/L,"PO Box 1859, Springwood, QLD  4128",No,No,,,,,,,,330324,Building Construction and Maintenance,,,,
,Griffith University,"170 Kessels Road, Nathan Qld 4111",Recruitment Services,23/10/2019,20900,Robinson Fitzgerald Pty Ltd,"Suite 7, 138 Juliette Street, Greenslopes, QLD  4120",No,No,,,,,,,,1813224,General Goods and Services,,,,
,Griffith University,"170 Kessels Road, Nathan Qld 4111",N79 AV Equipment and Services Room 1.03,23/10/2019,19541,Videopro,"37 Eagleview Place, Eagle Farm, QLD  4009",No,No,,,,,,,,330320,General Goods and Services,,,,
,Griffith University,"170 Kessels Road, Nathan Qld 4111",MBS & PBS Data extraction for,24/10/2019,15950,Australian Institute of Health & Welfare,"GPO Box 570, Canberra, ACT  2601",No,No,,,,,,,,1816077,General Goods and Services,,,,
,Griffith University,"170 Kessels Road, Nathan Qld 4111",Data Linkage Mothers and Babies,24/10/2019,25850,Australian Institute of Health & Welfare,"GPO Box 570, Canberra, ACT  2601",No,No,,,,,,,,1816079,General Goods and Services,,,,
,Griffith University,"170 Kessels Road, Nathan Qld 4111",Consultancy,24/10/2019,41395,Deloitte Financial Advisory Pty Ltd,"GPO Box 1463, Brisbane, QLD  4000",No,No,,,,,,,,1815864,General Goods and Services,,,,
,Griffith University,"170 Kessels Road, Nathan Qld 4111",Camry Hybrid SL 2.5L Auto CVT Sedan ,24/10/2019,37144,Grand Motors,"PO Box 7834, Gold Coast, QLD  9726",No,No,,,,,,,,330484,General Goods and Services,,,,
,Griffith University,"170 Kessels Road, Nathan Qld 4111",N44 S01 Roof repairs,24/10/2019,46604,McTaggart Plumbing PTY LTD,"PO Box 173, Petrie, QLD  4502",No,No,,,,,,,,330450,Building Construction and Maintenance,,,,
,Griffith University,"170 Kessels Road, Nathan Qld 4111",JoVE Neuroscience subscription,24/10/2019,10924,MyJove Australia Inc,"One Alewife Center, Suite #200, Cambridge, MA  02140  USA",No,No,,,,,,,,1811319,Information and Communication Technology,,,,
,Griffith University,"170 Kessels Road, Nathan Qld 4111",Ti Sapphire Crystal Assembly,24/10/2019,14717,NewSpec Unit Trust,"330 Glen Osmond Road, Mrytle Bank, SA  5064",No,No,,,,,,,,330485,General Goods and Services,,,,
,Griffith University,"170 Kessels Road, Nathan Qld 4111",Annual 2020 Maintenance Renewal,24/10/2019,26931,OSIsoft LLC,"777 Davis Street, San Leandro, CA  94577  USA",No,No,,,,,,,,330478,Information and Communication Technology,,,,
,Griffith University,"170 Kessels Road, Nathan Qld 4111",Ebsco database online subscription 01Jan-31Dec2020,25/10/2019,15975,EBSCO International Inc,"Level 8, 132 Arthur Street, North Sydney, NSW  2060",No,No,,,,,,,,1815226,Information and Communication Technology,,,,
,Griffith University,"170 Kessels Road, Nathan Qld 4111",Furniture,25/10/2019,29048,Natural Ideas In Chairs Pty Ltd,"PO Box 287, Banyo, QLD  4014",No,No,,,,,,,,330554,General Goods and Services,,,,
,Griffith University,"170 Kessels Road, Nathan Qld 4111",Commission Payment,25/10/2019,529953,Pearson Australia Group Pty Ltd,"707 Collins Street, Melbourne, VIC  3008",No,No,Limited,,,,,,,1815746,General Goods and Services,,,,
,Griffith University,"170 Kessels Road, Nathan Qld 4111",AV Equipment,25/10/2019,44631,ProAV Solutions Queensland,"PO Box 2722, Toowong, QLD  4066",No,No,,,,,,,,330522,General Goods and Services,,,,
,Griffith University,"170 Kessels Road, Nathan Qld 4111",Furniture,25/10/2019,63998,Zenith Interiors Pty Ltd,"PO Box 2354, Fortitude Valley B C, QLD  4006",No,No,,,,,,,,330549,General Goods and Services,N160257,,,
,Griffith University,"170 Kessels Road, Nathan Qld 4111",iGroup Thieme subscription 01Jan-31Dec20,26/10/2019,15010,iGroup (Australasia) Pty Ltd,"PO Box 522, Glen Waverley, VIC  3150",No,No,,,,,,,,1816218,Information and Communication Technology,,,,
,Griffith University,"170 Kessels Road, Nathan Qld 4111",Gut microbiota analysis,26/10/2019,10735,NIZO Food Research B V,6710˜ BA Ede˜ Netherlands,No,No,,,,,,,,1816222,General Goods and Services,,,,
,Griffith University,"170 Kessels Road, Nathan Qld 4111",Consultancy / Research,27/10/2019,17325,Service Quality Pty Ltd,"Unit 2, Building 5, 205-215 Lietchs Road, Brendale, QLD  4500",No,No,,,,,,,,1810977,General Goods and Services,,,,
,Griffith University,"170 Kessels Road, Nathan Qld 4111",Syllabus Plus Annual 2019-2020 Maintenance,28/10/2019,350474,Cyon Knowledge Computing Pty Ltd,"Suite 7.06, 247 Coward Street, Mascot, NSW  2020",Yes,No,,,,,,,,330621 345344 359116 373143,Information and Communication Technology,C00057,,,
,Griffith University,"170 Kessels Road, Nathan Qld 4111",N61 Moot Court Mechanical modifications,28/10/2019,23108,Dewpoint Service Pty Ltd,"PO Box 3479, Newmarket, QLD  4051",No,No,,,,,,,,330644,Building Construction and Maintenance,,,,
,Griffith University,"170 Kessels Road, Nathan Qld 4111",July Graduations 2020,28/10/2019,110000,Gold Coast Convention & Exhibition Centr,"PO Box 1407, Broadbeach, QLD  4218",No,No,,,,,,,,330649,General Goods and Services,GU4527,,,
,Griffith University,"170 Kessels Road, Nathan Qld 4111",Scientific Equipment,28/10/2019,110000,Thermo Fisher Scientific Australia,"PO Box 9092, Scoresby, VIC  3179",No,No,,,,,,,,330616,General Goods and Services,,,,
,Griffith University,"170 Kessels Road, Nathan Qld 4111",M06 Roof repairs,29/10/2019,82885,Descab Pty Ltd t/a Qld Multi Trades,"34 Hindes Street, Lota, QLD  4178",No,No,,,,,,,,330695,Building Construction and Maintenance,,,,
,Griffith University,"170 Kessels Road, Nathan Qld 4111",N01 Chemical Store Fan Replacement,29/10/2019,17039,Dewpoint Service Pty Ltd,"PO Box 3479, Newmarket, QLD  4051",No,No,,,,,,,,330726,Building Construction and Maintenance,,,,
,Griffith University,"170 Kessels Road, Nathan Qld 4111",AusDI subscription Jan-Dec2020,29/10/2019,24015,Health Communication Network Ltd,"201 Pacific Hwy, St Leonards, NSW  2065",No,No,,,,,,,,1816862,Information and Communication Technology,,,,
,Griffith University,"170 Kessels Road, Nathan Qld 4111",Furniture,29/10/2019,28380,Incorporate Space,"PO Box 864, Sunnybank, QLD  4109",No,No,,,,,,,,330713,General Goods and Services,,,,
,Griffith University,"170 Kessels Road, Nathan Qld 4111",Consultancy / Research,29/10/2019,17446,Monash University,"21 Chancellors Walk, Monash University, VIC  3800",No,No,,,,,,,,1816986,General Goods and Services,,,,
,Griffith University,"170 Kessels Road, Nathan Qld 4111",Electronic Access Control Upgrade,29/10/2019,419690,Securcom Pty Ltd,"Unit 79, 193 South Pine Road, Brendale, QLD  4500",No,No,Open,,,,,,,330687,Building Construction and Maintenance,GU4037,,,
,Griffith University,"170 Kessels Road, Nathan Qld 4111",Consultancy,29/10/2019,16161,University of Adelaide,"The University of Adelaide, SA  5005",No,No,,,,,,,,1817184,General Goods and Services,,,,
,Griffith University,"170 Kessels Road, Nathan Qld 4111",Computer System,29/10/2019,11545,Xenon Systems Pty Ltd,"10 Westall Road, Clayton South, VIC  3169",No,No,,,,,,,,330763,Information and Communication Technology,,,,
,Griffith University,"170 Kessels Road, Nathan Qld 4111",Enterprise Software2019-2020 Maintenance Renewal,30/10/2019,22733,Aussie Telecom Pty Limited,"PO Box 3144, Brighton, VIC  3187",No,No,,,,,,,,330828,Information and Communication Technology,,,,
,Griffith University,"170 Kessels Road, Nathan Qld 4111",G02 Air Handling Unit,30/10/2019,13335,Fantech Pty Ltd,"45 Nestor Drive, Meadowbrook, QLD  4131",No,No,,,,,,,,330776,Building Construction and Maintenance,,,,
,Griffith University,"170 Kessels Road, Nathan Qld 4111",280 Sep IELTS tests,30/10/2019,56980,IELTS Australia Pty Ltd,"GPO Box 2006, Canberra, ACT  2601",No,No,,,,,,,,1813366,General Goods and Services,,,,
,Griffith University,"170 Kessels Road, Nathan Qld 4111",Studylink Annual Fee,30/10/2019,48340,Learning Information Systems,"Level 11,  17 York Street, Sydney, NSW  2000",No,No,,,,,,,,1816075,Information and Communication Technology,,,,
,Griffith University,"170 Kessels Road, Nathan Qld 4111",Annual 2019 - 2020 Subscription,30/10/2019,30971,New Relic Inc,"188 Spear Street, Suite 1200, San Francisco, CA  94105  USA",No,No,,,,,,,,330845,Information and Communication Technology,,,,
,Griffith University,"170 Kessels Road, Nathan Qld 4111",Relocation Services,30/10/2019,10450,Sirva Relocation,"490 Freeman Road, Richlands, QLD  4077",No,No,,,,,,,,330804,General Goods and Services,GU2661,,,
,Griffith University,"170 Kessels Road, Nathan Qld 4111",Consultancy,30/10/2019,19360,TierraMar Consulting Pty Ltd,"PO Box 8262, Woolloongabba, QLD  4102",No,No,,,,,,,,330843,General Goods and Services,GU4531,,,
,Griffith University,"170 Kessels Road, Nathan Qld 4111",OMC Leadership Team Staff Training,1/11/2019,24581,Institute for Strategic Leadership Pty,"19-29 Martin Place, Sydney, NSW  2000",No,No,,,,,,,,1813621,General Goods and Services,,,,
,Griffith University,"170 Kessels Road, Nathan Qld 4111",OUA CSP2 2019 FOE ,1/11/2019,1805957,Open Universities Australia,"Level 1/473 Bourke St, Melbourne, VIC  3000",No,No,Limited,,,,,,,1817679,General Goods and Services,,,,
,Griffith University,"170 Kessels Road, Nathan Qld 4111",Japanese-Language Program,1/11/2019,14270,The Japan Foundation Japanese language,"3-14 Rinku-Port-Kita, Tajiri-Cho Sennan-Gun  598-0093  Japan",No,No,,,,,,,,1817516,General Goods and Services,,,,
,Griffith University,"170 Kessels Road, Nathan Qld 4111",WST_sub_Jan-Dec2020_IA20-126,2/11/2019,20026,iGroup (Australasia) Pty Ltd,"PO Box 522, Glen Waverley, VIC  3150",No,No,,,,,,,,1817822,Information and Communication Technology,,,,
,Griffith University,"170 Kessels Road, Nathan Qld 4111",Franchise fees July- Sept. 2019,2/11/2019,34408,Warwick University Enterprises (Aus) P/L,"University of Warwick, Coventry  CV4 8UW  Great Britain",No,No,,,,,,,,1814112,General Goods and Services,,,,
,Griffith University,"170 Kessels Road, Nathan Qld 4111",Advertising and Promotions,4/11/2019,15500,AAS Education Consultancy,"No. 625 Nathan Road, Mong Kok, Kowloon  Hong Kong",No,No,,,,,,,,1818591,General Goods and Services,,,,
,Griffith University,"170 Kessels Road, Nathan Qld 4111",Scientific Equipment,4/11/2019,738220,Beckman Coulter Australia P/L,"Unit D, 24 College St, Gladesville, NSW  2111",No,No,Limited,,,,,,,331086,General Goods and Services,,,,
,Griffith University,"170 Kessels Road, Nathan Qld 4111",OSA_sub_Jan-Dec2020_IA20-099,4/11/2019,17553,iGroup (Australasia) Pty Ltd,"PO Box 522, Glen Waverley, VIC  3150",No,No,,,,,,,,1818216,Information and Communication Technology,,,,
,Griffith University,"170 Kessels Road, Nathan Qld 4111",M13 Emergency Lighting,4/11/2019,46215,Precise Air Group P/L,"PO Box 1859, Springwood, QLD  4128",No,No,,,,,,,,331079,Building Construction and Maintenance,,,,
,Griffith University,"170 Kessels Road, Nathan Qld 4111",Staff Recruitment,4/11/2019,20167,Robinson Fitzgerald Pty Ltd,"138 Juliette Street, Greenslopes, QLD  4120",No,No,,,,,,,,1815752,General Goods and Services,,,,
,Griffith University,"170 Kessels Road, Nathan Qld 4111",iLab Facility Management System Annual 2019-20 Subscription,5/11/2019,528303,Agilent Technologies Australia Pty Ltd,"679 Springvale Road, Mulgrave, VIC  3170",Yes,No,Selective,,,,,,,C00749,Information and Communication Technology,,,,
,Griffith University,"170 Kessels Road, Nathan Qld 4111",Catering,5/11/2019,17812,Cuisine on Cue,"PO Box 858, Spring Hill, QLD  4004",No,No,,,,,,,,331153,General Goods and Services,,,,
,Griffith University,"170 Kessels Road, Nathan Qld 4111",Legal fees,5/11/2019,16299,Minter Ellison Lawyers,"PO Box 7844, Brisbane, QLD  4001",No,No,,,,,,,,1818871,General Goods and Services,,,,
,Griffith University,"170 Kessels Road, Nathan Qld 4111",Passport_sub_Jan-Dec2020_INV00,6/11/2019,34872,Euromonitor International Ltd.,"60-61 Britton Street, London  EC1M 5UX  Great Britain",No,No,,,,,,,,1818565,Information and Communication Technology,,,,
,Griffith University,"170 Kessels Road, Nathan Qld 4111",Consulting and Professional Fees,6/11/2019,73527,GHD Pty Ltd,"PO Box 5403, HRMC, NSW  2310",No,No,,,,,,,,331303,General Goods and Services,GU4542,,,
,Griffith University,"170 Kessels Road, Nathan Qld 4111",Scientific Equipment,6/11/2019,75815,HighRes Biosolutions,"102 Cherry Hill Drive, Beverley, MA  01915  USA",No,No,,,,,,,,331270,General Goods and Services,,,,
,Griffith University,"170 Kessels Road, Nathan Qld 4111",Der Wilhelmshof Wiener Hotel I,6/11/2019,10133,Hotel Wilhelmshof GmbH,"Kleine Stadtgutgasse 4, Vienna  1020  Austria",No,No,,,,,,,,1817934,General Goods and Services,,,,
,Griffith University,"170 Kessels Road, Nathan Qld 4111",CNKI_sub_Jan-Dec10226,6/11/2019,42500,Know China Technology Co Ltd,"66#  Xlxiaokou Ave, Haidian District, Beijing  100192  China",No,No,,,,,,,,1817981,Information and Communication Technology,,,,
,Griffith University,"170 Kessels Road, Nathan Qld 4111",Line Marking,6/11/2019,165000,Logical Line Marking,"PO Box 1573, Carindale, QLD  4152",No,No,,,,,,,,331229,General Goods and Services,,,,
,Griffith University,"170 Kessels Road, Nathan Qld 4111",Consulting and Professional Fees,6/11/2019,137735,Optimum Recruitment Group (Qld) Pty Ltd,"Level 17, 40 Creek Street, Brisbane, QLD  4000",No,No,,,,,,,,331249,General Goods and Services,GU4541,,,
,Griffith University,"170 Kessels Road, Nathan Qld 4111",G40 Rebalance of air supply,6/11/2019,57891,Precise Air Group P/L,"PO Box 1859, Springwood, QLD  4128",No,No,,,,,,,,331306,General Goods and Services,,,,
,Griffith University,"170 Kessels Road, Nathan Qld 4111",Annual Buyer Membership,6/11/2019,16500,Social Traders Inc,"333 Exhibition Street, Melbourne, VIC  3000",No,No,,,,,,,,1819013,General Goods and Services,,,,
,Griffith University,"170 Kessels Road, Nathan Qld 4111",Consulting and Professional Fees,6/11/2019,27500,Theraplay Psychology Practice,"33 Tristania Street, Bangalow, NSW  2479",No,No,,,,,,,,331295,General Goods and Services,GU4539,,,
,Griffith University,"170 Kessels Road, Nathan Qld 4111",Advertising and Promotions,7/11/2019,14300,Ikon Communications Pty Ltd,"22 Constance Street, Fortitude Valley, QLD  4006",No,No,,,,,,,,331325,General Goods and Services,,,,
,Griffith University,"170 Kessels Road, Nathan Qld 4111",Libelium-Azure 2 Development Kit ,7/11/2019,13567,M2M Connectivity Pty Ltd,"PO Box 978, Strawberry Hills, NSW  2012",No,No,,,,,,,,331326,General Goods and Services,,,,
,Griffith University,"170 Kessels Road, Nathan Qld 4111",Exam Tables & Chair Hire,7/11/2019,13363,Valiant Hire,"16/50 Parker Court, Pinkenba, QLD  4008",No,No,,,,,,,,1813622,General Goods and Services,,,,
,Griffith University,"170 Kessels Road, Nathan Qld 4111",M24.2 Chiller Replacement,7/11/2019,364579,Veolia Energy Technical Services,"30 Technology Drive, Augustine Heights, QLD  4300",No,No,Limited,,,,,,,331383,Building Construction and Maintenance,,,,
,Griffith University,"170 Kessels Road, Nathan Qld 4111",Embase sub Jan-Dec2020,8/11/2019,46120,Elsevier Inc.,"3251 Riverport Lane, Maryland Heights, MO  63043  USA",No,No,,,,,,,,1819029,Information and Communication Technology,,,,
,Griffith University,"170 Kessels Road, Nathan Qld 4111",Leadership Skills for Scientists,8/11/2019,14487,Liquid Learning Group Pty Ltd,"PO Box 1542, Sydney, NSW  2000",No,No,,,,,,,,1819464,General Goods and Services,,,,
,Griffith University,"170 Kessels Road, Nathan Qld 4111",Oxford_Online_sub_Jan-Dec2020_,8/11/2019,40152,Oxford University Press UK,"Great Clarendon Street, Oxford  OX2 6DP  Great Britain",No,No,,,,,,,,1818215,Information and Communication Technology,,,,
,Griffith University,"170 Kessels Road, Nathan Qld 4111",MedicinesComplete_sub_Jan-Dec2,8/11/2019,15915,Royal Pharmaceutical Society of GB,"66-68 East Smithfield, London  E1W 1AW  Great Britain",No,No,,,,,,,,1819021,Information and Communication Technology,,,,
,Griffith University,"170 Kessels Road, Nathan Qld 4111",Scientific Equipment,11/11/2019,14212,Accurate Mass Scientific Pty Ltd,"PO Box 92, Keilor, VIC  3036",No,No,,,,,,,,331571,General Goods and Services,,,,
,Griffith University,"170 Kessels Road, Nathan Qld 4111",Computers,11/11/2019,43716,Dell Australia Pty Ltd,"Frenchs Forest, NSW  2086",No,No,,,,,,,,331544,Information and Communication Technology,,,,
,Griffith University,"170 Kessels Road, Nathan Qld 4111",Sierra Academic Core Bundle annual 2020 subscription,11/11/2019,236960,Innovative Interfaces Global limited,"9th Floor (Block A), Dublin  2  Ireland",No,No,,,,,,,,331567,Information and Communication Technology,,,,
,Griffith University,"170 Kessels Road, Nathan Qld 4111",Consulting and Professional Fees,11/11/2019,110000,Lazard Pty Ltd,"1 Macquarie Place, Sydney, NSW  2000",No,No,,,,,,,,331533,General Goods and Services,,,,
,Griffith University,"170 Kessels Road, Nathan Qld 4111",Nathan and Logan boom-gates,11/11/2019,47454,Magnetic Automation Pty Ltd,"2/4-14 Riverland Drive, Loganholme, QLD  4129",No,No,,,,,,,,331586,Building Construction and Maintenance,,,,
,Griffith University,"170 Kessels Road, Nathan Qld 4111",Consulting and Professional Fees,11/11/2019,85525,Service Quality Pty Ltd,"205-215 Lietchs Road, Brendale, QLD  4500",No,No,,,,,,,,331570,General Goods and Services,GU4536,,,
,Griffith University,"170 Kessels Road, Nathan Qld 4111",Consulting and Professional Fees,12/11/2019,56300,Brian K Bumbarger,"PO Box 124, Como, CO  80432  USA",No,No,,,,,,,,331660,General Goods and Services,GU4548,,,
,Griffith University,"170 Kessels Road, Nathan Qld 4111",Supply & Installation of Solar VAS,12/11/2019,47413,Downer EDI Works Pty Ltd,"PO Box 208. Hamilton Central, QLD  4007",No,No,,,,,,,,331674,Building Construction and Maintenance,,,,
,Griffith University,"170 Kessels Road, Nathan Qld 4111",Ensemble Q Orchestra Fee,12/11/2019,26830,Ensemble Q,"27 Highview Terrace, St Lucia, QLD  4067",No,No,,,,,,,,1819723,General Goods and Services,,,,
,Griffith University,"170 Kessels Road, Nathan Qld 4111",Staff Recruitment,12/11/2019,15573,Optimum Recruitment Group (Qld) Pty Ltd,"40 Creek Street, Brisbane, QLD  4000",No,No,,,,,,,,1820829,General Goods and Services,,,,
,Griffith University,"170 Kessels Road, Nathan Qld 4111",Consulting and Professional Fees,12/11/2019,25322,Theraplay Psychology Practice,"33 Tristania Street, Bangalow, NSW  2479",No,No,,,,,,,,331661,General Goods and Services,GU4535,,,
,Griffith University,"170 Kessels Road, Nathan Qld 4111",Consulting and Professional Fees,13/11/2019,48400,Antares Solutions Pty Ltd,"Level 2/52 Phillip St, Sydney, NSW  2000",No,No,,,,,,,,331687,General Goods and Services,GU4547,,,
,Griffith University,"170 Kessels Road, Nathan Qld 4111",G03 2.10 Flooring Replacement,13/11/2019,40249,Contract Floors (QLD) Pty Ltd,"5/37 Northlink Place, Virginia, QLD  4014",No,No,,,,,,,,331772,Building Construction and Maintenance,,,,
,Griffith University,"170 Kessels Road, Nathan Qld 4111",GovCMS Hosting of CoastAdapt f,13/11/2019,32940,Department of Finance,"One Canberra Ave, Forrest, ACT  2603",No,No,,,,,,,,1821278,Information and Communication Technology,,,,
,Griffith University,"170 Kessels Road, Nathan Qld 4111",Consulting and Professional Fees,13/11/2019,49005,Mojo Soup Pty Ltd,"Level 1, 200 Creek Street, Spring Hill, QLD  4000",No,No,,,,,,,,331691,General Goods and Services,GU4533,,,
,Griffith University,"170 Kessels Road, Nathan Qld 4111",Consulting and Professional Fees,13/11/2019,20350,Obsidian Consulting Group Pty Ltd,"PO Box 461, Coburg, VIC  3058",No,No,,,,,,,,331755,Information and Communication Technology,,,,
,Griffith University,"170 Kessels Road, Nathan Qld 4111",G03 2.10 and G17 1.02 Repaint walls ,13/11/2019,21219,Rothwells Commercial Painters Pty Ltd,"PO Box 388, Murwillumbah, NSW  2484",No,No,,,,,,,,331756,Building Construction and Maintenance,,,,
,Griffith University,"170 Kessels Road, Nathan Qld 4111",Promotional Items,14/11/2019,30168,Adcall Promotions,"PO Box 6, Mount Ommaney, QLD  4074",No,No,,,,,,,,331820,General Goods and Services,,,,
,Griffith University,"170 Kessels Road, Nathan Qld 4111",ICAT 6001ENG Practicum (Archerfield),14/11/2019,36300,Aviation Study Centre,"240 Waterworks Rd, Ashgrove, QLD  4060",No,No,,,,,,,,1821483,General Goods and Services,,,,
,Griffith University,"170 Kessels Road, Nathan Qld 4111",Scientific Services,14/11/2019,11595,Gold Coast City Council,"PO Box 5042, Gold Coast Mail Centre, QLD  9729",No,No,,,,,,,,1818014,General Goods and Services,,,,
,Griffith University,"170 Kessels Road, Nathan Qld 4111",Scientific Equipment,14/11/2019,29061,ICT International Pty Ltd,"PO Box 503, Armidale, NSW  2350",No,No,,,,,,,,331850,General Goods and Services,,,,
,Griffith University,"170 Kessels Road, Nathan Qld 4111",Electrical Metering Northern campuses,14/11/2019,49004,Precise Air Group P/L,"PO Box 1859, Springwood, QLD  4128",No,No,,,,,,,,331864,Building Construction and Maintenance,,,,
,Griffith University,"170 Kessels Road, Nathan Qld 4111",Furniture,15/11/2019,35200,Adventist Development and Relief Agency,"PO Box 555, Woodridge, QLD  4114",No,No,,,,,,,,331992,General Goods and Services,,,,
,Griffith University,"170 Kessels Road, Nathan Qld 4111","N53 Immersive Studio, Construction",15/11/2019,21890,Alliance Interiors Qld Pty Ltd,"PO Box 2111, Logan City DC, QLD  4114",No,No,,,,,,,,331970,Building Construction and Maintenance,,,,
,Griffith University,"170 Kessels Road, Nathan Qld 4111",Consulting and Professional Fees,15/11/2019,38500,Compelling Economics Pty Ltd,"PO Box 5006, Bendigo, VIC  3550",No,No,,,,,,,,331911,General Goods and Services,GU4556,,,
,Griffith University,"170 Kessels Road, Nathan Qld 4111",Scopus_sub_Jan-Dec2020,15/11/2019,121139,Council of Aust. University Librarians,"PO Box 8169, Australian National University, Canberra, ACT  0200",No,No,,,,,,,,1821600,Information and Communication Technology,,,,
,Griffith University,"170 Kessels Road, Nathan Qld 4111",Ebsco Databases GriffithCollege,15/11/2019,27823,EBSCO International Inc,"132 Arthur Street, North Sydney, NSW  2060",No,No,,,,,,,,1821316,Information and Communication Technology,,,,
,Griffith University,"170 Kessels Road, Nathan Qld 4111",ScienceDirect_sub_Jan-Dec2020_,15/11/2019,1327970,Elsevier Inc.,"3251 Riverport Lane, Maryland Heights, MO  63043  USA",No,No,Limited,,,,,,,1821092,Information and Communication Technology,,,,
,Griffith University,"170 Kessels Road, Nathan Qld 4111",TaylorandFrancis_sub_Jan-Dec20,15/11/2019,1603814,Informa UK Ltd,"Sheepen Place, Colchester  CO3 3LP  Great Britain",No,No,Limited,,,,,,,GU-63,Information and Communication Technology,,,,
,Griffith University,"170 Kessels Road, Nathan Qld 4111",Wiley_sub_Jan-Dec2020,15/11/2019,782565,John Wiley & Sons Inc - USA,"PO Box 416502, Boston, MA  02241-6502  USA",No,No,Limited,,,,,,,1821599,Information and Communication Technology,,,,
,Griffith University,"170 Kessels Road, Nathan Qld 4111",AVON_sub_Jan-Dec2020,15/11/2019,50069,ProQuest LLC,"6216 Paysphere Circle, Chicago, IL  60674  USA",No,No,,,,,,,,1821602,Information and Communication Technology,,,,
,Griffith University,"170 Kessels Road, Nathan Qld 4111",Building Lighting,15/11/2019,14038,Raylinc Agencies Pty Ltd,"9 Colebard Street West, Acacia Ridge, QLD  4110",No,No,,,,,,,,331964,Building Construction and Maintenance,,,,
,Griffith University,"170 Kessels Road, Nathan Qld 4111",Consulting and Professional Fees,15/11/2019,43560,RIoT Solutions Pty Ltd,"PO Box 10087, Adelaide Street, Brisbane  4000",No,No,,,,,,,,331916,General Goods and Services,GU4553,,,
,Griffith University,"170 Kessels Road, Nathan Qld 4111",Consultancy,15/11/2019,11300,Spruson & Ferguson Pty Limited,"GPO Box 3898, Sydney, NSW  2001",No,No,,,,,,,,1818839,General Goods and Services,,,,
,Griffith University,"170 Kessels Road, Nathan Qld 4111",SpringerPubCo_coll_IA19-370,16/11/2019,71914,iGroup (Australasia) Pty Ltd,"PO Box 522, Glen Waverley, VIC  3150",No,No,,,,,,,,1821674,Information and Communication Technology,,,,
,Griffith University,"170 Kessels Road, Nathan Qld 4111",Doodys_coll_OA-59581,16/11/2019,41948,Ovid Technologies Inc.,"100 River Ridge Drive, Norwood, MA  02062  USA",No,No,,,,,,,,1821676,Information and Communication Technology,,,,
,Griffith University,"170 Kessels Road, Nathan Qld 4111",Accounts Flow Electronic Invoicing Annual 2020 Subscription,18/11/2019,11154,Accounts Flow PTY LTD,"PO Box 1003, Subiaco, WA  6008",No,No,,,,,,,,332017,Information and Communication Technology,,,,
,Griffith University,"170 Kessels Road, Nathan Qld 4111",Scientific Equipment,18/11/2019,17503,Beckman Coulter Australia P/L,"Unit D, 24 College St, Gladesville, NSW  2111",No,No,,,,,,,,331993,General Goods and Services,,,,
,Griffith University,"170 Kessels Road, Nathan Qld 4111",Jisc Usage Statistics Portal (JUSP) Service Renewal,18/11/2019,18418,Caval Limited,"4 Park Drive, Bundoora, VIC  3083",No,No,,,,,,,,332022,Information and Communication Technology,,,,
,Griffith University,"170 Kessels Road, Nathan Qld 4111",Computing Maintenance & Support,18/11/2019,302400,Databee Business Solutions Pty Ltd,"Po Box 149,  Joondalup Dc, Wa, 6919",Yes,No,,,,,,,,C00790,Information and Communication Technology,,,,
,Griffith University,"170 Kessels Road, Nathan Qld 4111",Advertising and Promotions,18/11/2019,11953,Ikon Communications Pty Ltd,"22 Constance Street, Fortitude Valley, QLD  4006",No,No,,,,,,,,332052,General Goods and Services,,,,
,Griffith University,"170 Kessels Road, Nathan Qld 4111",First Peoples Questionnaire Annual 2019-2020 Maintenance,18/11/2019,21450,Integral Technology Solutions,"Level 3, 201 Leichardt Street, Spring Hill, QLD  4000",No,No,,,,,,,,332036,Information and Communication Technology,,,,
,Griffith University,"170 Kessels Road, Nathan Qld 4111",Services of International SOS,18/11/2019,244926,International SOS (Australasia) Pty Ltd,"GPO Box 4561, Sydney, NSW  1044",No,No,,,,,,,,1822054,General Goods and Services,,,,
,Griffith University,"170 Kessels Road, Nathan Qld 4111",Subscription Fees,18/11/2019,2015342,Pebble Learning Pty Ltd,"Po Box 1174,  Buderim, Qld, 4556",Yes,No,Open,,,,,,,C01524,Information and Communication Technology,,,,
,Griffith University,"170 Kessels Road, Nathan Qld 4111",N23 Office Alterations,18/11/2019,22495,Tri State Electrical and Communications,"PO Box 7261, East Brisbane, QLD  4169",No,No,,,,,,,,332081,Building Construction and Maintenance,,,,
,Griffith University,"170 Kessels Road, Nathan Qld 4111",N79 Comms Room Equipment and Services,18/11/2019,30546,Videopro,"37 Eagleview Place, Eagle Farm, QLD  4009",No,No,,,,,,,,332000,General Goods and Services,,,,
,Griffith University,"170 Kessels Road, Nathan Qld 4111",Larval System plus growout,19/11/2019,262246,Australian Bay Lobster Producers Limited,"9484 Tweed Valley Way, Chinderah, NSW  2487",No,No,,,,,,,,332118,General Goods and Services,,,,
,Griffith University,"170 Kessels Road, Nathan Qld 4111",Network Hardware Equipment,19/11/2019,18697,Data #3 Limited,"PO Box 551, Indooroopilly, QLD  4068",No,No,,,,,,,,332120,Information and Communication Technology,GU802,,,
,Griffith University,"170 Kessels Road, Nathan Qld 4111",Executive Search Services ,19/11/2019,20900,Robinson Fitzgerald Pty Ltd,"138 Juliette Street, Greenslopes, QLD  4120",No,No,,,,,,,,1820307,General Goods and Services,,,,
,Griffith University,"170 Kessels Road, Nathan Qld 4111","G17 Lecture Theatres, Flooring Replacement ",20/11/2019,40313,Contract Floors (QLD) Pty Ltd,"5/37 Northlink Place, Virginia, QLD  4014",No,No,,,,,,,,332315,Building Construction and Maintenance,,,,
,Griffith University,"170 Kessels Road, Nathan Qld 4111",ProjectMUSE_sub_Jan-Dec2020,20/11/2019,27780,Council of Aust. University Librarians,"PO Box 8169, Australian National University, Canberra, ACT  0200",No,No,,,,,,,,1822154,Information and Communication Technology,,,,
,Griffith University,"170 Kessels Road, Nathan Qld 4111",AnnualReviews_sub_Jan-Dec,20/11/2019,32690,Council of Aust. University Librarians,"PO Box 8169, Australian National University, Canberra, ACT  0200",No,No,,,,,,,,1822155,Information and Communication Technology,,,,
,Griffith University,"170 Kessels Road, Nathan Qld 4111",Video Conference Equipment,20/11/2019,15060,Data #3 Limited,"PO Box 551, Indooroopilly, QLD  4068",No,No,,,,,,,,332201,Information and Communication Technology,GU802,,,
,Griffith University,"170 Kessels Road, Nathan Qld 4111",Knovel_sub_Jan-Dec2020,20/11/2019,184080,Elsevier Inc.,"3251 Riverport Lane, Maryland Heights, MO  63043  USA",No,No,,,,,,,,GU-1022,Information and Communication Technology,,,,
,Griffith University,"170 Kessels Road, Nathan Qld 4111",Software Subscription,20/11/2019,332306,Elsevier Inc.,"3251 Riverport Lane, Maryland Heights, MO  63043  USA",No,No,,,,,,,,GU-982,Information and Communication Technology,,,,
,Griffith University,"170 Kessels Road, Nathan Qld 4111",Motor Vehicle Asset,20/11/2019,33509,Grand Motors,"PO Box 7834, Gold Coast, QLD  9726",No,No,,,,,,,,332244,General Goods and Services,,,,
,Griffith University,"170 Kessels Road, Nathan Qld 4111",Hart Publishing 2019 eBooks,20/11/2019,12718,iGroup (Australasia) Pty Ltd,"PO Box 522, Glen Waverley, VIC  3150",No,No,,,,,,,,1822179,Information and Communication Technology,,,,
,Griffith University,"170 Kessels Road, Nathan Qld 4111",Advertising and Promotions,20/11/2019,33000,Mediacom Australia Pty Ltd,"GPO Box 1000, Brisbane, QLD  4001",No,No,,,,,,,,332261,General Goods and Services,,,,
,Griffith University,"170 Kessels Road, Nathan Qld 4111",OxfordOBO_coll_XI13089107,20/11/2019,11774,Oxford University Press UK,"Great Clarendon Street, Oxford  OX2 6DP  Great Britain",No,No,,,,,,,,1822165,Information and Communication Technology,,,,
,Griffith University,"170 Kessels Road, Nathan Qld 4111",OxfordOHO_coll_XI13089118,20/11/2019,25435,Oxford University Press UK,"Great Clarendon Street, Oxford  OX2 6DP  Great Britain",No,No,,,,,,,,1822166,Information and Communication Technology,,,,
,Griffith University,"170 Kessels Road, Nathan Qld 4111",OxfordOSO_coll_XI13089130,20/11/2019,29091,Oxford University Press UK,"Great Clarendon Street, Oxford  OX2 6DP  Great Britain",No,No,,,,,,,,1822167,Information and Communication Technology,,,,
,Griffith University,"170 Kessels Road, Nathan Qld 4111",OxfordOHO_coll_XI13089138,20/11/2019,15836,Oxford University Press UK,"Great Clarendon Street, Oxford  OX2 6DP  Great Britain",No,No,,,,,,,,1822169,Information and Communication Technology,,,,
,Griffith University,"170 Kessels Road, Nathan Qld 4111",OxfordOHO_coll_XI13089139,20/11/2019,32594,Oxford University Press UK,"Great Clarendon Street, Oxford  OX2 6DP  Great Britain",No,No,,,,,,,,1822170,Information and Communication Technology,,,,
,Griffith University,"170 Kessels Road, Nathan Qld 4111",OxfordOSO_coll_XI13089149,20/11/2019,41671,Oxford University Press UK,"Great Clarendon Street, Oxford  OX2 6DP  Great Britain",No,No,,,,,,,,1822173,Information and Communication Technology,,,,
,Griffith University,"170 Kessels Road, Nathan Qld 4111",OxfordOSO_coll_XI13089161,20/11/2019,26959,Oxford University Press UK,"Great Clarendon Street, Oxford  OX2 6DP  Great Britain",No,No,,,,,,,,1822174,Information and Communication Technology,,,,
,Griffith University,"170 Kessels Road, Nathan Qld 4111",OxfordOSO_coll_XI13089156,20/11/2019,13860,Oxford University Press UK,"Great Clarendon Street, Oxford  OX2 6DP  Great Britain",No,No,,,,,,,,1822175,Information and Communication Technology,,,,
,Griffith University,"170 Kessels Road, Nathan Qld 4111",OxfordOSO_coll_XI13089182,20/11/2019,29548,Oxford University Press UK,"Great Clarendon Street, Oxford  OX2 6DP  Great Britain",No,No,,,,,,,,1822176,Information and Communication Technology,,,,
,Griffith University,"170 Kessels Road, Nathan Qld 4111",OxfordOSO_coll_XI13089190,20/11/2019,28786,Oxford University Press UK,"Great Clarendon Street, Oxford  OX2 6DP  Great Britain",No,No,,,,,,,,1822177,Information and Communication Technology,,,,
,Griffith University,"170 Kessels Road, Nathan Qld 4111",S01 Refrigerant for Chiller 3,20/11/2019,16925,Precise Air Group P/L,"PO Box 1859, Springwood, QLD  4128",No,No,,,,,,,,332302,Building Construction and Maintenance,,,,
,Griffith University,"170 Kessels Road, Nathan Qld 4111",PressReader_sub_Feb2020-Jan2021,20/11/2019,23540,PressReader Inc,"200-13111 Vanier Place, Richmond, BC  V6V 2J1  Canada",No,No,,,,,,,,1822158,Information and Communication Technology,,,,
,Griffith University,"170 Kessels Road, Nathan Qld 4111",Scientific Equipment,20/11/2019,50600,Shimadzu Scientific Inst. (Oceania)P/L,"10-16 South Street, Rydalmere, NSW  2116",No,No,,,,,,,,332299,General Goods and Services,,,,
,Griffith University,"170 Kessels Road, Nathan Qld 4111",Scientific Equipment,21/11/2019,650100,Bio-Strategy Pty Limited,"P.O Box 14, Campbellfield, VIC  3061",No,No,Limited,,,,,,,332346,General Goods and Services,,,,
,Griffith University,"170 Kessels Road, Nathan Qld 4111",Furniture,21/11/2019,52190,Innerspace (Qld) Seating & Systems P/L,"14 Textile Crescent, Salisbury, QLD  4107",No,No,,,,,,,,332421,General Goods and Services,,,,
,Griffith University,"170 Kessels Road, Nathan Qld 4111",GIER and EPS Study Tour to Melbourne,21/11/2019,22127,Outside Opinion Pty Ltd,"11/1102 Lygon St, Carlton North, VIC  3054",No,No,,,,,,,,1818217,General Goods and Services,,,,
,Griffith University,"170 Kessels Road, Nathan Qld 4111",Sound door drawbridge refurbishment,21/11/2019,53713,SSE Specialised Stage Engineering P/L,"17 Chetwynd Street, Loganholme, QLD  4129",No,No,,,,,,,,332347,General Goods and Services,,,,
,Griffith University,"170 Kessels Road, Nathan Qld 4111",Copyright Agency payment,22/11/2019,672597,Banki Haddock Fiora,"Level 10, 179 Elizabeth Street, Sydney, NSW  2000",No,No,Limited,,,,,,,332444,General Goods and Services,,,,
,Griffith University,"170 Kessels Road, Nathan Qld 4111",Copyright Agency 2020 licence 50%,22/11/2019,672597,Copyright Agency Limited,"15/233 Castlereagh Street, Sydney, NSW  2000",No,No,Limited,,,,,,,332439,General Goods and Services,,,,
,Griffith University,"170 Kessels Road, Nathan Qld 4111",UniChicago_sub_Jan-Dec2020,22/11/2019,17021,Council of Aust. University Librarians,"PO Box 8169, Australian National University, Canberra, ACT  0200",No,No,,,,,,,,1821985,Information and Communication Technology,,,,
,Griffith University,"170 Kessels Road, Nathan Qld 4111",S01 Acoustic Improvement Works,22/11/2019,189510,Fitout and Refurbishment Australia Pty Ltd,"Suite 2B, Springwood, QLD  4127",No,No,,,,,,,,332485,Building Construction and Maintenance,,,,
,Griffith University,"170 Kessels Road, Nathan Qld 4111",GBS Graduates Reception,22/11/2019,16500,Gold Coast Convention & Exhibition Centre,"PO Box 1407, Broadbeach, QLD  4218",No,No,,,,,,,,332456,General Goods and Services,GU4564,,,
,Griffith University,"170 Kessels Road, Nathan Qld 4111",Consulting and Professional Fees,22/11/2019,22000,HAYBALL PTY LTD,"Level 12, 324 Queen Street, Brisbane, QLD  4000",No,No,,,,,,,,332489,General Goods and Services,,,,
,Griffith University,"170 Kessels Road, Nathan Qld 4111",Medical Equipment,22/11/2019,23815,Limbs & Things Limited,"92 Wedgewood Road, Hallam, VIC  3803",No,No,,,,,,,,332503,Medical,,,,
,Griffith University,"170 Kessels Road, Nathan Qld 4111",Road signage,22/11/2019,11501,Logical Line Marking,"PO Box 1573, Carindale, QLD  4152",No,No,,,,,,,,332477,General Goods and Services,,,,
,Griffith University,"170 Kessels Road, Nathan Qld 4111",LippincottHealthLibrary_coll_O,22/11/2019,108478,Ovid Technologies Inc.,"100 River Ridge Drive, Norwood, MA  02062  USA",No,No,,,,,,,,1821822,Information and Communication Technology,,,,
,Griffith University,"170 Kessels Road, Nathan Qld 4111",Staff Training,22/11/2019,221650,Oxygen Learning Pty Limited,"Level 4, 30 The Bond, Sydney, NSW  2000",No,No,,,,,,,,332445,General Goods and Services,GU4566,,,
,Griffith University,"170 Kessels Road, Nathan Qld 4111",Scientific Equipment,22/11/2019,20407,SciTech Pty Ltd,"PO Box 1625, Preston South, VIC  3072",No,No,,,,,,,,332441,General Goods and Services,,,,
,Griffith University,"170 Kessels Road, Nathan Qld 4111",Pathology Sampling,22/11/2019,35152,Stratech Scientific APAC Pty Ltd,"PO Box 330, Avalon, NSW  2107",No,No,,,,,,,,332490,General Goods and Services,,,,
,Griffith University,"170 Kessels Road, Nathan Qld 4111",SRI2020 Conference  Support,24/11/2019,30000,Future Earth USA,"1036 Campus Delivery, Fort Collins, CO  80523  USA",No,No,,,,,,,,1823688,General Goods and Services,,,,
,Griffith University,"170 Kessels Road, Nathan Qld 4111",Scientific Equipment,25/11/2019,12641,AdvR Inc,"2310 University Way, Bldg. 1-1, Bozeman, MT  59715  USA",No,No,,,,,,,,332636,General Goods and Services,,,,
,Griffith University,"170 Kessels Road, Nathan Qld 4111",Renewal of University Insurance,25/11/2019,2842292,Arthur J Gallagher & Co (Aus) Limited,"80 Pacific Highway, North Sydney, NSW  2060",No,No,Limited,,,,,,,1823615,General Goods and Services,,,,
,Griffith University,"170 Kessels Road, Nathan Qld 4111",Consulting and Professional Fees,25/11/2019,89233,"Bentz, Whaley, Flessner & Associates, In","7900 Xerxes Ave S, Suite 980, Minneapolis, MN  55431  USA",No,No,,,,,,,,332574,General Goods and Services,GU4568,,,
,Griffith University,"170 Kessels Road, Nathan Qld 4111",Consulting and Professional Fees,25/11/2019,23913,Deakin University,"Locked bag 20000, Geelong, VIC  3220",No,No,,,,,,,,332565,General Goods and Services,,,,
,Griffith University,"170 Kessels Road, Nathan Qld 4111",Charter research boat hire,25/11/2019,48120,Eclipse Fnq Charters,"PO Box 9, Port Douglas, QLD  4877",No,No,,,,,,,,332564,General Goods and Services,,,,
,Griffith University,"170 Kessels Road, Nathan Qld 4111",Motor Vehicle Asset,25/11/2019,33333,Grand Motors,"PO Box 7834, Gold Coast, QLD  9726",No,No,,,,,,,,332615,General Goods and Services,,,,
,Griffith University,"170 Kessels Road, Nathan Qld 4111",Software Licence Fees,25/11/2019,380943,Pan Software Pty Ltd,"123 Camberwell Road,  East Hawthorn, Vic, 3123",Yes,No,,,,,,,,C00494,Information and Communication Technology,,,,
,Griffith University,"170 Kessels Road, Nathan Qld 4111",Consulting and Professional Fees,25/11/2019,45858,Siggins Miller Consultants Pty Ltd,"PO Box 1143, Toowong, QLD  4066",No,No,,,,,,,,332547,General Goods and Services,GU4565,,,
,Griffith University,"170 Kessels Road, Nathan Qld 4111",Catering,25/11/2019,18948,The Ship Inn,"Box 25, Stanley Street Plaza, Southbank, QLD  4101",No,No,,,,,,,,1817093,General Goods and Services,,,,
,Griffith University,"170 Kessels Road, Nathan Qld 4111",Consulting and Professional Fees,26/11/2019,40150,Bright Consulting,"PO Box 460, Civil Square, ACT  2608",No,No,,,,,,,,332690,General Goods and Services,GU4570,,,
,Griffith University,"170 Kessels Road, Nathan Qld 4111",July Graduations 2020,26/11/2019,110000,Brisbane Convention & Exhibition Centre,"PO Box 3869, Brisbane South, QLD  4101",No,No,,,,,,,,332701,General Goods and Services,GU4569,,,
,Griffith University,"170 Kessels Road, Nathan Qld 4111",Software Licence Fees,26/11/2019,145350,Convergepoint Inc,"1810 Snake River Road,  Katy, Tx, 77449",Yes,No,,,,,,,,C01522,Information & Communcation Technology,,,,
,Griffith University,"170 Kessels Road, Nathan Qld 4111",Network Hardware Equipment,26/11/2019,22167,Data #3 Limited,"PO Box 551, Indooroopilly, QLD  4068",No,No,,,,,,,,332740,Information and Communication Technology,GU802,,,
,Griffith University,"170 Kessels Road, Nathan Qld 4111",2020 Reviews - Dinner Event,26/11/2019,22000,Felicity Hotel Pty Ltd,"99 Mary Street, Brisbane City, QLD  4000",No,No,,,,,,,,332745,General Goods and Services,GU4573,,,
,Griffith University,"170 Kessels Road, Nathan Qld 4111",Advertising and Promotions,26/11/2019,19250,IDP Education Pty Ltd,"535 Bourke Street, Melbourne, VIC  3000",No,No,,,,,,,,1824248,General Goods and Services,,,,
,Griffith University,"170 Kessels Road, Nathan Qld 4111",AV Equipment,26/11/2019,13677,ProAV Solutions Queensland,PO Box 2722,No,No,,,,,,,,332741,General Goods and Services,,,,
,Griffith University,"170 Kessels Road, Nathan Qld 4111",N78 Battery Charger,26/11/2019,14883,Prohelion Pty Ltd,"PO Box 220, Spring Hill, QLD  4004",No,No,,,,,,,,332758,General Goods and Services,,,,
,Griffith University,"170 Kessels Road, Nathan Qld 4111",Scientific Equipment,26/11/2019,48808,Scinomix Inc,"4372 Green Ash Drive, Earth City, MO  63045  USA",No,No,,,,,,,,332738,General Goods and Services,,,,
,Griffith University,"170 Kessels Road, Nathan Qld 4111",S02 Chiller Piping Vibration Troubleshoot,26/11/2019,14628,SVT Holdings Pty Ltd,"240 St. Georges Terrace, Perth, WA  6000",No,No,,,,,,,,332685,Building Construction and Maintenance,,,,
,Griffith University,"170 Kessels Road, Nathan Qld 4111",ACS_sub_Jan-Dec2020_USD0002176,27/11/2019,69775,Council of Aust. University Librarians,"PO Box 8169, Australian National University, Canberra, ACT  0200",No,No,,,,,,,,1822665,Information and Communication Technology,,,,
,Griffith University,"170 Kessels Road, Nathan Qld 4111",AAAS-Science_sub_Jan-Dec2020_U,27/11/2019,19530,Council of Aust. University Librarians,"PO Box 8169, Australian National University, Canberra, ACT  0200",No,No,,,,,,,,1824025,Information and Communication Technology,,,,
,Griffith University,"170 Kessels Road, Nathan Qld 4111",APS_sub_Jan-Dec2020_USD0002195,27/11/2019,27600,Council of Aust. University Librarians,"PO Box 8169, Australian National University, Canberra, ACT  0200",No,No,,,,,,,,1824027,Information and Communication Technology,,,,
,Griffith University,"170 Kessels Road, Nathan Qld 4111",AmPhysiolSociety_sub_Jan-Dec20,27/11/2019,15350,Council of Aust. University Librarians,"PO Box 8169, Australian National University, Canberra, ACT  0200",No,No,,,,,,,,1824031,Information and Communication Technology,,,,
,Griffith University,"170 Kessels Road, Nathan Qld 4111",Artstor_sub_Jan-Dec2020_USD000,27/11/2019,12420,Council of Aust. University Librarians,"PO Box 8169, Australian National University, Canberra, ACT  0200",No,No,,,,,,,,1824032,Information and Communication Technology,,,,
,Griffith University,"170 Kessels Road, Nathan Qld 4111",JSTOR_sub_Jan-Dec2020_USD00022,27/11/2019,51206,Council of Aust. University Librarians,"PO Box 8169, Australian National University, Canberra, ACT  0200",No,No,,,,,,,,1824243,Information and Communication Technology,,,,
,Griffith University,"170 Kessels Road, Nathan Qld 4111",IOP_sub_Jan-Dec2020_GBP0000397,27/11/2019,38075,Council of Aust. University Librarians,"PO Box 8169, Australian National University, Canberra, ACT  0200",No,No,,,,,,,,1824244,Information and Communication Technology,,,,
,Griffith University,"170 Kessels Road, Nathan Qld 4111",Cambridge_sub_Jan-Dec2020_GBP0,27/11/2019,27508,Council of Aust. University Librarians,"PO Box 8169, Australian National University, Canberra, ACT  0200",No,No,,,,,,,,1824315,Information and Communication Technology,,,,
,Griffith University,"170 Kessels Road, Nathan Qld 4111",JAMA_sub_Jan-Dec2020_USD000222,27/11/2019,24750,Council of Aust. University Librarians,"PO Box 8169, Australian National University, Canberra, ACT  0200",No,No,,,,,,,,1824318,Information and Communication Technology,,,,
,Griffith University,"170 Kessels Road, Nathan Qld 4111",HeinOnline_sub_Jan-Dec2020_USD,27/11/2019,20220,Council of Aust. University Librarians,"PO Box 8169, Australian National University, Canberra, ACT  0200",No,No,,,,,,,,1824319,Information and Communication Technology,,,,
,Griffith University,"170 Kessels Road, Nathan Qld 4111",Liebert_sub_Jan-Dec2020_USD000,27/11/2019,42464,Council of Aust. University Librarians,"PO Box 8169, Australian National University, Canberra, ACT  0200",No,No,,,,,,,,1824320,Information and Communication Technology,,,,
,Griffith University,"170 Kessels Road, Nathan Qld 4111",NEJM_sub_Jan-Dec2020_USD000220,27/11/2019,18257,Council of Aust. University Librarians,"PO Box 8169, Australian National University, Canberra, ACT  0200",No,No,,,,,,,,1824321,Information and Communication Technology,,,,
,Griffith University,"170 Kessels Road, Nathan Qld 4111",PsychiatryOnline_sub_Jan-Dec20,27/11/2019,10980,Council of Aust. University Librarians,"PO Box 8169, Australian National University, Canberra, ACT  0200",No,No,,,,,,,,1824415,Information and Communication Technology,,,,
,Griffith University,"170 Kessels Road, Nathan Qld 4111",Computer Servers,27/11/2019,126080,Dell Australia Pty Ltd,"Frenchs Forest, NSW  2086",No,No,,,,,,,,332864,Information and Communication Technology,,,,
,Griffith University,"170 Kessels Road, Nathan Qld 4111",N06 Roof Repairs and Maintenance,27/11/2019,10747,Descab Pty Ltd t/a Qld Multi Trades,"34 Hindes Street, Lota, QLD  4178",No,No,,,,,,,,332843,Building Construction and Maintenance,,,,
,Griffith University,"170 Kessels Road, Nathan Qld 4111",SAGEResearchMethodsVideo_coll_,27/11/2019,61305,iGroup ( Asia Pacific) Ltd,"9 Wing Hong Street, Cheung Sha Wan, Kowloon  Hong Kong",No,No,,,,,,,,1824245,Information and Communication Technology,,,,
,Griffith University,"170 Kessels Road, Nathan Qld 4111",Publication Costs,27/11/2019,10320,Informa UK Ltd,"Sheepen Place, Colchester  CO3 3LP  Great Britain",No,No,,,,,,,,1824021,General Goods and Services,,,,
,Griffith University,"170 Kessels Road, Nathan Qld 4111",Staff Recruitment,27/11/2019,22245,Insight Management Consultants P/L,"230 Collins Street, Melbourne, VIC  3000",No,No,,,,,,,,1824668,General Goods and Services,,,,
,Griffith University,"170 Kessels Road, Nathan Qld 4111",Design and Printing,27/11/2019,26868,JSA Design,"PO Box 1580, Fortitude Valley, QLD  4006",No,No,,,,,,,,332806,General Goods and Services,,,,
,Griffith University,"170 Kessels Road, Nathan Qld 4111",BrillHumRightsIntLaw_coll_1016,27/11/2019,15793,Koninklijke Brill Leiden NV,"Plantijnstraat 2, 2321 JC  Leiden  Netherlands",No,No,,,,,,,,1823120,Information and Communication Technology,,,,
,Griffith University,"170 Kessels Road, Nathan Qld 4111",BrillEdResMiddleEast_coll_1016,27/11/2019,32697,Koninklijke Brill Leiden NV,"Plantijnstraat 2, 2321 JC  Leiden  Netherlands",No,No,,,,,,,,1823121,Information and Communication Technology,,,,
,Griffith University,"170 Kessels Road, Nathan Qld 4111",Ovid_sub_Jan-Dec2020_OA-59733_,27/11/2019,211186,Ovid Technologies Inc.,"100 River Ridge Drive, Norwood, MA  02062  USA",No,No,,,,,,,,1824250,Information and Communication Technology,,,,
,Griffith University,"170 Kessels Road, Nathan Qld 4111",Ovid2_sub_Jan-Dec2020_59825_TW,27/11/2019,217600,Ovid Technologies Inc.,"100 River Ridge Drive, Norwood, MA  02062  USA",No,No,,,,,,,,1824251,Information and Communication Technology,,,,
,Griffith University,"170 Kessels Road, Nathan Qld 4111",Staff Relocation,27/11/2019,18700,Sirva Relocation,"490 Freeman Road, Richlands, QLD  4077",No,No,,,,,,,,332799,General Goods and Services,GU2661,,,
,Griffith University,"170 Kessels Road, Nathan Qld 4111",V00 Electrical Metering Southern campuses,27/11/2019,10578,Sure Power,"4 Manilla Street, East Brisbane, QLD  4169",No,No,,,,,,,,332877,Building Construction and Maintenance,,,,
,Griffith University,"170 Kessels Road, Nathan Qld 4111",CCH_sub_Jan-Dec2020_6600008912,28/11/2019,82163,CCH Australia Ltd,"GPO Box 4069, Sydney, NSW  2001",No,No,,,,,,,,1825188,Information and Communication Technology,,,,
,Griffith University,"170 Kessels Road, Nathan Qld 4111",Computers,28/11/2019,23206,Dell Australia Pty Ltd,"Frenchs Forest, NSW  2086",No,No,,,,,,,,332941,Information and Communication Technology,,,,
,Griffith University,"170 Kessels Road, Nathan Qld 4111",Advertsiing and support ,28/11/2019,22880,Digital Silver Pty Ltd,"PO Box 1068, Ivanhoe, VIC  3079",No,No,,,,,,,,1825448,General Goods and Services,,,,
,Griffith University,"170 Kessels Road, Nathan Qld 4111",Software Licence Fees,28/11/2019,155466,Starrez Pty Ltd,"660 Spencer Street, West Melbourne, VIC  3003",Yes,No,,,,,,,,C00467,Information and Communication Technology,,,,
,Griffith University,"170 Kessels Road, Nathan Qld 4111",Staff Recruitment,28/11/2019,22182,UniRecruit,"3422 Surfers Paradise Boulevarde, Surfers Paradise, QLD  4217",No,No,,,,,,,,1821989,General Goods and Services,,,,
,Griffith University,"170 Kessels Road, Nathan Qld 4111",Software,29/11/2019,33935,Adobe Systems Software Ireland Ltd,"4-6 Riverwalk, City West Business Campus, Saggart, Dublin  D24DCW0  Ireland",No,No,,,,,,,,1825836,Information and Communication Technology,,,,
,Griffith University,"170 Kessels Road, Nathan Qld 4111",Relocation of lab equipment,29/11/2019,12500,All Purpose Removals,"PO Box 2, Archerfield, QLD  4108",No,No,,,,,,,,332971,General Goods and Services,,,,
,Griffith University,"170 Kessels Road, Nathan Qld 4111",AIP_sub_Jan-Dec2020_USD0002234,29/11/2019,38853,Council of Aust. University Librarians,"PO Box 8169, Australian National University, Canberra, ACT  0200",No,No,,,,,,,,1825072,Information and Communication Technology,,,,
,Griffith University,"170 Kessels Road, Nathan Qld 4111",CAUL_CASScifinder_Jan-Dec2020_,29/11/2019,132020,Council of Aust. University Librarians,"PO Box 8169, Australian National University, Canberra, ACT  0200",No,No,,,,,,,,1825189,Information and Communication Technology,,,,
,Griffith University,"170 Kessels Road, Nathan Qld 4111",Emerald_Jan-Dec2020_GBP0000407,29/11/2019,120156,Council of Aust. University Librarians,"PO Box 8169, Australian National University, Canberra, ACT  0200",No,No,,,,,,,,1825190,Information and Communication Technology,,,,
,Griffith University,"170 Kessels Road, Nathan Qld 4111",CAUL_WebofScience_Jan-Dec2020_,29/11/2019,206457,Council of Aust. University Librarians,"PO Box 8169, Australian National University, Canberra, ACT  0200",No,No,,,,,,,,1825191,Information and Communication Technology,,,,
,Griffith University,"170 Kessels Road, Nathan Qld 4111",McGrawHill_sub_Jan-Dec2020_USD,29/11/2019,34990,Council of Aust. University Librarians,"PO Box 8169, Australian National University, Canberra, ACT  0200",No,No,,,,,,,,1825195,Information and Communication Technology,,,,
,Griffith University,"170 Kessels Road, Nathan Qld 4111",Computers,29/11/2019,46200,Dell Australia Pty Ltd,"Frenchs Forest, NSW  2086",No,No,,,,,,,,333093,Information and Communication Technology,,,,
,Griffith University,"170 Kessels Road, Nathan Qld 4111",Auditing Services,29/11/2019,41322,Deloitte Risk Advisory Pty Limited,"123 Eagle Street, Brisbane City, QLD  4000",No,No,,,,,,,,333107,General Goods and Services,GU4578,,,
,Griffith University,"170 Kessels Road, Nathan Qld 4111",Computing Equipment,29/11/2019,14292,Hewlett Packard Aust Ltd,"P O Box 221, Blackburn, VIC  3130",No,No,,,,,,,,333006,Information and Communication Technology,,,,
,Griffith University,"170 Kessels Road, Nathan Qld 4111",Materials testing system,29/11/2019,443300,Instron a division of ITW Australia Pty,"15/15 Stud Road, Bayswater, VIC  3153",No,No,,,,,,,,332962,General Goods and Services,,,,
,Griffith University,"170 Kessels Road, Nathan Qld 4111",Advertising and Promotions,29/11/2019,49500,Mediacom Australia Pty Ltd,"GPO Box 1000, Brisbane, QLD  4001",No,No,,,,,,,,332992,General Goods and Services,,,,
,Griffith University,"170 Kessels Road, Nathan Qld 4111",Proquest_Jan-Dec2020_70604142_,29/11/2019,435066,ProQuest LLC,"6216 Paysphere Circle, Chicago, IL  60674  USA",No,No,Limited,,,,,,,1825193,Information and Communication Technology,,,,
,Griffith University,"170 Kessels Road, Nathan Qld 4111",Chemicals,29/11/2019,18760,Qiagen Pty Ltd,"PO Box 169, Chadstone, VIC  3148",No,No,,,,,,,,333031,General Goods and Services,,,,
,Griffith University,"170 Kessels Road, Nathan Qld 4111",Optical components,29/11/2019,29875,Thorlabs Inc,"56 Sparta Avenue, Newton, NJ  07860  USA",No,No,,,,,,,,332944,General Goods and Services,,,,
,Griffith University,"170 Kessels Road, Nathan Qld 4111",Capture ME N/A ANNUAL 2020 SUBSCRIPTION,29/11/2019,34239,Unicard Systems Pty Ltd,"35/6 Herbert Street, St Leonards, NSW  2065",No,No,,,,,,,,332974,Information and Communication Technology,,,,
,Griffith University,"170 Kessels Road, Nathan Qld 4111",Consulting and Professional Fees,29/11/2019,76923,Vivo Group Pty Ltd,"PO Box 695, Paddington, QLD  4064",No,No,,,,,,,,332964,General Goods and Services,,,,
,Griffith University,"170 Kessels Road, Nathan Qld 4111",Subscription/Licence Fees Software,30/11/2019,378946,Data #3 Limited,"PO Box 551, Indooroopilly, QLD  4068",No,No,,,,,,,,C01554,Information and Communication Technology,,,,
,Griffith University,"170 Kessels Road, Nathan Qld 4111",IELTS tests,30/11/2019,73260,IELTS Australia Pty Ltd,"GPO Box 2006, Canberra, ACT  2601",No,No,,,,,,,,1818711,General Goods and Services,,,,
,Griffith University,"170 Kessels Road, Nathan Qld 4111",Workplace Investigation,30/11/2019,16177,Q Workplace Solutions Pty Ltd,"79 Broadway Street, Woolloongabba, QLD  4102",No,No,,,,,,,,1824293,General Goods and Services,,,,
,Griffith University,"170 Kessels Road, Nathan Qld 4111",Cisco c9500-48 switching,2/12/2019,134211,Data #3 Limited,"Po Box 551, Indooroopilly, QLD  4068",No,No,,,,,,,,333180,Information and Communication Technology,,,,
,Griffith University,"170 Kessels Road, Nathan Qld 4111",Advertising and Promotions,2/12/2019,59400,Invision Media Pty Ltd,"241 Given Tce, Paddington, QLD  4064",No,No,,,,,,,,333256,General Goods and Services,GU4580,,,
,Griffith University,"170 Kessels Road, Nathan Qld 4111",Advertising and Promotions,2/12/2019,66000,Mediacom Australia Pty Ltd,"GPO Box 1000, Brisbane, QLD  4001",No,No,,,,,,,,333158,General Goods and Services,,,,
,Griffith University,"170 Kessels Road, Nathan Qld 4111",N06 & N22 Emergency lighting upgrade,2/12/2019,34296,Precise Air Group P/L,"PO Box 1859, Springwood, QLD  4128",No,No,,,,,,,,333275,Building Construction and Maintenance,,,,
,Griffith University,"170 Kessels Road, Nathan Qld 4111",Scientific Equipment,2/12/2019,46806,Unisense A/S,"Tueager 1, Aarhus N  8200  Denmark",No,No,,,,,,,,333173,General Goods and Services,,,,
,Griffith University,"170 Kessels Road, Nathan Qld 4111",Subscription/Licence Fees,3/12/2019,414768,Australian Access Federation Ltd,"Level 21, 179 Turbot Street Brisbane, Qld, 4000",No,No,,,,,,,,C00876,Information and Communication Technology,,,,
,Griffith University,"170 Kessels Road, Nathan Qld 4111",Computer Equipment,3/12/2019,14473,Dell Australia Pty Ltd,"PO Box 91, Frenchs Forest, NSW  2086",No,No,,,,,,,,333340,Information and Communication Technology,,,,
,Griffith University,"170 Kessels Road, Nathan Qld 4111",Subscription Fees,3/12/2019,98724,iGroup (Australasia) Pty Ltd,"PO Box 522, Glen Waverley, VIC  3150",Yes,No,,,,,,,,C01532,Information and Communication Technology,,,,
,Griffith University,"170 Kessels Road, Nathan Qld 4111",Software Subscription,3/12/2019,203857,OwnCloud GmbH,"SchloBackerstrasse 26a, Nurnberg  90443  Germany",Yes,No,,,,,,,,C00329,Information and Communication Technology,,,,
,Griffith University,"170 Kessels Road, Nathan Qld 4111",Reference Materials,4/12/2019,846078,Bloomsbury Publishing Plc.,"50 Bedford Square, London  WC1B 3DP  Great Britain",Yes,No,Limited,,,,,,,GU-78,Information and Communication Technology,,,,
,Griffith University,"170 Kessels Road, Nathan Qld 4111",N53 Furniture,4/12/2019,15585,Commercial Images,"PO Box 3731, South Brisbane, QLD  4101",No,No,,,,,,,,333414,General Goods and Services,,,,
,Griffith University,"170 Kessels Road, Nathan Qld 4111",EnsQ Operational Expenses,4/12/2019,16600,Ensemble Q,"27 Highview Terrace, St Lucia, QLD  4067",No,No,,,,,,,,1825198,General Goods and Services,,,,
,Griffith University,"170 Kessels Road, Nathan Qld 4111",Generator hire,4/12/2019,32284,Generent Pty Ltd,"PO Box 115, Archerfield, QLD  4108",No,No,,,,,,,,333451,General Goods and Services,,,,
,Griffith University,"170 Kessels Road, Nathan Qld 4111",Software Subscription,4/12/2019,60060,Global Reviews (Asia Pacific) Pty Ltd,"Level 8, 432 St Kilda Road, Melbourne, VIC  3004",No,No,,,,,,,,333400,Information and Communication Technology,,,,
,Griffith University,"170 Kessels Road, Nathan Qld 4111",Scientific Equipment,4/12/2019,37246,John Morris Scientific Pty Ltd,"PO Box 447, Willoughby, NSW  2068",No,No,,,,,,,,333474,General Goods and Services,,,,
,Griffith University,"170 Kessels Road, Nathan Qld 4111",Electrical rectification works,4/12/2019,25945,KME Services Pty Ltd,"PO Box 577, Ormeau, QLD  4208",No,No,,,,,,,,333390,General Goods and Services,,,,
,Griffith University,"170 Kessels Road, Nathan Qld 4111",Furniture,4/12/2019,15476,Natural Ideas In Chairs Pty Ltd,"PO Box 287, Banyo, QLD  4014",No,No,,,,,,,,333375,General Goods and Services,,,,
,Griffith University,"170 Kessels Road, Nathan Qld 4111",Consultancy,4/12/2019,27500,Nous Group Pty Ltd,"PO Box 13069, Melbourne Law Courts, VIC  8010",No,No,,,,,,,,1820310,General Goods and Services,,,,
,Griffith University,"170 Kessels Road, Nathan Qld 4111",PromoChrom SPE-03 Workstation,4/12/2019,42939,PM Separations,"PO Box 498, Capalaba, QLD  4157",No,No,,,,,,,,333472,Information and Communication Technology,,,,
,Griffith University,"170 Kessels Road, Nathan Qld 4111",N44 emergency lighting upgrade,4/12/2019,52940,Precise Air Group P/L,"PO Box 1859, Springwood, QLD  4128",No,No,,,,,,,,333465,Building Construction and Maintenance,,,,
,Griffith University,"170 Kessels Road, Nathan Qld 4111",Hand Held 2 Way Radios,4/12/2019,17613,Progility Pty Ltd,"Locked Bag 5800, Pinewood, VIC  3149",No,No,,,,,,,,333489,Information and Communication Technology,,,,
,Griffith University,"170 Kessels Road, Nathan Qld 4111",Consultancy Services,4/12/2019,96884,Promise Proteomics SAS,"7 parvis Louis Neel, Grenoble  38040  France",No,No,,,,,,,,333392,General Goods and Services,GU4587,,,
,Griffith University,"170 Kessels Road, Nathan Qld 4111",Advertising and Promotions,4/12/2019,10137,Ride Free Media Pty Ltd,"Rooftop, Factory 1, 51 Mollison Street, West End, QLD  4101",No,No,,,,,,,,333498,General Goods and Services,,,,
,Griffith University,"170 Kessels Road, Nathan Qld 4111",Scientific Equipment,4/12/2019,189734,Scitek Australia Pty Ltd,"PO Box 355, Milsons Point, NSW  1565",No,No,,,,,,,,333382,General Goods and Services,,,,
,Griffith University,"170 Kessels Road, Nathan Qld 4111",Laboratory Consumables,5/12/2019,14630,Bio-Strategy Pty Limited,"PO Box 14, Campbellfield, VIC  3061",No,No,,,,,,,,333544,General Goods and Services,,,,
,Griffith University,"170 Kessels Road, Nathan Qld 4111",Laboratory Consumables,5/12/2019,69102,Bio-Strategy Pty Limited,"PO Box 14, Campbellfield, VIC  3061",No,No,,,,,,,,333542,General Goods and Services,,,,
,Griffith University,"170 Kessels Road, Nathan Qld 4111",Scientific Equipment,5/12/2019,28105,In Vitro Technologies Pty Ltd,"7-9 Summit Road, Noble Park, VIC  3174",No,No,,,,,,,,333615,General Goods and Services,,,,
,Griffith University,"170 Kessels Road, Nathan Qld 4111",Health Equipment,5/12/2019,292600,Life Health Care Distribution Pty Ltd,"15 Talavera Road, Level 8, North Ryde, NSW  2113",No,No,,,,,,,,333637,Medical,,,,
,Griffith University,"170 Kessels Road, Nathan Qld 4111",AV Equipment,5/12/2019,28377,ProAV Solutions Queensland,"PO Box 2722, Toowong, QLD  4066",No,No,,,,,,,,333568,General Goods and Services,,,,
,Griffith University,"170 Kessels Road, Nathan Qld 4111",2020 Grand Ball,5/12/2019,40590,RACV Royal Pines Resort,"PMB 88, GCMC, QLD  9726",No,No,,,,,,,,333632,General Goods and Services,GU4593,,,
,Griffith University,"170 Kessels Road, Nathan Qld 4111",S8: EcoStructure software and hardware,5/12/2019,65974,Schneider Electric Buildings Australia,"Level 3, 2A Lord Street, BOTANY, NSW  2019",No,No,,,,,,,,333516,General Goods and Services,,,,
,Griffith University,"170 Kessels Road, Nathan Qld 4111",G35 Pedestrian Bridge - Balustrading Risk Assessment,5/12/2019,15010,SMEC Australia Pty Ltd,"832 Southport-Nerang Rd, Nerang, QLD  4211",No,No,,,,,,,,333621,General Goods and Services,,,,
,Griffith University,"170 Kessels Road, Nathan Qld 4111",STARS workshops 2020,5/12/2019,20790,Suicide Risk Assessment Australia,"PO Box 178, Engadine, NSW  2233",No,No,,,,,,,,333521,General Goods and Services,GU4591,,,
,Griffith University,"170 Kessels Road, Nathan Qld 4111",Scientific Equipment,5/12/2019,77000,Tecan Australia Pty Ltd,"21/3 Westside Avenue, Port Melbourne, VIC  3207",No,No,,,,,,,,333539,General Goods and Services,,,,
,Griffith University,"170 Kessels Road, Nathan Qld 4111",USB3 Scientific CMOS Camera,6/12/2019,21175,Coherent Scientific Pty Ltd,"116 Sir Donald Bradman Drive, Hilton, SA  5033",No,No,,,,,,,,333662,General Goods and Services,,,,
,Griffith University,"170 Kessels Road, Nathan Qld 4111",Consultancy Services,6/12/2019,50600,Consultancy Bureau Pty Ltd,"Unit 4, 50 Northlink Place, Virginia, QLD  4014",No,No,,,,,,,,333696,General Goods and Services,GU4597,,,
,Griffith University,"170 Kessels Road, Nathan Qld 4111",Software Subscription,6/12/2019,52056,Council of Aust. University Librarians,"PO Box 8169, Australian National University, Canberra, ACT  0200",No,No,,,,,,,,1825442,Information and Communication Technology,,,,
,Griffith University,"170 Kessels Road, Nathan Qld 4111",Software Subscription,6/12/2019,67202,EBSCO International Inc,"Level 8, 132 Arthur Street, North Sydney, NSW  2060",No,No,,,,,,,,1826273,Information and Communication Technology,,,,
,Griffith University,"170 Kessels Road, Nathan Qld 4111",Software Subscription,6/12/2019,149681,EBSCO International Inc,"Level 8, 132 Arthur Street, North Sydney, NSW  2060",No,No,,,,,,,,1826274,Information and Communication Technology,,,,
,Griffith University,"170 Kessels Road, Nathan Qld 4111",Fellowship Consultancy,6/12/2019,10000,Gaala Watson trading as Bimbi Love,"PO Box 2021, Salisbury East, QLD  4107",No,No,,,,,,,,333748,General Goods and Services,GU4596,,,
,Griffith University,"170 Kessels Road, Nathan Qld 4111",Staff Recruitment,6/12/2019,13416,Optimum Recruitment Group (Qld) Pty Ltd,"Level 17, 40 Creek Street, Brisbane, QLD  4000",No,No,,,,,,,,1828179,General Goods and Services,,,,
,Griffith University,"170 Kessels Road, Nathan Qld 4111",G02 Construction advisory & management services,6/12/2019,710523,Premis Solutions Pty Ltd,"PO Box 114, Toowong, QLD  4066",No,No,Limited,,,,,,,333657,Building Construction and Maintenance,,,,
,Griffith University,"170 Kessels Road, Nathan Qld 4111",Software Subscription,6/12/2019,292421,ProQuest LLC,"6216 Paysphere Circle, Chicago, IL  60674  USA",No,No,,,,,,,,1827154,Information and Communication Technology,,,,
,Griffith University,"170 Kessels Road, Nathan Qld 4111",Software 2019-2020 Subscription,6/12/2019,27552,Refinitiv Australia Pty Ltd,"60 Margaret Street, Sydney, NSW  2000",No,No,,,,,,,,333671,Information and Communication Technology,,,,
,Griffith University,"170 Kessels Road, Nathan Qld 4111",Software Subscription,6/12/2019,405885,Royal Society of Chemistry,"Thomas Graham House, Science Park, Milton Road, Cambridge  CB4 0WF  Great Britain",Yes,No,,,,,,,,GU101 GU-867 GU-1386,Information and Communication Technology,,,,
,Griffith University,"170 Kessels Road, Nathan Qld 4111",Software Subscription,6/12/2019,100959,"SAGE Publications, Ltd.","Unit 18 Titan Drive, Fengate East, Peterborough  PE1 5XN  Great Britain",No,No,,,,,,,,1827330,Information and Communication Technology,,,,
,Griffith University,"170 Kessels Road, Nathan Qld 4111",Software Subscription,6/12/2019,185931,"SAGE Publications, Ltd.","Unit 18 Titan Drive, Fengate East, Peterborough  PE1 5XN  Great Britain",No,No,,,,,,,,1827331,Information and Communication Technology,,,,
,Griffith University,"170 Kessels Road, Nathan Qld 4111",Software Subscription,6/12/2019,29378,"SAGE Publications, Ltd.","Unit 18 Titan Drive, Fengate East, Peterborough  PE1 5XN  Great Britain",No,No,,,,,,,,1827422,Information and Communication Technology,,,,
,Griffith University,"170 Kessels Road, Nathan Qld 4111",Software Subscription,6/12/2019,326109,Springer Customer Service Centre GmbH,"Haberstrasse 7, Heidelberg  D69126  Germany",No,No,,,,,,,,1827152,Information and Communication Technology,,,,
,Griffith University,"170 Kessels Road, Nathan Qld 4111",Software Subscription,6/12/2019,365865,Springer Customer Service Centre GmbH,"Haberstrasse 7, Heidelberg  D69126  Germany",No,No,,,,,,,,1827153,Information and Communication Technology,,,,
,Griffith University,"170 Kessels Road, Nathan Qld 4111",Software,6/12/2019,12937,TWH Australia Pty Ltd,"60 Castlereagh Street, Sydney, NSW  2000",No,No,,,,,,,,333647,Information and Communication Technology,,,,
,Griffith University,"170 Kessels Road, Nathan Qld 4111",Kanopy PDA Package,8/12/2019,30000,Kanopy LLC,"781 Beach St Suite 410, San Francisco, CA  94109  USA",No,No,,,,,,,,1821095,Information and Communication Technology,,,,
,Griffith University,"170 Kessels Road, Nathan Qld 4111",Staggered Pedestrian Crossings,9/12/2019,51710,A1 Building & Property Solutions Pty Ltd,"3 D'aguilar Road, The Gap, QLD  4061",No,No,,,,,,,,333840,General Goods and Services,,,,
,Griffith University,"170 Kessels Road, Nathan Qld 4111",Software,9/12/2019,606228,Adobe Systems Software Ireland Ltd,"4-6 Riverwalk, Dublin  D24DCW0  Ireland",Yes,No,,,,,,,,C01473,Information and Communication Technology,,,,
,Griffith University,"170 Kessels Road, Nathan Qld 4111",L00 Survey to locate the hydrant boosters,9/12/2019,12634,Bennett & Bennett Consulting Surveyors,"Po Box 5021, Gold Coast Mail Centre, QLD  9726",No,No,,,,,,,,333873,General Goods and Services,,,,
,Griffith University,"170 Kessels Road, Nathan Qld 4111",UiPath RPA Software Support Solution,9/12/2019,11000,Blackbook Professional Services,"146 Bloomfield Street, Cleveland, QLD  4163",No,No,,,,,,,,333857,Information and Communication Technology,,,,
,Griffith University,"170 Kessels Road, Nathan Qld 4111",N34 Building Contractor Services,9/12/2019,107117,Blackwood Projects Pty Ltd,"PO Box 2105, Salisbury East, QLD  4107",No,No,,,,,,,,333787,Building Construction and Maintenance,,,,
,Griffith University,"170 Kessels Road, Nathan Qld 4111",Maintenance Nitrogen Generator,9/12/2019,13200,Compressor & Airtool Repair Pty Ltd,"PO Box 157, Archenfield, QLD  4108",No,No,,,,,,,,333750,General Goods and Services,,,,
,Griffith University,"170 Kessels Road, Nathan Qld 4111",Staff Recruitment ,9/12/2019,23166,Optimum Recruitment Group (Qld) Pty Ltd,"Level 17, 40 Creek Street, Brisbane, QLD  4000",No,No,,,,,,,,1828741,General Goods and Services,,,,
,Griffith University,"170 Kessels Road, Nathan Qld 4111",Consultancy Services,9/12/2019,25025,Suicide Risk Assessment Australia,"PO Box 178, Engadine, NSW  2233",No,No,,,,,,,,333869,General Goods and Services,GU4600,,,
,Griffith University,"170 Kessels Road, Nathan Qld 4111",Consultancy,10/12/2019,18700,BDO (Qld) Pty Ltd,"Level 10, 12 Creek Street, Brisbane, QLD  4000",No,No,,,,,,,,1828850,General Goods and Services,,,,
,Griffith University,"170 Kessels Road, Nathan Qld 4111",L04 Addressable analogue devices,10/12/2019,18238,Dylmount Pty Ltd,"PO Box 57, Albion, QLD  4010",No,No,,,,,,,,333918,Building Construction and Maintenance,,,,
,Griffith University,"170 Kessels Road, Nathan Qld 4111",L04 UQ Health fitout,10/12/2019,19096,Dylmount Pty Ltd,"PO Box 57, Albion, QLD  4010",No,No,,,,,,,,333968,Building Construction and Maintenance,,,,
,Griffith University,"170 Kessels Road, Nathan Qld 4111",Advertising and Promotions,10/12/2019,14812,EDU Danmark ApS,"Nikolaj Plads 26, 2nd floor, Copenhagen  DK1067  Denmark",No,No,,,,,,,,1829027,General Goods and Services,,,,
,Griffith University,"170 Kessels Road, Nathan Qld 4111",Staff Recruitment,10/12/2019,27830,Optimum Recruitment Group (Qld) Pty Ltd,"40 Creek Street, Brisbane, QLD  4000",No,No,,,,,,,,1828932,General Goods and Services,,,,
,Griffith University,"170 Kessels Road, Nathan Qld 4111",Scientific Equipment,10/12/2019,192920,Shimadzu Scientific Inst. (Oceania)P/L,"10-16 South Street, Rydalmere, NSW  2116",No,No,,,,,,,,333911,General Goods and Services,,,,
,Griffith University,"170 Kessels Road, Nathan Qld 4111",Support and Installation of Two way radios,10/12/2019,15679,TR Pty Ltd,"PO Box 1185, Blackburn North, VIC  3130",No,No,,,,,,,,333924,General Goods and Services,,,,
,Griffith University,"170 Kessels Road, Nathan Qld 4111",APAIE/NAFSA/EAIE Participation,11/12/2019,33330,AUIDF,"PO Box 7170, Redhead, NSW  2290",No,No,,,,,,,,1821606,General Goods and Services,,,,
,Griffith University,"170 Kessels Road, Nathan Qld 4111",ANZCC 2018 Conference,11/12/2019,15394,Australia New Zealand Control Conference,"Dept of Electrical Engineering, University of WA, 35 Stirling Hwy, Crawley, WA  6009",No,No,,,,,,,,1826036,General Goods and Services,,,,
,Griffith University,"170 Kessels Road, Nathan Qld 4111",ANZCC 2017 Conference,11/12/2019,26515,Australia New Zealand Control Conference,"Dept of Electrical Engineering, University of WA, 35 Stirling Hwy, Crawley, WA  6009",No,No,,,,,,,,1826037,General Goods and Services,,,,
,Griffith University,"170 Kessels Road, Nathan Qld 4111",Venue and Event Hire,11/12/2019,16500,Brisbane Powerhouse Pty Ltd,"119 Lamington Street, New Farm, QLD  4005",No,No,,,,,,,,333984,General Goods and Services,,,,
,Griffith University,"170 Kessels Road, Nathan Qld 4111",N53 & N54 Furniture,11/12/2019,79635,Incorporate Space,"PO Box 864, Sunnybank, QLD  4109",No,No,,,,,,,,334002,General Goods and Services,,,,
,Griffith University,"170 Kessels Road, Nathan Qld 4111",S02 AV Equipment,11/12/2019,11991,ProAV Solutions Queensland,"PO Box 2722, Toowong, QLD  4066",No,No,,,,,,,,333987,General Goods and Services,,,,
,Griffith University,"170 Kessels Road, Nathan Qld 4111",Software Subscription,13/12/2019,37709,Net Read Pty Ltd,"PO Box 1221, Indooroopilly, QLD  4068",No,No,,,,,,,,1821741,Information and Communication Technology,,,,
,Griffith University,"170 Kessels Road, Nathan Qld 4111",Software Subscription,15/12/2019,27500,Council of Aust. University Librarians,"PO Box 8169, Australian National University, Canberra, ACT  0200",No,No,,,,,,,,1824416,Information and Communication Technology,,,,
,Griffith University,"170 Kessels Road, Nathan Qld 4111",100% of Program Fee for 2019 L,15/12/2019,16137,Full Potential Labs Pty Ltd,"Level 4, 17-19 Bridge Street, Sydney, NSW  2000",No,No,,,,,,,,1825773,General Goods and Services,,,,
,Griffith University,"170 Kessels Road, Nathan Qld 4111",Study Tour - Han University Fe,15/12/2019,28657,Hogeschool van Arnhem en Nijmegen,"PO Box 5375, 6802 EJ  Arnhem  Netherlands",No,No,,,,,,,,1829332,General Goods and Services,,,,
,Griffith University,"170 Kessels Road, Nathan Qld 4111",Synthesis and characterization,16/12/2019,15400,Applied Analytical Laboratories Pty Ltd,"Shop 6, 11 Logandowns Drive, Meadowbrook, QLD  4131",No,No,,,,,,,,1827748,General Goods and Services,,,,
,Griffith University,"170 Kessels Road, Nathan Qld 4111",Advertising Campaign,16/12/2019,27836,Publicis Australia Pty Ltd,"Level 2, 164 Grey Street, South Brisbane, QLD 4101",No,No,,,,,,,,1825326,General Goods and Services,,,,
,Griffith University,"170 Kessels Road, Nathan Qld 4111",Advertising and Promotions,18/12/2019,21274,Serotonin Creative,"22 Petrie Terrace, Brisbane, QLD  4000",No,No,,,,,,,,1830050,General Goods and Services,,,,
,Griffith University,"170 Kessels Road, Nathan Qld 4111",Advertising and Promotions,19/12/2019,26730,ADZ Impact Promotional Products Pty Ltd,"31 Royal Parade, Ashgrove, QLD  4060",No,No,,,,,,,,1824414,General Goods and Services,,,,
,Griffith University,"170 Kessels Road, Nathan Qld 4111",Software Licence Fees,19/12/2019,127249,Atmire Nv,Belgium,Yes,No,,,,,,,,C00731,Information and Communication Technology,,,,
,Griffith University,"170 Kessels Road, Nathan Qld 4111",Software Subscription,19/12/2019,33852,Edward Elgar Publishing LTD,"15 Lansdown Road, Cheltenham  GL50 2JA  Great Britain",No,No,,,,,,,,1823263,Information and Communication Technology,,,,
,Griffith University,"170 Kessels Road, Nathan Qld 4111",Software Subscription,20/12/2019,33940,EBSCO International Inc,"Level 8, 132 Arthur Street, North Sydney, NSW  2060",No,No,,,,,,,,1825200,Information and Communication Technology,,,,
,Griffith University,"170 Kessels Road, Nathan Qld 4111",Joint Operating Costs,20/12/2019,49487,Sunshine Coast Health Institute,"PO Box 5155, Sunshine Coast MC, QLD  4560",No,No,,,,,,,,1823868,General Goods and Services,,,,
,Griffith University,"170 Kessels Road, Nathan Qld 4111",Software subscription,22/12/2019,90134,Clarivate Analytics (UK) Limited,"Friars House, 160 Blackfriars Road, London  SE1 8EZ  Great Britain",No,No,,,,,,,,1826872,Information and Communication Technology,,,,
,Griffith University,"170 Kessels Road, Nathan Qld 4111",Software Subscription,22/12/2019,254547,RMIT Training Pty Ltd,"PO Box 12058  A'Beckett Street, Melbourne, VIC  8006",No,No,,,,,,,,1825187,Information and Communication Technology,,,,
,Griffith University,"170 Kessels Road, Nathan Qld 4111",Software Subscription,25/12/2019,29172,Cengage Learning Australia Pty Ltd,"Level 7, 80 Dorcas Street, South Melbourne, VIC  3205",No,No,,,,,,,,1825196,Information and Communication Technology,,,,
,Griffith University,"170 Kessels Road, Nathan Qld 4111",Electrical Equipment Test and tag,25/12/2019,11952,Elite Test & Tag Brisbane South,"188 Sterculia Avenue, Holland Park West, QLD  4121",No,No,,,,,,,,1824915,General Goods and Services,,,,
,Griffith University,"170 Kessels Road, Nathan Qld 4111",Software Subscription,25/12/2019,33990,Therapeutic Guidelines Ltd,"473 Victoria Street, West Melbourne, VIC  3003",No,No,,,,,,,,1825203,Information and Communication Technology,,,,
,Griffith University,"170 Kessels Road, Nathan Qld 4111",Software Subscription,25/12/2019,150250,Thomson Legal & Regulatory Limited,"GPO Box 2706, Sydney, NSW  2001",No,No,,,,,,,,1826552,Information and Communication Technology,,,,
,Griffith University,"170 Kessels Road, Nathan Qld 4111",Software Subscription,25/12/2019,146781,Thomson Legal & Regulatory Limited,"GPO Box 2706, Sydney, NSW  2001",No,No,,,,,,,,1826610,Information and Communication Technology,,,,
,Griffith University,"170 Kessels Road, Nathan Qld 4111",CS Top Talent Velocity Project 50%,26/12/2019,14850,ELABOR8 Pty Ltd,"Level 8 455 Bourke Street, Melbourne, VIC  3000",No,No,,,,,,,,1826747,General Goods and Services,,,,
,Griffith University,"170 Kessels Road, Nathan Qld 4111",Consultancy,26/12/2019,15400,HWL Ebsworth Lawyers,"GPO Box 2033, Brisbane, QLD  4001",No,No,,,,,,,,1825960,General Goods and Services,,,,
,Griffith University,"170 Kessels Road, Nathan Qld 4111",Software Subscription,26/12/2019,470601,JStor,"2 Rector Street, 18th Floor, New York, NY  10006  USA",No,No,,,,,,,,1825892,Information and Communication Technology,,,,
,Griffith University,"170 Kessels Road, Nathan Qld 4111",Software Subscription,27/12/2019,2119664,Cengage Learning Australia Pty Ltd,"Level 7, 80 Dorcas Street, South Melbourne, VIC  3205",No,No,Limited,,,,,,,1825889,Information and Communication Technology,,,,
,Griffith University,"170 Kessels Road, Nathan Qld 4111",Advertising and Promotions,27/12/2019,34998,eduKUDU ltd,"Hove Business Centre, Fonthill Road  BN3 6HA  Great Britain",No,No,,,,,,,,1825789,General Goods and Services,,,,
,Griffith University,"170 Kessels Road, Nathan Qld 4111",Scientific Equipment,27/12/2019,36850,In Vitro Technologies Pty Ltd,"7-9 Summit Road, Noble Park, VIC  3174",No,No,,,,,,,,1826544,General Goods and Services,,,,
,Griffith University,"170 Kessels Road, Nathan Qld 4111",Artworks,27/12/2019,29700,Josh Milani Gallery Pty Ltd,"1/270 Montague Road, West End, QLD  4101",No,No,,,,,,,,1827634,General Goods and Services,,,,
,Griffith University,"170 Kessels Road, Nathan Qld 4111",Artworks,27/12/2019,24200,Josh Milani Gallery Pty Ltd,"1/270 Montague Road, West End, QLD  4101",No,No,,,,,,,,1827635,General Goods and Services,,,,
,Griffith University,"170 Kessels Road, Nathan Qld 4111",AMSI Membership 2020,27/12/2019,16500,University of Melbourne,"Raymond Priestley Bldg, Gratton Street, Melbourne, VIC  3010",No,No,,,,,,,,1826270,General Goods and Services,,,,
,Griffith University,"170 Kessels Road, Nathan Qld 4111",AMSI Membership 2021,27/12/2019,16500,University of Melbourne,"Raymond Priestley Bldg, Gratton Street, Melbourne, VIC  3010",No,No,,,,,,,,1826438,General Goods and Services,,,,
,Griffith University,"170 Kessels Road, Nathan Qld 4111",LANTITE fees November,29/12/2019,42384,ACER - Aust Council for Edu Research Ltd,"Private Bag 55, Camberwell, VIC  3124",No,No,,,,,,,,1828456,General Goods and Services,,,,
,Griffith University,"170 Kessels Road, Nathan Qld 4111",IELTS tests,30/12/2019,85267,IELTS Australia Pty Ltd,"GPO Box 2006, Canberra, ACT  2601",No,No,,,,,,,,1828182,General Goods and Services,,,,
,Griffith University,"170 Kessels Road, Nathan Qld 4111",Software Subscription,1/01/2020,42655,Clarivate Analytics (UK) Limited,"Friars House, 160 Blackfriars Road, London  SE1 8EZ  Great Britain",No,No,,,,,,,,1827853,Information and Communication Technology,,,,
,Griffith University,"170 Kessels Road, Nathan Qld 4111",Software and Licenses subscription,1/01/2020,183989,"Xinspire, Llc",USA,Yes,No,,,,,,,,C01412,Information and Communication Technology,,,,
,Griffith University,"170 Kessels Road, Nathan Qld 4111",G10 Graham Jones Centre Roof repairs,2/01/2020,10626,Descab Pty Ltd t/a Qld Multi Trades,"34 Hindes Street, Lota, QLD  4178",No,No,,,,,,,,334164,Building Construction and Maintenance,,,,
,Griffith University,"170 Kessels Road, Nathan Qld 4111",Temi telepresence robots,2/01/2020,27560,Exaptec Pty Ltd,"5A Hartnett Close, Mulgrave, VIC  3170",No,No,,,,,,,,1830399,General Goods and Services,,,,
,Griffith University,"170 Kessels Road, Nathan Qld 4111",Software and Licenses,2/01/2020,61523,Integral Technology Solutions,"Level 3, 201 Leichardt Street, Spring Hill, QLD  4000",No,No,,,,,,,,334152,Information and Communication Technology,,,,
,Griffith University,"170 Kessels Road, Nathan Qld 4111",Robot Kits,2/01/2020,13880,JRC,"Cheonkyecheon-ro 159, Ga-dong Na 428 ho, Jongno-gu, Seoul  03194  Korea",No,No,,,,,,,,1828618,General Goods and Services,,,,
,Griffith University,"170 Kessels Road, Nathan Qld 4111",Artworks,2/01/2020,12500,The Commercial Gallery Pty Ltd,"Unit 5, 4 Jabez Street, Marrickville, NSW  2204",No,No,,,,,,,,1830375,General Goods and Services,,,,
,Griffith University,"170 Kessels Road, Nathan Qld 4111",MSA-050 Micro System Analyzer,2/01/2020,253911,Warsash Scientific Pty Ltd,"PO Box 1685, Strawberry Hills, NSW  2012",No,No,,,,,,,,334146,General Goods and Services,,,,
,Griffith University,"170 Kessels Road, Nathan Qld 4111",Advertising and Promotions,3/01/2020,21725,Chimera Project,"44 Mirbelia Street, Everton Hills, QLD  4053",No,No,,,,,,,,1827715,General Goods and Services,,,,
,Griffith University,"170 Kessels Road, Nathan Qld 4111",Comprehensive Service Agreement,4/01/2020,36300,Bio-Strategy Pty Limited,"PO Box 14, Campbellfield, VIC  3061",No,No,,,,,,,,1828617,General Goods and Services,,,,
,Griffith University,"170 Kessels Road, Nathan Qld 4111",Advertising and Promotions,4/01/2020,11550,In Queensland Media Pty Ltd,"Level 15, 111 Eagle Street, Brisbane, QLD  4000",No,No,,,,,,,,1830422,General Goods and Services,,,,
,Griffith University,"170 Kessels Road, Nathan Qld 4111",Consultancy ,4/01/2020,27500,Nous Group Pty Ltd,"PO Box 13069, Melbourne Law Courts, VIC  8010",No,No,,,,,,,,1829009,General Goods and Services,,,,
,Griffith University,"170 Kessels Road, Nathan Qld 4111",Software Licence Fees,6/01/2020,265967,Integrated Research Systems Pty Ltd,"110 Drummond Street, CARLTON, VIC  3053",Yes,No,,,,,,,,C00493,Information and Communication Technology,,,,
,Griffith University,"170 Kessels Road, Nathan Qld 4111",Student Experience Advertising and Promotions,6/01/2020,28395,The Social Research Centre Pty Ltd,"Level 1, 262 Victoria Street, North Melbourne, VIC  3051",No,No,,,,,,,,334293,General Goods and Services,,,,
,Griffith University,"170 Kessels Road, Nathan Qld 4111",2020 Debt Collection,7/01/2020,44000,Commercial Credit Services Pty Ltd,"PO Box 453, Blacktown, NSW  2148",No,No,,,,,,,,334330,General Goods and Services,,,,
,Griffith University,"170 Kessels Road, Nathan Qld 4111",Lead Facilitator Managing at Griffith Program 2020,7/01/2020,16390,Foresight Improvement Through People P/L,"24 Carrock Court, Mt Coolum, QLD  4573",No,No,,,,,,,,334324,General Goods and Services,,,,
,Griffith University,"170 Kessels Road, Nathan Qld 4111",N22 trial air conditioning unit,7/01/2020,63327,Johnson Controls Australia Pty Ltd,"4/121 Newmarket Road, Windsor, QLD  4030",No,No,,,,,,,,334313,General Goods and Services,,,,
,Griffith University,"170 Kessels Road, Nathan Qld 4111",2020 CLF Waste Removal,8/01/2020,123938,Ace Waste Pty Ltd,"PO Box 400, Acacia Ridge, QLD  4110",No,No,,,,,,,,334390,General Goods and Services,,,,
,Griffith University,"170 Kessels Road, Nathan Qld 4111",2020 Donor Cremations,8/01/2020,16500,Allambe Memorial Park T/a Invocare Austr,"Nerang-Broadbeach Road, Nerang, QLD  4211",No,No,,,,,,,,334401,General Goods and Services,,,,
,Griffith University,"170 Kessels Road, Nathan Qld 4111",2020 Fire Protection Systems and Equipment Services,8/01/2020,1394622,Dylmount Pty Ltd,"PO Box 57, Albion, QLD  4010",No,No,Open,,,,,,,334387,General Goods and Services,,,,
,Griffith University,"170 Kessels Road, Nathan Qld 4111",Furniture,8/01/2020,109039,Incorporate Space,"PO Box 864, Sunnybank, QLD  4109",No,No,,,,,,,,334441,General Goods and Services,,,,
,Griffith University,"170 Kessels Road, Nathan Qld 4111",2020 CLF- Provision of water treatment services,8/01/2020,154054,IWTS Group Pty Ltd,"7/39-45 Secam Street, Mansfield, QLD  4122",No,No,,,,,,,,334389,General Goods and Services,,,,
,Griffith University,"170 Kessels Road, Nathan Qld 4111",Advertising and Promotions,8/01/2020,17172,Kilroy International A/S,"Nytorv 5, Copenhagen K  1450  Denmark",No,No,,,,,,,,1831202,General Goods and Services,,,,
,Griffith University,"170 Kessels Road, Nathan Qld 4111",Advertsing and Promotions,8/01/2020,13998,Nature Pty Ltd,"139 Dover Street, Cremorne, VIC  3121",No,No,,,,,,,,1829028,General Goods and Services,,,,
,Griffith University,"170 Kessels Road, Nathan Qld 4111",Advertising and Promotions,8/01/2020,19663,Nature Pty Ltd,"139 Dover Street, Cremorne, VIC  3121",No,No,,,,,,,,1829029,General Goods and Services,,,,
,Griffith University,"170 Kessels Road, Nathan Qld 4111",2020 CLF-Lift Maintenance,8/01/2020,437107,Otis Elevator Co Pty Ltd,"PO Box 1036, Brisbane, QLD  4001",No,No,,,,,,,,334388,Building Construction and Maintenance,,,,
,Griffith University,"170 Kessels Road, Nathan Qld 4111",Software License and Support,8/01/2020,25795,"PaperCept, Inc","10344 Virginia Lee Drive, Centerviille, OH  45458  USA",No,No,,,,,,,,1831189,Information and Communication Technology,,,,
,Griffith University,"170 Kessels Road, Nathan Qld 4111",Membership,8/01/2020,27000,Rozetta Institute Limited,"Level 2, 55 Harrington Street, Sydney, NSW  2000",No,No,,,,,,,,1830417,General Goods and Services,,,,
,Griffith University,"170 Kessels Road, Nathan Qld 4111",Staff Relocation,8/01/2020,13200,Sirva Relocation,"490 Freeman Road, Richlands, QLD  4077",No,No,,,,,,,,334430,General Goods and Services,,,,
,Griffith University,"170 Kessels Road, Nathan Qld 4111",Advertising and Promotions,8/01/2020,10409,Study Options,"83 Alma Road, Clifton, Bristol  BS8 2DP  Great Britain",No,No,,,,,,,,1830956,General Goods and Services,,,,
,Griffith University,"170 Kessels Road, Nathan Qld 4111",Academic Regalia Grads Stage & Photography,8/01/2020,23461,Werkz Studio Pte Ltd,"140 Paya Lebar Road, 409015  Singapore",No,No,,,,,,,,1831074,General Goods and Services,,,,
,Griffith University,"170 Kessels Road, Nathan Qld 4111",2020 CLF- Corrective repairs and services,9/01/2020,5180821,Precise Air Group P/L,"PO Box 1859, Springwood, QLD  4128",No,No,Limited,,,,,,,334451,Building Construction and Maintenance,GU1866,,,
,Griffith University,"170 Kessels Road, Nathan Qld 4111",V00 Active Learning Space Construction,9/01/2020,378656,Premis Solutions Pty Ltd,"PO Box 114, Toowong, QLD  4066",No,No,,,,,,,,334482,Building Construction and Maintenance,,,,
,Griffith University,"170 Kessels Road, Nathan Qld 4111",2020 Manager As Coach Program,9/01/2020,85910,SAGE insights Australia Pty Ltd,"PO Box 1193, Pasadena, SA  5042",No,No,,,,,,,,334457,General Goods and Services,,,,
,Griffith University,"170 Kessels Road, Nathan Qld 4111",Software and Licenses subscription,9/01/2020,160145,West UC Australia Pty Ltd,"Level 6, 171 Clarence Street, Sydney, NSW  2000",No,No,,,,,,,,334502,Information and Communication Technology,,,,
,Griffith University,"170 Kessels Road, Nathan Qld 4111",Campus Review subscription,10/01/2020,11388,APN Educational Media,"PO Box 488, Darlinghurst, NSW  1300",No,No,,,,,,,,1832371,General Goods and Services,,,,
,Griffith University,"170 Kessels Road, Nathan Qld 4111",Advertising and Promotions,10/01/2020,110000,Argent Group Pty Ltd,"3 Flamingo Cresent, Thorlands, QLD  4164",No,No,,,,,,,,334566,General Goods and Services,GU2662,,,
,Griffith University,"170 Kessels Road, Nathan Qld 4111",Musical Director Consultant,10/01/2020,15598,Auspicious Arts Projects Inc,"1/117 Sturt Street, Southbank, VIC  3006",No,No,,,,,,,,334541,General Goods and Services,,,,
,Griffith University,"170 Kessels Road, Nathan Qld 4111",Education and Training,10/01/2020,22694,Harvard Business School,"1 Soldiers Field Road, Boston, MA  02163  USA",No,No,,,,,,,,1832167,General Goods and Services,,,,
,Griffith University,"170 Kessels Road, Nathan Qld 4111",E-learning 2020: Software Licence Fee,11/01/2020,15469,GynZone,"Jaegergaardsgate 156 R, Aarhus  8000  Denmark",No,No,,,,,,,,1832373,Information and Communication Technology,,,,
,Griffith University,"170 Kessels Road, Nathan Qld 4111",Consultancy ,13/01/2020,110000,Calibre Consulting Group,"80 Dengate Lane, St Lucia, QLD  4067",No,No,,,,,,,,334635,General Goods and Services,GU4604,,,
,Griffith University,"170 Kessels Road, Nathan Qld 4111",Consultancy ,13/01/2020,176000,Calibre Consulting Group,"80 Dengate Lane, St Lucia, QLD  4067",No,No,,,,,,,,334634,General Goods and Services,GU4603,,,
,Griffith University,"170 Kessels Road, Nathan Qld 4111",Consultancy ,13/01/2020,55000,Cooper Grace Ward,"Level 21, 400 George Street, Brisbane, QLD  4000",No,No,,,,,,,,334633,General Goods and Services,,,,
,Griffith University,"170 Kessels Road, Nathan Qld 4111",N61 Moot Court Refurbishment,13/01/2020,236239,Premis Solutions Pty Ltd,"PO Box 114, Toowong, QLD  4066",No,No,,,,,,,,334667,Building Construction and Maintenance,,,,
,Griffith University,"170 Kessels Road, Nathan Qld 4111",Scientific Services,14/01/2020,16485,Gold Coast City Council,"PO Box 5042, GCMC, QLD  9729",No,No,,,,,,,,1833153,General Goods and Services,,,,
,Griffith University,"170 Kessels Road, Nathan Qld 4111",Accommodation Future Leaders Retreat,14/01/2020,13200,Runaway Bay Sport & Leadership Centre,"PO Box 294, Runaway Bay, QLD  4216",No,No,,,,,,,,334700,General Goods and Services,GU4608,,,
,Griffith University,"170 Kessels Road, Nathan Qld 4111",Software subscription,15/01/2020,11921,Elsevier Inc.,"3251 Riverport Lane, Maryland Heights, MO  63043  USA",No,No,,,,,,,,1833146,Information and Communication Technology,,,,
,Griffith University,"170 Kessels Road, Nathan Qld 4111",2020 staff flu vaccinations,15/01/2020,47285,Health Care Staff Pty Ltd,"Suite 122, 4/58 High St, Toowong, QLD  4066",No,No,,,,,,,,334869,Medical,,,,
,Griffith University,"170 Kessels Road, Nathan Qld 4111",Conference Venue,15/01/2020,18700,Mantra on View Hotel,"22 View Avenue, Surfers Paradise, QLD  4217",No,No,,,,,,,,334848,General Goods and Services,GU4610,,,
,Griffith University,"170 Kessels Road, Nathan Qld 4111",2020 GBS Gala Dinner,15/01/2020,93500,Sofitel Brisbane,"GPO Box 1211, Brisbane, QLD  4001",No,No,,,,,,,,334823,General Goods and Services,,,,
,Griffith University,"170 Kessels Road, Nathan Qld 4111",SurveyEngine Software subscription,15/01/2020,54193,SurveyEngine,"Potsdamer Platz 1, Berlin  10785  Germany",No,No,,,,,,,,334846,Information and Communication Technology,,,,
,Griffith University,"170 Kessels Road, Nathan Qld 4111","	
ICT Prof Services contract extension",16/01/2020,145860,Calibre Consulting Group,"80 Dengate Lane, St Lucia, QLD  4067",Yes,No,,,,,,,,334881,General Goods and Services,,,,
,Griffith University,"170 Kessels Road, Nathan Qld 4111",OIvoclar Dental Clinic  Pros 3d Printing,16/01/2020,22000,Ivoclar Vivadent Pty Ltd,"1-5 Overseas Drive, Noble Park  North, VIC  3174",No,No,,,,,,,,334880,General Goods and Services,,,,
,Griffith University,"170 Kessels Road, Nathan Qld 4111",Screenrights licence,16/01/2020,255486,Screenrights,"PO Box 1248, Neutral Bay, NSW  2089",No,No,,,,,,,,334893,General Goods and Services,GU4360,,,
,Griffith University,"170 Kessels Road, Nathan Qld 4111",G06 2.30 PABX UPS,16/01/2020,15860,Sure Power,"4 Manilla Street, East Brisbane, QLD  4169",No,No,,,,,,,,334898,General Goods and Services,,,,
,Griffith University,"170 Kessels Road, Nathan Qld 4111",Software subscription,17/01/2020,31350,Australian Institute of Health & Welfare,"GPO Box 570, Canberra, ACT  2601",No,No,,,,,,,,1833924,Information and Communication Technology,,,,
,Griffith University,"170 Kessels Road, Nathan Qld 4111",2020 Employee assistance program,17/01/2020,80000,Benestar Group Pty Ltd,"Level 3, 44 Marker Street,Sydney, NSW  2000",No,No,,,,,,,,334977,General Goods and Services,,,,
,Griffith University,"170 Kessels Road, Nathan Qld 4111",Fuel Cell Test Station,17/01/2020,59565,Scribner Associates Inc,"150 E. Connecticut Ave, Southern Pines, NC  28387  USA",No,No,,,,,,,,334971,General Goods and Services,,,,
,Griffith University,"170 Kessels Road, Nathan Qld 4111",Software subscription,17/01/2020,166247,Springer Customer Service Centre GmbH,"Haberstrasse 7, Heidelberg  D69126  Germany",No,No,,,,,,,,1833721,Information and Communication Technology,,,,
,Griffith University,"170 Kessels Road, Nathan Qld 4111",Consultancy,18/01/2020,15363,HWL Ebsworth Lawyers,"GPO Box 2033, Brisbane, QLD  4001",No,No,,,,,,,,1830793,General Goods and Services,,,,
,Griffith University,"170 Kessels Road, Nathan Qld 4111",2020 CLF Minor Works repairs and services,20/01/2020,11000,Anning Curtains,"68 Davenport Street, Southport, QLD  4215",No,No,,,,,,,,335064,Building Construction and Maintenance,,,,
,Griffith University,"170 Kessels Road, Nathan Qld 4111",2020 CLF Minor Works repairs and services,20/01/2020,11000,Bell Spec Pty Ltd t/a Southport Carpets,"1/39-41 Olympic Circuit, Southport, QLD  4215",No,No,,,,,,,,335087,Building Construction and Maintenance,,,,
,Griffith University,"170 Kessels Road, Nathan Qld 4111",S7: N27 & N75 Chiller Upgrade works,20/01/2020,104837,Carrier Australia Pty Ltd,"341 Boundary Rd, Dingley, VIC  3172",No,No,,,,,,,,335169,Building Construction and Maintenance,,,,
,Griffith University,"170 Kessels Road, Nathan Qld 4111",Cleaning Services,20/01/2020,21890,Darling Downs Hospital & Health Service,"Darling Downs Hospital & Health Service, PMB 2, Toowoomba, QLD  4350",No,No,,,,,,,,335056,General Goods and Services,,,,
,Griffith University,"170 Kessels Road, Nathan Qld 4111",Cleaning Services,20/01/2020,20900,DMS Cleaning Service,"8 Primrose Court, Hollywell, QLD  4216",No,No,,,,,,,,335081,General Goods and Services,,,,
,Griffith University,"170 Kessels Road, Nathan Qld 4111",2020 Ibis Management Lake Elleslie,20/01/2020,13200,Ecosure Pty Ltd,"PO Box 675, Fortitude Valley, QLD  4006",No,No,,,,,,,,335066,General Goods and Services,,,,
,Griffith University,"170 Kessels Road, Nathan Qld 4111",Pest Management and services,20/01/2020,719441,Flick Anticimex Pty Ltd,"PO Box 256, Virginia, QLD  4014",No,No,Open,,,,,,,3885,General Goods and Services,,,,
,Griffith University,"170 Kessels Road, Nathan Qld 4111",2020 CLF- Landfill / green waste services,20/01/2020,22000,Gold Coast City Council,"PO Box 5042, GCMC, QLD 9729",No,No,,,,,,,,335082,General Goods and Services,,,,
,Griffith University,"170 Kessels Road, Nathan Qld 4111",2020 Pool Vehicle Servicing,20/01/2020,18150,Grand Motors,"PO Box 7834, Gold Coast, QLD  9726",No,No,,,,,,,,335153,General Goods and Services,,,,
,Griffith University,"170 Kessels Road, Nathan Qld 4111",2020 CLF Minor Works repairs and services,20/01/2020,11000,Hosmed Services Pty Ltd,"PO Box 637, Virginia, QLD  4014",No,No,,,,,,,,335089,General Goods and Services,,,,
,Griffith University,"170 Kessels Road, Nathan Qld 4111",2020 QPAC advertising ,20/01/2020,26400,Queensland Performing Arts Trust,"PO Box 3567, Sth Brisbane, QLD  4101",No,No,,,,,,,,335105,General Goods and Services,,,,
,Griffith University,"170 Kessels Road, Nathan Qld 4111",2020 CLF- Plumbing Minor Works Repairs and Services,20/01/2020,11000,Reece Pty Ltd,"7 Flanders Street, Salisbury, QLD  4107",No,No,,,,,,,,335088,General Goods and Services,,,,
,Griffith University,"170 Kessels Road, Nathan Qld 4111",2020 CLF- Minor Works repairs and services,20/01/2020,11000,Roof & Building Service (Aus) Pty Ltd,"PO Box 426, Hamilton Central, QLD  4007",No,No,,,,,,,,335091,Building Construction and Maintenance,,,,
,Griffith University,"170 Kessels Road, Nathan Qld 4111","G16 Lift Replacement, Gold Coast campus",20/01/2020,198000,Schindler Lifts Australia Pty Ltd,"PO Box 7153, Alexandria, NSW  2015",No,No,,,,,,,,335032,Building Construction and Maintenance,,,,
,Griffith University,"170 Kessels Road, Nathan Qld 4111",Staff Relocation,20/01/2020,19800,Sirva Relocation,"490 Freeman Road, Richlands, QLD  4077",No,No,,,,,,,,335178,General Goods and Services,,,,
,Griffith University,"170 Kessels Road, Nathan Qld 4111",Equipment Maintenance,20/01/2020,16500,W&H Service Centre,"PO Box 380, Edwardstown, SA  5039",No,No,,,,,,,,335061,General Goods and Services,,,,
,Griffith University,"170 Kessels Road, Nathan Qld 4111",S8:  Roof Safety Systems Nathan campus,21/01/2020,205842,Aegis Safety Pty Ltd,"1/119 Delta Street, Geebung, QLD  4034",No,No,,,,,,,,335209,Building Construction and Maintenance,,,,
,Griffith University,"170 Kessels Road, Nathan Qld 4111",2020 Australia Post Services,21/01/2020,385000,Australia Post,"GPO Box 6995, Brisbane, QLD  4001",No,No,,,,,,,,335197,General Goods and Services,,,,
,Griffith University,"170 Kessels Road, Nathan Qld 4111",Staff Recruitment,21/01/2020,22555,Insight Management Consultants P/L,"Level 7, 230 Collins Street,Melbourne, VIC  3000",No,No,,,,,,,,1834358,General Goods and Services,,,,
,Griffith University,"170 Kessels Road, Nathan Qld 4111",Strategic Planning Day Greek Club,21/01/2020,11000,The Greek Club and Convention Centre,"PO Box 5067, West End, QLD  4101",No,No,,,,,,,,335257,General Goods and Services,GU4616,,,
,Griffith University,"170 Kessels Road, Nathan Qld 4111",Cleaning Services,22/01/2020,42546455,ISS Facility Services Australia Limited,"Level1, 7 Terrace Place, Marrarie, QLD  4172",Yes,No,Open,,,,,,,2642,General Goods and Services,,,,
,Griffith University,"170 Kessels Road, Nathan Qld 4111",Outdoor and TV advertising,22/01/2020,182600,Mediacom Australia Pty Ltd,"GPO Box 1000, Brisbane, QLD  4001",No,No,,,,,,,,335347,General Goods and Services,,,,
,Griffith University,"170 Kessels Road, Nathan Qld 4111",Equipment Maintenance,22/01/2020,10301,Turbo Vacuum,"1021 E Robinson St, STE A, Orlando, FL  32801  USA",No,No,,,,,,,,335288,General Goods and Services,,,,
,Griffith University,"170 Kessels Road, Nathan Qld 4111",LGNOS - Conductor Fee,22/01/2020,10628,Ward Stare,"470 Park Avenue South - 9th Fl. North, New York, NY  10016  USA",No,No,,,,,,,,1833954,General Goods and Services,,,,
,Griffith University,"170 Kessels Road, Nathan Qld 4111",Consultancy Services,23/01/2020,105160,Resource Co-Ordination Partnership Pty L,"GPO Box 2271, Brisbane, QLD  4001",No,No,,,,,,,,335376,General Goods and Services,GU4605,,,
,Griffith University,"170 Kessels Road, Nathan Qld 4111",WA Consumer Study Consultancy,23/01/2020,13200,The University of Adelaide,"North Terrace, Adelaide, SA  5005",No,No,,,,,,,,335442,General Goods and Services,,,,
,Griffith University,"170 Kessels Road, Nathan Qld 4111",2020 Freight Account,24/01/2020,88000,DHL Express (Australia) Pty Ltd,"GPO Box 5274, Eagle Farm, QLD  4009",No,No,,,,,,,,335460,General Goods and Services,,,,
,Griffith University,"170 Kessels Road, Nathan Qld 4111",Advertising and Promotions,24/01/2020,10605,GOstralia!-GOzealand! GmbH,"JagerstraBe 53, Stuttgart  70174  Germany",No,No,,,,,,,,1835034,General Goods and Services,,,,
,Griffith University,"170 Kessels Road, Nathan Qld 4111",Toyota RAV4 Hybrid GX 2WD,24/01/2020,32779,Grand Motors,"PO Box 7834, Gold Coast, QLD  9726",No,No,,,,,,,,335488,General Goods and Services,,,,
,Griffith University,"170 Kessels Road, Nathan Qld 4111",Rights to perform Wicked,24/01/2020,33000,Hal Leonard Australia Pty Ltd,"PO Box 5130, Cheltenham East, VIC  3192",No,No,,,,,,,,335499,Information and Communication Technology,,,,
,Griffith University,"170 Kessels Road, Nathan Qld 4111",IWC Pakistan Water Governance Program,24/01/2020,68389,International Water Centre Pty Ltd,"PO Box 10907 Adelaide Street, Brisbane, QLD  4000",No,No,,,,,,,,335538,General Goods and Services,GU4614,,,
,Griffith University,"170 Kessels Road, Nathan Qld 4111",Education and Training,24/01/2020,33000,Invision Media Pty Ltd,"PO Box 5014, Paddington, QLD  4064",No,No,,,,,,,,1834872,General Goods and Services,,,,
,Griffith University,"170 Kessels Road, Nathan Qld 4111",2020-2021 Software Subscription,24/01/2020,127544,LogMeIn AUS Pty Ltd,"Level 19, 20 Martin Place, Sydney, NSW  2000",No,No,,,,,,,,335514,Information and Communication Technology,,,,
,Griffith University,"170 Kessels Road, Nathan Qld 4111",2020 Independent consultant,24/01/2020,75000,Persian Blue Sky Pty Ltd,"58 Clarke Street, Hendra, QLD  4011",No,No,,,,,,,,335472,General Goods and Services,,,,
,Griffith University,"170 Kessels Road, Nathan Qld 4111",Payroll Review 2020,24/01/2020,329221,Pricewaterhouse Coopers Consulting Aust,"Darling Park Tower 2, 201 Sussex Street, Sydney, NSW  2000",No,No,,,,,,,,335555,General Goods and Services,GU4618,,,
,Griffith University,"170 Kessels Road, Nathan Qld 4111",Software subscription,24/01/2020,34624,ProQuest LLC,"6216 Paysphere Circle, Chicago, IL  60674  USA",No,No,,,,,,,,1834232,Information and Communication Technology,,,,
,Griffith University,"170 Kessels Road, Nathan Qld 4111",Software subscription,24/01/2020,27512,ProQuest LLC,"6216 Paysphere Circle, Chicago, IL  60674  USA",No,No,,,,,,,,1834233,Information and Communication Technology,,,,
,Griffith University,"170 Kessels Road, Nathan Qld 4111",Software subscription,24/01/2020,22000,QS Enrolment Solutions (Australia) Pty L,"Level 3, 595 Collins Street, Melbourne, VIC  3000",No,No,,,,,,,,1835255,Information and Communication Technology,,,,
,Griffith University,"170 Kessels Road, Nathan Qld 4111",Education and Training,27/01/2020,12870,Institute of Managers and Leaders Ltd,"GPO Box 2229, Brisbane, QLD  4000",No,No,,,,,,,,1835332,General Goods and Services,,,,
,Griffith University,"170 Kessels Road, Nathan Qld 4111",2020 CLF Corrective repairs and services,28/01/2020,33000,All Door Solutions Pty Ltd,"PO Box 4818, Loganholme, QLD  4129",No,No,,,,,,,,335631,Building Construction and Maintenance,,,,
,Griffith University,"170 Kessels Road, Nathan Qld 4111",2020 Bloomberg Terminal Subscriptions,28/01/2020,201703,Bloomberg Australia Pty. Ltd.,"Level 27, 1 Bligh Street, Sydney, NSW  2000",No,No,,,,,,,,335568,Information and Communication Technology,,,,
,Griffith University,"170 Kessels Road, Nathan Qld 4111",2020 CLF Minor Works repairs and services,28/01/2020,33000,Bob Shannon Building Contractor,"14 Cambridge Court, Carrara, QLD  4211",No,No,,,,,,,,335632,Building Construction and Maintenance,,,,
,Griffith University,"170 Kessels Road, Nathan Qld 4111",2020 Minor works and repairs for roller & shutter doors,28/01/2020,44000,Dormakaba Australia Pty Ltd,"PO Box 1035, Narre Warren, VIC  3803",No,No,,,,,,,,335576,Building Construction and Maintenance,,,,
,Griffith University,"170 Kessels Road, Nathan Qld 4111",G40 Replacement Signs,28/01/2020,21456,Graphic Concepts ta Signs Etc,"12 Horizon Drive, Beenleigh, QLD  4207",No,No,,,,,,,,335654,General Goods and Services,,,,
,Griffith University,"170 Kessels Road, Nathan Qld 4111",2020 CLF - Landscaping Services,28/01/2020,38500,Green Options Pty Ltd,"PO Box 719, Botany, NSW  2019",No,No,,,,,,,,335633,General Goods and Services,,,,
,Griffith University,"170 Kessels Road, Nathan Qld 4111",2020 CLF - Landscaping Services,28/01/2020,35200,Greenspaces Horticultural Services,"PO Box 5758, Manly, QLD  4179",No,No,,,,,,,,335634,General Goods and Services,,,,
,Griffith University,"170 Kessels Road, Nathan Qld 4111",2020 CLF -  repair work and electrical services,28/01/2020,88000,Haymans Electrical Pty Ltd,"593 Boundary Street, Archerfield, QLD  4108",No,No,,,,,,,,335635,General Goods and Services,,,,
,Griffith University,"170 Kessels Road, Nathan Qld 4111",Specialist Recruitment,28/01/2020,144485,Hays Specialist Recruitment (Australia),"GPO Box 3868, Sydney, NSW  2001",No,No,,,,,,,,335607,General Goods and Services,,,,
,Griffith University,"170 Kessels Road, Nathan Qld 4111",Construction Contractor Services,28/01/2020,527272,Intermain Queensland Pty Ltd,"Level 10, 300 Queen St, Brisbane, QLD  4000",No,No,Open,,,,,,,335678,Building Construction and Maintenance,,,,
,Griffith University,"170 Kessels Road, Nathan Qld 4111",2020 CLF - Corrective & Minor Works,28/01/2020,33000,Leonard Painters Pty Ltd,"43 Rivermill Terrace, Maudsland, QLD  4210",No,No,,,,,,,,335578,Building Construction and Maintenance,,,,
,Griffith University,"170 Kessels Road, Nathan Qld 4111",2020 Staff First Aid Training,28/01/2020,16500,PM Safety Training,"PO Box 3135, Loganholme, QLD  4129",No,No,,,,,,,,335580,General Goods and Services,,,,
,Griffith University,"170 Kessels Road, Nathan Qld 4111",Additional Security,28/01/2020,18700,Spotless Facility Services Pty Ltd,"PO Box 1673, Melbourne, VIC  3004",No,No,,,,,,,,335637,General Goods and Services,,,,
,Griffith University,"170 Kessels Road, Nathan Qld 4111",2020 CLF: Traffic and Security Services,28/01/2020,4094977,Spotless Facility Services Pty Ltd,"PO Box 1673, Melbourne, VIC  3004",No,No,Open,,,,,,,335630,General Goods and Services,GU3718,,,
,Griffith University,"170 Kessels Road, Nathan Qld 4111",2020 CLF - Landscaping Services,28/01/2020,44000,Technigro Pty Ltd,"PO Box 612, Ormeau, QLD  4208",No,No,,,,,,,,335575,General Goods and Services,,,,
,Griffith University,"170 Kessels Road, Nathan Qld 4111",PhotoFinish Camera and Timing Equipment,29/01/2020,32995,Brook Group,"PO Box 299, Ourimbah, NSW  2258",No,No,,,,,,,,335757,General Goods and Services,,,,
,Griffith University,"170 Kessels Road, Nathan Qld 4111",2020 Waste Management services,29/01/2020,928714,Cleanaway Pty Ltd,"Level 4, 441 St Kilda Road, Melbourne, VIC  3004",No,No,Open,,,,,,,335682,General Goods and Services,GU3620,,,
,Griffith University,"170 Kessels Road, Nathan Qld 4111",S07 Chiller gas leak repairs,29/01/2020,27459,Precise Air Group P/L,"PO Box 1859, Springwood, QLD  4128",No,No,,,,,,,,335751,Building Construction and Maintenance,,,,
,Griffith University,"170 Kessels Road, Nathan Qld 4111",S02 Refurbishment Levels 3 and 6 Design Studios,29/01/2020,224477,Quadric Pty Ltd,"31 Barry Parade, Fortitude Valley, QLD  4107",No,No,,,,,,,,335700,Building Construction and Maintenance,,,,
,Griffith University,"170 Kessels Road, Nathan Qld 4111",2020 CLF Minor Works repairs and services,30/01/2020,110000,A1 Building & Property Solutions Pty Ltd,"3 D'aguilar Road, The Gap, QLD  4061",No,No,,,,,,,,335783,Building Construction and Maintenance,,,,
,Griffith University,"170 Kessels Road, Nathan Qld 4111",2020 CLF Minor Works repairs and services,30/01/2020,110000,Amalgamated Property Maint. Brisbane P/L,"PO Box 249, Rochedale South, QLD  4123",No,No,,,,,,,,335784,Building Construction and Maintenance,,,,
,Griffith University,"170 Kessels Road, Nathan Qld 4111",Fire hydrant and hose real compliance review,30/01/2020,68222,Chilton Woodward & Associates,"PO Box 90, Albion BC, QLD  4010",No,No,,,,,,,,335825,General Goods and Services,,,,
,Griffith University,"170 Kessels Road, Nathan Qld 4111",Vehicle Registration Searches,30/01/2020,77000,CITEC,"317 Edward Street, Brisbane, QLD  4001",No,No,,,,,,,,335789,General Goods and Services,,,,
,Griffith University,"170 Kessels Road, Nathan Qld 4111",Subscription/Licence Fees Software,30/01/2020,316291,Data #3 Limited,"PO Box 551, Indooroopilly, QLD  4068",Yes,No,,,,,,,,C01334,Information and Communication Technology,,,,
,Griffith University,"170 Kessels Road, Nathan Qld 4111",2020 Corrective & Minor Works Repairs and Services,30/01/2020,110000,Descab Pty Ltd t/a Qld Multi Trades,"34 Hindes Street, Lota, QLD  4178",No,No,,,,,,,,335785,Building Construction and Maintenance,,,,
,Griffith University,"170 Kessels Road, Nathan Qld 4111",Venue and Event Hire,30/01/2020,24143,Emporium Hotel Management Pty Ltd,"267 Grey Street, South Brisbane, QLD  4069",No,No,,,,,,,,335821,General Goods and Services,GU4622,,,
,Griffith University,"170 Kessels Road, Nathan Qld 4111",Consultancy Services,30/01/2020,499552,FIRE E.M.T. PTY LTD,"P O Box 591, Burpengary, QLD  4505",Yes,No,,,,,,,,4420,General Goods and Services,,,,
,Griffith University,"170 Kessels Road, Nathan Qld 4111",2020 CLF - Landscaping Services,30/01/2020,99000,Frenkenscapes Pty Ltd,"PO Box 6010, Brendale, QLD  4500",No,No,,,,,,,,335786,General Goods and Services,,,,
,Griffith University,"170 Kessels Road, Nathan Qld 4111",iRobot Roomba,30/01/2020,11641,Harvey Norman IV/AT Oxley,"2098 Ipswich Road, Oxley, QLD  4075",No,No,,,,,,,,1835236,General Goods and Services,,,,
,Griffith University,"170 Kessels Road, Nathan Qld 4111",Teaching and Education IELTS tests,30/01/2020,98901,IELTS Australia Pty Ltd,"GPO Box 2006, Canberra, ACT  2601",No,No,,,,,,,,1830897,General Goods and Services,,,,
,Griffith University,"170 Kessels Road, Nathan Qld 4111",Application Software License Fee,30/01/2020,58957,Learning Information Systems,"Level 11,  17 York St, Sydney, NSW  2000",No,No,,,,,,,,1835024,Information and Communication Technology,,,,
,Griffith University,"170 Kessels Road, Nathan Qld 4111",Furniture,30/01/2020,12593,Natural Ideas In Chairs Pty Ltd,"PO Box 287, Banyo, QLD  4014",No,No,,,,,,,,335838,General Goods and Services,,,,
,Griffith University,"170 Kessels Road, Nathan Qld 4111",YBP_emono_332632,31/01/2020,12212,EBSCO International Inc,"Level 8, 132 Arthur Street, North Sydney, NSW  2060",No,No,,,,,,,,1835872,Information and Communication Technology,,,,
,Griffith University,"170 Kessels Road, Nathan Qld 4111",Membership,1/02/2020,46216,Aust Higher Education Industrial Assoc,"GPO Box 775, Melbourne, VIC  3001",No,No,,,,,,,,1832368,General Goods and Services,,,,
,Griffith University,"170 Kessels Road, Nathan Qld 4111",Software Subscription,3/02/2020,20656,"RStudio, INC","Suite 410, 250 Northern Ave, Boston, MA  02210  USA",No,No,,,,,,,,336026,Information & Communcation Technology,,,,
,Griffith University,"170 Kessels Road, Nathan Qld 4111",Consultancy,3/02/2020,14300,Theraplay Psychology Practice,NSW Australia ,No,No,,,,,,,,336016,General Goods and Services,GU4621,,,
,Griffith University,"170 Kessels Road, Nathan Qld 4111",Cost of Goods Sold,3/02/2020,11880,Uniting Fresh Foods Pty Ltd,"3/26 Norman Street, Ascot, QLD  4007",No,No,,,,,,,,1835799,General Goods and Services,,,,
,Griffith University,"170 Kessels Road, Nathan Qld 4111",Subscription Fees,4/02/2020,16072,National Library Of Australia,"Parkes Place, Canberra, ACT  2600",No,No,,,,,,,,1836992,General Goods and Services,,,,
,Griffith University,"170 Kessels Road, Nathan Qld 4111",Workshop,4/02/2020,35640,The GrantEd Group Pty Ltd,"49 Patterson Road, Bentleigh, VIC  3204",No,No,,,,,,,,336155,General Goods and Services,GU4626,,,
,Griffith University,"170 Kessels Road, Nathan Qld 4111",Professional Fees,5/02/2020,62784,American Academy of Pediatrics,"PO Box 776442, Chicago, IL  60677-6442  USA",No,No,,,,,,,,1836647,General Goods and Services,,,,
,Griffith University,"170 Kessels Road, Nathan Qld 4111",Membership,5/02/2020,17092,Australian University Sport,"Suite 1.12 Sports House, Cnr Caxton & Castlemaine Streets, Milton, QLD  4064",No,No,,,,,,,,1832366,General Goods and Services,,,,
,Griffith University,"170 Kessels Road, Nathan Qld 4111",Annual Subscription,5/02/2020,108350,Cubane Consulting Pty Ltd,"Artarmon, NSW  2064",No,No,,,,,,,,1832466,General Goods and Services,Privacy,,,
,Griffith University,"170 Kessels Road, Nathan Qld 4111",Membership Fees 2020,5/02/2020,165000,Curtin University Of Technology,"Financial Services,Perth, WAÿ 6845",No,No,,,,,,,,1841396 1867888,General Goods and Services,,,,
,Griffith University,"170 Kessels Road, Nathan Qld 4111",Consultancy,6/02/2020,53064,Davidson Technology (Aust) Pty Ltd,"GPO Box 2572, Brisbane, QLD  4001",No,No,,,,,,,,336319,General Goods and Services,GU4627,,,
,Griffith University,"170 Kessels Road, Nathan Qld 4111",Alumni Event,6/02/2020,16500,Intercontinental Melbourne The Rialto,"495 Collins Street, Melbourne, VIC  3000",No,No,,,,,,,,336321,General Goods and Services,GU4629,,,
,Griffith University,"170 Kessels Road, Nathan Qld 4111",Alumni Event,6/02/2020,11000,SIR STAMFORD AT CIRCULAR QUAY,"93 Macquarie Street, Sydney, NSW  2000",No,No,,,,,,,,336322,General Goods and Services,GU4630,,,
,Griffith University,"170 Kessels Road, Nathan Qld 4111",Vaccine Toxicity Study,7/02/2020,208690,CiToxLAB North America Inc.,"445 Armand-Frappier Blvd, Laval, QC  H7V 4B3  Canada",No,No,,,,,,,,336474,General Goods and Services,,,,
,Griffith University,"170 Kessels Road, Nathan Qld 4111",Membership,7/02/2020,19447,Council of Aust. University Librarians,"PO Box 8169, Canberra, ACT  0200",No,No,,,,,,,,1837600,General Goods and Services,,,,
,Griffith University,"170 Kessels Road, Nathan Qld 4111",Legal Fees - Investigation,7/02/2020,15183,Q Workplace Solutions Pty Ltd,"79 Broadway Street, Woolloongabba, QLD  4102",No,No,,,,,,,,1838068,General Goods and Services,,,,
,Griffith University,"170 Kessels Road, Nathan Qld 4111",Franchise fees,7/02/2020,42949,Warwick University Enterprises (Aus) P/L,"University House, University of Warwick, Coventry  CV4 8UW  GBR",No,No,,,,,,,,1838064,General Goods and Services,,,,
,Griffith University,"170 Kessels Road, Nathan Qld 4111",Staff Development Leadership Program,10/02/2020,18820,Ethos Consulting Pty Ltd,"PO Box 3416, Norwood, SA  5067",No,No,,,,,,,,336544,General Goods and Services,,,,
,Griffith University,"170 Kessels Road, Nathan Qld 4111",Assessment of 1000 kVA generators,10/02/2020,21450,GHD Pty Ltd,"PO Box 5403, HRMC, NSW  2310",No,No,,,,,,,,336617,General Goods and Services,,,,
,Griffith University,"170 Kessels Road, Nathan Qld 4111",Consultancy,10/02/2020,22000,Julia Lincoln-Stefan,AUSTRIA,No,No,,,,,,,,336570,General Goods and Services,GU4632 Privacy,,,
,Griffith University,"170 Kessels Road, Nathan Qld 4111",Artist Services,10/02/2020,16170,Megan Shorey,"P O Box 332, The Gap, QLD  4061",No,No,,,,,,,,336537,General Goods and Services,Privacy,,,
,Griffith University,"170 Kessels Road, Nathan Qld 4111",Construction of new seminar rooms,10/02/2020,311362,Premis Solutions Pty Ltd,"PO Box 114, Toowong, QLD  4066",No,No,,,,,,,,336636,Building Construction & Maintenance,,,,
,Griffith University,"170 Kessels Road, Nathan Qld 4111",Software Subscription,10/02/2020,23715,Techtel Pty Ltd,"26 Whiting Street, Artarmon, NSW  2064",No,No,,,,,,,,336551,Information & Communcation Technology,,,,
,Griffith University,"170 Kessels Road, Nathan Qld 4111",Cleaning Services,10/02/2020,10915,Wahoon Cleaning Pty Ltd,"St Lucia, Qld",No,No,,,,,,,,336589,General Goods and Services,,,,
,Griffith University,"170 Kessels Road, Nathan Qld 4111",Men's Behaviour Change Program Delivery,11/02/2020,38521,Domestic Violence Prevention Centre Gold,"P O Box 409, Southport, QLD  4215",No,No,,,,,,,,1838611,General Goods and Services,,,,
,Griffith University,"170 Kessels Road, Nathan Qld 4111",Allied Health Clinic Construction,11/02/2020,837307,Premis Solutions Pty Ltd,"PO Box 114, Toowong, QLD  4066",No,No,Limited,Construction Contract,3,"Timing, Inclusions and Exclusions",L04 Fitout,3 month fitout Feb-April 2020,Internally project managed,336687,Building Construction & Maintenance,336687,Jan-20,,May-20
,Griffith University,"170 Kessels Road, Nathan Qld 4111",9th Biennial Conference 2019,12/02/2020,33365,ANZATSA,"PO Box 99, Braeside, VIC  3195",No,No,,,,,,,,1838923,General Goods and Services,,,,
,Griffith University,"170 Kessels Road, Nathan Qld 4111",Analytical/variation consultancy,13/02/2020,19800,Acquire Procurement Services,"Suite 2, Level 8, 410 Queen Street, Bisbane, QLD  4000",No,No,,,,,,,,336858,General Goods and Services,,,,
,Griffith University,"170 Kessels Road, Nathan Qld 4111",Travelator,13/02/2020,21890,Blight Rayner Architecture Pty Ltd,"Level 2, 88 Creek Street, Brisbane, QLD  4000",No,No,,,,,,,,336817,Building Construction & Maintenance,,,,
,Griffith University,"170 Kessels Road, Nathan Qld 4111",Consultancy - Info Tech,13/02/2020,21450,Calibre Consulting Group,"St Lucia, QLD  4067",No,No,,,,,,,,336847,General Goods and Services,GU4636,,,
,Griffith University,"170 Kessels Road, Nathan Qld 4111",Software Subscription,13/02/2020,1644076,Concur Holdings (Netherlands) BV,"Barbara Strozzliaan 101, 1083 HN  Amsterdam  Netherlands",Yes,No,Open,,,,,,,C00578,Information & Communcation Technology,,,,
,Griffith University,"170 Kessels Road, Nathan Qld 4111",CPA Tuition Provider Registration,13/02/2020,14300,CPA Australia,"GPO Box 2820, Melbourne, VIC  3001",No,No,,,,,,,,1836984,General Goods and Services,,,,
,Griffith University,"170 Kessels Road, Nathan Qld 4111",Refurbishment of Signage,13/02/2020,12575,Richmond Signs & Designs,"1/15 Bailey Crescent, Southport, QLD  4215",No,No,,,,,,,,336859,General Goods and Services,,,,
,Griffith University,"170 Kessels Road, Nathan Qld 4111",Accreditation Fees,14/02/2020,40150,Australian Dental Council,PO Box 13278,No,No,,,,,,,,1839469,General Goods and Services,,,,
,Griffith University,"170 Kessels Road, Nathan Qld 4111",Library acquisition,14/02/2020,21365,"CSIRO, PO Box 1139, Collingwood, VIC  3066","Journal Publishing, PO Box 1139, Collingwood, VIC  3066 ",No,No,,,,,,,,1839371,General Goods and Services,,,,
,Griffith University,"170 Kessels Road, Nathan Qld 4111",Consultancy - Info Tech,14/02/2020,174625,Focus Professional Services Pty Ltd,"Level 4 - 240 Queen Street, Brisbane, QLD  4000",No,No,,,,,,,,336977,General Goods and Services,GU4650,,,
,Griffith University,"170 Kessels Road, Nathan Qld 4111",Scientific Services Analysis ,14/02/2020,11940,Gold Coast City Council,"PO Box 5042, Gold Coast Mail Centre, QLD  9729",No,No,,,,,,,,1834346,General Goods and Services,,,,
,Griffith University,"170 Kessels Road, Nathan Qld 4111",Printing,14/02/2020,13354,Publicious Pty Ltd,"PO Box 395, Coolangatta, QLD  4225",No,No,,,,,,,,1837950,General Goods and Services,,,,
,Griffith University,"170 Kessels Road, Nathan Qld 4111",Consultancy - Info Tech,14/02/2020,138600,Vested Family Trust,Ashgrove QLD 4060,No,No,,,,,,,,336946,General Goods and Services,GU4646 ,,,
,Griffith University,"170 Kessels Road, Nathan Qld 4111",Membership,15/02/2020,44304,Medical Deans Australia & NZ Inc,"Level 6, 173-175 Phillip Street, Sydney, NSW  2000",No,No,,,,,,,,1835568,General Goods and Services,,,,
,Griffith University,"170 Kessels Road, Nathan Qld 4111",Plantscape Hire,17/02/2020,17278,Ambius,"PO Box 6786, Silverwater, NSW  1811",No,No,,,,,,,,1839634,General Goods and Services,,,,
,Griffith University,"170 Kessels Road, Nathan Qld 4111",Consultancy,17/02/2020,166690,Double Dash Interactive,"Brookfield, QLD  4069",No,No,,,,,,,,336988,General Goods and Services,GU4651,,,
,Griffith University,"170 Kessels Road, Nathan Qld 4111",Equipment,17/02/2020,472938,EMC Global Holdings Company,"207 Pacific Highway, St Leonards, NSW  2065",No,No,,QITC,17,Company Capability 10% Functional Requirements 55% Price 35%,,,,337025,General Goods and Services,,On Purchase,,
,Griffith University,"170 Kessels Road, Nathan Qld 4111",Advertising and Promotions,17/02/2020,14883,JSA Design,"PO Box 1580, Fortitude Valley, QLD  4006",No,No,,,,,,,,337005,General Goods and Services,,,,
,Griffith University,"170 Kessels Road, Nathan Qld 4111",Consultancy,17/02/2020,127050,Netterfield Consulting,"Mango Hill, QLD  4509",No,No,,,,,,,,337032,General Goods and Services,GU4641 Privacy,,,
,Griffith University,"170 Kessels Road, Nathan Qld 4111",Consultancy,17/02/2020,218680,Strategic Project Partners Pty Ltd,"Level 41 / 120 Collins Street, Melbourne, VIC  3000",No,No,,,,,,,,337015,General Goods and Services,GU4649,,,
,Griffith University,"170 Kessels Road, Nathan Qld 4111",Maintenance Air Conditioning Units,18/02/2020,17137,Dewpoint Air,"PO BOX 3479, Newmarket, QLD  4051",No,No,,,,,,,,337146,General Goods and Services,,,,
,Griffith University,"170 Kessels Road, Nathan Qld 4111",Consultancy,18/02/2020,93830,Mercer Consulting (Australia) Pty Ltd,"Collins Square, 727 Collins Street, Melbourne, VIC  3008",No,No,,,,,,,,337119,General Goods and Services,,,,
,Griffith University,"170 Kessels Road, Nathan Qld 4111",Consultancy,18/02/2020,424600,Navitas Limited,"Ground Floor, East Tower, Brisbane, QLD  4000",No,No,,,,,,,,337093,General Goods and Services,GU3918,,,
,Griffith University,"170 Kessels Road, Nathan Qld 4111",Scientific Equipment,18/02/2020,16485,Queensland Dental Services,"PO Box 1685, Noosa Heads, QLD  4567",No,No,,,,,,,,337162,General Goods and Services,,,,
,Griffith University,"170 Kessels Road, Nathan Qld 4111",Aboriginal & Torres St Islander Dedicated Memorial Qld Project progress payment,19/02/2020,225334,Aboriginal and Torres Strait Islander Dedicated Memorial Qld Inc,"44 Oxley Drive, Paradise Point, QLD  4216",No,No,,,,,,,,1840470,General Goods and Services,,,,
,Griffith University,"170 Kessels Road, Nathan Qld 4111",Refurbishment of Library,19/02/2020,64529,Alliance Interiors Qld Pty Ltd,"PO Box 2111,  Logan City DC QLD 4114",No,No,,,,,,,,337211,General Goods and Services,,,,
,Griffith University,"170 Kessels Road, Nathan Qld 4111",Security Services,19/02/2020,115973,Allstars Trading Pty Ltd T/A Zirilio,"Sydney, Nsw",No,No,,,,,,,,336650,,,,,
,Griffith University,"170 Kessels Road, Nathan Qld 4111",Allied Health Sciences Annual Retreat,19/02/2020,29182,Crowne Plaza Surfers Paradise,"2807 Gold Coast Highway, 2807 Gold Coast Highway",No,No,,,,,,,,337204,General Goods and Services,GU4644,,,
,Griffith University,"170 Kessels Road, Nathan Qld 4111",Flammable Cladding,19/02/2020,102218,Donald Cant Watts Corke (Qld) P/L,"PO Box 10161, Adelaide Street Brisbane QLD 4000",No,No,,,,,,,,337210,General Goods and Services,,,,
,Griffith University,"170 Kessels Road, Nathan Qld 4111",Consultancy Project Mgmt,19/02/2020,40480,Escient Pty Ltd,"Level 20, 115 King William Street,,  Adelaide SA 5000",No,No,,,,,,,,337266,General Goods and Services,GU4703,,,
,Griffith University,"170 Kessels Road, Nathan Qld 4111","20,000 x A4 Testamurs",19/02/2020,12436,Hague Australia,"46-50 Remington Drive,  Dandenong South VIC 3175",No,No,,,,,,,,337227,General Goods and Services,,,,
,Griffith University,"170 Kessels Road, Nathan Qld 4111",Software Support,19/02/2020,33770,iCognition Pty Ltd,"PO Box 2544,  Canberra ACT 2601",No,No,,,,,,,,337264,Information & Communcation Technology,,,,
,Griffith University,"170 Kessels Road, Nathan Qld 4111",Subscription Fees,19/02/2020,16072,National Library Of Australia,"Parkes Place, Canberra, ACT  2600",No,No,,,,,,,,1836990,General Goods and Services,,,,
,Griffith University,"170 Kessels Road, Nathan Qld 4111",Consultancy,19/02/2020,14100,Sonia Hugh,Toronto ON M1C 3K4,No,No,,,,,,,,337208,General Goods and Services,Privacy,,,
,Griffith University,"170 Kessels Road, Nathan Qld 4111",Consultancy,19/02/2020,53000,Sonia Hugh,Toronto ON M1C 3K5,No,No,,,,,,,,337209,General Goods and Services,Privacy,,,
,Griffith University,"170 Kessels Road, Nathan Qld 4111",GC Alumni Event,19/02/2020,11000,The Island Hotel,"PO Box 344,  Surfers Paradise QLD 4217",No,No,,,,,,,,337243,General Goods and Services,GU4652,,,
,Griffith University,"170 Kessels Road, Nathan Qld 4111",Consultancy,20/02/2020,176000,Balexed Trade Australia Pty Ltd,Bardon QLD 4065,No,No,,,,,,,,337365,General Goods and Services,GU4645,,,
,Griffith University,"170 Kessels Road, Nathan Qld 4111",Password Knowledge Tests,20/02/2020,30030,Bookery Pty Ltd,"9-11 Victoria Street,Fitzroy, VIC  3065",No,No,,,,,,,,1835277,General Goods and Services,,,,
,Griffith University,"170 Kessels Road, Nathan Qld 4111",Advertising and Promotions,20/02/2020,36740,JSA Design,"PO Box 1580,  Fortitude Valley QLD 4006",No,No,,,,,,,,337341,General Goods and Services,,,,
,Griffith University,"170 Kessels Road, Nathan Qld 4111",Paro Robout Rental,20/02/2020,16720,Kowa Australia Pty Ltd,"Suite 44 Building 6 Garden City Office Park, 2404 Logan Road Eight Mile Plains QLD 4113",No,No,,,,,,,,337370,General Goods and Services,,,,
,Griffith University,"170 Kessels Road, Nathan Qld 4111",Shipping Container Laboratory,20/02/2020,60857,Royal Wolf Trading Aust P/L,"Level 3, 1-3 Merriwa St,  Gordon NSW 2072",No,No,,,,,,,,337332,General Goods and Services,GU4036,,,
,Griffith University,"170 Kessels Road, Nathan Qld 4111",Cambodia Community Challenge Project,21/02/2020,11910,Challenges Abroad Australia Pty Ltd,"Level 2, 108 Power Street, Hawthorn, VIC  3122",No,No,,,,,,,,1836993,General Goods and Services,,,,
,Griffith University,"170 Kessels Road, Nathan Qld 4111",Event Booking,21/02/2020,28144,Laudet Pty Ltd,"6 Orchid Avenue,  Surfers Paradise QLD 4217",No,No,,,,,,,,337478,General Goods and Services,GU4654,,,
,Griffith University,"170 Kessels Road, Nathan Qld 4111",Set and Costume Designer,21/02/2020,15600,Vilma Martiina Mattila,Brisbane QLD 4000,No,No,,,,,,,,337425,General Goods and Services,,,,
,Griffith University,"170 Kessels Road, Nathan Qld 4111",Library acquisition,24/02/2020,17548,IOP Publishing Ltd,"Temple Circus, Temple Way, Bristol  BS1 6HG  GBR",No,No,,,,,,,,1841393,General Goods and Services,,,,
,Griffith University,"170 Kessels Road, Nathan Qld 4111",Flooring installation,24/02/2020,21813,Premier Floors,"PO Box 248,  Isle of Capri QLD 4217",No,No,,,,,,,,337504,General Goods and Services,,,,
,Griffith University,"170 Kessels Road, Nathan Qld 4111",Building Maintenance,24/02/2020,18343,Prohelion Pty Ltd,"PO BOX 220,  Spring Hill QLD 4004",No,No,,,,,,,,337505,General Goods and Services,,,,
,Griffith University,"170 Kessels Road, Nathan Qld 4111",Consultancy,24/02/2020,60453,The George Institute for Global Health,"Level 5, 1 King St, Newtown, NSW  2042",No,No,,,,,,,,1840925,General Goods and Services,,,,
,Griffith University,"170 Kessels Road, Nathan Qld 4111",Subscription Fees,25/02/2020,12264,Informa UK Ltd,"Sheepen Place, Colchester  CO3 3LP  GBR",No,No,,,,,,,,1841515,General Goods and Services,,,,
,Griffith University,"170 Kessels Road, Nathan Qld 4111",Marketing,26/02/2020,12763,Education Link Sverige AB,"Studentgatan 12, Lund  22362  SWE",No,No,,,,,,,,1837103,General Goods and Services,,,,
,Griffith University,"170 Kessels Road, Nathan Qld 4111",Consultancy - Student Data Service Development,26/02/2020,432905,Integral Technology Solutions,"Level 3, 201 Leichardt Street,  Spring Hill QLD 4000",No,No,,QITC,1,,,,,337673,General Goods and Services,GU4660 Griffith University Preferred Supplier Panel,24/02/2020,,24/08/2021
,Griffith University,"170 Kessels Road, Nathan Qld 4111",Recruitment Services,26/02/2020,11158,Mediacom Australia Pty Ltd,"GPO Box 1000, Brisbane, QLD  4001",No,No,,,,,,,,1842117,General Goods and Services,,,,
,Griffith University,"170 Kessels Road, Nathan Qld 4111",Consultancy - Business Analyst,26/02/2020,274259,Robert Walters,"GPO Box 3115,  Brisbane QLD 4001",No,No,,,,,,,,337662,General Goods and Services,GU4657,,,
,Griffith University,"170 Kessels Road, Nathan Qld 4111",Conference AAWP ,26/02/2020,17600,Southport Australian Rules Football Club,"3 Melia Court,  Southport QLD 4215",No,No,,,,,,,,337654,General Goods and Services,GU4658,,,
,Griffith University,"170 Kessels Road, Nathan Qld 4111",Consultancy,26/02/2020,152674,Toh Lai Yin,Malaysia,Yes,No,,,,,,,,338969 350143 361642 368886,General Goods and Services,,,,
,Griffith University,"170 Kessels Road, Nathan Qld 4111",Consultancy - Peoplesoft Change of Bank ,26/02/2020,151250,Wyvern Recruitment,"31 The Promenade,  Sans Souci NSW 2219",No,No,,,,,,,,337659,General Goods and Services,GU4656,,,
,Griffith University,"170 Kessels Road, Nathan Qld 4111",Software,26/02/2020,733344,Xavo Software AG,"Spinnereistrasse 7,  Bayreuth BY 95445",No,No,Open,QITC,4,,Commercial scientific operating system,"Development, delivery and maintenance",KPIs developed,337691,Information & Communcation Technology,4206,Jan-20,,Ongoing
,Griffith University,"170 Kessels Road, Nathan Qld 4111",Scientific Equipment,27/02/2020,37026,Amiga Engineering Pty Ltd,"9-11 Silicon Place,  Tullamarine VIC 3043",No,No,,,,,,,,337805,General Goods and Services,,,,
,Griffith University,"170 Kessels Road, Nathan Qld 4111",Consultancy - Augmented Security Analysis,27/02/2020,105600,Enosys Solutions Pty Ltd,"Level 7, 56 Berry Street,,  North Sydney NSW 2060",No,No,,,,,,,,337804,General Goods and Services,GU4662,,,
,Griffith University,"170 Kessels Road, Nathan Qld 4111",Library acquisition,27/02/2020,25234,Peter Lang AG,"Wabernstrasse 40, 3007 Berne, Switzerland",No,No,,,,,,,,1842427,General Goods and Services,,,,
,Griffith University,"170 Kessels Road, Nathan Qld 4111",Library acquisition,27/02/2020,44115,Peter Lang AG,"Wabernstrasse 40, 3007 Berne, Switzerland",No,No,,,,,,,,1842428,General Goods and Services,,,,
,Griffith University,"170 Kessels Road, Nathan Qld 4111",Equipment Maintenance,27/02/2020,11385,Scitek Australia Pty Ltd,"PO Box 355,  Milsons Point NSW 1565",No,No,,,,,,,,337788,General Goods and Services,,,,
,Griffith University,"170 Kessels Road, Nathan Qld 4111",Consultancy,27/02/2020,13640,Theraplay Psychology Practice,NSW Australia ,No,No,,,,,,,,337757,General Goods and Services,GU4659,,,
,Griffith University,"170 Kessels Road, Nathan Qld 4111",Consultancy,28/02/2020,12834,Maria Saleem Ali,Brisbane Australia,No,No,,,,,,,,337824,General Goods and Services,GU4663 Privacy,,,
,Griffith University,"170 Kessels Road, Nathan Qld 4111",Library acquisition,28/02/2020,21304,Peter Lang AG,"Wabernstrasse 40, 3007 Berne, Switzerland",No,No,,,,,,,,1824242,General Goods and Services,,,,
,Griffith University,"170 Kessels Road, Nathan Qld 4111",Biological Chemicals,28/02/2020,45760,Sigma Aldrich Pty Ltd,"PO Box 970,  Castle Hill NSW 1765",No,No,,,,,,,,337835,General Goods and Services,,,,
,Griffith University,"170 Kessels Road, Nathan Qld 4111",Computers,28/02/2020,13399,The School Locker,"103 Hyde Rd,  Yeronga QLD 4104",No,No,,,,,,,,337842,General Goods and Services,,,,
,Griffith University,"170 Kessels Road, Nathan Qld 4111",Course Delivery,29/02/2020,12825,Coreo Pty Ltd,"Bulimba, QLD  4171",No,No,,,,,,,,1838053,General Goods and Services,Privacy,,,
,Griffith University,"170 Kessels Road, Nathan Qld 4111",Membership,29/02/2020,16500,University of South Australia,"City West Campus AU3-37, Adelaide, SA  5001",No,No,,,,,,,,1837403,General Goods and Services,,,,
,Griffith University,"170 Kessels Road, Nathan Qld 4111",IELTS Tests,1/03/2020,45788,IELTS Australia Pty Ltd,"Level 8, 535 Bourke Street, Melbourne, VIC  3000 ",No,No,,,,,,,,1837406,General Goods and Services,,,,
,Griffith University,"170 Kessels Road, Nathan Qld 4111",Subscription Fees,1/03/2020,176000,La Trobe University,"Borchardt Library, Bundoora, VIC  3083",No,No,,,,,,,,1839375,General Goods and Services,,,,
,Griffith University,"170 Kessels Road, Nathan Qld 4111",Consultancy,2/03/2020,10208,Centre for Evidence and Implementation,"33 Lincoln Square South,Carlton, VIC 3053",No,No,,,,,,,,337981,General Goods and Services,GU4668,,,
,Griffith University,"170 Kessels Road, Nathan Qld 4111",Building Maintenance,2/03/2020,19776,Data Centre Services Australia Pty Ltd,"PO Box 4030,Eight Mile Plains, QLD 4113",No,No,,,,,,,,337909,Building Construction and Maintenance,,,,
,Griffith University,"170 Kessels Road, Nathan Qld 4111",Consultancy - Risk Management,2/03/2020,38500,Risk Logic Pty Ltd,"Level 7, 74 Castlereagh Street,Sydney, NSW 2000",No,No,,,,,,,,337978,General Goods and Services,GU4665,,,
,Griffith University,"170 Kessels Road, Nathan Qld 4111",Event Booking,2/03/2020,44000,Village Roadshow Theme Parks Pty Ltd,"PO Box 190,Surfers Paradise, QLD 4217",No,No,,,,,,,,337961,General Goods and Services,GU4661,,,
,Griffith University,"170 Kessels Road, Nathan Qld 4111",Electrical Upgrade,3/03/2020,91625,Descab Pty Ltd t/a Qld Multi Trades,"34 Hindes Street,Lota, QLD 4178",No,No,,,,,,,,338019,Building Construction and Maintenance,,,,
,Griffith University,"170 Kessels Road, Nathan Qld 4111",Building Maintenance,3/03/2020,12321,Dewpoint Air,"PO BOX 3479,Newmarket, QLD 4051",No,No,,,,,,,,338016,Building Construction and Maintenance,,,,
,Griffith University,"170 Kessels Road, Nathan Qld 4111",Subscription/Licence Fees,4/03/2020,183889,AccountingPod Limited,"P.O. Box 1970,Queenstown, NZ 9348",Yes,No,,,,,,,,C01410,Information and Communication Technology,,,,
,Griffith University,"170 Kessels Road, Nathan Qld 4111",Field Trip Expenses,4/03/2020,11910,Challenges Abroad Australia Pty Ltd,"Level 2, 108 Power Street,Hawthorn, VICÿ 3122",No,No,,,,,,,,1843823,General Goods and Services,,,,
,Griffith University,"170 Kessels Road, Nathan Qld 4111",Printing,5/03/2020,10549,Fast Proof Press Pty Ltd,"21/12 Lawrence Drive,Nerang, QLD 4211",No,No,,,,,,,,338156,General Goods and Services,,,,
,Griffith University,"170 Kessels Road, Nathan Qld 4111",Printing,5/03/2020,20504,Fast Proof Press Pty Ltd,"21/12 Lawrence Drive,Nerang, QLD 4211",No,No,,,,,,,,338157,General Goods and Services,,,,
,Griffith University,"170 Kessels Road, Nathan Qld 4111",Printing,5/03/2020,18612,Fast Proof Press Pty Ltd,"21/12 Lawrence Drive,Nerang, QLD 4211",No,No,,,,,,,,338158,General Goods and Services,,,,
,Griffith University,"170 Kessels Road, Nathan Qld 4111",Printing,5/03/2020,10549,Fast Proof Press Pty Ltd,"21/12 Lawrence Drive,Nerang, QLD 4211",No,No,,,,,,,,338159,General Goods and Services,,,,
,Griffith University,"170 Kessels Road, Nathan Qld 4111",Printing,5/03/2020,11649,Fast Proof Press Pty Ltd,"21/12 Lawrence Drive,Nerang, QLD 4211",No,No,,,,,,,,338160,General Goods and Services,,,,
,Griffith University,"170 Kessels Road, Nathan Qld 4111","
Water Quality Monitoring",5/03/2020,11316,Gold Coast City Council,"PO Box 5042,Gold Coast Mail Centre, QLD 9729",No,No,,,,,,,,1842292,General Goods and Services,,,,
,Griffith University,"170 Kessels Road, Nathan Qld 4111",Scientific Equipment,5/03/2020,35515,LuxAI S.A.,"59 Boulevard Royal,Luxembourgÿ L2449ÿ LUX",No,No,,,,,,,,1844161,General Goods and Services,,,,
,Griffith University,"170 Kessels Road, Nathan Qld 4111",Warranty / Licence,5/03/2020,14309,LuxAI S.A.,"59 Boulevard Royal,Luxembourgÿ L2449ÿ LUX",No,No,,,,,,,,1844162,Information and Communication Technology,,,,
,Griffith University,"170 Kessels Road, Nathan Qld 4111",Multi Media Services,5/03/2020,11385,Stephen Jones & Associates P/L,"Unit 70, 45-51 Huntley St,Alexandra, NSW 2015",No,No,,,,,,,,338198,General Goods and Services,GU4670,,,
,Griffith University,"170 Kessels Road, Nathan Qld 4111",Building Maintenance,6/03/2020,11506,Dewpoint Service Pty Ltd,"PO Box 3479,Newmarket, QLD 4051",No,No,,,,,,,,338275,Building Construction and Maintenance,,,,
,Griffith University,"170 Kessels Road, Nathan Qld 4111",Tanna Field Trip Expenses,6/03/2020,31131,NEXTGEN NRG Pty Ltd,"Shed 3, 28 Hutchinson Street,,Burleigh Heads,, QLDÿ 4220",No,No,,,,,,,,1837967,General Goods and Services,,,,
,Griffith University,"170 Kessels Road, Nathan Qld 4111",Consultancy Services,6/03/2020,10000,Rosie Quinlan,"PO Box 3075,Norman Park, QLD 4170",No,No,,,,,,,,338282,General Goods and Services,,,,
,Griffith University,"170 Kessels Road, Nathan Qld 4111",Consultancy,6/03/2020,84503,University of New South Wales,"Kensington Campus,Sydney, NSW 2000",No,No,,,,,,,,338283,General Goods and Services,GU4666,,,
,Griffith University,"170 Kessels Road, Nathan Qld 4111",Commission Payment,7/03/2020,525619,Pearson Australia Group Pty Ltd,"707 Collins Street,Melbourne, VICÿ 3008",No,No,Limited,,,,,,,1839376,General Goods and Services,,,,
,Griffith University,"170 Kessels Road, Nathan Qld 4111",Consultancy,9/03/2020,114840,Resource Co-Ordination Partnership Pty L,"GPO Box 2271,Brisbane, QLD 4001",No,No,,,,,,,,338345,General Goods and Services,GU4605,,,
,Griffith University,"170 Kessels Road, Nathan Qld 4111",Chiller Replacement,9/03/2020,560406,Veolia Energy Technical Services,"30 Technology Drive,Augustine Heights, QLD 4300",No,No,Open,,,,,,,338335,Building Construction and Maintenance,,,,
,Griffith University,"170 Kessels Road, Nathan Qld 4111",Linen / Laundry Services,10/03/2020,20000,Laundry Australia Pty Ltd,"PO Box 2170,Ascot, QLD 4007",No,No,,,,,,,,338424,General Goods and Services,,,,
,Griffith University,"170 Kessels Road, Nathan Qld 4111",Video Series,11/03/2020,30265,BBC Global News,"Broadcasting House,London, UK  W1A 1AA",No,No,,,,,,,,1845490,General Goods and Services,,,,
,Griffith University,"170 Kessels Road, Nathan Qld 4111",Agent Bonus,11/03/2020,12000,Bright Can-Achieve Limited,"Room 802, Tower B, Jianwai SOHO,Beijing, China 100022ÿ ",No,No,,,,,,,,1840030,General Goods and Services,,,,
,Griffith University,"170 Kessels Road, Nathan Qld 4111",Marketing,11/03/2020,13310,Chimera Project,"44 Mirbelia Street,Everton Hills, QLDÿ 4053",No,No,,,,,,,,1839534,General Goods and Services,,,,
,Griffith University,"170 Kessels Road, Nathan Qld 4111",Software License Fees,11/03/2020,24627,Clarivate Analytics (UK) Limited,"Friars House,London, UK SE1 8EZ ",No,No,,,,,,,,338484,Information and Communication Technology,,,,
,Griffith University,"170 Kessels Road, Nathan Qld 4111",Marketing,11/03/2020,20197,GOstralia!-GOzealand! GmbH,"JagerstraBe 53,Stuttgartÿ 70174ÿ DEU",No,No,,,,,,,,1839287,General Goods and Services,,,,
,Griffith University,"170 Kessels Road, Nathan Qld 4111",Replacement of Meter,11/03/2020,35607,KME Services Pty Ltd,"PO Box 577,Ormeau, QLD 4208 ",No,No,,,,,,,,338485,Building Construction and Maintenance,,,,
,Griffith University,"170 Kessels Road, Nathan Qld 4111",Chiller Replacement,11/03/2020,11979,Lightbox Architecture & Interiors Pty Ltd,"11 Dallas Parade,Keperra, QLD 4054",No,No,,,,,,,,338522,Building Construction and Maintenance,,,,
,Griffith University,"170 Kessels Road, Nathan Qld 4111",Corrective Maintenance,11/03/2020,10340,Precise Air Group P/L,"PO Box 1859,Springwood, QLD 4128",No,No,,,,,,,,338549,Building Construction and Maintenance,,,,
,Griffith University,"170 Kessels Road, Nathan Qld 4111",Consultancy - Design,12/03/2020,174026,Arina Consulting Architects,"PO Box 1102,Crows Nest, NSW 1585",No,No,,,,,,,,338613,General Goods and Services,,,,
,Griffith University,"170 Kessels Road, Nathan Qld 4111",Marketing,12/03/2020,38500,Ikon Communications Pty Ltd,"22 Constance Street,Fortitude Valley, QLD 4006",No,No,,,,,,,,338606,General Goods and Services,,,,
,Griffith University,"170 Kessels Road, Nathan Qld 4111",Marketing,12/03/2020,106810,News Limited,"Accounts Receivable,Sydney, NSW 2000",No,No,,,,,,,,338607,General Goods and Services,,,,
,Griffith University,"170 Kessels Road, Nathan Qld 4111",Consultancy - Project Management,12/03/2020,27500,QVC Solutions Pty Ltd,"320 Adelaide Street,Brisbane, QLD 4000",No,No,,,,,,,,338610,General Goods and Services,GU4673,,,
,Griffith University,"170 Kessels Road, Nathan Qld 4111",Relocation Services,12/03/2020,14300,Sirva Relocation,"490 Freeman Road,Richlands, QLD 4077",No,No,,,,,,,,338562,General Goods and Services,,,,
,Griffith University,"170 Kessels Road, Nathan Qld 4111",Relocation Services,12/03/2020,23100,Sirva Relocation,"490 Freeman Road,Richlands, QLD 4077",No,No,,,,,,,,338604,General Goods and Services,,,,
,Griffith University,"170 Kessels Road, Nathan Qld 4111",Relocation Services,12/03/2020,16500,Sirva Relocation,"490 Freeman Road,Richlands, QLD 4077",No,No,,,,,,,,338645,General Goods and Services,,,,
,Griffith University,"170 Kessels Road, Nathan Qld 4111",Scientific Equipment,12/03/2020,19063,Thermoline Scientific Equipment Pty Ltd,"PO Box 6862,Wetherill Park, NSW 1851",No,No,,,,,,,,338627,General Goods and Services,,,,
,Griffith University,"170 Kessels Road, Nathan Qld 4111",Audio Visual Equipment,12/03/2020,839018,Videopro Pty Ltd,"37 Eagleview Place,Eagle Farm, QLD 4009",No,No,Open,,,,,,,338612,General Goods and Services,,,,
,Griffith University,"170 Kessels Road, Nathan Qld 4111",Video Series,13/03/2020,30265,BBC Global News,"Broadcasting House,London, UK  W1A 1AA",No,No,,,,,,,,1845983,General Goods and Services,,,,
,Griffith University,"170 Kessels Road, Nathan Qld 4111",Building Maintenance,13/03/2020,23733,Dewpoint Air,"PO BOX 3479,Newmarket, QLD 4051",No,No,,,,,,,,338721,Building Construction and Maintenance,,,,
,Griffith University,"170 Kessels Road, Nathan Qld 4111",Software Subscription,13/03/2020,325605,Eftsure Pty Ltd,"Level 6, 122 Walker Street,  North Sydney, Nsw, 2060",Yes,No ,,,,,,,,C01278,Information and Communication Technology,,,,
,Griffith University,"170 Kessels Road, Nathan Qld 4111",GC Aquatic Gym Memberships - Feb,13/03/2020,13433,Griffith Uni Gold Coast Student Guild,"PO Box 96,Griffith University, QLD 4222",No,No,,,,,,,,1845699,General Goods and Services,,,,
,Griffith University,"170 Kessels Road, Nathan Qld 4111",Advertising,13/03/2020,88000,Ikon Communications Pty Ltd,"22 Constance Street,Fortitude Valley, QLD 4006",No,No,,,,,,,,338697,General Goods and Services,,,,
,Griffith University,"170 Kessels Road, Nathan Qld 4111",Scientific Equipment,16/03/2020,11000,ARJO Australia Pty Ltd,"Building B, Level 3. 11 talavera Road,Macquarie Park, NSW 2113",No,No,,,,,,,,338760,General Goods and Services,,,,
,Griffith University,"170 Kessels Road, Nathan Qld 4111",Computers,16/03/2020,19157,Dell Australia Pty Ltd,"Attn: Daniel Corney,Frenchs Forest, NSW 2086",No,No,,,,,,,,338749,General Goods and Services,,,,
,Griffith University,"170 Kessels Road, Nathan Qld 4111",Printing,16/03/2020,15653,Fast Proof Press Pty Ltd,"21/12 Lawrence Drive,Nerang, QLD 4211",No,No,,,,,,,,338784,General Goods and Services,,,,
,Griffith University,"170 Kessels Road, Nathan Qld 4111",Printing,16/03/2020,12386,Fast Proof Press Pty Ltd,"21/12 Lawrence Drive,Nerang, QLD 4211",No,No,,,,,,,,338785,General Goods and Services,,,,
,Griffith University,"170 Kessels Road, Nathan Qld 4111",Flu Vaccines,17/03/2020,11000,Integrity Health & Safety Pty Ltd,"NSWICC Level 2, 27 Cope Street,Redfern, NSW 2016",No,No,,,,,,,,338809,General Goods and Services,,,,
,Griffith University,"170 Kessels Road, Nathan Qld 4111",Consulting - Research,17/03/2020,61920,Research Foundation of CUNY,"230 West 41st Street, 7th Floor,New York, USA 10036",No,No,,,,,,,,338807,General Goods and Services,GU4648,,,
,Griffith University,"170 Kessels Road, Nathan Qld 4111",Building Maintenance,17/03/2020,11000,Stowe Australia,"PO Box 4025,Eight Mile Plains, QLD 4113",No,No,,,,,,,,338821,Building Construction and Maintenance,,,,
,Griffith University,"170 Kessels Road, Nathan Qld 4111",Equipment Maintenance,18/03/2020,31196,Bruker Pty Ltd,"PO Box 202,Alexandria, NSW 1435",No,No,,,,,,,,338931,General Goods and Services,,,,
,Griffith University,"170 Kessels Road, Nathan Qld 4111",Building Maintenance,18/03/2020,10470,Dewpoint Service Pty Ltd,"PO Box 3479,Newmarket, QLD 4051",No,No,,,,,,,,338884,Building Construction and Maintenance,,,,
,Griffith University,"170 Kessels Road, Nathan Qld 4111",Field Trip Expenses,18/03/2020,18165,Film & Television Institute of India,"Law College Road,Pune, Indiaÿ 411004ÿ",No,No,,,,,,,,1841525,General Goods and Services,,,,
,Griffith University,"170 Kessels Road, Nathan Qld 4111",Software License Fees,18/03/2020,17556,ICAD Consultants Pty Ltd,"18 Centurion St,Bridgeman Downs, QLD 4035",No,No,,,,,,,,338880,General Goods and Services,,,,
,Griffith University,"170 Kessels Road, Nathan Qld 4111",Car Park Maintenance,18/03/2020,12356,Logical Line Marking,"18 Ferguson Street,Underwood, QLD 4119",No,No,,,,,,,,338917,Building Construction and Maintenance,,,,
,Griffith University,"170 Kessels Road, Nathan Qld 4111",Scientific Equipment,18/03/2020,80005,OT Bioelettronica srl,"Via Lancia 62,Torino, Italy 10141",No,No,,,,,,,,338887,General Goods and Services,,,,
,Griffith University,"170 Kessels Road, Nathan Qld 4111",Software License Fees,18/03/2020,30800,Solv Solutions Pty Ltd,"Level 1/776 canning Hwy,Applecross, WA 6153",No,No,,,,,,,,338886,Information and Communication Technology,,,,
,Griffith University,"170 Kessels Road, Nathan Qld 4111",Software License Fees,18/03/2020,41520,Unimarket NZ Limited,"Level 5, 9 Hargreaves Street,Auckland, NZ 1011",No,No,,,,,,,,340223,Information and Communication Technology,C01092,,,
,Griffith University,"170 Kessels Road, Nathan Qld 4111",Scientific Equipment,19/03/2020,110000,Hi-Tech Metrology Pty Ltd,"2 Carl Court,Hallam, VIC 3803",No,No,,,,,,,,339018,General Goods and Services,,,,
,Griffith University,"170 Kessels Road, Nathan Qld 4111",Car Park Maintenance,19/03/2020,19364,Logical Line Marking,"18 Ferguson Street,Underwood, QLD 4119",No,No,,,,,,,,338972,Building Construction and Maintenance,,,,
,Griffith University,"170 Kessels Road, Nathan Qld 4111",Software License Fees / Consultancy,19/03/2020,246581,Novalsys Inc,"902 Broadway,New York, USA 10010",Yes,No,,,,,,,,C01536/C01536_1,Information and Communication Technology,,,,
,Griffith University,"170 Kessels Road, Nathan Qld 4111",Scientific Equipment,19/03/2020,439844,Perkin Elmer Pty Ltd,"PO Box 5290,Brandon Park, VIC 3150",No,No,,,,,,,,339027,General Goods and Services,,,,
,Griffith University,"170 Kessels Road, Nathan Qld 4111",Consultancy - Recruitment,19/03/2020,57200,Robinson Fitzgerald Pty Ltd,"Suite 26, 138 Juliette Street,Greenslopes, QLD 4120",No,No,,,,,,,,339055,General Goods and Services,GU4674,,,
,Griffith University,"170 Kessels Road, Nathan Qld 4111",Marketing,20/03/2020,27500,Invision Media Pty Ltd,"241 Given Tce,Paddington, QLD 4064",No,No,,,,,,,,339083,General Goods and Services,,,,
,Griffith University,"170 Kessels Road, Nathan Qld 4111",Plant Maintenance,20/03/2020,95115,Securcom Pty Ltd,"Unit 79,Brendale, QLD 4500",No,No,,,,,,,,339061,Building Construction and Maintenance,,,,
,Griffith University,"170 Kessels Road, Nathan Qld 4111",Social Media Content,21/03/2020,19798,Ikon Communications Pty Ltd,"Level 1, 1 Kent Street,Millers Points, NSWÿ 2000",No,No,,,,,,,,1843967,General Goods and Services,,,,
,Griffith University,"170 Kessels Road, Nathan Qld 4111",Marketing,21/03/2020,59698,Ikon Communications Pty Ltd,"Level 1, 1 Kent Street,Millers Points, NSWÿ 2000",No,No,,,,,,,,1843968,General Goods and Services,,,,
,Griffith University,"170 Kessels Road, Nathan Qld 4111",Advertising,21/03/2020,11449,Ikon Communications Pty Ltd,"Level 1, 1 Kent Street,Millers Points, NSWÿ 2000",No,No,,,,,,,,1844378,General Goods and Services,,,,
,Griffith University,"170 Kessels Road, Nathan Qld 4111",Research Eye Tracking Package,22/03/2020,20794,Tobii Pro AB,"SE 556914-7613,Danderydÿ 18253ÿ SWE",No,No,,,,,,,,1841825,General Goods and Services,,,,
,Griffith University,"170 Kessels Road, Nathan Qld 4111",Plant Maintenance,23/03/2020,52800,Merck Pty Ltd,"Ground Floor, Bldg 1,Bayswater, VIC 3153",No,No,,,,,,,,339132,Building Construction and Maintenance,,,,
,Griffith University,"170 Kessels Road, Nathan Qld 4111",Chiller Improvements,23/03/2020,12540,Relay Consulting Services,"PO Box 211,Rochedale, QLD 4123",No,No,,,,,,,,339146,Building Construction and Maintenance,,,,
,Griffith University,"170 Kessels Road, Nathan Qld 4111",Consultancy,23/03/2020,55000,Risk Logic Pty Ltd,"Level 7, 74 Castlereagh Street,Sydney, NSW 2000",No,No,,,,,,,,339155,General Goods and Services,GU4675,,,
,Griffith University,"170 Kessels Road, Nathan Qld 4111",Equipment Maintenance,24/03/2020,10291,Biodecon Solutions Limited,"PO Box 1143,Hartwell, VIC 3124",No,No,,,,,,,,339245,General Goods and Services,,,,
,Griffith University,"170 Kessels Road, Nathan Qld 4111",Software Licence Fees,24/03/2020,186127,Ping Identity,"1001 17th Street, Suite 100,Denver, USA 80202",No,No,,,,,,,,339246,Information and Communication Technology,,,,
,Griffith University,"170 Kessels Road, Nathan Qld 4111",Software Licence Fees,26/03/2020,1752581,Squiz Australia Pty Ltd,"Level 1, 435a-437 Kent Street, Sydney, NSW  2000",Yes,No,Limited,,,,,,,GU-657,Information and Communication Technology,,,,
,Griffith University,"170 Kessels Road, Nathan Qld 4111",Plant Maintenance,27/03/2020,17053,OT Bioelettronica srl,"4 Manilla Street,East Brisbane, QLD 4169",No,No,,,,,,,,339406,Building Construction and Maintenance,,,,
,Griffith University,"170 Kessels Road, Nathan Qld 4111",Relocation Services,27/03/2020,16500,Sirva Relocation,"490 Freeman Road,Richlands, QLD 4077",No,No,,,,,,,,339377,General Goods and Services,,,,
,Griffith University,"170 Kessels Road, Nathan Qld 4111",IELTS Tests,30/03/2020,27880,IELTS Australia Pty Ltd,"GPO Box 2006,Canberra, ACT 2601",No,No,,,,,,,,1844172,General Goods and Services,,,,
,Griffith University,"170 Kessels Road, Nathan Qld 4111",Marketing,30/03/2020,12456,Ikon Communications Pty Ltd,"22 Constance Street,Fortitude Valley, QLD 4006",No,No,,,,,,,,339421,General Goods and Services,,,,
,Griffith University,"170 Kessels Road, Nathan Qld 4111",IWC Courses,30/03/2020,848914,International Water Centre Pty Ltd,"PO Box 10907 Adelaide Street,Brisbane, QLD 4000",No,No,Limited,,,,,,,1848895,General Goods and Services,,,,
,Griffith University,"170 Kessels Road, Nathan Qld 4111",Consultancy -Building Maintenance,30/03/2020,21989,N D Y Management Pty Ltd,"Level 14,Brisbane, QLD 4000",No,No,,,,,,,,339459,Building Construction and Maintenance,,,,
,Griffith University,"170 Kessels Road, Nathan Qld 4111",Building Maintenance,30/03/2020,29395,SDE Electrotech,"12 Confluence Crt,Eatons Hill, QLD 4037",No,No,,,,,,,,339432,Building Construction and Maintenance,,,,
,Griffith University,"170 Kessels Road, Nathan Qld 4111",Building Maintenance,30/03/2020,20135,Thinkbox Solutions Pty Ltd,"PO Box 142,Wynnum, QLD 4178",No,No,,,,,,,,339467,Building Construction and Maintenance,,,,
,Griffith University,"170 Kessels Road, Nathan Qld 4111",Subscription/Licence Fees,1/04/2020,28480,Arcs Australia Ltd,"Crows Nest, Nsw",Yes,No,,,,,,,,C01618,,,,,
,Griffith University,"170 Kessels Road, Nathan Qld 4111",Software Licence Fees,7/04/2020,261914,Centaman Systems Jonas Leisure,"Springhill, QLD",Yes,No,,,,,,,,C01576,,,,,
,Griffith University,"170 Kessels Road, Nathan Qld 4111",Computing Maintenance & Support,19/04/2020,142003,Outback Imaging,"Unit 1A / 828 Old Cleveland Road,  Carina, Qld, 4152",No,No ,,,,,,,,C00252,Information and Communication Technology,,,,
,Griffith University,"170 Kessels Road, Nathan Qld 4111",Commission Payment,29/04/2020,510563,OzTrekk Educational Services LTD,"1 Sherbrooke Street East, Suite 301, Perth, ON K7H 1A1",No,No,Limited,,,,,,,1852953,General Goods and Services,,,,
,Griffith University,"170 Kessels Road, Nathan Qld 4111",General Employment Advice,30/04/2020,67497,Clayton Utz,"Gpo Box 9806, Canberra, Act 2601",No,No ,,,,,,,,1855012,General Goods and Services,,,,
,Griffith University,"170 Kessels Road, Nathan Qld 4111",Advertising/Promotions,1/05/2020,23980,Chimera Project,"44 Mirbelia Street, Everton Hills, QLD 4053",No,No,,,,,,,,1851426,General Goods and Services,,,,
,Griffith University,"170 Kessels Road, Nathan Qld 4111",Commission Payment,1/05/2020,295763,Open Universities Australia,"Level 1/473 Bourke St, Melbourne, VIC 3000",No,No,,,,,,,,1853229,General Goods and Services,,,,
,Griffith University,"170 Kessels Road, Nathan Qld 4111",Consultancy,1/05/2020,13000,"Psihometar, craft for data analysis","Ulica Antuna Mihanovia 42, ZapresiZagreb County,  10290",No,No,,,,,,,,1852530,General Goods and Services,,,,
,Griffith University,"170 Kessels Road, Nathan Qld 4111",Infrastructure Services,2/05/2020,48194,AARNET,"GPO Box 1559, Canberra, ACT 2601",No,No,,,,,,,,1851124,General Goods and Services,,,,
,Griffith University,"170 Kessels Road, Nathan Qld 4111",Commission Payment,2/05/2020,498864,Pearson Australia Group Pty Ltd,"Suite 1001 Level 10, 151 Castlereagh Street, Sydney, NSW 2000",No,No,,,,,,,,1851391,General Goods and Services,,,,
,Griffith University,"170 Kessels Road, Nathan Qld 4111",Pilot Apptitude Testing,2/05/2020,19556,SHL Australia Pty Ltd,"Level 14, 77 Pacific Highway, North Sydney, NSW 2060",No,No,,,,,,,,1851350,Information & Communication Technology,,,,
,Griffith University,"170 Kessels Road, Nathan Qld 4111",Scientific Equipment,4/05/2020,34606,Bruker Pty Ltd,"PO Box 202, Alexandria, NSW, 1435, AUS",No,No,,,,,,,,340169,General Goods & Services,,,,
,Griffith University,"170 Kessels Road, Nathan Qld 4111",Equipment Compact Station Training System,4/05/2020,177118,The Trustee for Pullman Learning Group,"PO Box 181, Caulfield South, VIC, 3162, AUS",No,No,,,,,,,,340172,General Goods & Services,,,,
,Griffith University,"170 Kessels Road, Nathan Qld 4111",Consulting Services,5/05/2020,33000,Deloitte Risk Advisory Pty Limited,"123 Eagle Street, Brisbane City, QLD, 4000, AUS",No,No,,,,,,,,340198,General Goods & Services,,,,
,Griffith University,"170 Kessels Road, Nathan Qld 4111",Annual Maintenance & Certification 2020,5/05/2020,183021,Dewpoint Air,"PO BOX 3479, Newmarket, QLD, 4051, AUS",No,No,,,,,,,,340196,General Goods & Services,,,,
,Griffith University,"170 Kessels Road, Nathan Qld 4111",Scientific Equipment,5/05/2020,17065,Edaphic Scientific Pty Ltd,"PO Box 1843, Port Macquarie, NSW, 2444, AUS",No,No,,,,,,,,340199,General Goods & Services,,,,
,Griffith University,"170 Kessels Road, Nathan Qld 4111",Membership,5/05/2020,244986,Universities Australia,"GPO Box 1142, Canberra, ACT 2601",No,No,,,,,,,,1853395 1872337,General Goods and Services,,,,
,Griffith University,"170 Kessels Road, Nathan Qld 4111",CQC2T Annual Workshop,5/05/2020,19666,University of New South Wales,"Ramaciotti Centre for Genomics, Level 1, Biological Sciences Building (D26), The University of New South Wales, Sydney, NSW 2052",No,No,,,,,,,,1851268,General Goods and Services,,,,
,Griffith University,"170 Kessels Road, Nathan Qld 4111",Consultancy,6/05/2020,55000,Martin James Connor,"Mermaid Waters, QLD 4218",No,No,,,,,,,,1853646,General Goods and Services,,,,
,Griffith University,"170 Kessels Road, Nathan Qld 4111",Software Support Oracle Support Services 19095833 N/A ANNUAL 2020-2022 SUBSCRIPTION,6/05/2020,26068,Oracle Corporation Australia Pty Ltd,"GPO Box 1313, Sydney, NSW, 2001, AUS",No,No,,,,,,,,340205,Information & Communcation Technology,,,,
,Griffith University,"170 Kessels Road, Nathan Qld 4111",Building Construction & Maintenance,6/05/2020,4980000,Schneider Electric (Australia) Pty Ltd,"Locked Bag 2211, North Ryde, NSW, 2113, AUS",Yes,No,Open,,,,,,,4602,General Goods & Services,,,,
,Griffith University,"170 Kessels Road, Nathan Qld 4111",Commission Payment,7/05/2020,1738859,Open Universities Australia,"Level 1/473 Bourke St, Melbourne, VIC 3000",No,No,Limited,,,,,,,1853856,General Goods and Services,,,,
,Griffith University,"170 Kessels Road, Nathan Qld 4111",Vehicle Acquisition ,7/05/2020,37399,R.E. & L.M. GIBSON PTY LTD,"20 McLean Street, Goondiwindi, QLD, 4390, AUS",No,No,,,,,,,,340219,General Goods & Services,,,,
,Griffith University,"170 Kessels Road, Nathan Qld 4111",Vehicle Acquisition ,8/05/2020,56614,Brisbane Isuzu,"1121 Beaudesert Road, Archerfield, QLD, 4108, AUS",No,No,,,,,,,,340263,General Goods & Services,,,,
,Griffith University,"170 Kessels Road, Nathan Qld 4111",Intellectual Property,8/05/2020,13064,Spruson & Ferguson Pty Limited,"GPO Box 3898, Sydney, NSW 2001",No,No,,,,,,,,1851348,General Goods and Services,,,,
,Griffith University,"170 Kessels Road, Nathan Qld 4111",Consulting Services,11/05/2020,133320,Calibre Consulting Group,"St Lucia, QLD, 4067, AUS",No,No,,,,,,,,340292,General Goods & Services,,,,
,Griffith University,"170 Kessels Road, Nathan Qld 4111",Consulting Services,11/05/2020,171600,Calibre Consulting Group,"St Lucia, QLD, 4067, AUS",No,No,,,,,,,,340293,General Goods & Services,,,,
,Griffith University,"170 Kessels Road, Nathan Qld 4111",Consulting Services,11/05/2020,42075,Calibre Consulting Group,"St Lucia, QLD, 4067, AUS",No,No,,,,,,,,340294,General Goods & Services,,,,
,Griffith University,"170 Kessels Road, Nathan Qld 4111",Consulting Services,11/05/2020,34100,Mitchell River Traditional Custodian,"Corinda, QLD, 4075, AUS",No,No,,,,,,,,340299,General Goods & Services,,,,
,Griffith University,"170 Kessels Road, Nathan Qld 4111",Equipment Maintenace ,11/05/2020,17712,Raicol Crystal Ltd,"22 Hamelacha St, Rosh Haayin, 480-9162, ISR",No,No,,,,,,,,340282,General Goods & Services,,,,
,Griffith University,"170 Kessels Road, Nathan Qld 4111",Equipment Maintenance ,11/05/2020,25485,Rauland Australia Pty Ltd,"514 Miller Street, Cammeray, NSW, 2062, AUS",No,No,,,,,,,,340278,General Goods & Services,,,,
,Griffith University,"170 Kessels Road, Nathan Qld 4111",Transducer Installation,12/05/2020,20350,Airelec Electrical Services Pty Ltd,"22 Nollamara Drive, Elanora, QLD, 4221, AUS",No,No,,,,,,,,340346,General Goods & Services,,,,
,Griffith University,"170 Kessels Road, Nathan Qld 4111",Consultancy Services Government Relations and Strategic Advisory Services,12/05/2020,66000,Anacta Strategies Pty Ltd,"GPO Box 1349, Brisbane, QLD, 4000, AUS",No,No,,,,,,,,340327,General Goods & Services,,,,
,Griffith University,"170 Kessels Road, Nathan Qld 4111",Advertising ,12/05/2020,330000,Chimera Project,"Everton Hills, QLD, 4053, AUS",No,No,,,,,,,,340326,General Goods & Services,,,,
,Griffith University,"170 Kessels Road, Nathan Qld 4111",Consultancy Commercial advisory - EY,12/05/2020,165000,Ernst & Young,"111 Eagle Street, Brisbane, QLD, 4001, AUS",No,No,,,,,,,,340334,General Goods & Services,,,,
,Griffith University,"170 Kessels Road, Nathan Qld 4111",Engineering Services,13/05/2020,17490,Ashburner Francis Pty Ltd,"977 Stanley Street East, East Brisbane, QLD, 4169, AUS",No,No,,,,,,,,340362,Building Construction and Maintenance,,,,
,Griffith University,"170 Kessels Road, Nathan Qld 4111",2020 Membership Fees QCIF,13/05/2020,440000,QCIF Ltd,"AXON Building 47, The University of Queensland, Brisbane, QLD 4072",No,No,,,,,,,,1854451,General Goods and Services,,,,
,Griffith University,"170 Kessels Road, Nathan Qld 4111",Equipment Maintenance ,14/05/2020,15187,Fredon (Qld) Pty. Limited,"7 Welch Street, Underwood, QLD 4119",No,No,,,,,,,,1854482,General Goods and Services,,,,
,Griffith University,"170 Kessels Road, Nathan Qld 4111",Scientific Services ,14/05/2020,11316,Gold Coast City Council,"PO Box 5042, Gold Coast Mail Centre, QLD 9729",No,No,,,,,,,,1851629,General Goods and Services,,,,
,Griffith University,"170 Kessels Road, Nathan Qld 4111",Software Services ProctorU Proctoring Services for 2020,14/05/2020,309714,ProctorU Inc,"Suite 202, 3687 Old Santa Rita Road,, Pleasanton, CA, 94588, USA",No,No,,,,,,,,340403,Information and Communication Technology,,,,
,Griffith University,"170 Kessels Road, Nathan Qld 4111",Annual Subscription,14/05/2020,54423,WP Engine inc,"Po Box 734427, Dallas, TX, 75373, USA",No,No,,,,,,,,340400,General Goods & Services,,,,
,Griffith University,"170 Kessels Road, Nathan Qld 4111",Consulting Services,15/05/2020,17399,Integrated CFO Solutions Pty Ltd,"Suite 506 level 5, 50 Clarence Street, Sydney, NSW, 2000, AUS",No,No,,,,,,,,340419,General Goods & Services,,,,
,Griffith University,"170 Kessels Road, Nathan Qld 4111",Commission Payment,15/05/2020,539839,Qld Institute of Business & Technology,"176 Messines Ridge Road, Mount Gravatt, QLD 4111",No,No,Limited,,,,,,,1854281,General Goods and Services,,,,
,Griffith University,"170 Kessels Road, Nathan Qld 4111","S7: N79 Construction Phase Briefing as per fee proposal dated 26 June 2019, Nathan campus",15/05/2020,12100,Stantec Australia Pty Ltd,"226 Adelaide Terrace, Perth, WA, 6000, AUS",No,No,,,,,,,,340430,Building Construction and Maintenance,,,,
,Griffith University,"170 Kessels Road, Nathan Qld 4111",New Central Chiller Plant,15/05/2020,82016,Stantec Australia Pty Ltd,"226 Adelaide Terrace, Perth, WA, 6000, AUS",No,No,,,,,,,,340432,Building Construction and Maintenance,,,,
,Griffith University,"170 Kessels Road, Nathan Qld 4111",Construction Electrical Engineering,15/05/2020,17930,Stantec Australia Pty Ltd,"226 Adelaide Terrace, Perth, WA, 6000, AUS",No,No,,,,,,,,340434,Building Construction and Maintenance,,,,
,Griffith University,"170 Kessels Road, Nathan Qld 4111",Annual access charges for ANFF Q Facility,15/05/2020,11000,University of Queensland,"Accounts Receivable, ST LUCIA, QLD, 4072, AUS",No,No,,,,,,,,340444,General Goods & Services,,,,
,Griffith University,"170 Kessels Road, Nathan Qld 4111",Library Acquisition,15/05/2020,34422,UpToDate Inc.,"PO Box 412094, Boston, MA 02241-2094",No,No,,,,,,,,1854607,General Goods & Services,,,,
,Griffith University,"170 Kessels Road, Nathan Qld 4111",Membership ,18/05/2020,55000,Bionics Queensland,"29 Nathan Ave, Ashgrove, QLD 4060",No,No,,,,,,,,1855030,General Goods & Services,,,,
,Griffith University,"170 Kessels Road, Nathan Qld 4111",Accreditation Fees,18/05/2020,35123,Council of Pharmacy Register Authorities,"PO Box 269, Civic Square, ACT 2608",No,No,,,,,,,,1855025,General Goods & Services,,,,
,Griffith University,"170 Kessels Road, Nathan Qld 4111",Construction Electrical Engineering,18/05/2020,20094,GHD Pty Ltd,"PO Box 5403, HRMC, NSW, 2310, AUS",No,No,,,,,,,,340458,Building Construction and Maintenance,,,,
,Griffith University,"170 Kessels Road, Nathan Qld 4111",Advertising/Promotions ,18/05/2020,11204,Ikon Communications Pty Ltd,"Level 4, 1 Kent Street, Millers Points, NSW, 2000, AUS",No,No,,,,,,,,340459,General Goods & Services,,,,
,Griffith University,"170 Kessels Road, Nathan Qld 4111",Scientific equipment,18/05/2020,11722,Semiconductor Metrology Ltd,"Heath House, Fleet Hill, Finchampstead, BERKS RG40 4LJ",No,No,,,,,,,,1854995,General Goods & Services,,,,
,Griffith University,"170 Kessels Road, Nathan Qld 4111",Construction  ,19/05/2020,11539,Wilson Architects,"564 Boundary Street, Spring Hill, QLD, 4000, AUS",No,No,,,,,,,,340485,Building Construction and Maintenance,,,,
,Griffith University,"170 Kessels Road, Nathan Qld 4111",Annual CAPA affilifation fee,20/05/2020,12409,Council of Australian Postgraduate Assoc,"Level 1, 120 Clarendon Street, Southbank, VIC 3006",No,No,,,,,,,,1852609,General Goods and Services,,,,
,Griffith University,"170 Kessels Road, Nathan Qld 4111",Professional legal fees,21/05/2020,12452,Minter Ellison Lawyers,"PO Box 7844, ""Waterfront Place"" Brisbane, QLD 4001",No,No,,,,,,,,1855539,General Goods & Services,,,,
,Griffith University,"170 Kessels Road, Nathan Qld 4111",Subscription Fees,21/05/2020,16072,National Library Of Australia,"Parkes Place, Canberra, ACT 2600",No,No,,,,,,,,1852934,General Goods and Services,,,,
,Griffith University,"170 Kessels Road, Nathan Qld 4111",Consultancy External Audit,22/05/2020,11000,Bailiwick Auditing Services Pty Ltd,"Level 2, 4 Kyabra Street, Newstead, QLD, 4006, AUS",No,No,,,,,,,,340543,General Goods & Services,,,,
,Griffith University,"170 Kessels Road, Nathan Qld 4111",Publication Costs EOID,22/05/2020,10657,Informa UK Ltd,"Finance Department, PO Box Q1439, QVB Post Office Sydney, NSW 1230",No,No,,,,,,,,1855290,General Goods & Services,,,,
,Griffith University,"170 Kessels Road, Nathan Qld 4111",Library Acquisition ,22/05/2020,30000,Kanopy LLC,"781 Beach St Suite 410, San Francisco, CA 94109",No,No,,,,,,,,1852943,General Goods and Services,,,,
,Griffith University,"170 Kessels Road, Nathan Qld 4111",Chiller Replacement,22/05/2020,12430,Northrop Consulting Engineers Pty Ltd,"Level 9, 200 Mary Street, Brisbane, QLD, 4000, AUS",No,No,,,,,,,,340541,Building Construction and Maintenance,,,,
,Griffith University,"170 Kessels Road, Nathan Qld 4111",Advertising/Promotions ,25/05/2020,18063,Ikon Communications Pty Ltd,"Level 4, 1 Kent Street, Millers Points, NSW, 2000, AUS",No,No,,,,,,,,340571,General Goods & Services,,,,
,Griffith University,"170 Kessels Road, Nathan Qld 4111",Installation of Automatic swing door,26/05/2020,18447,Assa Abloy Entrance Systems Australia Pt,"Unit 4 18-22 Winterton Rd, Clayton, VIC, 3168, AUS",No,No,,,,,,,,340604,Building Construction and Maintenance,,,,
,Griffith University,"170 Kessels Road, Nathan Qld 4111",Fire panel replacement,26/05/2020,33165,Dylmount Pty Ltd,"PO Box 57, Albion, QLD, 4010, AUS",No,No,,,,,,,,340620,Building Construction and Maintenance,,,,
,Griffith University,"170 Kessels Road, Nathan Qld 4111",Advertising Health Study Areas Paid Search,26/05/2020,11665,Ikon Communications Pty Ltd,"Level 4, 1 Kent Street, Millers Points, NSW 2000",No,No,,,,,,,,1855987,General Goods & Services,,,,
,Griffith University,"170 Kessels Road, Nathan Qld 4111",Commission Payment,26/05/2020,126272,Kom Consultants,"25 Redmond Dr, Unit 4Hamilton, ON L8W 3K7",No,No,,,,,,,,1856039,General Goods & Services,,,,
,Griffith University,"170 Kessels Road, Nathan Qld 4111",Refurbishment,26/05/2020,12364,Threeonefive Innovations,"Po Box 98, Labrador, QLD, 4215, AUS",No,No,,,,,,,,340646,Building Construction and Maintenance,,,,
,Griffith University,"170 Kessels Road, Nathan Qld 4111",Consultancy ,27/05/2020,425765,AM Educon Service (OPC) PVT LTD,"3459-B, Sector-23, Gurgaon, Haryana, , 122017, IND",No,No,,,,,,,,340678,General Goods & Services,,,,
,Griffith University,"170 Kessels Road, Nathan Qld 4111",Architectural Schematic Design ,27/05/2020,35563,Archipelago,"PO Box 16063, City East, QLD, 4002, AUS",No,No,,,,,,,,340653,Building Construction and Maintenance,,,,
,Griffith University,"170 Kessels Road, Nathan Qld 4111",Consultancy Market Scoping ,27/05/2020,21780,Enhance Management Pty Ltd,"PO Box 564, Fortitude Valley, QLD, 4006, AUS",No,No,,,,,,,,340677,General Goods & Services,,,,
,Griffith University,"170 Kessels Road, Nathan Qld 4111",IEAA Gold Membership,27/05/2020,14850,Intl Education Association of Aust Inc,"PO Box 12917, Melbourne, VIC 8006",No,No,,,,,,,,1856210,General Goods & Services,,,,
,Griffith University,"170 Kessels Road, Nathan Qld 4111",QS Enrolment Solutions contracted services,27/05/2020,440000,QS Enrolment Solutions (Australia) Pty L,"Level 3, 595 Collins Street, Melbourne, VIC, 3000, AUS",No,No,,,,,,,,340670,General Goods & Services,,,,
,Griffith University,"170 Kessels Road, Nathan Qld 4111",Intellectual Property Good/ImmunogenicPeptide/CN,27/05/2020,15854,Spruson & Ferguson Pty Limited,"GPO Box 3898, Sydney, NSW 2001",No,No,,,,,,,,1856110,General Goods & Services,,,,
,Griffith University,"170 Kessels Road, Nathan Qld 4111",Franchise fees Jan - Mar 2020,27/05/2020,29025,Warwick University Enterprises (Aus) P/L,"Accounts Receivable Office, University House, University of WarwickCoventry,  CV4 8UW",No,No,,,,,,,,1853415,General Goods and Services,,,,
,Griffith University,"170 Kessels Road, Nathan Qld 4111",Equipment Acquisition ,28/05/2020,14080,Dell Australia Pty Ltd,"PO Box 91, Frenchs Forest, NSW, 2086, AUS",No,No,,,,,,,,340701,General Goods & Services,,,,
,Griffith University,"170 Kessels Road, Nathan Qld 4111",Rowing Pair Boat,28/05/2020,20182,Jeff Sykes & Assoc. P/L t/a Concept 2,"65-67 Tucker Street, Breakwater, VIC, 3219, AUS",No,No,,,,,,,,340695,General Goods & Services,,,,
,Griffith University,"170 Kessels Road, Nathan Qld 4111",Intellectual Property Good/ImmunogenicPeptide/JP,28/05/2020,17128,Spruson & Ferguson Pty Limited,"GPO Box 3898, Sydney, NSW 2001",No,No,,,,,,,,1856115,General Goods & Services,,,,
,Griffith University,"170 Kessels Road, Nathan Qld 4111",Subscription/Licence Fees Software,29/05/2020,17901,Asana Inc,"San Francisco, Ca, Usa",No,No,,,,,,,,340727,Information and Communication Technology,C00730,,,
,Griffith University,"170 Kessels Road, Nathan Qld 4111",Education and Teaching,29/05/2020,12333,Environmental Health Australia,"PO Box 2222, Fortitude Valley, QLD  4006",No,No,,,,,,,,1856469,General Goods and Services,,,,
,Griffith University,"170 Kessels Road, Nathan Qld 4111",Advertising and Promotions,29/05/2020,47925,Ikon Communications Pty Ltd,"Level 4, 1 Kent Street, Millers Points, NSW  2000",No,No,,,,,,,,1856517,General Goods and Services,,,,
,Griffith University,"170 Kessels Road, Nathan Qld 4111",Construction Engineer,29/05/2020,16709,MultiTech Solutions Pty Ltd,"PO Box 790, Coorparoo, QLD, 4151, AUS",No,No,,,,,,,,340725,Building Construction and Maintenance,,,,
,Griffith University,"170 Kessels Road, Nathan Qld 4111",Construction Surveyor,29/05/2020,11550,Rider Levett Bucknall Qld Pty Ltd,"GPO Box 1383, Brisbane, QLD, 4000, AUS",No,No,,,,,,,,340724,Building Construction and Maintenance,,,,
,Griffith University,"170 Kessels Road, Nathan Qld 4111",Building Maintenance,29/05/2020,47405,Signature Projects Pty Ltd,"PO Box 575, Rochedale South, QLD, 4123, AUS",No,No,,,,,,,,340712,Building Construction and Maintenance,,,,
,Griffith University,"170 Kessels Road, Nathan Qld 4111",Chiller Installation,29/05/2020,465152,Value Added Asset Management Pty Ltd,"27 Bellwood Street, Darra, QLD, 4076, AUS",No,No,,,,,,,,340734,Building Construction and Maintenance,,,,
,Griffith University,"170 Kessels Road, Nathan Qld 4111",May to July advertising,30/05/2020,11550,In Queensland Medit Pty Ltd,"Level 15, 111 Eagle Street, Brisbane, QLD 4000",No,No,,,,,,,,1855738,General Goods & Services,,,,
,Griffith University,"170 Kessels Road, Nathan Qld 4111",Legal Fees,30/05/2020,14501,Q Workplace Solutions Pty Ltd,"79 Broadway Street, Woolloongabba, QLD 4102",No,No,,,,,,,,1854997,General Goods & Services,,,,
,Griffith University,"170 Kessels Road, Nathan Qld 4111",Research Australia Membership,31/05/2020,12064,Research Australia,"384 Victoria Street, Darlinghurst, NSW 2010",No,No,,,,,,,,1855017,General Goods & Services,,,,
,Griffith University,"170 Kessels Road, Nathan Qld 4111",Advertising/Promotions,1/06/2020,22825,Chimera Project,"44 Mirbelia Street, Everton Hills, QLD 4053",No,No,,,,,,,,1854366,General Goods and Services,,,,
,Griffith University,"170 Kessels Road, Nathan Qld 4111",Advertising and Promotions,3/06/2020,16485,Ikon Communications Pty Ltd,"Level 4, 1 Kent Street, Millers Points, NSW  2000",No,No,,,,,,,,340841,General Goods and Services,,,,
,Griffith University,"170 Kessels Road, Nathan Qld 4111",Advertising and Promotions,4/06/2020,366300,Ikon Communications Pty Ltd,"Level 4, 1 Kent Street, Millers Points, NSW  2000",No,No,,,,,,,,340880,General Goods and Services,GU4667,,,
,Griffith University,"170 Kessels Road, Nathan Qld 4111",Advertising and Promotions,4/06/2020,561000,Ikon Communications Pty Ltd,"Level 4, 1 Kent Street, Millers Points, NSW  2000",No,No,Limited,,,,,,,340881,General Goods and Services,GU4667,,,
,Griffith University,"170 Kessels Road, Nathan Qld 4111",Advertising and Promotions,4/06/2020,64350,Verticurl Marketing Services PTy Ltd,"30 Hickson Rd, Millers Point, NSW  2000",No,No,,,,,,,,340883,General Goods and Services,GU4716,,,
,Griffith University,"170 Kessels Road, Nathan Qld 4111",Advertising and Promotions,5/06/2020,20513,Ikon Communications Pty Ltd,"Level 4, 1 Kent Street, Millers Points, NSW  2000",No,No,,,,,,,,1856284,General Goods and Services,,,,
,Griffith University,"170 Kessels Road, Nathan Qld 4111",N79 Fitout of Level 4 and 5 ,5/06/2020,13753336,Wiley & Co Pty Ltd,"L3 / 100 Ann St, Woolloongabba, QLD  4102",No,No,Open,,,,,,,340900,Building Construction and Maintenance,,,,
,Griffith University,"170 Kessels Road, Nathan Qld 4111",Education and Teaching,8/06/2020,23716,ACER - Aust Council for Edu Research Ltd,"Private Bag 55, Camberwell, VIC  3124",No,No,,,,,,,,1857421,General Goods and Services,,,,
,Griffith University,"170 Kessels Road, Nathan Qld 4111",Scientific Equipment,8/06/2020,24221,ADInstruments P/L,"Unit 13, 22 Lexington Drive, Bella Vista, NSW  2153",No,No,,,,,,,,340920,General Goods and Services,,,,
,Griffith University,"170 Kessels Road, Nathan Qld 4111",Consultancy Services,8/06/2020,28325,Australian Institute of Health & Welfare,"GPO Box 570, Canberra, ACT  2601",No,No,,,,,,,,1857596,General Goods and Services,,,,
,Griffith University,"170 Kessels Road, Nathan Qld 4111",Advertising and Promotions,8/06/2020,112200,Ikon Communications Pty Ltd,"Level 4, 1 Kent Street, Millers Points, NSW  2000",No,No,,,,,,,,340968,General Goods and Services,GU4667,,,
,Griffith University,"170 Kessels Road, Nathan Qld 4111",Advertising and Promotions,8/06/2020,143000,Ikon Communications Pty Ltd,"Level 4, 1 Kent Street, Millers Points, NSW  2000",No,No,,,,,,,,340969,General Goods and Services,GU4667,,,
,Griffith University,"170 Kessels Road, Nathan Qld 4111",N30 Exit Light Upgrades,8/06/2020,26838,Precise Air Group P/L,"PO Box 1859, Springwood, QLD  4128",No,No,,,,,,,,340932,Building Construction and Maintenance,,,,
,Griffith University,"170 Kessels Road, Nathan Qld 4111",Exit Light Upgrades,8/06/2020,19075,Precise Air Group P/L,"PO Box 1859, Springwood, QLD  4128",No,No,,,,,,,,340933,Building Construction and Maintenance,,,,
,Griffith University,"170 Kessels Road, Nathan Qld 4111",Consultancy Services,8/06/2020,37860,Queensland University of Technology,"GPO Box 2434, Brisbane, QLD  4001",No,No,,,,,,,,1857526,General Goods and Services,,,,
,Griffith University,"170 Kessels Road, Nathan Qld 4111",SAGE Subscription,8/06/2020,33000,Science in Australia Gender Equity Ltd,"Ian Potter House, 9 Gordon Street, Acton, ACT  2601",No,No,,,,,,,,1857419,Information and Communication Technology,,,,
,Griffith University,"170 Kessels Road, Nathan Qld 4111",Advertising and Promotions,8/06/2020,40733,Serotonin Creative,"22 Petrie Terrace, Brisbane, QLD  4000",No,No,,,,,,,,340937,General Goods and Services,,,,
,Griffith University,"170 Kessels Road, Nathan Qld 4111",Consultancy Services,8/06/2020,213937,Southern Cross University,"PO Box 157, Lismore, NSW  2480",No,No,,,,,,,,340925,General Goods and Services,GU4719,,,
,Griffith University,"170 Kessels Road, Nathan Qld 4111",Scientific Equipment,8/06/2020,27772,The trustee for The Haemoview Diagnostic,"433 Logan Road, Stones Corner, QLD  4120",No,No,,,,,,,,340935,General Goods and Services,,,,
,Griffith University,"170 Kessels Road, Nathan Qld 4111",Scientific Equipment,8/06/2020,117358,Thermo Fisher Scientific Australia,"PO Box 9092, Scoresby, VIC  3179",No,No,,,,,,,,340965,General Goods and Services,,,,
,Griffith University,"170 Kessels Road, Nathan Qld 4111",Camera Repairs,8/06/2020,11000,Thinkbox Solutions Pty Ltd,"PO Box 142, Wynnum, QLD  4178",No,No,,,,,,,,340971,General Goods and Services,,,,
,Griffith University,"170 Kessels Road, Nathan Qld 4111",Software Licenses and Support,9/06/2020,310465,Unicard Systems Pty Ltd,"35/6 Herbert Street, St Leonards, NSW  2065",Yes,No,,,,,,,,C01627,Information and Communication Technology,,,,
,Griffith University,"170 Kessels Road, Nathan Qld 4111",Subscription/Licence Fees,10/06/2020,61800,Experian Australia T/A Qas Pty Ltd,"L6 549 St Kilda Road,  Melbourne, Vic, 3004",Yes,No,,,,,,,,C00248,Subscription/License Fees,,,,
,Griffith University,"170 Kessels Road, Nathan Qld 4111",Scientific Services,10/06/2020,11329,Gold Coast City Council,"PO Box 5042, GCMC, QLD  9729",No,No,,,,,,,,1854407,General Goods and Services,,,,
,Griffith University,"170 Kessels Road, Nathan Qld 4111",Professional Services,10/06/2020,39270,Price Waterhouse Coopers,"GPO Box 150, Brisbane, QLD  4001",No,No,,,,,,,,1857894,General Goods and Services,,,,
,Griffith University,"170 Kessels Road, Nathan Qld 4111",Professional Services,10/06/2020,16291,Price Waterhouse Coopers,"GPO Box 150, Brisbane, QLD  4001",No,No,,,,,,,,1857895,General Goods and Services,,,,
,Griffith University,"170 Kessels Road, Nathan Qld 4111",Consultancy Services,12/06/2020,30354,AiM GmbH,"Marie-Curie Strasse 8, Loerrach  79539  Germany",No,No,,,,,,,,341078,General Goods and Services,,,,
,Griffith University,"170 Kessels Road, Nathan Qld 4111",Consultancy Services,12/06/2020,27500,Airborne Research Australia,"PO Box 335, Salisbury South, SA  5106",No,No,,,,,,,,1855022,General Goods and Services,,,,
,Griffith University,"170 Kessels Road, Nathan Qld 4111",Advertising and Promotions,12/06/2020,85868,Daresay,"4 Glen Street, Milsons Point, NSW  2061",No,No,,,,,,,,341090,General Goods and Services,,,,
,Griffith University,"170 Kessels Road, Nathan Qld 4111",Consultancy Services,12/06/2020,45833,QS Enrolment Solutions (Australia) Pty L,"Level 3, 595 Collins Street, Melbourne, VIC  3000",No,No,,,,,,,,1855021,Building Construction and Maintenance,,,,
,Griffith University,"170 Kessels Road, Nathan Qld 4111",Plant Maintenance,16/06/2020,10791,N D Y Management Pty Ltd,"Level 14, 120 Edward Street, Brisbane, QLD  4000",No,No,,,,,,,,341145,General Goods and Services,,,,
,Griffith University,"170 Kessels Road, Nathan Qld 4111",Consultancy Fees,16/06/2020,277873,The Trustee For Thehill Hodges Family Tr,West Woombye,No,No,,,,,,,,2057487,,,,,
,Griffith University,"170 Kessels Road, Nathan Qld 4111",Consultancy Services,17/06/2020,29150,Acuity Technology Management Pty Limited,"PO Box 33, Red Hill South, VIC  3937",No,No,,,,,,,,341164,General Goods and Services,,,,
,Griffith University,"170 Kessels Road, Nathan Qld 4111",Consultancy Services,17/06/2020,71280,Nexus Apac Pty Ltd,"6 Rhonda Cl, Wahroonga, NSW  2076",No,No,,,,,,,,341165,General Goods and Services,GU4722,,,
,Griffith University,"170 Kessels Road, Nathan Qld 4111",Study Stays Database,17/06/2020,18000,StudyStays Pty Ltd,"40 Kingsholme Street, Teneriffe, QLD  4005",No,No,,,,,,,,1856357,Information and Communication Technology,,,,
,Griffith University,"170 Kessels Road, Nathan Qld 4111",N79 Pedestrian crossover ,18/06/2020,139232,A1 Building & Property Solutions Pty Ltd,"3 D'aguilar Road, The Gap, QLD  4061",No,No,,,,,,,,341207,Building Construction and Maintenance,,,,
,Griffith University,"170 Kessels Road, Nathan Qld 4111",Scientific Equipment,18/06/2020,44000,Applied Infrared Sensing,"PO Box 760, Port Macquarie, NSW  2444",No,No,,,,,,,,341202,General Goods and Services,,,,
,Griffith University,"170 Kessels Road, Nathan Qld 4111",Consultancy Services,18/06/2020,26400,Michael O'Regan,"PO Box 216, Bangalow, NSW  2479",No,No,,,,,,,,341208,General Goods and Services,GU4723,,,
,Griffith University,"170 Kessels Road, Nathan Qld 4111",L03 Refurbishment of Rooms ,18/06/2020,196923,Premis Solutions Pty Ltd,"PO Box 114, Toowong, QLD  4066",No,No,,,,,,,,341201,Building Construction and Maintenance,,,,
,Griffith University,"170 Kessels Road, Nathan Qld 4111",Advertising and Promotions,18/06/2020,17330,Queensland Tertiary Admissions Centre Lt,"PO Box 1331, Milton, QLD  4064",No,No,,,,,,,,1856208,General Goods and Services,,,,
,Griffith University,"170 Kessels Road, Nathan Qld 4111",Cisco Codec Pro items,19/06/2020,30370,Data #3 Limited,"PO Box 551, Indooroopilly, QLD  4068",No,No,,,,,,,,341224,Information and Communication Technology,,,,
,Griffith University,"170 Kessels Road, Nathan Qld 4111",Scientific Equipment,19/06/2020,21998,Deotome Pty Ltd,"PO Box 2054, New Farm, QLD  4005",No,No,,,,,,,,341241,General Goods and Services,,,,
,Griffith University,"170 Kessels Road, Nathan Qld 4111",Staff Recruitment,21/06/2020,16500,Odgers Berndtson,"Level 2, 2 Bulletin Place, Sydney, NSW  2000",No,No,,,,,,,,1857524,General Goods and Services,,,,
,Griffith University,"170 Kessels Road, Nathan Qld 4111",Bio Chemicals,22/06/2020,76153,Bio-Strategy Pty Limited,"PO Box 14, Campbellfield, VIC  3061",No,No,,,,,,,,341316,General Goods and Services,,,,
,Griffith University,"170 Kessels Road, Nathan Qld 4111",Scientific Equipment,22/06/2020,16283,Olympus Australia Pty Ltd,"PO Box 985, Mt Waverley, VIC  3149",No,No,,,,,,,,341294,General Goods and Services,,,,
,Griffith University,"170 Kessels Road, Nathan Qld 4111",Commission CCTV Systems,22/06/2020,16232,Thinkbox Solutions Pty Ltd,"PO Box 142, Wynnum, QLD  4178",No,No,,,,,,,,341306,General Goods and Services,,,,
,Griffith University,"170 Kessels Road, Nathan Qld 4111",Scientific Equipment,22/06/2020,36413,Thorlabs Inc,"56 Sparta Avenue, Newton, NJ  07860  USA",No,No,,,,,,,,341308,General Goods and Services,,,,
,Griffith University,"170 Kessels Road, Nathan Qld 4111",Gas Monitoring System,23/06/2020,17643,Indratel Australia Pty Limited,"PO Box 630, Cannon Hill, QLD  4173",No,No,,,,,,,,341348,General Goods and Services,,,,
,Griffith University,"170 Kessels Road, Nathan Qld 4111",Consultancy Services,23/06/2020,330000,Price Waterhouse Coopers,"GPO Box 150, Brisbane, QLD  4001",No,No,,,,,,,,341345,General Goods and Services,GU4724,,,
,Griffith University,"170 Kessels Road, Nathan Qld 4111",Bio Chemicals,24/06/2020,25575,Bio-Strategy Pty Limited,"PO Box 14, Campbellfield, VIC  3061",No,No,,,,,,,,341426,General Goods and Services,,,,
,Griffith University,"170 Kessels Road, Nathan Qld 4111",Consultancy Services,24/06/2020,575619,QS Enrolment Solutions (Australia) Pty L,"Level 3, 595 Collins Street, Melbourne, VIC  3000",No,No,Limited,,,,,,,341386,Information and Communication Technology,GU3519,,,
,Griffith University,"170 Kessels Road, Nathan Qld 4111",Advertising and Promotions,25/06/2020,57200,Ikon Communications Pty Ltd,"Level 4, 1 Kent Street, Millers Points, NSW  2000",No,No,,,,,,,,341471,General Goods and Services,GU4667,,,
,Griffith University,"170 Kessels Road, Nathan Qld 4111", Pilomat 220/P Automatic Bollard,25/06/2020,19932,Magnetic Automation Pty Ltd,"2/4-14 Riverland Drive, Loganholme, QLD  4129",No,No,,,,,,,,341479,General Goods and Services,,,,
,Griffith University,"170 Kessels Road, Nathan Qld 4111",Advertising and Promotions,25/06/2020,58988,Nature Pty Ltd,"139 Dover Street, Cremorne, VIC  3121",No,No,,,,,,,,1856362,General Goods and Services,,,,
,Griffith University,"170 Kessels Road, Nathan Qld 4111",Advertising and Promotions,25/06/2020,13998,Nature Pty Ltd,"139 Dover Street, Cremorne, VIC  3121",No,No,,,,,,,,1856524,General Goods and Services,,,,
,Griffith University,"170 Kessels Road, Nathan Qld 4111",Advertising and Promotions,25/06/2020,17710,Nature Pty Ltd,"139 Dover Street, Cremorne, VIC  3121",No,No,,,,,,,,1856525,General Goods and Services,,,,
,Griffith University,"170 Kessels Road, Nathan Qld 4111",Scientific Equipment,25/06/2020,49023,SciTech Pty Ltd,"PO Box 1625, Preston South, VIC  3072",No,No,,,,,,,,341431,General Goods and Services,,,,
,Griffith University,"170 Kessels Road, Nathan Qld 4111",Consultancy Services,25/06/2020,55440,The George Institute for Global Health,"Level 5, 1 King St, Newtown, NSW  2042",No,No,,,,,,,,341434,General Goods and Services,GU4729,,,
,Griffith University,"170 Kessels Road, Nathan Qld 4111",Consultancy Services,26/06/2020,12100,Acquire Procurement Services,"Level 6, 200 Adelaide Street, Bisbane, QLD  4000",No,No,,,,,,,,341494,General Goods and Services,GU4735,,,
,Griffith University,"170 Kessels Road, Nathan Qld 4111",Consultancy Services,26/06/2020,252000,Atticus Education Ltd,"The Riverhouse, Skibbereen  Ireland",No,No,,,,,,,,341523,General Goods and Services,GU4327,,,
,Griffith University,"170 Kessels Road, Nathan Qld 4111",Software Licenses and Support,26/06/2020,511354,Data #3 Limited,"PO Box 551, Indooroopilly, QLD  4068",No,No,Limited,,,,,,,341496,Information and Communication Technology,,,,
,Griffith University,"170 Kessels Road, Nathan Qld 4111",Consultancy Services,26/06/2020,11488,Gold Coast City Council,"PO Box 5042, GCMC, QLD  9729",No,No,,,,,,,,1859766,General Goods and Services,,,,
,Griffith University,"170 Kessels Road, Nathan Qld 4111",Professional Services,26/06/2020,19420,Minter Ellison Lawyers,"PO Box 7844, Brisbane, QLD  4001",No,No,,,,,,,,1859772,General Goods and Services,,,,
,Griffith University,"170 Kessels Road, Nathan Qld 4111",SEARRP Subscription,26/06/2020,15000,Rainforest Research Sdn Bhd,"PO Box 155, Mini Post Office, Kota Kinabalu, Sabah  88200  Malaysia",No,No,,,,,,,,1856575,Information and Communication Technology,,,,
,Griffith University,"170 Kessels Road, Nathan Qld 4111",Software Licenses and Support,26/06/2020,35109,Siteimprove Australia Pty Ltd,"PO Box R1948, Royal Exchange, NSW  1225",No,No,,,,,,,,341515,Information and Communication Technology,,,,
,Griffith University,"170 Kessels Road, Nathan Qld 4111",Bio Chemicals,26/06/2020,10739,Stemcell Technologies,"PO Box 648, Tullamarine, VIC  3043",No,No,,,,,,,,341527,General Goods and Services,,,,
,Griffith University,"170 Kessels Road, Nathan Qld 4111",Scientific Equipment,26/06/2020,29913,Technical Advantages,"PO Box 3082, Warner, QLD  4500",No,No,,,,,,,,341533,General Goods and Services,,,,
,Griffith University,"170 Kessels Road, Nathan Qld 4111",Consultancy Services,28/06/2020,14470,Matson's Laboratory LLC,"135 Wooden Shoe Lane, Manhattan, MT  59741  USA",No,No,,,,,,,,1857897,General Goods and Services,,,,
,Griffith University,"170 Kessels Road, Nathan Qld 4111",Laboratory Consumables,29/06/2020,11616,Bio-Strategy Pty Limited,"PO Box 14, Campbellfield, VIC  3061",No,No,,,,,,,,341552,General Goods and Services,,,,
,Griffith University,"170 Kessels Road, Nathan Qld 4111",Software Licenses and Support,29/06/2020,11000,Blackbook Professional Services,"146 Bloomfield Street, Cleveland, QLD  4163",No,No,,,,,,,,341571,Information and Communication Technology,,,,
,Griffith University,"170 Kessels Road, Nathan Qld 4111",Copyright Licence Fees,30/06/2020,380079,Australian Record Industry Assoc. Ltd,"Po Box Q20, Qvb Post Officesydney, Nsw 1230",No,No ,,,,,,,,1871597 351691 363901 376846,General Goods and Services,,,,
,Griffith University,"170 Kessels Road, Nathan Qld 4111",Springer Database Subscription,30/06/2020,139603,Springer Customer Service Centre GmbH,"Haberstrasse 7, Heidelberg  D69126  Germany",No,No,,,,,,,,1859411,Information and Communication Technology,,,,
