Description,Agency (Dept or Stat Body),Agency address,Contract description/name,Award contract date,Contract value,Supplier name,Supplier address,Variation to contract (Yes/No),Specific confidentiality provision used,Procurement method,Reason for use of limited tendering,Form of contract,Number of offers sought,Evaluation criteria and weightings,Deliverables,Contract milestones,Contract performance management,Contract reference number,Contract category group,Parent contract number/SOA,Variation comments,Commence date,Supplier ABN,Finish date
,Griffith University,"170 Kessels Road, Nathan Qld 4111",Pathology Expenditure,1/07/2024,22000,Australian Genome Research Facility Ltd,"St Lucia, Qld",No,,,,,,,,,,391036,,,,,,
,Griffith University,"170 Kessels Road, Nathan Qld 4111",Software Support Maintenance,1/07/2024,1222793,Flexdata Solutions Pty Ltd,"Brisbane, Qld",No,,Selective,,,,,,,,391042,,,,,,
,Griffith University,"170 Kessels Road, Nathan Qld 4111",Laboratory Consumables,1/07/2024,19736,Wellington Laboratories Inc.,Canada,No,,,,,,,,,,391018,,,,,,
,Griffith University,"170 Kessels Road, Nathan Qld 4111",External Course Delivery,2/07/2024,21462,Acer - Aust Council For Edu Research Ltd,"Camberwell, Vic",No,,,,,,,,,,2077581,,,,,,
,Griffith University,"170 Kessels Road, Nathan Qld 4111",Audit Fees,2/07/2024,24970,Bdo Services Pty Ltd,"Brisbane, Qld",No,,,,,,,,,,2080778,,,,,,
,Griffith University,"170 Kessels Road, Nathan Qld 4111",Consultancy Services,2/07/2024,41376,Brendan Francis Mullen,Qld,No,,,,,,,,,,2083769 2104731,,,,,,
,Griffith University,"170 Kessels Road, Nathan Qld 4111",External Course Delivery,2/07/2024,12761,Empius Pty Ltd,"Wynnym, Qld",No,,,,,,,,,,2078574,,,,,,
,Griffith University,"170 Kessels Road, Nathan Qld 4111",Building Construction & Maintenance,2/07/2024,11442,Mctaggart Plumbing Pty Ltd,"Petrie, Qld",No,,,,,,,,,,391065,,,,,,
,Griffith University,"170 Kessels Road, Nathan Qld 4111",Subscription/Licence Fees Software,2/07/2024,191252,Nationwide News Pty Ltd News Pty Limited,"Surry Hills, Nsw",No,,,,,,,,,,392635,,,,,,
,Griffith University,"170 Kessels Road, Nathan Qld 4111",Building Construction & Maintenance,2/07/2024,121970,Steadfast Projects Pty Ltd,"Upper Kedron, Qld",Yes,,,,,,,,,,391064,,,,,,
,Griffith University,"170 Kessels Road, Nathan Qld 4111",Scientific Equipment,3/07/2024,113365,Bio-Strategy Pty Limited,"Campbell field, Vic",No,,,,,,,,,,391097,,,,,,
,Griffith University,"170 Kessels Road, Nathan Qld 4111",Scientific Equipment,3/07/2024,96500,Eppendorf South Pacific Pty Ltd,"North Ryde, Nsw",No,,,,,,,,,,391096,,,,,,
,Griffith University,"170 Kessels Road, Nathan Qld 4111",Consultancy Services,3/07/2024,20796,Insight Enterprises Australia Pty Ltd,"Brookvale, Nsw",No,,,,,,,,,,391098,,,,,,
,Griffith University,"170 Kessels Road, Nathan Qld 4111",Subscription/Licence Fees Software,3/07/2024,2528717,"Sailpoint Technologies, Inc.",Usa,No,,Open,,,,,,,,391104,,,,,,
,Griffith University,"170 Kessels Road, Nathan Qld 4111",Scientific Equipment,3/07/2024,16533,Xylem Water Solutions Australia Ltd,"Mansfield, Qld",No,,,,,,,,,,391103,,,,,,
,Griffith University,"170 Kessels Road, Nathan Qld 4111",Laboratory Consumables,4/07/2024,20240,Bio-Strategy Pty Limited,"Campbell field, Vic",No,,,,,,,,,,391113,,,,,,
,Griffith University,"170 Kessels Road, Nathan Qld 4111",Scientific Equipment,4/07/2024,95909,Brightside Scientific Pty Ltd,"Tuggerah, Nsw",No,,,,,,,,,,391110,,,,,,
,Griffith University,"170 Kessels Road, Nathan Qld 4111",Cleaning Services,4/07/2024,33000,Crown Waste Solutions,"Helensvale Town Centre, Qld",No,,,,,,,,,,391142,,,,,,
,Griffith University,"170 Kessels Road, Nathan Qld 4111",Building Construction & Maintenance,4/07/2024,12551,Drains Kleen Pty Ltd,"Kunda Park, Qld",No,,,,,,,,,,391153,,,,,,
,Griffith University,"170 Kessels Road, Nathan Qld 4111",Consultancy Services,4/07/2024,42575,"Sailpoint Technologies, Inc.",Usa,No,,,,,,,,,,391140,,,,,,
,Griffith University,"170 Kessels Road, Nathan Qld 4111",Marketing Fees,4/07/2024,10841,Tom Alistair Macdonald,Qld,No,,,,,,,,,,391154,,,,,,
,Griffith University,"170 Kessels Road, Nathan Qld 4111",Consultancy Services,4/07/2024,16399,Uipath Srl,Romania,No,,,,,,,,,,391165,,,,,,
,Griffith University,"170 Kessels Road, Nathan Qld 4111",Equipment Purchase,4/07/2024,17271,Vialux Messtechnik + Bildverarbeitung Gm,Germany,No,,,,,,,,,,391109,,,,,,
,Griffith University,"170 Kessels Road, Nathan Qld 4111",Consultancy Services,5/07/2024,309870,Criticalarc Pty Limited,"Sutherland, Nsw",No,,,,,,,,,,391170,,,,,,
,Griffith University,"170 Kessels Road, Nathan Qld 4111",Building Construction & Maintenance,8/07/2024,19812,Amalgamated Property Maint. Brisbane P/L,"Rochedale South, Qld",No,,,,,,,,,,391201,,,,,,
,Griffith University,"170 Kessels Road, Nathan Qld 4111",Furniture,8/07/2024,19946,Incorporate Space,"Sunnybank, Qld",No,,,,,,,,,,391230,,,,,,
,Griffith University,"170 Kessels Road, Nathan Qld 4111",Equipment Maintenance,8/07/2024,10905,Miltenyi Biotec Australia Pty Ltd,"North Ryde, Nsw",No,,,,,,,,,,391198,,,,,,
,Griffith University,"170 Kessels Road, Nathan Qld 4111",Telecommunications Expenditure,8/07/2024,113702,Qs Unisolution Gmbh,Germany,No,,,,,,,,,,391203,,,,,,
,Griffith University,"170 Kessels Road, Nathan Qld 4111",Marketing Fees,8/07/2024,21600,Queensland Tertiary Admissions Centre Lt,"Milton, Qld",No,,,,,,,,,,391222,,,,,,
,Griffith University,"170 Kessels Road, Nathan Qld 4111",Chemical/Biological Products,8/07/2024,11953,Scientifix Pty Ltd,"Clayton, Vic",No,,,,,,,,,,391225,,,,,,
,Griffith University,"170 Kessels Road, Nathan Qld 4111",Recruitment Services,8/07/2024,44000,Seek Limited,"Sydney, Nsw",No,,,,,,,,,,391199,,,,,,
,Griffith University,"170 Kessels Road, Nathan Qld 4111",Subscription/Licence Fees Software,9/07/2024,12823,Cch Australia Ltd,"Sydney, Nsw",No,,,,,,,,,,2079840,,,,,,
,Griffith University,"170 Kessels Road, Nathan Qld 4111",Building Construction & Maintenance,9/07/2024,11990,Chilton Woodward & Associates,"Albion Bc, Qld",No,,,,,,,,,,391238,,,,,,
,Griffith University,"170 Kessels Road, Nathan Qld 4111",Building Construction & Maintenance,9/07/2024,53717,E.D.C. Systems Pty Ltd,"Cannon Hill, Qld",No,,,,,,,,,,391243,,,,,,
,Griffith University,"170 Kessels Road, Nathan Qld 4111",Reference Materials,9/07/2024,22413,Igi Global,Usa,No,,,,,,,,,,2078893,,,,,,
,Griffith University,"170 Kessels Road, Nathan Qld 4111",Subscription/Licence Fees Software,9/07/2024,35200,Intelligent Business Research Services P,"Hazlebrook, Nsw",No,,,,,,,,,,391263,,,,,,
,Griffith University,"170 Kessels Road, Nathan Qld 4111",Consultancy Services,9/07/2024,42350,Kathryn Margeret Sinclair,Vic,No,,,,,,,,,,391239,,,,,,
,Griffith University,"170 Kessels Road, Nathan Qld 4111",Building Construction & Maintenance,9/07/2024,11144,Miltenyi Biotec Australia Pty Ltd,"North Ryde, Nsw",No,,,,,,,,,,391236,,,,,,
,Griffith University,"170 Kessels Road, Nathan Qld 4111",Reference Materials,9/07/2024,13496,Proquest Llc,Usa,No,,,,,,,,,,2080784,,,,,,
,Griffith University,"170 Kessels Road, Nathan Qld 4111",Reference Materials,9/07/2024,18868,Springer Nature Bv,Germany,No,,,,,,,,,,2081634,,,,,,
,Griffith University,"170 Kessels Road, Nathan Qld 4111",Consultancy Services,9/07/2024,70000,University Of Canberra,"Belconnen, Act",No,,,,,,,,,,2079919,,,,,,
,Griffith University,"170 Kessels Road, Nathan Qld 4111",Consultancy Services,10/07/2024,90075,Archer Technologies Ireland Limited,Ireland,No,,,,,,,,,,391295,,,,,,
,Griffith University,"170 Kessels Road, Nathan Qld 4111",Subscription/Licence Fees Software,10/07/2024,29000,Class Technologies Inc,Usa,No,,,,,,,,,,391296,,,,,,
,Griffith University,"170 Kessels Road, Nathan Qld 4111",Building Construction & Maintenance,11/07/2024,237683,Aspect Studios Pty Ltd,"Woolloongabba, Qld",No,,,,,,,,,,391334,,,,,,
,Griffith University,"170 Kessels Road, Nathan Qld 4111",Legal Fees,11/07/2024,27500,Hwl Ebsworth Lawyers,"Brisbane, Qld",No,,,,,,,,,,391332,,,,,,
,Griffith University,"170 Kessels Road, Nathan Qld 4111",Building Construction & Maintenance,11/07/2024,65404,Main Constructions Pty Ltd,"Loganholme, Qld",Yes,,,,,,,,,,392382,,,,,,
,Griffith University,"170 Kessels Road, Nathan Qld 4111",Audio Visual Equipment,11/07/2024,122999,Videopro Pty Ltd,"Eagle Farm, Qld",No,,,,,,,,,,391333,,,,,,
,Griffith University,"170 Kessels Road, Nathan Qld 4111",Building Construction & Maintenance,12/07/2024,21533,A.G. Coombs Advisory Pty Ltd,"Moorabbin, Vic",No,,,,,,,,,,391389,,,,,,
,Griffith University,"170 Kessels Road, Nathan Qld 4111",Consultancy Services,12/07/2024,13500,Carolina Navarro Medel,Chile,No,,,,,,,,,,391372,,,,,,
,Griffith University,"170 Kessels Road, Nathan Qld 4111",Printing Expenses,12/07/2024,143790,Cpx Pty Ltd,"Kelvin Grove Bc, Qld",No,,,,,,,,,,391366,,,,,,
,Griffith University,"170 Kessels Road, Nathan Qld 4111",Building Construction & Maintenance,12/07/2024,14300,Dri-Lec Pty Ltd,"Eight Mile Plains, Qld",No,,,,,,,,,,391381,,,,,,
,Griffith University,"170 Kessels Road, Nathan Qld 4111",Subscription/Licence Fees Software,12/07/2024,11734,Logemas Pty Ltd,"Albion, Qld",No,,,,,,,,,,391364,,,,,,
,Griffith University,"170 Kessels Road, Nathan Qld 4111",Building Construction & Maintenance,12/07/2024,44660,Mctaggart Plumbing Pty Ltd,"Petrie, Qld",No,,,,,,,,,,391391,,,,,,
,Griffith University,"170 Kessels Road, Nathan Qld 4111",Audio Visual Equipment,13/07/2024,21945,Luminous A/V & Electrical Pty Ltd,"Toowong, Qld",No,,,,,,,,,,391399,,,,,,
,Griffith University,"170 Kessels Road, Nathan Qld 4111",Office Equipment,13/07/2024,16896,Programmed Electrical Technologies Ltd,"Newstead, Qld",No,,,,,,,,,,391396,,,,,,
,Griffith University,"170 Kessels Road, Nathan Qld 4111",Office Equipment,13/07/2024,16494,Programmed Electrical Technologies Ltd,"Newstead, Qld",No,,,,,,,,,,391397,,,,,,
,Griffith University,"170 Kessels Road, Nathan Qld 4111",Equipment Purchase,13/07/2024,34007,Thunder Laser Australia,"Mountain Creek, Qld",No,,,,,,,,,,391402,,,,,,
,Griffith University,"170 Kessels Road, Nathan Qld 4111",Consultancy Services,14/07/2024,29473,Sonia Hugh,Canada,No,,,,,,,,,,391403,,,,,,
,Griffith University,"170 Kessels Road, Nathan Qld 4111",Consultancy Services,15/07/2024,13200,Hatzis Family Trust,Qld,No,,,,,,,,,,391425 392435,,,,,,
,Griffith University,"170 Kessels Road, Nathan QLD 4111",Consultancy Services,15/07/2024,440508,Syntro Health,"Richmond, Vic",No,,,,,,,,,,400562,,,,,,
,Griffith University,"170 Kessels Road, Nathan Qld 4111",Consultancy Services,15/07/2024,38500,Water Technology Pty Ltd,"Notting Hill, Vic",No,,,,,,,,,,2105184 2095527 2105623,,,,,,
,Griffith University,"170 Kessels Road, Nathan Qld 4111",Printing Expenses,16/07/2024,51817,Cpx Pty Ltd,"Kelvin Grove Bc, Qld",No,,,,,,,,,,2083181,,,,,,
,Griffith University,"170 Kessels Road, Nathan Qld 4111",Building Construction & Maintenance,16/07/2024,14724,E.D.C. Systems Pty Ltd,"Cannon Hill, Qld",No,,,,,,,,,,391454,,,,,,
,Griffith University,"170 Kessels Road, Nathan Qld 4111",Building Construction & Maintenance,16/07/2024,15362,Elemental Shade Structures,"Meadowbrook, Qld",No,,,,,,,,,,391452,,,,,,
,Griffith University,"170 Kessels Road, Nathan Qld 4111",Reference Materials,16/07/2024,30000,Kanopy,Usa,No,,,,,,,,,,2078882,,,,,,
,Griffith University,"170 Kessels Road, Nathan Qld 4111",Commission Payment,16/07/2024,4793224,Open Universities Australia,"Melbourne, Vic",No,,Limited,b - (iii) The absence of competition for technical reasons which can only be supplied by a particular supplier and no reasonable alternative exists,,,,,,,2082662 2093847 2103000,,,,,,
,Griffith University,"170 Kessels Road, Nathan Qld 4111",Building Construction & Maintenance,16/07/2024,18366,Programmed Electrical Technologies Ltd,"Newstead, Qld",No,,,,,,,,,,391455,,,,,,
,Griffith University,"170 Kessels Road, Nathan Qld 4111",Consultancy Services,16/07/2024,174420,Sydney Ear Nose & Throat Clinic Pty Ltd,"Darlinghurst, Nsw",No,,,,,,,,,,2082766,,,,,,
,Griffith University,"170 Kessels Road, Nathan Qld 4111",Building Construction & Maintenance,17/07/2024,35530,Audio Systems Logic Pty Ltd,"Fortitude Valley, Qld",No,,,,,,,,,,391488,,,,,,
,Griffith University,"170 Kessels Road, Nathan Qld 4111",Equipment Maintenance,17/07/2024,10885,Beckman Coulter Australia P/L,"Lane Cove, Nsw",No,,,,,,,,,,391490,,,,,,
,Griffith University,"170 Kessels Road, Nathan Qld 4111",Consultancy Services,17/07/2024,16500,Moore Health Physiotherapy And Sports In,"Redfern, Nsw",No,,,,,,,,,,392675 391487,,,,,,
,Griffith University,"170 Kessels Road, Nathan Qld 4111",Building Construction & Maintenance,17/07/2024,16125,The Trustee For Aline Group Australasia,"Engadine, Nsw",No,,,,,,,,,,391497,,,,,,
,Griffith University,"170 Kessels Road, Nathan Qld 4111",Consultancy Services,18/07/2024,124850,A.G. Coombs Advisory Pty Ltd,"Moorabbin, Vic",No,,,,,,,,,,391514 392605,,,,,,
,Griffith University,"170 Kessels Road, Nathan Qld 4111",Building Construction & Maintenance,18/07/2024,58707,Amalgamated Property Maint. Brisbane P/L,"Rochedale South, Qld",No,,,,,,,,,,391519,,,,,,
,Griffith University,"170 Kessels Road, Nathan Qld 4111",Building Construction & Maintenance,18/07/2024,24750,Arbor Australis Consulting,"Sherwood, Qld",No,,,,,,,,,,391540,,,,,,
,Griffith University,"170 Kessels Road, Nathan Qld 4111",Equipment Purchase,18/07/2024,135355,Freedspace Pty Ltd,"Footscray, Vic",No,,,,,,,,,,391549,,,,,,
,Griffith University,"170 Kessels Road, Nathan Qld 4111",Consultancy Services,18/07/2024,107250,Jds Australia Pty Ltd,"Melbourne, Vic",No,,,,,,,,,,391537,,,,,,
,Griffith University,"170 Kessels Road, Nathan Qld 4111",Chemical/Biological Products,18/07/2024,28515,Oxford Nanopore Technologies Australia P,Uk,No,,,,,,,,,,391556,,,,,,
,Griffith University,"170 Kessels Road, Nathan Qld 4111",Building Construction & Maintenance,18/07/2024,18321,Pothole People Qld,"Hemmant, Qld",No,,,,,,,,,,391538,,,,,,
,Griffith University,"170 Kessels Road, Nathan Qld 4111",Laboratory Consumables,19/07/2024,10436,Agilent Technologies Australia Pty Ltd,"Mulgrave, Vic",No,,,,,,,,,,391579,,,,,,
,Griffith University,"170 Kessels Road, Nathan Qld 4111",Building Construction & Maintenance,19/07/2024,20763,Inspections X-Ray & Testing Pty Ltd,"Tingalpa, Qld",No,,,,,,,,,,391588,,,,,,
,Griffith University,"170 Kessels Road, Nathan Qld 4111",Equipment Purchase,22/07/2024,60481,Hyperion Systems Pty Ltd,"O'Connor, Act",No,,,,,,,,,,391605,,,,,,
,Griffith University,"170 Kessels Road, Nathan Qld 4111",Building Construction & Maintenance,22/07/2024,51084,Mctaggart Plumbing Pty Ltd,"Petrie, Qld",No,,,,,,,,,,391629,,,,,,
,Griffith University,"170 Kessels Road, Nathan Qld 4111",Software Support Maintenance,22/07/2024,62500,Netapp Capital Solutions,"Melbourne, Vic",No,,,,,,,,,,391602,,,,,,
,Griffith University,"170 Kessels Road, Nathan Qld 4111",Computer Equipment,22/07/2024,129194,The School Locker,"Eight Mile Plains, Qld",No,,,,,,,,,,391603,,,,,,
,Griffith University,"170 Kessels Road, Nathan Qld 4111",Telecommunications Expenditure,23/07/2024,187301,Aarnet,"Canberra, Act",No,,,,,,,,,,2084216,,,,,,
,Griffith University,"170 Kessels Road, Nathan Qld 4111",Pathology Expenditure,23/07/2024,45046,Aust Nuclear Science & Tech Org -Ansto,"Kirrawee Dc, Nsw",No,,,,,,,,,,391644,,,,,,
,Griffith University,"170 Kessels Road, Nathan Qld 4111",Laboratory Consumables,23/07/2024,36088,Beckman Coulter Australia P/L,"Lane Cove, Nsw",No,,,,,,,,,,391645,,,,,,
,Griffith University,"170 Kessels Road, Nathan Qld 4111",Building Construction & Maintenance,23/07/2024,12012,Equifax Australasia Credit Ratings Pty L,"North Sydney, Nsw",No,,,,,,,,,,2081641,,,,,,
,Griffith University,"170 Kessels Road, Nathan Qld 4111",Building Construction & Maintenance,23/07/2024,12012,Equifax Australasia Credit Ratings Pty L,"North Sydney, Nsw",No,,,,,,,,,,2081642,,,,,,
,Griffith University,"170 Kessels Road, Nathan Qld 4111",Building Construction & Maintenance,23/07/2024,40861,Oper8 Global Pty Ltd,"Springfield Central, Qld",No,,,,,,,,,,391657,,,,,,
,Griffith University,"170 Kessels Road, Nathan Qld 4111",Consultancy Services,23/07/2024,26796,Outside Opinion Pty Ltd,"Carlton North, Vic",No,,,,,,,,,,391639,,,,,,
,Griffith University,"170 Kessels Road, Nathan Qld 4111",Relocation Services,23/07/2024,484334,Qs Enrolment Solutions (Australia) Pty L,"Melbourne, Vic",No,,,,,,,,,,2082660,,,,,,
,Griffith University,"170 Kessels Road, Nathan Qld 4111",Memberships/Subscriptions,23/07/2024,14196,Research Australia,"Darlinghurst, Nsw",No,,,,,,,,,,2082682,,,,,,
,Griffith University,"170 Kessels Road, Nathan Qld 4111",Consultancy Services,24/07/2024,77876,La Trobe University,"Bundoora, Vic",No,,,,,,,,,,391667,,,,,,
,Griffith University,"170 Kessels Road, Nathan Qld 4111",Software Support Maintenance,24/07/2024,106312,The Trustee For The Van Dyk Family Trust,"East Brisbane, Qld",No,,,,,,,,,,391676,,,,,,
,Griffith University,"170 Kessels Road, Nathan Qld 4111",Building Construction & Maintenance,25/07/2024,178786,Descab Pty Ltd T/A Qld Multi Trades,"Tingalpa, Qld",No,,,,,,,,,,391700,,,,,,
,Griffith University,"170 Kessels Road, Nathan Qld 4111",Legal Fees,25/07/2024,16500,Mccullough Robertson Lawyers,"Brisbane, Qld",No,,,,,,,,,,391692,,,,,,
,Griffith University,"170 Kessels Road, Nathan Qld 4111",Equipment Maintenance,25/07/2024,12969,Peak Scientific Instruments,"Port Melbourne, Vic",No,,,,,,,,,,391707,,,,,,
,Griffith University,"170 Kessels Road, Nathan Qld 4111",Memberships/Subscriptions,25/07/2024,38647,"Sage Publications, Ltd.",Uk,No,,,,,,,,,,391691,,,,,,
,Griffith University,"170 Kessels Road, Nathan Qld 4111",Building Construction & Maintenance,25/07/2024,187795,The Trustee For Fireland Consultancy,"Toombul, Qld",No,,,,,,,,,,391699,,,,,,
,Griffith University,"170 Kessels Road, Nathan Qld 4111",Building Construction & Maintenance,26/07/2024,50666,Aus Building-Performance Pty Ltd,"Manly, Qld",No,,,,,,,,,,391733,,,,,,
,Griffith University,"170 Kessels Road, Nathan Qld 4111",Hire/Lease Fees,26/07/2024,148500,Gold Coast Convention & Exhibition Centr,"Broadbeach, Qld",No,,,,,,,,,,391718,,,,,,
,Griffith University,"170 Kessels Road, Nathan Qld 4111",Building Construction & Maintenance,29/07/2024,11165,Aus Building-Performance Pty Ltd,"Manly, Qld",No,,,,,,,,,,391743,,,,,,
,Griffith University,"170 Kessels Road, Nathan Qld 4111",Building Construction & Maintenance,29/07/2024,14091,Aus Building-Performance Pty Ltd,"Manly, Qld",No,,,,,,,,,,391744,,,,,,
,Griffith University,"170 Kessels Road, Nathan Qld 4111",Building Construction & Maintenance,29/07/2024,14991,John Barnes & Co (Qld) Pty Ltd,"Salisbury, Qld",No,,,,,,,,,,391748,,,,,,
,Griffith University,"170 Kessels Road, Nathan Qld 4111",Software Support Maintenance,29/07/2024,317862,The Trustee For The Van Dyk Family Trust,"East Brisbane, Qld",No,,,,,,,,,,391764,,,,,,
,Griffith University,"170 Kessels Road, Nathan Qld 4111",Building Construction & Maintenance,30/07/2024,47009,Aus Building-Performance Pty Ltd,"Manly, Qld",No,,,,,,,,,,391814,,,,,,
,Griffith University,"170 Kessels Road, Nathan Qld 4111",Hire/Lease Fees,30/07/2024,13112,Corporate Stage Solutions,"Coorparoo Bc, Qld",No,,,,,,,,,,2083819,,,,,,
,Griffith University,"170 Kessels Road, Nathan Qld 4111",Consultancy Services,30/07/2024,321567,Gold Coast City Council,"Gold Coast Mail Centre, Qld",No,,,,,,,,,,391815,,,,,,
,Griffith University,"170 Kessels Road, Nathan Qld 4111",Consultancy Services,30/07/2024,23739,Prolific Academic Ltd,Uk,No,,,,,,,,,,2082705,,,,,,
,Griffith University,"170 Kessels Road, Nathan Qld 4111",Chemical/Biological Products,30/07/2024,17354,Scientifix Pty Ltd,"Clayton, Vic",No,,,,,,,,,,391818,,,,,,
,Griffith University,"170 Kessels Road, Nathan Qld 4111",Consultancy Services,30/07/2024,22000,Silvertech Pty Ltd,"Graceville, Qld",No,,,,,,,,,,2083234,,,,,,
,Griffith University,"170 Kessels Road, Nathan Qld 4111",Memberships/Subscriptions,30/07/2024,56296,University Admissions Centre (Nsw & Act),"Silverwater, Nsw",No,,,,,,,,,,2083165 2111746,,,,,,
,Griffith University,"170 Kessels Road, Nathan Qld 4111",Consultancy Services,30/07/2024,18208,Yourbusinesschannel Limited,New Zealand,No,,,,,,,,,,2085336,,,,,,
,Griffith University,"170 Kessels Road, Nathan Qld 4111",Printing Expenses,31/07/2024,11143,Cpx Pty Ltd,"Kelvin Grove Bc, Qld",No,,,,,,,,,,391839,,,,,,
,Griffith University,"170 Kessels Road, Nathan Qld 4111",Consultancy Services,31/07/2024,33000,Indigenous Technology Pty Ltd,"Sydney, Nsw",No,,,,,,,,,,2087410 2115282 2168539,,,,,,
,Griffith University,"170 Kessels Road, Nathan Qld 4111",Consultancy Services,31/07/2024,106000,Pacific Pro-Link Service,Hong Kong,No,,,,,,,,,,391840,,,,,,
,Griffith University,"170 Kessels Road, Nathan Qld 4111",Computer Equipment,31/07/2024,29968,The School Locker,"Eight Mile Plains, Qld",No,,,,,,,,,,391862,,,,,,
,Griffith University,"170 Kessels Road, Nathan Qld 4111",Scientific Equipment,31/07/2024,13697,Waikato Scientific Limited,New Zealand,No,,,,,,,,,,391841,,,,,,
,Griffith University,"170 Kessels Road, Nathan Qld 4111",Consultancy Services,1/08/2024,10725,Hatzis Family Trust,Qld,No,,,,,,,,,,391897,,,,,,
,Griffith University,"170 Kessels Road, Nathan Qld 4111",Laboratory Consumables,1/08/2024,13965,Thermo Fisher Scientific Australia,"Scoresby, Nsw",No,,,,,,,,,,391884,,,,,,
,Griffith University,"170 Kessels Road, Nathan Qld 4111",Building Construction & Maintenance,2/08/2024,26950,A Noble Event Australia,"Eight Mile Plains, Qld",No,,,,,,,,,,391931,,,,,,
,Griffith University,"170 Kessels Road, Nathan Qld 4111",Building Construction & Maintenance,2/08/2024,20768,Airelec Electrical Services Pty Ltd,"Elanora, Qld",No,,,,,,,,,,391950,,,,,,
,Griffith University,"170 Kessels Road, Nathan Qld 4111",Building Construction & Maintenance,2/08/2024,56430,Building Certifiers Australia Pty Ltd,"Caloundra, Qld",No,,,,,,,,,,391957,,,,,,
,Griffith University,"170 Kessels Road, Nathan Qld 4111",Consultancy Services,2/08/2024,20116,Emily Denne,Usa,No,,,,,,,,,,391933,,,,,,
,Griffith University,"170 Kessels Road, Nathan Qld 4111",Software Support Maintenance,2/08/2024,55000,Orikan New Zealand Limited,New Zealand,No,,,,,,,,,,391934,,,,,,
,Griffith University,"170 Kessels Road, Nathan Qld 4111",Building Construction & Maintenance,2/08/2024,42706,Scuba Group Pty Ltd,"Alexandra Hills, Qld",No,,,,,,,,,,391948,,,,,,
,Griffith University,"170 Kessels Road, Nathan Qld 4111",Consultancy Services,3/08/2024,13178,Hatzis Family Trust,Qld,No,,,,,,,,,,391970,,,,,,
,Griffith University,"170 Kessels Road, Nathan Qld 4111",Consultancy Services,3/08/2024,14685,Hatzis Family Trust,Qld,No,,,,,,,,,,391971,,,,,,
,Griffith University,"170 Kessels Road, Nathan Qld 4111",Equipment Purchase,5/08/2024,101415,Abb Australia Pty Limited,"Liverpool Bc, Nsw",No,,,,,,,,,,391999,,,,,,
,Griffith University,"170 Kessels Road, Nathan Qld 4111",Event Expenditure,5/08/2024,35200,Empire Holdings (Qld) Pty. Ltd.,"Fortitude Valley, Qld",No,,,,,,,,,,392009,,,,,,
,Griffith University,"170 Kessels Road, Nathan Qld 4111",Building Construction & Maintenance,5/08/2024,23578,Froth Build Pty Ltd,"Palm Beach, Qld",No,,,,,,,,,,392018,,,,,,
,Griffith University,"170 Kessels Road, Nathan Qld 4111",Consultancy Services,5/08/2024,30000,Jennifer Anne Wilson,Qld,No,,,,,,,,,,392010,,,,,,
,Griffith University,"170 Kessels Road, Nathan Qld 4111",Building Construction & Maintenance,5/08/2024,21890,Jha Consulting Engineers (Qld) Pty Ltd,"Teneriffe, Qld",No,,,,,,,,,,391997,,,,,,
,Griffith University,"170 Kessels Road, Nathan Qld 4111",Computer Equipment,5/08/2024,12177,Label Power Pty. Ltd.,"Archerfield Bc, Qld",No,,,,,,,,,,391983,,,,,,
,Griffith University,"170 Kessels Road, Nathan Qld 4111",Event Expenditure,5/08/2024,22000,The Island Hotel,"Surfers Paradise, Qld",No,,,,,,,,,,392013,,,,,,
,Griffith University,"170 Kessels Road, Nathan Qld 4111",Building Construction & Maintenance,5/08/2024,13200,Turner & Townsend Project Management Pty,"Brisbane City, Qld",No,,,,,,,,,,391998,,,,,,
,Griffith University,"170 Kessels Road, Nathan Qld 4111",Building Construction & Maintenance,6/08/2024,31565,Ds Energy,"Northgate, Qld",No,,,,,,,,,,392058,,,,,,
,Griffith University,"170 Kessels Road, Nathan Qld 4111",Reference Materials,6/08/2024,10991,Ebsco International Inc,"North Sydney, Nsw",No,,,,,,,,,,2084802,,,,,,
,Griffith University,"170 Kessels Road, Nathan Qld 4111",Consultancy Services,6/08/2024,10637,Hatzis Family Trust,Qld,No,,,,,,,,,,392030,,,,,,
,Griffith University,"170 Kessels Road, Nathan Qld 4111",Consultancy Services,6/08/2024,30800,It Newcom Pty Limited,"Brisbane City, Qld",No,,,,,,,,,,392057,,,,,,
,Griffith University,"170 Kessels Road, Nathan Qld 4111",Software Support Maintenance,6/08/2024,64222,Lennox Computer,"Banyo, Qld",No,,,,,,,,,,2086629 2105376 2113832,,,,,,
,Griffith University,"170 Kessels Road, Nathan Qld 4111",Field Trip Expenses (Excursions),6/08/2024,37503,Mika Rizki Puspaningrum,Indonesia,No,,,,,,,,,,2086074 2087367,,,,,,
,Griffith University,"170 Kessels Road, Nathan Qld 4111",Marketing Fees,6/08/2024,19887,Richmond Signs & Designs,"Southport, Qld",No,,,,,,,,,,2086015,,,,,,
,Griffith University,"170 Kessels Road, Nathan Qld 4111",Marketing Fees,6/08/2024,17855,Richmond Signs & Designs,"Southport, Qld",No,,,,,,,,,,2086016,,,,,,
,Griffith University,"170 Kessels Road, Nathan Qld 4111",Event Expenditure,6/08/2024,99000,Southport Australian Rules Football Club,"Southport, Qld",No,,,,,,,,,,392045,,,,,,
,Griffith University,"170 Kessels Road, Nathan Qld 4111",Building Construction & Maintenance,7/08/2024,20350,Orikan Australia Pty Ltd,"South Wharf, Vic",No,,,,,,,,,,392063,,,,,,
,Griffith University,"170 Kessels Road, Nathan Qld 4111",Building Construction & Maintenance,7/08/2024,22000,Pln Projects Pty Ltd,"Currumbin, Qld",No,,,,,,,,,,392086,,,,,,
,Griffith University,"170 Kessels Road, Nathan Qld 4111",Building Construction & Maintenance,7/08/2024,546920,Ryan Wilks Pty. Ltd.,Qld,No,,Selective,,,,,,,,392079,,,,,,
,Griffith University,"170 Kessels Road, Nathan Qld 4111",Computer Equipment,7/08/2024,10315,The School Locker,"Eight Mile Plains, Qld",No,,,,,,,,,,392085,,,,,,
,Griffith University,"170 Kessels Road, Nathan Qld 4111",Chemical/Biological Products,7/08/2024,11044,Thermo Fisher Scientific Australia,"Scoresby, Vic",No,,,,,,,,,,392074,,,,,,
,Griffith University,"170 Kessels Road, Nathan Qld 4111",Building Construction & Maintenance,8/08/2024,47597,Crown Mechanical Electrical Pty Ltd,"Rochedale South, Qld",No,,,,,,,,,,392089,,,,,,
,Griffith University,"170 Kessels Road, Nathan Qld 4111",Building Construction & Maintenance,8/08/2024,53240,Lightbox Architecture &Interiors Pty Ltd,"Keperra, Qld",No,,,,,,,,,,392103,,,,,,
,Griffith University,"170 Kessels Road, Nathan Qld 4111",Software Support Maintenance,8/08/2024,19487,"Phire, Inc",Usa,No,,,,,,,,,,392091,,,,,,
,Griffith University,"170 Kessels Road, Nathan Qld 4111",Building Construction & Maintenance,8/08/2024,311671,Thomson Adsett Pty Ltd,"Fortitude Valley, Qld",No,,,,,,,,,,392113 392114,,,,,,
,Griffith University,"170 Kessels Road, Nathan Qld 4111",Consultancy Services,8/08/2024,11880,Wellingtons Coaching & Development Pty L,"Sherwood, Qld",No,,,,,,,,,,392117,,,,,,
,Griffith University,"170 Kessels Road, Nathan Qld 4111",Laboratory Consumables,9/08/2024,10683,Accurate Mass Scientific Pty Ltd,"Keilor East, Vic",No,,,,,,,,,,392150,,,,,,
,Griffith University,"170 Kessels Road, Nathan Qld 4111",Building Construction & Maintenance,9/08/2024,19140,Bennett And Bennett Group,"Gold Coast, Qld",No,,,,,,,,,,392142,,,,,,
,Griffith University,"170 Kessels Road, Nathan Qld 4111",Vehicle Acquisition,9/08/2024,62994,Byd Automotive,"Fortitude Valley, Qld",No,,,,,,,,,,392127,,,,,,
,Griffith University,"170 Kessels Road, Nathan Qld 4111",Security Services,9/08/2024,39396,Convergint Australia Pty Ltd,"Melbourne, Vic",No,,,,,,,,,,392155,,,,,,
,Griffith University,"170 Kessels Road, Nathan Qld 4111",Consultancy Services,9/08/2024,219450,Vested Family Trust,"Ashgrove, Qld",No,,,,,,,,,,392123 397677,,,,,,
,Griffith University,"170 Kessels Road, Nathan Qld 4111",Equipment Maintenance,12/08/2024,14245,Amalgamated Property Maint. Brisbane P/L,"Rochedale South, Qld",No,,,,,,,,,,392180,,,,,,
,Griffith University,"170 Kessels Road, Nathan Qld 4111",Building Construction & Maintenance,12/08/2024,3367701,Badge Constructions (Qld) Pty Ltd,"Bulimba, Qld",No,,Selective,,,,,,,,392186,,,,,,
,Griffith University,"170 Kessels Road, Nathan Qld 4111",Printing Expenses,12/08/2024,12461,Bpo Intelligence Pty Ltd,"Mount Waverley, Vic",No,,,,,,,,,,392178,,,,,,
,Griffith University,"170 Kessels Road, Nathan Qld 4111",Equipment Purchase,12/08/2024,26686,Fork Force Australia Pty Ltd,"Larapinta, Qld",No,,,,,,,,,,392179,,,,,,
,Griffith University,"170 Kessels Road, Nathan Qld 4111",Subscription/Licence Fees Software,12/08/2024,102675,Higher Ed Services Pty Ltd,"Sydney, Nsw",No,,,,,,,,,,392161,,,,,,
,Griffith University,"170 Kessels Road, Nathan Qld 4111",Furniture,12/08/2024,14013,Specfurn Commercial Furniture Pty Ltd,"Geebung, Qld",No,,,,,,,,,,392182,,,,,,
,Griffith University,"170 Kessels Road, Nathan Qld 4111",Memberships/Subscriptions,13/08/2024,12080,Experience Gold Coast Pty Ltd,"Australia Fair, Qld",No,,,,,,,,,,2087598,,,,,,
,Griffith University,"170 Kessels Road, Nathan Qld 4111",Event Expenditure,13/08/2024,20000,Guangdong-Hong Kong-Macao Greater Bay Ar,China,No,,,,,,,,,,2086464,,,,,,
,Griffith University,"170 Kessels Road, Nathan Qld 4111",Consultancy Services,13/08/2024,81070,Jll Public Sector Valuations Pty Ltd,"Milton, Qld",No,,,,,,,,,,392244,,,,,,
,Griffith University,"170 Kessels Road, Nathan Qld 4111",Audio Visual Equipment,13/08/2024,16378,Programmed Electrical Technologies Ltd,"Newstead, Qld",No,,,,,,,,,,392238,,,,,,
,Griffith University,"170 Kessels Road, Nathan Qld 4111",Consultancy Services,13/08/2024,45326,Qcif,"St Lucia, Qld",No,,,,,,,,,,2084801,,,,,,
,Griffith University,"170 Kessels Road, Nathan Qld 4111",Consultancy Services,13/08/2024,10000,Ross Searle & Associates,"Highgate Hill, Qld",No,,,,,,,,,,392242,,,,,,
,Griffith University,"170 Kessels Road, Nathan Qld 4111",Subscription/Licence Fees Software,13/08/2024,14306,Techniche Apac Pty Ltd,"Milton, Qld",No,,,,,,,,,,392234,,,,,,
,Griffith University,"170 Kessels Road, Nathan Qld 4111",Equipment Purchase,13/08/2024,14161,Thorlabs Inc,Usa,No,,,,,,,,,,392218,,,,,,
,Griffith University,"170 Kessels Road, Nathan Qld 4111",Scientific Equipment,14/08/2024,13805,Thermo Fisher Scientific Australia,"Scoresby, Vic",No,,,,,,,,,,392264,,,,,,
,Griffith University,"170 Kessels Road, Nathan Qld 4111",Consultancy Services,15/08/2024,59202,Avanti Caloundra Pty Ltd,"Caloundra, Qld",No,,,,,,,,,,392274,,,,,,
,Griffith University,"170 Kessels Road, Nathan Qld 4111",Consultancy Services,15/08/2024,38500,Avanti Southport Pty Ltd,"Southport, Qld",No,,,,,,,,,,392270,,,,,,
,Griffith University,"170 Kessels Road, Nathan Qld 4111",Building Construction & Maintenance,15/08/2024,150783,Brient Trade Services Pty Ltd,"Guanaba, Qld",No,,,,,,,,,,392293,,,,,,
,Griffith University,"170 Kessels Road, Nathan Qld 4111",Event Expenditure,15/08/2024,24783,Good Food Solutions,"Eumundi, Qld",No,,,,,,,,,,392292,,,,,,
,Griffith University,"170 Kessels Road, Nathan Qld 4111",Building Construction & Maintenance,15/08/2024,14560,Gx Outdoors,"Bundaberg, Qld",No,,,,,,,,,,392291,,,,,,
,Griffith University,"170 Kessels Road, Nathan Qld 4111",Marketing Fees,15/08/2024,10547,Traffic Management Australia Pty Ltd,"Ormeau, Qld",No,,,,,,,,,,392279 397616,,,,,,
,Griffith University,"170 Kessels Road, Nathan Qld 4111",Consultancy Services,15/08/2024,23595,Vivo Group Pty Ltd,"Paddington, Qld",No,,,,,,,,,,392309,,,,,,
,Griffith University,"170 Kessels Road, Nathan Qld 4111",Furniture,16/08/2024,15076,Bac Systems Pty Ltd,"Glendenning, Nsw",No,,,,,,,,,,392351,,,,,,
,Griffith University,"170 Kessels Road, Nathan Qld 4111",Building Construction & Maintenance,16/08/2024,19250,Bennett And Bennett Group,"Gold Coast, Qld",No,,,,,,,,,,392314,,,,,,
,Griffith University,"170 Kessels Road, Nathan Qld 4111",Consultancy Services,16/08/2024,118150,Csiro,"Clayton, Vic",No,,,,,,,,,,392348,,,,,,
,Griffith University,"170 Kessels Road, Nathan Qld 4111",Software Support Maintenance,16/08/2024,93081,Data #3 Limited,"Indooroopilly, Qld",No,,,,,,,,,,392356,,,,,,
,Griffith University,"170 Kessels Road, Nathan Qld 4111",Consultancy Services,16/08/2024,14605,Indigenous Allied Health Australia Ltd,"Deakin West, Act",No,,,,,,,,,,392327,,,,,,
,Griffith University,"170 Kessels Road, Nathan Qld 4111",Consultancy Services,16/08/2024,27500,Rebound Health Pty Ltd,"Brookvale, Nsw",No,,,,,,,,,,392334,,,,,,
,Griffith University,"170 Kessels Road, Nathan Qld 4111",Consultancy Services,16/08/2024,10560,St Leonards Physiotherapy Pty Ltd,"St Leonards, Nsw",No,,,,,,,,,,392333,,,,,,
,Griffith University,"170 Kessels Road, Nathan Qld 4111",Software Support Maintenance,16/08/2024,42425,Vuram Australia Pty Ltd,"Melbourne, Vic",No,,,,,,,,,,392359,,C01490,,,,
,Griffith University,"170 Kessels Road, Nathan Qld 4111",Building Construction & Maintenance,19/08/2024,14700,Airmaster Corporation Pty Ltd,"Mansfield, Qld",No,,,,,,,,,,392363,,,,,,
,Griffith University,"170 Kessels Road, Nathan Qld 4111",Memberships/Subscriptions,19/08/2024,55000,Bionics Queensland,"Ashgrove, Qld",No,,,,,,,,,,392373,,,,,,
,Griffith University,"170 Kessels Road, Nathan Qld 4111",Building Construction & Maintenance,19/08/2024,57167,Eight 3 Constructions Pty Ltd,"Geebung, Qld",No,,,,,,,,,,392390,,,,,,
,Griffith University,"170 Kessels Road, Nathan Qld 4111",Consultancy Services,19/08/2024,180180,Focus Professional Services Pty Ltd,"Brisbane, Qld",No,,,,,,,,,,392381,,,,,,
,Griffith University,"170 Kessels Road, Nathan Qld 4111",Building Construction & Maintenance,19/08/2024,52470,Jensen Bowers Unit Trust,Qld,No,,,,,,,,,,392367,,,,,,
,Griffith University,"170 Kessels Road, Nathan Qld 4111",Equipment Purchase,19/08/2024,116144,Surebridge Pty Ltd,"Battery Point, Tas",No,,,,,,,,,,392371,,,,,,
,Griffith University,"170 Kessels Road, Nathan Qld 4111",Accreditation Fees,20/08/2024,12900,Ahpra,"Melbourne, Vic",No,,,,,,,,,,2085216,,,,,,
,Griffith University,"170 Kessels Road, Nathan Qld 4111",Consultancy Services,20/08/2024,34100,Allsports (Aust) Limited,"Wilston, Qld",No,,,,,,,,,,392433,,,,,,
,Griffith University,"170 Kessels Road, Nathan Qld 4111",Consultancy Services,20/08/2024,11000,Avanti Townsville Pty Ltd,"North Ward, Qld",No,,,,,,,,,,392412,,,,,,
,Griffith University,"170 Kessels Road, Nathan Qld 4111",Subscription/Licence Fees Software,20/08/2024,41705,Digicert Ireland Limited,Ireland,No,,,,,,,,,,392436,,,,,,
,Griffith University,"170 Kessels Road, Nathan Qld 4111",Consultancy Services,20/08/2024,11306,Frontline Mental Health Pty Ltd,"Mawson Lakes, Sa",No,,,,,,,,,,2090170,,,,,,
,Griffith University,"170 Kessels Road, Nathan Qld 4111",Building Construction & Maintenance,20/08/2024,20394,Geleon Consulting Pty Ltd,"Nerang, Qld",No,,,,,,,,,,392448,,,,,,
,Griffith University,"170 Kessels Road, Nathan Qld 4111",Equipment Purchase,20/08/2024,21907,La Boite Theatre Ltd,"Red Hill, Qld",No,,,,,,,,,,2086477,,,,,,
,Griffith University,"170 Kessels Road, Nathan Qld 4111",Vehicle Acquisition,20/08/2024,58150,Oldmac Toyota,"Springwood, Qld",No,,,,,,,,,,392416,,,,,,
,Griffith University,"170 Kessels Road, Nathan Qld 4111",Consultancy Services,20/08/2024,11651,Prolific Academic Ltd,Uk,No,,,,,,,,,,2085999,,,,,,
,Griffith University,"170 Kessels Road, Nathan Qld 4111",Building Construction & Maintenance,20/08/2024,18678,Timber Flooring Concepts,"Birkdale, Qld",No,,,,,,,,,,392410,,,,,,
,Griffith University,"170 Kessels Road, Nathan Qld 4111",Building Construction & Maintenance,20/08/2024,21318,Timber Flooring Concepts,"Birkdale, Qld",No,,,,,,,,,,392413,,,,,,
,Griffith University,"170 Kessels Road, Nathan Qld 4111",Telecommunications Expenditure,20/08/2024,240000,Tpg Network Pty Ltd,"Sydney, Nsw",No,,,,,,,,,,2087344,,,,,,
,Griffith University,"170 Kessels Road, Nathan Qld 4111",Consultancy Services,21/08/2024,618200,Identifly Pty Ltd,"Adelaide, Sa",No,,Open,,,,,,,,392453,,,,,,
,Griffith University,"170 Kessels Road, Nathan Qld 4111",Subscription/Licence Fees Software,21/08/2024,28378,In-Part Publishing Ltd,Uk,No,,,,,,,,,,392458,,,,,,
,Griffith University,"170 Kessels Road, Nathan Qld 4111",Building Construction & Maintenance,22/08/2024,17993,Airmaster Corporation Pty Ltd,"Mansfield, Qld",No,,,,,,,,,,392482,,,,,,
,Griffith University,"170 Kessels Road, Nathan Qld 4111",Scientific Equipment,22/08/2024,15442,Bio-Strategy Pty Limited,"Campbellfield, Vic",No,,,,,,,,,,392488,,,,,,
,Griffith University,"170 Kessels Road, Nathan Qld 4111",External Course Delivery,22/08/2024,13200,Brisbane 360 Pty Ltd,"Daisy Hill, Qld",No,,,,,,,,,,392496,,,,,,
,Griffith University,"170 Kessels Road, Nathan Qld 4111",Equipment Maintenance,22/08/2024,10175,Huntress Electrical Solutions Pty Ltd,"Camira, Qld",No,,,,,,,,,,392495,,,,,,
,Griffith University,"170 Kessels Road, Nathan Qld 4111",Chemical/Biological Products,22/08/2024,18720,Thermo Fisher Scientific Australia,"Scoresby, Vic",No,,,,,,,,,,392514,,,,,,
,Griffith University,"170 Kessels Road, Nathan Qld 4111",Reference Materials,23/08/2024,16500,Heaneys Performers In Print Pty Ltd,"Molendinar, Qld",No,,,,,,,,,,392524,,,,,,
,Griffith University,"170 Kessels Road, Nathan Qld 4111",Software Support Maintenance,23/08/2024,37868,"Kinetic Software, Inc.",Usa,No,,,,,,,,,,392544,,,,,,
,Griffith University,"170 Kessels Road, Nathan Qld 4111",Software Support Maintenance,23/08/2024,82000,Maser Technology Group Pty Ltd,"Frenchs Forest, Nsw",No,,,,,,,,,,392545,,,,,,
,Griffith University,"170 Kessels Road, Nathan Qld 4111",Subscription/Licence Fees Software,23/08/2024,36538,Visiopharm A/S,Denmark,No,,,,,,,,,,392541,,,,,,
,Griffith University,"170 Kessels Road, Nathan Qld 4111",Building Construction & Maintenance,26/08/2024,10108,E.D.C. Systems Pty Ltd,"Cannon Hill, Qld",No,,,,,,,,,,392607,,,,,,
,Griffith University,"170 Kessels Road, Nathan Qld 4111",Audio Visual Equipment,26/08/2024,259992,Programmed Electrical Technologies Ltd,"Newstead, Qld",No,,,,,,,,,,392587,,,,,,
,Griffith University,"170 Kessels Road, Nathan Qld 4111",Audio Visual Equipment,26/08/2024,11451,Videopro Pty Ltd,"Eagle Farm, Qld",No,,,,,,,,,,392589,,,,,,
,Griffith University,"170 Kessels Road, Nathan Qld 4111",Consultancy Services,27/08/2024,403000,Airways Aviation Education Pty Ltd,"Bilinga, Qld",No,,,,,,,,,,2091143 393202,,,,,,
,Griffith University,"170 Kessels Road, Nathan Qld 4111",Consultancy Services,27/08/2024,400729,Biocina Pty Ltd,"Thebarton, Sa",No,,,,,,,,,,2090720 209021 2090719,,,,,,
,Griffith University,"170 Kessels Road, Nathan Qld 4111",Building Construction & Maintenance,27/08/2024,27500,Brient Trade Services Pty Ltd,"Guanaba, Qld",No,,,,,,,,,,392623,,,,,,
,Griffith University,"170 Kessels Road, Nathan Qld 4111",Building Construction & Maintenance,27/08/2024,40614,Brisbane City Council,"Brisbane, Qld",No,,,,,,,,,,2091628,,,,,,
,Griffith University,"170 Kessels Road, Nathan Qld 4111",Event Expenditure,27/08/2024,18097,Brisbane Marriott Hotel,"Brisbane City, Qld",No,,,,,,,,,,392625,,,,,,
,Griffith University,"170 Kessels Road, Nathan Qld 4111",Subscription/Licence Fees Software,27/08/2024,72842,Data #3 Limited,"Indooroopilly, Qld",No,,,,,,,,,,392637,,,,,,
,Griffith University,"170 Kessels Road, Nathan Qld 4111",Software Support Maintenance,27/08/2024,36317,"Hasura, Inc.",Usa,No,,,,,,,,,,392624,,,,,,
,Griffith University,"170 Kessels Road, Nathan Qld 4111",Consultancy Services,27/08/2024,30000,Philip Mayers,Germany,No,,,,,,,,,,2092452 2098311 2108835,,,,,,
,Griffith University,"170 Kessels Road, Nathan Qld 4111",Consultancy Services,27/08/2024,67760,Q Workplace Solutions Pty Ltd,"Woolloongabba, Qld",No,,,,,,,,,,2090068 2095307,,,,,,
,Griffith University,"170 Kessels Road, Nathan Qld 4111",Memberships/Subscriptions,27/08/2024,13247,The Association Of Commonwealth Universi,Uk,No,,,,,,,,,,2086024,,,,,,
,Griffith University,"170 Kessels Road, Nathan Qld 4111",Memberships/Subscriptions,27/08/2024,72151,The Conversation Media Group,"Melbourne, Vic",No,,,,,,,,,,2087355,,,,,,
,Griffith University,"170 Kessels Road, Nathan Qld 4111",Equipment Maintenance,28/08/2024,21721,Cvsg Asset Services Pty Ltd,"Hendra, Qld",No,,,,,,,,,,392668,,,,,,
,Griffith University,"170 Kessels Road, Nathan Qld 4111",Building Construction & Maintenance,28/08/2024,104463,E.D.C. Systems Pty Ltd,"Cannon Hill, Qld",No,,,,,,,,,,392696,,,,,,
,Griffith University,"170 Kessels Road, Nathan Qld 4111",Laboratory Consumables,28/08/2024,55000,Kci Medical Australia Pty Ltd,"North Ryde, Nsw",No,,,,,,,,,,392674,,,,,,
,Griffith University,"170 Kessels Road, Nathan Qld 4111",Subscription/Licence Fees Software,28/08/2024,71500,Orikan Australia Pty Ltd,"South Wharf, Vic",No,,,,,,,,,,392690,,C00956,,,,
,Griffith University,"170 Kessels Road, Nathan Qld 4111",Scientific Equipment,28/08/2024,235874,Scitech Pty Ltd,"Preston South, Vic",No,,,,,,,,,,392661,,,,,,
,Griffith University,"170 Kessels Road, Nathan Qld 4111",Building Construction & Maintenance,28/08/2024,17050,Steele Wrobel Pty Ltd,"Brisbane, Qld",No,,,,,,,,,,392660,,,,,,
,Griffith University,"170 Kessels Road, Nathan Qld 4111",Pathology Expenditure,29/08/2024,21228,Garvan Institute,"Darlinghurst, Nsw",No,,,,,,,,,,392700,,,,,,
,Griffith University,"170 Kessels Road, Nathan Qld 4111",Laboratory Consumables,29/08/2024,21505,Kci Medical Australia Pty Ltd,"North Ryde, Nsw",No,,,,,,,,,,392710,,,,,,
,Griffith University,"170 Kessels Road, Nathan Qld 4111",Legal Fees,29/08/2024,33956,Mccullough Robertson Lawyers,"Brisbane, Qld",No,,,,,,,,,,392729 212595,,,,,,
,Griffith University,"170 Kessels Road, Nathan Qld 4111",Software Support Maintenance,29/08/2024,239511,Nexon Asia Pacific Pty. Ltd.,"Summer Hill, Nsw",No,,,,,,,,,,392712,,,,,,
,Griffith University,"170 Kessels Road, Nathan Qld 4111",Scientific Equipment,29/08/2024,49644,Sysmex Australia Pty Ltd,"Macquarie Park, Nsw",No,,,,,,,,,,392711,,,,,,
,Griffith University,"170 Kessels Road, Nathan Qld 4111",Equipment Maintenance,30/08/2024,60478,Alder Constructions Pty Ltd,"Helensvale, Qld",No,,,,,,,,,,392739,,,,,,
,Griffith University,"170 Kessels Road, Nathan Qld 4111",Equipment Purchase,30/08/2024,145018,Coherent Scientific Pty Ltd,"Thebarton, Sa",No,,,,,,,,,,392748,,,,,,
,Griffith University,"170 Kessels Road, Nathan Qld 4111",Software Support Maintenance,30/08/2024,13261,Data #3 Limited,"Indooroopilly, Qld",No,,,,,,,,,,392755,,,,,,
,Griffith University,"170 Kessels Road, Nathan Qld 4111",Equipment Maintenance,30/08/2024,15340,Freedspace Pty Ltd,"Footscray, Vic",No,,,,,,,,,,392750,,,,,,
,Griffith University,"170 Kessels Road, Nathan Qld 4111",Consultancy Services,30/08/2024,131956,Salesforce,"Sydney, Nsw",No,,,,,,,,,,392737,,,,,,
,Griffith University,"170 Kessels Road, Nathan Qld 4111",Equipment Purchase,30/08/2024,29546,Tekdis,"Wishart, Vic",No,,,,,,,,,,392746,,,,,,
,Griffith University,"170 Kessels Road, Nathan Qld 4111",Consultancy Services,30/08/2024,22000,Turnerway Physiotherapy Pty Ltd,"Burleigh Heads, Qld",No,,,,,,,,,,392741,,,,,,
,Griffith University,"170 Kessels Road, Nathan Qld 4111",Audio Visual Equipment,31/08/2024,149100,Adept Turnkey Pty Ltd,"Osborne Park, Wa",No,,,,,,,,,,392757,,,,,,
,Griffith University,"170 Kessels Road, Nathan Qld 4111",Consultancy Services,2/09/2024,19388,Australian National University,"Acton, Act",No,,,,,,,,,,392764,,,,,,
,Griffith University,"170 Kessels Road, Nathan Qld 4111",Scientific Equipment,2/09/2024,18440,Brightside Scientific Pty Ltd,"Tuggerah, Nsw",No,,,,,,,,,,392786,,,,,,
,Griffith University,"170 Kessels Road, Nathan Qld 4111",Building Construction & Maintenance,2/09/2024,11799,Dryspace Solutions Pty Ltd,"Mudgeeraba, Qld",No,,,,,,,,,,392781,,,,,,
,Griffith University,"170 Kessels Road, Nathan Qld 4111",Consultancy Services,2/09/2024,16500,East West Physiotherapy Pty Ltd,"Hunters Hill, Nsw",No,,,,,,,,,,392761,,,,,,
,Griffith University,"170 Kessels Road, Nathan Qld 4111",Consultancy Services,2/09/2024,11000,Optimum Health Solutions (Tasmania) Pty,"Mornington, Tas",No,,,,,,,,,,392763,,,,,,
,Griffith University,"170 Kessels Road, Nathan Qld 4111",Equipment Purchase,2/09/2024,11596,Precision Technologies Pte Ltd,Singapore,No,,,,,,,,,,392765,,,,,,
,Griffith University,"170 Kessels Road, Nathan Qld 4111",Consultancy Services,2/09/2024,170500,Switch Transformation Consulting Pty Ltd,"Brisbane City, Qld",No,,,,,,,,,,392793,,,,,,
,Griffith University,"170 Kessels Road, Nathan Qld 4111",Equipment Maintenance,3/09/2024,10175,Huntress Electrical Solutions Pty Ltd,"Camira, Qld",No,,,,,,,,,,392801,,,,,,
,Griffith University,"170 Kessels Road, Nathan Qld 4111",Travel Expenses,3/09/2024,29784,Ironhorse Aviation Pty Ltd,"Julatten, Qld",No,,,,,,,,,,2087362 2090084 2090085,,,,,,
,Griffith University,"170 Kessels Road, Nathan Qld 4111",Travel Expenses,3/09/2024,25281,Nadi Nalagi Hotel,Fiji,No,,,,,,,,,,2092450,,,,,,
,Griffith University,"170 Kessels Road, Nathan Qld 4111",Building Construction & Maintenance,4/09/2024,168757,Airmaster Corporation Pty Ltd,"Mansfield, Qld",No,,,,,,,,,,392840,,,,,,
,Griffith University,"170 Kessels Road, Nathan Qld 4111",Building Construction & Maintenance,4/09/2024,16526,Cvsg Asset Services Pty Ltd,"Hendra, Qld",No,,,,,,,,,,392859,,,,,,
,Griffith University,"170 Kessels Road, Nathan Qld 4111",Subscription/Licence Fees Software,4/09/2024,38852,"Glo-Bus Software, Inc.",Usa,No,,,,,,,,,,392843,,,,,,
,Griffith University,"170 Kessels Road, Nathan Qld 4111",Software Support Maintenance,4/09/2024,38500,Icad Consultants Pty Ltd,"Bridgeman Downs, Qld",No,,,,,,,,,,392846,,,,,,
,Griffith University,"170 Kessels Road, Nathan Qld 4111",Event Expenditure,4/09/2024,20391,Moreton Hire Pty Ltd,"Murarrie, Qld",No,,,,,,,,,,392842,,,,,,
,Griffith University,"170 Kessels Road, Nathan Qld 4111",Subscription/Licence Fees Software,4/09/2024,106095,Videopro Pty Ltd,"Eagle Farm, Qld",No,,,,,,,,,,392845,,,,,,
,Griffith University,"170 Kessels Road, Nathan Qld 4111",Consultancy Services,5/09/2024,16632,Bim Physiotherapy Group Holding Limited,"Bowen Hills, Qld",No,,,,,,,,,,392888,,,,,,
,Griffith University,"170 Kessels Road, Nathan Qld 4111",Consultancy Services,5/09/2024,16500,Bim Physiotherapy Group Holding Limited,"Malvern, Vic",No,,,,,,,,,,392889,,,,,,
,Griffith University,"170 Kessels Road, Nathan Qld 4111",Scientific Equipment,6/09/2024,88000,Ata Scientific Pty Ltd,"Taren Point, Nsw",No,,,,,,,,,,392906,,,,,,
,Griffith University,"170 Kessels Road, Nathan Qld 4111",Equipment Maintenance,6/09/2024,199871,Atlas Copco Australia Pty Ltd,"Seventeen Mile Rocks, Qld",No,,,,,,,,,,392922,,,,,,
,Griffith University,"170 Kessels Road, Nathan Qld 4111",Memberships/Subscriptions,6/09/2024,107876,Australian Medical Council Limited,"Canberra, Act",No,,,,,,,,,,392919,,,,,,
,Griffith University,"170 Kessels Road, Nathan Qld 4111",Consultancy Services,6/09/2024,22000,Chalmers Sports Architecture Pty Ltd,"Red Hill, Qld",No,,,,,,,,,,392984,,,,,,
,Griffith University,"170 Kessels Road, Nathan Qld 4111",Consultancy Services,6/09/2024,10340,Clayton Utz,"Brisbane, Qld",No,,,,,,,,,,392904,,,,,,
,Griffith University,"170 Kessels Road, Nathan Qld 4111",Equipment Purchase,6/09/2024,11303,Dyze Design Inc.,Canada,No,,,,,,,,,,392905,,,,,,
,Griffith University,"170 Kessels Road, Nathan Qld 4111",Software Support Maintenance,6/09/2024,11320,Magentus Practice Management Pty Ltd,"Fortitude Valley, Qld",No,,,,,,,,,,392911,,,,,,
,Griffith University,"170 Kessels Road, Nathan Qld 4111",Event Expenditure,6/09/2024,15400,Pgl Adventure Camps Pty. Ltd.,"Kyneton, Vic",No,,,,,,,,,,392954,,,,,,
,Griffith University,"170 Kessels Road, Nathan Qld 4111",Laboratory Consumables,6/09/2024,16893,Plant Sensors,"Carindale, Qld",No,,,,,,,,,,392964,,,,,,
,Griffith University,"170 Kessels Road, Nathan Qld 4111",Consultancy Services,6/09/2024,33264,Revolution Rural Health Service Pty Ltd,"East Ballina, Nsw",No,,,,,,,,,,392967,,,,,,
,Griffith University,"170 Kessels Road, Nathan Qld 4111",Building Construction & Maintenance,6/09/2024,424431,Wilson Architects,"Spring Hill, Qld",No,,,,,,,,,,392921,,,,,,
,Griffith University,"170 Kessels Road, Nathan Qld 4111",Building Construction & Maintenance,11/09/2024,17993,Airmaster Corporation Pty Ltd,"Mansfield, Qld",No,,,,,,,,,,393029,,,,,,
,Griffith University,"170 Kessels Road, Nathan Qld 4111",Building Construction & Maintenance,11/09/2024,16621,Airmaster Corporation Pty Ltd,"Mansfield, Qld",No,,,,,,,,,,393030,,,,,,
,Griffith University,"170 Kessels Road, Nathan Qld 4111",Building Construction & Maintenance,11/09/2024,108570,Eight 3 Constructions Pty Ltd,"Geebung, Qld",No,,,,,,,,,,393028,,,,,,
,Griffith University,"170 Kessels Road, Nathan Qld 4111",Building Construction & Maintenance,11/09/2024,13802,Sdf Electrical Pty Ltd,"Sunnybank Hills, Qld",No,,,,,,,,,,393050,,,,,,
,Griffith University,"170 Kessels Road, Nathan Qld 4111",Building Construction & Maintenance,11/09/2024,15238,Sdf Electrical Pty Ltd,"Sunnybank Hills, Qld",No,,,,,,,,,,393051,,,,,,
,Griffith University,"170 Kessels Road, Nathan Qld 4111",Equipment Maintenance,12/09/2024,10366,Leica Microsystems Pty Ltd,"North Ryde Bc, Nsw",No,,,,,,,,,,393058,,,,,,
,Griffith University,"170 Kessels Road, Nathan Qld 4111",Event Expenditure,12/09/2024,24570,Southport Australian Rules Football Club,"Southport, Qld",No,,,,,,,,,,393068,,,,,,
,Griffith University,"170 Kessels Road, Nathan Qld 4111",Consultancy Services,12/09/2024,36444,Uipath Srl,Romania,No,,,,,,,,,,393084,,,,,,
,Griffith University,"170 Kessels Road, Nathan Qld 4111",Equipment Maintenance,13/09/2024,73920,Aus Building-Performance Pty Ltd,"Manly, Qld",No,,,,,,,,,,393123,,,,,,
,Griffith University,"170 Kessels Road, Nathan Qld 4111",Cleaning Services,13/09/2024,9362562,Crown Waste Solutions,"Helensvale Town Centre, Qld",No,,Open,,,,,,,,GU-2603,,,,,,
,Griffith University,"170 Kessels Road, Nathan Qld 4111",Consultancy Services,13/09/2024,151415,Exent Pty. Ltd.,"Brisbane City, Qld",No,,,,,,,,,,393092,,,,,,
,Griffith University,"170 Kessels Road, Nathan Qld 4111",Consultancy Services,13/09/2024,496375,Focus Professional Services Pty Ltd,"Brisbane, Qld",Yes,,,,,,,,,,393111 397679 405016,,,,,,
,Griffith University,"170 Kessels Road, Nathan Qld 4111",Consultancy Services,13/09/2024,39490,Kathryn Ann Maggs,Qld,No,,,,,,,,,,393127,,,,,,
,Griffith University,"170 Kessels Road, Nathan Qld 4111",Equipment Purchase,13/09/2024,19773,Programmed Electrical Technologies Ltd,"Newstead, Qld",No,,,,,,,,,,393107,,,,,,
,Griffith University,"170 Kessels Road, Nathan Qld 4111",Building Construction & Maintenance,13/09/2024,20900,Rider Levett Bucknall Qld Pty Ltd,"Brisbane, Qld",No,,,,,,,,,,393096,,,,,,
,Griffith University,"170 Kessels Road, Nathan Qld 4111",Software Support Maintenance,13/09/2024,33807,The Mathworks Australia Pty Ltd,"Chatswood, Nsw",No,,,,,,,,,,393098,,,,,,
,Griffith University,"170 Kessels Road, Nathan Qld 4111",Consultancy Services,13/09/2024,52800,The Trustee For Surrey Hills Physiothera,"Surrey Hills, Vic",No,,,,,,,,,,393095,,,,,,
,Griffith University,"170 Kessels Road, Nathan Qld 4111",Electricity / Gas Supply,14/09/2024,15366,Boc Limited,"Labrador, Qld",No,,,,,,,,,,393128,,,,,,
,Griffith University,"170 Kessels Road, Nathan Qld 4111",Equipment Maintenance,14/09/2024,14105,The P.A. People Pty Ltd,"Rhodes, Nsw",No,,,,,,,,,,393138,,,,,,
,Griffith University,"170 Kessels Road, Nathan Qld 4111",Building Construction & Maintenance,14/09/2024,263863,Videopro Pty Ltd,"Eagle Farm, Qld",No,,,,,,,,,,393137,,,,,,
,Griffith University,"170 Kessels Road, Nathan Qld 4111",Building Construction & Maintenance,16/09/2024,39831,A1 Building & Property Solutions Pty Ltd,"The Gap, Qld",No,,,,,,,,,,393142,,,,,,
,Griffith University,"170 Kessels Road, Nathan Qld 4111",Building Construction & Maintenance,16/09/2024,11880,A1 Building & Property Solutions Pty Ltd,"The Gap, Qld",No,,,,,,,,,,393144,,,,,,
,Griffith University,"170 Kessels Road, Nathan Qld 4111",Building Construction & Maintenance,16/09/2024,20568,E.D.C. Systems Pty Ltd,"Cannon Hill, Qld",No,,,,,,,,,,393145,,,,,,
,Griffith University,"170 Kessels Road, Nathan Qld 4111",Building Construction & Maintenance,16/09/2024,13200,Lab Architects Pty Ltd,"Chapel Hill, Qld",No,,,,,,,,,,393158,,,,,,
,Griffith University,"170 Kessels Road, Nathan Qld 4111",Equipment Maintenance,16/09/2024,10762,Tecniplast Australia Pty Limited,"Lane Cove, Nsw",No,,,,,,,,,,393140,,,,,,
,Griffith University,"170 Kessels Road, Nathan Qld 4111",Consultancy Services,17/09/2024,80016,Acer - Aust Council For Edu Research Ltd,"Camberwell, Vic",No,,,,,,,,,,2092775,,,,,,
,Griffith University,"170 Kessels Road, Nathan Qld 4111",Memberships/Subscriptions,17/09/2024,33000,Australian Academy Of Science,"Canberra, Act",No,,,,,,,,,,2095039,,,,,,
,Griffith University,"170 Kessels Road, Nathan Qld 4111",Building Construction & Maintenance,17/09/2024,61713253,Buildcorp Group Pty Limited,"Camperdown, Nsw",No,,Open,,AS4902 – General Conditions of Contract ,4,"Task appreciation, programme, methodology 35, Project and design team experience and capability 35, Impact procurement 15, Local benefits test 15",As per Project Management Plan,As per Project Management Plan,As per the contract and Project Management Plan,393200,,,,,,
,Griffith University,"170 Kessels Road, Nathan Qld 4111",Equipment Purchase,17/09/2024,14966,Data #3 Limited,"Indooroopilly, Qld",No,,,,,,,,,,393185,,,,,,
,Griffith University,"170 Kessels Road, Nathan Qld 4111",Building Construction & Maintenance,17/09/2024,21659,Froth Build Pty Ltd,"Palm Beach, Qld",No,,,,,,,,,,393201,,,,,,
,Griffith University,"170 Kessels Road, Nathan Qld 4111",Reference Materials,17/09/2024,27027,Health Communication Network Pty Limited,"Haymarket, Nsw",No,,,,,,,,,,2090075,,,,,,
,Griffith University,"170 Kessels Road, Nathan Qld 4111",Consultancy Services,17/09/2024,16400,Uipath Srl,Romania,No,,,,,,,,,,393182,,,,,,
,Griffith University,"170 Kessels Road, Nathan Qld 4111",Building Construction & Maintenance,18/09/2024,21450,A1 Building & Property Solutions Pty Ltd,"The Gap, Qld",No,,,,,,,,,,393213,,,,,,
,Griffith University,"170 Kessels Road, Nathan Qld 4111",IT Equipment,18/09/2024,20211,Hewlett-Packard Australia Pty Ltd,"Blackburn, Vic",No,,,,,,,,,,393225,,,,,,
,Griffith University,"170 Kessels Road, Nathan Qld 4111",Security Services,18/09/2024,12012,Securcom Pty Ltd,"Brendale, Qld",No,,,,,,,,,,393211,,,,,,
,Griffith University,"170 Kessels Road, Nathan Qld 4111",Consultancy Services,19/09/2024,10920,Jennifer Carpenter,Uk,No,,,,,,,,,,393251,,,,,,
,Griffith University,"170 Kessels Road, Nathan Qld 4111",Building Construction & Maintenance,19/09/2024,172700,Thomson Adsett Pty Ltd,"Fortitude Valley, Qld",No,,,,,,,,,,393264,,,,,,
,Griffith University,"170 Kessels Road, Nathan Qld 4111",Subscription/Licence Fees Software,19/09/2024,1475770,Titian Software Limited,Uk,No,,Open,,,,,,,,393241,,,,,,
,Griffith University,"170 Kessels Road, Nathan Qld 4111",Scientific Equipment,20/09/2024,10644,Abacus Dx Pty Ltd,"Waterford, Qld",No,,,,,,,,,,393273,,,,,,
,Griffith University,"170 Kessels Road, Nathan Qld 4111",Equipment Maintenance,20/09/2024,63124,Alder Constructions Pty Ltd,"Helensvale, Qld",No,,,,,,,,,,393305,,,,,,
,Griffith University,"170 Kessels Road, Nathan Qld 4111",Building Construction & Maintenance,20/09/2024,29128,Amalgamated Property Maint. Brisbane P/L,"Rochedale South, Qld",No,,,,,,,,,,393301,,,,,,
,Griffith University,"170 Kessels Road, Nathan Qld 4111",Building Construction & Maintenance,20/09/2024,12158,Diligent Fire Pty Ltd,"Albion Dc, Qld",No,,,,,,,,,,393302,,,,,,
,Griffith University,"170 Kessels Road, Nathan Qld 4111",Marketing Fees,20/09/2024,493593,Essencemediacom Australia Pty Limited,"South Brisbane, Qld",No,,,,,,,,,,393300,,,,,,
,Griffith University,"170 Kessels Road, Nathan Qld 4111",Building Construction & Maintenance,20/09/2024,63822,Geleon Consulting Pty Ltd,"Nerang, Qld",No,,,,,,,,,,393303,,,,,,
,Griffith University,"170 Kessels Road, Nathan Qld 4111",IT Equipment,20/09/2024,14000,Jb Hi Fi Group Pty Ltd,"Macgregor, Qld",No,,,,,,,,,,393284,,,,,,
,Griffith University,"170 Kessels Road, Nathan Qld 4111",Building Construction & Maintenance,20/09/2024,24559,Securcom Pty Ltd,"Brendale, Qld",No,,,,,,,,,,393274,,,,,,
,Griffith University,"170 Kessels Road, Nathan Qld 4111",Building Construction & Maintenance,20/09/2024,15554,Wormald Australia Pty Ltd,"Murarrie, Qld",No,,,,,,,,,,393294,,,,,,
,Griffith University,"170 Kessels Road, Nathan Qld 4111",Equipment Maintenance,21/09/2024,10896,Thermo Fisher Scientific Australia,"Scoresby, Vic",No,,,,,,,,,,393307,,,,,,
,Griffith University,"170 Kessels Road, Nathan Qld 4111",Chemical/Biological Products,22/09/2024,18816,Bio-Strategy Pty Limited,"Campbellfield, Vic",No,,,,,,,,,,393312,,,,,,
,Griffith University,"170 Kessels Road, Nathan Qld 4111",Building Construction & Maintenance,23/09/2024,21230,A1 Building & Property Solutions Pty Ltd,"The Gap, Qld",No,,,,,,,,,,393351,,,,,,
,Griffith University,"170 Kessels Road, Nathan Qld 4111",Consultancy Services,23/09/2024,73920,Kpmg,"Melbourne, Vic",No,,,,,,,,,,393322,,,,,,
,Griffith University,"170 Kessels Road, Nathan Qld 4111",Consultancy Services,23/09/2024,62370,Nous Group Pty. Ltd.,"Melbourne, Vic",No,,,,,,,,,,393332,,,,,,
,Griffith University,"170 Kessels Road, Nathan Qld 4111",Conference Expenses,24/09/2024,26785,Auidf,"Redhead, Nsw",No,,,,,,,,,,2096035,,,,,,
,Griffith University,"170 Kessels Road, Nathan Qld 4111",Memberships/Subscriptions,24/09/2024,12210,Ceda,"Brisbane, Qld",No,,,,,,,,,,2096179,,,,,,
,Griffith University,"170 Kessels Road, Nathan Qld 4111",Patent Application Fee,24/09/2024,11346,Davies Collison Cave Pty Ltd,"Melbourne, Vic",No,,,,,,,,,,2094936,,,,,,
,Griffith University,"170 Kessels Road, Nathan Qld 4111",Telecommunications Expenditure,24/09/2024,12100,Environmental Systems Solutions Pty Ltd,"Moonee Ponds, Vic",No,,,,,,,,,,2094566,,,,,,
,Griffith University,"170 Kessels Road, Nathan Qld 4111",Patent Application Fee,24/09/2024,13310,Fb Rice Pty Ltd,"Sydney South, Nsw",No,,,,,,,,,,2093693,,,,,,
,Griffith University,"170 Kessels Road, Nathan Qld 4111",Chemical/Biological Products,24/09/2024,37838,Integrated Dna Technologies Aust Pty Ltd,"Baulkham Hills, Nsw",No,,,,,,,,,,393360,,,,,,
,Griffith University,"170 Kessels Road, Nathan Qld 4111",Patent Application Fee,24/09/2024,17037,JAMES & WELLS IP PTY LTD,"Brisbane, Qld",No,,,,,,,,,,2094937,,,,,,
,Griffith University,"170 Kessels Road, Nathan Qld 4111",Subscription/Licence Fees Software,24/09/2024,92450,Miro,Usa,No,,,,,,,,,,393365,,,,,,
,Griffith University,"170 Kessels Road, Nathan Qld 4111",Consultancy Services,24/09/2024,18687,The Migration Translators,"Bentleigh, Vic",No,,,,,,,,,,2095516,,,,,,
,Griffith University,"170 Kessels Road, Nathan Qld 4111",Computer Equipment,24/09/2024,12400,The School Locker,"Eight Mile Plains, Qld",No,,,,,,,,,,393388,,,,,,
,Griffith University,"170 Kessels Road, Nathan Qld 4111",Chemical/Biological Products,24/09/2024,12365,Thermo Fisher Scientific Australia,"Scoresby, Vic",No,,,,,,,,,,393357,,,,,,
,Griffith University,"170 Kessels Road, Nathan Qld 4111",Scientific Equipment,24/09/2024,11239,Vicom Australia Pty. Limited,"South Oakleigh, Vic",No,,,,,,,,,,393371,,,,,,
,Griffith University,"170 Kessels Road, Nathan Qld 4111",Subscription/Licence Fees Software,25/09/2024,22726,Data #3 Limited,"Indooroopilly, Qld",No,,,,,,,,,,393431,,,,,,
,Griffith University,"170 Kessels Road, Nathan Qld 4111",Building Construction & Maintenance,26/09/2024,66241,A1 Building & Property Solutions Pty Ltd,"The Gap, Qld",No,,,,,,,,,,393439,,,,,,
,Griffith University,"170 Kessels Road, Nathan Qld 4111",Legal Fees,26/09/2024,253373,Mccullough Robertson Lawyers,"Brisbane, Qld",No,,,,,,,,,,393451 399787,,,,,,
,Griffith University,"170 Kessels Road, Nathan Qld 4111",Scientific Equipment,26/09/2024,53383,Metrohm Australia Pty Limited,"Ryde, Nsw",No,,,,,,,,,,393452,,,,,,
,Griffith University,"170 Kessels Road, Nathan Qld 4111",Equipment Purchase,26/09/2024,58261,Riot Solutions Pty Ltd,"Brisbane, Qld",No,,,,,,,,,,393458,,,,,,
,Griffith University,"170 Kessels Road, Nathan Qld 4111",Building Construction & Maintenance,26/09/2024,150645,Rowles Time Management,"West End, Qld",No,,,,,,,,,,393459 393460,,,,,,
,Griffith University,"170 Kessels Road, Nathan Qld 4111",Consultancy Services,26/09/2024,15785,Turner & Townsend Pty Ltd,"Brisbane, Qld",No,,,,,,,,,,393436,,,,,,
,Griffith University,"170 Kessels Road, Nathan Qld 4111",Building Construction & Maintenance,27/09/2024,14764,Airmaster Corporation Pty Ltd,"Mansfield, Qld",No,,,,,,,,,,393468,,,,,,
,Griffith University,"170 Kessels Road, Nathan Qld 4111",Building Construction & Maintenance,27/09/2024,51403,Auscraft Furniture Pty Ltd,"Moorebank, Nsw",No,,,,,,,,,,393499,,,,,,
,Griffith University,"170 Kessels Road, Nathan Qld 4111",Consultancy Services,27/09/2024,108900,Kpmg,"Melbourne, Vic",No,,,,,,,,,,393462,,,,,,
,Griffith University,"170 Kessels Road, Nathan Qld 4111",Building Construction & Maintenance,27/09/2024,33231,Madji Pty Ltd,Qld,No,,,,,,,,,,393470,,,,,,
,Griffith University,"170 Kessels Road, Nathan Qld 4111",Consultancy Services,27/09/2024,27979,Marcello Sano,"Bryon Bay, NSW",No,,,,,,,,,,2112140,,,,,,
,Griffith University,"170 Kessels Road, Nathan Qld 4111",Royalties,27/09/2024,16500,Origin Theatrical Pty Ltd,Nsw,No,,,,,,,,,,393473,,,,,,
,Griffith University,"170 Kessels Road, Nathan Qld 4111",Consultancy Services,27/09/2024,51361,Sonia Hugh,Canada,No,,,,,,,,,,393467,,,,,,
,Griffith University,"170 Kessels Road, Nathan Qld 4111",Building Construction & Maintenance,27/09/2024,11778,Sports Turf Operations Pty Ltd,"Tamborine, Qld",No,,,,,,,,,,393471,,,,,,
,Griffith University,"170 Kessels Road, Nathan Qld 4111",Pathology Expenditure,30/09/2024,11965,Australian Genome Research Facility Ltd,"St Lucia, Qld",No,,,,,,,,,,393523,,,,,,
,Griffith University,"170 Kessels Road, Nathan Qld 4111",Hire/Lease Fees,30/09/2024,136636,Gold Coast Convention & Exhibition Centr,"Broadbeach, Qld",No,,,,,,,,,,393518,,,,,,
,Griffith University,"170 Kessels Road, Nathan Qld 4111",Consultancy Services,30/09/2024,53804,Longueville Media Pty Ltd,"Haberfield, Nsw",Yes,,,,,,,,,,393511 2136877,,,,,,
,Griffith University,"170 Kessels Road, Nathan Qld 4111",Consultancy Services,30/09/2024,11000,M3Property Australia Pty Ltd,"Fortitude Valley, Qld",No,,,,,,,,,,393531,,,,,,
,Griffith University,"170 Kessels Road, Nathan Qld 4111",Chemical/Biological Products,30/09/2024,11634,Merck Life Science Pty Ltd,"Castle Hill, Nsw",No,,,,,,,,,,393520,,,,,,
,Griffith University,"170 Kessels Road, Nathan Qld 4111",Subscription/Licence Fees Software,30/09/2024,116600,Oracle Corporation Australia Pty Ltd,"Sydney, Nsw",No,,,,,,,,,,393503,,,,,,
,Griffith University,"170 Kessels Road, Nathan Qld 4111",Equipment Maintenance,30/09/2024,54692,Skypanel (Aust) Pty Ltd,"Burleigh Waters, Qld",No,,,,,,,,,,393533,,,,,,
,Griffith University,"170 Kessels Road, Nathan Qld 4111",Subscription/Licence Fees Software,30/09/2024,12914,Slideroom Technologies Inc,Usa,No,,,,,,,,,,393505,,,,,,
,Griffith University,"170 Kessels Road, Nathan Qld 4111",Subscription/Licence Fees Software,30/09/2024,41808,Veritas Health Innovation Ltd,"Melbourne, Vic",No,,,,,,,,,,393532,,,,,,
,Griffith University,"170 Kessels Road, Nathan Qld 4111",Software Support Maintenance,1/10/2024,18427,Agilent Technologies Australia Pty Ltd,"Mulgrave, Vic",No,,,,,,,,,,393557,,,,,,
,Griffith University,"170 Kessels Road, Nathan Qld 4111",Building Construction & Maintenance,1/10/2024,26086,Airmaster Corporation Pty Ltd,"Mansfield, Qld",No,,,,,,,,,,393537,,,,,,
,Griffith University,"170 Kessels Road, Nathan Qld 4111",Building Construction & Maintenance,1/10/2024,31062,Airmaster Corporation Pty Ltd,"Mansfield, Qld",No,,,,,,,,,,393539,,,,,,
,Griffith University,"170 Kessels Road, Nathan Qld 4111",Reference Materials,1/10/2024,35396,Australian Medicines Handbook Pty Ltd,"Adelaide, Sa",No,,,,,,,,,,2096722,,,,,,
,Griffith University,"170 Kessels Road, Nathan Qld 4111",Building Construction & Maintenance,1/10/2024,29700,Brient Trade Services Pty Ltd,Qld,No,,,,,,,,,,393541,,,,,,
,Griffith University,"170 Kessels Road, Nathan Qld 4111",Building Construction & Maintenance,1/10/2024,29700,Brient Trade Services Pty Ltd,Qld,No,,,,,,,,,,393542,,,,,,
,Griffith University,"170 Kessels Road, Nathan Qld 4111",Building Construction & Maintenance,1/10/2024,29700,Brient Trade Services Pty Ltd,Qld,No,,,,,,,,,,393543,,,,,,
,Griffith University,"170 Kessels Road, Nathan Qld 4111",Building Construction & Maintenance,1/10/2024,52382,Mctaggart Plumbing Pty Ltd,"Petrie, Qld",No,,,,,,,,,,393538,,,,,,
,Griffith University,"170 Kessels Road, Nathan Qld 4111",Building Construction & Maintenance,1/10/2024,35860,New Life Restorations Australia,"Murarrie, Qld",No,,,,,,,,,,393540,,,,,,
,Griffith University,"170 Kessels Road, Nathan Qld 4111",Building Construction & Maintenance,1/10/2024,25658,Platinum Electrical And Air,"Ferny Hills Dc, Qld",No,,,,,,,,,,393556,,,,,,
,Griffith University,"170 Kessels Road, Nathan Qld 4111",Marketing Fees,1/10/2024,49720,Sinorbis Australia Pty Ltd,"Sydney, Nsw",No,,,,,,,,,,393575,,,,,,
,Griffith University,"170 Kessels Road, Nathan Qld 4111",Conference Expenses,1/10/2024,25111,University Of New South Wales,"Sydney, Nsw",No,,,,,,,,,,2093951,,,,,,
,Griffith University,"170 Kessels Road, Nathan Qld 4111",Conference Expenses,1/10/2024,13680,Yayasan Pikat,Indonesia,No,,,,,,,,,,2096833,,,,,,
,Griffith University,"170 Kessels Road, Nathan Qld 4111",Consultancy Services,2/10/2024,12870,Bim Physiotherapy Group Holding Limited,"Bowen Hills, Qld",No,,,,,,,,,,393616,,,,,,
,Griffith University,"170 Kessels Road, Nathan Qld 4111",Subscription/Licence Fees Software,2/10/2024,41487,Gecko Labs Ltd,Scotland,Yes,,,,,,,,,,C00996_2,,,,,,
,Griffith University,"170 Kessels Road, Nathan Qld 4111",Subscription/Licence Fees Software,2/10/2024,325346,Modo Labs Inc,Usa,No,,,,,,,,,,393589,,,,,,
,Griffith University,"170 Kessels Road, Nathan Qld 4111",Subscription/Licence Fees Software,2/10/2024,97389,Plauti B.V.,Netherlands ,No,,,,,,,,,,GU-2634,,,,,,
,Griffith University,"170 Kessels Road, Nathan Qld 4111",Subscription/Licence Fees Software,2/10/2024,11167,Qcif,"St Lucia, Qld",No,,,,,,,,,,393586,,,,,,
,Griffith University,"170 Kessels Road, Nathan Qld 4111",Consultancy Services,2/10/2024,109755,Starrez Global Pty Ltd,"West Melbourne, Vic",No,,,,,,,,,,GU-1921,,,,,,
,Griffith University,"170 Kessels Road, Nathan Qld 4111",Building Construction & Maintenance,3/10/2024,192233,Civcorp Pty Ltd,"Beenleigh, Qld",No,,,,,,,,,,393637 393724,,,,,,
,Griffith University,"170 Kessels Road, Nathan Qld 4111",Equipment Purchase,3/10/2024,18155,Diligent Fire Pty Ltd,"Albion Dc, Qld",No,,,,,,,,,,393640,,,,,,
,Griffith University,"170 Kessels Road, Nathan Qld 4111",Building Construction & Maintenance,3/10/2024,20873,Graphic Concepts Ta Signs Etc,"Beenleigh, Qld",No,,,,,,,,,,393622,,,,,,
,Griffith University,"170 Kessels Road, Nathan Qld 4111",Scientific Equipment,3/10/2024,87183,Onetemp Pty Ltd,"Marleston, Sa",No,,,,,,,,,,393635,,,,,,
,Griffith University,"170 Kessels Road, Nathan Qld 4111",Building Construction & Maintenance,3/10/2024,54736,Schneider Electric (Australia) Pty Limit,"Macquarie Park, Nsw",No,,,,,,,,,,393636,,,,,,
,Griffith University,"170 Kessels Road, Nathan Qld 4111",IT Equipment,3/10/2024,42779,Surebridge Pty Ltd,"Battery Point, Tas",No,,,,,,,,,,393627,,,,,,
,Griffith University,"170 Kessels Road, Nathan Qld 4111",Building Construction & Maintenance,4/10/2024,29812,Amalgamated Property Maint. Brisbane P/L,"Rochedale South, Qld",No,,,,,,,,,,393688,,,,,,
,Griffith University,"170 Kessels Road, Nathan Qld 4111",Building Construction & Maintenance,4/10/2024,13129,Elemental Shade Structures,"Meadowbrook, Qld",No,,,,,,,,,,393686,,,,,,
,Griffith University,"170 Kessels Road, Nathan Qld 4111",Consultancy Services,4/10/2024,126146,Elevenm Consulting Pty Ltd,"Sydney, Nsw",No,,,,,,,,,,393683,,,,,,
,Griffith University,"170 Kessels Road, Nathan Qld 4111",Scientific Equipment,4/10/2024,11008,Emona Instruments Pty Ltd,"Rocklea, Qld",No,,,,,,,,,,393692,,,,,,
,Griffith University,"170 Kessels Road, Nathan Qld 4111",Software Support Maintenance,4/10/2024,46956,"Glencoe Software, Inc.",Usa,No,,,,,,,,,,393663,,,,,,
,Griffith University,"170 Kessels Road, Nathan Qld 4111",Software Support Maintenance,4/10/2024,134200,Orikan New Zealand Limited,New Zealand,No,,,,,,,,,,393682,,,,,,
,Griffith University,"170 Kessels Road, Nathan Qld 4111",Subscription/Licence Fees Software,4/10/2024,211557,Smartrak Aust Pty Ltd,"East Melbourne, Vic",No,,,,,,,,,,393685,,,,,,
,Griffith University,"170 Kessels Road, Nathan Qld 4111",Chemical/Biological Products,8/10/2024,12161,Bio-Rad Laboratories Pty Ltd,"South Granville, Nsw",No,,,,,,,,,,393742,,,,,,
,Griffith University,"170 Kessels Road, Nathan Qld 4111",Hire/Lease Fees,8/10/2024,275000,Brisbane Convention And Exhibition Centr,"Brisbane, Qld",No,,,,,,,,,,393727,,,,,,
,Griffith University,"170 Kessels Road, Nathan Qld 4111",Consultancy Services,8/10/2024,11328,Cider House Ict Pty Ltd,"Rowville, Vic",No,,,,,,,,,,393736,,,,,,
,Griffith University,"170 Kessels Road, Nathan Qld 4111",Building Construction & Maintenance,8/10/2024,53427,Dm2Architecture Pty Ltd,"Petrie Terrace, Qld",No,,,,,,,,,,393717,,,,,,
,Griffith University,"170 Kessels Road, Nathan Qld 4111",Commission Payment,8/10/2024,15341,Idp Education Pty Ltd,"Melbourne, Vic",No,,,,,,,,,,2098279,,,,,,
,Griffith University,"170 Kessels Road, Nathan Qld 4111",Building Construction & Maintenance,8/10/2024,59422,Skypanel (Aust) Pty Ltd,"Burleigh Waters, Qld",No,,,,,,,,,,393725,,,,,,
,Griffith University,"170 Kessels Road, Nathan Qld 4111",Event Expenditure,8/10/2024,19860,Sunstate Charters Pty. Ltd.,"Eagle Farm, Qld",No,,,,,,,,,,2098284,,,,,,
,Griffith University,"170 Kessels Road, Nathan Qld 4111",Audio Visual Equipment,8/10/2024,13191,Videopro Pty Ltd,"Eagle Farm, Qld",No,,,,,,,,,,393732,,,,,,
,Griffith University,"170 Kessels Road, Nathan Qld 4111",Consultancy Services,9/10/2024,130295,Auspep Clinical Pedtides Pty Ltd,"Tullamarine, Vic",No,,,,,,,,,,393756,,,,,,
,Griffith University,"170 Kessels Road, Nathan Qld 4111",Subscription/Licence Fees Software,9/10/2024,10690,Core Life Analytics B.V.,Netherlands,No,,,,,,,,,,392990,,,,,,
,Griffith University,"170 Kessels Road, Nathan Qld 4111",External Course Delivery,9/10/2024,36913,Corporate Prepaid Cards Pty Ltd,"Balmain, Nsw",No,,,,,,,,,,2091160,,,,,,
,Griffith University,"170 Kessels Road, Nathan Qld 4111",Software Support Maintenance,9/10/2024,87861,Enghouse Australia Pty Ltd,"Melbourne, Vic",No,,,,,,,,,,393759,,,,,,
,Griffith University,"170 Kessels Road, Nathan Qld 4111",Consultancy Services,9/10/2024,24200,Insync Solutions Pty Ltd,"Rundle Mall, Sa",No,,,,,,,,,,392991,,,,,,
,Griffith University,"170 Kessels Road, Nathan Qld 4111",External Course Delivery,9/10/2024,106420,Quest River Park Central,"Brisbane City, Qld",No,,,,,,,,,,2093793,,,,,,
,Griffith University,"170 Kessels Road, Nathan Qld 4111",Subscription/Licence Fees Software,9/10/2024,94067,Sas Institute Australia Pty. Limited,"Lane Cove, Nsw",No,,,,,,,,,,393760,,,,,,
,Griffith University,"170 Kessels Road, Nathan Qld 4111",Commission Payment,9/10/2024,11334,Sjc Global Education Consulting,Korea,No,,,,,,,,,,2094439,,,,,,
,Griffith University,"170 Kessels Road, Nathan Qld 4111",Consultancy Services,9/10/2024,110000,The Growth Drivers Pty Ltd,"Brisbane City, Qld",No,,,,,,,,,,393013,,,,,,
,Griffith University,"170 Kessels Road, Nathan Qld 4111",Building Construction & Maintenance,9/10/2024,95498,Thomson Adsett Pty Ltd,"Fortitude Valley, Qld",No,,,,,,,,,,392985,,,,,,
,Griffith University,"170 Kessels Road, Nathan Qld 4111",Building Construction & Maintenance,9/10/2024,438680,Turner & Townsend Project Management Pty,"Brisbane City, Qld",No,,,,,,,,,,393772,,,,,,
,Griffith University,"170 Kessels Road, Nathan Qld 4111",Equipment Maintenance,10/10/2024,71531,Atlas Copco Australia Pty Ltd,"Seventeen Mile Rocks, Qld",No,,,,,,,,,,393817,,,,,,
,Griffith University,"170 Kessels Road, Nathan Qld 4111",Consultancy Services,10/10/2024,22000,Avanti Hobsons Bay Pty Ltd,"Red Hill, Qld",No,,,,,,,,,,393796,,,,,,
,Griffith University,"170 Kessels Road, Nathan Qld 4111",Equipment Purchase,10/10/2024,17981,Chubb Fire & Security P/L,"Salisbury, Qld",No,,,,,,,,,,393800,,,,,,
,Griffith University,"170 Kessels Road, Nathan Qld 4111",Equipment Maintenance,10/10/2024,276812,Cvsg Asset Services Pty Ltd,"Hendra, Qld",No,,,,,,,,,,393816,,,,,,
,Griffith University,"170 Kessels Road, Nathan Qld 4111",Equipment Maintenance,10/10/2024,113585,Diligent Fire Pty Ltd,"Albion Dc, Qld",No,,,,,,,,,,393815,,,,,,
,Griffith University,"170 Kessels Road, Nathan Qld 4111",Equipment Purchase,10/10/2024,215422,Headland Machinery Pty Ltd,"East Brisbane, Qld",No,,,,,,,,,,393810,,,,,,
,Griffith University,"170 Kessels Road, Nathan Qld 4111",Building Construction & Maintenance,10/10/2024,11000,Lab Architects Pty Ltd,"Chapel Hill, Qld",No,,,,,,,,,,393830,,,,,,
,Griffith University,"170 Kessels Road, Nathan Qld 4111",Subscription/Licence Fees Software,10/10/2024,29054,Osisoft Llc,Usa,No,,,,,,,,,,393804,,,,,,
,Griffith University,"170 Kessels Road, Nathan Qld 4111",Building Construction & Maintenance,10/10/2024,12657,Steadfast Projects Pty Ltd,"Upper Kedron, Qld",No,,,,,,,,,,393829,,,,,,
,Griffith University,"170 Kessels Road, Nathan Qld 4111",Event Expenditure,10/10/2024,24277,The Star Entertainment Qld Limited,"Broadbeach, Qld",No,,,,,,,,,,393797,,,,,,
,Griffith University,"170 Kessels Road, Nathan Qld 4111",Building Construction & Maintenance,10/10/2024,47630,Turner & Townsend Pty Ltd,"Brisbane, Qld",No,,,,,,,,,,393824,,,,,,
,Griffith University,"170 Kessels Road, Nathan Qld 4111",Consultancy Services,11/10/2024,202459,Accent Research,"Paddington, Nsw",No,,,,,,,,,,393842,,,,,,
,Griffith University,"170 Kessels Road, Nathan Qld 4111",Equipment Purchase,11/10/2024,16775,Asset Plant & Machinery Australia-Nz Pty,"Dandenong South, Vic",No,,,,,,,,,,393856,,,,,,
,Griffith University,"170 Kessels Road, Nathan Qld 4111",Building Construction & Maintenance,11/10/2024,120936,Brient Trade Services Pty Ltd,Qld,No,,,,,,,,,,393845,,,,,,
,Griffith University,"170 Kessels Road, Nathan Qld 4111",Building Construction & Maintenance,11/10/2024,13910,Kingaroy Joinery,"Kingaroy, Qld",No,,,,,,,,,,393844,,,,,,
,Griffith University,"170 Kessels Road, Nathan Qld 4111",Building Construction & Maintenance,11/10/2024,17939,Ontime Guardrail Pty Ltd,"Yatala, Qld",No,,,,,,,,,,393843,,,,,,
,Griffith University,"170 Kessels Road, Nathan Qld 4111",Consultancy Services,11/10/2024,15000,Sonja Brubacher,Usa,No,,,,,,,,,,393841,,,,,,
,Griffith University,"170 Kessels Road, Nathan Qld 4111",Scientific Equipment,11/10/2024,11010,Southern Biological,"Knoxfield, Vic",No,,,,,,,,,,393854,,,,,,
,Griffith University,"170 Kessels Road, Nathan Qld 4111",Building Construction & Maintenance,13/10/2024,29306,A1 Building & Property Solutions Pty Ltd,"The Gap, Qld",No,,,,,,,,,,393871,,,,,,
,Griffith University,"170 Kessels Road, Nathan Qld 4111",Building Construction & Maintenance,13/10/2024,10120,Lightbox Architecture &Interiors Pty Ltd,"Keperra, Qld",No,,,,,,,,,,393872,,,,,,
,Griffith University,"170 Kessels Road, Nathan Qld 4111",Building Construction & Maintenance,13/10/2024,93253,Turner & Townsend Pty Ltd,"Brisbane, Qld",No,,,,,,,,,,393867,,,,,,
,Griffith University,"170 Kessels Road, Nathan Qld 4111",Equipment Purchase,14/10/2024,59749,Brisbane Concert Lighting Pty Ltd,"Stafford, Qld",No,,,,,,,,,,393912,,,,,,
,Griffith University,"170 Kessels Road, Nathan Qld 4111",Building Construction & Maintenance,14/10/2024,14263,Cvsg Asset Services Pty Ltd,"Hendra, Qld",No,,,,,,,,,,393899,,,,,,
,Griffith University,"170 Kessels Road, Nathan Qld 4111",Building Construction & Maintenance,14/10/2024,11737,Flux Hydraulics Pty Ltd,"Coolangatta, Qld",No,,,,,,,,,,393894,,,,,,
,Griffith University,"170 Kessels Road, Nathan Qld 4111",Building Construction & Maintenance,14/10/2024,27115,Mctaggart Plumbing Pty Ltd,"Petrie, Qld",No,,,,,,,,,,393876,,,,,,
,Griffith University,"170 Kessels Road, Nathan Qld 4111",Building Construction & Maintenance,14/10/2024,79970,Mctaggart Plumbing Pty Ltd,"Petrie, Qld",No,,,,,,,,,,393895,,,,,,
,Griffith University,"170 Kessels Road, Nathan Qld 4111",Building Construction & Maintenance,14/10/2024,85470,Mctaggart Plumbing Pty Ltd,"Petrie, Qld",No,,,,,,,,,,393896,,,,,,
,Griffith University,"170 Kessels Road, Nathan Qld 4111",Building Construction & Maintenance,14/10/2024,19250,Pln Projects Pty Ltd,"Currumbin, Qld",No,,,,,,,,,,393893,,,,,,
,Griffith University,"170 Kessels Road, Nathan Qld 4111",Security Services,14/10/2024,72243,Securcom Pty Ltd,"Brendale, Qld",No,,,,,,,,,,393897,,,,,,
,Griffith University,"170 Kessels Road, Nathan Qld 4111",Consultancy Services,14/10/2024,174240,Six Degrees Executive (Qld) Pty Ltd,"Fortitude Valley, Qld",No,,,,,,,,,,393915,,,,,,
,Griffith University,"170 Kessels Road, Nathan Qld 4111",Building Construction & Maintenance,15/10/2024,13255,A.G. Coombs Advisory Pty Ltd,"Moorabbin, Vic",No,,,,,,,,,,393925,,,,,,
,Griffith University,"170 Kessels Road, Nathan Qld 4111",Consultancy Services,15/10/2024,34078,Auspep Clinical Pedtides Pty Ltd,"Tullamarine, Vic",No,,,,,,,,,,393924,,,,,,
,Griffith University,"170 Kessels Road, Nathan Qld 4111",Building Construction & Maintenance,15/10/2024,69115,Bizfurn Express Australia Pty Ltd,"Yandina, Qld",No,,,,,,,,,,393922,,,,,,
,Griffith University,"170 Kessels Road, Nathan Qld 4111",Consultancy Services,15/10/2024,28325,Dimity Adams Psychology Pty Ltd,Qld,No,,,,,,,,,,393974,,,,,,
,Griffith University,"170 Kessels Road, Nathan Qld 4111",Building Construction & Maintenance,15/10/2024,23128,E.D.C. Systems Pty Ltd,"Cannon Hill, Qld",Yes,,,,,,,,,,393928,,,,,,
,Griffith University,"170 Kessels Road, Nathan Qld 4111",Consultancy Services,15/10/2024,542927,Earth Island Institute,Usa,No,,Limited,"b - (ii) For the protection of patents, copyrights or other exclusive rights which can only be supplied by a particular supplier and no reasonable alternative exists",,,,,,,393957,,,,,,
,Griffith University,"170 Kessels Road, Nathan Qld 4111",Consultancy Services,15/10/2024,14518,Frontline Mental Health Pty Ltd,"Mawson Lakes, Sa",No,,,,,,,,,,2098654,,,,,,
,Griffith University,"170 Kessels Road, Nathan Qld 4111",Consultancy Services,15/10/2024,199232,Gripfast Consulting Pty Ltd,"Spring Hill, Qld",Yes,,,,,,,,,,393930 401049,,,,,,
,Griffith University,"170 Kessels Road, Nathan Qld 4111",Scientific Equipment,15/10/2024,60024,Hr Wallingford Ltd,Uk,No,,,,,,,,,,393931,,,,,,
,Griffith University,"170 Kessels Road, Nathan Qld 4111",Consultancy Services,15/10/2024,14980,Jigsaw Group (Aus) Limited,"Frenchs Forest, Nsw",No,,,,,,,,,,2096837,,,,,,
,Griffith University,"170 Kessels Road, Nathan Qld 4111",External Course Delivery,15/10/2024,54230,Jmd Consulting Limited,Malaysia,No,,,,,,,,,,2098992,,,,,,
,Griffith University,"170 Kessels Road, Nathan Qld 4111",Marketing Fees,15/10/2024,85278,Nature Sydney Pty Ltd,"Lavender Bay, Nsw",No,,,,,,,,,,393958,,,,,,
,Griffith University,"170 Kessels Road, Nathan Qld 4111",Building Construction & Maintenance,15/10/2024,21879,Otis Elevator Co Pty Ltd,"Milton, Qld",No,,,,,,,,,,393932,,,,,,
,Griffith University,"170 Kessels Road, Nathan Qld 4111",Audio Visual Equipment,15/10/2024,20774,Programmed Electrical Technologies Ltd,"Newstead, Qld",No,,,,,,,,,,393920,,,,,,
,Griffith University,"170 Kessels Road, Nathan Qld 4111",Audio Visual Equipment,15/10/2024,24527,Programmed Electrical Technologies Ltd,"Newstead, Qld",No,,,,,,,,,,393941,,,,,,
,Griffith University,"170 Kessels Road, Nathan Qld 4111",Audio Visual Equipment,15/10/2024,26349,Programmed Electrical Technologies Ltd,"Newstead, Qld",No,,,,,,,,,,393942,,,,,,
,Griffith University,"170 Kessels Road, Nathan Qld 4111",Memberships/Subscriptions,15/10/2024,22550,Queensland Tourism Industry Council Ltd,"Brisbane City, Qld",No,,,,,,,,,,2099628,,,,,,
,Griffith University,"170 Kessels Road, Nathan Qld 4111",Subscription/Licence Fees Software,15/10/2024,42823,Salesforce,"Sydney, Nsw",No,,,,,,,,,,393935,,,,,,
,Griffith University,"170 Kessels Road, Nathan Qld 4111",Consultancy Services,15/10/2024,161040,Six Degrees Executive (Qld) Pty Ltd,"Fortitude Valley, Qld",No,,,,,,,,,,393977,,,,,,
,Griffith University,"170 Kessels Road, Nathan Qld 4111",Security Services,15/10/2024,478720,Spotless Facility Services Pty Ltd,"Melbourne, Vic",Yes,,,,,,,,,,393956,,,,,,
,Griffith University,"170 Kessels Road, Nathan Qld 4111",Building Construction & Maintenance,15/10/2024,15069,Steadfast Projects Pty Ltd,"Upper Kedron, Qld",No,,,,,,,,,,393926,,,,,,
,Griffith University,"170 Kessels Road, Nathan Qld 4111",Telecommunications Expenditure,15/10/2024,155720,Tpg Network Pty Ltd,"Sydney, Nsw",No,,,,,,,,,,2099482,,,,,,
,Griffith University,"170 Kessels Road, Nathan Qld 4111",Memberships/Subscriptions,15/10/2024,80353,Worldwide Universities Network,Uk,No,,,,,,,,,,2098363,,,,,,
,Griffith University,"170 Kessels Road, Nathan Qld 4111",Building Construction & Maintenance,16/10/2024,12782,Bligh Tanner Pty Ltd,"Yandina, Qld",No,,,,,,,,,,393984,,,,,,
,Griffith University,"170 Kessels Road, Nathan Qld 4111",Building Construction & Maintenance,16/10/2024,14300,Brient Trade Services Pty Ltd,Qld,No,,,,,,,,,,394020,,,,,,
,Griffith University,"170 Kessels Road, Nathan Qld 4111",Building Construction & Maintenance,16/10/2024,23760,Building Certifiers Australia Pty Ltd,"Caloundra, Qld",No,,,,,,,,,,393985,,,,,,
,Griffith University,"170 Kessels Road, Nathan Qld 4111",Scientific Equipment,16/10/2024,15568,Illumina Australia Pty Ltd,"Scoresby, Vic",No,,,,,,,,,,394014,,,,,,
,Griffith University,"170 Kessels Road, Nathan Qld 4111",Scientific Equipment,16/10/2024,23242,Merck Life Science Pty Ltd,"Castle Hill, Nsw",No,,,,,,,,,,393980,,,,,,
,Griffith University,"170 Kessels Road, Nathan Qld 4111",Laboratory Consumables,16/10/2024,17600,Sinch Messagemedia,"Melbourne, Vic",No,,,,,,,,,,394005,,,,,,
,Griffith University,"170 Kessels Road, Nathan Qld 4111",Equipment Maintenance,16/10/2024,38412,Steadfast Projects Pty Ltd,"Upper Kedron, Qld",No,,,,,,,,,,394019,,,,,,
,Griffith University,"170 Kessels Road, Nathan Qld 4111",Consultancy Services,16/10/2024,29976,THE BEHAVIOUR CHANGE COLLABORATIVE PTY L,"Lesmurdie, Wa",Yes,,,,,,,,,,401743 401744,,,,,,
,Griffith University,"170 Kessels Road, Nathan Qld 4111",Consultancy Services,16/10/2024,22030,Uipath Srl,Uk,No,,,,,,,,,,393986,,,,,,
,Griffith University,"170 Kessels Road, Nathan Qld 4111",Scientific Equipment,17/10/2024,67417,Beckman Coulter Australia P/L,"Lane Cove, Nsw",No,,,,,,,,,,394025,,,,,,
,Griffith University,"170 Kessels Road, Nathan Qld 4111",Subscription/Licence Fees Software,17/10/2024,13310,Change Impact Group Pty Ltd,"Highgate Hill, Qld",No,,,,,,,,,,394024,,,,,,
,Griffith University,"170 Kessels Road, Nathan Qld 4111",Building Construction & Maintenance,17/10/2024,21430,Hi-Performance Commercial Interiors Pty,"Warner, Qld",No,,,,,,,,,,394047,,,,,,
,Griffith University,"170 Kessels Road, Nathan Qld 4111",Audio Visual Equipment,17/10/2024,21615,Luminous A/V & Electrical Pty Ltd,"Toowong, Qld",No,,,,,,,,,,394045,,,,,,
,Griffith University,"170 Kessels Road, Nathan Qld 4111",Building Construction & Maintenance,17/10/2024,752070,Value Added Asset Management Pty Ltd,"Darra, Qld",No,,Limited,,,,,,,,394022,,,,,,
,Griffith University,"170 Kessels Road, Nathan Qld 4111",Audio Visual Equipment,17/10/2024,18982,Videopro Pty Ltd,"Eagle Farm, Qld",No,,,,,,,,,,394056,,,,,,
,Griffith University,"170 Kessels Road, Nathan Qld 4111",Building Construction & Maintenance,18/10/2024,33277,Amalgamated Property Maint. Brisbane P/L,"Rochedale South, Qld",No,,,,,,,,,,394083,,,,,,
,Griffith University,"170 Kessels Road, Nathan Qld 4111",Scientific Equipment,18/10/2024,44343,Andi-Co Australia Pty. Ltd.,"Oakleigh, Vic",No,,,,,,,,,,394111,,,,,,
,Griffith University,"170 Kessels Road, Nathan Qld 4111",Accreditation Fees,18/10/2024,15000,Australian Computer Society Inc.,"Sydney, Nsw",No,,,,,,,,,,394079,,,,,,
,Griffith University,"170 Kessels Road, Nathan Qld 4111",Consultancy Services,18/10/2024,158730,Calibre Consulting Group,"St Lucia, Qld",No,,,,,,,,,,394105,,,,,,
,Griffith University,"170 Kessels Road, Nathan Qld 4111",Scientific Equipment,18/10/2024,32369,Eppendorf South Pacific Pty Ltd,"North Ryde, Nsw",No,,,,,,,,,,394102,,,,,,
,Griffith University,"170 Kessels Road, Nathan Qld 4111",Laboratory Consumables,18/10/2024,19252,"Fluotics, Ltd",Hong Kong,No,,,,,,,,,,394077,,,,,,
,Griffith University,"170 Kessels Road, Nathan Qld 4111",Building Construction & Maintenance,18/10/2024,17277,Green Options Pty Ltd,"Botany, Nsw",No,,,,,,,,,,394081,,,,,,
,Griffith University,"170 Kessels Road, Nathan Qld 4111",IT Equipment,18/10/2024,239311,Hewlett-Packard Australia Pty Ltd,"Blackburn, Vic",No,,,,,,,,,,394099,,,,,,
,Griffith University,"170 Kessels Road, Nathan Qld 4111",Consultancy Services,18/10/2024,264000,Huie Consulting Pty Ltd,"Buddina, Qld",No,,,,,,,,,,394109,,,,,,
,Griffith University,"170 Kessels Road, Nathan Qld 4111",Scientific Equipment,18/10/2024,277580,Laerdal Pty Ltd,"Oakleigh, Vic",No,,,,,,,,,,394068,,,,,,
,Griffith University,"170 Kessels Road, Nathan Qld 4111",Event Expenditure,18/10/2024,21473,Mantra On View Hotel,"Surfers Paradise, Qld",No,,,,,,,,,,394078,,,,,,
,Griffith University,"170 Kessels Road, Nathan Qld 4111",Building Construction & Maintenance,18/10/2024,27473,Rothwells Commercial Painters Pty Ltd,"Murwillumbah, Nsw",No,,,,,,,,,,394082,,,,,,
,Griffith University,"170 Kessels Road, Nathan Qld 4111",Equipment Purchase,18/10/2024,14454,Sure Power,"East Brisbane, Qld",No,,,,,,,,,,394071,,,,,,
,Griffith University,"170 Kessels Road, Nathan Qld 4111",Building Construction & Maintenance,18/10/2024,45812,Tsa Projects Pty Ltd,"Molendinar, Qld",No,,,,,,,,,,394115,,,,,,
,Griffith University,"170 Kessels Road, Nathan Qld 4111",Audio Visual Equipment,18/10/2024,20955,Videopro Pty Ltd,"Eagle Farm, Qld",Yes,,,,,,,,,,394113 397483,,,,,,
,Griffith University,"170 Kessels Road, Nathan Qld 4111",Telecommunications Expenditure,18/10/2024,19076,"Xinspire, Llc",Usa,No,,,,,,,,,,394095,,,,,,
,Griffith University,"170 Kessels Road, Nathan Qld 4111",Building Construction & Maintenance,18/10/2024,26342,Zip Heaters Aust Pty Ltd,"Bankstown, Nsw",No,,,,,,,,,,394080,,,,,,
,Griffith University,"170 Kessels Road, Nathan Qld 4111",Scientific Equipment,21/10/2024,12403,Bio-Strategy Pty Limited,"Campbllfield, Vic",No,,,,,,,,,,394162,,,,,,
,Griffith University,"170 Kessels Road, Nathan Qld 4111",Building Construction & Maintenance,21/10/2024,27280,Contract Floors (Qld) Pty Ltd,"Virginia, Qld",No,,,,,,,,,,394151,,,,,,
,Griffith University,"170 Kessels Road, Nathan Qld 4111",Laboratory Consumables,21/10/2024,14290,Interpath Services Pty Ltd,"Heidelberg West, Vic",No,,,,,,,,,,394153,,,,,,
,Griffith University,"170 Kessels Road, Nathan Qld 4111",Scientific Equipment,21/10/2024,74250,Nikon Australia Pty Ltd,"Rhodes, Nsw",No,,,,,,,,,,394166,,,,,,
,Griffith University,"170 Kessels Road, Nathan Qld 4111",Building Construction & Maintenance,21/10/2024,52495,Otis Elevator Co Pty Ltd,"Milton, Qld",No,,,,,,,,,,394128,,,,,,
,Griffith University,"170 Kessels Road, Nathan Qld 4111",Scientific Equipment,21/10/2024,26575,Shimadzu Scientific Inst. (Oceania)P/L,"Rydalmere, Nsw",No,,,,,,,,,,394156,,,,,,
,Griffith University,"170 Kessels Road, Nathan Qld 4111",Equipment Maintenance,22/10/2024,21999,Abs Facade (Qld) Pty Ltd,"Burleigh Heads, Qld",No,,,,,,,,,,2100179,,,,,,
,Griffith University,"170 Kessels Road, Nathan Qld 4111",Subscription/Licence Fees Software,22/10/2024,12067,Apac Geospatial Pty Ltd,"Brisbane, Qld",No,,,,,,,,,,394173,,,,,,
,Griffith University,"170 Kessels Road, Nathan Qld 4111",Marketing Fees,22/10/2024,25864,Essencemediacom Australia Pty Limited,"North Sydney, Nsw",No,,,,,,,,,,2100185,,,,,,
,Griffith University,"170 Kessels Road, Nathan Qld 4111",Commission Payment,22/10/2024,1319539,Idp Education Pty Ltd,"Melbourne, Vic",No,,Limited,b - (iii) The absence of competition for technical reasons which can only be supplied by a particular supplier and no reasonable alternative exists,,,,,,,2100373,,,,,,
,Griffith University,"170 Kessels Road, Nathan Qld 4111",Reference Materials,22/10/2024,42522,Myjove Australia Inc,Uk,No,,,,,,,,,,2100387,,,,,,
,Griffith University,"170 Kessels Road, Nathan Qld 4111",Building Construction & Maintenance,22/10/2024,62431,Scuba Group Pty Ltd,"Alexandra Hills, Qld",No,,,,,,,,,,394200,,,,,,
,Griffith University,"170 Kessels Road, Nathan Qld 4111",Consultancy Services,22/10/2024,42350,Scyne Advisory Pty Ltd,"Canberra, Act",No,,,,,,,,,,2100320,,,,,,
,Griffith University,"170 Kessels Road, Nathan Qld 4111",Building Construction & Maintenance,23/10/2024,18370,A1 Building & Property Solutions Pty Ltd,"The Gap, Qld",No,,,,,,,,,,394211,,,,,,
,Griffith University,"170 Kessels Road, Nathan Qld 4111",Consultancy Services,23/10/2024,18991,Abbelight,France,No,,,,,,,,,,394210,,,,,,
,Griffith University,"170 Kessels Road, Nathan Qld 4111",Building Construction & Maintenance,23/10/2024,29702,Auscoast Fire Services Pty Ltd,"Carrara, Qld",No,,,,,,,,,,394253,,,,,,
,Griffith University,"170 Kessels Road, Nathan Qld 4111",Scientific Equipment,23/10/2024,14246,Bio-Strategy Pty Limited,"Campbllfield, Vic",No,,,,,,,,,,394214,,,,,,
,Griffith University,"170 Kessels Road, Nathan Qld 4111",Building Construction & Maintenance,23/10/2024,1001725,Jones Lang Lasalle (Qld) Pty Limited,"Brisbane City, Qld",Yes,,Limited,,,,,,,,394223,,,,,,
,Griffith University,"170 Kessels Road, Nathan Qld 4111",Building Construction & Maintenance,23/10/2024,18920,Mctaggart Plumbing Pty Ltd,"Petrie, Qld",No,,,,,,,,,,394212,,,,,,
,Griffith University,"170 Kessels Road, Nathan Qld 4111",Scientific Equipment,23/10/2024,70358,Merck Life Science Pty Ltd,"Castle Hill, Nsw",No,,,,,,,,,,394239,,,,,,
,Griffith University,"170 Kessels Road, Nathan Qld 4111",Building Construction & Maintenance,23/10/2024,11376,Scope Services Qld,"Mount Ommaney, Qld",No,,,,,,,,,,394255,,,,,,
,Griffith University,"170 Kessels Road, Nathan Qld 4111",Building Construction & Maintenance,23/10/2024,66146,Steadfast Projects Pty Ltd,"Upper Kedron, Qld",Yes,,,,,,,,,,394251,,,,,,
,Griffith University,"170 Kessels Road, Nathan Qld 4111",Laboratory Consumables,23/10/2024,29440,Stephen Jennings & Associates Pty Ltd,"Kurrajong, Nsw",No,,,,,,,,,,394232,,,,,,
,Griffith University,"170 Kessels Road, Nathan Qld 4111",Scientific Equipment,23/10/2024,29881,Thermo Fisher Scientific Australia,"Scoresby, Vic",No,,,,,,,,,,394244,,,,,,
,Griffith University,"170 Kessels Road, Nathan Qld 4111",Scientific Equipment,23/10/2024,19780,Westlab Pty Ltd,"Ballarat, Vic",No,,,,,,,,,,394203,,,,,,
,Griffith University,"170 Kessels Road, Nathan Qld 4111",Telecommunications Expenditure,23/10/2024,23478,"Xinspire, Llc",Usa,No,,,,,,,,,,394208,,,,,,
,Griffith University,"170 Kessels Road, Nathan Qld 4111",Building Construction & Maintenance,24/10/2024,21384,Arnold Electrical & Data Installations P,"Salisbury, Qld",No,,,,,,,,,,394287,,,,,,
,Griffith University,"170 Kessels Road, Nathan Qld 4111",Subscription/Licence Fees Software,24/10/2024,12397,Bluebeam Australia Pty Ltd.,"Brisbane City, Qld",No,,,,,,,,,,394276,,,,,,
,Griffith University,"170 Kessels Road, Nathan Qld 4111",Hire/Lease Fees,24/10/2024,13112,Corporate Stage Solutions,"Coorparoo, Qld",No,,,,,,,,,,394265,,,,,,
,Griffith University,"170 Kessels Road, Nathan Qld 4111",Hire/Lease Fees,24/10/2024,13112,Corporate Stage Solutions,"Coorparoo, Qld",No,,,,,,,,,,394266,,,,,,
,Griffith University,"170 Kessels Road, Nathan Qld 4111",IT Equipment,24/10/2024,431147,Flexdata Solutions Pty Ltd,"Brisbane, Qld",No,,,,,,,,,,394288,,,,,,
,Griffith University,"170 Kessels Road, Nathan Qld 4111",Consultancy Services,24/10/2024,15895,Flexdata Solutions Pty Ltd,"Brisbane, Qld",No,,,,,,,,,,394290,,,,,,
,Griffith University,"170 Kessels Road, Nathan Qld 4111",Building Construction & Maintenance,24/10/2024,36045,Froth Build Pty Ltd,"Palm Beach, Qld",No,,,,,,,,,,394256,,,,,,
,Griffith University,"170 Kessels Road, Nathan Qld 4111",Audio Visual Equipment,24/10/2024,300728,Videopro Pty Ltd,"Eagle Farm, Qld",No,,,,,,,,,,394263,,,,,,
,Griffith University,"170 Kessels Road, Nathan Qld 4111",Building Construction & Maintenance,25/10/2024,158798,A1 Building & Property Solutions Pty Ltd,"The Gap, Qld",No,,,,,,,,,,394313,,,,,,
,Griffith University,"170 Kessels Road, Nathan Qld 4111",Building Construction & Maintenance,25/10/2024,57547,Alder Constructions Pty Ltd,"Helensvale, Qld",Yes,,,,,,,,,,394308,,,,,,
,Griffith University,"170 Kessels Road, Nathan Qld 4111",Building Construction & Maintenance,25/10/2024,77319,Alder Constructions Pty Ltd,"Helensvale, Qld",No,,,,,,,,,,394311,,,,,,
,Griffith University,"170 Kessels Road, Nathan Qld 4111",External Course Delivery,25/10/2024,15190,De Men International Tourism And Trade C,Vietnam,No,,,,,,,,,,394318,,,,,,
,Griffith University,"170 Kessels Road, Nathan Qld 4111",Consultancy Services,25/10/2024,18678,Globalise Consulting,"Williamstown, Vic",No,,,,,,,,,,394331,,,,,,
,Griffith University,"170 Kessels Road, Nathan Qld 4111",Scientific Equipment,25/10/2024,118485,John Morris Scientific Pty Ltd,"Willoughby, Nsw",No,,,,,,,,,,394321,,,,,,
,Griffith University,"170 Kessels Road, Nathan Qld 4111",Subscription/Licence Fees Software,25/10/2024,71940,Linkedin Singapore Pte Ltd,Singapore,No,,,,,,,,,,394343,,,,,,
,Griffith University,"170 Kessels Road, Nathan Qld 4111",Subscription/Licence Fees Software,25/10/2024,16500,Motio Play Pty Ltd,"Manly, Nsw",No,,,,,,,,,,394344,,,,,,
,Griffith University,"170 Kessels Road, Nathan Qld 4111",Scientific Equipment,25/10/2024,166292,Thermo Fisher Scientific Australia,"Scoresby, Vic",No,,,,,,,,,,394323,,,,,,
,Griffith University,"170 Kessels Road, Nathan Qld 4111",Scientific Equipment,26/10/2024,13940,Brightside Scientific Pty Ltd,"Tuggerah, Nsw",No,,,,,,,,,,394347,,,,,,
,Griffith University,"170 Kessels Road, Nathan Qld 4111",Equipment Maintenance,26/10/2024,14929,Nano Vacuum Pty Ltd,"Castle Hill, Nsw",No,,,,,,,,,,394348,,,,,,
,Griffith University,"170 Kessels Road, Nathan Qld 4111",Consultancy Services,27/10/2024,61600,Kelvin Ross O'Halloran,Qld,No,,,,,,,,,,394351,,,,,,
,Griffith University,"170 Kessels Road, Nathan Qld 4111",Building Construction & Maintenance,28/10/2024,97280,Airmaster Corporation Pty Ltd,"Mansfield, Qld",No,,,,,,,,,,394375,,,,,,
,Griffith University,"170 Kessels Road, Nathan Qld 4111",Building Construction & Maintenance,28/10/2024,72728,Airmaster Corporation Pty Ltd,"Mansfield, Qld",No,,,,,,,,,,394401,,,,,,
,Griffith University,"170 Kessels Road, Nathan Qld 4111",Building Construction & Maintenance,28/10/2024,44539,Alder Constructions Pty Ltd,"Helensvale, Qld",No,,,,,,,,,,394352,,,,,,
,Griffith University,"170 Kessels Road, Nathan Qld 4111",Building Construction & Maintenance,28/10/2024,19622,Emtek Furniture,"Deception Bay, Qld",No,,,,,,,,,,394354,,,,,,
,Griffith University,"170 Kessels Road, Nathan Qld 4111",Subscription/Licence Fees Software,28/10/2024,402107,Gartner Australasia Pty Limited,"Sydney, Nsw",No,,,,,,,,,,394372,,,,,,
,Griffith University,"170 Kessels Road, Nathan Qld 4111",Scientific Equipment,28/10/2024,18382,Hill-Rom Pty Ltd,"North Ryde, Nsw",No,,,,,,,,,,394361,,,,,,
,Griffith University,"170 Kessels Road, Nathan Qld 4111",Subscription/Licence Fees Software,28/10/2024,25740,Informed 365 Pty Ltd,"Currumbin Valley, Qld",No,,,,,,,,,,394370,,,,,,
,Griffith University,"170 Kessels Road, Nathan Qld 4111",Software Support Maintenance,28/10/2024,75363,Integrated Research Systems Pty Ltd,"Carlton, Vic",No,,,,,,,,,,394371,,,,,,
,Griffith University,"170 Kessels Road, Nathan Qld 4111",Building Construction & Maintenance,28/10/2024,14278,Mctaggart Plumbing Pty Ltd,"Petrie, Qld",No,,,,,,,,,,394369,,,,,,
,Griffith University,"170 Kessels Road, Nathan Qld 4111",Consultancy Services,28/10/2024,13200,St John Of God Health Care Inc,"Midland, Wa",No,,,,,,,,,,394353,,,,,,
,Griffith University,"170 Kessels Road, Nathan Qld 4111",Scientific Equipment,28/10/2024,14198,Testo Pty Ltd,"Bayswater, Vic",No,,,,,,,,,,394391,,,,,,
,Griffith University,"170 Kessels Road, Nathan Qld 4111",Equipment Purchase,28/10/2024,11073,Veto Sports,"Acacia Ridge, Qld",No,,,,,,,,,,394377,,,,,,
,Griffith University,"170 Kessels Road, Nathan Qld 4111",Building Construction & Maintenance,28/10/2024,26774,Yes Fire Pty Ltd,"Yatala, Qld",No,,,,,,,,,,394374,,,,,,
,Griffith University,"170 Kessels Road, Nathan Qld 4111",External Course Delivery,29/10/2024,52500,Airlangga Global Engagement,Java,No,,,,,,,,,,2101205,,,,,,
,Griffith University,"170 Kessels Road, Nathan Qld 4111",Subscription/Licence Fees Software,29/10/2024,21576,Gold Coast City Council,"Gold Coast, Qld",No,,,,,,,,,,2101277,,,,,,
,Griffith University,"170 Kessels Road, Nathan Qld 4111",External Course Delivery,29/10/2024,26500,Helen Johnson,Qld,No,,,,,,,,,,2101701,,,,,,
,Griffith University,"170 Kessels Road, Nathan Qld 4111",Reference Materials,29/10/2024,30000,Kanopy,Usa,No,,,,,,,,,,2098662,,,,,,
,Griffith University,"170 Kessels Road, Nathan Qld 4111",Conference Expenses,29/10/2024,30800,Leadershiphq Pty Ltd,"Ormiston, Qld",No,,,,,,,,,,2100925,,,,,,
,Griffith University,"170 Kessels Road, Nathan Qld 4111",Scientific Equipment,29/10/2024,22600,Luxemed,"Reservoir, Vic",No,,,,,,,,,,394407,,,,,,
,Griffith University,"170 Kessels Road, Nathan Qld 4111",Reference Materials,29/10/2024,10509,Naxos Digital Services Ltd,Hong Kong,No,,,,,,,,,,2101612,,,,,,
,Griffith University,"170 Kessels Road, Nathan Qld 4111",Reference Materials,29/10/2024,64504,United Book Distributors,"Ferntree Gully, Vic",No,,,,,,,,,,2101193,,,,,,
,Griffith University,"170 Kessels Road, Nathan Qld 4111",Building Construction & Maintenance,30/10/2024,21890,Bligh Tanner Pty Ltd,"Yandina, Qld",No,,,,,,,,,,394475,,,,,,
,Griffith University,"170 Kessels Road, Nathan Qld 4111",Building Construction & Maintenance,30/10/2024,23494,Crown Mechanical Electrical Pty Ltd,"Rochedale South, Qld",No,,,,,,,,,,394478,,,,,,
,Griffith University,"170 Kessels Road, Nathan Qld 4111",Building Construction & Maintenance,30/10/2024,19642,Crown Mechanical Electrical Pty Ltd,"Rochedale South, Qld",No,,,,,,,,,,394479,,,,,,
,Griffith University,"170 Kessels Road, Nathan Qld 4111",Building Construction & Maintenance,30/10/2024,45100,Ecopro Pressure Cleaning,"Broadbeach Waters, Qld",No,,,,,,,,,,394462,,,,,,
,Griffith University,"170 Kessels Road, Nathan Qld 4111",Building Construction & Maintenance,30/10/2024,493293,Girvan Group (Qld) Pty Ltd,"Botany, Nsw",No,,,,,,,,,,394484,,,,,,
,Griffith University,"170 Kessels Road, Nathan Qld 4111",Subscription/Licence Fees Software,30/10/2024,21603,Igroup (Australasia) Pty Ltd,"Melbourne, Vic",No,,,,,,,,,,394446,,,,,,
,Griffith University,"170 Kessels Road, Nathan Qld 4111",Subscription/Licence Fees Software,30/10/2024,301125,Pearson Australia Group Pty Ltd,"Sydney, Nsw",No,,,,,,,,,,394447,,,,,,
,Griffith University,"170 Kessels Road, Nathan Qld 4111",Marketing Fees,30/10/2024,55000,Squiz Australia Pty Ltd,"SYDNEY, Nsw",No,,,,,,,,,,394444,,,,,,
,Griffith University,"170 Kessels Road, Nathan Qld 4111",Printing Expenses,31/10/2024,10227,Bpo Intelligence Pty Ltd,"Moun Waverley, Vic",No,,,,,,,,,,394498,,,,,,
,Griffith University,"170 Kessels Road, Nathan Qld 4111",Consultancy Services,31/10/2024,62000,Brac James P. Grant School Of Public Hea,Bangladesh,No,,,,,,,,,,394499,,,,,,
,Griffith University,"170 Kessels Road, Nathan Qld 4111",Consultancy Services,31/10/2024,10610,Hatzis Family Trust,Qld,No,,,,,,,,,,394527,,,,,,
,Griffith University,"170 Kessels Road, Nathan Qld 4111",Scientific Equipment,31/10/2024,19377,Hill-Rom Pty Ltd,"North Ryde, Nsw",No,,,,,,,,,,394520,,,,,,
,Griffith University,"170 Kessels Road, Nathan Qld 4111",Consultancy Services,31/10/2024,70434,The University Of Texas At El Paso,Usa,No,,,,,,,,,,394493,,,,,,
,Griffith University,"170 Kessels Road, Nathan Qld 4111",Consultancy Services,31/10/2024,114820,Ybm Limited,Uk,No,,,,,,,,,,394497,,,,,,
,Griffith University,"170 Kessels Road, Nathan Qld 4111",Building Construction & Maintenance,1/11/2024,322960,A.G. Coombs Advisory Pty Ltd,"Moorabbin, Vic",No,,,,,,,,,,394539 394540,,,,,,
,Griffith University,"170 Kessels Road, Nathan Qld 4111",Computer Equipment,1/11/2024,31272,Apple Pty Ltd,"Sydney, Nsw",No,,,,,,,,,,394542,,,,,,
,Griffith University,"170 Kessels Road, Nathan Qld 4111",Building Construction & Maintenance,1/11/2024,35437,McTaggart Plumbing PTY LTD,"Petrie, Qld",No,,,,,,,,,,394564,,,,,,
,Griffith University,"170 Kessels Road, Nathan Qld 4111",Printing Expenses,1/11/2024,12096,Unicard Systems Pty Ltd,"St Leonards, Nsw",No,,,,,,,,,,394555,,,,,,
,Griffith University,"170 Kessels Road, Nathan Qld 4111",Building Construction & Maintenance,1/11/2024,41998,VERSALUX LIGHTING SYSTEMS PTY LTD,"North Mitchcam, Vic",Yes,,,,,,,,,,394538,,,,,,
,Griffith University,"170 Kessels Road, Nathan Qld 4111",Reference Materials,2/11/2024,13145,PEARSON AUSTRALIA GROUP PTY LTD,"Sydney, Nsw",No,,,,,,,,,,394568,,,,,,
,Griffith University,"170 Kessels Road, Nathan Qld 4111",Equipment Maintenance,3/11/2024,208197,Bio-Strategy Pty Limited,"Campbellfield, Vic",No,,,,,,,,,,394570,,,,,,
,Griffith University,"170 Kessels Road, Nathan Qld 4111",Equipment Purchase,4/11/2024,24860,ARNOLD ELECTRICAL & DATA INSTALLATIONS P,"Salisbury, Qld",No,,,,,,,,,,394587,,,,,,
,Griffith University,"170 Kessels Road, Nathan Qld 4111",Scientific Equipment,4/11/2024,58677,Brightside Scientific Pty Ltd,"Tuggerah, Nsw",No,,,,,,,,,,394581,,,,,,
,Griffith University,"170 Kessels Road, Nathan Qld 4111",Scientific Equipment,4/11/2024,116559,KNAUER Wissenschaftliche Gerate GmbH,Germany,No,,,,,,,,,,394575,,,,,,
,Griffith University,"170 Kessels Road, Nathan Qld 4111",Building Construction & Maintenance,4/11/2024,22000,LAB ARCHITECTS PTY LTD,"Chapel Hill, Qld",No,,,,,,,,,,394601,,,,,,
,Griffith University,"170 Kessels Road, Nathan Qld 4111",Building Construction & Maintenance,4/11/2024,21450,LAB ARCHITECTS PTY LTD,"Chapel Hill, Qld",No,,,,,,,,,,394602,,,,,,
,Griffith University,"170 Kessels Road, Nathan Qld 4111",Audio Visual Equipment,4/11/2024,13035,Luminous A/V & Electrical Pty Ltd,"Toowong, Qld",No,,,,,,,,,,394586,,,,,,
,Griffith University,"170 Kessels Road, Nathan Qld 4111",Consultancy Services,4/11/2024,22000,Squiz Australia Pty Ltd,"Sydney, Nsw",No,,,,,,,,,,394580,,,,,,
,Griffith University,"170 Kessels Road, Nathan Qld 4111",Reference Materials,5/11/2024,33843,American Society Of Civil Engineers,Usa,No,,,,,,,,,,2100390,,,,,,
,Griffith University,"170 Kessels Road, Nathan Qld 4111",Reference Materials,5/11/2024,31900,Cengage Learning Australia Pty Ltd,"South Melbourne, Vic",No,,,,,,,,,,2099251,,,,,,
,Griffith University,"170 Kessels Road, Nathan Qld 4111",Subscription/Licence Fees Software,5/11/2024,43682,ConvergePoint Inc,Usa,No,,,,,,,,,,394610,,C01522,,,,
,Griffith University,"170 Kessels Road, Nathan Qld 4111",Subscription/Licence Fees Software,5/11/2024,100497,CyberCX Pty Ltd,"Melbourne, Vic",No,,,,,,,,,,394608,,,,,,
,Griffith University,"170 Kessels Road, Nathan Qld 4111",Memberships/Subscriptions,5/11/2024,18467,Ktmine,Usa,No,,,,,,,,,,2100189,,,,,,
,Griffith University,"170 Kessels Road, Nathan Qld 4111",Subscription/Licence Fees Software,5/11/2024,49931,"OwnBackup, Inc.",Usa,No,,,,,,,,,,394606,,,,,,
,Griffith University,"170 Kessels Road, Nathan Qld 4111",External Course Delivery,5/11/2024,20000,Rural Medical Education Australia Ltd,"Toowoomba, Qld",No,,,,,,,,,,2102413,,,,,,
,Griffith University,"170 Kessels Road, Nathan Qld 4111",Marketing Fees,5/11/2024,10650,Study Outside Norway As,Norway,No,,,,,,,,,,2102642,,,,,,
,Griffith University,"170 Kessels Road, Nathan Qld 4111",Reference Materials,5/11/2024,50985,Tongfang Knowledge Network Technology Co,China,No,,,,,,,,,,2100924,,,,,,
,Griffith University,"170 Kessels Road, Nathan Qld 4111",Building Construction & Maintenance,6/11/2024,147465,Certified Roofing,"Capalaba, Qld",No,,,,,,,,,,394613,,,,,,
,Griffith University,"170 Kessels Road, Nathan Qld 4111",Scientific Equipment,6/11/2024,73410,CH Instruments Inc,Usa,No,,,,,,,,,,394615,,,,,,
,Griffith University,"170 Kessels Road, Nathan Qld 4111",Building Construction & Maintenance,6/11/2024,226003,QLD Coastal Plumbing Services Pty Ltd,"Burleigh Heads, Qld",No,,,,,,,,,,394612,,,,,,
,Griffith University,"170 Kessels Road, Nathan Qld 4111",Scientific Equipment,7/11/2024,17820,BIOMEDTECH AUSTRALIA PTY. LTD.,"Moorabbin, Vic",No,,,,,,,,,,394626,,,,,,
,Griffith University,"170 Kessels Road, Nathan Qld 4111",Chemical/Biological Products,7/11/2024,109021,Bio-Strategy Pty Limited,"Campbellfield, Vic",No,,,,,,,,,,394633,,,,,,
,Griffith University,"170 Kessels Road, Nathan Qld 4111",Chemical/Biological Products,7/11/2024,19982,Bio-Strategy Pty Limited,"Campbellfield, Vic",No,,,,,,,,,,394734,,,,,,
,Griffith University,"170 Kessels Road, Nathan Qld 4111",Consultancy Services,7/11/2024,428303,Bluefin Resources Pty. Limited,"Sydney, Nsw",No,,,,,,,,,,394634,,,,,,
,Griffith University,"170 Kessels Road, Nathan Qld 4111",Equipment Purchase,7/11/2024,29815,BSG Brisbane Sound Group,"Northgate, Qld",No,,,,,,,,,,394708,,,,,,
,Griffith University,"170 Kessels Road, Nathan Qld 4111",Equipment Purchase,7/11/2024,48384,CAELERA PTY. LTD.,"Elsternwick, Vic",No,,,,,,,,,,394630,,,,,,
,Griffith University,"170 Kessels Road, Nathan Qld 4111",Laboratory Consumables,7/11/2024,15523,Dentsply Sirona Pty Ltd,"Waverley, Vic",No,,,,,,,,,,394716,,,,,,
,Griffith University,"170 Kessels Road, Nathan Qld 4111",Consultancy Services,7/11/2024,12408,Dimity Adams Psychology Pty Ltd,Qld,No,,,,,,,,,,394640,,,,,,
,Griffith University,"170 Kessels Road, Nathan Qld 4111",Scientific Equipment,7/11/2024,71693,GE Healthcare Australia Pty Ltd,"Parramatta, Nsw",No,,,,,,,,,,394625,,,,,,
,Griffith University,"170 Kessels Road, Nathan Qld 4111",Building Construction & Maintenance,7/11/2024,19124,Green Options Pty Ltd,"Botany, Nsw",No,,,,,,,,,,394621,,,,,,
,Griffith University,"170 Kessels Road, Nathan Qld 4111",Consultancy Services,7/11/2024,16800,Helen Johnson,Qld,No,,,,,,,,,,394736,,,,,,
,Griffith University,"170 Kessels Road, Nathan Qld 4111",Equipment Maintenance,7/11/2024,10511,Hosmed Services Pty Ltd,"Virginia, Qld",No,,,,,,,,,,394644,,,,,,
,Griffith University,"170 Kessels Road, Nathan Qld 4111",Equipment Maintenance,7/11/2024,10175,HUNTRESS ELECTRICAL SOLUTIONS PTY LTD,"Camira, Qld",No,,,,,,,,,,394672,,,,,,
,Griffith University,"170 Kessels Road, Nathan Qld 4111",Scientific Equipment,7/11/2024,83383,Laerdal Pty Ltd,"Oakleigh, Vic",No,,,,,,,,,,394647,,,,,,
,Griffith University,"170 Kessels Road, Nathan Qld 4111",Scientific Equipment,7/11/2024,27106,MOG LABORATORIES PTY LTD,"Carlton, Vic",No,,,,,,,,,,394632,,,,,,
,Griffith University,"170 Kessels Road, Nathan Qld 4111",Consultancy Services,7/11/2024,24000,Pakistan-China Institute,Pakistan,No,,,,,,,,,,394628 401757,,,,,,
,Griffith University,"170 Kessels Road, Nathan Qld 4111",Building Construction & Maintenance,7/11/2024,508551,SHAPE AUSTRALIA (QLD) PTY LIMITED,"Brisbane City, Qld",Yes,,Selective,,,,,,,,394631,,,,,,
,Griffith University,"170 Kessels Road, Nathan Qld 4111",Building Construction & Maintenance,7/11/2024,21450,Spearhead Engineering Pty Ltd,"Coorparoo, Qld",No,,,,,,,,,,394665,,,,,,
,Griffith University,"170 Kessels Road, Nathan Qld 4111",Building Construction & Maintenance,7/11/2024,13860,T&M Tree Services,"Buccan, Qld",No,,,,,,,,,,394620,,,,,,
,Griffith University,"170 Kessels Road, Nathan Qld 4111",Health & Safety Expenses,7/11/2024,12208,Testel Australia Pty Ltd,"Unley, Sa",No,,,,,,,,,,394738,,,,,,
,Griffith University,"170 Kessels Road, Nathan Qld 4111",Scientific Equipment,7/11/2024,165000,Thermo Fisher Scientific Australia,"Scoresby, Vic",No,,,,,,,,,,394649,,,,,,
,Griffith University,"170 Kessels Road, Nathan Qld 4111",Equipment Purchase,8/11/2024,21659,BSG Brisbane Sound Group,"Northgate, Qld",No,,,,,,,,,,394760,,,,,,
,Griffith University,"170 Kessels Road, Nathan Qld 4111",Subscription/Licence Fees Software,8/11/2024,78680,Databee Business Solutions Pty Ltd,"Joondalup Dc, Wa",No,,,,,,,,,,394755,,,,,,
,Griffith University,"170 Kessels Road, Nathan Qld 4111",Software Support Maintenance,8/11/2024,387519,Hewlett-Packard Australia Pty Ltd,"Blackburn, Vic",No,,,,,,,,,,394752,,,,,,
,Griffith University,"170 Kessels Road, Nathan Qld 4111",Consultancy Services,8/11/2024,22000,HUB ICT PTY LTD,"Croydon, Nsw",No,,,,,,,,,,394751,,,,,,
,Griffith University,"170 Kessels Road, Nathan Qld 4111",Software Support Maintenance,8/11/2024,89279,Pan Software Pty Ltd,"East Hawthorne, Vic",No,,,,,,,,,,394757,,,,,,
,Griffith University,"170 Kessels Road, Nathan Qld 4111",Subscription/Licence Fees Software,8/11/2024,64282,SecureW2,Netherlands,No,,,,,,,,,,394753,,,,,,
,Griffith University,"170 Kessels Road, Nathan Qld 4111",Computer Equipment,8/11/2024,13354680,The Trustee for COMPUTERS NOW UNIT TRUST,"Notting Hill, Vic",No,,Selective,,Supplier Contract under UPH,2,Solution Fit 60 Experience Capacity and Capability 25 and Impact Procurement 15,Delivery and set up of Computer Hardware to Staff and HDR Students,Deliverables as per contract,As per Contract Management Plan within Supplier Contract,394788,,,,,,
,Griffith University,"170 Kessels Road, Nathan Qld 4111",Subscription/Licence Fees Software,8/11/2024,97883,The Trustee for THE VAN DYK FAMILY TRUST,"East Brisbane, Qld",No,,,,,,,,,,394754,,,,,,
,Griffith University,"170 Kessels Road, Nathan Qld 4111",Scientific Equipment,8/11/2024,33000,VICTOR SPORTS MED PTY LTD,"Hornsby, Nsw",No,,,,,,,,,,394774,,,,,,
,Griffith University,"170 Kessels Road, Nathan Qld 4111",Audio Visual Equipment,8/11/2024,36100,Videopro Pty Ltd,"Eagle Farm, Qld",No,,,,,,,,,,394770,,,,,,
,Griffith University,"170 Kessels Road, Nathan Qld 4111",Audio Visual Equipment,8/11/2024,14916,Videopro Pty Ltd,"Eagle Farm, Qld",No,,,,,,,,,,394785,,,,,,
,Griffith University,"170 Kessels Road, Nathan Qld 4111",Health & Safety Expenses,9/11/2024,12623,Elite Test & Tag Brisbane South,"Holland Park West, Qld",No,,,,,,,,,,394797,,,,,,
,Griffith University,"170 Kessels Road, Nathan Qld 4111",Equipment Maintenance,9/11/2024,31592,Hi-Tech Metrology Pty Ltd,"Hallam, Vic",No,,,,,,,,,,394800,,,,,,
,Griffith University,"170 Kessels Road, Nathan Qld 4111",Marketing Fees,9/11/2024,40422,SINORBIS AUSTRALIA PTY LTD,"Sydney, Nsw",No,,,,,,,,,,394799,,,,,,
,Griffith University,"170 Kessels Road, Nathan Qld 4111",Equipment Maintenance,11/11/2024,13769,CIVCORP PTY LTD,"Beenleigh, Qld",No,,,,,,,,,,394842,,,,,,
,Griffith University,"170 Kessels Road, Nathan Qld 4111",Consultancy Services,11/11/2024,32670,Deakin University,"Geelong, Vic",No,,,,,,,,,,394827,,,,,,
,Griffith University,"170 Kessels Road, Nathan Qld 4111",Building Construction & Maintenance,11/11/2024,245036,SABE Services Group,"Loganholme, Qld",No,,,,,,,,,,394820,,,,,,
,Griffith University,"170 Kessels Road, Nathan Qld 4111",Reference Materials,12/11/2024,12009,American Academy Of Pediatrics,Usa,No,,,,,,,,,,2100937,,,,,,
,Griffith University,"170 Kessels Road, Nathan Qld 4111",Reference Materials,12/11/2024,16450,American Association For Cancer Research,Usa,No,,,,,,,,,,2103314,,,,,,
,Griffith University,"170 Kessels Road, Nathan Qld 4111",Computer Equipment,12/11/2024,29380,Apple Pty Ltd,"Sydney, Nsw",No,,,,,,,,,,394885,,,,,,
,Griffith University,"170 Kessels Road, Nathan Qld 4111",Scientific Equipment,12/11/2024,59362,Bio-Rad Laboratories Pty Ltd,"South Granville, Nsw",No,,,,,,,,,,394854,,,,,,
,Griffith University,"170 Kessels Road, Nathan Qld 4111",Equipment Maintenance,12/11/2024,11765,CIVCORP PTY LTD,"Beenleigh, Qld",No,,,,,,,,,,394851,,,,,,
,Griffith University,"170 Kessels Road, Nathan Qld 4111",Equipment Maintenance,12/11/2024,14869,CIVCORP PTY LTD,"Beenleigh, Qld",No,,,,,,,,,,394876,,,,,,
,Griffith University,"170 Kessels Road, Nathan Qld 4111",Scientific Equipment,12/11/2024,18744,Commercial Kitchen Company,"Bundall, Qld",No,,,,,,,,,,394872,,,,,,
,Griffith University,"170 Kessels Road, Nathan Qld 4111",External Course Delivery,12/11/2024,33455,Corporate Prepaid Cards Pty Ltd,"Balmain, Nsw",No,,,,,,,,,,2100213,,,,,,
,Griffith University,"170 Kessels Road, Nathan Qld 4111",Printing Expenses,12/11/2024,58148,Cpx Pty Ltd,"Kelvin Grove Bc, Qld",No,,,,,,,,,,2100375,,,,,,
,Griffith University,"170 Kessels Road, Nathan Qld 4111",Consultancy Services,12/11/2024,46999,Efmd Aisbl,Belgium,No,,,,,,,,,,2102993 395402,,,,,,
,Griffith University,"170 Kessels Road, Nathan Qld 4111",Building Construction & Maintenance,12/11/2024,128601,EIGHT 3 CONSTRUCTIONS PTY LTD,"Geebung, Qld",Yes,,,,,,,,,,394848,,,,,,
,Griffith University,"170 Kessels Road, Nathan Qld 4111",Reference Materials,12/11/2024,203766,Elsevier Inc.,Usa,No,,,,,,,,,,2100377,,,,,,
,Griffith University,"170 Kessels Road, Nathan Qld 4111",Reference Materials,12/11/2024,147375,Elsevier Inc.,Usa,No,,,,,,,,,,2100666,,,,,,
,Griffith University,"170 Kessels Road, Nathan Qld 4111",Commission Payment,12/11/2024,10400,Emc Gk,Japan,No,,,,,,,,,,2103626,,,,,,
,Griffith University,"170 Kessels Road, Nathan Qld 4111",Reference Materials,12/11/2024,12087,Ex Libris (Australia) Pty Ltd,"Dulwich, Sa",No,,,,,,,,,,2100381,,,,,,
,Griffith University,"170 Kessels Road, Nathan Qld 4111",Consultancy Services,12/11/2024,388300,Focus Professional Services Pty Ltd,"Brisbane, Qld",Yes,,,,,,,,,,394890 405017,,,,,,
,Griffith University,"170 Kessels Road, Nathan Qld 4111",Reference Materials,12/11/2024,35438,Igroup (Australasia) Pty Ltd,"Melbourne, Vic",No,,,,,,,,,,2101206,,,,,,
,Griffith University,"170 Kessels Road, Nathan Qld 4111",Reference Materials,12/11/2024,19665,Igroup (Australasia) Pty Ltd,"Melbourne, Vic",No,,,,,,,,,,2101451,,,,,,
,Griffith University,"170 Kessels Road, Nathan Qld 4111",Consultancy Services,12/11/2024,35420,Insight Enterprises Australia Pty Ltd,"Brookvale, Nsw",No,,,,,,,,,,394883,,,,,,
,Griffith University,"170 Kessels Road, Nathan Qld 4111",Consultancy Services,12/11/2024,261250,LUCID SYNTHESIS PTY LTD,"Rochedale South, Qld",No,,,,,,,,,,394892 397678,,,,,,
,Griffith University,"170 Kessels Road, Nathan Qld 4111",Building Construction & Maintenance,12/11/2024,38060,Mode Design Corp Pty Ltd,"Fortitude Valley, Qld",No,,,,,,,,,,394889,,,,,,
,Griffith University,"170 Kessels Road, Nathan Qld 4111",Building Construction & Maintenance,12/11/2024,61710,OPER8 GLOBAL PTY LTD,"Springfield Central, Qld",No,,,,,,,,,,394896,,,,,,
,Griffith University,"170 Kessels Road, Nathan Qld 4111",Reference Materials,12/11/2024,68894,Oxford University Press Uk,Uk,No,,,,,,,,,,2101535,,,,,,
,Griffith University,"170 Kessels Road, Nathan Qld 4111",Reference Materials,12/11/2024,37703,Proquest Llc,Usa,No,,,,,,,,,,2103307,,,,,,
,Griffith University,"170 Kessels Road, Nathan Qld 4111",Reference Materials,12/11/2024,113485,"Readex, A Division Of Newsbank Inc",Usa,No,,,,,,,,,,2101534,,,,,,
,Griffith University,"170 Kessels Road, Nathan Qld 4111",Reference Materials,12/11/2024,36411,Royal Pharmaceutical Society Of Gb,Uk,No,,,,,,,,,,2100386,,,,,,
,Griffith University,"170 Kessels Road, Nathan Qld 4111",Marketing Fees,12/11/2024,47040,Studyportals BV,Netherlands,No,,,,,,,,,,394849,,,,,,
,Griffith University,"170 Kessels Road, Nathan Qld 4111",Memberships/Subscriptions,12/11/2024,10772,"The Mekong Club, Limited",Hong Kong,No,,,,,,,,,,2100935,,,,,,
,Griffith University,"170 Kessels Road, Nathan Qld 4111",Chemical/Biological Products,12/11/2024,10869,Thermo Fisher Scientific Australia,"Scoresby, Vic",No,,,,,,,,,,394884,,,,,,
,Griffith University,"170 Kessels Road, Nathan Qld 4111",Reference Materials,12/11/2024,337402,Thomson Legal & Regulatory Limited,"Sydney, Nsw",No,,,,,,,,,,2103051,,,,,,
,Griffith University,"170 Kessels Road, Nathan Qld 4111",Building Construction & Maintenance,12/11/2024,35200,TURNER & TOWNSEND PROJECT MANAGEMENT PTY,"Brisbane City, Qld",No,,,,,,,,,,394894,,,,,,
,Griffith University,"170 Kessels Road, Nathan Qld 4111",Reference Materials,12/11/2024,35925,Visible Body,Usa,No,,,,,,,,,,2100224,,,,,,
,Griffith University,"170 Kessels Road, Nathan Qld 4111",Building Construction & Maintenance,13/11/2024,13822,A1 Building & Property Solutions Pty Ltd,"The Gap, Qld",No,,,,,,,,,,394915,,,,,,
,Griffith University,"170 Kessels Road, Nathan Qld 4111",Marketing Fees,13/11/2024,11265,BAILEY HQ PTY LTD,"Salisbury, Qld",No,,,,,,,,,,394946,,,,,,
,Griffith University,"170 Kessels Road, Nathan Qld 4111",Building Construction & Maintenance,13/11/2024,12100,Crown Mechanical Electrical Pty Ltd,"Rochedale South, Qld",No,,,,,,,,,,394945,,,,,,
,Griffith University,"170 Kessels Road, Nathan Qld 4111",Building Construction & Maintenance,13/11/2024,11495,Dri-Lec Pty Ltd,"Eight Mile Plains, Qld",No,,,,,,,,,,394934,,,,,,
,Griffith University,"170 Kessels Road, Nathan Qld 4111",Consultancy Services,13/11/2024,67650,Global Reviews (Asia Pacific) Pty Ltd,"East Melbourne, Vic",No,,,,,,,,,,394940,,,,,,
,Griffith University,"170 Kessels Road, Nathan Qld 4111",Legal Fees,13/11/2024,19074,PricewaterhouseCoopers,"Barangaroo, Nsw",No,,,,,,,,,,394919,,,,,,
,Griffith University,"170 Kessels Road, Nathan Qld 4111",Security Services,13/11/2024,21242,Securcom Pty Ltd,"Brendale, Qld",No,,,,,,,,,,394901,,,,,,
,Griffith University,"170 Kessels Road, Nathan Qld 4111",Equipment Maintenance,13/11/2024,80670,SKYPANEL (AUST) PTY LTD,"Burleigh Waters, Qld",No,,,,,,,,,,394916,,,,,,
,Griffith University,"170 Kessels Road, Nathan Qld 4111",Building Construction & Maintenance,14/11/2024,72600,A.G. Coombs Advisory Pty Ltd,"Moorabbin, Vic",No,,,,,,,,,,394957,,,,,,
,Griffith University,"170 Kessels Road, Nathan Qld 4111",Consultancy Services,14/11/2024,27944,Australian Genome Research Facility Ltd,"St Lucia, Qld",No,,,,,,,,,,394959,,,,,,
,Griffith University,"170 Kessels Road, Nathan Qld 4111",Consultancy Services,14/11/2024,81373,Lee Hecht Harrison Pty Ltd,"Spring Hill, Qld",No,,,,,,,,,,394979,,,,,,
,Griffith University,"170 Kessels Road, Nathan Qld 4111",Scientific Equipment,14/11/2024,31465,NISBETS AUSTRALIA PTY LIMITED,"Campbelltown, Nsw",No,,,,,,,,,,394966,,,,,,
,Griffith University,"170 Kessels Road, Nathan Qld 4111",Equipment Purchase,14/11/2024,22834,Qiagen Pty Ltd,"Chadstone, Vic",No,,,,,,,,,,394951,,,,,,
,Griffith University,"170 Kessels Road, Nathan Qld 4111",Building Construction & Maintenance,15/11/2024,25920,A1 Building & Property Solutions Pty Ltd,"The Gap, Qld",Yes,,,,,,,,,,394997,,,,,,
,Griffith University,"170 Kessels Road, Nathan Qld 4111",Consultancy Services,15/11/2024,21450,CARBON FIRE ENGINEERING PTY LTD,"Hope Island, Qld",No,,,,,,,,,,394988,,,,,,
,Griffith University,"170 Kessels Road, Nathan Qld 4111",Computer Equipment,15/11/2024,14503,Data #3 Limited,"Indooroopilly, Qld",No,,,,,,,,,,394982,,,,,,
,Griffith University,"170 Kessels Road, Nathan Qld 4111",Health & Safety Expenses,15/11/2024,21318,Elite Test & Tag Brisbane South,"Holland Park West, Qld",No,,,,,,,,,,394985,,,,,,
,Griffith University,"170 Kessels Road, Nathan Qld 4111",Building Construction & Maintenance,15/11/2024,207268,FORMULA INTERIORS PTY LTD,"Coorparoo, Qld",No,,,,,,,,,,394986,,,,,,
,Griffith University,"170 Kessels Road, Nathan Qld 4111",Building Construction & Maintenance,15/11/2024,16280,PHILIP CHUN ACCESSIBILITY PTY LTD,"Sydney, Nsw",No,,,,,,,,,,394999,,,,,,
,Griffith University,"170 Kessels Road, Nathan Qld 4111",Scientific Equipment,18/11/2024,26133,ATA Scientific Pty Ltd,"Taren Point, Nsw",No,,,,,,,,,,395033,,,,,,
,Griffith University,"170 Kessels Road, Nathan Qld 4111",Consultancy Services,18/11/2024,17653,Australian Genome Research Facility Ltd,"St Lucia, Qld",No,,,,,,,,,,395043,,,,,,
,Griffith University,"170 Kessels Road, Nathan Qld 4111",Equipment Purchase,18/11/2024,77469,BSG Brisbane Sound Group,"Northgate, Qld",No,,,,,,,,,,395042,,,,,,
,Griffith University,"170 Kessels Road, Nathan Qld 4111",Equipment Maintenance,18/11/2024,14133,DOWNER EDI WORKS PTY LTD,"Brisbane Airport, Qld",No,,,,,,,,,,395021,,,,,,
,Griffith University,"170 Kessels Road, Nathan Qld 4111",Subscription/Licence Fees Software,18/11/2024,139760,"Economic Modeling, LLC Dba Lightcast",Russia,No,,,,,,,,,,395022,,,,,,
,Griffith University,"170 Kessels Road, Nathan Qld 4111",Marketing Fees,18/11/2024,33528,eduKUDU ltd,Uk,No,,,,,,,,,,395046,,,,,,
,Griffith University,"170 Kessels Road, Nathan Qld 4111",Consultancy Services,18/11/2024,207625,Focus Professional Services Pty Ltd,"Brisbane, Qld",No,,,,,,,,,,395048,,,,,,
,Griffith University,"170 Kessels Road, Nathan Qld 4111",Computer Equipment,18/11/2024,12827,JB Hi Fi Group Pty Ltd,"Macgregor, Qld",No,,,,,,,,,,395025,,,,,,
,Griffith University,"170 Kessels Road, Nathan Qld 4111",Consultancy Services,18/11/2024,244108,Sonja Brubacher,Usa,No,,,,,,,,,,395044,,,,,,
,Griffith University,"170 Kessels Road, Nathan Qld 4111",Equipment Maintenance,18/11/2024,17289,Thermo Fisher Scientific Australia,"Scoresby, Vic",No,,,,,,,,,,395034,,,,,,
,Griffith University,"170 Kessels Road, Nathan Qld 4111",Consultancy Services,19/11/2024,13200,Acspri,"Canberra, Act",No,,,,,,,,,,2104028,,,,,,
,Griffith University,"170 Kessels Road, Nathan Qld 4111",Building Construction & Maintenance,19/11/2024,14280,Amalgamated Property Maint. Brisbane P/L,"Rochedale South, Qld",No,,,,,,,,,,395067,,,,,,
,Griffith University,"170 Kessels Road, Nathan Qld 4111",Building Construction & Maintenance,19/11/2024,50567,CARRIER AUSTRALIA PTY LTD,"Dingley, Vic",No,,,,,,,,,,395089,,,,,,
,Griffith University,"170 Kessels Road, Nathan Qld 4111",Consultancy Services,19/11/2024,15476,Compass Group (Australia) Pty Ltd,"Perth, Wa",No,,,,,,,,,,2104285,,,,,,
,Griffith University,"170 Kessels Road, Nathan Qld 4111",Security Services,19/11/2024,56969,CONVERGINT AUSTRALIA PTY LTD,"Port Melbourne, Vic",No,,,,,,,,,,395070,,,,,,
,Griffith University,"170 Kessels Road, Nathan Qld 4111",Building Construction & Maintenance,19/11/2024,28188,E.D.C. SYSTEMS PTY LTD,"Cannon Hill, Qld",No,,,,,,,,,,395068,,,,,,
,Griffith University,"170 Kessels Road, Nathan Qld 4111",Reference Materials,19/11/2024,24568,Economist Intelligence Unit,Usa,No,,,,,,,,,,2104624,,,,,,
,Griffith University,"170 Kessels Road, Nathan Qld 4111",Memberships/Subscriptions,19/11/2024,15000,Engagement Australia Ltd,"Lismore, Nsw",No,,,,,,,,,,2103059,,,,,,
,Griffith University,"170 Kessels Road, Nathan Qld 4111",Patent Application Fee,19/11/2024,12200,Fb Rice Pty Ltd,"Sydney South, Nsw",No,,,,,,,,,,2101441,,,,,,
,Griffith University,"170 Kessels Road, Nathan Qld 4111",Reference Materials,19/11/2024,15628,Igroup (Australasia) Pty Ltd,"Melbourne, Vic",No,,,,,,,,,,2101438,,,,,,
,Griffith University,"170 Kessels Road, Nathan Qld 4111",Reference Materials,19/11/2024,24071,Igroup (Australasia) Pty Ltd,"Melbourne, Vic",No,,,,,,,,,,2101548,,,,,,
,Griffith University,"170 Kessels Road, Nathan Qld 4111",Reference Materials,19/11/2024,20352,Igroup (Australasia) Pty Ltd,"Melbourne, Vic",No,,,,,,,,,,2101917,,,,,,
,Griffith University,"170 Kessels Road, Nathan Qld 4111",Building Construction & Maintenance,19/11/2024,10010,Magnetic Automation Pty. Ltd.,"Cambellfield, Vic",No,,,,,,,,,,2103580,,,,,,
,Griffith University,"170 Kessels Road, Nathan Qld 4111",Computer Equipment,19/11/2024,16876,The School Locker,"Eight Mile Plains, Qld",No,,,,,,,,,,395064,,,,,,
,Griffith University,"170 Kessels Road, Nathan Qld 4111",Event Expenditure,19/11/2024,14870,The Ship Inn,"Brisbane, Qld",No,,,,,,,,,,2102563,,,,,,
,Griffith University,"170 Kessels Road, Nathan Qld 4111",Consultancy Services,19/11/2024,10120,THE WORKSSYDNEY PTY LTD,"Sydney, Nsw",No,,,,,,,,,,395104,,,,,,
,Griffith University,"170 Kessels Road, Nathan Qld 4111",Reference Materials,19/11/2024,15622,Therapeutic Research Centre,Usa,No,,,,,,,,,,2101439,,,,,,
,Griffith University,"170 Kessels Road, Nathan Qld 4111",Memberships/Subscriptions,19/11/2024,14759,University Of Western Australia,"Nedlands, Wa",No,,,,,,,,,,2103320,,,,,,
,Griffith University,"170 Kessels Road, Nathan Qld 4111",Security Services,20/11/2024,250569,CONVERGINT AUSTRALIA PTY LTD,"Port Melbourne, Vic",No,,,,,,,,,,395110,,,,,,
,Griffith University,"170 Kessels Road, Nathan Qld 4111",Building Construction & Maintenance,20/11/2024,14575,dm2architecture Pty Ltd,"Petrie Terrace, Qld",No,,,,,,,,,,395134,,,,,,
,Griffith University,"170 Kessels Road, Nathan Qld 4111",Building Construction & Maintenance,20/11/2024,17071,HEXEIS ENERGY PTY LTD,"Pinkenba, Qld",No,,,,,,,,,,395133,,,,,,
,Griffith University,"170 Kessels Road, Nathan Qld 4111",Consultancy Services,20/11/2024,11000,Kanokwan Manorom,Thailand,No,,,,,,,,,,395120,,,,,,
,Griffith University,"170 Kessels Road, Nathan Qld 4111",Legal Fees,20/11/2024,296316,McCullough Robertson Lawyers,"Brisbane, Qld",No,,,,,,,,,,395112,,,,,,
,Griffith University,"170 Kessels Road, Nathan Qld 4111",Scientific Equipment,20/11/2024,93111,Testo Pty Ltd,"Bayswater, Vic",No,,,,,,,,,,395117,,,,,,
,Griffith University,"170 Kessels Road, Nathan Qld 4111",Building Construction & Maintenance,21/11/2024,14763,AIRMASTER CORPORATION PTY LTD,"Mansfield, Qld",No,,,,,,,,,,395192,,,,,,
,Griffith University,"170 Kessels Road, Nathan Qld 4111",Memberships/Subscriptions,21/11/2024,105710,Aust Higher Education Industrial Assoc,"Melbourne, Vic",No,,,,,,,,,,395170,,,,,,
,Griffith University,"170 Kessels Road, Nathan Qld 4111",Subscription/Licence Fees Software,21/11/2024,126412,Australian Access Federation Ltd,"Brisbane, Qld",No,,,,,,,,,,395227,,,,,,
,Griffith University,"170 Kessels Road, Nathan Qld 4111",Memberships/Subscriptions,21/11/2024,12650,AUSTRALIAN NETWORK ON DISABILITY LTD,"Post Office, Nsw",No,,,,,,,,,,395172,,,,,,
,Griffith University,"170 Kessels Road, Nathan Qld 4111",Equipment Maintenance,21/11/2024,10181,CIVCORP PTY LTD,"Beenleigh, Qld",No,,,,,,,,,,395177,,,,,,
,Griffith University,"170 Kessels Road, Nathan Qld 4111",Equipment Maintenance,21/11/2024,84536,FROTH BUILD PTY LTD,"Palm Beach, Qld",No,,,,,,,,,,395178,,,,,,
,Griffith University,"170 Kessels Road, Nathan Qld 4111",Subscription/Licence Fees Software,21/11/2024,16500,Leximancer Pty Ltd,"St Lucia, Qld",No,,,,,,,,,,395223,,,,,,
,Griffith University,"170 Kessels Road, Nathan Qld 4111",Subscription/Licence Fees Software,21/11/2024,21066,Oracle Corporation Australia Pty Ltd,"Sydney, Nsw",No,,,,,,,,,,395226,,,,,,
,Griffith University,"170 Kessels Road, Nathan Qld 4111",Consultancy Services,21/11/2024,1736669,QS Enrolment Solutions (Australia) Pty L,"Melbourne, Vic",No,,Limited,b - (iii) The absence of competition for technical reasons which can only be supplied by a particular supplier and no reasonable alternative exists,,,,,,,395194 394811,,,,,,
,Griffith University,"170 Kessels Road, Nathan Qld 4111",Audio Visual Equipment,21/11/2024,16073,Videopro Pty Ltd,"Eagle Farm, Qld",No,,,,,,,,,,395190,,,,,,
,Griffith University,"170 Kessels Road, Nathan Qld 4111",Electricity / Gas Supply,22/11/2024,18912,BOC Limited,"Labrador, Qld",No,,,,,,,,,,395274,,,,,,
,Griffith University,"170 Kessels Road, Nathan Qld 4111",Scientific Equipment,22/11/2024,37639,Brightside Scientific Pty Ltd,"Tuggerah, Nsw",No,,,,,,,,,,395275,,,,,,
,Griffith University,"170 Kessels Road, Nathan Qld 4111",Subscription/Licence Fees Software,22/11/2024,17780,Caval Limited,"Bundoora, Vic",No,,,,,,,,,,395297,,,,,,
,Griffith University,"170 Kessels Road, Nathan Qld 4111",Subscription/Licence Fees Software,22/11/2024,29811,Cyclone Computer Company Limited,New Zealand,No,,,,,,,,,,395296,,,,,,
,Griffith University,"170 Kessels Road, Nathan Qld 4111",Scientific Equipment,22/11/2024,277321,DKSH Australia Pty Ltd,"Braeside, Vic",No,,,,,,,,,,395271,,,,,,
,Griffith University,"170 Kessels Road, Nathan Qld 4111",Consultancy Services,22/11/2024,475750,Focus Professional Services Pty Ltd,"Brisbane, Qld",Yes,,,,,,,,,,395279 405019,,,,,,
,Griffith University,"170 Kessels Road, Nathan Qld 4111",Scientific Equipment,22/11/2024,216351,GE Healthcare Australia Pty Ltd,"Parramatta, Nsw",No,,,,,,,,,,395273,,,,,,
,Griffith University,"170 Kessels Road, Nathan Qld 4111",Scientific Equipment,22/11/2024,192049,Hologic Australia Pty Ltd,"Macquarie Centre, Nsw",No,,,,,,,,,,395272,,,,,,
,Griffith University,"170 Kessels Road, Nathan Qld 4111",Building Construction & Maintenance,22/11/2024,25685,Hosmed Services Pty Ltd,"Virginia, Qld",No,,,,,,,,,,395258,,,,,,
,Griffith University,"170 Kessels Road, Nathan Qld 4111",Scientific Equipment,22/11/2024,117206,Inmed Healthcare Pty Ltd,"Seven Hills, Nsw",No,,,,,,,,,,395250,,,,,,
,Griffith University,"170 Kessels Road, Nathan Qld 4111",Chemical/Biological Products,22/11/2024,34923,Merck Life Science Pty Ltd,"Castle Hill, Nsw",No,,,,,,,,,,395277,,,,,,
,Griffith University,"170 Kessels Road, Nathan Qld 4111",Consultancy Services,22/11/2024,175780,NOUS GROUP PTY. LTD.,"Melbourne, Vic",No,,,,,,,,,,395244,,,,,,
,Griffith University,"170 Kessels Road, Nathan Qld 4111",Subscription/Licence Fees Software,22/11/2024,24407,OCTOPUS DEPLOY PTY. LTD.,"South Brisbane, Qld",No,,,,,,,,,,395246,,,,,,
,Griffith University,"170 Kessels Road, Nathan Qld 4111",Furniture,22/11/2024,31350,PLANK AUDIO,"Coburg North, Vic",No,,,,,,,,,,395280 395149,,,,,,
,Griffith University,"170 Kessels Road, Nathan Qld 4111",Audio Visual Equipment,22/11/2024,69298,Programmed Electrical Technologies Ltd,"Newstead, Qld",Yes,,,,,,,,,,395257,,,,,,
,Griffith University,"170 Kessels Road, Nathan Qld 4111",Subscription/Licence Fees Software,22/11/2024,78120,"SailPoint Technologies, Inc.",Usa,No,,,,,,,,,,395299,,,,,,
,Griffith University,"170 Kessels Road, Nathan Qld 4111",Memberships/Subscriptions,22/11/2024,38366,SCIENCE IN AUSTRALIA GENDER EQUITY LTD,"Acton, Act",No,,,,,,,,,,395285,,,,,,
,Griffith University,"170 Kessels Road, Nathan Qld 4111",Security Services,22/11/2024,99217,Securcom Pty Ltd,"Brendale, Qld",No,,,,,,,,,,395265,,,,,,
,Griffith University,"170 Kessels Road, Nathan Qld 4111",Consultancy Services,22/11/2024,181103,Squiz Australia Pty Ltd,"Sydney, Nsw",No,,,,,,,,,,395240,,,,,,
,Griffith University,"170 Kessels Road, Nathan Qld 4111",Chemical/Biological Products,22/11/2024,12651,Thermo Fisher Scientific Australia,"Scoresby, Vic",No,,,,,,,,,,395284,,,,,,
,Griffith University,"170 Kessels Road, Nathan Qld 4111",Building Construction & Maintenance,22/11/2024,48114,XLAM AUSTRALIA PTY LTD,"Barnawartha, Vic",No,,,,,,,,,,395247,,,,,,
,Griffith University,"170 Kessels Road, Nathan Qld 4111",Event Expenditure,23/11/2024,20581,Emporium Hotel Management Pty Ltd,"South Brisbane, Qld",No,,,,,,,,,,395303,,,,,,
,Griffith University,"170 Kessels Road, Nathan Qld 4111",Scientific Equipment,25/11/2024,73750,Bio-Strategy Pty Limited,"Campbellfield, Vic",No,,,,,,,,,,395349,,,,,,
,Griffith University,"170 Kessels Road, Nathan Qld 4111",Subscription/Licence Fees Software,25/11/2024,24163,DHI Water and Environment Pty Ltd,"Brisbane, Qld",No,,,,,,,,,,395337,,,,,,
,Griffith University,"170 Kessels Road, Nathan Qld 4111",Building Construction & Maintenance,25/11/2024,21907,Green Options Pty Ltd,"Botany, Nsw",No,,,,,,,,,,395317,,,,,,
,Griffith University,"170 Kessels Road, Nathan Qld 4111",Software Support Maintenance,25/11/2024,84238,HEXEIS ENERGY PTY LTD,"Pinkenba, Qld",No,,,,,,,,,,395340,,,,,,
,Griffith University,"170 Kessels Road, Nathan Qld 4111",Equipment Maintenance,25/11/2024,18183,HUNTRESS ELECTRICAL SOLUTIONS PTY LTD,"Camira, Qld",No,,,,,,,,,,395335,,,,,,
,Griffith University,"170 Kessels Road, Nathan Qld 4111",Equipment Maintenance,25/11/2024,10120,JST Biosafety Australia,"Warner, Qld",No,,,,,,,,,,395334,,,,,,
,Griffith University,"170 Kessels Road, Nathan Qld 4111",Teaching Materials,25/11/2024,21541,Modern Teaching Aids P/L,"Frenchs Forest, Nsw",No,,,,,,,,,,395351,,,,,,
,Griffith University,"170 Kessels Road, Nathan Qld 4111",Subscription/Licence Fees Software,25/11/2024,123750,Oracle Corporation Australia Pty Ltd,"Sydney, Nsw",No,,,,,,,,,,395341,,,,,,
,Griffith University,"170 Kessels Road, Nathan Qld 4111",Subscription/Licence Fees Software,25/11/2024,13859,Simuserv Pty Ltd,"East Hawthorne, Vic",No,,,,,,,,,,395342,,,,,,
,Griffith University,"170 Kessels Road, Nathan Qld 4111",Scientific Equipment,25/11/2024,70284,Thermo Fisher Scientific Australia,"Scoresby, Vic",No,,,,,,,,,,395350,,,,,,
,Griffith University,"170 Kessels Road, Nathan Qld 4111",Building Construction & Maintenance,26/11/2024,15583,A1 Building & Property Solutions Pty Ltd,"The Gap, Qld",No,,,,,,,,,,395377,,,,,,
,Griffith University,"170 Kessels Road, Nathan Qld 4111",Event Expenditure,26/11/2024,22440,Adcall Promotions,"Mount Ommaney, Qld",No,,,,,,,,,,2104740,,,,,,
,Griffith University,"170 Kessels Road, Nathan Qld 4111",Reference Materials,26/11/2024,15643,American Society For Microbiology,Usa,No,,,,,,,,,,2103770,,,,,,
,Griffith University,"170 Kessels Road, Nathan Qld 4111",Building Construction & Maintenance,26/11/2024,76670,Auscoast Fire Services Pty Ltd,"Carrara, Qld",No,,,,,,,,,,395389,,,,,,
,Griffith University,"170 Kessels Road, Nathan Qld 4111",Reference Materials,26/11/2024,33461,Australian Medicines Handbook Pty Ltd,"Adelaide, Sa",No,,,,,,,,,,2104132,,,,,,
,Griffith University,"170 Kessels Road, Nathan Qld 4111",Consultancy Services,26/11/2024,46451,Bdo Services Pty Ltd,"Brisbane, Qld",No,,,,,,,,,,2103229,,,,,,
,Griffith University,"170 Kessels Road, Nathan Qld 4111",Reference Materials,26/11/2024,61641,Bureau Van Dijk Electronic Publishing,"Sydney, Nsw",No,,,,,,,,,,2103050,,,,,,
,Griffith University,"170 Kessels Road, Nathan Qld 4111",Printing Expenses,26/11/2024,2635005,Canon Australia Pty. Ltd.,"Macquarie Park, Nsw",No,,Open,,,,,,,,GU-2786,,,,,,
,Griffith University,"170 Kessels Road, Nathan Qld 4111",Building Construction & Maintenance,26/11/2024,14575,CIVCORP PTY LTD,"Beenleigh, Qld",No,,,,,,,,,,395378,,,,,,
,Griffith University,"170 Kessels Road, Nathan Qld 4111",Building Construction & Maintenance,26/11/2024,17751,Data #3 Limited,"Indooroopilly, Qld",No,,,,,,,,,,395429,,,,,,
,Griffith University,"170 Kessels Road, Nathan Qld 4111",Reference Materials,26/11/2024,20038,Ebsco International Inc,"North Sydney, Nsw",No,,,,,,,,,,2102574,,,,,,
,Griffith University,"170 Kessels Road, Nathan Qld 4111",Reference Materials,26/11/2024,234889,Ebsco International Inc,"North Sydney, Nsw",No,,,,,,,,,,2102645,,,,,,
,Griffith University,"170 Kessels Road, Nathan Qld 4111",Reference Materials,26/11/2024,771504,Informa Uk Ltd,Uk,No,,Limited,b - (iii) The absence of competition for technical reasons which can only be supplied by a particular supplier and no reasonable alternative exists,,,,,,,2103317,,,,,,
,Griffith University,"170 Kessels Road, Nathan Qld 4111",Consultancy Services,26/11/2024,21132,Intravacc B.V.,Usa,No,,,,,,,,,,2103221,,,,,,
,Griffith University,"170 Kessels Road, Nathan Qld 4111",Scientific Equipment,26/11/2024,77169,Karl Storz Endoscopy Australia Pty Ltd,"Macquarie Park, Nsw",No,,,,,,,,,,395380,,,,,,
,Griffith University,"170 Kessels Road, Nathan Qld 4111",Reference Materials,26/11/2024,14281,Lloyd'S List Intelligence,Uk,No,,,,,,,,,,2103316,,,,,,
,Griffith University,"170 Kessels Road, Nathan Qld 4111",Consultancy Services,26/11/2024,36333,Michael Phillips,Qld,No,,,,,,,,,,2105204 2082785 2105275,,,,,,
,Griffith University,"170 Kessels Road, Nathan Qld 4111",Consultancy Services,26/11/2024,108075,Resource 23 Pty Ltd,"Melbourne, Vic",No,,,,,,,,,,395374,,,,,,
,Griffith University,"170 Kessels Road, Nathan Qld 4111",Reference Materials,26/11/2024,271729,Rmit Training Pty Ltd,"Melbourne, Vic",No,,,,,,,,,,2103007,,,,,,
,Griffith University,"170 Kessels Road, Nathan Qld 4111",Building Construction & Maintenance,26/11/2024,46970,Steele Wrobel Pty Ltd,"Brisbane, Qld",No,,,,,,,,,,395427,,,,,,
,Griffith University,"170 Kessels Road, Nathan Qld 4111",Memberships/Subscriptions,26/11/2024,62400,Tertiary Education Quality And Standards,"Melbourne, Vic",No,,,,,,,,,,2104429,,,,,,
,Griffith University,"170 Kessels Road, Nathan Qld 4111",Consultancy Services,26/11/2024,14080,The Trustee For Granted Group Unit Trust,"Bentleigh, Vic",No,,,,,,,,,,2101982,,,,,,
,Griffith University,"170 Kessels Road, Nathan Qld 4111",Consultancy Services,26/11/2024,12430,The Trustee For Granted Group Unit Trust,"Bentleigh, Vic",No,,,,,,,,,,2105342,,,,,,
,Griffith University,"170 Kessels Road, Nathan Qld 4111",Building Construction & Maintenance,26/11/2024,99691,The Trustee for The Bodel Family Trust,"Gordon Park, Qld",Yes,,,,,,,,,,395383,,,,,,
,Griffith University,"170 Kessels Road, Nathan Qld 4111",Building Construction & Maintenance,27/11/2024,60500,A1 Building & Property Solutions Pty Ltd,"The Gap, Qld",No,,,,,,,,,,395438,,,,,,
,Griffith University,"170 Kessels Road, Nathan Qld 4111",Building Construction & Maintenance,27/11/2024,18363,A1 Building & Property Solutions Pty Ltd,"The Gap, Qld",No,,,,,,,,,,395491,,,,,,
,Griffith University,"170 Kessels Road, Nathan Qld 4111",Building Construction & Maintenance,27/11/2024,12859,A1 Building & Property Solutions Pty Ltd,"The Gap, Qld",No,,,,,,,,,,395492,,,,,,
,Griffith University,"170 Kessels Road, Nathan Qld 4111",Scientific Equipment,27/11/2024,38749,Biotools Pty Ltd,"Keperra, Qld",No,,,,,,,,,,395449,,,,,,
,Griffith University,"170 Kessels Road, Nathan Qld 4111",Building Construction & Maintenance,27/11/2024,11880,Building Certifiers Australia Pty Ltd,"Caloundra, Qld",No,,,,,,,,,,395510,,,,,,
,Griffith University,"170 Kessels Road, Nathan Qld 4111",Building Construction & Maintenance,27/11/2024,10507,BURNETT FAMILY TRUST,Qld,No,,,,,,,,,,395512,,,,,,
,Griffith University,"170 Kessels Road, Nathan Qld 4111",Subscription/Licence Fees Software,27/11/2024,278701,Cubewise Australia Pty Ltd,"North Sydney, Nsw",No,,,,,,,,,,395490,,,,,,
,Griffith University,"170 Kessels Road, Nathan Qld 4111",Scientific Equipment,27/11/2024,59840,Fisher Biotec Pty Ltd,"Wembley, Wa",No,,,,,,,,,,395450,,,,,,
,Griffith University,"170 Kessels Road, Nathan Qld 4111",Scientific Equipment,27/11/2024,174361,Fisher Biotec Pty Ltd,"Wembley, Wa",No,,,,,,,,,,395475,,,,,,
,Griffith University,"170 Kessels Road, Nathan Qld 4111",Building Construction & Maintenance,27/11/2024,31394,FROTH BUILD PTY LTD,"Palm Beach, Qld",No,,,,,,,,,,395458,,,,,,
,Griffith University,"170 Kessels Road, Nathan Qld 4111",Subscription/Licence Fees Software,27/11/2024,27515,"Hasura, Inc.",Usa,No,,,,,,,,,,395470,,,,,,
,Griffith University,"170 Kessels Road, Nathan Qld 4111",Subscription/Licence Fees Software,27/11/2024,2256484,Insight Enterprises Australia Pty Ltd,"Brookvale, Nsw",No,,Limited,b - (iii) The absence of competition for technical reasons which can only be supplied by a particular supplier and no reasonable alternative exists,,,,,,,395489,,,,,,
,Griffith University,"170 Kessels Road, Nathan Qld 4111",Scientific Equipment,27/11/2024,1614213,KLA Corporation,Singapore,No,,Limited,"c - (i) Cannot be made for technical reasons such as requirements of interchangeability or interoperability with existing equipment, software, services or installations procured under the initial procurement, or due to conditions under original supplier warranties",,,,,,,395467,,,,,,
,Griffith University,"170 Kessels Road, Nathan Qld 4111",Scientific Equipment,27/11/2024,2186690,LPE S.P.A.,Italy,No,,Limited,b - (iii) The absence of competition for technical reasons which can only be supplied by a particular supplier and no reasonable alternative exists,,,,,,,395472,,,,,,
,Griffith University,"170 Kessels Road, Nathan Qld 4111",Building Construction & Maintenance,27/11/2024,21712,METEOCONTROL AUSTRALIA,"Melbourne, Vic",No,,,,,,,,,,395511,,,,,,
,Griffith University,"170 Kessels Road, Nathan Qld 4111",Scientific Equipment,27/11/2024,47124,Mettler Toledo Limited,"Port Melbourne, Vic",No,,,,,,,,,,395446,,,,,,
,Griffith University,"170 Kessels Road, Nathan Qld 4111",Chemical/Biological Products,27/11/2024,10581,New England Biolabs Pty Ltd,"Notting Hill, Vic",No,,,,,,,,,,395443,,,,,,
,Griffith University,"170 Kessels Road, Nathan Qld 4111",Scientific Equipment,27/11/2024,24640,Nikon Australia Pty Ltd,"Rhodes, Nsw",No,,,,,,,,,,395451,,,,,,
,Griffith University,"170 Kessels Road, Nathan Qld 4111",Software Support Maintenance,27/11/2024,802826,Oracle Corporation Australia Pty Ltd,"Sydney, Nsw",No,,Limited,"c - (i) Cannot be made for technical reasons such as requirements of interchangeability or interoperability with existing equipment, software, services or installations procured under the initial procurement, or due to conditions under original supplier warranties",,,,,,,395469,,,,,,
,Griffith University,"170 Kessels Road, Nathan Qld 4111",Subscription/Licence Fees Software,27/11/2024,139245,Oracle Corporation Australia Pty Ltd,"Sydney, Nsw",No,,,,,,,,,,395471,,,,,,
,Griffith University,"170 Kessels Road, Nathan Qld 4111",Computer Equipment,27/11/2024,17719,PAGNIAN IMPORTS PTY. LTD.,"Southport, Qld",No,,,,,,,,,,395460,,,,,,
,Griffith University,"170 Kessels Road, Nathan Qld 4111",Scientific Equipment,27/11/2024,14279,Paragon Care Group Australia Pty Ltd,"Clayton, Vic",No,,,,,,,,,,395448,,,,,,
,Griffith University,"170 Kessels Road, Nathan Qld 4111",Subscription/Licence Fees Software,27/11/2024,39254,"Posit Software, PBC",Usa,No,,,,,,,,,,395486,,,,,,
,Griffith University,"170 Kessels Road, Nathan Qld 4111",Subscription/Licence Fees Software,27/11/2024,70824,Salesforce,"Sydney, Nsw",No,,,,,,,,,,395487,,,,,,
,Griffith University,"170 Kessels Road, Nathan Qld 4111",Scientific Equipment,27/11/2024,48717,SDR Scientific,"Chatswood, Nsw",No,,,,,,,,,,395447,,,,,,
,Griffith University,"170 Kessels Road, Nathan Qld 4111",Scientific Equipment,27/11/2024,14142,Thermo Fisher Scientific Australia,"Scoresby, Vic",No,,,,,,,,,,395461,,,,,,
,Griffith University,"170 Kessels Road, Nathan Qld 4111",Scientific Equipment,27/11/2024,112615,Thermo Fisher Scientific Australia,"Scoresby, Vic",No,,,,,,,,,,395476,,,,,,
,Griffith University,"170 Kessels Road, Nathan Qld 4111",Building Construction & Maintenance,28/11/2024,12582,Comap Pty Ltd,"Melrose Park, Sa",No,,,,,,,,,,395553,,,,,,
,Griffith University,"170 Kessels Road, Nathan Qld 4111",Subscription/Licence Fees Software,28/11/2024,148150,D2L AUSTRALIA PTY LTD,"Melbourne, Vic",No,,,,,,,,,,395523,,,,,,
,Griffith University,"170 Kessels Road, Nathan Qld 4111",IT Equipment,28/11/2024,18851,Hewlett-Packard Australia Pty Ltd,"Blackburn, Vic",No,,,,,,,,,,395515,,,,,,
,Griffith University,"170 Kessels Road, Nathan Qld 4111",Computer Equipment,28/11/2024,11565,JB Hi Fi Group Pty Ltd,"Macgregor, Qld",No,,,,,,,,,,395526,,,,,,
,Griffith University,"170 Kessels Road, Nathan Qld 4111",Laboratory Consumables,28/11/2024,12540,One Dental Pty Ltd,"Castle Hill, Nsw",No,,,,,,,,,,395529,,,,,,
,Griffith University,"170 Kessels Road, Nathan Qld 4111",Scientific Equipment,28/11/2024,121373,Portable Analytical Solutions Pty Ltd,"West Gosford, Nsw",No,,,,,,,,,,395554,,,,,,
,Griffith University,"170 Kessels Road, Nathan Qld 4111",Subscription/Licence Fees Software,28/11/2024,24833,Salesforce,"Sydney, Nsw",No,,,,,,,,,,395531,,,,,,
,Griffith University,"170 Kessels Road, Nathan Qld 4111",Subscription/Licence Fees Software,29/11/2024,335355,Adobe Systems Software Ireland Ltd,Ireland,No,,,,,,,,,,395555,,,,,,
,Griffith University,"170 Kessels Road, Nathan Qld 4111",Memberships/Subscriptions,29/11/2024,55261,CAUDIT,"Kingston, Act",No,,,,,,,,,,395564,,,,,,
,Griffith University,"170 Kessels Road, Nathan Qld 4111",Consultancy Services,29/11/2024,14529,CyberCX Pty Ltd,"Melbourne, Vic",No,,,,,,,,,,395563,,,,,,
,Griffith University,"170 Kessels Road, Nathan Qld 4111",Building Construction & Maintenance,29/11/2024,62810,Indesign Access,"Banyo, Qld",No,,,,,,,,,,395578,,,,,,
,Griffith University,"170 Kessels Road, Nathan Qld 4111",Building Construction & Maintenance,29/11/2024,15422,LIGHTBOX ARCHITECTURE &INTERIORS PTY LTD,"Keperra, Qld",No,,,,,,,,,,395580,,,,,,
,Griffith University,"170 Kessels Road, Nathan Qld 4111",Equipment Purchase,29/11/2024,10835,Moffat Pty Ltd,"Mulgrave, Vic",No,,,,,,,,,,395565,,,,,,
,Griffith University,"170 Kessels Road, Nathan Qld 4111",Consultancy Services,29/11/2024,299981,MOQdigital Pty Ltd,"Spring Hill, Qld",No,,,,,,,,,,395557,,,,,,
,Griffith University,"170 Kessels Road, Nathan Qld 4111",Equipment Purchase,29/11/2024,36994,Russtor Music,"Albany Creek, Qld",No,,,,,,,,,,395562,,,,,,
,Griffith University,"170 Kessels Road, Nathan Qld 4111",Scientific Equipment,29/11/2024,10989,Scitek Australia Pty Ltd,"Milsons Point, Nsw",No,,,,,,,,,,395574,,,,,,
,Griffith University,"170 Kessels Road, Nathan Qld 4111",Building Construction & Maintenance,29/11/2024,19558,Thomas Textiles,"Archerfield, Qld",No,,,,,,,,,,395588,,,,,,
,Griffith University,"170 Kessels Road, Nathan Qld 4111",Computer Equipment,30/11/2024,10406,JB Hi Fi Group Pty Ltd,"Macgregor, Qld",No,,,,,,,,,,395597,,,,,,
,Griffith University,"170 Kessels Road, Nathan Qld 4111",Consultancy Services,2/12/2024,44000,Evie'S Editing Services,"Yeronga, Qld",No,,,,,,,,,,395618,,,,,,
,Griffith University,"170 Kessels Road, Nathan Qld 4111",Building Construction & Maintenance,2/12/2024,36045,Froth Build Pty Ltd,"Palm Beach, Qld",No,,,,,,,,,,395609,,,,,,
,Griffith University,"170 Kessels Road, Nathan Qld 4111",Consultancy Services,2/12/2024,55000,Impact Communication,"Holland Park, Qld",No,,,,,,,,,,395620,,,,,,
,Griffith University,"170 Kessels Road, Nathan Qld 4111",Scientific Equipment,2/12/2024,159754,Innovatio Dental Supplies Pty Ltd,"Homebush, Nsw",No,,,,,,,,,,395631,,,,,,
,Griffith University,"170 Kessels Road, Nathan Qld 4111",Consultancy Services,2/12/2024,55000,Squiz Australia Pty Ltd,"Sydney, Nsw",No,,,,,,,,,,395624,,,,,,
,Griffith University,"170 Kessels Road, Nathan Qld 4111",Consultancy Services,2/12/2024,15000,Tailored Editing Services,"Forest Lake, Qld",No,,,,,,,,,,395621,,,,,,
,Griffith University,"170 Kessels Road, Nathan Qld 4111",Consultancy Services,2/12/2024,20207,Verticurl Marketing Services Pty Ltd,"Millers Point, Nsw",No,,,,,,,,,,395649,,,,,,
,Griffith University,"170 Kessels Road, Nathan Qld 4111",Laboratory Consumables,3/12/2024,84592,Biotools Pty Ltd,"Keperra, Qld",No,,,,,,,,,,395719,,,,,,
,Griffith University,"170 Kessels Road, Nathan Qld 4111",Reference Materials,3/12/2024,55774,Bmj Publishing Group Ltd,Uk,No,,,,,,,,,,2103238,,,,,,
,Griffith University,"170 Kessels Road, Nathan Qld 4111",External Course Delivery,3/12/2024,20800,City University Of Macau,Macau,No,,,,,,,,,,2104981,,,,,,
,Griffith University,"170 Kessels Road, Nathan Qld 4111",Reference Materials,3/12/2024,162213,Clarivate Analytics (Uk) Limited,Uk,No,,,,,,,,,,2104292,,,,,,
,Griffith University,"170 Kessels Road, Nathan Qld 4111",Subscription/Licence Fees Software,3/12/2024,46690,Class Technologies Inc,Usa,Yes,,,,,,,,,,GU-2775,,,,,,
,Griffith University,"170 Kessels Road, Nathan Qld 4111",Accreditation Fees,3/12/2024,37818,Council Of Pharmacy Register Authorities,"Civic Square, Qct",No,,,,,,,,,,2103513,,,,,,
,Griffith University,"170 Kessels Road, Nathan Qld 4111",Building Construction & Maintenance,3/12/2024,10582,Crown Mechanical Electrical Pty Ltd,"Rochedale South, Qld",No,,,,,,,,,,395715,,,,,,
,Griffith University,"170 Kessels Road, Nathan Qld 4111",Consultancy Services,3/12/2024,10340,Customer Service Benchmarking Australia,"Collins Street West, Vic",No,,,,,,,,,,395728,,,,,,
,Griffith University,"170 Kessels Road, Nathan Qld 4111",Building Construction & Maintenance,3/12/2024,37406,Descab Pty Ltd T/A Qld Multi Trades,"Tingalpa, Qld",No,,,,,,,,,,395669,,,,,,
,Griffith University,"170 Kessels Road, Nathan Qld 4111",Subscription/Licence Fees Software,3/12/2024,2041576,Endpoint Iq,"Toowong, Qld",No,,Open,,,,,,,,GU-2790,,,,,,
,Griffith University,"170 Kessels Road, Nathan Qld 4111",Memberships/Subscriptions,3/12/2024,39210,English Language Testing Limited,Uk,No,,,,,,,,,,395730,,,,,,
,Griffith University,"170 Kessels Road, Nathan Qld 4111",Reference Materials,3/12/2024,38727,Euromonitor International Ltd.,Uk,No,,,,,,,,,,2104145,,,,,,
,Griffith University,"170 Kessels Road, Nathan Qld 4111",Building Construction & Maintenance,3/12/2024,32698,Holmes Australia Limited Partnership,"Fortitude Valley, Qld",No,,,,,,,,,,395701,,,,,,
,Griffith University,"170 Kessels Road, Nathan Qld 4111",Marketing Fees,3/12/2024,23100,Idp Education Pty Ltd,"Melbourne, Vic",No,,,,,,,,,,2106542,,,,,,
,Griffith University,"170 Kessels Road, Nathan Qld 4111",Reference Materials,3/12/2024,36207,Igroup (Australasia) Pty Ltd,"Melbourne, Vic",No,,,,,,,,,,2103240,,,,,,
,Griffith University,"170 Kessels Road, Nathan Qld 4111",External Course Delivery,3/12/2024,39774,Lena Passi Women'S Shelter (Assoc. Inc),"Thursday Island, Qld",No,,,,,,,,,,2105943,,,,,,
,Griffith University,"170 Kessels Road, Nathan Qld 4111",Memberships/Subscriptions,3/12/2024,11388,Nationwide News Pty. Limited,"Surry Hills, Nsw",No,,,,,,,,,,2106140,,,,,,
,Griffith University,"170 Kessels Road, Nathan Qld 4111",Consultancy Services,3/12/2024,22000,Outside Opinion Pty Ltd,"St Andrews Beach, Vic",No,,,,,,,,,,2105632,,,,,,
,Griffith University,"170 Kessels Road, Nathan Qld 4111",Building Construction & Maintenance,3/12/2024,168254,Raylinc Agencies Pty Ltd,"Acacia Ridge, Qld",No,,,,,,,,,,395671,,,,,,
,Griffith University,"170 Kessels Road, Nathan Qld 4111",Subscription/Licence Fees Software,3/12/2024,14496,"Roboflow, Inc.",Usa,No,,,,,,,,,,395680,,,,,,
,Griffith University,"170 Kessels Road, Nathan Qld 4111",Building Construction & Maintenance,3/12/2024,20405,Spearhead Engineering Pty Ltd,"Coorparoo, Qld",No,,,,,,,,,,395716,,,,,,
,Griffith University,"170 Kessels Road, Nathan Qld 4111",Consultancy Services,4/12/2024,25168,Blight Rayner Architecture Pty Ltd,"Brisbane, Qld",Yes,,,,,,,,,,395744,,,,,,
,Griffith University,"170 Kessels Road, Nathan Qld 4111",Scientific Equipment,4/12/2024,16010,Henry Schein Regional Trust,"South Brisbane, Qld",No,,,,,,,,,,395791,,,,,,
,Griffith University,"170 Kessels Road, Nathan Qld 4111",IT Equipment,4/12/2024,40016,Hewlett-Packard Australia Pty Ltd,"Blackburn, Vic",No,,,,,,,,,,395776,,,,,,
,Griffith University,"170 Kessels Road, Nathan Qld 4111",Building Construction & Maintenance,4/12/2024,100749,Otis Elevator Co Pty Ltd,"Milton, Qld",No,,,,,,,,,,395748,,,,,,
,Griffith University,"170 Kessels Road, Nathan Qld 4111",Consultancy Services,4/12/2024,17578,Peak Services Pty Ltd,"Fortitude Valley, Qld",No,,,,,,,,,,395746,,,,,,
,Griffith University,"170 Kessels Road, Nathan Qld 4111",Equipment Purchase,4/12/2024,208000,"Shenzhen Shiningrobotics Co.,Ltd.",China,No,,,,,,,,,,395750,,,,,,
,Griffith University,"170 Kessels Road, Nathan Qld 4111",Subscription/Licence Fees Software,4/12/2024,255433,Unicard Systems Pty Ltd,"St Leonards, Nsw",No,,,,,,,,,,395752,,,,,,
,Griffith University,"170 Kessels Road, Nathan Qld 4111",Consultancy Services,4/12/2024,92664,Verticurl Marketing Services Pty Ltd,"Millers Point, Nsw",No,,,,,,,,,,395745,,,,,,
,Griffith University,"170 Kessels Road, Nathan Qld 4111",Consultancy Services,5/12/2024,2811719,Accelagen Pty Ltd,"Hawthorn East, Vic",No,,Selective,,,,,,,,395825,,,,,,
,Griffith University,"170 Kessels Road, Nathan Qld 4111",Consultancy Services,5/12/2024,115206,Curtin University Of Technology,"Perth, Wa",No,,,,,,,,,,395836,,,,,,
,Griffith University,"170 Kessels Road, Nathan Qld 4111",Building Construction & Maintenance,5/12/2024,50534,Drains Kleen Pty Ltd,"Kunda Park, Qld",No,,,,,,,,,,395809,,,,,,
,Griffith University,"170 Kessels Road, Nathan Qld 4111",Building Construction & Maintenance,5/12/2024,18436,Drains Kleen Pty Ltd,"Kunda Park, Qld",No,,,,,,,,,,395810,,,,,,
,Griffith University,"170 Kessels Road, Nathan Qld 4111",Subscription/Licence Fees Software,5/12/2024,19366,Higher Ed Services Pty Ltd,"Sydney, Nsw",No,,,,,,,,,,395806,,,,,,
,Griffith University,"170 Kessels Road, Nathan Qld 4111",Scientific Equipment,5/12/2024,16424,Quipu S.R.L.,Italy,No,,,,,,,,,,395855,,,,,,
,Griffith University,"170 Kessels Road, Nathan Qld 4111",Event Expenditure,5/12/2024,12788,The Leaf Kitchen,"Gold Coast, Qld",No,,,,,,,,,,395811,,,,,,
,Griffith University,"170 Kessels Road, Nathan Qld 4111",Legal Fees,5/12/2024,11000,Thomson Geer,"Brisbane, Qld",No,,,,,,,,,,395838,,,,,,
,Griffith University,"170 Kessels Road, Nathan Qld 4111",Promotional Items,6/12/2024,23892,Adcall Promotions,"Mount Ommaney, Qld",No,,,,,,,,,,395862,,,,,,
,Griffith University,"170 Kessels Road, Nathan Qld 4111",Building Construction & Maintenance,6/12/2024,69318,Airmaster Corporation Pty Ltd,"Mansfield, Qld",No,,,,,,,,,,395894,,,,,,
,Griffith University,"170 Kessels Road, Nathan Qld 4111",Memberships/Subscriptions,6/12/2024,11406,Australian Access Federation Ltd,"Brisbane, Qld",No,,,,,,,,,,395867,,,,,,
,Griffith University,"170 Kessels Road, Nathan Qld 4111",Equipment Maintenance,6/12/2024,13936,Beckman Coulter Australia P/L,"Lane Cove, Nsw",No,,,,,,,,,,395878,,,,,,
,Griffith University,"170 Kessels Road, Nathan Qld 4111",Furniture,6/12/2024,24402,Bizfurn Express Australia Pty Ltd,"Yandina, Qld",No,,,,,,,,,,395902,,,,,,
,Griffith University,"170 Kessels Road, Nathan Qld 4111",Chemical/Biological Products,6/12/2024,13151,Global Life Sciences Solutions Australia,"Lane Cove, Nsw",No,,,,,,,,,,395871,,,,,,
,Griffith University,"170 Kessels Road, Nathan Qld 4111",Building Construction & Maintenance,6/12/2024,4181672,Intrec Management (Qld) Pty Ltd,"Milton, Qld",No,,Selective,,,,,,,,395892,,,,,,
,Griffith University,"170 Kessels Road, Nathan Qld 4111",Software Support Maintenance,6/12/2024,10626,New Data Solutions Pty Ltd,"Scarborough, Qld",No,,,,,,,,,,395896,,,,,,
,Griffith University,"170 Kessels Road, Nathan Qld 4111",Building Construction & Maintenance,6/12/2024,52531,Plumbrite Solutions Pty. Ltd.,"Cleveland, Qld",No,,,,,,,,,,395889,,,,,,
,Griffith University,"170 Kessels Road, Nathan Qld 4111",Building Construction & Maintenance,6/12/2024,12265,Plumbrite Solutions Pty. Ltd.,"Cleveland, Qld",No,,,,,,,,,,395890,,,,,,
,Griffith University,"170 Kessels Road, Nathan Qld 4111",Consultancy Services,6/12/2024,58177,Point & Click Solutions Inc,Usa,No,,,,,,,,,,395895,,,,,,
,Griffith University,"170 Kessels Road, Nathan Qld 4111",Pathology Expenditure,7/12/2024,21645,Aust Nuclear Science & Tech Org -Ansto,"Kirrawee Dc, Nsw",No,,,,,,,,,,395924,,,,,,
,Griffith University,"170 Kessels Road, Nathan Qld 4111",Building Construction & Maintenance,9/12/2024,424531,A1 Building & Property Solutions Pty Ltd,"The Gap, Qld",No,,,,,,,,,,395942,,,,,,
,Griffith University,"170 Kessels Road, Nathan Qld 4111",Scientific Equipment,9/12/2024,549939,Global Life Sciences Solutions Australia,"Lane Cove, Nsw",No,,Limited,"b - (ii) For the protection of patents, copyrights or other exclusive rights which can only be supplied by a particular supplier and no reasonable alternative exists",,,,,,,395943,,,,,,
,Griffith University,"170 Kessels Road, Nathan Qld 4111",Building Construction & Maintenance,9/12/2024,22912,Main Constructions Pty Ltd,"Loganholme, Qld",No,,,,,,,,,,395935,,,,,,
,Griffith University,"170 Kessels Road, Nathan Qld 4111",Consultancy Services,9/12/2024,15400,Penjai Sompongchaiyakul,Thailand,No,,,,,,,,,,395937,,,,,,
,Griffith University,"170 Kessels Road, Nathan Qld 4111",Promotional Items,9/12/2024,70609,Queensland T-Shirt Company,"Kedron, Qld",No,,,,,,,,,,395940,,,,,,
,Griffith University,"170 Kessels Road, Nathan Qld 4111",Building Construction & Maintenance,9/12/2024,24888,Versalux Lighting Systems Pty Ltd,"North Mitchcam, Vic",No,,,,,,,,,,395938,,,,,,
,Griffith University,"170 Kessels Road, Nathan Qld 4111",Subscription/Licence Fees Software,10/12/2024,40700,Campus Plus Pty Ltd,"Moore Street City, Act",No,,,,,,,,,,GU-2798,,,,,,
,Griffith University,"170 Kessels Road, Nathan Qld 4111",Scientific Equipment,10/12/2024,127144,Newspec Digital Labs Pty Ltd,"Perth, Wa",No,,,,,,,,,,395947,,,,,,
,Griffith University,"170 Kessels Road, Nathan Qld 4111",Equipment Maintenance,10/12/2024,11293,Nissin Dental Products,Netherlands,No,,,,,,,,,,395948,,,,,,
,Griffith University,"170 Kessels Road, Nathan Qld 4111",Scientific Equipment,10/12/2024,330000,Trendbio Pty Ltd,"Preston, Vic",No,,,,,,,,,,395946,,,,,,
,Griffith University,"170 Kessels Road, Nathan Qld 4111",Consultancy Services,10/12/2024,134717,Vivo Group Pty Ltd,"Paddington, Qld",No,,,,,,,,,,395949,,,,,,
,Griffith University,"170 Kessels Road, Nathan Qld 4111",Building Construction & Maintenance,11/12/2024,28932,A1 Building & Property Solutions Pty Ltd,"The Gap, Qld",No,,,,,,,,,,2107310,,,,,,
,Griffith University,"170 Kessels Road, Nathan Qld 4111",Consultancy Services,11/12/2024,104418,Acer - Aust Council For Edu Research Ltd,"Camberwell, Vic",No,,,,,,,,,,2107025,,,,,,
,Griffith University,"170 Kessels Road, Nathan Qld 4111",Reference Materials,11/12/2024,56008,Allium Uk Holding Ltd,Uk,No,,,,,,,,,,2106713,,,,,,
,Griffith University,"170 Kessels Road, Nathan Qld 4111",Consultancy Services,11/12/2024,11000,Apisalome Movono T/A Bay Consultants,Fiji,No,,,,,,,,,,2108925,,,,,,
,Griffith University,"170 Kessels Road, Nathan Qld 4111",Insurance,11/12/2024,329322,Arthur J. Gallagher & Co (Aus) Limited,"North Sydney, Nsw",No,,,,,,,,,,2108544,,,,,,
,Griffith University,"170 Kessels Road, Nathan Qld 4111",External Course Delivery,11/12/2024,23909,Australian Academy Of Technological,"Kingston, Act",No,,,,,,,,,,2104622,,,,,,
,Griffith University,"170 Kessels Road, Nathan Qld 4111",Consultancy Services,11/12/2024,14548,Australian National University,"Acton, Act",No,,,,,,,,,,2105532,,,,,,
,Griffith University,"170 Kessels Road, Nathan Qld 4111",Reference Materials,11/12/2024,50000,Cambridge University Press,"Port Melbourne, Vic",No,,,,,,,,,,2106172,,,,,,
,Griffith University,"170 Kessels Road, Nathan Qld 4111",Memberships/Subscriptions,11/12/2024,13244,Caudit,"Kingston, Act",No,,,,,,,,,,2103231,,,,,,
,Griffith University,"170 Kessels Road, Nathan Qld 4111",Reference Materials,11/12/2024,50970,Clarivate Analytics (Uk) Limited,Uk,No,,,,,,,,,,2104430,,,,,,
,Griffith University,"170 Kessels Road, Nathan Qld 4111",External Course Delivery,11/12/2024,25735,Corporate Prepaid Cards Pty Ltd,"Balmain, Nsw",No,,,,,,,,,,2103968,,,,,,
,Griffith University,"170 Kessels Road, Nathan Qld 4111",External Course Delivery,11/12/2024,17856,Corporate Prepaid Cards Pty Ltd,"Balmain, Nsw",No,,,,,,,,,,2104247,,,,,,
,Griffith University,"170 Kessels Road, Nathan Qld 4111",Reference Materials,11/12/2024,39211,Council Of Aust. University Librarians,"Deakin, Act",No,,,,,,,,,,2104140,,,,,,
,Griffith University,"170 Kessels Road, Nathan Qld 4111",Reference Materials,11/12/2024,50179,Council Of Aust. University Librarians,"Deakin, Act",No,,,,,,,,,,2104408,,,,,,
,Griffith University,"170 Kessels Road, Nathan Qld 4111",Reference Materials,11/12/2024,90714,Council Of Aust. University Librarians,"Deakin, Act",No,,,,,,,,,,2104728,,,,,,
,Griffith University,"170 Kessels Road, Nathan Qld 4111",Reference Materials,11/12/2024,26816,Council Of Aust. University Librarians,"Deakin, Act",No,,,,,,,,,,2105043,,,,,,
,Griffith University,"170 Kessels Road, Nathan Qld 4111",Reference Materials,11/12/2024,159044,Council Of Aust. University Librarians,"Deakin, Act",No,,,,,,,,,,2105044,,,,,,
,Griffith University,"170 Kessels Road, Nathan Qld 4111",Reference Materials,11/12/2024,30050,Council Of Aust. University Librarians,"Deakin, Act",No,,,,,,,,,,2105186,,,,,,
,Griffith University,"170 Kessels Road, Nathan Qld 4111",Reference Materials,11/12/2024,28208,Council Of Aust. University Librarians,"Deakin, Act",No,,,,,,,,,,2105199,,,,,,
,Griffith University,"170 Kessels Road, Nathan Qld 4111",Reference Materials,11/12/2024,20813,Council Of Aust. University Librarians,"Deakin, Act",No,,,,,,,,,,2105201,,,,,,
,Griffith University,"170 Kessels Road, Nathan Qld 4111",Reference Materials,11/12/2024,32676,Council Of Aust. University Librarians,"Deakin, Act",No,,,,,,,,,,2105202,,,,,,
,Griffith University,"170 Kessels Road, Nathan Qld 4111",Reference Materials,11/12/2024,12624,Council Of Aust. University Librarians,"Deakin, Act",No,,,,,,,,,,2105349,,,,,,
,Griffith University,"170 Kessels Road, Nathan Qld 4111",Reference Materials,11/12/2024,58826,Council Of Aust. University Librarians,"Deakin, Act",No,,,,,,,,,,2105379,,,,,,
,Griffith University,"170 Kessels Road, Nathan Qld 4111",Reference Materials,11/12/2024,244438,Council Of Aust. University Librarians,"Deakin, Act",No,,,,,,,,,,2105837,,,,,,
,Griffith University,"170 Kessels Road, Nathan Qld 4111",Reference Materials,11/12/2024,24495,Council Of Aust. University Librarians,"Deakin, Act",No,,,,,,,,,,2105847,,,,,,
,Griffith University,"170 Kessels Road, Nathan Qld 4111",Reference Materials,11/12/2024,49354,Council Of Aust. University Librarians,"Deakin, Act",No,,,,,,,,,,2106507,,,,,,
,Griffith University,"170 Kessels Road, Nathan Qld 4111",Reference Materials,11/12/2024,138574,Council Of Aust. University Librarians,"Deakin, Act",No,,,,,,,,,,2106697,,,,,,
,Griffith University,"170 Kessels Road, Nathan Qld 4111",Reference Materials,11/12/2024,318239,Council Of Aust. University Librarians,"Deakin, Act",No,,,,,,,,,,2106700,,,,,,
,Griffith University,"170 Kessels Road, Nathan Qld 4111",Reference Materials,11/12/2024,108259,Council Of Aust. University Librarians,"Deakin, Act",No,,,,,,,,,,2108496,,,,,,
,Griffith University,"170 Kessels Road, Nathan Qld 4111",Memberships/Subscriptions,11/12/2024,12878,Council Of Australian Postgraduate Assoc,"Southbank, Vic",No,,,,,,,,,,2108043,,,,,,
,Griffith University,"170 Kessels Road, Nathan Qld 4111",Consultancy Services,11/12/2024,56210,Directors Australia,"Brisbane City, Qld",No,,,,,,,,,,2108747,,,,,,
,Griffith University,"170 Kessels Road, Nathan Qld 4111",Reference Materials,11/12/2024,14311,Ebsco International Inc,"North Sydney, Nsw",No,,,,,,,,,,2105047,,,,,,
,Griffith University,"170 Kessels Road, Nathan Qld 4111",Reference Materials,11/12/2024,53769,Ebsco International Inc,"North Sydney, Nsw",No,,,,,,,,,,2105048,,,,,,
,Griffith University,"170 Kessels Road, Nathan Qld 4111",Reference Materials,11/12/2024,11230,Ebsco International Inc,"North Sydney, Nsw",No,,,,,,,,,,2105197,,,,,,
,Griffith University,"170 Kessels Road, Nathan Qld 4111",Reference Materials,11/12/2024,393329,Ebsco International Inc,"North Sydney, Nsw",No,,,,,,,,,,2105510 2105949,,,,,,
,Griffith University,"170 Kessels Road, Nathan Qld 4111",Reference Materials,11/12/2024,19022,Ebsco International Inc,"North Sydney, Nsw",No,,,,,,,,,,2106714,,,,,,
,Griffith University,"170 Kessels Road, Nathan Qld 4111",Reference Materials,11/12/2024,91626,Elsevier Inc.,Usa,No,,,,,,,,,,GU-2735,,,,,,
,Griffith University,"170 Kessels Road, Nathan Qld 4111",Reference Materials,11/12/2024,39244,Emerald Publishing Limited,Uk,No,,,,,,,,,,2104967,,,,,,
,Griffith University,"170 Kessels Road, Nathan Qld 4111",Consultancy Services,11/12/2024,23870,Ensemble Q,"St Lucia, Qld",No,,,,,,,,,,2107990,,,,,,
,Griffith University,"170 Kessels Road, Nathan Qld 4111",Event Expenditure,11/12/2024,14388,Extreme Marquees Pty Ltd,"Brendale Bc, Qld",No,,,,,,,,,,2108841,,,,,,
,Griffith University,"170 Kessels Road, Nathan Qld 4111",Patent Application Fee,11/12/2024,12178,Fb Rice Pty Ltd,"Sydney South, Nsw",No,,,,,,,,,,2108517,,,,,,
,Griffith University,"170 Kessels Road, Nathan Qld 4111",Cleaning Services,11/12/2024,17380,Flick Anticimex Pty Ltd,"Archerfield, Qld",No,,,,,,,,,,395969,,,,,,
,Griffith University,"170 Kessels Road, Nathan Qld 4111",Building Construction & Maintenance,11/12/2024,29873,Froth Build Pty Ltd,"Palm Beach, Qld",No,,,,,,,,,,2108827,,,,,,
,Griffith University,"170 Kessels Road, Nathan Qld 4111",Reference Materials,11/12/2024,65049,Igroup (Australasia) Pty Ltd,"Melbourne, Vic",No,,,,,,,,,,2106400,,,,,,
,Griffith University,"170 Kessels Road, Nathan Qld 4111",Reference Materials,11/12/2024,79718,John Wiley & Sons Australia Ltd,"Milton, Qld",No,,,,,,,,,,2106690,,,,,,
,Griffith University,"170 Kessels Road, Nathan Qld 4111",Reference Materials,11/12/2024,16422,John Wiley & Sons Australia Ltd,"Milton, Qld",No,,,,,,,,,,2106691,,,,,,
,Griffith University,"170 Kessels Road, Nathan Qld 4111",Reference Materials,11/12/2024,71267,John Wiley & Sons Australia Ltd,"Milton, Qld",No,,,,,,,,,,2106692,,,,,,
,Griffith University,"170 Kessels Road, Nathan Qld 4111",Reference Materials,11/12/2024,10979,Kluwer Law International B.V.,Netherlands,No,,,,,,,,,,2108743,,,,,,
,Griffith University,"170 Kessels Road, Nathan Qld 4111",Reference Materials,11/12/2024,27139,Ma Healthcare Limited,Uk,No,,,,,,,,,,GU-2777 GU-3295,,,,,,
,Griffith University,"170 Kessels Road, Nathan Qld 4111",Reference Materials,11/12/2024,17362,Mcgraw Hill Llc,Usa,No,,,,,,,,,,2106549,,,,,,
,Griffith University,"170 Kessels Road, Nathan Qld 4111",Reference Materials,11/12/2024,25215,Mcgraw Hill Llc,usa,No,,,,,,,,,,2106550,,,,,,
,Griffith University,"170 Kessels Road, Nathan Qld 4111",Scientific Equipment,11/12/2024,10449,Metrohm Australia Pty Limited,"Ryde, Nsw",No,,,,,,,,,,395970,,,,,,
,Griffith University,"170 Kessels Road, Nathan Qld 4111",Consultancy Services,11/12/2024,31350,Montroc Pty Ltd,"Hughes, Act",No,,,,,,,,,,2109086,,,,,,
,Griffith University,"170 Kessels Road, Nathan Qld 4111",Reference Materials,11/12/2024,29600,Nearmap Australia Pty Ltd,"Barangaroo, Nsw",No,,,,,,,,,,2106539,,,,,,
,Griffith University,"170 Kessels Road, Nathan Qld 4111",Consultancy Services,11/12/2024,90000,"Open Techiz Co., Jsc",Vietnam,No,,,,,,,,,,395968,,,,,,
,Griffith University,"170 Kessels Road, Nathan Qld 4111",Reference Materials,11/12/2024,578897,Ovid Technologies Inc.,Usa,No,,Limited,b - (iii) The absence of competition for technical reasons which can only be supplied by a particular supplier and no reasonable alternative exists,,,,,,,2104269,,,,,,
,Griffith University,"170 Kessels Road, Nathan Qld 4111",Reference Materials,11/12/2024,53849,Ovid Technologies Inc.,Usa,No,,,,,,,,,,2105985,,,,,,
,Griffith University,"170 Kessels Road, Nathan Qld 4111",Reference Materials,11/12/2024,413221,Oxford University Press Uk,Uk,No,,,,,,,,,,GU-2810,,,,,,
,Griffith University,"170 Kessels Road, Nathan Qld 4111",Reference Materials,11/12/2024,52981,Proquest Llc,Usa,No,,,,,,,,,,2104742,,,,,,
,Griffith University,"170 Kessels Road, Nathan Qld 4111",Reference Materials,11/12/2024,540717,Proquest Llc,Usa,No,,Limited,b - (iii) The absence of competition for technical reasons which can only be supplied by a particular supplier and no reasonable alternative exists,,,,,,,GU-2732,,,,,,
,Griffith University,"170 Kessels Road, Nathan Qld 4111",Building Construction & Maintenance,11/12/2024,13910,Rural Medical Education Australia Ltd,"Toowoomba, Qld",No,,,,,,,,,,2105179,,,,,,
,Griffith University,"170 Kessels Road, Nathan Qld 4111",Building Construction & Maintenance,11/12/2024,32393,Rural Medical Education Australia Ltd,"Toowoomba, Qld",No,,,,,,,,,,2106401,,,,,,
,Griffith University,"170 Kessels Road, Nathan Qld 4111",Consultancy Services,11/12/2024,24475,Sao Khue Consulting And Development Join,Vietnam,No,,,,,,,,,,2107213,,,,,,
,Griffith University,"170 Kessels Road, Nathan Qld 4111",Field Trip Expenses (Excursions),11/12/2024,25451,Second Nature Asia Pacific Pty Ltd,"Elanora, Qld",No,,,,,,,,,,2105745,,,,,,
,Griffith University,"170 Kessels Road, Nathan Qld 4111",Reference Materials,11/12/2024,325137,Springer Nature Bv,Germany,No,,,,,,,,,,2105180,,,,,,
,Griffith University,"170 Kessels Road, Nathan Qld 4111",Reference Materials,11/12/2024,269055,Springer Nature Bv,Germany,No,,,,,,,,,,2105948,,,,,,
,Griffith University,"170 Kessels Road, Nathan Qld 4111",Reference Materials,11/12/2024,390968,Springer Nature Bv,Germany,No,,,,,,,,,,2107306,,,,,,
,Griffith University,"170 Kessels Road, Nathan Qld 4111",Reference Materials,11/12/2024,38562,Therapeutic Guidelines Ltd,"Melbourne, Vic",No,,,,,,,,,,2105496,,,,,,
,Griffith University,"170 Kessels Road, Nathan Qld 4111",Consultancy Services,11/12/2024,11802,Translational Research Institute Pty Ltd,"Woolloongabba, Qld",No,,,,,,,,,,2106710,,,,,,
,Griffith University,"170 Kessels Road, Nathan Qld 4111",Reference Materials,11/12/2024,132174,Uptodate Inc.,Usa,No,,,,,,,,,,GU-2778,,,,,,
,Griffith University,"170 Kessels Road, Nathan Qld 4111",Legal Fees,12/12/2024,32489,Hwl Ebsworth Lawyers,"Brisbane, Qld",No,,,,,,,,,,2108691,,,,,,
,Griffith University,"170 Kessels Road, Nathan Qld 4111",Event Expenditure,13/12/2024,26100,Twin Towns Services Club Ltd,"Tweed Heads, Nsw",No,,,,,,,,,,2112761 2159321,,,,,,
,Griffith University,"170 Kessels Road, Nathan Qld 4111",Chemical/Biological Products,6/01/2025,14601,Assay Matrix Pty Ltd,"Clyde North, Vic",No,,,,,,,,,,395998,,,,,,
,Griffith University,"170 Kessels Road, Nathan Qld 4111",Building Construction & Maintenance,6/01/2025,195543,Natura Pacific Pty Ltd,"Burleigh Heads, Qld",No,,,,,,,,,,396000,,,,,,
,Griffith University,"170 Kessels Road, Nathan Qld 4111",Consultancy Services,6/01/2025,28498,Nri Australia Limited,"West Perth, Wa",No,,,,,,,,,,396012,,,,,,
,Griffith University,"170 Kessels Road, Nathan Qld 4111",Scientific Equipment,6/01/2025,14267,Scitek Australia Pty Ltd,"Milsons Point, Nsw",No,,,,,,,,,,396001,,,,,,
,Griffith University,"170 Kessels Road, Nathan Qld 4111",Marketing Fees,6/01/2025,26576,Two Good Signs,"Stafford, Qld",No,,,,,,,,,,396006,,,,,,
,Griffith University,"170 Kessels Road, Nathan Qld 4111",Equipment Maintenance,7/01/2025,137237,A1 Building & Property Solutions Pty Ltd,"The Gap, Qld",No,,,,,,,,,,396026,,,,,,
,Griffith University,"170 Kessels Road, Nathan Qld 4111",Consultancy Services,7/01/2025,58650,Brisbane Digital Co,"Albany Creek, Qld",No,,,,,,,,,,396024,,,,,,
,Griffith University,"170 Kessels Road, Nathan Qld 4111",Consultancy Services,7/01/2025,33390,Envirovet Consultancy,"MAROOCHY RIVER, QLD",No,,,,,,,,,,2110047,,,,,,
,Griffith University,"170 Kessels Road, Nathan Qld 4111",Building Construction & Maintenance,7/01/2025,14991,John Barnes & Co (Qld) Pty Ltd,"SALISBURY, QLD",No,,,,,,,,,,2109414,,,,,,
,Griffith University,"170 Kessels Road, Nathan Qld 4111",Building Construction & Maintenance,8/01/2025,419935,Apollo Property Group,"Fortitude Valley, Qld",No,,,,,,,,,,396056,,,,,,
,Griffith University,"170 Kessels Road, Nathan Qld 4111",Cleaning Services,8/01/2025,14300,Ashmore Commercial Laundry,"Molendinar, Qld",No,,,,,,,,,,396036,,,,,,
,Griffith University,"170 Kessels Road, Nathan Qld 4111",Laboratory Consumables,8/01/2025,29755,Auchtek International Pty Ltd,"Carindale, Qld",No,,,,,,,,,,396034,,,,,,
,Griffith University,"170 Kessels Road, Nathan Qld 4111",Marketing Fees,8/01/2025,15490,Essencemediacom Australia Pty Limited,"South Brisbane, Qld",No,,,,,,,,,,396055,,,,,,
,Griffith University,"170 Kessels Road, Nathan Qld 4111",Hire/Lease Fees,8/01/2025,220000,Gold Coast Convention & Exhibition Centr,"Broadbeach, Qld",No,,,,,,,,,,396049,,,,,,
,Griffith University,"170 Kessels Road, Nathan Qld 4111",Consultancy Services,8/01/2025,55000,Mitchell River Traditional Custodian,"Corinda, Qld",No,,,,,,,,,,396035,,,,,,
,Griffith University,"170 Kessels Road, Nathan Qld 4111",Building Construction & Maintenance,8/01/2025,173817,Wilson Architects,"Spring Hill, Qld",No,,,,,,,,,,396051,,,,,,
,Griffith University,"170 Kessels Road, Nathan Qld 4111",Building Construction & Maintenance,9/01/2025,27500,A1 Building & Property Solutions Pty Ltd,"The Gap, Qld",No,,,,,,,,,,396091,,,,,,
,Griffith University,"170 Kessels Road, Nathan Qld 4111",Equipment Maintenance,9/01/2025,17559,Alder Constructions Pty Ltd,"Helensvale, Qld",No,,,,,,,,,,396070,,,,,,
,Griffith University,"170 Kessels Road, Nathan Qld 4111",Memberships/Subscriptions,9/01/2025,18150,Australian University Sport,"Milton, Qld",No,,,,,,,,,,396058,,,,,,
,Griffith University,"170 Kessels Road, Nathan Qld 4111",Scientific Equipment,9/01/2025,85620,Axt Pty Ltd,"Warriewood, Nsw",No,,,,,,,,,,396062,,,,,,
,Griffith University,"170 Kessels Road, Nathan Qld 4111",Subscription/Licence Fees Software,9/01/2025,17560,Imagineering Australia Pty Ltd,"North Sydney, Nsw",No,,,,,,,,,,396071,,,,,,
,Griffith University,"170 Kessels Road, Nathan Qld 4111",Security Services,9/01/2025,18700,Spotless Facility Services Pty Ltd,"Melbourne, Vic",No,,,,,,,,,,396096,,,,,,
,Griffith University,"170 Kessels Road, Nathan Qld 4111",Building Construction & Maintenance,13/01/2025,21945,Jones Lang Lasalle (Qld) Pty Limited,"Brisbane City, Qld",No,,,,,,,,,,396135,,,,,,
,Griffith University,"170 Kessels Road, Nathan Qld 4111",Subscription/Licence Fees Software,13/01/2025,18343,"Rosalind, Inc.",Usa,No,,,,,,,,,,396126,,,,,,
,Griffith University,"170 Kessels Road, Nathan Qld 4111",Equipment Maintenance,14/01/2025,174199,Alder Constructions Pty Ltd,"Helensvale, Qld",Yes,,,,,,,,,,396151,,,,,,
,Griffith University,"170 Kessels Road, Nathan Qld 4111",Accreditation Fees,14/01/2025,75658,Australian Medical Council Limited,"Canberra, ACT",No,,,,,,,,,,2111505,,,,,,
,Griffith University,"170 Kessels Road, Nathan Qld 4111",Equipment Maintenance,14/01/2025,30360,Bligh Tanner Pty Ltd,"Fortitude Valley, Qld",No,,,,,,,,,,396149,,,,,,
,Griffith University,"170 Kessels Road, Nathan Qld 4111",Marketing Fees,14/01/2025,20900,Coevent Pty Ltd,"Mudgeeraba, QLD",No,,,,,,,,,,2111517,,,,,,
,Griffith University,"170 Kessels Road, Nathan Qld 4111",Memberships/Subscriptions,14/01/2025,41800,Council Of Aust. University Librarians,"Deakin, ACT",No,,,,,,,,,,2110695,,,,,,
,Griffith University,"170 Kessels Road, Nathan Qld 4111",Software Support Maintenance,14/01/2025,17354,Data #3 Limited,"Indooroopilly, QLD",No,,,,,,,,,,2109917,,,,,,
,Griffith University,"170 Kessels Road, Nathan Qld 4111",Software Support Maintenance,14/01/2025,15246,Data #3 Limited,"Indooroopilly, QLD",No,,,,,,,,,,2109922,,,,,,
,Griffith University,"170 Kessels Road, Nathan Qld 4111",Audit Fees,14/01/2025,69300,Grant Thornton Australia Limited,"Brisbane, QLD",No,,,,,,,,,,2110658,,,,,,
,Griffith University,"170 Kessels Road, Nathan Qld 4111",Subscription/Licence Fees Software,14/01/2025,20523,Leap Australia Pty Ltd,"Manly, Nsw",No,,,,,,,,,,396167,,,,,,
,Griffith University,"170 Kessels Road, Nathan Qld 4111",Memberships/Subscriptions,14/01/2025,11660,University Of New South Wales,"Sydney, NSW",No,,,,,,,,,,2110696,,,,,,
,Griffith University,"170 Kessels Road, Nathan Qld 4111",Audio Visual Equipment,14/01/2025,1609578,Videopro Pty Ltd,"Eagle Farm, Qld",No,,Limited,"i - Strictly necessary for reasons of extreme urgency brought about by events unforeseeable by the procuring entity, the good or service could not be obtained in time by means of open or selective tendering",,,,,,,396147,,,,,,
,Griffith University,"170 Kessels Road, Nathan Qld 4111",Equipment Maintenance,15/01/2025,22000,Automated Logic Australia Pty Ltd,"Capalaba, Qld",No,,,,,,,,,,396211,,,,,,
,Griffith University,"170 Kessels Road, Nathan Qld 4111",Equipment Maintenance,15/01/2025,12264,Bruker Pty Ltd,"Alexandria, Nsw",No,,,,,,,,,,396188,,,,,,
,Griffith University,"170 Kessels Road, Nathan Qld 4111",Marketing Fees,15/01/2025,53900,Cpx Pty Ltd,"Newmarket, Kelvin Grove Bc, Qld",No,,,,,,,,,,396178,,,,,,
,Griffith University,"170 Kessels Road, Nathan Qld 4111",Consultancy Services,15/01/2025,361158,Deloitte Consulting Pty Limited,"Brisbane, Qld",No,,,,,,,,,,396187,,,,,,
,Griffith University,"170 Kessels Road, Nathan Qld 4111",Consultancy Services,15/01/2025,56430,Focus Professional Services Pty Ltd,"Brisbane, Qld",No,,,,,,,,,,396203,,,,,,
,Griffith University,"170 Kessels Road, Nathan Qld 4111",Consultancy Services,15/01/2025,227040,Focus Professional Services Pty Ltd,"Brisbane, Qld",No,,,,,,,,,,396204,,,,,,
,Griffith University,"170 Kessels Road, Nathan Qld 4111",Consultancy Services,15/01/2025,74195,Focus Professional Services Pty Ltd,"Brisbane, Qld",No,,,,,,,,,,396205,,,,,,
,Griffith University,"170 Kessels Road, Nathan Qld 4111",Laboratory Consumables,15/01/2025,33000,Sterilizer Validation Australia,"Robina, Qld",No,,,,,,,,,,396183,,,,,,
,Griffith University,"170 Kessels Road, Nathan Qld 4111",Merchant Fees,16/01/2025,29400,Cybs Singapore Pte Ltd,Singapore,No,,,,,,,,,,396241,,,,,,
,Griffith University,"170 Kessels Road, Nathan Qld 4111",Electricity / Gas Supply,16/01/2025,110000,Elgas Limited,"Sydney, Nsw",No,,,,,,,,,,396282,,,,,,
,Griffith University,"170 Kessels Road, Nathan Qld 4111",Building Construction & Maintenance,16/01/2025,330000,Fire E.M.T. Pty Ltd,"Burpengary, Qld",No,,,,,,,,,,241111,,,,,,
,Griffith University,"170 Kessels Road, Nathan Qld 4111",Equipment Maintenance,16/01/2025,141131,Froth Build Pty Ltd,"Palm Beach, Qld",Yes,,,,,,,,,,396284 2129853,,,,,,
,Griffith University,"170 Kessels Road, Nathan Qld 4111",Laboratory Consumables,16/01/2025,15400,Labcabs Pty Ltd,"Cannon Hill, Qld",No,,,,,,,,,,396244,,,,,,
,Griffith University,"170 Kessels Road, Nathan Qld 4111",Chemical/Biological Products,16/01/2025,13200,New England Biolabs Pty Ltd,"Notting Hill, Vic",No,,,,,,,,,,396235,,,,,,
,Griffith University,"170 Kessels Road, Nathan Qld 4111",Electricity / Gas Supply,16/01/2025,44000,Origin Energy,"Adelaide, Sa",No,,,,,,,,,,396280,,,,,,
,Griffith University,"170 Kessels Road, Nathan Qld 4111",Electricity / Gas Supply,16/01/2025,19800,Origin Energy,"Adelaide, Sa",No,,,,,,,,,,396281,,,,,,
,Griffith University,"170 Kessels Road, Nathan Qld 4111",Chemical/Biological Products,16/01/2025,33000,Ozgene Arc Pty Ltd,"Bentley, Wa",No,,,,,,,,,,396249,,,,,,
,Griffith University,"170 Kessels Road, Nathan Qld 4111",Chemical/Biological Products,16/01/2025,88000,Ozgene Arc Pty Ltd,"Bentley, Wa",No,,,,,,,,,,396251,,,,,,
,Griffith University,"170 Kessels Road, Nathan Qld 4111",Chemical/Biological Products,16/01/2025,220000,Ozgene Arc Pty Ltd,"Bentley, Wa",No,,,,,,,,,,396253,,,,,,
,Griffith University,"170 Kessels Road, Nathan Qld 4111",Chemical/Biological Products,16/01/2025,33000,Ozgene Arc Pty Ltd,"Bentley, Wa",No,,,,,,,,,,396254,,,,,,
,Griffith University,"170 Kessels Road, Nathan Qld 4111",Subscription/Licence Fees Software,16/01/2025,824997,Tealium Australia Pty Ltd,Usa,No,,Open,,,,,,,,396234,,,,,,
,Griffith University,"170 Kessels Road, Nathan Qld 4111",Health & Safety Expenses,16/01/2025,13200,Team Medical Supplies,"Dural, Nsw",No,,,,,,,,,,396276,,,,,,
,Griffith University,"170 Kessels Road, Nathan Qld 4111",Health & Safety Expenses,16/01/2025,13200,Team Medical Supplies,"Dural, Nsw",No,,,,,,,,,,396277,,,,,,
,Griffith University,"170 Kessels Road, Nathan Qld 4111",Health & Safety Expenses,16/01/2025,55000,Team Medical Supplies,"Dural, Nsw",No,,,,,,,,,,396278,,,,,,
,Griffith University,"170 Kessels Road, Nathan Qld 4111",Health & Safety Expenses,16/01/2025,44000,Team Medical Supplies,"Dural, Nsw",No,,,,,,,,,,396279,,,,,,
,Griffith University,"170 Kessels Road, Nathan Qld 4111",Audit Fees,16/01/2025,31763,Trustee For Hughes Fincher Practicetrust,"Melbourne, Vic",No,,,,,,,,,,396233,,,,,,
,Griffith University,"170 Kessels Road, Nathan Qld 4111",Equipment Maintenance,17/01/2025,22000,Asap Glass Pty Ltd,"Nerang, Qld",No,,,,,,,,,,396298,,,,,,
,Griffith University,"170 Kessels Road, Nathan Qld 4111",Cleaning Services,17/01/2025,16500,Ashmore Commercial Laundry,"Molendinar, Qld",No,,,,,,,,,,396314,,,,,,
,Griffith University,"170 Kessels Road, Nathan Qld 4111",Subscription/Licence Fees Software,17/01/2025,30129,Clarivate Analytics (Uk) Limited,Uk,No,,,,,,,,,,396305,,,,,,
,Griffith University,"170 Kessels Road, Nathan Qld 4111",Subscription/Licence Fees Software,17/01/2025,80700,Code Systems Corporation,"Seattle, Wa",No,,,,,,,,,,396325,,,,,,
,Griffith University,"170 Kessels Road, Nathan Qld 4111",Consultancy Services,17/01/2025,22000,Curtin University Of Technology,"Perth, Wa",No,,,,,,,,,,396315,,,,,,
,Griffith University,"170 Kessels Road, Nathan Qld 4111",Laboratory Consumables,17/01/2025,33567,Fuseco,"Moorabbin, Vic",No,,,,,,,,,,396328,,,,,,
,Griffith University,"170 Kessels Road, Nathan Qld 4111",Subscription/Licence Fees Software,17/01/2025,73221,Lastpass Australia Pty. Ltd.,"Sydney, Nsw",No,,,,,,,,,,396306,,,,,,
,Griffith University,"170 Kessels Road, Nathan Qld 4111",Building Construction & Maintenance,17/01/2025,32402,Pure Piping,"Bundoora, Vic",Yes,,,,,,,,,,396329,,,,,,
,Griffith University,"170 Kessels Road, Nathan Qld 4111",Health & Safety Expenses,17/01/2025,11000,Sanofi-Aventis Australia Pty Ltd,"Macquarie Park, Nsw",No,,,,,,,,,,396312,,,,,,
,Griffith University,"170 Kessels Road, Nathan Qld 4111",Equipment Purchase,17/01/2025,27685,Stellar Catering Equipment,"Glenmore Park, Nsw",No,,,,,,,,,,396303,,,,,,
,Griffith University,"170 Kessels Road, Nathan Qld 4111",Equipment Maintenance,17/01/2025,18150,The Trustee For The Rm & Jm Fuller Famil,"Coomera, Qld",No,,,,,,,,,,396292,,,,,,
,Griffith University,"170 Kessels Road, Nathan Qld 4111",Building Construction & Maintenance,17/01/2025,15510,Turner & Townsend Pty Ltd,"Brisbane, Qld",No,,,,,,,,,,396323,,,,,,
,Griffith University,"170 Kessels Road, Nathan Qld 4111",Building Construction & Maintenance,20/01/2025,60500,5Th Star Pty Ltd,"Rochedale South, Qld",No,,,,,,,,,,396363,,,,,,
,Griffith University,"170 Kessels Road, Nathan Qld 4111",Building Construction & Maintenance,20/01/2025,78650,Aegis Safety Pty Ltd,"Geebung, Qld",No,,,,,,,,,,396339,,,,,,
,Griffith University,"170 Kessels Road, Nathan Qld 4111",Equipment Maintenance,20/01/2025,102850,Airelec Electrical Services Pty Ltd,"Elanora, Qld",No,,,,,,,,,,396340,,,,,,
,Griffith University,"170 Kessels Road, Nathan Qld 4111",Equipment Maintenance,20/01/2025,24200,Anning Curtains,"Southport, Qld",No,,,,,,,,,,396345,,,,,,
,Griffith University,"170 Kessels Road, Nathan Qld 4111",Equipment Maintenance,20/01/2025,60500,Assa Abloy Entrance Systems Industrial P,"Yennora, Nsw",No,,,,,,,,,,396348,,,,,,
,Griffith University,"170 Kessels Road, Nathan Qld 4111",Equipment Maintenance,20/01/2025,36300,Bell Spec Pty Ltd T/A Southport Carpets,"Southport, Qld",No,,,,,,,,,,396358,,,,,,
,Griffith University,"170 Kessels Road, Nathan Qld 4111",Equipment Maintenance,20/01/2025,48400,Bunnings Group Limited,"Mansfield Bc, Qld",No,,,,,,,,,,396361,,,,,,
,Griffith University,"170 Kessels Road, Nathan Qld 4111",Equipment Maintenance,20/01/2025,24200,Controlstore Pty Ltd,"Hornsby, Nsw",No,,,,,,,,,,396364,,,,,,
,Griffith University,"170 Kessels Road, Nathan Qld 4111",Laboratory Consumables,20/01/2025,22000,Dentsply Sirona Pty Ltd,"Mount Waverley, Vic",No,,,,,,,,,,396333,,,,,,
,Griffith University,"170 Kessels Road, Nathan Qld 4111",Equipment Maintenance,20/01/2025,30250,Dorma Hueppe Pty Ltd,"Regents Park, Nsw",No,,,,,,,,,,396351,,,,,,
,Griffith University,"170 Kessels Road, Nathan Qld 4111",Consultancy Services,20/01/2025,11000,Fdc Consultants,"Elsternwick, Vic",No,,,,,,,,,,396342,,,,,,
,Griffith University,"170 Kessels Road, Nathan Qld 4111",Equipment Maintenance,20/01/2025,34163,Froth Build Pty Ltd,"Palm Beach, Qld",Yes,,,,,,,,,,396355 397134,,,,,,
,Griffith University,"170 Kessels Road, Nathan Qld 4111",Equipment Maintenance,20/01/2025,96800,Haymans Electrical Pty Ltd,"Archerfield, Qld",No,,,,,,,,,,396341,,,,,,
,Griffith University,"170 Kessels Road, Nathan Qld 4111",Laboratory Consumables,20/01/2025,55000,Henry Schein Regional Trust,"South Brisbane, Qld",No,,,,,,,,,,396334,,,,,,
,Griffith University,"170 Kessels Road, Nathan Qld 4111",Equipment Maintenance,20/01/2025,24200,Integra Remedial Solutions Pty Ltd,"Thorneside, Qld",No,,,,,,,,,,396346,,,,,,
,Griffith University,"170 Kessels Road, Nathan Qld 4111",Security Services,20/01/2025,72600,John Barnes & Co (Qld) Pty Ltd,"Salisbury, Qld",No,,,,,,,,,,396352,,,,,,
,Griffith University,"170 Kessels Road, Nathan Qld 4111",Building Construction & Maintenance,20/01/2025,19250,Lab Architects Pty Ltd,"Chapel Hill, Qld",No,,,,,,,,,,396370,,,,,,
,Griffith University,"170 Kessels Road, Nathan Qld 4111",Equipment Maintenance,20/01/2025,11000,Mpn Consulting Pty Limited,"Toowong, Qld",No,,,,,,,,,,396347,,,,,,
,Griffith University,"170 Kessels Road, Nathan Qld 4111",Building Construction & Maintenance,20/01/2025,88000,New Life Restorations Australia,"Murarrie, Qld",No,,,,,,,,,,396356,,,,,,
,Griffith University,"170 Kessels Road, Nathan Qld 4111",Laboratory Consumables,20/01/2025,11000,One Dental Pty Ltd,"Castle Hill, Nsw",No,,,,,,,,,,396376,,,,,,
,Griffith University,"170 Kessels Road, Nathan Qld 4111",Equipment Maintenance,20/01/2025,60500,Qld Roof Solutions Pty Ltd,"Coomera, Qld",No,,,,,,,,,,396359,,,,,,
,Griffith University,"170 Kessels Road, Nathan Qld 4111",Equipment Maintenance,20/01/2025,60500,Sabe Services Group,"Loganholme, Qld",No,,,,,,,,,,396362,,,,,,
,Griffith University,"170 Kessels Road, Nathan Qld 4111",Building Construction & Maintenance,20/01/2025,33000,Samios Plumbing Pty Ltd,"Pinkenba, Qld",No,,,,,,,,,,396360,,,,,,
,Griffith University,"170 Kessels Road, Nathan Qld 4111",Building Construction & Maintenance,20/01/2025,27500,Specialist Sales Pty Ltd,"Toowoomba, Qld",No,,,,,,,,,,396354,,,,,,
,Griffith University,"170 Kessels Road, Nathan Qld 4111",Promotional Items,20/01/2025,12100,Totally Workwear Slacks Creek,"Slacks Creek, Qld",No,,,,,,,,,,396349,,,,,,
,Griffith University,"170 Kessels Road, Nathan Qld 4111",Building Construction & Maintenance,20/01/2025,55000,Value Added Asset Management Pty Ltd,"Darra, Qld",No,,,,,,,,,,396353,,,,,,
,Griffith University,"170 Kessels Road, Nathan Qld 4111",Building Construction & Maintenance,21/01/2025,11770,Bligh Tanner Pty Ltd,"Fortitude Valley, Qld",No,,,,,,,,,,396397,,,,,,
,Griffith University,"170 Kessels Road, Nathan Qld 4111",Security Services,21/01/2025,22000,Commex Communications Corporation P/L,"Windsor, Qld",No,,,,,,,,,,396403,,,,,,
,Griffith University,"170 Kessels Road, Nathan Qld 4111",Marketing Fees,21/01/2025,32712,Essencemediacom Australia Pty Limited,"South Brisbane, Qld",No,,,,,,,,,,396414,,,,,,
,Griffith University,"170 Kessels Road, Nathan Qld 4111",Commission Payment,21/01/2025,635745,Idp Education Pty Ltd,"MELBOURNE, VIC",No,,Limited,b - (iii) The absence of competition for technical reasons which can only be supplied by a particular supplier and no reasonable alternative exists,,,,,,,2112182,,,,,,
,Griffith University,"170 Kessels Road, Nathan Qld 4111",Consultancy Services,21/01/2025,27500,Monash University,"MONASH UNIVERSITY, VIC",No,,,,,,,,,,2112309,,,,,,
,Griffith University,"170 Kessels Road, Nathan Qld 4111",Scientific Equipment,21/01/2025,17917,Ocean Instruments Nz Limited,NZ,No,,,,,,,,,,2112607,,,,,,
,Griffith University,"170 Kessels Road, Nathan Qld 4111",Building Construction & Maintenance,21/01/2025,19800,Philip Chun Bc Qld Pty Ltd,"City East, Qld",No,,,,,,,,,,396400,,,,,,
,Griffith University,"170 Kessels Road, Nathan Qld 4111",Building Construction & Maintenance,21/01/2025,11000,Reece Pty Ltd,"Salisbury, Qld",No,,,,,,,,,,396401,,,,,,
,Griffith University,"170 Kessels Road, Nathan Qld 4111",Equipment Maintenance,21/01/2025,22000,Richmond Signs & Designs,"Southport, Qld",No,,,,,,,,,,396402,,,,,,
,Griffith University,"170 Kessels Road, Nathan Qld 4111",Building Construction & Maintenance,21/01/2025,96580,Thomson Adsett Pty Ltd,"Fortitude Valley, Qld",No,,,,,,,,,,396392,,,,,,
,Griffith University,"170 Kessels Road, Nathan Qld 4111",Equipment Maintenance,21/01/2025,22000,Trisley'S Hydraulic Services (Qld) Pty L,"Hemmant, Qld",No,,,,,,,,,,396405,,,,,,
,Griffith University,"170 Kessels Road, Nathan Qld 4111",Building Construction & Maintenance,22/01/2025,11000,Aquatrax Pty Ltd T/A Team Irrigation Sol,"Capalaba, Qld",No,,,,,,,,,,396426,,,,,,
,Griffith University,"170 Kessels Road, Nathan Qld 4111",Electricity / Gas Supply,22/01/2025,18912,Boc Limited,"Labrador, Qld",No,,,,,,,,,,396462,,,,,,
,Griffith University,"170 Kessels Road, Nathan Qld 4111",Building Construction & Maintenance,22/01/2025,11653,Civcorp Pty Ltd,"Beenleigh, Qld",No,,,,,,,,,,396420,,,,,,
,Griffith University,"170 Kessels Road, Nathan Qld 4111",Equipment Maintenance,22/01/2025,11000,Clean-Air (Aust) Pty. Ltd.,"Acacia Ridge, Qld",No,,,,,,,,,,396423,,,,,,
,Griffith University,"170 Kessels Road, Nathan Qld 4111",Consultancy Services,22/01/2025,13768,Coolmine Therapeutic Community,Ireland,No,,,,,,,,,,396424,,,,,,
,Griffith University,"170 Kessels Road, Nathan Qld 4111",Laboratory Consumables,22/01/2025,16500,Ivoclar Vivadent Pty. Ltd.,"Noble Park North, Vic",No,,,,,,,,,,396450,,,,,,
,Griffith University,"170 Kessels Road, Nathan Qld 4111",Software Support Maintenance,22/01/2025,396400,Microsoft Pty Ltd,"North Ryde, Nsw",No,,,,,,,,,,396467,,,,,,
,Griffith University,"170 Kessels Road, Nathan Qld 4111",Laboratory Consumables,22/01/2025,55000,Neoss Australia Pty Ltd,"Bowen Hills, Qld",No,,,,,,,,,,396455,,,,,,
,Griffith University,"170 Kessels Road, Nathan Qld 4111",Laboratory Consumables,22/01/2025,55000,Nsk Oceania Pty Ltd,"Rosebery, Nsw",No,,,,,,,,,,396453,,,,,,
,Griffith University,"170 Kessels Road, Nathan Qld 4111",Laboratory Consumables,22/01/2025,22000,Nsk Oceania Pty Ltd,"Rosebery, Nsw",No,,,,,,,,,,396454,,,,,,
,Griffith University,"170 Kessels Road, Nathan Qld 4111",Equipment Maintenance,22/01/2025,22000,O'Brien Glass,"Padstow, Nsw",No,,,,,,,,,,396425,,,,,,
,Griffith University,"170 Kessels Road, Nathan Qld 4111",Laboratory Consumables,22/01/2025,16500,Ormco Pty Ltd,"North Ryde, Nsw",No,,,,,,,,,,396451,,,,,,
,Griffith University,"170 Kessels Road, Nathan Qld 4111",Laboratory Consumables,22/01/2025,11550,Somnomed Limited,"Crows Nest, Nsw",No,,,,,,,,,,396452,,,,,,
,Griffith University,"170 Kessels Road, Nathan Qld 4111",Equipment Maintenance,23/01/2025,22000,Archer Glass Pty Ltd,"Mt Gravatt, Qld",No,,,,,,,,,,396504,,,,,,
,Griffith University,"170 Kessels Road, Nathan Qld 4111",Chemical/Biological Products,23/01/2025,11239,Becton Dickinson Pty Ltd,"Eight Mile Plains, Qld",No,,,,,,,,,,396480,,,,,,
,Griffith University,"170 Kessels Road, Nathan Qld 4111",Building Construction & Maintenance,23/01/2025,36300,Clean Juice Australia Pty Ltd,"Helensvale, Qld",No,,,,,,,,,,396513,,,,,,
,Griffith University,"170 Kessels Road, Nathan Qld 4111",Cleaning Services,23/01/2025,72600,Destroyr Document Shredding Pty Ltd,"Helensvale, Qld",No,,,,,,,,,,396508,,,,,,
,Griffith University,"170 Kessels Road, Nathan Qld 4111",Building Construction & Maintenance,23/01/2025,60500,Energized Electrical And Communication S,"Morningside, Qld",No,,,,,,,,,,396509,,,,,,
,Griffith University,"170 Kessels Road, Nathan Qld 4111",Building Construction & Maintenance,23/01/2025,63796,Jones Lang Lasalle (Qld) Pty Limited,"Brisbane City, Qld",No,,,,,,,,,,396506,,,,,,
,Griffith University,"170 Kessels Road, Nathan Qld 4111",Laboratory Consumables,23/01/2025,11000,Kci Medical Australia Pty Ltd,"North Ryde, Nsw",No,,,,,,,,,,396511,,,,,,
,Griffith University,"170 Kessels Road, Nathan Qld 4111",Event Expenditure,23/01/2025,22000,Metro Arts Ltd,"West End, Qld",No,,,,,,,,,,396514,,,,,,
,Griffith University,"170 Kessels Road, Nathan Qld 4111",Chemical/Biological Products,23/01/2025,14993,Stemcell Technologies Australia Holdings,"Tullamarine, Vic",No,,,,,,,,,,396486,,,,,,
,Griffith University,"170 Kessels Road, Nathan Qld 4111",Building Construction & Maintenance,24/01/2025,12100,A1 Building & Property Solutions Pty Ltd,"The Gap, Qld",No,,,,,,,,,,396557,,,,,,
,Griffith University,"170 Kessels Road, Nathan Qld 4111",Equipment Maintenance,24/01/2025,110000,All Door Solutions Pty Ltd,"Loganholme, Qld",No,,,,,,,,,,396551,,,,,,
,Griffith University,"170 Kessels Road, Nathan Qld 4111",Equipment Maintenance,24/01/2025,60500,Archipelago,"City East, Qld",No,,,,,,,,,,396543,,,,,,
,Griffith University,"170 Kessels Road, Nathan Qld 4111",Equipment Maintenance,24/01/2025,275000,Atlas Copco Australia Pty Ltd,"Seventeen Mile Rocks, Qld",No,,,,,,,,,,396548,,,,,,
,Griffith University,"170 Kessels Road, Nathan Qld 4111",Consultancy Services,24/01/2025,33000,Avanti Caloundra Pty Ltd,"Caloundra, Qld",No,,,,,,,,,,396578,,,,,,
,Griffith University,"170 Kessels Road, Nathan Qld 4111",Consultancy Services,24/01/2025,33000,Avanti Southport Pty Ltd,"Southport, Qld",No,,,,,,,,,,396580,,,,,,
,Griffith University,"170 Kessels Road, Nathan Qld 4111",Consultancy Services,24/01/2025,33000,Avanti Townsville Pty Ltd,"North Ward, Qld",No,,,,,,,,,,396581,,,,,,
,Griffith University,"170 Kessels Road, Nathan Qld 4111",Building Construction & Maintenance,24/01/2025,60500,Bligh Tanner Pty Ltd,"Fortitude Valley, Qld",No,,,,,,,,,,396544,,,,,,
,Griffith University,"170 Kessels Road, Nathan Qld 4111",Equipment Maintenance,24/01/2025,110000,Dormakaba Australia Pty Ltd,"Narre Warren, Vic",No,,,,,,,,,,396553,,,,,,
,Griffith University,"170 Kessels Road, Nathan Qld 4111",Building Construction & Maintenance,24/01/2025,330000,E.D.C. Systems Pty Ltd,"Cannon Hill, Qld",No,,,,,,,,,,396573,,,,,,
,Griffith University,"170 Kessels Road, Nathan Qld 4111",Consultancy Services,24/01/2025,11000,East West Physiotherapy Pty Ltd,"Hunters Hill, Nsw",No,,,,,,,,,,396584,,,,,,
,Griffith University,"170 Kessels Road, Nathan Qld 4111",Building Construction & Maintenance,24/01/2025,110000,Ghd Pty Ltd,"Hrmc, Nsw",No,,,,,,,,,,396554,,,,,,
,Griffith University,"170 Kessels Road, Nathan Qld 4111",Equipment Maintenance,24/01/2025,165000,Hosmed Services Pty Ltd,"Virginia, Qld",No,,,,,,,,,,396546,,,,,,
,Griffith University,"170 Kessels Road, Nathan Qld 4111",Building Construction & Maintenance,24/01/2025,33000,Hydro Vision Pty Ltd,"Capalaba, Qld",No,,,,,,,,,,396555,,,,,,
,Griffith University,"170 Kessels Road, Nathan Qld 4111",Laboratory Consumables,24/01/2025,60500,In Vitro Technologies Pty Ltd,"Noble Park, Vic",No,,,,,,,,,,396575,,,,,,
,Griffith University,"170 Kessels Road, Nathan Qld 4111",External Course Delivery,24/01/2025,28112,Irp Investments Pty Ltd,"Fortitude Valley, Qld",No,,,,,,,,,,396566,,,,,,
,Griffith University,"170 Kessels Road, Nathan Qld 4111",Equipment Maintenance,24/01/2025,220000,Jaf Australia Pty Ltd,"Yatala, Qld",No,,,,,,,,,,396547,,,,,,
,Griffith University,"170 Kessels Road, Nathan Qld 4111",Building Construction & Maintenance,24/01/2025,48400,Magnetic Automation Pty. Ltd.,"Campbellfield, Vic",No,,,,,,,,,,396542,,,,,,
,Griffith University,"170 Kessels Road, Nathan Qld 4111",Chemical/Biological Products,24/01/2025,10148,Mimotopes Pty Ltd,"Clayton South, Vic",No,,,,,,,,,,396577,,,,,,
,Griffith University,"170 Kessels Road, Nathan Qld 4111",Consultancy Services,24/01/2025,11000,Moore Health Physiotherapy And Sports In,"Redfern, Nsw",No,,,,,,,,,,396624,,,,,,
,Griffith University,"170 Kessels Road, Nathan Qld 4111",Chemical/Biological Products,24/01/2025,11000,New England Biolabs Pty Ltd,"Notting Hill, Vic",No,,,,,,,,,,396630,,,,,,
,Griffith University,"170 Kessels Road, Nathan Qld 4111",Royalties,24/01/2025,35200,Origin Theatrical Pty Ltd,"Qvb Post Office, Nsw",No,,,,,,,,,,396572,,,,,,
,Griffith University,"170 Kessels Road, Nathan Qld 4111",Hire/Lease Fees,24/01/2025,42350,Queensland Hire,"Underwood, Qld",No,,,,,,,,,,396541,,,,,,
,Griffith University,"170 Kessels Road, Nathan Qld 4111",Consultancy Services,24/01/2025,16500,Revolution Rural Health Service Pty Ltd,"East Ballina, Nsw",No,,,,,,,,,,396628,,,,,,
,Griffith University,"170 Kessels Road, Nathan Qld 4111",Equipment Maintenance,24/01/2025,110000,Robert John Shannon,Qld,No,,,,,,,,,,396552,,,,,,
,Griffith University,"170 Kessels Road, Nathan Qld 4111",Equipment Maintenance,24/01/2025,121000,Rothwells Commercial Painters Pty Ltd,"Murwillumbah, Nsw",No,,,,,,,,,,396545,,,,,,
,Griffith University,"170 Kessels Road, Nathan Qld 4111",Building Construction & Maintenance,24/01/2025,24200,Spl Security Solutions Pty Ltd,"Bundall, Qld",No,,,,,,,,,,396540,,,,,,
,Griffith University,"170 Kessels Road, Nathan Qld 4111",Laboratory Consumables,24/01/2025,267956,Straumann Pty Ltd,"Port Melbourne, Vic",No,,,,,,,,,,396574,,,,,,
,Griffith University,"170 Kessels Road, Nathan Qld 4111",Building Construction & Maintenance,24/01/2025,495000,T&M Tree Services,"Buccan, Qld",No,,,,,,,,,,396631,,,,,,
,Griffith University,"170 Kessels Road, Nathan Qld 4111",Consultancy Services,24/01/2025,16500,The Bone Clinic Pty Ltd,"Coorparoo, Qld",No,,,,,,,,,,396582,,,,,,
,Griffith University,"170 Kessels Road, Nathan Qld 4111",Consultancy Services,24/01/2025,11000,Turnerway Physiotherapy Pty Ltd,"Burleigh Heads, Qld",No,,,,,,,,,,396583,,,,,,
,Griffith University,"170 Kessels Road, Nathan Qld 4111",Building Construction & Maintenance,28/01/2025,544500,A1 Building & Property Solutions Pty Ltd,"The Gap, Qld",No,,Limited,,,,,,,,396660,,,,,,
,Griffith University,"170 Kessels Road, Nathan Qld 4111",Memberships/Subscriptions,28/01/2025,35717,Ainse Ltd,"KIRRAWEE DC, NSW",No,,,,,,,,,,2110699,,,,,,
,Griffith University,"170 Kessels Road, Nathan Qld 4111",Accreditation Fees,28/01/2025,43764,Australian Dental Council,"Law Courts, VIC",No,,,,,,,,,,2110670,,,,,,
,Griffith University,"170 Kessels Road, Nathan Qld 4111",Subscription/Licence Fees Software,28/01/2025,14181,Braemac Pty Ltd,"South Sydney Bc, Nsw",No,,,,,,,,,,396669,,,,,,
,Griffith University,"170 Kessels Road, Nathan Qld 4111",Consultancy Services,28/01/2025,83200,Chungui Cai,"ASHMORE, QLD",No,,,,,,,,,,2112180,,,,,,
,Griffith University,"170 Kessels Road, Nathan Qld 4111",Equipment Maintenance,28/01/2025,16868,Headland Machinery Pty Ltd,"East Brisbane, Qld",No,,,,,,,,,,396637,,,,,,
,Griffith University,"170 Kessels Road, Nathan Qld 4111",Marketing Fees,28/01/2025,13850,Huatong Xinnuo Int'L Cultural Exchange C,"Shanghai, ",No,,,,,,,,,,2112740,,,,,,
,Griffith University,"170 Kessels Road, Nathan Qld 4111",Reference Materials,28/01/2025,95693,Ibisworld Pty Ltd,"MELBOURNE, VIC",No,,,,,,,,,,2112550,,,,,,
,Griffith University,"170 Kessels Road, Nathan Qld 4111",Consultancy Services,28/01/2025,25080,Integress Pty Ltd,"The Gap, Qld",No,,,,,,,,,,396661,,,,,,
,Griffith University,"170 Kessels Road, Nathan Qld 4111",Consultancy Services,28/01/2025,10210,Jennifer Carpenter,Uk,No,,,,,,,,,,396656,,,,,,
,Griffith University,"170 Kessels Road, Nathan Qld 4111",Subscription/Licence Fees Software,28/01/2025,240158,Screenrights,"Neutral Bay, Nsw",No,,,,,,,,,,396668,,,,,,
,Griffith University,"170 Kessels Road, Nathan Qld 4111",Building Construction & Maintenance,28/01/2025,181500,Southport Removals Pty Ltd,"Labrador, Qld",No,,,,,,,,,,396658,,,,,,
,Griffith University,"170 Kessels Road, Nathan Qld 4111",Building Construction & Maintenance,28/01/2025,387200,Technigro Pty Ltd,"Ormeau, Qld",No,,,,,,,,,,396659,,,,,,
,Griffith University,"170 Kessels Road, Nathan Qld 4111",Building Construction & Maintenance,29/01/2025,20900,A.G. Coombs Advisory Pty Ltd,"Moorabbin, Vic",No,,,,,,,,,,396733,,,,,,
,Griffith University,"170 Kessels Road, Nathan Qld 4111",Cleaning Services,29/01/2025,121000,Ace Waste Pty. Ltd.,"Acacia Ridge, Qld",No,,,,,,,,,,396707,,,,,,
,Griffith University,"170 Kessels Road, Nathan Qld 4111",Building Construction & Maintenance,29/01/2025,539000,Airmaster Corporation Pty Ltd,"Mansfield, Qld",No,,Limited,,,,,,,,396712,,,,,,
,Griffith University,"170 Kessels Road, Nathan Qld 4111",Building Construction & Maintenance,29/01/2025,151250,Amalgamated Property Maint. Brisbane P/L,"Rochedale South, Qld",No,,,,,,,,,,396685,,,,,,
,Griffith University,"170 Kessels Road, Nathan Qld 4111",Building Construction & Maintenance,29/01/2025,165861,Brient Trade Services Pty Ltd,"Guanaba, Qld",No,,,,,,,,,,396709,,,,,,
,Griffith University,"170 Kessels Road, Nathan Qld 4111",Building Construction & Maintenance,29/01/2025,275000,Civcorp Pty Ltd,"Beenleigh, Qld",No,,,,,,,,,,396717,,,,,,
,Griffith University,"170 Kessels Road, Nathan Qld 4111",Building Construction & Maintenance,29/01/2025,495000,Cvsg Asset Services Pty Ltd,"Hendra, Qld",No,,,,,,,,,,396713,,,,,,
,Griffith University,"170 Kessels Road, Nathan Qld 4111",IT Equipment,29/01/2025,360010,Data #3 Limited,"Indooroopilly, Qld",No,,,,,,,,,,396681,,,,,,
,Griffith University,"170 Kessels Road, Nathan Qld 4111",Equipment Maintenance,29/01/2025,330000,Descab Pty Ltd T/A Qld Multi Trades,"Tingalpa, Qld",No,,,,,,,,,,396689,,,,,,
,Griffith University,"170 Kessels Road, Nathan Qld 4111",Equipment Maintenance,29/01/2025,193600,Eximm Trust,"Ashmore City, Qld",No,,,,,,,,,,396691,,,,,,
,Griffith University,"170 Kessels Road, Nathan Qld 4111",Cleaning Services,29/01/2025,145200,Flick Anticimex Pty Ltd,"Archerfield, Qld",No,,,,,,,,,,396690,,,,,,
,Griffith University,"170 Kessels Road, Nathan Qld 4111",Building Construction & Maintenance,29/01/2025,220000,Froth Build Pty Ltd,"Palm Beach, Qld",No,,,,,,,,,,396716,,,,,,
,Griffith University,"170 Kessels Road, Nathan Qld 4111",Consultancy Services,29/01/2025,13200,Global It Factory Pty. Ltd.,"Melbourne, Vic",No,,,,,,,,,,396734,,,,,,
,Griffith University,"170 Kessels Road, Nathan Qld 4111",Subscription/Licence Fees Software,29/01/2025,19077,Graphpad Software Llc,Usa,No,,,,,,,,,,396718,,,,,,
,Griffith University,"170 Kessels Road, Nathan Qld 4111",Subscription/Licence Fees Software,29/01/2025,11006,Graphpad Software Llc,Usa,No,,,,,,,,,,396719,,,,,,
,Griffith University,"170 Kessels Road, Nathan Qld 4111",Building Construction & Maintenance,29/01/2025,495000,Green Options Pty Ltd,"Botany, Nsw",No,,,,,,,,,,396714,,,,,,
,Griffith University,"170 Kessels Road, Nathan Qld 4111",Equipment Maintenance,29/01/2025,275000,Mctaggart Plumbing Pty Ltd,"Petrie, Qld",No,,,,,,,,,,396711,,,,,,
,Griffith University,"170 Kessels Road, Nathan Qld 4111",Software Support Maintenance,29/01/2025,70917,Orikan Australia Pty Ltd,"South Wharf, Vic",No,,,,,,,,,,396720,,,,,,
,Griffith University,"170 Kessels Road, Nathan Qld 4111",Equipment Maintenance,29/01/2025,417450,Otis Elevator Co Pty Ltd,"Milton, Qld",No,,,,,,,,,,396693,,,,,,
,Griffith University,"170 Kessels Road, Nathan Qld 4111",Building Construction & Maintenance,29/01/2025,495000,Programmed Maintenance Service Ltd,"Carole Park, Qld",No,,,,,,,,,,396715,,,,,,
,Griffith University,"170 Kessels Road, Nathan Qld 4111",Security Services,29/01/2025,242000,Securcom Pty Ltd,"Brendale, Qld",No,,,,,,,,,,396706,,,,,,
,Griffith University,"170 Kessels Road, Nathan Qld 4111",Equipment Maintenance,29/01/2025,121000,Steadfast Projects Pty Ltd,"Upper Kedron, Qld",No,,,,,,,,,,396687,,,,,,
,Griffith University,"170 Kessels Road, Nathan Qld 4111",Debt Collection Fees,29/01/2025,110000,The Trustee For Ampac Unit Trust,"Sydney, Nsw",No,,,,,,,,,,396684,,,,,,
,Griffith University,"170 Kessels Road, Nathan Qld 4111",Equipment Maintenance,29/01/2025,121000,Yes Fire Pty Ltd,"Yatala, Qld",No,,,,,,,,,,396708,,,,,,
,Griffith University,"170 Kessels Road, Nathan Qld 4111",Equipment Maintenance,29/01/2025,220000,Zip Heaters Aust Pty Ltd,"Bankstown, Nsw",No,,,,,,,,,,396696,,,,,,
,Griffith University,"170 Kessels Road, Nathan Qld 4111",Consultancy Services,30/01/2025,108900,Ab Agility Pty Ltd,"Ashgrove, Qld",No,,,,,,,,,,396755,,,,,,
,Griffith University,"170 Kessels Road, Nathan Qld 4111",Building Construction & Maintenance,30/01/2025,13750,Bunnings Group Limited,"Mansfield Bc, Qld",No,,,,,,,,,,396747,,,,,,
,Griffith University,"170 Kessels Road, Nathan Qld 4111",Consultancy Services,30/01/2025,13664,Monash University,"Monash University, Vic",No,,,,,,,,,,396743,,,,,,
,Griffith University,"170 Kessels Road, Nathan Qld 4111",Building Construction & Maintenance,30/01/2025,11000,O'Brien Glass,"Padstow, Nsw",No,,,,,,,,,,396753,,,,,,
,Griffith University,"170 Kessels Road, Nathan Qld 4111",Building Construction & Maintenance,30/01/2025,112640,O'Neill Architecture Pty Ltd,"Brisbane, Qld",No,,,,,,,,,,396740,,,,,,
,Griffith University,"170 Kessels Road, Nathan Qld 4111",IT Equipment,31/01/2025,17007,Data #3 Limited,"Indooroopilly, Qld",No,,,,,,,,,,396811,,,,,,
,Griffith University,"170 Kessels Road, Nathan Qld 4111",IT Equipment,31/01/2025,26123,Data #3 Limited,"Indooroopilly, Qld",No,,,,,,,,,,396812,,,,,,
,Griffith University,"170 Kessels Road, Nathan Qld 4111",Subscription/Licence Fees Software,31/01/2025,334420,Lumivero Pty Ltd,"Melbourne, Vic",No,,,,,,,,,,396789,,,,,,
,Griffith University,"170 Kessels Road, Nathan Qld 4111",Event Expenditure,31/01/2025,31988,Moo Moo 2U Catering Pty Ltd,"Brisbane City, Qld",No,,,,,,,,,,396784,,,,,,
,Griffith University,"170 Kessels Road, Nathan Qld 4111",Legal Fees,31/01/2025,88000,Rti Consultants Pty Ltd,"Dutton Park, Qld",No,,,,,,,,,,396822,,,,,,
,Griffith University,"170 Kessels Road, Nathan Qld 4111",Sporting Equipment,3/02/2025,13200,Amer Sports Australia Pty Ltd,"Braeside, Vic",No,,,,,,,,,,396833,,,,,,
,Griffith University,"170 Kessels Road, Nathan Qld 4111",Electricity / Gas Supply,3/02/2025,29700,Boc Limited,"Labrador, Qld",No,,,,,,,,,,396831,,,,,,
,Griffith University,"170 Kessels Road, Nathan Qld 4111",Equipment Purchase,3/02/2025,10738,Data #3 Limited,"Indooroopilly, Qld",No,,,,,,,,,,396837,,,,,,
,Griffith University,"170 Kessels Road, Nathan Qld 4111",Building Construction & Maintenance,3/02/2025,10379,Devcert,"North Ward, Qld",Yes,,,,,,,,,,396850,,,,,,
,Griffith University,"170 Kessels Road, Nathan Qld 4111",Sporting Equipment,3/02/2025,13200,Leisure Link (Aust) Pty Ltd,"Bankstown, Nsw",No,,,,,,,,,,396830,,,,,,
,Griffith University,"170 Kessels Road, Nathan Qld 4111",Memberships/Subscriptions,3/02/2025,45240,Qudit,"St Lucia, Qld",No,,,,,,,,,,396843,,,,,,
,Griffith University,"170 Kessels Road, Nathan Qld 4111",Equipment Maintenance,3/02/2025,15600,Steadfast Projects Pty Ltd,"Upper Kedron, Qld",No,,,,,,,,,,396852,,,,,,
,Griffith University,"170 Kessels Road, Nathan Qld 4111",Equipment Purchase,3/02/2025,58150,Sure Power,"East Brisbane, Qld",No,,,,,,,,,,396844,,,,,,
,Griffith University,"170 Kessels Road, Nathan Qld 4111",Memberships/Subscriptions,3/02/2025,13200,Tennis Brisbane,"Kedron, Qld",No,,,,,,,,,,396834,,,,,,
,Griffith University,"170 Kessels Road, Nathan Qld 4111",Memberships/Subscriptions,3/02/2025,13200,Tennis Queensland,"Graceville, Qld",No,,,,,,,,,,396829,,,,,,
,Griffith University,"170 Kessels Road, Nathan Qld 4111",Telecommunications Expenditure,4/02/2025,65678,Aarnet,"Canberra, Act",No,,,,,,,,,,2113382,,,,,,
,Griffith University,"170 Kessels Road, Nathan Qld 4111",Telecommunications Expenditure,4/02/2025,950349,Aarnet,"Canberra, Act",No,,Limited,b - (iii) The absence of competition for technical reasons which can only be supplied by a particular supplier and no reasonable alternative exists,,,,,,,2113542,,,,,,
,Griffith University,"170 Kessels Road, Nathan Qld 4111",Building Construction & Maintenance,4/02/2025,11000,Aquatic Elements Pty Ltd,"Palm Beach, Qld",No,,,,,,,,,,396877,,,,,,
,Griffith University,"170 Kessels Road, Nathan Qld 4111",Event Expenditure,4/02/2025,16253,Brisbane Multicultural Arts Centre Ltd,"Kangaroo Point, Qld",No,,,,,,,,,,2113592,,,,,,
,Griffith University,"170 Kessels Road, Nathan Qld 4111",Equipment Maintenance,4/02/2025,24778,Bruker Pty Ltd,"Alexandria, Nsw",No,,,,,,,,,,396868,,,,,,
,Griffith University,"170 Kessels Road, Nathan Qld 4111",Equipment Maintenance,4/02/2025,18480,Bruker Pty Ltd,"Alexandria, Nsw",No,,,,,,,,,,396869,,,,,,
,Griffith University,"170 Kessels Road, Nathan Qld 4111",Building Construction & Maintenance,4/02/2025,14850,Coogee Qca Pty Ltd,"Wynnum North, Qld",No,,,,,,,,,,396884,,,,,,
,Griffith University,"170 Kessels Road, Nathan Qld 4111",Scientific Equipment,4/02/2025,12269,D1 Store Pty Ltd,"Brunswick, Vic",No,,,,,,,,,,396909,,,,,,
,Griffith University,"170 Kessels Road, Nathan Qld 4111",Marketing Fees,4/02/2025,26921,Gostralia-Gomerica,Germany,No,,,,,,,,,,2113380,,,,,,
,Griffith University,"170 Kessels Road, Nathan Qld 4111",Subscription/Licence Fees Software,4/02/2025,22753,Gynzone,Denmark,No,,,,,,,,,,2111966,,,,,,
,Griffith University,"170 Kessels Road, Nathan Qld 4111",Building Construction & Maintenance,4/02/2025,35200,Halogen Pools,"Miami, Qld",No,,,,,,,,,,396883,,,,,,
,Griffith University,"170 Kessels Road, Nathan Qld 4111",Conference Expenses,4/02/2025,47464,Mta Travel,"Robina, Qld",No,,,,,,,,,,2113830,,,,,,
,Griffith University,"170 Kessels Road, Nathan Qld 4111",Chemical/Biological Products,4/02/2025,22000,New England Biolabs Pty Ltd,"Notting Hill, Vic",No,,,,,,,,,,396887,,,,,,
,Griffith University,"170 Kessels Road, Nathan Qld 4111",Reference Materials,4/02/2025,26422,Pressreader International Ltd,Dublin,No,,,,,,,,,,2111950,,,,,,
,Griffith University,"170 Kessels Road, Nathan Qld 4111",Consultancy Services,5/02/2025,13200,Allsports (Aust) Limited,"Wilston, Qld",No,,,,,,,,,,396938,,,,,,
,Griffith University,"170 Kessels Road, Nathan Qld 4111",Laboratory Consumables,5/02/2025,18700,Alphabond Dental Pty Ltd,"Willoughby, Nsw",No,,,,,,,,,,396945,,,,,,
,Griffith University,"170 Kessels Road, Nathan Qld 4111",Consultancy Services,5/02/2025,14300,Bim Physiotherapy Group Holding Limited,"Malvern, Vic",No,,,,,,,,,,396934,,,,,,
,Griffith University,"170 Kessels Road, Nathan Qld 4111",Building Construction & Maintenance,5/02/2025,13860,Certified Roofing,"Capalaba, Qld",No,,,,,,,,,,396943,,,,,,
,Griffith University,"170 Kessels Road, Nathan Qld 4111",Laboratory Consumables,5/02/2025,12650,Global Life Sciences Solutions Australia,"Lane Cove West, Nsw",No,,,,,,,,,,396933,,,,,,
,Griffith University,"170 Kessels Road, Nathan Qld 4111",Consultancy Services,5/02/2025,11000,Optimum Health Solutions (Tasmania) Pty,"Mornington, Tas",No,,,,,,,,,,396937,,,,,,
,Griffith University,"170 Kessels Road, Nathan Qld 4111",Consultancy Services,5/02/2025,22000,The Trustee For Surrey Hills Physiothera,"Surrey Hills, Vic",No,,,,,,,,,,396935,,,,,,
,Griffith University,"170 Kessels Road, Nathan Qld 4111",Hire/Lease Fees,5/02/2025,11000,Zircodata Pty Ltd,"Hawthorn, Vic",No,,,,,,,,,,396939,,,,,,
,Griffith University,"170 Kessels Road, Nathan Qld 4111",Building Construction & Maintenance,6/02/2025,59719,Airmaster Corporation Pty Ltd,"Mansfield, Qld",No,,,,,,,,,,396997,,,,,,
,Griffith University,"170 Kessels Road, Nathan Qld 4111",Software Support Maintenance,6/02/2025,227126,Crayon Australia Pty Ltd,"North Sydney, Nsw",No,,,,,,,,,,396972,,,,,,
,Griffith University,"170 Kessels Road, Nathan Qld 4111",Software Support Maintenance,6/02/2025,23980,Crayon Australia Pty Ltd,"North Sydney, Nsw",No,,,,,,,,,,396973,,,,,,
,Griffith University,"170 Kessels Road, Nathan Qld 4111",Building Construction & Maintenance,6/02/2025,14220,Formula Interiors Pty Ltd,"Coorparoo Dc, Qld",No,,,,,,,,,,396988,,,,,,
,Griffith University,"170 Kessels Road, Nathan Qld 4111",Software Support Maintenance,6/02/2025,484330,Integral Technology Solutions Pty Ltd,"Spring Hill, Qld",No,,,,,,,,,,396971,,,,,,
,Griffith University,"170 Kessels Road, Nathan Qld 4111",Consultancy Services,6/02/2025,16940,Mercer Consulting (Australia) Pty Ltd,"Melbourne, Vic",No,,,,,,,,,,396968,,,,,,
,Griffith University,"170 Kessels Road, Nathan Qld 4111",Building Construction & Maintenance,6/02/2025,245839,Suncoast Asphalt Pty Ltd,"Narangba, Qld",Yes,,,,,,,,,,396993,,,,,,
,Griffith University,"170 Kessels Road, Nathan Qld 4111",Scientific Equipment,6/02/2025,142890,Waters Australia Pty Limited,"Dundas, Nsw",No,,,,,,,,,,396986,,,,,,
,Griffith University,"170 Kessels Road, Nathan Qld 4111",Building Construction & Maintenance,6/02/2025,29810,Wt Partnership,"Brisbane, Qld",No,,,,,,,,,,396979 397021,,,,,,
,Griffith University,"170 Kessels Road, Nathan Qld 4111",Scientific Equipment,7/02/2025,16544,Fluidquip Australia,"Blaxland, Nsw",No,,,,,,,,,,397018,,,,,,
,Griffith University,"170 Kessels Road, Nathan Qld 4111",Scientific Equipment,7/02/2025,22978,Sartorius Australia Pty Ltd,"Dandenong South, Vic",No,,,,,,,,,,397013,,,,,,
,Griffith University,"170 Kessels Road, Nathan Qld 4111",Legal Fees,7/02/2025,192720,Source Services Pty Ltd,"Sydney, Nsw",No,,,,,,,,,,397006 399357,,,,,,
,Griffith University,"170 Kessels Road, Nathan Qld 4111",Consultancy Services,7/02/2025,11000,Urbis Pty Ltd,"Brisbane, Qld",No,,,,,,,,,,397003,,,,,,
,Griffith University,"170 Kessels Road, Nathan Qld 4111",Building Construction & Maintenance,10/02/2025,505450,Acor Consultants Pty Ltd,"St Leonards, Nsw",No,,Selective,,,,,,,,397064,,,,,,
,Griffith University,"170 Kessels Road, Nathan Qld 4111",Consultancy Services,10/02/2025,450000,Mandorla Limited,Uk,No,,,,,,,,,,397062,,,,,,
,Griffith University,"170 Kessels Road, Nathan Qld 4111",Subscription/Licence Fees Software,10/02/2025,288200,Refinitiv Australia Pty Limited,"Sydney, Nsw",No,,,,,,,,,,397034,,,,,,
,Griffith University,"170 Kessels Road, Nathan Qld 4111",Electricity / Gas Supply,11/02/2025,11000,Boc Limited,"Labrador, Qld",No,,,,,,,,,,397131,,,,,,
,Griffith University,"170 Kessels Road, Nathan Qld 4111",Event Expenditure,11/02/2025,385000,Brisbane Convention And Exhibition Centr,"South Bank Brisbane, Qld",No,,,,,,,,,,397139,,,,,,
,Griffith University,"170 Kessels Road, Nathan Qld 4111",Memberships/Subscriptions,11/02/2025,11471,Efmd Aisbl,Belgium,No,,,,,,,,,,2113010,,,,,,
,Griffith University,"170 Kessels Road, Nathan Qld 4111",Memberships/Subscriptions,11/02/2025,49864,Medical Deans Australia & Nz Inc,"Sydney, Nsw",No,,,,,,,,,,2113541,,,,,,
,Griffith University,"170 Kessels Road, Nathan Qld 4111",Building Construction & Maintenance,11/02/2025,55000,Qld Coastal Plumbing Services Pty Ltd,"Burleigh Heads, Qld",No,,,,,,,,,,397132,,,,,,
,Griffith University,"170 Kessels Road, Nathan Qld 4111",Building Construction & Maintenance,11/02/2025,25620,Qld Coastal Plumbing Services Pty Ltd,"Burleigh Heads, Qld",No,,,,,,,,,,397135,,,,,,
,Griffith University,"170 Kessels Road, Nathan Qld 4111",Building Construction & Maintenance,11/02/2025,70050,Steadfast Projects Pty Ltd,"Upper Kedron, Qld",Yes,,,,,,,,,,397137,,,,,,
,Griffith University,"170 Kessels Road, Nathan Qld 4111",Consultancy Services,11/02/2025,83345,The Trustee For The S&C Brisbane Executi,"Wheelers Hill, Vic",No,,,,,,,,,,397106,,,,,,
,Griffith University,"170 Kessels Road, Nathan Qld 4111",Event Expenditure,11/02/2025,51423,Thrl Pty Ltd,"Grandschester, Qld",No,,,,,,,,,,397136,,,,,,
,Griffith University,"170 Kessels Road, Nathan Qld 4111",Building Construction & Maintenance,12/02/2025,15950,Aquatic Elements Pty Ltd,"Palm Beach, Qld",No,,,,,,,,,,397164,,,,,,
,Griffith University,"170 Kessels Road, Nathan Qld 4111",Equipment Maintenance,12/02/2025,16577,Integra Remedial Solutions Pty Ltd,"Thorneside, Qld",Yes,,,,,,,,,,397162,,,,,,
,Griffith University,"170 Kessels Road, Nathan Qld 4111",Legal Fees,12/02/2025,110000,Mccullough Robertson Lawyers,"Brisbane, Qld",No,,,,,,,,,,397158,,,,,,
,Griffith University,"170 Kessels Road, Nathan Qld 4111",Equipment Maintenance,12/02/2025,19745,Sdf Electrical Pty Ltd,"Sunnybank Hills, Qld",No,,,,,,,,,,397193,,,,,,
,Griffith University,"170 Kessels Road, Nathan Qld 4111",Cleaning Services,13/02/2025,18409,Advanced Works Services Pty Ltd,"Holland Park West, Qld",No,,,,,,,,,,397198,,,,,,
,Griffith University,"170 Kessels Road, Nathan Qld 4111",Subscription/Licence Fees Software,13/02/2025,263702,Cyon Knowledge Computing Pty Ltd Technology One,"Fortitude Valley, Qld",Yes,,,,,,,,,,GU-2846,,,,,,
,Griffith University,"170 Kessels Road, Nathan Qld 4111",Subscription/Licence Fees Software,13/02/2025,15814,Fdc Consultants,"Elsternwick, Vic",No,,,,,,,,,,397236,,,,,,
,Griffith University,"170 Kessels Road, Nathan Qld 4111",Building Construction & Maintenance,13/02/2025,19415,Mctaggart Plumbing Pty Ltd,"Petrie, Qld",No,,,,,,,,,,397202,,,,,,
,Griffith University,"170 Kessels Road, Nathan Qld 4111",Building Construction & Maintenance,13/02/2025,34739,Skypanel (Aust) Pty Ltd,"Burleigh Waters, Qld",No,,,,,,,,,,397223,,,,,,
,Griffith University,"170 Kessels Road, Nathan Qld 4111",Subscription/Licence Fees Software,13/02/2025,17154,Small Steps Labs Llc,Usa,No,,,,,,,,,,397200,,,,,,
,Griffith University,"170 Kessels Road, Nathan Qld 4111",Software Support Maintenance,13/02/2025,66154,Starrez Global Pty Ltd,"West Melbourne, Vic",No,,,,,,,,,,397237,,,,,,
,Griffith University,"170 Kessels Road, Nathan Qld 4111",Building Construction & Maintenance,14/02/2025,51731,Airmaster Corporation Pty Ltd,"Mansfield, Qld",No,,,,,,,,,,397249,,,,,,
,Griffith University,"170 Kessels Road, Nathan Qld 4111",Building Construction & Maintenance,14/02/2025,27082,Arnold Electrical & Data Installations P,"Salisbury, Qld",No,,,,,,,,,,397266,,,,,,
,Griffith University,"170 Kessels Road, Nathan Qld 4111",Equipment Purchase,14/02/2025,11412,Jb Hi Fi Group Pty Ltd,"Macgregor, Qld",No,,,,,,,,,,397246,,,,,,
,Griffith University,"170 Kessels Road, Nathan Qld 4111",Building Construction & Maintenance,14/02/2025,12584,Tw Denman Pty Ltd,"Ashmore, Qld",No,,,,,,,,,,397265,,,,,,
,Griffith University,"170 Kessels Road, Nathan Qld 4111",Scientific Equipment,15/02/2025,28175,Brightside Scientific Pty Ltd,"Tuggerah, Nsw",No,,,,,,,,,,397271,,,,,,
,Griffith University,"170 Kessels Road, Nathan Qld 4111",Consultancy Services,17/02/2025,133085,Bangladesh Agricultural University,Bangladesh,Yes,,,,,,,,,,397313,,,,,,
,Griffith University,"170 Kessels Road, Nathan Qld 4111",Consultancy Services,17/02/2025,59745,Nri Australia Limited,"West Perth, Wa",No,,,,,,,,,,397292,,,,,,
,Griffith University,"170 Kessels Road, Nathan Qld 4111",Scientific Equipment,17/02/2025,12839,Xylem Water Solutions Australia Ltd,"Mansfield, Qld",No,,,,,,,,,,397290,,,,,,
,Griffith University,"170 Kessels Road, Nathan Qld 4111",Scientific Equipment,18/02/2025,23865,Anton Paar Australia Pty Ltd,"Macquarie Park, Nsw",No,,,,,,,,,,397323,,,,,,
,Griffith University,"170 Kessels Road, Nathan Qld 4111",Subscription/Licence Fees Software,18/02/2025,183361,Cybercx Pty Ltd,"Melbourne, Vic",No,,,,,,,,,,397353,,C01236,,,,
,Griffith University,"170 Kessels Road, Nathan Qld 4111",Building Construction & Maintenance,18/02/2025,18985,Dewpoint Air,"Newmarket, Qld",No,,,,,,,,,,397320,,,,,,
,Griffith University,"170 Kessels Road, Nathan Qld 4111",Consultancy Services,18/02/2025,105357,Institute Of Water Resources Planning,Vietnam ,No,,,,,,,,,,2115099,,,,,,
,Griffith University,"170 Kessels Road, Nathan Qld 4111",Subscription/Licence Fees Software,18/02/2025,29139,Recollective Inc.,Usa,No,,,,,,,,,,397351,,,,,,
,Griffith University,"170 Kessels Road, Nathan Qld 4111",Consultancy Services,18/02/2025,26312,Sea World Foundation,"Oxenford, Qld",No,,,,,,,,,,2115967,,,,,,
,Griffith University,"170 Kessels Road, Nathan Qld 4111",Subscription/Licence Fees Software,18/02/2025,45600,The Ambassador Platform Ltd,Uk,No,,,,,,,,,,397325,,,,,,
,Griffith University,"170 Kessels Road, Nathan Qld 4111",Consultancy Services,18/02/2025,28779,The Trustee For Northwest Healthcare Aus,"Melbourne, Vic",No,,,,,,,,,,2113219,,,,,,
,Griffith University,"170 Kessels Road, Nathan Qld 4111",Event Expenditure,18/02/2025,16663,Voco Orchard Singapore,Singapore,No,,,,,,,,,,397321,,,,,,
,Griffith University,"170 Kessels Road, Nathan Qld 4111",Marketing Fees,19/02/2025,49060,Cox Rayner Architects,"Brisbane, Qld",No,,,,,,,,,,397355,,,,,,
,Griffith University,"170 Kessels Road, Nathan Qld 4111",Subscription/Licence Fees Software,20/02/2025,22012,Planet Labs Pbc,Usa,No,,,,,,,,,,397366,,,,,,
,Griffith University,"170 Kessels Road, Nathan Qld 4111",Scientific Equipment,20/02/2025,66000,Thermo Fisher Scientific Australia,"Scoresby, Vic",No,,,,,,,,,,397363,,,,,,
,Griffith University,"170 Kessels Road, Nathan Qld 4111",Laboratory Consumables,21/02/2025,18770,Biotools Pty Ltd,"Keperra, Qld",No,,,,,,,,,,397429,,,,,,
,Griffith University,"170 Kessels Road, Nathan Qld 4111",Scientific Equipment,21/02/2025,70620,Capsugel Australia Pty Ltd,"Norwest, Nsw",No,,,,,,,,,,397419,,,,,,
,Griffith University,"170 Kessels Road, Nathan Qld 4111",Event Expenditure,21/02/2025,18282,Emporium Hotel Management Pty Ltd,"South Brisbane, Qld",No,,,,,,,,,,397409,,,,,,
,Griffith University,"170 Kessels Road, Nathan Qld 4111",Equipment Maintenance,21/02/2025,47465,Henry Schein Regional Trust,"South Brisbane, Qld",No,,,,,,,,,,397394,,,,,,
,Griffith University,"170 Kessels Road, Nathan Qld 4111",Furniture,21/02/2025,20977,Innerspace (Qld) Seating & Systems Pty.,"Salisbury, Qld",No,,,,,,,,,,397412,,,,,,
,Griffith University,"170 Kessels Road, Nathan Qld 4111",Health & Safety Expenses,21/02/2025,132000,Lifeline Direct Limited,"Warrnambool, Vic",No,,,,,,,,,,397385,,,,,,
,Griffith University,"170 Kessels Road, Nathan Qld 4111",Software Support Maintenance,21/02/2025,17442,Oracle Corporation Australia Pty Ltd,"Sydney, Nsw",No,,,,,,,,,,397374,,,,,,
,Griffith University,"170 Kessels Road, Nathan Qld 4111",Software Support Maintenance,21/02/2025,23590,Oracle Corporation Australia Pty Ltd,"Sydney, Nsw",No,,,,,,,,,,397375,,,,,,
,Griffith University,"170 Kessels Road, Nathan Qld 4111",Building Construction & Maintenance,21/02/2025,14696,Pitch Black Engineering,"Brisbane, Qld",No,,,,,,,,,,397392,,,,,,
,Griffith University,"170 Kessels Road, Nathan Qld 4111",Subscription/Licence Fees Software,21/02/2025,50790,Smartsheet Inc.,Usa,No,,,,,,,,,,397373,,,,,,
,Griffith University,"170 Kessels Road, Nathan Qld 4111",Equipment Maintenance,21/02/2025,39636,Tecniplast Australia Pty Limited,"Lane Cove, Nsw",No,,,,,,,,,,397465,,,,,,
,Griffith University,"170 Kessels Road, Nathan Qld 4111",Consultancy Services,21/02/2025,15125,Virage Consultancy,"Yeronga, Qld",No,,,,,,,,,,397372,,,,,,
,Griffith University,"170 Kessels Road, Nathan Qld 4111",Subscription/Licence Fees Software,24/02/2025,15703,Getty Images Sales Australia Pty Ltd,"St Leonards, Nsw",No,,,,,,,,,,397490,,,,,,
,Griffith University,"170 Kessels Road, Nathan Qld 4111",Building Construction & Maintenance,25/02/2025,21721,A1 Building & Property Solutions Pty Ltd,"The Gap, Qld",No,,,,,,,,,,397522,,,,,,
,Griffith University,"170 Kessels Road, Nathan Qld 4111",Memberships/Subscriptions,25/02/2025,20198,Association Of Australian Medical Resear,"Parkville, Vic",No,,,,,,,,,,2115462,,,,,,
,Griffith University,"170 Kessels Road, Nathan Qld 4111",Scientific Equipment,25/02/2025,100701,Avt Services Pty Ltd,"Seven Hills, Nsw",No,,,,,,,,,,397536,,,,,,
,Griffith University,"170 Kessels Road, Nathan Qld 4111",Legal Fees,25/02/2025,14085,Clayton Utz,"Canberra, Act",No,,,,,,,,,,2116836 2116837,,,,,,
,Griffith University,"170 Kessels Road, Nathan Qld 4111",External Course Delivery,25/02/2025,67485,Common Purpose Student Experiences Limit,"South Melbourne, Vic",No,,,,,,,,,,2114179,,,,,,
,Griffith University,"170 Kessels Road, Nathan Qld 4111",Subscription/Licence Fees Software,25/02/2025,338976,Icad Consultants Pty Ltd,"Bridgeman Downs, Qld",No,,,,,,,,,,397520,,,,,,
,Griffith University,"170 Kessels Road, Nathan Qld 4111",Scientific Equipment,25/02/2025,67511,Lastek Pty Ltd,"Thebarton, Sa",No,,,,,,,,,,397538,,,,,,
,Griffith University,"170 Kessels Road, Nathan Qld 4111",Conference Expenses,25/02/2025,75787,Miramo Private Limited,India ,No,,,,,,,,,,2116959,,,,,,
,Griffith University,"170 Kessels Road, Nathan Qld 4111",Building Construction & Maintenance,25/02/2025,21028,O'Brien Glass,"Padstow, Nsw",No,,,,,,,,,,397532,,,,,,
,Griffith University,"170 Kessels Road, Nathan Qld 4111",Hire/Lease Fees,25/02/2025,46200,Queensland Hire,"Underwood, Qld",No,,,,,,,,,,397533,,,,,,
,Griffith University,"170 Kessels Road, Nathan Qld 4111",Subscription/Licence Fees Software,25/02/2025,67797,Ready Education Llc,Usa,No,,,,,,,,,,397519,,,,,,
,Griffith University,"170 Kessels Road, Nathan Qld 4111",Event Expenditure,25/02/2025,13200,Snowy Joey,"Bald Hills, Qld",No,,,,,,,,,,397534,,,,,,
,Griffith University,"170 Kessels Road, Nathan Qld 4111",Accreditation Fees,25/02/2025,13142,Speech Pathology Australia,"Melbourne, Vic",No,,,,,,,,,,2114145,,,,,,
,Griffith University,"170 Kessels Road, Nathan Qld 4111",Memberships/Subscriptions,25/02/2025,240939,Universities Australia,"Canberra, Act",No,,,,,,,,,,2116825 2142525,,,,,,
,Griffith University,"170 Kessels Road, Nathan Qld 4111",Consultancy Services,26/02/2025,88000,App Corporation Pty Limited,"Sydney, Nsw",No,,,,,,,,,,397606,,,,,,
,Griffith University,"170 Kessels Road, Nathan Qld 4111",Laboratory Consumables,26/02/2025,10463,B Braun Australia Pty Ltd,"Baulkham Hills Bc, Nsw",No,,,,,,,,,,397592,,,,,,
,Griffith University,"170 Kessels Road, Nathan Qld 4111",Scientific Equipment,26/02/2025,10065,Norland Support Group,Usa,No,,,,,,,,,,397578,,,,,,
,Griffith University,"170 Kessels Road, Nathan Qld 4111",Equipment Maintenance,26/02/2025,12426,Trotec Laser Pty Ltd,"Loganholme, Qld",No,,,,,,,,,,397573,,,,,,
,Griffith University,"170 Kessels Road, Nathan Qld 4111",Audio Visual Equipment,26/02/2025,11061,Videopro Pty Ltd,"Eagle Farm, Qld",No,,,,,,,,,,397574,,,,,,
,Griffith University,"170 Kessels Road, Nathan QLD 4111",Subscription/Licence Fees Software,27/02/2025,47318,Asana Software Australia Pty Ltd,"Sydney, Nsw",Yes,,,,,,,,,,GU-2877,,,,,,
,Griffith University,"170 Kessels Road, Nathan Qld 4111",Consultancy Services,27/02/2025,11000,Bim Physiotherapy Group Holding Limited,"Alphington, Qld",No,,,,,,,,,,397611,,,,,,
,Griffith University,"170 Kessels Road, Nathan Qld 4111",Building Construction & Maintenance,27/02/2025,18147,Certified Roofing,"Capalaba, Qld",No,,,,,,,,,,397650,,,,,,
,Griffith University,"170 Kessels Road, Nathan Qld 4111",Software Support Maintenance,27/02/2025,159385,Flexdata Solutions Pty Ltd,"Brisbane, Qld",No,,,,,,,,,,397654,,,,,,
,Griffith University,"170 Kessels Road, Nathan Qld 4111",Scientific Equipment,27/02/2025,22966,"Jiangsu Lebo Scientific Instrument Co.,L",China,No,,,,,,,,,,397638,,,,,,
,Griffith University,"170 Kessels Road, Nathan Qld 4111",Building Construction & Maintenance,27/02/2025,106524,Lab Architects Pty Ltd,"Chapel Hill, Qld",No,,,,,,,,,,397634,,,,,,
,Griffith University,"170 Kessels Road, Nathan Qld 4111",Scientific Equipment,27/02/2025,300000,Photothermal Spectroscopy Corp.,Usa,No,,,,,,,,,,397636,,,,,,
,Griffith University,"170 Kessels Road, Nathan Qld 4111",Subscription/Licence Fees Software,27/02/2025,14444,Pluralsight Llc,Usa,No,,,,,,,,,,397656,,,,,,
,Griffith University,"170 Kessels Road, Nathan Qld 4111",Laboratory Consumables,27/02/2025,16221,Risystem Ag,Switerland,No,,,,,,,,,,397635,,,,,,
,Griffith University,"170 Kessels Road, Nathan Qld 4111",Building Construction & Maintenance,27/02/2025,56793,Rowles Time Management,"West End, Qld",No,,,,,,,,,,397630,,,,,,
,Griffith University,"170 Kessels Road, Nathan Qld 4111",Building Construction & Maintenance,27/02/2025,2547111,Ryan Wilks Pty. Ltd.,Qld,No,,Selective,,,,,,,,397652,,,,,,
,Griffith University,"170 Kessels Road, Nathan Qld 4111",Consultancy Services,27/02/2025,180125,Troocoo Pty Ltd,"Brisbane, Qld",No,,,,,,,,,,397632,,,,,,
,Griffith University,"170 Kessels Road, Nathan Qld 4111",Debt Collection Fees,28/02/2025,55000,Citec,"Brisbane, Qld",No,,,,,,,,,,397668,,,,,,
,Griffith University,"170 Kessels Road, Nathan Qld 4111",Building Construction & Maintenance,28/02/2025,12019,Data #3 Limited,"Indooroopilly, Qld",No,,,,,,,,,,397704,,,,,,
,Griffith University,"170 Kessels Road, Nathan Qld 4111",Freight Fees,28/02/2025,66000,Dhl Express (Australia) Pty Ltd,"Eagle Farm, Qld",No,,,,,,,,,,397680,,,,,,
,Griffith University,"170 Kessels Road, Nathan Qld 4111",Building Construction & Maintenance,28/02/2025,22000,Geleon Pty Ltd,"Nerang, Qld",No,,,,,,,,,,397670,,,,,,
,Griffith University,"170 Kessels Road, Nathan Qld 4111",Vehicle Maintenance,28/02/2025,38500,Grand Motors,"Gold Coast, Qld",No,,,,,,,,,,397671,,,,,,
,Griffith University,"170 Kessels Road, Nathan Qld 4111",Equipment Maintenance,28/02/2025,10684,Huntress Electrical Solutions Pty Ltd,"Camira, Qld",No,,,,,,,,,,397667,,,,,,
,Griffith University,"170 Kessels Road, Nathan Qld 4111",Equipment Maintenance,28/02/2025,27380,Jeol (Australasia) Pty Ltd,"Frenchs Forest, Nsw",No,,,,,,,,,,397683,,,,,,
,Griffith University,"170 Kessels Road, Nathan Qld 4111",Vehicle Maintenance,28/02/2025,13200,Oldmac Toyota,"Springwood, Qld",No,,,,,,,,,,397672,,,,,,
,Griffith University,"170 Kessels Road, Nathan Qld 4111",Building Construction & Maintenance,28/02/2025,33000,Pothole People Qld,"Hemmant, Qld",No,,,,,,,,,,397669,,,,,,
,Griffith University,"170 Kessels Road, Nathan Qld 4111",Subscription/Licence Fees Software,28/02/2025,33600,Smartsheet Inc.,Usa,No,,,,,,,,,,397689,,,,,,
,Griffith University,"170 Kessels Road, Nathan Qld 4111",Event Expenditure,28/02/2025,40913,"The Langham, Hong Kong",Hong Kong,No,,,,,,,,,,397674,,,,,,
,Griffith University,"170 Kessels Road, Nathan Qld 4111",Vehicle Maintenance,28/02/2025,44000,Tyre & Auto Pty Ltd,"Sunnybank, Qld",No,,,,,,,,,,397673,,,,,,
,Griffith University,"170 Kessels Road, Nathan Qld 4111",Building Construction & Maintenance,28/02/2025,51865,Wormald Australia Pty Ltd,"Murarrie, Qld",No,,,,,,,,,,397696,,,,,,
,Griffith University,"170 Kessels Road, Nathan Qld 4111",Building Construction & Maintenance,28/02/2025,34569,Yarrow Plumbing Services Pty Ltd,"Archerfield, Qld",No,,,,,,,,,,397693,,,,,,
,Griffith University,"170 Kessels Road, Nathan Qld 4111",Scientific Equipment,1/03/2025,299562,Agilent Technologies Australia Pty Ltd,"Mulgrave, Vic",No,,,,,,,,,,397714,,,,,,
,Griffith University,"170 Kessels Road, Nathan Qld 4111",Reference Materials,1/03/2025,64467,Coherent Digital LLC,United States,No,,,,,,,,,,2160807,,,,,,
,Griffith University,"170 Kessels Road, Nathan Qld 4111",Freight Fees,3/03/2025,165000,Australia Post,"Brisbane, Qld",No,,,,,,,,,,397723,,,,,,
,Griffith University,"170 Kessels Road, Nathan Qld 4111",Scientific Equipment,3/03/2025,15851,Bioline Global Pty Limited,"Narellan, Nsw",No,,,,,,,,,,397737,,,,,,
,Griffith University,"170 Kessels Road, Nathan Qld 4111",Travel Expenses,3/03/2025,231000,Brisbane Bus Lines Pty Ltd,"Alderley, Qld",No,,,,,,,,,,397724,,,,,,
,Griffith University,"170 Kessels Road, Nathan Qld 4111",Scientific Equipment,3/03/2025,14267,Laboratory Equipment Pty Ltd,"Marrickville, Nsw",No,,,,,,,,,,397735,,,,,,
,Griffith University,"170 Kessels Road, Nathan Qld 4111",Building Construction & Maintenance,3/03/2025,165000,Logical Line Marking,"Underwood, Qld",No,,,,,,,,,,397722,,,,,,
,Griffith University,"170 Kessels Road, Nathan Qld 4111",Scientific Equipment,3/03/2025,117342,Tecniplast Australia Pty Limited,"Lane Cove, Nsw",No,,,,,,,,,,397739,,,,,,
,Griffith University,"170 Kessels Road, Nathan Qld 4111",Scientific Equipment,3/03/2025,12665,Thermo Fisher Scientific Australia,"Scoresby, Vic",No,,,,,,,,,,397734,,,,,,
,Griffith University,"170 Kessels Road, Nathan Qld 4111",Scientific Equipment,3/03/2025,12054,Thermo Fisher Scientific Australia,"Scoresby, Vic",No,,,,,,,,,,397738,,,,,,
,Griffith University,"170 Kessels Road, Nathan Qld 4111",Subscription/Licence Fees Software,3/03/2025,14080,Trialdocs International Pty Ltd,"Brendale, Qld",No,,,,,,,,,,397727,,,,,,
,Griffith University,"170 Kessels Road, Nathan Qld 4111",Subscription/Licence Fees Software,4/03/2025,1039278,Avepoint Au Pty Ltd,"Melbourne, Vic",No,,Limited,b - (iii) The absence of competition for technical reasons which can only be supplied by a particular supplier and no reasonable alternative exists,,,,,,,397792,,,,,,
,Griffith University,"170 Kessels Road, Nathan Qld 4111",Consultancy Services,4/03/2025,15000,Bininj Kunwok Regional Language Centre L,"Jabiru, Nt",No,,,,,,,,,,2116006,,,,,,
,Griffith University,"170 Kessels Road, Nathan Qld 4111",Security Services,4/03/2025,18786,Commex Communications Corporation P/L,"Windsor, Qld",No,,,,,,,,,,397755,,,,,,
,Griffith University,"170 Kessels Road, Nathan Qld 4111",Subscription/Licence Fees Software,4/03/2025,31702,Data #3 Limited,"Indooroopilly, Qld",No,,,,,,,,,,397774,,,,,,
,Griffith University,"170 Kessels Road, Nathan Qld 4111",Building Construction & Maintenance,4/03/2025,13215,Eagle Lighting Australia Pty Ltd,"East Brisbane, Qld",No,,,,,,,,,,397762,,,,,,
,Griffith University,"170 Kessels Road, Nathan Qld 4111",Equipment Maintenance,4/03/2025,29071,Integra Remedial Solutions Pty Ltd,"Thorneside, Qld",No,,,,,,,,,,397759,,,,,,
,Griffith University,"170 Kessels Road, Nathan Qld 4111",Consultancy Services,4/03/2025,220000,Integral Technology Solutions Pty Ltd,"Spring Hill, Qld",No,,,,,,,,,,397787,,,,,,
,Griffith University,"170 Kessels Road, Nathan Qld 4111",Security Services,4/03/2025,17721,Keywatcher Australia,"Seven Hills, Nsw",No,,,,,,,,,,397756,,,,,,
,Griffith University,"170 Kessels Road, Nathan Qld 4111",Consultancy Services,4/03/2025,84030,Rtm Ware,Qld,No,,,,,,,,,,2117558,,,,,,
,Griffith University,"170 Kessels Road, Nathan Qld 4111",Consultancy Services,4/03/2025,26151,The Research Institute At Nationwide Chi,Usa,No,,,,,,,,,,2117556,,,,,,
,Griffith University,"170 Kessels Road, Nathan Qld 4111",Building Construction & Maintenance,4/03/2025,34569,Yarrow Plumbing Services Pty Ltd,"Brisbane, Qld",No,,,,,,,,,,397772,,,,,,
,Griffith University,"170 Kessels Road, Nathan Qld 4111",Subscription/Licence Fees Software,5/03/2025,512133,Learning Information Systems Pty Limited,"Adelaide, Sa",No,,Open,,,,,,,,397794,,,,,,
,Griffith University,"170 Kessels Road, Nathan Qld 4111",Consultancy Services,6/03/2025,14000,Chulalongkorn University,Thailand,No,,,,,,,,,,397813,,,,,,
,Griffith University,"170 Kessels Road, Nathan Qld 4111",Audio Visual Equipment,6/03/2025,19652,Convergint Australia Pty Ltd,"Port Melbourne, Vic",No,,,,,,,,,,397835,,,,,,
,Griffith University,"170 Kessels Road, Nathan Qld 4111",Telecommunications Expenditure,6/03/2025,24552,Enghouse Australia Pty Ltd,"Melbourne, Vic",No,,,,,,,,,,397830,,,,,,
,Griffith University,"170 Kessels Road, Nathan Qld 4111",Equipment Purchase,6/03/2025,54157,Fusion Plastics Pty Ltd,"Bibra Lake, Wa",No,,,,,,,,,,397819,,,,,,
,Griffith University,"170 Kessels Road, Nathan Qld 4111",Equipment Maintenance,6/03/2025,22655,Opira Pty Ltd,"Mansfield, Qld",No,,,,,,,,,,397821,,,,,,
,Griffith University,"170 Kessels Road, Nathan Qld 4111",Consultancy Services,6/03/2025,16500,St Leonards Physiotherapy Pty Ltd,"St Leonards, Nsw",No,,,,,,,,,,397816,,,,,,
,Griffith University,"170 Kessels Road, Nathan Qld 4111",Equipment Purchase,7/03/2025,67927,Copley Scientific Ltd,Uk,No,,,,,,,,,,397842,,,,,,
,Griffith University,"170 Kessels Road, Nathan Qld 4111",Equipment Maintenance,7/03/2025,41279,Merck Life Science Pty Ltd,"Castle Hill, Nsw",No,,,,,,,,,,397836,,,,,,
,Griffith University,"170 Kessels Road, Nathan Qld 4111",Equipment Maintenance,7/03/2025,33350,Merck Life Science Pty Ltd,"Castle Hill, Nsw",No,,,,,,,,,,397837,,,,,,
,Griffith University,"170 Kessels Road, Nathan Qld 4111",Equipment Maintenance,7/03/2025,17119,Merck Life Science Pty Ltd,"Castle Hill, Nsw",No,,,,,,,,,,397847,,,,,,
,Griffith University,"170 Kessels Road, Nathan Qld 4111",Equipment Maintenance,11/03/2025,11000,Adec Australia,"Mascot, Nsw",No,,,,,,,,,,397865,,,,,,
,Griffith University,"170 Kessels Road, Nathan Qld 4111",Consultancy Services,11/03/2025,36035,Dana Briggs Consulting Limited,New Zealand,No,,,,,,,,,,397860,,,,,,
,Griffith University,"170 Kessels Road, Nathan Qld 4111",Subscription/Licence Fees Software,11/03/2025,51362,Empowering Education Australia Pty Ltd,"Davidson, Nsw",No,,,,,,,,,,397859,,,,,,
,Griffith University,"170 Kessels Road, Nathan Qld 4111",Equipment Maintenance,11/03/2025,11814,Froth Build Pty Ltd,"Palm Beach, Qld",No,,,,,,,,,,397862,,,,,,
,Griffith University,"170 Kessels Road, Nathan Qld 4111",Event Expenditure,11/03/2025,69360,Gema Catering & Events,"Brisbane City, Qld",No,,,,,,,,,,2117675,,,,,,
,Griffith University,"170 Kessels Road, Nathan Qld 4111",Consultancy Services,11/03/2025,12579,Geochempet Services,"Clontaf, Qld",No,,,,,,,,,,2118717,,,,,,
,Griffith University,"170 Kessels Road, Nathan Qld 4111",Freight Fees,11/03/2025,21572,Helu-Trans (S) Pte Ltd,Singapore,No,,,,,,,,,,2118207,,,,,,
,Griffith University,"170 Kessels Road, Nathan Qld 4111",Equipment Maintenance,11/03/2025,20350,Huntress Electrical Solutions Pty Ltd,"Camira, Qld",No,,,,,,,,,,397873,,,,,,
,Griffith University,"170 Kessels Road, Nathan Qld 4111",Equipment Purchase,11/03/2025,33751,Innovatio Dental Supplies Pty Ltd,"Homebrush, Nsw",No,,,,,,,,,,2117453,,,,,,
,Griffith University,"170 Kessels Road, Nathan Qld 4111",Equipment Maintenance,11/03/2025,11000,Nsk Oceania Pty Ltd,"Rosebery, Nsw",No,,,,,,,,,,397864,,,,,,
,Griffith University,"170 Kessels Road, Nathan Qld 4111",Building Construction & Maintenance,11/03/2025,338965,Otis Elevator Company (Qld) Pty Ltd,"Sydney, Nsw",No,,,,,,,,,,397877,,,,,,
,Griffith University,"170 Kessels Road, Nathan Qld 4111",Equipment Maintenance,11/03/2025,36489,Qld Coastal Plumbing Services Pty Ltd,"Burleigh Heads, Qld",No,,,,,,,,,,397861,,,,,,
,Griffith University,"170 Kessels Road, Nathan Qld 4111",Consultancy Services,11/03/2025,30000,Rigby Environmental Management,"Esk, Qld",No,,,,,,,,,,397866,,,,,,
,Griffith University,"170 Kessels Road, Nathan Qld 4111",Consultancy Services,11/03/2025,27500,The Trustee For Your Best You Trust,"Sandgate, Qld",No,,,,,,,,,,397872,,,,,,
,Griffith University,"170 Kessels Road, Nathan Qld 4111",Laboratory Consumables,11/03/2025,39135,The University Of British Columbia,Canada,No,,,,,,,,,,2118662,,,,,,
,Griffith University,"170 Kessels Road, Nathan Qld 4111",Consultancy Services,11/03/2025,42900,Traceverified,Vietnam,No,,,,,,,,,,2118734 399434,,,,,,
,Griffith University,"170 Kessels Road, Nathan Qld 4111",Printing Expenses,11/03/2025,30088,Unicard Systems Pty Ltd,"St Leonards, Nsw",No,,,,,,,,,,397868,,,,,,
,Griffith University,"170 Kessels Road, Nathan Qld 4111",Equipment Maintenance,11/03/2025,11000,W & H Australasia Pty Limited,"Belrose, Nsw",No,,,,,,,,,,397863,,,,,,
,Griffith University,"170 Kessels Road, Nathan Qld 4111",Building Construction & Maintenance,12/03/2025,18040,A.G. Coombs Advisory Pty Ltd,"Moorabbin, Vic",No,,,,,,,,,,397885,,,,,,
,Griffith University,"170 Kessels Road, Nathan Qld 4111",Equipment Maintenance,12/03/2025,23575,Anning Curtains,"Southport, Qld",No,,,,,,,,,,397887,,,,,,
,Griffith University,"170 Kessels Road, Nathan Qld 4111",Building Construction & Maintenance,12/03/2025,69300,Descab Pty Ltd T/A Qld Multi Trades,"Tingalpa, Qld",No,,,,,,,,,,397893,,,,,,
,Griffith University,"170 Kessels Road, Nathan Qld 4111",Equipment Maintenance,12/03/2025,143053,Global Life Sciences Solutions Australia,"Lane Cove, Nsw",No,,,,,,,,,,397901,,,,,,
,Griffith University,"170 Kessels Road, Nathan Qld 4111",Marketing Fees,12/03/2025,27170,Pivotal Agency Pty Ltd,"Oxenford, Qld",No,,,,,,,,,,397881,,,,,,
,Griffith University,"170 Kessels Road, Nathan Qld 4111",Software Support Maintenance,12/03/2025,109850,Stulz Oceania Pty Ltd,"Winston Hills, Nsw",No,,,,,,,,,,397880,,,,,,
,Griffith University,"170 Kessels Road, Nathan Qld 4111",Software Support Maintenance,12/03/2025,24212,Tpl Consulting Pty Ltd,"Birtinya, Qld",No,,,,,,,,,,397883,,,,,,
,Griffith University,"170 Kessels Road, Nathan Qld 4111",Memberships/Subscriptions,12/03/2025,13500,Watchmycompetitor,Uk,Yes,,,,,,,,,,397890,,,,,,
,Griffith University,"170 Kessels Road, Nathan Qld 4111",Laboratory Consumables,13/03/2025,60500,Ansell Healthcare,"Melbourne, Vic",No,,,,,,,,,,397926,,,,,,
,Griffith University,"170 Kessels Road, Nathan Qld 4111",Laboratory Consumables,13/03/2025,27500,Bio-Strategy Pty Limited,"Campbellfield, Vic",No,,,,,,,,,,397927,,,,,,
,Griffith University,"170 Kessels Road, Nathan Qld 4111",Laboratory Consumables,13/03/2025,55000,Bio-Strategy Pty Limited,"Campbellfield, Vic",No,,,,,,,,,,397928,,,,,,
,Griffith University,"170 Kessels Road, Nathan Qld 4111",Scientific Equipment,13/03/2025,10391,Cmc Microsystems,Canada,No,,,,,,,,,,397905,,,,,,
,Griffith University,"170 Kessels Road, Nathan Qld 4111",Building Construction & Maintenance,14/03/2025,159815,Powertec Telecommunications Pty Ltd,"Southport, Qld",No,,,,,,,,,,397953,,,,,,
,Griffith University,"170 Kessels Road, Nathan Qld 4111",Chemical/Biological Products,15/03/2025,11296,Thermo Fisher Scientific Australia,"Scoresby, Vic",No,,,,,,,,,,397957,,,,,,
,Griffith University,"170 Kessels Road, Nathan Qld 4111",Laboratory Consumables,17/03/2025,16500,Adelab Scientific,"Thebarton, Sa",No,,,,,,,,,,397968,,,,,,
,Griffith University,"170 Kessels Road, Nathan Qld 4111",Equipment Maintenance,17/03/2025,12476,Alder Constructions Pty Ltd,"Helensvale, Qld",No,,,,,,,,,,397980,,,,,,
,Griffith University,"170 Kessels Road, Nathan Qld 4111",Laboratory Consumables,17/03/2025,11000,Becton Dickinson Pty Ltd,"Eight Mile Plains, Qld",No,,,,,,,,,,397969,,,,,,
,Griffith University,"170 Kessels Road, Nathan Qld 4111",Laboratory Consumables,17/03/2025,13200,Becton Dickinson Pty Ltd,"Eight Mile Plains, Qld",No,,,,,,,,,,397970,,,,,,
,Griffith University,"170 Kessels Road, Nathan Qld 4111",Cleaning Services,17/03/2025,38500,Crown Waste Solutions,"Helensvale Town Centre, Qld",No,,,,,,,,,,397972,,,,,,
,Griffith University,"170 Kessels Road, Nathan Qld 4111",Freight Fees,17/03/2025,13200,Dhl Express (Australia) Pty Ltd,"Eagle Farm, Qld",No,,,,,,,,,,397971,,,,,,
,Griffith University,"170 Kessels Road, Nathan Qld 4111",Building Construction & Maintenance,17/03/2025,16500,John Barnes & Co (Qld) Pty Ltd,"Salisbury, Qld",No,,,,,,,,,,397974,,,,,,
,Griffith University,"170 Kessels Road, Nathan Qld 4111",Laboratory Consumables,17/03/2025,44000,Labco Scientific Pty Ltd,"Brendale Bc, Qld",No,,,,,,,,,,397975,,,,,,
,Griffith University,"170 Kessels Road, Nathan Qld 4111",Laboratory Consumables,17/03/2025,18700,Machine Technology Pty Ltd,"Kogarah, Nsw",No,,,,,,,,,,397976,,,,,,
,Griffith University,"170 Kessels Road, Nathan Qld 4111",Health & Safety Expenses,17/03/2025,38500,Testel Australia Pty Ltd,"Unley, Sa",No,,,,,,,,,,397989,,,,,,
,Griffith University,"170 Kessels Road, Nathan Qld 4111",Health & Safety Expenses,17/03/2025,49500,Testel Australia Pty Ltd,"Unley, Sa",No,,,,,,,,,,397990,,,,,,
,Griffith University,"170 Kessels Road, Nathan Qld 4111",Laboratory Consumables,17/03/2025,28600,The Trustee For The Spencer Brands Group,"Pine Mountain, Qld",No,,,,,,,,,,397977,,,,,,
,Griffith University,"170 Kessels Road, Nathan Qld 4111",Laboratory Consumables,17/03/2025,13200,Vital Medical Supplies,"Kingsgrove, Nsw",No,,,,,,,,,,397973,,,,,,
,Griffith University,"170 Kessels Road, Nathan Qld 4111",Laboratory Consumables,17/03/2025,22000,Westlab Pty Ltd,"Ballarat, Vic",No,,,,,,,,,,397978,,,,,,
,Griffith University,"170 Kessels Road, Nathan Qld 4111",Laboratory Consumables,17/03/2025,16500,Westlab Pty Ltd,"Ballarat, Vic",No,,,,,,,,,,397979,,,,,,
,Griffith University,"170 Kessels Road, Nathan Qld 4111",Laboratory Consumables,18/03/2025,55000,Ansell Healthcare,"Melbourne, Vic",No,,,,,,,,,,398004,,,,,,
,Griffith University,"170 Kessels Road, Nathan Qld 4111",Memberships/Subscriptions,18/03/2025,16500,Australian Council Of Deans Of Health Sc,"Hamilton Central, Qld",No,,,,,,,,,,2116869,,,,,,
,Griffith University,"170 Kessels Road, Nathan Qld 4111",Building Construction & Maintenance,18/03/2025,11388,Brisbane City Council,"Brisbane, Qld",No,,,,,,,,,,2119442,,,,,,
,Griffith University,"170 Kessels Road, Nathan Qld 4111",Memberships/Subscriptions,18/03/2025,40849,Department Of Education,"Canberra, Act",No,,,,,,,,,,2117674,,,,,,
,Griffith University,"170 Kessels Road, Nathan Qld 4111",Laboratory Consumables,18/03/2025,66000,Interpath Services Pty Ltd,"Heidelberg West, Vic",No,,,,,,,,,,398005,,,,,,
,Griffith University,"170 Kessels Road, Nathan Qld 4111",Equipment Maintenance,18/03/2025,23575,Ozcorp Projects Pty Ltd,"Southport, Qld",No,,,,,,,,,,398028,,,,,,
,Griffith University,"170 Kessels Road, Nathan Qld 4111",Laboratory Consumables,18/03/2025,33000,Pathtech Pty Ltd,"Preston, Vic",No,,,,,,,,,,398007,,,,,,
,Griffith University,"170 Kessels Road, Nathan Qld 4111",Laboratory Consumables,18/03/2025,38500,Pathtech Pty Ltd,"Preston, Vic",No,,,,,,,,,,398008,,,,,,
,Griffith University,"170 Kessels Road, Nathan Qld 4111",Laboratory Consumables,18/03/2025,44000,Sarstedt Australia Pty Ltd,"Ingle Farm, Sa",No,,,,,,,,,,398009,,,,,,
,Griffith University,"170 Kessels Road, Nathan Qld 4111",Laboratory Consumables,18/03/2025,44000,Sarstedt Australia Pty Ltd,"Ingle Farm, Sa",No,,,,,,,,,,398010,,,,,,
,Griffith University,"170 Kessels Road, Nathan Qld 4111",Memberships/Subscriptions,18/03/2025,60482,Tertiary Education Quality And Standards,"Melbourne, Vic",No,,,,,,,,,,2118373,,,,,,
,Griffith University,"170 Kessels Road, Nathan Qld 4111",Consultancy Services,18/03/2025,39600,The Growth Drivers Pty Ltd,"Brisbane City, Qld",No,,,,,,,,,,2118903,,,,,,
,Griffith University,"170 Kessels Road, Nathan Qld 4111",Laboratory Consumables,18/03/2025,11000,Winc Australia Pty Ltd,"Alexandria, Nsw",No,,,,,,,,,,398035,,,,,,
,Griffith University,"170 Kessels Road, Nathan Qld 4111",Laboratory Consumables,18/03/2025,13200,Winc Australia Pty Ltd,"Alexandria, Nsw",No,,,,,,,,,,398036,,,,,,
,Griffith University,"170 Kessels Road, Nathan Qld 4111",Laboratory Consumables,19/03/2025,42580,Amalgadent Dental Pty Ltd,"Elsternwick, Vic",No,,,,,,,,,,398050,,,,,,
,Griffith University,"170 Kessels Road, Nathan Qld 4111",Subscription/Licence Fees Software,19/03/2025,48461,Instron,"Bayswater, Vic",No,,,,,,,,,,398037,,,,,,
,Griffith University,"170 Kessels Road, Nathan Qld 4111",Building Construction & Maintenance,20/03/2025,14300,Burnett Family Trust,Qld,No,,,,,,,,,,398097,,,,,,
,Griffith University,"170 Kessels Road, Nathan Qld 4111",Building Construction & Maintenance,20/03/2025,10945,Crown Mechanical Electrical Pty Ltd,"Rochedale South, Qld",No,,,,,,,,,,398094,,,,,,
,Griffith University,"170 Kessels Road, Nathan Qld 4111",Equipment Maintenance,20/03/2025,38768,Fei Australia Pty Ltd,"Scoresby, Vic",No,,,,,,,,,,398095,,,,,,
,Griffith University,"170 Kessels Road, Nathan Qld 4111",Equipment Maintenance,21/03/2025,17117,Biodecon Solutions Limited,"Hartwell, Vic",No,,,,,,,,,,398132,,,,,,
,Griffith University,"170 Kessels Road, Nathan Qld 4111",IT Equipment,21/03/2025,16775,Computer Alliance Pty Ltd,"Mount Gravatt, Qld",No,,,,,,,,,,398139,,,,,,
,Griffith University,"170 Kessels Road, Nathan Qld 4111",Laboratory Consumables,21/03/2025,11000,Mun Australia Pty Ltd,"Epping, Nsw",No,,,,,,,,,,398117,,,,,,
,Griffith University,"170 Kessels Road, Nathan Qld 4111",Scientific Equipment,21/03/2025,10544,Nikon Australia Pty Ltd,"Rhodes, Nsw",No,,,,,,,,,,398109,,,,,,
,Griffith University,"170 Kessels Road, Nathan Qld 4111",Laboratory Consumables,21/03/2025,11000,People In Plastic,"Rocklea, Qld",No,,,,,,,,,,398118,,,,,,
,Griffith University,"170 Kessels Road, Nathan Qld 4111",Scientific Equipment,21/03/2025,22160,Rowe Scientific Pty Ltd,"Wacol, Qld",No,,,,,,,,,,398099,,,,,,
,Griffith University,"170 Kessels Road, Nathan Qld 4111",Laboratory Consumables,22/03/2025,28397,Straumann Pty Ltd,"Port Melbourne, Vic",No,,,,,,,,,,398148,,,,,,
,Griffith University,"170 Kessels Road, Nathan Qld 4111",Equipment Maintenance,24/03/2025,13200,Bligh Tanner Pty Ltd,"Fortitude Valley, Qld",No,,,,,,,,,,398154,,,,,,
,Griffith University,"170 Kessels Road, Nathan Qld 4111",Electricity / Gas Supply,24/03/2025,203500,Boc Limited,"Labrador, Qld",No,,,,,,,,,,398205,,,,,,
,Griffith University,"170 Kessels Road, Nathan Qld 4111",Building Construction & Maintenance,24/03/2025,12100,Carbon Fire Engineering Pty Ltd,"Hope Island, Qld",No,,,,,,,,,,398152,,,,,,
,Griffith University,"170 Kessels Road, Nathan Qld 4111",Laboratory Consumables,24/03/2025,33000,Chem-Supply Pty Ltd,"Gillman, Sa",No,,,,,,,,,,398206,,,,,,
,Griffith University,"170 Kessels Road, Nathan Qld 4111",Laboratory Consumables,24/03/2025,49500,Chem-Supply Pty Ltd,"Gillman, Sa",No,,,,,,,,,,398207,,,,,,
,Griffith University,"170 Kessels Road, Nathan Qld 4111",Electricity / Gas Supply,24/03/2025,891000,Coregas Pty Ltd,"Yennora, Nsw",No,,Limited,b - (iii) The absence of competition for technical reasons which can only be supplied by a particular supplier and no reasonable alternative exists,,,,,,,398156,,,,,,
,Griffith University,"170 Kessels Road, Nathan Qld 4111",Laboratory Consumables,24/03/2025,16500,Merck Life Science Pty Ltd,"Castle Hill, Nsw",No,,,,,,,,,,398201,,,,,,
,Griffith University,"170 Kessels Road, Nathan Qld 4111",Laboratory Consumables,24/03/2025,55000,Merck Life Science Pty Ltd,"Castle Hill, Nsw",No,,,,,,,,,,398202,,,,,,
,Griffith University,"170 Kessels Road, Nathan Qld 4111",Consultancy Services,24/03/2025,10890,The Trustee For Code Black Trust,"Darling, Vic",No,,,,,,,,,,398185,,,,,,
,Griffith University,"170 Kessels Road, Nathan Qld 4111",Laboratory Consumables,24/03/2025,13200,Thermo Fisher Scientific Australia,"Scoresby, Vic",No,,,,,,,,,,398203,,,,,,
,Griffith University,"170 Kessels Road, Nathan Qld 4111",Laboratory Consumables,24/03/2025,49500,Thermo Fisher Scientific Australia,"Scoresby, Vic",No,,,,,,,,,,398204,,,,,,
,Griffith University,"170 Kessels Road, Nathan Qld 4111",Building Construction & Maintenance,24/03/2025,455730,Value Added Asset Management Pty Ltd,"Darra, Qld",No,,,,,,,,,,398179,,,,,,
,Griffith University,"170 Kessels Road, Nathan Qld 4111",Building Construction & Maintenance,25/03/2025,12650,A.G. Coombs Advisory Pty Ltd,"Moorabbin, Vic",No,,,,,,,,,,398230,,,,,,
,Griffith University,"170 Kessels Road, Nathan Qld 4111",Building Construction & Maintenance,25/03/2025,75900,A.G. Coombs Advisory Pty Ltd,"Moorabbin, Vic",No,,,,,,,,,,398241,,,,,,
,Griffith University,"170 Kessels Road, Nathan Qld 4111",Computer Equipment,25/03/2025,15531,Apple Pty Ltd,"Sydney, Nsw",No,,,,,,,,,,398214,,,,,,
,Griffith University,"170 Kessels Road, Nathan Qld 4111",Building Construction & Maintenance,25/03/2025,19602,Building Certifiers Australia Pty Ltd,"Caloundra, Qld",No,,,,,,,,,,398244,,,,,,
,Griffith University,"170 Kessels Road, Nathan Qld 4111",Consultancy Services,25/03/2025,12320,Coretex Group Pty Ltd,"Yeronga, Qld",No,,,,,,,,,,2118379,,,,,,
,Griffith University,"170 Kessels Road, Nathan Qld 4111",Equipment Maintenance,25/03/2025,302500,Dewpoint Air,"Newmarket, Qld",No,,,,,,,,,,398229,,,,,,
,Griffith University,"170 Kessels Road, Nathan Qld 4111",Consultancy Services,25/03/2025,166375,Integral Technology Solutions Pty Ltd,"Spring Hill, Qld",No,,,,,,,,,,398216,,,,,,
,Griffith University,"170 Kessels Road, Nathan Qld 4111",Chemical/Biological Products,25/03/2025,22825,Jason Galea,Nsw,No,,,,,,,,,,398227,,,,,,
,Griffith University,"170 Kessels Road, Nathan Qld 4111",Building Construction & Maintenance,25/03/2025,53015,Mctaggart Plumbing Pty Ltd,"Petrie, Qld",No,,,,,,,,,,398215,,,,,,
,Griffith University,"170 Kessels Road, Nathan Qld 4111",Building Construction & Maintenance,25/03/2025,44110,No Problems Just Solutions Pty Ltd,"Loganholme, Qld",No,,,,,,,,,,398237,,,,,,
,Griffith University,"170 Kessels Road, Nathan Qld 4111",Consultancy Services,25/03/2025,50000,"Open Techiz Co., Jsc",Vietnam,No,,,,,,,,,,398224,,,,,,
,Griffith University,"170 Kessels Road, Nathan Qld 4111",Building Construction & Maintenance,25/03/2025,16500,Philip Chun Bc Qld Pty Ltd,"City East, Qld",No,,,,,,,,,,398242,,,,,,
,Griffith University,"170 Kessels Road, Nathan Qld 4111",Consultancy Services,25/03/2025,315653,Slalom Australia Pty Ltd,"Melbourne, Vic",No,,,,,,,,,,398223,,,,,,
,Griffith University,"170 Kessels Road, Nathan Qld 4111",Printing Expenses,25/03/2025,19415,Southport Coastal Printing Pty Ltd,"Southport, Qld",No,,,,,,,,,,2118556,,,,,,
,Griffith University,"170 Kessels Road, Nathan Qld 4111",Building Construction & Maintenance,25/03/2025,46873,Steadfast Projects Pty Ltd,"Upper Kedron, Qld",No,,,,,,,,,,398240,,,,,,
,Griffith University,"170 Kessels Road, Nathan Qld 4111",Event Expenditure,25/03/2025,37796,Team Alpha Australia,"Rochedale South, Qld",No,,,,,,,,,,2118806,,,,,,
,Griffith University,"170 Kessels Road, Nathan Qld 4111",Conference Expenses,25/03/2025,17473,The London School Of Economics And Polit,Uk,No,,,,,,,,,,2118901,,,,,,
,Griffith University,"170 Kessels Road, Nathan Qld 4111",Event Expenditure,25/03/2025,12045,The Ship Inn,"Brisbane, Qld",No,,,,,,,,,,2118531,,,,,,
,Griffith University,"170 Kessels Road, Nathan Qld 4111",Scientific Equipment,26/03/2025,11938,Global Life Sciences Solutions Australia,"Lane Cove West, Nsw",No,,,,,,,,,,398281,,,,,,
,Griffith University,"170 Kessels Road, Nathan Qld 4111",Building Construction & Maintenance,26/03/2025,21780,Pln Projects Pty Ltd,"Currumbin, Qld",No,,,,,,,,,,398254,,,,,,
,Griffith University,"170 Kessels Road, Nathan Qld 4111",Consultancy Services,27/03/2025,34650,Baidam Solutions Pty Ltd,"Brisbane, Qld",No,,,,,,,,,,398289,,,,,,
,Griffith University,"170 Kessels Road, Nathan Qld 4111",Chemical/Biological Products,27/03/2025,10707,Bio-Rad Laboratories Pty Ltd,"South Granville, Nsw",No,,,,,,,,,,398303,,,,,,
,Griffith University,"170 Kessels Road, Nathan Qld 4111",Building Construction & Maintenance,27/03/2025,42900,Carbon Fire Engineering Pty Ltd,"Hope Island, Qld",No,,,,,,,,,,398320,,,,,,
,Griffith University,"170 Kessels Road, Nathan Qld 4111",Consultancy Services,27/03/2025,217800,Identifly Pty Ltd,"Adelaide, Sa",No,,,,,,,,,,398291,,,,,,
,Griffith University,"170 Kessels Road, Nathan QLD 4111",Event Expenditure,27/03/2025,26040,Samarad Pty Ltd,"Surfers Paradise, Qld",No,,,,,,,,,,2130303 2133111,,,,,,
,Griffith University,"170 Kessels Road, Nathan Qld 4111",Subscription/Licence Fees Software,27/03/2025,54652,Wp Engine Inc,Usa,No,,,,,,,,,,398292,,,,,,
,Griffith University,"170 Kessels Road, Nathan Qld 4111",Building Construction & Maintenance,28/03/2025,17785,Crown Mechanical Electrical Pty Ltd,"Rochedale South, Qld",No,,,,,,,,,,398353,,,,,,
,Griffith University,"170 Kessels Road, Nathan Qld 4111",Subscription/Licence Fees Software,28/03/2025,169188,Saltt Technologies Pty Ltd,"Gladesville, Nsw",No,,,,,,,,,,398357,,,,,,
,Griffith University,"170 Kessels Road, Nathan Qld 4111",Conference Expenses,28/03/2025,27739,Sheraton Grand Hangzhou Wetland Park Res,China,No,,,,,,,,,,398324,,,,,,
,Griffith University,"170 Kessels Road, Nathan Qld 4111",Consultancy Services,28/03/2025,11000,Water Stewardship Australia Limited,"Moana, Sa",No,,,,,,,,,,398339,,,,,,
,Griffith University,"170 Kessels Road, Nathan Qld 4111",Scientific Equipment,28/03/2025,54518,Wireless Value B.V.,Netherlands,No,,,,,,,,,,398338,,,,,,
,Griffith University,"170 Kessels Road, Nathan Qld 4111",Scientific Equipment,28/03/2025,36300,Xylem Water Solutions Australia Ltd,"Mansfield, Qld",No,,,,,,,,,,398328,,,,,,
,Griffith University,"170 Kessels Road, Nathan Qld 4111",Consultancy Services,31/03/2025,55000,Consulting & Implementation Services P/L,"Docklands, Vic",No,,,,,,,,,,398388,,,,,,
,Griffith University,"170 Kessels Road, Nathan Qld 4111",Building Construction & Maintenance,31/03/2025,12740,E.D.C. Systems Pty Ltd,"Cannon Hill, Qld",No,,,,,,,,,,398366,,,,,,
,Griffith University,"170 Kessels Road, Nathan Qld 4111",Scientific Equipment,31/03/2025,32547,Eppendorf South Pacific Pty Ltd,"North Ryde, Nsw",No,,,,,,,,,,398373,,,,,,
,Griffith University,"170 Kessels Road, Nathan Qld 4111",Building Construction & Maintenance,31/03/2025,77000,Scuba Group Pty Ltd,"Alexandra Hills, Qld",No,,,,,,,,,,398398,,,,,,
,Griffith University,"170 Kessels Road, Nathan QLD 4111",Consultancy Services,1/04/2025,42556,ACER - Aust Council for Edu Research Ltd,"Camberwell, Vic",No,,,,,,,,,,2119133,,,,,,
,Griffith University,"170 Kessels Road, Nathan QLD 4111",Accreditation Fees,1/04/2025,11000,Australian Institute of Physics,"Parkville, Vic",No,,,,,,,,,,2121509,,,,,,
,Griffith University,"170 Kessels Road, Nathan QLD 4111",Building Construction & Maintenance,1/04/2025,20350,Brient Trade Services Pty Ltd,"Guanaba, Qld",No,,,,,,,,,,398410,,,,,,
,Griffith University,"170 Kessels Road, Nathan QLD 4111",Consultancy Services,1/04/2025,11000,Cesar Pty Ltd,"Parkville, Vic",No,,,,,,,,,,398470,,,,,,
,Griffith University,"170 Kessels Road, Nathan QLD 4111",External Course Delivery,1/04/2025,25735,Corporate Prepaid Cards Pty Ltd,"Balmain, Nsw",No,,,,,,,,,,2118722,,,,,,
,Griffith University,"170 Kessels Road, Nathan QLD 4111",Health & Safety Expenses,1/04/2025,16357,Elite Test & Tag Brisbane South,"Holland Park West, Qld",No,,,,,,,,,,2117690,,,,,,
,Griffith University,"170 Kessels Road, Nathan QLD 4111",Equipment Maintenance,1/04/2025,10340,JST Biosafety Australia,"Warner, Qld",No,,,,,,,,,,398431,,,,,,
,Griffith University,"170 Kessels Road, Nathan QLD 4111",Reference Materials,1/04/2025,30000,Kanopy,United States,No,,,,,,,,,,2119401,,,,,,
,Griffith University,"170 Kessels Road, Nathan QLD 4111",Consultancy Services,1/04/2025,11440,Research Impact Academy,"Melbourne, Vic",No,,,,,,,,,,2118515,,,,,,
,Griffith University,"170 Kessels Road, Nathan QLD 4111",Consultancy Services,1/04/2025,35050,Sage Insights,"St Marys, Sa",No,,,,,,,,,,398444,,,,,,
,Griffith University,"170 Kessels Road, Nathan QLD 4111",Legal Fees,1/04/2025,10450,Source Services Pty Ltd,"Sydney, Nsw",No,,,,,,,,,,2121346,,,,,,
,Griffith University,"170 Kessels Road, Nathan QLD 4111",Equipment Maintenance,1/04/2025,18623,Sure Power,"East Brisbane, Qld",No,,,,,,,,,,398423,,,,,,
,Griffith University,"170 Kessels Road, Nathan QLD 4111",Equipment Maintenance,1/04/2025,21505,Sure Power,"East Brisbane, Qld",No,,,,,,,,,,398424,,,,,,
,Griffith University,"170 Kessels Road, Nathan QLD 4111",Event Expenditure,1/04/2025,72616,United Nations Economic and Social Commi,Thailand,No,,,,,,,,,,2121520,,,,,,
,Griffith University,"170 Kessels Road, Nathan QLD 4111",Subscription/Licence Fees Software,1/04/2025,106348,Xref Pty Ltd,"Dawes Point, Nsw",Yes,,,,,,,,,,398468,,,,,,
,Griffith University,"170 Kessels Road, Nathan QLD 4111",Building Construction & Maintenance,2/04/2025,168586,A1 Building & Property Solutions Pty Ltd,"The Gap, Qld",No,,,,,,,,,,398490,,,,,,
,Griffith University,"170 Kessels Road, Nathan QLD 4111",Laboratory Consumables,2/04/2025,11000,Blackwoods,"Goodna, Qld",No,,,,,,,,,,398495,,,,,,
,Griffith University,"170 Kessels Road, Nathan QLD 4111",Subscription/Licence Fees Software,2/04/2025,22183,"Grammarly, Inc.",United States,No,,,,,,,,,,398493,,,,,,
,Griffith University,"170 Kessels Road, Nathan QLD 4111",Software Support Maintenance,2/04/2025,38853,LearnWise Software International BV,Netherlands,No,,,,,,,,,,398492,,,,,,
,Griffith University,"170 Kessels Road, Nathan QLD 4111",Audit Fees,2/04/2025,22000,SPS AUDIT (QLD) PTY LTD,"Mooloolaba, Qld",No,,,,,,,,,,398522,,,,,,
,Griffith University,"170 Kessels Road, Nathan QLD 4111",Consultancy Services,3/04/2025,22000,CCH Australia Ltd,"Sydney, Nsw",No,,,,,,,,,,398537,,,,,,
,Griffith University,"170 Kessels Road, Nathan QLD 4111",Telecommunications Expenditure,3/04/2025,18375,Data #3 Limited,"Indooroopilly, Qld",No,,,,,,,,,,398530,,,,,,
,Griffith University,"170 Kessels Road, Nathan QLD 4111",Building Construction & Maintenance,3/04/2025,38077,dm2architecture Pty Ltd,"Petrie Terrace, Qld",No,,,,,,,,,,398533,,,,,,
,Griffith University,"170 Kessels Road, Nathan QLD 4111",Building Construction & Maintenance,3/04/2025,66000,ELEMENTAL SHADE STRUCTURES,"Meadowbrook, Qld",No,,,,,,,,,,398541,,,,,,
,Griffith University,"170 Kessels Road, Nathan QLD 4111",Legal Fees,3/04/2025,57750,HWL Ebsworth Lawyers,"Brisbane, Qld",No,,,,,,,,,,398553,,,,,,
,Griffith University,"170 Kessels Road, Nathan QLD 4111",Laboratory Consumables,3/04/2025,13614,Lastek Pty Ltd,"Thebarton, Sa",No,,,,,,,,,,398544,,,,,,
,Griffith University,"170 Kessels Road, Nathan QLD 4111",Cleaning Services,3/04/2025,55000,Mould Cleaning Australia Pty Ltd,"Sydney, Nsw",No,,,,,,,,,,398540,,,,,,
,Griffith University,"170 Kessels Road, Nathan QLD 4111",Building Construction & Maintenance,3/04/2025,32120,PHILIP CHUN ACCESSIBILITY PTY LTD,"Sydney, Nsw",No,,,,,,,,,,398554,,,,,,
,Griffith University,"170 Kessels Road, Nathan QLD 4111",Building Construction & Maintenance,3/04/2025,13420,PHILIP CHUN BC QLD PTY LTD,"City East, Qld",No,,,,,,,,,,398557,,,,,,
,Griffith University,"170 Kessels Road, Nathan QLD 4111",Subscription/Licence Fees Software,3/04/2025,39230,Solv Solutions Pty Ltd,"Applecross, Wa",No,,,,,,,,,,398538,,,,,,
,Griffith University,"170 Kessels Road, Nathan QLD 4111",Scientific Equipment,3/04/2025,170961,Thermo Fisher Scientific Australia,"Scoresby, Vic",No,,,,,,,,,,398546,,,,,,
,Griffith University,"170 Kessels Road, Nathan QLD 4111",Building Construction & Maintenance,3/04/2025,18398,Videopro Pty Ltd,"Eagle Farm, Qld",No,,,,,,,,,,398535,,,,,,
,Griffith University,"170 Kessels Road, Nathan QLD 4111",Building Construction & Maintenance,4/04/2025,18695,E.D.C. SYSTEMS PTY LTD,"Cannon Hill, Qld",No,,,,,,,,,,398566,,,,,,
,Griffith University,"170 Kessels Road, Nathan QLD 4111",Equipment Maintenance,4/04/2025,65428,Illumina Australia Pty Ltd,"Scoresby, Vic",No,,,,,,,,,,398570,,,,,,
,Griffith University,"170 Kessels Road, Nathan QLD 4111",Audio Visual Equipment,7/04/2025,17820,Anystream Australia Pty Ltd,"Perth, Wa",No,,,,,,,,,,398590,,,,,,
,Griffith University,"170 Kessels Road, Nathan QLD 4111",Chemical/Biological Products,7/04/2025,11413,Becton Dickinson Pty Ltd,"Eight Mile Plains, Qld",No,,,,,,,,,,398586,,,,,,
,Griffith University,"170 Kessels Road, Nathan QLD 4111",Building Construction & Maintenance,7/04/2025,17600,Brient Trade Services Pty Ltd,"Guanaba, Qld",No,,,,,,,,,,398615,,,,,,
,Griffith University,"170 Kessels Road, Nathan QLD 4111",Scientific Equipment,7/04/2025,16926,Brightside Scientific Pty Ltd,"Tuggerah, Nsw",No,,,,,,,,,,398599,,,,,,
,Griffith University,"170 Kessels Road, Nathan QLD 4111",Building Construction & Maintenance,7/04/2025,21975,E.D.C. SYSTEMS PTY LTD,"Cannon Hill, Qld",No,,,,,,,,,,398602,,,,,,
,Griffith University,"170 Kessels Road, Nathan QLD 4111",Consultancy Services,7/04/2025,14520,Proteomics International Pty Ltd,"Nedlands, Wa",No,,,,,,,,,,398600,,,,,,
,Griffith University,"170 Kessels Road, Nathan QLD 4111",Building Construction & Maintenance,7/04/2025,85235,STEADFAST PROJECTS PTY LTD,"Upper Kedron, Qld",No,,,,,,,,,,398597,,,,,,
,Griffith University,"170 Kessels Road, Nathan QLD 4111",Equipment Purchase,7/04/2025,39728,The trustee for Newspec Unit Trust,"Myrtle Bank, Sa",No,,,,,,,,,,398607,,,,,,
,Griffith University,"170 Kessels Road, Nathan QLD 4111",Building Construction & Maintenance,7/04/2025,13871,US TWO PARKERS PTY LTD,"Wynnum, Qld",No,,,,,,,,,,398613,,,,,,
,Griffith University,"170 Kessels Road, Nathan QLD 4111",Building Construction & Maintenance,8/04/2025,12573,A1 Building & Property Solutions Pty Ltd,"The Gap, Qld",No,,,,,,,,,,398623,,,,,,
,Griffith University,"170 Kessels Road, Nathan QLD 4111",Telecommunications Expenditure,8/04/2025,33000,AARNET,"Canberra, Act",No,,,,,,,,,,2124075,,,,,,
,Griffith University,"170 Kessels Road, Nathan QLD 4111",Consultancy Services,8/04/2025,10593,ACCESS INNOVATION MEDIA PTY LIMITED,"North Sydney, Nsw",No,,,,,,,,,,2123231,,,,,,
,Griffith University,"170 Kessels Road, Nathan QLD 4111",Building Construction & Maintenance,8/04/2025,11031,Alder Constructions Pty Ltd,"Helensvale, Qld",No,,,,,,,,,,398641,,,,,,
,Griffith University,"170 Kessels Road, Nathan QLD 4111",Pathology Expenditure,8/04/2025,14300,Aust Nuclear Science & Tech Org -ANSTO,"Kirrawee Dc, Nsw",No,,,,,,,,,,2123782,,,,,,
,Griffith University,"170 Kessels Road, Nathan QLD 4111",Building Construction & Maintenance,8/04/2025,12474,Building Certifiers Australia Pty Ltd,"Caloundra, Qld",No,,,,,,,,,,398660,,,,,,
,Griffith University,"170 Kessels Road, Nathan QLD 4111",Building Construction & Maintenance,8/04/2025,51387,CIVCORP PTY LTD,"Beenleigh, Qld",No,,,,,,,,,,398622,,,,,,
,Griffith University,"170 Kessels Road, Nathan QLD 4111",External Course Delivery,8/04/2025,30416,Corporate Prepaid Cards Pty Ltd,"Balmain, Nsw",No,,,,,,,,,,2119138,,,,,,
,Griffith University,"170 Kessels Road, Nathan QLD 4111",External Course Delivery,8/04/2025,33455,Corporate Prepaid Cards Pty Ltd,"Balmain, Nsw",No,,,,,,,,,,2120183,,,,,,
,Griffith University,"170 Kessels Road, Nathan QLD 4111",Event Expenditure,8/04/2025,81090,"COURTYARD BY MARRIOTT BRISBANE, SOUTH BA","South Brisbane, Qld",No,,,,,,,,,,2119902 2137142,,,,,,
,Griffith University,"170 Kessels Road, Nathan QLD 4111",Field Trip Expenses (Excursions),8/04/2025,11748,Filet Consulting,"The Gap, Qld",No,,,,,,,,,,2123227,,,,,,
,Griffith University,"170 Kessels Road, Nathan QLD 4111",Scientific Equipment,8/04/2025,74228,Fisher Biotec Pty Ltd,"Wembley, Wa",No,,,,,,,,,,398649,,,,,,
,Griffith University,"170 Kessels Road, Nathan QLD 4111",Consultancy Services,8/04/2025,44000,Gold Coast City Council,"Gold Coast Mail Centre, Qld",No,,,,,,,,,,398617,,,,,,
,Griffith University,"170 Kessels Road, Nathan QLD 4111",Conference Expenses,8/04/2025,24900,Harvard Business School,United States,No,,,,,,,,,,2123780,,,,,,
,Griffith University,"170 Kessels Road, Nathan QLD 4111",Scientific Equipment,8/04/2025,10642,John Morris Scientific Pty Ltd,"Willoughby, Nsw",No,,,,,,,,,,398657,,,,,,
,Griffith University,"170 Kessels Road, Nathan QLD 4111",Memberships/Subscriptions,8/04/2025,203940,La Trobe University,"Bundoora, Vic",No,,,,,,,,,,2119900,,,,,,
,Griffith University,"170 Kessels Road, Nathan QLD 4111",Equipment Maintenance,8/04/2025,15494,Rural Medical Education Australia Ltd,"Toowoomba, Qld",No,,,,,,,,,,2123234,,,,,,
,Griffith University,"170 Kessels Road, Nathan QLD 4111",Pathology Expenditure,8/04/2025,11400,SPECIALIST MRI SERVICES AND CONSULTING P,"Mermaid Beach, Qld",No,,,,,,,,,,2120177,,,,,,
,Griffith University,"170 Kessels Road, Nathan QLD 4111",Building Construction & Maintenance,8/04/2025,21960,STEADFAST PROJECTS PTY LTD,"Upper Kedron, Qld",No,,,,,,,,,,398643,,,,,,
,Griffith University,"170 Kessels Road, Nathan QLD 4111",Memberships/Subscriptions,8/04/2025,13750,The Trustee for The Moreton Bay Foundati,"Newstead, Qld",No,,,,,,,,,,2123768,,,,,,
,Griffith University,"170 Kessels Road, Nathan QLD 4111",Building Construction & Maintenance,9/04/2025,46343,ARNOLD ELECTRICAL & DATA INSTALLATIONS P,"Salisbury, Qld",No,,,,,,,,,,398675,,,,,,
,Griffith University,"170 Kessels Road, Nathan QLD 4111",External Course Delivery,9/04/2025,29938,EMPIUS PTY LTD,"Wynnum, Qld",No,,,,,,,,,,398704,,,,,,
,Griffith University,"170 Kessels Road, Nathan QLD 4111",Building Construction & Maintenance,9/04/2025,11000,Graphic Concepts ta Signs Etc,"Beenleigh, Qld",No,,,,,,,,,,398698,,,,,,
,Griffith University,"170 Kessels Road, Nathan QLD 4111",Building Construction & Maintenance,9/04/2025,394370,Green Options Pty Limited,"Botany, Nsw",No,,,,,,,,,,398679,,,,,,
,Griffith University,"170 Kessels Road, Nathan QLD 4111",Legal Fees,9/04/2025,33000,McCullough Robertson Lawyers,"Brisbane, Qld",No,,,,,,,,,,398685 399276,,,,,,
,Griffith University,"170 Kessels Road, Nathan QLD 4111",Subscription/Licence Fees Software,9/04/2025,12484,Springshare LLC,United States,No,,,,,,,,,,398693,,,,,,
,Griffith University,"170 Kessels Road, Nathan QLD 4111",Laboratory Consumables,9/04/2025,286833,Vapourtec Ltd,United Kingdom,No,,,,,,,,,,398691,,,,,,
,Griffith University,"170 Kessels Road, Nathan QLD 4111",Building Construction & Maintenance,10/04/2025,19215,Alder Constructions Pty Ltd,"Helensvale, Qld",No,,,,,,,,,,398729,,,,,,
,Griffith University,"170 Kessels Road, Nathan QLD 4111",Building Construction & Maintenance,10/04/2025,19418,Alder Constructions Pty Ltd,"Helensvale, Qld",No,,,,,,,,,,398732,,,,,,
,Griffith University,"170 Kessels Road, Nathan QLD 4111",Consultancy Services,10/04/2025,297000,Cubane Consulting Pty Ltd,"Sydney, Nsw",No,,,,,,,,,,398734,,,,,,
,Griffith University,"170 Kessels Road, Nathan QLD 4111",Equipment Maintenance,10/04/2025,10684,HUNTRESS ELECTRICAL SOLUTIONS PTY LTD,"Camira, Qld",No,,,,,,,,,,398726,,,,,,
,Griffith University,"170 Kessels Road, Nathan QLD 4111",Consultancy Services,10/04/2025,35750,"SailPoint Technologies, Inc.",United States,No,,,,,,,,,,398717,,,,,,
,Griffith University,"170 Kessels Road, Nathan QLD 4111",Building Construction & Maintenance,10/04/2025,55000,SDF Electrical Pty Ltd,"Sunnybank Hills, Qld",No,,,,,,,,,,398712,,,,,,
,Griffith University,"170 Kessels Road, Nathan QLD 4111",Laboratory Consumables,10/04/2025,19800,SINCH MESSAGEMEDIA,"Melbourne, Vic",No,,,,,,,,,,398728,,,,,,
,Griffith University,"170 Kessels Road, Nathan QLD 4111",Equipment Maintenance,10/04/2025,15477,Tecniplast Australia Pty Limited,"Lane Cove, Nsw",No,,,,,,,,,,398753,,,,,,
,Griffith University,"170 Kessels Road, Nathan QLD 4111",Building Construction & Maintenance,10/04/2025,27500,TW DENMAN PTY LTD,"Ashmore, Qld",No,,,,,,,,,,398711,,,,,,
,Griffith University,"170 Kessels Road, Nathan QLD 4111",Subscription/Licence Fees Software,10/04/2025,13563,WHO Collaborating Centre for Int Drug Mo,Sweden,No,,,,,,,,,,398727,,,,,,
,Griffith University,"170 Kessels Road, Nathan QLD 4111",Scientific Equipment,11/04/2025,35283,"New Life Scientific, Inc",United States,No,,,,,,,,,,398777,,,,,,
,Griffith University,"170 Kessels Road, Nathan QLD 4111",Audio Visual Equipment,11/04/2025,16500,Programmed Electrical Technologies Ltd,"Newstead, Qld",No,,,,,,,,,,398780,,,,,,
,Griffith University,"170 Kessels Road, Nathan QLD 4111",Subscription/Licence Fees Software,11/04/2025,4168782,VMware International Unlimited Company,"Sydney, Nsw",No,,Limited,b - (iii) The absence of competition for technical reasons which can only be supplied by a particular supplier and no reasonable alternative exists,,,,,,,398775,,,,,,
,Griffith University,"170 Kessels Road, Nathan QLD 4111",Consultancy Services,14/04/2025,40000,Darren Christopher Lukas,Indonesia,No,,,,,,,,,,398805,,,,,,
,Griffith University,"170 Kessels Road, Nathan QLD 4111",Subscription/Licence Fees Software,14/04/2025,112556,Higher Ed Services Pty Ltd,"Sydney, Nsw",No,,,,,,,,,,398795,,,,,,
,Griffith University,"170 Kessels Road, Nathan QLD 4111",Equipment Purchase,14/04/2025,63129,"Mesa Photonics, LLC",United States,No,,,,,,,,,,398796,,,,,,
,Griffith University,"170 Kessels Road, Nathan QLD 4111",Memberships/Subscriptions,15/04/2025,11000,Climate and Health Alliance,"Melbourne, Vic",No,,,,,,,,,,2120179,,,,,,
,Griffith University,"170 Kessels Road, Nathan QLD 4111",Consultancy Services,15/04/2025,39728,DYNATA GLOBAL AU PTY LTD,"Sydney, Nsw",No,,,,,,,,,,2125172,,,,,,
,Griffith University,"170 Kessels Road, Nathan QLD 4111",Patent Application Fee,15/04/2025,16633,FB Rice Pty Ltd,"Sydney South, Nsw",No,,,,,,,,,,2124734,,,,,,
,Griffith University,"170 Kessels Road, Nathan QLD 4111",Building Construction & Maintenance,15/04/2025,21750,SCHNEIDER ELECTRIC (AUSTRALIA) PTY LIMIT,"Macquarie Park, Nsw",No,,,,,,,,,,398837,,,,,,
,Griffith University,"170 Kessels Road, Nathan QLD 4111",Building Construction & Maintenance,16/04/2025,19443,ARNOLD ELECTRICAL & DATA INSTALLATIONS P,"Salisbury, Qld",No,,,,,,,,,,398871,,,,,,
,Griffith University,"170 Kessels Road, Nathan QLD 4111",Laboratory Consumables,16/04/2025,37903,Beckman Coulter Australia P/L,"Lane Cove, Nsw",No,,,,,,,,,,398861,,,,,,
,Griffith University,"170 Kessels Road, Nathan QLD 4111",Subscription/Licence Fees Software,16/04/2025,35200,INTELLIGENT BUSINESS RESEARCH SERVICES P,"Hazelbrook, Nsw",No,,,,,,,,,,398858,,,,,,
,Griffith University,"170 Kessels Road, Nathan QLD 4111",Building Construction & Maintenance,16/04/2025,65450,JENSEN BOWERS UNIT TRUST,Qld,No,,,,,,,,,,398880,,,,,,
,Griffith University,"170 Kessels Road, Nathan QLD 4111",Consultancy Services,16/04/2025,45000,QUEENSLAND FOREST CONSULTING SERVICES,"Beerwah, Qld",No,,,,,,,,,,398879,,,,,,
,Griffith University,"170 Kessels Road, Nathan QLD 4111",Patent Application Fee,16/04/2025,21125,Spruson & Ferguson Pty Limited,"Sydney, Nsw",No,,,,,,,,,,2128569 2170216,,,,,,
,Griffith University,"170 Kessels Road, Nathan QLD 4111",Computer Equipment,17/04/2025,11583,Computer Alliance Pty Ltd,"Mount Gravatt, Qld",No,,,,,,,,,,398907,,,,,,
,Griffith University,"170 Kessels Road, Nathan QLD 4111",Audit Fees,22/04/2025,43197,BDO SERVICES PTY LTD,"Brisbane, Qld",No,,,,,,,,,,2123225,,,,,,
,Griffith University,"170 Kessels Road, Nathan QLD 4111",Chemical/Biological Products,22/04/2025,14405,Bio-Strategy Pty Limited,"Campbellfield, Vic",No,,,,,,,,,,398924,,,,,,
,Griffith University,"170 Kessels Road, Nathan QLD 4111",Building Construction & Maintenance,22/04/2025,14947,Data Centre Services Australia Pty Ltd,"Eight Mile Plains, Qld",No,,,,,,,,,,398952,,,,,,
,Griffith University,"170 Kessels Road, Nathan QLD 4111",Hire/Lease Fees,22/04/2025,93118,Gold Coast Convention & Exhibition Centr,"Broadbeach, Qld",No,,,,,,,,,,398949,,,,,,
,Griffith University,"170 Kessels Road, Nathan QLD 4111",Consultancy Services,22/04/2025,15246,MARK GERARD BOATH,Qld,No,,,,,,,,,,398945,,,,,,
,Griffith University,"170 Kessels Road, Nathan QLD 4111",Consultancy Services,22/04/2025,20900,MURDOCH CHILDREN'S RESEARCH INSTITUTE,"Parkville, Vic",No,,,,,,,,,,2121436,,,,,,
,Griffith University,"170 Kessels Road, Nathan QLD 4111",Office Equipment,22/04/2025,53216,Premier Lockers,"North Sydney, Nsw",No,,,,,,,,,,2125651,,,,,,
,Griffith University,"170 Kessels Road, Nathan QLD 4111",Health & Safety Expenses,22/04/2025,15483,SANDY RIDGE PT PTY LTD,"Perth, Wa",No,,,,,,,,,,398925,,,,,,
,Griffith University,"170 Kessels Road, Nathan QLD 4111",Consultancy Services,23/04/2025,12144,Globalise Consulting,"Williamstown, Vic",No,,,,,,,,,,398955,,,,,,
,Griffith University,"170 Kessels Road, Nathan QLD 4111",Consultancy Services,23/04/2025,52800,Jagun Alliance Aboriginal Corporation,"Rosebank, Nsw",No,,,,,,,,,,398974,,,,,,
,Griffith University,"170 Kessels Road, Nathan QLD 4111",Equipment Maintenance,23/04/2025,16969,SKYPANEL (AUST) PTY LTD,"Burleigh Waters, Qld",No,,,,,,,,,,398965,,,,,,
,Griffith University,"170 Kessels Road, Nathan QLD 4111",Software Support Maintenance,23/04/2025,24748,WNS Global Services (Australia) Pty Ltd,"North Sydney, Nsw",No,,,,,,,,,,398975,,,,,,
,Griffith University,"170 Kessels Road, Nathan QLD 4111",Building Construction & Maintenance,24/04/2025,10945,Bligh Tanner Pty Ltd,"Fortitude Valley, Qld",No,,,,,,,,,,398983,,,,,,
,Griffith University,"170 Kessels Road, Nathan QLD 4111",Event Expenditure,24/04/2025,40700,BRISBANE CONVENTION AND EXHIBITION CENTR,"Brisbane, Qld",No,,,,,,,,,,398976,,,,,,
,Griffith University,"170 Kessels Road, Nathan QLD 4111",Subscription/Licence Fees Software,24/04/2025,30160,Class Technologies Inc,United States,No,,,,,,,,,,398987,,,,,,
,Griffith University,"170 Kessels Road, Nathan QLD 4111",Subscription/Licence Fees Software,24/04/2025,10247,Storm FX Distributions Pty Ltd,"Newtown, Nsw",No,,,,,,,,,,398986,,,,,,
,Griffith University,"170 Kessels Road, Nathan QLD 4111",Subscription/Licence Fees Software,24/04/2025,15664,Waste Action Resource Efficiency Ltd,United Kingdom,No,,,,,,,,,,398985,,,,,,
,Griffith University,"170 Kessels Road, Nathan QLD 4111",Subscription/Licence Fees Software,28/04/2025,311599,Appian Software Switzerland LLC,"Sydney, Nsw",No,,,,,,,,,,399019,,,,,,
,Griffith University,"170 Kessels Road, Nathan QLD 4111",Subscription/Licence Fees Software,28/04/2025,877183,CyberCX Pty Ltd,"Melbourne, Vic",No,,Limited,c - (ii) Would cause significant inconvenience or substantial duplication of costs for the procuring entity,,,,,,,399030,,,,,,
,Griffith University,"170 Kessels Road, Nathan QLD 4111",Building Construction & Maintenance,29/04/2025,20350,A1 Building & Property Solutions Pty Ltd,"The Gap, Qld",No,,,,,,,,,,399073,,,,,,
,Griffith University,"170 Kessels Road, Nathan QLD 4111",Scientific Equipment,29/04/2025,266873,Brightside Scientific Pty Ltd,"Tuggerah, Nsw",No,,,,,,,,,,399053,,,,,,
,Griffith University,"170 Kessels Road, Nathan QLD 4111",External Course Delivery,29/04/2025,33455,Corporate Prepaid Cards Pty Ltd,"Balmain, Nsw",No,,,,,,,,,,2123792,,,,,,
,Griffith University,"170 Kessels Road, Nathan QLD 4111",Building Construction & Maintenance,29/04/2025,37026,Dewpoint Air,"Newmarket, Qld",No,,,,,,,,,,399056,,,,,,
,Griffith University,"170 Kessels Road, Nathan QLD 4111",Building Construction & Maintenance,29/04/2025,12771,DEXION ACACIA RIDGE,"Acacia Ridge, Qld",No,,,,,,,,,,399067,,,,,,
,Griffith University,"170 Kessels Road, Nathan QLD 4111",Accreditation Fees,29/04/2025,19567,Dietitians Association of Australia,"Deakin, Act",No,,,,,,,,,,2126837,,,,,,
,Griffith University,"170 Kessels Road, Nathan QLD 4111",Legal Fees,29/04/2025,10768,McCullough Robertson Lawyers,"Brisbane, Qld",No,,,,,,,,,,2126265,,,,,,
,Griffith University,"170 Kessels Road, Nathan QLD 4111",Marketing Fees,29/04/2025,11483,Richmond Signs & Designs,"Southport, Qld",No,,,,,,,,,,399074,,,,,,
,Griffith University,"170 Kessels Road, Nathan QLD 4111",Marketing Fees,29/04/2025,10653,Richmond Signs & Designs,"Southport, Qld",No,,,,,,,,,,399075,,,,,,
,Griffith University,"170 Kessels Road, Nathan QLD 4111",Consultancy Services,29/04/2025,64614,The University of The South Pacific,Fiji,No,,,,,,,,,,2126847,,,,,,
,Griffith University,"170 Kessels Road, Nathan QLD 4111",Building Construction & Maintenance,30/04/2025,146850,ARNOLD ELECTRICAL & DATA INSTALLATIONS P,"Salisbury, Qld",No,,,,,,,,,,399100,,,,,,
,Griffith University,"170 Kessels Road, Nathan QLD 4111",Consultancy Services,30/04/2025,26536,CyberCX Pty Ltd,"Melbourne, Vic",No,,,,,,,,,,399087,,,,,,
,Griffith University,"170 Kessels Road, Nathan QLD 4111",Building Construction & Maintenance,30/04/2025,12345,E.D.C. SYSTEMS PTY LTD,"Cannon Hill, Qld",No,,,,,,,,,,399099,,,,,,
,Griffith University,"170 Kessels Road, Nathan QLD 4111",Building Construction & Maintenance,30/04/2025,202620,PLN PROJECTS PTY LTD,"Currumbin, Qld",No,,,,,,,,,,399102,,,,,,
,Griffith University,"170 Kessels Road, Nathan QLD 4111",Subscription/Licence Fees Software,1/05/2025,31251,Arkance Australia Pty Limited,"Brisbane, Qld",No,,,,,,,,,,399110,,,,,,
,Griffith University,"170 Kessels Road, Nathan QLD 4111",Building Construction & Maintenance,1/05/2025,10780,Aus Building-Performance Pty Ltd,"Manly, Qld",No,,,,,,,,,,399172,,,,,,
,Griffith University,"170 Kessels Road, Nathan QLD 4111",Computer Equipment,1/05/2025,179916,Dell Australia Pty Ltd,"Frenchs Forest, Nsw",No,,,,,,,,,,399157,,,,,,
,Griffith University,"170 Kessels Road, Nathan QLD 4111",Consultancy Services,1/05/2025,26675,Dimity Adams Psychology Pty Ltd,"Moggill, Qld",No,,,,,,,,,,399174,,,,,,
,Griffith University,"170 Kessels Road, Nathan QLD 4111",Subscription/Licence Fees Software,1/05/2025,11000,ESRI Australia,"Brisbane Albert Street, Qld",No,,,,,,,,,,399108,,,,,,
,Griffith University,"170 Kessels Road, Nathan QLD 4111",Chemical/Biological Products,1/05/2025,10195,Illumina Australia Pty Ltd,"Scoresby, Vic",No,,,,,,,,,,399128,,,,,,
,Griffith University,"170 Kessels Road, Nathan QLD 4111",Equipment Maintenance,1/05/2025,131294,In Vitro Technologies Pty Ltd,"Noble Park, Vic",No,,,,,,,,,,399114,,,,,,
,Griffith University,"170 Kessels Road, Nathan QLD 4111",Building Construction & Maintenance,1/05/2025,35200,LAB ARCHITECTS PTY LTD,"Chapel Hill, Qld",No,,,,,,,,,,399175,,,,,,
,Griffith University,"170 Kessels Road, Nathan QLD 4111",Office Equipment,1/05/2025,77322,Securcom Pty Ltd,"Brendale, Qld",No,,,,,,,,,,399116,,,,,,
,Griffith University,"170 Kessels Road, Nathan QLD 4111",Subscription/Licence Fees Software,1/05/2025,69090,Siteimprove Australia Pty Ltd,"Royal Exchange, Nsw",No,,,,,,,,,,399109,,,,,,
,Griffith University,"170 Kessels Road, Nathan QLD 4111",Building Construction & Maintenance,1/05/2025,43010,Steele Wrobel Pty Ltd,"Brisbane, Qld",No,,,,,,,,,,399162,,,,,,
,Griffith University,"170 Kessels Road, Nathan QLD 4111",Building Construction & Maintenance,1/05/2025,273098,The Trustee for Fireland Consultancy,"Toombul, Qld",No,,,,,,,,,,399113,,,,,,
,Griffith University,"170 Kessels Road, Nathan QLD 4111",Building Construction & Maintenance,2/05/2025,17050,AUDIO SYSTEMS LOGIC PTY LTD,"Fortitude Valley, Qld",No,,,,,,,,,,399184,,,,,,
,Griffith University,"170 Kessels Road, Nathan QLD 4111",Equipment Maintenance,2/05/2025,16368,Beckman Coulter Australia P/L,"Lane Cove, Nsw",No,,,,,,,,,,399192,,,,,,
,Griffith University,"170 Kessels Road, Nathan QLD 4111",Building Construction & Maintenance,2/05/2025,12210,E.D.C. SYSTEMS PTY LTD,"Cannon Hill, Qld",No,,,,,,,,,,399183,,,,,,
,Griffith University,"170 Kessels Road, Nathan QLD 4111",Hire/Lease Fees,2/05/2025,24288,Kennards Hire Pty Limited,"Seven Hills, Nsw",No,,,,,,,,,,399191,,,,,,
,Griffith University,"170 Kessels Road, Nathan QLD 4111",Building Construction & Maintenance,2/05/2025,48950,SCHNEIDER ELECTRIC (AUSTRALIA) PTY LIMIT,"Macquarie Park, Nsw",No,,,,,,,,,,399181,,,,,,
,Griffith University,"170 Kessels Road, Nathan QLD 4111",Building Construction & Maintenance,2/05/2025,84755,SCHNEIDER ELECTRIC (AUSTRALIA) PTY LIMIT,"Macquarie Park, Nsw",No,,,,,,,,,,399182,,,,,,
,Griffith University,"170 Kessels Road, Nathan QLD 4111",Equipment Purchase,6/05/2025,18018,In Vitro Technologies Pty Ltd,"Noble Park, Vic",No,,,,,,,,,,2125026,,,,,,
,Griffith University,"170 Kessels Road, Nathan QLD 4111",Memberships/Subscriptions,6/05/2025,17600,Intl Education Association of Aust Inc,"Melbourne, Vic",No,,,,,,,,,,2127090,,,,,,
,Griffith University,"170 Kessels Road, Nathan QLD 4111",Consultancy Services,6/05/2025,74205,MONTROC PTY LTD,"Hughes, Act",No,,,,,,,,,,2125606,,,,,,
,Griffith University,"170 Kessels Road, Nathan QLD 4111",Software Support Maintenance,6/05/2025,46706,Red Hat Asia-Pacific Pty Ltd,"North Sydney, Nsw",No,,,,,,,,,,399214,,,,,,
,Griffith University,"170 Kessels Road, Nathan QLD 4111",Event Expenditure,6/05/2025,10500,Senpu South Pty Ltd,"Underwood, Qld",No,,,,,,,,,,2127087,,,,,,
,Griffith University,"170 Kessels Road, Nathan QLD 4111",Consultancy Services,6/05/2025,13750,The Trustee for GrantEd Group Unit Trust,"Bentleigh, Vic",No,,,,,,,,,,2127304,,,,,,
,Griffith University,"170 Kessels Road, Nathan QLD 4111",Memberships/Subscriptions,6/05/2025,19041,University of Melbourne,"Melbourne, Vic",No,,,,,,,,,,2127683,,,,,,
,Griffith University,"170 Kessels Road, Nathan QLD 4111",Equipment Purchase,7/05/2025,25810,DAIKIN AUSTRALIA PTY LTD,"Chipping Norton, Nsw",No,,,,,,,,,,399238,,,,,,
,Griffith University,"170 Kessels Road, Nathan QLD 4111",Consultancy Services,7/05/2025,417450,Focus Professional Services Pty Ltd,"Brisbane, Qld",Yes,,,,,,,,,,399257 405014,,,,,,
,Griffith University,"170 Kessels Road, Nathan QLD 4111",Consultancy Services,7/05/2025,43200,MARSHALL ROBERT BUTTERWORTH,Qld,No,,,,,,,,,,399242,,,,,,
,Griffith University,"170 Kessels Road, Nathan QLD 4111",Consultancy Services,7/05/2025,27200,MARSHALL ROBERT BUTTERWORTH,Qld,No,,,,,,,,,,399243,,,,,,
,Griffith University,"170 Kessels Road, Nathan QLD 4111",Equipment Purchase,7/05/2025,84440,Menhir Photonics,Switzerland,No,,,,,,,,,,399237,,,,,,
,Griffith University,"170 Kessels Road, Nathan QLD 4111",Scientific Equipment,7/05/2025,245546,Modutek Corporation,United States,No,,,,,,,,,,399236,,,,,,
,Griffith University,"170 Kessels Road, Nathan QLD 4111",Building Construction & Maintenance,7/05/2025,10835,Pitch Black Engineering,"Brisbane, Qld",No,,,,,,,,,,399258,,,,,,
,Griffith University,"170 Kessels Road, Nathan QLD 4111",Building Construction & Maintenance,8/05/2025,3300000,Apollo Property Group,"Fortitude Valley, Qld",No,,Selective,,,,,,,,399310,,,,,,
,Griffith University,"170 Kessels Road, Nathan QLD 4111",Building Construction & Maintenance,8/05/2025,17974,ARBOR AUSTRALIS CONSULTING,"Sherwood, Qld",No,,,,,,,,,,399268,,,,,,
,Griffith University,"170 Kessels Road, Nathan QLD 4111",IT Equipment,8/05/2025,28454,Data #3 Limited,"Indooroopilly, Qld",No,,,,,,,,,,399289,,,,,,
,Griffith University,"170 Kessels Road, Nathan QLD 4111",Computer Equipment,8/05/2025,24695,Dell Australia Pty Ltd,"Frenchs Forest, Nsw",No,,,,,,,,,,399274,,,,,,
,Griffith University,"170 Kessels Road, Nathan QLD 4111",Equipment Maintenance,8/05/2025,21938,Gardner Denver Industries Pty Ltd,"Dandenong South, Vic",No,,,,,,,,,,399273,,,,,,
,Griffith University,"170 Kessels Road, Nathan QLD 4111",Subscription/Licence Fees Software,8/05/2025,32430,Gearset Limited,United Kingdom,No,,,,,,,,,,399296,,,,,,
,Griffith University,"170 Kessels Road, Nathan QLD 4111",Event Expenditure,8/05/2025,25646,Kai Catering,United Kingdom,No,,,,,,,,,,399270,,,,,,
,Griffith University,"170 Kessels Road, Nathan QLD 4111",Conference Expenses,8/05/2025,25905,Mantra on View Hotel,"Surfers Paradise, Qld",No,,,,,,,,,,399272,,,,,,
,Griffith University,"170 Kessels Road, Nathan QLD 4111",Building Construction & Maintenance,8/05/2025,13684,No Problems Just Solutions Pty Ltd,"Loganholme, Qld",No,,,,,,,,,,399269,,,,,,
,Griffith University,"170 Kessels Road, Nathan QLD 4111",Subscription/Licence Fees Software,8/05/2025,636716,Ping Identity Corporation,United States,No,,Selective,,,,,,,,399293,,,,,,
,Griffith University,"170 Kessels Road, Nathan QLD 4111",Printing Expenses,9/05/2025,52250,CPX Pty Ltd,"Newmarket, Kelvin Grove Bc, Qld",No,,,,,,,,,,399330,,,,,,
,Griffith University,"170 Kessels Road, Nathan QLD 4111",Software Support Maintenance,12/05/2025,84687,Dell Australia Pty Ltd,"Frenchs Forest, Nsw",No,,,,,,,,,,399362,,,,,,
,Griffith University,"170 Kessels Road, Nathan QLD 4111",Consultancy Services,12/05/2025,15675,Dimity Adams Psychology Pty Ltd,"Moggill, Qld",No,,,,,,,,,,399378,,,,,,
,Griffith University,"170 Kessels Road, Nathan QLD 4111",Equipment Maintenance,12/05/2025,21863,EVIDENT AUSTRALIA PTY LTD,"Macquarie Park, Nsw",No,,,,,,,,,,399379,,,,,,
,Griffith University,"170 Kessels Road, Nathan QLD 4111",Consultancy Services,12/05/2025,190190,Focus Professional Services Pty Ltd,"Brisbane, Qld",No,,,,,,,,,,399377,,,,,,
,Griffith University,"170 Kessels Road, Nathan QLD 4111",Consultancy Services,12/05/2025,35013,Healing Circle Mob Pty Ltd,"Darwin City, Nt",No,,,,,,,,,,399381,,,,,,
,Griffith University,"170 Kessels Road, Nathan QLD 4111",Equipment Purchase,13/05/2025,683582,Amcoss GmbH,Austria,No,,Limited,b - (iii) The absence of competition for technical reasons which can only be supplied by a particular supplier and no reasonable alternative exists,,,,,,,399398,,,,,,
,Griffith University,"170 Kessels Road, Nathan QLD 4111",Conference Expenses,13/05/2025,71340,Australian Human Resources Institute,"Melbourne, Vic",No,,,,,,,,,,399403,,,,,,
,Griffith University,"170 Kessels Road, Nathan QLD 4111",Consultancy Services,13/05/2025,10340,Australian National University,"Acton, Act",No,,,,,,,,,,399395,,,,,,
,Griffith University,"170 Kessels Road, Nathan QLD 4111",Equipment Purchase,13/05/2025,17483,Cekora,France,No,,,,,,,,,,399401,,,,,,
,Griffith University,"170 Kessels Road, Nathan QLD 4111",Consultancy Services,13/05/2025,54336,Coolmine Therapeutic Community,Ireland,No,,,,,,,,,,399391,,,,,,
,Griffith University,"170 Kessels Road, Nathan QLD 4111",Scientific Equipment,13/05/2025,26366,Eppendorf South Pacific Pty Ltd,"North Ryde, Nsw",No,,,,,,,,,,399387,,,,,,
,Griffith University,"170 Kessels Road, Nathan QLD 4111",Event Expenditure,13/05/2025,31259,Movenpick Resort & Spa Jimbaran Bali,Indonesia,No,,,,,,,,,,2127887 2128288,,,,,,
,Griffith University,"170 Kessels Road, Nathan QLD 4111",Scientific Equipment,13/05/2025,23514,PalmSens BV,Netherlands,No,,,,,,,,,,399394,,,,,,
,Griffith University,"170 Kessels Road, Nathan QLD 4111",Scientific Equipment,13/05/2025,14476,PalmSens BV,Netherlands,No,,,,,,,,,,399400,,,,,,
,Griffith University,"170 Kessels Road, Nathan QLD 4111",Event Expenditure,13/05/2025,17600,Queensland Art Gallery,"Sth Brisbane, Qld",No,,,,,,,,,,399396,,,,,,
,Griffith University,"170 Kessels Road, Nathan QLD 4111",External Course Delivery,13/05/2025,11440,Yanto Migration,"Kelvin Grove, Qld",No,,,,,,,,,,399410,,,,,,
,Griffith University,"170 Kessels Road, Nathan QLD 4111",Scientific Equipment,14/05/2025,22000,Brightside Scientific Pty Ltd,"Tuggerah, Nsw",No,,,,,,,,,,399465,,,,,,
,Griffith University,"170 Kessels Road, Nathan QLD 4111",Building Construction & Maintenance,14/05/2025,555324,DLG SHAPE (QLD) PTY LIMITED,"Brisbane City, Qld",No,,Selective,,,,,,,,399474,,,,,,
,Griffith University,"170 Kessels Road, Nathan QLD 4111",Vehicle Acquisition,14/05/2025,84498,LEXUS OF SOUTHPORT,"Southport, Qld",No,,,,,,,,,,399460,,,,,,
,Griffith University,"170 Kessels Road, Nathan QLD 4111",Scientific Equipment,14/05/2025,55439,Thermo Fisher Scientific Australia,"Scoresby, Vic",No,,,,,,,,,,399466,,,,,,
,Griffith University,"170 Kessels Road, Nathan QLD 4111",Consultancy Services,15/05/2025,22000,University of Melbourne,"Melbourne, Vic",No,,,,,,,,,,399483,,,,,,
,Griffith University,"170 Kessels Road, Nathan QLD 4111",Scientific Equipment,16/05/2025,25233,Bio-Strategy Pty Limited,"Campbellfield, Vic",No,,,,,,,,,,399518,,,,,,
,Griffith University,"170 Kessels Road, Nathan QLD 4111",Scientific Equipment,16/05/2025,54450,Bio-Strategy Pty Limited,"Campbellfield, Vic",No,,,,,,,,,,399543,,,,,,
,Griffith University,"170 Kessels Road, Nathan QLD 4111",Building Construction & Maintenance,16/05/2025,5087294,FDC Construction & Fitout (QLD) Pty Limi,"Fortitude Valley, Qld",Yes,,Selective,,,,,,,,399541,,,,,,
,Griffith University,"170 Kessels Road, Nathan QLD 4111",Consultancy Services,16/05/2025,216155,FLORIPA CAPITAL PTY LTD,"Bondi Beach, Nsw",No,,,,,,,,,,399526,,,,,,
,Griffith University,"170 Kessels Road, Nathan QLD 4111",Consultancy Services,16/05/2025,10795,Murdoch University,"Murdoch, Wa",No,,,,,,,,,,399525,,,,,,
,Griffith University,"170 Kessels Road, Nathan QLD 4111",Building Construction & Maintenance,16/05/2025,244332,VERIS AUSTRALIA PTY LTD,"Milton, Qld",Yes,,,,,,,,,,399539,,,,,,
,Griffith University,"170 Kessels Road, Nathan QLD 4111",Consultancy Services,17/05/2025,15906,KELVIN ROSS O'HALLORAN,Qld,No,,,,,,,,,,399572,,,,,,
,Griffith University,"170 Kessels Road, Nathan QLD 4111",Computer Equipment,19/05/2025,12807,AFTERSHOCK PC PTY LTD,"West Melbourne, Vic",No,,,,,,,,,,399606,,,,,,
,Griffith University,"170 Kessels Road, Nathan QLD 4111",Building Construction & Maintenance,19/05/2025,10025,ARNOLD ELECTRICAL & DATA INSTALLATIONS P,"Salisbury, Qld",No,,,,,,,,,,399613,,,,,,
,Griffith University,"170 Kessels Road, Nathan QLD 4111",Building Construction & Maintenance,19/05/2025,542930,CARSELDINE AIR CONDITIONING PTY. LTD.,"Everton Hills, Qld",No,,Selective,,,,,,,,399618,,,,,,
,Griffith University,"170 Kessels Road, Nathan QLD 4111",Equipment Purchase,19/05/2025,164669,Life Fitness Australia Pty Ltd,"Geebung, Qld",No,,,,,,,,,,399600,,,,,,
,Griffith University,"170 Kessels Road, Nathan QLD 4111",Subscription/Licence Fees Software,19/05/2025,248930,Oracle Corporation Australia Pty Ltd,"Sydney, Nsw",No,,,,,,,,,,399607,,,,,,
,Griffith University,"170 Kessels Road, Nathan QLD 4111",Building Construction & Maintenance,19/05/2025,18487,Pothole People QLD,"Hemmant, Qld",No,,,,,,,,,,399597,,,,,,
,Griffith University,"170 Kessels Road, Nathan QLD 4111",Building Construction & Maintenance,19/05/2025,528803,Premis Solutions Pty Ltd,"Toowong, Qld",No,,Selective,,,,,,,,399619,,,,,,
,Griffith University,"170 Kessels Road, Nathan QLD 4111",Consultancy Services,19/05/2025,15000,TNC Pacific Consulting,"Annerley, Qld",No,,,,,,,,,,399609,,,,,,
,Griffith University,"170 Kessels Road, Nathan QLD 4111",Scientific Equipment,19/05/2025,13030,VET1 PTY LTD,"Coomera, Qld",No,,,,,,,,,,399605,,,,,,
,Griffith University,"170 Kessels Road, Nathan QLD 4111",Accreditation Fees,20/05/2025,11344,AACSB International,United States,No,,,,,,,,,,2129204,,,,,,
,Griffith University,"170 Kessels Road, Nathan QLD 4111",Consultancy Services,20/05/2025,41763,Autonomous Bougainville Government,Papua New Guinea,No,,,,,,,,,,2128278,,,,,,
,Griffith University,"170 Kessels Road, Nathan QLD 4111",Subscription/Licence Fees Software,20/05/2025,121413,Blackbaud Pacific Pty Ltd,"North Sydney, Nsw",No,,,,,,,,,,399630,,,,,,
,Griffith University,"170 Kessels Road, Nathan QLD 4111",Software Support Maintenance,20/05/2025,10126,Data #3 Limited,"Indooroopilly, Qld",No,,,,,,,,,,399628,,,,,,
,Griffith University,"170 Kessels Road, Nathan QLD 4111",Health & Safety Expenses,20/05/2025,18552,Elite Test & Tag Brisbane South,"Holland Park West, Qld",No,,,,,,,,,,2126853,,,,,,
,Griffith University,"170 Kessels Road, Nathan QLD 4111",Subscription/Licence Fees Software,20/05/2025,12492,Experian Australia t/a QAS Pty Ltd,"Melbourne, Vic",No,,,,,,,,,,399627,,,,,,
,Griffith University,"170 Kessels Road, Nathan QLD 4111",Consultancy Services,20/05/2025,65945,SCYNE ADVISORY PTY LTD,"Canberra, Act",No,,,,,,,,,,399629,,,,,,
,Griffith University,"170 Kessels Road, Nathan QLD 4111",Consultancy Services,20/05/2025,63800,THE EXPERIENCE ERA PTY LTD,"Sandy Bay, Tas",No,,,,,,,,,,2128826 2137399 2138078,,,,,,
,Griffith University,"170 Kessels Road, Nathan QLD 4111",Hire/Lease Fees,21/05/2025,13332,Corporate Stage Solutions,"Coorparoo Bc, Qld",No,,,,,,,,,,399656,,,,,,
,Griffith University,"170 Kessels Road, Nathan QLD 4111",Hire/Lease Fees,21/05/2025,13222,Corporate Stage Solutions,"Coorparoo Bc, Qld",No,,,,,,,,,,399657,,,,,,
,Griffith University,"170 Kessels Road, Nathan QLD 4111",Computer Equipment,21/05/2025,244278,Data #3 Limited,"Indooroopilly, Qld",No,,,,,,,,,,399662,,,,,,
,Griffith University,"170 Kessels Road, Nathan QLD 4111",Building Construction & Maintenance,22/05/2025,55000,A1 Building & Property Solutions Pty Ltd,"The Gap, Qld",No,,,,,,,,,,399684,,,,,,
,Griffith University,"170 Kessels Road, Nathan QLD 4111",Event Expenditure,22/05/2025,34144,HARVEST ON QUEEN PTY LTD,"Brisbane City, Qld",No,,,,,,,,,,399705,,,,,,
,Griffith University,"170 Kessels Road, Nathan QLD 4111",Equipment Purchase,23/05/2025,16566,Ourmobs Investments Pty Ltd,"Molendinar, Qld",No,,,,,,,,,,399713,,,,,,
,Griffith University,"170 Kessels Road, Nathan QLD 4111",Building Construction & Maintenance,26/05/2025,21230,Bligh Tanner Pty Ltd,"Fortitude Valley, Qld",No,,,,,,,,,,399756,,,,,,
,Griffith University,"170 Kessels Road, Nathan QLD 4111",Scientific Equipment,26/05/2025,52217,Eppendorf South Pacific Pty Ltd,"North Ryde, Nsw",No,,,,,,,,,,399753,,,,,,
,Griffith University,"170 Kessels Road, Nathan QLD 4111",Scientific Equipment,26/05/2025,25302,KNAUER Wissenschaftliche Gerate GmbH,Germany,No,,,,,,,,,,399750,,,,,,
,Griffith University,"170 Kessels Road, Nathan QLD 4111",Consultancy Services,26/05/2025,810540,TimeEdit AB,Sweden,No,,Selective,,,,,,,,399751,,,,,,
,Griffith University,"170 Kessels Road, Nathan QLD 4111",Building Construction & Maintenance,27/05/2025,14119372,Apollo Property Group,"Fortitude Valley, Qld",Yes,,Selective,,AS2124-1992 - Special Conditions of Contract ,4,"Task appreciation, program, methodology 35, Previous experience /Project Team and Capability 35, Impact procurement 15 and Local Benefits Test 15",As per Project Management Plan,As per Project Management Plan,As per the contract and Project Management Plan,399781,,,,,,
,Griffith University,"170 Kessels Road, Nathan QLD 4111",Building Construction & Maintenance,27/05/2025,11363,ARCHITECTUS AUSTRALIA PTY LTD,"Melbourne, Vic",No,,,,,,,,,,2130534,,,,,,
,Griffith University,"170 Kessels Road, Nathan QLD 4111",Consultancy Services,27/05/2025,13948,Australian Institute of Health & Welfare,"Canberra, Act",No,,,,,,,,,,2127697,,,,,,
,Griffith University,"170 Kessels Road, Nathan QLD 4111",Equipment Maintenance,27/05/2025,31376,Bio-Strategy Pty Limited,"Campbellfield, Vic",No,,,,,,,,,,399812,,,,,,
,Griffith University,"170 Kessels Road, Nathan QLD 4111",Audio Visual Equipment,27/05/2025,154757,BSG Brisbane Sound Group,"Northgate, Qld",No,,,,,,,,,,399804,,,,,,
,Griffith University,"170 Kessels Road, Nathan QLD 4111",Audio Visual Equipment,27/05/2025,11903,BSG Brisbane Sound Group,"Northgate, Qld",No,,,,,,,,,,399805,,,,,,
,Griffith University,"170 Kessels Road, Nathan QLD 4111",Consultancy Services,27/05/2025,649963,Chengdu Olymvax Biopharmaceuticals Inc.,China,No,,Limited,"b - (ii) For the protection of patents, copyrights or other exclusive rights which can only be supplied by a particular supplier and no reasonable alternative exists",,,,,,,2129527 2168704,,,,,,
,Griffith University,"170 Kessels Road, Nathan QLD 4111",External Course Delivery,27/05/2025,33455,Corporate Prepaid Cards Pty Ltd,"Balmain, Nsw",No,,,,,,,,,,2127693,,,,,,
,Griffith University,"170 Kessels Road, Nathan QLD 4111",Consultancy Services,27/05/2025,40912,Data #3 Limited,"Indooroopilly, Qld",No,,,,,,,,,,399822,,,,,,
,Griffith University,"170 Kessels Road, Nathan QLD 4111",Subscription/Licence Fees Software,27/05/2025,15743,"Footage Firm, Inc",United States,No,,,,,,,,,,399821,,,,,,
,Griffith University,"170 Kessels Road, Nathan QLD 4111",Consultancy Services,27/05/2025,13260,Hatzis Family Trust,Qld,No,,,,,,,,,,399818,,,,,,
,Griffith University,"170 Kessels Road, Nathan QLD 4111",Consultancy Services,27/05/2025,18000,LS Generaldienstleister,Germany,No,,,,,,,,,,399783,,,,,,
,Griffith University,"170 Kessels Road, Nathan QLD 4111",Consultancy Services,27/05/2025,293975,MOQdigital Pty Ltd,"Spring Hill, Qld",No,,,,,,,,,,399825,,,,,,
,Griffith University,"170 Kessels Road, Nathan QLD 4111",Conference Expenses,27/05/2025,10950,NATIONAL LEADERSHIP FORUM PTY LTD,"Thornleigh, Nsw",No,,,,,,,,,,2128591,,,,,,
,Griffith University,"170 Kessels Road, Nathan QLD 4111",Marketing Fees,27/05/2025,44000,Playbk Sports Tech,"Mermaid Beach, Qld",No,,,,,,,,,,2129480 2135425 2136777,,,,,,
,Griffith University,"170 Kessels Road, Nathan QLD 4111",Memberships/Subscriptions,27/05/2025,29216,Queensland Futures Institute Ltd,"Brisbane, Qld",No,,,,,,,,,,2130533,,,,,,
,Griffith University,"170 Kessels Road, Nathan QLD 4111",Event Expenditure,27/05/2025,15004,Richmond Signs & Designs,"Southport, Qld",No,,,,,,,,,,2130928,,,,,,
,Griffith University,"170 Kessels Road, Nathan QLD 4111",Building Construction & Maintenance,27/05/2025,10725,T&M Tree Services,"Buccan, Qld",No,,,,,,,,,,399786,,,,,,
,Griffith University,"170 Kessels Road, Nathan QLD 4111",Audio Visual Equipment,27/05/2025,29518,Turramurra Music Pty Ltd,"Turramurra, Nsw",No,,,,,,,,,,399809,,,,,,
,Griffith University,"170 Kessels Road, Nathan QLD 4111",Building Construction & Maintenance,28/05/2025,23279,All Purpose Removals,"Archerfield, Qld",No,,,,,,,,,,399868,,,,,,
,Griffith University,"170 Kessels Road, Nathan QLD 4111",Building Construction & Maintenance,28/05/2025,13615,Australian Fire Services Testing Pty Ltd,"67 Melville Tce , Wynnum, Qld",No,,,,,,,,,,399863,,,,,,
,Griffith University,"170 Kessels Road, Nathan QLD 4111",Building Construction & Maintenance,28/05/2025,20570,Bligh Tanner Pty Ltd,"Fortitude Valley, Qld",No,,,,,,,,,,399867,,,,,,
,Griffith University,"170 Kessels Road, Nathan QLD 4111",Building Construction & Maintenance,28/05/2025,10102,Videopro Pty Ltd,"Eagle Farm, Qld",No,,,,,,,,,,399851,,,,,,
,Griffith University,"170 Kessels Road, Nathan QLD 4111",Consultancy Services,29/05/2025,14300,BAIDAM SOLUTIONS PTY LTD,"Brisbane, Qld",No,,,,,,,,,,399890,,,,,,
,Griffith University,"170 Kessels Road, Nathan QLD 4111",Consultancy Services,29/05/2025,15400,Blackbook AI,"Brisbane, Qld",No,,,,,,,,,,399911,,,,,,
,Griffith University,"170 Kessels Road, Nathan QLD 4111",Scientific Equipment,29/05/2025,30076,Nikon Australia Pty Ltd,"Rhodes, Nsw",No,,,,,,,,,,399887,,,,,,
,Griffith University,"170 Kessels Road, Nathan QLD 4111",Software Support Maintenance,29/05/2025,27119,Oracle Corporation Australia Pty Ltd,"Sydney, Nsw",No,,,,,,,,,,399892,,,,,,
,Griffith University,"170 Kessels Road, Nathan QLD 4111",Building Construction & Maintenance,29/05/2025,262653,Premis Solutions Pty Ltd,"Toowong, Qld",No,,,,,,,,,,399903,,,,,,
,Griffith University,"170 Kessels Road, Nathan QLD 4111",Subscription/Licence Fees Software,29/05/2025,470078,Salesforce,"Sydney, Nsw",No,,,,,,,,,,399891,,,,,,
,Griffith University,"170 Kessels Road, Nathan QLD 4111",Subscription/Licence Fees Software,29/05/2025,16886,SlideRoom Technologies Inc,United States,No,,,,,,,,,,399912,,,,,,
,Griffith University,"170 Kessels Road, Nathan QLD 4111",Consultancy Services,29/05/2025,30580,The Trustee for SLTC1 Trust,"Broadbeach Waters, Qld",No,,,,,,,,,,399889,,,,,,
,Griffith University,"170 Kessels Road, Nathan QLD 4111",Building Construction & Maintenance,30/05/2025,34485,Crown Mechanical Electrical Pty Ltd,"Rochedale South, Qld",No,,,,,,,,,,399937,,,,,,
,Griffith University,"170 Kessels Road, Nathan QLD 4111",Building Construction & Maintenance,30/05/2025,21867,E.D.C. SYSTEMS PTY LTD,"Cannon Hill, Qld",No,,,,,,,,,,399938,,,,,,
,Griffith University,"170 Kessels Road, Nathan QLD 4111",Legal Fees,30/05/2025,72039,McCullough Robertson Lawyers,"Brisbane, Qld",No,,,,,,,,,,399948,,,,,,
,Griffith University,"170 Kessels Road, Nathan QLD 4111",Consultancy Services,30/05/2025,67760,Perrett Laver Pty Ltd,"Darlinghurst, Nsw",No,,,,,,,,,,399943,,,,,,
,Griffith University,"170 Kessels Road, Nathan QLD 4111",Building Construction & Maintenance,31/05/2025,22661,Signature Projects Pty Ltd,"Rochedale South, Qld",No,,,,,,,,,,399960,,,,,,
,Griffith University,"170 Kessels Road, Nathan QLD 4111",Software Support Maintenance,1/06/2025,1385967,CyberCX Pty Ltd,"Melbourne, Vic",No,,Limited,c - (ii) Would cause significant inconvenience or substantial duplication of costs for the procuring entity,,,,,,,399965,,,,,,
,Griffith University,"170 Kessels Road, Nathan QLD 4111",Equipment Maintenance,2/06/2025,88281,Becton Dickinson Pty Ltd,"Eight Mile Plains, Qld",No,,,,,,,,,,399966,,,,,,
,Griffith University,"170 Kessels Road, Nathan QLD 4111",IT Equipment,2/06/2025,15131,Dell Australia Pty Ltd,"Frenchs Forest, Nsw",No,,,,,,,,,,399987,,,,,,
,Griffith University,"170 Kessels Road, Nathan QLD 4111",Scientific Equipment,2/06/2025,52217,Eppendorf South Pacific Pty Ltd,"North Ryde, Nsw",No,,,,,,,,,,399976,,,,,,
,Griffith University,"170 Kessels Road, Nathan QLD 4111",Scientific Equipment,2/06/2025,246147,Getinge Australia Pty Ltd,"Chatswood, Nsw",No,,,,,,,,,,399992,,,,,,
,Griffith University,"170 Kessels Road, Nathan QLD 4111",Scientific Equipment,2/06/2025,66926,Qiagen Pty Ltd,"Chadstone, Vic",No,,,,,,,,,,399988,,,,,,
,Griffith University,"170 Kessels Road, Nathan QLD 4111",Scientific Equipment,3/06/2025,11228,ANDI-CO AUSTRALIA PTY. LTD.,"Oakleigh, Vic",No,,,,,,,,,,400021,,,,,,
,Griffith University,"170 Kessels Road, Nathan QLD 4111",Electricity / Gas Supply,3/06/2025,18912,BOC Limited,"Chatswood, Nsw",No,,,,,,,,,,400005,,,,,,
,Griffith University,"170 Kessels Road, Nathan QLD 4111",Event Expenditure,3/06/2025,14119,Bureau of Socio-economic Research and Tr,Bangladesh,No,,,,,,,,,,2131774,,,,,,
,Griffith University,"170 Kessels Road, Nathan QLD 4111",Memberships/Subscriptions,3/06/2025,39493,EX LIBRIS (AUSTRALIA) PTY LTD,"Dulwich, Sa",No,,,,,,,,,,2129014,,,,,,
,Griffith University,"170 Kessels Road, Nathan QLD 4111",Consultancy Services,3/06/2025,38500,MIROMA PROJECT FACTORY,"Sydney, Nsw",No,,,,,,,,,,2132079,,,,,,
,Griffith University,"170 Kessels Road, Nathan QLD 4111",Audit Fees,3/06/2025,33352,The Trustee for SW Accountants & Advisor,"Melbourne, Vic",No,,,,,,,,,,400027,,,,,,
,Griffith University,"170 Kessels Road, Nathan QLD 4111",Laboratory Consumables,4/06/2025,30000,Auchtek International Pty Ltd,"Carindale, Qld",No,,,,,,,,,,400079,,,,,,
,Griffith University,"170 Kessels Road, Nathan QLD 4111",Consultancy Services,4/06/2025,97240,GRIPFAST CONSULTING PTY LTD,"Spring Hill, Qld",No,,,,,,,,,,400087,,,,,,
,Griffith University,"170 Kessels Road, Nathan QLD 4111",Legal Fees,5/06/2025,10628,Gadens Lawyers,"Brisbane, Qld",No,,,,,,,,,,400104 401648,,,,,,
,Griffith University,"170 Kessels Road, Nathan QLD 4111",Subscription/Licence Fees Software,5/06/2025,11935,Insight Enterprises Australia Pty Ltd,"Brookvale, Nsw",No,,,,,,,,,,400099,,,,,,
,Griffith University,"170 Kessels Road, Nathan QLD 4111",Software Support Maintenance,5/06/2025,51589,"Kinetic Software, Inc.",United States,No,,,,,,,,,,400094,,,,,,
,Griffith University,"170 Kessels Road, Nathan QLD 4111",Consultancy Services,5/06/2025,44000,Miller Hill Partners Pty Limited,"Middle Cove, Nsw",No,,,,,,,,,,400106,,,,,,
,Griffith University,"170 Kessels Road, Nathan QLD 4111",Scientific Equipment,5/06/2025,25761,Nikon Australia Pty Ltd,"Rhodes, Nsw",No,,,,,,,,,,400123,,,,,,
,Griffith University,"170 Kessels Road, Nathan QLD 4111",Subscription/Licence Fees Software,5/06/2025,328829,Salesforce,"Sydney, Nsw",No,,,,,,,,,,400107,,,,,,
,Griffith University,"170 Kessels Road, Nathan QLD 4111",Chemical/Biological Products,5/06/2025,22490,Scientifix Pty Ltd,"Clayton, Vic",No,,,,,,,,,,400092,,,,,,
,Griffith University,"170 Kessels Road, Nathan QLD 4111",Scientific Equipment,5/06/2025,36163,Scitek Australia Pty Ltd,"Milsons Point, Nsw",No,,,,,,,,,,400115,,,,,,
,Griffith University,"170 Kessels Road, Nathan QLD 4111",Building Construction & Maintenance,5/06/2025,10996,STEADFAST PROJECTS PTY LTD,"Upper Kedron, Qld",No,,,,,,,,,,400103,,,,,,
,Griffith University,"170 Kessels Road, Nathan QLD 4111",Scientific Equipment,5/06/2025,69366,Thermo Fisher Scientific Australia,"Scoresby, Vic",No,,,,,,,,,,400119,,,,,,
,Griffith University,"170 Kessels Road, Nathan QLD 4111",Consultancy Services,6/06/2025,33000,Deloitte Touche Tohmatsu,"Brisbane City, Qld",No,,,,,,,,,,400159,,,,,,
,Griffith University,"170 Kessels Road, Nathan QLD 4111",Consultancy Services,6/06/2025,57750,NATURE SYDNEY PTY LTD,"Lavender Bay, Nsw",No,,,,,,,,,,400154,,,,,,
,Griffith University,"170 Kessels Road, Nathan QLD 4111",Consultancy Services,6/06/2025,110000,The Growth Drivers Pty Ltd,"Brisbane City, Qld",No,,,,,,,,,,400158,,,,,,
,Griffith University,"170 Kessels Road, Nathan QLD 4111",Laboratory Consumables,9/06/2025,13200,Bio-Rad Laboratories Pty Ltd,"South Granville, Nsw",No,,,,,,,,,,400180,,,,,,
,Griffith University,"170 Kessels Road, Nathan QLD 4111",Consultancy Services,9/06/2025,46200,Equity By Design Pty Ltd,"Burnswick, Vic",No,,,,,,,,,,400166,,,,,,
,Griffith University,"170 Kessels Road, Nathan QLD 4111",Subscription/Licence Fees Software,9/06/2025,35144,Greenhills Media Pty Ltd,"Briar Hill, Vic",No,,,,,,,,,,400167,,,,,,
,Griffith University,"170 Kessels Road, Nathan QLD 4111",Consultancy Services,9/06/2025,62645,PHILIP CHUN BC QLD PTY LTD,"City East, Qld",No,,,,,,,,,,400200,,,,,,
,Griffith University,"170 Kessels Road, Nathan QLD 4111",Consultancy Services,9/06/2025,189010,THE TRUSTEE FOR NETTLETON TRIBE PRACTICE,"Spring Hill, Qld",No,,,,,,,,,,400202,,,,,,
,Griffith University,"170 Kessels Road, Nathan QLD 4111",Consultancy Services,9/06/2025,52250,Turner & Townsend Pty Ltd,"Brisbane, Qld",No,,,,,,,,,,400201,,,,,,
,Griffith University,"170 Kessels Road, Nathan QLD 4111",Laboratory Consumables,10/06/2025,99491,Bio-Strategy Pty Limited,"Campbellfield, Vic",No,,,,,,,,,,400218,,,,,,
,Griffith University,"170 Kessels Road, Nathan QLD 4111",Scientific Equipment,10/06/2025,10824,ProSciTech Pty Ltd,"Thuringowa, Qld",No,,,,,,,,,,400231,,,,,,
,Griffith University,"170 Kessels Road, Nathan QLD 4111",Event Expenditure,10/06/2025,103523,SOFITEL BRISBANE CENTRAL,"Brisbane City, Qld",No,,,,,,,,,,2133109,,,,,,
,Griffith University,"170 Kessels Road, Nathan QLD 4111",Building Construction & Maintenance,11/06/2025,24063,M3ARCHITECTURE,"Petrie Terrace, Qld",No,,,,,,,,,,400264,,,,,,
,Griffith University,"170 Kessels Road, Nathan QLD 4111",Consultancy Services,11/06/2025,1089000,Queensland Institute of Medical Research,"Royal Brisbane Hospital, Qld",No,,Limited,b - (iii) The absence of competition for technical reasons which can only be supplied by a particular supplier and no reasonable alternative exists,,,,,,,400256,,,,,,
,Griffith University,"170 Kessels Road, Nathan QLD 4111",Consultancy Services,11/06/2025,10846,The Trustee for 28 South Environmental T,"Fortitude Valley, Qld",No,,,,,,,,,,400288,,,,,,
,Griffith University,"170 Kessels Road, Nathan QLD 4111",Laboratory Consumables,12/06/2025,27500,Adec Australia,"Mascot, Nsw",No,,,,,,,,,,400297,,,,,,
,Griffith University,"170 Kessels Road, Nathan QLD 4111",Laboratory Consumables,12/06/2025,49500,ALPHA PROTECTIVE TECHNOLOGIES PTY LTD,"North Wollongong, Nsw",No,,,,,,,,,,400300,,,,,,
,Griffith University,"170 Kessels Road, Nathan QLD 4111",Laboratory Consumables,12/06/2025,55000,Alphabond Dental Pty Ltd,"Willoughby, Nsw",No,,,,,,,,,,400301,,,,,,
,Griffith University,"170 Kessels Road, Nathan QLD 4111",Laboratory Consumables,12/06/2025,33000,AMALGADENT DENTAL PTY LTD,"Elsternwick, Vic",No,,,,,,,,,,400302,,,,,,
,Griffith University,"170 Kessels Road, Nathan QLD 4111",Laboratory Consumables,12/06/2025,165000,Ansell Healthcare,"Melbourne, Vic",No,,,,,,,,,,400303,,,,,,
,Griffith University,"170 Kessels Road, Nathan QLD 4111",Laboratory Consumables,12/06/2025,44000,AQUA TERRA OIL AND MINERAL SERVICE AND S,"Eagle Farm, Qld",No,,,,,,,,,,400304,,,,,,
,Griffith University,"170 Kessels Road, Nathan QLD 4111",Laboratory Consumables,12/06/2025,11000,Australian Mouth Guards,"Mandurah, Wa",No,,,,,,,,,,400305,,,,,,
,Griffith University,"170 Kessels Road, Nathan QLD 4111",Laboratory Consumables,12/06/2025,49500,Becton Dickinson Pty Ltd,"Eight Mile Plains, Qld",No,,,,,,,,,,400307,,,,,,
,Griffith University,"170 Kessels Road, Nathan QLD 4111",Laboratory Consumables,12/06/2025,27500,Blackwoods,"Goodna, Qld",No,,,,,,,,,,400308,,,,,,
,Griffith University,"170 Kessels Road, Nathan QLD 4111",Laboratory Consumables,12/06/2025,38500,Clifford Hallam Healthcare Pty Ltd,"Riverwood, Nsw",No,,,,,,,,,,400310,,,,,,
,Griffith University,"170 Kessels Road, Nathan QLD 4111",Equipment Purchase,12/06/2025,19684,COMMERCIAL KITCHEN STORE AUSTRALIA PTY L,"Granville, Nsw",No,,,,,,,,,,400326,,,,,,
,Griffith University,"170 Kessels Road, Nathan QLD 4111",Consultancy Services,12/06/2025,24358,Complexability Pty Ltd,"Albany Creek, Qld",No,,,,,,,,,,400293,,,,,,
,Griffith University,"170 Kessels Road, Nathan QLD 4111",Building Construction & Maintenance,12/06/2025,16720,Crown Mechanical Electrical Pty Ltd,"Rochedale South, Qld",No,,,,,,,,,,400315,,,,,,
,Griffith University,"170 Kessels Road, Nathan QLD 4111",Laboratory Consumables,12/06/2025,275000,Dentavision Pty Ltd,"Castle Hill, Nsw",No,,,,,,,,,,400291,,,,,,
,Griffith University,"170 Kessels Road, Nathan QLD 4111",Laboratory Consumables,12/06/2025,275000,Dentsply Sirona Pty Ltd,"Mount Waverley, Vic",No,,,,,,,,,,400292,,,,,,
,Griffith University,"170 Kessels Road, Nathan QLD 4111",Laboratory Consumables,12/06/2025,10450,G & K COYLE PTY LTD,"Molendinar, Qld",No,,,,,,,,,,400309,,,,,,
,Griffith University,"170 Kessels Road, Nathan QLD 4111",Consultancy Services,12/06/2025,2401489,Hassell Limited,"Melbourne, Vic",No,,Selective,,,,,,,,400331,,,,,,
,Griffith University,"170 Kessels Road, Nathan QLD 4111",Laboratory Consumables,12/06/2025,275000,Henry Schein Regional Trust,"South Brisbane, Qld",No,,,,,,,,,,400295,,,,,,
,Griffith University,"170 Kessels Road, Nathan QLD 4111",Laboratory Consumables,12/06/2025,275000,IFC GROUP AUSTRALIA PTY LTD,"Nunawading, Vic",No,,,,,,,,,,400296,,,,,,
,Griffith University,"170 Kessels Road, Nathan QLD 4111",Laboratory Consumables,12/06/2025,55000,Ivoclar Vivadent Pty. Ltd.,"Noble Park North, Vic",No,,,,,,,,,,400314,,,,,,
,Griffith University,"170 Kessels Road, Nathan QLD 4111",Subscription/Licence Fees Software,12/06/2025,510092,Oracle Corporation Australia Pty Ltd,"Sydney, Nsw",No,,Limited,"c - (i) Cannot be made for technical reasons such as requirements of interchangeability or interoperability with existing equipment, software, services or installations procured under the initial procurement, or due to conditions under original supplier warranties",,,,,,,400294,,,,,,
,Griffith University,"170 Kessels Road, Nathan QLD 4111",Building Construction & Maintenance,12/06/2025,11935,SCHNEIDER ELECTRIC (AUSTRALIA) PTY LIMIT,"Macquarie Park, Nsw",No,,,,,,,,,,400289,,,,,,
,Griffith University,"170 Kessels Road, Nathan QLD 4111",Laboratory Consumables,12/06/2025,49500,Vital Medical Supplies,"Kingsgrove, Nsw",No,,,,,,,,,,400311,,,,,,
,Griffith University,"170 Kessels Road, Nathan QLD 4111",Scientific Equipment,13/06/2025,29603,Almax easyLab bv,Belgium,No,,,,,,,,,,400356,,,,,,
,Griffith University,"170 Kessels Road, Nathan QLD 4111",Equipment Purchase,14/06/2025,12364,APPVISION AUSTRALIA PTY LTD,"Hornsby, Nsw",No,,,,,,,,,,400371,,,,,,
,Griffith University,"170 Kessels Road, Nathan QLD 4111",Building Construction & Maintenance,17/06/2025,21450,Amalgamated Property Maint. Brisbane P/L,"Rochedale South, Qld",No,,,,,,,,,,400400,,,,,,
,Griffith University,"170 Kessels Road, Nathan QLD 4111",Memberships/Subscriptions,17/06/2025,10450,Australian Council of Deans of Science,"Broadway, Nsw",No,,,,,,,,,,2131407,,,,,,
,Griffith University,"170 Kessels Road, Nathan QLD 4111",Software Support Maintenance,17/06/2025,20819,BMT Commercial Australia Pty Ltd,"Brisbane City, Qld",No,,,,,,,,,,2133301,,,,,,
,Griffith University,"170 Kessels Road, Nathan QLD 4111",Consultancy Services,17/06/2025,14300,CareerHub Pty Ltd,"Fortitude Valley, Qld",No,,,,,,,,,,2131536,,,,,,
,Griffith University,"170 Kessels Road, Nathan QLD 4111",Reference Materials,17/06/2025,262723,Elsevier Inc.,United States,No,,,,,,,,,,2131532,,,,,,
,Griffith University,"170 Kessels Road, Nathan QLD 4111",Consultancy Services,17/06/2025,24200,Insync Solutions Pty Ltd,"Rundle Mall, Sa",No,,,,,,,,,,400405,,,,,,
,Griffith University,"170 Kessels Road, Nathan QLD 4111",External Course Delivery,17/06/2025,24624,Jasmina Joldic,Qld,No,,,,,,,,,,2133460,,,,,,
,Griffith University,"170 Kessels Road, Nathan QLD 4111",Consultancy Services,17/06/2025,11605,Jennifer Carpenter,United Kingdom,No,,,,,,,,,,400401,,,,,,
,Griffith University,"170 Kessels Road, Nathan QLD 4111",Consultancy Services,17/06/2025,28744,Jennifer Carpenter,United Kingdom,No,,,,,,,,,,400402,,,,,,
,Griffith University,"170 Kessels Road, Nathan QLD 4111",Consultancy Services,17/06/2025,33148,KU Leuven Research and Development,Belgium,No,,,,,,,,,,2134136,,,,,,
,Griffith University,"170 Kessels Road, Nathan QLD 4111",Building Construction & Maintenance,17/06/2025,13057,No Problems Just Solutions Pty Ltd,"Loganholme, Qld",No,,,,,,,,,,400396,,,,,,
,Griffith University,"170 Kessels Road, Nathan QLD 4111",Software Support Maintenance,17/06/2025,21469,"Phire, Inc",United States,No,,,,,,,,,,400404,,,,,,
,Griffith University,"170 Kessels Road, Nathan QLD 4111",External Course Delivery,17/06/2025,18000,State Library of Queensland,"Brisbane South, Qld",No,,,,,,,,,,2131535,,,,,,
,Griffith University,"170 Kessels Road, Nathan QLD 4111",Fieldwork Expenses,17/06/2025,23634,Titans Rugby League Pty Ltd,"Gcmc, Qld",No,,,,,,,,,,2132850,,,,,,
,Griffith University,"170 Kessels Road, Nathan QLD 4111",Audio Visual Equipment,18/06/2025,11500,BSG Brisbane Sound Group,"Northgate, Qld",No,,,,,,,,,,400470,,,,,,
,Griffith University,"170 Kessels Road, Nathan QLD 4111",Building Construction & Maintenance,18/06/2025,14300,LAB ARCHITECTS PTY LTD,"Chapel Hill, Qld",No,,,,,,,,,,400450,,,,,,
,Griffith University,"170 Kessels Road, Nathan QLD 4111",Equipment Maintenance,18/06/2025,54737,Otis Elevator Co Pty Ltd,"Milton, Qld",No,,,,,,,,,,400437,,,,,,
,Griffith University,"170 Kessels Road, Nathan QLD 4111",Building Construction & Maintenance,18/06/2025,137500,Rider Levett Bucknall Qld Pty Ltd,"Brisbane, Qld",No,,,,,,,,,,400433,,,,,,
,Griffith University,"170 Kessels Road, Nathan QLD 4111",Recruitment Services,18/06/2025,52800,Robinson Fitzgerald Pty Ltd,"Greenslopes, Qld",No,,,,,,,,,,400429,,,,,,
,Griffith University,"170 Kessels Road, Nathan QLD 4111",Building Construction & Maintenance,18/06/2025,17160,Spearhead Engineering Pty Ltd,"Coorparoo, Qld",No,,,,,,,,,,400467,,,,,,
,Griffith University,"170 Kessels Road, Nathan QLD 4111",Building Construction & Maintenance,19/06/2025,62626,ELEMENTAL SHADE STRUCTURES,"Park Ridge, Qld",No,,,,,,,,,,400477,,,,,,
,Griffith University,"170 Kessels Road, Nathan QLD 4111",External Course Delivery,19/06/2025,32267,EMPIUS PTY LTD,"Wynnum, Qld",No,,,,,,,,,,400483,,,,,,
,Griffith University,"170 Kessels Road, Nathan QLD 4111",Scientific Equipment,19/06/2025,11550,Fisher Biotec Pty Ltd,"Wembley, Wa",No,,,,,,,,,,400475,,,,,,
,Griffith University,"170 Kessels Road, Nathan QLD 4111",Subscription/Licence Fees Software,19/06/2025,383216,Insync Solutions Pty Ltd,"Rundle Mall, Sa",No,,,,,,,,,,400480,,,,,,
,Griffith University,"170 Kessels Road, Nathan QLD 4111",Building Construction & Maintenance,19/06/2025,12558,IPCQ PTY LTD,"Eagle Farm, Qld",No,,,,,,,,,,400476,,,,,,
,Griffith University,"170 Kessels Road, Nathan QLD 4111",Building Construction & Maintenance,19/06/2025,16546,Logical Line Marking,"Underwood, Qld",No,,,,,,,,,,400500,,,,,,
,Griffith University,"170 Kessels Road, Nathan QLD 4111",Building Construction & Maintenance,19/06/2025,255255,PACE PROJECT GROUP PTY LTD,"Brisbane, Qld",No,,,,,,,,,,400478,,,,,,
,Griffith University,"170 Kessels Road, Nathan QLD 4111",Subscription/Licence Fees Software,19/06/2025,197619,SEATTLE SOFTWARE AUSTRALIA PTY LTD,"Sydney, Nsw",No,,,,,,,,,,400479,,,,,,
,Griffith University,"170 Kessels Road, Nathan QLD 4111",Laboratory Consumables,19/06/2025,137500,SINGLE USE DENTAL INSTRUMENTS PTY LTD,"Kunda Park, Qld",No,,,,,,,,,,400486,,,,,,
,Griffith University,"170 Kessels Road, Nathan QLD 4111",External Course Delivery,20/06/2025,30000,Brendan Francis Mullen,Qld,No,,,,,,,,,,400548,,,,,,
,Griffith University,"170 Kessels Road, Nathan QLD 4111",Laboratory Consumables,20/06/2025,82500,KULZER AUSTRALIA PTY LTD,"Peakhurst, Nsw",No,,,,,,,,,,400529,,,,,,
,Griffith University,"170 Kessels Road, Nathan QLD 4111",Memberships/Subscriptions,20/06/2025,45376,"Sage Publications, Ltd.",United Kingdom,No,,,,,,,,,,400531,,,,,,
,Griffith University,"170 Kessels Road, Nathan QLD 4111",Scientific Equipment,20/06/2025,25743,Thermo Fisher Scientific Australia,"Scoresby, Vic",No,,,,,,,,,,400519,,,,,,
,Griffith University,"170 Kessels Road, Nathan QLD 4111",Scientific Equipment,23/06/2025,38811,EVIDENT AUSTRALIA PTY LTD,"Macquarie Park, Nsw",No,,,,,,,,,,400585,,,,,,
,Griffith University,"170 Kessels Road, Nathan QLD 4111",Building Construction & Maintenance,23/06/2025,51150,FLUX HYDRAULICS PTY LTD,"Coolangatta, Qld",No,,,,,,,,,,400602,,,,,,
,Griffith University,"170 Kessels Road, Nathan QLD 4111",Scientific Equipment,23/06/2025,81349,OT Bioelettronica srl,Italy,No,,,,,,,,,,400563,,,,,,
,Griffith University,"170 Kessels Road, Nathan QLD 4111",Building Construction & Maintenance,23/06/2025,17270,Podion Global,"Hallam, Vic",No,,,,,,,,,,400575,,,,,,
,Griffith University,"170 Kessels Road, Nathan QLD 4111",Scientific Equipment,23/06/2025,13610,"PolyK Technologies, LLC",United States,No,,,,,,,,,,400559,,,,,,
,Griffith University,"170 Kessels Road, Nathan QLD 4111",Scientific Equipment,23/06/2025,27578,Revvity Pty. Ltd.,"Mulgrave, Vic",No,,,,,,,,,,400594,,,,,,
,Griffith University,"170 Kessels Road, Nathan QLD 4111",Building Construction & Maintenance,23/06/2025,16726,YARROW PLUMBING SERVICES PTY LTD,"Brisbane, Qld",No,,,,,,,,,,400600,,,,,,
,Griffith University,"170 Kessels Road, Nathan QLD 4111",Consultancy Services,24/06/2025,31764,ACER - Aust Council for Edu Research Ltd,"Camberwell, Vic",No,,,,,,,,,,2132851,,,,,,
,Griffith University,"170 Kessels Road, Nathan QLD 4111",Pathology Expenditure,24/06/2025,18310,Australian Genome Research Facility Ltd,"St Lucia, Qld",No,,,,,,,,,,400623,,,,,,
,Griffith University,"170 Kessels Road, Nathan QLD 4111",Memberships/Subscriptions,24/06/2025,24805,Brisbane Development Association Inc,"Brisbane, Qld",No,,,,,,,,,,2135217,,,,,,
,Griffith University,"170 Kessels Road, Nathan QLD 4111",Building Construction & Maintenance,24/06/2025,75350,Carbon FE Trading Pty Ltd,"Hope Island, Qld",No,,,,,,,,,,400645,,,,,,
,Griffith University,"170 Kessels Road, Nathan QLD 4111",Building Construction & Maintenance,24/06/2025,20185,Carbon FE Trading Pty Ltd,"Hope Island, Qld",No,,,,,,,,,,400646,,,,,,
,Griffith University,"170 Kessels Road, Nathan QLD 4111",Audio Visual Equipment,24/06/2025,15088,COHERA-TECH PTY LIMITED,"Seventeen Mile Rocks, Qld",No,,,,,,,,,,400642,,,,,,
,Griffith University,"170 Kessels Road, Nathan QLD 4111",Printing Expenses,24/06/2025,63856,CPX Pty Ltd,"Newmarket, Kelvin Grove Bc, Qld",No,,,,,,,,,,2132860,,,,,,
,Griffith University,"170 Kessels Road, Nathan QLD 4111",Printing Expenses,24/06/2025,13620,CPX Pty Ltd,"Newmarket, Kelvin Grove Bc, Qld",No,,,,,,,,,,2132870,,,,,,
,Griffith University,"170 Kessels Road, Nathan QLD 4111",Patent Application Fee,24/06/2025,10043,FB Rice Pty Ltd,"Sydney South, Nsw",No,,,,,,,,,,2133719,,,,,,
,Griffith University,"170 Kessels Road, Nathan QLD 4111",Audit Fees,24/06/2025,49500,Grant Thornton Australia Limited,"Brisbane, Qld",No,,,,,,,,,,2133011,,,,,,
,Griffith University,"170 Kessels Road, Nathan QLD 4111",Audit Fees,24/06/2025,93500,Grant Thornton Australia Limited,"Brisbane, Qld",No,,,,,,,,,,2134729,,,,,,
,Griffith University,"170 Kessels Road, Nathan QLD 4111",Pathology Expenditure,25/06/2025,28379,Australian Genome Research Facility Ltd,"St Lucia, Qld",No,,,,,,,,,,400688,,,,,,
,Griffith University,"170 Kessels Road, Nathan QLD 4111",Conference Expenses,25/06/2025,21467,Blacka Wear Pty Ltd,"Cleveland, Qld",No,,,,,,,,,,400669,,,,,,
,Griffith University,"170 Kessels Road, Nathan QLD 4111",Scientific Equipment,25/06/2025,13494,Eppendorf South Pacific Pty Ltd,"North Ryde, Nsw",No,,,,,,,,,,400686,,,,,,
,Griffith University,"170 Kessels Road, Nathan QLD 4111",Equipment Maintenance,25/06/2025,21368,HUNTRESS ELECTRICAL SOLUTIONS PTY LTD,"Camira, Qld",No,,,,,,,,,,400679,,,,,,
,Griffith University,"170 Kessels Road, Nathan QLD 4111",Laboratory Consumables,25/06/2025,55000,KCI Medical Australia Pty Ltd,"North Ryde, Nsw",No,,,,,,,,,,400657,,,,,,
,Griffith University,"170 Kessels Road, Nathan QLD 4111",Laboratory Consumables,25/06/2025,110000,Kerr Australia Pty Ltd,"Lane Cove West, Nsw",No,,,,,,,,,,400658,,,,,,
,Griffith University,"170 Kessels Road, Nathan QLD 4111",Building Construction & Maintenance,25/06/2025,37799,LUCID CONSULTING ENGINEERS (QLD) PTY LTD,"Brisbane City, Qld",Yes,,,,,,,,,,400695,,,,,,
,Griffith University,"170 Kessels Road, Nathan QLD 4111",Laboratory Consumables,25/06/2025,66000,Multigate Medical Products Pty Ltd,"Wetherill Park, Nsw",No,,,,,,,,,,400661,,,,,,
,Griffith University,"170 Kessels Road, Nathan QLD 4111",Laboratory Consumables,25/06/2025,93500,MUN Australia Pty Ltd,"Epping, Nsw",No,,,,,,,,,,400662,,,,,,
,Griffith University,"170 Kessels Road, Nathan QLD 4111",Laboratory Consumables,25/06/2025,93500,NSK Oceania Pty Ltd,"Rosebery, Nsw",No,,,,,,,,,,400663,,,,,,
,Griffith University,"170 Kessels Road, Nathan QLD 4111",Laboratory Consumables,25/06/2025,82500,Ozdent Dental Products Australia,"Castle Hill, Nsw",No,,,,,,,,,,400664,,,,,,
,Griffith University,"170 Kessels Road, Nathan QLD 4111",Building Construction & Maintenance,25/06/2025,251636,RP INFRASTRUCTURE PTY LTD,"Sydney, Nsw",No,,,,,,,,,,400656,,,,,,
,Griffith University,"170 Kessels Road, Nathan QLD 4111",Laboratory Consumables,25/06/2025,71500,SSS Australia,"Tingalpa, Qld",No,,,,,,,,,,400665,,,,,,
,Griffith University,"170 Kessels Road, Nathan QLD 4111",Laboratory Consumables,25/06/2025,27500,Thermo Fisher Scientific Australia,"Scoresby, Vic",No,,,,,,,,,,400666,,,,,,
,Griffith University,"170 Kessels Road, Nathan QLD 4111",Laboratory Consumables,25/06/2025,49500,W 9 Pty Ltd,"Hornsby, Nsw",No,,,,,,,,,,400668,,,,,,
,Griffith University,"170 Kessels Road, Nathan QLD 4111",Laboratory Consumables,25/06/2025,110000,Winc Australia Pty Ltd,"Alexandria, Nsw",No,,,,,,,,,,400667,,,,,,
,Griffith University,"170 Kessels Road, Nathan QLD 4111",Event Expenditure,26/06/2025,77000,BRISBANE CONVENTION AND EXHIBITION CENTR,"Brisbane, Qld",No,,,,,,,,,,400705,,,,,,
,Griffith University,"170 Kessels Road, Nathan QLD 4111",Pathology Expenditure,27/06/2025,22000,Australian Genome Research Facility Ltd,"St Lucia, Qld",No,,,,,,,,,,400748,,,,,,
,Griffith University,"170 Kessels Road, Nathan QLD 4111",Subscription/Licence Fees Software,27/06/2025,31235,ETHAN INDIGENOUS PTY LTD,"Brisbane City, Qld",No,,,,,,,,,,400729,,,,,,
,Griffith University,"170 Kessels Road, Nathan QLD 4111",Consultancy Services,27/06/2025,15191,Hatzis Family Trust,Qld,No,,,,,,,,,,400754,,,,,,
,Griffith University,"170 Kessels Road, Nathan QLD 4111",Equipment Maintenance,27/06/2025,47228,Miltenyi Biotec Australia Pty Ltd,"North Ryde, Nsw",No,,,,,,,,,,400749,,,,,,
,Griffith University,"170 Kessels Road, Nathan QLD 4111",Laboratory Consumables,27/06/2025,13279,One Dental Pty Ltd,"Castle Hill, Nsw",No,,,,,,,,,,400736,,,,,,
,Griffith University,"170 Kessels Road, Nathan QLD 4111",Audio Visual Equipment,27/06/2025,352667,Programmed Electrical Technologies Ltd,"Newstead, Qld",No,,,,,,,,,,400747,,,,,,
,Griffith University,"170 Kessels Road, Nathan QLD 4111",Scientific Equipment,27/06/2025,153657,Testo Pty Ltd,"Bayswater, Vic",No,,,,,,,,,,400756,,,,,,
,Griffith University,"170 Kessels Road, Nathan QLD 4111",Subscription/Licence Fees Software,27/06/2025,74937,Vimeo.com Inc.,United States,No,,,,,,,,,,400726,,,,,,
,Griffith University,"170 Kessels Road, Nathan QLD 4111",Building Construction & Maintenance,30/06/2025,19331,E.D.C. SYSTEMS PTY LTD,"Cannon Hill, Qld",No,,,,,,,,,,400773,,,,,,
,Griffith University,"170 Kessels Road, Nathan QLD 4111",Equipment Maintenance,30/06/2025,139756,FROTH BUILD PTY LTD,"Palm Beach, Qld",No,,,,,,,,,,400778,,,,,,
,Griffith University,"170 Kessels Road, Nathan QLD 4111",Subscription/Licence Fees Software,30/06/2025,11000,Geoscape Australia,"Griffith, Act",No,,,,,,,,,,400782,,,,,,
,Griffith University,"170 Kessels Road, Nathan QLD 4111",Consultancy Services,30/06/2025,118470,NATURE SYDNEY PTY LTD,"Lavender Bay, Nsw",No,,,,,,,,,,400783,,,,,,
,Griffith University,"170 Kessels Road, Nathan QLD 4111",Software Support Maintenance,30/06/2025,110000,Orikan Australia Pty Ltd,"South Wharf, Vic",No,,,,,,,,,,400768,,,,,,
,Griffith University,"170 Kessels Road, Nathan QLD 4111",Software Support Maintenance,30/06/2025,66000,Orikan New Zealand Limited,"Rosedale, ",No,,,,,,,,,,400769,,,,,,
,Griffith University,"170 Kessels Road, Nathan QLD 4111",Building Construction & Maintenance,30/06/2025,154440,THOMSON ADSETT PTY LTD,"Fortitude Valley, Qld",No,,,,,,,,,,400770,,,,,,
,Griffith University,"170 Kessels Road, Nathan QLD 4111",Building Construction & Maintenance,30/06/2025,311300,THOMSON ADSETT PTY LTD,"Fortitude Valley, Qld",No,,,,,,,,,,400771,,,,,,
,Griffith University,"170 Kessels Road, Nathan QLD 4111",Pathology Expenditure,30/06/2025,15018,University of Melbourne,"Melbourne, Vic",No,,,,,,,,,,400784,,,,,,
