Description,Agency (Dept or Stat Body),Agency address,Contract description/name,Award contract date,Contract value,Supplier name,Supplier address,Variation to contract (Yes/No),Specific confidentiality provision used,Procurement method,Reason for use of limited tendering,Form of contract,Number of offers sought,Evaluation criteria and weightings,Deliverables,Contract milestones,Contract performance management,Contract reference number,Contract category group,Parent contract number/SOA,Variation comments,Commence date,Supplier ABN,Finish date
,Griffith University,"170 Kessels Road, Nathan Qld 4111",Memberships/Subscriptions,1/07/2025,11000,Australian Business Deans Council Incorp,"Kensington, Nsw",,,,,,,,,,,2135924,,,,,,
,Griffith University,"170 Kessels Road, Nathan Qld 4111",Equipment Purchase,1/07/2025,33079,Crown Equipment Pty. Limited,"Smithfield, Nsw",,,,,,,,,,,400811,,,,,,
,Griffith University,"170 Kessels Road, Nathan Qld 4111",Building Construction & Maintenance,1/07/2025,106999,Data #3 Limited,"Indooroopilly, Qld",,,,,,,,,,,400857,,,,,,
,Griffith University,"170 Kessels Road, Nathan Qld 4111",Patent Application Fee,1/07/2025,10440,FB Rice Pty Ltd,"Sydney South, Nsw",,,,,,,,,,,2133720,,,,,,
,Griffith University,"170 Kessels Road, Nathan Qld 4111",Memberships/Subscriptions,1/07/2025,35750,LYGON GROUP PTY LTD,"Albert Park, Vic",,,,,,,,,,,2135426,,,,,,
,Griffith University,"170 Kessels Road, Nathan Qld 4111",Consultancy Services,1/07/2025,19800,Macquarie University,"North Ryde, Nsw",,,,,,,,,,,400795,,,,,,
,Griffith University,"170 Kessels Road, Nathan Qld 4111",Consultancy Services,1/07/2025,10717,Monash University,"Monash University, Vic",,,,,,,,,,,2135345,,,,,,
,Griffith University,"170 Kessels Road, Nathan Qld 4111",Memberships/Subscriptions,1/07/2025,522901,QCIF,"St Lucia, Qld",,,Limited,,,,,,,,2136177,,,,,,
,Griffith University,"170 Kessels Road, Nathan Qld 4111",Memberships/Subscriptions,1/07/2025,14537,Research Australia,"Darlinghurst, Nsw",,,,,,,,,,,2134542,,,,,,
,Griffith University,"170 Kessels Road, Nathan Qld 4111",Consultancy Services,1/07/2025,102564,Resource 23 Pty Ltd,"Melbourne, Vic",,,,,,,,,,,400808,,,,,,
,Griffith University,"170 Kessels Road, Nathan Qld 4111",Equipment Purchase,1/07/2025,24565,Shimadzu Oceania Pty Ltd,"Ermington, Nsw",,,,,,,,,,,400791,,,,,,
,Griffith University,"170 Kessels Road, Nathan Qld 4111",Conference Expenses,1/07/2025,33000,Swinburne University Of Technology,"Hawthorn, Vic",,,,,,,,,,,2132859,,,,,,
,Griffith University,"170 Kessels Road, Nathan Qld 4111",Subscription/Licence Fees Software,1/07/2025,11791,Testo Pty Ltd,"Bayswater, Vic",,,,,,,,,,,400797,,,,,,
,Griffith University,"170 Kessels Road, Nathan Qld 4111",Memberships/Subscriptions,1/07/2025,38369,UniJobs Global Pty Ltd,"Brighton, Vic",,,,,,,,,,,2133535,,,,,,
,Griffith University,"170 Kessels Road, Nathan Qld 4111",Pathology Expenditure,1/07/2025,13090,University of Melbourne,"Melbourne, Vic",,,,,,,,,,,400792,,,,,,
,Griffith University,"170 Kessels Road, Nathan Qld 4111",Equipment Purchase,1/07/2025,11097,Videopro Pty Ltd,"Eagle Farm, Qld",,,,,,,,,,,400801,,,,,,
,Griffith University,"170 Kessels Road, Nathan Qld 4111",IT Equipment,2/07/2025,58630,Computer Alliance Pty Ltd,"Mount Gravatt, Qld",,,,,,,,,,,400874,,,,,,
,Griffith University,"170 Kessels Road, Nathan Qld 4111",IT Equipment,2/07/2025,58630,Computer Alliance Pty Ltd,"Mount Gravatt, Qld",,,,,,,,,,,400875,,,,,,
,Griffith University,"170 Kessels Road, Nathan Qld 4111",Consultancy Services,2/07/2025,15395,University Of New England,"Armidale, Nsw",,,,,,,,,,,400898,,,,,,
,Griffith University,"170 Kessels Road, Nathan Qld 4111",Equipment Maintenance,3/07/2025,17915,Bruker Pty Ltd,"Alexandria, Nsw",,,,,,,,,,,400920,,,,,,
,Griffith University,"170 Kessels Road, Nathan Qld 4111",Consultancy Services,3/07/2025,143000,Gold Coast City Council,"Gold Coast Mail Centre, Qld",,,,,,,,,,,400914,,,,,,
,Griffith University,"170 Kessels Road, Nathan Qld 4111",Equipment Maintenance,4/07/2025,44428,Aegis Safety Pty Ltd,"Geebung, Qld",,,,,,,,,,,400966,,,,,,
,Griffith University,"170 Kessels Road, Nathan Qld 4111",Building Construction & Maintenance,4/07/2025,14155,Dexion Gold Coast,"Helensvale, Qld",,,,,,,,,,,400950,,,,,,
,Griffith University,"170 Kessels Road, Nathan Qld 4111",Equipment Maintenance,4/07/2025,11326,SCHNEIDER ELECTRIC (AUSTRALIA) PTY LIMIT,"Macquarie Park, Nsw",,,,,,,,,,,400976,,,,,,
,Griffith University,"170 Kessels Road, Nathan Qld 4111",Building Construction & Maintenance,5/07/2025,48851,GHD Pty Ltd,"Hrmc, Nsw",,,,,,,,,,,400978,,,,,,
,Griffith University,"170 Kessels Road, Nathan Qld 4111",Software Support Maintenance,7/07/2025,73831,Data #3 Limited,"Indooroopilly, Qld",,,,,,,,,,,401028,,,,,,
,Griffith University,"170 Kessels Road, Nathan Qld 4111",Consultancy Services,7/07/2025,58850,Flexdata Solutions Pty Ltd,"Brisbane, Qld",,,,,,,,,,,401027,,,,,,
,Griffith University,"170 Kessels Road, Nathan Qld 4111",Software Support Maintenance,7/07/2025,39655,ICAD Consultants Pty Ltd,"Bridgeman Downs, Qld",,,,,,,,,,,401030,,,,,,
,Griffith University,"170 Kessels Road, Nathan Qld 4111",Consultancy Services,7/07/2025,57225,Infoxchange,"Richmond, Vic",,,,,,,,,,,401026,,,,,,
,Griffith University,"170 Kessels Road, Nathan Qld 4111",Consultancy Services,7/07/2025,16830,Mustang Promotions Pty Ltd,"Rochedale South, Qld",,,,,,,,,,,401025,,,,,,
,Griffith University,"170 Kessels Road, Nathan Qld 4111",Subscription/Licence Fees Software,7/07/2025,12771,Object Next Software Pty Ltd,"Mount Waverley, Vic",,,,,,,,,,,401006,,,,,,
,Griffith University,"170 Kessels Road, Nathan Qld 4111",Subscription/Licence Fees Software,7/07/2025,137446,Oracle Corporation Australia Pty Ltd,"Sydney, Nsw",,,,,,,,,,,401029,,,,,,
,Griffith University,"170 Kessels Road, Nathan Qld 4111",Building Construction & Maintenance,7/07/2025,25630,PROSYNC INDUSTRIES PTY LTD,"Arundel, Qld",,,,,,,,,,,401008,,,,,,
,Griffith University,"170 Kessels Road, Nathan Qld 4111",Building Construction & Maintenance,7/07/2025,23650,SDF Electrical Pty Ltd,"Sunnybank Hills, Qld",,,,,,,,,,,401009,,,,,,
,Griffith University,"170 Kessels Road, Nathan Qld 4111",Software Support Maintenance,7/07/2025,15117,Technic Pty Ltd,"Hobart, Tas",,,,,,,,,,,401003,,,,,,
,Griffith University,"170 Kessels Road, Nathan Qld 4111",Consultancy Services,7/07/2025,102960,The Trustee for Evans Family Trust,"Cedar Creek, Qld",,,,,,,,,,,401018,,,,,,
,Griffith University,"170 Kessels Road, Nathan Qld 4111",Building Construction & Maintenance,8/07/2025,15252,A1 Building & Property Solutions Pty Ltd,"The Gap, Qld",,,,,,,,,,,401050,,,,,,
,Griffith University,"170 Kessels Road, Nathan Qld 4111",Conference Expenses,8/07/2025,10245,Australian Ins. of Company Directors,"Sydney, Nsw",,,,,,,,,,,2135803,,,,,,
,Griffith University,"170 Kessels Road, Nathan Qld 4111",Conference Expenses,8/07/2025,24376,Blacka Wear Pty Ltd,"Cleveland, Qld",,,,,,,,,,,401051,,,,,,
,Griffith University,"170 Kessels Road, Nathan Qld 4111",Electricity / Gas Supply,8/07/2025,18518,BOC Limited,"Labrador, Qld",,,,,,,,,,,401039,,,,,,
,Griffith University,"170 Kessels Road, Nathan Qld 4111",External Course Delivery,8/07/2025,39993,Corporate Prepaid Cards Pty Ltd,"Balmain, Nsw",,,,,,,,,,,2134137,,,,,,
,Griffith University,"170 Kessels Road, Nathan Qld 4111",Uniforms,8/07/2025,10056,Execugifts,"Helensvale, Qld",,,,,,,,,,,2135929,,,,,,
,Griffith University,"170 Kessels Road, Nathan Qld 4111",Equipment Maintenance,8/07/2025,21758,HUNTRESS ELECTRICAL SOLUTIONS PTY LTD,"Camira, Qld",,,,,,,,,,,2136950,,,,,,
,Griffith University,"170 Kessels Road, Nathan Qld 4111",Consultancy Services,8/07/2025,70301,IDEEA Group,"Melbourne, Vic",,,,,,,,,,,401064,,,,,,
,Griffith University,"170 Kessels Road, Nathan Qld 4111",Building Construction & Maintenance,8/07/2025,40370,Mode Design Corp Pty Ltd,"Fortitude Valley, Qld",,,,,,,,,,,401036,,,,,,
,Griffith University,"170 Kessels Road, Nathan Qld 4111",Conference Expenses,8/07/2025,63735,Murra Wolka Creations,"Burnett Heads, Qld",,,,,,,,,,,401052,,,,,,
,Griffith University,"170 Kessels Road, Nathan Qld 4111",Accreditation Fees,8/07/2025,16764,OT Council (Aus & NZ)  Ltd,"South Perth, Wa",,,,,,,,,,,2137141,,,,,,
,Griffith University,"170 Kessels Road, Nathan Qld 4111",Subscription/Licence Fees Software,8/07/2025,16205,Structural Vibration Solutions A/S,Denmark,,,,,,,,,,,401053,,,,,,
,Griffith University,"170 Kessels Road, Nathan Qld 4111",Building Construction & Maintenance,8/07/2025,40850,TSA PROJECTS PTY LTD,"Molendinar, Qld",,,,,,,,,,,401037,,,,,,
,Griffith University,"170 Kessels Road, Nathan Qld 4111",Building Construction & Maintenance,9/07/2025,43274,AIRMASTER CORPORATION PTY LTD,"Mansfield, Qld",Yes,,,,,,,,,,401097,,,,,,
,Griffith University,"170 Kessels Road, Nathan Qld 4111",Building Construction & Maintenance,9/07/2025,987263,DLG SHAPE (QLD) PTY LIMITED,"Brisbane City, Qld",,,Selective,,,,,,,,401096,,,,,,
,Griffith University,"170 Kessels Road, Nathan Qld 4111",Event Expenditure,9/07/2025,33000,EMPIRE HOLDINGS (QLD) PTY. LTD.,"Fortitude Valley, Qld",,,,,,,,,,,401072,,,,,,
,Griffith University,"170 Kessels Road, Nathan Qld 4111",Subscription/Licence Fees Software,9/07/2025,224752,HIGHER ED SERVICES PTY LTD,"Deakin, Act",,,,,,,,,,,401101,,,,,,
,Griffith University,"170 Kessels Road, Nathan Qld 4111",Hire/Lease Fees,9/07/2025,11651,Krankd Audio Visual Productions Pty Ltd,"Southport, Qld",,,,,,,,,,,401073,,,,,,
,Griffith University,"170 Kessels Road, Nathan Qld 4111",Equipment Maintenance,9/07/2025,36915,MA Tech Services Inc,United States,,,,,,,,,,,401084,,,,,,
,Griffith University,"170 Kessels Road, Nathan Qld 4111",Consultancy Services,9/07/2025,19250,SCYNE ADVISORY PTY LTD,"Canberra, Act",,,,,,,,,,,401102,,,,,,
,Griffith University,"170 Kessels Road, Nathan Qld 4111",Building Construction & Maintenance,9/07/2025,23925,Urbis Pty Ltd,"Brisbane, Qld",,,,,,,,,,,401090,,,,,,
,Griffith University,"170 Kessels Road, Nathan Qld 4111",Building Construction & Maintenance,9/07/2025,22000,WILDE AND WOOLLARD (QLD) PTY. LTD.,"Brisbane, Qld",,,,,,,,,,,401071,,,,,,
,Griffith University,"170 Kessels Road, Nathan Qld 4111",Subscription/Licence Fees Software,10/07/2025,140000,Advarra Inc,United States,,,,,,,,,,,401108,,,,,,
,Griffith University,"170 Kessels Road, Nathan Qld 4111",Consultancy Services,10/07/2025,112200,EXENT PTY. LTD.,"Brisbane City, Qld",,,,,,,,,,,401126,,,,,,
,Griffith University,"170 Kessels Road, Nathan Qld 4111",Consultancy Services,10/07/2025,258720,Focus Professional Services Pty Ltd,"Brisbane, Qld",Yes,,,,,,,,,,401124 405020,,,,,,
,Griffith University,"170 Kessels Road, Nathan Qld 4111",Consultancy Services,10/07/2025,88242,Focus Professional Services Pty Ltd,"Brisbane, Qld",Yes,,,,,,,,,,401125,,,,,,
,Griffith University,"170 Kessels Road, Nathan Qld 4111",Marketing Fees,10/07/2025,14300,Queensland Tertiary Admissions Centre Lt,"Milton, Qld",,,,,,,,,,,401105,,,,,,
,Griffith University,"170 Kessels Road, Nathan Qld 4111",Building Construction & Maintenance,10/07/2025,11550,Spearhead Engineering Pty Ltd,"Coorparoo, Qld",,,,,,,,,,,401134,,,,,,
,Griffith University,"170 Kessels Road, Nathan Qld 4111",Building Construction & Maintenance,11/07/2025,31716,A1 Building & Property Solutions Pty Ltd,"The Gap, Qld",,,,,,,,,,,401146,,,,,,
,Griffith University,"170 Kessels Road, Nathan Qld 4111",Equipment Purchase,11/07/2025,18879,Bio-Strategy Pty Limited,"Campbellfield, Vic",,,,,,,,,,,401168,,,,,,
,Griffith University,"170 Kessels Road, Nathan Qld 4111",Building Construction & Maintenance,11/07/2025,13395,BizFurn Express Australia Pty Ltd,"Yandina, Qld",,,,,,,,,,,401148,,,,,,
,Griffith University,"170 Kessels Road, Nathan Qld 4111",Consultancy Services,11/07/2025,27500,DairyNEXT,"Marburg, Qld",,,,,,,,,,,401159,,,,,,
,Griffith University,"170 Kessels Road, Nathan Qld 4111",Equipment Maintenance,11/07/2025,27852,Descab Pty Ltd t/a Qld Multi Trades,"Tingalpa, Qld",,,,,,,,,,,401147,,,,,,
,Griffith University,"170 Kessels Road, Nathan Qld 4111",Building Construction & Maintenance,11/07/2025,12506,E.D.C. SYSTEMS PTY LTD,"Cannon Hill, Qld",,,,,,,,,,,401140,,,,,,
,Griffith University,"170 Kessels Road, Nathan Qld 4111",Equipment Purchase,11/07/2025,35975,Johnson Controls Australia Pty Ltd,"Windsor, Qld",,,,,,,,,,,401139,,,,,,
,Griffith University,"170 Kessels Road, Nathan Qld 4111",Consultancy Services,11/07/2025,22000,SANNAM S4 PTY LTD,"Melbourne, Vic",,,,,,,,,,,401153,,,,,,
,Griffith University,"170 Kessels Road, Nathan Qld 4111",Consultancy Services,11/07/2025,30000,SHAPTER CONSULTING,"Happy Valley, Sa",,,,,,,,,,,401172,,,,,,
,Griffith University,"170 Kessels Road, Nathan Qld 4111",Equipment Purchase,12/07/2025,14212,T P S PTY LTD,"Brendale, Qld",,,,,,,,,,,401173,,,,,,
,Griffith University,"170 Kessels Road, Nathan Qld 4111",Equipment Maintenance,14/07/2025,12936,Beckman Coulter Australia P/L,"Lane Cove, Nsw",,,,,,,,,,,401203,,,,,,
,Griffith University,"170 Kessels Road, Nathan Qld 4111",Building Construction & Maintenance,14/07/2025,38132,Biotech Engineering Pty Ltd,"Port Melbourne, Vic",,,,,,,,,,,401204,,,,,,
,Griffith University,"170 Kessels Road, Nathan Qld 4111",Building Construction & Maintenance,14/07/2025,13860,Carrier Automated Logic Australia Pty Lt,"Capalaba, Qld",,,,,,,,,,,401192,,,,,,
,Griffith University,"170 Kessels Road, Nathan Qld 4111",Software Support Maintenance,14/07/2025,30833,CRAYON AUSTRALIA PTY LTD,"North Sydney, Nsw",,,,,,,,,,,401180,,,,,,
,Griffith University,"170 Kessels Road, Nathan Qld 4111",Event Expenditure,14/07/2025,27500,Mantra Leisure Resorts Pty Ltd,"Coolangatta, Qld",,,,,,,,,,,401183,,,,,,
,Griffith University,"170 Kessels Road, Nathan Qld 4111",Event Expenditure,14/07/2025,33000,Twin Towns Services Club Ltd,"Tweed Heads, Nsw",,,,,,,,,,,401191,,,,,,
,Griffith University,"170 Kessels Road, Nathan Qld 4111",Insurance,15/07/2025,5860770,Arthur J. Gallagher & Co (Aus) Limited,"North Sydney, Nsw",Yes,,Limited,c - (ii) Would cause significant inconvenience or substantial duplication of costs for the procuring entity,,,,,,,2138326,,,,,,
,Griffith University,"170 Kessels Road, Nathan Qld 4111",Consultancy Services,15/07/2025,10842,Australian National University,"Acton, Act",,,,,,,,,,,2136850,,,,,,
,Griffith University,"170 Kessels Road, Nathan Qld 4111",Consultancy Services,15/07/2025,10090,CHRISTINE CATHERINE BOAG-HODGSON,Qld,,,,,,,,,,,2137315,,,,,,
,Griffith University,"170 Kessels Road, Nathan Qld 4111",Reference Materials,15/07/2025,25351,EBSCO International Inc,"North Sydney, Nsw",,,,,,,,,,,2137314,,,,,,
,Griffith University,"170 Kessels Road, Nathan Qld 4111",Memberships/Subscriptions,15/07/2025,12500,Experience Gold Coast Pty Ltd,"Australia Fair, Qld",,,,,,,,,,,2137139,,,,,,
,Griffith University,"170 Kessels Road, Nathan Qld 4111",Subscription/Licence Fees Software,15/07/2025,10161,Sammi-Select,United Kingdom,Yes,,,,,,,,,,401227,,,,,,
,Griffith University,"170 Kessels Road, Nathan Qld 4111",Equipment Maintenance,15/07/2025,233593,STEADFAST PROJECTS PTY LTD,"Upper Kedron, Qld",,,,,,,,,,,401240,,,,,,
,Griffith University,"170 Kessels Road, Nathan Qld 4111",Software Support Maintenance,16/07/2025,31825,Allstars Trading Pty Ltd t/a Zirilio,"Sydney, Nsw",,,,,,,,,,,401258,,,,,,
,Griffith University,"170 Kessels Road, Nathan Qld 4111",Subscription/Licence Fees Software,16/07/2025,10890,Data #3 Limited,"Indooroopilly, Qld",,,,,,,,,,,401266,,,,,,
,Griffith University,"170 Kessels Road, Nathan Qld 4111",Consultancy Services,16/07/2025,143990,Focus Professional Services Pty Ltd,"Brisbane, Qld",,,,,,,,,,,401264,,,,,,
,Griffith University,"170 Kessels Road, Nathan Qld 4111",Building Construction & Maintenance,16/07/2025,20818,FROTH BUILD PTY LTD,"Palm Beach, Qld",,,,,,,,,,,401299,,,,,,
,Griffith University,"170 Kessels Road, Nathan Qld 4111",Building Construction & Maintenance,16/07/2025,21120,McTaggart Plumbing PTY LTD,"Petrie, Qld",,,,,,,,,,,401284,,,,,,
,Griffith University,"170 Kessels Road, Nathan Qld 4111",Building Construction & Maintenance,16/07/2025,718432,Premis Solutions Pty Ltd,"Toowong, Qld",,,Selective,,,,,,,,401263,,,,,,
,Griffith University,"170 Kessels Road, Nathan Qld 4111",Subscription/Licence Fees Software,16/07/2025,10619,S&P DOW JONES INDICES LLC,United States,,,,,,,,,,,401257,,,,,,
,Griffith University,"170 Kessels Road, Nathan Qld 4111",Equipment Purchase,16/07/2025,134014,Specfurn Commercial Furniture Pty Ltd,"Geebung, Qld",,,,,,,,,,,401262,,,,,,
,Griffith University,"170 Kessels Road, Nathan Qld 4111",Event Expenditure,16/07/2025,22000,SURFERS PARADISE SLSC SUPPORTERS CLUB IN,"Surfers Paradise, Qld",,,,,,,,,,,401260,,,,,,
,Griffith University,"170 Kessels Road, Nathan Qld 4111",Equipment Purchase,17/07/2025,10757,Aqualab Scientific Pty Limited,"Cromer, Nsw",,,,,,,,,,,401302,,,,,,
,Griffith University,"170 Kessels Road, Nathan Qld 4111",Equipment Purchase,17/07/2025,10720,Brightside Scientific Pty Ltd,"Tuggerah, Nsw",,,,,,,,,,,401338,,,,,,
,Griffith University,"170 Kessels Road, Nathan Qld 4111",Equipment Maintenance,17/07/2025,17160,INTEGRA REMEDIAL SOLUTIONS PTY LTD,"Thorneside, Qld",,,,,,,,,,,401343,,,,,,
,Griffith University,"170 Kessels Road, Nathan Qld 4111",Equipment Purchase,17/07/2025,15302,Labfirst Scientific Instruments (Shangha,China,,,,,,,,,,,401311,,,,,,
,Griffith University,"170 Kessels Road, Nathan Qld 4111",Building Construction & Maintenance,18/07/2025,123585,BLAKLASH CREATIVE PTY LTD,"West End, Qld",,,,,,,,,,,401358,,,,,,
,Griffith University,"170 Kessels Road, Nathan Qld 4111",Building Construction & Maintenance,18/07/2025,10840,Data #3 Limited,"Indooroopilly, Qld",,,,,,,,,,,401359,,,,,,
,Griffith University,"170 Kessels Road, Nathan Qld 4111",Building Construction & Maintenance,18/07/2025,13430,Graphic Concepts ta Signs Etc,"Beenleigh, Qld",,,,,,,,,,,401369,,,,,,
,Griffith University,"170 Kessels Road, Nathan Qld 4111",Consultancy Services,18/07/2025,44477,KPMG,"Melbourne, Vic",,,,,,,,,,,401350,,,,,,
,Griffith University,"170 Kessels Road, Nathan Qld 4111",Building Construction & Maintenance,18/07/2025,11495,Soil Surveys Engineering Pty Ltd,"Paddington, Qld",,,,,,,,,,,401351,,,,,,
,Griffith University,"170 Kessels Road, Nathan Qld 4111",Consultancy Services,21/07/2025,10890,INTELLIDESIGN PTY LTD,"Seventeen Mile Rocks, Qld",,,,,,,,,,,401395,,,,,,
,Griffith University,"170 Kessels Road, Nathan Qld 4111",Consultancy Services,21/07/2025,11110,Proteomics International Pty Ltd,"Nedlands, Wa",,,,,,,,,,,401376,,,,,,
,Griffith University,"170 Kessels Road, Nathan Qld 4111",Event Expenditure,22/07/2025,10945,ARTISAN SELECTION PTY LTD,"Albany Creek, Qld",,,,,,,,,,,2138339,,,,,,
,Griffith University,"170 Kessels Road, Nathan Qld 4111",Consultancy Services,22/07/2025,53325,Ciaran O'Faircheallaigh,Qld,,,,,,,,,,,2136971,,,,,,
,Griffith University,"170 Kessels Road, Nathan Qld 4111",Consultancy Services,22/07/2025,13565,Ciaran O'Faircheallaigh,Qld,,,,,,,,,,,2138213,,,,,,
,Griffith University,"170 Kessels Road, Nathan Qld 4111",Consultancy Services,22/07/2025,46597,Ciaran O'Faircheallaigh,Qld,,,,,,,,,,,2138214,,,,,,
,Griffith University,"170 Kessels Road, Nathan Qld 4111",Accreditation Fees,22/07/2025,21704,Dietitians Association of Australia,"Deakin, Act",,,,,,,,,,,2138714,,,,,,
,Griffith University,"170 Kessels Road, Nathan Qld 4111",Consultancy Services,22/07/2025,154253,Gold Coast City Council,"Gold Coast Mail Centre, Qld",,,,,,,,,,,401441,,,,,,
,Griffith University,"170 Kessels Road, Nathan Qld 4111",Reference Materials,22/07/2025,13607,Informa UK Ltd,United Kingdom,,,,,,,,,,,2138519,,,,,,
,Griffith University,"170 Kessels Road, Nathan Qld 4111",Consultancy Services,22/07/2025,25000,National Agricultural Research Institute,Papua New Guinea,,,,,,,,,,,401420,,,,,,
,Griffith University,"170 Kessels Road, Nathan Qld 4111",Equipment Purchase,22/07/2025,10679,ONETEMP PTY LTD,"Marleston, Sa",,,,,,,,,,,401435,,,,,,
,Griffith University,"170 Kessels Road, Nathan Qld 4111",Reference Materials,22/07/2025,22384,Ovid Technologies Inc.,United States,,,,,,,,,,,2136948,,,,,,
,Griffith University,"170 Kessels Road, Nathan Qld 4111",Consultancy Services,22/07/2025,13255,Q & A MARKET RESEARCH SERVICES PTY LTD,"Milton, Qld",,,,,,,,,,,401437,,,,,,
,Griffith University,"170 Kessels Road, Nathan Qld 4111",Consultancy Services,22/07/2025,20900,Queensland Childrens Hospital,"Herston, Qld",,,,,,,,,,,2135343,,,,,,
,Griffith University,"170 Kessels Road, Nathan Qld 4111",Event Expenditure,22/07/2025,10647,Russell Sullivan,Qld,,,,,,,,,,,2138595,,,,,,
,Griffith University,"170 Kessels Road, Nathan Qld 4111",Subscription/Licence Fees Software,22/07/2025,15164,TECHNICHE APAC PTY LTD,"Milton, Qld",,,,,,,,,,,401423,,,,,,
,Griffith University,"170 Kessels Road, Nathan Qld 4111",Equipment Purchase,22/07/2025,126806,Thermo Fisher Scientific Australia,"Scoresby, Vic",,,,,,,,,,,401448,,,,,,
,Griffith University,"170 Kessels Road, Nathan Qld 4111",Building Construction & Maintenance,22/07/2025,15362,Uprise Projects Gold Coast SEQ Pty Ltd,"Miami, Qld",,,,,,,,,,,401453,,,,,,
,Griffith University,"170 Kessels Road, Nathan Qld 4111",Consultancy Services,23/07/2025,137885,Focus Professional Services Pty Ltd,"Brisbane, Qld",,,,,,,,,,,401471,,,,,,
,Griffith University,"170 Kessels Road, Nathan Qld 4111",Consultancy Services,23/07/2025,18077,INDIGENOUS ALLIED HEALTH AUSTRALIA LTD,"Deakin West, Act",,,,,,,,,,,401493,,,,,,
,Griffith University,"170 Kessels Road, Nathan Qld 4111",Building Construction & Maintenance,23/07/2025,45100,JENSEN BOWERS UNIT TRUST,"Spring Hills, Qld",,,,,,,,,,,401486,,,,,,
,Griffith University,"170 Kessels Road, Nathan Qld 4111",Consultancy Services,24/07/2025,14310,BDO SERVICES PTY LTD,"Brisbane, Qld",,,,,,,,,,,401510,,,,,,
,Griffith University,"170 Kessels Road, Nathan Qld 4111",Building Construction & Maintenance,25/07/2025,15835,ARNOLD ELECTRICAL & DATA INSTALLATIONS P,"Salisbury, Qld",,,,,,,,,,,401564,,,,,,
,Griffith University,"170 Kessels Road, Nathan Qld 4111",Subscription/Licence Fees Software,25/07/2025,758888,CyberCX Pty Ltd,"Melbourne, Vic",,,Selective,,,,,,,,ITC-3509,,,,,,
,Griffith University,"170 Kessels Road, Nathan Qld 4111",Subscription/Licence Fees Software,25/07/2025,12658,SlideRoom Technologies Inc,United States,,,,,,,,,,,401536,,,,,,
,Griffith University,"170 Kessels Road, Nathan Qld 4111",Building Construction & Maintenance,25/07/2025,10450,Turner & Townsend Pty Ltd,"Brisbane, Qld",,,,,,,,,,,401551,,,,,,
,Griffith University,"170 Kessels Road, Nathan Qld 4111",Building Construction & Maintenance,28/07/2025,18667,McTaggart Plumbing PTY LTD,"Petrie, Qld",,,,,,,,,,,401597,,,,,,
,Griffith University,"170 Kessels Road, Nathan Qld 4111",Chemical/Biological Products,28/07/2025,12430,New England Biolabs Pty Ltd,"Notting Hill, Vic",,,,,,,,,,,401582,,,,,,
,Griffith University,"170 Kessels Road, Nathan Qld 4111",Building Construction & Maintenance,28/07/2025,11734,Programmed Electrical Technologies Ltd,"Newstead, Qld",,,,,,,,,,,401595,,,,,,
,Griffith University,"170 Kessels Road, Nathan Qld 4111",Building Construction & Maintenance,28/07/2025,20355,Uprise Projects Gold Coast SEQ Pty Ltd,"Miami, Qld",,,,,,,,,,,401589,,,,,,
,Griffith University,"170 Kessels Road, Nathan Qld 4111",Laboratory Consumables,29/07/2025,11998,Able Scientific,"Canning Vale, Wa",,,,,,,,,,,2138346,,,,,,
,Griffith University,"170 Kessels Road, Nathan Qld 4111",Laboratory Consumables,29/07/2025,11352,BRAIN AID CLINICS PTY LTD,"Southport, Qld",,,,,,,,,,,2138523,,,,,,
,Griffith University,"170 Kessels Road, Nathan Qld 4111",Printing Expenses,29/07/2025,10172,Colour Chiefs Pty Ltd,"Windsor, Qld",,,,,,,,,,,2139749,,,,,,
,Griffith University,"170 Kessels Road, Nathan Qld 4111",Memberships/Subscriptions,29/07/2025,51920,Gartner Australasia Pty Limited,"Sydney, Nsw",,,,,,,,,,,2138544,,,,,,
,Griffith University,"170 Kessels Road, Nathan Qld 4111",Reference Materials,29/07/2025,30000,Kanopy,United States,,,,,,,,,,,2138525,,,,,,
,Griffith University,"170 Kessels Road, Nathan Qld 4111",Memberships/Subscriptions,29/07/2025,30830,LinkedIn Singapore Pte Ltd,Singapore,,,,,,,,,,,2140402,,,,,,
,Griffith University,"170 Kessels Road, Nathan Qld 4111",Building Construction & Maintenance,29/07/2025,75350,Miller Hill Partners Pty Limited,"Middle Cove, Nsw",Yes,,,,,,,,,,401640,,,,,,
,Griffith University,"170 Kessels Road, Nathan Qld 4111",Recruitment/Placement Fees,29/07/2025,66000,Seek Limited,"Sydney, Nsw",,,,,,,,,,,401607,,,,,,
,Griffith University,"170 Kessels Road, Nathan Qld 4111",Event Expenditure,29/07/2025,14966,The Ship Inn,"Brisbane, Qld",,,,,,,,,,,2139557,,,,,,
,Griffith University,"170 Kessels Road, Nathan Qld 4111",Consultancy Services,29/07/2025,110000,WAVETRAK OCEANIA PTY LTD,"Avalon Beach, Nsw",,,,,,,,,,,401619,,,,,,
,Griffith University,"170 Kessels Road, Nathan Qld 4111",Consultancy Services,30/07/2025,29150,CHAOS THEORY GAMES PTY LTD,"Chippendale, Nsw",,,,,,,,,,,401645,,,,,,
,Griffith University,"170 Kessels Road, Nathan Qld 4111",Consultancy Services,30/07/2025,11912,James Cook University,"Townsville, Qld",,,,,,,,,,,401654,,,,,,
,Griffith University,"170 Kessels Road, Nathan Qld 4111",Software Support Maintenance,30/07/2025,266734,The Trustee for THE VAN DYK FAMILY TRUST,"East Brisbane, Qld",,,,,,,,,,,401647,,,,,,
,Griffith University,"170 Kessels Road, Nathan Qld 4111",Building Construction & Maintenance,31/07/2025,32450,Crown Mechanical Electrical Pty Ltd,"Rochedale South, Qld",,,,,,,,,,,401691,,,,,,
,Griffith University,"170 Kessels Road, Nathan Qld 4111",Building Construction & Maintenance,31/07/2025,85869,DAIKIN AUSTRALIA PTY LTD,"Chipping Norton, Nsw",,,,,,,,,,,401696,,,,,,
,Griffith University,"170 Kessels Road, Nathan Qld 4111",Legal Fees,31/07/2025,11000,McCullough Robertson Lawyers,"Brisbane, Qld",,,,,,,,,,,401711,,,,,,
,Griffith University,"170 Kessels Road, Nathan Qld 4111",Subscription/Licence Fees Software,31/07/2025,882789,The Trustee for THE VAN DYK FAMILY TRUST,"East Brisbane, Qld",,,Selective,,,,,,,,401697,,,,,,
,Griffith University,"170 Kessels Road, Nathan Qld 4111",Consultancy Services,1/08/2025,10199,KELVIN ROSS O'HALLORAN,Qld,,,,,,,,,,,401722,,,,,,
,Griffith University,"170 Kessels Road, Nathan Qld 4111",Building Construction & Maintenance,1/08/2025,20680,LUCID CONSULTING ENGINEERS (QLD) PTY LTD,"Brisbane City, Qld",Yes,,,,,,,,,,401746,,,,,,
,Griffith University,"170 Kessels Road, Nathan Qld 4111",Consultancy Services,1/08/2025,54945,Shave & Brett Pty Ltd,"Tewantin, Qld",,,,,,,,,,,401749,,,,,,
,Griffith University,"170 Kessels Road, Nathan Qld 4111",Building Construction & Maintenance,4/08/2025,136480,AIRMASTER CORPORATION PTY LTD,"Mansfield, Qld",,,,,,,,,,,401785,,,,,,
,Griffith University,"170 Kessels Road, Nathan Qld 4111",Marketing Fees,4/08/2025,73552,CPX Pty Ltd,"Newmarket, Kelvin Grove Bc, Qld",,,,,,,,,,,401787,,,,,,
,Griffith University,"170 Kessels Road, Nathan Qld 4111",Laboratory Consumables,4/08/2025,18697,In Vitro Technologies Pty Ltd,"Noble Park, Vic",,,,,,,,,,,401753,,,,,,
,Griffith University,"170 Kessels Road, Nathan Qld 4111",Building Construction & Maintenance,4/08/2025,616908,INTREC MANAGEMENT (QLD) PTY LTD,"Milton, Qld",Yes,,Limited,,,,,,,,401766,,,,,,
,Griffith University,"170 Kessels Road, Nathan Qld 4111",Equipment Purchase,5/08/2025,162342,Adept Turnkey Pty Ltd,"Osborne Park, Wa",,,,,,,,,,,401830,,,,,,
,Griffith University,"170 Kessels Road, Nathan Qld 4111",Pathology Expenditure,5/08/2025,13505,"BGI Tech Solutions (HongKong) Co., Limit",Hong Kong,,,,,,,,,,,2141294,,,,,,
,Griffith University,"170 Kessels Road, Nathan Qld 4111",Legal Fees,5/08/2025,27500,HWL Ebsworth Lawyers,"Brisbane, Qld",,,,,,,,,,,401809,,,,,,
,Griffith University,"170 Kessels Road, Nathan Qld 4111",Commission Payment,5/08/2025,2561390,Open Universities Australia,"Melbourne, Vic",,,Limited,,,,,,,,2141149,,,,,,
,Griffith University,"170 Kessels Road, Nathan Qld 4111",Consultancy Services,5/08/2025,33891,Thebrandeducation Ltd,United Kingdom,,,,,,,,,,,2140842,,,,,,
,Griffith University,"170 Kessels Road, Nathan Qld 4111",Telecommunicatons Expenditure,5/08/2025,204000,TPG Network Pty Ltd,"Sydney, Nsw",,,,,,,,,,,2138546,,,,,,
,Griffith University,"170 Kessels Road, Nathan Qld 4111",Building Construction & Maintenance,6/08/2025,36850,Brient Trade Services Pty Ltd,"Guanaba, Qld",,,,,,,,,,,401872,,,,,,
,Griffith University,"170 Kessels Road, Nathan Qld 4111",Software Support Maintenance,6/08/2025,49674,"Glencoe Software, Inc.",United States,,,,,,,,,,,401844,,,,,,
,Griffith University,"170 Kessels Road, Nathan Qld 4111",Consultancy Services,6/08/2025,16500,Kelen Property,"New Farm, Qld",,,,,,,,,,,401852,,,,,,
,Griffith University,"170 Kessels Road, Nathan Qld 4111",Building Construction & Maintenance,6/08/2025,94545,Rowles Time Management,"West End, Qld",,,,,,,,,,,401851,,,,,,
,Griffith University,"170 Kessels Road, Nathan Qld 4111",Equipment Purchase,7/08/2025,31149,Agilent Technologies Australia Pty Ltd,"Mulgrave, Vic",,,,,,,,,,,401873,,,,,,
,Griffith University,"170 Kessels Road, Nathan Qld 4111",Subscription/Licence Fees Software,7/08/2025,292762,Diligent Board Services Australia PTY LT,"Sydney, Nsw",,,,,,,,,,,401898,,,,,,
,Griffith University,"170 Kessels Road, Nathan Qld 4111",Equipment Maintenance,7/08/2025,10905,Miltenyi Biotec Australia Pty Ltd,"North Ryde, Nsw",,,,,,,,,,,401880,,,,,,
,Griffith University,"170 Kessels Road, Nathan Qld 4111",Equipment Maintenance,7/08/2025,21291,Revvity Pty. Ltd.,"Scoresby, Vic",,,,,,,,,,,401874,,,,,,
,Griffith University,"170 Kessels Road, Nathan Qld 4111",Chemical/Biological Products,7/08/2025,19437,Scientifix Pty Ltd,"Clayton, Vic",,,,,,,,,,,401911,,,,,,
,Griffith University,"170 Kessels Road, Nathan Qld 4111",Laboratory Consumables,8/08/2025,54807,FLUID SEALS PTY LTD,"Greenwich, Nsw",,,,,,,,,,,401943,,,,,,
,Griffith University,"170 Kessels Road, Nathan Qld 4111",Event Expenditure,8/08/2025,176000,Gold Coast Convention & Exhibition Centr,"Broadbeach, Qld",,,,,,,,,,,401930,,,,,,
,Griffith University,"170 Kessels Road, Nathan Qld 4111",Equipment Purchase,11/08/2025,16328,Anton Paar Australia Pty Ltd,"Macquarie Park, Nsw",,,,,,,,,,,401993,,,,,,
,Griffith University,"170 Kessels Road, Nathan Qld 4111",Building Construction & Maintenance,11/08/2025,14570,ARNOLD ELECTRICAL & DATA INSTALLATIONS P,"Salisbury, Qld",,,,,,,,,,,401996,,,,,,
,Griffith University,"170 Kessels Road, Nathan Qld 4111",Field Trip Expenses (Excursions),11/08/2025,43450,COMMON PURPOSE STUDENT EXPERIENCES LIMIT,"South Melbourne, Vic",,,,,,,,,,,401946,,,,,,
,Griffith University,"170 Kessels Road, Nathan Qld 4111",Equipment Purchase,11/08/2025,28964,ENERGIZED ELECTRICAL AND COMMUNICATION S,"Morningside, Qld",,,,,,,,,,,401951,,,,,,
,Griffith University,"170 Kessels Road, Nathan Qld 4111",Consultancy Services,11/08/2025,66000,Focus Professional Services Pty Ltd,"Brisbane, Qld",,,,,,,,,,,401954,,,,,,
,Griffith University,"170 Kessels Road, Nathan Qld 4111",Consultancy Services,11/08/2025,65835,Focus Professional Services Pty Ltd,"Brisbane, Qld",,,,,,,,,,,401955,,,,,,
,Griffith University,"170 Kessels Road, Nathan Qld 4111",Subscription/Licence Fees Software,11/08/2025,84355,The Trustee for Checkworkrights Unit Tru,"Hawthorn East, Vic",,,,,,,,,,,401956,,,,,,
,Griffith University,"170 Kessels Road, Nathan Qld 4111",Subscription/Licence Fees Software,11/08/2025,78902,"VALIDITY, INC.",United States,,,,,,,,,,,401957,,,,,,
,Griffith University,"170 Kessels Road, Nathan Qld 4111",Security Services,12/08/2025,15692,Altus Traffic Pty. Ltd.,"Port Melbourne, Vic",,,,,,,,,,,402001,,,,,,
,Griffith University,"170 Kessels Road, Nathan Qld 4111",Subscription/Licence Fees Software,12/08/2025,52918,DigiCert Ireland Limited,Ireland,,,,,,,,,,,402022,,,,,,
,Griffith University,"170 Kessels Road, Nathan Qld 4111",Marketing Fees,12/08/2025,14790,Dongfang International Centre for,China,,,,,,,,,,,2142134,,,,,,
,Griffith University,"170 Kessels Road, Nathan Qld 4111",Equipment Purchase,12/08/2025,35864,Hanna Instruments Pty Ltd,"Braeside, Vic",,,,,,,,,,,401999,,,,,,
,Griffith University,"170 Kessels Road, Nathan Qld 4111",Consultancy Services,12/08/2025,11803,Healing Circle Mob Pty Ltd,"Darwin City, Nt",,,,,,,,,,,402012,,,,,,
,Griffith University,"170 Kessels Road, Nathan Qld 4111",Fieldwork Expenses,12/08/2025,11330,IRONHORSE AVIATION PTY LTD,"Julatten, Qld",,,,,,,,,,,2139004,,,,,,
,Griffith University,"170 Kessels Road, Nathan Qld 4111",Building Construction & Maintenance,12/08/2025,18216,JENSEN BOWERS UNIT TRUST,"Spring Hills, Qld",,,,,,,,,,,402011,,,,,,
,Griffith University,"170 Kessels Road, Nathan Qld 4111",Subscription/Licence Fees Software,12/08/2025,49352,"Laminar Research, LLC",United States,,,,,,,,,,,402003,,,,,,
,Griffith University,"170 Kessels Road, Nathan Qld 4111",Software Support Maintenance,12/08/2025,70645,Lennox Computer,"Banyo, Qld",,,,,,,,,,,2142136 2171245,,,,,,
,Griffith University,"170 Kessels Road, Nathan Qld 4111",Pathology Expenditure,12/08/2025,16610,Perth Children's Hospital,"Nedlands, Wa",,,,,,,,,,,2142568,,,,,,
,Griffith University,"170 Kessels Road, Nathan Qld 4111",Equipment Purchase,12/08/2025,11055,Scitek Australia Pty Ltd,"Milsons Point, Nsw",,,,,,,,,,,401998,,,,,,
,Griffith University,"170 Kessels Road, Nathan Qld 4111",Publishing Expenses,12/08/2025,21111,Springer Nature BV,Germany,,,,,,,,,,,2140598,,,,,,
,Griffith University,"170 Kessels Road, Nathan Qld 4111",Building Construction & Maintenance,12/08/2025,14300,Steele Wrobel Pty Ltd,"Brisbane, Qld",,,,,,,,,,,402018,,,,,,
,Griffith University,"170 Kessels Road, Nathan Qld 4111",Building Construction & Maintenance,12/08/2025,49616,Wilson Architects,"Spring Hill, Qld",,,,,,,,,,,402008,,,,,,
,Griffith University,"170 Kessels Road, Nathan Qld 4111",Consultancy Services,12/08/2025,10000,YOURBUSINESSCHANNEL LIMITED,New Zealand,,,,,,,,,,,2145774,,,,,,
,Griffith University,"170 Kessels Road, Nathan Qld 4111",Equipment Purchase,13/08/2025,61765,ANDI-CO AUSTRALIA PTY. LTD.,"Oakleigh, Vic",,,,,,,,,,,402046,,,,,,
,Griffith University,"170 Kessels Road, Nathan Qld 4111",Equipment Maintenance,13/08/2025,22000,GLOBAL LIFE SCIENCES SOLUTIONS AUSTRALIA,"Lane Cove West, Nsw",,,,,,,,,,,402042,,,,,,
,Griffith University,"170 Kessels Road, Nathan Qld 4111",Building Construction & Maintenance,14/08/2025,26730,Anystream Australia Pty Ltd,"Perth, Wa",,,,,,,,,,,402071,,,,,,
,Griffith University,"170 Kessels Road, Nathan Qld 4111",Consultancy Services,14/08/2025,72600,BING WORKS PTY LTD,"Northcote, Vic",,,,,,,,,,,402083,,,,,,
,Griffith University,"170 Kessels Road, Nathan Qld 4111",Software Support Maintenance,14/08/2025,35638,Data #3 Limited,"Indooroopilly, Qld",,,,,,,,,,,402064,,,,,,
,Griffith University,"170 Kessels Road, Nathan Qld 4111",Consultancy Services,14/08/2025,25025,Dimity Adams Psychology Pty Ltd,Qld,,,,,,,,,,,402050,,,,,,
,Griffith University,"170 Kessels Road, Nathan Qld 4111",Subscription/Licence Fees Software,14/08/2025,185463,Google Australia Pty Ltd,"Sydney, Nsw",,,,,,,,,,,402063,,,,,,
,Griffith University,"170 Kessels Road, Nathan Qld 4111",Consultancy Services,14/08/2025,88000,Insight Enterprises Australia Pty Ltd,"Brookvale, Nsw",,,,,,,,,,,402084,,,,,,
,Griffith University,"170 Kessels Road, Nathan Qld 4111",Building Construction & Maintenance,14/08/2025,139920,Mott MacDonald Australia Pty Limited,"Adelaide, Sa",,,,,,,,,,,402079,,,,,,
,Griffith University,"170 Kessels Road, Nathan Qld 4111",Laboratory Consumables,15/08/2025,20491,Accurate Mass Scientific Pty Ltd,"Keilor East, Vic",,,,,,,,,,,402091,,,,,,
,Griffith University,"170 Kessels Road, Nathan Qld 4111",Building Construction & Maintenance,15/08/2025,20726,ARNOLD ELECTRICAL & DATA INSTALLATIONS P,"Salisbury, Qld",,,,,,,,,,,402105,,,,,,
,Griffith University,"170 Kessels Road, Nathan Qld 4111",Consultancy Services,15/08/2025,20000,David Rissik,NSW,,,,,,,,,,,402092,,,,,,
,Griffith University,"170 Kessels Road, Nathan Qld 4111",Consultancy Services,15/08/2025,14108,Leaderwise Pty Ltd,"Salisbury, Qld",,,,,,,,,,,402104,,,,,,
,Griffith University,"170 Kessels Road, Nathan Qld 4111",Consultancy Services,15/08/2025,14960,Ramafin Pty Ltd,"Nerang Dc, Qld",,,,,,,,,,,402090,,,,,,
,Griffith University,"170 Kessels Road, Nathan Qld 4111",Consultancy Services,15/08/2025,11880,WELLINGTONS COACHING & DEVELOPMENT PTY L,"Sherwood, Qld",,,,,,,,,,,402106,,,,,,
,Griffith University,"170 Kessels Road, Nathan Qld 4111",Equipment Purchase,16/08/2025,18881,Agilent Technologies Australia Pty Ltd,"Mulgrave, Vic",,,,,,,,,,,402120,,,,,,
,Griffith University,"170 Kessels Road, Nathan Qld 4111",Equipment Purchase,16/08/2025,12525,D1 Store Pty Ltd,"Brunswick, Vic",,,,,,,,,,,402107,,,,,,
,Griffith University,"170 Kessels Road, Nathan Qld 4111",Equipment Purchase,16/08/2025,47094,Nikon Australia Pty Ltd,"Rhodes, Nsw",,,,,,,,,,,402121,,,,,,
,Griffith University,"170 Kessels Road, Nathan Qld 4111",Software Support Maintenance,18/08/2025,75243,Orikan Australia Pty Ltd,"South Wharf, Vic",,,,,,,,,,,402143,,,,,,
,Griffith University,"170 Kessels Road, Nathan Qld 4111",Building Construction & Maintenance,19/08/2025,35070,A1 Building & Property Solutions Pty Ltd,"The Gap, Qld",,,,,,,,,,,402168,,,,,,
,Griffith University,"170 Kessels Road, Nathan Qld 4111",Laboratory Consumables,19/08/2025,11076,CJC Labs Ltd,United Kingdom,,,,,,,,,,,402166,,,,,,
,Griffith University,"170 Kessels Road, Nathan Qld 4111",Marketing Fees,19/08/2025,20000,EMC GK,Japan,,,,,,,,,,,2144989,,,,,,
,Griffith University,"170 Kessels Road, Nathan Qld 4111",Memberships/Subscriptions,19/08/2025,11000,Queensland Art Gallery,"Sth Brisbane, Qld",,,,,,,,,,,2142730,,,,,,
,Griffith University,"170 Kessels Road, Nathan Qld 4111",Event Expenditure,19/08/2025,15379,Richmond Signs & Designs,"Southport, Qld",,,,,,,,,,,2145414,,,,,,
,Griffith University,"170 Kessels Road, Nathan Qld 4111",Event Expenditure,19/08/2025,18971,Richmond Signs & Designs,"Southport, Qld",,,,,,,,,,,2145415,,,,,,
,Griffith University,"170 Kessels Road, Nathan Qld 4111",Telecommunicatons Expenditure,19/08/2025,10665,SDF Electrical Pty Ltd,"Sunnybank Hills, Qld",,,,,,,,,,,2145276,,,,,,
,Griffith University,"170 Kessels Road, Nathan Qld 4111",Consultancy Services,19/08/2025,22000,University of Tasmania,"Launceston, Tas",,,,,,,,,,,2145416,,,,,,
,Griffith University,"170 Kessels Road, Nathan Qld 4111",Building Construction & Maintenance,20/08/2025,44558,Data #3 Limited,"Indooroopilly, Qld",,,,,,,,,,,402231,,,,,,
,Griffith University,"170 Kessels Road, Nathan Qld 4111",Building Construction & Maintenance,20/08/2025,30745,McTaggart Plumbing PTY LTD,"Petrie, Qld",,,,,,,,,,,402218,,,,,,
,Griffith University,"170 Kessels Road, Nathan Qld 4111",Building Construction & Maintenance,21/08/2025,11583,Building Certifiers Australia Pty Ltd,"Caloundra, Qld",,,,,,,,,,,402294,,,,,,
,Griffith University,"170 Kessels Road, Nathan Qld 4111",Building Construction & Maintenance,21/08/2025,17988,Data #3 Limited,"Indooroopilly, Qld",,,,,,,,,,,402281,,,,,,
,Griffith University,"170 Kessels Road, Nathan Qld 4111",Software Support Maintenance,21/08/2025,98199,Enghouse Australia Pty Ltd,"Melbourne, Vic",,,,,,,,,,,402299,,,,,,
,Griffith University,"170 Kessels Road, Nathan Qld 4111",Software Support Maintenance,21/08/2025,87932,Maser Technology Group Pty Ltd,"French Forest, Nsw",,,,,,,,,,,402300,,,,,,
,Griffith University,"170 Kessels Road, Nathan Qld 4111",Building Construction & Maintenance,21/08/2025,14235,PROSYNC INDUSTRIES PTY LTD,"Arundel, Qld",,,,,,,,,,,402277,,,,,,
,Griffith University,"170 Kessels Road, Nathan Qld 4111",Subscription/Licence Fees Software,21/08/2025,13763,QCIF,"St Lucia, Qld",,,,,,,,,,,402254,,,,,,
,Griffith University,"170 Kessels Road, Nathan Qld 4111",Building Construction & Maintenance,21/08/2025,14190,Steele Wrobel Pty Ltd,"Brisbane, Qld",,,,,,,,,,,402288,,,,,,
,Griffith University,"170 Kessels Road, Nathan Qld 4111",Consultancy Services,22/08/2025,13063,COMPASS GROUP (AUSTRALIA) PTY LTD,"Perth, Wa",,,,,,,,,,,402314,,,,,,
,Griffith University,"170 Kessels Road, Nathan Qld 4111",Software Support Maintenance,22/08/2025,11320,Magentus Practice Management Pty Ltd,"Fortitude Valley, Qld",,,,,,,,,,,402308,,,,,,
,Griffith University,"170 Kessels Road, Nathan Qld 4111",Equipment Purchase,22/08/2025,25515,Merck Life Science Pty Ltd,"Castle Hill, Nsw",,,,,,,,,,,402326,,,,,,
,Griffith University,"170 Kessels Road, Nathan Qld 4111",Equipment Purchase,22/08/2025,563335,SPT Microtechnologies USA Inc.,United States,,,Limited,"c - (i) Cannot be made for technical reasons such as requirements of interchangeability or interoperability with existing equipment, software, services or installations procured under the initial procurement, or due to conditions under original supplier warranties",,,,,,,402307,,,,,,
,Griffith University,"170 Kessels Road, Nathan Qld 4111",Equipment Purchase,22/08/2025,11875,VICOM AUSTRALIA PTY. LIMITED,"South Oakleigh, Vic",,,,,,,,,,,402316,,,,,,
,Griffith University,"170 Kessels Road, Nathan Qld 4111",Building Construction & Maintenance,26/08/2025,17999,A1 Building & Property Solutions Pty Ltd,"The Gap, Qld",,,,,,,,,,,402395,,,,,,
,Griffith University,"170 Kessels Road, Nathan Qld 4111",Building Construction & Maintenance,26/08/2025,79629,AIRMASTER CORPORATION PTY LTD,"Mansfield, Qld",,,,,,,,,,,402386,,,,,,
,Griffith University,"170 Kessels Road, Nathan Qld 4111",Building Construction & Maintenance,26/08/2025,43263,ARNOLD ELECTRICAL & DATA INSTALLATIONS P,"Salisbury, Qld",,,,,,,,,,,402385,,,,,,
,Griffith University,"170 Kessels Road, Nathan Qld 4111",Accreditation Fees,26/08/2025,20293,Australian Physiotherapy Council Limited,"Canberra, Act",,,,,,,,,,,2142120,,,,,,
,Griffith University,"170 Kessels Road, Nathan Qld 4111",Building Construction & Maintenance,26/08/2025,790687,Biotech Engineering Pty Ltd,"Port Melbourne, Vic",,,Limited,,,,,,,,402372,,,,,,
,Griffith University,"170 Kessels Road, Nathan Qld 4111",Building Construction & Maintenance,26/08/2025,41360,Carbon FE Trading Pty Ltd,"Hope Island, Qld",,,,,,,,,,,402387,,,,,,
,Griffith University,"170 Kessels Road, Nathan Qld 4111",External Course Delivery,26/08/2025,33455,Corporate Prepaid Cards Pty Ltd,"Balmain, Nsw",,,,,,,,,,,2142855,,,,,,
,Griffith University,"170 Kessels Road, Nathan Qld 4111",Marketing Fees,26/08/2025,12131,CPX Pty Ltd,"Newmarket, Kelvin Grove Bc, Qld",,,,,,,,,,,2142524,,,,,,
,Griffith University,"170 Kessels Road, Nathan Qld 4111",Accreditation Fees,26/08/2025,10179,Engineers Australia Pty Ltd,"Kingston, Act",,,,,,,,,,,2146233,,,,,,
,Griffith University,"170 Kessels Road, Nathan Qld 4111",Building Construction & Maintenance,26/08/2025,10736,GELEON CONSULTING PTY LTD,"Nerang, Qld",,,,,,,,,,,402371,,,,,,
,Griffith University,"170 Kessels Road, Nathan Qld 4111",Consultancy Services,26/08/2025,13200,Inverted Downunder Pty Ltd,"Marks Point, Nsw",,,,,,,,,,,2146735,,,,,,
,Griffith University,"170 Kessels Road, Nathan Qld 4111",Building Construction & Maintenance,26/08/2025,18007,Mode Design Corp Pty Ltd,"Fortitude Valley, Qld",,,,,,,,,,,402384,,,,,,
,Griffith University,"170 Kessels Road, Nathan Qld 4111",Consultancy Services,26/08/2025,159247,QS Quacquarelli Symonds Limited,"Melbourne, Vic",,,,,,,,,,,2141574,,,,,,
,Griffith University,"170 Kessels Road, Nathan Qld 4111",Consultancy Services,26/08/2025,25000,SEA LEVEL AWARE PREPARE,"Bentleigh, Vic",,,,,,,,,,,2146541,,,,,,
,Griffith University,"170 Kessels Road, Nathan Qld 4111",Consultancy Services,26/08/2025,15000,Soroush Abolfathi,United Kingdom,,,,,,,,,,,2146219,,,,,,
,Griffith University,"170 Kessels Road, Nathan Qld 4111",Subscription/Licence Fees Software,27/08/2025,63760,Data #3 Limited,"Indooroopilly, Qld",,,,,,,,,,,402398,,,,,,
,Griffith University,"170 Kessels Road, Nathan Qld 4111",Building Construction & Maintenance,27/08/2025,23430,E-LAB Consulting,"Sydney, Nsw",,,,,,,,,,,402434,,,,,,
,Griffith University,"170 Kessels Road, Nathan Qld 4111",Building Construction & Maintenance,27/08/2025,10340,O'Connor Marsden & Associates,"Sydney, Nsw",,,,,,,,,,,402433,,,,,,
,Griffith University,"170 Kessels Road, Nathan Qld 4111",Building Construction & Maintenance,27/08/2025,18150,PACIFIC GEOTECH PTY LTD,"Coomera, Qld",,,,,,,,,,,402432,,,,,,
,Griffith University,"170 Kessels Road, Nathan Qld 4111",Consultancy Services,27/08/2025,68063,Squiz Australia Pty Ltd,"Sydney, Nsw",,,,,,,,,,,402401,,,,,,
,Griffith University,"170 Kessels Road, Nathan Qld 4111",Equipment Purchase,27/08/2025,10319,Thermoline Scientific Equipment Pty Ltd,"Wetherill Park, Nsw",,,,,,,,,,,402403,,,,,,
,Griffith University,"170 Kessels Road, Nathan Qld 4111",Chemical/Biological Products,28/08/2025,12035,In Vitro Technologies Pty Ltd,"Noble Park, Vic",,,,,,,,,,,402464,,,,,,
,Griffith University,"170 Kessels Road, Nathan Qld 4111",Subscription/Licence Fees Software,28/08/2025,165000,Oracle Corporation Australia Pty Ltd,"Sydney, Nsw",,,,,,,,,,,402443,,,,,,
,Griffith University,"170 Kessels Road, Nathan Qld 4111",Building Construction & Maintenance,29/08/2025,15953,A1 Building & Property Solutions Pty Ltd,"The Gap, Qld",,,,,,,,,,,402491,,,,,,
,Griffith University,"170 Kessels Road, Nathan Qld 4111",Consultancy Services,29/08/2025,54945,Edified Pty Ltd,"Carlton North, Vic",,,,,,,,,,,402489,,,,,,
,Griffith University,"170 Kessels Road, Nathan Qld 4111",Equipment Purchase,29/08/2025,33658,Smartech Systems Oceania Pty Ltd,"Berala, Nsw",,,,,,,,,,,402492,,,,,,
,Griffith University,"170 Kessels Road, Nathan Qld 4111",Equipment Purchase,29/08/2025,16008,Technical Advantages,"Warner, Qld",,,,,,,,,,,402495,,,,,,
,Griffith University,"170 Kessels Road, Nathan Qld 4111",Building Construction & Maintenance,29/08/2025,116479,Wilson Architects,"Spring Hill, Qld",,,,,,,,,,,402496,,,,,,
,Griffith University,"170 Kessels Road, Nathan Qld 4111",Building Construction & Maintenance,1/09/2025,38500,Brient Trade Services Pty Ltd,"Guanaba, Qld",,,,,,,,,,,402529,,,,,,
,Griffith University,"170 Kessels Road, Nathan Qld 4111",Building Construction & Maintenance,1/09/2025,29425,Crown Mechanical Electrical Pty Ltd,"Rochedale South, Qld",,,,,,,,,,,402553,,,,,,
,Griffith University,"170 Kessels Road, Nathan Qld 4111",Equipment Maintenance,1/09/2025,48190,FREEDSPACE PTY LTD,"Yarraville, Vic",,,,,,,,,,,402511,,,,,,
,Griffith University,"170 Kessels Road, Nathan Qld 4111",Consultancy Services,1/09/2025,144980,FROMHEREON PTY LTD,"Melbourne, Vic",,,,,,,,,,,402506,,,,,,
,Griffith University,"170 Kessels Road, Nathan Qld 4111",Building Construction & Maintenance,1/09/2025,18728,FROTH BUILD PTY LTD,"Palm Beach, Qld",,,,,,,,,,,402530,,,,,,
,Griffith University,"170 Kessels Road, Nathan Qld 4111",Building Construction & Maintenance,1/09/2025,14916,Prensa Pty Ltd,"Milton, Qld",,,,,,,,,,,402518,,,,,,
,Griffith University,"170 Kessels Road, Nathan Qld 4111",Consultancy Services,1/09/2025,46200,SANNAM S4 PTY LTD,"Melbourne, Vic",,,,,,,,,,,402557,,,,,,
,Griffith University,"170 Kessels Road, Nathan Qld 4111",Telecommunicatons Expenditure,1/09/2025,"312,000",TPG Network Pty Ltd,"Sydney, Nsw",,,,,,,,,,,2157520,,,,,,
,Griffith University,"170 Kessels Road, Nathan Qld 4111",Consultancy Services,1/09/2025,10585,University of Wollongong,"Wollongong, Nsw",,,,,,,,,,,402543,,,,,,
,Griffith University,"170 Kessels Road, Nathan Qld 4111",Consultancy Services,2/09/2025,52008,COMFORT QUEST,"Redland Bay, Qld",,,,,,,,,,,402579,,,,,,
,Griffith University,"170 Kessels Road, Nathan Qld 4111",Audit Fees,2/09/2025,44899,Deloitte Touche Tohmatsu,"Brisbane City, Qld",,,,,,,,,,,2147922 2148518,,,,,,
,Griffith University,"170 Kessels Road, Nathan Qld 4111",Consultancy Services,2/09/2025,22000,INTEGRESS PTY LTD,"The Gap, Qld",,,,,,,,,,,2147742,,,,,,
,Griffith University,"170 Kessels Road, Nathan Qld 4111",Consultancy Services,2/09/2025,24840,LightPath Consulting Group,Viet Nam,,,,,,,,,,,402565,,,,,,
,Griffith University,"170 Kessels Road, Nathan Qld 4111",Consultancy Services,2/09/2025,47654,Linda Kenni,Vanuatu,,,,,,,,,,,2144993,,,,,,
,Griffith University,"170 Kessels Road, Nathan Qld 4111",Memberships/Subscriptions,2/09/2025,37342,UniJobs Global Pty Ltd,"Brighton, Vic",,,,,,,,,,,2144991,,,,,,
,Griffith University,"170 Kessels Road, Nathan Qld 4111",Memberships/Subscriptions,2/09/2025,30102,University Admissions Centre (NSW & ACT),"Silverwater, Nsw",,,,,,,,,,,2147528,,,,,,
,Griffith University,"170 Kessels Road, Nathan Qld 4111",Equipment Purchase,2/09/2025,24163,Videopro Pty Ltd,"Eagle Farm, Qld",,,,,,,,,,,402566,,,,,,
,Griffith University,"170 Kessels Road, Nathan Qld 4111",Equipment Maintenance,3/09/2025,13035,Instron,"Bayswater, Vic",,,,,,,,,,,402602,,,,,,
,Griffith University,"170 Kessels Road, Nathan Qld 4111",Building Construction & Maintenance,3/09/2025,357720,RYAN WILKS PTY. LTD.,"Murarrie, Qld",,,,,,,,,,,402618,,,,,,
,Griffith University,"170 Kessels Road, Nathan Qld 4111",Equipment Purchase,3/09/2025,24460,Thermo Fisher Scientific Australia,"Scoresby, Vic",,,,,,,,,,,402603,,,,,,
,Griffith University,"170 Kessels Road, Nathan Qld 4111",Consultancy Services,4/09/2025,38742,Atomic Jolt Inc.,United States,,,,,,,,,,,402632,,,,,,
,Griffith University,"170 Kessels Road, Nathan Qld 4111",Printing Expenses,4/09/2025,12375,Ball & Doggett Pty Ltd,"Brendale, Qld",,,,,,,,,,,402657,,,,,,
,Griffith University,"170 Kessels Road, Nathan Qld 4111",Event Expenditure,4/09/2025,11000,Bensonlily Surfers Paradise Pty Ltd,"Surfers Paradise, Qld",,,,,,,,,,,402631,,,,,,
,Griffith University,"170 Kessels Road, Nathan Qld 4111",Equipment Purchase,4/09/2025,21382,CH Instruments Inc,United States,,,,,,,,,,,402629,,,,,,
,Griffith University,"170 Kessels Road, Nathan Qld 4111",Building Construction & Maintenance,4/09/2025,156200,Green Options Pty Limited,"Botany, Nsw",,,,,,,,,,,402630,,,,,,
,Griffith University,"170 Kessels Road, Nathan Qld 4111",Building Construction & Maintenance,4/09/2025,16352,McTaggart Plumbing PTY LTD,"Petrie, Qld",,,,,,,,,,,402665,,,,,,
,Griffith University,"170 Kessels Road, Nathan Qld 4111",Chemical/Biological Products,4/09/2025,15985,Millennium Science Pty Ltd,"Mulgrave, Vic",,,,,,,,,,,402633,,,,,,
,Griffith University,"170 Kessels Road, Nathan Qld 4111",Equipment Purchase,5/09/2025,16221,ASSET PLANT & MACHINERY AUSTRALIA-NZ PTY,"Dandenong South, Vic",,,,,,,,,,,402687,,,,,,
,Griffith University,"170 Kessels Road, Nathan Qld 4111",Consultancy Services,5/09/2025,10560,BENNETT AND BENNETT GROUP,"Gold Coast Mail Centre, Qld",,,,,,,,,,,402694,,,,,,
,Griffith University,"170 Kessels Road, Nathan Qld 4111",Building Construction & Maintenance,5/09/2025,410015,CBRE (GWSLA) PTY LTD,"Brisbane, Qld",,,,,,,,,,,402676,,,,,,
,Griffith University,"170 Kessels Road, Nathan Qld 4111",Building Construction & Maintenance,5/09/2025,19800,LAB ARCHITECTS PTY LTD,"Chapel Hill, Qld",,,,,,,,,,,402691,,,,,,
,Griffith University,"170 Kessels Road, Nathan Qld 4111",Equipment Purchase,5/09/2025,44356,Metrohm Australia Pty Limited,"Ryde, Nsw",,,,,,,,,,,402697,,,,,,
,Griffith University,"170 Kessels Road, Nathan Qld 4111",Consultancy Services,5/09/2025,17600,Napier & Blakeley Pty Ltd,"Brisbane, Qld",,,,,,,,,,,402695,,,,,,
,Griffith University,"170 Kessels Road, Nathan Qld 4111",Subscription/Licence Fees Software,5/09/2025,110754,Red Hat Asia-Pacific Pty Ltd,"North Sydney, Nsw",,,,,,,,,,,402670,,,,,,
,Griffith University,"170 Kessels Road, Nathan Qld 4111",Software Support Maintenance,5/09/2025,261866,SALTT TECHNOLOGIES PTY LTD,"Gladesville, Nsw",,,,,,,,,,,402711,,,,,,
,Griffith University,"170 Kessels Road, Nathan Qld 4111",Consultancy Services,5/09/2025,14850,Urbis Pty Ltd,"Brisbane, Qld",,,,,,,,,,,402696,,,,,,
,Griffith University,"170 Kessels Road, Nathan Qld 4111",IT Equipment,6/09/2025,19541,JB Hi Fi Group Pty Ltd,"South Melbourne, Vic",,,,,,,,,,,402712,,,,,,
,Griffith University,"170 Kessels Road, Nathan Qld 4111",Field Trip Expenses (Excursions),8/09/2025,13310,BRISBANE 360 PTY LTD,"Daisy Hill, Qld",,,,,,,,,,,402735,,,,,,
,Griffith University,"170 Kessels Road, Nathan Qld 4111",External Course Delivery,8/09/2025,20032,COMMUNITY POWER AGENCY CO-OPERATIVE LIMI,"Chippendale, Nsw",,,,,,,,,,,402750,,,,,,
,Griffith University,"170 Kessels Road, Nathan Qld 4111",Building Construction & Maintenance,8/09/2025,663970,SHAPE AUSTRALIA (QLD) PTY LIMITED,"Brisbane City, Qld",Yes,,Selective,,,,,,,,402727,,,,,,
,Griffith University,"170 Kessels Road, Nathan Qld 4111",Software Support Maintenance,8/09/2025,38410,The MathWorks Australia Pty Limited,"Chatswood, Nsw",,,,,,,,,,,402753,,,,,,
,Griffith University,"170 Kessels Road, Nathan Qld 4111",Printing Expenses,8/09/2025,18480,VRC Printing Pty Ltd,"Coorparoo, Qld",,,,,,,,,,,402745,,,,,,
,Griffith University,"170 Kessels Road, Nathan Qld 4111",External Course Delivery,9/09/2025,63178,Corporate Prepaid Cards Pty Ltd,"Balmain, Nsw",,,,,,,,,,,2147875,,,,,,
,Griffith University,"170 Kessels Road, Nathan Qld 4111",Building Construction & Maintenance,9/09/2025,21617,E.D.C. SYSTEMS PTY LTD,"Cannon Hill, Qld",,,,,,,,,,,402781,,,,,,
,Griffith University,"170 Kessels Road, Nathan Qld 4111",Equipment Purchase,9/09/2025,12677,Hanna Instruments Pty Ltd,"Braeside, Vic",,,,,,,,,,,402762,,,,,,
,Griffith University,"170 Kessels Road, Nathan Qld 4111",Conference Expenses,9/09/2025,12288,Our Community Pty. Ltd.,"North Melbourne, Vic",,,,,,,,,,,402805,,,,,,
,Griffith University,"170 Kessels Road, Nathan Qld 4111",Equipment Purchase,9/09/2025,213798,RENOX TECHNOLOGY PTY LTD,"Yatala, Qld",,,,,,,,,,,2146740,,,,,,
,Griffith University,"170 Kessels Road, Nathan Qld 4111",Marketing Fees,9/09/2025,12701,Richmond Signs & Designs,"Southport, Qld",,,,,,,,,,,2149257,,,,,,
,Griffith University,"170 Kessels Road, Nathan Qld 4111",Marketing Fees,9/09/2025,11118,Richmond Signs & Designs,"Southport, Qld",,,,,,,,,,,2149258,,,,,,
,Griffith University,"170 Kessels Road, Nathan Qld 4111",Memberships/Subscriptions,9/09/2025,92337,Worldwide Universities Network,United Kingdom,,,,,,,,,,,2148047,,,,,,
,Griffith University,"170 Kessels Road, Nathan Qld 4111",Equipment Purchase,10/09/2025,17215,Welch Allyn Australia Pty Ltd,"Macquarie Park, Nsw",,,,,,,,,,,402815,,,,,,
,Griffith University,"170 Kessels Road, Nathan Qld 4111",Consultancy Services,11/09/2025,12571,AUSNVIRO PTY LTD,"Melbourne, Vic",,,,,,,,,,,402868,,,,,,
,Griffith University,"170 Kessels Road, Nathan Qld 4111",Building Construction & Maintenance,11/09/2025,21758,E.D.C. SYSTEMS PTY LTD,"Cannon Hill, Qld",,,,,,,,,,,402857,,,,,,
,Griffith University,"170 Kessels Road, Nathan Qld 4111",Legal Fees,11/09/2025,28050,HWL Ebsworth Lawyers,"Brisbane, Qld",,,,,,,,,,,402878,,,,,,
,Griffith University,"170 Kessels Road, Nathan Qld 4111",Subscription/Licence Fees Software,11/09/2025,25697,Salesforce,"Sydney, Nsw",,,,,,,,,,,402858,,,,,,
,Griffith University,"170 Kessels Road, Nathan Qld 4111",Security Services,11/09/2025,36986,Securcom Pty Ltd,"Brendale, Qld",,,,,,,,,,,402860,,,,,,
,Griffith University,"170 Kessels Road, Nathan Qld 4111",Building Construction & Maintenance,11/09/2025,17325,Spearhead Engineering Pty Ltd,"South Brisbane, Qld",,,,,,,,,,,402882,,,,,,
,Griffith University,"170 Kessels Road, Nathan Qld 4111",Event Expenditure,11/09/2025,15107,The University of Newcastle,"Callaghan, Nsw",,,,,,,,,,,402861,,,,,,
,Griffith University,"170 Kessels Road, Nathan Qld 4111",Consultancy Services,12/09/2025,93720,Focus Professional Services Pty Ltd,"Brisbane, Qld",,,,,,,,,,,402919,,,,,,
,Griffith University,"170 Kessels Road, Nathan Qld 4111",Building Construction & Maintenance,12/09/2025,15686,McTaggart Plumbing PTY LTD,"Petrie, Qld",,,,,,,,,,,402899,,,,,,
,Griffith University,"170 Kessels Road, Nathan Qld 4111",Building Construction & Maintenance,12/09/2025,21714,Omnii Pty Ltd,"Milton, Qld",,,,,,,,,,,402893,,,,,,
,Griffith University,"170 Kessels Road, Nathan Qld 4111",Equipment Purchase,12/09/2025,49070,United Equipment Pty Ltd,"Welshpool Dc, Wa",,,,,,,,,,,402900,,,,,,
,Griffith University,"170 Kessels Road, Nathan Qld 4111",Building Construction & Maintenance,15/09/2025,760320,Capital Insight Pty. Limited,"Brisbane City, Qld",,,Open,,,,,,,,402945,,,,,,
,Griffith University,"170 Kessels Road, Nathan Qld 4111",Subscription/Licence Fees Software,15/09/2025,22735,Enghouse Australia Pty Ltd,"Melbourne, Vic",,,,,,,,,,,402925,,,,,,
,Griffith University,"170 Kessels Road, Nathan Qld 4111",Consultancy Services,15/09/2025,33000,Evinact Pty Ltd,"Brisbane, Qld",,,,,,,,,,,402939,,,,,,
,Griffith University,"170 Kessels Road, Nathan Qld 4111",Subscription/Licence Fees Software,15/09/2025,12010,Logemas Pty Ltd,"Albion, Qld",,,,,,,,,,,402927,,,,,,
,Griffith University,"170 Kessels Road, Nathan Qld 4111",Software Support Maintenance,15/09/2025,14949,RYAN WILKS PTY. LTD.,"Murarrie, Qld",,,,,,,,,,,402942,,,,,,
,Griffith University,"170 Kessels Road, Nathan Qld 4111",Subscription/Licence Fees Software,15/09/2025,45716,VERITAS HEALTH INNOVATION LTD,"Melbourne, Vic",,,,,,,,,,,402928,,,,,,
,Griffith University,"170 Kessels Road, Nathan Qld 4111",Conference Expenses,16/09/2025,36190,AUIDF,"Redhead, Nsw",,,,,,,,,,,2147747,,,,,,
,Griffith University,"170 Kessels Road, Nathan Qld 4111",Marketing Fees,16/09/2025,88220,CLAXON PTY LTD,"Surfers Paradise, Qld",,,,,,,,,,,2147877,,,,,,
,Griffith University,"170 Kessels Road, Nathan Qld 4111",Equipment Purchase,16/09/2025,13826,Coherent Scientific Pty Ltd,"Thebarton, Sa",,,,,,,,,,,402986,,,,,,
,Griffith University,"170 Kessels Road, Nathan Qld 4111",Laboratory Consumables,16/09/2025,13671,Dentsply Sirona Pty Ltd,"Mount Waverley, Vic",,,,,,,,,,,2146399,,,,,,
,Griffith University,"170 Kessels Road, Nathan Qld 4111",Building Construction & Maintenance,16/09/2025,10220,E.D.C. SYSTEMS PTY LTD,"Cannon Hill, Qld",,,,,,,,,,,2150498,,,,,,
,Griffith University,"170 Kessels Road, Nathan Qld 4111",Equipment Purchase,16/09/2025,10639,EVIDENT AUSTRALIA PTY LTD,"Macquarie Park, Nsw",,,,,,,,,,,402967,,,,,,
,Griffith University,"170 Kessels Road, Nathan Qld 4111",Event Expenditure,16/09/2025,23685,FREE DROP PTY LTD,"Sandhurst, Vic",,,,,,,,,,,2148526,,,,,,
,Griffith University,"170 Kessels Road, Nathan Qld 4111",Field Trip Expenses (Excursions),16/09/2025,13375,Koala Blue Tours,"Oxenford, Qld",,,,,,,,,,,2146748,,,,,,
,Griffith University,"170 Kessels Road, Nathan Qld 4111",Equipment Purchase,16/09/2025,25094,Peak Scientific Instruments,"Port Melbourne, Vic",,,,,,,,,,,403005,,,,,,
,Griffith University,"170 Kessels Road, Nathan Qld 4111",Marketing Fees,16/09/2025,16824,Queensland T-Shirt Company,"Kedron, Qld",,,,,,,,,,,2147437,,,,,,
,Griffith University,"170 Kessels Road, Nathan Qld 4111",Memberships/Subscriptions,16/09/2025,14510,The Association of Commonwealth Universi,United Kingdom,,,,,,,,,,,2150307,,,,,,
,Griffith University,"170 Kessels Road, Nathan Qld 4111",Memberships/Subscriptions,16/09/2025,73666,The Conversation Media Group,"Melbourne, Vic",,,,,,,,,,,2149962,,,,,,
,Griffith University,"170 Kessels Road, Nathan Qld 4111",Memberships/Subscriptions,16/09/2025,10951,"The Mekong Club, Limited",Hong Kong,,,,,,,,,,,2148514,,,,,,
,Griffith University,"170 Kessels Road, Nathan Qld 4111",Equipment Maintenance,17/09/2025,159972,AIM Discovery Solutions Pty Ltd,"Kew, Vic",,,,,,,,,,,403016,,,,,,
,Griffith University,"170 Kessels Road, Nathan Qld 4111",Subscription/Licence Fees Software,17/09/2025,12397,BLUEBEAM AUSTRALIA PTY LTD.,"Brisbane City, Qld",,,,,,,,,,,403017,,,,,,
,Griffith University,"170 Kessels Road, Nathan Qld 4111",Equipment Purchase,17/09/2025,56595,Cosmed Asia Pacific Pty Ltd,"Artarmon, Nsw",,,,,,,,,,,403014,,,,,,
,Griffith University,"170 Kessels Road, Nathan Qld 4111",Consultancy Services,17/09/2025,32450,Cox Rayner Architects,"Brisbane, Qld",,,,,,,,,,,403033,,,,,,
,Griffith University,"170 Kessels Road, Nathan Qld 4111",Consultancy Services,17/09/2025,432300,DELOITTE CONSULTING PTY LIMITED,"Brisbane, Qld",,,,,,,,,,,403028,,,,,,
,Griffith University,"170 Kessels Road, Nathan Qld 4111",Building Construction & Maintenance,18/09/2025,16302,A.G. Coombs Advisory Pty Ltd,"Moorabbin, Vic",,,,,,,,,,,403059,,,,,,
,Griffith University,"170 Kessels Road, Nathan Qld 4111",Building Construction & Maintenance,18/09/2025,30032,CVSG ASSET SERVICES PTY LTD,"Hendra, Qld",,,,,,,,,,,403045,,,,,,
,Griffith University,"170 Kessels Road, Nathan Qld 4111",Equipment Purchase,18/09/2025,33691,Data #3 Limited,"Indooroopilly, Qld",,,,,,,,,,,403049,,,,,,
,Griffith University,"170 Kessels Road, Nathan Qld 4111",Equipment Purchase,18/09/2025,12403,In Vitro Technologies Pty Ltd,"Noble Park, Vic",,,,,,,,,,,403063,,,,,,
,Griffith University,"170 Kessels Road, Nathan Qld 4111",Equipment Purchase,18/09/2025,175613,Laerdal Pty Ltd,"Oakleigh, Vic",,,,,,,,,,,403046,,,,,,
,Griffith University,"170 Kessels Road, Nathan Qld 4111",Equipment Purchase,18/09/2025,57805,Mediquip Pty Ltd,"Loganholme, Qld",,,,,,,,,,,403043,,,,,,
,Griffith University,"170 Kessels Road, Nathan Qld 4111",Building Construction & Maintenance,18/09/2025,10670,Mode Design Corp Pty Ltd,"Fortitude Valley, Qld",,,,,,,,,,,403082,,,,,,
,Griffith University,"170 Kessels Road, Nathan Qld 4111",Building Construction & Maintenance,18/09/2025,19391,Programmed Electrical Technologies Ltd,"Newstead, Qld",,,,,,,,,,,403051,,,,,,
,Griffith University,"170 Kessels Road, Nathan Qld 4111",Equipment Purchase,19/09/2025,14764,Ausoptic International Pty Ltd,"Pinnacle Office Park, Nsw",,,,,,,,,,,403108,,,,,,
,Griffith University,"170 Kessels Road, Nathan Qld 4111",Equipment Maintenance,19/09/2025,20393,Tecniplast Australia Pty Limited,"Lane Cove, Nsw",,,,,,,,,,,403115,,,,,,
,Griffith University,"170 Kessels Road, Nathan Qld 4111",Equipment Purchase,19/09/2025,72277,Xylem Water Solutions Australia Ltd,"Mansfield, Qld",,,,,,,,,,,403120,,,,,,
,Griffith University,"170 Kessels Road, Nathan Qld 4111",Event Expenditure,20/09/2025,23100,SOMERVILLE HOUSE,"South Brisbane, Qld",,,,,,,,,,,403126,,,,,,
,Griffith University,"170 Kessels Road, Nathan Qld 4111",Laboratory Consumables,22/09/2025,13397,AIM Discovery Solutions Pty Ltd,"Kew, Vic",,,,,,,,,,,403146,,,,,,
,Griffith University,"170 Kessels Road, Nathan Qld 4111",Marketing Fees,22/09/2025,60322,Campaignxpress Pty Ltd,"Sydney, Nsw",,,,,,,,,,,403130,,,,,,
,Griffith University,"170 Kessels Road, Nathan Qld 4111",Subscription/Licence Fees Software,22/09/2025,10018,Data #3 Limited,"Indooroopilly, Qld",,,,,,,,,,,403131,,,,,,
,Griffith University,"170 Kessels Road, Nathan Qld 4111",Consultancy Services,22/09/2025,25000,Pivotal Agency Pty Ltd,"Oxenford, Qld",,,,,,,,,,,403132,,,,,,
,Griffith University,"170 Kessels Road, Nathan Qld 4111",Building Construction & Maintenance,22/09/2025,41210,STEVE WATSON AND PARTNERS PTY LIMITED,"Sydney, Nsw",Yes,,,,,,,,,,403147,,,,,,
,Griffith University,"170 Kessels Road, Nathan Qld 4111",Consultancy Services,23/09/2025,35340,ACER - Aust Council for Edu Research Ltd,"Camberwell, Vic",,,,,,,,,,,2149949,,,,,,
,Griffith University,"170 Kessels Road, Nathan Qld 4111",Pathology Expenditure,23/09/2025,17500,ChomiX Biotech,China,,,,,,,,,,,403184,,,,,,
,Griffith University,"170 Kessels Road, Nathan Qld 4111",Memberships/Subscriptions,23/09/2025,13000,Cooperative Research Centres Association,"Barton, Act",,,,,,,,,,,2151947,,,,,,
,Griffith University,"170 Kessels Road, Nathan Qld 4111",Memberships/Subscriptions,23/09/2025,10815,Council Of Deans of Nursing and Midwifer,"Frankston, Vic",,,,,,,,,,,2149556,,,,,,
,Griffith University,"170 Kessels Road, Nathan Qld 4111",Consultancy Services,23/09/2025,16500,CSIRO,"Clayton, Vic",,,,,,,,,,,2151985,,,,,,
,Griffith University,"170 Kessels Road, Nathan Qld 4111",Equipment Maintenance,23/09/2025,12386,East Coast Dental Services,"Palm Beach, Qld",,,,,,,,,,,2150781,,,,,,
,Griffith University,"170 Kessels Road, Nathan Qld 4111",Patent Application Fee,23/09/2025,14736,FB Rice Pty Ltd,"Sydney South, Nsw",,,,,,,,,,,2148052,,,,,,
,Griffith University,"170 Kessels Road, Nathan Qld 4111",Building Construction & Maintenance,23/09/2025,102476,GELEON CONSULTING PTY LTD,"Nerang, Qld",,,,,,,,,,,403181,,,,,,
,Griffith University,"170 Kessels Road, Nathan Qld 4111",Fieldwork Expenses,23/09/2025,42570,IRONHORSE AVIATION PTY LTD,"Julatten, Qld",,,,,,,,,,,2147525,,,,,,
,Griffith University,"170 Kessels Road, Nathan Qld 4111",IT Equipment,23/09/2025,58300,JB Hi Fi Group Pty Ltd,"South Melbourne, Vic",,,,,,,,,,,403169,,,,,,
,Griffith University,"170 Kessels Road, Nathan Qld 4111",Equipment Purchase,23/09/2025,128206,Laerdal Pty Ltd,"Oakleigh, Vic",,,,,,,,,,,403153,,,,,,
,Griffith University,"170 Kessels Road, Nathan Qld 4111",Marketing Fees,23/09/2025,14300,Luke Marsden Photo,Qld,,,,,,,,,,,403162,,,,,,
,Griffith University,"170 Kessels Road, Nathan Qld 4111",Building Construction & Maintenance,23/09/2025,53053,Programmed Electrical Technologies Ltd,"Newstead, Qld",,,,,,,,,,,403170,,,,,,
,Griffith University,"170 Kessels Road, Nathan Qld 4111",Memberships/Subscriptions,23/09/2025,10546,University Admissions Centre (NSW & ACT),"Silverwater, Nsw",,,,,,,,,,,2147527,,,,,,
,Griffith University,"170 Kessels Road, Nathan Qld 4111",Building Construction & Maintenance,24/09/2025,38269,AIRMASTER CORPORATION PTY LTD,"Mansfield, Qld",,,,,,,,,,,403213,,,,,,
,Griffith University,"170 Kessels Road, Nathan Qld 4111",Freight Fees,24/09/2025,64229,DSV AIR & SEA PTY LTD,"Melbourne Airport, Vic",,,,,,,,,,,403194,,,,,,
,Griffith University,"170 Kessels Road, Nathan Qld 4111",Building Construction & Maintenance,24/09/2025,15510,PHILIP CHUN BC QLD PTY LTD,"City East, Qld",,,,,,,,,,,403191,,,,,,
,Griffith University,"170 Kessels Road, Nathan Qld 4111",Equipment Purchase,24/09/2025,42098,Programmed Electrical Technologies Ltd,"Newstead, Qld",,,,,,,,,,,403189,,,,,,
,Griffith University,"170 Kessels Road, Nathan Qld 4111",Equipment Purchase,25/09/2025,63729,Cosmed Asia Pacific Pty Ltd,"Artarmon, Nsw",,,,,,,,,,,403226,,,,,,
,Griffith University,"170 Kessels Road, Nathan Qld 4111",Equipment Purchase,25/09/2025,11355,Hellmann Worldwide Logistics Pty Ltd,"Brisbane Airport, Qld",,,,,,,,,,,403237,,,,,,
,Griffith University,"170 Kessels Road, Nathan Qld 4111",Consultancy Services,25/09/2025,22199,Jennifer Carpenter,United Kingdom,,,,,,,,,,,403227,,,,,,
,Griffith University,"170 Kessels Road, Nathan Qld 4111",Consultancy Services,25/09/2025,220000,Martuwarra Fitzroy River Council,"Broome, Wa",,,,,,,,,,,403225,,,,,,
,Griffith University,"170 Kessels Road, Nathan Qld 4111",Equipment Maintenance,25/09/2025,13970,McTaggart Plumbing PTY LTD,"Petrie, Qld",,,,,,,,,,,403229,,,,,,
,Griffith University,"170 Kessels Road, Nathan Qld 4111",Chemical/Biological Products,25/09/2025,47292,Merck Life Science Pty Ltd,"Castle Hill, Nsw",,,,,,,,,,,403232,,,,,,
,Griffith University,"170 Kessels Road, Nathan Qld 4111",Legal Fees,25/09/2025,38500,MINTERELLISON,"Melbourne, Qld",,,,,,,,,,,403242,,,,,,
,Griffith University,"170 Kessels Road, Nathan Qld 4111",Equipment Purchase,26/09/2025,38907,Bruker Pty Ltd,"Alexandria, Nsw",,,,,,,,,,,403268,,,,,,
,Griffith University,"170 Kessels Road, Nathan Qld 4111",Equipment Purchase,26/09/2025,11242,Incorporate Space,"Sunnybank, Qld",,,,,,,,,,,403284,,,,,,
,Griffith University,"170 Kessels Road, Nathan Qld 4111",Equipment Purchase,26/09/2025,86845,Ivoclar Vivadent Pty. Ltd.,"Noble Park North, Vic",,,,,,,,,,,403280,,,,,,
,Griffith University,"170 Kessels Road, Nathan Qld 4111",Equipment Purchase,26/09/2025,28075,Ivoclar Vivadent Pty. Ltd.,"Noble Park North, Vic",,,,,,,,,,,403281,,,,,,
,Griffith University,"170 Kessels Road, Nathan Qld 4111",Building Construction & Maintenance,26/09/2025,54274,Timber Flooring Concepts,"Birkdale, Qld",,,,,,,,,,,403266,,,,,,
,Griffith University,"170 Kessels Road, Nathan Qld 4111",Subscription/Licence Fees Software,29/09/2025,99000,Cloudec Pty Ltd,"Sydney, Nsw",,,,,,,,,,,403306,,,,,,
,Griffith University,"170 Kessels Road, Nathan Qld 4111",Subscription/Licence Fees Software,29/09/2025,47452,ConvergePoint Inc,United States,,,,,,,,,,,403295,,C01522,,,,
,Griffith University,"170 Kessels Road, Nathan Qld 4111",Subscription/Licence Fees Software,29/09/2025,107358,CyberCX Pty Ltd,"Melbourne, Vic",,,,,,,,,,,403317,,,,,,
,Griffith University,"170 Kessels Road, Nathan Qld 4111",Consultancy Services,29/09/2025,22915,EMPIUS PTY LTD,"Wynnum, Qld",,,,,,,,,,,403335,,,,,,
,Griffith University,"170 Kessels Road, Nathan Qld 4111",Subscription/Licence Fees Software,29/09/2025,63636,Gearset Limited,United Kingdom,,,,,,,,,,,403296,,,,,,
,Griffith University,"170 Kessels Road, Nathan Qld 4111",Subscription/Licence Fees Software,29/09/2025,16500,Leximancer Pty Ltd,"St Lucia, Qld",,,,,,,,,,,403303,,,,,,
,Griffith University,"170 Kessels Road, Nathan Qld 4111",Subscription/Licence Fees Software,29/09/2025,30498,Salesforce,"Sydney, Nsw",,,,,,,,,,,403334,,,,,,
,Griffith University,"170 Kessels Road, Nathan Qld 4111",Security Services,29/09/2025,15746,Securcom Pty Ltd,"Brendale, Qld",,,,,,,,,,,403324,,,,,,
,Griffith University,"170 Kessels Road, Nathan Qld 4111",Subscription/Licence Fees Software,29/09/2025,69103,SecureW2,Netherlands,,,,,,,,,,,403304,,,,,,
,Griffith University,"170 Kessels Road, Nathan Qld 4111",Equipment Purchase,30/09/2025,15972,Alphabond Dental Pty Ltd,"Willoughby, Nsw",,,,,,,,,,,403369,,,,,,
,Griffith University,"170 Kessels Road, Nathan Qld 4111",Building Construction & Maintenance,30/09/2025,13310,Bligh Tanner Pty Ltd,"Fortitude Valley, Qld",,,,,,,,,,,403344,,,,,,
,Griffith University,"170 Kessels Road, Nathan Qld 4111",Recruitment/Placement Fees,30/09/2025,63250,BOYDEN ANZ PTY LTD,"Sydney, Nsw",,,,,,,,,,,403372,,,,,,
,Griffith University,"170 Kessels Road, Nathan Qld 4111",Software Support Maintenance,30/09/2025,30248,Data #3 Limited,"Indooroopilly, Qld",,,,,,,,,,,403374,,,,,,
,Griffith University,"170 Kessels Road, Nathan Qld 4111",Consultancy Services,30/09/2025,71280,Focus Professional Services Pty Ltd,"Brisbane, Qld",,,,,,,,,,,403378,,,,,,
,Griffith University,"170 Kessels Road, Nathan Qld 4111",Consultancy Services,30/09/2025,79266,INTELLIDESIGN PTY LTD,"Seventeen Mile Rocks, Qld",,,,,,,,,,,403365,,,,,,
,Griffith University,"170 Kessels Road, Nathan Qld 4111",Consultancy Services,30/09/2025,10720,Kokoda Initiative-Conservation & Enviro,Papua New Guinea,,,,,,,,,,,2149969,,,,,,
,Griffith University,"170 Kessels Road, Nathan Qld 4111",Royalties,30/09/2025,38500,Music Theatre International Australasia,"South Melbourne, Vic",,,,,,,,,,,403346,,,,,,
,Griffith University,"170 Kessels Road, Nathan Qld 4111",Pathology Expenditure,30/09/2025,10901,Western Australian Museum,"Welshpool, Wa",,,,,,,,,,,2152202,,,,,,
,Griffith University,"170 Kessels Road, Nathan Qld 4111",Building Construction & Maintenance,1/10/2025,23028,A1 Building & Property Solutions Pty Ltd,"The Gap, Qld",,,,,,,,,,,403394,,,,,,
,Griffith University,"170 Kessels Road, Nathan Qld 4111",Building Construction & Maintenance,1/10/2025,15148,Descab Pty Ltd t/a Qld Multi Trades,"Tingalpa, Qld",,,,,,,,,,,403415,,,,,,
,Griffith University,"170 Kessels Road, Nathan Qld 4111",Building Construction & Maintenance,1/10/2025,385479,Echo Projects Co Pty Ltd,"Windsor, Qld",,,,,,,,,,,403422,,,,,,
,Griffith University,"170 Kessels Road, Nathan Qld 4111",External Course Delivery,1/10/2025,10329,GIVERNEY CLARE FLORENCE MARY AINSCOUGH,"Isabella Plains, Act",,,,,,,,,,,403411,,,,,,
,Griffith University,"170 Kessels Road, Nathan Qld 4111",Marketing Fees,1/10/2025,15224,Insider Publishing Pty. Ltd.,"Adelaide, Sa",,,,,,,,,,,403416,,,,,,
,Griffith University,"170 Kessels Road, Nathan Qld 4111",Equipment Purchase,1/10/2025,38392,John Morris Scientific Pty Ltd,"Willoughby, Nsw",,,,,,,,,,,403428,,,,,,
,Griffith University,"170 Kessels Road, Nathan Qld 4111",Consultancy Services,1/10/2025,12500,Mitchell McGuire,Qld,,,,,,,,,,,403390,,,,,,
,Griffith University,"170 Kessels Road, Nathan Qld 4111",Equipment Maintenance,1/10/2025,35475,New Life Restorations Australia,"Murarrie, Qld",,,,,,,,,,,403420,,,,,,
,Griffith University,"170 Kessels Road, Nathan Qld 4111",Equipment Maintenance,1/10/2025,18898,Renishaw Oceania Pty Ltd,"Keysborough, Vic",,,,,,,,,,,403388,,,,,,
,Griffith University,"170 Kessels Road, Nathan Qld 4111",Equipment Maintenance,1/10/2025,17981,Thermo Fisher Scientific Australia,"Scoresby, Vic",,,,,,,,,,,403429,,,,,,
,Griffith University,"170 Kessels Road, Nathan Qld 4111",Equipment Purchase,1/10/2025,105584,ZOLL MEDICAL AUSTRALIA PTY LIMITED,"St Leonards, Nsw",,,,,,,,,,,403401,,,,,,
,Griffith University,"170 Kessels Road, Nathan Qld 4111",Equipment Purchase,2/10/2025,10910,Abbott Australasia Pty Ltd,"Macquarie Park, Nsw",,,,,,,,,,,403476,,,,,,
,Griffith University,"170 Kessels Road, Nathan Qld 4111",Building Construction & Maintenance,2/10/2025,54450,Carbon FE Trading Pty Ltd,"Hope Island, Qld",,,,,,,,,,,403449,,,,,,
,Griffith University,"170 Kessels Road, Nathan Qld 4111",Building Construction & Maintenance,2/10/2025,26312,Crown Mechanical Electrical Pty Ltd,"Rochedale South, Qld",,,,,,,,,,,403447,,,,,,
,Griffith University,"170 Kessels Road, Nathan Qld 4111",Equipment Purchase,2/10/2025,76365,Dentsply Sirona Pty Ltd,"Mount Waverley, Vic",,,,,,,,,,,403460,,,,,,
,Griffith University,"170 Kessels Road, Nathan Qld 4111",Equipment Purchase,2/10/2025,66947,Laerdal Pty Ltd,"Oakleigh, Vic",,,,,,,,,,,403455,,,,,,
,Griffith University,"170 Kessels Road, Nathan Qld 4111",Laboratory Consumables,2/10/2025,10824,One Dental Pty Ltd,"Castle Hill, Nsw",,,,,,,,,,,403466,,,,,,
,Griffith University,"170 Kessels Road, Nathan Qld 4111",Chemical/Biological Products,3/10/2025,26116,AIM Discovery Solutions Pty Ltd,"Kew, Vic",,,,,,,,,,,403491,,,,,,
,Griffith University,"170 Kessels Road, Nathan Qld 4111",Equipment Maintenance,3/10/2025,87602,Programmed Electrical Technologies Ltd,"Newstead, Qld",,,,,,,,,,,403508,,,,,,
,Griffith University,"170 Kessels Road, Nathan Qld 4111",Equipment Purchase,4/10/2025,15389,Fisher Biotec Pty Ltd,"Wembley, Wa",,,,,,,,,,,403517,,,,,,
,Griffith University,"170 Kessels Road, Nathan Qld 4111",Equipment Purchase,4/10/2025,14680,Shimadzu Oceania Pty Ltd,"Ermington, Nsw",,,,,,,,,,,403516,,,,,,
,Griffith University,"170 Kessels Road, Nathan Qld 4111",Equipment Purchase,7/10/2025,27300,Abbott Australasia Pty Ltd,"Macquarie Park, Nsw",,,,,,,,,,,403529,,,,,,
,Griffith University,"170 Kessels Road, Nathan Qld 4111",Consultancy Services,7/10/2025,28500,Archer Technologies Ireland Limited,Ireland,,,,,,,,,,,403562,,,,,,
,Griffith University,"170 Kessels Road, Nathan Qld 4111",Building Construction & Maintenance,7/10/2025,203324,ARNOLD ELECTRICAL & DATA INSTALLATIONS P,"Salisbury, Qld",,,,,,,,,,,403561,,,,,,
,Griffith University,"170 Kessels Road, Nathan Qld 4111",Building Construction & Maintenance,7/10/2025,27882,CARSELDINE AIR CONDITIONING PTY. LTD.,"Everton Hills, Qld",,,,,,,,,,,403522,,,,,,
,Griffith University,"170 Kessels Road, Nathan Qld 4111",Field Trip Expenses (Excursions),7/10/2025,23892,Good Food Solutions,"Eumundi, Qld",,,,,,,,,,,2151354,,,,,,
,Griffith University,"170 Kessels Road, Nathan Qld 4111",Building Construction & Maintenance,7/10/2025,10626,Hosmed Services Pty Ltd,"Virginia, Qld",,,,,,,,,,,403549,,,,,,
,Griffith University,"170 Kessels Road, Nathan Qld 4111",Memberships/Subscriptions,7/10/2025,16995,INTERNATIONAL EDUCATION SUSTAINABILITY G,"Parkville, Vic",,,,,,,,,,,2153725,,,,,,
,Griffith University,"170 Kessels Road, Nathan Qld 4111",External Course Delivery,7/10/2025,133582,Quest River Park Central,"Brisbane City, Qld",,,,,,,,,,,2151083,,,,,,
,Griffith University,"170 Kessels Road, Nathan Qld 4111",Artworks,7/10/2025,58500,RYAN RENSHAW GALLERY PTY LTD,Qld,,,,,,,,,,,2153722,,,,,,
,Griffith University,"170 Kessels Road, Nathan Qld 4111",Building Construction & Maintenance,7/10/2025,24200,SDF Electrical Pty Ltd,"Sunnybank Hills, Qld",,,,,,,,,,,2153848,,,,,,
,Griffith University,"170 Kessels Road, Nathan Qld 4111",Patent Application Fee,7/10/2025,21421,Spruson & Ferguson Pty Limited,"Sydney, Nsw",,,,,,,,,,,2156659,,,,,,
,Griffith University,"170 Kessels Road, Nathan Qld 4111",Building Construction & Maintenance,7/10/2025,29832,WT PARTNERSHIP,"Brisbane, Qld",,,,,,,,,,,403543,,,,,,
,Griffith University,"170 Kessels Road, Nathan Qld 4111",Building Construction & Maintenance,8/10/2025,63297,Brient Trade Services Pty Ltd,"Guanaba, Qld",Yes,,,,,,,,,,403599,,,,,,
,Griffith University,"170 Kessels Road, Nathan Qld 4111",Equipment Purchase,8/10/2025,16830,GX Outdoors,"Bundaberg, Qld",,,,,,,,,,,403606,,,,,,
,Griffith University,"170 Kessels Road, Nathan Qld 4111",Equipment Purchase,8/10/2025,48222,"ParvoMedics, Inc",United States,,,,,,,,,,,403571,,,,,,
,Griffith University,"170 Kessels Road, Nathan Qld 4111",Hire/Lease Fees,9/10/2025,269500,BRISBANE CONVENTION AND EXHIBITION CENTR,"Brisbane, Qld",,,,,,,,,,,403621,,,,,,
,Griffith University,"170 Kessels Road, Nathan Qld 4111",Hire/Lease Fees,9/10/2025,176000,Gold Coast Convention & Exhibition Centr,"Broadbeach, Qld",,,,,,,,,,,403631,,,,,,
,Griffith University,"170 Kessels Road, Nathan Qld 4111",Equipment Purchase,9/10/2025,16335,Ivoclar Vivadent Pty. Ltd.,"Noble Park North, Vic",,,,,,,,,,,403626,,,,,,
,Griffith University,"170 Kessels Road, Nathan Qld 4111",Chemical/Biological Products,10/10/2025,114925,"Haoyuan Chemexpress Co., Limited",Hong Kong,,,,,,,,,,,403675,,,,,,
,Griffith University,"170 Kessels Road, Nathan Qld 4111",Vehicle Acquisition,10/10/2025,60327,MIKE CARNEY TOYOTA,"Garbutt, Qld",,,,,,,,,,,403672,,,,,,
,Griffith University,"170 Kessels Road, Nathan Qld 4111",Equipment Purchase,10/10/2025,50958,Skylark Lasers Ltd.,United Kingdom,,,,,,,,,,,403671,,,,,,
,Griffith University,"170 Kessels Road, Nathan Qld 4111",Building Construction & Maintenance,11/10/2025,17820,Anystream Australia Pty Ltd,"Perth, Wa",,,,,,,,,,,403693,,,,,,
,Griffith University,"170 Kessels Road, Nathan Qld 4111",Building Construction & Maintenance,11/10/2025,11440,Carbon FE Trading Pty Ltd,"Hope Island, Qld",,,,,,,,,,,403706,,,,,,
,Griffith University,"170 Kessels Road, Nathan Qld 4111",Building Construction & Maintenance,11/10/2025,77121,DRAINS KLEEN PTY LTD,"Kunda Park, Qld",,,,,,,,,,,403705,,,,,,
,Griffith University,"170 Kessels Road, Nathan Qld 4111",Building Construction & Maintenance,11/10/2025,15246,FIRE RISK CONSULTANTS PTY LTD,"Glengarry, Vic",,,,,,,,,,,403703,,,,,,
,Griffith University,"170 Kessels Road, Nathan Qld 4111",Building Construction & Maintenance,11/10/2025,86636,GLG Greenlife Group,"Parkside, Sa",,,,,,,,,,,403707,,,,,,
,Griffith University,"170 Kessels Road, Nathan Qld 4111",Equipment Purchase,11/10/2025,17616,Medisa Pty Ltd,"North Rocks, Nsw",,,,,,,,,,,403708,,,,,,
,Griffith University,"170 Kessels Road, Nathan Qld 4111",Consultancy Services,11/10/2025,27500,NOEL ROBERT SCOTT,Qld,,,,,,,,,,,403702,,,,,,
,Griffith University,"170 Kessels Road, Nathan Qld 4111",Building Construction & Maintenance,11/10/2025,184787,Videopro Pty Ltd,"Eagle Farm, Qld",,,,,,,,,,,403701,,,,,,
,Griffith University,"170 Kessels Road, Nathan Qld 4111",Laboratory Consumables,12/10/2025,21830,Novachem Unit Trust t/a Novachem Pty Ltd,"Collingwood, Vic",,,,,,,,,,,403710,,,,,,
,Griffith University,"170 Kessels Road, Nathan Qld 4111",Equipment Purchase,13/10/2025,176079,ARRI Australia Pty Limited,"North Ryde, Nsw",,,,,,,,,,,403716,,,,,,
,Griffith University,"170 Kessels Road, Nathan Qld 4111",Equipment Purchase,13/10/2025,243925,BIOLINE GLOBAL PTY LIMITED,"Narellan, Nsw",,,,,,,,,,,403723,,,,,,
,Griffith University,"170 Kessels Road, Nathan Qld 4111",Subscription/Licence Fees Software,13/10/2025,30705,Cyclone Computer Company Limited,New Zealand,,,,,,,,,,,403744,,,,,,
,Griffith University,"170 Kessels Road, Nathan Qld 4111",Reference Materials,14/10/2025,62565,Bureau van Dijk Electronic Publishing,"Sydney, Nsw",,,,,,,,,,,2153527,,,,,,
,Griffith University,"170 Kessels Road, Nathan Qld 4111",Building Construction & Maintenance,14/10/2025,10384,EVIDENT AUSTRALIA PTY LTD,"Macquarie Park, Nsw",,,,,,,,,,,2154534,,,,,,
,Griffith University,"170 Kessels Road, Nathan Qld 4111",Consultancy Services,14/10/2025,12965,PricewaterhouseCoopers CM Services Pte L,Singapore,,,,,,,,,,,2154536,,,,,,
,Griffith University,"170 Kessels Road, Nathan Qld 4111",Marketing Fees,14/10/2025,11038,Vente Australia,Canada,,,,,,,,,,,2154874,,,,,,
,Griffith University,"170 Kessels Road, Nathan Qld 4111",Memberships/Subscriptions,14/10/2025,27000,WatchMyCompetitor,United Kingdom,,,,,,,,,,,2154537,,,,,,
,Griffith University,"170 Kessels Road, Nathan Qld 4111",Building Construction & Maintenance,15/10/2025,35084,A1 Building & Property Solutions Pty Ltd,"The Gap, Qld",,,,,,,,,,,403782,,,,,,
,Griffith University,"170 Kessels Road, Nathan Qld 4111",Equipment Purchase,15/10/2025,17025,BizFurn Express Australia Pty Ltd,"Yandina, Qld",,,,,,,,,,,403780,,,,,,
,Griffith University,"170 Kessels Road, Nathan Qld 4111",Consultancy Services,15/10/2025,262000,Chanelle Baker International AB,Sweden,,,,,,,,,,,403785,,,,,,
,Griffith University,"170 Kessels Road, Nathan Qld 4111",External Course Delivery,15/10/2025,34045,Dimity Adams Psychology Pty Ltd,Qld,,,,,,,,,,,403791,,,,,,
,Griffith University,"170 Kessels Road, Nathan Qld 4111",Subscription/Licence Fees Software,15/10/2025,13884,Get Smart Consultancy Pty Ltd,"Millingandi, Nsw",,,,,,,,,,,403806,,,,,,
,Griffith University,"170 Kessels Road, Nathan Qld 4111",Building Construction & Maintenance,15/10/2025,10508,OMNIGRIP DIRECT PTY. LTD.,"Thomastown, Vic",,,,,,,,,,,403784,,,,,,
,Griffith University,"170 Kessels Road, Nathan Qld 4111",Equipment Purchase,16/10/2025,42459,ARO Systems Pty Ltd,"Wodonga, Vic",,,,,,,,,,,403826,,,,,,
,Griffith University,"170 Kessels Road, Nathan Qld 4111",Memberships/Subscriptions,16/10/2025,12650,AUSTRALIAN NETWORK ON DISABILITY LTD,"Qvb Post Office, Nsw",,,,,,,,,,,403827,,,,,,
,Griffith University,"170 Kessels Road, Nathan Qld 4111",Building Construction & Maintenance,16/10/2025,27275,E.D.C. SYSTEMS PTY LTD,"Cannon Hill, Qld",,,,,,,,,,,403824,,,,,,
,Griffith University,"170 Kessels Road, Nathan Qld 4111",Building Construction & Maintenance,16/10/2025,16500,Handler SC Leasing,"Fortitude Valley, Qld",,,,,,,,,,,403865,,,,,,
,Griffith University,"170 Kessels Road, Nathan Qld 4111",Subscription/Licence Fees Software,16/10/2025,87314,Instructure Global Limited,United Kingdom,,,,,,,,,,,403838,,,,,,
,Griffith University,"170 Kessels Road, Nathan Qld 4111",Consultancy Services,16/10/2025,110000,Professional Development Consulting,"Doonan, Qld",,,,,,,,,,,403823,,,,,,
,Griffith University,"170 Kessels Road, Nathan Qld 4111",Building Construction & Maintenance,16/10/2025,23430,Steele Wrobel Pty Ltd,"Brisbane, Qld",,,,,,,,,,,403852,,,,,,
,Griffith University,"170 Kessels Road, Nathan Qld 4111",Building Construction & Maintenance,16/10/2025,73282,THE TRUSTEE FOR TIPPER FAMILY TRUST,"Raceview, Qld",,,,,,,,,,,403866,,,,,,
,Griffith University,"170 Kessels Road, Nathan Qld 4111",Building Construction & Maintenance,16/10/2025,13200,Turner & Townsend Pty Ltd,"Brisbane, Qld",,,,,,,,,,,403856,,,,,,
,Griffith University,"170 Kessels Road, Nathan Qld 4111",Building Construction & Maintenance,16/10/2025,184703,Wilson Architects,"Spring Hill, Qld",,,,,,,,,,,403848,,,,,,
,Griffith University,"170 Kessels Road, Nathan Qld 4111",Subscription/Licence Fees Software,17/10/2025,220110,LinkedIn Singapore Pte Ltd,Singapore,,,,,,,,,,,403872,,,,,,
,Griffith University,"170 Kessels Road, Nathan Qld 4111",Laboratory Consumables,17/10/2025,51907,Stephen Jennings & Associates Pty Ltd,"Kurrajong, Nsw",,,,,,,,,,,403894,,,,,,
,Griffith University,"170 Kessels Road, Nathan Qld 4111",Building Construction & Maintenance,17/10/2025,19988,Sure Power,"East Brisbane, Qld",,,,,,,,,,,403868,,,,,,
,Griffith University,"170 Kessels Road, Nathan Qld 4111",Building Construction & Maintenance,20/10/2025,16605,A1 Building & Property Solutions Pty Ltd,"The Gap, Qld",,,,,,,,,,,403907,,,,,,
,Griffith University,"170 Kessels Road, Nathan Qld 4111",Consultancy Services,20/10/2025,40546,ICAD Consultants Pty Ltd,"Bridgeman Downs, Qld",,,,,,,,,,,403919,,,,,,
,Griffith University,"170 Kessels Road, Nathan Qld 4111",Equipment Purchase,20/10/2025,64615,Pupil Labs GmbH,Germany,,,,,,,,,,,403905,,,,,,
,Griffith University,"170 Kessels Road, Nathan Qld 4111",External Course Delivery,21/10/2025,17061,Article 21 Consultancy Pty Ltd,"Stafford Heights, Qld",,,,,,,,,,,403950,,,,,,
,Griffith University,"170 Kessels Road, Nathan Qld 4111",Equipment Purchase,21/10/2025,15370,Camzilla,"Roseville, Nsw",,,,,,,,,,,2155775,,,,,,
,Griffith University,"170 Kessels Road, Nathan Qld 4111",Printing Expenses,21/10/2025,10554,CPX Pty Ltd,"Newmarket, Kelvin Grove Bc, Qld",,,,,,,,,,,2152957,,,,,,
,Griffith University,"170 Kessels Road, Nathan Qld 4111",Building Construction & Maintenance,21/10/2025,10384,Drilec Pty Ltd,"Thornlands, Qld",,,,,,,,,,,403943,,,,,,
,Griffith University,"170 Kessels Road, Nathan Qld 4111",Audit Fees,21/10/2025,38738,Grant Thornton Australia Limited,"Brisbane, Qld",,,,,,,,,,,2152711,,,,,,
,Griffith University,"170 Kessels Road, Nathan Qld 4111",Event Expenditure,21/10/2025,24200,Kym Jones Exhibitions,"Plympton Park, Sa",,,,,,,,,,,2153812,,,,,,
,Griffith University,"170 Kessels Road, Nathan Qld 4111",External Course Delivery,21/10/2025,15510,MALVON & CO PTY LTD,"Margate, Qld",,,,,,,,,,,403948,,,,,,
,Griffith University,"170 Kessels Road, Nathan Qld 4111",External Course Delivery,21/10/2025,12000,MALVON & CO PTY LTD,"Margate, Qld",,,,,,,,,,,403949,,,,,,
,Griffith University,"170 Kessels Road, Nathan Qld 4111",Equipment Purchase,21/10/2025,45225,Nikon Australia Pty Ltd,"Rhodes, Nsw",,,,,,,,,,,2152912,,,,,,
,Griffith University,"170 Kessels Road, Nathan Qld 4111",Marketing Fees,21/10/2025,10701,Team Alpha Australia,"Rochedale South, Qld",,,,,,,,,,,2154525,,,,,,
,Griffith University,"170 Kessels Road, Nathan Qld 4111",Event Expenditure,21/10/2025,38521,TIGER ANGEL PTY LTD,"Reservoir, Vic",,,,,,,,,,,2155779,,,,,,
,Griffith University,"170 Kessels Road, Nathan Qld 4111",Event Expenditure,21/10/2025,16192,TIGER ANGEL PTY LTD,"Reservoir, Vic",,,,,,,,,,,2155780,,,,,,
,Griffith University,"170 Kessels Road, Nathan Qld 4111",Building Construction & Maintenance,22/10/2025,24061,Brient Trade Services Pty Ltd,"Guanaba, Qld",,,,,,,,,,,404001,,,,,,
,Griffith University,"170 Kessels Road, Nathan Qld 4111",Building Construction & Maintenance,22/10/2025,19589,CVSG ASSET SERVICES PTY LTD,"Hendra, Qld",,,,,,,,,,,403977,,,,,,
,Griffith University,"170 Kessels Road, Nathan Qld 4111",Consultancy Services,22/10/2025,66000,GHD Pty Ltd,"Hrmc, Nsw",,,,,,,,,,,403960,,,,,,
,Griffith University,"170 Kessels Road, Nathan Qld 4111",Consultancy Services,22/10/2025,121000,Identifly Pty Ltd,"Adelaide, Sa",,,,,,,,,,,403962,,,,,,
,Griffith University,"170 Kessels Road, Nathan Qld 4111",Subscription/Licence Fees Software,22/10/2025,16500,Origin Theatrical Pty Ltd,"Qvb Post Office, Nsw",,,,,,,,,,,403964,,,,,,
,Griffith University,"170 Kessels Road, Nathan Qld 4111",Subscription/Licence Fees Software,22/10/2025,824732,REFINITIV AUSTRALIA PTY LIMITED,"Sydney, Nsw",,,Limited,b - (iii) The absence of competition for technical reasons which can only be supplied by a particular supplier and no reasonable alternative exists,,,,,,,403986,,,,,,
,Griffith University,"170 Kessels Road, Nathan Qld 4111",Subscription/Licence Fees Software,22/10/2025,97830,SAS INSTITUTE AUSTRALIA PTY. LIMITED,"Lane Cove, Nsw",,,,,,,,,,,403957,,,,,,
,Griffith University,"170 Kessels Road, Nathan Qld 4111",Laboratory Consumables,23/10/2025,12364,APPVISION AUSTRALIA PTY LTD,"Hornsby, Nsw",,,,,,,,,,,404020,,,,,,
,Griffith University,"170 Kessels Road, Nathan Qld 4111",Subscription/Licence Fees Software,23/10/2025,124148,Australian Access Federation Ltd,"Brisbane, Qld",,,,,,,,,,,404014,,,,,,
,Griffith University,"170 Kessels Road, Nathan Qld 4111",Subscription/Licence Fees Software,23/10/2025,18313,Caval Limited,"Bundoora, Vic",,,,,,,,,,,404011,,,,,,
,Griffith University,"170 Kessels Road, Nathan Qld 4111",Cleaning Services,23/10/2025,46960,Descab Pty Ltd t/a Qld Multi Trades,"Tingalpa, Qld",,,,,,,,,,,404005,,,,,,
,Griffith University,"170 Kessels Road, Nathan Qld 4111",Subscription/Licence Fees Software,23/10/2025,23482,iGroup (Australasia) Pty Ltd,"Melbourne, Vic",,,,,,,,,,,404022,,,,,,
,Griffith University,"170 Kessels Road, Nathan Qld 4111",Software Support Maintenance,23/10/2025,79131,Integrated Research Systems Pty Ltd,"Carlton, Vic",,,,,,,,,,,404013,,,,,,
,Griffith University,"170 Kessels Road, Nathan Qld 4111",Equipment Purchase,23/10/2025,55574,Nortek Instruments Australia Pty Ltd,"Battery Point, Tas",,,,,,,,,,,404010,,,,,,
,Griffith University,"170 Kessels Road, Nathan Qld 4111",External Course Delivery,23/10/2025,27294,Transparency International Australia,"Law Courts, Vic",,,,,,,,,,,404008,,,,,,
,Griffith University,"170 Kessels Road, Nathan Qld 4111",Equipment Purchase,24/10/2025,20152,Accurate Mass Scientific Pty Ltd,"Keilor East, Vic",,,,,,,,,,,404081,,,,,,
,Griffith University,"170 Kessels Road, Nathan Qld 4111",Building Construction & Maintenance,24/10/2025,45448,Aegis Safety Pty Ltd,"Geebung, Qld",,,,,,,,,,,404072,,,,,,
,Griffith University,"170 Kessels Road, Nathan Qld 4111",Equipment Purchase,24/10/2025,25495,Nikon Australia Pty Ltd,"Rhodes, Nsw",,,,,,,,,,,404083,,,,,,
,Griffith University,"170 Kessels Road, Nathan Qld 4111",Subscription/Licence Fees Software,24/10/2025,22075,OCTOPUS DEPLOY PTY. LTD.,"South Brisbane, Qld",,,,,,,,,,,404044,,,,,,
,Griffith University,"170 Kessels Road, Nathan Qld 4111",Equipment Purchase,24/10/2025,15738,Videopro Pty Ltd,"Eagle Farm, Qld",,,,,,,,,,,404043,,,,,,
,Griffith University,"170 Kessels Road, Nathan Qld 4111",Memberships/Subscriptions,27/10/2025,36000,English Language Testing Limited,United Kingdom,,,,,,,,,,,404095,,,,,,
,Griffith University,"170 Kessels Road, Nathan Qld 4111",Equipment Maintenance,27/10/2025,11452,TRESCAL (AUSTRALIA) PTY LTD,"Vermont, Vic",,,,,,,,,,,404112,,,,,,
,Griffith University,"170 Kessels Road, Nathan Qld 4111",Telecommunicatons Expenditure,28/10/2025,271700,AARNET,"Canberra, Act",,,,,,,,,,,404160,,,,,,
,Griffith University,"170 Kessels Road, Nathan Qld 4111",Reference Materials,28/10/2025,12349,American Academy of Pediatrics,United States,,,,,,,,,,,2156652,,,,,,
,Griffith University,"170 Kessels Road, Nathan Qld 4111",Reference Materials,28/10/2025,71280,Australian Medicines Handbook Pty Ltd,"Adelaide, Sa",,,,,,,,,,,2156940,,,,,,
,Griffith University,"170 Kessels Road, Nathan Qld 4111",Event Expenditure,28/10/2025,14039,Bambu Eventos Ltda,Brazil,,,,,,,,,,,2155931,,,,,,
,Griffith University,"170 Kessels Road, Nathan Qld 4111",Printing Expenses,28/10/2025,14493,BPO Intelligence Pty Ltd,"Mount Waverley, Vic",,,,,,,,,,,2156472,,,,,,
,Griffith University,"170 Kessels Road, Nathan Qld 4111",Building Construction & Maintenance,28/10/2025,18150,Brient Trade Services Pty Ltd,"Guanaba, Qld",,,,,,,,,,,404174,,,,,,
,Griffith University,"170 Kessels Road, Nathan Qld 4111",Memberships/Subscriptions,28/10/2025,12650,CEDA,"Brisbane, Qld",,,,,,,,,,,2156933,,,,,,
,Griffith University,"170 Kessels Road, Nathan Qld 4111",Memberships/Subscriptions,28/10/2025,12989,Council of Australian Postgraduate Assoc,"Southbank, Vic",,,,,,,,,,,2156483,,,,,,
,Griffith University,"170 Kessels Road, Nathan Qld 4111",Consultancy Services,28/10/2025,71319,ELLEN MEISSNER,Qld,,,,,,,,,,,2157337 2166063 2170329,,,,,,
,Griffith University,"170 Kessels Road, Nathan Qld 4111",Consultancy Services,28/10/2025,11348,In the Groove Analysis Pty Ltd,"Main Beach, Qld",,,,,,,,,,,2155070,,,,,,
,Griffith University,"170 Kessels Road, Nathan Qld 4111",Equipment Purchase,28/10/2025,25745,Lastek Pty Ltd,"Thebarton, Sa",,,,,,,,,,,404156,,,,,,
,Griffith University,"170 Kessels Road, Nathan Qld 4111",Equipment Maintenance,28/10/2025,37963,MA Tech Services Inc,United States,,,,,,,,,,,2154972,,,,,,
,Griffith University,"170 Kessels Road, Nathan Qld 4111",Reference Materials,28/10/2025,44061,MyJove Australia Inc,United States,,,,,,,,,,,2156722,,,,,,
,Griffith University,"170 Kessels Road, Nathan Qld 4111",Homestay Expenses,28/10/2025,26674,The Japan Foundation Japanese language,Japan,,,,,,,,,,,2156948,,,,,,
,Griffith University,"170 Kessels Road, Nathan Qld 4111",Reference Materials,28/10/2025,15769,Therapeutic Research Centre,United States,,,,,,,,,,,2156651,,,,,,
,Griffith University,"170 Kessels Road, Nathan Qld 4111",Subscription/Licence Fees Software,28/10/2025,21456,"Xinspire, LLC",United States,,,,,,,,,,,404142,,,,,,
,Griffith University,"170 Kessels Road, Nathan Qld 4111",Event Expenditure,29/10/2025,21821,CONSOL PTY LTD,"Arundel, Qld",,,,,,,,,,,404194,,,,,,
,Griffith University,"170 Kessels Road, Nathan Qld 4111",Building Construction & Maintenance,29/10/2025,15152,PLAE INTERNATIONAL PTY LTD,"Burleigh Heads, Qld",,,,,,,,,,,404186,,,,,,
,Griffith University,"170 Kessels Road, Nathan Qld 4111",Equipment Purchase,29/10/2025,158488,VERVE FITNESS EQUIPMENT PTY LTD,"Upper Coomera, Qld",,,,,,,,,,,404185,,,,,,
,Griffith University,"170 Kessels Road, Nathan Qld 4111",Legal Fees,30/10/2025,18315,Gadens Lawyers,"Melbourne, Vic",,,,,,,,,,,404208,,,,,,
,Griffith University,"170 Kessels Road, Nathan Qld 4111",Equipment Purchase,30/10/2025,19337,HOLOEYE Photonics AG,Germany,,,,,,,,,,,404210,,,,,,
,Griffith University,"170 Kessels Road, Nathan Qld 4111",External Course Delivery,30/10/2025,15735,Jasmine Pang,Qld,,,,,,,,,,,404230,,,,,,
,Griffith University,"170 Kessels Road, Nathan Qld 4111",Equipment Purchase,30/10/2025,75947,Metrohm Australia Pty Limited,"Ryde, Nsw",,,,,,,,,,,404209,,,,,,
,Griffith University,"170 Kessels Road, Nathan Qld 4111",Building Construction & Maintenance,31/10/2025,35107,AIRMASTER CORPORATION PTY LTD,"Mansfield, Qld",,,,,,,,,,,404278,,,,,,
,Griffith University,"170 Kessels Road, Nathan Qld 4111",Event Expenditure,31/10/2025,43498,AW TRADING (AUSTRALIA) PTY LTD,"Surfers Paradise, Qld",,,,,,,,,,,404260,,,,,,
,Griffith University,"170 Kessels Road, Nathan Qld 4111",IT Equipment,31/10/2025,70125,Computer Alliance Pty Ltd,"Mount Gravatt, Qld",,,,,,,,,,,404248,,,,,,
,Griffith University,"170 Kessels Road, Nathan Qld 4111",Subscription/Licence Fees Software,31/10/2025,85847,Databee Business Solutions Pty Ltd,"Joondalup Dc, Wa",,,,,,,,,,,404277,,,,,,
,Griffith University,"170 Kessels Road, Nathan Qld 4111",Equipment Purchase,31/10/2025,28683,HASOMED GmbH,Germany,,,,,,,,,,,404264,,,,,,
,Griffith University,"170 Kessels Road, Nathan Qld 4111",Subscription/Licence Fees Software,31/10/2025,19773,HIGHER ED SERVICES PTY LTD,"Deakin, Act",,,,,,,,,,,404238,,,,,,
,Griffith University,"170 Kessels Road, Nathan Qld 4111",Subscription/Licence Fees Software,31/10/2025,24365,Hi-Tech Metrology Pty Ltd,"Hallam, Vic",,,,,,,,,,,404276,,,,,,
,Griffith University,"170 Kessels Road, Nathan Qld 4111",Building Construction & Maintenance,31/10/2025,202400,LUCID CONSULTING ENGINEERS (QLD) PTY LTD,"Brisbane City, Qld",,,,,,,,,,,404279,,,,,,
,Griffith University,"170 Kessels Road, Nathan Qld 4111",Legal Fees,31/10/2025,30800,MINTERELLISON,"Melbourne, Qld",,,,,,,,,,,404235,,,,,,
,Griffith University,"170 Kessels Road, Nathan Qld 4111",Chemical/Biological Products,31/10/2025,13227,"Pel-freez, Inc",United States,,,,,,,,,,,404245,,,,,,
,Griffith University,"170 Kessels Road, Nathan Qld 4111",Consultancy Services,31/10/2025,10152,RITA O'SULLIVAN,Qld,,,,,,,,,,,404280,,,,,,
,Griffith University,"170 Kessels Road, Nathan Qld 4111",Equipment Purchase,31/10/2025,21692,The trustee for Newspec Unit Trust,"Myrtle Bank, Sa",,,,,,,,,,,404270,,,,,,
,Griffith University,"170 Kessels Road, Nathan Qld 4111",Laboratory Consumables,1/11/2025,15060,Agilent Technologies Australia Pty Ltd,"Mulgrave, Vic",,,,,,,,,,,404281,,,,,,
,Griffith University,"170 Kessels Road, Nathan Qld 4111",Equipment Purchase,1/11/2025,22660,Peters Glen Shade Houses,"Drayton, Qld",,,,,,,,,,,404282,,,,,,
,Griffith University,"170 Kessels Road, Nathan Qld 4111",Equipment Maintenance,3/11/2025,14271,Beckman Coulter Australia P/L,"Lane Cove, Nsw",,,,,,,,,,,404303,,,,,,
,Griffith University,"170 Kessels Road, Nathan Qld 4111",Building Construction & Maintenance,3/11/2025,26290,Crown Mechanical Electrical Pty Ltd,"Rochedale South, Qld",,,,,,,,,,,404322,,,,,,
,Griffith University,"170 Kessels Road, Nathan Qld 4111",Subscription/Licence Fees Software,3/11/2025,353031,ProctorU Inc,United States,,,,,,,,,,,404288,,,,,,
,Griffith University,"170 Kessels Road, Nathan Qld 4111",Equipment Purchase,3/11/2025,28560,Rocklabs,"Rydalmere, Nsw",,,,,,,,,,,404323,,,,,,
,Griffith University,"170 Kessels Road, Nathan Qld 4111",Marketing Fees,4/11/2025,12485,Adcall Promotions,"Mount Ommaney, Qld",,,,,,,,,,,2157883,,,,,,
,Griffith University,"170 Kessels Road, Nathan Qld 4111",Marketing Fees,4/11/2025,61952,Adcall Promotions,"Mount Ommaney, Qld",,,,,,,,,,,2157885,,,,,,
,Griffith University,"170 Kessels Road, Nathan Qld 4111",Building Construction & Maintenance,4/11/2025,41250,ARBOR AUSTRALIS CONSULTING,"Sherwood, Qld",,,,,,,,,,,404354,,,,,,
,Griffith University,"170 Kessels Road, Nathan Qld 4111",Marketing Fees,4/11/2025,10000,BRIGHT CAN-ACHIEVE LIMITED,China,,,,,,,,,,,2158585,,,,,,
,Griffith University,"170 Kessels Road, Nathan Qld 4111",Hire/Lease Fees,4/11/2025,13442,Corporate Stage Solutions,"Coorparoo Bc, Qld",,,,,,,,,,,404348,,,,,,
,Griffith University,"170 Kessels Road, Nathan Qld 4111",Hire/Lease Fees,4/11/2025,13409,Corporate Stage Solutions,"Coorparoo Bc, Qld",,,,,,,,,,,404349,,,,,,
,Griffith University,"170 Kessels Road, Nathan Qld 4111",Subscription/Licence Fees Software,4/11/2025,304599,Cubewise Australia Pty Ltd,"North Sydney, Nsw",,,,,,,,,,,404363,,,,,,
,Griffith University,"170 Kessels Road, Nathan Qld 4111",Software Support Maintenance,4/11/2025,38500,Environmental Systems Solutions Pty Ltd,"Moonee Ponds, Vic",,,,,,,,,,,2156491,,,,,,
,Griffith University,"170 Kessels Road, Nathan Qld 4111",Building Construction & Maintenance,4/11/2025,38775,McTaggart Plumbing PTY LTD,"Petrie, Qld",,,,,,,,,,,404337,,,,,,
,Griffith University,"170 Kessels Road, Nathan Qld 4111",Memberships/Subscriptions,4/11/2025,11615,Nationwide News Pty. Limited,"Surry Hills, Nsw",,,,,,,,,,,2156931,,,,,,
,Griffith University,"170 Kessels Road, Nathan Qld 4111",Reference Materials,4/11/2025,25200,PEARSON AUSTRALIA GROUP PTY LTD,"Sydney, Nsw",,,,,,,,,,,404360,,,,,,
,Griffith University,"170 Kessels Road, Nathan Qld 4111",Building Construction & Maintenance,4/11/2025,16846,Sports Turf Operations Pty Ltd,"Tamborine, Qld",,,,,,,,,,,404334,,,,,,
,Griffith University,"170 Kessels Road, Nathan Qld 4111",Equipment Purchase,4/11/2025,83050,Thermo Fisher Scientific Australia,"Scoresby, Vic",,,,,,,,,,,404332,,,,,,
,Griffith University,"170 Kessels Road, Nathan Qld 4111",Equipment Purchase,5/11/2025,19353,Data #3 Limited,"Indooroopilly, Qld",,,,,,,,,,,404365,,,,,,
,Griffith University,"170 Kessels Road, Nathan Qld 4111",Consultancy Services,5/11/2025,92400,Jones Lang Lasalle Advisory Services Pty,"Brisbane City, Qld",,,,,,,,,,,404405,,,,,,
,Griffith University,"170 Kessels Road, Nathan Qld 4111",External Course Delivery,6/11/2025,14322,Apeksha Embuldeniya,Qld,,,,,,,,,,,404440,,,,,,
,Griffith University,"170 Kessels Road, Nathan Qld 4111",Software Support Maintenance,6/11/2025,11063,"Fortra, LLC",United States,,,,,,,,,,,404407,,,,,,
,Griffith University,"170 Kessels Road, Nathan Qld 4111",Equipment Maintenance,6/11/2025,14295,Instron,"Bayswater, Vic",,,,,,,,,,,404438,,,,,,
,Griffith University,"170 Kessels Road, Nathan Qld 4111",Equipment Purchase,7/11/2025,25172,Bio-Strategy Pty Limited,"Campbellfield, Vic",,,,,,,,,,,404480,,,,,,
,Griffith University,"170 Kessels Road, Nathan Qld 4111",Building Construction & Maintenance,7/11/2025,22000,Bligh Tanner Pty Ltd,"Fortitude Valley, Qld",,,,,,,,,,,404453,,,,,,
,Griffith University,"170 Kessels Road, Nathan Qld 4111",Building Construction & Maintenance,7/11/2025,10560,FROTH BUILD PTY LTD,"Burleigh Heads, Qld",,,,,,,,,,,404458,,,,,,
,Griffith University,"170 Kessels Road, Nathan Qld 4111",Equipment Maintenance,7/11/2025,21368,HUNTRESS ELECTRICAL SOLUTIONS PTY LTD,"Camira, Qld",,,,,,,,,,,404455,,,,,,
,Griffith University,"170 Kessels Road, Nathan Qld 4111",Equipment Maintenance,7/11/2025,21368,HUNTRESS ELECTRICAL SOLUTIONS PTY LTD,"Camira, Qld",,,,,,,,,,,404488,,,,,,
,Griffith University,"170 Kessels Road, Nathan Qld 4111",Software Support Maintenance,7/11/2025,10846,New Data Solutions Pty Ltd,"Scarborough, Qld",,,,,,,,,,,404454,,,,,,
,Griffith University,"170 Kessels Road, Nathan Qld 4111",Building Construction & Maintenance,7/11/2025,83012,STEADFAST PROJECTS PTY LTD,"Upper Kedron, Qld",Yes,,,,,,,,,,404486,,,,,,
,Griffith University,"170 Kessels Road, Nathan Qld 4111",Equipment Maintenance,7/11/2025,10780,THE P.A. PEOPLE PTY LTD,"Rhodes, Nsw",,,,,,,,,,,404471,,,,,,
,Griffith University,"170 Kessels Road, Nathan Qld 4111",Subscription/Licence Fees Software,7/11/2025,13200,VALD PERFORMANCE (AUST) PTY LTD,"Newstead, Qld",,,,,,,,,,,404487,,,,,,
,Griffith University,"170 Kessels Road, Nathan Qld 4111",Consultancy Services,7/11/2025,27555,Vision Surveys (QLD) Pty Ltd,"Hendra, Qld",,,,,,,,,,,404460,,,,,,
,Griffith University,"170 Kessels Road, Nathan Qld 4111",IT Equipment,8/11/2025,16500,Computer Alliance Pty Ltd,"Mount Gravatt, Qld",,,,,,,,,,,404495,,,,,,
,Griffith University,"170 Kessels Road, Nathan Qld 4111",Equipment Purchase,10/11/2025,1196904,"Applied Energy Systems, Inc.",United States,,,Selective,,,,,,,,404508,,,,,,
,Griffith University,"170 Kessels Road, Nathan Qld 4111",Building Construction & Maintenance,10/11/2025,32208,ARNOLD ELECTRICAL & DATA INSTALLATIONS P,"Salisbury, Qld",,,,,,,,,,,404502,,,,,,
,Griffith University,"170 Kessels Road, Nathan Qld 4111",Health & Safety Expenses,10/11/2025,23001,Elite Test & Tag Brisbane South,"Holland Park West, Qld",,,,,,,,,,,404517,,,,,,
,Griffith University,"170 Kessels Road, Nathan Qld 4111",Consultancy Services,10/11/2025,12430,Jennifer Carpenter,United Kingdom,,,,,,,,,,,404510,,,,,,
,Griffith University,"170 Kessels Road, Nathan Qld 4111",Recruitment/Placement Fees,10/11/2025,717023,LinkedIn Singapore Pte Ltd,Singapore,,,Limited,b - (iii) The absence of competition for technical reasons which can only be supplied by a particular supplier and no reasonable alternative exists,,,,,,,404509,,,,,,
,Griffith University,"170 Kessels Road, Nathan Qld 4111",Building Construction & Maintenance,10/11/2025,23282,McTaggart Plumbing PTY LTD,"Petrie, Qld",,,,,,,,,,,404540,,,,,,
,Griffith University,"170 Kessels Road, Nathan Qld 4111",Equipment Purchase,10/11/2025,124942,"Shanghai Simpure Technology Co., Ltd",China,,,,,,,,,,,404511,,,,,,
,Griffith University,"170 Kessels Road, Nathan Qld 4111",Memberships/Subscriptions,11/11/2025,11805,Australian Access Federation Ltd,"Brisbane, Qld",,,,,,,,,,,404580,,,,,,
,Griffith University,"170 Kessels Road, Nathan Qld 4111",Equipment Purchase,11/11/2025,98331,Australian Bay Lobster Producers Limited,"Chinderah, Nsw",,,,,,,,,,,2158774,,,,,,
,Griffith University,"170 Kessels Road, Nathan Qld 4111",Audit Fees,11/11/2025,43426,CALEDONIAN CLINICAL TRAINING,"Stroud Road, Nsw",,,,,,,,,,,2158916,,,,,,
,Griffith University,"170 Kessels Road, Nathan Qld 4111",Reference Materials,11/11/2025,69201,Cengage Learning Australia Pty Ltd,"South Melbourne, Vic",,,,,,,,,,,2159444,,,,,,
,Griffith University,"170 Kessels Road, Nathan Qld 4111",External Course Delivery,11/11/2025,46977,Corporate Prepaid Cards Pty Ltd,"Balmain, Nsw",,,,,,,,,,,2158775,,,,,,
,Griffith University,"170 Kessels Road, Nathan Qld 4111",Reference Materials,11/11/2025,24571,Council of Aust. University Librarians,"Deakin, Act",,,,,,,,,,,2157253,,,,,,
,Griffith University,"170 Kessels Road, Nathan Qld 4111",Reference Materials,11/11/2025,32396,Council of Aust. University Librarians,"Deakin, Act",,,,,,,,,,,2157258,,,,,,
,Griffith University,"170 Kessels Road, Nathan Qld 4111",Reference Materials,11/11/2025,160002,Council of Aust. University Librarians,"Deakin, Act",,,,,,,,,,,2157519,,,,,,
,Griffith University,"170 Kessels Road, Nathan Qld 4111",Reference Materials,11/11/2025,58991,Council of Aust. University Librarians,"Deakin, Act",,,,,,,,,,,2158153,,,,,,
,Griffith University,"170 Kessels Road, Nathan Qld 4111",Reference Materials,11/11/2025,26458,Council of Aust. University Librarians,"Deakin, Act",,,,,,,,,,,2158796,,,,,,
,Griffith University,"170 Kessels Road, Nathan Qld 4111",Chemical/Biological Products,11/11/2025,21995,GLOBAL LIFE SCIENCES SOLUTIONS AUSTRALIA,"Lane Cove West, Nsw",,,,,,,,,,,404578,,,,,,
,Griffith University,"170 Kessels Road, Nathan Qld 4111",Equipment Maintenance,11/11/2025,23595,Gold Coast City Council,"Gold Coast Mail Centre, Qld",,,,,,,,,,,2159260,,,,,,
,Griffith University,"170 Kessels Road, Nathan Qld 4111",Reference Materials,11/11/2025,27973,Health Communication Network Pty Limited,"Haymarket, Nsw",,,,,,,,,,,2158797,,,,,,
,Griffith University,"170 Kessels Road, Nathan Qld 4111",Equipment Purchase,11/11/2025,24135,MICRO MATERIALS PTY LTD,"Malvern, Vic",,,,,,,,,,,404598,,,,,,
,Griffith University,"170 Kessels Road, Nathan Qld 4111",Consultancy Services,11/11/2025,66000,Shave & Brett Pty Ltd,"Tewantin, Qld",,,,,,,,,,,404601,,,,,,
,Griffith University,"170 Kessels Road, Nathan Qld 4111",Equipment Purchase,11/11/2025,22942,Southern Biological,"Alphington, Vic",,,,,,,,,,,404581,,,,,,
,Griffith University,"170 Kessels Road, Nathan Qld 4111",Consultancy Services,11/11/2025,10720,The Braver Group Limited,United Kingdom,,,,,,,,,,,2159427,,,,,,
,Griffith University,"170 Kessels Road, Nathan Qld 4111",Event Expenditure,11/11/2025,17289,The Ship Inn,"Brisbane, Qld",,,,,,,,,,,2156942,,,,,,
,Griffith University,"170 Kessels Road, Nathan Qld 4111",Event Expenditure,11/11/2025,11107,Tonga Asset Managers and Associates Ltd,Tonga,,,,,,,,,,,2158063,,,,,,
,Griffith University,"170 Kessels Road, Nathan Qld 4111",Equipment Purchase,12/11/2025,10132,Bio-Strategy Pty Limited,"Campbellfield, Vic",,,,,,,,,,,404607,,,,,,
,Griffith University,"170 Kessels Road, Nathan Qld 4111",Building Construction & Maintenance,12/11/2025,399575,FITOUT AND REFURBISHMENT AUSTRALIA PTY L,"Springwood, Qld",,,,,,,,,,,404619,,,,,,
,Griffith University,"170 Kessels Road, Nathan Qld 4111",Equipment Purchase,12/11/2025,39143,Kayell Australia,"Artarmon, Nsw",,,,,,,,,,,404637,,,,,,
,Griffith University,"170 Kessels Road, Nathan Qld 4111",Building Construction & Maintenance,12/11/2025,389400,LUCID CONSULTING ENGINEERS (QLD) PTY LTD,"Brisbane City, Qld",,,,,,,,,,,404620,,,,,,
,Griffith University,"170 Kessels Road, Nathan Qld 4111",Subscription/Licence Fees Software,12/11/2025,145200,Oracle Corporation Australia Pty Ltd,"Sydney, Nsw",,,,,,,,,,,404645,,,,,,
,Griffith University,"170 Kessels Road, Nathan Qld 4111",Consultancy Services,12/11/2025,29700,The Trustee for The Malek Trust,"Strathfield, Nsw",,,,,,,,,,,404639,,,,,,
,Griffith University,"170 Kessels Road, Nathan Qld 4111",Chemical/Biological Products,12/11/2025,11064,Thermo Fisher Scientific Australia,"Scoresby, Vic",,,,,,,,,,,404613,,,,,,
,Griffith University,"170 Kessels Road, Nathan Qld 4111",Chemical/Biological Products,12/11/2025,17281,Thermo Fisher Scientific Australia,"Scoresby, Vic",,,,,,,,,,,404653,,,,,,
,Griffith University,"170 Kessels Road, Nathan Qld 4111",Equipment Purchase,12/11/2025,13844,VETO SPORTS,"Acacia Ridge, Qld",,,,,,,,,,,404660 406434,,,,,,
,Griffith University,"170 Kessels Road, Nathan Qld 4111",Building Construction & Maintenance,12/11/2025,96916,Wilson Architects,"Spring Hill, Qld",,,,,,,,,,,404650,,,,,,
,Griffith University,"170 Kessels Road, Nathan Qld 4111",Equipment Maintenance,13/11/2025,25300,COMPRESSOR AND AIRTOOL REPAIR PTY. LTD.,"Archerfield Bc, Qld",,,,,,,,,,,404686,,,,,,
,Griffith University,"170 Kessels Road, Nathan Qld 4111",Equipment Purchase,13/11/2025,21632,Edge Digital Technology Pty Limited,"Sydney, Qld",,,,,,,,,,,404683,,,,,,
,Griffith University,"170 Kessels Road, Nathan Qld 4111",Building Construction & Maintenance,13/11/2025,19773,FROTH BUILD PTY LTD,"Burleigh Heads, Qld",,,,,,,,,,,404713,,,,,,
,Griffith University,"170 Kessels Road, Nathan Qld 4111",Building Construction & Maintenance,13/11/2025,40995,GLG Greenlife Group,"Parkside, Sa",,,,,,,,,,,404685,,,,,,
,Griffith University,"170 Kessels Road, Nathan Qld 4111",Consultancy Services,13/11/2025,20900,Globalise Consulting,"Williamstown, Vic",,,,,,,,,,,404681,,,,,,
,Griffith University,"170 Kessels Road, Nathan Qld 4111",Equipment Purchase,13/11/2025,65449,PAGNIAN IMPORTS PTY. LTD.,"Southport, Qld",,,,,,,,,,,404680,,,,,,
,Griffith University,"170 Kessels Road, Nathan Qld 4111",Equipment Purchase,14/11/2025,398581,Amcoss GmbH,Austria,,,,,,,,,,,404736,,,,,,
,Griffith University,"170 Kessels Road, Nathan Qld 4111",Equipment Purchase,14/11/2025,21443,ARRI Australia Pty Limited,"North Ryde, Nsw",,,,,,,,,,,404759,,,,,,
,Griffith University,"170 Kessels Road, Nathan Qld 4111",Equipment Maintenance,14/11/2025,13761,Bio-Rad Laboratories Pty Ltd,"South Granville, Nsw",,,,,,,,,,,404741,,,,,,
,Griffith University,"170 Kessels Road, Nathan Qld 4111",Equipment Maintenance,14/11/2025,10786,Hosmed Services Pty Ltd,"Virginia, Qld",,,,,,,,,,,404729,,,,,,
,Griffith University,"170 Kessels Road, Nathan Qld 4111",Equipment Purchase,14/11/2025,12194,John Morris Scientific Pty Ltd,"Willoughby, Nsw",,,,,,,,,,,404744,,,,,,
,Griffith University,"170 Kessels Road, Nathan Qld 4111",Equipment Purchase,14/11/2025,26990,MetaGene Pty Ltd,"Manly, Qld",,,,,,,,,,,404760,,,,,,
,Griffith University,"170 Kessels Road, Nathan Qld 4111",Consultancy Services,14/11/2025,22000,O'Connor Marsden & Associates,"Sydney, Nsw",,,,,,,,,,,404733,,,,,,
,Griffith University,"170 Kessels Road, Nathan Qld 4111",Equipment Purchase,14/11/2025,27225,THUNDER LASER AUSTRALIA,"Mountain Creek, Qld",,,,,,,,,,,404724,,,,,,
,Griffith University,"170 Kessels Road, Nathan Qld 4111",Building Construction & Maintenance,14/11/2025,19114,TSA PROJECTS PTY LTD,"Molendinar, Qld",,,,,,,,,,,404766,,,,,,
,Griffith University,"170 Kessels Road, Nathan Qld 4111",Reference Materials,15/11/2025,18555,PEARSON AUSTRALIA GROUP PTY LTD,"Sydney, Nsw",,,,,,,,,,,404771,,,,,,
,Griffith University,"170 Kessels Road, Nathan Qld 4111",Equipment Purchase,17/11/2025,37533,BSG Brisbane Sound Group,"Northgate, Qld",,,,,,,,,,,404795,,,,,,
,Griffith University,"170 Kessels Road, Nathan Qld 4111",Building Construction & Maintenance,17/11/2025,13869,Crown Mechanical Electrical Pty Ltd,"Rochedale South, Qld",,,,,,,,,,,404812,,,,,,
,Griffith University,"170 Kessels Road, Nathan Qld 4111",Equipment Purchase,17/11/2025,12096,Data #3 Limited,"Indooroopilly, Qld",,,,,,,,,,,404796,,,,,,
,Griffith University,"170 Kessels Road, Nathan Qld 4111",Subscription/Licence Fees Software,17/11/2025,47550,Data #3 Limited,"Indooroopilly, Qld",,,,,,,,,,,404797,,,,,,
,Griffith University,"170 Kessels Road, Nathan Qld 4111",Subscription/Licence Fees Software,17/11/2025,34570,Digital Science & Research Solutions Inc,United States,,,,,,,,,,,404811,,,,,,
,Griffith University,"170 Kessels Road, Nathan Qld 4111",Equipment Purchase,17/11/2025,16921,Eppendorf South Pacific Pty Ltd,"North Ryde, Nsw",,,,,,,,,,,404817,,,,,,
,Griffith University,"170 Kessels Road, Nathan Qld 4111",Equipment Purchase,17/11/2025,17272,EVIDENT AUSTRALIA PTY LTD,"Macquarie Park, Nsw",,,,,,,,,,,404785,,,,,,
,Griffith University,"170 Kessels Road, Nathan Qld 4111",Equipment Purchase,17/11/2025,43285,Lemac Films (Australia) Pty Ltd,"Bowen Hills, Qld",,,,,,,,,,,404801,,,,,,
,Griffith University,"170 Kessels Road, Nathan Qld 4111",Equipment Purchase,17/11/2025,22869,MADJI PTY LTD,"Toowong, Qld",,,,,,,,,,,404813,,,,,,
,Griffith University,"170 Kessels Road, Nathan Qld 4111",Equipment Purchase,17/11/2025,23605,Rokoko Electronics ApS,Denmark,,,,,,,,,,,404790,,,,,,
,Griffith University,"170 Kessels Road, Nathan Qld 4111",Reference Materials,18/11/2025,17049,American Association for Cancer Research,United States,,,,,,,,,,,2160718,,,,,,
,Griffith University,"170 Kessels Road, Nathan Qld 4111",Reference Materials,18/11/2025,35058,American Society of Civil Engineers,United States,,,,,,,,,,,2156723,,,,,,
,Griffith University,"170 Kessels Road, Nathan Qld 4111",Reference Materials,18/11/2025,60136,BMJ Publishing Group Ltd,United Kingdom,,,,,,,,,,,2157879,,,,,,
,Griffith University,"170 Kessels Road, Nathan Qld 4111",Building Construction & Maintenance,18/11/2025,481360,BURO NORTH,"Cremorne, Vic",,,,,,,,,,,404848,,,,,,
,Griffith University,"170 Kessels Road, Nathan Qld 4111",Reference Materials,18/11/2025,33000,Cengage Learning Australia Pty Ltd,"South Melbourne, Vic",,,,,,,,,,,2160722,,,,,,
,Griffith University,"170 Kessels Road, Nathan Qld 4111",Travel Expenses,18/11/2025,55000,City University of Macau,Macau,,,,,,,,,,,2159431,,,,,,
,Griffith University,"170 Kessels Road, Nathan Qld 4111",Reference Materials,18/11/2025,50197,Council of Aust. University Librarians,"Deakin, Act",,,,,,,,,,,2158794,,,,,,
,Griffith University,"170 Kessels Road, Nathan Qld 4111",Reference Materials,18/11/2025,12873,Council of Aust. University Librarians,"Deakin, Act",,,,,,,,,,,2159430,,,,,,
,Griffith University,"170 Kessels Road, Nathan Qld 4111",Reference Materials,18/11/2025,41968,Council of Aust. University Librarians,"Deakin, Act",,,,,,,,,,,2160459,,,,,,
,Griffith University,"170 Kessels Road, Nathan Qld 4111",Reference Materials,18/11/2025,119367,Council of Aust. University Librarians,"Deakin, Act",,,,,,,,,,,2160577,,,,,,
,Griffith University,"170 Kessels Road, Nathan Qld 4111",Printing Expenses,18/11/2025,73083,CPX Pty Ltd,"Newmarket, Kelvin Grove Bc, Qld",,,,,,,,,,,2156489,,,,,,
,Griffith University,"170 Kessels Road, Nathan Qld 4111",Reference Materials,18/11/2025,20639,EBSCO International Inc,"North Sydney, Nsw",,,,,,,,,,,2157109,,,,,,
,Griffith University,"170 Kessels Road, Nathan Qld 4111",Reference Materials,18/11/2025,14862,EBSCO International Inc,"North Sydney, Nsw",,,,,,,,,,,2157886,,,,,,
,Griffith University,"170 Kessels Road, Nathan Qld 4111",Reference Materials,18/11/2025,47371,EBSCO International Inc,"North Sydney, Nsw",,,,,,,,,,,2157893,,,,,,
,Griffith University,"170 Kessels Road, Nathan Qld 4111",Reference Materials,18/11/2025,12496,EBSCO International Inc,"North Sydney, Nsw",,,,,,,,,,,2157908,,,,,,
,Griffith University,"170 Kessels Road, Nathan Qld 4111",Conference Expenses,18/11/2025,27500,ELABOR8 PTY LTD,"Melbourne, Vic",,,,,,,,,,,2158791,,,,,,
,Griffith University,"170 Kessels Road, Nathan Qld 4111",Memberships/Subscriptions,18/11/2025,15000,Engagement Australia Ltd,"Lismore, Nsw",,,,,,,,,,,2158508,,,,,,
,Griffith University,"170 Kessels Road, Nathan Qld 4111",Field Trip Expenses (Excursions),18/11/2025,35162,Flight Centre Travel Group Limited,"Sydeny, Nsw",,,,,,,,,,,2159357,,,,,,
,Griffith University,"170 Kessels Road, Nathan Qld 4111",Reference Materials,18/11/2025,25844,iGroup (Australasia) Pty Ltd,"Melbourne, Vic",,,,,,,,,,,2160201,,,,,,
,Griffith University,"170 Kessels Road, Nathan Qld 4111",Conference Expenses,18/11/2025,24031,JEREMY PAUL CONNOR,Nsw,,,,,,,,,,,2158917,,,,,,
,Griffith University,"170 Kessels Road, Nathan Qld 4111",Consultancy Services,18/11/2025,15500,MALVON & CO PTY LTD,"Margate, Qld",,,,,,,,,,,404826,,,,,,
,Griffith University,"170 Kessels Road, Nathan Qld 4111",Building Construction & Maintenance,18/11/2025,27500,McKenzie Group Consulting (QLD) Pty Ltd,"Brisbane, Qld",,,,,,,,,,,404825,,,,,,
,Griffith University,"170 Kessels Road, Nathan Qld 4111",Reference Materials,18/11/2025,579268,Ovid Technologies Inc.,United States,,,Limited,b - (iii) The absence of competition for technical reasons which can only be supplied by a particular supplier and no reasonable alternative exists ,,,,,,,2158920,,,,,,
,Griffith University,"170 Kessels Road, Nathan Qld 4111",Reference Materials,18/11/2025,47575,Oxford University Press,United Kingdom,,,,,,,,,,,2157111,,,,,,
,Griffith University,"170 Kessels Road, Nathan Qld 4111",Reference Materials,18/11/2025,14399,Oxford University Press,United Kingdom,,,,,,,,,,,2157271,,,,,,
,Griffith University,"170 Kessels Road, Nathan Qld 4111",Reference Materials,18/11/2025,31670,Oxford University Press,United Kingdom,,,,,,,,,,,2157272,,,,,,
,Griffith University,"170 Kessels Road, Nathan Qld 4111",Reference Materials,18/11/2025,45088,Oxford University Press,United Kingdom,,,,,,,,,,,2157703,,,,,,
,Griffith University,"170 Kessels Road, Nathan Qld 4111",Reference Materials,18/11/2025,45088,Oxford University Press,United Kingdom,,,,,,,,,,,2157884,,,,,,
,Griffith University,"170 Kessels Road, Nathan Qld 4111",Conference Expenses,18/11/2025,25938,Purpose Led Transformation,"Beaumaris, Vic",,,,,,,,,,,2159671,,,,,,
,Griffith University,"170 Kessels Road, Nathan Qld 4111",Reference Materials,18/11/2025,117132,"Readex, a division of NewsBank Inc",United States,,,,,,,,,,,2159434,,,,,,
,Griffith University,"170 Kessels Road, Nathan Qld 4111",Equipment Purchase,18/11/2025,14003,Scientrific Pty Ltd,"Yamba, Nsw",,,,,,,,,,,404836,,,,,,
,Griffith University,"170 Kessels Road, Nathan Qld 4111",Subscription/Licence Fees Software,18/11/2025,82829,Spellbook,Canada,,,,,,,,,,,2160368 2160711,,,,,,
,Griffith University,"170 Kessels Road, Nathan Qld 4111",Building Construction & Maintenance,18/11/2025,15114,STEVE WATSON AND PARTNERS PTY LIMITED,"Sydney, Nsw",,,,,,,,,,,2157129,,,,,,
,Griffith University,"170 Kessels Road, Nathan Qld 4111",Equipment Purchase,18/11/2025,12579,Tha Tank Factory,"Alstonville, Nsw",,,,,,,,,,,404827,,,,,,
,Griffith University,"170 Kessels Road, Nathan Qld 4111",Consultancy Services,18/11/2025,12650,The Trustee for GrantEd Group Unit Trust,"Bentleigh, Vic",,,,,,,,,,,2158770,,,,,,
,Griffith University,"170 Kessels Road, Nathan Qld 4111",Equipment Purchase,18/11/2025,35894,Thermoline Scientific Equipment Pty Ltd,"Wetherill Park, Nsw",,,,,,,,,,,404850,,,,,,
,Griffith University,"170 Kessels Road, Nathan Qld 4111",Reference Materials,18/11/2025,50768,Tongfang Knowledge Network Technology Co,China,,,,,,,,,,,2158348,,,,,,
,Griffith University,"170 Kessels Road, Nathan Qld 4111",Reference Materials,18/11/2025,42580,UpToDate Inc.,United States,,,,,,,,,,,2157105,,,,,,
,Griffith University,"170 Kessels Road, Nathan Qld 4111",Software Support Maintenance,18/11/2025,45395,WNS Global Services (Australia) Pty Ltd,"North Sydney, Nsw",,,,,,,,,,,404828,,,,,,
,Griffith University,"170 Kessels Road, Nathan Qld 4111",Chemical/Biological Products,19/11/2025,69841,AIM Discovery Solutions Pty Ltd,"Kew, Vic",,,,,,,,,,,404879,,,,,,
,Griffith University,"170 Kessels Road, Nathan Qld 4111",Subscription/Licence Fees Software,19/11/2025,55000,AUTOGENAI AUSTRALIA PTY LTD,"Surfers Paradise, Qld",,,,,,,,,,,404878,,,,,,
,Griffith University,"170 Kessels Road, Nathan Qld 4111",Memberships/Subscriptions,19/11/2025,14036,CAUDIT,"Kingston, Act",,,,,,,,,,,404888,,,,,,
,Griffith University,"170 Kessels Road, Nathan Qld 4111",Subscription/Licence Fees Software,19/11/2025,121968,Dropbox International Unlimited Company,Ireland,,,,,,,,,,,404876,,,,,,
,Griffith University,"170 Kessels Road, Nathan Qld 4111",Subscription/Licence Fees Software,19/11/2025,23152,"Hasura, Inc.",United States,,,,,,,,,,,404895,,,,,,
,Griffith University,"170 Kessels Road, Nathan Qld 4111",Subscription/Licence Fees Software,19/11/2025,176912,LearnWise Software International BV,Netherlands,,,,,,,,,,,404881,,,,,,
,Griffith University,"170 Kessels Road, Nathan Qld 4111",Software Support Maintenance,19/11/2025,57474,Pan Software Pty Ltd,"East Hawthorn, Vic",,,,,,,,,,,404874,,,,,,
,Griffith University,"170 Kessels Road, Nathan Qld 4111",Equipment Purchase,20/11/2025,20620,BSG Brisbane Sound Group,"Northgate, Qld",,,,,,,,,,,404898,,,,,,
,Griffith University,"170 Kessels Road, Nathan Qld 4111",Consultancy Services,20/11/2025,30890,Carbon Market Institute,"Melbourne, Vic",,,,,,,,,,,404946,,,,,,
,Griffith University,"170 Kessels Road, Nathan Qld 4111",Equipment Purchase,20/11/2025,13346,Empire Office Furniture,"Rocklea, Qld",,,,,,,,,,,404967,,,,,,
,Griffith University,"170 Kessels Road, Nathan Qld 4111",Hire/Lease Fees,20/11/2025,136578,Gold Coast Convention & Exhibition Centr,"Broadbeach, Qld",,,,,,,,,,,404930,,,,,,
,Griffith University,"170 Kessels Road, Nathan Qld 4111",IT Equipment,20/11/2025,55819,Hewlett-Packard Australia Pty Ltd,"Blackburn, Vic",,,,,,,,,,,404902,,,,,,
,Griffith University,"170 Kessels Road, Nathan Qld 4111",Equipment Purchase,20/11/2025,33000,KOENIG MACHINERY PTY LTD,"Campbellfield, Vic",,,,,,,,,,,404962,,,,,,
,Griffith University,"170 Kessels Road, Nathan Qld 4111",Consultancy Services,20/11/2025,114950,NATURE SYDNEY PTY LTD,"Lavender Bay, Nsw",,,,,,,,,,,404901,,,,,,
,Griffith University,"170 Kessels Road, Nathan Qld 4111",Chemical/Biological Products,20/11/2025,28051,Novachem Unit Trust t/a Novachem Pty Ltd,"Collingwood, Vic",,,,,,,,,,,404900,,,,,,
,Griffith University,"170 Kessels Road, Nathan Qld 4111",Subscription/Licence Fees Software,20/11/2025,30760,OSIsoft LLC,United States,,,,,,,,,,,404961,,,,,,
,Griffith University,"170 Kessels Road, Nathan Qld 4111",Laboratory Consumables,20/11/2025,10634,SSS Australia,"Tingalpa, Qld",,,,,,,,,,,404908,,,,,,
,Griffith University,"170 Kessels Road, Nathan Qld 4111",Software Support Maintenance,20/11/2025,66217,Thermo Fisher Scientific Australia,"Scoresby, Vic",,,,,,,,,,,404975,,,,,,
,Griffith University,"170 Kessels Road, Nathan Qld 4111",Equipment Purchase,20/11/2025,122013,Vacuum Technique Singapore Pte Ltd,Singapore,,,,,,,,,,,404947,,,,,,
,Griffith University,"170 Kessels Road, Nathan Qld 4111",Equipment Purchase,20/11/2025,372658,Vacuum Technique Singapore Pte Ltd,Singapore,,,,,,,,,,,404959,,,,,,
,Griffith University,"170 Kessels Road, Nathan Qld 4111",Equipment Purchase,20/11/2025,14619,Videopro Pty Ltd,"Eagle Farm, Qld",,,,,,,,,,,404983,,,,,,
,Griffith University,"170 Kessels Road, Nathan Qld 4111",Consultancy Services,21/11/2025,24299,ASPECT STUDIOS PTY LTD,"Woolloongabba, Qld",,,,,,,,,,,405044,,,,,,
,Griffith University,"170 Kessels Road, Nathan Qld 4111",Subscription/Licence Fees Software,21/11/2025,102956,BAIDAM SOLUTIONS PTY LTD,"Brisbane, Qld",,,,,,,,,,,405022,,,,,,
,Griffith University,"170 Kessels Road, Nathan Qld 4111",Equipment Purchase,21/11/2025,476017,Dell Australia Pty Ltd,"Frenchs Forest, Nsw",,,,,,,,,,,404999,,,,,,
,Griffith University,"170 Kessels Road, Nathan Qld 4111",Equipment Purchase,21/11/2025,180553,Dell Australia Pty Ltd,"Frenchs Forest, Nsw",,,,,,,,,,,405000,,,,,,
,Griffith University,"170 Kessels Road, Nathan Qld 4111",Building Construction & Maintenance,21/11/2025,4935634,FITOUT AND REFURBISHMENT AUSTRALIA PTY L,"Springwood, Qld",,,Selective,,,,,,,,404993,,,,,,
,Griffith University,"170 Kessels Road, Nathan Qld 4111",Consultancy Services,21/11/2025,197736,Focus Professional Services Pty Ltd,"Brisbane, Qld",Yes,,,,,,,,,,405018,,,,,,
,Griffith University,"170 Kessels Road, Nathan Qld 4111",Marketing Fees,21/11/2025,137500,Global Reviews (Asia Pacific) Pty Ltd,"East Melbourne, Vic",,,,,,,,,,,405037,,,,,,
,Griffith University,"170 Kessels Road, Nathan Qld 4111",Building Construction & Maintenance,21/11/2025,37334,INTEGRA REMEDIAL SOLUTIONS PTY LTD,"Thorneside, Qld",,,,,,,,,,,405021,,,,,,
,Griffith University,"170 Kessels Road, Nathan Qld 4111",Software Support Maintenance,21/11/2025,484330,Integral Technology Solutions Pty Ltd,"Spring Hill, Qld",,,,,,,,,,,405008,,,,,,
,Griffith University,"170 Kessels Road, Nathan Qld 4111",Consultancy Services,21/11/2025,40667,MBMPL PTY LTD,"Sydney, Nsw",,,,,,,,,,,405045,,,,,,
,Griffith University,"170 Kessels Road, Nathan Qld 4111",Subscription/Licence Fees Software,21/11/2025,12816,Oracle Corporation Australia Pty Ltd,"Sydney, Nsw",,,,,,,,,,,405024,,,,,,
,Griffith University,"170 Kessels Road, Nathan Qld 4111",Imaging Services,21/11/2025,12600,SPECIALIST MRI SERVICES AND CONSULTING,"Mermaid Beach, Qld",,,,,,,,,,,404995 406278,,,,,,
,Griffith University,"170 Kessels Road, Nathan Qld 4111",Health & Safety Expenses,22/11/2025,12243,Testel Australia Pty Ltd,"Unley, Sa",,,,,,,,,,,405056,,,,,,
,Griffith University,"170 Kessels Road, Nathan Qld 4111",Equipment Maintenance,22/11/2025,14828,THE P.A. PEOPLE PTY LTD,"Rhodes, Nsw",,,,,,,,,,,405057,,,,,,
,Griffith University,"170 Kessels Road, Nathan Qld 4111",Building Construction & Maintenance,23/11/2025,20134,FROTH BUILD PTY LTD,"Burleigh Heads, Qld",,,,,,,,,,,405058,,,,,,
,Griffith University,"170 Kessels Road, Nathan Qld 4111",Equipment Maintenance,24/11/2025,12980,Brient Trade Services Pty Ltd,"Guanaba, Qld",,,,,,,,,,,405061,,,,,,
,Griffith University,"170 Kessels Road, Nathan Qld 4111",Equipment Purchase,24/11/2025,17774,EYE SYSTEMS International GmbH,Germany,,,,,,,,,,,405075,,,,,,
,Griffith University,"170 Kessels Road, Nathan Qld 4111",Equipment Maintenance,24/11/2025,42596,Greenbox Group Pty Ltd,"Lytton, Qld",,,,,,,,,,,405089,,,,,,
,Griffith University,"170 Kessels Road, Nathan Qld 4111",Subscription/Licence Fees Software,24/11/2025,21344,Leap Australia Pty Ltd,"Manly, Nsw",,,,,,,,,,,405066,,,,,,
,Griffith University,"170 Kessels Road, Nathan Qld 4111",Subscription/Licence Fees Software,24/11/2025,14415,Sonocent,United Kingdom,,,,,,,,,,,405060,,,,,,
,Griffith University,"170 Kessels Road, Nathan Qld 4111",Reference Materials,25/11/2025,39821,Bloomsbury Publishing Plc.,United Kingdom,,,,,,,,,,,2159237,,,,,,
,Griffith University,"170 Kessels Road, Nathan Qld 4111",Reference Materials,25/11/2025,13794,Bloomsbury Publishing Plc.,United Kingdom,,,,,,,,,,,2159241,,,,,,
,Griffith University,"170 Kessels Road, Nathan Qld 4111",Reference Materials,25/11/2025,51000,Cambridge University Press,"Port Melbourne, Vic",,,,,,,,,,,2160806,,,,,,
,Griffith University,"170 Kessels Road, Nathan Qld 4111",Memberships/Subscriptions,25/11/2025,43054,Council of Aust. University Librarians,"Deakin, Act",,,,,,,,,,,2158776,,,,,,
,Griffith University,"170 Kessels Road, Nathan Qld 4111",Event Expenditure,25/11/2025,40300,D SARRA & T.M SARRA,Qld,,,,,,,,,,,2157528 2131074 2158159,,,,,,
,Griffith University,"170 Kessels Road, Nathan Qld 4111",Conference Expenses,25/11/2025,12496,DYNAMIC GIFT INTERNATIONAL PTY LTD,"Tuncurry, Nsw",,,,,,,,,,,2158332,,,,,,
,Griffith University,"170 Kessels Road, Nathan Qld 4111",Reference Materials,25/11/2025,209082,Elsevier Inc.,United States,,,,,,,,,,,2158929,,,,,,
,Griffith University,"170 Kessels Road, Nathan Qld 4111",Reference Materials,25/11/2025,38232,Euromonitor International Ltd.,United Kingdom,,,,,,,,,,,2158505,,,,,,
,Griffith University,"170 Kessels Road, Nathan Qld 4111",Audit Fees,25/11/2025,27500,Grant Thornton Australia Limited,"Brisbane, Qld",,,,,,,,,,,2159683,,,,,,
,Griffith University,"170 Kessels Road, Nathan Qld 4111",Marketing Fees,25/11/2025,27370,IDP Education Pty Ltd,"Melbourne, Vic",,,,,,,,,,,2161382,,,,,,
,Griffith University,"170 Kessels Road, Nathan Qld 4111",Reference Materials,25/11/2025,19804,iGroup (Australasia) Pty Ltd,"Melbourne, Vic",,,,,,,,,,,2160725,,,,,,
,Griffith University,"170 Kessels Road, Nathan Qld 4111",Reference Materials,25/11/2025,36271,iGroup (Australasia) Pty Ltd,"Melbourne, Vic",,,,,,,,,,,2161123,,,,,,
,Griffith University,"170 Kessels Road, Nathan Qld 4111",Chemical/Biological Products,25/11/2025,12356,In Vitro Technologies Pty Ltd,"Noble Park, Vic",,,,,,,,,,,405108,,,,,,
,Griffith University,"170 Kessels Road, Nathan Qld 4111",Reference Materials,25/11/2025,365884,Informa UK Ltd,United Kingdom,,,,,,,,,,,2159224,,,,,,
,Griffith University,"170 Kessels Road, Nathan Qld 4111",Building Construction & Maintenance,25/11/2025,5180704,INTREC MANAGEMENT (QLD) PTY LTD,"Milton, Qld",Yes,,Selective,,,,,,,,405128,,,,,,
,Griffith University,"170 Kessels Road, Nathan Qld 4111",Reference Materials,25/11/2025,30939,KONINKLIJKE BRILL LEIDEN NV,Netherlands,,,,,,,,,,,2160719,,,,,,
,Griffith University,"170 Kessels Road, Nathan Qld 4111",Consultancy Services,25/11/2025,76032,LAWYERS ON DEMAND AUSTRALIA PTY LTD,"Sydney, Nsw",,,,,,,,,,,405095,,,,,,
,Griffith University,"170 Kessels Road, Nathan Qld 4111",Equipment Purchase,25/11/2025,23567,Leica Microsystems Pty Ltd,"North Ryde Bc, Nsw",,,,,,,,,,,405098,,,,,,
,Griffith University,"170 Kessels Road, Nathan Qld 4111",Equipment Purchase,25/11/2025,214921,Life Fitness Australia Pty Ltd,"Geebung, Qld",,,,,,,,,,,405124,,,,,,
,Griffith University,"170 Kessels Road, Nathan Qld 4111",Building Construction & Maintenance,25/11/2025,18084,McTaggart Plumbing PTY LTD,"Petrie, Qld",,,,,,,,,,,405106,,,,,,
,Griffith University,"170 Kessels Road, Nathan Qld 4111",Consultancy Services,25/11/2025,117438,More Partnership Limited,United Kingdom,,,,,,,,,,,2161692 2162508,,,,,,
,Griffith University,"170 Kessels Road, Nathan Qld 4111",Reference Materials,25/11/2025,10514,Naxos Digital Services Ltd,Hong Kong,,,,,,,,,,,2159716,,,,,,
,Griffith University,"170 Kessels Road, Nathan Qld 4111",Consultancy Services,25/11/2025,44000,Outside Opinion Pty Ltd,"St Andrews Beach, Vic",,,,,,,,,,,2161363,,,,,,
,Griffith University,"170 Kessels Road, Nathan Qld 4111",Reference Materials,25/11/2025,39294,Royal Pharmaceutical Society of GB,United Kingdom,,,,,,,,,,,2158155,,,,,,
,Griffith University,"170 Kessels Road, Nathan Qld 4111",Building Construction & Maintenance,25/11/2025,54146,STEADFAST PROJECTS PTY LTD,"Upper Kedron, Qld",,,,,,,,,,,405105,,,,,,
,Griffith University,"170 Kessels Road, Nathan Qld 4111",Consultancy Services,25/11/2025,11000,SUGAR RESEARCH AUSTRALIA LTD,"Indooroopilly, Qld",,,,,,,,,,,2160910,,,,,,
,Griffith University,"170 Kessels Road, Nathan Qld 4111",Marketing Fees,25/11/2025,27225,THE TRUSTEE FOR MERCH GIRLS UNIT TRUST,"Balaclava, Vic",,,,,,,,,,,2157899,,,,,,
,Griffith University,"170 Kessels Road, Nathan Qld 4111",Equipment Purchase,25/11/2025,20042,Toohey Forest Environmental Edu Centre,"Nathan, Qld",,,,,,,,,,,2160269,,,,,,
,Griffith University,"170 Kessels Road, Nathan Qld 4111",Reference Materials,25/11/2025,36397,Visible Body,United States,,,,,,,,,,,2158509,,,,,,
,Griffith University,"170 Kessels Road, Nathan Qld 4111",Building Construction & Maintenance,26/11/2025,56807,AIRMASTER CORPORATION PTY LTD,"Mansfield, Qld",,,,,,,,,,,405188,,,,,,
,Griffith University,"170 Kessels Road, Nathan Qld 4111",Building Construction & Maintenance,26/11/2025,47896,COHERA-TECH PTY LIMITED,"Seventeen Mile Rocks, Qld",,,,,,,,,,,405146,,,,,,
,Griffith University,"170 Kessels Road, Nathan Qld 4111",IT Equipment,26/11/2025,17888,Computer Alliance Pty Ltd,"Mount Gravatt, Qld",,,,,,,,,,,405167,,,,,,
,Griffith University,"170 Kessels Road, Nathan Qld 4111",Consultancy Services,26/11/2025,119350,DELOITTE CONSULTING PTY LIMITED,"Brisbane, Qld",,,,,,,,,,,405160,,,,,,
,Griffith University,"170 Kessels Road, Nathan Qld 4111",Marketing Fees,26/11/2025,10797,Getty Images Sales Australia Pty Ltd,"St Leonards, Nsw",,,,,,,,,,,405145,,,,,,
,Griffith University,"170 Kessels Road, Nathan Qld 4111",Marketing Fees,26/11/2025,18300,Richmond Signs & Designs,"Southport, Qld",,,,,,,,,,,405144,,,,,,
,Griffith University,"170 Kessels Road, Nathan Qld 4111",Building Construction & Maintenance,27/11/2025,23198,A1 Building & Property Solutions Pty Ltd,"The Gap, Qld",,,,,,,,,,,405221,,,,,,
,Griffith University,"170 Kessels Road, Nathan Qld 4111",Building Construction & Maintenance,27/11/2025,20937,E.D.C. SYSTEMS PTY LTD,"Cannon Hill, Qld",,,,,,,,,,,405201,,,,,,
,Griffith University,"170 Kessels Road, Nathan Qld 4111",Equipment Purchase,27/11/2025,33000,EVIDENT AUSTRALIA PTY LTD,"Macquarie Park, Nsw",,,,,,,,,,,405200,,,,,,
,Griffith University,"170 Kessels Road, Nathan Qld 4111",Consultancy Services,27/11/2025,54450,INTELLIDESIGN PTY LTD,"Seventeen Mile Rocks, Qld",,,,,,,,,,,405223,,,,,,
,Griffith University,"170 Kessels Road, Nathan Qld 4111",Subscription/Licence Fees Software,27/11/2025,57442,Oracle Corporation Australia Pty Ltd,"Sydney, Nsw",,,,,,,,,,,405203,,,,,,
,Griffith University,"170 Kessels Road, Nathan Qld 4111",Consultancy Services,27/11/2025,22000,Squiz Australia Pty Ltd,"Sydney, Nsw",,,,,,,,,,,405195,,,,,,
,Griffith University,"170 Kessels Road, Nathan Qld 4111",Building Construction & Maintenance,27/11/2025,50050,Steele Wrobel Pty Ltd,"Brisbane, Qld",,,,,,,,,,,405207,,,,,,
,Griffith University,"170 Kessels Road, Nathan Qld 4111",Equipment Purchase,28/11/2025,11803,Ausoptic International Pty Ltd,"Pinnacle Office Park, Nsw",,,,,,,,,,,405272,,,,,,
,Griffith University,"170 Kessels Road, Nathan Qld 4111",Equipment Maintenance,28/11/2025,11550,Brient Trade Services Pty Ltd,"Guanaba, Qld",,,,,,,,,,,405268,,,,,,
,Griffith University,"170 Kessels Road, Nathan Qld 4111",Building Construction & Maintenance,28/11/2025,38609,Sports Turf Operations Pty Ltd,"Tamborine, Qld",,,,,,,,,,,405270,,,,,,
,Griffith University,"170 Kessels Road, Nathan Qld 4111",Subscription/Licence Fees Software,28/11/2025,28272,Wallwisher Inc,United States,,,,,,,,,,,405269,,,,,,
,Griffith University,"170 Kessels Road, Nathan Qld 4111",Building Construction & Maintenance,29/11/2025,49500,Brient Trade Services Pty Ltd,"Guanaba, Qld",,,,,,,,,,,405294,,,,,,
,Griffith University,"170 Kessels Road, Nathan Qld 4111",Consultancy Services,1/12/2025,12100,Rodney William Carter,Qld,,,,,,,,,,,405329,,,,,,
,Griffith University,"170 Kessels Road, Nathan Qld 4111",Marketing Fees,1/12/2025,15576,SINORBIS AUSTRALIA PTY LTD,"Sydney, Nsw",,,,,,,,,,,405331,,,,,,
,Griffith University,"170 Kessels Road, Nathan Qld 4111",Building Construction & Maintenance,1/12/2025,11000,Turner & Townsend Pty Ltd,"Brisbane, Qld",,,,,,,,,,,405325,,,,,,
,Griffith University,"170 Kessels Road, Nathan Qld 4111",Building Construction & Maintenance,2/12/2025,17609,A1 Building & Property Solutions Pty Ltd,"The Gap, Qld",,,,,,,,,,,405338,,,,,,
,Griffith University,"170 Kessels Road, Nathan Qld 4111",Chemical/Biological Products,2/12/2025,23238,ADDITIVE AUSTRALIA PTY LTD,"Torquay, Vic",,,,,,,,,,,405411,,,,,,
,Griffith University,"170 Kessels Road, Nathan Qld 4111",Equipment Purchase,2/12/2025,14189,Aegis Safety Pty Ltd,"Geebung, Qld",,,,,,,,,,,405363,,,,,,
,Griffith University,"170 Kessels Road, Nathan Qld 4111",Subscription/Licence Fees Software,2/12/2025,12771,ASCENT ONE PTY LTD,"Melbourne, Vic",,,,,,,,,,,405408,,,,,,
,Griffith University,"170 Kessels Road, Nathan Qld 4111",Event Expenditure,2/12/2025,13248,Bambu Eventos Ltda,Brazil,,,,,,,,,,,2162609,,,,,,
,Griffith University,"170 Kessels Road, Nathan Qld 4111",Building Construction & Maintenance,2/12/2025,16280,Bligh Tanner Pty Ltd,"Fortitude Valley, Qld",,,,,,,,,,,405409,,,,,,
,Griffith University,"170 Kessels Road, Nathan Qld 4111",Equipment Purchase,2/12/2025,33500,Bruker Pty Ltd,"Alexandria, Nsw",,,,,,,,,,,2158732,,,,,,
,Griffith University,"170 Kessels Road, Nathan Qld 4111",Reference Materials,2/12/2025,177108,Clarivate Analytics (UK) Limited,United Kingdom,,,,,,,,,,,2159737,,,,,,
,Griffith University,"170 Kessels Road, Nathan Qld 4111",Reference Materials,2/12/2025,65026,Coherent Digital LLC,United States,,,,,,,,,,,2161121,,,,,,
,Griffith University,"170 Kessels Road, Nathan Qld 4111",Reference Materials,2/12/2025,30952,Council of Aust. University Librarians,"Deakin, Act",,,,,,,,,,,2159225,,,,,,
,Griffith University,"170 Kessels Road, Nathan Qld 4111",Reference Materials,2/12/2025,58838,Council of Aust. University Librarians,"Deakin, Act",,,,,,,,,,,2159243,,,,,,
,Griffith University,"170 Kessels Road, Nathan Qld 4111",Subscription/Licence Fees Software,2/12/2025,22550,Diligent Board Services Australia PTY LT,"Sydney, Nsw",,,,,,,,,,,405376,,,,,,
,Griffith University,"170 Kessels Road, Nathan Qld 4111",Reference Materials,2/12/2025,14643,Edward Elgar Publishing LTD,United Kingdom,,,,,,,,,,,2159689,,,,,,
,Griffith University,"170 Kessels Road, Nathan Qld 4111",Event Expenditure,2/12/2025,11750,HOTA Gold Coast Pty Ltd,"Gold Coast Mail Centre, Qld",,,,,,,,,,,2162605,,,,,,
,Griffith University,"170 Kessels Road, Nathan Qld 4111",Marketing Fees,2/12/2025,11815,IDP Education Pty Ltd,"Melbourne, Vic",,,,,,,,,,,2163289,,,,,,
,Griffith University,"170 Kessels Road, Nathan Qld 4111",Subscription/Licence Fees Software,2/12/2025,11408,Infoxchange,"Richmond, Vic",,,,,,,,,,,405401,,,,,,
,Griffith University,"170 Kessels Road, Nathan Qld 4111",Building Construction & Maintenance,2/12/2025,10472,JENSEN BOWERS UNIT TRUST,"Spring Hills, Qld",,,,,,,,,,,2163014,,,,,,
,Griffith University,"170 Kessels Road, Nathan Qld 4111",Marketing Fees,2/12/2025,10000,KC Overseas Education Pvt. Ltd.,India,,,,,,,,,,,2162123,,,,,,
,Griffith University,"170 Kessels Road, Nathan Qld 4111",Equipment Purchase,2/12/2025,58276,Lastek Pty Ltd,"Thebarton, Sa",,,,,,,,,,,405361,,,,,,
,Griffith University,"170 Kessels Road, Nathan Qld 4111",Equipment Purchase,2/12/2025,54125,Lastek Pty Ltd,"Thebarton, Sa",,,,,,,,,,,2152574,,,,,,
,Griffith University,"170 Kessels Road, Nathan Qld 4111",Reference Materials,2/12/2025,14504,Ovid Technologies Inc.,United States,,,,,,,,,,,2159252,,,,,,
,Griffith University,"170 Kessels Road, Nathan Qld 4111",Reference Materials,2/12/2025,10520,Pan Macmillan Australia Pty Ltd,"Sydney, Nsw",,,,,,,,,,,2162847,,,,,,
,Griffith University,"170 Kessels Road, Nathan Qld 4111",Building Construction & Maintenance,2/12/2025,58080,Rural Medical Education Australia Ltd,"Toowoomba, Qld",,,,,,,,,,,2159854,,,,,,
,Griffith University,"170 Kessels Road, Nathan Qld 4111",Equipment Maintenance,2/12/2025,14494,Sierra BioSystems,United States,,,,,,,,,,,405381,,,,,,
,Griffith University,"170 Kessels Road, Nathan Qld 4111",Consultancy Services,2/12/2025,54450,SOLUCIO PTY LTD,"Milton, Qld",,,,,,,,,,,405415,,,,,,
,Griffith University,"170 Kessels Road, Nathan Qld 4111",Reference Materials,2/12/2025,297850,Springer Nature BV,Germany,,,,,,,,,,,2159441,,,,,,
,Griffith University,"170 Kessels Road, Nathan Qld 4111",Consultancy Services,2/12/2025,84150,Squiz Australia Pty Ltd,"Sydney, Nsw",,,,,,,,,,,405402,,,,,,
,Griffith University,"170 Kessels Road, Nathan Qld 4111",Marketing Fees,2/12/2025,30000,Studyportals BV,Netherlands,,,,,,,,,,,405343,,,,,,
,Griffith University,"170 Kessels Road, Nathan Qld 4111",Consultancy Services,2/12/2025,42900,The Trustee for GrantEd Group Unit Trust,"Bentleigh, Vic",,,,,,,,,,,2159678,,,,,,
,Griffith University,"170 Kessels Road, Nathan Qld 4111",Equipment Purchase,2/12/2025,15711,Thermo Fisher Scientific Australia,"Scoresby, Vic",,,,,,,,,,,405365,,,,,,
,Griffith University,"170 Kessels Road, Nathan Qld 4111",Memberships/Subscriptions,2/12/2025,12010,University of New South Wales,"Sydney, Nsw",,,,,,,,,,,2160197,,,,,,
,Griffith University,"170 Kessels Road, Nathan Qld 4111",Subscription/Licence Fees Software,2/12/2025,14410,VALD PERFORMANCE (AUST) PTY LTD,"Newstead, Qld",,,,,,,,,,,405356,,,,,,
,Griffith University,"170 Kessels Road, Nathan Qld 4111",Building Construction & Maintenance,2/12/2025,51062,Wilson Architects,"Spring Hill, Qld",,,,,,,,,,,405397,,,,,,
,Griffith University,"170 Kessels Road, Nathan Qld 4111",Subscription/Licence Fees Software,2/12/2025,18865,Xref Pty Ltd,"Dawes Point, Nsw",,,,,,,,,,,2163226,,,,,,
,Griffith University,"170 Kessels Road, Nathan Qld 4111",Building Construction & Maintenance,3/12/2025,30531,ARNOLD ELECTRICAL & DATA INSTALLATIONS P,"Salisbury, Qld",,,,,,,,,,,405455,,,,,,
,Griffith University,"170 Kessels Road, Nathan Qld 4111",Building Construction & Maintenance,3/12/2025,8800000,INTREC MANAGEMENT (QLD) PTY LTD,"Milton, Qld",,,Selective,,,,,,,,405442,,,,,,
,Griffith University,"170 Kessels Road, Nathan Qld 4111",IT Equipment,3/12/2025,87915,JB Hi Fi Group Pty Ltd,"South Melbourne, Vic",,,,,,,,,,,405430,,,,,,
,Griffith University,"170 Kessels Road, Nathan Qld 4111",Software Support Maintenance,3/12/2025,987416,Oracle Corporation Australia Pty Ltd,"Sydney, Nsw",,,Limited,"c - (i) Cannot be made for technical reasons such as requirements of interchangeability or interoperability with existing equipment, software, services or installations procured under the initial procurement, or due to conditions under original supplier warranties",,,,,,,405416,,,,,,
,Griffith University,"170 Kessels Road, Nathan Qld 4111",Consultancy Services,3/12/2025,24000,Renewables First (Pvt.) Ltd.,Pakistan,,,,,,,,,,,405423,,,,,,
,Griffith University,"170 Kessels Road, Nathan Qld 4111",Building Construction & Maintenance,3/12/2025,35475,Spearhead Engineering Pty Ltd,"South Brisbane, Qld",,,,,,,,,,,405457,,,,,,
,Griffith University,"170 Kessels Road, Nathan Qld 4111",Building Construction & Maintenance,3/12/2025,36850,Spearhead Engineering Pty Ltd,"South Brisbane, Qld",,,,,,,,,,,405458,,,,,,
,Griffith University,"170 Kessels Road, Nathan Qld 4111",Consultancy Services,4/12/2025,65120,Brisbane Digital Co,"Albany Creek, Qld",,,,,,,,,,,405469,,,,,,
,Griffith University,"170 Kessels Road, Nathan Qld 4111",Building Construction & Maintenance,4/12/2025,11924,Cooltone,"Hendra, Qld",,,,,,,,,,,405518,,,,,,
,Griffith University,"170 Kessels Road, Nathan Qld 4111",Building Construction & Maintenance,4/12/2025,66967,Data #3 Limited,"Indooroopilly, Qld",,,,,,,,,,,405460,,,,,,
,Griffith University,"170 Kessels Road, Nathan Qld 4111",Consultancy Services,4/12/2025,73920,Insight Enterprises Australia Pty Ltd,"Brookvale, Nsw",,,,,,,,,,,405481,,,,,,
,Griffith University,"170 Kessels Road, Nathan Qld 4111",Consultancy Services,4/12/2025,170000,Justine Somogyi,United States,,,,,,,,,,,405493,,,,,,
,Griffith University,"170 Kessels Road, Nathan Qld 4111",Subscription/Licence Fees Software,4/12/2025,42922,"Posit Software, PBC",United States,,,,,,,,,,,405522,,,,,,
,Griffith University,"170 Kessels Road, Nathan Qld 4111",Promotional Clothing,4/12/2025,84002,Queensland T-Shirt Company,"Kedron, Qld",,,,,,,,,,,405462,,,,,,
,Griffith University,"170 Kessels Road, Nathan Qld 4111",Consultancy Services,4/12/2025,44550,Squiz Australia Pty Ltd,"Sydney, Nsw",,,,,,,,,,,405489,,,,,,
,Griffith University,"170 Kessels Road, Nathan Qld 4111",Equipment Purchase,4/12/2025,15591,VERBATIM AUSTRALIA PTY. LTD.,"Noble Park North, Vic",,,,,,,,,,,405520,,,,,,
,Griffith University,"170 Kessels Road, Nathan Qld 4111",Building Construction & Maintenance,5/12/2025,22000,ARNOLD ELECTRICAL & DATA INSTALLATIONS P,"Salisbury, Qld",,,,,,,,,,,405562,,,,,,
,Griffith University,"170 Kessels Road, Nathan Qld 4111",Software Support Maintenance,5/12/2025,360338,AUSTRALIAN CENTRE FOR ADVANCED COMPUTING,"Haymarket, Nsw",,,,,,,,,,,405589,,,,,,
,Griffith University,"170 Kessels Road, Nathan Qld 4111",Building Construction & Maintenance,5/12/2025,2539157,FDC Construction & Fitout (QLD) Pty Limi,"Fortitude Valley, Qld",,,Selective,,,,,,,,405566,,,,,,
,Griffith University,"170 Kessels Road, Nathan Qld 4111",Building Construction & Maintenance,5/12/2025,11705,LIGHT & DESIGN GROUP PTY LTD,"East Brisbane, Qld",,,,,,,,,,,405542,,,,,,
,Griffith University,"170 Kessels Road, Nathan Qld 4111",Equipment Purchase,5/12/2025,46100,Peters Glen Shade Houses,"Drayton, Qld",,,,,,,,,,,405568,,,,,,
,Griffith University,"170 Kessels Road, Nathan Qld 4111",Promotional Clothing,5/12/2025,25218,Promotions Now,"Bundall, Qld",,,,,,,,,,,405556,,,,,,
,Griffith University,"170 Kessels Road, Nathan Qld 4111",Building Construction & Maintenance,5/12/2025,154428,Raylinc Agencies Pty Ltd,"Acacia Ridge, Qld",,,,,,,,,,,405576,,,,,,
,Griffith University,"170 Kessels Road, Nathan Qld 4111",Equipment Purchase,5/12/2025,21796,Sartorius Australia Pty Ltd,"Dandenong South, Vic",,,,,,,,,,,405551,,,,,,
,Griffith University,"170 Kessels Road, Nathan Qld 4111",Equipment Purchase,5/12/2025,22783,Scientific Instrument and Optical Sales,"Morningside, Qld",,,,,,,,,,,405569,,,,,,
,Griffith University,"170 Kessels Road, Nathan Qld 4111",Subscription/Licence Fees Software,5/12/2025,33264,SERVICENOW AUSTRALIA PTY LTD,"Sydney, Nsw",,,,,,,,,,,405563,,,,,,
,Griffith University,"170 Kessels Road, Nathan Qld 4111",Subscription/Licence Fees Software,5/12/2025,27443,SERVICENOW AUSTRALIA PTY LTD,"Sydney, Nsw",,,,,,,,,,,405564,,,,,,
,Griffith University,"170 Kessels Road, Nathan Qld 4111",Marketing Fees,5/12/2025,26334,SINORBIS AUSTRALIA PTY LTD,"Sydney, Nsw",,,,,,,,,,,405560,,,,,,
,Griffith University,"170 Kessels Road, Nathan Qld 4111",Equipment Purchase,5/12/2025,26721,Thermo Fisher Scientific Australia,"Scoresby, Vic",,,,,,,,,,,405548,,,,,,
,Griffith University,"170 Kessels Road, Nathan Qld 4111",Equipment Purchase,5/12/2025,31900,Thermo Fisher Scientific Australia,"Scoresby, Vic",,,,,,,,,,,405549,,,,,,
,Griffith University,"170 Kessels Road, Nathan Qld 4111",Pathology Expenditure,8/12/2025,93654,Australian Genome Research Facility Ltd,"St Lucia, Qld",,,,,,,,,,,405601,,,,,,
,Griffith University,"170 Kessels Road, Nathan Qld 4111",Subscription/Licence Fees Software,8/12/2025,79280,"Economic Modeling, LLC Dba Lightcast",United States,,,,,,,,,,,405607,,,,,,
,Griffith University,"170 Kessels Road, Nathan Qld 4111",Consultancy Services,8/12/2025,66000,ELABOR8 PTY LTD,"Melbourne, Vic",,,,,,,,,,,405602,,,,,,
,Griffith University,"170 Kessels Road, Nathan Qld 4111",Building Construction & Maintenance,8/12/2025,96593,Emtek Furniture,"Deception Bay, Qld",,,,,,,,,,,405606,,,,,,
,Griffith University,"170 Kessels Road, Nathan Qld 4111",Consultancy Services,8/12/2025,140730,MBMPL PTY LTD,"Sydney, Nsw",,,,,,,,,,,405600 407500,,,,,,
,Griffith University,"170 Kessels Road, Nathan Qld 4111",Equipment Purchase,8/12/2025,180942,Peak Scientific Instruments,"Port Melbourne, Vic",,,,,,,,,,,405614,,,,,,
,Griffith University,"170 Kessels Road, Nathan Qld 4111",Chemical/Biological Products,9/12/2025,52641,AIM Discovery Solutions Pty Ltd,"Kew, Vic",,,,,,,,,,,405619,,,,,,
,Griffith University,"170 Kessels Road, Nathan Qld 4111",Event Expenditure,9/12/2025,31882,CUISINE ON CUE,"Milton, Qld",,,,,,,,,,,405633,,,,,,
,Griffith University,"170 Kessels Road, Nathan Qld 4111",Building Construction & Maintenance,9/12/2025,69085,Halogen Pools,"Miami, Qld",,,,,,,,,,,405622CC,,,,,,
,Griffith University,"170 Kessels Road, Nathan Qld 4111",Consultancy Services,9/12/2025,12000,Yoel Hill,Qld,,,,,,,,,,,405628,,,,,,
,Griffith University,"170 Kessels Road, Nathan Qld 4111",Telecommunicatons Expenditure,10/12/2025,977067,AARNET,"Canberra, Act",,,Limited,b - (iii) The absence of competition for technical reasons which can only be supplied by a particular supplier and no reasonable alternative exists,,,,,,,2164173,,,,,,
,Griffith University,"170 Kessels Road, Nathan Qld 4111",Audit Fees,10/12/2025,13500,AMANDA LEA PINCHBECK,Qld,,,,,,,,,,,2163351,,,,,,
,Griffith University,"170 Kessels Road, Nathan Qld 4111",Reference Materials,10/12/2025,32563,American Society for Microbiology,United States,,,,,,,,,,,2161446,,,,,,
,Griffith University,"170 Kessels Road, Nathan Qld 4111",Memberships/Subscriptions,10/12/2025,10890,AUIDF,"Redhead, Nsw",,,,,,,,,,,2160373,,,,,,
,Griffith University,"170 Kessels Road, Nathan Qld 4111",Memberships/Subscriptions,10/12/2025,105820,Aust Higher Education Industrial Assoc,"Melbourne, Vic",,,,,,,,,,,2164672,,,,,,
,Griffith University,"170 Kessels Road, Nathan Qld 4111",Pathology Expenditure,10/12/2025,12770,Australian National University,"Acton, Act",,,,,,,,,,,2162261,,,,,,
,Griffith University,"170 Kessels Road, Nathan Qld 4111",Memberships/Subscriptions,10/12/2025,18354,Australian University Sport,"Milton, Qld",,,,,,,,,,,2165132,,,,,,
,Griffith University,"170 Kessels Road, Nathan Qld 4111",Consultancy Services,10/12/2025,11610,Bilendi GmbH,Germany,,,,,,,,,,,2164500,,,,,,
,Griffith University,"170 Kessels Road, Nathan Qld 4111",Uniforms,10/12/2025,11492,Brighter Ideas,"Brendale, Qld",,,,,,,,,,,2164878,,,,,,
,Griffith University,"170 Kessels Road, Nathan Qld 4111",Audit Fees,10/12/2025,32464,CALEDONIAN CLINICAL TRAINING,"Stroud Road, Nsw",,,,,,,,,,,2165035,,,,,,
,Griffith University,"170 Kessels Road, Nathan Qld 4111",Memberships/Subscriptions,10/12/2025,52910,CAUDIT,"Kingston, Act",,,,,,,,,,,2165689,,,,,,
,Griffith University,"170 Kessels Road, Nathan Qld 4111",Artworks,10/12/2025,27757,Chapman & Bailey Brisbane Pty Ltd,"Newstead, Qld",,,,,,,,,,,2163654,,,,,,
,Griffith University,"170 Kessels Road, Nathan Qld 4111",External Course Delivery,10/12/2025,30772,Corporate Prepaid Cards Pty Ltd,"Balmain, Nsw",,,,,,,,,,,2160375,,,,,,
,Griffith University,"170 Kessels Road, Nathan Qld 4111",External Course Delivery,10/12/2025,24206,Corporate Prepaid Cards Pty Ltd,"Balmain, Nsw",,,,,,,,,,,2164263,,,,,,
,Griffith University,"170 Kessels Road, Nathan Qld 4111",Reference Materials,10/12/2025,38972,Council of Aust. University Librarians,"Deakin, Act",,,,,,,,,,,2160374,,,,,,
,Griffith University,"170 Kessels Road, Nathan Qld 4111",Reference Materials,10/12/2025,91035,Council of Aust. University Librarians,"Deakin, Act",,,,,,,,,,,2160377,,,,,,
,Griffith University,"170 Kessels Road, Nathan Qld 4111",Reference Materials,10/12/2025,329716,Council of Aust. University Librarians,"Deakin, Act",,,,,,,,,,,2160378,,,,,,
,Griffith University,"170 Kessels Road, Nathan Qld 4111",Reference Materials,10/12/2025,28030,Council of Aust. University Librarians,"Deakin, Act",,,,,,,,,,,2160379,,,,,,
,Griffith University,"170 Kessels Road, Nathan Qld 4111",Reference Materials,10/12/2025,20886,Council of Aust. University Librarians,"Deakin, Act",,,,,,,,,,,2160382,,,,,,
,Griffith University,"170 Kessels Road, Nathan Qld 4111",Reference Materials,10/12/2025,146454,Council of Aust. University Librarians,"Deakin, Act",,,,,,,,,,,2161563,,,,,,
,Griffith University,"170 Kessels Road, Nathan Qld 4111",Reference Materials,10/12/2025,239165,Council of Aust. University Librarians,"Deakin, Act",,,,,,,,,,,2164509,,,,,,
,Griffith University,"170 Kessels Road, Nathan Qld 4111",Accredition Certificates,10/12/2025,38764,Council of Pharmacy Register Authorities,"Civic Square, Act",,,,,,,,,,,2163666,,,,,,
,Griffith University,"170 Kessels Road, Nathan Qld 4111",Reference Materials,10/12/2025,122426,EBSCO International Inc,"North Sydney, Nsw",,,,,,,,,,,2164501,,,,,,
,Griffith University,"170 Kessels Road, Nathan Qld 4111",Reference Materials,10/12/2025,271997,EBSCO International Inc,"North Sydney, Nsw",,,,,,,,,,,2164534,,,,,,
,Griffith University,"170 Kessels Road, Nathan Qld 4111",Reference Materials,10/12/2025,242601,EBSCO International Inc,"North Sydney, Nsw",,,,,,,,,,,2164883,,,,,,
,Griffith University,"170 Kessels Road, Nathan Qld 4111",Reference Materials,10/12/2025,25220,Economist Intelligence Unit,United States,,,,,,,,,,,2165134,,,,,,
,Griffith University,"170 Kessels Road, Nathan Qld 4111",Marketing Fees,10/12/2025,11125,EDU Danmark ApS,Denmark,,,,,,,,,,,2164191,,,,,,
,Griffith University,"170 Kessels Road, Nathan Qld 4111",Marketing Fees,10/12/2025,12100,EIC Global Australia Pty Ltd,"Sydney, Nsw",,,,,,,,,,,2161367,,,,,,
,Griffith University,"170 Kessels Road, Nathan Qld 4111",Health & Safety Expenses,10/12/2025,11120,Elite Test & Tag Brisbane South,"Holland Park West, Qld",,,,,,,,,,,2161702,,,,,,
,Griffith University,"170 Kessels Road, Nathan Qld 4111",Reference Materials,10/12/2025,360782,Elsevier Inc.,United States,,,,,,,,,,,GU-3288,,,,,,
,Griffith University,"170 Kessels Road, Nathan Qld 4111",Reference Materials,10/12/2025,143157,Elsevier Inc.,United States,,,,,,,,,,,2161687,,,,,,
,Griffith University,"170 Kessels Road, Nathan Qld 4111",Reference Materials,10/12/2025,473649,Elsevier Inc.,United States,,,,,,,,,,,GU-3309,,,,,,
,Griffith University,"170 Kessels Road, Nathan Qld 4111",Reference Materials,10/12/2025,177937,Elsevier Inc.,United States,,,,,,,,,,,GU-3317,,,,,,
,Griffith University,"170 Kessels Road, Nathan Qld 4111",Building Construction & Maintenance,10/12/2025,42486,Enviro Plastics Australia Pty Ltd,"Capalaba, Qld",,,,,,,,,,,2161562,,,,,,
,Griffith University,"170 Kessels Road, Nathan Qld 4111",Reference Materials,10/12/2025,11330,Experian Australia t/a QAS Pty Ltd,"Melbourne, Vic",,,,,,,,,,,2164882,,,,,,
,Griffith University,"170 Kessels Road, Nathan Qld 4111",Patent Application Fee,10/12/2025,15723,FB Rice Pty Ltd,"Sydney South, Nsw",,,,,,,,,,,2164530,,,,,,
,Griffith University,"170 Kessels Road, Nathan Qld 4111",Marketing Fees,10/12/2025,10613,Global Education,South Africa,,,,,,,,,,,2165388,,,,,,
,Griffith University,"170 Kessels Road, Nathan Qld 4111",Audit Fees,10/12/2025,24750,Grant Thornton Australia Limited,"Brisbane, Qld",,,,,,,,,,,2161680,,,,,,
,Griffith University,"170 Kessels Road, Nathan Qld 4111",Memberships/Subscriptions,10/12/2025,14025,HIGHER ED SERVICES PTY LTD,"Deakin, Act",,,,,,,,,,,2161677,,,,,,
,Griffith University,"170 Kessels Road, Nathan Qld 4111",Promotional Clothing,10/12/2025,10133,HOTPROMOS PTY LTD,"Dandenong South, Vic",,,,,,,,,,,2163036,,,,,,
,Griffith University,"170 Kessels Road, Nathan Qld 4111",Reference Materials,10/12/2025,16230,iGroup (Australasia) Pty Ltd,"Melbourne, Vic",,,,,,,,,,,2160726,,,,,,
,Griffith University,"170 Kessels Road, Nathan Qld 4111",Reference Materials,10/12/2025,20958,iGroup (Australasia) Pty Ltd,"Melbourne, Vic",,,,,,,,,,,2160811,,,,,,
,Griffith University,"170 Kessels Road, Nathan Qld 4111",Reference Materials,10/12/2025,15200,iGroup (Australasia) Pty Ltd,"Melbourne, Vic",,,,,,,,,,,2164194,,,,,,
,Griffith University,"170 Kessels Road, Nathan Qld 4111",Consultancy Services,10/12/2025,33000,Ithinkwell Pty Ltd,"Glenelg North, Sa",,,,,,,,,,,2165166,,,,,,
,Griffith University,"170 Kessels Road, Nathan Qld 4111",Reference Materials,10/12/2025,146492,John Wiley & Sons Australia Ltd,"Milton, Qld",,,,,,,,,,,2161694,,,,,,
,Griffith University,"170 Kessels Road, Nathan Qld 4111",Reference Materials,10/12/2025,82418,John Wiley & Sons Australia Ltd,"Milton, Qld",,,,,,,,,,,2162856,,,,,,
,Griffith University,"170 Kessels Road, Nathan Qld 4111",Reference Materials,10/12/2025,13920,John Wiley & Sons Australia Ltd,"Milton, Qld",,,,,,,,,,,2164171,,,,,,
,Griffith University,"170 Kessels Road, Nathan Qld 4111",Reference Materials,10/12/2025,37102,John Wiley & Sons Australia Ltd,"Milton, Qld",,,,,,,,,,,2164493,,,,,,
,Griffith University,"170 Kessels Road, Nathan Qld 4111",Reference Materials,10/12/2025,10000,Kanopy,United States,,,,,,,,,,,2164195,,,,,,
,Griffith University,"170 Kessels Road, Nathan Qld 4111",Reference Materials,10/12/2025,12277,Kluwer Law International B.V.,Netherlands,,,,,,,,,,,2163240,,,,,,
,Griffith University,"170 Kessels Road, Nathan Qld 4111",Conference Expenses,10/12/2025,18533,Kylie Denton Business Coaching,Qld,,,,,,,,,,,2162853,,,,,,
,Griffith University,"170 Kessels Road, Nathan Qld 4111",Marketing Fees,10/12/2025,10686,LATINO AMERICAN EDUCATION HOLDINGS PTY L,"The Rocks, Nsw",,,,,,,,,,,2165392,,,,,,
,Griffith University,"170 Kessels Road, Nathan Qld 4111",Reference Materials,10/12/2025,373656,Lexis Nexis,"Chatswood, Nsw",,,,,,,,,,,2164499,,,,,,
,Griffith University,"170 Kessels Road, Nathan Qld 4111",Consultancy Services,10/12/2025,33000,LINEAIRE PROJECTS PTY LTD,"Woolloomooloo, Nsw",,,,,,,,,,,2162849,,,,,,
,Griffith University,"170 Kessels Road, Nathan Qld 4111",Reference Materials,10/12/2025,10718,"Lived Places Publishing, LLC",United States,,,,,,,,,,,2160571,,,,,,
,Griffith University,"170 Kessels Road, Nathan Qld 4111",Reference Materials,10/12/2025,17396,McGraw Hill LLC,United States,,,,,,,,,,,2161697,,,,,,
,Griffith University,"170 Kessels Road, Nathan Qld 4111",Reference Materials,10/12/2025,25265,McGraw Hill LLC,United States,,,,,,,,,,,2161698,,,,,,
,Griffith University,"170 Kessels Road, Nathan Qld 4111",Reference Materials,10/12/2025,22647,McGraw Hill LLC,United States,,,,,,,,,,,2164675,,,,,,
,Griffith University,"170 Kessels Road, Nathan Qld 4111",Legal Fees,10/12/2025,36351,MINTERELLISON,"Melbourne, Qld",,,,,,,,,,,2165394,,,,,,
,Griffith University,"170 Kessels Road, Nathan Qld 4111",Consultancy Services,10/12/2025,22000,Miscible Co,"Hawthorn East, Vic",,,,,,,,,,,2162851,,,,,,
,Griffith University,"170 Kessels Road, Nathan Qld 4111",Reference Materials,10/12/2025,94234,NEARMAP AUSTRALIA PTY LTD,"Barangaroo, Nsw",,,,,,,,,,,GU-3234,,,,,,
,Griffith University,"170 Kessels Road, Nathan Qld 4111",Reference Materials,10/12/2025,52959,ProQuest LLC,United States,,,,,,,,,,,2161682,,,,,,
,Griffith University,"170 Kessels Road, Nathan Qld 4111",Reference Materials,10/12/2025,527536,ProQuest LLC,United States,,,Limited,"b - (ii) For the protection of patents, copyrights or other exclusive rights which can only be supplied by a particular supplier and no reasonable alternative exists",,,,,,,GU-3289 GU-3290 GU-3291,,,,,,
,Griffith University,"170 Kessels Road, Nathan Qld 4111",Reference Materials,10/12/2025,227323,RMIT Training Pty Ltd,"Melbourne, Vic",,,,,,,,,,,2160193,,,,,,
,Griffith University,"170 Kessels Road, Nathan Qld 4111",Reference Materials,10/12/2025,14811,"Sage Publications, Ltd.",United Kingdom,,,,,,,,,,,2162136,,,,,,
,Griffith University,"170 Kessels Road, Nathan Qld 4111",Reference Materials,10/12/2025,35033,"Sage Publications, Ltd.",United Kingdom,,,,,,,,,,,2163241,,,,,,
,Griffith University,"170 Kessels Road, Nathan Qld 4111",Reference Materials,10/12/2025,15233,"Sage Publications, Ltd.",United Kingdom,,,,,,,,,,,2163242,,,,,,
,Griffith University,"170 Kessels Road, Nathan Qld 4111",Reference Materials,10/12/2025,362659,Springer Nature BV,Germany,,,,,,,,,,,2163128,,,,,,
,Griffith University,"170 Kessels Road, Nathan Qld 4111",Marketing Fees,10/12/2025,11500,Study Outside Norway AS,Norway,,,,,,,,,,,2165025,,,,,,
,Griffith University,"170 Kessels Road, Nathan Qld 4111",Consultancy Services,10/12/2025,11000,The Trustee for GrantEd Group Unit Trust,"Bentleigh, Vic",,,,,,,,,,,2160456,,,,,,
,Griffith University,"170 Kessels Road, Nathan Qld 4111",Consultancy Services,10/12/2025,13475,The Trustee for SW Accountants & Advisor,"Melbourne, Vic",,,,,,,,,,,2162260,,,,,,
,Griffith University,"170 Kessels Road, Nathan Qld 4111",Reference Materials,10/12/2025,144194,Therapeutic Guidelines Ltd,"West Melbourne, Vic",,,,,,,,,,,GU-3321,,,,,,
,Griffith University,"170 Kessels Road, Nathan Qld 4111",Reference Materials,10/12/2025,326025,Thomson Legal & Regulatory Limited,"Sydney, Nsw",,,,,,,,,,,2164514,,,,,,
,Griffith University,"170 Kessels Road, Nathan Qld 4111",Conference Expenses,10/12/2025,11252,Xiaoxiang Zhu,Germany,,,,,,,,,,,2164166,,,,,,
,Griffith University,"170 Kessels Road, Nathan Qld 4111",Subscription/Licence Fees Software,5/01/2026,143550,Australian Institute of Aboriginal & Tor,"Acton, Act",,,,,,,,,,,405680,,,,,,
,Griffith University,"170 Kessels Road, Nathan Qld 4111",Subscription/Licence Fees Software,5/01/2026,15648,H5P Group AS,Norway,,,,,,,,,,,405674,,,,,,
,Griffith University,"170 Kessels Road, Nathan Qld 4111",Consultancy Services,5/01/2026,246400,Salesforce,"Sydney, Nsw",,,,,,,,,,,405659,,,,,,
,Griffith University,"170 Kessels Road, Nathan Qld 4111",Chemical/Biological Products,5/01/2026,18666,WuXi AppTec (HongKong) Limited,Hong Kong,,,,,,,,,,,405663,,,,,,
,Griffith University,"170 Kessels Road, Nathan Qld 4111",Consultancy Services,6/01/2026,100008,ACER - Aust Council for Edu Research Ltd,"Camberwell, Vic",,,,,,,,,,,2166388,,,,,,
,Griffith University,"170 Kessels Road, Nathan Qld 4111",Consultancy Services,6/01/2026,11000,CROPWATCH INDEPENDENT LABORATORIES,"Wardell, Nsw",,,,,,,,,,,2166064,,,,,,
,Griffith University,"170 Kessels Road, Nathan Qld 4111",Marketing Fees,6/01/2026,13200,Getty Images Sales Australia Pty Ltd,"St Leonards, Nsw",,,,,,,,,,,2166051,,,,,,
,Griffith University,"170 Kessels Road, Nathan Qld 4111",Memberships/Subscriptions,6/01/2026,16500,Life Sciences Queensland Limited,"Toowong Dc, Qld",,,,,,,,,,,2166387,,,,,,
,Griffith University,"170 Kessels Road, Nathan Qld 4111",Conference Expenses,6/01/2026,24750,Purpose Led Transformation,"Beaumaris, Vic",,,,,,,,,,,2166066,,,,,,
,Griffith University,"170 Kessels Road, Nathan Qld 4111",Imaging Services,6/01/2026,10000,SPECIALIST MRI SERVICES AND CONSULTING P,"Mermaid Beach, Qld",,,,,,,,,,,2166392,,,,,,
,Griffith University,"170 Kessels Road, Nathan Qld 4111",Equipment Purchase,6/01/2026,25078,STITZ GmbH Mebgerate und Apparatebau,Germany,,,,,,,,,,,405691,,,,,,
,Griffith University,"170 Kessels Road, Nathan Qld 4111",Conference Expenses,6/01/2026,16485,The Ship Inn,"Brisbane, Qld",,,,,,,,,,,2166375,,,,,,
,Griffith University,"170 Kessels Road, Nathan Qld 4111",Equipment Purchase,6/01/2026,15240,Thermo Fisher Scientific Australia,"Scoresby, Vic",,,,,,,,,,,405697,,,,,,
,Griffith University,"170 Kessels Road, Nathan Qld 4111",Consultancy Services,7/01/2026,17050,21 WHISPERS PTY LTD,"Collaroy Plateau, Nsw",,,,,,,,,,,405733,,,,,,
,Griffith University,"170 Kessels Road, Nathan Qld 4111",Subscription/Licence Fees Software,7/01/2026,15814,FDC CONSULTANTS,"Elsternwick, Vic",,,,,,,,,,,405729,,,,,,
,Griffith University,"170 Kessels Road, Nathan Qld 4111",Memberships/Subscriptions,7/01/2026,134377,Gartner Australasia Pty Limited,"Sydney, Nsw",,,,,,,,,,,405738,,,,,,
,Griffith University,"170 Kessels Road, Nathan Qld 4111",Subscription/Licence Fees Software,7/01/2026,245434,LastPass Australia Pty. Ltd.,"Sydney, Nsw",,,,,,,,,,,405718,,,,,,
,Griffith University,"170 Kessels Road, Nathan Qld 4111",Building Construction & Maintenance,7/01/2026,111398,NTS GROUP PTY LTD,"Nerang Bc, Qld",Yes,,,,,,,,,,405734,,,,,,
,Griffith University,"170 Kessels Road, Nathan Qld 4111",Building Construction & Maintenance,7/01/2026,90500,Prensa Pty Ltd,"Milton, Qld",,,,,,,,,,,405728,,,,,,
,Griffith University,"170 Kessels Road, Nathan Qld 4111",Building Construction & Maintenance,7/01/2026,44000,Rider Levett Bucknall Qld Pty Ltd,"Brisbane, Qld",,,,,,,,,,,405751,,,,,,
,Griffith University,"170 Kessels Road, Nathan Qld 4111",Building Construction & Maintenance,8/01/2026,31350,A1 Building & Property Solutions Pty Ltd,"The Gap, Qld",,,,,,,,,,,405778,,,,,,
,Griffith University,"170 Kessels Road, Nathan Qld 4111",Building Construction & Maintenance,8/01/2026,12100,AIRMASTER CORPORATION PTY LTD,"Mansfield, Qld",,,,,,,,,,,405780,,,,,,
,Griffith University,"170 Kessels Road, Nathan Qld 4111",Building Construction & Maintenance,8/01/2026,10450,Bunnings Group Limited,"Mansfield Bc, Qld",,,,,,,,,,,405761,,,,,,
,Griffith University,"170 Kessels Road, Nathan Qld 4111",Building Construction & Maintenance,8/01/2026,39600,CVSG ASSET SERVICES PTY LTD,"Hendra, Qld",,,,,,,,,,,405779,,,,,,
,Griffith University,"170 Kessels Road, Nathan Qld 4111",Building Construction & Maintenance,8/01/2026,20900,Descab Pty Ltd t/a Qld Multi Trades,"Tingalpa, Qld",,,,,,,,,,,405777,,,,,,
,Griffith University,"170 Kessels Road, Nathan Qld 4111",Building Construction & Maintenance,8/01/2026,38500,E.D.C. SYSTEMS PTY LTD,"Cannon Hill, Qld",,,,,,,,,,,405781,,,,,,
,Griffith University,"170 Kessels Road, Nathan Qld 4111",Health & Safety Expenses,8/01/2026,44000,Team Medical Supplies,"Dural, Nsw",,,,,,,,,,,405773,,,,,,
,Griffith University,"170 Kessels Road, Nathan Qld 4111",Health & Safety Expenses,8/01/2026,66000,Team Medical Supplies,"Dural, Nsw",,,,,,,,,,,405774,,,,,,
,Griffith University,"170 Kessels Road, Nathan Qld 4111",Health & Safety Expenses,8/01/2026,13200,Team Medical Supplies,"Dural, Nsw",,,,,,,,,,,405775,,,,,,
,Griffith University,"170 Kessels Road, Nathan Qld 4111",Health & Safety Expenses,8/01/2026,13200,Team Medical Supplies,"Dural, Nsw",,,,,,,,,,,405776,,,,,,
,Griffith University,"170 Kessels Road, Nathan Qld 4111",Equipment Purchase,8/01/2026,16764,Thomas Textiles,"Archerfield, Qld",,,,,,,,,,,405787,,,,,,
,Griffith University,"170 Kessels Road, Nathan Qld 4111",Building Construction & Maintenance,9/01/2026,25300,LUCID CONSULTING ENGINEERS (QLD) PTY LTD,"Brisbane City, Qld",,,,,,,,,,,405795,,,,,,
,Griffith University,"170 Kessels Road, Nathan Qld 4111",Equipment Maintenance,9/01/2026,11556,Tecniplast Australia Pty Limited,"Lane Cove, Nsw",,,,,,,,,,,405799,,,,,,
,Griffith University,"170 Kessels Road, Nathan Qld 4111",Equipment Purchase,11/01/2026,12757,Edaphic Scientific Pty Ltd,"Port Macquarie, Nsw",,,,,,,,,,,405806,,,,,,
,Griffith University,"170 Kessels Road, Nathan Qld 4111",Laboratory Consumables,12/01/2026,66000,Ansell Healthcare,"Melbourne, Vic",,,,,,,,,,,405809,,,,,,
,Griffith University,"170 Kessels Road, Nathan Qld 4111",Laboratory Consumables,12/01/2026,55000,Ansell Healthcare,"Melbourne, Vic",,,,,,,,,,,405810,,,,,,
,Griffith University,"170 Kessels Road, Nathan Qld 4111",Laboratory Consumables,12/01/2026,11000,Becton Dickinson Pty Ltd,"Eight Mile Plains, Qld",,,,,,,,,,,405819,,,,,,
,Griffith University,"170 Kessels Road, Nathan Qld 4111",Laboratory Consumables,12/01/2026,33000,Bio-Strategy Pty Limited,"Campbellfield, Vic",,,,,,,,,,,405832,,,,,,
,Griffith University,"170 Kessels Road, Nathan Qld 4111",Laboratory Consumables,12/01/2026,22000,Bio-Strategy Pty Limited,"Campbellfield, Vic",,,,,,,,,,,405839,,,,,,
,Griffith University,"170 Kessels Road, Nathan Qld 4111",Laboratory Consumables,12/01/2026,165000,BOC Limited,"Labrador, Qld",,,,,,,,,,,405860,,,,,,
,Griffith University,"170 Kessels Road, Nathan Qld 4111",Laboratory Consumables,12/01/2026,38500,Chem-Supply Pty Ltd,"Gillman, Sa",,,,,,,,,,,405812,,,,,,
,Griffith University,"170 Kessels Road, Nathan Qld 4111",Laboratory Consumables,12/01/2026,38500,Chem-Supply Pty Ltd,"Gillman, Sa",,,,,,,,,,,405824,,,,,,
,Griffith University,"170 Kessels Road, Nathan Qld 4111",Laboratory Consumables,12/01/2026,11000,Clifford Hallam Healthcare Pty Limited,"Eastern Creek, Nsw",,,,,,,,,,,405817,,,,,,
,Griffith University,"170 Kessels Road, Nathan Qld 4111",Subscription/Licence Fees Software,12/01/2026,18733,IMAGINEERING AUSTRALIA PTY LTD,"North Sydney, Nsw",,,,,,,,,,,405883,,,,,,
,Griffith University,"170 Kessels Road, Nathan Qld 4111",Laboratory Consumables,12/01/2026,68200,In Vitro Technologies Pty Ltd,"Noble Park, Vic",,,,,,,,,,,405837,,,,,,
,Griffith University,"170 Kessels Road, Nathan Qld 4111",Laboratory Consumables,12/01/2026,33000,In Vitro Technologies Pty Ltd,"Noble Park, Vic",,,,,,,,,,,405838,,,,,,
,Griffith University,"170 Kessels Road, Nathan Qld 4111",Laboratory Consumables,12/01/2026,66000,Interpath Services Pty Ltd,"Heidelberg West, Vic",,,,,,,,,,,405841,,,,,,
,Griffith University,"170 Kessels Road, Nathan Qld 4111",Laboratory Consumables,12/01/2026,11000,Interpath Services Pty Ltd,"Heidelberg West, Vic",,,,,,,,,,,405844,,,,,,
,Griffith University,"170 Kessels Road, Nathan Qld 4111",Laboratory Consumables,12/01/2026,11000,LABCO SCIENTIFIC PTY LTD,"Brendale Bc, Qld",,,,,,,,,,,405850,,,,,,
,Griffith University,"170 Kessels Road, Nathan Qld 4111",Laboratory Consumables,12/01/2026,16500,Machine Technology Pty Ltd,"Kogarah, Nsw",,,,,,,,,,,405840,,,,,,
,Griffith University,"170 Kessels Road, Nathan Qld 4111",Laboratory Consumables,12/01/2026,27500,Merck Life Science Pty Ltd,"Castle Hill, Nsw",,,,,,,,,,,405853,,,,,,
,Griffith University,"170 Kessels Road, Nathan Qld 4111",Laboratory Consumables,12/01/2026,44000,Merck Life Science Pty Ltd,"Castle Hill, Nsw",,,,,,,,,,,405854,,,,,,
,Griffith University,"170 Kessels Road, Nathan Qld 4111",Laboratory Consumables,12/01/2026,11000,One Dental Pty Ltd,"Castle Hill, Nsw",,,,,,,,,,,405876,,,,,,
,Griffith University,"170 Kessels Road, Nathan Qld 4111",Laboratory Consumables,12/01/2026,49500,Sarstedt Australia Pty Ltd,"Ingle Farm, Sa",,,,,,,,,,,405857,,,,,,
,Griffith University,"170 Kessels Road, Nathan Qld 4111",Laboratory Consumables,12/01/2026,60500,Sarstedt Australia Pty Ltd,"Ingle Farm, Sa",,,,,,,,,,,405858,,,,,,
,Griffith University,"170 Kessels Road, Nathan Qld 4111",Laboratory Consumables,12/01/2026,11000,SSS Australia,"Tingalpa, Qld",,,,,,,,,,,405866,,,,,,
,Griffith University,"170 Kessels Road, Nathan Qld 4111",Health & Safety Expenses,12/01/2026,55000,Testel Australia Pty Ltd,"Unley, Sa",,,,,,,,,,,405833,,,,,,
,Griffith University,"170 Kessels Road, Nathan Qld 4111",Laboratory Consumables,12/01/2026,27500,Thermo Fisher Scientific Australia,"Scoresby, Vic",,,,,,,,,,,405851,,,,,,
,Griffith University,"170 Kessels Road, Nathan Qld 4111",Laboratory Consumables,12/01/2026,33000,Thermo Fisher Scientific Australia,"Scoresby, Vic",,,,,,,,,,,405852,,,,,,
,Griffith University,"170 Kessels Road, Nathan Qld 4111",Laboratory Consumables,12/01/2026,11000,Winc Australia Pty Ltd,"Alexandria, Nsw",,,,,,,,,,,405847,,,,,,
,Griffith University,"170 Kessels Road, Nathan Qld 4111",Laboratory Consumables,12/01/2026,11000,Winc Australia Pty Ltd,"Alexandria, Nsw",,,,,,,,,,,405849,,,,,,
,Griffith University,"170 Kessels Road, Nathan Qld 4111",Laboratory Consumables,13/01/2026,16500,Adelab Scientific,"Thebarton, Sa",,,,,,,,,,,405895,,,,,,
,Griffith University,"170 Kessels Road, Nathan Qld 4111",Laboratory Consumables,13/01/2026,22000,DHL Express (Australia) Pty Ltd,"Eagle Farm, Qld",,,,,,,,,,,405896,,,,,,
,Griffith University,"170 Kessels Road, Nathan Qld 4111",Building Construction & Maintenance,13/01/2026,241753,DRAINS KLEEN PTY LTD,"Kunda Park, Qld",,,,,,,,,,,405888,,,,,,
,Griffith University,"170 Kessels Road, Nathan Qld 4111",Patent Application Fee,13/01/2026,15390,FB Rice Pty Ltd,"Sydney South, Nsw",,,,,,,,,,,2167068,,,,,,
,Griffith University,"170 Kessels Road, Nathan Qld 4111",Patent Application Fee,13/01/2026,15390,FB Rice Pty Ltd,"Sydney South, Nsw",,,,,,,,,,,2167071,,,,,,
,Griffith University,"170 Kessels Road, Nathan Qld 4111",Patent Application Fee,13/01/2026,19113,FB Rice Pty Ltd,"Sydney South, Nsw",,,,,,,,,,,2167081,,,,,,
,Griffith University,"170 Kessels Road, Nathan Qld 4111",Freight Fees,13/01/2026,16500,FEDEX EXPRESS AUSTRALIA PTY LTD,"Mascot, Nsw",,,,,,,,,,,405905,,,,,,
,Griffith University,"170 Kessels Road, Nathan Qld 4111",Consultancy Services,13/01/2026,20459,Jennifer Carpenter,United Kingdom,,,,,,,,,,,405894,,,,,,
,Griffith University,"170 Kessels Road, Nathan Qld 4111",Building Construction & Maintenance,13/01/2026,44385,McTaggart Plumbing PTY LTD,"Petrie, Qld",,,,,,,,,,,405922,,,,,,
,Griffith University,"170 Kessels Road, Nathan Qld 4111",Building Construction & Maintenance,14/01/2026,16948,A1 Building & Property Solutions Pty Ltd,"The Gap, Qld",,,,,,,,,,,405931,,,,,,
,Griffith University,"170 Kessels Road, Nathan Qld 4111",Building Construction & Maintenance,14/01/2026,11851,A1 Building & Property Solutions Pty Ltd,"The Gap, Qld",,,,,,,,,,,405932,,,,,,
,Griffith University,"170 Kessels Road, Nathan Qld 4111",Laboratory Consumables,14/01/2026,27500,Adec Australia,"Mascot, Nsw",,,,,,,,,,,405933,,,,,,
,Griffith University,"170 Kessels Road, Nathan Qld 4111",Laboratory Consumables,14/01/2026,11000,Ainsworth Dental Company Pty Ltd,"Marrickville, Nsw",,,,,,,,,,,405935,,,,,,
,Griffith University,"170 Kessels Road, Nathan Qld 4111",Laboratory Consumables,14/01/2026,49500,ALPHA PROTECTIVE TECHNOLOGIES PTY LTD,"North Wollongong, Nsw",,,,,,,,,,,405936,,,,,,
,Griffith University,"170 Kessels Road, Nathan Qld 4111",Laboratory Consumables,14/01/2026,93500,Alphabond Dental Pty Ltd,"Willoughby, Nsw",,,,,,,,,,,405937,,,,,,
,Griffith University,"170 Kessels Road, Nathan Qld 4111",Laboratory Consumables,14/01/2026,44000,AMALGADENT DENTAL PTY LTD,"Elsternwick, Vic",,,,,,,,,,,405938,,,,,,
,Griffith University,"170 Kessels Road, Nathan Qld 4111",Laboratory Consumables,14/01/2026,203500,Ansell Healthcare,"Melbourne, Vic",,,,,,,,,,,405939,,,,,,
,Griffith University,"170 Kessels Road, Nathan Qld 4111",Laboratory Consumables,14/01/2026,71500,AQUA TERRA OIL AND MINERAL SERVICE AND S,"Eagle Farm, Qld",,,,,,,,,,,405940,,,,,,
,Griffith University,"170 Kessels Road, Nathan Qld 4111",Laboratory Consumables,14/01/2026,11000,Australian Mouth Guards,"Mandurah, Wa",,,,,,,,,,,405941,,,,,,
,Griffith University,"170 Kessels Road, Nathan Qld 4111",Laboratory Consumables,14/01/2026,49500,Becton Dickinson Pty Ltd,"Eight Mile Plains, Qld",,,,,,,,,,,405943,,,,,,
,Griffith University,"170 Kessels Road, Nathan Qld 4111",Laboratory Consumables,14/01/2026,27500,Blackwoods,"Goodna, Qld",,,,,,,,,,,405944,,,,,,
,Griffith University,"170 Kessels Road, Nathan Qld 4111",Building Construction & Maintenance,14/01/2026,18150,Brient Trade Services Pty Ltd,"Guanaba, Qld",,,,,,,,,,,406057,,,,,,
,Griffith University,"170 Kessels Road, Nathan Qld 4111",Building Construction & Maintenance,14/01/2026,15960,CARSELDINE AIR CONDITIONING PTY. LTD.,"Everton Hills, Qld",,,,,,,,,,,406017,,,,,,
,Griffith University,"170 Kessels Road, Nathan Qld 4111",Laboratory Consumables,14/01/2026,38500,Clifford Hallam Healthcare Pty Limited,"Eastern Creek, Nsw",,,,,,,,,,,405946,,,,,,
,Griffith University,"170 Kessels Road, Nathan Qld 4111",Laboratory Consumables,14/01/2026,159500,Critical Dental Pty Ltd,"Baulkham Hills, Nsw",,,,,,,,,,,405947,,,,,,
,Griffith University,"170 Kessels Road, Nathan Qld 4111",Laboratory Consumables,14/01/2026,10450,Dental Axess Pty Ltd,"North Ryde, Nsw",,,,,,,,,,,405949,,,,,,
,Griffith University,"170 Kessels Road, Nathan Qld 4111",Laboratory Consumables,14/01/2026,19250,Dentaurum Australia Pty Ltd,"Mortlake, Nsw",,,,,,,,,,,405950,,,,,,
,Griffith University,"170 Kessels Road, Nathan Qld 4111",Laboratory Consumables,14/01/2026,275000,Dentavision Pty Ltd,"Castle Hill, Nsw",,,,,,,,,,,405951,,,,,,
,Griffith University,"170 Kessels Road, Nathan Qld 4111",Laboratory Consumables,14/01/2026,22000,Dentsply Sirona Pty Ltd,"Mount Waverley, Vic",,,,,,,,,,,405924,,,,,,
,Griffith University,"170 Kessels Road, Nathan Qld 4111",Laboratory Consumables,14/01/2026,275000,Dentsply Sirona Pty Ltd,"Mount Waverley, Vic",,,,,,,,,,,405952,,,,,,
,Griffith University,"170 Kessels Road, Nathan Qld 4111",Laboratory Consumables,14/01/2026,22000,Digital Camera Warehouse,"Canterbury, Nsw",,,,,,,,,,,405986,,,,,,
,Griffith University,"170 Kessels Road, Nathan Qld 4111",Laboratory Consumables,14/01/2026,38500,ERSKINE PRODUCTS PTY. LTD.,"Macksville, Nsw",,,,,,,,,,,405956,,,,,,
,Griffith University,"170 Kessels Road, Nathan Qld 4111",Freight Fees,14/01/2026,10450,FEDEX EXPRESS AUSTRALIA PTY LTD,"Mascot, Nsw",,,,,,,,,,,405957,,,,,,
,Griffith University,"170 Kessels Road, Nathan Qld 4111",Freight Fees,14/01/2026,11000,FEDEX EXPRESS AUSTRALIA PTY LTD,"Mascot, Nsw",,,,,,,,,,,406059,,,,,,
,Griffith University,"170 Kessels Road, Nathan Qld 4111",Laboratory Consumables,14/01/2026,10450,G & K COYLE PTY LTD,"Molendinar, Qld",,,,,,,,,,,405945,,,,,,
,Griffith University,"170 Kessels Road, Nathan Qld 4111",Laboratory Consumables,14/01/2026,137500,Geistlich Pharma Australia Pty Ltd,"Chatswood, Nsw",,,,,,,,,,,405958,,,,,,
,Griffith University,"170 Kessels Road, Nathan Qld 4111",Laboratory Consumables,14/01/2026,22000,Getinge Australia Pty Ltd,"Chatswood, Nsw",,,,,,,,,,,405959,,,,,,
,Griffith University,"170 Kessels Road, Nathan Qld 4111",Laboratory Consumables,14/01/2026,11000,gke Australia Pty Ltd,"Northmead, Nsw",,,,,,,,,,,405960,,,,,,
,Griffith University,"170 Kessels Road, Nathan Qld 4111",Subscription/Licence Fees Software,14/01/2026,19455,Graphpad Software LLC,United States,,,,,,,,,,,405925,,,,,,
,Griffith University,"170 Kessels Road, Nathan Qld 4111",Laboratory Consumables,14/01/2026,275000,Henry Schein Regional Trust,"South Brisbane, Qld",,,,,,,,,,,405961,,,,,,
,Griffith University,"170 Kessels Road, Nathan Qld 4111",Laboratory Consumables,14/01/2026,55000,Henry Schein Regional Trust,"South Brisbane, Qld",,,,,,,,,,,405987,,,,,,
,Griffith University,"170 Kessels Road, Nathan Qld 4111",Laboratory Consumables,14/01/2026,275000,IFC GROUP AUSTRALIA PTY LTD,"Nunawading, Vic",,,,,,,,,,,405962,,,,,,
,Griffith University,"170 Kessels Road, Nathan Qld 4111",Laboratory Consumables,14/01/2026,33000,Impulsedent Australia,"Buccan, Qld",,,,,,,,,,,405963,,,,,,
,Griffith University,"170 Kessels Road, Nathan Qld 4111",Laboratory Consumables,14/01/2026,49500,In Vitro Technologies Pty Ltd,"Noble Park, Vic",,,,,,,,,,,405965,,,,,,
,Griffith University,"170 Kessels Road, Nathan Qld 4111",Laboratory Consumables,14/01/2026,104500,Ivoclar Vivadent Pty. Ltd.,"Noble Park North, Vic",,,,,,,,,,,405966,,,,,,
,Griffith University,"170 Kessels Road, Nathan Qld 4111",Building Construction & Maintenance,14/01/2026,718608,Kane Constructions (QLD) Pty Ltd,"Albion, Qld",,,Selective,,,,,,,,405928,,,,,,
,Griffith University,"170 Kessels Road, Nathan Qld 4111",Laboratory Consumables,14/01/2026,55000,KCI Medical Australia Pty Ltd,"North Ryde, Nsw",,,,,,,,,,,405967,,,,,,
,Griffith University,"170 Kessels Road, Nathan Qld 4111",Laboratory Consumables,14/01/2026,110000,Kerr Australia Pty Ltd,"Lane Cove West, Nsw",,,,,,,,,,,405968,,,,,,
,Griffith University,"170 Kessels Road, Nathan Qld 4111",Laboratory Consumables,14/01/2026,82500,KULZER AUSTRALIA PTY LTD,"Peakhurst, Nsw",,,,,,,,,,,405970,,,,,,
,Griffith University,"170 Kessels Road, Nathan Qld 4111",Laboratory Consumables,14/01/2026,22000,LABCO SCIENTIFIC PTY LTD,"Brendale Bc, Qld",,,,,,,,,,,406036,,,,,,
,Griffith University,"170 Kessels Road, Nathan Qld 4111",Laboratory Consumables,14/01/2026,49500,Medi-Dent Pty Ltd,"Braeside, Vic",,,,,,,,,,,405972,,,,,,
,Griffith University,"170 Kessels Road, Nathan Qld 4111",Laboratory Consumables,14/01/2026,66000,Multigate Medical Products Pty Ltd,"Wetherill Park, Nsw",,,,,,,,,,,405973,,,,,,
,Griffith University,"170 Kessels Road, Nathan Qld 4111",Laboratory Consumables,14/01/2026,93500,MUN Australia Pty Ltd,"Epping, Nsw",,,,,,,,,,,405974,,,,,,
,Griffith University,"170 Kessels Road, Nathan Qld 4111",Laboratory Consumables,14/01/2026,55000,NEOSS AUSTRALIA PTY LTD,"Bowen Hills, Qld",,,,,,,,,,,405988,,,,,,
,Griffith University,"170 Kessels Road, Nathan Qld 4111",Consultancy Services,14/01/2026,10150,Novogene (HK) Company Limited,Hong Kong,,,,,,,,,,,405929,,,,,,
,Griffith University,"170 Kessels Road, Nathan Qld 4111",Laboratory Consumables,14/01/2026,93500,NSK Oceania Pty Ltd,"Rosebery, Nsw",,,,,,,,,,,405975,,,,,,
,Griffith University,"170 Kessels Road, Nathan Qld 4111",Laboratory Consumables,14/01/2026,55000,NSK Oceania Pty Ltd,"Rosebery, Nsw",,,,,,,,,,,405989,,,,,,
,Griffith University,"170 Kessels Road, Nathan Qld 4111",Laboratory Consumables,14/01/2026,22000,NSK Oceania Pty Ltd,"Rosebery, Nsw",,,,,,,,,,,405990,,,,,,
,Griffith University,"170 Kessels Road, Nathan Qld 4111",Laboratory Consumables,14/01/2026,93500,One Dental Pty Ltd,"Castle Hill, Nsw",,,,,,,,,,,405976,,,,,,
,Griffith University,"170 Kessels Road, Nathan Qld 4111",Laboratory Consumables,14/01/2026,16500,Ormco Pty Ltd,"North Ryde, Nsw",,,,,,,,,,,405991,,,,,,
,Griffith University,"170 Kessels Road, Nathan Qld 4111",Laboratory Consumables,14/01/2026,82500,Ozdent Dental Products Australia,"Castle Hill, Nsw",,,,,,,,,,,405977,,,,,,
,Griffith University,"170 Kessels Road, Nathan Qld 4111",Chemical/Biological Products,14/01/2026,165000,OZGENE ARC PTY LTD,"Bentley, Wa",,,,,,,,,,,406039,,,,,,
,Griffith University,"170 Kessels Road, Nathan Qld 4111",Laboratory Consumables,14/01/2026,11000,Pacific Dental Specialties Pty Ltd,"Burleigh Heads, Qld",,,,,,,,,,,405978,,,,,,
,Griffith University,"170 Kessels Road, Nathan Qld 4111",Laboratory Consumables,14/01/2026,27500,Pathtech Pty Ltd,"Preston, Vic",,,,,,,,,,,406037,,,,,,
,Griffith University,"170 Kessels Road, Nathan Qld 4111",Laboratory Consumables,14/01/2026,27500,Pathtech Pty Ltd,"Preston, Vic",,,,,,,,,,,406038,,,,,,
,Griffith University,"170 Kessels Road, Nathan Qld 4111",Laboratory Consumables,14/01/2026,60500,Scancare Pty Ltd,"Varsity Lakes, Qld",,,,,,,,,,,406022,,,,,,
,Griffith University,"170 Kessels Road, Nathan Qld 4111",Laboratory Consumables,14/01/2026,49500,Schulke Australia Pty Ltd,"Macquarie Park, Nsw",,,,,,,,,,,406023,,,,,,
,Griffith University,"170 Kessels Road, Nathan Qld 4111",Laboratory Consumables,14/01/2026,49500,SDI Limited,"Victoria, Vic",,,,,,,,,,,406025,,,,,,
,Griffith University,"170 Kessels Road, Nathan Qld 4111",Laboratory Consumables,14/01/2026,137500,SINGLE USE DENTAL INSTRUMENTS PTY LTD,"Kunda Park, Qld",,,,,,,,,,,405979,,,,,,
,Griffith University,"170 Kessels Road, Nathan Qld 4111",Laboratory Consumables,14/01/2026,22000,Somnomed Limited,"Crows Nest, Nsw",,,,,,,,,,,405992,,,,,,
,Griffith University,"170 Kessels Road, Nathan Qld 4111",Laboratory Consumables,14/01/2026,27500,SOUTHLAND FILTRATION PTY LTD,"Derwent Park, Tas",,,,,,,,,,,405995,,,,,,
,Griffith University,"170 Kessels Road, Nathan Qld 4111",Laboratory Consumables,14/01/2026,71500,SSS Australia,"Tingalpa, Qld",,,,,,,,,,,406027,,,,,,
,Griffith University,"170 Kessels Road, Nathan Qld 4111",Laboratory Consumables,14/01/2026,38500,Sterilizer Validation Australia,"Robina, Qld",,,,,,,,,,,405994,,,,,,
,Griffith University,"170 Kessels Road, Nathan Qld 4111",Laboratory Consumables,14/01/2026,27500,Team Medical Supplies,"Dural, Nsw",,,,,,,,,,,406028,,,,,,
,Griffith University,"170 Kessels Road, Nathan Qld 4111",Laboratory Consumables,14/01/2026,49500,Thermo Fisher Scientific Australia,"Scoresby, Vic",,,,,,,,,,,406029,,,,,,
,Griffith University,"170 Kessels Road, Nathan Qld 4111",Laboratory Consumables,14/01/2026,19250,TOMIDENT PTY. LTD.,"Ashfield, Nsw",,,,,,,,,,,406030,,,,,,
,Griffith University,"170 Kessels Road, Nathan Qld 4111",Laboratory Consumables,14/01/2026,19250,TRI HAWK AUSTRALIA,"Surrey Hills, Vic",,,,,,,,,,,406031,,,,,,
,Griffith University,"170 Kessels Road, Nathan Qld 4111",Laboratory Consumables,14/01/2026,49500,ULTIMATE DENTAL SUPPLY (AUST) PTY LTD,"Moorabbin, Vic",,,,,,,,,,,406032,,,,,,
,Griffith University,"170 Kessels Road, Nathan Qld 4111",Laboratory Consumables,14/01/2026,49500,Vital Medical Supplies,"Kingsgrove, Nsw",,,,,,,,,,,405953,,,,,,
,Griffith University,"170 Kessels Road, Nathan Qld 4111",Laboratory Consumables,14/01/2026,22000,W & H AUSTRALASIA PTY LIMITED,"Belrose, Nsw",,,,,,,,,,,406034,,,,,,
,Griffith University,"170 Kessels Road, Nathan Qld 4111",Laboratory Consumables,14/01/2026,82500,W 9 Pty Ltd,"Hornsby, Nsw",,,,,,,,,,,406033,,,,,,
,Griffith University,"170 Kessels Road, Nathan Qld 4111",Laboratory Consumables,14/01/2026,82500,Whiteley Corporation Pty Ltd,"Tomago, Nsw",,,,,,,,,,,406035,,,,,,
,Griffith University,"170 Kessels Road, Nathan Qld 4111",Laboratory Consumables,14/01/2026,165000,Winc Australia Pty Ltd,"Alexandria, Nsw",,,,,,,,,,,405980,,,,,,
,Griffith University,"170 Kessels Road, Nathan Qld 4111",Laboratory Consumables,14/01/2026,181500,Xcellent Dental World,"Blackburn, Vic",,,,,,,,,,,405981,,,,,,
,Griffith University,"170 Kessels Road, Nathan Qld 4111",Equipment Maintenance,15/01/2026,28600,Carrier Automated Logic Australia Pty Lt,"Capalaba, Qld",,,,,,,,,,,406078,,,,,,
,Griffith University,"170 Kessels Road, Nathan Qld 4111",Cleaning Services,15/01/2026,22000,Crown Waste Solutions,"Helensvale Town Centre, Qld",,,,,,,,,,,406100,,,,,,
,Griffith University,"170 Kessels Road, Nathan Qld 4111",Consultancy Services,15/01/2026,51000,Dony Vernianto,Indonesia,,,,,,,,,,,406092,,,,,,
,Griffith University,"170 Kessels Road, Nathan Qld 4111",Building Construction & Maintenance,15/01/2026,110000,FIRE E.M.T. PTY LTD,"Burpengary, Qld",,,,,,,,,,,406076,,,,,,
,Griffith University,"170 Kessels Road, Nathan Qld 4111",Building Construction & Maintenance,15/01/2026,16500,John Barnes & Co (Qld) Pty Ltd,"Salisbury, Qld",,,,,,,,,,,406099,,,,,,
,Griffith University,"170 Kessels Road, Nathan Qld 4111",Chemical/Biological Products,15/01/2026,33000,OZGENE ARC PTY LTD,"Bentley, Wa",,,,,,,,,,,406060,,,,,,
,Griffith University,"170 Kessels Road, Nathan Qld 4111",Chemical/Biological Products,15/01/2026,66000,OZGENE ARC PTY LTD,"Bentley, Wa",,,,,,,,,,,406061,,,,,,
,Griffith University,"170 Kessels Road, Nathan Qld 4111",Chemical/Biological Products,15/01/2026,22000,OZGENE ARC PTY LTD,"Bentley, Wa",,,,,,,,,,,406062,,,,,,
,Griffith University,"170 Kessels Road, Nathan Qld 4111",Consultancy Services,15/01/2026,12951,South Australian Health and Medical Rese,"Adelaide, Sa",,,,,,,,,,,406087,,,,,,
,Griffith University,"170 Kessels Road, Nathan Qld 4111",Health & Safety Expenses,15/01/2026,38500,Testel Australia Pty Ltd,"Unley, Sa",,,,,,,,,,,406098,,,,,,
,Griffith University,"170 Kessels Road, Nathan Qld 4111",Laboratory Consumables,15/01/2026,16500,The Trustee for The Spencer Brands Group,"Pine Mountain, Qld",,,,,,,,,,,406102,,,,,,
,Griffith University,"170 Kessels Road, Nathan Qld 4111",Equipment Maintenance,15/01/2026,11000,United Equipment Pty Ltd,"Welshpool Dc, Wa",,,,,,,,,,,406097,,,,,,
,Griffith University,"170 Kessels Road, Nathan Qld 4111",Laboratory Consumables,15/01/2026,11000,Westlab Pty Ltd,"Ballarat, Vic",,,,,,,,,,,406101,,,,,,
,Griffith University,"170 Kessels Road, Nathan Qld 4111",Building Construction & Maintenance,16/01/2026,12210,ARNOLD ELECTRICAL & DATA INSTALLATIONS P,"Salisbury, Qld",,,,,,,,,,,406114,,,,,,
,Griffith University,"170 Kessels Road, Nathan Qld 4111",Cleaning Services,16/01/2026,14300,Ashmore Commercial Laundry,"Carrara, Qld",,,,,,,,,,,406104,,,,,,
,Griffith University,"170 Kessels Road, Nathan Qld 4111",Equipment Maintenance,16/01/2026,16070,East Coast Dental Services,"Palm Beach, Qld",,,,,,,,,,,406134,,,,,,
,Griffith University,"170 Kessels Road, Nathan Qld 4111",Subscription/Licence Fees Software,17/01/2026,24096,Pixeltec Dynamics P/L,"Hope Island, Qld",,,,,,,,,,,406136,,,,,,
,Griffith University,"170 Kessels Road, Nathan Qld 4111",Consultancy Services,19/01/2026,18661,Coolmine Therapeutic Community,Ireland,,,,,,,,,,,406180,,,,,,
,Griffith University,"170 Kessels Road, Nathan Qld 4111",Consultancy Services,19/01/2026,14336,Coolmine Therapeutic Community,Ireland,,,,,,,,,,,406182,,,,,,
,Griffith University,"170 Kessels Road, Nathan Qld 4111",Electricity / Gas Supply,19/01/2026,110000,Elgas Limited,"Sydney, Nsw",,,,,,,,,,,406142,,,,,,
,Griffith University,"170 Kessels Road, Nathan Qld 4111",Electricity / Gas Supply,19/01/2026,24200,Ergon Energy,"Brisbane, Qld",,,,,,,,,,,406147,,,,,,
,Griffith University,"170 Kessels Road, Nathan Qld 4111",Consultancy Services,19/01/2026,30426,Jennifer Carpenter,United Kingdom,,,,,,,,,,,406183,,,,,,
,Griffith University,"170 Kessels Road, Nathan Qld 4111",Legal Fees,19/01/2026,11000,McCullough Robertson Lawyers,"Brisbane, Qld",,,,,,,,,,,406162,,,,,,
,Griffith University,"170 Kessels Road, Nathan Qld 4111",Electricity / Gas Supply,19/01/2026,24750,Origin Energy,"Adelaide, Sa",,,,,,,,,,,406143,,,,,,
,Griffith University,"170 Kessels Road, Nathan Qld 4111",Electricity / Gas Supply,19/01/2026,170500,Origin Energy Retail Limited,"Barangaroo, Nsw",,,,,,,,,,,406145,,,,,,
,Griffith University,"170 Kessels Road, Nathan Qld 4111",Hire/Lease Fees,19/01/2026,47300,Queensland Hire,"Underwood, Qld",,,,,,,,,,,406153,,,,,,
,Griffith University,"170 Kessels Road, Nathan Qld 4111",Subscription/Licence Fees Software,19/01/2026,32987,Salesforce,"Sydney, Nsw",,,,,,,,,,,406173,,,,,,
,Griffith University,"170 Kessels Road, Nathan Qld 4111",Building Construction & Maintenance,19/01/2026,30621,SHORE (QLD) PTY LTD,"Burleigh Heads, Qld",,,,,,,,,,,406184,,,,,,
,Griffith University,"170 Kessels Road, Nathan Qld 4111",Building Construction & Maintenance,19/01/2026,86002,SHORE (QLD) PTY LTD,"Burleigh Heads, Qld",,,,,,,,,,,406200,,,,,,
,Griffith University,"170 Kessels Road, Nathan Qld 4111",Subscription/Licence Fees Software,19/01/2026,186638,"UC Innovation, Inc.",United States,Yes,,,,,,,,,,GU-2184,,,,,,
,Griffith University,"170 Kessels Road, Nathan Qld 4111",Consultancy Services,19/01/2026,132637,YBM Limited,United Kingdom,,,,,,,,,,,406185,,,,,,
,Griffith University,"170 Kessels Road, Nathan Qld 4111",Building Construction & Maintenance,20/01/2026,3099257,Alder Constructions Pty Ltd,"Helensvale, Qld",,,Selective,,,,,,,,406218,,,,,,
,Griffith University,"170 Kessels Road, Nathan Qld 4111",Building Construction & Maintenance,20/01/2026,40150,Arcadia Landscape Architecture Pty Limit,"Brisbane, Qld",,,,,,,,,,,406221,,,,,,
,Griffith University,"170 Kessels Road, Nathan Qld 4111",Memberships/Subscriptions,20/01/2026,24145,Association of Australian Medical Resear,"Parkville, Vic",,,,,,,,,,,2168753,,,,,,
,Griffith University,"170 Kessels Road, Nathan Qld 4111",Software Support Maintenance,20/01/2026,211255,CONVERGINT AUSTRALIA PTY LTD,"Port Melbourne, Vic",,,,,,,,,,,406206,,,,,,
,Griffith University,"170 Kessels Road, Nathan Qld 4111",Software Support Maintenance,20/01/2026,343498,Data #3 Limited,"Indooroopilly, Qld",,,,,,,,,,,406230,,,,,,
,Griffith University,"170 Kessels Road, Nathan Qld 4111",Building Construction & Maintenance,20/01/2026,10828,HTD KERBMARKERS,"Newport, Qld",,,,,,,,,,,406253,,,,,,
,Griffith University,"170 Kessels Road, Nathan Qld 4111",Consultancy Services,20/01/2026,134558,International Water Management Institute,Sri Lanka,,,,,,,,,,,406228,,,,,,
,Griffith University,"170 Kessels Road, Nathan Qld 4111",Consultancy Services,20/01/2026,16940,Mercer Consulting (Australia) Pty Ltd,"Melbourne, Vic",,,,,,,,,,,2168760,,,,,,
,Griffith University,"170 Kessels Road, Nathan Qld 4111",Consultancy Services,20/01/2026,21243,My Medical Department,"Mudgeeraba, Qld",,,,,,,,,,,2168507,,,,,,
,Griffith University,"170 Kessels Road, Nathan Qld 4111",Reference Materials,20/01/2026,25792,PressReader International Ltd,Ireland,,,,,,,,,,,2167480,,,,,,
,Griffith University,"170 Kessels Road, Nathan Qld 4111",Publishing Expenses,20/01/2026,20946,Springer Nature BV,Germany,,,,,,,,,,,2167968,,,,,,
,Griffith University,"170 Kessels Road, Nathan Qld 4111",Telecommunicatons Expenditure,20/01/2026,126720,Telstra Limited,"Melbourne, Vic",,,,,,,,,,,406234,,,,,,
,Griffith University,"170 Kessels Road, Nathan Qld 4111",Building Construction & Maintenance,20/01/2026,176825,THE TRUSTEE FOR TIPPER FAMILY TRUST,"Raceview, Qld",,,,,,,,,,,406219,,,,,,
,Griffith University,"170 Kessels Road, Nathan Qld 4111",Building Construction & Maintenance,20/01/2026,142285,VIVOLI CONSULTING ENGINEERS PTY LTD,"Varsity Lakes, Qld",,,,,,,,,,,406220,,,,,,
,Griffith University,"170 Kessels Road, Nathan Qld 4111",Subscription/Licence Fees Software,21/01/2026,15180,Adept Turnkey Pty Ltd,"Osborne Park, Wa",,,,,,,,,,,406290,,,,,,
,Griffith University,"170 Kessels Road, Nathan Qld 4111",Subscription/Licence Fees Software,22/01/2026,27164,Claris International Inc.,United States,,,,,,,,,,,406331,,,,,,
,Griffith University,"170 Kessels Road, Nathan Qld 4111",Equipment Maintenance,22/01/2026,39930,FEI AUSTRALIA PTY LTD,"Scoresby, Vic",,,,,,,,,,,406337,,,,,,
,Griffith University,"170 Kessels Road, Nathan Qld 4111",Equipment Maintenance,22/01/2026,21890,JST Biosafety Australia,"Warner, Qld",,,,,,,,,,,406319,,,,,,
,Griffith University,"170 Kessels Road, Nathan Qld 4111",Laboratory Consumables,23/01/2026,24200,Alphabond Dental Pty Ltd,"Willoughby, Nsw",,,,,,,,,,,406360,,,,,,
,Griffith University,"170 Kessels Road, Nathan Qld 4111",Subscription/Licence Fees Software,23/01/2026,49681,iMotions A/S,Denmark,,,,,,,,,,,406349,,,,,,
,Griffith University,"170 Kessels Road, Nathan Qld 4111",Memberships/Subscriptions,23/01/2026,39229,SCIENCE IN AUSTRALIA GENDER EQUITY LTD,"Acton, Act",,,,,,,,,,,406367,,,,,,
,Griffith University,"170 Kessels Road, Nathan Qld 4111",Pathology Expenditure,23/01/2026,22000,University of Melbourne,"Melbourne, Vic",,,,,,,,,,,406350,,,,,,
,Griffith University,"170 Kessels Road, Nathan Qld 4111",Consultancy Services,26/01/2026,135556,Bluefin Resources Pty. Limited,"Sydney, Nsw",,,,,,,,,,,406375,,,,,,
,Griffith University,"170 Kessels Road, Nathan Qld 4111",Reference Materials,27/01/2026,61465,Allium UK Holding Ltd,United Kingdom,,,,,,,,,,,2164198,,,,,,
,Griffith University,"170 Kessels Road, Nathan Qld 4111",Pathology Expenditure,27/01/2026,22000,Australian Genome Research Facility Ltd,"St Lucia, Qld",,,,,,,,,,,406377,,,,,,
,Griffith University,"170 Kessels Road, Nathan Qld 4111",Memberships/Subscriptions,27/01/2026,25934,Electronics Watch,Netherlands,,,,,,,,,,,406378,,,,,,
,Griffith University,"170 Kessels Road, Nathan Qld 4111",Memberships/Subscriptions,27/01/2026,49864,Medical Deans Australia & NZ Inc,"Sydney, Nsw",,,,,,,,,,,2168234,,,,,,
,Griffith University,"170 Kessels Road, Nathan Qld 4111",Building Construction & Maintenance,28/01/2026,86515,Aegis Safety Pty Ltd,"Geebung, Qld",,,,,,,,,,,406415,,,,,,
,Griffith University,"170 Kessels Road, Nathan Qld 4111",Building Construction & Maintenance,28/01/2026,126500,Aegis Safety Pty Ltd,"Geebung, Qld",,,,,,,,,,,406428,,,,,,
,Griffith University,"170 Kessels Road, Nathan Qld 4111",Building Construction & Maintenance,28/01/2026,495000,Brient Trade Services Pty Ltd,"Guanaba, Qld",,,,,,,,,,,406416,,,,,,
,Griffith University,"170 Kessels Road, Nathan Qld 4111",Equipment Maintenance,28/01/2026,299200,COMPRESSOR AND AIRTOOL REPAIR PTY. LTD.,"Archerfield Bc, Qld",,,,,,,,,,,406425,,,,,,
,Griffith University,"170 Kessels Road, Nathan Qld 4111",Equipment Purchase,28/01/2026,52756,CR Kennedy & Co Pty Ltd,"Albion, Qld",,,,,,,,,,,406438,,,,,,
,Griffith University,"170 Kessels Road, Nathan Qld 4111",Building Construction & Maintenance,28/01/2026,495000,CVSG ASSET SERVICES PTY LTD,"Hendra, Qld",,,,,,,,,,,406417,,,,,,
,Griffith University,"170 Kessels Road, Nathan Qld 4111",Equipment Maintenance,28/01/2026,385000,Descab Pty Ltd t/a Qld Multi Trades,"Tingalpa, Qld",,,,,,,,,,,406418,,,,,,
,Griffith University,"170 Kessels Road, Nathan Qld 4111",Building Construction & Maintenance,28/01/2026,385000,E.D.C. SYSTEMS PTY LTD,"Cannon Hill, Qld",,,,,,,,,,,406419,,,,,,
,Griffith University,"170 Kessels Road, Nathan Qld 4111",Equipment Maintenance,28/01/2026,71500,Hosmed Services Pty Ltd,"Virginia, Qld",,,,,,,,,,,406420,,,,,,
,Griffith University,"170 Kessels Road, Nathan Qld 4111",Equipment Maintenance,28/01/2026,275000,IWTS GROUP PTY LTD,"Mansfield, Qld",,,,,,,,,,,406421,,,,,,
,Griffith University,"170 Kessels Road, Nathan Qld 4111",Equipment Maintenance,28/01/2026,242000,JAF Australia Pty Ltd,"Yatala, Qld",,,,,,,,,,,406422,,,,,,
,Griffith University,"170 Kessels Road, Nathan Qld 4111",Equipment Maintenance,28/01/2026,495000,McTaggart Plumbing PTY LTD,"Petrie, Qld",,,,,,,,,,,406423,,,,,,
,Griffith University,"170 Kessels Road, Nathan Qld 4111",Building Construction & Maintenance,28/01/2026,86350,NQCRANES,"Archerfield, Qld",,,,,,,,,,,406414,,,,,,
,Griffith University,"170 Kessels Road, Nathan Qld 4111",Equipment Maintenance,28/01/2026,459195,Otis Elevator Co Pty Ltd,"Milton, Qld",,,,,,,,,,,406424,,,,,,
,Griffith University,"170 Kessels Road, Nathan Qld 4111",Building Construction & Maintenance,29/01/2026,12692,A1 Building & Property Solutions Pty Ltd,"The Gap, Qld",,,,,,,,,,,406455,,,,,,
,Griffith University,"170 Kessels Road, Nathan Qld 4111",Building Construction & Maintenance,29/01/2026,825000,A1 Building & Property Solutions Pty Ltd,"The Gap, Qld",,,Limited,,,,,,,,406465,,,,,,
,Griffith University,"170 Kessels Road, Nathan Qld 4111",Building Construction & Maintenance,29/01/2026,825000,AIRMASTER CORPORATION PTY LTD,"Mansfield, Qld",,,Limited,,,,,,,,406466,,,,,,
,Griffith University,"170 Kessels Road, Nathan Qld 4111",Audit Fees,29/01/2026,57750,BDO SERVICES PTY LTD,"Brisbane, Qld",,,,,,,,,,,406480,,,,,,
,Griffith University,"170 Kessels Road, Nathan Qld 4111",Consultancy Services,29/01/2026,10000,Nola Joyce Turner-Jensen,Qld,,,,,,,,,,,406483,,,,,,
,Griffith University,"170 Kessels Road, Nathan Qld 4111",Equipment Purchase,29/01/2026,19026,Programmed Electrical Technologies Ltd,"Newstead, Qld",,,,,,,,,,,406452,,,,,,
,Griffith University,"170 Kessels Road, Nathan Qld 4111",Audit Fees,29/01/2026,22000,SPS AUDIT (QLD) PTY LTD,"Mooloolaba, Qld",,,,,,,,,,,406482,,,,,,
,Griffith University,"170 Kessels Road, Nathan Qld 4111",Building Construction & Maintenance,29/01/2026,119350,WSP Australia Pty Limited,"Sydney, Nsw",,,,,,,,,,,406481,,,,,,
,Griffith University,"170 Kessels Road, Nathan Qld 4111",Building Construction & Maintenance,30/01/2026,27500,5th Star Pty Ltd,"Rochedale South, Qld",,,,,,,,,,,406504,,,,,,
,Griffith University,"170 Kessels Road, Nathan Qld 4111",Building Construction & Maintenance,30/01/2026,19250,A.G. Coombs Advisory Pty Ltd,"Moorabbin, Vic",,,,,,,,,,,406491,,,,,,
,Griffith University,"170 Kessels Road, Nathan Qld 4111",Equipment Purchase,30/01/2026,168116,"Applied Energy Systems, Inc.",United States,,,Selective,,,,,,,,406494,,,,,,
,Griffith University,"170 Kessels Road, Nathan Qld 4111",Building Construction & Maintenance,30/01/2026,16500,Aquatic Elements Pty Ltd,"Palm Beach, Qld",,,,,,,,,,,406512,,,,,,
,Griffith University,"170 Kessels Road, Nathan Qld 4111",Building Construction & Maintenance,30/01/2026,11000,Aquatrax Pty Ltd T/A Team Irrigation Sol,"Capalaba, Qld",,,,,,,,,,,406508,,,,,,
,Griffith University,"170 Kessels Road, Nathan Qld 4111",Laboratory Consumables,30/01/2026,27500,BOC Limited,"Labrador, Qld",,,,,,,,,,,406510,,,,,,
,Griffith University,"170 Kessels Road, Nathan Qld 4111",Building Construction & Maintenance,30/01/2026,16500,Coogee QCA Pty Ltd,"Wynnum North, Qld",,,,,,,,,,,406511,,,,,,
,Griffith University,"170 Kessels Road, Nathan Qld 4111",Building Construction & Maintenance,30/01/2026,44000,Green Options Pty Limited,"Botany, Nsw",,,,,,,,,,,406513,,,,,,
,Griffith University,"170 Kessels Road, Nathan Qld 4111",Building Construction & Maintenance,30/01/2026,38500,Greenstock Nurseries Pty Ltd,"Elimbah, Qld",,,,,,,,,,,406509,,,,,,
,Griffith University,"170 Kessels Road, Nathan Qld 4111",Building Construction & Maintenance,30/01/2026,44000,Halogen Pools,"Miami, Qld",,,,,,,,,,,406506,,,,,,
,Griffith University,"170 Kessels Road, Nathan Qld 4111",Subscription/Licence Fees Software,30/01/2026,42502,LIFTANGO PTY LTD,"Newcastle West, Nsw",,,,,,,,,,,406490,,,,,,
,Griffith University,"170 Kessels Road, Nathan Qld 4111",Memberships/Subscriptions,30/01/2026,11000,National Union of Students Inc,"Carlton, Vic",,,,,,,,,,,406496,,,,,,
,Griffith University,"170 Kessels Road, Nathan Qld 4111",Subscription/Licence Fees Software,30/01/2026,32802,Recollective Inc.,Canada,,,,,,,,,,,406493,,,,,,
,Griffith University,"170 Kessels Road, Nathan Qld 4111",Recruitment/Placement Fees,30/01/2026,66000,Seek Limited,"Sydney, Nsw",,,,,,,,,,,406485,,,,,,
,Griffith University,"170 Kessels Road, Nathan Qld 4111",Building Construction & Maintenance,30/01/2026,22000,SPECIALIST SALES PTY LTD,"Toowoomba, Qld",,,,,,,,,,,406507,,,,,,
,Griffith University,"170 Kessels Road, Nathan Qld 4111",Equipment Maintenance,02/02/2026,33000,Adec Australia,"Mascot, Nsw",,,,,,,,,,,406537,,,,,,
,Griffith University,"170 Kessels Road, Nathan Qld 4111",Consultancy Services,02/02/2026,15730,Angus & Carr,"Fitzroy, Vic",,,,,,,,,,,406578,,,,,,
,Griffith University,"170 Kessels Road, Nathan Qld 4111",Health & Safety Expenses,02/02/2026,10065,E.D.C. SYSTEMS PTY LTD,"Cannon Hill, Qld",,,,,,,,,,,406573,,,,,,
,Griffith University,"170 Kessels Road, Nathan Qld 4111",Subscription/Licence Fees Software,02/02/2026,56286,MICROWAY,"Braeside, Vic",,,,,,,,,,,406563,,,,,,
,Griffith University,"170 Kessels Road, Nathan Qld 4111",Chemical/Biological Products,02/02/2026,11000,New England Biolabs (Australia) Pty Ltd,"Notting Hill, Vic",,,,,,,,,,,406579,,,,,,
,Griffith University,"170 Kessels Road, Nathan Qld 4111",Equipment Maintenance,02/02/2026,27500,NSK Oceania Pty Ltd,"Rosebery, Nsw",,,,,,,,,,,406536,,,,,,
,Griffith University,"170 Kessels Road, Nathan Qld 4111",Equipment Maintenance,02/02/2026,22000,W&h SERVICE CENTRE,"Edwardstown, Sa",,,,,,,,,,,406538,,,,,,
,Griffith University,"170 Kessels Road, Nathan Qld 4111",Building Construction & Maintenance,03/02/2026,12898,A1 Building & Property Solutions Pty Ltd,"The Gap, Qld",,,,,,,,,,,406610,,,,,,
,Griffith University,"170 Kessels Road, Nathan Qld 4111",Building Construction & Maintenance,03/02/2026,13131,A1 Building & Property Solutions Pty Ltd,"The Gap, Qld",,,,,,,,,,,406611,,,,,,
,Griffith University,"170 Kessels Road, Nathan Qld 4111",Marketing Fees,03/02/2026,10000,AAIntl Education Pty Ltd,China,,,,,,,,,,,2169827,,,,,,
,Griffith University,"170 Kessels Road, Nathan Qld 4111",Memberships/Subscriptions,03/02/2026,36784,AINSE Ltd,"Kirrawee Dc, Nsw",,,,,,,,,,,2167086,,,,,,
,Griffith University,"170 Kessels Road, Nathan Qld 4111",Building Construction & Maintenance,03/02/2026,11777,ARNOLD ELECTRICAL & DATA INSTALLATIONS P,"Salisbury, Qld",,,,,,,,,,,406623,,,,,,
,Griffith University,"170 Kessels Road, Nathan Qld 4111",Software Support Maintenance,03/02/2026,73179,Atmire NV,Belgium,,,,,,,,,,,406591,,,,,,
,Griffith University,"170 Kessels Road, Nathan Qld 4111",Building Construction & Maintenance,03/02/2026,19470,Crown Mechanical Electrical Pty Ltd,"Rochedale South, Qld",,,,,,,,,,,406622,,,,,,
,Griffith University,"170 Kessels Road, Nathan Qld 4111",Building Construction & Maintenance,03/02/2026,220000,GLG Greenlife Group,"Parkside, Sa",,,,,,,,,,,406592,,,,,,
,Griffith University,"170 Kessels Road, Nathan Qld 4111",Building Construction & Maintenance,03/02/2026,495000,Green Options Pty Limited,"Botany, Nsw",,,,,,,,,,,406593,,,,,,
,Griffith University,"170 Kessels Road, Nathan Qld 4111",Reference Materials,03/02/2026,100476,IBISWORLD PTY LTD,"Melbourne, Vic",,,,,,,,,,,2167089,,,,,,
,Griffith University,"170 Kessels Road, Nathan Qld 4111",Reference Materials,03/02/2026,772332,Informa UK Ltd,United Kingdom,,,Limited,b - (iii) The absence of competition for technical reasons which can only be supplied by a particular supplier and no reasonable alternative exists,,,,,,,2168501,,,,,,
,Griffith University,"170 Kessels Road, Nathan Qld 4111",Reference Materials,03/02/2026,904866,John Wiley & Sons Australia Ltd,"Milton, Qld",,,Limited,b - (iii) The absence of competition for technical reasons which can only be supplied by a particular supplier and no reasonable alternative exists,,,,,,,2168500,,,,,,
,Griffith University,"170 Kessels Road, Nathan Qld 4111",Event Expenditure,03/02/2026,83478,Miramo Private Limited,India,,,,,,,,,,,2169939,,,,,,
,Griffith University,"170 Kessels Road, Nathan Qld 4111",Building Construction & Maintenance,03/02/2026,132000,Natura Pacific Pty Ltd,"Burleigh Heads, Qld",,,,,,,,,,,406609,,,,,,
,Griffith University,"170 Kessels Road, Nathan Qld 4111",Building Construction & Maintenance,03/02/2026,495000,Programmed Maintenance Service Ltd,"Carole Park, Qld",,,,,,,,,,,406594,,,,,,
,Griffith University,"170 Kessels Road, Nathan Qld 4111",Building Construction & Maintenance,03/02/2026,32230,SLR CONSULTING AUSTRALIA PTY LTD,"Brisbane City, Qld",,,,,,,,,,,406626,,,,,,
,Griffith University,"170 Kessels Road, Nathan Qld 4111",Laboratory Consumables,03/02/2026,39710,SOUTHLAND FILTRATION PTY LTD,"Derwent Park, Tas",,,,,,,,,,,406624,,,,,,
,Griffith University,"170 Kessels Road, Nathan Qld 4111",Building Construction & Maintenance,03/02/2026,385000,Technigro Pty Ltd,"Ormeau, Qld",,,,,,,,,,,406607,,,,,,
,Griffith University,"170 Kessels Road, Nathan Qld 4111",Building Construction & Maintenance,03/02/2026,495000,The Trustee for Fireland Consultancy,"Toombul, Qld",,,,,,,,,,,406608,,,,,,
,Griffith University,"170 Kessels Road, Nathan Qld 4111",Equipment Maintenance,04/02/2026,113135,Airelec Electrical Services Pty Ltd,"Elanora, Qld",,,,,,,,,,,406652,,,,,,
,Griffith University,"170 Kessels Road, Nathan Qld 4111",Building Construction & Maintenance,04/02/2026,88000,Amalgamated Property Maint. Brisbane P/L,"Rochedale South, Qld",,,,,,,,,,,406641,,,,,,
,Griffith University,"170 Kessels Road, Nathan Qld 4111",Equipment Maintenance,04/02/2026,33000,ARCHIPELAGO,"City East, Qld",,,,,,,,,,,406642,,,,,,
,Griffith University,"170 Kessels Road, Nathan Qld 4111",Merchant Fees,04/02/2026,24000,CYBS Singapore Pte Ltd,Singapore,,,,,,,,,,,406640,,,,,,
,Griffith University,"170 Kessels Road, Nathan Qld 4111",Equipment Purchase,04/02/2026,30780,Programmed Electrical Technologies Ltd,"Newstead, Qld",,,,,,,,,,,406631,,,,,,
,Griffith University,"170 Kessels Road, Nathan Qld 4111",Equipment Maintenance,04/02/2026,11418,Turbo Vacuum,United States,,,,,,,,,,,406654,,,,,,
,Griffith University,"170 Kessels Road, Nathan Qld 4111",Building Construction & Maintenance,05/02/2026,21736,Descab Pty Ltd t/a Qld Multi Trades,"Tingalpa, Qld",,,,,,,,,,,406678,,,,,,
,Griffith University,"170 Kessels Road, Nathan Qld 4111",Building Construction & Maintenance,06/02/2026,28829,Descab Pty Ltd t/a Qld Multi Trades,"Tingalpa, Qld",,,,,,,,,,,406719,,,,,,
,Griffith University,"170 Kessels Road, Nathan Qld 4111",Subscription/Licence Fees Software,06/02/2026,15910,FAETHM PTY. LIMITED,"Richmond, Vic",,,,,,,,,,,406731,,,,,,
,Griffith University,"170 Kessels Road, Nathan Qld 4111",Equipment Maintenance,06/02/2026,45206,Henry Schein Regional Trust,"South Brisbane, Qld",,,,,,,,,,,406726,,,,,,
,Griffith University,"170 Kessels Road, Nathan Qld 4111",Equipment Purchase,06/02/2026,14479,JB Hi Fi Group Pty Ltd,"South Melbourne, Vic",,,,,,,,,,,406747,,,,,,
,Griffith University,"170 Kessels Road, Nathan Qld 4111",Software Support Maintenance,06/02/2026,18837,Oracle Corporation Australia Pty Ltd,"Sydney, Nsw",,,,,,,,,,,406738,,,,,,
,Griffith University,"170 Kessels Road, Nathan Qld 4111",Building Construction & Maintenance,06/02/2026,195973,Otis Elevator Co Pty Ltd,"Milton, Qld",,,,,,,,,,,406739,,,,,,
,Griffith University,"170 Kessels Road, Nathan Qld 4111",Subscription/Licence Fees Software,06/02/2026,22563,Planet Labs PBC,United States,,,,,,,,,,,406723,,,,,,
,Griffith University,"170 Kessels Road, Nathan Qld 4111",Subscription/Licence Fees Software,06/02/2026,227906,Screenrights,"Neutral Bay, Nsw",,,,,,,,,,,406713,,,,,,
,Griffith University,"170 Kessels Road, Nathan Qld 4111",Consultancy Services,06/02/2026,21890,The Social Research Centre Pty Ltd,"Melbourne, Vic",,,,,,,,,,,406717,,,,,,
,Griffith University,"170 Kessels Road, Nathan Qld 4111",Security Services,09/02/2026,77000,John Barnes & Co (Qld) Pty Ltd,"Salisbury, Qld",,,,,,,,,,,406774,,,,,,
,Griffith University,"170 Kessels Road, Nathan Qld 4111",Equipment Maintenance,09/02/2026,11000,MPN Consulting Pty Limited,"Toowong, Qld",,,,,,,,,,,406777,,,,,,
,Griffith University,"170 Kessels Road, Nathan Qld 4111",Chemical/Biological Products,09/02/2026,11000,New England Biolabs (Australia) Pty Ltd,"Notting Hill, Vic",,,,,,,,,,,406769,,,,,,
,Griffith University,"170 Kessels Road, Nathan Qld 4111",Security Services,09/02/2026,17094,Securcom Pty Ltd,"Brendale, Qld",,,,,,,,,,,406762,,,,,,
,Griffith University,"170 Kessels Road, Nathan Qld 4111",Subscription/Licence Fees Software,09/02/2026,18313,University of Bern,Switzerland,,,,,,,,,,,406788,,,,,,
,Griffith University,"170 Kessels Road, Nathan Qld 4111",Building Construction & Maintenance,10/02/2026,70124,AIRMASTER CORPORATION PTY LTD,"Mansfield, Qld",,,,,,,,,,,406874,,,,,,
,Griffith University,"170 Kessels Road, Nathan Qld 4111",Equipment Maintenance,10/02/2026,121000,All Door Solutions Pty Ltd,"Loganholme, Qld",,,,,,,,,,,406813,,,,,,
,Griffith University,"170 Kessels Road, Nathan Qld 4111",Building Construction & Maintenance,10/02/2026,24200,ASAP Glass Pty LtD,"Nerang, Qld",,,,,,,,,,,406823,,,,,,
,Griffith University,"170 Kessels Road, Nathan Qld 4111",Equipment Maintenance,10/02/2026,66000,ASSA ABLOY ENTRANCE SYSTEMS INDUSTRIAL P,"Yennora, Nsw",,,,,,,,,,,406831,,,,,,
,Griffith University,"170 Kessels Road, Nathan Qld 4111",Equipment Maintenance,10/02/2026,302500,ATLAS COPCO AUSTRALIA PTY LTD,"Seventeen Mile Rocks, Qld",,,,,,,,,,,406832,,,,,,
,Griffith University,"170 Kessels Road, Nathan Qld 4111",Equipment Maintenance,10/02/2026,39930,Bell Spec Pty Ltd t/a Southport Carpets,"Southport, Qld",,,,,,,,,,,406833,,,,,,
,Griffith University,"170 Kessels Road, Nathan Qld 4111",Building Construction & Maintenance,10/02/2026,66550,BLIGH TANNER PTY LTD,"Fortitude Valley, Qld",,,,,,,,,,,406834,,,,,,
,Griffith University,"170 Kessels Road, Nathan Qld 4111",Event Expenditure,10/02/2026,396000,BRISBANE CONVENTION AND EXHIBITION CENTR,"Brisbane, Qld",,,,,,,,,,,406855,,,,,,
,Griffith University,"170 Kessels Road, Nathan Qld 4111",Equipment Maintenance,10/02/2026,49500,Bunnings Group Limited,"Mansfield Bc, Qld",,,,,,,,,,,406835,,,,,,
,Griffith University,"170 Kessels Road, Nathan Qld 4111",Building Construction & Maintenance,10/02/2026,88000,CIVCORP PTY LTD,"Beenleigh, Qld",,,,,,,,,,,406836,,,,,,
,Griffith University,"170 Kessels Road, Nathan Qld 4111",Building Construction & Maintenance,10/02/2026,39930,CLEAN JUICE AUSTRALIA PTY LTD,"Helensvale, Qld",,,,,,,,,,,406837,,,,,,
,Griffith University,"170 Kessels Road, Nathan Qld 4111",Equipment Maintenance,10/02/2026,16500,CLEAN-AIR (AUST) PTY. LTD.,"Acacia Ridge, Qld",,,,,,,,,,,406838,,,,,,
,Griffith University,"170 Kessels Road, Nathan Qld 4111",Laboratory Consumables,10/02/2026,54623,Commonwealth Sport,United Kingdom,,,,,,,,,,,2171584,,,,,,
,Griffith University,"170 Kessels Road, Nathan Qld 4111",Equipment Maintenance,10/02/2026,26620,Controlstore Pty Ltd,"Hornsby, Nsw",,,,,,,,,,,406839,,,,,,
,Griffith University,"170 Kessels Road, Nathan Qld 4111",Consultancy Services,10/02/2026,16880,Deborah Johnston Consulting,Qld,,,,,,,,,,,2171248,,,,,,
,Griffith University,"170 Kessels Road, Nathan Qld 4111",Waste Removal,10/02/2026,82500,DESTROYR DOCUMENT SHREDDING PTY LTD,"Helensvale, Qld",,,,,,,,,,,406840,,,,,,
,Griffith University,"170 Kessels Road, Nathan Qld 4111",Equipment Maintenance,10/02/2026,330000,Dewpoint Air,"Newmarket, Qld",,,,,,,,,,,406841,,,,,,
,Griffith University,"170 Kessels Road, Nathan Qld 4111",Equipment Maintenance,10/02/2026,33275,DORMA HUEPPE PTY LTD,"Regents Park, Nsw",,,,,,,,,,,406842,,,,,,
,Griffith University,"170 Kessels Road, Nathan Qld 4111",Equipment Maintenance,10/02/2026,110000,Dormakaba Australia Pty Ltd,"Narre Warren, Vic",,,,,,,,,,,406843,,,,,,
,Griffith University,"170 Kessels Road, Nathan Qld 4111",Building Construction & Maintenance,10/02/2026,11000,Ecosure Pty Ltd,"Fortitude Valley, Qld",,,,,,,,,,,406844,,,,,,
,Griffith University,"170 Kessels Road, Nathan Qld 4111",Marketing Fees,10/02/2026,11496,Education Link,Norway,,,,,,,,,,,2171044,,,,,,
,Griffith University,"170 Kessels Road, Nathan Qld 4111",Memberships/Subscriptions,10/02/2026,12045,EFMD AISBL,Belgium,,,,,,,,,,,2171314,,,,,,
,Griffith University,"170 Kessels Road, Nathan Qld 4111",Building Construction & Maintenance,10/02/2026,72600,ELEMENTAL SHADE STRUCTURES,"Park Ridge, Qld",,,,,,,,,,,406845,,,,,,
,Griffith University,"170 Kessels Road, Nathan Qld 4111",Building Construction & Maintenance,10/02/2026,162160662,FDC Construction & Fitout (QLD) Pty Limi,"Newstead, Qld",,,Selective,,AS4300 - Design and Construct contract,4,"45% - Solution Fit, 40% - Experience, Capacity, Capability, 15% - Impact Procurement",Delivery of City Campus Fitout (2026/27),Per Project Management Plan (PMP),KPI's Per Project Management Plan (PMP),406812,,,,,,
,Griffith University,"170 Kessels Road, Nathan Qld 4111",Building Construction & Maintenance,10/02/2026,12100,FDC CONSULTANTS,"Elsternwick, Vic",,,,,,,,,,,406846,,,,,,
,Griffith University,"170 Kessels Road, Nathan Qld 4111",Building Construction & Maintenance,10/02/2026,159720,Flick Anticimex Pty Ltd,"Geebung, Qld",,,,,,,,,,,406847,,,,,,
,Griffith University,"170 Kessels Road, Nathan Qld 4111",Building Construction & Maintenance,10/02/2026,242000,FROTH BUILD PTY LTD,"Burleigh Heads, Qld",,,,,,,,,,,406848,,,,,,
,Griffith University,"170 Kessels Road, Nathan Qld 4111",Building Construction & Maintenance,10/02/2026,88000,GHD Pty Ltd,"Hrmc, Nsw",,,,,,,,,,,406849,,,,,,
,Griffith University,"170 Kessels Road, Nathan Qld 4111",Event Expenditure,10/02/2026,154000,Gold Coast Convention & Exhibition Centr,"Broadbeach, Qld",,,,,,,,,,,406856,,,,,,
,Griffith University,"170 Kessels Road, Nathan Qld 4111",Audit Fees,10/02/2026,23650,Grant Thornton Australia Limited,"Brisbane, Qld",,,,,,,,,,,406870,,,,,,
,Griffith University,"170 Kessels Road, Nathan Qld 4111",Building Construction & Maintenance,10/02/2026,12100,Graphic Concepts ta Signs Etc,"Beenleigh, Qld",,,,,,,,,,,406850,,,,,,
,Griffith University,"170 Kessels Road, Nathan Qld 4111",Equipment Maintenance,10/02/2026,62920,INTEGRA REMEDIAL SOLUTIONS PTY LTD,"Thorneside, Qld",,,,,,,,,,,406851,,,,,,
,Griffith University,"170 Kessels Road, Nathan Qld 4111",Reference Materials,10/02/2026,51380,IOP Publishing Ltd,United Kingdom,,,,,,,,,,,2168358,,,,,,
,Griffith University,"170 Kessels Road, Nathan Qld 4111",Hire/Lease Fees,10/02/2026,26717,Kennards Hire Pty Limited,"Seven Hills, Nsw",,,,,,,,,,,406852,,,,,,
,Griffith University,"170 Kessels Road, Nathan Qld 4111",Cleaning Services,10/02/2026,22000,Mould Cleaning Australia Pty Ltd,"Sydney, Nsw",,,,,,,,,,,406854,,,,,,
,Griffith University,"170 Kessels Road, Nathan Qld 4111",Reference Materials,10/02/2026,435984,Springer Nature BV,Germany,,,,,,,,,,,2169693,,,,,,
,Griffith University,"170 Kessels Road, Nathan Qld 4111",Publishing Expenses,10/02/2026,13136,Springer Nature BV,Germany,,,,,,,,,,,2171247,,,,,,
,Griffith University,"170 Kessels Road, Nathan Qld 4111",Health & Safety Expenses,10/02/2026,10170,Truhealth Solutions,"Beenleigh, Qld",,,,,,,,,,,2168757,,,,,,
,Griffith University,"170 Kessels Road, Nathan Qld 4111",Debt Collection Fees,11/02/2026,60500,CITEC,"Brisbane, Qld",,,,,,,,,,,406901,,,,,,
,Griffith University,"170 Kessels Road, Nathan Qld 4111",Subscription/Licence Fees Software,11/02/2026,36927,Graphpad Software LLC,United States,,,,,,,,,,,406902,,,,,,
,Griffith University,"170 Kessels Road, Nathan Qld 4111",Building Construction & Maintenance,11/02/2026,1193270,INTREC MANAGEMENT (QLD) PTY LTD,"Milton, Qld",Yes,,Selective,,,,,,,,406931,,,,,,
,Griffith University,"170 Kessels Road, Nathan Qld 4111",Chemical/Biological Products,11/02/2026,13200,New England Biolabs (Australia) Pty Ltd,"Notting Hill, Vic",,,,,,,,,,,406913,,,,,,
,Griffith University,"170 Kessels Road, Nathan Qld 4111",Building Construction & Maintenance,11/02/2026,55000,New Life Restorations Australia,"Murarrie, Qld",,,,,,,,,,,406875,,,,,,
,Griffith University,"170 Kessels Road, Nathan Qld 4111",Building Construction & Maintenance,11/02/2026,27500,O'Brien Glass,"Padstow, Nsw",,,,,,,,,,,406876,,,,,,
,Griffith University,"170 Kessels Road, Nathan Qld 4111",Equipment Maintenance,11/02/2026,66550,QLD ROOF SOLUTIONS PTY LTD,"Coomera, Qld",,,,,,,,,,,406878,,,,,,
,Griffith University,"170 Kessels Road, Nathan Qld 4111",Consultancy Services,11/02/2026,18000,Rebecca Earhart,Canada,,,,,,,,,,,406911,,,,,,
,Griffith University,"170 Kessels Road, Nathan Qld 4111",Building Construction & Maintenance,11/02/2026,11000,Reece Pty Ltd,"Salisbury, Qld",,,,,,,,,,,406888,,,,,,
,Griffith University,"170 Kessels Road, Nathan Qld 4111",Building Construction & Maintenance,11/02/2026,33000,Rothwells Commercial Painters Pty Ltd,"Murwillumbah, Nsw",,,,,,,,,,,406890,,,,,,
,Griffith University,"170 Kessels Road, Nathan Qld 4111",Building Construction & Maintenance,11/02/2026,36300,SAMIOS PLUMBING PTY LTD,"Pinkenba, Qld",,,,,,,,,,,406891,,,,,,
,Griffith University,"170 Kessels Road, Nathan Qld 4111",Equipment Purchase,11/02/2026,363659,Sartorius Australia Pty Ltd,"Dandenong South, Vic",,,,,,,,,,,406884,,,,,,
,Griffith University,"170 Kessels Road, Nathan Qld 4111",Security Services,11/02/2026,220000,Securcom Pty Ltd,"Brendale, Qld",,,,,,,,,,,406892,,,,,,
,Griffith University,"170 Kessels Road, Nathan Qld 4111",Building Construction & Maintenance,11/02/2026,110000,Southport Removals Pty Ltd,"Labrador, Qld",,,,,,,,,,,406893,,,,,,
,Griffith University,"170 Kessels Road, Nathan Qld 4111",Building Construction & Maintenance,11/02/2026,55000,STEADFAST PROJECTS PTY LTD,"Upper Kedron, Qld",,,,,,,,,,,406894,,,,,,
,Griffith University,"170 Kessels Road, Nathan Qld 4111",Building Construction & Maintenance,11/02/2026,495000,T&M Tree Services,"Buccan, Qld",,,,,,,,,,,406897,,,,,,
,Griffith University,"170 Kessels Road, Nathan Qld 4111",Building Construction & Maintenance,11/02/2026,24200,Trisley's Hydraulic Services (Qld) Pty L,"Hemmant, Qld",,,,,,,,,,,406898,,,,,,
,Griffith University,"170 Kessels Road, Nathan Qld 4111",Building Construction & Maintenance,11/02/2026,22000,TW DENMAN PTY LTD,"Ashmore, Qld",,,,,,,,,,,406899,,,,,,
,Griffith University,"170 Kessels Road, Nathan Qld 4111",Equipment Maintenance,11/02/2026,165000,Zip Heaters Aust Pty Ltd,"Bankstown, Nsw",,,,,,,,,,,406900,,,,,,
,Griffith University,"170 Kessels Road, Nathan Qld 4111",Building Construction & Maintenance,12/02/2026,10648,ARNOLD ELECTRICAL & DATA INSTALLATIONS P,"Salisbury, Qld",,,,,,,,,,,406982,,,,,,
,Griffith University,"170 Kessels Road, Nathan Qld 4111",Equipment Maintenance,12/02/2026,19413,Biodecon Solutions Limited,"Hartwell, Vic",,,,,,,,,,,406979,,,,,,
,Griffith University,"170 Kessels Road, Nathan Qld 4111",Building Construction & Maintenance,12/02/2026,13563,HEXEIS ENERGY PTY LTD,"Pinkenba, Qld",,,,,,,,,,,406981,,,,,,
,Griffith University,"170 Kessels Road, Nathan Qld 4111",Equipment Purchase,12/02/2026,18429,Thermo Fisher Scientific Australia,"Scoresby, Vic",,,,,,,,,,,406968,,,,,,
,Griffith University,"170 Kessels Road, Nathan Qld 4111",Equipment Maintenance,13/02/2026,12309,AMT Group Australasia,"Acacia Road, Qld",,,,,,,,,,,406997,,,,,,
,Griffith University,"170 Kessels Road, Nathan Qld 4111",Printing Expenses,13/02/2026,31103,Hague Australia,"Dandenong South, Vic",,,,,,,,,,,406998,,,,,,
,Griffith University,"170 Kessels Road, Nathan Qld 4111",Consultancy Services,13/02/2026,35640,LightPath Consulting Group,Viet Nam,,,,,,,,,,,407003,,,,,,
,Griffith University,"170 Kessels Road, Nathan Qld 4111",Consultancy Services,13/02/2026,10296,Macrogen Oceania Pty Ltd,"Bella Vista, Nsw",,,,,,,,,,,406999,,,,,,
,Griffith University,"170 Kessels Road, Nathan Qld 4111",Subscription/Licence Fees Software,13/02/2026,16256,OCLC (UK) Limited,United Kingdom,,,,,,,,,,,407026,,,,,,
,Griffith University,"170 Kessels Road, Nathan Qld 4111",Equipment Purchase,13/02/2026,95929,Programmed Electrical Technologies Ltd,"Newstead, Qld",,,,,,,,,,,406991,,,,,,
,Griffith University,"170 Kessels Road, Nathan Qld 4111",Printing Expenses,13/02/2026,26290,VRC Printing Pty Ltd,"Coorparoo, Qld",,,,,,,,,,,406990,,,,,,
,Griffith University,"170 Kessels Road, Nathan Qld 4111",Building Construction & Maintenance,14/02/2026,5249013,Kane Constructions (QLD) Pty Ltd,"Albion, Qld",,,Selective,,,,,,,,407045,,,,,,
,Griffith University,"170 Kessels Road, Nathan Qld 4111",Subscription/Licence Fees Software,16/02/2026,17172,Council of Aust. University Librarians,"Deakin, Act",,,,,,,,,,,407070,,,,,,
,Griffith University,"170 Kessels Road, Nathan Qld 4111",Building Construction & Maintenance,16/02/2026,19375,E.D.C. SYSTEMS PTY LTD,"Cannon Hill, Qld",,,,,,,,,,,407056,,,,,,
,Griffith University,"170 Kessels Road, Nathan Qld 4111",Equipment Maintenance,16/02/2026,41800,East Coast Dental Services,"Palm Beach, Qld",,,,,,,,,,,407072,,,,,,
,Griffith University,"170 Kessels Road, Nathan Qld 4111",Building Construction & Maintenance,16/02/2026,385000,Glascott Landscape and Civil Pty Ltd,"Lane Cove West, Nsw",,,,,,,,,,,407071,,,,,,
,Griffith University,"170 Kessels Road, Nathan Qld 4111",Equipment Maintenance,16/02/2026,55000,Haymans Electrical Pty Ltd,"Archerfield, Qld",,,,,,,,,,,407052,,,,,,
,Griffith University,"170 Kessels Road, Nathan Qld 4111",Building Construction & Maintenance,16/02/2026,60500,SDF Electrical Pty Ltd,"Sunnybank Hills, Qld",,,,,,,,,,,407057,,,,,,
,Griffith University,"170 Kessels Road, Nathan Qld 4111",Laboratory Consumables,17/02/2026,12476,Able Scientific,"Canning Vale, Wa",,,,,,,,,,,2171384,,,,,,
,Griffith University,"170 Kessels Road, Nathan Qld 4111",Consultancy Services,17/02/2026,11088,Aust Nuclear Science & Tech Org -ANSTO,"Kirrawee Dc, Nsw",,,,,,,,,,,2171928,,,,,,
,Griffith University,"170 Kessels Road, Nathan Qld 4111",Chemical/Biological Products,17/02/2026,10522,Bio-Rad Laboratories Pty Ltd,"South Granville, Nsw",,,,,,,,,,,407110,,,,,,
,Griffith University,"170 Kessels Road, Nathan Qld 4111",Subscription/Licence Fees Software,17/02/2026,16000,CareerSet Ltd,United Kingdom,,,,,,,,,,,407106,,,,,,
,Griffith University,"170 Kessels Road, Nathan Qld 4111",Building Construction & Maintenance,17/02/2026,10527,Chubb Fire & Security P/L,"Salisbury, Qld",,,,,,,,,,,407147,,,,,,
,Griffith University,"170 Kessels Road, Nathan Qld 4111",Marketing Fees,17/02/2026,31689,CPX Pty Ltd,"Newmarket, Kelvin Grove Bc, Qld",,,,,,,,,,,407140,,,,,,
,Griffith University,"170 Kessels Road, Nathan Qld 4111",Equipment Purchase,17/02/2026,75260,INNERSPACE (QLD) SEATING & SYSTEMS PTY.,"Salisbury, Qld",,,,,,,,,,,407145,,,,,,
,Griffith University,"170 Kessels Road, Nathan Qld 4111",Equipment Maintenance,17/02/2026,12675,Jeff Ost,Qld,,,,,,,,,,,2171425,,,,,,
,Griffith University,"170 Kessels Road, Nathan Qld 4111",Equipment Maintenance,17/02/2026,11725,Jeff Ost,Qld,,,,,,,,,,,2172353,,,,,,
,Griffith University,"170 Kessels Road, Nathan Qld 4111",Freight Fees,17/02/2026,15400,Labcabs Pty Ltd,"Cannon Hill, Qld",,,,,,,,,,,407109,,,,,,
,Griffith University,"170 Kessels Road, Nathan Qld 4111",Building Construction & Maintenance,17/02/2026,18260,STERILE SYSTEMS PTY LTD,"Rowville, Vic",,,,,,,,,,,407157,,,,,,
,Griffith University,"170 Kessels Road, Nathan Qld 4111",Consultancy Services,17/02/2026,767250,TEN SEVEN SIX PTY LTD,"Manly West, Qld",,,Limited,,,,,,,,407138,,,,,,
,Griffith University,"170 Kessels Road, Nathan Qld 4111",Equipment Maintenance,17/02/2026,351568,Testo Pty Ltd,"Bayswater, Vic",,,,,,,,,,,407154,,,,,,
,Griffith University,"170 Kessels Road, Nathan Qld 4111",Event Expenditure,17/02/2026,16700,Universitas Brawijaya,Indonesia,,,,,,,,,,,2169936,,,,,,
,Griffith University,"170 Kessels Road, Nathan Qld 4111",Building Construction & Maintenance,18/02/2026,21793,A1 Building & Property Solutions Pty Ltd,"The Gap, Qld",,,,,,,,,,,407165,,,,,,
,Griffith University,"170 Kessels Road, Nathan Qld 4111",Consultancy Services,18/02/2026,99000,INTELLIDESIGN PTY LTD,"Seventeen Mile Rocks, Qld",,,,,,,,,,,407200,,,,,,
,Griffith University,"170 Kessels Road, Nathan Qld 4111",Legal Fees,18/02/2026,24200,McCullough Robertson Lawyers,"Brisbane, Qld",,,,,,,,,,,407161,,,,,,
,Griffith University,"170 Kessels Road, Nathan Qld 4111",Building Construction & Maintenance,18/02/2026,13798,SAFE FOOTPATHS NSW LIMITED,"Neutral Bay, Nsw",,,,,,,,,,,407166,,,,,,
,Griffith University,"170 Kessels Road, Nathan Qld 4111",Freight Fees,19/02/2026,165000,Australia Post,"Brisbane, Qld",,,,,,,,,,,407218,,,,,,
,Griffith University,"170 Kessels Road, Nathan Qld 4111",Equipment Purchase,19/02/2026,18948,Babich Maintenance & Steriliser Services,"Success, Wa",,,,,,,,,,,407278,,,,,,
,Griffith University,"170 Kessels Road, Nathan Qld 4111",Security Services,19/02/2026,24200,Commex Communications Corporation P/L,"Windsor, Qld",,,,,,,,,,,407210,,,,,,
,Griffith University,"170 Kessels Road, Nathan Qld 4111",Security Services,19/02/2026,330000,CONVERGINT AUSTRALIA PTY LTD,"Port Melbourne, Vic",,,,,,,,,,,407212,,,,,,
,Griffith University,"170 Kessels Road, Nathan Qld 4111",Consultancy Services,19/02/2026,68200,Cubewise Australia Pty Ltd,"North Sydney, Nsw",,,,,,,,,,,407252,,,,,,
,Griffith University,"170 Kessels Road, Nathan Qld 4111",Freight Fees,19/02/2026,66000,DHL Express (Australia) Pty Ltd,"Eagle Farm, Qld",,,,,,,,,,,407219,,,,,,
,Griffith University,"170 Kessels Road, Nathan Qld 4111",Equipment Maintenance,19/02/2026,33000,EVE AUSTRALIA PTY LTD,"Rydalmere, Nsw",,,,,,,,,,,407208,,,,,,
,Griffith University,"170 Kessels Road, Nathan Qld 4111",Building Construction & Maintenance,19/02/2026,52800,FAAC Technologies Australia Pty Ltd,"Campbellfield, Vic",,,,,,,,,,,407213,,,,,,
,Griffith University,"170 Kessels Road, Nathan Qld 4111",Vehicle Maintenance,19/02/2026,38500,Grand Motors,"Gold Coast, Qld",,,,,,,,,,,407223,,,,,,
,Griffith University,"170 Kessels Road, Nathan Qld 4111",Building Construction & Maintenance,19/02/2026,81840,H2H Energy Pty. Ltd.,"Coolum Beach, Qld",,,,,,,,,,,407271,,,,,,
,Griffith University,"170 Kessels Road, Nathan Qld 4111",Building Construction & Maintenance,19/02/2026,165000,Logical Line Marking,"Underwood, Qld",,,,,,,,,,,407215,,,,,,
,Griffith University,"170 Kessels Road, Nathan Qld 4111",Building Construction & Maintenance,19/02/2026,1475520,Main Constructions (Building) Pty Ltd,"Loganholme, Qld",,,Selective,,,,,,,,407270,,,,,,
,Griffith University,"170 Kessels Road, Nathan Qld 4111",Vehicle Maintenance,19/02/2026,13200,Oldmac Toyota,"Springwood, Qld",,,,,,,,,,,407222,,,,,,
,Griffith University,"170 Kessels Road, Nathan Qld 4111",Debt Collection Fees,19/02/2026,203500,Orikan Australia Pty Ltd,"South Wharf, Vic",,,,,,,,,,,407224,,,,,,
,Griffith University,"170 Kessels Road, Nathan Qld 4111",Debt Collection Fees,19/02/2026,72600,Orikan New Zealand Limited,"Rosedale, ",,,,,,,,,,,407207,,,,,,
,Griffith University,"170 Kessels Road, Nathan Qld 4111",Building Construction & Maintenance,19/02/2026,36300,Pothole People QLD,"Hemmant, Qld",,,,,,,,,,,407216,,,,,,
,Griffith University,"170 Kessels Road, Nathan Qld 4111",Equipment Maintenance,19/02/2026,396000,SCHNEIDER ELECTRIC (AUSTRALIA) PTY LIMIT,"Macquarie Park, Nsw",,,,,,,,,,,407209,,,,,,
,Griffith University,"170 Kessels Road, Nathan Qld 4111",Building Construction & Maintenance,19/02/2026,85305,SCHNEIDER ELECTRIC (AUSTRALIA) PTY LIMIT,"Macquarie Park, Nsw",,,,,,,,,,,407272,,,,,,
,Griffith University,"170 Kessels Road, Nathan Qld 4111",Vehicle Maintenance,19/02/2026,44000,Tyre & Auto Pty Ltd,"Sunnybank, Qld",,,,,,,,,,,407221,,,,,,
,Griffith University,"170 Kessels Road, Nathan Qld 4111",Consultancy Services,20/02/2026,11550,Soil Surveys Engineering Pty Ltd,"Paddington, Qld",,,,,,,,,,,407311,,,,,,
,Griffith University,"170 Kessels Road, Nathan Qld 4111",Subscription/Licence Fees Software,23/02/2026,188455,CyberCX Pty Ltd,"Melbourne, Vic",,,,,,,,,,,407377,,,,,,
,Griffith University,"170 Kessels Road, Nathan Qld 4111",Equipment Maintenance,23/02/2026,35515,Miltenyi Biotec Australia Pty Ltd,"North Ryde, Nsw",,,,,,,,,,,407365,,,,,,
,Griffith University,"170 Kessels Road, Nathan Qld 4111",Building Construction & Maintenance,24/02/2026,231974,ADCO Constructions Pty Ltd,"Milton, Qld",,,,,,,,,,,407384,,,,,,
,Griffith University,"170 Kessels Road, Nathan Qld 4111",Event Expenditure,24/02/2026,14900,Centaur Horsemanship,"Buccan, Qld",,,,,,,,,,,2171381,,,,,,
,Griffith University,"170 Kessels Road, Nathan Qld 4111",Subscription/Licence Fees Software,24/02/2026,80700,Code Systems Corporation,United States,,,,,,,,,,,407388,,,,,,
,Griffith University,"170 Kessels Road, Nathan Qld 4111",Consultancy Services,24/02/2026,18456,Epigenetic Clock Development Foundation,United States,,,,,,,,,,,2173423,,,,,,
,Griffith University,"170 Kessels Road, Nathan Qld 4111",Equipment Maintenance,24/02/2026,13794,Getinge Australia Pty Ltd,"Chatswood, Nsw",,,,,,,,,,,2169946,,,,,,
,Griffith University,"170 Kessels Road, Nathan Qld 4111",Marketing Fees,24/02/2026,11243,Global Education,South Africa,,,,,,,,,,,2172820,,,,,,
,Griffith University,"170 Kessels Road, Nathan Qld 4111",Marketing Fees,24/02/2026,33033,Gostralia-Gomerica,Germany,,,,,,,,,,,2172699,,,,,,
,Griffith University,"170 Kessels Road, Nathan Qld 4111",Vehicle Acquisition,24/02/2026,35701,Grand Motors,"Gold Coast, Qld",,,,,,,,,,,407410,,,,,,
,Griffith University,"170 Kessels Road, Nathan Qld 4111",Publishing Expenses,24/02/2026,10003,John Wiley & Sons Australia Ltd,"Milton, Qld",,,,,,,,,,,2173239,,,,,,
,Griffith University,"170 Kessels Road, Nathan Qld 4111",Marketing Fees,24/02/2026,12134,Live Music HQ,"Southport, Qld",,,,,,,,,,,407421,,,,,,
,Griffith University,"170 Kessels Road, Nathan Qld 4111",Conference Expenses,24/02/2026,45943,MTA Travel,"Robina, Qld",,,,,,,,,,,2172818,,,,,,
,Griffith University,"170 Kessels Road, Nathan Qld 4111",Equipment Maintenance,24/02/2026,29413,Rural Medical Education Australia Ltd,"Toowoomba, Qld",,,,,,,,,,,2172989,,,,,,
,Griffith University,"170 Kessels Road, Nathan Qld 4111",Health & Safety Expenses,24/02/2026,13201,Truhealth Solutions,"Beenleigh, Qld",,,,,,,,,,,2171558,,,,,,
,Griffith University,"170 Kessels Road, Nathan Qld 4111",Building Construction & Maintenance,25/02/2026,12935,AIRMASTER CORPORATION PTY LTD,"Mansfield, Qld",,,,,,,,,,,407426,,,,,,
,Griffith University,"170 Kessels Road, Nathan Qld 4111",Equipment Purchase,25/02/2026,39236,Data #3 Limited,"Indooroopilly, Qld",,,,,,,,,,,407422,,,,,,
,Griffith University,"170 Kessels Road, Nathan Qld 4111",Equipment Purchase,25/02/2026,53368,Swabian Instruments GmbH,Germany,,,,,,,,,,,407427,,,,,,
,Griffith University,"170 Kessels Road, Nathan Qld 4111",Consultancy Services,25/02/2026,44000,Yada Chongmeekuamsuk,Thailand,,,,,,,,,,,407439,,,,,,
,Griffith University,"170 Kessels Road, Nathan Qld 4111",Equipment Purchase,26/02/2026,1259084,Data #3 Limited,"Indooroopilly, Qld",Yes,,Open,,,,,,,,407475,,,,,,
,Griffith University,"170 Kessels Road, Nathan Qld 4111",Subscription/Licence Fees Software,26/02/2026,36670,Data #3 Limited,"Indooroopilly, Qld",,,,,,,,,,,407479,,,,,,
,Griffith University,"170 Kessels Road, Nathan Qld 4111",Software Support Maintenance,26/02/2026,375520,Microsoft Pty Ltd,"North Ryde, Nsw",,,,,,,,,,,407480,,,,,,
,Griffith University,"170 Kessels Road, Nathan Qld 4111",Software Support Maintenance,26/02/2026,29288,Oracle Corporation Australia Pty Ltd,"Sydney, Nsw",,,,,,,,,,,407463,,,,,,
,Griffith University,"170 Kessels Road, Nathan Qld 4111",Software Support Maintenance,26/02/2026,24431,Oracle Corporation Australia Pty Ltd,"Sydney, Nsw",,,,,,,,,,,407464,,,,,,
,Griffith University,"170 Kessels Road, Nathan Qld 4111",Software Support Maintenance,26/02/2026,25477,Oracle Corporation Australia Pty Ltd,"Sydney, Nsw",,,,,,,,,,,407465,,,,,,
,Griffith University,"170 Kessels Road, Nathan Qld 4111",Subscription/Licence Fees Software,26/02/2026,1439429,Squiz Australia Pty Ltd,"Sydney, Nsw",,,Limited,b - (iii) The absence of competition for technical reasons which can only be supplied by a particular supplier and no reasonable alternative exists,,,,,,,407491,,,,,,
,Griffith University,"170 Kessels Road, Nathan Qld 4111",Building Construction & Maintenance,26/02/2026,14850,Steele Wrobel Pty Ltd,"Brisbane, Qld",,,,,,,,,,,407469,,,,,,
,Griffith University,"170 Kessels Road, Nathan Qld 4111",Equipment Purchase,26/02/2026,33023,The trustee for Newspec Unit Trust,"Myrtle Bank, Sa",,,,,,,,,,,407489,,,,,,
,Griffith University,"170 Kessels Road, Nathan Qld 4111",Consultancy Services,27/02/2026,220000,ACER - Aust Council for Edu Research Ltd,"Camberwell, Vic",,,,,,,,,,,407537,,,,,,
,Griffith University,"170 Kessels Road, Nathan Qld 4111",Equipment Purchase,27/02/2026,25880,John Barry Group Pty Ltd,"Oxenford, Qld",,,,,,,,,,,407522,,,,,,
,Griffith University,"170 Kessels Road, Nathan Qld 4111",Equipment Purchase,27/02/2026,11537,Lemac Films (Australia) Pty Ltd,"Bowen Hills, Qld",,,,,,,,,,,407521,,,,,,
,Griffith University,"170 Kessels Road, Nathan Qld 4111",Consultancy Services,27/02/2026,13750,MALVON & CO PTY LTD,"Margate, Qld",,,,,,,,,,,407550,,,,,,
,Griffith University,"170 Kessels Road, Nathan Qld 4111",Event Expenditure,27/02/2026,43530,THRL Pty Ltd,"Grandchester, Qld",,,,,,,,,,,407543,,,,,,
,Griffith University,"170 Kessels Road, Nathan Qld 4111",Event Expenditure,27/02/2026,37275,THRL Pty Ltd,"Grandchester, Qld",,,,,,,,,,,407544,,,,,,
