Description,Agency (Dept or Stat Body),Agency address,Contract description/name,Award contract date,Contract value,Supplier name,Supplier address,Variation to contract (Yes/No),Specific confidentiality provision used,Procurement method,Reason for use of limited tendering,Form of contract,Number of offers sought,Evaluation criteria and weightings,Deliverables,Contract milestones,Contract performance management,Contract reference number,Contract category group,Parent contract number/SOA,Variation comments,Commence date,Supplier ABN,Finish date
,Griffith University,"170 Kessels Road, Nathan Qld 4111",Consultancy Services,1/07/2021,274890,A.G. Coombs Advisory Pty Ltd,"26 Cochranes Rd,  Moorabbin, Vic, 3189",No,No,,,,,,,,,354518,,,,,,
,Griffith University,"170 Kessels Road, Nathan Qld 4111",Equipment,1/07/2021,22259,A2K Technologies Pty Ltd,"62 Brandl Street,  Eight Mile Plains, Qld, 4113",No,No,,,,,,,,,354525,,,,,,
,Griffith University,"170 Kessels Road, Nathan Qld 4111",Equipment,1/07/2021,12258,Bsg Brisbane Sound Group,"73 Toombul Road,  Northgate, Qld, 4013",No,No,,,,,,,,,354537,,,,,,
,Griffith University,"170 Kessels Road, Nathan Qld 4111",Equipment,1/07/2021,107210,Perkin Elmer Pty Ltd,"Po Box 5290, Brandon Park Post Shop Brandon Park, Vic, 3150",No,No,,,,,,,,,354520,,,,,,
,Griffith University,"170 Kessels Road, Nathan Qld 4111",Project management services,1/07/2021,204160,Project Partners Corporation Pty Ltd,"Level 8, 82 Eagle Street Brisbane City, Qld, 4000",No,No,,,,,,,,,354519,,,,,,
,Griffith University,"170 Kessels Road, Nathan Qld 4111",Consultancy Services,1/07/2021,36135,Sue Birch Consulting,Victoria,No,No,,,,,,,,,354517,,,,,,
,Griffith University,"170 Kessels Road, Nathan Qld 4111",Consultancy Services,1/07/2021,13750,The Trustee For Rendell Family Trust,Victoria,No,No,,,,,,,,,354521,,,,,,
,Griffith University,"170 Kessels Road, Nathan Qld 4111",Contractor payment,1/07/2021,13728,Victoria University,"Finance, Po Box 14428 Melbourne, Vic, 8001",No,No,,,,,,,,,1912152,,,,,,
,Griffith University,"170 Kessels Road, Nathan Qld 4111",Membership Fees,2/07/2021,33000,Australian Academy Of Science,"Gpo Box 783,  Canberra, Act, 2601",No,No,,,,,,,,,1912457,,,,,,
,Griffith University,"170 Kessels Road, Nathan Qld 4111",Consumables,2/07/2021,11170,Becton Dickinson Pty Ltd,"69 Brandl Street,  Eight Mile Plains, Qld, 4113",No,No,,,,,,,,,354578,,,,,,
,Griffith University,"170 Kessels Road, Nathan Qld 4111",Refurbishment activities,2/07/2021,455926,Fitout And Refurbishment Australia Pty L,"Suite 2B, 8 Paxton St Springwood, Qld, 4127",No,No,,,,,,,,,354580,,,,,,
,Griffith University,"170 Kessels Road, Nathan Qld 4111",Sponsorship,2/07/2021,22000,Griffithuni Surfers Paradise Rowing Club,"Po Box 8781,  Gcmc, Qld, 9726",No,No,,,,,,,,,354566,,,,,,
,Griffith University,"170 Kessels Road, Nathan Qld 4111",Event Expenditure,2/07/2021,11371,Heidi Louise Loveland,Brisbane Qld,No,No,,,,,,,,,1912511,,,,,,
,Griffith University,"170 Kessels Road, Nathan Qld 4111",Scientific Equipment,2/07/2021,14114,Oxford Nanopore Technologies Ltd,"Gosling Building, Edmund Halley Road, Oxford Science Park Oxford, Oxon, Ox4 4Dq",No,No,,,,,,,,,354546,,,,,,
,Griffith University,"170 Kessels Road, Nathan Qld 4111",Event Expenditure,2/07/2021,99000,Racv Royal Pines Resort,"Pmb 88,  Gcmc, Qld, 9726",No,No,,,,,,,,,354543,,,,,,
,Griffith University,"170 Kessels Road, Nathan Qld 4111",Hire & lease charges,2/07/2021,78980,Valiant Hire,"16/50 Parker Court,  Pinkenba, Qld, 4008",No,No,,,,,,,,,354559,,,,,,
,Griffith University,"170 Kessels Road, Nathan Qld 4111",Consultancy Services,2/07/2021,13637,Visual Science,Canada,No,No,,,,,,,,,354547,,,,,,
,Griffith University,"170 Kessels Road, Nathan Qld 4111",Equipment,5/07/2021,47465,Bio-Strategy Pty Limited,"P.O Box 14,  Campbellfield, Vic, 3061",No,No,,,,,,,,,354590,,,,,,
,Griffith University,"170 Kessels Road, Nathan Qld 4111",Repairs & maintenance,5/07/2021,23862,Logical Line Marking,"18 Ferguson Street,  Underwood, Qld, 4119",No,No,,,,,,,,,354606,,,,,,
,Griffith University,"170 Kessels Road, Nathan Qld 4111",Consultancy Services,5/07/2021,13970,Mark Israel Consulting Pty Ltd,Western Australia,No,No,,,,,,,,,354591,,,,,,
,Griffith University,"170 Kessels Road, Nathan Qld 4111",Relocation Services,6/07/2021,18390,All Purpose Removals,"Po Box 2,  Archerfield, Qld, 4108",No,No,,,,,,,,,354647,,,,,,
,Griffith University,"170 Kessels Road, Nathan Qld 4111",Legal Fees,6/07/2021,64481,Clayton Utz,"Gpo Box 9806,  Canberra, Act, 2601",No,No,,,,,,,,,354649,,,,,,
,Griffith University,"170 Kessels Road, Nathan Qld 4111",Event Expenditure,6/07/2021,17972,Clear Mountain Health And Conference Cen,"564 Clear Mountain Road,  Cashmere, Qld, 4500",No,No,,,,,,,,,354655,,,,,,
,Griffith University,"170 Kessels Road, Nathan Qld 4111",Laboratory Consumables,6/07/2021,69168,Focus Bioscience Pty Ltd,"Po Box 6480,  St Lucia, Qld, 4067",No,No,,,,,,,,,354642,,,,,,
,Griffith University,"170 Kessels Road, Nathan Qld 4111",Repairs & maintenance,6/07/2021,13390,Instron A Division Of Itw Australia Pty,"15/15 Stud Road,  Bayswater, Vic, 3153",No,No,,,,,,,,,354654,,,,,,
,Griffith University,"170 Kessels Road, Nathan Qld 4111",Commission payment,6/07/2021,20900,Kokos International Brisbane,"Suite 1E, Level 1 Brisbane, Qld, 4000",No,No,,,,,,,,,1912728,,,,,,
,Griffith University,"170 Kessels Road, Nathan Qld 4111",Consultancy Services,7/07/2021,15375,Aleksander Braczkowski, South Africa,No,No,,,,,,,,,1912915,,,,,,
,Griffith University,"170 Kessels Road, Nathan Qld 4111",Consultancy Services,7/07/2021,165000,Calibre Consulting Group,Brisbane,No,No,,,,,,,,,354717,,,,,,
,Griffith University,"170 Kessels Road, Nathan Qld 4111",Cleaning Services,7/07/2021,13035,Descab Pty Ltd T/A Qld Multi Trades,Brisbane,No,No,,,,,,,,,354733,,,,,,
,Griffith University,"170 Kessels Road, Nathan Qld 4111",Cleaning Services,7/07/2021,17754,Descab Pty Ltd T/A Qld Multi Trades,Brisbane,No,No,,,,,,,,,354734,,,,,,
,Griffith University,"170 Kessels Road, Nathan Qld 4111",Cleaning Services,7/07/2021,17798,Descab Pty Ltd T/A Qld Multi Trades,Brisbane,No,No,,,,,,,,,354732,,,,,,
,Griffith University,"170 Kessels Road, Nathan Qld 4111",Consultancy Services,7/07/2021,21956,Geleon Consulting,"Po Box 454,  Nerang, Qld, 4211",No,No,,,,,,,,,354711,,,,,,
,Griffith University,"170 Kessels Road, Nathan Qld 4111",Consultancy Services,7/07/2021,21252,Geleon Consulting,"Po Box 454,  Nerang, Qld, 4211",No,No,,,,,,,,,354710,,,,,,
,Griffith University,"170 Kessels Road, Nathan Qld 4111",Consultancy Services,7/07/2021,13637,Jai Clifford-Holmes,"Tokai, 7945",No,No,,,,,,,,,1912225,,,,,,
,Griffith University,"170 Kessels Road, Nathan Qld 4111",Consultancy Services,7/07/2021,22000,Mates In Construction (Aust) Limited,"Po Box 1001,  Spring Hill, Qld, 4004",No,No,,,,,,,,,1912995,,,,,,
,Griffith University,"170 Kessels Road, Nathan Qld 4111",Legal Fees,7/07/2021,63334,Mccullough Robertson Lawyers,"Po Box 1855,  Brisbane, Qld, 4001",No,No,,,,,,,,,1913014,,,,,,
,Griffith University,"170 Kessels Road, Nathan Qld 4111",Consultancy Services,7/07/2021,13350,Myneo Nv,"Ottergemsesteenweg Zuid 808 B511,  Ghent, 9000",No,No,,,,,,,,,1912916,,,,,,
,Griffith University,"170 Kessels Road, Nathan Qld 4111",Consultancy Services,7/07/2021,21951,Pitch Black Engineering,"Santos Place,, Level 27, 32 Turbot Street Brisbane, Qld, 4000",No,No,,,,,,,,,354722,,,,,,
,Griffith University,"170 Kessels Road, Nathan Qld 4111","Honoraria, Sitting & Participation Fees",7/07/2021,65522,Research Foundation Of Cuny,"230 West 41St Street, 7Th Floor,  New York, Ny, 10036",No,No,,,,,,,,,1912222,,,,,,
,Griffith University,"170 Kessels Road, Nathan Qld 4111",Printing & stationery,7/07/2021,22818,Securcom Pty Ltd,"Unit 79, 193 South Pine Road Brendale, Qld, 4500",No,No,,,,,,,,,354719,,,,,,
,Griffith University,"170 Kessels Road, Nathan Qld 4111",Marketing fees,7/07/2021,34210,Seek Limited,"Gpo Box 2335,  Sydney, Nsw, 2001",No,No,,,,,,,,,354704,,,,,,
,Griffith University,"170 Kessels Road, Nathan Qld 4111",Equipment,7/07/2021,44543,Sr Research Ltd,"35 Beaufort Drive,  Ottawa, On, K2L 2B9",No,No,,,,,,,,,354685,,,,,,
,Griffith University,"170 Kessels Road, Nathan Qld 4111",Contractor payment,7/07/2021,33880,The Trustee For The Moloney Family Trust,Brisbane,No,No,,,,,,,,,354703,,,,,,
,Griffith University,"170 Kessels Road, Nathan Qld 4111",Homestay Expenses,8/07/2021,3000000,Australian Homestay Network Pty Limited,"Toowong, Qld",No,No,Selective,,,,,,,,VP239650,,,,,,
,Griffith University,"170 Kessels Road, Nathan Qld 4111",Membership Fees,8/07/2021,17820,Institute Of Managers And Leaders Ltd,"Gpo Box 2229,  Brisbane, Qld, 4000",No,No,,,,,,,,,1909478,,,,,,
,Griffith University,"170 Kessels Road, Nathan Qld 4111",Recruitment/Placement Fees,8/07/2021,218680,Randstad Pty Limited,"Gpo Box 4640,  Sydney, Nsw, 2001",No,No,,,,,,,,,354746,,,,,,
,Griffith University,"170 Kessels Road, Nathan Qld 4111",Printing & stationery,8/07/2021,10958,Unicard Systems Pty Ltd,"35/6 Herbert Street,  St Leonards, Nsw, 2065",No,No,,,,,,,,,354764,,,,,,
,Griffith University,"170 Kessels Road, Nathan Qld 4111",Repairs & maintenance,9/07/2021,11096,Gardner Denver Industries Pty Ltd,"Po Box 4508,  Dandenong South, Vic, 3164",No,No,,,,,,,,,354826,,,,,,
,Griffith University,"170 Kessels Road, Nathan Qld 4111",Consultancy Services,9/07/2021,18900,Helen Johnson,"Brisbane, Qld",No,No,,,,,,,,,1912907,,,,,,
,Griffith University,"170 Kessels Road, Nathan Qld 4111",Consultancy Services,9/07/2021,13024,Lightbox Architecture &Interiors Pty Ltd,"11 Dallas Parade,  Keperra, Qld, 4054",No,No,,,,,,,,,354831,,,,,,
,Griffith University,"170 Kessels Road, Nathan Qld 4111",Training & development services,9/07/2021,15840,Software Education Australia Pty Ltd,"Gpo Box 1059,  Brisbane, Qld, 4001",No,No,,,,,,,,,354820,,,,,,
,Griffith University,"170 Kessels Road, Nathan Qld 4111",Set pieces - Theatre performance,12/07/2021,22642,A Noble Event Australia,"Po Box 4314,  Eight Mile Plains, Qld, 4113",No,No,,,,,,,,,354919,,,,,,
,Griffith University,"170 Kessels Road, Nathan Qld 4111",Consultancy Services,12/07/2021,16390,Bligh Tanner Pty Ltd,"Po Box 612,  Fortitude Valley, Qld, 4006",No,No,,,,,,,,,354878,,,,,,
,Griffith University,"170 Kessels Road, Nathan Qld 4111",Equipment,12/07/2021,42128,Data #3 Limited,"Po Box 551,  Indooroopilly, Qld, 4068",No,No,,,,,,,,,354868,,,,,,
,Griffith University,"170 Kessels Road, Nathan Qld 4111",Marketing fees,12/07/2021,41814,Fast Proof Press Pty Ltd,"21/12 Lawrence Drive,  Nerang, Qld, 4211",No,No,,,,,,,,,354871,,,,,,
,Griffith University,"170 Kessels Road, Nathan Qld 4111",Event Expenditure,12/07/2021,36654,Gold Coast Convention & Exhibition Centr,"Po Box 1407,  Broadbeach, Qld, 4218",No,No,,,,,,,,,1913495,,,,,,
,Griffith University,"170 Kessels Road, Nathan Qld 4111",Event Expenditure,12/07/2021,16500,Griffith Uni Gold Coast Student Guild,"Po Box 96, Gold Coast Campus Griffith University, Qld, 4222",No,No,,,,,,,,,354863,,,,,,
,Griffith University,"170 Kessels Road, Nathan Qld 4111",Marketing fees,12/07/2021,213400,Mediacom Australia Pty Ltd,"Level 17, 65 Berry Street North Sydney, Nsw, 2060",No,No,,,,,,,,,354899,,,,,,
,Griffith University,"170 Kessels Road, Nathan Qld 4111",Scientific Equipment,12/07/2021,19062,Merck Pty Ltd,"Ground Floor, Building 1, 885 Mountain Highway Bayswater, Vic, 3153",No,No,,,,,,,,,354894,,,,,,
,Griffith University,"170 Kessels Road, Nathan Qld 4111",Hire & lease charges,12/07/2021,13200,Queensland Performing Arts Trust,"Po Box 3567,  Sth Brisbane, Qld, 4101",No,No,,,,,,,,,354870,,,,,,
,Griffith University,"170 Kessels Road, Nathan Qld 4111",Marketing fees,12/07/2021,36196,Richmond Signs & Designs,"1/15 Bailey Crescent,  Southport, Qld, 4215",No,No,,,,,,,,,354880,,,,,,
,Griffith University,"170 Kessels Road, Nathan Qld 4111",Subscription/License Fees,13/07/2021,188526,Laerdal Pty Ltd,"Po Box 52,  Oakleigh, Vic, 3166",No,No,,,,,,,,,GU-222,,,,,,
,Griffith University,"170 Kessels Road, Nathan Qld 4111",Subscription/License Fees,13/07/2021,25915,Monotype Limited,"Werner-Reimers-Strasse 2-4,  Bad Homburg, , 61352",No,No,,,,,,,,,354920,,,,,,
,Griffith University,"170 Kessels Road, Nathan Qld 4111",Consumables,13/07/2021,12089,Perkin Elmer Pty Ltd,"Po Box 5290, Brandon Park Post Shop Brandon Park, Vic, 3150",No,No,,,,,,,,,354949,,,,,,
,Griffith University,"170 Kessels Road, Nathan Qld 4111",Training & development services,14/07/2021,112653,Nanjing University Of Chinese Medicine,"No.138 Xianlin Avenue, Qixia District Nanjing, 32, 210023",No,No,,,,,,,,,1913591,,,,,,
,Griffith University,"170 Kessels Road, Nathan Qld 4111",Consultancy Services,14/07/2021,20000,University Of The Philippines Visayas,"Villadolid Building, Upv Miagao Campus Miagao, Ili, 5023",No,No,,,,,,,,,354981,,,,,,
,Griffith University,"170 Kessels Road, Nathan Qld 4111",Furniture,15/07/2021,19965,Abp Allboards P/L,"Po Box 197,  Carole Park, Qld, 4300",No,No,,,,,,,,,355038,,,,,,
,Griffith University,"170 Kessels Road, Nathan Qld 4111",Contractor payment,15/07/2021,21093,Hexaware Technologies Limited,"Level 3, 80 Mount Street,  North Sydney, Nsw, 2060",No,No,,,,,,,,,355056,,,,,,
,Griffith University,"170 Kessels Road, Nathan Qld 4111",Consultancy Services,16/07/2021,12000,Arran King Design,Brisbane,No,No,,,,,,,,,1910798,,,,,,
,Griffith University,"170 Kessels Road, Nathan Qld 4111",Event Expenditure,16/07/2021,28805,Cbd Golf Pty Ltd,"Po Box 256, Rbh Po Herston, Qld, 4006",No,No,,,,,,,,,355541,,26154,,,,
,Griffith University,"170 Kessels Road, Nathan Qld 4111",Equipment,16/07/2021,216249,Emc Global Holdings Company,"207 Pacific Highway,  St Leonards, Nsw, 2065",No,No,,,,,,,,,355135,,,,,,
,Griffith University,"170 Kessels Road, Nathan Qld 4111",Vehicle Acquisition,16/07/2021,48666,Gold Coast Isuzu Ute,"126 Kingston Drive,  Arundel, Qld, 4215",No,No,,,,,,,,,355142,,,,,,
,Griffith University,"170 Kessels Road, Nathan Qld 4111",Relocation Services,16/07/2021,11664,Sirva Relocation,"490 Freeman Road,  Richlands, Qld, 4077",No,No,,,,,,,,,355136,,,,,,
,Griffith University,"170 Kessels Road, Nathan Qld 4111",Relocation Services,16/07/2021,12959,Sirva Relocation,"490 Freeman Road,  Richlands, Qld, 4077",No,No,,,,,,,,,355099,,,,,,
,Griffith University,"170 Kessels Road, Nathan Qld 4111",Equipment,19/07/2021,12245,Optimum Control Technologies Pty Ltd,"9 Heather Rd, Heathfield Adelaide, Sa, 5153",No,No,,,,,,,,,355150,,,,,,
,Griffith University,"170 Kessels Road, Nathan Qld 4111",Repairs & maintenance,19/07/2021,98322,Precise Air Group P/L,"Po Box 1859,  Springwood, Qld, 4128",No,No,,,,,,,,,355176,,,,,,
,Griffith University,"170 Kessels Road, Nathan Qld 4111",Repairs & maintenance,19/07/2021,25226,Precise Air Group P/L,"Po Box 1859,  Springwood, Qld, 4128",No,No,,,,,,,,,355169,,,,,,
,Griffith University,"170 Kessels Road, Nathan Qld 4111",Consultancy Services,19/07/2021,151800,Turner & Townsend Pty Ltd,"Level 13, 140 Creek St,  Brisbane, Qld, 4000",No,No,,,,,,,,,355167,,,,,,
,Griffith University,"170 Kessels Road, Nathan Qld 4111",Consultancy Services,19/07/2021,25960,Utilitas Group Pty Ltd,"Po Box 1267, Shop 1/55 Railway Terrace Milton, Qld, 4064",No,No,,,,,,,,,355166,,,,,,
,Griffith University,"170 Kessels Road, Nathan Qld 4111",Consultancy Services,20/07/2021,11000,Catalysr Pty Ltd,"Level 2, 61-63 Dixon Street Sydney, Nsw, 2000",No,No,,,,,,,,,355211,,,,,,
,Griffith University,"170 Kessels Road, Nathan Qld 4111",Repairs & maintenance,20/07/2021,17872,Precise Air Group P/L,"Po Box 1859,  Springwood, Qld, 4128",No,No,,,,,,,,,355241,,,,,,
,Griffith University,"170 Kessels Road, Nathan Qld 4111",Repairs & maintenance,20/07/2021,18300,Precise Air Group P/L,"Po Box 1859,  Springwood, Qld, 4128",No,No,,,,,,,,,355239,,,,,,
,Griffith University,"170 Kessels Road, Nathan Qld 4111",Equipment,20/07/2021,16819,Sdr Scientific,"206/354 Eastern Valley Way,  Chatswood, Nsw, 2067",No,No,,,,,,,,,355206,,,,,,
,Griffith University,"170 Kessels Road, Nathan Qld 4111",Monitoring services,20/07/2021,12012,Securcom Pty Ltd,"Unit 79, 193 South Pine Road Brendale, Qld, 4500",No,No,,,,,,,,,355200,,,,,,
,Griffith University,"170 Kessels Road, Nathan Qld 4111",Repairs & maintenance,20/07/2021,46970,Spotless Facility Services Pty Ltd,"549 Saint Kilda Road,  Melbourne, Vic, 3004",No,No,,,,,,,,,355220,,,,,,
,Griffith University,"170 Kessels Road, Nathan Qld 4111",Membership Fees,20/07/2021,13750,The Trustee For The Moreton Bay Foundati,"Po Box 3214,  Newstead, Qld, 4006",No,No,,,,,,,,,1914525,,,,,,
,Griffith University,"170 Kessels Road, Nathan Qld 4111",Repairs & maintenance,20/07/2021,29021,Yes Fire Pty Ltd,"Po Box 91,  West Burleigh, Qld, 4219",No,No,,,,,,,,,355221,,,,,,
,Griffith University,"170 Kessels Road, Nathan Qld 4111",Set pieces - Theatre performance,21/07/2021,33029,A Noble Event Australia,"Po Box 4314,  Eight Mile Plains, Qld, 4113",No,No,,,,,,,,,355298,,,,,,
,Griffith University,"170 Kessels Road, Nathan Qld 4111",Consultancy Services,21/07/2021,80520,Adventbalance,"Level 2, 222 Clarence Street Sydney, Nsw, 2000",No,No,,,,,,,,,355285,,,,,,
,Griffith University,"170 Kessels Road, Nathan Qld 4111",Consumables,21/07/2021,20117,Australian Dental Association (Qld Branc,"22-28 Hamilton Place,  Bowen Hills, Qld, 4006",No,No,,,,,,,,,1911642,,,,,,
,Griffith University,"170 Kessels Road, Nathan Qld 4111",Consultancy Services,21/07/2021,16500,Inov8 Design,Brisbane,No,No,,,,,,,,,355264,,,,,,
,Griffith University,"170 Kessels Road, Nathan Qld 4111",Equipment,21/07/2021,17993,Laser Components Gmbh,"Werner-Von-Siemens-Strasse 15,  Olching, , 82140",No,No,,,,,,,,,355320,,,,,,
,Griffith University,"170 Kessels Road, Nathan Qld 4111",Subscription/License Fees,21/07/2021,109484,Materialise Nv,"Technologielaan 15 Leuven, , 3001",No,No,,,,,,,,,355283,,,,,,
,Griffith University,"170 Kessels Road, Nathan Qld 4111",Recruitment/Placement Fees,21/07/2021,41113,Michael Page International,"Level 4, 110 George Street Parramatta, Nsw, 2150",No,No,,,,,,,,,355288,,,,,,
,Griffith University,"170 Kessels Road, Nathan Qld 4111",Consultancy Services,21/07/2021,23864,National Young Women'S Christian Ass,"119 Bogalayzay Street,  Yangon, , 11161",No,No,,,,,,,,,355284,,,,,,
,Griffith University,"170 Kessels Road, Nathan Qld 4111",Project management services,21/07/2021,330000,Ranbury Management Group Pty Ltd,"Suite 2, Level 18, 270 Adelaide Street Brisbane, Qld, 4000",No,No,,,,,,,,,355286,,,,,,
,Griffith University,"170 Kessels Road, Nathan Qld 4111",Equipment,21/07/2021,13582,Sagemotion,"Po Box 3121,  Kalispell, , 59903",No,No,,,,,,,,,355263,,,,,,
,Griffith University,"170 Kessels Road, Nathan Qld 4111",Repairs & maintenance,22/07/2021,31898,Bruker Pty Ltd,"Po Box 202,  Alexandria, Nsw, 1435",No,No,,,,,,,,,355342,,,,,,
,Griffith University,"170 Kessels Road, Nathan Qld 4111",Equipment,22/07/2021,39644,Laerdal Pty Ltd,"Po Box 52,  Oakleigh, Vic, 3166",No,No,,,,,,,,,355331,,,,,,
,Griffith University,"170 Kessels Road, Nathan Qld 4111",Consultancy Services,22/07/2021,47514,Pitch Black Engineering,"Santos Place,, Level 27, 32 Turbot Street Brisbane, Qld, 4000",No,No,,,,,,,,,355345,,,,,,
,Griffith University,"170 Kessels Road, Nathan Qld 4111",Repairs & maintenance,22/07/2021,22643,Precise Air Group P/L,"Po Box 1859,  Springwood, Qld, 4128",No,No,,,,,,,,,355325,,,,,,
,Griffith University,"170 Kessels Road, Nathan Qld 4111",Project management services,22/07/2021,26400,Qvc Solutions Pty Ltd,"320 Adelaide Street,  Brisbane, Qld, 4000",No,No,,,,,,,,,355340,,,,,,
,Griffith University,"170 Kessels Road, Nathan Qld 4111",Recruitment/Placement Fees,22/07/2021,96102,Richmond Associates Australia Pty Ltd,"Level 6, 69-75 Reservoir Street Surry Hills, Nsw, 2010",No,No,,,,,,,,,355336,,,,,,
,Griffith University,"170 Kessels Road, Nathan Qld 4111",Equipment,22/07/2021,21684,Videopro Pty Ltd,"37 Eagleview Place,  Eagle Farm, Qld, 4009",No,No,,,,,,,,,355364,,,,,,
,Griffith University,"170 Kessels Road, Nathan Qld 4111",Consultancy Services,23/07/2021,45227,Ana Carolina Cardoso De Sousa,Brazil,No,No,,,,,,,,,355386,,,,,,
,Griffith University,"170 Kessels Road, Nathan Qld 4111",Scientific Equipment,23/07/2021,14193,Bio-Strategy Pty Limited,"P.O Box 14,  Campbellfield, Vic, 3061",No,No,,,,,,,,,355397,,,,,,
,Griffith University,"170 Kessels Road, Nathan Qld 4111",Subscription/License Fees,23/07/2021,535849,Digital Science & Research Solutions Inc,"625 Massachusetts Avenue, 2Nd Floor Cambridge, Ma, 02139",Yes,No,Limited,b - (iii) The absence of competition for technical reasons which can only be supplied by a particular supplier and no reasonable alternative exists,,,,,,,355385 359416 366289 378078,,C01155,,,,
,Griffith University,"170 Kessels Road, Nathan Qld 4111",Subscription/License Fees,23/07/2021,80050,Higher Ed Services Pty Ltd,"Level 10, 210 Clarence Street,  Sydney, Nsw, 2000",No,No,,,,,,,,,355387,,,,,,
,Griffith University,"170 Kessels Road, Nathan Qld 4111",Subscription/License Fees,23/07/2021,45276,Special Broadcasting Service,"Locked Bag 028,  Crows Nest, Nsw, 1585",No,No,,,,,,,,,355383,,,,,,
,Griffith University,"170 Kessels Road, Nathan Qld 4111",Subscription/License Fees,24/07/2021,327436,Lexis Nexis,"Tower 2, 475-495 Victoria Avenue,  Chatswood, Nsw, 2067",No,No,,,,,,,,,1913869,,,,,,
,Griffith University,"170 Kessels Road, Nathan Qld 4111",Legal Fees,25/07/2021,19540,Clayton Utz,"Gpo Box 9806,  Canberra, Act, 2601",No,No,,,,,,,,,1912738,,,,,,
,Griffith University,"170 Kessels Road, Nathan Qld 4111",Consultancy Services,26/07/2021,65230,Wise Sustainability Pty Ltd,"490 Northbourne Avenue,  Dickson, Act, 2602",No,No,,,,,,,,,355448,,,,,,
,Griffith University,"170 Kessels Road, Nathan Qld 4111",Marketing fees,27/07/2021,1730195,Am Educon Service (Opc) Pvt Ltd,"3459-B, Sector-23 Haryana, 122017",Yes,No,Limited,b - (iii) The absence of competition for technical reasons which can only be supplied by a particular supplier and no reasonable alternative exists,,,,,,,355537,,,,,,
,Griffith University,"170 Kessels Road, Nathan Qld 4111",Marketing fees,27/07/2021,14894,Richmond Signs & Designs,"1/15 Bailey Crescent,  Southport, Qld, 4215",No,No,,,,,,,,,355524,,,,,,
,Griffith University,"170 Kessels Road, Nathan Qld 4111",Laboratory Consumables,28/07/2021,23870,Cardinal Bio-Research Pty Ltd,"Po Box 1393,  New Farm, Qld, 4005",No,No,,,,,,,,,355542,,,,,,
,Griffith University,"170 Kessels Road, Nathan Qld 4111",Legal Fees,28/07/2021,47174,Mccullough Robertson Lawyers,"Po Box 1855,  Brisbane, Qld, 4001",No,No,,,,,,,,,1913015,,,,,,
,Griffith University,"170 Kessels Road, Nathan Qld 4111",Refurbishment activities,29/07/2021,10415,A1 Building & Property Solutions Pty Ltd,"3 D'Aguilar Road,  The Gap, Qld, 4061",No,No,,,,,,,,,355610,,,,,,
,Griffith University,"170 Kessels Road, Nathan Qld 4111",Recruitment/Placement Fees,29/07/2021,25641,Emanate Technology Qld Pty Ltd,"Wework, Level 6, 123 Eagle Street,  Brisbane, Qld, 4000",No,No,,,,,,,,,1914443,,,,,,
,Griffith University,"170 Kessels Road, Nathan Qld 4111",Training & development services,29/07/2021,75838,Kylie Denton Business Coaching,Brisbane,No,No,,,,,,,,,355616,,,,,,
,Griffith University,"170 Kessels Road, Nathan Qld 4111",Consultancy Services,29/07/2021,122650,Lee Hecht Harrison Pty Ltd,"4/135 Wickham Terrace,  Spring Hill, Qld, 4000",No,No,,,,,,,,,355615,,,,,,
,Griffith University,"170 Kessels Road, Nathan Qld 4111",Equipment,29/07/2021,14097,Mojo Media Solutions,"9 Foley Place,  Castle Hill, Nsw, 2154",No,No,,,,,,,,,355638,,,,,,
,Griffith University,"170 Kessels Road, Nathan Qld 4111",Subscription/License Fees,30/07/2021,23650,Cut-E Australia,"Level 33, 201 Kent Street,  Sydney, Qld, 2000",No,No,,,,,,,,,355658,,,,,,
,Griffith University,"170 Kessels Road, Nathan Qld 4111",Equipment,30/07/2021,21720,Data #3 Limited,"Po Box 551,  Indooroopilly, Qld, 4068",No,No,,,,,,,,,355697,,,,,,
,Griffith University,"170 Kessels Road, Nathan Qld 4111",Monitoring services,30/07/2021,57006,Dewpoint Air,"Po Box 3479,  Newmarket, Qld, 4051",No,No,,,,,,,,,355694,,,,,,
,Griffith University,"170 Kessels Road, Nathan Qld 4111",Consultancy Services,30/07/2021,41800,Dyanata Global AU Pty Ltd,"Level 11, 131 York Street, Sydney  Nsw 2000",No,No,,,,,,,,,1914313,,,,,,
,Griffith University,"170 Kessels Road, Nathan Qld 4111",Training & development services,30/07/2021,47630,Epic Agile,"39 Bayview Crescent,  Black Rock, Vic, 3193",No,No,,,,,,,,,355671,,,,,,
,Griffith University,"170 Kessels Road, Nathan Qld 4111",Commission payment,30/07/2021,60500,Expert Education And Visa Services,"Level 6, 263 Clarence Street Sydney, Nsw, 2000",No,No,,,,,,,,,1916148,,,,,,
,Griffith University,"170 Kessels Road, Nathan Qld 4111",Training & development services,30/07/2021,12073,Holistic Services Group Pty Ltd,"Po Box 4027,  Castlecrag, Nsw, 2068",No,No,,,,,,,,,355659,,,,,,
,Griffith University,"170 Kessels Road, Nathan Qld 4111",Recruitment/Placement Fees,30/07/2021,9500000,Ikon Communications Pty Ltd,"Level 4, 1 Kent Street,  Millers Points, Nsw, 2000",Yes,No,Selective,,,,,,,,4667-2023,,,,,,
,Griffith University,"170 Kessels Road, Nathan Qld 4111",Consultancy Services,30/07/2021,15708,Integral Technology Solutions Pty Ltd,"Level 2, 201 Leichardt Street,  Spring Hill, Qld, 4000",No,No,,,,,,,,,1913016,,,,,,
,Griffith University,"170 Kessels Road, Nathan Qld 4111",Commission payment,30/07/2021,13200,International Education And Visa Service,"Po Box 76,  Mullumbimby, Nsw, 2482",No,No,,,,,,,,,1916159,,,,,,
,Griffith University,"170 Kessels Road, Nathan Qld 4111",Consultancy Services,30/07/2021,21824,Jha Consulting Engineers (Qld) Pty Ltd,"Ground Floor, 130 Commercial Road Teneriffe, Qld, 4005",No,No,,,,,,,,,355683,,,,,,
,Griffith University,"170 Kessels Road, Nathan Qld 4111",Consultancy Services,30/07/2021,34727,Jha Consulting Engineers (Qld) Pty Ltd,"Ground Floor, 130 Commercial Road Teneriffe, Qld, 4005",No,No,,,,,,,,,355685,,,,,,
,Griffith University,"170 Kessels Road, Nathan Qld 4111",Repairs & maintenance,30/07/2021,14069,Multitech Solutions Pty Ltd,"Po Box 790,  Coorparoo, Qld, 4151",No,No,,,,,,,,,355693,,,,,,
,Griffith University,"170 Kessels Road, Nathan Qld 4111",Recruitment/Placement Fees,30/07/2021,81620,Perrett Laver Pty Ltd,"Ste 501B, 19A Boundary Street,  Darlinghurst, Nsw, 2031",No,No,,,,,,,,,5293,,,,,,
,Griffith University,"170 Kessels Road, Nathan Qld 4111",Refurbishment activities,30/07/2021,11000,Roland Wouters T/A 2Uav,"13 Bellenden Street,  North Lakes, Qld, 4509",No,No,,,,,,,,,355677,,,,,,
,Griffith University,"170 Kessels Road, Nathan Qld 4111",Consultancy Services,30/07/2021,30247,The Florey Institute Of Neuroscience And,"30 Royal Parade,  Parkville, Vic, 3052",No,No,,,,,,,,,1913167,,,,,,
,Griffith University,"170 Kessels Road, Nathan Qld 4111",Consultancy Services,30/07/2021,11337,The Melting Pot,"15 Calton Road,  Edinburgh, Edh, Eh8 8Dl",No,No,,,,,,,,,355669,,,,,,
,Griffith University,"170 Kessels Road, Nathan Qld 4111",Membership Fees,31/07/2021,55000,Gold Coast Education And Training Netw,"Po Box 3475, Australia Fair Southport, Qld, 4215",No,No,,,,,,,,,1913665,,,,,,
,Griffith University,"170 Kessels Road, Nathan Qld 4111",Subscription/License Fees,31/07/2021,19533,Thinkbox Solutions Pty Ltd,"Po Box 142,  Wynnum, Qld, 4178",No,No,,,,,,,,,1912918,,,,,,
,Griffith University,"170 Kessels Road, Nathan Qld 4111",Membership Fees,31/07/2021,29037,University Admissions Centre (Nsw & Act),"Locked Bag 112,  Silverwater, Nsw, 2128",No,No,,,,,,,,,1913094,,,,,,
,Griffith University,"170 Kessels Road, Nathan Qld 4111",Consultancy Services,2/08/2021,42928,Dm2Architecture Pty Ltd,"5A/8 Petrie Terrace,  Petrie Terrace, Qld, 4000",No,No,,,,,,,,,355717,,,,,,
,Griffith University,"170 Kessels Road, Nathan Qld 4111",Equipment,2/08/2021,10403,Jb Hi Fi Group Pty Ltd,"544 Kessells Road,  Macgregor, Qld, 4109",No,No,,,,,,,,,355716,,,,,,
,Griffith University,"170 Kessels Road, Nathan Qld 4111",Consultancy Services,2/08/2021,20834,Jha Consulting Engineers (Qld) Pty Ltd,"Ground Floor, 130 Commercial Road Teneriffe, Qld, 4005",No,No,,,,,,,,,355719,,,,,,
,Griffith University,"170 Kessels Road, Nathan Qld 4111",Consultancy Services,2/08/2021,17094,Jha Consulting Engineers (Qld) Pty Ltd,"Ground Floor, 130 Commercial Road Teneriffe, Qld, 4005",No,No,,,,,,,,,355720,,,,,,
,Griffith University,"170 Kessels Road, Nathan Qld 4111",Marketing fees,2/08/2021,1397000,Mediacom Australia Pty Ltd,"Level 17, 65 Berry Street North Sydney, Nsw, 2060",No,No,Selective,,,,,,,,355749,,,,,,
,Griffith University,"170 Kessels Road, Nathan Qld 4111",Security Expenditure,2/08/2021,12517,Securcom Pty Ltd,"Unit 79, 193 South Pine Road Brendale, Qld, 4500",No,No,,,,,,,,,355734,,,,,,
,Griffith University,"170 Kessels Road, Nathan Qld 4111",Support & maintenance services,2/08/2021,153450,The Trustee For Arcblue Consulting Trust,"Level 19, 15 William Street Melbourne, Vic, 3000",Yes,No,,,,,,,,,GU-253,,,,,,
,Griffith University,"170 Kessels Road, Nathan Qld 4111",Scientific Equipment,2/08/2021,17740,Thorlabs Inc,"56 Sparta Avenue,  Newton, Nj, 07860",No,No,,,,,,,,,355713,,,,,,
,Griffith University,"170 Kessels Road, Nathan Qld 4111",Consultancy Services,2/08/2021,49995,Vmation Pty Ltd,"7 Diddams Lane,  Brisbane City, Qld, 4000",No,No,,,,,,,,,355712,,,,,,
,Griffith University,"170 Kessels Road, Nathan Qld 4111",Recruitment/Placement Fees,3/08/2021,12741,Ambition Recruit Pty Limited,"5/55 Clarence St,  Sydney, Nsw, 2000",No,No,,,,,,,,,1916601,,,,,,
,Griffith University,"170 Kessels Road, Nathan Qld 4111",Rent,3/08/2021,90057,Arts Queensland,"Gpo Box 1436,  Brisbane, Qld, 4001",No,No,,,,,,,,,355771,,,,,,
,Griffith University,"170 Kessels Road, Nathan Qld 4111",Subscription/License Fees,3/08/2021,46216,Aust Higher Education Industrial Assoc,"Gpo Box 775,  Melbourne, Vic, 3001",No,No,,,,,,,,,1916594,,,,,,
,Griffith University,"170 Kessels Road, Nathan Qld 4111",Legal fees,3/08/2021,87350,Cooper Grace Ward,"Level 21, 400 George Street Brisbane, Qld, 4000",No,No,,,,,,,,,355765,,,,,,
,Griffith University,"170 Kessels Road, Nathan Qld 4111",Legal fees,3/08/2021,29590,Mccullough Robertson Lawyers,"Po Box 1855,  Brisbane, Qld, 4001",No,No,,,,,,,,,1916602,,,,,,
,Griffith University,"170 Kessels Road, Nathan Qld 4111",Equipment,3/08/2021,14036,Multitech Solutions Pty Ltd,"Po Box 790,  Coorparoo, Qld, 4151",No,No,,,,,,,,,355773,,,,,,
,Griffith University,"170 Kessels Road, Nathan Qld 4111",Consultancy Services,3/08/2021,18416,Queensland University Of Technology,"Gpo Box 2434,  Brisbane, Qld, 4001",No,No,,,,,,,,,355772,,,,,,
,Griffith University,"170 Kessels Road, Nathan Qld 4111",Telecommunications Expenditure,3/08/2021,180000,Smsglobal Pty Ltd,"South Melbourne, Vic",No,No,,,,,,,,,349767 361206 379752,,GU-339,,,,
,Griffith University,"170 Kessels Road, Nathan Qld 4111",Subscription/License Fees,3/08/2021,19533,Thinkbox Solutions Pty Ltd,"Po Box 142,  Wynnum, Qld, 4178",No,No,,,,,,,,,355784,,,,,,
,Griffith University,"170 Kessels Road, Nathan Qld 4111",Repairs & maintenance,4/08/2021,20799,A1 Building & Property Solutions Pty Ltd,"3 D'Aguilar Road,  The Gap, Qld, 4061",No,No,,,,,,,,,355813,,,,,,
,Griffith University,"170 Kessels Road, Nathan Qld 4111",Scientific Equipment,4/08/2021,14563,Applied Infrared Sensing,"Po Box 760,  Port Macquarie, Nsw, 2444",No,No,,,,,,,,,355809,,,,,,
,Griffith University,"170 Kessels Road, Nathan Qld 4111",Repairs & maintenance,4/08/2021,11043,Asset Power Solutions Pty Ltd,"Po Box 459,  Cannon Hill, Qld, 4170",No,No,,,,,,,,,355807,,,,,,
,Griffith University,"170 Kessels Road, Nathan Qld 4111",Recruitment/Placement Fees,4/08/2021,73700,Ccentric International Pty Ltd,"Level 6 92 Pitt Street,  Sydney, Nsw, 2000",No,No,,,,,,,,,355795,,,,,,
,Griffith University,"170 Kessels Road, Nathan Qld 4111",Recruitment/Placement Fees,4/08/2021,41800,Ccentric International Pty Ltd,"Level 6 92 Pitt Street,  Sydney, Nsw, 2000",No,No,,,,,,,,,355796,,,,,,
,Griffith University,"170 Kessels Road, Nathan Qld 4111",Recruitment/Placement Fees,4/08/2021,41800,Ccentric International Pty Ltd,"Level 6 92 Pitt Street,  Sydney, Nsw, 2000",No,No,,,,,,,,,355797,,,,,,
,Griffith University,"170 Kessels Road, Nathan Qld 4111",Consultancy Services,4/08/2021,69850,Edge Consulting Engineers Australasia,"Po Box 6148,  Woolloongabba, Qld, 4102",No,No,,,,,,,,,355812,,,,,,
,Griffith University,"170 Kessels Road, Nathan Qld 4111",Consultancy Services,4/08/2021,19800,Fundraising Force,New South Wales,No,No,,,,,,,,,355790,,,,,,
,Griffith University,"170 Kessels Road, Nathan Qld 4111",Subscription/License Fees,4/08/2021,628874,Oracle Corporation Australia Pty Ltd,"Gpo Box 1313,  Sydney, Nsw, 2001",No,No,Open,,,,,,,,355798,,,,,,
,Griffith University,"170 Kessels Road, Nathan Qld 4111",Commission payment,4/08/2021,20000,Shanghai Wenyuan Education Consulting Co,"Rm.602, No.9, Lane 1650, Yong Tai Road,  Pudong New District, 31, 200123",No,No,,,,,,,,,1916619,,,,,,
,Griffith University,"170 Kessels Road, Nathan Qld 4111",Relocation Services,4/08/2021,19800,Sirva Relocation,"490 Freeman Road,  Richlands, Qld, 4077",No,No,,,,,,,,,355811,,,,,,
,Griffith University,"170 Kessels Road, Nathan Qld 4111",Reference materials,4/08/2021,136157,Springer Customer Service Centre Gmbh,"Haberstrasse 7,  Heidelberg, , D69126",No,No,,,,,,,,,1916264,,,,,,
,Griffith University,"170 Kessels Road, Nathan Qld 4111",Subscription/License Fees,4/08/2021,16291,The Sax Institute,"Po Box K617,  Haymarket, Nsw, 1240",No,No,,,,,,,,,355788,,,,,,
,Griffith University,"170 Kessels Road, Nathan Qld 4111",Event Expenditure,4/08/2021,27630,The Star Gold Coast,"Po Box 1515,  Broadbeach, Qld, 4218",No,No,,,,,,,,,355806,,,,,,
,Griffith University,"170 Kessels Road, Nathan Qld 4111",Marketing fees,4/08/2021,21948,Traffic Film & Video Production,"332 Montague Road,  West End, Qld, 4101",No,No,,,,,,,,,355786,,,,,,
,Griffith University,"170 Kessels Road, Nathan Qld 4111",Consultancy Services,4/08/2021,38488,Uipath Srl,"4 Vasile Alecsandri St. And 11 Constantin Daniel St., Building A, Floors 5 And 6 Bucharest, 010613",No,No,,,,,,,,,355789,,,,,,
,Griffith University,"170 Kessels Road, Nathan Qld 4111",Event Expenditure,5/08/2021,110000,Binna Burra Media Pty Ltd,"Po Box 434 Bangalow Lpo, Byron Road Bangalow, Nsw, 2479",No,No,,,,,,,,,355821,,,,,,
,Griffith University,"170 Kessels Road, Nathan Qld 4111",Scientific Equipment,5/08/2021,58300,Bio-Strategy Pty Limited,"P.O Box 14,  Campbellfield, Vic, 3061",No,No,,,,,,,,,355847,,,,,,
,Griffith University,"170 Kessels Road, Nathan Qld 4111",Equipment,5/08/2021,26664,Fresh By Design,"Unit 1, 13 Old Dairy Close,  Moss Vale, Nsw, 2577",No,No,,,,,,,,,355822,,,,,,
,Griffith University,"170 Kessels Road, Nathan Qld 4111",Equipment,5/08/2021,38500,One Dental Pty Ltd,"8/9 Packard Avenue,  Castle Hill, Nsw, 2154",No,No,,,,,,,,,355832,,,,,,
,Griffith University,"170 Kessels Road, Nathan Qld 4111",Repairs & maintenance,6/08/2021,12738,Bell Spec Pty Ltd T/A Southport Carpets,"1/39-41 Olympic Circuit,  Southport, Qld, 4215",No,No,,,,,,,,,355880,,,,,,
,Griffith University,"170 Kessels Road, Nathan Qld 4111",Professional fees,6/08/2021,11585,Bennett And Bennett Group,"Po Box 5021,  Gold Coast Mail Centre, Qld, 9726",No,No,,,,,,,,,355890,,,,,,
,Griffith University,"170 Kessels Road, Nathan Qld 4111",Recruitment/Placement Fees,6/08/2021,73700,Ccentric International Pty Ltd,"Level 6 92 Pitt Street,  Sydney, Nsw, 2000",No,No,,,,,,,,,355866,,,,,,
,Griffith University,"170 Kessels Road, Nathan Qld 4111",Minor Alterations and Works,6/08/2021,19360,Insync Solutions Pty Ltd,"Po Box 3580,  Rundle Mall, Sa, 5000",No,No,,,,,,,,,355884,,,,,,
,Griffith University,"170 Kessels Road, Nathan Qld 4111",Scientific Equipment,6/08/2021,10986,John Morris Scientific Pty Ltd,"Po Box 447,  Willoughby, Nsw, 2068",No,No,,,,,,,,,355889,,,,,,
,Griffith University,"170 Kessels Road, Nathan Qld 4111",Equipment,6/08/2021,67619,Olympus Australia Pty Ltd,"Po Box 985,  Mt Waverley, Vic, 3149",No,No,,,,,,,,,355900,,,,,,
,Griffith University,"170 Kessels Road, Nathan Qld 4111",Recruitment/Placement Fees,6/08/2021,55000,Robinson Fitzgerald Pty Ltd,"Suite 26, 138 Juliette Street,  Greenslopes, Qld, 4120",No,No,,,,,,,,,355901,,,,,,
,Griffith University,"170 Kessels Road, Nathan Qld 4111",Consumables,6/08/2021,11858,Sigma Aldrich Pty Ltd,"Po Box 970,  Castle Hill, Nsw, 1765",No,No,,,,,,,,,355894,,,,,,
,Griffith University,"170 Kessels Road, Nathan Qld 4111",Minor Alterations and Works,6/08/2021,14323,Steadfast Projects Pty Ltd,"16 Ferndale Place,  Upper Kedron, Qld, 4055",No,No,,,,,,,,,355891,,,,,,
,Griffith University,"170 Kessels Road, Nathan Qld 4111",Support & maintenance services,7/08/2021,48237,Lennox Computer,"Unit 8, ""The Hub"", 14 Ashtan Place Banyo, Qld, 4014",No,No,,,,,,,,,1917051 1932252 1943964 1957754,,,,,,
,Griffith University,"170 Kessels Road, Nathan Qld 4111",Consultancy Services,9/08/2021,57564,Consulting & Implementation Services P/L,"Suite 405, 838 Collins Street,  Docklands, Vic, 3008",No,No,,,,,,,,,355916,,,,,,
,Griffith University,"170 Kessels Road, Nathan Qld 4111",Laboratory Consumables,9/08/2021,189267,Epiworld International Co Ltd,"Room 803, Qiangye Building, No 98 Xiangxing Road , 35, 361101",No,No,,,,,,,,,355920,,,,,,
,Griffith University,"170 Kessels Road, Nathan Qld 4111",Consultancy Services,9/08/2021,148500,Gold Coast City Council,"Po Box 5042,  Gold Coast Mail Centre, Qld, 9729",No,No,,,,,,,,,355917,,,,,,
,Griffith University,"170 Kessels Road, Nathan Qld 4111",Subscription/License Fees,9/08/2021,11798,Qualtrics Llc,"333 West River Park Drive,  Provo, Ut, 84604",No,No,,,,,,,,,355919,,,,,,
,Griffith University,"170 Kessels Road, Nathan Qld 4111",Equipment,10/08/2021,94270,Brightside Scientific Pty Ltd,"2/8 Teamster Close,  Tuggerah, Nsw, 2259",No,No,,,,,,,,,355964,,,,,,
,Griffith University,"170 Kessels Road, Nathan Qld 4111",Commission payment,10/08/2021,12100,Education & Migration Services Australia,"1703/56 Scarborough Street,  Southport, Qld, 4215",No,No,,,,,,,,,1917685,,,,,,
,Griffith University,"170 Kessels Road, Nathan Qld 4111",Asset purchase,10/08/2021,27725,Hill-Rom Pty Ltd,"Po Box 6637,  North Ryde, Nsw, 2113",No,No,,,,,,,,,355968,,,,,,
,Griffith University,"170 Kessels Road, Nathan Qld 4111",Consultancy Services,10/08/2021,55000,Janet Pauline Dalby,Queensland,No,No,,,,,,,,,355990,,,,,,
,Griffith University,"170 Kessels Road, Nathan Qld 4111",Security Expenditure,10/08/2021,27650,Securcom Pty Ltd,"Unit 79, 193 South Pine Road Brendale, Qld, 4500",No,No,,,,,,,,,355962,,,,,,
,Griffith University,"170 Kessels Road, Nathan Qld 4111",Recruitment/Placement Fees,10/08/2021,19045,U&U Recruitment Partners,"Level 12, 259 Queen Street,  Brisbane, Qld, 4000",No,No,,,,,,,,,355987,,,,,,
,Griffith University,"170 Kessels Road, Nathan Qld 4111",Hire Fees,11/08/2021,2796142,Bvn Architecture Pty Ltd,"12 Creek Street,  Brisbane City, Qld, 4000",No,No,Open,,,,,,,,356038,,,,,,
,Griffith University,"170 Kessels Road, Nathan Qld 4111",Membership Fees,11/08/2021,12000,Cooperative Research Centres Association,"Unit 1/10 Bourke Street,  Barton, Act, 2600",No,No,,,,,,,,,1917730,,,,,,
,Griffith University,"170 Kessels Road, Nathan Qld 4111",Consultancy Services,11/08/2021,58740,Jll Public Sector Valuations Pty Ltd,"Level 2, 139 Coronation Drive,  Milton, Qld, 4064",No,No,,,,,,,,,355998,,,,,,
,Griffith University,"170 Kessels Road, Nathan Qld 4111",Consultancy Services,11/08/2021,192247,Navitas Pty Limited,"Level 8, Brookfield Place, 125 St Georges Terrace Perth, Wa, 6000",No,No,,,,,,,,,356037,,,,,,
,Griffith University,"170 Kessels Road, Nathan Qld 4111",Consultancy Services,11/08/2021,18250,Nicholas James Blinco,Victoria,No,No,,,,,,,,,356013,,,,,,
,Griffith University,"170 Kessels Road, Nathan Qld 4111",Subscription/License Fees,11/08/2021,44317,Uptodate Inc.,"Po Box 412094,  Boston, Ma, 02241-2094",No,No,,,,,,,,,1917307,,,,,,
,Griffith University,"170 Kessels Road, Nathan Qld 4111",Scientific Equipment,12/08/2021,22935,Bio-Strategy Pty Limited,"P.O Box 14,  Campbellfield, Vic, 3061",No,No,,,,,,,,,356042,,,,,,
,Griffith University,"170 Kessels Road, Nathan Qld 4111",Consultancy Services,12/08/2021,14662,Deception Detection Education Ltd,"24 Landport Terrace,  Hampshire, , Po1 2Rg",No,No,,,,,,,,,1916385,,,,,,
,Griffith University,"170 Kessels Road, Nathan Qld 4111",Support & maintenance services,12/08/2021,31075,Qsr International Pty Ltd,"Level 2, 651 Doncaster Road Doncaster, Vic, 3108",No,No,,,,,,,,,356046,,,,,,
,Griffith University,"170 Kessels Road, Nathan Qld 4111",Scientific Equipment,12/08/2021,10450,Scope Scientific,"Po Box 2131,  Kelvin Grove, Qld, 4059",No,No,,,,,,,,,356073,,,,,,
,Griffith University,"170 Kessels Road, Nathan Qld 4111",Consultancy Services,12/08/2021,19800,Sue Birch Consulting,Victoria,No,No,,,,,,,,,356045,,,,,,
,Griffith University,"170 Kessels Road, Nathan Qld 4111",Professional fees,12/08/2021,15444,Wilson Architects,"564 Boundary Street,  Spring Hill, Qld, 4000",No,No,,,,,,,,,356078,,,,,,
,Griffith University,"170 Kessels Road, Nathan Qld 4111",Scientific Equipment,12/08/2021,16832,Xylem Water Solutions Australia Ltd,"Po Box 2065,  Mansfield, Qld, 4122",No,No,,,,,,,,,356065,,,,,,
,Griffith University,"170 Kessels Road, Nathan Qld 4111",Subscription/License Fees,13/08/2021,48469,Aarnet,"Gpo Box 1559,  Canberra, Act, 2601",No,No,,,,,,,,,1918165,,,,,,
,Griffith University,"170 Kessels Road, Nathan Qld 4111",Legal fees,13/08/2021,16713,Cooper Grace Ward,"Level 21, 400 George Street Brisbane, Qld, 4000",No,No,,,,,,,,,356097,,,,,,
,Griffith University,"170 Kessels Road, Nathan Qld 4111",Subscription/License Fees,13/08/2021,164685,Data #3 Limited,"Po Box 551,  Indooroopilly, Qld, 4068",No,No,,,,,,,,,356098,,,,,,
,Griffith University,"170 Kessels Road, Nathan Qld 4111",Subscription/License Fees,13/08/2021,41979,Data #3 Limited,"Po Box 551,  Indooroopilly, Qld, 4068",No,No,,,,,,,,,356107,,,,,,
,Griffith University,"170 Kessels Road, Nathan Qld 4111",Laboratory Consumables,13/08/2021,25392,Dongguan Tianyu Semiconductor Technology,"No.5 Industrial North 1St Road, Songshan Lake High-Tech Zone Dongguan, 44, 523808",No,No,,,,,,,,,356101,,,,,,
,Griffith University,"170 Kessels Road, Nathan Qld 4111",Recruitment/Placement Fees,14/08/2021,15702,U&U Recruitment Partners,"Level 12, 259 Queen Street,  Brisbane, Qld, 4000",No,No,,,,,,,,,1915175,,,,,,
,Griffith University,"170 Kessels Road, Nathan Qld 4111",Consumables,16/08/2021,12180,Beckman Coulter Australia P/L,"Unit D, 24 College St,  Gladesville, Nsw, 2111",No,No,,,,,,,,,356126,,,,,,
,Griffith University,"170 Kessels Road, Nathan Qld 4111",Legal fees,16/08/2021,64481,Clayton Utz,"Gpo Box 9806,  Canberra, Act, 2601",No,No,,,,,,,,,356152,,,,,,
,Griffith University,"170 Kessels Road, Nathan Qld 4111",Cleaning Services,16/08/2021,21780,Descab Pty Ltd T/A Qld Multi Trades,"34 Hindes Street,  Lota, Qld, 4178",No,No,,,,,,,,,356146,,,,,,
,Griffith University,"170 Kessels Road, Nathan Qld 4111",Marketing fees,16/08/2021,109959,Mediacom Australia Pty Ltd,"Level 17, 65 Berry Street North Sydney, Nsw, 2060",No,No,,,,,,,,,356156,,,,,,
,Griffith University,"170 Kessels Road, Nathan Qld 4111",Consultancy Services,16/08/2021,27300,Outback Futures Limited,"129 Logan Road,  Woolloongabba, Qld, 4102",No,No,,,,,,,,,1918371,,,,,,
,Griffith University,"170 Kessels Road, Nathan Qld 4111",Repairs & maintenance,16/08/2021,14850,T&M Tree Services,"16-22 Buccan Road,  Buccan, Qld, 4207",No,No,,,,,,,,,356139,,,,,,
,Griffith University,"170 Kessels Road, Nathan Qld 4111",Consultancy Services,17/08/2021,35365,Cpem Consulting Group,"Po Box 259,  Holland Park, Qld, 4121",No,No,,,,,,,,,356196,,,,,,
,Griffith University,"170 Kessels Road, Nathan Qld 4111",Building works,17/08/2021,29810,Hawkins Jenkins Ross Pty Ltd,"619 Logan Road,  Greenslopes, Qld, 4120",No,No,,,,,,,,,356194,,,,,,
,Griffith University,"170 Kessels Road, Nathan Qld 4111",Marketing fees,17/08/2021,121432,Mediacom Australia Pty Ltd,"Level 17, 65 Berry Street North Sydney, Nsw, 2060",No,No,,,,,,,,,356177,,,,,,
,Griffith University,"170 Kessels Road, Nathan Qld 4111",Consultancy Services,17/08/2021,29798,Pitch Black Engineering,"Santos Place,, Level 27, 32 Turbot Street Brisbane, Qld, 4000",No,No,,,,,,,,,356192,,,,,,
,Griffith University,"170 Kessels Road, Nathan Qld 4111",Consultancy Services,17/08/2021,25608,Pitch Black Engineering,"Santos Place,, Level 27, 32 Turbot Street Brisbane, Qld, 4000",No,No,,,,,,,,,356193,,,,,,
,Griffith University,"170 Kessels Road, Nathan Qld 4111",Equipment,17/08/2021,17525,Proav Solutions Queensland,"Po Box 2722,  Toowong, Qld, 4066",No,No,,,,,,,,,356197,,,,,,
,Griffith University,"170 Kessels Road, Nathan Qld 4111",Repairs & maintenance,17/08/2021,39318,Raylinc Agencies Pty Ltd,"9 Colebard Street West,  Acacia Ridge, Qld, 4110",No,No,,,,,,,,,356207,,,,,,
,Griffith University,"170 Kessels Road, Nathan Qld 4111",Consultancy Services,17/08/2021,80300,Servian Pty Ltd,"Level 38, 71 Eagle Street Brisbane City, Qld, 4000",No,No,,,,,,,,,356199,,,,,,
,Griffith University,"170 Kessels Road, Nathan Qld 4111",Legal fees,18/08/2021,85909,Clayton Utz,"Gpo Box 9806,  Canberra, Act, 2601",No,No,,,,,,,,,356235,,,,,,
,Griffith University,"170 Kessels Road, Nathan Qld 4111",Infrastructure,18/08/2021,2417386,Henry Schein Regional Trust,"Po Box 3593,  South Brisbane, Qld, 4101",No,No,Selective,,,,,,,,356244,,,,,,
,Griffith University,"170 Kessels Road, Nathan Qld 4111",Repairs & maintenance,18/08/2021,10010,M & S Installs Pty Ltd,"129-143 Latimer Road,  Logan Village, Qld, 4207",No,No,,,,,,,,,356232,,,,,,
,Griffith University,"170 Kessels Road, Nathan Qld 4111",Subscription/License Fees,18/08/2021,20455,Scholars At Risk,"411 Lafayette St., Suite 354,  New York, Ny, 10003",No,No,,,,,,,,,1918583,,,,,,
,Griffith University,"170 Kessels Road, Nathan Qld 4111",Consultancy Services,18/08/2021,19988,The Florey Institute Of Neuroscience And,"30 Royal Parade,  Parkville, Vic, 3052",No,No,,,,,,,,,1918367,,,,,,
,Griffith University,"170 Kessels Road, Nathan Qld 4111",Minor Alterations and Works,18/08/2021,31374,The Trustee For The Rm & Jm Fuller Famil,"Unit 5, 8-12 Gateway Court Coomera, Qld, 4209",No,No,,,,,,,,,356260,,,,,,
,Griffith University,"170 Kessels Road, Nathan Qld 4111",Event Expenditure,18/08/2021,11088,Transformationfirst.Asia,"29 Media Circle, #04-18 Wenergy Global, 138565",No,No,,,,,,,,,1918368,,,,,,
,Griffith University,"170 Kessels Road, Nathan Qld 4111",Equipment,19/08/2021,11556,Bio-Strategy Pty Limited,"P.O Box 14,  Campbellfield, Vic, 3061",No,No,,,,,,,,,356284,,,,,,
,Griffith University,"170 Kessels Road, Nathan Qld 4111",Telecommunications Expenditure,19/08/2021,16105,Lemac Films (Australia) Pty Ltd,"5 Exhibition Street,  Bowen Hills, Qld, 4006",No,No,,,,,,,,,356283,,,,,,
,Griffith University,"170 Kessels Road, Nathan Qld 4111",Scientific Equipment,19/08/2021,10571,Thermo Fisher Scientific Australia,"Po Box 9092,  Scoresby, Vic, 3179",No,No,,,,,,,,,356285,,,,,,
,Griffith University,"170 Kessels Road, Nathan Qld 4111",Accreditation Fees,20/08/2021,31741,Australian Physiotherapy Council Limited,"Gpo Box 587,  Canberra, Act, 2601",No,No,,,,,,,,,1915830,,,,,,
,Griffith University,"170 Kessels Road, Nathan Qld 4111",Repairs & maintenance,20/08/2021,13202,Cdr Electrical,"2/1 Doggett Dr,  Miami, Qld, 4220",No,No,,,,,,,,,356321,,,,,,
,Griffith University,"170 Kessels Road, Nathan Qld 4111",Repairs & maintenance,20/08/2021,16170,Ge Healthcare Australia Pty Ltd,"32 Phillip Street,  Parramatta, Nsw, 2150",No,No,,,,,,,,,356294,,,,,,
,Griffith University,"170 Kessels Road, Nathan Qld 4111",Consumables,20/08/2021,16500,Horseley Dental Supplies Pty Ltd,"Po Box 725,  Granville, Nsw, 2142",No,No,,,,,,,,,356343,,,,,,
,Griffith University,"170 Kessels Road, Nathan Qld 4111",Marketing fees,20/08/2021,20735,Mediacom Australia Pty Ltd,"Level 17, 65 Berry Street North Sydney, Nsw, 2060",No,No,,,,,,,,,356313,,,,,,
,Griffith University,"170 Kessels Road, Nathan Qld 4111",Marketing fees,20/08/2021,55088,Mediacom Australia Pty Ltd,"Level 17, 65 Berry Street North Sydney, Nsw, 2060",No,No,,,,,,,,,356314,,,,,,
,Griffith University,"170 Kessels Road, Nathan Qld 4111",Repairs & maintenance,23/08/2021,18205,Descab Pty Ltd T/A Qld Multi Trades,"34 Hindes Street,  Lota, Qld, 4178",No,No,,,,,,,,,356375,,,,,,
,Griffith University,"170 Kessels Road, Nathan Qld 4111",Laboratory Consumables,23/08/2021,38946,Dongguan Tianyu Semiconductor Technology,"No.5 Industrial North 1St Road, Songshan Lake High-Tech Zone Dongguan, 44, 523808",No,No,,,,,,,,,356365,,,,,,
,Griffith University,"170 Kessels Road, Nathan Qld 4111",Recruitment/Placement Fees,23/08/2021,24409,Emanate Technology Qld Pty Ltd,"Wework, Level 6, 123 Eagle Street,  Brisbane, Qld, 4000",No,No,,,,,,,,,1918168,,,,,,
,Griffith University,"170 Kessels Road, Nathan Qld 4111",Marketing fees,23/08/2021,23100,In Queensland Media Pty Ltd,"Level 15, 111 Eagle Street,  Brisbane, Qld, 4000",No,No,,,,,,,,,356360,,,,,,
,Griffith University,"170 Kessels Road, Nathan Qld 4111",Subscription/License Fees,23/08/2021,186127,Ping Identity Corporation,"1001 17Th Street, Suite 100,  Denver, Co, 80202",No,No,,,,,,,,,356361,,,,,,
,Griffith University,"170 Kessels Road, Nathan Qld 4111",Subscription/License Fees,23/08/2021,10500,Qualtrics Llc,"333 West River Park Drive,  Provo, Ut, 84604",No,No,,,,,,,,,356358,,,,,,
,Griffith University,"170 Kessels Road, Nathan Qld 4111",Recruitment/Placement Fees,23/08/2021,49500,Robinson Fitzgerald Pty Ltd,"Suite 26, 138 Juliette Street,  Greenslopes, Qld, 4120",No,No,,,,,,,,,356389,,,,,,
,Griffith University,"170 Kessels Road, Nathan Qld 4111",Subscription/License Fees,23/08/2021,16017,Vertigo Ventures Australia Pty Ltd,New South Wales,No,No,,,,,,,,,356357,,,,,,
,Griffith University,"170 Kessels Road, Nathan Qld 4111",Equipment,24/08/2021,18057,Brightside Scientific Pty Ltd,"2/8 Teamster Close,  Tuggerah, Nsw, 2259",No,No,,,,,,,,,356396,,,,,,
,Griffith University,"170 Kessels Road, Nathan Qld 4111",Event Expenditure,24/08/2021,86826,Gold Coast Convention & Exhibition Centr,"Po Box 1407,  Broadbeach, Qld, 4218",No,No,,,,,,,,,356426,,,,,,
,Griffith University,"170 Kessels Road, Nathan Qld 4111",Equipment,24/08/2021,29893,John Barry Group Pty Ltd,"C/- Warner Studios, Pacific Highway Oxenford, Qld, 4210",No,No,,,,,,,,,356455,,,,,,
,Griffith University,"170 Kessels Road, Nathan Qld 4111",Scientific Equipment,24/08/2021,11050,Miltenyi Biotec Australia Pty Ltd,"Unit 16A, 2 Eden Park Drive,  North Ryde, Nsw, 2113",No,No,,,,,,,,,356435,,,,,,
,Griffith University,"170 Kessels Road, Nathan Qld 4111",Repairs & maintenance,25/08/2021,21322,A1 Building & Property Solutions Pty Ltd,"3 D'Aguilar Road,  The Gap, Qld, 4061",No,No,,,,,,,,,356482,,,,,,
,Griffith University,"170 Kessels Road, Nathan Qld 4111",Repairs & maintenance,25/08/2021,20730,A1 Building & Property Solutions Pty Ltd,"3 D'Aguilar Road,  The Gap, Qld, 4061",No,No,,,,,,,,,356483,,,,,,
,Griffith University,"170 Kessels Road, Nathan Qld 4111",Consultancy Services,25/08/2021,25471,Bgi Health (Au) Company Pty Ltd,"Level 6, Cbcrc,  Qimr, 300 Herston Road Herston, Qld, 4006",No,No,,,,,,,,,1919328,,,,,,
,Griffith University,"170 Kessels Road, Nathan Qld 4111",Event Expenditure,25/08/2021,270556,Brisbane Convention And Exhibition Centr,"Po Box 3869, South Bank Brisbane, Qld, 4101",No,No,,,,,,,,,356485,,,,,,
,Griffith University,"170 Kessels Road, Nathan Qld 4111",Subscription/License Fees,25/08/2021,242813,Service Quality Pty Ltd,"Unit 2, Building 5, 205-215 Lietchs Road,  Brendale, Qld, 4500",No,No,,,,,,,,,356462,,,,,,
,Griffith University,"170 Kessels Road, Nathan Qld 4111",Training & development services,25/08/2021,31460,Suicide Risk Assessment Australia,"Po Box 178,  Engadine, Nsw, 2233",No,No,,,,,,,,,356469,,,,,,
,Griffith University,"170 Kessels Road, Nathan Qld 4111",Consultancy Services,25/08/2021,33000,The Waste To Opportunity Enterprise,"336 Rode Road,  Wavell Heights, Qld, 4012",No,No,,,,,,,,,356466,,,,,,
,Griffith University,"170 Kessels Road, Nathan Qld 4111",Consultancy Services,26/08/2021,20000,Catherine Wilson,New South Wales,No,No,,,,,,,,,356538,,,,,,
,Griffith University,"170 Kessels Road, Nathan Qld 4111",Training & development services,26/08/2021,15730,Petris Lapis Pty Ltd,"16 Cropthorne Street,  Tarragindi, Qld, 4121",No,No,,,,,,,,,356535,,,,,,
,Griffith University,"170 Kessels Road, Nathan Qld 4111",Lab equipment,27/08/2021,15013,Southern Biological,"1/44 Rushdale Street,  Knoxfield, Vic, 3180",No,No,,,,,,,,,356581,,,,,,
,Griffith University,"170 Kessels Road, Nathan Qld 4111",Legal fees,28/08/2021,73504,Mccullough Robertson Lawyers,"Po Box 1855,  Brisbane, Qld, 4001",No,No,,,,,,,,,1916388,,,,,,
,Griffith University,"170 Kessels Road, Nathan Qld 4111",Consultancy Services,30/08/2021,18563,A.G. Coombs Advisory Pty Ltd,"26 Cochranes Rd,  Moorabbin, Vic, 3189",No,No,,,,,,,,,356641,,,,,,
,Griffith University,"170 Kessels Road, Nathan Qld 4111",Repairs & maintenance,30/08/2021,12037,A1 Building & Property Solutions Pty Ltd,"3 D'Aguilar Road,  The Gap, Qld, 4061",No,No,,,,,,,,,356657,,,,,,
,Griffith University,"170 Kessels Road, Nathan Qld 4111",Building Construction & Maintenance,30/08/2021,50769,Drives & Process Engineering Pty Ltd,"Po Box 4067,  Forest Lake, Qld, 4078",No,No,,,,,,,,,1922023,,,,,,
,Griffith University,"170 Kessels Road, Nathan Qld 4111",Repairs & maintenance,30/08/2021,10437,Inovace Technologies,"291, Elephant Road, Dhaka-1205,  Dhaka, , 1205",No,No,,,,,,,,,356683,,,,,,
,Griffith University,"170 Kessels Road, Nathan Qld 4111",Recruitment/Placement Fees,30/08/2021,15400,Optimum Recruitment Group (Qld) Pty Ltd,"Level 17, 40 Creek Street,  Brisbane, Qld, 4000",No,No,,,,,,,,,356621,,,,,,
,Griffith University,"170 Kessels Road, Nathan Qld 4111",Event Expenditure,30/08/2021,17000,Racv Royal Pines Resort,"Pmb 88,  Gcmc, Qld, 9726",No,No,,,,,,,,,356686,,,,,,
,Griffith University,"170 Kessels Road, Nathan Qld 4111",Repairs & maintenance,30/08/2021,19254,Tecniplast Australia Pty Limited,"Unit 10, 79-85 Mars Road, North Star Business Park Lane Cove, Nsw, 2066",No,No,,,,,,,,,356663,,,,,,
,Griffith University,"170 Kessels Road, Nathan Qld 4111",Professional fees,30/08/2021,17655,Turner & Townsend Pty Ltd,"Level 13, 140 Creek St,  Brisbane, Qld, 4000",No,No,,,,,,,,,356634,,,,,,
,Griffith University,"170 Kessels Road, Nathan Qld 4111",Recruitment/Placement Fees,30/08/2021,15703,U&U Recruitment Partners,"Level 12, 259 Queen Street,  Brisbane, Qld, 4000",No,No,,,,,,,,,356643,,,,,,
,Griffith University,"170 Kessels Road, Nathan Qld 4111",Event Expenditure,30/08/2021,33828,Visual Event Management Pty Ltd,"27 Edward Street,  Narraweena, Nsw, 2099",No,No,,,,,,,,,356619,,,,,,
,Griffith University,"170 Kessels Road, Nathan Qld 4111",Subscription/License Fees,31/08/2021,57500,Digicert Inc,"2801 North Thanksgiving Way #500,  Lehi, Ut, 84043",No,No,,,,,,,,,GU-286,,,,,,
,Griffith University,"170 Kessels Road, Nathan Qld 4111",Subscription/License Fees,31/08/2021,16800,Refinitiv Australia Pty Limited,"Level 10, 60 Margaret Street Sydney, Nsw, 2000",No,No,,,,,,,,,356695,,,,,,
,Griffith University,"170 Kessels Road, Nathan Qld 4111",Membership Fees,31/08/2021,61806,The Conversation Media Group,"Level 3, 33 Lincoln Square South,  Melbourne, Vic, 3010",No,No,,,,,,,,,1920660,,,,,,
,Griffith University,"170 Kessels Road, Nathan Qld 4111",Recruitment/Placement Fees,31/08/2021,15703,U&U Recruitment Partners,"Level 12, 259 Queen Street,  Brisbane, Qld, 4000",No,No,,,,,,,,,356726,,,,,,
,Griffith University,"170 Kessels Road, Nathan Qld 4111",Consultancy Services,31/08/2021,66000,University Of Sunshine Coast,"Financial Services, G.25 Administration Building Maroochydore Dc, Qld, 4558",No,No,,,,,,,,,356720,,,,,,
,Griffith University,"170 Kessels Road, Nathan Qld 4111",Building Construction & Maintenance,1/09/2021,17521,A1 Building & Property Solutions Pty Ltd,"3 D'Aguilar Road,  The Gap, Qld, 4061",No,No,,,,,,,,,356762,,,,,,
,Griffith University,"170 Kessels Road, Nathan Qld 4111",Scientific Equipment,1/09/2021,14501,Elliot Scientific Limited,"3 Allied Business Centre, Coldharbour Lane Harpenden, Herts, Al5 4Ut",No,No,,,,,,,,,356770,,,,,,
,Griffith University,"170 Kessels Road, Nathan Qld 4111",Event Expenditure,1/09/2021,26400,Gold Coast Convention & Exhibition Centr,"Po Box 1407,  Broadbeach, Qld, 4218",No,No,,,,,,,,,356766,,,,,,
,Griffith University,"170 Kessels Road, Nathan Qld 4111",Consultancy Services,1/09/2021,20020,Gripfast Consulting Pty Ltd,"Level 4, 155 Wickham Terrace,  Spring Hill, Qld, 4000",No,No,,,,,,,,,356764,,,,,,
,Griffith University,"170 Kessels Road, Nathan Qld 4111",Consultancy Services,1/09/2021,95920,Lee Hecht Harrison Pty Ltd,"4/135 Wickham Terrace,  Spring Hill, Qld, 4000",No,No,,,,,,,,,356763,,,,,,
,Griffith University,"170 Kessels Road, Nathan Qld 4111",Consultancy Services,1/09/2021,70342,Pci Pharma Services,"Unit 3, 31 Sabre Drive Port Melbourne, Vic, 3207",No,No,,,,,,,,,1922414,,,,,,
,Griffith University,"170 Kessels Road, Nathan Qld 4111",Subscription Fees,1/09/2021,38294,Sai Global Compliance Pty Ltd,"142 Hasler Road,  Osborne Park, Wa, 6017",No,No,,,,,,,,,356751,,,,,,
,Griffith University,"170 Kessels Road, Nathan Qld 4111",Consultancy Services,1/09/2021,10285,Stratagems Pty. Limited,"Po Box 1040,  Toowong, Qld, 4066",No,No,,,,,,,,,356765,,,,,,
,Griffith University,"170 Kessels Road, Nathan Qld 4111",Audio Visual Equipment,1/09/2021,10417,Videopro Pty Ltd,"37 Eagleview Place,  Eagle Farm, Qld, 4009",No,No,,,,,,,,,356784,,,,,,
,Griffith University,"170 Kessels Road, Nathan Qld 4111",IT Equipment,2/09/2021,16450,Aliva Pty Ltd,"3 Marie Street,  Milton, Qld, 4064",No,No,,,,,,,,,356812,,,,,,
,Griffith University,"170 Kessels Road, Nathan Qld 4111",Commission Payment,2/09/2021,22000,Ausline Education Pty Ltd,"Suite 3, Ground Floor, 18 Mt Gravatt-Capalaba Road Upper Mt Gravatt, Qld, 4122",No,No,,,,,,,,,1922621,,,,,,
,Griffith University,"170 Kessels Road, Nathan Qld 4111",Equipment Maintenance,2/09/2021,13937,Eppendorf South Pacific Pty Ltd,"Unit 4, 112 Talavera Road North Ryde, Nsw, 2113",No,No,,,,,,,,,356792,,,,,,
,Griffith University,"170 Kessels Road, Nathan Qld 4111",Subscription Fees,2/09/2021,10937,Logemas Pty Ltd,"13 Hudson Road,  Albion, Qld, 4010",No,No,,,,,,,,,356795,,,,,,
,Griffith University,"170 Kessels Road, Nathan Qld 4111",Audio Visual Equipment,2/09/2021,29523,Proav Solutions Queensland,"Po Box 2722,  Toowong, Qld, 4066",No,No,,,,,,,,,356804,,,,,,
,Griffith University,"170 Kessels Road, Nathan Qld 4111",Consultancy Services,2/09/2021,275000,Software Education Australia Pty Ltd,"Gpo Box 1059,  Brisbane, Qld, 4001",No,No,,,,,,,,,356803,,,,,,
,Griffith University,"170 Kessels Road, Nathan Qld 4111",Building Construction & Maintenance,2/09/2021,11616,Trotec Laser Pty Ltd,"Office 2, 9 Cairns Street Loganholme, Qld, 4129",No,No,,,,,,,,,356793,,,,,,
,Griffith University,"170 Kessels Road, Nathan Qld 4111",Building Construction & Maintenance,2/09/2021,46209,Welch Allyn Australia Pty Ltd,"Unit 4.01, 2-4 Lyon Park Rd,  Macquarie Park, Nsw, 2113",No,No,,,,,,,,,356815,,,,,,
,Griffith University,"170 Kessels Road, Nathan Qld 4111",Recruitment/Placement Fees,3/09/2021,10618,Ambition Recruit Pty Limited,"5/55 Clarence St,  Sydney, Nsw, 2000",No,No,,,,,,,,,356853,,,,,,
,Griffith University,"170 Kessels Road, Nathan Qld 4111",Subscription Fees,3/09/2021,43877,Data #3 Limited,"Po Box 551,  Indooroopilly, Qld, 4068",No,No,,,,,,,,,356844,,,,,,
,Griffith University,"170 Kessels Road, Nathan Qld 4111",Event Expenditure,3/09/2021,16368,Good Food Solutions,"Po Box 435,  Eumundi, Qld, 4562",No,No,,,,,,,,,356851,,,,,,
,Griffith University,"170 Kessels Road, Nathan Qld 4111",Recruitment/Placement Fees,3/09/2021,18370,Insight Management Consultants P/L,"Level 7, 230 Collins Street,  Melbourne, Vic, 3000",No,No,,,,,,,,,1922083,,,,,,
,Griffith University,"170 Kessels Road, Nathan Qld 4111",Event Expenditure,3/09/2021,28500,Intercontinental Sanctuary Cove Resort,"Manor Circle,  Sanctuary Cove, Qld, 4212",No,No,,,,,,,,,356856,,,,,,
,Griffith University,"170 Kessels Road, Nathan Qld 4111",Marketing Fees,3/09/2021,11990,Jsa Design,"Po Box 1580,  Fortitude Valley, Qld, 4006",No,No,,,,,,,,,356863,,,,,,
,Griffith University,"170 Kessels Road, Nathan Qld 4111",Scientific Equipment,3/09/2021,10603,Thermo Fisher Scientific Australia,"Po Box 9092,  Scoresby, Vic, 3179",No,No,,,,,,,,,356869,,,,,,
,Griffith University,"170 Kessels Road, Nathan Qld 4111",Scientific Equipment,3/09/2021,71818,Universitatsklinikum Heidelberg,"Im Neuenheimer Feld 672,  Heidelberg, , 69120",No,No,,,,,,,,,356855,,,,,,
,Griffith University,"170 Kessels Road, Nathan Qld 4111",Hire/Lease Fees,3/09/2021,14543,Valiant Hire,"16/50 Parker Court,  Pinkenba, Qld, 4008",No,No,,,,,,,,,1917264,,,,,,
,Griffith University,"170 Kessels Road, Nathan Qld 4111",Hire/Lease Fees,3/09/2021,13097,Valiant Hire,"16/50 Parker Court,  Pinkenba, Qld, 4008",No,No,,,,,,,,,1917266,,,,,,
,Griffith University,"170 Kessels Road, Nathan Qld 4111",Patent Application Fee,5/09/2021,11236,Davies Collison Cave Pty Ltd,"1 Nicholson Street,  Melbourne, Vic, 3000",No,No,,,,,,,,,1917749,,,,,,
,Griffith University,"170 Kessels Road, Nathan Qld 4111",Equipment Maintenance,6/09/2021,12487,Boc Limited,"3 Telford Place,  Labrador, Qld, 4215",No,No,,,,,,,,,356876,,,,,,
,Griffith University,"170 Kessels Road, Nathan Qld 4111",Scientific Equipment,6/09/2021,95527,Dkfz,"Im Neuenheimer Feld 280,  Heidelberg, Bw, 69120",No,No,,,,,,,,,356899,,,,,,
,Griffith University,"170 Kessels Road, Nathan Qld 4111",Freight Fees,6/09/2021,18473,Dsv Air & Sea Pty Ltd,"95-99 South Centre Road,  Melbourne Airport, Vic, 3045",No,No,,,,,,,,,356882,,,,,,
,Griffith University,"170 Kessels Road, Nathan Qld 4111",Consultancy Services,6/09/2021,31455,Performance Potential,"179A Latrobe Terrace,  Paddington, Qld, 4064",No,No,,,,,,,,,1922637,,,,,,
,Griffith University,"170 Kessels Road, Nathan Qld 4111",Consultancy Services,6/09/2021,10000,University Of Hong Kong,"7 Sassoon Road,  Pokfulam, , ",No,No,,,,,,,,,356881,,,,,,
,Griffith University,"170 Kessels Road, Nathan Qld 4111",Building Construction & Maintenance,7/09/2021,42504,Amalgamated Property Maint. Brisbane P/L,"Po Box 249,  Rochedale South, Qld, 4123",No,No,,,,,,,,,356966,,,,,,
,Griffith University,"170 Kessels Road, Nathan Qld 4111",Equipment Maintenance,7/09/2021,17490,Dri-Lec Pty Ltd,"54 Regent Street,  Eight Mile Plains, Qld, 4113",No,No,,,,,,,,,356975,,,,,,
,Griffith University,"170 Kessels Road, Nathan Qld 4111",Event Expenditure,7/09/2021,20000,Intercontinental Sanctuary Cove Resort,"Manor Circle,  Sanctuary Cove, Qld, 4212",No,No,,,,,,,,,356950,,,,,,
,Griffith University,"170 Kessels Road, Nathan Qld 4111",Pathology Expenditure,7/09/2021,12642,Queensland University Of Technology,"Gpo Box 2434,  Brisbane, Qld, 4001",No,No,,,,,,,,,356930,,,,,,
,Griffith University,"170 Kessels Road, Nathan Qld 4111",Building Construction & Maintenance,7/09/2021,67044,Steadfast Projects Pty Ltd,"16 Ferndale Place,  Upper Kedron, Qld, 4055",No,No,,,,,,,,,356960,,,,,,
,Griffith University,"170 Kessels Road, Nathan Qld 4111",Scientific Equipment,7/09/2021,51166,Thermo Fisher Scientific Australia,"Po Box 9092,  Scoresby, Vic, 3179",No,No,,,,,,,,,356926,,,,,,
,Griffith University,"170 Kessels Road, Nathan Qld 4111",Building Construction & Maintenance,8/09/2021,54078,A1 Building & Property Solutions Pty Ltd,"3 D'Aguilar Road,  The Gap, Qld, 4061",No,No,,,,,,,,,356993,,,,,,
,Griffith University,"170 Kessels Road, Nathan Qld 4111",Consultancy Services,8/09/2021,55000,Bdo Services Pty Ltd,"Level 10, 12 Creek Street,  Brisbane, Qld, 4000",No,No,,,,,,,,,357005,,,,,,
,Griffith University,"170 Kessels Road, Nathan Qld 4111",Building Construction & Maintenance,8/09/2021,15983,Descab Pty Ltd T/A Qld Multi Trades,"34 Hindes Street,  Lota, Qld, 4178",No,No,,,,,,,,,357028,,,,,,
,Griffith University,"170 Kessels Road, Nathan Qld 4111",Equipment Maintenance,8/09/2021,13530,Hetcoe Pty Ltd,"50 Walter Raleigh Cresent,  Hollywell, Qld, 4216",No,No,,,,,,,,,357027,,,,,,
,Griffith University,"170 Kessels Road, Nathan Qld 4111",Subscription Fees,8/09/2021,16072,National Library Of Australia,"Parkes Place,  Canberra, Act, 2600",No,No,,,,,,,,,1918678,,,,,,
,Griffith University,"170 Kessels Road, Nathan Qld 4111",Software  ,9/09/2021,10727,Equate Technolgies,"Level 10, 410 Ann Street Brisbane, Qld, 4000",No,No,,,,,,,,,357043,,,,,,
,Griffith University,"170 Kessels Road, Nathan Qld 4111",Commission Payment,9/09/2021,306763,Idp Education Pty Ltd,"Level 8, 535 Bourke Street Melbourne, Vic, 3000",No,No,,,,,,,,,1923701,,,,,,
,Griffith University,"170 Kessels Road, Nathan Qld 4111",Marketing Fees,9/09/2021,15466,Purpose Asia Pacific Pty Ltd,"Level 4, Suite 403 / 418A Elizabeth Street Surry Hills, Nsw, 2010",No,No,,,,,,,,,357060,,,,,,
,Griffith University,"170 Kessels Road, Nathan Qld 4111",Recruitment/Placement Fees,9/09/2021,19045,U&U Recruitment Partners,"Level 12, 259 Queen Street,  Brisbane, Qld, 4000",No,No,,,,,,,,,357039,,,,,,
,Griffith University,"170 Kessels Road, Nathan Qld 4111",Medical Equipment,9/09/2021,15227,Zoll Medical Australia Pty Limited,"14/39 Herbert St,  St Leonards, Nsw, 2065",No,No,,,,,,,,,357038,,,,,,
,Griffith University,"170 Kessels Road, Nathan Qld 4111",Building Construction & Maintenance,10/09/2021,17798,Amalgamated Property Maint. Brisbane P/L,"Po Box 249,  Rochedale South, Qld, 4123",No,No,,,,,,,,,357120,,,,,,
,Griffith University,"170 Kessels Road, Nathan Qld 4111",Scientific Equipment,10/09/2021,17889,Arjo Australia Pty Ltd,"Building B, Level 3. 11 Talavera Road,  Macquarie Park, Nsw, 2113",No,No,,,,,,,,,357095,,,,,,
,Griffith University,"170 Kessels Road, Nathan Qld 4111",Consultancy Services,10/09/2021,37500,Ella Arensman,"4.28 Western Gateway Building,  University College Cork, Cork, ",No,No,,,,,,,,,357103,,,,,,
,Griffith University,"170 Kessels Road, Nathan Qld 4111",Consultancy Services,10/09/2021,53376,Ernst & Young,"111 Eagle Street,,  Brisbane, Qld, 4001",No,No,,,,,,,,,357115,,,,,,
,Griffith University,"170 Kessels Road, Nathan Qld 4111",Consultancy Services,10/09/2021,110000,Integral Technology Solutions Pty Ltd,"Level 2, 201 Leichardt Street,  Spring Hill, Qld, 4000",No,No,,,,,,,,,357101,,,,,,
,Griffith University,"170 Kessels Road, Nathan Qld 4111",Scientific Equipment,10/09/2021,12982,Leica Microsystems Pty Ltd,"Po Box 526,  North Ryde Bc, Nsw, 1670",No,No,,,,,,,,,357092,,,,,,
,Griffith University,"170 Kessels Road, Nathan Qld 4111",Marketing Fees,10/09/2021,31020,Seek Limited,"Gpo Box 2335,  Sydney, Nsw, 2001",No,No,,,,,,,,,357125,,,,,,
,Griffith University,"170 Kessels Road, Nathan Qld 4111",Translating/Proofing,10/09/2021,14795,Special Broadcasting Service,"Locked Bag 028,  Crows Nest, Nsw, 1585",No,No,,,,,,,,,357118,,,,,,
,Griffith University,"170 Kessels Road, Nathan Qld 4111",Scientific Equipment,10/09/2021,14393,Thermo Fisher Scientific Australia,"Po Box 9092,  Scoresby, Vic, 3179",No,No,,,,,,,,,357114,,,,,,
,Griffith University,"170 Kessels Road, Nathan Qld 4111",Consultancy Services,10/09/2021,99000,Urbis Pty Ltd,"Level 32, 300 George Street,  Brisbane, Qld, 4000",No,No,,,,,,,,,357100,,,,,,
,Griffith University,"170 Kessels Road, Nathan Qld 4111",Building Construction & Maintenance,13/09/2021,12744,Bennett And Bennett Group,"Po Box 5021,  Gold Coast Mail Centre, Qld, 9726",No,No,,,,,,,,,357147,,,,,,
,Griffith University,"170 Kessels Road, Nathan Qld 4111",Consultancy Services,13/09/2021,22000,Janet Pauline Dalby,Gold Coast,No,No,,,,,,,,,357144,,,,,,
,Griffith University,"170 Kessels Road, Nathan Qld 4111",Building Construction & Maintenance,13/09/2021,36300,Mpn Consulting Pty Limited,"Po Box 328,  Toowong, Qld, 4066",No,No,,,,,,,,,357179,,,,,,
,Griffith University,"170 Kessels Road, Nathan Qld 4111",Building Construction & Maintenance,13/09/2021,166426,Quadric Pty Ltd,"31 Barry Parade,  Fortitude Valley, Qld, 4107",No,No,,,,,,,,,357180,,,,,,
,Griffith University,"170 Kessels Road, Nathan Qld 4111",Chemical & Biological Products,14/09/2021,16446,Dongguan Tianyu Semiconductor Technology,"No.5 Industrial North 1St Road, Songshan Lake High-Tech Zone Dongguan, 44, 523808",No,No,,,,,,,,,357200,,,,,,
,Griffith University,"170 Kessels Road, Nathan Qld 4111",Scientific Equipment,14/09/2021,13881,Laboratory Equipment Pty Ltd,"26-30 Farr Street,  Marrickville, Nsw, 2204",No,No,,,,,,,,,357212,,,,,,
,Griffith University,"170 Kessels Road, Nathan Qld 4111",Consultancy Services,15/09/2021,21000,Blue Banded Bee Pty Ltd,Victoria,No,No,,,,,,,,,357271,,,,,,
,Griffith University,"170 Kessels Road, Nathan Qld 4111",Building Construction & Maintenance,15/09/2021,46981,Roof & Building Service (Aus) Pty Ltd,"Po Box 426,  Hamilton Central, Qld, 4007",No,No,,,,,,,,,357280,,,,,,
,Griffith University,"170 Kessels Road, Nathan Qld 4111",Building Construction & Maintenance,15/09/2021,44869,Roof & Building Service (Aus) Pty Ltd,"Po Box 426,  Hamilton Central, Qld, 4007",No,No,,,,,,,,,357281,,,,,,
,Griffith University,"170 Kessels Road, Nathan Qld 4111",Building Construction & Maintenance,15/09/2021,41613,Roof & Building Service (Aus) Pty Ltd,"Po Box 426,  Hamilton Central, Qld, 4007",No,No,,,,,,,,,357282,,,,,,
,Griffith University,"170 Kessels Road, Nathan Qld 4111",Recruitment/Placement Fees,15/09/2021,15703,U&U Recruitment Partners,"Level 12, 259 Queen Street,  Brisbane, Qld, 4000",No,No,,,,,,,,,357279,,,,,,
,Griffith University,"170 Kessels Road, Nathan Qld 4111",Consultancy Services,15/09/2021,13728,Victoria University,"Finance, Po Box 14428 Melbourne, Vic, 8001",No,No,,,,,,,,,1924751,,,,,,
,Griffith University,"170 Kessels Road, Nathan Qld 4111",Equipment Maintenance,16/09/2021,109959,Becton Dickinson Pty Ltd,"69 Brandl Street,  Eight Mile Plains, Qld, 4113",No,No,,,,,,,,,357311,,,,,,
,Griffith University,"170 Kessels Road, Nathan Qld 4111",Subscription Fees,16/09/2021,47297,Diligent Board Services Australia Pty Lt,"Suite 01, Level 46, Mlc Centre Sydney, Nsw, 2000",No,No,,,,,,,,,357307,,,,,,
,Griffith University,"170 Kessels Road, Nathan Qld 4111",Scientific Equipment,16/09/2021,82445,Life Systems Medical Trust,"188 Gladstone Street,  South Melbourne, Vic, 3205",No,No,,,,,,,,,357305,,,,,,
,Griffith University,"170 Kessels Road, Nathan Qld 4111",Scientific Equipment,16/09/2021,89710,Qiagen Pty Ltd,"Po Box 169,  Chadstone, Vic, 3148",No,No,,,,,,,,,357316,,,,,,
,Griffith University,"170 Kessels Road, Nathan Qld 4111",Consumables,16/09/2021,12139,The School Locker,"103 Hyde Rd,  Yeronga, Qld, 4104",No,No,,,,,,,,,357309,,,,,,
,Griffith University,"170 Kessels Road, Nathan Qld 4111",Chemical & Biological Products,17/09/2021,11796,Eos Gmbh Electro Optical Systems,"Robert-Stirling-Ring 1,  Krailling Bei Munchen, , D82152",No,No,,,,,,,,,357363,,,,,,
,Griffith University,"170 Kessels Road, Nathan Qld 4111",Consultancy Services,17/09/2021,15675,Ttm Consulting Pty Ltd,"Po Box 12015,  Brisbane, Qld, 4003",No,No,,,,,,,,,357347,,,,,,
,Griffith University,"170 Kessels Road, Nathan Qld 4111",Subscription fees,18/09/2021,350614,Castlepoint Systems,"Po Box 569,  Dickson, Act, 2602",Yes,No,,,,,,,,,359282 370710 ,,GU-462,,,,
,Griffith University,"170 Kessels Road, Nathan Qld 4111",Building Construction & Maintenance,20/09/2021,21648,Allied Technologies Australia Pty Ltd,"Po Box 3178,  Newstead, Qld, 4006",No,No,,,,,,,,,357427,,,,,,
,Griffith University,"170 Kessels Road, Nathan Qld 4111",Pathology Expenditure,20/09/2021,16650,Australian Genome Research Facility Ltd,"Level 5 Gehrmann Laboratories, Research Road St Lucia, Qld, 4072",No,No,,,,,,,,,357426,,,,,,
,Griffith University,"170 Kessels Road, Nathan Qld 4111",Consultancy Services,20/09/2021,35475,Heisenberg Analytics Services Pty Ltd,Brisbane,No,No,,,,,,,,,357397,,,,,,
,Griffith University,"170 Kessels Road, Nathan Qld 4111",Subscription Fees,20/09/2021,15745,Hexeis Pty Ltd,"Po Box 154,  Pinkenba, Qld, 4008",No,No,,,,,,,,,357393,,,,,,
,Griffith University,"170 Kessels Road, Nathan Qld 4111",Building Construction & Maintenance,20/09/2021,130888,Steadfast Projects Pty Ltd,"16 Ferndale Place,  Upper Kedron, Qld, 4055",No,No,,,,,,,,,357431,,,,,,
,Griffith University,"170 Kessels Road, Nathan Qld 4111",Scientific Equipment,20/09/2021,13048,Thorlabs Inc,"56 Sparta Avenue,  Newton, Nj, 07860",No,No,,,,,,,,,357400,,,,,,
,Griffith University,"170 Kessels Road, Nathan Qld 4111",Event Expenditure,20/09/2021,24200,W Brisbane,"300 George Street,  Brisbane, Qld, 4005",No,No,,,,,,,,,357398,,,,,,
,Griffith University,"170 Kessels Road, Nathan Qld 4111",Scientific Equipment,21/09/2021,34517,Ascencia Pty Ltd,"28 Waverley Park Drive,  Mulgrave, Vic, 3170",No,No,,,,,,,,,357470,,,,,,
,Griffith University,"170 Kessels Road, Nathan Qld 4111",Event Expenditure,21/09/2021,16500,Carpentaria Land Council Aboriginal Corp,"Po Box 6662,  Cairns, Qld, 4870",No,No,,,,,,,,,357455,,,,,,
,Griffith University,"170 Kessels Road, Nathan Qld 4111",Building Construction & Maintenance,21/09/2021,15290,Gateway Hydraulics,"Po Box 3446,  Tingalpa, Qld, 4173",No,No,,,,,,,,,357474,,,,,,
,Griffith University,"170 Kessels Road, Nathan Qld 4111",Event Expenditure,21/09/2021,12000,Gold Coast Convention & Exhibition Centr,"Po Box 1407,  Broadbeach, Qld, 4218",No,No,,,,,,,,,1925391,,,,,,
,Griffith University,"170 Kessels Road, Nathan Qld 4111",Consultancy Services,21/09/2021,559281,Pitch Black Engineering,"Santos Place,, Level 27, 32 Turbot Street Brisbane, Qld, 4000",Yes,No,Open,,,,,,,,357469,,,,,,
,Griffith University,"170 Kessels Road, Nathan Qld 4111",Building Construction & Maintenance,22/09/2021,20716,A1 Building & Property Solutions Pty Ltd,"3 D'Aguilar Road,  The Gap, Qld, 4061",No,No,,,,,,,,,357512,,,,,,
,Griffith University,"170 Kessels Road, Nathan Qld 4111",Building Construction & Maintenance,22/09/2021,26508,A1 Building & Property Solutions Pty Ltd,"3 D'Aguilar Road,  The Gap, Qld, 4061",No,No,,,,,,,,,357534,,,,,,
,Griffith University,"170 Kessels Road, Nathan Qld 4111",Building Construction & Maintenance,22/09/2021,10703,Aegis Safety Pty Ltd,"1/119 Delta Street,  Geebung, Qld, 4034",No,No,,,,,,,,,357506,,,,,,
,Griffith University,"170 Kessels Road, Nathan Qld 4111",Consultancy Services,22/09/2021,34092,Boyden Road Productions,"Sunland, Ca, 91040",No,No,,,,,,,,,1925244,,,,,,
,Griffith University,"170 Kessels Road, Nathan Qld 4111",Building Construction & Maintenance,22/09/2021,27159,Descab Pty Ltd T/A Qld Multi Trades,"34 Hindes Street,  Lota, Qld, 4178",No,No,,,,,,,,,357531,,,,,,
,Griffith University,"170 Kessels Road, Nathan Qld 4111",Equipment Maintenance,22/09/2021,12900,John Morris Scientific Pty Ltd,"Po Box 447,  Willoughby, Nsw, 2068",No,No,,,,,,,,,357529,,,,,,
,Griffith University,"170 Kessels Road, Nathan Qld 4111",Subscription Fees,22/09/2021,30000,Kanopy,"781 Beach Street, Second Floor,  San Francisco, Ca, 94133",No,No,,,,,,,,,1925597,,,,,,
,Griffith University,"170 Kessels Road, Nathan Qld 4111",Building Construction & Maintenance,22/09/2021,254810,Mode Design Corp Pty Ltd,"Po Box 348,  Fortitude Valley, Qld, 4006",No,No,,,,,,,,,357524,,,,,,
,Griffith University,"170 Kessels Road, Nathan Qld 4111",Commission Payment,22/09/2021,224510,Open Universities Australia,"Level 1/473 Bourke St,  Melbourne, Vic, 3000",No,No,,,,,,,,,1925298,,,,,,
,Griffith University,"170 Kessels Road, Nathan Qld 4111",Consultancy Services,22/09/2021,22935,Profiles Australia Pty Ltd,"The Bond, Level 6, 30 Hickson Road Millers Point, Nsw, 2000",No,No,,,,,,,,,357521,,,,,,
,Griffith University,"170 Kessels Road, Nathan Qld 4111",Event Expenditure,22/09/2021,118524,Silver Rose Portrait Photography Pty Ltd,"Po Box 1407,  New Farm, Qld, 4005",No,No,,,,,,,,,1922619,,,,,,
,Griffith University,"170 Kessels Road, Nathan Qld 4111",IT Equipment,23/09/2021,1008275,Data #3 Limited,"Po Box 551,  Indooroopilly, Qld, 4068",No,No,Selective,,,,,,,,357565,,,,,,
,Griffith University,"170 Kessels Road, Nathan Qld 4111",Software Support Maintenance,23/09/2021,50689,Ntt Australia Pty Ltd,"Level 22, 141 Queen Street,  Brisbane, Qld, 4000",No,No,,,,,,,,,357567,,,,,,
,Griffith University,"170 Kessels Road, Nathan Qld 4111",Software Support Maintenance,23/09/2021,64849,Siemens Industry Software Pty Ltd,"867-885 Mountain Highway,  Bayswater, Vic, 3153",Yes,No,,,,,,,,,PR465495,,,,,,
,Griffith University,"170 Kessels Road, Nathan Qld 4111",Scientific Equipment,24/09/2021,76497,Cortex Health Pty Ltd,"85 Argus Street,  Cheltenham, Vic, 3192",No,No,,,,,,,,,357647,,,,,,
,Griffith University,"170 Kessels Road, Nathan Qld 4111",Consultancy Services,24/09/2021,20504,James Cook University,"Financial & Business Services,  Townsville, Qld, 4811",No,No,,,,,,,,,357618,,,,,,
,Griffith University,"170 Kessels Road, Nathan Qld 4111",Marketing Fees,24/09/2021,1320000,Qs Enrolment Solutions (Australia) Pty L,"Level 3, 595 Collins Street,  Melbourne, Vic, 3000",No,No,Limited,b - (iii) The absence of competition for technical reasons which can only be supplied by a particular supplier and no reasonable alternative exists,,,,,,,357621,,,,,,
,Griffith University,"170 Kessels Road, Nathan Qld 4111",Equipment Maintenance,24/09/2021,17228,Thermo Fisher Scientific Australia,"Po Box 9092,  Scoresby, Vic, 3179",No,No,,,,,,,,,357612,,,,,,
,Griffith University,"170 Kessels Road, Nathan Qld 4111",Commission Payment,26/09/2021,595094,Pearson Australia Group Pty Ltd,"Suite 1001 Level 10, 151 Castlereagh Street, Sydney, Nsw, 2000",No,No,Limited,b - (iii) The absence of competition for technical reasons which can only be supplied by a particular supplier and no reasonable alternative exists,,,,,,,1923696,,,,,,
,Griffith University,"170 Kessels Road, Nathan Qld 4111",Building Construction & Maintenance,27/09/2021,15532,A1 Building & Property Solutions Pty Ltd,"3 D'Aguilar Road,  The Gap, Qld, 4061",No,No,,,,,,,,,357688,,,,,,
,Griffith University,"170 Kessels Road, Nathan Qld 4111",Subscription Fees,27/09/2021,24296,Datacom Systems (Au) Pty Ltd,"1 Julius Avenue,,  North Ryde, Nsw, 2113",No,No,,,,,,,,,357672,,,,,,
,Griffith University,"170 Kessels Road, Nathan Qld 4111",Building Construction & Maintenance,27/09/2021,25031,Lightbox Architecture &Interiors Pty Ltd,"11 Dallas Parade,  Keperra, Qld, 4054",No,No,,,,,,,,,357679,,,,,,
,Griffith University,"170 Kessels Road, Nathan Qld 4111",Legal Fees,27/09/2021,110000,Minter Ellison Lawyers,"Po Box 7844, ""Waterfront Place"" Brisbane, Qld, 4001",No,No,,,,,,,,,357648,,,,,,
,Griffith University,"170 Kessels Road, Nathan Qld 4111",Software,27/09/2021,23892,Oclc (Uk) Limited,"Brincliffe House, 861 Ecclesall Rd Sheffield, Lancs, S11 7Ae",No,No,,,,,,,,,357674,,,,,,
,Griffith University,"170 Kessels Road, Nathan Qld 4111",Building Construction & Maintenance,27/09/2021,20361,Office Screens (Qld.) Pty. Ltd.,"P/O Box 1277,  Eagle Farm, Qld, 4009",No,No,,,,,,,,,357677,,,,,,
,Griffith University,"170 Kessels Road, Nathan Qld 4111",Scientific Equipment,27/09/2021,41205,The Trustee For The Haemoview Diagnostic,"Suit 36 1B/47 Park Road,  Milton, Qld, 4064",No,No,,,,,,,,,357651,,,,,,
,Griffith University,"170 Kessels Road, Nathan Qld 4111",Software Support Maintenance,27/09/2021,31944,Vuram Australia Pty Ltd,"Level 10, Tower 4, World Trade Center,, 18-38 Siddeley Street, Docklands Melbourne, Vic, 3008",No,No,,,,,,,,,357673,,C01490,,,,
,Griffith University,"170 Kessels Road, Nathan Qld 4111",Building Construction & Maintenance,28/09/2021,11000,Hawkins Jenkins Ross Pty Ltd,"619 Logan Road,  Greenslopes, Qld, 4120",No,No,,,,,,,,,357709,,,,,,
,Griffith University,"170 Kessels Road, Nathan Qld 4111",Software Support Maintenance,28/09/2021,12884,Oracle Corporation Australia Pty Ltd,"Gpo Box 1313,  Sydney, Nsw, 2001",No,No,,,,,,,,,357725,,,,,,
,Griffith University,"170 Kessels Road, Nathan Qld 4111",Building Construction & Maintenance,28/09/2021,69221,Premier Sports & Leisure Pty Ltd,"24 Hasp Street,  Seventeen Mile Rocks, Qld, 4073",No,No,,,,,,,,,357732,,,,,,
,Griffith University,"170 Kessels Road, Nathan Qld 4111",Subscription Fees,28/09/2021,29218,Siemens Industry Software Pty Ltd,"867-885 Mountain Highway,  Bayswater, Vic, 3153",Yes,No,,,,,,,,,GU-400,,,,,,
,Griffith University,"170 Kessels Road, Nathan Qld 4111",Subscription Fees,28/09/2021,18150,Texthelp Pty Ltd,"Suite 4.05, 433 Logan Road Stones Corner, Qld, 4120",No,No,,,,,,,,,357727,,,,,,
,Griffith University,"170 Kessels Road, Nathan Qld 4111",Building Construction & Maintenance,28/09/2021,13090,Tr Pty Ltd,"Po Box 1185,  Blackburn North, Vic, 3130",No,No,,,,,,,,,357711,,,,,,
,Griffith University,"170 Kessels Road, Nathan Qld 4111",Recruitment/Placement Fees,28/09/2021,15703,U&U Recruitment Partners,"Level 12, 259 Queen Street,  Brisbane, Qld, 4000",No,No,,,,,,,,,357739,,,,,,
,Griffith University,"170 Kessels Road, Nathan Qld 4111",Scientific Equipment,28/09/2021,12273,Xiphos Systems Corporation,"3981 Blvd Saint-Laurent, Suite 500,  Montreal, Qc, H2W 1Y5",No,No,,,,,,,,,357728,,,,,,
,Griffith University,"170 Kessels Road, Nathan Qld 4111",IT Equipment,29/09/2021,12569,Data #3 Limited,"Po Box 551,  Indooroopilly, Qld, 4068",No,No,,,,,,,,,357767,,,,,,
,Griffith University,"170 Kessels Road, Nathan Qld 4111",Subscription Fees,29/09/2021,14524,Ebsco International Inc,"Subscription Services, Attn John Siwek North Sydney, Nsw, 2060",No,No,,,,,,,,,1926237,,,,,,
,Griffith University,"170 Kessels Road, Nathan Qld 4111",Subscription Fees,29/09/2021,11754,Ebsco International Inc,"Subscription Services, Attn John Siwek North Sydney, Nsw, 2060",No,No,,,,,,,,,1926238,,,,,,
,Griffith University,"170 Kessels Road, Nathan Qld 4111",Subscription Fees,29/09/2021,45934,Elsevier Inc.,"3251 Riverport Lane,  Maryland Heights, Mo, 63043",No,No,,,,,,,,,1926066,,,,,,
,Griffith University,"170 Kessels Road, Nathan Qld 4111",Event Expenditure,29/09/2021,91168,Gold Coast Convention & Exhibition Centr,"Po Box 1407,  Broadbeach, Qld, 4218",No,No,,,,,,,,,357792,,,,,,
,Griffith University,"170 Kessels Road, Nathan Qld 4111",Subscription Fees,29/09/2021,19610,Ksana Health Inc,"2288 Alder Street,  Eugene, Or, 97405",No,No,,,,,,,,,1926260,,,,,,
,Griffith University,"170 Kessels Road, Nathan Qld 4111",Building Construction & Maintenance,29/09/2021,13059,Logical Line Marking,"18 Ferguson Street,  Underwood, Qld, 4119",No,No,,,,,,,,,357781,,,,,,
,Griffith University,"170 Kessels Road, Nathan Qld 4111",Building Construction & Maintenance,29/09/2021,20689,Logical Line Marking,"18 Ferguson Street,  Underwood, Qld, 4119",No,No,,,,,,,,,357782,,,,,,
,Griffith University,"170 Kessels Road, Nathan Qld 4111",Subscription Fees,29/09/2021,10228,Myjove Australia Inc,"One Alewife Center, Suite #200,  Cambridge, Ma, 02140",No,No,,,,,,,,,1926405,,,,,,
,Griffith University,"170 Kessels Road, Nathan Qld 4111",Subscription Fees,29/09/2021,21048,Pressreader International Ltd,"2Nd Floor, The Boat House, Bishop Street,,  Dublin, Dublin, D08H01F",No,No,,,,,,,,,1926289,,,,,,
,Griffith University,"170 Kessels Road, Nathan Qld 4111",Consultancy Services,29/09/2021,70000,Sonia Hugh,Canada,No,No,,,,,,,,,357786,,,,,,
,Griffith University,"170 Kessels Road, Nathan Qld 4111",Patent Application Fee,29/09/2021,13704,Spruson & Ferguson Pty Limited,"Gpo Box 3898,  Sydney, Nsw, 2001",No,No,,,,,,,,,1922636,,,,,,
,Griffith University,"170 Kessels Road, Nathan Qld 4111",Software Support Maintenance,30/09/2021,10450,Aquion Pty Ltd,"Suite 25, L3 357 Military Road,  Mosman, Nsw, 2088",No,No,,,,,,,,,357820,,,,,,
,Griffith University,"170 Kessels Road, Nathan Qld 4111",Chemical & Biological Products,30/09/2021,14294,Bio Scientific Pty Ltd,"Po Box 78,  Gymea, Nsw, 2227",No,No,,,,,,,,,357836,,,,,,
,Griffith University,"170 Kessels Road, Nathan Qld 4111",Scientific Equipment,30/09/2021,95589,Inline Medical & Dental,"Unit 1, 8 Prosperity Parade Warriewood, Nsw, 2102",No,No,,,,,,,,,357848,,,,,,
,Griffith University,"170 Kessels Road, Nathan Qld 4111",Legal Fees,30/09/2021,87767,Mccullough Robertson Lawyers,"Po Box 1855,  Brisbane, Qld, 4001",No,No,,,,,,,,,1924750,,,,,,
,Griffith University,"170 Kessels Road, Nathan Qld 4111",Scientific Equipment,30/09/2021,128443,Miltenyi Biotec Australia Pty Ltd,"Unit 16A, 2 Eden Park Drive,  North Ryde, Nsw, 2113",No,No,,,,,,,,,357830,,,,,,
,Griffith University,"170 Kessels Road, Nathan Qld 4111",Consultancy Services,30/09/2021,616592,Pricewaterhouse Coopers Consulting Aust,"Darling Park Tower 2, 201 Sussex Street,  Sydney, Nsw, 2000",No,No,Open,,,,,,,,357821,,,,,,
,Griffith University,"170 Kessels Road, Nathan Qld 4111",Recruitment/Placement Fees,30/09/2021,15640,Rochedale State School,"694 Rochedale Road,  Rochedale, Qld, 4123",No,No,,,,,,,,,1926987,,,,,,
,Griffith University,"170 Kessels Road, Nathan Qld 4111",Chemical & Biological Products,30/09/2021,11382,Stemcell Technologies Australia Holdings,"Po Box 648,  Tullamarine, Vic, 3043",No,No,,,,,,,,,357856,,,,,,
,Griffith University,"170 Kessels Road, Nathan Qld 4111",Consultancy Services,1/10/2021,10450,Amy Gale,Brisbane,No,No,,,,,,,,,357869,,,,,,
,Griffith University,"170 Kessels Road, Nathan Qld 4111",Scientific Equipment,1/10/2021,139502,Arri Australia Pty Limited,"Suite 2, 12 Julius Avenue North Ryde, Nsw, 2113",No,No,,,,,,,,,357870,,,,,,
,Griffith University,"170 Kessels Road, Nathan Qld 4111",Software,1/10/2021,16142,Avsimulation,"No. 1 Cours De L¿Ile Seguin,,  Boulogne Billancourt, , 92100",No,No,,,,,,,,,357860,,,,,,
,Griffith University,"170 Kessels Road, Nathan Qld 4111",Event Expenditure,1/10/2021,14400,Cbd Golf Pty Ltd,"Po Box 256, Rbh Po Herston, Qld, 4006",No,No,,,,,,,,,359339,,27056,,,,
,Griffith University,"170 Kessels Road, Nathan Qld 4111",Legal Fees,1/10/2021,11657,Clayton Utz,"Gpo Box 9806,  Canberra, Act, 2601",No,No,,,,,,,,,1927105,,,,,,
,Griffith University,"170 Kessels Road, Nathan Qld 4111",Subscription Fees,1/10/2021,25340,Csiro,"Unipark Building 1 Level 1, 195 Wellington Road Clayton, Vic, 3168",No,No,,,,,,,,,1925001,,,,,,
,Griffith University,"170 Kessels Road, Nathan Qld 4111",Consultancy Services,1/10/2021,55442,Neuropower Group Pty Ltd,"Po Box 6651,  Upper Mount Gravatt, Qld, 4122",No,No,,,,,,,,,357872,,,,,,
,Griffith University,"170 Kessels Road, Nathan Qld 4111",Subscription/License Fees,1/10/2021,11297,Origin Theatrical Pty Ltd,"Accounts Receivable, Po Box Q1235 Qvb Post Office, Nsw, 1230",No,No,,,,,,,,,357875,,,,,,
,Griffith University,"170 Kessels Road, Nathan Qld 4111",Consultancy Services,1/10/2021,14710,Profiles Australia Pty Ltd,"The Bond, Level 6, 30 Hickson Road Millers Point, Nsw, 2000",No,No,,,,,,,,,357874,,,,,,
,Griffith University,"170 Kessels Road, Nathan Qld 4111",Scientific Equipment,1/10/2021,10036,Roger Brandon Technical Services,Gold Coast,No,No,,,,,,,,,357892,,,,,,
,Griffith University,"170 Kessels Road, Nathan Qld 4111",Building Construction & Maintenance,1/10/2021,46343,Science 2 Medical Pty Ltd,"Po Box 326,  Northgate, Qld, 4013",No,No,,,,,,,,,357858,,,,,,
,Griffith University,"170 Kessels Road, Nathan Qld 4111",Consultancy Services,3/10/2021,16410,Brendan Francis Mullen,Brisbane,No,No,,,,,,,,,1927104,,,,,,
,Griffith University,"170 Kessels Road, Nathan Qld 4111",Consultancy Services,4/10/2021,30360,Accenture Australia Pty Ltd,"Level 6, 3 Sussex Street Barangaroo, Nsw, 2000",No,No,,,,,,,,,357903,,,,,,
,Griffith University,"170 Kessels Road, Nathan Qld 4111",Consultancy Services,4/10/2021,110000,Pricewaterhouse Coopers Consulting Aust,"Darling Park Tower 2, 201 Sussex Street,  Sydney, Nsw, 2000",No,No,,,,,,,,,357905,,,,,,
,Griffith University,"170 Kessels Road, Nathan Qld 4111",Building Construction & Maintenance,5/10/2021,30172,Diligent Fire Pty Ltd,"Po Box 57,  Albion Dc, Qld, 4010",No,No,,,,,,,,,357915,,,,,,
,Griffith University,"170 Kessels Road, Nathan Qld 4111",Building Construction & Maintenance,5/10/2021,19723,N D Y Management Pty Ltd,"Level 14, 120 Edward Street Brisbane, Qld, 4000",No,No,,,,,,,,,357933,,,,,,
,Griffith University,"170 Kessels Road, Nathan Qld 4111",Subscription/License Fees,6/10/2021,27444,American Society Of Civil Engineers,"Asce Subscription Orders, Po Box 79162 Baltimore, Md, 21279-0162",No,No,,,,,,,,,1927319,,,,,,
,Griffith University,"170 Kessels Road, Nathan Qld 4111",Building Construction & Maintenance,6/10/2021,121487,Carl Zeiss Pty Ltd,"Suite 1.03, City Views Business Park Macquarie Park, Nsw, 2113",No,No,,,,,,,,,357969,,,,,,
,Griffith University,"170 Kessels Road, Nathan Qld 4111",Consultancy Services,6/10/2021,55000,Deloitte Consulting Pty Limited,"123 Eagle Street,  Brisbane, Qld, 4000",No,No,,,,,,,,,357968,,,,,,
,Griffith University,"170 Kessels Road, Nathan Qld 4111",Subscription/License Fees,6/10/2021,15261,Ebsco International Inc,"Subscription Services, Attn John Siwek North Sydney, Nsw, 2060",No,No,,,,,,,,,1926736,,,,,,
,Griffith University,"170 Kessels Road, Nathan Qld 4111",Subscription/License Fees,6/10/2021,42383,Ebsco International Inc,"Subscription Services, Attn John Siwek North Sydney, Nsw, 2060",No,No,,,,,,,,,1926738,,,,,,
,Griffith University,"170 Kessels Road, Nathan Qld 4111",Subscription/License Fees,6/10/2021,41860,Oxford University Press Uk,"The Cashiers Office, Great Clarendon Street Oxford, , Ox2 6Dp",No,No,,,,,,,,,1926929,,,,,,
,Griffith University,"170 Kessels Road, Nathan Qld 4111",Software Support Maintenance,6/10/2021,13244,Qcif,"Level 5, Rm 507D, Axon Building 47, The University Of Queensland St Lucia Campus St Lucia, Qld, 4072",No,No,,,,,,,,,357951,,,,,,
,Griffith University,"170 Kessels Road, Nathan Qld 4111",Building Construction & Maintenance,6/10/2021,1063094,Ryan Wilks Pty. Ltd.,"Unit 4, 53 Metroplex Avenue Murarrie, Qld, 4172",No,Yes,Open,,,,,,,,357966,,,,,,
,Griffith University,"170 Kessels Road, Nathan Qld 4111",Scientific Equipment,6/10/2021,77133,Sdr Scientific,"206/354 Eastern Valley Way,  Chatswood, Nsw, 2067",No,No,,,,,,,,,357970,,,,,,
,Griffith University,"170 Kessels Road, Nathan Qld 4111",Building Construction & Maintenance,6/10/2021,100371,Sure Power,"4 Manilla Street,  East Brisbane, Qld, 4169",No,No,,,,,,,,,357948,,,,,,
,Griffith University,"170 Kessels Road, Nathan Qld 4111",Subscription/License Fees,6/10/2021,12669,Therapeutic Research Centre,"3120 W March Lane,  Stockton, Ca, 95219",No,No,,,,,,,,,1926739,,,,,,
,Griffith University,"170 Kessels Road, Nathan Qld 4111",Scientific Equipment,7/10/2021,11748,Bio-Strategy Pty Limited,"P.O Box 14,  Campbellfield, Vic, 3061",No,No,,,,,,,,,358013,,,,,,
,Griffith University,"170 Kessels Road, Nathan Qld 4111",Marketing Fees,7/10/2021,64350,Lovework Studio Pty Ltd,"Unit 6, 12-14 Georgina Street Woody Point, Qld, 4019",No,No,,,,,,,,,358023,,,,,,
,Griffith University,"170 Kessels Road, Nathan Qld 4111",Consultancy Services,8/10/2021,16786,Benestar Group Pty Ltd,"Level 3, 44 Marker Street,  Sydney, Nsw, 2000",No,No,,,,,,,,,358077,,,,,,
,Griffith University,"170 Kessels Road, Nathan Qld 4111",Consultancy Services,8/10/2021,77880,Hexaware Technologies Limited,"Level 3, 80 Mount Street,  North Sydney, Nsw, 2060",No,No,,,,,,,,,358078,,,,,,
,Griffith University,"170 Kessels Road, Nathan Qld 4111",Scientific Equipment,8/10/2021,10405,Miltenyi Biotec Australia Pty Ltd,"Unit 16A, 2 Eden Park Drive,  North Ryde, Nsw, 2113",No,No,,,,,,,,,358044,,,,,,
,Griffith University,"170 Kessels Road, Nathan Qld 4111",Scientific Equipment,8/10/2021,43962,Mojo Media Solutions,New South Wales,No,No,,,,,,,,,358084,,,,,,
,Griffith University,"170 Kessels Road, Nathan Qld 4111",Building Construction & Maintenance,8/10/2021,30967,Tr Pty Ltd,"Po Box 1185,  Blackburn North, Vic, 3130",No,No,,,,,,,,,358085,,,,,,
,Griffith University,"170 Kessels Road, Nathan Qld 4111",Chemical & Biological Products,11/10/2021,23663,Agilent Technologies Australia Pty Ltd,"679 Springvale Road,  Mulgrave, Vic, 3170",No,No,,,,,,,,,358135,,,,,,
,Griffith University,"170 Kessels Road, Nathan Qld 4111",Building Construction & Maintenance,11/10/2021,10699,Allied Technologies Australia Pty Ltd,"Po Box 3178,  Newstead, Qld, 4006",No,No,,,,,,,,,358146,,,,,,
,Griffith University,"170 Kessels Road, Nathan Qld 4111",Software Support Maintenance,11/10/2021,165096,Equate Technolgies,"Level 10, 410 Ann Street Brisbane, Qld, 4000",No,No,,,,,,,,,358114,,,,,,
,Griffith University,"170 Kessels Road, Nathan Qld 4111",Scientific Equipment,11/10/2021,72534,Freedspace Pty Ltd,"Factory 62, 91 Moreland Street Footscray, Vic, 3011",No,No,,,,,,,,,358116,,,,,,
,Griffith University,"170 Kessels Road, Nathan Qld 4111",Software Support Maintenance,11/10/2021,38500,Icad Consultants Pty Ltd,Brisbane,No,No,,,,,,,,,358113,,,,,,
,Griffith University,"170 Kessels Road, Nathan Qld 4111",Furniture,11/10/2021,109362,Incorporate Space,"Po Box 864,  Sunnybank, Qld, 4109",No,No,,,,,,,,,358128,,,,,,
,Griffith University,"170 Kessels Road, Nathan Qld 4111",Furniture,11/10/2021,13165,Incorporate Space,"Po Box 864,  Sunnybank, Qld, 4109",No,No,,,,,,,,,358129,,,,,,
,Griffith University,"170 Kessels Road, Nathan Qld 4111",Event Expenditure,11/10/2021,14322,Intercontinental Sanctuary Cove Resort,"Manor Circle,  Sanctuary Cove, Qld, 4212",No,No,,,,,,,,,358134,,,,,,
,Griffith University,"170 Kessels Road, Nathan Qld 4111",Scientific Equipment,11/10/2021,75130,Multicam Cnc Routing Machinery,"Po Box 8196,  Wynnum Noth, Qld, 4178",No,No,,,,,,,,,358107,,,,,,
,Griffith University,"170 Kessels Road, Nathan Qld 4111",Building Construction & Maintenance,11/10/2021,354213,Pdt Architects,"Gpo Box 1184,  Brisbane City, Qld, 4000",No,No,,,,,,,,,358139,,,,,,
,Griffith University,"170 Kessels Road, Nathan Qld 4111",Event Expenditure,11/10/2021,59000,Southport Australian Rules Football Club,"3 Melia Court,  Southport, Qld, 4215",No,No,,,,,,,,,358117,,,,,,
,Griffith University,"170 Kessels Road, Nathan Qld 4111",Building Construction & Maintenance,11/10/2021,10627,Umwelt- Und Ingenieurtechnik Gmbh Dresde,"Zum Windkanal 21,  Dresden, , 01109",No,No,,,,,,,,,358115,,,,,,
,Griffith University,"170 Kessels Road, Nathan Qld 4111",Building Construction & Maintenance,12/10/2021,17094,Descab Pty Ltd T/A Qld Multi Trades,Brisbane,No,No,,,,,,,,,358204,,,,,,
,Griffith University,"170 Kessels Road, Nathan Qld 4111",Building Construction & Maintenance,12/10/2021,10746,Haymans Electrical Pty Ltd,"593 Boundary Street,  Archerfield, Qld, 4108",No,No,,,,,,,,,358179,,,,,,
,Griffith University,"170 Kessels Road, Nathan Qld 4111",Event Expenditure,12/10/2021,13860,Idp Education Pty Ltd,"Level 8, 535 Bourke Street Melbourne, Vic, 3000",No,No,,,,,,,,,1928628,,,,,,
,Griffith University,"170 Kessels Road, Nathan Qld 4111",Scientific Equipment,12/10/2021,173770,Leica Microsystems Pty Ltd,"Po Box 526,  North Ryde Bc, Nsw, 1670",No,No,,,,,,,,,358198,,,,,,
,Griffith University,"170 Kessels Road, Nathan Qld 4111",Membership Fees,12/10/2021,15150,Ot Council (Aus & Nz)  Ltd,"Gpo Box 959,  South Perth, Wa, 6951",No,No,,,,,,,,,1928677,,,,,,
,Griffith University,"170 Kessels Road, Nathan Qld 4111",Scientific Equipment,12/10/2021,40704,Perkin Elmer Pty Ltd,"Po Box 5290, Brandon Park Post Shop Brandon Park, Vic, 3150",No,No,,,,,,,,,358170,,,,,,
,Griffith University,"170 Kessels Road, Nathan Qld 4111",Scientific Equipment,12/10/2021,42889,Powerbox Australia Pty Ltd,"Po Box 128,  Mount Kuring-Gai, Nsw, 2080",No,No,,,,,,,,,358196,,,,,,
,Griffith University,"170 Kessels Road, Nathan Qld 4111",External Course Delivery,12/10/2021,12088,The Japan Foundation Japanese Language,"3-14 Rinku-Port-Kita,  Tajiri-Cho Sennan-Gun, 27, 598-0093",No,No,,,,,,,,,1928685,,,,,,
,Griffith University,"170 Kessels Road, Nathan Qld 4111",Audio Visual Equipment,13/10/2021,21486,Allied Technologies Australia Pty Ltd,"Po Box 3178,  Newstead, Qld, 4006",No,No,,,,,,,,,358263,,,,,,
,Griffith University,"170 Kessels Road, Nathan Qld 4111",Subscription/License Fees,13/10/2021,199743,Convergepoint Inc,"1810 Snake River Road,  Katy, Tx, 77449",No,No,,,,,,,,,358236,,GU-483,,,,
,Griffith University,"170 Kessels Road, Nathan Qld 4111",Subscription/License Fees,13/10/2021,53544,Data #3 Limited,"Po Box 551,  Indooroopilly, Qld, 4068",No,No,,,,,,,,,358232,,,,,,
,Griffith University,"170 Kessels Road, Nathan Qld 4111",Building Construction & Maintenance,13/10/2021,31999,Descab Pty Ltd T/A Qld Multi Trades,Brisbane,No,No,,,,,,,,,358269,,,,,,
,Griffith University,"170 Kessels Road, Nathan Qld 4111",Building Construction & Maintenance,13/10/2021,12650,M3Property Australia Pty Ltd,"Level 2, 15 James Street Fortitude Valley, Qld, 4006",No,No,,,,,,,,,1928924,,,,,,
,Griffith University,"170 Kessels Road, Nathan Qld 4111",Building Construction & Maintenance,13/10/2021,18700,M3Property Australia Pty Ltd,"Level 2, 15 James Street Fortitude Valley, Qld, 4006",No,No,,,,,,,,,358264,,,,,,
,Griffith University,"170 Kessels Road, Nathan Qld 4111",Library Reference Materials,13/10/2021,26604,Pearson Australia Group Pty Ltd,"Suite 1001 Level 10, 151 Castlereagh Street, Sydney, Nsw, 2000",No,No,,,,,,,,,358243,,,,,,
,Griffith University,"170 Kessels Road, Nathan Qld 4111",Building Construction & Maintenance,13/10/2021,358690,Verdia Pty Ltd,"Level 11, 201-217 Kent Street Sydney, Nsw, 2000",No,No,,,,,,,,,358262,,,,,,
,Griffith University,"170 Kessels Road, Nathan Qld 4111",Building Construction & Maintenance,14/10/2021,20862,A1 Building & Property Solutions Pty Ltd,"3 D'Aguilar Road,  The Gap, Qld, 4061",No,No,,,,,,,,,358325,,,,,,
,Griffith University,"170 Kessels Road, Nathan Qld 4111",Building Construction & Maintenance,14/10/2021,13040,Aegis Safety Pty Ltd,"1/119 Delta Street,  Geebung, Qld, 4034",No,No,,,,,,,,,358338,,,,,,
,Griffith University,"170 Kessels Road, Nathan Qld 4111",Building Construction & Maintenance,14/10/2021,12841,Aegis Safety Pty Ltd,"1/119 Delta Street,  Geebung, Qld, 4034",No,No,,,,,,,,,358339,,,,,,
,Griffith University,"170 Kessels Road, Nathan Qld 4111",Subscription/License Fees,14/10/2021,32511,Australian Medicines Handbook Pty Ltd,"Po Box 240, Rundle Mall Adelaide, Sa, 5000",No,No,,,,,,,,,1926336,,,,,,
,Griffith University,"170 Kessels Road, Nathan Qld 4111",Event Expenditure,14/10/2021,4393,Bensonlily Surfers Paradise Pty Ltd,"Surfers Paradise Marriott Resort & Spa, Bronwyn Duggan, Event Manager Surfers Paradise, Qld, 4217",No,No,,,,,,,,,1929191,,,,,,
,Griffith University,"170 Kessels Road, Nathan Qld 4111",Subscription/License Fees,14/10/2021,34000,Csiro,"Unipark Building 1 Level 1, 195 Wellington Road Clayton, Vic, 3168",No,No,,,,,,,,,358316,,,,,,
,Griffith University,"170 Kessels Road, Nathan Qld 4111",Software Support Maintenance,14/10/2021,67107,Enghouse Australia Pty Ltd,"Level 6, 606 St Kilda Road Melbourne, Vic, 3004",No,No,,,,,,,,,358311,,,,,,
,Griffith University,"170 Kessels Road, Nathan QLD 4111",Subscription/License Fees,14/10/2021,18347,Gecko Labs Ltd,"116 Dundas Street,  Edinburgh, , Eh3 5Dq",No,No,,,,,,,,,358309,,,,,,
,Griffith University,"170 Kessels Road, Nathan Qld 4111",Consultancy Services,14/10/2021,198154,Icad Consultants Pty Ltd,Brisbane,No,No,,,,,,,,,358310,,,,,,
,Griffith University,"170 Kessels Road, Nathan Qld 4111",Consultancy Services,14/10/2021,22500,Patrick Marsden Norman,Gold Coast,No,No,,,,,,,,,358326,,,,,,
,Griffith University,"170 Kessels Road, Nathan Qld 4111",Building Construction & Maintenance,14/10/2021,17203,Precise Air Group P/L,"Po Box 1859,  Springwood, Qld, 4128",No,No,,,,,,,,,358307,,,,,,
,Griffith University,"170 Kessels Road, Nathan Qld 4111",Building Construction & Maintenance,14/10/2021,16539,Verbatim Australia Pty. Ltd.,"Unit 6, 450-466 Princes Highway Noble Park North, Vic, 3174",No,No,,,,,,,,,358327,,,,,,
,Griffith University,"170 Kessels Road, Nathan Qld 4111",Building Construction & Maintenance,15/10/2021,21635,A1 Building & Property Solutions Pty Ltd,"3 D'Aguilar Road,  The Gap, Qld, 4061",No,No,,,,,,,,,358368,,,,,,
,Griffith University,"170 Kessels Road, Nathan Qld 4111",Building Construction & Maintenance,15/10/2021,20365,A1 Building & Property Solutions Pty Ltd,"3 D'Aguilar Road,  The Gap, Qld, 4061",No,No,,,,,,,,,358383,,,,,,
,Griffith University,"170 Kessels Road, Nathan Qld 4111",Subscription/License Fees,15/10/2021,1190248,Blackboard International Bv,"Paleisstraat 1-5,  Amsterdam, , 1012",No,No,Limited,b - (iii) The absence of competition for technical reasons which can only be supplied by a particular supplier and no reasonable alternative exists,,,,,,,358360,,,,,,
,Griffith University,"170 Kessels Road, Nathan Qld 4111",Subscription/License Fees,15/10/2021,1757668,Blackboard International Bv,"Paleisstraat 1-5,  Amsterdam, , 1012",Yes,No,Limited,b - (iii) The absence of competition for technical reasons which can only be supplied by a particular supplier and no reasonable alternative exists,,,,,,,372132,,C01034,,,,
,Griffith University,"170 Kessels Road, Nathan Qld 4111",Building Construction & Maintenance,15/10/2021,22969,Gold Coast City Council,"Po Box 5042,  Gold Coast Mail Centre, Qld, 9729",No,No,,,,,,,,,1928004,,,,,,
,Griffith University,"170 Kessels Road, Nathan Qld 4111",Furniture,15/10/2021,26004,Incorporate Space,"Po Box 864,  Sunnybank, Qld, 4109",No,No,,,,,,,,,358373,,,,,,
,Griffith University,"170 Kessels Road, Nathan Qld 4111",Event Expenditure,15/10/2021,23241,Nw Group Australasia Pty Ltd,"Unit 4A 21 South St, Rydalmere, Nsw, 2116",No,No,,,,,,,,,358394,,,,,,
,Griffith University,"170 Kessels Road, Nathan Qld 4111",Consultancy Services,15/10/2021,111100,Pricewaterhousecoopers,"Gpo Box 150,  Brisbane, Qld, 4001",No,No,,,,,,,,,358374,,,,,,
,Griffith University,"170 Kessels Road, Nathan Qld 4111",Software Support Maintenance,15/10/2021,519082,Titanium Solutions Australia Ltd,"Po Box 114, Albany Village Auckland, , 1140",Yes,No,Limited,,,,,,,,GU-401,,,,,,
,Griffith University,"170 Kessels Road, Nathan Qld 4111",Subscription/License Fees,16/10/2021,48469,Aarnet,"Gpo Box 1559,  Canberra, Act, 2601",No,No,,,,,,,,,1928883,,,,,,
,Griffith University,"170 Kessels Road, Nathan Qld 4111",Commission Payment,16/10/2021,15840,Institute Of Managers And Leaders Ltd,"Gpo Box 2229,  Brisbane, Qld, 4000",No,No,,,,,,,,,1926122,,,,,,
,Griffith University,"170 Kessels Road, Nathan Qld 4111",Software,18/10/2021,91770,Data #3 Limited,"Po Box 551,  Indooroopilly, Qld, 4068",No,No,,,,,,,,,358437,,GU-777,,,,
,Griffith University,"170 Kessels Road, Nathan Qld 4111",Scientific Equipment,18/10/2021,18339,Fuseco,"Po Box 1425,  Moorabbin, Vic, 3189",No,No,,,,,,,,,358465,,,,,,
,Griffith University,"170 Kessels Road, Nathan Qld 4111",Marketing Fees,18/10/2021,11000,Good Education Group Pty Ltd,"Level 2, 115-119 Collins St,  Melbourne, Vic, 3000",No,No,,,,,,,,,358434,,,,,,
,Griffith University,"170 Kessels Road, Nathan Qld 4111",Scientific Equipment,18/10/2021,15841,Merck Pty Ltd,"Ground Floor, Building 1, 885 Mountain Highway Bayswater, Vic, 3153",No,No,,,,,,,,,358441,,,,,,
,Griffith University,"170 Kessels Road, Nathan Qld 4111",Scientific Equipment,18/10/2021,16255,Olympus Australia Pty Ltd,"Po Box 985,  Mt Waverley, Vic, 3149",No,No,,,,,,,,,358415,,,,,,
,Griffith University,"170 Kessels Road, Nathan Qld 4111",Computer Equipment,18/10/2021,57145,The School Locker,"103 Hyde Rd,  Yeronga, Qld, 4104",No,No,,,,,,,,,358413,,,,,,
,Griffith University,"170 Kessels Road, Nathan Qld 4111",Event Expenditure,19/10/2021,18509,Brisbane Convention And Exhibition Centr,"Po Box 3869, South Bank Brisbane, Qld, 4101",No,No,,,,,,,,,358505,,,,,,
,Griffith University,"170 Kessels Road, Nathan Qld 4111",Scientific Equipment,19/10/2021,12189,Dive Dive Dive - Logan,"Po Box 5309,  Manly, Qld, 4179",No,No,,,,,,,,,358497,,,,,,
,Griffith University,"170 Kessels Road, Nathan Qld 4111",Audio Visual Equipment,19/10/2021,13405,Dragon Image Pty Ltd,"39 Brookes Street,  Bowen Hills, Qld, 4006",No,No,,,,,,,,,358523,,,,,,
,Griffith University,"170 Kessels Road, Nathan Qld 4111",Consultancy Services,19/10/2021,220000,Faction Consulting Pty Ltd,"Gpo Box 1361,  Brisbane, Qld, 4001",No,No,,,,,,,,,358501,,,,,,
,Griffith University,"170 Kessels Road, Nathan Qld 4111",Subscription/License Fees,19/10/2021,31350,Higher Ed Services Pty Ltd,"Level 10, 210 Clarence Street,  Sydney, Nsw, 2000",No,No,,,,,,,,,358482 370099 383111,,PR466867,,,,
,Griffith University,"170 Kessels Road, Nathan Qld 4111",Audio Visual Equipment,19/10/2021,15373,Lemac Films (Australia) Pty Ltd,"5 Exhibition Street,  Bowen Hills, Qld, 4006",No,No,,,,,,,,,358522,,,,,,
,Griffith University,"170 Kessels Road, Nathan Qld 4111",Scientific Equipment,19/10/2021,47733,Newspec Unit Trust,South Australia,No,No,,,,,,,,,358520,,,,,,
,Griffith University,"170 Kessels Road, Nathan Qld 4111",Relocation Services,19/10/2021,14023,Sirva Relocation,"490 Freeman Road,  Richlands, Qld, 4077",No,No,,,,,,,,,358519,,,,,,
,Griffith University,"170 Kessels Road, Nathan Qld 4111",Consultancy Services,19/10/2021,14775,The Trustee For Va & A Yacono Family Tru,Victoria,No,No,,,,,,,,,358475,,,,,,
,Griffith University,"170 Kessels Road, Nathan Qld 4111",Consultancy Services,19/10/2021,498003,Urbis Pty Ltd,"Level 32, 300 George Street,  Brisbane, Qld, 4000",No,No,,,,,,,,,358509,,,,,,
,Griffith University,"170 Kessels Road, Nathan Qld 4111",Audio Visual Equipment,20/10/2021,10518,Allied Technologies Australia Pty Ltd,"Po Box 3178,  Newstead, Qld, 4006",No,No,,,,,,,,,358578,,,,,,
,Griffith University,"170 Kessels Road, Nathan Qld 4111",Event Expenditure,20/10/2021,19635,Amy Gale,Brisbane,No,No,,,,,,,,,358560,,,,,,
,Griffith University,"170 Kessels Road, Nathan Qld 4111",Building Construction & Maintenance,20/10/2021,11180,Elite Test & Tag Brisbane South,Brisbane,No,No,,,,,,,,,358537,,,,,,
,Griffith University,"170 Kessels Road, Nathan Qld 4111",Building Construction & Maintenance,20/10/2021,49123,Hosmed Services Pty Ltd,"Po Box 637,  Virginia, Qld, 4014",No,No,,,,,,,,,358587,,,,,,
,Griffith University,"170 Kessels Road, Nathan Qld 4111",Building Construction & Maintenance,20/10/2021,10572,Mctaggart Plumbing Pty Ltd,"Po Box 173,  Petrie, Qld, 4502",No,No,,,,,,,,,358548,,,,,,
,Griffith University,"170 Kessels Road, Nathan Qld 4111",Consultancy Services,20/10/2021,32234,O'Connor Marsden & Associates,"Level 3, 1 York Street,  Sydney, Nsw, 2000",No,No,,,,,,,,,358550,,,,,,
,Griffith University,"170 Kessels Road, Nathan Qld 4111",Building Construction & Maintenance,20/10/2021,327905,Quadric Pty Ltd,"31 Barry Parade,  Fortitude Valley, Qld, 4107",No,No,,,,,,,,,358562,,,,,,
,Griffith University,"170 Kessels Road, Nathan Qld 4111",Subscription/License Fees,20/10/2021,17125,Refinitiv Australia Pty Limited,"Level 10, 60 Margaret Street Sydney, Nsw, 2000",No,No,,,,,,,,,358532,,,,,,
,Griffith University,"170 Kessels Road, Nathan Qld 4111",Chemical & Biological Products,21/10/2021,12137,"Atecom Technology Co., Ltd.","4F-3, No 58, Hsingshan Road, Neihu District Taipei, , 11469",No,No,,,,,,,,,358614,,,,,,
,Griffith University,"170 Kessels Road, Nathan Qld 4111",Subscription/License Fees,21/10/2021,15997,Aussie Telecom Pty Limited,"Po Box 3144,  Brighton, Vic, 3187",No,No,,,,,,,,,358599,,,,,,
,Griffith University,"170 Kessels Road, Nathan Qld 4111",Scientific Equipment,21/10/2021,15663,Coherent Scientific Pty Ltd,"Unit 2, 32 West Thebarton Road,  Thebarton, Sa, 5031",No,No,,,,,,,,,358623,,,,,,
,Griffith University,"170 Kessels Road, Nathan Qld 4111",Scientific Equipment,21/10/2021,27261,Gene Target Solutions Pty Ltd,"Unit 33A, 280 New Line Road,  Dural, Nsw, 2158",No,No,,,,,,,,,358618,,,,,,
,Griffith University,"170 Kessels Road, Nathan Qld 4111",Subscription/License Fees,21/10/2021,24495,Health Communication Network Ltd,"Lv 4 201 Pacific Hwy,  St Leonards, Nsw, 2065",No,No,,,,,,,,,1930294,,,,,,
,Griffith University,"170 Kessels Road, Nathan Qld 4111",Legal Fees,21/10/2021,44000,Holding Redlich,"Level 1, 300 Queen Street Brisbane, Qld, 4000",No,No,,,,,,,,,358617,,,,,,
,Griffith University,"170 Kessels Road, Nathan Qld 4111",Scientific Equipment,21/10/2021,11935,Lst Group,"Po Box 88,  Peakhurst, Nsw, 2210",No,No,,,,,,,,,358624,,,,,,
,Griffith University,"170 Kessels Road, Nathan Qld 4111",Legal Fees,21/10/2021,16445,Mccullough Robertson Lawyers,"Po Box 1855,  Brisbane, Qld, 4001",No,No,,,,,,,,,1926334,,,,,,
,Griffith University,"170 Kessels Road, Nathan Qld 4111",Scientific Equipment,21/10/2021,10595,Sss Australia,"Po Box 3304 Dc,  Tingalpa, Qld, 4173",No,No,,,,,,,,,358596,,,,,,
,Griffith University,"170 Kessels Road, Nathan Qld 4111",Audio Visual Equipment,22/10/2021,19327,Allied Technologies Australia Pty Ltd,"Po Box 3178,  Newstead, Qld, 4006",No,No,,,,,,,,,358709,,,,,,
,Griffith University,"170 Kessels Road, Nathan Qld 4111",Building Construction & Maintenance,22/10/2021,94184,Black Truck & Ag,"Po Box 336,  Gatton, Qld, 4343",No,No,,,,,,,,,358713,,,,,,
,Griffith University,"170 Kessels Road, Nathan Qld 4111",Event Expenditure,22/10/2021,35618,Brisbane Scaffold Hire Pty Ltd,"Po Box 209,  Geebung, Qld, 4034",No,No,,,,,,,,,358708,,,,,,
,Griffith University,"170 Kessels Road, Nathan Qld 4111",Event Expenditure,22/10/2021,39466,Gold Coast Convention & Exhibition Centr,"Po Box 1407,  Broadbeach, Qld, 4218",No,No,,,,,,,,,1929445,,,,,,
,Griffith University,"170 Kessels Road, Nathan Qld 4111",Consultancy Services,22/10/2021,66880,Janet Pauline Dalby,Gold Coast,No,No,,,,,,,,,358666,,,,,,
,Griffith University,"170 Kessels Road, Nathan Qld 4111",Consultancy Services,22/10/2021,23062,Maria Teresa Scott,Sunshine Coast,No,No,,,,,,,,,1927019,,,,,,
,Griffith University,"170 Kessels Road, Nathan Qld 4111",Legal Fees,22/10/2021,51774,Mccullough Robertson Lawyers,"Po Box 1855,  Brisbane, Qld, 4001",No,No,,,,,,,,,1926604,,,,,,
,Griffith University,"170 Kessels Road, Nathan Qld 4111",Event Expenditure,22/10/2021,10780,Mercure Gold Coast Resort,"Palm Meadows Drive,  Carrara, Qld, 4211",No,No,,,,,,,,,358723,,,,,,
,Griffith University,"170 Kessels Road, Nathan Qld 4111",Event Expenditure,22/10/2021,14335,Novotel Surfers Paradise,"Po Box 2276,  Surfers Paradise, Qld, 4217",No,No,,,,,,,,,358679,,,,,,
,Griffith University,"170 Kessels Road, Nathan Qld 4111",Software Support Maintenance,22/10/2021,61319,Oracle Corporation Australia Pty Ltd,"Gpo Box 1313,  Sydney, Nsw, 2001",No,No,,,,,,,,,358660,,,,,,
,Griffith University,"170 Kessels Road, Nathan Qld 4111",Audio Visual Equipment,22/10/2021,19537,Proav Solutions Queensland,"Po Box 2722,  Toowong, Qld, 4066",No,No,,,,,,,,,358726,,,,,,
,Griffith University,"170 Kessels Road, Nathan Qld 4111",Subscription/License Fees,22/10/2021,81257,Sas Institute Australia Pty Ltd,"Private Bag No. 52,  Lane Cove, Nsw, 2066",No,No,,,,,,,,,358668,,,,,,
,Griffith University,"170 Kessels Road, Nathan Qld 4111",Uniforms,22/10/2021,11486,S-Trend Sportswear,"Level 5/7 Newcomen Street,  Newcastle, Nsw, 2300",No,No,,,,,,,,,358677,,,,,,
,Griffith University,"170 Kessels Road, Nathan Qld 4111",Event Expenditure,24/10/2021,12352,Gregorski Group Pty Ltd,"40 Edward Street,  Brisbane City, Qld, 4000",No,No,,,,,,,,,1929579,,,,,,
,Griffith University,"170 Kessels Road, Nathan Qld 4111",Audio Visual Equipment,25/10/2021,16674,Allied Technologies Australia Pty Ltd,"Po Box 3178,  Newstead, Qld, 4006",No,No,,,,,,,,,358733,,,,,,
,Griffith University,"170 Kessels Road, Nathan Qld 4111",Scientific Equipment,25/10/2021,59046,Anritsu Pty Ltd,"Po Box 817,  Mount Waverley, Vic, 3149",No,No,,,,,,,,,358748,,,,,,
,Griffith University,"170 Kessels Road, Nathan Qld 4111",Software,25/10/2021,144426,Data #3 Limited,"Po Box 551,  Indooroopilly, Qld, 4068",No,No,,,,,,,,,358749,,,,,,
,Griffith University,"170 Kessels Road, Nathan Qld 4111",Consultancy Services,25/10/2021,137720,Deloitte Consulting Pty Limited,"123 Eagle Street,  Brisbane, Qld, 4000",No,No,,,,,,,,,358754,,,,,,
,Griffith University,"170 Kessels Road, Nathan Qld 4111",Building Construction & Maintenance,25/10/2021,22711,Precise Air Group P/L,"Po Box 1859,  Springwood, Qld, 4128",No,No,,,,,,,,,358778,,,,,,
,Griffith University,"170 Kessels Road, Nathan Qld 4111",Audio Visual Equipment,25/10/2021,325749,Proav Solutions Queensland,"Po Box 2722,  Toowong, Qld, 4066",No,No,,,,,,,,,358772,,,,,,
,Griffith University,"170 Kessels Road, Nathan Qld 4111",Medical Equipment,25/10/2021,20321,Southern Biological,"1/44 Rushdale Street,  Knoxfield, Vic, 3180",No,No,,,,,,,,,358780,,,,,,
,Griffith University,"170 Kessels Road, Nathan Qld 4111",Event Expenditure,26/10/2021,14356,Aw Hospitality Pty Ltd,"609 Stanley Street,  Woolloongabba, Qld, 4102",No,No,,,,,,,,,1930606,,,,,,
,Griffith University,"170 Kessels Road, Nathan Qld 4111",Consultancy Services,26/10/2021,79200,Get Shift Done,New South Wales,No,No,,,,,,,,,358799,,,,,,
,Griffith University,"170 Kessels Road, Nathan Qld 4111",Building Construction & Maintenance,26/10/2021,15125,Hosmed Services Pty Ltd,"Po Box 637,  Virginia, Qld, 4014",No,No,,,,,,,,,358805,,,,,,
,Griffith University,"170 Kessels Road, Nathan Qld 4111",Subscription/License Fees,26/10/2021,250686,Insync Solutions Pty Ltd,"Po Box 3580,  Rundle Mall, Sa, 5000",No,No,,,,,,,,,358787,,,,,,
,Griffith University,"170 Kessels Road, Nathan Qld 4111",Building Construction & Maintenance,26/10/2021,12551,Lightbox Architecture &Interiors Pty Ltd,"11 Dallas Parade,  Keperra, Qld, 4054",No,No,,,,,,,,,358816,,,,,,
,Griffith University,"170 Kessels Road, Nathan Qld 4111",Recruitment/Placement Fees,26/10/2021,38500,Objective Property Services Pty. Ltd.,Brisbane,No,No,,,,,,,,,358808,,,,,,
,Griffith University,"170 Kessels Road, Nathan Qld 4111",Software Support Maintenance,26/10/2021,637309,Oracle Corporation Australia Pty Ltd,"Gpo Box 1313,  Sydney, Nsw, 2001",No,No,Open,,,,,,,,358786,,,,,,
,Griffith University,"170 Kessels Road, Nathan Qld 4111",Musical Instruments,26/10/2021,11999,Ozwinds Brisbane,"Shop 11-13 / 360 Logan Road,  Greenslopes, Qld, 4120",No,No,,,,,,,,,358814,,,,,,
,Griffith University,"170 Kessels Road, Nathan Qld 4111",Consultancy Services,26/10/2021,402295,Pricewaterhouse Coopers Consulting Aust,"Darling Park Tower 2, 201 Sussex Street,  Sydney, Nsw, 2000",No,No,,,,,,,,,358783,,,,,,
,Griffith University,"170 Kessels Road, Nathan Qld 4111",Consultancy Services,26/10/2021,36575,Service Quality Pty Ltd,"Unit 2, Building 5, 205-215 Lietchs Road,  Brendale, Qld, 4500",No,No,,,,,,,,,358784,,,,,,
,Griffith University,"170 Kessels Road, Nathan Qld 4111",Equipment,26/10/2021,27500,United Equipment Pty Ltd,"Po Box 624,  Welshpool Dc, Wa, 6986",No,No,,,,,,,,,358817,,,,,,
,Griffith University,"170 Kessels Road, Nathan Qld 4111",Consultancy Services,27/10/2021,82500,Calibre Consulting Group,Brisbane,No,No,,,,,,,,,358852,,,,,,
,Griffith University,"170 Kessels Road, Nathan Qld 4111",Consultancy Services,27/10/2021,25300,Greencap Pty Ltd,"Suite 1, 677 High Street,  Kew East, Vic, 3102",No,No,,,,,,,,,358858,,,,,,
,Griffith University,"170 Kessels Road, Nathan Qld 4111",Building Construction & Maintenance,27/10/2021,40150,Securcom Pty Ltd,"Unit 79, 193 South Pine Road Brendale, Qld, 4500",No,No,,,,,,,,,358843,,,,,,
,Griffith University,"170 Kessels Road, Nathan Qld 4111",Scientific Equipment,27/10/2021,31327,Tecniplast Australia Pty Limited,"Unit 10, 79-85 Mars Road, North Star Business Park Lane Cove, Nsw, 2066",No,No,,,,,,,,,358861,,,,,,
,Griffith University,"170 Kessels Road, Nathan Qld 4111",Consultancy Services,27/10/2021,198000,The Trustee For Arcblue Consulting Trust,"Level 19, 15 William Street Melbourne, Vic, 3000",No,No,,,,,,,,,358848,,,,,,
,Griffith University,"170 Kessels Road, Nathan Qld 4111",Building Construction & Maintenance,27/10/2021,27271,Yes Fire Pty Ltd,"Po Box 91,  West Burleigh, Qld, 4219",No,No,,,,,,,,,358844,,,,,,
,Griffith University,"170 Kessels Road, Nathan Qld 4111",Event Expenditure,28/10/2021,68760,Brisbane Convention And Exhibition Centr,"Po Box 3869, South Bank Brisbane, Qld, 4101",No,No,,,,,,,,,358920,,,,,,
,Griffith University,"170 Kessels Road, Nathan Qld 4111",Subscription/License Fees,28/10/2021,40688,China Academic Journals (Cd Edition),"Building A2, Dongsheng Science Park, 66 Xixiaokou St, Beijing, , 100192",No,No,,,,,,,,,1929845,,,,,,
,Griffith University,"170 Kessels Road, Nathan Qld 4111",Subscription/License Fees,28/10/2021,11003,Elsevier Inc.,"3251 Riverport Lane,  Maryland Heights, Mo, 63043",No,No,,,,,,,,,1930846,,,,,,
,Griffith University,"170 Kessels Road, Nathan Qld 4111",Marketing Fees,28/10/2021,20092,Execugifts,"Po Box 3209,  Helensvale, Qld, 4212",No,No,,,,,,,,,358900,,,,,,
,Griffith University,"170 Kessels Road, Nathan Qld 4111",Subscription/License Fees,28/10/2021,20092,Greenhills Media Pty Ltd,"Po Box 81,  Briar Hill, Vic, 3088",No,No,,,,,,,,,358894,,,,,,
,Griffith University,"170 Kessels Road, Nathan Qld 4111",Subscription/License Fees,28/10/2021,42968,Modo Labs Inc,"100 Cambridgepark Drive, Suite 200 Cambridge, Ma, 02140",No,No,,,,,,,,,358917,,,,,,
,Griffith University,"170 Kessels Road, Nathan Qld 4111",Subscription/License Fees,28/10/2021,440730,Ovid Technologies Inc.,"100 River Ridge Drive,  Norwood, Ma, 02062",No,No,,,,,,,,,1930448,,,,,,
,Griffith University,"170 Kessels Road, Nathan Qld 4111",Consultancy Services,28/10/2021,82500,Pricewaterhousecoopers,"Gpo Box 150,  Brisbane, Qld, 4001",No,No,,,,,,,,,358928,,,,,,
,Griffith University,"170 Kessels Road, Nathan Qld 4111",Consultancy Services,28/10/2021,724359,Resource 23 Pty Ltd,"Po Box 587,  Melbourne, Vic, 30013147",Yes,No,Open,,,,,,,,467929,,,,,,
,Griffith University,"170 Kessels Road, Nathan Qld 4111",Software Support Maintenance,28/10/2021,597595,Securcom Pty Ltd,"Unit 79, 193 South Pine Road Brendale, Qld, 4500",No,No,Limited,b - (iii) The absence of competition for technical reasons which can only be supplied by a particular supplier and no reasonable alternative exists,,,,,,,GU-416,,,,,,
,Griffith University,"170 Kessels Road, Nathan Qld 4111",Marketing Fees,28/10/2021,11000,Smart Comm (Aust) P/L,"Po Box 3508,  Tingalpa Dc, Qld, 4173",No,No,,,,,,,,,358921,,,,,,
,Griffith University,"170 Kessels Road, Nathan Qld 4111",Hire/Lease Fees,28/10/2021,11466,Sure Power,"4 Manilla Street,  East Brisbane, Qld, 4169",No,No,,,,,,,,,358935,,,,,,
,Griffith University,"170 Kessels Road, Nathan Qld 4111",Subscription/License Fees,29/10/2021,11388,Apn Educational Media,"Po Box 488,  Darlinghurst, Nsw, 1300",No,No,,,,,,,,,1928018,,,,,,
,Griffith University,"170 Kessels Road, Nathan Qld 4111",Subscription/License Fees,29/10/2021,17986,Ebsco International Inc,"Subscription Services, Attn John Siwek North Sydney, Nsw, 2060",No,No,,,,,,,,,1927321,,,,,,
,Griffith University,"170 Kessels Road, Nathan Qld 4111",Hire/Lease Fees,29/10/2021,26785,Frontier Labs Pty Ltd,"Unit 10, 8 Chrome Street Salisbury, Qld, 4107",No,No,,,,,,,,,358968,,,,,,
,Griffith University,"170 Kessels Road, Nathan Qld 4111",Consultancy Services,30/10/2021,91126,Alluvium International Pty Ltd,"Po Box 6246,  O'Connor, Act, 2602",Yes,No,,,,,,,,,721010.1,,,,,,
,Griffith University,"170 Kessels Road, Nathan Qld 4111",Subscription/License Fees,30/10/2021,82882,Learning Information Systems,"Level 11,  17 York St,  Sydney, Nsw, 2000",No,No,,,,,,,,,1928625,,,,,,
,Griffith University,"170 Kessels Road, Nathan Qld 4111",Audio Visual Equipment,1/11/2021,24171,Allied Technologies Australia Pty Ltd,"Po Box 3178,  Newstead, Qld, 4006",No,No,,,,,,,,,359018,,,,,,
,Griffith University,"170 Kessels Road, Nathan Qld 4111",Building Construction & Maintenance,1/11/2021,38412,Building Certifiers Australia Pty Ltd,"Po Box 911,  Caloundra, Qld, 4551",No,No,,,,,,,,,359004,,,,,,
,Griffith University,"170 Kessels Road, Nathan Qld 4111",Subscription fees,1/11/2021,57537,Cybercx Pty Ltd,"L4 330 Collins St,  Melbourne, Vic, 3000",No,No,,,,,,,,,359042,,,,,,
,Griffith University,"170 Kessels Road, Nathan Qld 4111",Event Expenditure,1/11/2021,121316,Gold Coast Convention & Exhibition Centr,"Po Box 1407,  Broadbeach, Qld, 4218",No,No,,,,,,,,,358989,,,,,,
,Griffith University,"170 Kessels Road, Nathan Qld 4111",Consultancy Services,1/11/2021,21999,Hatched.Io Pty Ltd,Brisbane,No,No,,,,,,,,,359006,,,,,,
,Griffith University,"170 Kessels Road, Nathan Qld 4111",Building Construction & Maintenance,1/11/2021,189402,Stowe Australia,"Po Box 4025, 31 Mckechnie Drive Eight Mile Plains, Qld, 4113",No,No,,,,,,,,,359028,,,,,,
,Griffith University,"170 Kessels Road, Nathan Qld 4111",Event Expenditure,1/11/2021,14346,The Island Hotel,"Po Box 344,  Surfers Paradise, Qld, 4217",No,No,,,,,,,,,359032,,,,,,
,Griffith University,"170 Kessels Road, Nathan Qld 4111",Chemical & Biological Products,1/11/2021,13527,Thermo Fisher Scientific Australia,"Po Box 9092,  Scoresby, Vic, 3179",No,No,,,,,,,,,359011,,,,,,
,Griffith University,"170 Kessels Road, Nathan Qld 4111",Consultancy Services,2/11/2021,19800,Arbor Australis Consulting,"Po Box 568,  Sherwood, Qld, 4075",No,No,,,,,,,,,359044,,,,,,
,Griffith University,"170 Kessels Road, Nathan Qld 4111",Scientific Equipment,2/11/2021,31240,John Barry Group Pty Ltd,"C/- Warner Studios, Pacific Highway Oxenford, Qld, 4210",No,No,,,,,,,,,359060,,,,,,
,Griffith University,"170 Kessels Road, Nathan Qld 4111",Medical Equipment,2/11/2021,20370,Motion Specialties,"Warehouse 1, 10 Tapnor Crescent Brendale, Qld, 4500",No,No,,,,,,,,,359054,,,,,,
,Griffith University,"170 Kessels Road, Nathan Qld 4111",Building Construction & Maintenance,2/11/2021,55733,Precise Air Group P/L,"Po Box 1859,  Springwood, Qld, 4128",No,No,,,,,,,,,359068,,,,,,
,Griffith University,"170 Kessels Road, Nathan Qld 4111",Building Construction & Maintenance,2/11/2021,546759,Shape Australia (Qld) Pty Limited,"Level 5, 175 Eagle Street Brisbane City, Qld, 4000",No,No,Selective,,,,,,,,359056,,,,,,
,Griffith University,"170 Kessels Road, Nathan Qld 4111",Scientific Equipment,2/11/2021,17589,Thermo Fisher Scientific Australia,"Po Box 9092,  Scoresby, Vic, 3179",No,No,,,,,,,,,359049,,,,,,
,Griffith University,"170 Kessels Road, Nathan Qld 4111",Marketing Fees,2/11/2021,19694,Traffic Film & Video Production,"332 Montague Road,  West End, Qld, 4101",No,No,,,,,,,,,359062,,,,,,
,Griffith University,"170 Kessels Road, Nathan Qld 4111",Consultancy Services,3/11/2021,50600,Aec Group Pty Ltd,"Po Box 456,  Spring Hill, Qld, 4004",No,No,,,,,,,,,359122,,,,,,
,Griffith University,"170 Kessels Road, Nathan Qld 4111",Scientific Equipment,3/11/2021,61505,Ascencia Pty Ltd,"28 Waverley Park Drive,  Mulgrave, Vic, 3170",No,No,,,,,,,,,359118,,,,,,
,Griffith University,"170 Kessels Road, Nathan Qld 4111",Consultancy Services,3/11/2021,20570,Deborah Johnston Consulting,"Po Box 10379, Adelaide Street Brisbane, Qld, 4000",No,No,,,,,,,,,359099,,,,,,
,Griffith University,"170 Kessels Road, Nathan Qld 4111",Subscription fees,3/11/2021,16005,Keywatch Systems Queensland,"Po Box 684,  Surfers Paradise, Qld, 4217",No,No,,,,,,,,,359109,,,,,,
,Griffith University,"170 Kessels Road, Nathan Qld 4111",Commission Payment,3/11/2021,1789180,Open Universities Australia,"Level 1/473 Bourke St,  Melbourne, Vic, 3000",No,No,Limited,b - (iii) The absence of competition for technical reasons which can only be supplied by a particular supplier and no reasonable alternative exists,,,,,,,1930775,,,,,,
,Griffith University,"170 Kessels Road, Nathan Qld 4111",Commission Payment,3/11/2021,38400,Oztrekk Educational Services Ltd,"1 Sherbrooke Street East, Suite 301,  Perth, On, K7H 1A1",No,No,,,,,,,,,1932282,,,,,,
,Griffith University,"170 Kessels Road, Nathan Qld 4111",Building Construction & Maintenance,3/11/2021,12555,Precise Air Group P/L,"Po Box 1859,  Springwood, Qld, 4128",No,No,,,,,,,,,359128,,,,,,
,Griffith University,"170 Kessels Road, Nathan Qld 4111",Consultancy Services,3/11/2021,890560,Telstra,"Locked Bag 9901,  Melbourne, Vic, 3001",No,No,Open,,,,,,,,359101,,,,,,
,Griffith University,"170 Kessels Road, Nathan Qld 4111",Scientific Equipment,3/11/2021,94391,Thermo Fisher Scientific Australia,"Po Box 9092,  Scoresby, Vic, 3179",No,No,,,,,,,,,359112,,,,,,
,Griffith University,"170 Kessels Road, Nathan Qld 4111",Chemical & Biological Products,3/11/2021,12513,Thermo Fisher Scientific Australia,"Po Box 9092,  Scoresby, Vic, 3179",No,No,,,,,,,,,359131,,,,,,
,Griffith University,"170 Kessels Road, Nathan Qld 4111",Office Furniture,4/11/2021,19851,Abp Allboards P/L,"Po Box 197,  Carole Park, Qld, 4300",No,No,,,,,,,,,359157,,,,,,
,Griffith University,"170 Kessels Road, Nathan Qld 4111",Library Acquisition Reference Materials,4/11/2021,126601,Clarivate Analytics (Uk) Limited,"Friars House, 160 Blackfriars Road London, , Se1 8Ez",No,No,,,,,,,,,1932248,,,,,,
,Griffith University,"170 Kessels Road, Nathan Qld 4111",Consultancy Services,4/11/2021,76450,Nature Pty Ltd,"139 Dover Street,  Cremorne, Vic, 3121",No,No,,,,,,,,,359175,,,,,,
,Griffith University,"170 Kessels Road, Nathan Qld 4111",Consultancy Services,4/11/2021,146009,Randstad Pty Limited,"Gpo Box 4640,  Sydney, Nsw, 2001",No,No,,,,,,,,,359169,,,,,,
,Griffith University,"170 Kessels Road, Nathan Qld 4111",Library Acquisition Reference Materials,4/11/2021,31996,Royal Pharmaceutical Society Of Gb,"66-68 East Smithfield,  London, , E1W 1Aw",No,No,,,,,,,,,1931779,,,,,,
,Griffith University,"170 Kessels Road, Nathan Qld 4111",Scientific Equipment,4/11/2021,45832,Royce Water Technologies Pty Ltd,"Shop 4, 30 Raubers Road Banyo, Qld, 4014",No,No,,,,,,,,,359177,,,,,,
,Griffith University,"170 Kessels Road, Nathan Qld 4111",Scientific Equipment,4/11/2021,81565,Thermo Fisher Scientific Australia,"Po Box 9092,  Scoresby, Vic, 3179",No,No,,,,,,,,,359153,,,,,,
,Griffith University,"170 Kessels Road, Nathan Qld 4111",Consultancy Services,4/11/2021,19926,University Of Auckland,"Private Bag 92019 Victoria Street West,  Auckland, , 1142",No,No,,,,,,,,,1931894,,,,,,
,Griffith University,"170 Kessels Road, Nathan Qld 4111",Consultancy Services,4/11/2021,10500,Warraba Allan Weatherall,Brisbane,No,No,,,,,,,,,359189,,,,,,
,Griffith University,"170 Kessels Road, Nathan Qld 4111",Subscription fees,5/11/2021,31530,Aussie Telecom Pty Limited,"Po Box 3144,  Brighton, Vic, 3187",No,No,,,,,,,,,359215,,,,,,
,Griffith University,"170 Kessels Road, Nathan Qld 4111",Building Construction & Maintenance,5/11/2021,44726,Building Certifiers Australia Pty Ltd,"Po Box 911,  Caloundra, Qld, 4551",No,No,,,,,,,,,359229,,,,,,
,Griffith University,"170 Kessels Road, Nathan Qld 4111",Consultancy Services,5/11/2021,10594,Kathleen Margaret Dallest,Brisbane,No,No,,,,,,,,,1929056,,,,,,
,Griffith University,"170 Kessels Road, Nathan Qld 4111",Subscription fees,5/11/2021,45214,New Relic Inc,"188 Spear Street, Suite 1200,  San Francisco, Ca, 94105",No,No,,,,,,,,,359217,,,,,,
,Griffith University,"170 Kessels Road, Nathan Qld 4111",Audio Visual Equipment,5/11/2021,22582,Proav Solutions Queensland,"Po Box 2722,  Toowong, Qld, 4066",No,No,,,,,,,,,359264,,,,,,
,Griffith University,"170 Kessels Road, Nathan Qld 4111",Scientific Equipment,5/11/2021,13805,Thermo Fisher Scientific Australia,"Po Box 9092,  Scoresby, Vic, 3179",No,No,,,,,,,,,359259,,,,,,
,Griffith University,"170 Kessels Road, Nathan Qld 4111",Consultancy Services,5/11/2021,18086,University Of Southern Queensland,"499-565 West Street,  Toowoomba, Qld, 4350",No,No,,,,,,,,,359213,,,,,,
,Griffith University,"170 Kessels Road, Nathan Qld 4111",External Course Delivery,6/11/2021,28050,Yfs Ltd,"Po Box 727,  Woodridge, Qld, 4114",No,No,,,,,,,,,1930825,,,,,,
,Griffith University,"170 Kessels Road, Nathan Qld 4111",Equipment,8/11/2021,15659,Brauer Swim,"Po Box 665,  Nerang, Qld, 4211",No,No,,,,,,,,,359328,,,,,,
,Griffith University,"170 Kessels Road, Nathan Qld 4111",Building Construction & Maintenance,8/11/2021,14850,Edwards Vacuum Australia,"9/53-57 Link Dr,  Yatala, Qld, 4207",No,No,,,,,,,,,359307,,,,,,
,Griffith University,"170 Kessels Road, Nathan Qld 4111",Event Expenditure,8/11/2021,43553,Interchange Consultancy Group,"Po Box 507,  Mudgeeraba, Qld, 4213",No,No,,,,,,,,,359283,,,,,,
,Griffith University,"170 Kessels Road, Nathan Qld 4111",External Course Delivery,8/11/2021,10560,National Assoc. Of Testing Authorities,"Po Box 7507,  Silverwater, Nsw, 2128",No,No,,,,,,,,,359286,,,,,,
,Griffith University,"170 Kessels Road, Nathan Qld 4111",Building Construction & Maintenance,8/11/2021,342320,Slattery Australia Pty Ltd,"Level 14, 160 Queen Street Melbourne, Vic, 3000",No,No,,,,,,,,,359318,,,,,,
,Griffith University,"170 Kessels Road, Nathan Qld 4111",Consultancy Services,9/11/2021,54000,Darren Christopher Lukas,Java,No,No,,,,,,,,,359336,,,,,,
,Griffith University,"170 Kessels Road, Nathan Qld 4111",Consultancy Services,9/11/2021,120000,More Partnership Limited,"31 Exchange Street,  Dundee, Dd1 3Dj",No,No,,,,,,,,,359337,,,,,,
,Griffith University,"170 Kessels Road, Nathan Qld 4111",Consultancy Services,9/11/2021,171848,Robert L Burton,United Kingdom,No,No,,,,,,,,,359333,,,,,,
,Griffith University,"170 Kessels Road, Nathan Qld 4111",Subscription fees,10/11/2021,550000,Anystream Australia Pty Ltd,"Po Box 7862,  Perth, Wa, 6850",No,No,Selective,,,,,,,,359412,,,,,,
,Griffith University,"170 Kessels Road, Nathan Qld 4111",Consumables,10/11/2021,58765,Beckman Coulter Australia P/L,"Unit D, 24 College St,  Gladesville, Nsw, 2111",No,No,,,,,,,,,359422,,,,,,
,Griffith University,"170 Kessels Road, Nathan Qld 4111",Subscription fees,10/11/2021,38686,"Credly, Inc.","349 5Th Avenue, Suite 726 New York, Ny, 10016",No,No,,,,,,,,,359417 373015,,C01144,,,,
,Griffith University,"170 Kessels Road, Nathan Qld 4111",Subscription fees,10/11/2021,239988,Digital Science & Research Solutions Inc,"625 Massachusetts Avenue, 2Nd Floor Cambridge, Ma, 02139",No,No,,,,,,,,,GU-336,,,,,,
,Griffith University,"170 Kessels Road, Nathan Qld 4111",Subscription fees,10/11/2021,36520,Fusion Sport,"1/12 Selhurst Street,  Coopers Plains, Qld, 4108",No,No,,,,,,,,,359419,,,,,,
,Griffith University,"170 Kessels Road, Nathan Qld 4111",Subscription fees,10/11/2021,6800000,Instructure Global Limited,"New Penderel House, 4Th Floor,, 283-288 High Holborn London, , Wc1V 7Hp",Yes,No,Selective,,,,,,,,GU-548,,,,,,
,Griffith University,"170 Kessels Road, Nathan Qld 4111",Subscription fees,10/11/2021,19690,Prodigy Learning (Australia) Pty Ltd,"300 Barangaroo Avenue, Three International Towers, Level 24 Sydney, Nsw, 2000",No,No,,,,,,,,,359395,,,,,,
,Griffith University,"170 Kessels Road, Nathan Qld 4111",Commission Payment,10/11/2021,12746,Sol Edu Pty Ltd,"Level 2, 69 Adelaide Street,  Brisbane, Qld, 4000",No,No,,,,,,,,,1933640,,,,,,
,Griffith University,"170 Kessels Road, Nathan Qld 4111",Office Furniture,10/11/2021,28600,Zenith Interiors Pty Ltd,"Po Box 2354,  Fortitude Valley B C, Qld, 4006",No,No,,,,,,,,,359425,,,,,,
,Griffith University,"170 Kessels Road, Nathan Qld 4111",Library Acquisition Reference Materials,11/11/2021,35937,Aip Publishing Llc,"Ste 300, 1305 Walt Whitman Rd,  Melville, Ny, 11782",No,No,,,,,,,,,1933570,,,,,,
,Griffith University,"170 Kessels Road, Nathan Qld 4111",Library Acquisition Reference Materials,11/11/2021,47885,Bmj Publishing Group Ltd,"Po Box 273,  London, , Wc1H 9Bp",No,No,,,,,,,,,1933569,,,,,,
,Griffith University,"170 Kessels Road, Nathan Qld 4111",Library Acquisition Reference Materials,11/11/2021,30694,Council Of Aust. University Librarians,"9 Napier Close,  Deakin, Act, 2600",No,No,,,,,,,,,1933410,,,,,,
,Griffith University,"170 Kessels Road, Nathan Qld 4111",Library Acquisition Reference Materials,11/11/2021,23472,Council Of Aust. University Librarians,"9 Napier Close,  Deakin, Act, 2600",No,No,,,,,,,,,1933412,,,,,,
,Griffith University,"170 Kessels Road, Nathan Qld 4111",Library Acquisition Reference Materials,11/11/2021,39276,Council Of Aust. University Librarians,"9 Napier Close,  Deakin, Act, 2600",No,No,,,,,,,,,1933413,,,,,,
,Griffith University,"170 Kessels Road, Nathan Qld 4111",Library Acquisition Reference Materials,11/11/2021,20588,Council Of Aust. University Librarians,"9 Napier Close,  Deakin, Act, 2600",No,No,,,,,,,,,1933414,,,,,,
,Griffith University,"170 Kessels Road, Nathan Qld 4111",Library Acquisition Reference Materials,11/11/2021,187197,Ebsco International Inc,"Subscription Services, Attn John Siwek North Sydney, Nsw, 2060",No,No,,,,,,,,,1932709,,,,,,
,Griffith University,"170 Kessels Road, Nathan Qld 4111",Library Acquisition Reference Materials,11/11/2021,15728,Igroup (Australasia) Pty Ltd,"Suite 1509, 530 Little Collins Street Melbourne, Vic, 3000",No,No,,,,,,,,,1926157,,,,,,
,Griffith University,"170 Kessels Road, Nathan Qld 4111",Library Acquisition Reference Materials,11/11/2021,16563,Igroup (Australasia) Pty Ltd,"Suite 1509, 530 Little Collins Street Melbourne, Vic, 3000",No,No,,,,,,,,,1932427,,,,,,
,Griffith University,"170 Kessels Road, Nathan Qld 4111",Library Acquisition Reference Materials,11/11/2021,12674,Igroup (Australasia) Pty Ltd,"Suite 1509, 530 Little Collins Street Melbourne, Vic, 3000",No,No,,,,,,,,,1933005,,,,,,
,Griffith University,"170 Kessels Road, Nathan Qld 4111",Library Acquisition Reference Materials,11/11/2021,29233,Igroup (Australasia) Pty Ltd,"Suite 1509, 530 Little Collins Street Melbourne, Vic, 3000",No,No,,,,,,,,,1933006,,,,,,
,Griffith University,"170 Kessels Road, Nathan Qld 4111",Library Acquisition Reference Materials,11/11/2021,40563,Iop Publishing Ltd,"Temple Circus, Temple Way Bristol, , Bs1 6Hg",No,No,,,,,,,,,1933567,,,,,,
,Griffith University,"170 Kessels Road, Nathan Qld 4111",Medical Equipment,11/11/2021,24530,Medeleq Pty Ltd,"Po Box 323,  Sanctuary Cove, Qld, 4212",No,No,,,,,,,,,359448,,,,,,
,Griffith University,"170 Kessels Road, Nathan Qld 4111",Commission Payment,11/11/2021,423913,Pearson Australia Group Pty Ltd,"Suite 1001 Level 10, 151 Castlereagh Street, Sydney, Nsw, 2000",No,No,,,,,,,,,1930708,,,,,,
,Griffith University,"170 Kessels Road, Nathan Qld 4111",Commission Payment,11/11/2021,140711,Pearson Australia Group Pty Ltd,"Suite 1001 Level 10, 151 Castlereagh Street, Sydney, Nsw, 2000",No,No,,,,,,,,,1930709,,,,,,
,Griffith University,"170 Kessels Road, Nathan Qld 4111",External Course Delivery,11/11/2021,16266,Story K.K.,"4F Bizsmart, 1-3-21 Shinkawa,  Chuo-Ku, 13, 104-0033",No,No,,,,,,,,,1933429,,,,,,
,Griffith University,"170 Kessels Road, Nathan Qld 4111",Consumables,12/11/2021,11590,Alpha Protective Technologies Pty Ltd,"Unit 5, 6-8 Ralph Black Drive,  North Wollongong, Nsw, 2500",No,No,,,,,,,,,359532,,,,,,
,Griffith University,"170 Kessels Road, Nathan Qld 4111",Software Support Maintenance,12/11/2021,22433,Aussie Telecom Pty Limited,"Po Box 3144,  Brighton, Vic, 3187",No,No,,,,,,,,,359496,,,,,,
,Griffith University,"170 Kessels Road, Nathan Qld 4111",Marketing Fees,12/11/2021,20000,Breakout Productions Pty. Ltd.,"24 Lutana Grove,  Dernancourt, Sa, 5075",No,No,,,,,,,,,1933816,,,,,,
,Griffith University,"170 Kessels Road, Nathan Qld 4111",Building Construction & Maintenance,12/11/2021,40277,Confirma Pty Ltd,"Po Box 5710,  Manly, Qld, 4179",No,No,,,,,,,,,359511,,,,,,
,Griffith University,"170 Kessels Road, Nathan Qld 4111",Software Support Maintenance,12/11/2021,16500,Higher Ed Services Pty Ltd,"Level 10, 210 Clarence Street,  Sydney, Nsw, 2000",No,No,,,,,,,,,359493,,,,,,
,Griffith University,"170 Kessels Road, Nathan Qld 4111",Software Support Maintenance,12/11/2021,18150,Icognition Pty Ltd,"Po Box 2544,  Canberra, Act, 2601",No,No,,,,,,,,,359494,,,,,,
,Griffith University,"170 Kessels Road, Nathan Qld 4111",Library Acquisition Reference Materials,12/11/2021,16072,National Library Of Australia,"Parkes Place,  Canberra, Act, 2600",No,No,,,,,,,,,1930048,,,,,,
,Griffith University,"170 Kessels Road, Nathan Qld 4111",Building Construction & Maintenance,12/11/2021,17775,Precise Air Group P/L,"Po Box 1859,  Springwood, Qld, 4128",No,No,,,,,,,,,359492,,,,,,
,Griffith University,"170 Kessels Road, Nathan Qld 4111",Publication Fees,12/11/2021,12705,Shanghai People'S Publishing House,"Shanghai People'S Publishing House, Century Publishing Park 1-5, C, Shanghai, , 201101",No,No,,,,,,,,,1933671,,,,,,
,Griffith University,"170 Kessels Road, Nathan Qld 4111",Library Acquisition Reference Materials,12/11/2021,40959,Techstreet Pty Ltd,"Locked Bag 777 Collins Street,  West Post Office, Vic, 8007",No,No,,,,,,,,,1933869,,,,,,
,Griffith University,"170 Kessels Road, Nathan Qld 4111",Software Support Maintenance,12/11/2021,13068,Threeonefive Innovations,"Po Box 98,  Labrador, Qld, 4215",No,No,,,,,,,,,359504,,,,,,
,Griffith University,"170 Kessels Road, Nathan Qld 4111",Consultancy Services,13/11/2021,19511,X-Ray Safety Australia Pty Ltd,"Po Box 574,  Ashgrove West, Qld, 4060",No,No,,,,,,,,,1930070,,,,,,
,Griffith University,"170 Kessels Road, Nathan Qld 4111",Patent Application Fee,14/11/2021,11507,Davies Collison Cave Pty Ltd,"1 Nicholson Street,  Melbourne, Vic, 3000",No,No,,,,,,,,,1929674,,,,,,
,Griffith University,"170 Kessels Road, Nathan Qld 4111",Consumables,15/11/2021,10497,Becton Dickinson Pty Ltd,"69 Brandl Street,  Eight Mile Plains, Qld, 4113",No,No,,,,,,,,,359587,,,,,,
,Griffith University,"170 Kessels Road, Nathan Qld 4111",Office Furniture,15/11/2021,21901,Instinct Furniture,"P O Box 3218,  Erina, Nsw, 2250",No,No,,,,,,,,,359581,,,,,,
,Griffith University,"170 Kessels Road, Nathan Qld 4111",Consumables,15/11/2021,10830,Medical & Surgical Requisites,"P.O.Box 3965,  Mt Omaney, Qld, 4074",No,No,,,,,,,,,359543,,,,,,
,Griffith University,"170 Kessels Road, Nathan Qld 4111",Audio Visual Equipment,15/11/2021,40471,Proav Solutions Queensland,"Po Box 2722,  Toowong, Qld, 4066",No,No,,,,,,,,,359551,,,,,,
,Griffith University,"170 Kessels Road, Nathan Qld 4111",Subscription fees,15/11/2021,10228,Realtimeboard Inc,"201 Spear Street Suite 1100,  San Francisco, Ca, 94105",No,No,,,,,,,,,359579,,,,,,
,Griffith University,"170 Kessels Road, Nathan Qld 4111",Consultancy Services,15/11/2021,82500,The Florey Institute Of Neuroscience And,"30 Royal Parade,  Parkville, Vic, 3052",No,No,,,,,,,,,359560,,,,,,
,Griffith University,"170 Kessels Road, Nathan Qld 4111",Scientific Equipment,15/11/2021,10961,Thermo Fisher Scientific Australia,"Po Box 9092,  Scoresby, Vic, 3179",No,No,,,,,,,,,359572,,,,,,
,Griffith University,"170 Kessels Road, Nathan Qld 4111",Scientific Equipment,16/11/2021,17122,Australian Scientific Pty Ltd,"11 Mcdougall Street,  Kotara, Nsw, 2289",No,No,,,,,,,,,359674,,,,,,
,Griffith University,"170 Kessels Road, Nathan Qld 4111",Consumables,16/11/2021,14306,Becton Dickinson Pty Ltd,"69 Brandl Street,  Eight Mile Plains, Qld, 4113",No,No,,,,,,,,,359689,,,,,,
,Griffith University,"170 Kessels Road, Nathan Qld 4111",Scientific Equipment,16/11/2021,33385,Edwards Vacuum Australia,"9/53-57 Link Dr,  Yatala, Qld, 4207",No,No,,,,,,,,,359665,,,,,,
,Griffith University,"170 Kessels Road, Nathan Qld 4111",Consultancy Services,16/11/2021,20120,Fire And Safety Australia Pty Ltd,"6-7 Hartnett Close,  Mulgrave, Vic, 3170",No,No,,,,,,,,,359631,,,,,,
,Griffith University,"170 Kessels Road, Nathan Qld 4111",Vehicle Acquisition,16/11/2021,45924,Grand Motors,"Po Box 7834, Gold Coast Mail Ctr Gold Coast, Qld, 9726",No,No,,,,,,,,,359636,,,,,,
,Griffith University,"170 Kessels Road, Nathan Qld 4111",Building Construction & Maintenance,16/11/2021,15518,Inspections X-Ray & Testing Pty Ltd,"1/7 Millennium Place,  Tingalpa, Qld, 4173",No,No,,,,,,,,,359681,,,,,,
,Griffith University,"170 Kessels Road, Nathan Qld 4111",Consultancy Services,16/11/2021,21450,Neuropower Group Pty Ltd,"Po Box 6651,  Upper Mount Gravatt, Qld, 4122",No,No,,,,,,,,,359672,,,,,,
,Griffith University,"170 Kessels Road, Nathan Qld 4111",Event Expenditure,16/11/2021,13476,Opera Queensland,"Po Box 5792 West End, Qld, 4101",No,No,,,,,,,,,1934393,,,,,,
,Griffith University,"170 Kessels Road, Nathan Qld 4111",Event Expenditure,16/11/2021,25137,Opera Queensland,"Po Box 5792 West End, Qld, 4101",No,No,,,,,,,,,1934394,,,,,,
,Griffith University,"170 Kessels Road, Nathan Qld 4111",Consultancy Services,16/11/2021,19941,Peak Services Pty Ltd,"Po Box 2230,  Fortitude Valley Bc, Qld, 4006",No,No,,,,,,,,,359660,,,,,,
,Griffith University,"170 Kessels Road, Nathan Qld 4111",Scientific Equipment,16/11/2021,11866,Powerbox Australia Pty Ltd,"Po Box 128,  Mount Kuring-Gai, Nsw, 2080",No,No,,,,,,,,,359675,,,,,,
,Griffith University,"170 Kessels Road, Nathan Qld 4111",Consultancy Services,16/11/2021,49500,Price Waterhouse Coopers,"Gpo Box 2650,  Sydney, Nsw, 1171",No,No,,,,,,,,,359663,,,,,,
,Griffith University,"170 Kessels Road, Nathan Qld 4111",Chemical & Biological Products,16/11/2021,15234,Thermo Fisher Scientific Australia,"Po Box 9092,  Scoresby, Vic, 3179",No,No,,,,,,,,,359644,,,,,,
,Griffith University,"170 Kessels Road, Nathan Qld 4111",Consultancy Services,16/11/2021,22761,We Al-Li,New South Wales,No,No,,,,,,,,,1934361,,,,,,
,Griffith University,"170 Kessels Road, Nathan Qld 4111",Consultancy Services,17/11/2021,41448,A.G. Coombs Advisory Pty Ltd,"26 Cochranes Rd,  Moorabbin, Vic, 3189",No,No,,,,,,,,,359706,,,,,,
,Griffith University,"170 Kessels Road, Nathan Qld 4111",Consultancy Services,17/11/2021,10978,A.G. Coombs Advisory Pty Ltd,"26 Cochranes Rd,  Moorabbin, Vic, 3189",No,No,,,,,,,,,359707,,,,,,
,Griffith University,"170 Kessels Road, Nathan Qld 4111",Consultancy Services,17/11/2021,13046,A.G. Coombs Advisory Pty Ltd,"26 Cochranes Rd,  Moorabbin, Vic, 3189",No,No,,,,,,,,,359708,,,,,,
,Griffith University,"170 Kessels Road, Nathan Qld 4111",Scientific Equipment,17/11/2021,109505,Bio-Strategy Pty Limited,"P.O Box 14,  Campbellfield, Vic, 3061",No,No,,,,,,,,,359749,,,,,,
,Griffith University,"170 Kessels Road, Nathan Qld 4111",Consultancy Services,17/11/2021,71940,Building Certifiers Australia Pty Ltd,"Po Box 911,  Caloundra, Qld, 4551",No,No,,,,,,,,,359709,,,,,,
,Griffith University,"170 Kessels Road, Nathan Qld 4111",Consultancy Services,17/11/2021,37400,Jha Consulting Engineers (Qld) Pty Ltd,"Ground Floor, 130 Commercial Road Teneriffe, Qld, 4005",No,No,,,,,,,,,359744,,,,,,
,Griffith University,"170 Kessels Road, Nathan Qld 4111",Event Expenditure,17/11/2021,16995,Laudet Pty Ltd,"6 Orchid Avenue,  Surfers Paradise, Qld, 4217",No,No,,,,,,,,,359712,,,,,,
,Griffith University,"170 Kessels Road, Nathan Qld 4111",Consultancy Services,17/11/2021,11367,Monash University,"Cashier, 21 Chancellors Walk Monash University, Vic, 3800",No,No,,,,,,,,,359723,,,,,,
,Griffith University,"170 Kessels Road, Nathan Qld 4111",Marketing Fees,17/11/2021,10313,Ride Free Media Pty Ltd,"Rooftop, Factory 1, 51 Mollison Street,  West End, Qld, 4101",No,No,,,,,,,,,359750,,,,,,
,Griffith University,"170 Kessels Road, Nathan Qld 4111",Membership Fees,17/11/2021,27000,Rozetta Institute Limited,"Level 2, 55 Harrington Street,  Sydney, Nsw, 2000",No,No,,,,,,,,,359713,,,,,,
,Griffith University,"170 Kessels Road, Nathan Qld 4111",Consultancy Services,18/11/2021,424729,Aurecon Australasia Pty Ltd,"Locked Bag 331,  Brisbane, Qld, 4001",No,No,,,,,,,,,359783,,,,,,
,Griffith University,"170 Kessels Road, Nathan Qld 4111",Library Acquisition Reference Materials,18/11/2021,66115,Council Of Aust. University Librarians,"9 Napier Close,  Deakin, Act, 2600",No,No,,,,,,,,,1933985,,,,,,
,Griffith University,"170 Kessels Road, Nathan Qld 4111",Library Acquisition Reference Materials,18/11/2021,113718,Council Of Aust. University Librarians,"9 Napier Close,  Deakin, Act, 2600",No,No,,,,,,,,,1934217,,,,,,
,Griffith University,"170 Kessels Road, Nathan Qld 4111",Library Acquisition Reference Materials,18/11/2021,122110,Council Of Aust. University Librarians,"9 Napier Close,  Deakin, Act, 2600",No,No,,,,,,,,,1934420,,,,,,
,Griffith University,"170 Kessels Road, Nathan Qld 4111",Library Acquisition Reference Materials,18/11/2021,47427,Council Of Aust. University Librarians,"9 Napier Close,  Deakin, Act, 2600",No,No,,,,,,,,,1934421,,,,,,
,Griffith University,"170 Kessels Road, Nathan Qld 4111",Library Acquisition Reference Materials,18/11/2021,16188,Igroup (Australasia) Pty Ltd,"Suite 1509, 530 Little Collins Street Melbourne, Vic, 3000",No,No,,,,,,,,,1933925,,,,,,
,Griffith University,"170 Kessels Road, Nathan Qld 4111",Library Acquisition Reference Materials,18/11/2021,11380,Informa Uk Ltd,"Sheepen Place,  Colchester, Essex, Co3 3Lp",No,No,,,,,,,,,1934113,,,,,,
,Griffith University,"170 Kessels Road, Nathan Qld 4111",Building Construction & Maintenance,18/11/2021,1094044,Lehr Consultants International (Australi,"L10/490 Upper Edward Street,  Spring Hill, Qld, 4000",No,No,Selective,,,,,,,,359781,,,,,,
,Griffith University,"170 Kessels Road, Nathan Qld 4111",Legal Fees,18/11/2021,18700,Mills Oakley,"Level 23, 66 Eagle Street Brisbane, Qld, 4000",No,No,,,,,,,,,359830,,,,,,
,Griffith University,"170 Kessels Road, Nathan Qld 4111",Event Expenditure,18/11/2021,23907,Racv Royal Pines Resort,"Pmb 88,  Gcmc, Qld, 9726",No,No,,,,,,,,,1934573,,,,,,
,Griffith University,"170 Kessels Road, Nathan Qld 4111",Event Expenditure,18/11/2021,18964,Spicers Retreats Hotels & Lodges,"617 Grandchester, Mount Mort Rd Grandchester, Qld, 4340",No,No,,,,,,,,,359812,,,,,,
,Griffith University,"170 Kessels Road, Nathan Qld 4111",Scientific Equipment,18/11/2021,19750,Thermo Fisher Scientific Australia,"Po Box 9092,  Scoresby, Vic, 3179",No,No,,,,,,,,,359774,,,,,,
,Griffith University,"170 Kessels Road, Nathan Qld 4111",Chemical & Biological Products,19/11/2021,10456,Animal Resources Centre - Wa,"Po Box 1180,  Canning Vale, Wa, 6970",No,No,,,,,,,,,359874,,,,,,
,Griffith University,"170 Kessels Road, Nathan Qld 4111",Scientific Equipment,19/11/2021,13022,Bio-Strategy Pty Limited,"P.O Box 14,  Campbellfield, Vic, 3061",No,No,,,,,,,,,359842,,,,,,
,Griffith University,"170 Kessels Road, Nathan Qld 4111",Subscription fees,19/11/2021,123656,Data #3 Limited,"Po Box 551,  Indooroopilly, Qld, 4068",No,No,,,,,,,,,359850,,,,,,
,Griffith University,"170 Kessels Road, Nathan Qld 4111",Subscription fees,19/11/2021,13569,Simuserv Pty Ltd,"Level 1, 123 Camberwell Road,  East Hawthorne, Vic, 3123",No,No,,,,,,,,,359870,,,,,,
,Griffith University,"170 Kessels Road, Nathan Qld 4111",Event Expenditure,19/11/2021,17820,Southport Australian Rules Football Club,"3 Melia Court,  Southport, Qld, 4215",No,No,,,,,,,,,359858,,,,,,
,Griffith University,"170 Kessels Road, Nathan Qld 4111",Subscription fees,19/11/2021,12639,Takeflight,"Level 3, 11 Morrison St,  Hobart, Tas, 7000",No,No,,,,,,,,,359871,,,,,,
,Griffith University,"170 Kessels Road, Nathan Qld 4111",Scientific Equipment,19/11/2021,13526,Thermo Fisher Scientific Australia,"Po Box 9092,  Scoresby, Vic, 3179",No,No,,,,,,,,,359887,,,,,,
,Griffith University,"170 Kessels Road, Nathan Qld 4111",Chemical & Biological Products,19/11/2021,15121,Thermo Fisher Scientific Australia,"Po Box 9092,  Scoresby, Vic, 3179",No,No,,,,,,,,,359888,,,,,,
,Griffith University,"170 Kessels Road, Nathan Qld 4111",Building Construction & Maintenance,19/11/2021,835978,Tk Elevator Australia Pty Ltd,"P. O. Box 565,  Hamilton Central, Qld, 4007",No,No,Selective,,,,,,,,359900,,,,,,
,Griffith University,"170 Kessels Road, Nathan Qld 4111",Library Acquisition Reference Materials,21/11/2021,30800,Cengage Learning Australia Pty Ltd,"Level 7, 80 Dorcas Street South Melbourne, Vic, 3205",No,No,,,,,,,,,1931288,,,,,,
,Griffith University,"170 Kessels Road, Nathan Qld 4111",Building Construction & Maintenance,22/11/2021,15026,Abacus Dx Pty Ltd,"Po Box 446,  Waterford, Qld, 4133",No,No,,,,,,,,,359913,,,,,,
,Griffith University,"170 Kessels Road, Nathan Qld 4111",Insurance Fees,22/11/2021,171884,International Sos (Anz) Pty Ltd,"Level 4, Pinnacle Office Park, 4 Drake Avenue Macquarie Park, Nsw, 2113",No,No,,,,,,,,,359909,,,,,,
,Griffith University,"170 Kessels Road, Nathan Qld 4111",Building Construction & Maintenance,22/11/2021,363393,N D Y Management Pty Ltd,"Level 14, 120 Edward Street Brisbane, Qld, 4000",No,No,,,,,,,,,359908,,,,,,
,Griffith University,"170 Kessels Road, Nathan Qld 4111",Hardware Maintenance,22/11/2021,14746,Park Place Technologies Australia Pty Lt,"C/-Bentleys Nsw Pty Ltd, Floor 14, 60 Margaret Street Sydney, Nsw, 2000",No,No,,,,,,,,,359929,,,,,,
,Griffith University,"170 Kessels Road, Nathan Qld 4111",Building Construction & Maintenance,22/11/2021,21526,Precise Air Group P/L,"Po Box 1859,  Springwood, Qld, 4128",No,No,,,,,,,,,359926,,,,,,
,Griffith University,"170 Kessels Road, Nathan Qld 4111",Building Construction & Maintenance,22/11/2021,440000,Uq Health Care Limited,"68 University Drive,  Meadowbrook, Qld, 4131",No,No,,,,,,,,,1935272,,,,,,
,Griffith University,"170 Kessels Road, Nathan Qld 4111",Building Construction & Maintenance,23/11/2021,18975,E.D.C. Systems Pty Ltd,"Po Box 35,  Cannon Hill, Qld, 4170",No,No,,,,,,,,,360005,,,,,,
,Griffith University,"170 Kessels Road, Nathan Qld 4111",Consultancy Services,23/11/2021,17600,Ethos Urban Pty Ltd,"173 Sussex Street,, Nsw, Sydney, 2000,  Sydney, Nsw, 2000",No,No,,,,,,,,,360004,,,,,,
,Griffith University,"170 Kessels Road, Nathan Qld 4111",Legal Fees,23/11/2021,15945,Franklin Athanasellis Cullen Pty Ltd,"Po Box 557,  Spring Hill, Qld, 4004",No,No,,,,,,,,,359982,,,,,,
,Griffith University,"170 Kessels Road, Nathan Qld 4111",Scientific Equipment,23/11/2021,65450,Metrohm Australia Pty Limited,"Po Box 433,  Ryde, Nsw, 2112",No,No,,,,,,,,,359955,,,,,,
,Griffith University,"170 Kessels Road, Nathan Qld 4111",Scientific Equipment,23/11/2021,10804,Sdr Scientific,"206/354 Eastern Valley Way,  Chatswood, Nsw, 2067",No,No,,,,,,,,,360003,,,,,,
,Griffith University,"170 Kessels Road, Nathan Qld 4111",Telecommunications Expenditure,23/11/2021,155720,Tpg Network Pty Ltd,"Gpo Box 3641,  Sydney, Nsw, 2001",No,No,,,,,,,,,1935438,,,,,,
,Griffith University,"170 Kessels Road, Nathan Qld 4111",Audio Visual Equipment,23/11/2021,13778,Videopro Pty Ltd,"37 Eagleview Place,  Eagle Farm, Qld, 4009",No,No,,,,,,,,,359995,,,,,,
,Griffith University,"170 Kessels Road, Nathan Qld 4111",Consultancy Services,24/11/2021,10422,Academic Consulting Ltd,"Level 2, 59 High Street Auckland Cbd, , 1010",No,No,,,,,,,,,360034,,,,,,
,Griffith University,"170 Kessels Road, Nathan Qld 4111",Pathology Expenditure,24/11/2021,13580,Australian Genome Research Facility Ltd,"Level 5 Gehrmann Laboratories, Research Road St Lucia, Qld, 4072",No,No,,,,,,,,,360028,,,,,,
,Griffith University,"170 Kessels Road, Nathan Qld 4111",Scientific Equipment,24/11/2021,10827,Biotools Pty Ltd,"Po Box 2454,  Keperra, Qld, 4052",No,No,,,,,,,,,360066,,,,,,
,Griffith University,"170 Kessels Road, Nathan Qld 4111",Computer Equipment,24/11/2021,11460,Jb Hi Fi Group Pty Ltd,"544 Kessells Road,  Macgregor, Qld, 4109",No,No,,,,,,,,,360026,,,,,,
,Griffith University,"170 Kessels Road, Nathan Qld 4111",Subscription fees,24/11/2021,36850,Linkedin Singapore Pte Ltd,"10 Marina Boulevard, Marina Bay Financial Centre Tower 2, 018983",No,No,,,,,,,,,1935726,,,,,,
,Griffith University,"170 Kessels Road, Nathan Qld 4111",Event Expenditure,24/11/2021,22328,Mta Travel,"Po Box 4328,  Robina, Qld, 4230",No,No,,,,,,,,,1935644,,,,,,
,Griffith University,"170 Kessels Road, Nathan Qld 4111",Audio Visual Equipment,24/11/2021,10684,Proav Solutions Queensland,"Po Box 2722,  Toowong, Qld, 4066",No,No,,,,,,,,,360049,,,,,,
,Griffith University,"170 Kessels Road, Nathan Qld 4111",Membership Fees,24/11/2021,16500,Social Traders Ltd,"Level 1, 333 Exhibition Street Melbourne, Vic, 3000",No,No,,,,,,,,,360036,,,,,,
,Griffith University,"170 Kessels Road, Nathan Qld 4111",Telecommunication Equipment,24/11/2021,15558,Telrex,"Po Box 5146,  Daisy Hill, Qld, 4127",No,No,,,,,,,,,360070,,,,,,
,Griffith University,"170 Kessels Road, Nathan Qld 4111",Consultancy Services,24/11/2021,35253,The Trustee For Granted Group Unit Trust,"Suite 1.06A, 269 Centre Road Bentleigh, Vic, 3204",No,No,,,,,,,,,360061,,,,,,
,Griffith University,"170 Kessels Road, Nathan Qld 4111",Recruitment/Placement Fees,24/11/2021,129866,Troocoo Pty Ltd,"Level 1, 100 Creek Street Brisbane City, Qld, 4000",No,No,,,,,,,,,360059,,,,,,
,Griffith University,"170 Kessels Road, Nathan Qld 4111",Library Acquisition Reference Materials,25/11/2021,14236,American Society For Microbiology,"1752 N Street Nw,  Washington, Dc, 20036",No,No,,,,,,,,,1935425,,,,,,
,Griffith University,"170 Kessels Road, Nathan Qld 4111",Consultancy Services,25/11/2021,55000,Bdo Services Pty Ltd,"Level 10, 12 Creek Street,  Brisbane, Qld, 4000",No,No,,,,,,,,,360105,,,,,,
,Griffith University,"170 Kessels Road, Nathan Qld 4111",Library Acquisition Reference Materials,25/11/2021,39780,Clarivate Analytics (Uk) Limited,"Friars House, 160 Blackfriars Road London, , Se1 8Ez",No,No,,,,,,,,,1934803,,,,,,
,Griffith University,"170 Kessels Road, Nathan Qld 4111",Library Acquisition Reference Materials,25/11/2021,89450,Council Of Aust. University Librarians,"9 Napier Close,  Deakin, Act, 2600",No,No,,,,,,,,,1934802,,,,,,
,Griffith University,"170 Kessels Road, Nathan Qld 4111",Library Acquisition Reference Materials,25/11/2021,16513,Council Of Aust. University Librarians,"9 Napier Close,  Deakin, Act, 2600",No,No,,,,,,,,,1934885,,,,,,
,Griffith University,"170 Kessels Road, Nathan Qld 4111",Library Acquisition Reference Materials,25/11/2021,35538,Council Of Aust. University Librarians,"9 Napier Close,  Deakin, Act, 2600",No,No,,,,,,,,,1934899,,,,,,
,Griffith University,"170 Kessels Road, Nathan Qld 4111",Library Acquisition Reference Materials,25/11/2021,190959,Council Of Aust. University Librarians,"9 Napier Close,  Deakin, Act, 2600",No,No,,,,,,,,,1935114,,,,,,
,Griffith University,"170 Kessels Road, Nathan Qld 4111",Library Acquisition Reference Materials,25/11/2021,28323,Council Of Aust. University Librarians,"9 Napier Close,  Deakin, Act, 2600",No,No,,,,,,,,,1935442,,,,,,
,Griffith University,"170 Kessels Road, Nathan Qld 4111",Library Acquisition Reference Materials,25/11/2021,208507,Ebsco International Inc,"Subscription Services, Attn John Siwek North Sydney, Nsw, 2060",No,No,,,,,,,,,1935445,,,,,,
,Griffith University,"170 Kessels Road, Nathan Qld 4111",Library Acquisition Reference Materials,25/11/2021,93475,Ebsco International Inc,"Subscription Services, Attn John Siwek North Sydney, Nsw, 2060",No,No,,,,,,,,,1935451,,,,,,
,Griffith University,"170 Kessels Road, Nathan Qld 4111",Recruitment/Placement Fees,25/11/2021,14419,Edu Danmark Aps,"Nikolaj Plads 26, 2Nd Floor,  Copenhagen, , Dk1067",No,No,,,,,,,,,1935524,,,,,,
,Griffith University,"170 Kessels Road, Nathan Qld 4111",Library Acquisition Reference Materials,25/11/2021,165244,Elsevier Inc.,"3251 Riverport Lane,  Maryland Heights, Mo, 63043",No,No,,,,,,,,,1935635,,,,,,
,Griffith University,"170 Kessels Road, Nathan Qld 4111",Subscription fees,25/11/2021,25048,Equate Technolgies,"Level 10, 410 Ann Street Brisbane, Qld, 4000",No,No,,,,,,,,,360108,,,,,,
,Griffith University,"170 Kessels Road, Nathan Qld 4111",Event Expenditure,25/11/2021,11626,Griffith Uni Gold Coast Student Guild,"Po Box 96, Gold Coast Campus Griffith University, Qld, 4222",No,No,,,,,,,,,360106,,,,,,
,Griffith University,"170 Kessels Road, Nathan Qld 4111",Library Acquisition Reference Materials,25/11/2021,18893,Igroup (Australasia) Pty Ltd,"Suite 1509, 530 Little Collins Street Melbourne, Vic, 3000",No,No,,,,,,,,,1935113,,,,,,
,Griffith University,"170 Kessels Road, Nathan Qld 4111",Library Acquisition Reference Materials,25/11/2021,21391,Iop Publishing Ltd,"Temple Circus, Temple Way Bristol, , Bs1 6Hg",No,No,,,,,,,,,1935731,,,,,,
,Griffith University,"170 Kessels Road, Nathan Qld 4111",Library Acquisition Reference Materials,25/11/2021,15099,Koninklijke Brill Leiden Nv,", Plantijnstraat 2 Leiden, 2321 Jc",No,No,,,,,,,,,1935734,,,,,,
,Griffith University,"170 Kessels Road, Nathan Qld 4111",Subscription fees,25/11/2021,1004727,Oclc (Uk) Limited,"Brincliffe House, 861 Ecclesall Rd Sheffield, Lancs, S11 7Ae",No,No,Selective,,,,,,,,GU-566,,,,,,
,Griffith University,"170 Kessels Road, Nathan Qld 4111",Library Acquisition Reference Materials,25/11/2021,27496,Ovid Technologies Inc.,"100 River Ridge Drive,  Norwood, Ma, 02062",No,No,,,,,,,,,1935729,,,,,,
,Griffith University,"170 Kessels Road, Nathan Qld 4111",Library Acquisition Reference Materials,25/11/2021,26387,Ovid Technologies Inc.,"100 River Ridge Drive,  Norwood, Ma, 02062",No,No,,,,,,,,,1935733,,,,,,
,Griffith University,"170 Kessels Road, Nathan Qld 4111",Library Acquisition Reference Materials,25/11/2021,18518,Oxford University Press Uk,"The Cashiers Office, Great Clarendon Street Oxford, , Ox2 6Dp",No,No,,,,,,,,,1935397,,,,,,
,Griffith University,"170 Kessels Road, Nathan Qld 4111",Library Acquisition Reference Materials,25/11/2021,43653,Oxford University Press Uk,"The Cashiers Office, Great Clarendon Street Oxford, , Ox2 6Dp",No,No,,,,,,,,,1935398,,,,,,
,Griffith University,"170 Kessels Road, Nathan Qld 4111",Library Acquisition Reference Materials,25/11/2021,43494,Oxford University Press Uk,"The Cashiers Office, Great Clarendon Street Oxford, , Ox2 6Dp",No,No,,,,,,,,,1935448,,,,,,
,Griffith University,"170 Kessels Road, Nathan Qld 4111",Library Acquisition Reference Materials,25/11/2021,37918,Oxford University Press Uk,"The Cashiers Office, Great Clarendon Street Oxford, , Ox2 6Dp",No,No,,,,,,,,,1935449,,,,,,
,Griffith University,"170 Kessels Road, Nathan Qld 4111",Library Acquisition Reference Materials,25/11/2021,47477,Oxford University Press Uk,"The Cashiers Office, Great Clarendon Street Oxford, , Ox2 6Dp",No,No,,,,,,,,,1935450,,,,,,
,Griffith University,"170 Kessels Road, Nathan Qld 4111",Library Acquisition Reference Materials,25/11/2021,47939,Proquest Llc,"6216 Paysphere Circle,  Chicago, Il, 60674",No,No,,,,,,,,,1935732,,,,,,
,Griffith University,"170 Kessels Road, Nathan Qld 4111",Consultancy Services,25/11/2021,14300,Qsr International Pty Ltd,"Level 2, 651 Doncaster Road Doncaster, Vic, 3108",No,No,,,,,,,,,360096,,,,,,
,Griffith University,"170 Kessels Road, Nathan Qld 4111",Event Expenditure,25/11/2021,15644,Racv Royal Pines Resort,"Pmb 88,  Gcmc, Qld, 9726",No,No,,,,,,,,,1935633,,,,,,
,Griffith University,"170 Kessels Road, Nathan Qld 4111",Equipment Maintenance,25/11/2021,38940,Rauland Australia Pty Ltd,"514 Miller Street,  Cammeray, Nsw, 2062",No,No,,,,,,,,,360099,,,,,,
,Griffith University,"170 Kessels Road, Nathan Qld 4111",Subscription fees,25/11/2021,39204,Smk Social Media Knowledge,"23 Gray Street,  Mount Martha, Vic, 3934",No,No,,,,,,,,,360133,,,,,,
,Griffith University,"170 Kessels Road, Nathan Qld 4111",Legal Fees,26/11/2021,77000,Hwl Ebsworth Lawyers,"Gpo Box 2033,  Brisbane, Qld, 4001",No,No,,,,,,,,,360203,,,,,,
,Griffith University,"170 Kessels Road, Nathan Qld 4111",Scientific Equipment,26/11/2021,14277,Microsoft Pty Ltd,"1 Epping Road,  North Ryde, Nsw, 2113",No,No,,,,,,,,,360182,,,,,,
,Griffith University,"170 Kessels Road, Nathan Qld 4111",Recruitment/Placement Fees,26/11/2021,55000,Odgers Berndtson,"Level 2, 2 Bulletin Place Sydney, Nsw, 2000",No,No,,,,,,,,,360195,,,,,,
,Griffith University,"170 Kessels Road, Nathan Qld 4111",Scientific Equipment,26/11/2021,16364,Raicol Crystal Ltd,"22 Hamelacha St,  Rosh Haayin, , 480-9162",No,No,,,,,,,,,360184,,,,,,
,Griffith University,"170 Kessels Road, Nathan Qld 4111",Marketing Fees,26/11/2021,115500,Social Garden Pty Ltd,"Suite 4, 651 Victoria Street,  Abbotsford, Vic, 3067",No,No,,,,,,,,,360189,,,,,,
,Griffith University,"170 Kessels Road, Nathan Qld 4111",Event Expenditure,26/11/2021,23730,State Library Of Queensland,"Po Box 3488,  Brisbane South, Qld, 4101",No,No,,,,,,,,,360183,,,,,,
,Griffith University,"170 Kessels Road, Nathan Qld 4111",Building Construction & Maintenance,26/11/2021,11000,Turner & Townsend Pty Ltd,"Level 13, 140 Creek St,  Brisbane, Qld, 4000",No,No,,,,,,,,,360200,,,,,,
,Griffith University,"170 Kessels Road, Nathan Qld 4111",Consultancy Services,26/11/2021,14366,Webb Australia Group (Qld) Pty Ltd,"Po Box 1005,  Toowong, Qld, 4066",No,No,,,,,,,,,360199,,,,,,
,Griffith University,"170 Kessels Road, Nathan Qld 4111",Building Construction & Maintenance,29/11/2021,27716,A1 Building & Property Solutions Pty Ltd,"3 D'Aguilar Road,  The Gap, Qld, 4061",No,No,,,,,,,,,360274,,,,,,
,Griffith University,"170 Kessels Road, Nathan Qld 4111",Scientific Equipment,29/11/2021,42446,Adinstruments P/L,"Unit 13, 22 Lexington Drive,  Bella Vista, Nsw, 2153",No,No,,,,,,,,,360265,,,,,,
,Griffith University,"170 Kessels Road, Nathan Qld 4111",Legal Fees,29/11/2021,37400,Adventbalance,"Level 2, 222 Clarence Street Sydney, Nsw, 2000",No,No,,,,,,,,,360287,,,,,,
,Griffith University,"170 Kessels Road, Nathan Qld 4111",Legal Fees,29/11/2021,77271,Ashurst Australia,"Gpo Box 9938,  Brisbane, Qld, 4001",No,No,,,,,,,,,360264,,,,,,
,Griffith University,"170 Kessels Road, Nathan Qld 4111",Consultancy Services,29/11/2021,110614,Castlepoint Systems,"Po Box 569,  Dickson, Act, 2602",Yes,No,,,,,,,,,360655,,,,,,
,Griffith University,"170 Kessels Road, Nathan Qld 4111",Computer Equipment,29/11/2021,35763,Computer Alliance Pty Ltd,"1517 Logan Road,  Mount Gravatt, Qld, 4122",No,No,,,,,,,,,360224,,,,,,
,Griffith University,"170 Kessels Road, Nathan Qld 4111",Scientific Equipment,29/11/2021,34603,D1 Store Pty Ltd,"421 Victoria Street,  Brunswick, Vic, 3056",No,No,,,,,,,,,360273,,,,,,
,Griffith University,"170 Kessels Road, Nathan Qld 4111",Consultancy Services,29/11/2021,26076,Daresay,"Ground Floor, 4 Glen Street Milsons Point, Nsw, 2061",No,No,,,,,,,,,360257,,,,,,
,Griffith University,"170 Kessels Road, Nathan Qld 4111",Consultancy Services,29/11/2021,24259,Integral Technology Solutions Pty Ltd,"Level 2, 201 Leichardt Street,  Spring Hill, Qld, 4000",No,No,,,,,,,,,360248,,,,,,
,Griffith University,"170 Kessels Road, Nathan Qld 4111",Consultancy Services,29/11/2021,12945,Leah Barclay,Queensland,No,No,,,,,,,,,1936271,,,,,,
,Griffith University,"170 Kessels Road, Nathan Qld 4111",Scientific Equipment,29/11/2021,34487,Newlight Photonics Inc,"40-1110 Finch Avenue West, Suite 1172 Toronto, On, M3J 2T2",No,No,,,,,,,,,360237,,,,,,
,Griffith University,"170 Kessels Road, Nathan Qld 4111",Scientific Equipment,29/11/2021,16407,Newlight Photonics Inc,"40-1110 Finch Avenue West, Suite 1172 Toronto, On, M3J 2T2",No,No,,,,,,,,,360238,,,,,,
,Griffith University,"170 Kessels Road, Nathan Qld 4111",Commission Payment,29/11/2021,1746985,Open Universities Australia,"Level 1/473 Bourke St,  Melbourne, Vic, 3000",No,No,Limited,b - (iii) The absence of competition for technical reasons which can only be supplied by a particular supplier and no reasonable alternative exists,,,,,,,1934886,,,,,,
,Griffith University,"170 Kessels Road, Nathan Qld 4111",Commission Payment,29/11/2021,1762889,Open Universities Australia,"Level 1/473 Bourke St,  Melbourne, Vic, 3000",No,No,Limited,b - (iii) The absence of competition for technical reasons which can only be supplied by a particular supplier and no reasonable alternative exists,,,,,,,1934887,,,,,,
,Griffith University,"170 Kessels Road, Nathan Qld 4111",Scientific Equipment,29/11/2021,23824,Sdr Scientific,"206/354 Eastern Valley Way,  Chatswood, Nsw, 2067",No,No,,,,,,,,,360230,,,,,,
,Griffith University,"170 Kessels Road, Nathan Qld 4111",Scientific Equipment,29/11/2021,11203,Thermo Fisher Scientific Australia,"Po Box 9092,  Scoresby, Vic, 3179",No,No,,,,,,,,,360229,,,,,,
,Griffith University,"170 Kessels Road, Nathan Qld 4111",Membership Fees,29/11/2021,12185,University Of Western Australia,"Nedlands,  Nedlands, Wa, 6907",No,No,,,,,,,,,1936259,,,,,,
,Griffith University,"170 Kessels Road, Nathan Qld 4111",Building Construction & Maintenance,30/11/2021,12075,A1 Building & Property Solutions Pty Ltd,"3 D'Aguilar Road,  The Gap, Qld, 4061",No,No,,,,,,,,,360348,,,,,,
,Griffith University,"170 Kessels Road, Nathan Qld 4111",Scientific Equipment,30/11/2021,17875,Adinstruments P/L,"Unit 13, 22 Lexington Drive,  Bella Vista, Nsw, 2153",No,No,,,,,,,,,360341,,,,,,
,Griffith University,"170 Kessels Road, Nathan Qld 4111",Pathology Expenditure,30/11/2021,11840,Australian Genome Research Facility Ltd,"Level 5 Gehrmann Laboratories, Research Road St Lucia, Qld, 4072",No,No,,,,,,,,,360314,,,,,,
,Griffith University,"170 Kessels Road, Nathan Qld 4111",Membership Fees,30/11/2021,14162,Ecctis Ltd,"68-70 Suffolk Road,  Cheltenham, Gloucs, Gl50 2Ed",No,No,,,,,,,,,360325,,,,,,
,Griffith University,"170 Kessels Road, Nathan Qld 4111",Subscription fees,30/11/2021,78788,Enghouse Australia Pty Ltd,"Level 6, 606 St Kilda Road Melbourne, Vic, 3004",No,No,,,,,,,,,360302,,,,,,
,Griffith University,"170 Kessels Road, Nathan Qld 4111",Consultancy Services,30/11/2021,72914,Lehr Consultants International (Australi,"L10/490 Upper Edward Street,  Spring Hill, Qld, 4000",No,No,,,,,,,,,1936456,,,,,,
,Griffith University,"170 Kessels Road, Nathan Qld 4111",Event Expenditure,30/11/2021,31226,Mediacom Australia Pty Ltd,"Level 17, 65 Berry Street North Sydney, Nsw, 2060",No,No,,,,,,,,,360334,,,,,,
,Griffith University,"170 Kessels Road, Nathan Qld 4111",External Course Delivery,30/11/2021,18810,Monash University,"Cashier, 21 Chancellors Walk Monash University, Vic, 3800",No,No,,,,,,,,,1936412,,,,,,
,Griffith University,"170 Kessels Road, Nathan Qld 4111",Scientific Equipment,30/11/2021,10131,Sdr Scientific,"206/354 Eastern Valley Way,  Chatswood, Nsw, 2067",No,No,,,,,,,,,360340,,,,,,
,Griffith University,"170 Kessels Road, Nathan Qld 4111",Relocation Services,30/11/2021,12862,Sirva Relocation,"490 Freeman Road,  Richlands, Qld, 4077",No,No,,,,,,,,,360321,,,,,,
,Griffith University,"170 Kessels Road, Nathan Qld 4111",Building Construction & Maintenance,1/12/2021,21450,A1 Building & Property Solutions Pty Ltd,"3 D'Aguilar Road,  The Gap, Qld, 4061",No,No,,,,,,,,,360406,,,,,,
,Griffith University,"170 Kessels Road, Nathan Qld 4111",Marketing Fees,1/12/2021,16500,Apac Media,"Unit 3102, 55 Forbes Street West End, Qld, 4101",No,No,,,,,,,,,360394,,,,,,
,Griffith University,"170 Kessels Road, Nathan Qld 4111",Library Acquisition Reference Materials,1/12/2021,15895,Australian Medicines Handbook Pty Ltd,"Po Box 240, Rundle Mall Adelaide, Sa, 5000",No,No,,,,,,,,,1932250,,,,,,
,Griffith University,"170 Kessels Road, Nathan Qld 4111",Library Acquisition Reference Materials,1/12/2021,14850,Australian Medicines Handbook Pty Ltd,"Po Box 240, Rundle Mall Adelaide, Sa, 5000",No,No,,,,,,,,,1932251,,,,,,
,Griffith University,"170 Kessels Road, Nathan Qld 4111",Consultancy Services,1/12/2021,13200,Cinnamon Watson Publicity,Brisbane,No,No,,,,,,,,,360390,,,,,,
,Griffith University,"170 Kessels Road, Nathan Qld 4111",Membership Fees,1/12/2021,19459,Council Of Aust. University Librarians,"9 Napier Close,  Deakin, Act, 2600",No,No,,,,,,,,,1932329,,,,,,
,Griffith University,"170 Kessels Road, Nathan Qld 4111",Chemical & Biological Products,1/12/2021,27179,Merck Pty Ltd,"Ground Floor, Building 1, 885 Mountain Highway Bayswater, Vic, 3153",No,No,,,,,,,,,360409,,,,,,
,Griffith University,"170 Kessels Road, Nathan Qld 4111",Software,1/12/2021,26236,Miktysh Solutions,"Po Box 16200,  City East, Qld, 4002",No,No,,,,,,,,,360363,,,,,,
,Griffith University,"170 Kessels Road, Nathan Qld 4111",Software,1/12/2021,149898,Oracle Corporation Australia Pty Ltd,"Gpo Box 1313,  Sydney, Nsw, 2001",No,No,,,,,,,,,360364,,,,,,
,Griffith University,"170 Kessels Road, Nathan Qld 4111",Audio Visual Equipment,1/12/2021,16654,Proav Solutions Queensland,"Po Box 2722,  Toowong, Qld, 4066",No,No,,,,,,,,,360389,,,,,,
,Griffith University,"170 Kessels Road, Nathan Qld 4111",Marketing Fees,1/12/2021,130000,Queensland Tertiary Admissions Centre Lt,"Po Box 1331,  Milton, Qld, 4064",No,No,,,,,,,,,360417,,,,,,
,Griffith University,"170 Kessels Road, Nathan Qld 4111",Equipment Maintenance,1/12/2021,40961,Solve Scientific Pty Ltd,"Po Box 3361,  Birkdale, Qld, 4159",No,No,,,,,,,,,360416,,,,,,
,Griffith University,"170 Kessels Road, Nathan Qld 4111",Consultancy Services,1/12/2021,15593,Urbis Pty Ltd,"Level 32, 300 George Street,  Brisbane, Qld, 4000",No,No,,,,,,,,,360403,,,,,,
,Griffith University,"170 Kessels Road, Nathan Qld 4111",Chemical & Biological Products,2/12/2021,79987,Bio-Strategy Pty Limited,"P.O Box 14,  Campbellfield, Vic, 3061",No,No,,,,,,,,,360468,,,,,,
,Griffith University,"170 Kessels Road, Nathan Qld 4111",Consultancy Services,2/12/2021,66000,Breadcrumb Digital Pty Ltd,"Suite 4, Level 20, 444 Queen Street Brisbane City, Qld, 4000",No,No,,,,,,,,,360463,,,,,,
,Griffith University,"170 Kessels Road, Nathan Qld 4111",Library Acquisition Reference Materials,2/12/2021,16886,Council Of Aust. University Librarians,"9 Napier Close,  Deakin, Act, 2600",No,No,,,,,,,,,1936355,,,,,,
,Griffith University,"170 Kessels Road, Nathan Qld 4111",Library Acquisition Reference Materials,2/12/2021,19069,Council Of Aust. University Librarians,"9 Napier Close,  Deakin, Act, 2600",No,No,,,,,,,,,1936359,,,,,,
,Griffith University,"170 Kessels Road, Nathan Qld 4111",Library Acquisition Reference Materials,2/12/2021,114195,Council Of Aust. University Librarians,"9 Napier Close,  Deakin, Act, 2600",No,No,,,,,,,,,1936406,,,,,,
,Griffith University,"170 Kessels Road, Nathan Qld 4111",Consultancy Services,2/12/2021,10000,Digital Science & Research Solutions Inc,"625 Massachusetts Avenue, 2Nd Floor Cambridge, Ma, 02139",No,No,,,,,,,,,360440,,,,,,
,Griffith University,"170 Kessels Road, Nathan Qld 4111",Library Acquisition Reference Materials,2/12/2021,15405,Ebsco International Inc,"Subscription Services, Attn John Siwek North Sydney, Nsw, 2060",No,No,,,,,,,,,1936262,,,,,,
,Griffith University,"170 Kessels Road, Nathan Qld 4111",Library Acquisition Reference Materials,2/12/2021,26642,Ebsco International Inc,"Subscription Services, Attn John Siwek North Sydney, Nsw, 2060",No,No,,,,,,,,,1936267,,,,,,
,Griffith University,"170 Kessels Road, Nathan Qld 4111",Library Acquisition Reference Materials,2/12/2021,68482,Elsevier Inc.,"3251 Riverport Lane,  Maryland Heights, Mo, 63043",No,No,,,,,,,,,1936361 1989005,,GU-612,,,,
,Griffith University,"170 Kessels Road, Nathan Qld 4111",Building Construction & Maintenance,2/12/2021,139208,Ghd Pty Ltd,"Po Box 5403,  Hrmc, Nsw, 2310",No,No,,,,,,,,,360461,,,,,,
,Griffith University,"170 Kessels Road, Nathan Qld 4111",Library Acquisition Reference Materials,2/12/2021,27118,Igroup ( Asia Pacific) Ltd,"Room 3703-5, 37/F, 9 Wing Hong Street, Cheung Sha Wan Kowloon, , ",No,No,,,,,,,,,1936948,,,,,,
,Griffith University,"170 Kessels Road, Nathan Qld 4111",Software Support Maintenance,2/12/2021,41250,Invision Media Pty Ltd,"241 Given Tce, Po Box 5014 Paddington, Qld, 4064",No,No,,,,,,,,,360439,,,,,,
,Griffith University,"170 Kessels Road, Nathan Qld 4111",Library Acquisition Reference Materials,2/12/2021,65999,John Wiley & Sons Inc - Usa,"Po Box 416502,  Boston, Ma, 02241-6502",No,No,,,,,,,,,1936410,,,,,,
,Griffith University,"170 Kessels Road, Nathan Qld 4111",Consultancy Services,2/12/2021,43175,Kpmg,"Po Box 2291U,  Melbourne, Vic, 3001",No,No,,,,,,,,,1936949,,,,,,
,Griffith University,"170 Kessels Road, Nathan Qld 4111",Building Construction & Maintenance,2/12/2021,18150,Mpn Consulting Pty Limited,"Po Box 328,  Toowong, Qld, 4066",No,No,,,,,,,,,360451,,,,,,
,Griffith University,"170 Kessels Road, Nathan Qld 4111",Royalties,2/12/2021,74913,Origin Theatrical Pty Ltd,"Accounts Receivable, Po Box Q1235 Qvb Post Office, Nsw, 1230",No,No,,,,,,,,,1936255,,,,,,
,Griffith University,"170 Kessels Road, Nathan Qld 4111",Library Acquisition Reference Materials,2/12/2021,239747,Rmit Training Pty Ltd,"Po Box 12058  A'Beckett Street,  Melbourne, Vic, 8006",No,No,,,,,,,,,1936193,,,,,,
,Griffith University,"170 Kessels Road, Nathan Qld 4111",Scientific Equipment,2/12/2021,49460,Solar Space Eood,"J.K. Manastirski Livadi,1A Flora Str., Obsidian Building Sofia, , 1404",No,No,,,,,,,,,360442,,,,,,
,Griffith University,"170 Kessels Road, Nathan Qld 4111",Library Acquisition Reference Materials,2/12/2021,139709,Springer Customer Service Centre Gmbh,"Haberstrasse 7,  Heidelberg, , D69126",No,No,,,,,,,,,1936403,,,,,,
,Griffith University,"170 Kessels Road, Nathan Qld 4111",Scientific Equipment,2/12/2021,18881,Tobii Pro Ab,"Se 556914-7613, Karlsrovagen 2D Danderyd, Ab, 18253",No,No,,,,,,,,,360438,,,,,,
,Griffith University,"170 Kessels Road, Nathan Qld 4111",Building Construction & Maintenance,2/12/2021,1540000,Wiley & Co Pty Ltd,"L3 / 100 Ann St,  Woolloongabba, Qld, 4102",No,No,Open,,,,,,,,1937025,,,,,,
,Griffith University,"170 Kessels Road, Nathan Qld 4111",Consultancy Services,2/12/2021,10652,Yougov Singapore Pte Limited,"One Finlayson Green #15-01,  , , 049246",No,No,,,,,,,,,1935911,,,,,,
,Griffith University,"170 Kessels Road, Nathan Qld 4111",Building Construction & Maintenance,3/12/2021,12824,A1 Building & Property Solutions Pty Ltd,"3 D'Aguilar Road,  The Gap, Qld, 4061",No,No,,,,,,,,,360519,,,,,,
,Griffith University,"170 Kessels Road, Nathan Qld 4111",Membership Fees,3/12/2021,24750,Ainse Ltd,"Locked Bag 2001,  Kirrawee Dc, Nsw, 2232",No,No,,,,,,,,,360551,,,,,,
,Griffith University,"170 Kessels Road, Nathan Qld 4111",Software,3/12/2021,29453,Leap Australia Pty Ltd,"Suite 20, 74-78 The Corso,  Manly, Nsw, 2095",No,No,,,,,,,,,360513,,,,,,
,Griffith University,"170 Kessels Road, Nathan Qld 4111",Audio Visual Equipment,3/12/2021,18124,Proav Solutions Queensland,"Po Box 2722,  Toowong, Qld, 4066",No,No,,,,,,,,,360558,,,,,,
,Griffith University,"170 Kessels Road, Nathan Qld 4111",Clothing,3/12/2021,17903,S-Trend Sportswear,"Level 5/7 Newcomen Street,  Newcastle, Nsw, 2300",No,No,,,,,,,,,360511,,,,,,
,Griffith University,"170 Kessels Road, Nathan Qld 4111",Consultancy Services,3/12/2021,24200,The Trustee For Leading Teams Business U,"16-22 Church Street,  Hawthorn, Vic, 3122",No,No,,,,,,,,,360509,,,,,,
,Griffith University,"170 Kessels Road, Nathan Qld 4111",Event Expenditure,4/12/2021,16500,The Ship Inn,"Box 25, Stanley Street Plaza Brisbane, Qld, 4101",No,No,,,,,,,,,1933042,,,,,,
,Griffith University,"170 Kessels Road, Nathan Qld 4111",Marketing Fees,5/12/2021,22000,Media All In One Pty Ltd,"Level 11, 520 Collins Street Melbourne, Vic, 3000",No,No,,,,,,,,,1933817,,,,,,
,Griffith University,"170 Kessels Road, Nathan Qld 4111",Scientific Equipment,6/12/2021,34507,Brightside Scientific Pty Ltd,"2/8 Teamster Close,  Tuggerah, Nsw, 2259",No,No,,,,,,,,,360610,,,,,,
,Griffith University,"170 Kessels Road, Nathan Qld 4111",Building Construction & Maintenance,6/12/2021,96216,Conrad Gargett Group,"Level 26, 240 Queen Street Brisbane, Qld, 4000",Yes,No,,,,,,,,,360574,,,,,,
,Griffith University,"170 Kessels Road, Nathan Qld 4111",Consultancy Services,6/12/2021,65670,Global Reviews (Asia Pacific) Pty Ltd,"Level 8, 432 St Kilda Road,  Melbourne, Vic, 3004",No,No,,,,,,,,,360613,,,,,,
,Griffith University,"170 Kessels Road, Nathan Qld 4111",Event Expenditure,6/12/2021,15295,Gold Coast Convention & Exhibition Centr,"Po Box 1407,  Broadbeach, Qld, 4218",No,No,,,,,,,,,360624,,,,,,
,Griffith University,"170 Kessels Road, Nathan Qld 4111",Computer Equipment,6/12/2021,15454,Jb Hi Fi Group Pty Ltd,"544 Kessells Road,  Macgregor, Qld, 4109",No,No,,,,,,,,,360569,,,,,,
,Griffith University,"170 Kessels Road, Nathan Qld 4111",Computer Equipment,6/12/2021,14131,Jb Hi Fi Group Pty Ltd,"544 Kessells Road,  Macgregor, Qld, 4109",No,No,,,,,,,,,360570,,,,,,
,Griffith University,"170 Kessels Road, Nathan Qld 4111",Scientific Equipment,6/12/2021,75390,Kenelec Scientific Pty Ltd,"23 Redland Drive,  Mitcham, Vic, 3132",No,No,,,,,,,,,360580,,,,,,
,Griffith University,"170 Kessels Road, Nathan Qld 4111",Consultancy Services,6/12/2021,74052,Pricewaterhousecoopers,"Gpo Box 150,  Brisbane, Qld, 4001",No,No,,,,,,,,,360625,,,,,,
,Griffith University,"170 Kessels Road, Nathan Qld 4111",Equipment Maintenance,6/12/2021,13825,Richmond Signs & Designs,"1/15 Bailey Crescent,  Southport, Qld, 4215",No,No,,,,,,,,,360617,,,,,,
,Griffith University,"170 Kessels Road, Nathan Qld 4111",Building Construction & Maintenance,6/12/2021,14522,Security & Technology Services (Sq) P/L,"35/1631 Wynnum Road,  Tingalpa, Qld, 4173",No,No,,,,,,,,,360609,,,,,,
,Griffith University,"170 Kessels Road, Nathan Qld 4111",Scientific Equipment,6/12/2021,18818,Thorlabs Inc,"56 Sparta Avenue,  Newton, Nj, 07860",No,No,,,,,,,,,360576,,,,,,
,Griffith University,"170 Kessels Road, Nathan Qld 4111",Software,6/12/2021,50804,Vertigo Ventures Australia Pty Ltd,"7 Winton Street,  Warrawee, Nsw, 2074",No,No,,,,,,,,,360644,,,,,,
,Griffith University,"170 Kessels Road, Nathan Qld 4111",Building Construction & Maintenance,7/12/2021,34870,Aquatrax Pty Ltd T/A Team Irrigation Sol,"Po Box 200,  Capalaba, Qld, 4157",No,No,,,,,,,,,360705,,,,,,
,Griffith University,"170 Kessels Road, Nathan Qld 4111",Building Construction & Maintenance,7/12/2021,13090,Aquatrax Pty Ltd T/A Team Irrigation Sol,"Po Box 200,  Capalaba, Qld, 4157",No,No,,,,,,,,,360706,,,,,,
,Griffith University,"170 Kessels Road, Nathan Qld 4111",Building Construction & Maintenance,7/12/2021,34309,Aquatrax Pty Ltd T/A Team Irrigation Sol,"Po Box 200,  Capalaba, Qld, 4157",No,No,,,,,,,,,360707,,,,,,
,Griffith University,"170 Kessels Road, Nathan Qld 4111",Building Construction & Maintenance,7/12/2021,12689,Aquatrax Pty Ltd T/A Team Irrigation Sol,"Po Box 200,  Capalaba, Qld, 4157",No,No,,,,,,,,,360708,,,,,,
,Griffith University,"170 Kessels Road, Nathan Qld 4111",Insurance Fees,7/12/2021,93500,Arthur J Gallagher & Co (Aus) Limited,"80 Pacific Highway,  North Sydney, Nsw, 2060",No,No,,,,,,,,,1938394,,,,,,
,Griffith University,"170 Kessels Road, Nathan Qld 4111",Freight Fees,7/12/2021,17596,Australian Bay Lobster Producers Limited,"9484 Tweed Valley Way,  Chinderah, Nsw, 2487",No,No,,,,,,,,,1937844,,,,,,
,Griffith University,"170 Kessels Road, Nathan Qld 4111",Pathology Expenditure,7/12/2021,17711,Australian Genome Research Facility Ltd,"Level 5 Gehrmann Laboratories, Research Road St Lucia, Qld, 4072",No,No,,,,,,,,,360695,,,,,,
,Griffith University,"170 Kessels Road, Nathan Qld 4111",Equipment Maintenance,7/12/2021,32670,Bio-Strategy Pty Limited,"P.O Box 14,  Campbellfield, Vic, 3061",No,No,,,,,,,,,360690,,,,,,
,Griffith University,"170 Kessels Road, Nathan Qld 4111",Equipment Maintenance,7/12/2021,11583,Bio-Strategy Pty Limited,"P.O Box 14,  Campbellfield, Vic, 3061",No,No,,,,,,,,,360691,,,,,,
,Griffith University,"170 Kessels Road, Nathan Qld 4111",Scientific Equipment,7/12/2021,16214,Brightside Scientific Pty Ltd,"2/8 Teamster Close,  Tuggerah, Nsw, 2259",No,No,,,,,,,,,360718,,,,,,
,Griffith University,"170 Kessels Road, Nathan Qld 4111",Software,7/12/2021,16500,Caval Limited,"4 Park Drive,  Bundoora, Vic, 3083",No,No,,,,,,,,,360658,,,,,,
,Griffith University,"170 Kessels Road, Nathan Qld 4111",Office Furniture,7/12/2021,16137,Incorporate Space,"Po Box 864,  Sunnybank, Qld, 4109",No,No,,,,,,,,,360713,,,,,,
,Griffith University,"170 Kessels Road, Nathan Qld 4111",Subscription fees,7/12/2021,39603,Innovative Interfaces Incorporated,"Suite 400, 1900 Powell Street,  Emeryville, Ca, 94608",No,No,,,,,,,,,360660,,,,,,
,Griffith University,"170 Kessels Road, Nathan Qld 4111",Software,7/12/2021,189280,Innovative Interfaces Incorporated,"Suite 400, 1900 Powell Street,  Emeryville, Ca, 94608",No,No,,,,,,,,,360661,,,,,,
,Griffith University,"170 Kessels Road, Nathan Qld 4111",Scientific Equipment,7/12/2021,1697947,Integrated Sciences P/L,"Po Box 731,  Willoughby, Nsw, 2068",No,No,Limited,b - (iii) The absence of competition for technical reasons which can only be supplied by a particular supplier and no reasonable alternative exists,,,,,,,360714,,,,,,
,Griffith University,"170 Kessels Road, Nathan Qld 4111",Marketing Fees,7/12/2021,114400,Jsa Design,"Po Box 1580,  Fortitude Valley, Qld, 4006",No,No,,,,,,,,,360663,,,,,,
,Griffith University,"170 Kessels Road, Nathan Qld 4111",Legal Fees,7/12/2021,13554,Mccullough Robertson Lawyers,"Po Box 1855,  Brisbane, Qld, 4001",No,No,,,,,,,,,1937843,,,,,,
,Griffith University,"170 Kessels Road, Nathan Qld 4111",Consultancy Services,7/12/2021,57145,Nature Pty Ltd,"139 Dover Street,  Cremorne, Vic, 3121",No,No,,,,,,,,,360676,,,,,,
,Griffith University,"170 Kessels Road, Nathan Qld 4111",Software,7/12/2021,110191,Proquest Llc,"6216 Paysphere Circle,  Chicago, Il, 60674",No,No,,,,,,,,,360659,,,,,,
,Griffith University,"170 Kessels Road, Nathan Qld 4111",Building Construction & Maintenance,7/12/2021,382238,Ryan Wilks Pty. Ltd.,"Unit 4, 53 Metroplex Avenue Murarrie, Qld, 4172",No,No,,,,,,,,,360697,,,,,,
,Griffith University,"170 Kessels Road, Nathan Qld 4111",Scientific Equipment,7/12/2021,30032,Universidad Politecnica De Madrid,"Ramiro De Maeztu 7,  Madrid, , 28040",No,No,,,,,,,,,360648,,,,,,
,Griffith University,"170 Kessels Road, Nathan Qld 4111",Audio Visual Equipment,7/12/2021,80425,Videopro Pty Ltd,"37 Eagleview Place,  Eagle Farm, Qld, 4009",No,No,,,,,,,,,360654,,,,,,
,Griffith University,"170 Kessels Road, Nathan Qld 4111",Scientific Equipment,7/12/2021,12531,Xylem Water Solutions Australia Ltd,"Po Box 2065,  Mansfield, Qld, 4122",No,No,,,,,,,,,360679,,,,,,
,Griffith University,"170 Kessels Road, Nathan Qld 4111",Software Support Maintenance,8/12/2021,323916,Cubewise Australia Pty Ltd,"Level 11, 99 Mount St,  North Sydney, Nsw, 2060",No,No,,,,,,,,,360757,,,,,,
,Griffith University,"170 Kessels Road, Nathan Qld 4111",Consumables,8/12/2021,392042,Epiworld International Co Ltd,"Room 803, Qiangye Building, No 98 Xiangxing Road , 35, 361101",No,No,,,,,,,,,360829,,,,,,
,Griffith University,"170 Kessels Road, Nathan Qld 4111",Consultancy Services,8/12/2021,17600,Ernst & Young,"111 Eagle Street,,  Brisbane, Qld, 4001",No,No,,,,,,,,,360736,,,,,,
,Griffith University,"170 Kessels Road, Nathan Qld 4111",Audio Visual Equipment,8/12/2021,19585,Jb Hi Fi Group Pty Ltd,"544 Kessells Road,  Macgregor, Qld, 4109",No,No,,,,,,,,,360778,,,,,,
,Griffith University,"170 Kessels Road, Nathan Qld 4111",Audio Visual Equipment,8/12/2021,10873,Jb Hi Fi Group Pty Ltd,"544 Kessells Road,  Macgregor, Qld, 4109",No,No,,,,,,,,,360798,,,,,,
,Griffith University,"170 Kessels Road, Nathan Qld 4111",Marketing Fees,8/12/2021,12683,Jsa Design,"Po Box 1580,  Fortitude Valley, Qld, 4006",No,No,,,,,,,,,360802,,,,,,
,Griffith University,"170 Kessels Road, Nathan Qld 4111",Software,8/12/2021,62040,Linkedin Singapore Pte Ltd,"10 Marina Boulevard, Marina Bay Financial Centre Tower 2 , , 018983",No,No,,,,,,,,,360756,,,,,,
,Griffith University,"170 Kessels Road, Nathan Qld 4111",Recruitment/Placement Fees,8/12/2021,80848,Linkedin Singapore Pte Ltd,"10 Marina Boulevard, Marina Bay Financial Centre Tower 2 , , 018983",No,No,,,,,,,,,360828,,,,,,
,Griffith University,"170 Kessels Road, Nathan Qld 4111",Marketing Fees,8/12/2021,22000,Media All In One Pty Ltd,"Level 11, 520 Collins Street Melbourne, Vic, 3000",No,No,,,,,,,,,1933818,,,,,,
,Griffith University,"170 Kessels Road, Nathan Qld 4111",Consultancy Services,8/12/2021,92400,People And Performance Pty Ltd,Brisbane,No,No,,,,,,,,,360745,,,,,,
,Griffith University,"170 Kessels Road, Nathan Qld 4111",Audio Visual Equipment,8/12/2021,20443,Proav Solutions Queensland,"Po Box 2722,  Toowong, Qld, 4066",No,No,,,,,,,,,360812,,,,,,
,Griffith University,"170 Kessels Road, Nathan Qld 4111",Scientific Equipment,8/12/2021,2528900,Thermo Fisher Scientific Australia,"Po Box 9092,  Scoresby, Vic, 3179",No,No,Limited,b - (iii) The absence of competition for technical reasons which can only be supplied by a particular supplier and no reasonable alternative exists,,,,,,,360784,,,,,,
,Griffith University,"170 Kessels Road, Nathan Qld 4111",Scientific Equipment,8/12/2021,35777,Thorlabs Inc,"56 Sparta Avenue,  Newton, Nj, 07860",No,No,,,,,,,,,360832,,,,,,
,Griffith University,"170 Kessels Road, Nathan Qld 4111",Audio Visual Equipment,8/12/2021,10084,Videopro Pty Ltd,"37 Eagleview Place,  Eagle Farm, Qld, 4009",No,No,,,,,,,,,360816,,,,,,
,Griffith University,"170 Kessels Road, Nathan Qld 4111",Library Acquisition Reference Materials,9/12/2021,65710,Adam Matthew Digital Ltd,"Pelham House, London Road Marlborough, Wilts, Sn8 2Ag",No,No,,,,,,,,,1937801,,,,,,
,Griffith University,"170 Kessels Road, Nathan Qld 4111",Library Acquisition Reference Materials,9/12/2021,15980,Council Of Aust. University Librarians,"9 Napier Close,  Deakin, Act, 2600",No,No,,,,,,,,,1937695,,,,,,
,Griffith University,"170 Kessels Road, Nathan Qld 4111",Consultancy Services,9/12/2021,23680,Deaf Indigenous Community Consultancy Pt,Victoria,No,No,,,,,,,,,360875,,,,,,
,Griffith University,"170 Kessels Road, Nathan Qld 4111",Library Acquisition Reference Materials,9/12/2021,1252647,Elsevier Inc.,"3251 Riverport Lane,  Maryland Heights, Mo, 63043",No,No,Limited,b - (iii) The absence of competition for technical reasons which can only be supplied by a particular supplier and no reasonable alternative exists,,,,,,,1937026,,,,,,
,Griffith University,"170 Kessels Road, Nathan Qld 4111",Library Acquisition Reference Materials,9/12/2021,28910,Euromonitor International Ltd.,"60-61 Britton Street,  London, , Ec1M 5Ux",No,No,,,,,,,,,1937640,,,,,,
,Griffith University,"170 Kessels Road, Nathan Qld 4111",Consumables,9/12/2021,10450,Henry Schein Regional Trust,"Po Box 3593,  South Brisbane, Qld, 4101",No,No,,,,,,,,,360849,,,,,,
,Griffith University,"170 Kessels Road, Nathan Qld 4111",Library Acquisition Reference Materials,9/12/2021,82594,Igroup ( Asia Pacific) Ltd,"Room 3703-5, 37/F, 9 Wing Hong Street, Cheung Sha Wan Kowloon, , ",No,No,,,,,,,,,1938545,,,,,,
,Griffith University,"170 Kessels Road, Nathan Qld 4111",Consultancy Services,9/12/2021,18700,Invision Media Pty Ltd,"241 Given Tce, Po Box 5014 Paddington, Qld, 4064",No,No,,,,,,,,,360872,,,,,,
,Griffith University,"170 Kessels Road, Nathan Qld 4111",Library Acquisition Reference Materials,9/12/2021,2399589,John Wiley & Sons Inc - Usa,"Po Box 416502,  Boston, Ma, 02241-6502",No,No,Limited,b - (iii) The absence of competition for technical reasons which can only be supplied by a particular supplier and no reasonable alternative exists,,,,,,,GU-607,,,,,,
,Griffith University,"170 Kessels Road, Nathan Qld 4111",Marketing Fees,9/12/2021,16376,Mediacom Australia Pty Ltd,"Level 17, 65 Berry Street North Sydney, Nsw, 2060",No,No,,,,,,,,,360837,,,,,,
,Griffith University,"170 Kessels Road, Nathan Qld 4111",Office Furniture,9/12/2021,19651,Natural Ideas In Chairs Pty Ltd,"Po Box 287,  Banyo, Qld, 4014",No,No,,,,,,,,,360897,,,,,,
,Griffith University,"170 Kessels Road, Nathan Qld 4111",Software,9/12/2021,24546,Osisoft Llc,"1600 Alvarado Street,  San Leandro, Ca, 94577",No,No,,,,,,,,,360836,,,,,,
,Griffith University,"170 Kessels Road, Nathan Qld 4111",Software,9/12/2021,71500,Pearson Australia Group Pty Ltd,"Suite 1001 Level 10, 151 Castlereagh Street, Sydney, Nsw, 2000",No,No,,,,,,,,,360845,,,,,,
,Griffith University,"170 Kessels Road, Nathan Qld 4111",Software,9/12/2021,265650,Pearson Australia Group Pty Ltd,"Suite 1001 Level 10, 151 Castlereagh Street, Sydney, Nsw, 2000",No,No,,,,,,,,,360846,,,,,,
,Griffith University,"170 Kessels Road, Nathan Qld 4111",Recruitment/Placement Fees,9/12/2021,51744,Perrett Laver Pty Ltd,"Ste 501B, 19A Boundary Street,  Darlinghurst, Nsw, 2031",No,No,,,,,,,,,5417,,,,,,
,Griffith University,"170 Kessels Road, Nathan Qld 4111",Library Acquisition Reference Materials,9/12/2021,60105,Proquest Llc,"6216 Paysphere Circle,  Chicago, Il, 60674",No,No,,,,,,,,,1937803,,,,,,
,Griffith University,"170 Kessels Road, Nathan Qld 4111",Library Acquisition Reference Materials,9/12/2021,412479,Proquest Llc,"6216 Paysphere Circle,  Chicago, Il, 60674",No,No,,,,,,,,,1937819,,,,,,
,Griffith University,"170 Kessels Road, Nathan Qld 4111",Library Acquisition Reference Materials,9/12/2021,289168,Proquest Llc,"6216 Paysphere Circle,  Chicago, Il, 60674",No,No,,,,,,,,,1937825,,,,,,
,Griffith University,"170 Kessels Road, Nathan Qld 4111",Library Acquisition Reference Materials,9/12/2021,44578,Proquest Llc,"6216 Paysphere Circle,  Chicago, Il, 60674",No,No,,,,,,,,,1938386,,,,,,
,Griffith University,"170 Kessels Road, Nathan Qld 4111",Library Acquisition Reference Materials,9/12/2021,28535,"Sage Publications, Ltd.","Unit 18 Titan Drive, Fengate East,  Peterborough, , Pe1 5Xn",No,No,,,,,,,,,1937396,,,,,,
,Griffith University,"170 Kessels Road, Nathan Qld 4111",Library Acquisition Reference Materials,9/12/2021,189886,"Sage Publications, Ltd.","Unit 18 Titan Drive, Fengate East,  Peterborough, , Pe1 5Xn",No,No,,,,,,,,,1937829,,,,,,
,Griffith University,"170 Kessels Road, Nathan Qld 4111",Library Acquisition Reference Materials,9/12/2021,98061,"Sage Publications, Ltd.","Unit 18 Titan Drive, Fengate East,  Peterborough, , Pe1 5Xn",No,No,,,,,,,,,1937832,,,,,,
,Griffith University,"170 Kessels Road, Nathan Qld 4111",Subscription fees,9/12/2021,39930,Securew2,", Zekeringstraat 17 Amsterdam, , 1014 Bm",No,No,,,,,,,,,360835,,,,,,
,Griffith University,"170 Kessels Road, Nathan Qld 4111",Consultancy Services,9/12/2021,98000,Sonja Brubacher,Canada,No,No,,,,,,,,,360870,,,,,,
,Griffith University,"170 Kessels Road, Nathan Qld 4111",Library Acquisition Reference Materials,9/12/2021,1058358,Springer Customer Service Centre Gmbh,"Haberstrasse 7,  Heidelberg, , D69126",No,No,,,,,,,,,GU-1401,,,,,,
,Griffith University,"170 Kessels Road, Nathan Qld 4111",Chemical & Biological Products,10/12/2021,55000,Animal Resources Centre - Wa,"Po Box 1180,  Canning Vale, Wa, 6970",No,No,,,,,,,,,360970,,,,,,
,Griffith University,"170 Kessels Road, Nathan Qld 4111",Insurance Fees,10/12/2021,3731508,Arthur J Gallagher & Co (Aus) Limited,"80 Pacific Highway,  North Sydney, Nsw, 2060",No,No,Limited,b - (iii) The absence of competition for technical reasons which can only be supplied by a particular supplier and no reasonable alternative exists,,,,,,,1939050,,,,,,
,Griffith University,"170 Kessels Road, Nathan Qld 4111",Consultancy Services,10/12/2021,21978,Arup Australia Pty Ltd,"Po Box 76,  Millers Point, Nsw, 2000",No,No,,,,,,,,,361004,,,,,,
,Griffith University,"170 Kessels Road, Nathan Qld 4111",Scientific Equipment,10/12/2021,2400507,Bruker Pty Ltd,"Po Box 202,  Alexandria, Nsw, 1435",No,No,Limited,b - (iii) The absence of competition for technical reasons which can only be supplied by a particular supplier and no reasonable alternative exists,,,,,,,"360930, 360929, 360931, 360932",,,,,,
,Griffith University,"170 Kessels Road, Nathan Qld 4111",Software,10/12/2021,19800,Caudit,"Meeting Secretariat, Conference Logistics, Po Box 6150 Kingston, Act, 2604",No,No,,,,,,,,,360916,,,,,,
,Griffith University,"170 Kessels Road, Nathan Qld 4111",Software Support Maintenance,10/12/2021,21144,Cch Australia Ltd,"Gpo Box 4069,  Sydney, Nsw, 2001",No,No,,,,,,,,,360965,,,,,,
,Griffith University,"170 Kessels Road, Nathan Qld 4111",Printing Expenses,10/12/2021,13046,Cpx Pty Ltd,"Po Box 3193,  Newmarket, Kelvin Grove Bc, Qld, 4059",No,No,,,,,,,,,1939399,,,,,,
,Griffith University,"170 Kessels Road, Nathan Qld 4111",Event Expenditure,10/12/2021,12320,Griffith Uni Gold Coast Student Guild,"Po Box 96, Gold Coast Campus Griffith University, Qld, 4222",No,No,,,,,,,,,360951,,,,,,
,Griffith University,"170 Kessels Road, Nathan Qld 4111",Office Furniture,10/12/2021,14885,Incorporate Space,"Po Box 864,  Sunnybank, Qld, 4109",No,No,,,,,,,,,360994,,,,,,
,Griffith University,"170 Kessels Road, Nathan Qld 4111",Consultancy Services,10/12/2021,24264,Jennifer Carpenter,United Kingdom,No,No,,,,,,,,,360921,,,,,,
,Griffith University,"170 Kessels Road, Nathan Qld 4111",Chemical & Biological Products,10/12/2021,10568,Leica Microsystems Pty Ltd,"Po Box 526,  North Ryde Bc, Nsw, 1670",No,No,,,,,,,,,360981,,,,,,
,Griffith University,"170 Kessels Road, Nathan Qld 4111",Marketing Fees,10/12/2021,15882,News Pty Limited,"2 Holt Street,  Surry Hills, Nsw, 2010",No,No,,,,,,,,,361002,,,,,,
,Griffith University,"170 Kessels Road, Nathan Qld 4111",Audio Visual Equipment,10/12/2021,187719,Proav Solutions Queensland,"Po Box 2722,  Toowong, Qld, 4066",No,No,,,,,,,,,360997,,,,,,
,Griffith University,"170 Kessels Road, Nathan Qld 4111",Consultancy Services,10/12/2021,12650,Prospect Research & Marketing Pty. Ltd.,"Po Box 551,  Mount Eliza, Vic, 3930",No,No,,,,,,,,,361000,,,,,,
,Griffith University,"170 Kessels Road, Nathan Qld 4111",Marketing Fees,10/12/2021,46184,Serotonin Creative,"22 Petrie Terrace,  Brisbane, Qld, 4000",No,No,,,,,,,,,361001,,,,,,
,Griffith University,"170 Kessels Road, Nathan Qld 4111",Chemical & Biological Products,10/12/2021,11469,Thermo Fisher Scientific Australia,"Po Box 9092,  Scoresby, Vic, 3179",No,No,,,,,,,,,360935,,,,,,
,Griffith University,"170 Kessels Road, Nathan Qld 4111",Equipment Maintenance,10/12/2021,26145,Xylem Water Solutions Australia Ltd,"Po Box 2065,  Mansfield, Qld, 4122",No,No,,,,,,,,,360967,,,,,,
,Griffith University,"170 Kessels Road, Nathan Qld 4111",Consumables,12/12/2021,22500,Mermaid Beach Radiology Pty Ltd,"2469 Gold Coast Highway,  Mermaid Beach, Qld, 4218",No,No,,,,,,,,,1936402,,,,,,
,Griffith University,"170 Kessels Road, Nathan Qld 4111",Building Construction & Maintenance,13/12/2021,328549,A1 Building & Property Solutions Pty Ltd,"3 D'Aguilar Road,  The Gap, Qld, 4061",No,No,,,,,,,,,361043,,,,,,
,Griffith University,"170 Kessels Road, Nathan Qld 4111",Consumables,13/12/2021,17490,Biotools Pty Ltd,"Po Box 2454,  Keperra, Qld, 4052",No,No,,,,,,,,,361042,,,,,,
,Griffith University,"170 Kessels Road, Nathan Qld 4111",Computer Equipment,13/12/2021,13308,Jb Hi Fi Group Pty Ltd,"544 Kessells Road,  Macgregor, Qld, 4109",No,No,,,,,,,,,361025,,,,,,
,Griffith University,"170 Kessels Road, Nathan Qld 4111",Computer Equipment,13/12/2021,13785,Jb Hi Fi Group Pty Ltd,"544 Kessells Road,  Macgregor, Qld, 4109",No,No,,,,,,,,,361038,,,,,,
,Griffith University,"170 Kessels Road, Nathan Qld 4111",Commission Payment,13/12/2021,23100,Ozsky International Pty Ltd,"Po Box 3171,  Southport Bc, Qld, 4215",No,No,,,,,,,,,1939702,,,,,,
,Griffith University,"170 Kessels Road, Nathan Qld 4111",Marketing Fees,13/12/2021,67210,Qs Enrolment Solutions (Australia) Pty L,"Level 3, 595 Collins Street,  Melbourne, Vic, 3000",No,No,,,,,,,,,361019,,,,,,
,Griffith University,"170 Kessels Road, Nathan Qld 4111",Event Expenditure,13/12/2021,12650,The Sebel Brisbane,"95 Charlotte Street,  Brisbane, Qld, 4000",No,No,,,,,,,,,361021,,,,,,
,Griffith University,"170 Kessels Road, Nathan Qld 4111",Commission Payment,14/12/2021,110399,Idp Education Pty Ltd,"Level 8, 535 Bourke Street Melbourne, Vic, 3000",No,No,,,,,,,,,1940083,,,,,,
,Griffith University,"170 Kessels Road, Nathan Qld 4111",Consultancy Services,14/12/2021,16298,Monash University,"Cashier, 21 Chancellors Walk Monash University, Vic, 3800",No,No,,,,,,,,,1939357,,,,,,
,Griffith University,"170 Kessels Road, Nathan Qld 4111",Consultancy Services,14/12/2021,80300,Servian Pty Ltd,"Level 38, 71 Eagle Street Brisbane City, Qld, 4000",No,No,,,,,,,,,1936102,,,,,,
,Griffith University,"170 Kessels Road, Nathan Qld 4111",Consultancy Services,14/12/2021,19800,Silentgrid Security Pty Ltd,"Level 35 Tower One, Barangaroo Sydney, Nsw, 2000",No,No,,,,,,,,,1935727,,,,,,
,Griffith University,"170 Kessels Road, Nathan Qld 4111",Scientific Equipment,15/12/2021,116253,"Beijing Technol Science Co., Ltd.","1-1117,11Th Floor, Building 8,, No. 87, Jiancaicheng West Rd, , 11, 100192",No,No,,,,,,,,,361065,,,,,,
,Griffith University,"170 Kessels Road, Nathan Qld 4111",Library Acquisition Reference Materials,15/12/2021,27500,Council Of Aust. University Librarians,"9 Napier Close,  Deakin, Act, 2600",No,No,,,,,,,,,1935115,,,,,,
,Griffith University,"170 Kessels Road, Nathan Qld 4111",Event Expenditure,15/12/2021,14319,Fpp Edu Media Llc,"Suite 253, 9550 S. Eastern Ave Las Vegas, Nv, 89123",No,No,,,,,,,,,1939828,,,,,,
,Griffith University,"170 Kessels Road, Nathan Qld 4111",Library Acquisition Reference Materials,15/12/2021,19454,Mcgraw Hill Llc,"1325 Avenue Of The Americas,  New York, Ny, 10019",No,No,,,,,,,,,1939174,,,,,,
,Griffith University,"170 Kessels Road, Nathan Qld 4111",Library Acquisition Reference Materials,15/12/2021,13395,Mcgraw Hill Llc,"1325 Avenue Of The Americas,  New York, Ny, 10019",No,No,,,,,,,,,1939175,,,,,,
,Griffith University,"170 Kessels Road, Nathan Qld 4111",Consultancy Services,17/12/2021,17600,Djambul Pty Ltd,"Po Box 304,  Smithfield, Qld, 4878",No,No,,,,,,,,,361070,,,,,,
,Griffith University,"170 Kessels Road, Nathan Qld 4111",Library Acquisition Reference Materials,19/12/2021,134998,Cengage Learning Australia Pty Ltd,"Level 7, 80 Dorcas Street South Melbourne, Vic, 3205",No,No,,,,,,,,,1937027,,,,,,
,Griffith University,"170 Kessels Road, Nathan Qld 4111",Subscription fees,19/12/2021,33000,Science In Australia Gender Equity Ltd,"Ian Potter House, 9 Gordon Street,  Acton, Act, 2601",No,No,,,,,,,,,1939764,,,,,,
,Griffith University,"170 Kessels Road, Nathan Qld 4111",Consultancy Services,20/12/2021,21065,Altman Pty Ltd,"Unit 104, 54 Vernon Terrace,  Teneriffe, Qld, 4005",No,No,,,,,,,,,1935456,,,,,,
,Griffith University,"170 Kessels Road, Nathan Qld 4111",Consultancy Services,21/12/2021,15917,Escalate Consulting Pty Ltd,"66 Monash Road,  Tarragindi, Qld, 4121",No,No,,,,,,,,,1939385,,,,,,
,Griffith University,"170 Kessels Road, Nathan Qld 4111",Scientific Equipment,21/12/2021,10974,"Vacumetrics, Inc","4125 Market Street, Unit# 10 Ventura, Ca, 93003",No,No,,,,,,,,,361072,,,,,,
,Griffith University,"170 Kessels Road, Nathan Qld 4111",Library Acquisition Reference Materials,22/12/2021,82163,Cch Australia Ltd,"Gpo Box 4069,  Sydney, Nsw, 2001",No,No,,,,,,,,,1936266,,,,,,
,Griffith University,"170 Kessels Road, Nathan Qld 4111",Security Expenditure,22/12/2021,19318,Security & Technology Services (Sq) P/L,"35/1631 Wynnum Road,  Tingalpa, Qld, 4173",No,No,,,,,,,,,1935949,,,,,,
,Griffith University,"170 Kessels Road, Nathan Qld 4111",Membership Fees,23/12/2021,29195,Caudit,"Po Box 9432,  Deakin, Act, 2600",No,No,,,,,,,,,1936407,,,,,,
,Griffith University,"170 Kessels Road, Nathan Qld 4111",Patent Application Fee,23/12/2021,29495,Michael Buck Ip,"Po Box 78,  Red Hill, Qld, 4059",No,No,,,,,,,,,1935951,,,,,,
,Griffith University,"170 Kessels Road, Nathan Qld 4111",Membership Fees,25/12/2021,12100,Swinburne University Of Technology,"Finance Department, Po Box 218 Hawthorn, Vic, 3122",No,No,,,,,,,,,1936947,,,,,,
,Griffith University,"170 Kessels Road, Nathan Qld 4111",Library Acquisition Reference Materials,26/12/2021,33990,Therapeutic Guidelines Ltd,"Ground Floor, 473 Victoria Street,  West Melbourne, Vic, 3003",No,No,,,,,,,,,1936354,,,,,,
,Griffith University,"170 Kessels Road, Nathan Qld 4111",Marketing Fees,29/12/2021,15675,Dan K Pearson,Brisbane,No,No,,,,,,,,,1939532,,,,,,
,Griffith University,"170 Kessels Road, Nathan Qld 4111",Legal Fees,30/12/2021,21922,Clayton Utz,"Gpo Box 9806,  Canberra, Act, 2601",No,No,,,,,,,,,1940052,,,,,,
,Griffith University,"170 Kessels Road, Nathan Qld 4111",Consultancy Services,30/12/2021,19250,Odgers Berndtson,"Level 2, 2 Bulletin Place Sydney, Nsw, 2000",No,No,,,,,,,,,1939699,,,,,,
,Griffith University,"170 Kessels Road, Nathan Qld 4111",Event Expenditure,2/01/2022,15730,Lean Finance,"Level 38, 71 Eagle Street, Riparian Plaza Brisbane, Qld, 4000",No,No,,,,,,,,,1937866,,,,,,
,Griffith University,"170 Kessels Road, Nathan Qld 4111",Library Acquisition Reference Materials,2/01/2022,299959,Thomson Legal & Regulatory Limited,"Gpo Box 2706,  Sydney, Nsw, 2001",No,No,,,,,,,,,1939387,,,,,,
,Griffith University,"170 Kessels Road, Nathan Qld 4111",Staff Development,4/01/2022,16445,Chief Executive Women Limited,"Gpo Box 4694,  Sydney, Nsw, 2001",No,No,,,,,,,,,1940285,,,,,,
,Griffith University,"170 Kessels Road, Nathan Qld 4111",Building Construction & Maintenance,4/01/2022,16389,Data #3 Limited,"Po Box 551,  Indooroopilly, Qld, 4068",No,No,,,,,,,,,361073,,,,,,
,Griffith University,"170 Kessels Road, Nathan Qld 4111",Consultancy Services,4/01/2022,42350,Embark Agency Pty Ltd,Gold Coast,No,No,,,,,,,,,361084,,,,,,
,Griffith University,"170 Kessels Road, Nathan Qld 4111",Chemical & Biological Products,4/01/2022,188579,Epiworld International Co Ltd,"Room 803, Qiangye Building, No 98 Xiangxing Road , 35, 361101",No,No,,,,,,,,,361088,,,,,,
,Griffith University,"170 Kessels Road, Nathan Qld 4111",Consultancy Services,4/01/2022,58300,Robinson Fitzgerald Pty Ltd,"Suite 26, 138 Juliette Street,  Greenslopes, Qld, 4120",No,No,,,,,,,,,361082,,,,,,
,Griffith University,"170 Kessels Road, Nathan Qld 4111",Marketing Fees,4/01/2022,36377,Soul Vision Films Pty Ltd,Brisbane,No,No,,,,,,,,,1940467,,,,,,
,Griffith University,"170 Kessels Road, Nathan Qld 4111",Consultancy Services,5/01/2022,128144,Randstad Pty Limited,"Gpo Box 4640,  Sydney, Nsw, 2001",No,No,,,,,,,,,361111,,,,,,
,Griffith University,"170 Kessels Road, Nathan Qld 4111",Consultancy Services,6/01/2022,25475,Ella Arensman,"4.28 Western Gateway Building,  University College Cork, Cork, ",No,No,,,,,,,,,361126,,,,,,
,Griffith University,"170 Kessels Road, Nathan Qld 4111",Scientific Equipment,6/01/2022,451000,Olympus Australia Pty Ltd,"Po Box 985,  Mt Waverley, Vic, 3149",No,No,,,,,,,,,361123,,,,,,
,Griffith University,"170 Kessels Road, Nathan Qld 4111",Reference Materials,6/01/2022,14539,Peter Lang Group Ag,"Place De La Gare 12,, Lausanne Vaud Canton, , 1003",No,No,,,,,,,,,1940282,,,,,,
,Griffith University,"170 Kessels Road, Nathan Qld 4111",Scientific Equipment,6/01/2022,42361,Shenzhen Kejing Star Technology Company,"101, 201, 301, 401, 501, 601, Building 5,, Huafeng Overseas Student Industrial Park, Shenzhen, 44, 518110",No,No,,,,,,,,,361128,,,,,,
,Griffith University,"170 Kessels Road, Nathan Qld 4111",Furniture,7/01/2022,16370,Abp Allboards P/L,"Po Box 197,  Carole Park, Qld, 4300",No,No,,,,,,,,,361152,,,,,,
,Griffith University,"170 Kessels Road, Nathan Qld 4111",Consultancy Services,7/01/2022,20350,Epic Agile,Victoria,No,No,,,,,,,,,361158,,,,,,
,Griffith University,"170 Kessels Road, Nathan Qld 4111",Subscription/License Fees,7/01/2022,70000,Mrcf Trust,"Level 9, 31 Queen Street Melbourne, Vic, 3000",No,No,,,,,,,,,1940290,,,,,,
,Griffith University,"170 Kessels Road, Nathan Qld 4111",Subscription/License Fees,7/01/2022,16906,"Rstudio, Inc","Suite 410, 250 Northern Ave,  Boston, Ma, 02210",No,No,,,,,,,,,361170,,,,,,
,Griffith University,"170 Kessels Road, Nathan Qld 4111",Building Construction & Maintenance,7/01/2022,14300,The Clarkson Family Trust,"Unit 4, 158 Murarrie Rd,  Murrarie, Qld, 4172",No,No,,,,,,,,,1939766,,,,,,
,Griffith University,"170 Kessels Road, Nathan Qld 4111",Marketing Fees,8/01/2022,20240,Lovework Studio Pty Ltd,"Unit 6, 12-14 Georgina Street Woody Point, Qld, 4019",No,No,,,,,,,,,1939443,,,,,,
,Griffith University,"170 Kessels Road, Nathan Qld 4111",Medical Equipment,9/01/2022,43051,Limbs & Things Limited,"92 Wedgewood Road,  Hallam, Vic, 3803",No,No,,,,,,,,,1939465,,,,,,
,Griffith University,"170 Kessels Road, Nathan Qld 4111",Subscription/License Fees,10/01/2022,71184,Data #3 Limited,"Po Box 551,  Indooroopilly, Qld, 4068",No,No,,,,,,,,,361178,,,,,,
,Griffith University,"170 Kessels Road, Nathan Qld 4111",Legal Fees,10/01/2022,17600,Holding Redlich,"Level 1, 300 Queen Street Brisbane, Qld, 4000",No,No,,,,,,,,,361201,,,,,,
,Griffith University,"170 Kessels Road, Nathan Qld 4111",Consultancy Services,10/01/2022,33600,Michael O’Regan,NSW,No,No,,,,,,,,,2022,,,,,,
,Griffith University,"170 Kessels Road, Nathan Qld 4111",Subscription/License Fees,10/01/2022,40122,Nphase Inc.,"533 2Md Street, Suite 500 Encinitas, San Diego, Ca, 92024",No,No,,,,,,,,,GU-579,,,,,,
,Griffith University,"170 Kessels Road, Nathan Qld 4111",Health & Safety Expenses,11/01/2022,10560,Building Environment Solutions Pty Ltd,"Po Box 573,  Buderim, Qld, 4556",No,No,,,,,,,,,361237,,,,,,
,Griffith University,"170 Kessels Road, Nathan Qld 4111",Event Expenditure,11/01/2022,12220,Griffith Uni Gold Coast Student Guild,"Po Box 96, Gold Coast Campus Griffith University, Qld, 4222",No,No,,,,,,,,,1941432,,,,,,
,Griffith University,"170 Kessels Road, Nathan Qld 4111",Building Construction & Maintenance,11/01/2022,17512,Hosmed Services Pty Ltd,"Po Box 637,  Virginia, Qld, 4014",No,No,,,,,,,,,361213,,,,,,
,Griffith University,"170 Kessels Road, Nathan Qld 4111",Consultancy Services,11/01/2022,49500,Robinson Fitzgerald Pty Ltd,"Suite 26, 138 Juliette Street,  Greenslopes, Qld, 4120",No,No,,,,,,,,,361236,,,,,,
,Griffith University,"170 Kessels Road, Nathan Qld 4111",Chemical & Biological Products,11/01/2022,10304,Sigma Aldrich Pty Ltd,"Po Box 970,  Castle Hill, Nsw, 1765",No,No,,,,,,,,,361226,,,,,,
,Griffith University,"170 Kessels Road, Nathan Qld 4111",Subscription/License Fees,12/01/2022,133232,Appian Software Switzerland Llc,"Level 1, 92 Pitt Street,  Sydney, Nsw, 2000",Yes,No,,,,,,,,,C01231_1,,C01231,,,,
,Griffith University,"170 Kessels Road, Nathan Qld 4111",Subscription/License Fees,12/01/2022,42040,Blackboard International Bv,"Paleisstraat 1-5,  Amsterdam, , 1012",No,No,,,,,,,,,361253,,,,,,
,Griffith University,"170 Kessels Road, Nathan Qld 4111",Subscription/License Fees,12/01/2022,1418098,Cybercx Pty Ltd,"L4 330 Collins St,  Melbourne, Vic, 3000",Yes,No,Selective,,,,,,,,361251 369885,,GU-597,,,,
,Griffith University,"170 Kessels Road, Nathan Qld 4111",Subscription/License Fees,12/01/2022,65096,Hexeis Energy Pty Ltd,"720 Macarthur Avenue, Pinkenba QLD 4008",No,No,,,,,,,,,362744 372689,,C00476_1,,,,
,Griffith University,"170 Kessels Road, Nathan Qld 4111",Software Support Maintenance,12/01/2022,13159,Point & Click Solutions Inc,"6 Lincoln Knoll Lane, Suite 101,  Burlington, Ma, 01803",No,No,,,,,,,,,361244,,,,,,
,Griffith University,"170 Kessels Road, Nathan Qld 4111",Audit Fees,12/01/2022,61600,Pracademia Pty Ltd,Tasmania,No,No,,,,,,,,,1941729,,,,,,
,Griffith University,"170 Kessels Road, Nathan Qld 4111",Artworks,12/01/2022,37400,Simon Degroot,Brisbane,No,No,,,,,,,,,1941849 1946431,,,,,,
,Griffith University,"170 Kessels Road, Nathan Qld 4111",Building Construction & Maintenance,12/01/2022,13947,Testo Pty Ltd,"Po Box 2041,  Bayswater, Vic, 3153",No,No,,,,,,,,,361276,,,,,,
,Griffith University,"170 Kessels Road, Nathan Qld 4111",Building Construction & Maintenance,12/01/2022,19276,Testo Pty Ltd,"Po Box 2041,  Bayswater, Vic, 3153",No,No,,,,,,,,,361277,,,,,,
,Griffith University,"170 Kessels Road, Nathan Qld 4111",Computer Equipment,13/01/2022,32413,Computer Support Systems P/L,"Po Box 244,  Abbotsford, Vic, 3067",No,No,,,,,,,,,361315,,,,,,
,Griffith University,"170 Kessels Road, Nathan Qld 4111",Subscription/License Fees,13/01/2022,16977,Data #3 Limited,"Po Box 551,  Indooroopilly, Qld, 4068",No,No,,,,,,,,,361294,,,,,,
,Griffith University,"170 Kessels Road, Nathan Qld 4111",Commission Payment,13/01/2022,90896,Open Universities Australia,"Level 1/473 Bourke St,  Melbourne, Vic, 3000",No,No,,,,,,,,,1941906,,,,,,
,Griffith University,"170 Kessels Road, Nathan Qld 4111",Commission Payment,13/01/2022,533431,Pearson Australia Group Pty Ltd,"Suite 1001 Level 10, 151 Castlereagh Street, Sydney, Nsw, 2000",No,No,Limited,b - (iii) The absence of competition for technical reasons which can only be supplied by a particular supplier and no reasonable alternative exists,,,,,,,1941905,,,,,,
,Griffith University,"170 Kessels Road, Nathan Qld 4111",Subscription/License Fees,13/01/2022,32893,Proquest Llc,"6216 Paysphere Circle,  Chicago, Il, 60674",No,No,,,,,,,,,1941436,,,,,,
,Griffith University,"170 Kessels Road, Nathan Qld 4111",Subscription/License Fees,13/01/2022,26137,Proquest Llc,"6216 Paysphere Circle,  Chicago, Il, 60674",No,No,,,,,,,,,1941437,,,,,,
,Griffith University,"170 Kessels Road, Nathan Qld 4111",Equipment Maintenance,13/01/2022,14273,Titanium Solutions Australia Ltd,"Po Box 114, Albany Village Auckland, , 1140",No,No,,,,,,,,,361313,,,,,,
,Griffith University,"170 Kessels Road, Nathan Qld 4111",Consultancy Services,13/01/2022,32120,Victoria Joanna Waller,Brisbane,No,No,,,,,,,,,361318,,,,,,
,Griffith University,"170 Kessels Road, Nathan Qld 4111",Insurance Fees,14/01/2022,197458,Arthur J Gallagher & Co (Aus) Limited,"80 Pacific Highway,  North Sydney, Nsw, 2060",No,No,,,,,,,,,1942006,,,,,,
,Griffith University,"170 Kessels Road, Nathan Qld 4111",Scientific Equipment,14/01/2022,72422,Kenelec Scientific Pty Ltd,"23 Redland Drive,  Mitcham, Vic, 3132",No,No,,,,,,,,,361329,,,,,,
,Griffith University,"170 Kessels Road, Nathan Qld 4111",Building Construction & Maintenance,14/01/2022,25937,Pr Power Pty Ltd,"20 Niche Parade,  Wangara, Wa, 6065",No,No,,,,,,,,,361342,,,,,,
,Griffith University,"170 Kessels Road, Nathan Qld 4111",Subscription/License Fees,15/01/2022,3514090,Aarnet,"Gpo Box 1559,  Canberra, Act, 2601",Yes,No,Limited,b - (iii) The absence of competition for technical reasons which can only be supplied by a particular supplier and no reasonable alternative exists,,,,,,,1941148,,,,,,
,Griffith University,"170 Kessels Road, Nathan Qld 4111",Furniture,17/01/2022,14278,Abp Allboards P/L,"Po Box 197,  Carole Park, Qld, 4300",No,No,,,,,,,,,361355,,,,,,
,Griffith University,"170 Kessels Road, Nathan Qld 4111",Consultancy Services,17/01/2022,55000,Arina Consulting Architects,"Po Box 1102,  Crows Nest, Nsw, 1585",No,No,,,,,,,,,361354,,,,,,
,Griffith University,"170 Kessels Road, Nathan Qld 4111",Chemical & Biological Products,17/01/2022,14751,Bio-Strategy Pty Limited,"P.O Box 14,  Campbellfield, Vic, 3061",No,No,,,,,,,,,361362,,,,,,
,Griffith University,"170 Kessels Road, Nathan Qld 4111",Furniture,17/01/2022,23269,Commercial Images,"P.O Box 3731,  South Brisbane, Qld, 4101",No,No,,,,,,,,,361386,,,,,,
,Griffith University,"170 Kessels Road, Nathan Qld 4111",Medical Equipment,17/01/2022,12839,Hexoskin T/A Carre Technologies Inc,"Suite 601, 5800 Rue Saint-Denis,  Montreal, Qc, H2S 3L5",No,No,,,,,,,,,361377,,,,,,
,Griffith University,"170 Kessels Road, Nathan Qld 4111",Printing Expenses,17/01/2022,27159,Vrc Printing Pty Ltd,"Cnr. Clarence & Morley St,  Coorparoo, Qld, 4151",No,No,,,,,,,,,361385,,,,,,
,Griffith University,"170 Kessels Road, Nathan Qld 4111",Subscription/License Fees,18/01/2022,659409,Banki Haddock Fiora,"Level 10, 179 Elizabeth Street,  Sydney, Nsw, 2000",No,No,Limited,b - (iii) The absence of competition for technical reasons which can only be supplied by a particular supplier and no reasonable alternative exists,,,,,,,361413,,,,,,
,Griffith University,"170 Kessels Road, Nathan Qld 4111",Subscription/License Fees,18/01/2022,659409,Copyright Agency Limited,"15/233 Castlereagh Street,  Sydney, Nsw, 2000",No,No,Limited,b - (iii) The absence of competition for technical reasons which can only be supplied by a particular supplier and no reasonable alternative exists,,,,,,,361412,,,,,,
,Griffith University,"170 Kessels Road, Nathan Qld 4111",Subscription/License Fees,18/01/2022,273726,Screenrights,"Po Box 1248,  Neutral Bay, Nsw, 2089",No,No,,,,,,,,,361414,,,,,,
,Griffith University,"170 Kessels Road, Nathan Qld 4111",Building Construction & Maintenance,18/01/2022,18513,Threeonefive Innovations,"Po Box 98,  Labrador, Qld, 4215",No,No,,,,,,,,,361431,,,,,,
,Griffith University,"170 Kessels Road, Nathan Qld 4111",Consultancy Services,19/01/2022,19800,Amy Gale,Brisbane,No,No,,,,,,,,,361473,,,,,,
,Griffith University,"170 Kessels Road, Nathan Qld 4111",Consultancy Services,19/01/2022,174460,Asg Group Limited,"Level 9, 167 St Georges Terrace Perth, Wa, 6000",No,No,,,,,,,,,361474,,,,,,
,Griffith University,"170 Kessels Road, Nathan Qld 4111",Consultancy Services,19/01/2022,327888,Asg Group Limited,"Level 9, 167 St Georges Terrace Perth, Wa, 6000",Yes,No,,,,,,,,,361476 366706 374055,,,,,,
,Griffith University,"170 Kessels Road, Nathan Qld 4111",Consultancy Services,19/01/2022,235648,Asg Group Limited,"Level 9, 167 St Georges Terrace Perth, Wa, 6000",Yes,No,,,,,,,,,361477 367119,,,,,,
,Griffith University,"170 Kessels Road, Nathan Qld 4111",Consultancy Services,19/01/2022,59189,Asg Group Limited,"Level 9, 167 St Georges Terrace Perth, Wa, 6000",No,No,,,,,,,,,361478,,,,,,
,Griffith University,"170 Kessels Road, Nathan Qld 4111",Subscription/License Fees,19/01/2022,234416,"Cidi Labs, Llc","55 W 900 S,  Salt Lake City, Ut, 84339",Yes,No,,,,,,,,,GU-647,,,,,,
,Griffith University,"170 Kessels Road, Nathan Qld 4111",Consultancy Services,19/01/2022,13860,Ethos Consulting Pty Ltd,"Po Box 3416,  Norwood, Sa, 5067",No,No,,,,,,,,,361472,,,,,,
,Griffith University,"170 Kessels Road, Nathan Qld 4111",Software Support Maintenance,19/01/2022,488984,Integral Technology Solutions Pty Ltd,"Level 2, 201 Leichardt Street,  Spring Hill, Qld, 4000",Yes,No,,,,,,,,,361455 375284,,C00507,,,,
,Griffith University,"170 Kessels Road, Nathan Qld 4111",Software Support Maintenance,19/01/2022,145954,Integral Technology Solutions Pty Ltd,"Level 2, 201 Leichardt Street,  Spring Hill, Qld, 4000",No,No,,,,,,,,,361466,,,,,,
,Griffith University,"170 Kessels Road, Nathan Qld 4111",Subscription/License Fees,19/01/2022,75002,Logmein Aus Pty Ltd,"Level 19, 20 Martin Place,  Sydney, Nsw, 2000",No,No,,,,,,,,,361448,,,,,,
,Griffith University,"170 Kessels Road, Nathan Qld 4111",Consultancy Services,19/01/2022,68864,Nri Australia Limited,"Level 9, 167 St Georges Terrace Perth, Wa, 6000",Yes,No,,,,,,,,,361475 374056 375941 385340,,,,,,
,Griffith University,"170 Kessels Road, Nathan Qld 4111",Subscription/License Fees,19/01/2022,638178,Tealium Australia Pty Ltd,"11095 Torreyana Road,  San Diego, Ca, 92121",Yes,No,Open,,,,,,,,GU-567,,,,,,
,Griffith University,"170 Kessels Road, Nathan Qld 4111",Scientific Equipment,19/01/2022,16458,Thorlabs Inc,"56 Sparta Avenue,  Newton, Nj, 07860",No,No,,,,,,,,,361481,,,,,,
,Griffith University,"170 Kessels Road, Nathan Qld 4111",Marketing Fees,19/01/2022,31155,Unijobs Global Pty Ltd,"Unit 6, 214 Bay Street Brighton, Vic, 3186",No,No,,,,,,,,,361480,,,,,,
,Griffith University,"170 Kessels Road, Nathan Qld 4111",Subscription/License Fees,19/01/2022,20625,Veritas Health Innovation Ltd,"Level 10, 446 Collins Street,  Melbourne, Vic, 3000",No,No,,,,,,,,,361454,,,,,,
,Griffith University,"170 Kessels Road, Nathan Qld 4111",Laboratory Consumables,20/01/2022,62885,Biotools Pty Ltd,"Po Box 2454,  Keperra, Qld, 4052",No,No,,,,,,,,,361523,,,,,,
,Griffith University,"170 Kessels Road, Nathan Qld 4111",Consultancy Services,20/01/2022,32670,Denise Margaret Hatzis,Brisbane,No,No,,,,,,,,,361518,,,,,,
,Griffith University,"170 Kessels Road, Nathan Qld 4111",Chemical & Biological Products,20/01/2022,11817,Eos Gmbh Electro Optical Systems,"Robert-Stirling-Ring 1,  Krailling Bei Munchen, , D82152",No,No,,,,,,,,,361508,,,,,,
,Griffith University,"170 Kessels Road, Nathan Qld 4111",Marketing Fees,20/01/2022,23911,Gostralia!-Gozealand! Gmbh,"Jagerstrabe 53,  Stuttgart, , 70174",No,No,,,,,,,,,1942397,,,,,,
,Griffith University,"170 Kessels Road, Nathan Qld 4111",Consultancy Services,20/01/2022,120533,Greencap Pty Ltd,"Suite 1, 677 High Street,  Kew East, Vic, 3102",No,No,,,,,,,,,361513,,,,,,
,Griffith University,"170 Kessels Road, Nathan Qld 4111",Consultancy Services,20/01/2022,74800,Omnii Pty Ltd,"Level 2 51 Queen Street,  Melbourne, Vic, 3000",No,No,,,,,,,,,361489,,,,,,
,Griffith University,"170 Kessels Road, Nathan Qld 4111",Building Construction & Maintenance,20/01/2022,32670,Timber Flooring Concepts,"Po Box 3005,  Birkdale, Qld, 4159",No,No,,,,,,,,,361504,,,,,,
,Griffith University,"170 Kessels Road, Nathan Qld 4111",Hire/Lease Fees,21/01/2022,461629,Business Class Transfer (Bct),"Po Box 1214,  Oxenford, Qld, 4210",Yes,No,,,,,,,,,361602 368322 374130,,,,,,
,Griffith University,"170 Kessels Road, Nathan Qld 4111",Equipment Maintenance,21/01/2022,38845,Data #3 Limited,"Po Box 551,  Indooroopilly, Qld, 4068",No,No,,,,,,,,,361545,,,,,,
,Griffith University,"170 Kessels Road, Nathan Qld 4111",Subscription/License Fees,21/01/2022,22637,Fluentpro Software Corporation,"8201 164Th Ave Ne, Ste 200,  Redmond, Wa, 98052",No,No,,,,,,,,,361544,,,,,,
,Griffith University,"170 Kessels Road, Nathan Qld 4111",Event Expenditure,21/01/2022,26400,Forum Group Events Pty Limited,"111 Flinders Street,  Surry Hills, Nsw, 2010",No,No,,,,,,,,,361601,,,,,,
,Griffith University,"170 Kessels Road, Nathan Qld 4111",Health & Safety Expenses,21/01/2022,15939,Md Solutions Australasia Pty Ltd,"Unit 1, 16-18 Tennyson Street Williamstown North, Vic, 3016",No,No,,,,,,,,,361549,,,,,,
,Griffith University,"170 Kessels Road, Nathan Qld 4111",Health & Safety Expenses,21/01/2022,66099,Md Solutions Australasia Pty Ltd,"Unit 1, 16-18 Tennyson Street Williamstown North, Vic, 3016",No,No,,,,,,,,,361590,,,,,,
,Griffith University,"170 Kessels Road, Nathan Qld 4111",Legal Fees,21/01/2022,145200,Minter Ellison Lawyers,"Po Box 7844, ""Waterfront Place"" Brisbane, Qld, 4001",No,No,,,,,,,,,361627,,,,,,
,Griffith University,"170 Kessels Road, Nathan Qld 4111",Building Construction & Maintenance,21/01/2022,23758,Shape Australia (Qld) Pty Limited,"Level 5, 175 Eagle Street Brisbane City, Qld, 4000",No,No,,,,,,,,,361598,,,,,,
,Griffith University,"170 Kessels Road, Nathan Qld 4111",Event Expenditure,21/01/2022,138600,Southport Australian Rules Football Club,"3 Melia Court,  Southport, Qld, 4215",No,No,,,,,,,,,361625,,,,,,
,Griffith University,"170 Kessels Road, Nathan Qld 4111",Consultancy Services,24/01/2022,38160,Chris Elia Nova Juwita Limbong,Indonesia,No,No,,,,,,,,,361640,,,,,,
,Griffith University,"170 Kessels Road, Nathan Qld 4111",Patent Application Fee,24/01/2022,26965,Davies Collison Cave Pty Ltd,"1 Nicholson Street,  Melbourne, Vic, 3000",No,No,,,,,,,,,1943966 2012247,,,,,,
,Griffith University,"170 Kessels Road, Nathan Qld 4111",Consultancy Services,24/01/2022,183250,Justine Somogyi,Canada,No,No,,,,,,,,,361639,,,,,,
,Griffith University,"170 Kessels Road, Nathan Qld 4111",Health & Safety Expenses,24/01/2022,66099,Md Solutions Australasia Pty Ltd,"Unit 1, 16-18 Tennyson Street Williamstown North, Vic, 3016",No,No,,,,,,,,,361660,,,,,,
,Griffith University,"170 Kessels Road, Nathan Qld 4111",Consultancy Services,24/01/2022,104000,Minh Phan,Vietnam,No,No,,,,,,,,,361641 368882 368889 376815,,,,,,
,Griffith University,"170 Kessels Road, Nathan Qld 4111",Software Support Maintenance,24/01/2022,20552,Orbus Software,"8Th Floor, Portland House, Bressenden Place London, , Sw1E 5Bh",No,No,,,,,,,,,361663,,,,,,
,Griffith University,"170 Kessels Road, Nathan Qld 4111",Scientific Equipment,24/01/2022,907690,Perkin Elmer Pty Ltd,"Po Box 5290, Brandon Park Post Shop Brandon Park, Vic, 3150",No,No,Limited,b - (iii) The absence of competition for technical reasons which can only be supplied by a particular supplier and no reasonable alternative exists,,,,,,,361654,,,,,,
,Griffith University,"170 Kessels Road, Nathan Qld 4111",Printing Expenses,24/01/2022,16484,Publicious Pty Ltd,"Po Box 395,  Coolangatta, Qld, 4225",No,No,,,,,,,,,1943135,,,,,,
,Griffith University,"170 Kessels Road, Nathan Qld 4111",Chemical & Biological Products,24/01/2022,16485,Sigma Aldrich Pty Ltd,"Po Box 970,  Castle Hill, Nsw, 1765",No,No,,,,,,,,,361669,,,,,,
,Griffith University,"170 Kessels Road, Nathan Qld 4111",Building Construction & Maintenance,24/01/2022,14811,Spotless Facility Services Pty Ltd,"549 Saint Kilda Road,  Melbourne, Vic, 3004",No,No,,,,,,,,,361672,,,,,,
,Griffith University,"170 Kessels Road, Nathan Qld 4111",Building Construction & Maintenance,24/01/2022,23595,Turner & Townsend Pty Ltd,"Level 13, 140 Creek St,  Brisbane, Qld, 4000",No,No,,,,,,,,,361678,,,,,,
,Griffith University,"170 Kessels Road, Nathan Qld 4111",Equipment Maintenance,25/01/2022,573002,Data #3 Limited,"Po Box 551,  Indooroopilly, Qld, 4068",No,No,Selective,,,,,,,,361684,,,,,,
,Griffith University,"170 Kessels Road, Nathan Qld 4111",Legal Fees,25/01/2022,14577,Minter Ellison Lawyers,"Po Box 7844, ""Waterfront Place"" Brisbane, Qld, 4001",No,No,,,,,,,,,1943152,,,,,,
,Griffith University,"170 Kessels Road, Nathan Qld 4111",Consultancy Services,25/01/2022,15400,The Coach Program Pty Ltd,"Po Box 499,  Camberwell, Vic, 3124",No,No,,,,,,,,,361703,,,,,,
,Griffith University,"170 Kessels Road, Nathan Qld 4111",Consultancy Services,27/01/2022,883640,Chanelle Baker International Ab,Sweden,Yes,No,,,,,,,,,361816 377992,,,,,,
,Griffith University,"170 Kessels Road, Nathan Qld 4111",Consultancy Services,27/01/2022,11733,Deloitte Consulting Pty Limited,"123 Eagle Street,  Brisbane, Qld, 4000",No,No,,,,,,,,,361823,,,,,,
,Griffith University,"170 Kessels Road, Nathan Qld 4111",Scientific Equipment,27/01/2022,15248,Dentsply Sirona Pty Ltd,"11-21 Gilby Road,  Mount Waverley, Vic, 3149",No,No,,,,,,,,,361798,,,,,,
,Griffith University,"170 Kessels Road, Nathan Qld 4111",Subscription/License Fees,27/01/2022,51976,Dropbox International Unlimited Company,"One Park Place, Dublin 2 Dublin, Dublin, D2",No,No,,,,,,,,,361778,,,,,,
,Griffith University,"170 Kessels Road, Nathan Qld 4111",Consultancy Services,27/01/2022,50050,Marlow Hampshire Pty Ltd,Brisbane,No,No,,,,,,,,,361818,,,,,,
,Griffith University,"170 Kessels Road, Nathan Qld 4111",Marketing Fees,27/01/2022,52735,Mediacom Australia Pty Ltd,"Level 17, 65 Berry Street North Sydney, Nsw, 2060",No,No,,,,,,,,,1943512,,,,,,
,Griffith University,"170 Kessels Road, Nathan Qld 4111",Marketing Fees,27/01/2022,31725,Mediacom Australia Pty Ltd,"Level 17, 65 Berry Street North Sydney, Nsw, 2060",No,No,,,,,,,,,1943513,,,,,,
,Griffith University,"170 Kessels Road, Nathan Qld 4111",Building Construction & Maintenance,27/01/2022,19317,Securcom Pty Ltd,"Unit 79, 193 South Pine Road Brendale, Qld, 4500",No,No,,,,,,,,,361808,,,,,,
,Griffith University,"170 Kessels Road, Nathan Qld 4111",Cleaning Services,27/01/2022,15812,Wahoon Cleaning Pty Ltd,"St Lucia, Qld",No,No,,,,,,,,,361802,,,,,,
,Griffith University,"170 Kessels Road, Nathan Qld 4111",Subscription/License Fees,28/01/2022,17721,Intraware Australia Pty Ltd,"Level 4, 97 Pacific Highway,  North Sydney, Nsw, 2060",No,No,,,,,,,,,361845,,,,,,
,Griffith University,"170 Kessels Road, Nathan Qld 4111",Building Construction & Maintenance,28/01/2022,13508,Iss Facility Services Australia Limited,"Unit 1, 7 Terrace Place,  Murarrie, Qld, 4172",No,No,,,,,,,,,361861,,,,,,
,Griffith University,"170 Kessels Road, Nathan Qld 4111",Commission Payment,28/01/2022,48043,Open Universities Australia,"Level 1/473 Bourke St,  Melbourne, Vic, 3000",No,No,,,,,,,,,1942394,,,,,,
,Griffith University,"170 Kessels Road, Nathan Qld 4111",Subscription/License Fees,28/01/2022,1824401,Smartrecruiters Inc.,USA,No,No,Selective,,,,,,,,GU-655,,,,,,
,Griffith University,"170 Kessels Road, Nathan Qld 4111",Furniture,28/01/2022,13120,Snooze Macgregor,"520 Kessels Road,  Macgregor, Qld, 4109",No,No,,,,,,,,,361852,,,,,,
,Griffith University,"170 Kessels Road, Nathan Qld 4111",Software,30/01/2022,62373,Learning Information Systems,"Level 11,  17 York St,  Sydney, Nsw, 2000",No,No,,,,,,,,,1943159,,,,,,
,Griffith University,"170 Kessels Road, Nathan Qld 4111",Accreditation Fees,31/01/2022,41250,Australian Dental Council,"Po Box 13278,  Law Courts, Vic, 8010",No,No,,,,,,,,,1941501,,,,,,
,Griffith University,"170 Kessels Road, Nathan Qld 4111",Subscription/License Fees,31/01/2022,782300,Materialise Nv,", Technologielaan 15 Leuven, , 3001",No,No,Limited,b - (iii) The absence of competition for technical reasons which can only be supplied by a particular supplier and no reasonable alternative exists,,,,,,,361890,,,,,,
,Griffith University,"170 Kessels Road, Nathan Qld 4111",Subscription/License Fees,31/01/2022,18121,Refinitiv Australia Pty Limited,"Level 10, 60 Margaret Street Sydney, Nsw, 2000",No,No,,,,,,,,,361889,,,,,,
,Griffith University,"170 Kessels Road, Nathan Qld 4111",Admission Fees,31/01/2022,29037,University Admissions Centre (Nsw & Act),"Locked Bag 112,  Silverwater, Nsw, 2128",No,No,,,,,,,,,1941842,,,,,,
,Griffith University,"170 Kessels Road, Nathan Qld 4111",Building Construction & Maintenance,1/02/2022,39046,Amalgamated Property Maint. Brisbane P/L,"Po Box 249,  Rochedale South, Qld, 4123",No,No,,,,,,,,,361967,,,,,,
,Griffith University,"170 Kessels Road, Nathan Qld 4111",Scientific Equipment,1/02/2022,137577,Ata Scientific Pty Ltd,"Po Box 2172,  Taren Point, Nsw, 2229",No,No,,,,,,,,,361953,,,,,,
,Griffith University,"170 Kessels Road, Nathan Qld 4111",Printing Expenses,1/02/2022,33770,Cpx Pty Ltd,"Po Box 3193,  Newmarket, Kelvin Grove Bc, Qld, 4059",No,No,,,,,,,,,361938,,,,,,
,Griffith University,"170 Kessels Road, Nathan Qld 4111",Subscription/Licence Fees Software,1/02/2022,76626,Object Next Software Pty Ltd,"Mount Waverley, Vic",Yes,No,,,,,,,,,C00501,,GU-501_1,,,,
,Griffith University,"170 Kessels Road, Nathan Qld 4111",Recruitment/Placement Fees,1/02/2022,11033,Seek Limited,"Gpo Box 2335,  Sydney, Nsw, 2001",No,No,,,,,,,,,1945800,,,,,,
,Griffith University,"170 Kessels Road, Nathan Qld 4111",Equipment Maintenance,2/02/2022,10711,Axt Pty Ltd,"Unit 1/3 Vuko Place,  Warriewood, Nsw, 2102",No,No,,,,,,,,,362004,,,,,,
,Griffith University,"170 Kessels Road, Nathan Qld 4111",Scientific Equipment,2/02/2022,858000,Bio-Strategy Pty Limited,"P.O Box 14,  Campbellfield, Vic, 3061",No,No,Limited,b - (iii) The absence of competition for technical reasons which can only be supplied by a particular supplier and no reasonable alternative exists,,,,,,,361976,,,,,,
,Griffith University,"170 Kessels Road, Nathan Qld 4111",Vehicle Acquisition,2/02/2022,40539,Gold Coast Isuzu Ute,"126 Kingston Drive,  Arundel, Qld, 4215",No,No,,,,,,,,,361987,,,,,,
,Griffith University,"170 Kessels Road, Nathan Qld 4111",Building Construction & Maintenance,2/02/2022,18475,Hosmed Services Pty Ltd,"Po Box 637,  Virginia, Qld, 4014",No,No,,,,,,,,,362001,,,,,,
,Griffith University,"170 Kessels Road, Nathan Qld 4111",Recruitment/Placement Fees,2/02/2022,23892,Randstad Pty Limited,"Gpo Box 4640,  Sydney, Nsw, 2001",No,No,,,,,,,,,1944050,,,,,,
,Griffith University,"170 Kessels Road, Nathan Qld 4111",Recruitment/Placement Fees,2/02/2022,231000,Robinson Fitzgerald Pty Ltd,"Suite 26, 138 Juliette Street,  Greenslopes, Qld, 4120",No,No,,,,,,,,,361980,,,,,,
,Griffith University,"170 Kessels Road, Nathan Qld 4111",Building Construction & Maintenance,3/02/2022,29880,365 Property Services Pty Ltd,"Po Box 32,  Beenleigh, Qld, 4207",No,No,,,,,,,,,362026,,,,,,
,Griffith University,"170 Kessels Road, Nathan Qld 4111",Membership Fees,3/02/2022,94281,Aust Higher Education Industrial Assoc,"Gpo Box 775,  Melbourne, Vic, 3001",No,No,,,,,,,,,1943612,,,,,,
,Griffith University,"170 Kessels Road, Nathan Qld 4111",Software Support Maintenance,3/02/2022,98800,Edukudu Ltd,"Freedom Works, Hove Business Centre Fonthill Road, E.Susx, Bn3 6Ha",No,No,,,,,,,,,362012,,,,,,
,Griffith University,"170 Kessels Road, Nathan Qld 4111",Recruitment/Placement Fees,3/02/2022,44000,Insight Management Consultants P/L,"Level 7, 230 Collins Street,  Melbourne, Vic, 3000",No,No,,,,,,,,,362045,,,,,,
,Griffith University,"170 Kessels Road, Nathan Qld 4111",Consultancy Services,3/02/2022,54390,Kylie Denton Business Coaching,Brisbane,No,No,,,,,,,,,362054,,,,,,
,Griffith University,"170 Kessels Road, Nathan Qld 4111",Health & Safety Expenses,3/02/2022,84480,Md Solutions Australasia Pty Ltd,"Unit 1, 16-18 Tennyson Street Williamstown North, Vic, 3016",No,No,,,,,,,,,362027,,,,,,
,Griffith University,"170 Kessels Road, Nathan Qld 4111",Chemical & Biological Products,3/02/2022,16500,Sigma Aldrich Pty Ltd,"Po Box 970,  Castle Hill, Nsw, 1765",No,No,,,,,,,,,362033,,,,,,
,Griffith University,"170 Kessels Road, Nathan Qld 4111",Scientific Equipment,4/02/2022,19910,Brightside Scientific Pty Ltd,"2/8 Teamster Close,  Tuggerah, Nsw, 2259",No,No,,,,,,,,,362070,,,,,,
,Griffith University,"170 Kessels Road, Nathan Qld 4111",Consultancy Services,4/02/2022,343701,Emanate Technology Qld Pty Ltd,"Wework, Level 6, 123 Eagle Street,  Brisbane, Qld, 4000",No,No,,,,,,,,,362101,,,,,,
,Griffith University,"170 Kessels Road, Nathan Qld 4111",Consultancy Services,4/02/2022,10670,Health Professional Assessment Consultan,"1003 Bukit Merah Central, #06-07 , , 159836",No,No,,,,,,,,,362087,,,,,,
,Griffith University,"170 Kessels Road, Nathan Qld 4111",Marketing Fees,4/02/2022,32340,Lovework Studio Pty Ltd,Queensland,No,No,,,,,,,,,1944279,,,,,,
,Griffith University,"170 Kessels Road, Nathan Qld 4111",Building Construction & Maintenance,4/02/2022,14619,Mctaggart Plumbing Pty Ltd,"Po Box 173,  Petrie, Qld, 4502",No,No,,,,,,,,,362078,,,,,,
,Griffith University,"170 Kessels Road, Nathan Qld 4111",Event Expenditure,4/02/2022,19800,Queensland Art Gallery,"Po Box 3686,  Sth Brisbane, Qld, 4101",No,No,,,,,,,,,362095,,,,,,
,Griffith University,"170 Kessels Road, Nathan Qld 4111",Scientific Analysis,4/02/2022,27500,Southern Cross University,"Po Box 157,  Lismore, Nsw, 2480",No,No,,,,,,,,,1944273,,,,,,
,Griffith University,"170 Kessels Road, Nathan Qld 4111",Membership Fees,5/02/2022,45633,Medical Deans Australia & Nz Inc,"Level 6, 173-175 Phillip Street,  Sydney, Nsw, 2000",No,No,,,,,,,,,1942400,,,,,,
,Griffith University,"170 Kessels Road, Nathan Qld 4111",Security Expenditure,7/02/2022,18315,Spotless Facility Services Pty Ltd,"549 Saint Kilda Road,  Melbourne, Vic, 3004",No,No,,,,,,,,,362116,,,,,,
,Griffith University,"170 Kessels Road, Nathan Qld 4111",Consultancy Services,8/02/2022,153718,Engage Squared Pty Ltd,"Level 22, 303 Collins Street Melbourne, Vic, 3000",No,No,,,,,,,,,362206,,,,,,
,Griffith University,"170 Kessels Road, Nathan Qld 4111",Consultancy Services,8/02/2022,82500,Margaret Mary Judith Ridley,"Gpo Box 1232,  Brisbane, Qld, 4001",No,No,,,,,,,,,362207,,,,,,
,Griffith University,"170 Kessels Road, Nathan Qld 4111",Membership Fees,8/02/2022,452728,Qcif,"Level 5, Rm 507D, Axon Building 47, The University Of Queensland St Lucia Campus St Lucia, Qld, 4072",No,No,,,,,,,,,1944716,,,,,,
,Griffith University,"170 Kessels Road, Nathan Qld 4111",Consultancy Services,8/02/2022,88352,Sage Insights Australia Pty Ltd,"Po Box 1193,  Pasadena, Sa, 5042",No,No,,,,,,,,,362204,,,,,,
,Griffith University,"170 Kessels Road, Nathan Qld 4111",Health & Safety Expenses,9/02/2022,41849,Jb Hi Fi Group Pty Ltd,"544 Kessells Road,  Macgregor, Qld, 4109",No,No,,,,,,,,,362258,,,,,,
,Griffith University,"170 Kessels Road, Nathan Qld 4111",Consultancy Services,9/02/2022,23100,Sekuro Operations Pty Ltd,"Level 5, 126-130 Phillip Street Sydney, Nsw, 2000",No,No,,,,,,,,,362238,,,,,,
,Griffith University,"170 Kessels Road, Nathan Qld 4111",Pathology Expenditure,9/02/2022,31591,Southern Cross University,"Po Box 157,  Lismore, Nsw, 2480",No,No,,,,,,,,,1944987,,,,,,
,Griffith University,"170 Kessels Road, Nathan Qld 4111",Recruitment/Placement Fees,9/02/2022,19045,U&U Recruitment Partners,"Level 12, 259 Queen Street,  Brisbane, Qld, 4000",No,No,,,,,,,,,362233,,,,,,
,Griffith University,"170 Kessels Road, Nathan Qld 4111",Consultancy Services,10/02/2022,226600,Adventbalance,"Level 2, 222 Clarence Street Sydney, Nsw, 2000",No,No,,,,,,,,,362327,,,,,,
,Griffith University,"170 Kessels Road, Nathan Qld 4111",Consultancy Services,10/02/2022,19900,Hannah Marie Clifford,Brisbane,No,No,,,,,,,,,362278,,,,,,
,Griffith University,"170 Kessels Road, Nathan Qld 4111",Furniture,10/02/2022,50830,Hill-Rom Pty Ltd,"Po Box 6637,  North Ryde, Nsw, 2113",No,No,,,,,,,,,362302,,,,,,
,Griffith University,"170 Kessels Road, Nathan Qld 4111",Scientific Equipment,10/02/2022,495000,Illumina Australia Pty Ltd,"Unit 3, 1 International Court Scoresby, Vic, 3179",No,No,,,,,,,,,362320,,,,,,
,Griffith University,"170 Kessels Road, Nathan Qld 4111",Event Expenditure,10/02/2022,11000,Laudet Pty Ltd,"6 Orchid Avenue,  Surfers Paradise, Qld, 4217",No,No,,,,,,,,,362284,,,,,,
,Griffith University,"170 Kessels Road, Nathan Qld 4111",Printing Expenses,10/02/2022,29099,Mary Egan Limited,New Zealand,No,No,,,,,,,,,1945242,,,,,,
,Griffith University,"170 Kessels Road, Nathan Qld 4111",Building Construction & Maintenance,11/02/2022,24360,A1 Building & Property Solutions Pty Ltd,"3 D'Aguilar Road,  The Gap, Qld, 4061",No,No,,,,,,,,,362370,,,,,,
,Griffith University,"170 Kessels Road, Nathan Qld 4111",Equipment Maintenance,11/02/2022,24117,Agilent Technologies Australia Pty Ltd,"679 Springvale Road,  Mulgrave, Vic, 3170",No,No,,,,,,,,,362354,,,,,,
,Griffith University,"170 Kessels Road, Nathan Qld 4111",Software Support Maintenance,11/02/2022,19037,Aliva Pty Ltd,"3 Marie Street,  Milton, Qld, 4064",No,No,,,,,,,,,362353,,,,,,
,Griffith University,"170 Kessels Road, Nathan Qld 4111",Consultancy Services,11/02/2022,15000,Dean Cooper,Gold Coast,No,No,,,,,,,,,362371,,,,,,
,Griffith University,"170 Kessels Road, Nathan Qld 4111",Consultancy Services,11/02/2022,57145,Nature Sydney Pty Ltd,"6 Middlemiss Street,  Lavender Bay, Nsw, 2060",No,No,,,,,,,,,362339,,,,,,
,Griffith University,"170 Kessels Road, Nathan Qld 4111",Subscription Fees,12/02/2022,30000,Kanopy,"781 Beach Street, Second Floor,  San Francisco, Ca, 94133",No,No,,,,,,,,,1942399,,,,,,
,Griffith University,"170 Kessels Road, Nathan Qld 4111",Health & Safety Expenses,13/02/2022,36335,Truhealth Solutions,"48 Kokoda Street,  Beenleigh, Qld, 4207",No,No,,,,,,,,,1943590,,,,,,
,Griffith University,"170 Kessels Road, Nathan Qld 4111",Patent Application Fee,14/02/2022,24513,Davies Collison Cave Pty Ltd,"1 Nicholson Street,  Melbourne, Vic, 3000",No,No,,,,,,,,,1948692 2013819,,,,,,
,Griffith University,"170 Kessels Road, Nathan Qld 4111",Consultancy Services,14/02/2022,13200,Erin Barbara Lynn,Victoria,No,No,,,,,,,,,362375,,,,,,
,Griffith University,"170 Kessels Road, Nathan Qld 4111",Health & Safety Expenses,14/02/2022,104194,Jb Hi Fi Group Pty Ltd,"544 Kessells Road,  Macgregor, Qld, 4109",No,No,,,,,,,,,362420,,,,,,
,Griffith University,"170 Kessels Road, Nathan Qld 4111",Scientific Equipment,14/02/2022,299523,Logemas Pty Ltd,"13 Hudson Road,  Albion, Qld, 4010",No,No,,,,,,,,,362403,,,,,,
,Griffith University,"170 Kessels Road, Nathan Qld 4111",Recruitment/Placement Fees,14/02/2022,13325,Seek Limited,"Gpo Box 2335,  Sydney, Nsw, 2001",No,No,,,,,,,,,1943924,,,,,,
,Griffith University,"170 Kessels Road, Nathan Qld 4111",Security Expenditure,14/02/2022,47300,Spotless Facility Services Pty Ltd,"549 Saint Kilda Road,  Melbourne, Vic, 3004",No,No,,,,,,,,,362381,,,,,,
,Griffith University,"170 Kessels Road, Nathan Qld 4111",Equipment Maintenance,14/02/2022,37820,Sure Power,"4 Manilla Street,  East Brisbane, Qld, 4169",No,No,,,,,,,,,362401,,,,,,
,Griffith University,"170 Kessels Road, Nathan Qld 4111",Computer Equipment,14/02/2022,10174,The School Locker,"103 Hyde Rd,  Yeronga, Qld, 4104",No,No,,,,,,,,,362391,,,,,,
,Griffith University,"170 Kessels Road, Nathan Qld 4111",Equipment Maintenance,14/02/2022,14711,Thermo Fisher Scientific Australia,"Po Box 9092,  Scoresby, Vic, 3179",No,No,,,,,,,,,362410,,,,,,
,Griffith University,"170 Kessels Road, Nathan Qld 4111",Building Construction & Maintenance,15/02/2022,15400,Aus Building-Performance Pty Ltd,"149 Ernest Street,  Manly, Qld, 4179",No,No,,,,,,,,,362487,,,,,,
,Griffith University,"170 Kessels Road, Nathan Qld 4111",Event Expenditure,15/02/2022,82880,Gold Coast Convention & Exhibition Centr,"Po Box 1407,  Broadbeach, Qld, 4218",No,No,,,,,,,,,362451,,,,,,
,Griffith University,"170 Kessels Road, Nathan Qld 4111",Marketing Fees,15/02/2022,24933,News Pty Limited,"2 Holt Street,  Surry Hills, Nsw, 2010",No,No,,,,,,,,,1945596,,,,,,
,Griffith University,"170 Kessels Road, Nathan Qld 4111",Marketing Fees,15/02/2022,49867,News Pty Limited,"2 Holt Street,  Surry Hills, Nsw, 2010",No,No,,,,,,,,,1944676,,,,,,
,Griffith University,"170 Kessels Road, Nathan Qld 4111",Event Expenditure,15/02/2022,14300,Southport Australian Rules Football Club,"3 Melia Court,  Southport, Qld, 4215",No,No,,,,,,,,,362483,,,,,,
,Griffith University,"170 Kessels Road, Nathan Qld 4111",Audio Visual Equipment,15/02/2022,66880,Videopro Pty Ltd,"37 Eagleview Place,  Eagle Farm, Qld, 4009",No,No,,,,,,,,,362481,,,,,,
,Griffith University,"170 Kessels Road, Nathan Qld 4111",Laboratory Consumables,16/02/2022,10250,Accurate Mass Scientific Pty Ltd,"Po Box 92,  Keilor, Vic, 3036",No,No,,,,,,,,,362554,,,,,,
,Griffith University,"170 Kessels Road, Nathan Qld 4111",Equipment Maintenance,16/02/2022,13662,Adec Australia,"Unit 8, 5-9 Ricketty Street,  Mascot, Nsw, 2020",No,No,,,,,,,,,362507,,,,,,
,Griffith University,"170 Kessels Road, Nathan Qld 4111",Scientific Equipment,16/02/2022,143713,Beckman Coulter Australia P/L,"Unit D, 24 College St,  Gladesville, Nsw, 2111",No,No,,,,,,,,,362520,,,,,,
,Griffith University,"170 Kessels Road, Nathan Qld 4111",Consultancy Services,16/02/2022,12390,Canopy Media,"Unit 1, 5 Hardgrave Road West End, Qld, 4101",No,No,,,,,,,,,362558,,,,,,
,Griffith University,"170 Kessels Road, Nathan Qld 4111",Equipment Maintenance,16/02/2022,198628,Flexdata Solutions Pty Ltd,"Level 18, Riverside Centre, 123 Eagle Street Brisbane, Qld, 4000",No,No,,,,,,,,,362553,,,,,,
,Griffith University,"170 Kessels Road, Nathan Qld 4111",Marketing Fees,16/02/2022,41055,News Pty Limited,"2 Holt Street,  Surry Hills, Nsw, 2010",No,No,,,,,,,,,1945618,,,,,,
,Griffith University,"170 Kessels Road, Nathan Qld 4111",Subscription/License Fees,16/02/2022,265202,Qsr International Pty Ltd,"Level 2, 651 Doncaster Road Doncaster, Vic, 3108",No,No,,,,,,,,,C00137,,,,,,
,Griffith University,"170 Kessels Road, Nathan Qld 4111",Laboratory Consumables,17/02/2022,28029,Bio-Strategy Pty Limited,"P.O Box 14,  Campbellfield, Vic, 3061",No,No,,,,,,,,,362611,,,,,,
,Griffith University,"170 Kessels Road, Nathan Qld 4111",Consultancy Services,17/02/2022,43758,Carnegie Consulting Group Pty Ltd,Victoria,No,No,,,,,,,,,1946047,,,,,,
,Griffith University,"170 Kessels Road, Nathan Qld 4111",Consultancy Services,17/02/2022,16940,Janet Pauline Dalby,Gold Coast,No,No,,,,,,,,,362597,,,,,,
,Griffith University,"170 Kessels Road, Nathan Qld 4111",Scientific Equipment,17/02/2022,11000,Olympus Australia Pty Ltd,"Po Box 985,  Mt Waverley, Vic, 3149",No,No,,,,,,,,,362610,,,,,,
,Griffith University,"170 Kessels Road, Nathan Qld 4111",Recruitment/Placement Fees,17/02/2022,85745,Perrett Laver Pty Ltd,"Ste 501B, 19A Boundary Street,  Darlinghurst, Nsw, 2031",No,No,,,,,,,,,5642,,,,,,
,Griffith University,"170 Kessels Road, Nathan Qld 4111",Software Support Maintenance,17/02/2022,20552,Seattle Software Australia Pty Ltd,"383 George Street,  Sydney, Nsw, 2000",No,No,,,,,,,,,362568,,,,,,
,Griffith University,"170 Kessels Road, Nathan Qld 4111",Building Construction & Maintenance,18/02/2022,87375,Astarr Pty. Ltd.,"575 Tarragindi Road,  Salisbury, Qld, 4107",No,No,,,,,,,,,362673,,,,,,
,Griffith University,"170 Kessels Road, Nathan Qld 4111",Chemical & Biological Products,18/02/2022,155914,Bio-Strategy Pty Limited,"P.O Box 14,  Campbellfield, Vic, 3061",No,No,,,,,,,,,362674,,,,,,
,Griffith University,"170 Kessels Road, Nathan Qld 4111",Event Expenditure,18/02/2022,15730,Lean Finance,"Level 38, 71 Eagle Street, Riparian Plaza Brisbane, Qld, 4000",No,No,,,,,,,,,1942906,,,,,,
,Griffith University,"170 Kessels Road, Nathan Qld 4111",Software Support Maintenance,18/02/2022,136032,Microsoft Pty Ltd,"1 Epping Road,  North Ryde, Nsw, 2113",No,No,,,,,,,,,362652,,,,,,
,Griffith University,"170 Kessels Road, Nathan Qld 4111",Health & Safety Expenses,18/02/2022,36117,Vaxworks Health Services Pty Ltd,"Po Box 1279,  Milton, Qld, 4064",No,No,,,,,,,,,362685,,,,,,
,Griffith University,"170 Kessels Road, Nathan Qld 4111",Scientific Equipment,21/02/2022,108361,Ata Scientific Pty Ltd,"Po Box 2172,  Taren Point, Nsw, 2229",No,No,,,,,,,,,362724,,,,,,
,Griffith University,"170 Kessels Road, Nathan Qld 4111",Subscription/License Fees,21/02/2022,451945,Cybercx Pty Ltd,"L4 330 Collins St,  Melbourne, Vic, 3000",Yes,No,,,,,,,,,362697 379922,,C01236,,,,
,Griffith University,"170 Kessels Road, Nathan Qld 4111",Consultancy Services,21/02/2022,49500,Flight One Academy,"224 Qantas Avenue,  Archerfield, Qld, 4108",No,No,,,,,,,,,1946416,,,,,,
,Griffith University,"170 Kessels Road, Nathan Qld 4111",Furniture,21/02/2022,12443,Impact Office Supplies,"Po Box 4,  Northgate, Qld, 4013",No,No,,,,,,,,,362714,,,,,,
,Griffith University,"170 Kessels Road, Nathan Qld 4111",Scientific Equipment,21/02/2022,34141,Russell Cad Design & 3D Printing,"24 Pepper Tree Way,  Beerwah, Qld, 4519",No,No,,,,,,,,,362703,,,,,,
,Griffith University,"170 Kessels Road, Nathan Qld 4111",Building Construction & Maintenance,21/02/2022,10252,Value Added Asset Management Pty Ltd,"27 Bellwood Street,  Darra, Qld, 4076",No,No,,,,,,,,,362727,,,,,,
,Griffith University,"170 Kessels Road, Nathan Qld 4111",Consultancy Services,22/02/2022,10054,Fdc Consultants,Victoria,No,No,,,,,,,,,362745,,,,,,
,Griffith University,"170 Kessels Road, Nathan Qld 4111",Consultancy Services,22/02/2022,16800,Innovative Interfaces Incorporated,"Suite 400, 1900 Powell Street,  Emeryville, Ca, 94608",No,No,,,,,,,,,362749,,,,,,
,Griffith University,"170 Kessels Road, Nathan Qld 4111",Consultancy Services,22/02/2022,49297,Kylie Denton Business Coaching,Brisbane,No,No,,,,,,,,,362781,,,,,,
,Griffith University,"170 Kessels Road, Nathan Qld 4111",Building Construction & Maintenance,22/02/2022,25617,Precise Air Group P/L,"Po Box 1859,  Springwood, Qld, 4128",No,No,,,,,,,,,362785,,,,,,
,Griffith University,"170 Kessels Road, Nathan Qld 4111",Furniture,23/02/2022,50558,Abp Allboards P/L,"Po Box 197,  Carole Park, Qld, 4300",No,No,,,,,,,,,362881,,,,,,
,Griffith University,"170 Kessels Road, Nathan Qld 4111",Building Construction & Maintenance,23/02/2022,52114,Atlas Copco Australia Pty Ltd,"25 Bluestone Circuit,  Seventeen Mile Rocks, Qld, 4073",No,No,,,,,,,,,362887,,,,,,
,Griffith University,"170 Kessels Road, Nathan Qld 4111",Scientific Equipment,23/02/2022,18700,Metrohm Australia Pty Limited,"Po Box 433,  Ryde, Nsw, 2112",No,No,,,,,,,,,362883,,,,,,
,Griffith University,"170 Kessels Road, Nathan Qld 4111",Subscription Fees,23/02/2022,16072,National Library Of Australia,"Parkes Place,  Canberra, Act, 2600",No,No,,,,,,,,,1943593,,,,,,
,Griffith University,"170 Kessels Road, Nathan Qld 4111",Recruitment/Placement Fees,23/02/2022,20057,Quest Robina,"3 Centreline Place,  Robina, Qld, 4226",No,No,,,,,,,,,1943923,,,,,,
,Griffith University,"170 Kessels Road, Nathan Qld 4111",Consultancy Services,23/02/2022,14750,The Silver Lining Collective,Brisbane,No,No,,,,,,,,,362893,,,,,,
,Griffith University,"170 Kessels Road, Nathan Qld 4111",Scientific Equipment,24/02/2022,30670,Eppendorf South Pacific Pty Ltd,"Unit 4, 112 Talavera Road North Ryde, Nsw, 2113",No,No,,,,,,,,,362929,,,,,,
,Griffith University,"170 Kessels Road, Nathan Qld 4111",Consultancy Services,24/02/2022,20770,Prolific Academic Ltd,"81 St. Clement'S Street, The Wheelhouse, Angel Court 1St Floor Oxford, Ox4 1Aw",No,No,,,,,,,,,1946786,,,,,,
,Griffith University,"170 Kessels Road, Nathan Qld 4111",Accreditation Fees,24/02/2022,11220,Speech Pathology Australia,"Level 1, 114 William Street,  Melbourne, Vic, 3000",No,No,,,,,,,,,1943926,,,,,,
,Griffith University,"170 Kessels Road, Nathan Qld 4111",Consultancy Services,25/02/2022,105028,Deloitte Consulting Pty Limited,"123 Eagle Street,  Brisbane, Qld, 4000",No,No,,,,,,,,,363033,,,,,,
,Griffith University,"170 Kessels Road, Nathan Qld 4111",Audio Visual Equipment,25/02/2022,17083,Extron Australia,"Po Box 114,  Marleston Dc, Sa, 5033",No,No,,,,,,,,,362970,,,,,,
,Griffith University,"170 Kessels Road, Nathan Qld 4111",Health & Safety Expenses,25/02/2022,64900,Harvey Norman Commercial Qld,"Po Box 560,  Ormeau, Qld, 4208",No,No,,,,,,,,,363034,,,,,,
,Griffith University,"170 Kessels Road, Nathan Qld 4111",Printing Expenses,25/02/2022,11877,Unicard Systems Pty Ltd,"35/6 Herbert Street,  St Leonards, Nsw, 2065",No,No,,,,,,,,,363023,,,,,,
,Griffith University,"170 Kessels Road, Nathan Qld 4111",Gas supplies,28/02/2022,605000,Coregas Pty Ltd,"66 Loftus Road, Yennora, NSW  2161",No,No,Open,,,,,,,,362283 363072,,,,,,
,Griffith University,"170 Kessels Road, Nathan Qld 4111",Building Construction & Maintenance,28/02/2022,114732,Edwards Vacuum Australia,"9/53-57 Link Dr,  Yatala, Qld, 4207",No,No,,,,,,,,,363047,,,,,,
,Griffith University,"170 Kessels Road, Nathan Qld 4111",Building Construction & Maintenance,28/02/2022,18810,Rothwells Commercial Painters Pty Ltd,"Po Box 388,  Murwillumbah, Nsw, 2484",No,No,,,,,,,,,363061,,,,,,
,Griffith University,"170 Kessels Road, Nathan Qld 4111",Marketing Fees,28/02/2022,46693,Traffic Film & Video Production,"332 Montague Road,  West End, Qld, 4101",No,No,,,,,,,,,363086,,,,,,
,Griffith University,"170 Kessels Road, Nathan Qld 4111",Consultancy Services,1/03/2022,16500,Aaron John Nielsen,Brisbane,No,No,,,,,,,,,363113,,,,,,
,Griffith University,"170 Kessels Road, Nathan Qld 4111",Consultancy Services,1/03/2022,55000,Acer - Aust Council For Edu Research Ltd,"Private Bag 55,  Camberwell, Vic, 3124",No,No,,,,,,,,,1947454,,,,,,
,Griffith University,"170 Kessels Road, Nathan Qld 4111",Event Expenditure,1/03/2022,14850,Ardent Leisure Limited,"Dreamworld Parkway,  Coomera, Qld, 4209",No,No,,,,,,,,,363139,,,,,,
,Griffith University,"170 Kessels Road, Nathan Qld 4111",Scientific Equipment,1/03/2022,14986,Eppendorf South Pacific Pty Ltd,"Unit 4, 112 Talavera Road North Ryde, Nsw, 2113",No,No,,,,,,,,,363106,,,,,,
,Griffith University,"170 Kessels Road, Nathan Qld 4111",Consultancy Services,1/03/2022,12859,Jennifer Carpenter,Scotland,No,No,,,,,,,,,363098,,,,,,
,Griffith University,"170 Kessels Road, Nathan Qld 4111",Marketing Fees,1/03/2022,23705,Jsa Design,"Po Box 1580,  Fortitude Valley, Qld, 4006",No,No,,,,,,,,,363103,,,,,,
,Griffith University,"170 Kessels Road, Nathan Qld 4111",Marketing Fees,1/03/2022,31213,Mediacom Australia Pty Ltd,"Level 17, 65 Berry Street North Sydney, Nsw, 2060",No,No,,,,,,,,,363107,,,,,,
,Griffith University,"170 Kessels Road, Nathan Qld 4111",Commission Payment,1/03/2022,1365798,Open Universities Australia,"Level 1/473 Bourke St,  Melbourne, Vic, 3000",No,No,Limited,b - (iii) The absence of competition for technical reasons which can only be supplied by a particular supplier and no reasonable alternative exists,,,,,,,1946683,,,,,,
,Griffith University,"170 Kessels Road, Nathan Qld 4111",Marketing Fees,1/03/2022,26400,Queensland Performing Arts Trust,"Po Box 3567,  Sth Brisbane, Qld, 4101",No,No,,,,,,,,,363115,,,,,,
,Griffith University,"170 Kessels Road, Nathan Qld 4111",Building Construction & Maintenance,1/03/2022,27495,Steadfast Projects Pty Ltd,Brisbane,No,No,,,,,,,,,363111,,,,,,
,Griffith University,"170 Kessels Road, Nathan Qld 4111",Subscription/License Fees,2/03/2022,171600,Aarnet,"Gpo Box 1559,  Canberra, Act, 2601",No,No,,,,,,,,,GU-717,,,,,,
,Griffith University,"170 Kessels Road, Nathan Qld 4111",Accreditation Fees,2/03/2022,49500,Australian Association Of Social Workers,"Po Box 4956,  Kingston, Act, 2604",No,No,,,,,,,,,1946372,,,,,,
,Griffith University,"170 Kessels Road, Nathan Qld 4111",Subscription/License Fees,2/03/2022,24255,Clarivate Analytics (Uk) Limited,"Friars House, 160 Blackfriars Road London, Se1 8Ez",No,No,,,,,,,,,363160,,,,,,
,Griffith University,"170 Kessels Road, Nathan Qld 4111",Subscription/License Fees,2/03/2022,74275,Data #3 Limited,"Po Box 551,  Indooroopilly, Qld, 4068",No,No,,,,,,,,,363178,,,,,,
,Griffith University,"170 Kessels Road, Nathan Qld 4111",Consultancy Services,2/03/2022,83160,Huie Consulting Pty Ltd,Sunshine Coast,No,No,,,,,,,,,363155,,,,,,
,Griffith University,"170 Kessels Road, Nathan Qld 4111",Subscription Fees,2/03/2022,163718,Lexis Nexis,"Tower 2, 475-495 Victoria Avenue,  Chatswood, Nsw, 2067",No,No,,,,,,,,,1945604,,,,,,
,Griffith University,"170 Kessels Road, Nathan Qld 4111",Commission Payment,2/03/2022,545674,Pearson Australia Group Pty Ltd,"Suite 1001 Level 10, 151 Castlereagh Street, Sydney, Nsw, 2000",No,No,Limited,b - (iii) The absence of competition for technical reasons which can only be supplied by a particular supplier and no reasonable alternative exists,,,,,,,1945297,,,,,,
,Griffith University,"170 Kessels Road, Nathan Qld 4111",Subscription/License Fees,2/03/2022,724597,"Turnitin, Llc.","Suite 1800, 2101 Webster St. Oakland, Ca, 94612",No,No,Limited,b - (iii) The absence of competition for technical reasons which can only be supplied by a particular supplier and no reasonable alternative exists,,,,,,,GU-728,,,,,,
,Griffith University,"170 Kessels Road, Nathan Qld 4111",Consultancy Services,2/03/2022,167820,U&U Recruitment Partners,"Level 12, 259 Queen Street,  Brisbane, Qld, 4000",No,No,,,,,,,,,363156,,,,,,
,Griffith University,"170 Kessels Road, Nathan Qld 4111",Consultancy Services,2/03/2022,49665,Uxc Red Rock Consulting Pty Ltd,"Gpo Box 5238,  Sydney, Nsw, 2001",No,No,,,,,,,,,363157,,,,,,
,Griffith University,"170 Kessels Road, Nathan Qld 4111",Consultancy Services,2/03/2022,136125,Verticurl Marketing Services Pty Ltd,"Level 5 30 Hickson Rd, The Bond Millers Point, Nsw, 2000",No,No,,,,,,,,,363158,,,,,,
,Griffith University,"170 Kessels Road, Nathan Qld 4111",Consultancy Services,2/03/2022,57750,Vested Family Trust,Brisbane,No,No,,,,,,,,,363154,,,,,,
,Griffith University,"170 Kessels Road, Nathan Qld 4111",Scientific Equipment,3/03/2022,22462,Brightside Scientific Pty Ltd,"2/8 Teamster Close,  Tuggerah, Nsw, 2259",No,No,,,,,,,,,363195,,,,,,
,Griffith University,"170 Kessels Road, Nathan Qld 4111",Building Construction & Maintenance,3/03/2022,21964,Dewpoint Air,"Po Box 3479,  Newmarket, Qld, 4051",No,No,,,,,,,,,363198,,,,,,
,Griffith University,"170 Kessels Road, Nathan Qld 4111",Building Construction & Maintenance,3/03/2022,32780,Dylmount Pty Ltd,"Po Box 57,  Albion, Qld, 4010",No,No,,,,,,,,,363226,,,,,,
,Griffith University,"170 Kessels Road, Nathan Qld 4111",Staff Development,3/03/2022,21478,Harvard Business School,"Financial Office, 1 Soldiers Field Road Boston, Ma, 02163",No,No,,,,,,,,,1947299,,,,,,
,Griffith University,"170 Kessels Road, Nathan Qld 4111",Consultancy Services,3/03/2022,21722,Natural Resources And Environmental Mana,"Darling Downs, Queensland",No,No,,,,,,,,,1946918,,,,,,
,Griffith University,"170 Kessels Road, Nathan Qld 4111",Subscription/License Fees,3/03/2022,11352,Smartsheet Australia Pty Ltd,"10500 Ne 8Th Street, Suite 1300,  Bellevue, Wa, 98004-4312",No,No,,,,,,,,,363199,,,,,,
,Griffith University,"170 Kessels Road, Nathan Qld 4111",Marketing Fees,3/03/2022,11641,Study Outside Norway (Sonor),Norway,No,No,,,,,,,,,1947338,,,,,,
,Griffith University,"170 Kessels Road, Nathan Qld 4111",Consultancy Services,3/03/2022,27280,Water Technology Pty Ltd,"15 Business Park Drive,  Notting Hill, Vic, 3168",No,No,,,,,,,,,1947791,,,,,,
,Griffith University,"170 Kessels Road, Nathan Qld 4111",Event Expenditure,4/03/2022,241274,Brisbane Concert Lighting Pty Ltd,"Po Box 3869, South Bank Brisbane, Qld, 4101",No,No,,,,,,,,,363241,,,,,,
,Griffith University,"170 Kessels Road, Nathan Qld 4111",Chemical & Biological Products,4/03/2022,11659,Capsugel Australia Pty Ltd,"Unit 610, 12 Century Circuit Norwest, Nsw, 2153",No,No,,,,,,,,,363283,,,,,,
,Griffith University,"170 Kessels Road, Nathan Qld 4111",Building Construction & Maintenance,4/03/2022,62338,Fitout And Refurbishment Australia Pty L,"Suite 2B, 8 Paxton St Springwood, Qld, 4127",No,No,,,,,,,,,363278,,,,,,
,Griffith University,"170 Kessels Road, Nathan Qld 4111",Consultancy Services,4/03/2022,66500,Franz Joshua Nazareno,Phillipines,No,No,,,,,,,,,363258 368887 377054,,,,,,
,Griffith University,"170 Kessels Road, Nathan Qld 4111",Consultancy Services,4/03/2022,19771,Outside Opinion Pty Ltd,Victoria,No,No,,,,,,,,,363280,,,,,,
,Griffith University,"170 Kessels Road, Nathan Qld 4111",Subscription/License Fees,4/03/2022,14046,"Schrodinger, Llc","101 Sw Main Street, Suite 1300 Portland, Or, 97204",No,No,,,,,,,,,363277,,,,,,
,Griffith University,"170 Kessels Road, Nathan Qld 4111",Building Construction & Maintenance,4/03/2022,15119,Sports Turf Operations Pty Ltd,Gold Coast,No,No,,,,,,,,,363232,,,,,,
,Griffith University,"170 Kessels Road, Nathan Qld 4111",Furniture,4/03/2022,30030,Zekia Pty Ltd T/A Offiscape,"Po Box 990,  Fortitude Valley, Qld, 4006",No,No,,,,,,,,,363279,,,,,,
,Griffith University,"170 Kessels Road, Nathan Qld 4111",Building Construction & Maintenance,7/03/2022,10313,Bennett And Bennett Group,"Po Box 5021,  Gold Coast Mail Centre, Qld, 9726",No,No,,,,,,,,,363307,,,,,,
,Griffith University,"170 Kessels Road, Nathan Qld 4111",Building Construction & Maintenance,7/03/2022,59400,Relay Consulting Services,"Po Box 211,  Rochedale, Qld, 4123",No,No,,,,,,,,,363334,,,,,,
,Griffith University,"170 Kessels Road, Nathan Qld 4111",Recruitment/Placement Fees,7/03/2022,11583,Sirva Relocation,"490 Freeman Road,  Richlands, Qld, 4077",No,No,,,,,,,,,363346,,,,,,
,Griffith University,"170 Kessels Road, Nathan Qld 4111",Health & Safety Expenses,7/03/2022,11289,Truhealth Solutions,"48 Kokoda Street,  Beenleigh, Qld, 4207",No,No,,,,,,,,,1945959,,,,,,
,Griffith University,"170 Kessels Road, Nathan Qld 4111",Building Construction & Maintenance,8/03/2022,80190,Conrad Gargett Group,"Level 26, 240 Queen Street Brisbane, Qld, 4000",No,No,,,,,,,,,363399,,,,,,
,Griffith University,"170 Kessels Road, Nathan Qld 4111",Building Construction & Maintenance,8/03/2022,35750,Coulter Advisory Pty Ltd,"Po Box 1122,  North Mitcham, Vic, 3132",No,No,,,,,,,,,363400,,,,,,
,Griffith University,"170 Kessels Road, Nathan Qld 4111",Chemical & Biological Products,8/03/2022,19847,In Vitro Technologies Pty Ltd,"7-9 Summit Road,  Noble Park, Vic, 3174",No,No,,,,,,,,,363354,,,,,,
,Griffith University,"170 Kessels Road, Nathan Qld 4111",Building Construction & Maintenance,8/03/2022,34144,N D Y Management Pty Ltd,"Level 14, 120 Edward Street Brisbane, Qld, 4000",No,No,,,,,,,,,363401,,,,,,
,Griffith University,"170 Kessels Road, Nathan Qld 4111",Chemical & Biological Products,8/03/2022,15794,Oxford Nanopore Technologies Ltd,"Gosling Building, Edmund Halley Road, Oxford Science Park Oxford, Oxon, Ox4 4Dq",No,No,,,,,,,,,363362,,,,,,
,Griffith University,"170 Kessels Road, Nathan Qld 4111",Scientific Equipment,9/03/2022,10995,Eppendorf South Pacific Pty Ltd,"Unit 4, 112 Talavera Road North Ryde, Nsw, 2113",No,No,,,,,,,,,363453,,,,,,
,Griffith University,"170 Kessels Road, Nathan Qld 4111",Membership Fees,9/03/2022,14300,Higher Ed Services Pty Ltd,"Level 10, 210 Clarence Street,  Sydney, Nsw, 2000",No,No,,,,,,,,,363434,,,,,,
,Griffith University,"170 Kessels Road, Nathan Qld 4111",Chemical & Biological Products,9/03/2022,10327,New England Biolabs Pty Ltd,"22/270 Ferntree Gully Road,  Notting Hill, Vic, 3168",No,No,,,,,,,,,363433,,,,,,
,Griffith University,"170 Kessels Road, Nathan Qld 4111",Scientific Equipment,9/03/2022,10926,Scientific Solutions Australia,New South Wales,No,No,,,,,,,,,363431,,,,,,
,Griffith University,"170 Kessels Road, Nathan Qld 4111",Consultancy Services,9/03/2022,25300,Troocoo Pty Ltd,"Level 1, 100 Creek Street Brisbane City, Qld, 4000",No,No,,,,,,,,,363435,,,,,,
,Griffith University,"170 Kessels Road, Nathan Qld 4111",Event Expenditure,10/03/2022,25089,A Noble Event Australia,"Po Box 4314,  Eight Mile Plains, Qld, 4113",No,No,,,,,,,,,363525,,,,,,
,Griffith University,"170 Kessels Road, Nathan Qld 4111",Consultancy Services,10/03/2022,15000,Adeflor Garcia,Phillipines,No,No,,,,,,,,,1947954,,,,,,
,Griffith University,"170 Kessels Road, Nathan Qld 4111",Membership Fees,10/03/2022,12590,Australian University Sport,"Suite 1.12 Sports House, Cnr Caxton & Castlemaine Streets Milton, Qld, 4064",No,No,,,,,,,,,1948693,,,,,,
,Griffith University,"170 Kessels Road, Nathan Qld 4111",Chemical & Biological Products,10/03/2022,15692,Becton Dickinson Pty Ltd,"69 Brandl Street,  Eight Mile Plains, Qld, 4113",No,No,,,,,,,,,363489,,,,,,
,Griffith University,"170 Kessels Road, Nathan Qld 4111",Marketing Fees,10/03/2022,23100,In Queensland Media Pty Ltd,"Level 15, 111 Eagle Street,  Brisbane, Qld, 4000",No,No,,,,,,,,,1948817,,,,,,
,Griffith University,"170 Kessels Road, Nathan Qld 4111",Scientific Equipment,10/03/2022,48103,Integrated Sciences P/L,"Po Box 731,  Willoughby, Nsw, 2068",No,No,,,,,,,,,363481,,,,,,
,Griffith University,"170 Kessels Road, Nathan Qld 4111",Marketing Fees,10/03/2022,168960,Mediacom Australia Pty Ltd,"Level 17, 65 Berry Street North Sydney, Nsw, 2060",No,No,,,,,,,,,363516,,,,,,
,Griffith University,"170 Kessels Road, Nathan Qld 4111",Consultancy Services,10/03/2022,286000,People And Performance Pty Ltd,Brisbane,No,No,,,,,,,,,363503,,,,,,
,Griffith University,"170 Kessels Road, Nathan Qld 4111",Recruitment/Placement Fees,10/03/2022,15868,U&U Recruitment Partners,"Level 12, 259 Queen Street,  Brisbane, Qld, 4000",No,No,,,,,,,,,363508,,,,,,
,Griffith University,"170 Kessels Road, Nathan Qld 4111",Marketing Fees,10/03/2022,41541,Unijobs Global Pty Ltd,"Unit 6, 214 Bay Street Brighton, Vic, 3186",No,No,,,,,,,,,1947951,,,,,,
,Griffith University,"170 Kessels Road, Nathan Qld 4111",Event Expenditure,10/03/2022,19800,W Brisbane,"300 George Street,  Brisbane, Qld, 4005",No,No,,,,,,,,,363486,,,,,,
,Griffith University,"170 Kessels Road, Nathan Qld 4111",Audio Visual Equipment,11/03/2022,63556,Adept Turnkey Pty Ltd,"Unit 3, Level 1, 15 Drake Street Osborne Park, Wa, 6017",No,No,,,,,,,,,363539,,,,,,
,Griffith University,"170 Kessels Road, Nathan Qld 4111",Scientific Equipment,11/03/2022,22712,Adinstruments P/L,"Unit 13, 22 Lexington Drive,  Bella Vista, Nsw, 2153",No,No,,,,,,,,,363557,,,,,,
,Griffith University,"170 Kessels Road, Nathan Qld 4111",Membership Fees,11/03/2022,11000,Australian Business Deans Council Incorp,"Unsw Business School,, Deans Unit, Level 6 Kensington, Nsw, 2052",No,No,,,,,,,,,363540,,,,,,
,Griffith University,"170 Kessels Road, Nathan Qld 4111",Equipment Maintenance,11/03/2022,179785,Bruker Pty Ltd,"Po Box 202,  Alexandria, Nsw, 1435",No,No,,,,,,,,,363564,,,,,,
,Griffith University,"170 Kessels Road, Nathan Qld 4111",Consultancy Services,11/03/2022,45146,Edoardo Mascheroni,Hungary,No,No,,,,,,,,,363554,,,,,,
,Griffith University,"170 Kessels Road, Nathan Qld 4111",Scientific Equipment,11/03/2022,65978,Tecniplast Australia Pty Limited,"Unit 10, 79-85 Mars Road, North Star Business Park Lane Cove, Nsw, 2066",No,No,,,,,,,,,363542,,,,,,
,Griffith University,"170 Kessels Road, Nathan Qld 4111",Event Expenditure,11/03/2022,55000,The Island Hotel,"Po Box 344,  Surfers Paradise, Qld, 4217",No,No,,,,,,,,,363562,,,,,,
,Griffith University,"170 Kessels Road, Nathan Qld 4111",Consultancy Services,14/03/2022,231000,Navitas Pty Limited,"Level 8, Brookfield Place, 125 St Georges Terrace Perth, Wa, 6000",No,No,,,,,,,,,363609 379613,,,,,,
,Griffith University,"170 Kessels Road, Nathan Qld 4111",Building Construction & Maintenance,14/03/2022,55236,Precise Air Group P/L,"Po Box 1859,  Springwood, Qld, 4128",No,No,,,,,,,,,363594,,,,,,
,Griffith University,"170 Kessels Road, Nathan Qld 4111",Recruitment/Placement Fees,14/03/2022,20765,Seek Limited,"Gpo Box 2335,  Sydney, Nsw, 2001",No,No,,,,,,,,,1948252,,,,,,
,Griffith University,"170 Kessels Road, Nathan Qld 4111",Building Construction & Maintenance,15/03/2022,12315,Aegis Safety Pty Ltd,"1/119 Delta Street,  Geebung, Qld, 4034",No,No,,,,,,,,,363684,,,,,,
,Griffith University,"170 Kessels Road, Nathan Qld 4111",Consultancy Services,15/03/2022,422182,Navitas Pty Limited,"Level 8, Brookfield Place, 125 St Georges Terrace Perth, Wa, 6000",No,No,,,,,,,,,363662,,,,,,
,Griffith University,"170 Kessels Road, Nathan Qld 4111",Consultancy Services,15/03/2022,2007861,Qs Enrolment Solutions (Australia) Pty L,"Level 3, 595 Collins Street,  Melbourne, Vic, 3000",No,No,Limited,b - (iii) The absence of competition for technical reasons which can only be supplied by a particular supplier and no reasonable alternative exists,,,,,,,349613 363663 377555,,,,,,
,Griffith University,"170 Kessels Road, Nathan Qld 4111",Vehicle Acquisition,15/03/2022,22050,Summit Auto Lease Australia Pty Ltd,"Po Box 7109,  Silverwater, Nsw, 2128",No,No,,,,,,,,,363693,,,,,,
,Griffith University,"170 Kessels Road, Nathan Qld 4111",Building Construction & Maintenance,16/03/2022,19135,A1 Building & Property Solutions Pty Ltd,Brisbane,No,No,,,,,,,,,363743,,,,,,
,Griffith University,"170 Kessels Road, Nathan Qld 4111",Building Construction & Maintenance,16/03/2022,45375,Advantage Safety And Risk Management Ser,Brisbane,No,No,,,,,,,,,363712,,,,,,
,Griffith University,"170 Kessels Road, Nathan Qld 4111",Scientific Equipment,16/03/2022,18659,Biotools Pty Ltd,"Po Box 2454,  Keperra, Qld, 4052",No,No,,,,,,,,,363711,,,,,,
,Griffith University,"170 Kessels Road, Nathan Qld 4111",Consultancy Services,16/03/2022,109450,Cybercx Pty Ltd,"L4 330 Collins St,  Melbourne, Vic, 3000",No,No,,,,,,,,,363742,,,,,,
,Griffith University,"170 Kessels Road, Nathan Qld 4111",Furniture,16/03/2022,10670,Empire Office Furniture,"51-63 Heaton Street,  Rocklea, Qld, 4106",No,No,,,,,,,,,363737,,,,,,
,Griffith University,"170 Kessels Road, Nathan Qld 4111",Furniture,16/03/2022,21350,Gregory Commercial Furniture Pty Limited,"Unit 4, 2 Southridge St,  Eastern Creek, Nsw, 2766",No,No,,,,,,,,,363727,,,,,,
,Griffith University,"170 Kessels Road, Nathan Qld 4111",Membership Fees,16/03/2022,202304,Universities Australia,"Gpo Box 1142,  Canberra, Act, 2601",No,No,,,,,,,,,1949632 1987258,,,,,,
,Griffith University,"170 Kessels Road, Nathan Qld 4111",Chemical & Biological Products,17/03/2022,12166,Bio-Strategy Pty Limited,"P.O Box 14,  Campbellfield, Vic, 3061",No,No,,,,,,,,,363762,,,,,,
,Griffith University,"170 Kessels Road, Nathan Qld 4111",Event Expenditure,17/03/2022,11000,Brisbane Marriott Hotel,"515 Queen Street,  Brisbane City, Qld, 4000",No,No,,,,,,,,,363772,,,,,,
,Griffith University,"170 Kessels Road, Nathan Qld 4111",Reference Materials,17/03/2022,21948,Igroup (Australasia) Pty Ltd,"Suite 1509, 530 Little Collins Street Melbourne, Vic, 3000",No,No,,,,,,,,,1949661,,,,,,
,Griffith University,"170 Kessels Road, Nathan Qld 4111",Building Construction & Maintenance,17/03/2022,262544,Precise Air Group P/L,"Po Box 1859,  Springwood, Qld, 4128",No,No,,,,,,,,,363767,,,,,,
,Griffith University,"170 Kessels Road, Nathan Qld 4111",Recruitment/Placement Fees,17/03/2022,19044,Randstad Pty Limited,"Gpo Box 4640,  Sydney, Nsw, 2001",No,No,,,,,,,,,1947003,,,,,,
,Griffith University,"170 Kessels Road, Nathan Qld 4111",Subscription/License Fees,18/03/2022,217657,Avepoint Au Pty Ltd,"271 Collins Street,  Melbourne, Vic, 3000",No,No,,,,,,,,,363852,,,,,,
,Griffith University,"170 Kessels Road, Nathan Qld 4111",Computer Equipment,18/03/2022,13724,Data #3 Limited,"Po Box 551,  Indooroopilly, Qld, 4068",No,No,,,,,,,,,363834,,,,,,
,Griffith University,"170 Kessels Road, Nathan Qld 4111",Subscription/License Fees,18/03/2022,69421,Data #3 Limited,"Po Box 551,  Indooroopilly, Qld, 4068",No,No,,,,,,,,,363853,,,,,,
,Griffith University,"170 Kessels Road, Nathan Qld 4111",Consultancy Services,18/03/2022,27200,Noel Robert Scott,Brisbane,No,No,,,,,,,,,1949551,,,,,,
,Griffith University,"170 Kessels Road, Nathan Qld 4111",Audio Visual Equipment,18/03/2022,14952,Proav Solutions Queensland,"Po Box 2722,  Toowong, Qld, 4066",No,No,,,,,,,,,363841,,,,,,
,Griffith University,"170 Kessels Road, Nathan Qld 4111",Recruitment/Placement Fees,18/03/2022,57200,Robinson Fitzgerald Pty Ltd,"Suite 26, 138 Juliette Street,  Greenslopes, Qld, 4120",No,No,,,,,,,,,363828,,,,,,
,Griffith University,"170 Kessels Road, Nathan Qld 4111",Building Construction & Maintenance,18/03/2022,21925,Shape Australia (Qld) Pty Limited,"Level 5, 175 Eagle Street Brisbane City, Qld, 4000",No,No,,,,,,,,,363870,,,,,,
,Griffith University,"170 Kessels Road, Nathan Qld 4111",Medical Equipment,20/03/2022,22616,Abl Distribution Pty Ltd,"11 Harrington Street,  Arundel, Qld, 4214",No,No,,,,,,,,,1946680,,,,,,
,Griffith University,"170 Kessels Road, Nathan Qld 4111",Scientific Equipment,21/03/2022,13022,Bio-Strategy Pty Limited,"P.O Box 14,  Campbellfield, Vic, 3061",No,No,,,,,,,,,363884,,,,,,
,Griffith University,"170 Kessels Road, Nathan Qld 4111",Subscription/License Fees,21/03/2022,13200,Getty Images Sales Australia Pty Ltd,"Po Box 215,  St Leonards, Nsw, 1590",No,No,,,,,,,,,363907,,,,,,
,Griffith University,"170 Kessels Road, Nathan Qld 4111",Consultancy Services,21/03/2022,30800,Kpmg,"Po Box 2291U,  Melbourne, Vic, 3001",No,No,,,,,,,,,363909,,,,,,
,Griffith University,"170 Kessels Road, Nathan Qld 4111",Building Construction & Maintenance,21/03/2022,12172,Logical Line Marking,"18 Ferguson Street,  Underwood, Qld, 4119",No,No,,,,,,,,,363910,,,,,,
,Griffith University,"170 Kessels Road, Nathan Qld 4111",Marketing Fees,21/03/2022,18190,Queensland Tertiary Admissions Centre Lt,"Po Box 1331,  Milton, Qld, 4064",No,No,,,,,,,,,363904,,,,,,
,Griffith University,"170 Kessels Road, Nathan Qld 4111",Subscription/License Fees,22/03/2022,13743552,Data #3 Limited,"Po Box 551,  Indooroopilly, Qld, 4068",Yes,No,Open,,QITC Comprehensive Contract - ICT Products & Services,6,"70% Solution Fit, 25% Company Capability, 5% Value Added Services",Supply of Software and Software as as Service Products,Annual subscription  service during contract period (2022 - 2027),Per KPI’s contract management plan,363950 382030,,GU-776,,,,
,Griffith University,"170 Kessels Road, Nathan Qld 4111",Chemical & Biological Products,22/03/2022,61266,Eurofins Discoverx Products Llc,"42501 Albrae Street,  Fremont, Ca, 94538",No,No,,,,,,,,,363935,,,,,,
,Griffith University,"170 Kessels Road, Nathan Qld 4111",Building Construction & Maintenance,22/03/2022,21681,Hosmed Services Pty Ltd,"Po Box 637,  Virginia, Qld, 4014",No,No,,,,,,,,,363975,,,,,,
,Griffith University,"170 Kessels Road, Nathan Qld 4111",Subscription/License Fees,22/03/2022,51332,Intalock Technologies Pty Ltd,"Gpo Box 2952,  Brisbane, Qld, 4000",No,No,,,,,,,,,363952,,,,,,
,Griffith University,"170 Kessels Road, Nathan Qld 4111",Building Construction & Maintenance,22/03/2022,16176,Logical Line Marking,"18 Ferguson Street,  Underwood, Qld, 4119",No,No,,,,,,,,,363973,,,,,,
,Griffith University,"170 Kessels Road, Nathan Qld 4111",Marketing Fees,22/03/2022,442524,Mediacom Australia Pty Ltd,"Level 17, 65 Berry Street North Sydney, Nsw, 2060",No,No,,,,,,,,,363978,,,,,,
,Griffith University,"170 Kessels Road, Nathan Qld 4111",Scientific Equipment,23/03/2022,31839,Paragon Care Group Australia Pty Ltd,"50-54 Clayton Road,  Clayton, Vic, 3168",No,No,,,,,,,,,364001,,,,,,
,Griffith University,"170 Kessels Road, Nathan Qld 4111",Consultancy Services,24/03/2022,41800,Cybercx Pty Ltd,"L4 330 Collins St,  Melbourne, Vic, 3000",No,No,,,,,,,,,364044,,,,,,
,Griffith University,"170 Kessels Road, Nathan Qld 4111",Article Submission/Publication,24/03/2022,12137,Elsevier Inc.,"3251 Riverport Lane,  Maryland Heights, Mo, 63043",No,No,,,,,,,,,1949854,,,,,,
,Griffith University,"170 Kessels Road, Nathan Qld 4111",Building Construction & Maintenance,24/03/2022,16236,Geleon Consulting,"Po Box 454,  Nerang, Qld, 4211",No,No,,,,,,,,,364078,,,,,,
,Griffith University,"170 Kessels Road, Nathan Qld 4111",Event Expenditure,24/03/2022,21285,Hilton Hotels Of Australia Pty Ltd,"190 Elizabeth Street,  Brisbane, Qld, 4001",No,No,,,,,,,,,364064,,,,,,
,Griffith University,"170 Kessels Road, Nathan Qld 4111",Building Construction & Maintenance,24/03/2022,15170,Inspections X-Ray & Testing Pty Ltd,"1/7 Millennium Place,  Tingalpa, Qld, 4173",No,No,,,,,,,,,364063,,,,,,
,Griffith University,"170 Kessels Road, Nathan Qld 4111",Consultancy Services,24/03/2022,52938,Lucid Synthesis Pty Ltd,Brisbane,No,No,,,,,,,,,364045,,,,,,
,Griffith University,"170 Kessels Road, Nathan Qld 4111",Consultancy Services,25/03/2022,20240,Asg Group Limited,"Level 9, 167 St Georges Terrace Perth, Wa, 6000",No,No,,,,,,,,,1950997,,,,,,
,Griffith University,"170 Kessels Road, Nathan Qld 4111",Recruitment/Placement Fees,25/03/2022,80454,Perrett Laver Pty Ltd,"Ste 501B, 19A Boundary Street,  Darlinghurst, Nsw, 2031",No,No,,,,,,,,,5643,,,,,,
,Griffith University,"170 Kessels Road, Nathan Qld 4111",Building Construction & Maintenance,25/03/2022,25421,Value Added Asset Management Pty Ltd,"27 Bellwood Street,  Darra, Qld, 4076",No,No,,,,,,,,,364101,,,,,,
,Griffith University,"170 Kessels Road, Nathan Qld 4111",Subscription/License Fees,26/03/2022,12265,Caudit,"Meeting Secretariat, Conference Logistics, Po Box 6150 Kingston, Act, 2604",No,No,,,,,,,,,1949178,,,,,,
,Griffith University,"170 Kessels Road, Nathan Qld 4111",Recruitment/Placement Fees,26/03/2022,13441,U&U Recruitment Partners,"Level 12, 259 Queen Street,  Brisbane, Qld, 4000",No,No,,,,,,,,,1948664,,,,,,
,Griffith University,"170 Kessels Road, Nathan Qld 4111",Recruitment/Placement Fees,27/03/2022,19250,Odgers Berndtson,"Level 2, 2 Bulletin Place Sydney, Nsw, 2000",No,No,,,,,,,,,1948665,,,,,,
,Griffith University,"170 Kessels Road, Nathan Qld 4111",Building Construction & Maintenance,28/03/2022,37928,Pitch Black Engineering,"Santos Place,, Level 27, 32 Turbot Street Brisbane, Qld, 4000",No,No,,,,,,,,,364161,,,,,,
,Griffith University,"170 Kessels Road, Nathan Qld 4111",Consultancy Services,28/03/2022,19658,Taylor And Grace Pty Ltd,Victoria,No,No,,,,,,,,,364162,,,,,,
,Griffith University,"170 Kessels Road, Nathan Qld 4111",Building Construction & Maintenance,29/03/2022,13189,888 Electrical Solutions Pty Ltd,"8 Ironstone Road,  Berrinba, Qld, 4117",No,No,,,,,,,,,364213,,,,,,
,Griffith University,"170 Kessels Road, Nathan Qld 4111",Consultancy Services,29/03/2022,25080,Accenture Australia Pty Ltd,"Level 6, 3 Sussex Street Barangaroo, Nsw, 2000",No,No,,,,,,,,,1951239,,,,,,
,Griffith University,"170 Kessels Road, Nathan Qld 4111",Subscription/License Fees,29/03/2022,33033,Laerdal Pty Ltd,"Po Box 52,  Oakleigh, Vic, 3166",No,No,,,,,,,,,364200,,,,,,
,Griffith University,"170 Kessels Road, Nathan Qld 4111",Subscription/License Fees,29/03/2022,31785,Starrez Pty Ltd,"660 Spencer Street,  West Melbourne, Vic, 3003",No,No,,,,,,,,,C00467B,,,,,,
,Griffith University,"170 Kessels Road, Nathan Qld 4111",Scientific Equipment,30/03/2022,19800,All-Type Plastic Fabrication,"Unit 1, 19 Murdoch Circuit Acacia Ridge, Qld, 4110",No,No,,,,,,,,,364262,,,,,,
,Griffith University,"170 Kessels Road, Nathan Qld 4111",Software Support Maintenance,30/03/2022,25398,Attachmate Group Australia Pty Ltd,"Level 8, 76 Berry Street North Sydney, Nsw, 2060",No,No,,,,,,,,,364251,,,,,,
,Griffith University,"170 Kessels Road, Nathan Qld 4111",Building Construction & Maintenance,30/03/2022,10291,Biodecon Solutions Limited,"Po Box 1143,  Hartwell, Vic, 3124",No,No,,,,,,,,,364270,,,,,,
,Griffith University,"170 Kessels Road, Nathan Qld 4111",Event Expenditure,30/03/2022,15600,Brisbane Convention And Exhibition Centr,"Po Box 3869, South Bank Brisbane, Qld, 4101",No,No,,,,,,,,,364254,,,,,,
,Griffith University,"170 Kessels Road, Nathan Qld 4111",Software Support Maintenance,30/03/2022,257992,Crayon Australia Pty Ltd,"Suite 109, 44 Lakeview Dr Scoresby, Vic, 3179",No,No,,,,,,,,,C00191,,,,,,
,Griffith University,"170 Kessels Road, Nathan Qld 4111",Software Support Maintenance,30/03/2022,47934,Data #3 Limited,"Po Box 551,  Indooroopilly, Qld, 4068",No,No,,,,,,,,,364248,,,,,,
,Griffith University,"170 Kessels Road, Nathan Qld 4111",Consultancy Services,30/03/2022,1053285,Decipher Bureau Qld Pty Ltd,"Level 6, 25 King Street Bowen Hills, Qld, 4006",Yes,No,Open,,,,,,,,GU-749,,,,,,
,Griffith University,"170 Kessels Road, Nathan Qld 4111",Scientific Equipment,30/03/2022,37170,Evident Australia Pty Ltd,"Level 4, 97 Waterloo Road,  Macquarie Park, Nsw, 2113",No,No,,,,,,,,,364219,,,,,,
,Griffith University,"170 Kessels Road, Nathan Qld 4111",Scientific Equipment,30/03/2022,33000,Evident Australia Pty Ltd,"Level 4, 97 Waterloo Road,  Macquarie Park, Nsw, 2113",No,No,,,,,,,,,364220,,,,,,
,Griffith University,"170 Kessels Road, Nathan Qld 4111",Consultancy Services,30/03/2022,75240,Insync Solutions Pty Ltd,"Po Box 3580,  Rundle Mall, Sa, 5000",No,No,,,,,,,,,364272,,,,,,
,Griffith University,"170 Kessels Road, Nathan Qld 4111",Equipment Maintenance,30/03/2022,21670,Jst Biosafety Australia,Brisbane,No,No,,,,,,,,,364274,,,,,,
,Griffith University,"170 Kessels Road, Nathan Qld 4111",Office Equipment,30/03/2022,13949,Kayell Australia,"1/19 Hotham Parade,  Artarmon, Nsw, 2064",No,No,,,,,,,,,364250,,,,,,
,Griffith University,"170 Kessels Road, Nathan Qld 4111",Consultancy Services,30/03/2022,18700,Olivia Newton-John Cancer Research Insti,"Austin Hospital, Onjcwrc, 145 Studley Road Heidelberg, Vic, 3084",No,No,,,,,,,,,1951005,,,,,,
,Griffith University,"170 Kessels Road, Nathan Qld 4111",Software Support Maintenance,30/03/2022,18726,Oracle Corporation Australia Pty Ltd,"Gpo Box 1313,  Sydney, Nsw, 2001",No,No,,,,,,,,,364252,,,,,,
,Griffith University,"170 Kessels Road, Nathan Qld 4111",Chemical & Biological Products,30/03/2022,25179,Scientifix Pty Ltd,"Unit F1 Hallmarc Business Park, Cnr Westall & Centre Roads Clayton, Vic, 3168",No,No,,,,,,,,,364236,,,,,,
,Griffith University,"170 Kessels Road, Nathan Qld 4111",Equipment Maintenance,30/03/2022,103599,Stulz Oceania Pty Ltd,"Po Box 213,  Winston Hills, Nsw, 2153",No,No,,,,,,,,,364263,,,,,,
,Griffith University,"170 Kessels Road, Nathan Qld 4111",Subscription/License Fees,31/03/2022,396382,Baidam Solutions Pty Ltd,"Level 14, 167 Eagle Street Brisbane, Qld, 4000",No,No,,,,,,,,,364327,,,,,,
,Griffith University,"170 Kessels Road, Nathan Qld 4111",Marketing Fees,31/03/2022,10480,Education Link As,Norway,No,No,,,,,,,,,1951553,,,,,,
,Griffith University,"170 Kessels Road, Nathan Qld 4111",Equipment Maintenance,31/03/2022,15142,Thermo Fisher Scientific Australia,"Po Box 9092,  Scoresby, Vic, 3179",No,No,,,,,,,,,364317,,,,,,
,Griffith University,"170 Kessels Road, Nathan Qld 4111",Chemical & Biological Products,1/04/2022,45370,Bio-Strategy Pty Limited,"P.O Box 14,  Campbellfield, Vic, 3061",No,No,,,,,,,,,364362,,,,,,
,Griffith University,"170 Kessels Road, Nathan Qld 4111",Reference Materials ,1/04/2022,23100,Bookery Pty Ltd,"9-11 Victoria Street,  Fitzroy, Vic, 3065",No,No,,,,,,,,,1951978,,,,,,
,Griffith University,"170 Kessels Road, Nathan Qld 4111",Building Construction & Maintenance,1/04/2022,11447,Element14 Pty Ltd,"Private Mailbag 6,  Chester Hill, Nsw, 2162",No,No,,,,,,,,,364342,,,,,,
,Griffith University,"170 Kessels Road, Nathan Qld 4111",Consultancy Services,1/04/2022,71400,Noel Robert Scott,Brisbane,No,No,,,,,,,,,1960219 2014236,,,,,,
,Griffith University,"170 Kessels Road, Nathan Qld 4111",Recruitment/Placement Fees,1/04/2022,23331,U&U Recruitment Partners,"Level 12, 259 Queen Street,  Brisbane, Qld, 4000",No,No,,,,,,,,,364331,,,,,,
,Griffith University,"170 Kessels Road, Nathan Qld 4111",Pathology Expenditure,4/04/2022,11623,Australian Laboratory Services P/L,"2 Byth Street (Cnr Shand And Byth St),  Stafford, Qld, 4053",No,No,,,,,,,,,1952028,,,,,,
,Griffith University,"170 Kessels Road, Nathan Qld 4111",Building Construction & Maintenance,4/04/2022,17930,Bligh Tanner Pty Ltd,"Po Box 612,  Fortitude Valley, Qld, 4006",No,No,,,,,,,,,364386,,,,,,
,Griffith University,"170 Kessels Road, Nathan Qld 4111",Subscription/License Fees,4/04/2022,284383,Cvent Australia Pty Ltd,"Level 23, Hwt Tower, 40 City Road Southbank, Vic, 3006",No,No,,,,,,,,,364406,,,,,,
,Griffith University,"170 Kessels Road, Nathan Qld 4111",Scientific Equipment,4/04/2022,12882,Eppendorf South Pacific Pty Ltd,"Unit 4, 112 Talavera Road North Ryde, Nsw, 2113",No,No,,,,,,,,,364412,,,,,,
,Griffith University,"170 Kessels Road, Nathan Qld 4111",Software Support Maintenance,4/04/2022,12306,Hewlett-Packard Australia Pty Ltd,"P O Box 221,  Blackburn, Vic, 3130",No,No,,,,,,,,,364409,,,,,,
,Griffith University,"170 Kessels Road, Nathan Qld 4111",Health & Safety Expenses,4/04/2022,15939,Md Solutions Australasia Pty Ltd,"Unit 1, 16-18 Tennyson Street Williamstown North, Vic, 3016",No,No,,,,,,,,,1952112,,,,,,
,Griffith University,"170 Kessels Road, Nathan Qld 4111",Health & Safety Expenses,4/04/2022,16005,Md Solutions Australasia Pty Ltd,"Unit 1, 16-18 Tennyson Street Williamstown North, Vic, 3016",No,No,,,,,,,,,1952115,,,,,,
,Griffith University,"170 Kessels Road, Nathan Qld 4111",Pathology Expenditure,4/04/2022,14665,Queensland Institute Of Medical Research,"Qimr Locked Bag 2000,  Royal Brisbane Hospital, Qld, 4029",No,No,,,,,,,,,364387,,,,,,
,Griffith University,"170 Kessels Road, Nathan Qld 4111",Consultancy Services,5/04/2022,33706,Brendan Francis Mullen,Brisbane,No,No,,,,,,,,,1951619,,,,,,
,Griffith University,"170 Kessels Road, Nathan Qld 4111",Recruitment/Placement Fees,5/04/2022,14696,Insight Management Consultants P/L,"Level 7, 230 Collins Street,  Melbourne, Vic, 3000",No,No,,,,,,,,,1952363,,,,,,
,Griffith University,"170 Kessels Road, Nathan Qld 4111",Building Construction & Maintenance,5/04/2022,10010,Logical Line Marking,"18 Ferguson Street,  Underwood, Qld, 4119",No,No,,,,,,,,,364447,,,,,,
,Griffith University,"170 Kessels Road, Nathan Qld 4111",Marketing Fees,5/04/2022,17600,Traffic Film & Video Production,"332 Montague Road,  West End, Qld, 4101",No,No,,,,,,,,,364479,,,,,,
,Griffith University,"170 Kessels Road, Nathan Qld 4111",Membership Fees,5/04/2022,16500,University Of New South Wales,"Kensington Campus,  Sydney, Nsw, 2052",No,No,,,,,,,,,364469,,,,,,
,Griffith University,"170 Kessels Road, Nathan Qld 4111",Consultancy Services,6/04/2022,21800,Keoduangchai Keokhamphui,Lao,No,No,,,,,,,,,1955616 1980539 1995909 2004487,,,,,,
,Griffith University,"170 Kessels Road, Nathan Qld 4111",Building Construction & Maintenance,6/04/2022,13438,Plumbrite Solutions Pty. Ltd.,"Po Box 227,  Cleveland, Qld, 4163",No,No,,,,,,,,,364508,,,,,,
,Griffith University,"170 Kessels Road, Nathan Qld 4111",Consultancy Services,7/04/2022,34500,Becky (Rebecca) Earhart,Canada,No,No,,,,,,,,,364541,,,,,,
,Griffith University,"170 Kessels Road, Nathan Qld 4111",Subscription/License Fees,7/04/2022,15962,Gynzone,"Jaegergaardsgate 156 R, 1. Sal 2 Aarhus, , 8000",No,No,,,,,,,,,1952387,,,,,,
,Griffith University,"170 Kessels Road, Nathan Qld 4111",Subscription/License Fees,7/04/2022,17942,Refinitiv Australia Pty Limited,"Level 10, 60 Margaret Street Sydney, Nsw, 2000",No,No,,,,,,,,,364566,,,,,,
,Griffith University,"170 Kessels Road, Nathan Qld 4111",Building Construction & Maintenance,7/04/2022,91850,Rider Levett Bucknall Qld Pty Ltd,"Gpo Box 1383,  Brisbane, Qld, 4000",No,No,,,,,,,,,364542,,,,,,
,Griffith University,"170 Kessels Road, Nathan Qld 4111",Consultancy Services,7/04/2022,15079,Rodney William Carter,Sunshine Coast,No,No,,,,,,,,,1953058,,,,,,
,Griffith University,"170 Kessels Road, Nathan Qld 4111",Chemical & Biological Products,7/04/2022,20348,Siegert Wafer Gmbh,"Charlottenburger Allee 7, Aachen Nort Rhine Westphalia, , 52068",No,No,,,,,,,,,364587,,,,,,
,Griffith University,"170 Kessels Road, Nathan Qld 4111",Medical Equipment,7/04/2022,12705,Stephen Jennings & Associates Pty Ltd,"Po Box 380,  Kurrajong, Nsw, 2758",No,No,,,,,,,,,364543,,,,,,
,Griffith University,"170 Kessels Road, Nathan Qld 4111",Consultancy Services,7/04/2022,13750,The Silver Lining Collective,Brisbane,No,No,,,,,,,,,364576,,,,,,
,Griffith University,"170 Kessels Road, Nathan Qld 4111",Marketing Fees,7/04/2022,126406,Traffic Film & Video Production,"332 Montague Road,  West End, Qld, 4101",No,No,,,,,,,,,364596,,,,,,
,Griffith University,"170 Kessels Road, Nathan Qld 4111",Building Construction & Maintenance,7/04/2022,19250,Turner & Townsend Pty Ltd,"Level 13, 140 Creek St,  Brisbane, Qld, 4000",No,No,,,,,,,,,364589,,,,,,
,Griffith University,"170 Kessels Road, Nathan Qld 4111",Printing Expenses,8/04/2022,10395,Bailey Hq Pty Ltd,"605 Toohey Road,  Salisbury, Qld, 4107",No,No,,,,,,,,,364619,,,,,,
,Griffith University,"170 Kessels Road, Nathan Qld 4111",Subscription/License Fees,8/04/2022,145860,La Trobe University,"Borchardt Library,  Bundoora, Vic, 3083",No,No,,,,,,,,,1949852,,,,,,
,Griffith University,"170 Kessels Road, Nathan Qld 4111",Membership Fees,9/04/2022,11900,Dietitians Association Of Australia,"1/8 Phipps Close,  Deakin, Act, 2600",No,No,,,,,,,,,1949627,,,,,,
,Griffith University,"170 Kessels Road, Nathan Qld 4111",Consultancy Services,10/04/2022,91344,Qs Enrolment Solutions (Australia) Pty L,"Level 3, 595 Collins Street,  Melbourne, Vic, 3000",No,No,,,,,,,,,1950286,,,,,,
,Griffith University,"170 Kessels Road, Nathan Qld 4111",Subscription/License Fees,10/04/2022,20230,Security & Technology Services (Sq) P/L,"35/1631 Wynnum Road,  Tingalpa, Qld, 4173",No,No,,,,,,,,,1949925,,,,,,
,Griffith University,"170 Kessels Road, Nathan Qld 4111",Subscription/License Fees,10/04/2022,20435,Security & Technology Services (Sq) P/L,"35/1631 Wynnum Road,  Tingalpa, Qld, 4173",No,No,,,,,,,,,1949926,,,,,,
,Griffith University,"170 Kessels Road, Nathan Qld 4111",Subscription/License Fees,10/04/2022,20563,Security & Technology Services (Sq) P/L,"35/1631 Wynnum Road,  Tingalpa, Qld, 4173",No,No,,,,,,,,,1949927,,,,,,
,Griffith University,"170 Kessels Road, Nathan Qld 4111",Building Construction & Maintenance,11/04/2022,194465,Dewpoint Air,"Po Box 3479,  Newmarket, Qld, 4051",No,No,,,,,,,,,364693,,,,,,
,Griffith University,"170 Kessels Road, Nathan Qld 4111",Computer Equipment,11/04/2022,118961,F E Technologies Pty Ltd,"129 Fyans Street,  South Geelong, Vic, 3220",No,No,,,,,,,,,GU-681,,,,,,
,Griffith University,"170 Kessels Road, Nathan Qld 4111",Relocation Services,11/04/2022,12985,Sirva Relocation,"490 Freeman Road,  Richlands, Qld, 4077",No,No,,,,,,,,,1953332,,,,,,
,Griffith University,"170 Kessels Road, Nathan Qld 4111",Event Expenditure,11/04/2022,13300,The Ship Inn,"Box 25, Stanley Street Plaza Brisbane, Qld, 4101",No,No,,,,,,,,,1950106,,,,,,
,Griffith University,"170 Kessels Road, Nathan Qld 4111",Subscription/License Fees,11/04/2022,45974,Unimarket Australia Pty Limited,"Po Box 5515,  Chatswood, Nsw, 2057",No,No,,,,,,,,,364674,,C01092,,,,
,Griffith University,"170 Kessels Road, Nathan Qld 4111",Building Construction & Maintenance,12/04/2022,11440,Bennett And Bennett Group,"Po Box 5021,  Gold Coast Mail Centre, Qld, 9726",No,No,,,,,,,,,364722,,,,,,
,Griffith University,"170 Kessels Road, Nathan Qld 4111",Consultancy Services,12/04/2022,16000,Darren Christopher Lukas,Indonesia,No,No,,,,,,,,,364716,,,,,,
,Griffith University,"170 Kessels Road, Nathan Qld 4111",Consultancy Services,12/04/2022,100485,Escient Pty Ltd,"Level 20, 115 King William Street,,  Adelaide, Sa, 5000",No,No,,,,,,,,,364700,,,,,,
,Griffith University,"170 Kessels Road, Nathan Qld 4111",Subscription/License Fees,12/04/2022,181863,Lexis Nexis,"Tower 2, 475-495 Victoria Avenue,  Chatswood, Nsw, 2067",Yes,No,,,,,,,,,364718 369069 371914 377284,,GU-233,,,,
,Griffith University,"170 Kessels Road, Nathan Qld 4111",Building Construction & Maintenance,12/04/2022,42322,Precise Air Group P/L,"Po Box 1859,  Springwood, Qld, 4128",No,No,,,,,,,,,364732,,,,,,
,Griffith University,"170 Kessels Road, Nathan Qld 4111",Subscription/License Fees,12/04/2022,209114,Salesforce,"Tower 3 Darling Park, Lvl 12, 201 Sussex Street Sydney, Nsw, 2000",No,No,,,,,,,,,C01085_1,,C01085,,,,
,Griffith University,"170 Kessels Road, Nathan Qld 4111",Building Construction & Maintenance,13/04/2022,10701,A1 Building & Property Solutions Pty Ltd,Brisbane,No,No,,,,,,,,,364784,,,,,,
,Griffith University,"170 Kessels Road, Nathan Qld 4111",Marketing Fees,13/04/2022,44715,Bailey Print Group,"24 Manilla St,  East Brisbane, Qld, 4169",No,No,,,,,,,,,364744,,,,,,
,Griffith University,"170 Kessels Road, Nathan Qld 4111",Equipment Maintenance,13/04/2022,10291,Biodecon Solutions Limited,"Po Box 1143,  Hartwell, Vic, 3124",No,No,,,,,,,,,364789,,,,,,
,Griffith University,"170 Kessels Road, Nathan Qld 4111",Scientific Equipment,13/04/2022,275440,In Vitro Technologies Pty Ltd,"7-9 Summit Road,  Noble Park, Vic, 3174",No,No,,,,,,,,,364776,,,,,,
,Griffith University,"170 Kessels Road, Nathan Qld 4111",Subscription/License Fees,13/04/2022,33651,Siteimprove Australia Pty Ltd,"Po Box R1948,  Royal Exchange, Nsw, 1225",No,No,,,,,,,,,364750,,,,,,
,Griffith University,"170 Kessels Road, Nathan Qld 4111",Subscription/License Fees,13/04/2022,23760,Smartsheet Australia Pty Ltd,"10500 Ne 8Th Street, Suite 1300,  Bellevue, Wa, 98004-4312",No,No,,,,,,,,,364751,,,,,,
,Griffith University,"170 Kessels Road, Nathan Qld 4111",Membership Fees,14/04/2022,110000,Curtin University Of Technology,"Financial Services, Gpo Box U1987 Perth, Wa, 6845",No,No,,,,,,,,,364805 370613,,,,,,
,Griffith University,"170 Kessels Road, Nathan Qld 4111",Consultancy Services,14/04/2022,12903,Denise Margaret Hatzis,Brisbane,No,No,,,,,,,,,364801,,,,,,
,Griffith University,"170 Kessels Road, Nathan Qld 4111",Consultancy Services,14/04/2022,23625,Helen Johnson,Brisbane,No,No,,,,,,,,,1955035,,,,,,
,Griffith University,"170 Kessels Road, Nathan Qld 4111",Scientific Equipment,14/04/2022,18892,Paragon Care Group Australia Pty Ltd,"50-54 Clayton Road,  Clayton, Vic, 3168",No,No,,,,,,,,,364827,,,,,,
,Griffith University,"170 Kessels Road, Nathan Qld 4111",Building Construction & Maintenance,14/04/2022,20062,Precise Air Group P/L,"Po Box 1859,  Springwood, Qld, 4128",No,No,,,,,,,,,364839,,,,,,
,Griffith University,"170 Kessels Road, Nathan Qld 4111",Consultancy Services,14/04/2022,62182,Sarah Louise Deck,Canada,No,No,,,,,,,,,364803,,,,,,
,Griffith University,"170 Kessels Road, Nathan Qld 4111",Recruitment/Placement Fees,14/04/2022,13515,Seek Limited,"Gpo Box 2335,  Sydney, Nsw, 2001",No,No,,,,,,,,,1952379,,,,,,
,Griffith University,"170 Kessels Road, Nathan Qld 4111",Consultancy Services,14/04/2022,896111,"University Of California, Davis","Department Of Plant Services, University Of California Davis, Ca, 95616",No,No,Selective,,,,,,,,364796,,,,,,
,Griffith University,"170 Kessels Road, Nathan Qld 4111",Consultancy Services,14/04/2022,380864,"University Of California, Irvine","120 Theory, Suite 200,  Irvine, , 92697-1050",No,No,,,,,,,,,364802,,,,,,
,Griffith University,"170 Kessels Road, Nathan Qld 4111",Consultancy Services,14/04/2022,19536,University Of Sunshine Coast,"Financial Services, G.25 Administration Building Maroochydore Dc, Qld, 4558",No,No,,,,,,,,,1955039,,,,,,
,Griffith University,"170 Kessels Road, Nathan Qld 4111",Event Expenditure,17/04/2022,18150,Qantas Founders Outback Museum Pty. Ltd.,"P O Box 737,  Longreach, Qld, 4730",No,No,,,,,,,,,1952346,,,,,,
,Griffith University,"170 Kessels Road, Nathan Qld 4111",Consultancy Services,19/04/2022,98815,Alluvium International Pty Ltd,"Po Box 6246,  O'Connor, Act, 2602",No,No,,,,,,,,,721019.1,,,,,,
,Griffith University,"170 Kessels Road, Nathan Qld 4111",Recruitment/Placement Fees,19/04/2022,19591,U&U Recruitment Partners,"Level 12, 259 Queen Street,  Brisbane, Qld, 4000",No,No,,,,,,,,,364887,,,,,,
,Griffith University,"170 Kessels Road, Nathan Qld 4111",Pathology Expenditure,20/04/2022,12540,Australian Genome Research Facility Ltd,"Level 5 Gehrmann Laboratories, Research Road St Lucia, Qld, 4072",No,No,,,,,,,,,364911,,,,,,
,Griffith University,"170 Kessels Road, Nathan Qld 4111",Consultancy Services,20/04/2022,12222,Bottlebrush Media,"Unit 2, 65-67 Fowler Street Camperdown, Nsw, 2050",No,No,,,,,,,,,1951265,,,,,,
,Griffith University,"170 Kessels Road, Nathan Qld 4111",External Course Delivery,20/04/2022,13200,Common Purpose Student Experiences Limit,"407 Clarendon Street,  South Melbourne, Vic, 3205",No,No,,,,,,,,,1955301,,,,,,
,Griffith University,"170 Kessels Road, Nathan Qld 4111",Event Expenditure,20/04/2022,23100,Gold Coast Education And Training Netw,"Po Box 3475, Australia Fair Southport, Qld, 4215",No,No,,,,,,,,,1955325,,,,,,
,Griffith University,"170 Kessels Road, Nathan Qld 4111",Event Expenditure,20/04/2022,40039,Hilton Hotels Of Australia Pty Ltd,"190 Elizabeth Street,  Brisbane, Qld, 4001",No,No,,,,,,,,,364931,,,,,,
,Griffith University,"170 Kessels Road, Nathan Qld 4111",Building Construction & Maintenance,20/04/2022,16500,N D Y Management Pty Ltd,"Level 14, 120 Edward Street Brisbane, Qld, 4000",No,No,,,,,,,,,364923,,,,,,
,Griffith University,"170 Kessels Road, Nathan Qld 4111",Musical Instruments,20/04/2022,10993,Turramurra Music Pty Ltd,"1267 Pacific Hwy,  Turramurra, Nsw, 2074",No,No,,,,,,,,,364935,,,,,,
,Griffith University,"170 Kessels Road, Nathan Qld 4111",External Course Delivery,21/04/2022,14850,Australian Ins. Of Company Directors,"Level 30, 20 Bond Street Sydney, Nsw, 2000",No,No,,,,,,,,,1955087,,,,,,
,Griffith University,"170 Kessels Road, Nathan Qld 4111",Building Construction & Maintenance,21/04/2022,1708487,Formula Interiors Pty Ltd,"Po Box 1038,  Coorparoo Dc, Qld, 4151",No,No,Selective,,,,,,,,364967,,,,,,
,Griffith University,"170 Kessels Road, Nathan Qld 4111",Building Construction & Maintenance,21/04/2022,30304,Gateway Electrical,"Po Box 1020,  Eagle Farm, Qld, 4009",No,No,,,,,,,,,364969,,,,,,
,Griffith University,"170 Kessels Road, Nathan Qld 4111",Consultancy Services,21/04/2022,49500,Impact Tracks,New South Wl,No,No,,,,,,,,,364970,,,,,,
,Griffith University,"170 Kessels Road, Nathan Qld 4111",Event Expenditure,21/04/2022,63360,Racv Royal Pines Resort,"Pmb 88,  Gcmc, Qld, 9726",No,No,,,,,,,,,364950,,,,,,
,Griffith University,"170 Kessels Road, Nathan Qld 4111",Scientific Equipment,21/04/2022,25300,Tecan Australia Pty Ltd,"21/3 Westside Avenue,  Port Melbourne, Vic, 3207",No,No,,,,,,,,,364961,,,,,,
,Griffith University,"170 Kessels Road, Nathan Qld 4111",Building Construction & Maintenance,21/04/2022,48565,W.D.T. (Engineers) Pty Ltd,"124 Ingram Road,  Acacia Ridge, Qld, 4110",No,No,,,,,,,,,364968,,,,,,
,Griffith University,"170 Kessels Road, Nathan Qld 4111",Consultancy Services,21/04/2022,10562,Woodwell Climate Research Centre,"149 Woods Hole Road,  Falmouth, Ma, 02540",No,No,,,,,,,,,1955040,,,,,,
,Griffith University,"170 Kessels Road, Nathan Qld 4111",Subscription/License Fees,22/04/2022,45980,Icad Consultants Pty Ltd,Queensland,No,No,,,,,,,,,365002,,,,,,
,Griffith University,"170 Kessels Road, Nathan Qld 4111",Event Expenditure,23/04/2022,26131,Dreamweavers Event Creators & Producers,"23 Leda Drive,  Burleigh Heads, Qld, 4220",No,No,,,,,,,,,1955211,,,,,,
,Griffith University,"170 Kessels Road, Nathan Qld 4111",Patent Application Fee,23/04/2022,17017,Spruson & Ferguson Pty Limited,"Gpo Box 3898,  Sydney, Nsw, 2001",No,No,,,,,,,,,1958935 2028035,,,,,,
,Griffith University,"170 Kessels Road, Nathan Qld 4111",Scientific Equipment,24/04/2022,11573,Scientific Solutions Australia,"7 Mona Rd,  Menai, Nsw, 2234",No,No,,,,,,,,,1953237,,,,,,
,Griffith University,"170 Kessels Road, Nathan Qld 4111",Reference Materials ,25/04/2022,26415,Proquest Llc,"6216 Paysphere Circle,  Chicago, Il, 60674",No,No,,,,,,,,,1952020,,,,,,
,Griffith University,"170 Kessels Road, Nathan Qld 4111",Equipment Maintenance,26/04/2022,30004,Tecniplast Australia Pty Limited,"Unit 10, 79-85 Mars Road, North Star Business Park Lane Cove, Nsw, 2066",No,No,,,,,,,,,365068,,,,,,
,Griffith University,"170 Kessels Road, Nathan Qld 4111",Scientific Equipment,27/04/2022,451000,Evident Australia Pty Ltd,"Level 4, 97 Waterloo Road,  Macquarie Park, Nsw, 2113",No,No,,,,,,,,,365102,,,,,,
,Griffith University,"170 Kessels Road, Nathan Qld 4111",Scientific Equipment,27/04/2022,11887,Newspec Unit Trust,South Australia,No,No,,,,,,,,,365110,,,,,,
,Griffith University,"170 Kessels Road, Nathan Qld 4111",Subscription/License Fees,27/04/2022,12093,Virtonomy Gmbh,Munich,No,No,,,,,,,,,365101,,,,,,
,Griffith University,"170 Kessels Road, Nathan Qld 4111",Consultancy Services,28/04/2022,79695,Asg Group Limited,"Level 9, 167 St Georges Terrace Perth, Wa, 6000",No,No,,,,,,,,,365145,,,,,,
,Griffith University,"170 Kessels Road, Nathan Qld 4111",Membership Fees,28/04/2022,55000,Bionics Queensland,"29 Nathan Ave,  Ashgrove, Qld, 4060",No,No,,,,,,,,,365121,,,,,,
,Griffith University,"170 Kessels Road, Nathan Qld 4111",Consultancy Services,28/04/2022,12684,Empius Pty Ltd,Brisbane,No,No,,,,,,,,,1951550,,,,,,
,Griffith University,"170 Kessels Road, Nathan Qld 4111",Computer Equipment,28/04/2022,66222,Jb Hi Fi Group Pty Ltd,"544 Kessells Road,  Macgregor, Qld, 4109",No,No,,,,,,,,,365157,,,,,,
,Griffith University,"170 Kessels Road, Nathan Qld 4111",Consultancy Services,29/04/2022,22000,Byrne Medical Pty Ltd,Queensland,No,No,,,,,,,,,365190,,,,,,
,Griffith University,"170 Kessels Road, Nathan Qld 4111",Marketing Fees,29/04/2022,41305,Chimera Project,Brisbane,No,No,,,,,,,,,1956636,,,,,,
,Griffith University,"170 Kessels Road, Nathan Qld 4111",Building Construction & Maintenance,29/04/2022,32780,Diligent Fire Pty Ltd,"Po Box 57,  Albion Dc, Qld, 4010",No,No,,,,,,,,,365173,,,,,,
,Griffith University,"170 Kessels Road, Nathan Qld 4111",Vehicle Acquisition,29/04/2022,621334,Grand Motors,"Po Box 7834, Gold Coast Mail Ctr Gold Coast, Qld, 9726",No,No,Selective,,,,,,,,365177,,,,,,
,Griffith University,"170 Kessels Road, Nathan Qld 4111",Scientific Equipment,29/04/2022,177534,Nano Vacuum Pty Ltd,"Unit 6, 5 Salisbury Road Castle Hill, Nsw, 2154",No,No,,,,,,,,,365179,,,,,,
,Griffith University,"170 Kessels Road, Nathan Qld 4111",Subscription/License Fees,29/04/2022,97614,Oracle Corporation Australia Pty Ltd,"Gpo Box 1313,  Sydney, Nsw, 2001",No,No,,,,,,,,,365217,,,,,,
,Griffith University,"170 Kessels Road, Nathan Qld 4111",Consultancy Services,29/04/2022,141599,Qs Enrolment Solutions (Australia) Pty L,"Level 3, 595 Collins Street,  Melbourne, Vic, 3000",No,No,,,,,,,,,1952377,,,,,,
,Griffith University,"170 Kessels Road, Nathan Qld 4111",Equipment Maintenance,29/04/2022,27564,Rauland Australia Pty Ltd,"514 Miller Street,  Cammeray, Nsw, 2062",No,No,,,,,,,,,365200,,,,,,
,Griffith University,"170 Kessels Road, Nathan Qld 4111",Subscription/License Fees,29/04/2022,20475,Security & Technology Services (Sq) P/L,"35/1631 Wynnum Road,  Tingalpa, Qld, 4173",No,No,,,,,,,,,1955663,,,,,,
,Griffith University,"170 Kessels Road, Nathan Qld 4111",Event Expenditure,29/04/2022,15282,Valiant Hire,"16/50 Parker Court,  Pinkenba, Qld, 4008",No,No,,,,,,,,,365195,,,,,,
,Griffith University,"170 Kessels Road, Nathan Qld 4111",Patent Application Fee,30/04/2022,10558,Spruson & Ferguson Pty Limited,"Gpo Box 3898,  Sydney, Nsw, 2001",No,No,,,,,,,,,1956368,,,,,,
,Griffith University,"170 Kessels Road, Nathan Qld 4111",Consultancy Services,1/05/2022,11174,Andre Taylor Consulting,"Po Box 2248,  Port Macquarie, Nsw, 2444",No,No,,,,,,,,,1952033,,,,,,
,Griffith University,"170 Kessels Road, Nathan Qld 4111",Equipment Maintenance,3/05/2022,15565,Aegis Safety Pty Ltd,"1/119 Delta Street,  Geebung, Qld, 4034",No,No,,,,,,,,,365238,,,,,,
,Griffith University,"170 Kessels Road, Nathan Qld 4111",Equipment Maintenance,3/05/2022,86735,Bruker Pty Ltd,"Po Box 202,  Alexandria, Nsw, 1435",No,No,,,,,,,,,365254,,,,,,
,Griffith University,"170 Kessels Road, Nathan Qld 4111",Equipment Maintenance,3/05/2022,19540,Bruker Pty Ltd,"Po Box 202,  Alexandria, Nsw, 1435",No,No,,,,,,,,,365255,,,,,,
,Griffith University,"170 Kessels Road, Nathan Qld 4111",Marketing Fees,3/05/2022,16775,Linkedin Singapore Pte Ltd,"10 Marina Boulevard, Marina Bay Financial Centre Tower 2 , , 018983",No,No,,,,,,,,,1956857,,,,,,
,Griffith University,"170 Kessels Road, Nathan Qld 4111",Equipment Maintenance,3/05/2022,15795,Nqcranes,"Unit 3, 8 Willingdon Street Archerfield, Qld, 4108",No,No,,,,,,,,,365228,,,,,,
,Griffith University,"170 Kessels Road, Nathan Qld 4111",Recruitment/Placement Fees,3/05/2022,18767,U&U Recruitment Partners,"Level 12, 259 Queen Street,  Brisbane, Qld, 4000",No,No,,,,,,,,,365244,,,,,,
,Griffith University,"170 Kessels Road, Nathan Qld 4111",Building Construction & Maintenance,4/05/2022,31793,Ajc Electrical Service Pty Ltd,"Po Box 50,  Virginia, Qld, 4014",No,No,,,,,,,,,365295,,,,,,
,Griffith University,"170 Kessels Road, Nathan Qld 4111",Building Construction & Maintenance,4/05/2022,11380,Arnold Electrical & Data Installations P,"9 Jaybel Street,  Salisbury, Qld, 4107",No,No,,,,,,,,,365292,,,,,,
,Griffith University,"170 Kessels Road, Nathan Qld 4111",Commission Payment,4/05/2022,22800,Aston Education,"5Th Floor, Office Plus @ Wanchai, 303 Hennessy Road Wanchai, , ",No,No,,,,,,,,,1957007,,,,,,
,Griffith University,"170 Kessels Road, Nathan Qld 4111",Scientific Equipment,4/05/2022,37736,Brightside Scientific Pty Ltd,"2/8 Teamster Close,  Tuggerah, Nsw, 2259",No,No,,,,,,,,,365293,,,,,,
,Griffith University,"170 Kessels Road, Nathan Qld 4111",Marketing Fees,4/05/2022,132427,Cpx Pty Ltd,"Po Box 3193,  Newmarket, Kelvin Grove Bc, Qld, 4059",No,No,,,,,,,,,365294,,,,,,
,Griffith University,"170 Kessels Road, Nathan Qld 4111",Subscription/License Fees,4/05/2022,63504,Data #3 Limited,"Po Box 551,  Indooroopilly, Qld, 4068",No,No,,,,,,,,,365310,,,,,,
,Griffith University,"170 Kessels Road, Nathan Qld 4111",Marketing Fees,4/05/2022,123200,Jsa Creative,"Level 4, 500 Queen Street Brisbane City, Qld, 4000",No,No,,,,,,,,,365305,,,,,,
,Griffith University,"170 Kessels Road, Nathan Qld 4111",Building Construction & Maintenance,4/05/2022,22930,Mctaggart Plumbing Pty Ltd,"Po Box 173,  Petrie, Qld, 4502",No,No,,,,,,,,,365291,,,,,,
,Griffith University,"170 Kessels Road, Nathan Qld 4111",Building Construction & Maintenance,4/05/2022,147688,Mode Design Corp Pty Ltd,"Po Box 348,  Fortitude Valley, Qld, 4006",No,No,,,,,,,,,365276,,,,,,
,Griffith University,"170 Kessels Road, Nathan Qld 4111",Chemical & Biological Products,4/05/2022,11210,Qiagen Pty Ltd,"Po Box 169,  Chadstone, Vic, 3148",No,No,,,,,,,,,365278,,,,,,
,Griffith University,"170 Kessels Road, Nathan Qld 4111",Scientific Equipment,4/05/2022,364078,Waters Australia Pty Limited,"Po Box 1069,  Dundas, Nsw, 2117",No,No,,,,,,,,,365273,,,,,,
,Griffith University,"170 Kessels Road, Nathan Qld 4111",Building Construction & Maintenance,5/05/2022,34560,Ausplay Playscapes,"34 Kurzok Place,  Richlands, Qld, 4077",No,No,,,,,,,,,365354,,,,,,
,Griffith University,"170 Kessels Road, Nathan Qld 4111",Chemical & Biological Products,5/05/2022,19260,Bio Scientific Pty Ltd,"Po Box 78,  Gymea, Nsw, 2227",No,No,,,,,,,,,365362,,,,,,
,Griffith University,"170 Kessels Road, Nathan Qld 4111",Equipment Maintenance,5/05/2022,10505,Controlstore Pty Ltd,"Unit 2, 39 King Road Hornsby, Nsw, 2077",No,No,,,,,,,,,365348,,,,,,
,Griffith University,"170 Kessels Road, Nathan Qld 4111",Membership Fees,5/05/2022,33000,General Sir John Monash Foundation,"Level 1, Bennelong House, 9 Queen Street Melbourne, Vic, 3000",No,No,,,,,,,,,365332,,,,,,
,Griffith University,"170 Kessels Road, Nathan Qld 4111",External Course Delivery,5/05/2022,53574,Nanjing University Of Chinese Medicine,"No.138 Xianlin Avenue, Qixia District Nanjing, 32, 210023",No,No,,,,,,,,,1956627,,,,,,
,Griffith University,"170 Kessels Road, Nathan Qld 4111",Building Construction & Maintenance,5/05/2022,27474,Roadtek,"Po Box 397,  Nerang, Qld, 4211",No,No,,,,,,,,,365326,,,,,,
,Griffith University,"170 Kessels Road, Nathan Qld 4111",Consultancy Services,5/05/2022,78650,Uxc Red Rock Consulting Pty Ltd,"Gpo Box 5238,  Sydney, Nsw, 2001",No,No,,,,,,,,,365357,,,,,,
,Griffith University,"170 Kessels Road, Nathan Qld 4111",Event Expenditure,5/05/2022,24681,Valiant Hire,"16/50 Parker Court,  Pinkenba, Qld, 4008",No,No,,,,,,,,,365331,,,,,,
,Griffith University,"170 Kessels Road, Nathan Qld 4111",Legal Fees,6/05/2022,35200,Clayton Utz,"Level 28, Riparian Plaza, 71 Eagle Street,  Brisbane, Qld, 4000",No,No,,,,,,,,,365387,,,,,,
,Griffith University,"170 Kessels Road, Nathan Qld 4111",Marketing Fees,6/05/2022,12906,Cpx Pty Ltd,"Po Box 3193,  Newmarket, Kelvin Grove Bc, Qld, 4059",No,No,,,,,,,,,365416,,,,,,
,Griffith University,"170 Kessels Road, Nathan Qld 4111",Chemical & Biological Products,6/05/2022,12133,Elicityl,"746 Avenue Ambroise Croizat,  Crolles, , 38920",No,No,,,,,,,,,365391,,,,,,
,Griffith University,"170 Kessels Road, Nathan Qld 4111",Staff Development,6/05/2022,18277,Interchange Consultancy Group,"Po Box 507,  Mudgeeraba, Qld, 4213",No,No,,,,,,,,,365396,,,,,,
,Griffith University,"170 Kessels Road, Nathan Qld 4111",Scientific Equipment,6/05/2022,13557,Newspec Unit Trust,South Australia,No,No,,,,,,,,,365389,,,,,,
,Griffith University,"170 Kessels Road, Nathan Qld 4111",Consultancy Services,6/05/2022,60775,Pipefish Pty Ltd,Brisbane,No,No,,,,,,,,,365397,,,,,,
,Griffith University,"170 Kessels Road, Nathan Qld 4111",Consultancy Services,6/05/2022,27273,Research Foundation Of Cuny,"230 West 41St Street, 7Th Floor,  New York, Ny, 10036",No,No,,,,,,,,,365392,,,,,,
,Griffith University,"170 Kessels Road, Nathan Qld 4111",Subscription/License Fees,9/05/2022,69941,Data #3 Limited,"Po Box 551,  Indooroopilly, Qld, 4068",No,No,,,,,,,,,365437,,,,,,
 ,Griffith University,"170 Kessels Road, Nathan Qld 4111",Consultancy Services,9/05/2022,13871,Dimity Adams Psychology Pty Ltd,Brisbane,No,No,,,,,,,,,365457,,,,,,
,Griffith University,"170 Kessels Road, Nathan Qld 4111",Scientific Equipment,9/05/2022,27799,Edwards Vacuum Australia,"9/53-57 Link Dr,  Yatala, Qld, 4207",No,No,,,,,,,,,365431,,,,,,
,Griffith University,"170 Kessels Road, Nathan Qld 4111",Equipment Maintenance,9/05/2022,20570,Kenelec Scientific Pty Ltd,"23 Redland Drive,  Mitcham, Vic, 3132",No,No,,,,,,,,,365465,,,,,,
,Griffith University,"170 Kessels Road, Nathan Qld 4111",Relocation Services,9/05/2022,14966,Mark De Bruyn,New South Wales,No,No,,,,,,,,,1957758,,,,,,
,Griffith University,"170 Kessels Road, Nathan Qld 4111",Equipment Maintenance,9/05/2022,25978,Otis Elevator Co Pty Ltd,"Po Box 1036,  Brisbane, Qld, 4001",No,No,,,,,,,,,365433,,,,,,
,Griffith University,"170 Kessels Road, Nathan Qld 4111",Equipment Maintenance,9/05/2022,20888,Riot Solutions Pty Ltd,"Po Box 10087 Adelaide Street,  Brisbane, , 4000",No,No,,,,,,,,,365430,,,,,,
,Griffith University,"170 Kessels Road, Nathan Qld 4111",Subscription/License Fees,9/05/2022,63866,Solv Solutions Pty Ltd,"Level 1/776 Canning Hwy,  Applecross, Wa, 6153",Yes,No,,,,,,,,,365436 378454,,C01045,,,,
,Griffith University,"170 Kessels Road, Nathan Qld 4111",Subscription/License Fees,9/05/2022,47446,Wp Engine Inc,"Po Box 734427,  Dallas, Tx, 75373",No,No,,,,,,,,,365435,,,,,,
,Griffith University,"170 Kessels Road, Nathan Qld 4111",Consultancy Services,10/05/2022,75240,Asg Group Limited,"Level 9, 167 St Georges Terrace Perth, Wa, 6000",No,No,,,,,,,,,365494,,,,,,
,Griffith University,"170 Kessels Road, Nathan Qld 4111",Chemical & Biological Products,10/05/2022,13860,Cardinal Bio-Research Pty Ltd,"Po Box 1393,  New Farm, Qld, 4005",No,No,,,,,,,,,365538,,,,,,
,Griffith University,"170 Kessels Road, Nathan Qld 4111",Subscription/License Fees,10/05/2022,12000,"Footage Firm, Inc","1515 N Courthouse Rd, Suite 1000 Arlington, Va, 22201",No,No,,,,,,,,,365498,,,,,,
,Griffith University,"170 Kessels Road, Nathan Qld 4111",Consultancy Services,10/05/2022,85800,Hexaware Technologies Limited,"Level 3, 80 Mount Street,  North Sydney, Nsw, 2060",No,No,,,,,,,,,365492,,,,,,
,Griffith University,"170 Kessels Road, Nathan Qld 4111",Copyright & Royalties,10/05/2022,76135,The Trustee For The John Family Trust,Brisbane,No,No,,,,,,,,,1957899 1975979,,,,,,
,Griffith University,"170 Kessels Road, Nathan Qld 4111",Equipment Maintenance,11/05/2022,12650,Archipelago,"Po Box 16063,  City East, Qld, 4002",No,No,,,,,,,,,365564,,,,,,
,Griffith University,"170 Kessels Road, Nathan Qld 4111",Software Support Maintenance,11/05/2022,11000,Esri Australia,"Po Box 15459,  Brisbane Albert Street, Qld, 4002",No,No,,,,,,,,,365568,,,,,,
,Griffith University,"170 Kessels Road, Nathan Qld 4111",Subscription/License Fees,11/05/2022,55000,Hotcourses Pty Ltd,"Studio 6, Level 1, 285A Crown Street Surry Hills, Nsw, 2010",No,No,,,,,,,,,365569,,,,,,
,Griffith University,"170 Kessels Road, Nathan Qld 4111",Software Support Maintenance,11/05/2022,25742,Intrado Australia Pty Ltd,"Level 6, 171 Clarence Street,  Sydney, Nsw, 2000",No,No,,,,,,,,,365583,,,,,,
,Griffith University,"170 Kessels Road, Nathan Qld 4111",Equipment Maintenance,11/05/2022,19677,Jeol (Australasia) Pty Ltd,"Suite 1,Level 2, 18 Aquatic Drive Frenchs Forest, Nsw, 2086",No,No,,,,,,,,,365574,,,,,,
,Griffith University,"170 Kessels Road, Nathan Qld 4111",Scientific Equipment,11/05/2022,710672,Nano Vacuum Pty Ltd,"Unit 6, 5 Salisbury Road Castle Hill, Nsw, 2154",No,No,Selective,,,,,,,,365586,,,,,,
,Griffith University,"170 Kessels Road, Nathan Qld 4111",Consultancy Services,11/05/2022,110000,The Trustee For Success Through Focus,"Po Box 1093,  Caulfield North, Vic, 3161",No,No,,,,,,,,,365582,,,,,,
,Griffith University,"170 Kessels Road, Nathan Qld 4111",Consultancy Services,11/05/2022,16036,Workplace Options Management Consultatio,"Room 2205, Tower B, Baoland Plaza, No.588 Dalian Road Shanghai, 31, 200082",No,No,,,,,,,,,1958124,,,,,,
,Griffith University,"170 Kessels Road, Nathan Qld 4111",Equipment Maintenance,12/05/2022,14429,Beckman Coulter Australia P/L,"23-27 Chaplin Drive,  Lane Cove, Nsw, 2066",No,No,,,,,,,,,365612,,,,,,
,Griffith University,"170 Kessels Road, Nathan Qld 4111",Computer Equipment,12/05/2022,29866,Bruker Pty Ltd,"Po Box 202,  Alexandria, Nsw, 1435",No,No,,,,,,,,,365643,,,,,,
,Griffith University,"170 Kessels Road, Nathan Qld 4111",Hire/Lease Fees,12/05/2022,14520,Co Spaces Pty Ltd,"16 Nexus Way,  Southport, Qld, 4215",No,No,,,,,,,,,1955300,,,,,,
,Griffith University,"170 Kessels Road, Nathan Qld 4111",Consultancy Services,12/05/2022,33379,Golitek Technology Trading Ltd Company,Vietnam,No,No,,,,,,,,,1958114,,,,,,
,Griffith University,"170 Kessels Road, Nathan Qld 4111",Subscription/License Fees,12/05/2022,330000,Learning Information Systems,"Level 11,  17 York St,  Sydney, Nsw, 2000",No,No,,,,,,,,,365638,,,,,,
,Griffith University,"170 Kessels Road, Nathan Qld 4111",Equipment Maintenance,12/05/2022,17105,Nano Vacuum Pty Ltd,"Unit 6, 5 Salisbury Road Castle Hill, Nsw, 2154",No,No,,,,,,,,,365668,,,,,,
,Griffith University,"170 Kessels Road, Nathan Qld 4111",Subscription/License Fees,12/05/2022,16072,National Library Of Australia,"Parkes Place,  Canberra, Act, 2600",No,No,,,,,,,,,1955307,,,,,,
,Griffith University,"170 Kessels Road, Nathan Qld 4111",Consumables,12/05/2022,51841,Sai Gon Hi-Tech And Technical Services J,Vietnam,No,No,,,,,,,,,1958113,,,,,,
,Griffith University,"170 Kessels Road, Nathan Qld 4111",Subscription/License Fees,13/05/2022,47146,Data #3 Limited,"Po Box 551,  Indooroopilly, Qld, 4068",No,No,,,,,,,,,365687,,,,,,
,Griffith University,"170 Kessels Road, Nathan Qld 4111",Equipment Maintenance,13/05/2022,34492,Intuit Technologies Pty Ltd,"39 Sandy Bay Road,  Battery Point, Tas, 7004",No,No,,,,,,,,,365678,,,,,,
,Griffith University,"170 Kessels Road, Nathan Qld 4111",Consultancy Services,13/05/2022,19200,Jcc Consultant,"Unit 37, 75 Welsby Street New Farm, Qld, 4005",No,No,,,,,,,,,365679,,,,,,
,Griffith University,"170 Kessels Road, Nathan Qld 4111",Commission Payment,13/05/2022,17573,Link International Student Service,"Suite 1, Level 5, 231 George St,  Brisbane, Qld, 4000",No,No,,,,,,,,,1958650,,,,,,
,Griffith University,"170 Kessels Road, Nathan Qld 4111",Commission Payment,13/05/2022,522254,Pearson Australia Group Pty Ltd,"Suite 1001 Level 10, 151 Castlereagh Street, Sydney, Nsw, 2000",No,No,Limited,b - (iii) The absence of competition for technical reasons which can only be supplied by a particular supplier and no reasonable alternative exists,,,,,,,1958709,,,,,,
,Griffith University,"170 Kessels Road, Nathan Qld 4111",Scientific Equipment,13/05/2022,23928,Shanghai Mikrouna Mech Tech Co Ltd,"No,366 Yangle Road, Shanyang Town, Jinshan District, Shanghai, 201508",No,No,,,,,,,,,365686,,,,,,
,Griffith University,"170 Kessels Road, Nathan Qld 4111",Subscription/License Fees,13/05/2022,11590,Technic Pty Ltd,"Gpo Box 879,  Hobart, Tas, 7001",No,No,,,,,,,,,365688,,,,,,
,Griffith University,"170 Kessels Road, Nathan Qld 4111",Recruitment/Placement Fees,14/05/2022,13418,Seek Limited,"Gpo Box 2335,  Sydney, Nsw, 2001",No,No,,,,,,,,,1956998,,,,,,
,Griffith University,"170 Kessels Road, Nathan Qld 4111",Furniture,16/05/2022,18150,Abp Allboards P/L,"Po Box 197,  Carole Park, Qld, 4300",No,No,,,,,,,,,365736,,,,,,
,Griffith University,"170 Kessels Road, Nathan Qld 4111",Building Construction & Maintenance,16/05/2022,55055,Bennett And Bennett Group,"Po Box 5021,  Gold Coast Mail Centre, Qld, 9726",No,No,,,,,,,,,365759,,,,,,
,Griffith University,"170 Kessels Road, Nathan Qld 4111",Equipment Maintenance,16/05/2022,18007,Dewpoint Air,"Po Box 3479,  Newmarket, Qld, 4051",No,No,,,,,,,,,365733,,,,,,
,Griffith University,"170 Kessels Road, Nathan Qld 4111",Commission Payment,16/05/2022,877415,Idp Education Pty Ltd,"Level 8, 535 Bourke Street Melbourne, Vic, 3000",No,No,Limited,b - (iii) The absence of competition for technical reasons which can only be supplied by a particular supplier and no reasonable alternative exists,,,,,,,1958926,,,,,,
,Griffith University,"170 Kessels Road, Nathan Qld 4111",Event Expenditure,16/05/2022,220512,Marina Bay Sands Pte Ltd,"10 Bayfront Avenue, 018956",No,No,,,,,,,,,365730,,,,,,
,Griffith University,"170 Kessels Road, Nathan Qld 4111",Consultancy Services,16/05/2022,235620,Vested Family Trust,Brisbane,No,No,,,,,,,,,365758,,,,,,
,Griffith University,"170 Kessels Road, Nathan Qld 4111",Commission Payment,17/05/2022,50213,Kom Consultants,"25 Redmond Dr, Unit 4 Hamilton, On, L8W 3K7",No,No,,,,,,,,,1959277,,,,,,
,Griffith University,"170 Kessels Road, Nathan Qld 4111",Recruitment/Placement Fees,17/05/2022,46200,Robinson Fitzgerald Pty Ltd,"Suite 26, 138 Juliette Street,  Greenslopes, Qld, 4120",No,No,,,,,,,,,1958228 1967689 1972442,,,,,,
,Griffith University,"170 Kessels Road, Nathan Qld 4111",Computer Equipment,18/05/2022,13408,Act Logistics Pty Ltd,"17 Archimedes Place,  Murarrie, Qld, 4172",No,No,,,,,,,,,365860,,,,,,
,Griffith University,"170 Kessels Road, Nathan Qld 4111",Consultancy Services,18/05/2022,18652,Australian Genome Research Facility Ltd,"Level 5 Gehrmann Laboratories, Research Road St Lucia, Qld, 4072",No,No,,,,,,,,,365836,,,,,,
,Griffith University,"170 Kessels Road, Nathan Qld 4111",Marketing Fees,18/05/2022,44715,Bailey Hq Pty Ltd,"605 Toohey Road,  Salisbury, Qld, 4107",No,No,,,,,,,,,365843,,,,,,
,Griffith University,"170 Kessels Road, Nathan Qld 4111",Commission Payment,18/05/2022,424215,Open Universities Australia,"Level 1/473 Bourke St,  Melbourne, Vic, 3000",No,No,,,,,,,,,1958925,,,,,,
,Griffith University,"170 Kessels Road, Nathan Qld 4111",Subscription/License Fees,18/05/2022,30435,Ping Identity Corporation,"1001 17Th Street, Suite 100,  Denver, Co, 80202",No,No,,,,,,,,,365831,,,,,,
,Griffith University,"170 Kessels Road, Nathan Qld 4111",Consultancy Services,19/05/2022,34542,Darren Christopher Lukas,Indonesia,No,No,,,,,,,,,365901,,,,,,
,Griffith University,"170 Kessels Road, Nathan Qld 4111",Consultancy Services,19/05/2022,30000,League Of Scholars Pty Ltd,New South Wales,No,No,,,,,,,,,365876,,,,,,
,Griffith University,"170 Kessels Road, Nathan Qld 4111",Relocation Services,19/05/2022,16500,Odgers Berndtson,"Level 2, 2 Bulletin Place Sydney, Nsw, 2000",No,No,,,,,,,,,1955816,,,,,,
,Griffith University,"170 Kessels Road, Nathan Qld 4111",Equipment Maintenance,19/05/2022,27500,Office Of Industrial Relations,"Po Box 820,  Lutwyche, Qld, 4030",No,No,,,,,,,,,365875,,,,,,
,Griffith University,"170 Kessels Road, Nathan Qld 4111",Commission Payment,19/05/2022,597713,Oztrekk Educational Services Ltd,"1 Sherbrooke Street East, Suite 301,  Perth, On, K7H 1A1",No,No,Limited,b - (iii) The absence of competition for technical reasons which can only be supplied by a particular supplier and no reasonable alternative exists,,,,,,,1959860,,,,,,
,Griffith University,"170 Kessels Road, Nathan Qld 4111",Relocation Services,19/05/2022,10079,Sirva Relocation,"490 Freeman Road,  Richlands, Qld, 4077",No,No,,,,,,,,,365896,,,,,,
,Griffith University,"170 Kessels Road, Nathan Qld 4111",Consultancy Services,19/05/2022,63866,The Code Company Pty Ltd,"Po Box 1169,  Hervey Bay, Qld, 4655",No,No,,,,,,,,,365898,,,,,,
,Griffith University,"170 Kessels Road, Nathan Qld 4111",Event Expenditure,20/05/2022,11471,Marina Bay Sands Pte Ltd,"10 Bayfront Avenue, 018956",No,No,,,,,,,,,1959812,,,,,,
,Griffith University,"170 Kessels Road, Nathan Qld 4111",Marketing Fees,20/05/2022,21450,Roam Films,Gold Coast,No,No,,,,,,,,,365929,,,,,,
,Griffith University,"170 Kessels Road, Nathan Qld 4111",Membership Fees,20/05/2022,17336,University Of Melbourne,"Raymond Priestley Bldg Melbourne, Vic, 3010",No,No,,,,,,,,,1960147,,,,,,
,Griffith University,"170 Kessels Road, Nathan Qld 4111",Health & Safety Expenses,22/05/2022,19166,Elite Test & Tag Brisbane South,Brisbane,No,No,,,,,,,,,1958967,,,,,,
,Griffith University,"170 Kessels Road, Nathan Qld 4111",Consultancy Services,23/05/2022,129515,David Kramer,Brisbane,Yes,No,,,,,,,,,365973,,,,,,
,Griffith University,"170 Kessels Road, Nathan Qld 4111",Building Construction & Maintenance,23/05/2022,36443,Descab Pty Ltd T/A Qld Multi Trades,Brisbane,No,No,,,,,,,,,365964,,,,,,
,Griffith University,"170 Kessels Road, Nathan Qld 4111",Event Expenditure,24/05/2022,19668,Brisbane State High School,"Cnr Cordelia & Glenelg St,  South Brisbane, Qld, 4101",No,No,,,,,,,,,366062,,,,,,
,Griffith University,"170 Kessels Road, Nathan Qld 4111",Subscription/License Fees,24/05/2022,11053,Experian Australia T/A Qas Pty Ltd,"L6 549 St Kilda Road,  Melbourne, Vic, 3004",No,No,,,,,,,,,366027,,,,,,
,Griffith University,"170 Kessels Road, Nathan Qld 4111",Patent Application Fee,24/05/2022,48074,Fb Rice Pty Ltd,"Brisbane, Qld",No,No,,,,,,,,,1961000,,,,,,
,Griffith University,"170 Kessels Road, Nathan Qld 4111",Computer Equipment,24/05/2022,14913,Jb Hi Fi Group Pty Ltd,"544 Kessells Road,  Macgregor, Qld, 4109",No,No,,,,,,,,,366064,,,,,,
,Griffith University,"170 Kessels Road, Nathan Qld 4111",Building Construction & Maintenance,24/05/2022,10405,Plumbrite Solutions Pty. Ltd.,"Po Box 227,  Cleveland, Qld, 4163",No,No,,,,,,,,,366024,,,,,,
,Griffith University,"170 Kessels Road, Nathan Qld 4111",Relocation Services,24/05/2022,23660,Sirva Relocation,"490 Freeman Road,  Richlands, Qld, 4077",No,No,,,,,,,,,366068,,,,,,
,Griffith University,"170 Kessels Road, Nathan Qld 4111",Event Expenditure,24/05/2022,14840,Somerville House,"17 Graham Street,  South Brisbane, Qld, 4101",No,No,,,,,,,,,366063,,,,,,
,Griffith University,"170 Kessels Road, Nathan Qld 4111",Equipment Maintenance,24/05/2022,23485,Spotless Facility Services Pty Ltd,"549 Saint Kilda Road,  Melbourne, Vic, 3004",No,No,,,,,,,,,366026,,,,,,
,Griffith University,"170 Kessels Road, Nathan Qld 4111",Subscription/License Fees,25/05/2022,12248,Bentley Systems International Limited,"Charlemont Exchange, 5Th Floor, Charlemont Street Dublin 2, Dublin, D02Vn88",No,No,,,,,,,,,366086,,,,,,
,Griffith University,"170 Kessels Road, Nathan Qld 4111",Audio Visual Equipment,25/05/2022,10432,Kron Technologies Inc.,"113-8337 Eastlake Drive,  Burnaby, Bc, V5A 4W2",No,No,,,,,,,,,366085,,,,,,
,Griffith University,"170 Kessels Road, Nathan Qld 4111",Software Support Maintenance,25/05/2022,12719,Oracle Corporation Australia Pty Ltd,"Gpo Box 1313,  Sydney, Nsw, 2001",No,No,,,,,,,,,366087,,,,,,
,Griffith University,"170 Kessels Road, Nathan Qld 4111",Building Construction & Maintenance,25/05/2022,751409,Steadfast Projects Pty Ltd,Brisbane,Yes,No,Selective,,,,,,,,366106,,,,,,
,Griffith University,"170 Kessels Road, Nathan Qld 4111",Scientific Equipment,26/05/2022,18717,Coherent Scientific Pty Ltd,"Unit 2, 32 West Thebarton Road,  Thebarton, Sa, 5031",No,No,,,,,,,,,366155,,,,,,
,Griffith University,"170 Kessels Road, Nathan Qld 4111",Consultancy Services,26/05/2022,68838,Foresight Improvement Through People P/L,Sunshine Coast,No,No,,,,,,,,,366170,,,,,,
,Griffith University,"170 Kessels Road, Nathan Qld 4111",Building Construction & Maintenance,26/05/2022,22410,Global Integrated Solutions Limited,"Auckland, New Zealand",No,No,,,,,,,,,368780,,,,,,
,Griffith University,"170 Kessels Road, Nathan Qld 4111",Consultancy Services,26/05/2022,132000,Mcgrathnicol Advisory Partnership,"7/175 Eagle Street,  Brisbane, Qld, 4000",No,No,,,,,,,,,366139,,,,,,
,Griffith University,"170 Kessels Road, Nathan Qld 4111",Patent Application Fee,26/05/2022,12181,Spruson & Ferguson Pty Limited,"Gpo Box 3898,  Sydney, Nsw, 2001",No,No,,,,,,,,,1958938,,,,,,
,Griffith University,"170 Kessels Road, Nathan Qld 4111",Marketing Fees,26/05/2022,25398,The School Locker,"103 Hyde Rd,  Yeronga, Qld, 4104",No,No,,,,,,,,,366190,,,,,,
,Griffith University,"170 Kessels Road, Nathan Qld 4111",Scientific Equipment,26/05/2022,10503,Thermo Fisher Scientific Australia,"Po Box 9092,  Scoresby, Vic, 3179",No,No,,,,,,,,,366172,,,,,,
,Griffith University,"170 Kessels Road, Nathan Qld 4111",Software Support Maintenance,27/05/2022,23429,Crayon Australia Pty Ltd,"Suite 109, 44 Lakeview Dr Scoresby, Vic, 3179",No,No,,,,,,,,,366220,,,,,,
,Griffith University,"170 Kessels Road, Nathan Qld 4111",Consultancy Services,27/05/2022,52250,Edified Pty Ltd,Victoria,No,No,,,,,,,,,366228,,,,,,
,Griffith University,"170 Kessels Road, Nathan Qld 4111",Building Construction & Maintenance,27/05/2022,35948,Gateway Container Park Pty Ltd,"Po Box 7034,  Hemmant, Qld, 4174",No,No,,,,,,,,,366219,,,,,,
,Griffith University,"170 Kessels Road, Nathan Qld 4111",Consultancy Services,27/05/2022,31350,Kisimul Holdings Pty. Ltd.,"Level 2, 619 Pacific Highway St Leonards, Nsw, 2065",No,No,,,,,,,,,366201,,,,,,
,Griffith University,"170 Kessels Road, Nathan Qld 4111",Building Construction & Maintenance,27/05/2022,181287,Logical Line Marking,"18 Ferguson Street,  Underwood, Qld, 4119",No,No,,,,,,,,,366198,,,,,,
,Griffith University,"170 Kessels Road, Nathan Qld 4111",Building Construction & Maintenance,27/05/2022,15340,Mctaggart Plumbing Pty Ltd,"Po Box 173,  Petrie, Qld, 4502",No,No,,,,,,,,,366195,,,,,,
,Griffith University,"170 Kessels Road, Nathan Qld 4111",Health & Safety Expenses,27/05/2022,16599,Md Solutions Australasia Pty Ltd,"Unit 1, 16-18 Tennyson Street Williamstown North, Vic, 3016",No,No,,,,,,,,,1961231,,,,,,
,Griffith University,"170 Kessels Road, Nathan Qld 4111",Building Construction & Maintenance,27/05/2022,62308,Precise Air Group P/L,"Po Box 1859,  Springwood, Qld, 4128",No,No,,,,,,,,,366249,,,,,,
,Griffith University,"170 Kessels Road, Nathan Qld 4111",Audio Visual Equipment,27/05/2022,18827,Proav Solutions Queensland,"Po Box 2722,  Toowong, Qld, 4066",No,No,,,,,,,,,366242,,,,,,
,Griffith University,"170 Kessels Road, Nathan Qld 4111",Subscription/License Fees,27/05/2022,33589,Qs Unisolution Gmbh,"Wankelstrasse 14,  Stuttgart, 70563",No,No,,,,,,,,,366221,,,,,,
,Griffith University,"170 Kessels Road, Nathan Qld 4111",Consultancy Services,27/05/2022,12990,Qualtrics Llc,"333 West River Park Drive,  Provo, Ut, 84604",No,No,,,,,,,,,1960575,,,,,,
,Griffith University,"170 Kessels Road, Nathan Qld 4111",Computer Equipment,27/05/2022,24525,The School Locker,"103 Hyde Rd,  Yeronga, Qld, 4104",No,No,,,,,,,,,366227,,,,,,
,Griffith University,"170 Kessels Road, Nathan Qld 4111",Membership Fees,27/05/2022,17336,University Of Melbourne,"Raymond Priestley Bldg Melbourne, Vic, 3010",No,No,,,,,,,,,1960148,,,,,,
,Griffith University,"170 Kessels Road, Nathan Qld 4111",Patent Application Fee,28/05/2022,19437,Eagar & Associates Pty Ltd,"Po Box 1499,  Oxenford, Qld, 4210",No,No,,,,,,,,,1957447,,,,,,
,Griffith University,"170 Kessels Road, Nathan Qld 4111",Printing Expenses,28/05/2022,11575,Ligare Pty Ltd,"138 Bonds Road,  Riverwood, Nsw, 2210",No,No,,,,,,,,,1957288,,,,,,
,Griffith University,"170 Kessels Road, Nathan Qld 4111",Consultancy Services,28/05/2022,40479,Southern Cross University,"Po Box 157,  Lismore, Nsw, 2480",No,No,,,,,,,,,1956864,,,,,,
,Griffith University,"170 Kessels Road, Nathan Qld 4111",Membership Fees,30/05/2022,99000,Australian Academy Of Science,"Gpo Box 783,  Canberra, Act, 2601",No,No,,,,,,,,,366269,,,,,,
,Griffith University,"170 Kessels Road, Nathan Qld 4111",Subscription/License Fees,30/05/2022,60675,Data #3 Limited,"Po Box 551,  Indooroopilly, Qld, 4068",No,No,,,,,,,,,366292,,,,,,
,Griffith University,"170 Kessels Road, Nathan Qld 4111",Subscription/License Fees,30/05/2022,611608,Database Consultants Australia,"Level 5, 355 Spencer Street West Melbourne, Vic, 3003",Yes,No,Open,,,,,,,,C00956_1,,,,,,
,Griffith University,"170 Kessels Road, Nathan Qld 4111",Consultancy Services,30/05/2022,15378,Denise Margaret Hatzis,Brisbane,No,No,,,,,,,,,366286,,,,,,
,Griffith University,"170 Kessels Road, Nathan Qld 4111",Consultancy Services,30/05/2022,12650,Dimity Adams Psychology Pty Ltd,Brisbane,No,No,,,,,,,,,366287,,,,,,
,Griffith University,"170 Kessels Road, Nathan Qld 4111",Subscription/License Fees,30/05/2022,13277,Ebsco International Inc,"Subscription Services, North Sydney, Nsw, 2060",No,No,,,,,,,,,1960996,,,,,,
,Griffith University,"170 Kessels Road, Nathan Qld 4111",Subscription/License Fees,30/05/2022,25915,Monotype Limited,"The Tea Building Unit 2.05, 56 Shoreditch High Street London, E1 6Jj",No,No,,,,,,,,,366291,,,,,,
,Griffith University,"170 Kessels Road, Nathan Qld 4111",Commission Payment,30/05/2022,721769,Open Universities Australia,"Level 1/473 Bourke St,  Melbourne, Vic, 3000",No,No,Limited,b - (iii) The absence of competition for technical reasons which can only be supplied by a particular supplier and no reasonable alternative exists,,,,,,,1960286,,,,,,
,Griffith University,"170 Kessels Road, Nathan Qld 4111",Relocation Services,30/05/2022,30430,Sirva Relocation,"490 Freeman Road,  Richlands, Qld, 4077",No,No,,,,,,,,,366260,,,,,,
,Griffith University,"170 Kessels Road, Nathan Qld 4111",Consultancy Services,30/05/2022,11250,The Silver Lining Collective,Brisbane,No,No,,,,,,,,,366277,,,,,,
,Griffith University,"170 Kessels Road, Nathan Qld 4111",Consultancy Services,30/05/2022,27280,Water Technology Pty Ltd,"15 Business Park Drive,  Notting Hill, Vic, 3168",No,No,,,,,,,,,1958215,,,,,,
,Griffith University,"170 Kessels Road, Nathan Qld 4111",Building Construction & Maintenance,31/05/2022,16433,A1 Building & Property Solutions Pty Ltd,"3 D'Aguilar Road,  The Gap, Qld, 4061",No,No,,,,,,,,,366326,,,,,,
,Griffith University,"170 Kessels Road, Nathan Qld 4111",Consultancy Services,31/05/2022,16182,Jennifer Carpenter,United Kingdom,No,No,,,,,,,,,366341,,,,,,
,Griffith University,"170 Kessels Road, Nathan Qld 4111",Consultancy Services,31/05/2022,10461,Jennifer Carpenter,United Kingdom,No,No,,,,,,,,,366345,,,,,,
,Griffith University,"170 Kessels Road, Nathan Qld 4111",Legal Fees,31/05/2022,97752,Minter Ellison Lawyers,"Po Box 7844, ""Waterfront Place"" Brisbane, Qld, 4001",No,No,,,,,,,,,1397244,,,,,,
,Griffith University,"170 Kessels Road, Nathan Qld 4111",Artworks,31/05/2022,24860,Simon Degroot,Brisbane,No,No,,,,,,,,,1963044 1971871,,,,,,
,Griffith University,"170 Kessels Road, Nathan Qld 4111",Hire/Lease Fees,31/05/2022,19195,Valiant Hire,"16/50 Parker Court,  Pinkenba, Qld, 4008",No,No,,,,,,,,,366347,,,,,,
,Griffith University,"170 Kessels Road, Nathan Qld 4111",Building Construction & Maintenance,1/06/2022,32338,365 Construction Services Pty Ltd,"Unit 1, 89 Riverside Place Morningside, Qld, 4170",No,No,,,,,,,,,366376,,,,,,
,Griffith University,"170 Kessels Road, Nathan Qld 4111",Building Construction & Maintenance,1/06/2022,82202,Global Integrated Solutions Limited,"Auckland, New Zealand",No,No,,,,,,,,,368539 374357 381619,,,,,,
,Griffith University,"170 Kessels Road, Nathan Qld 4111",Scientific Equipment,1/06/2022,21815,Merck Pty Ltd,"Ground Floor, Building 1, 885 Mountain Highway Bayswater, Vic, 3153",No,No,,,,,,,,,366399,,,,,,
,Griffith University,"170 Kessels Road, Nathan Qld 4111",Consultancy Services,2/06/2022,37373,Cubewise Australia Pty Ltd,"Level 11, 99 Mount St,  North Sydney, Nsw, 2060",No,No,,,,,,,,,366429,,,,,,
,Griffith University,"170 Kessels Road, Nathan Qld 4111",Laboratory Consumables,2/06/2022,14019,"D&X Co., Ltd.","1-1-4, Nagaoka, Mizuho,  Nishitama-Gun, 13, 190-1232",No,No,,,,,,,,,366427,,,,,,
,Griffith University,"170 Kessels Road, Nathan Qld 4111",Consultancy Services,2/06/2022,33000,Global Reviews (Asia Pacific) Pty Ltd,"Level 18, 1 Nicholson Street,  East Melbourne, Vic, 3001",No,No,,,,,,,,,366451,,,,,,
,Griffith University,"170 Kessels Road, Nathan Qld 4111",Consultancy Services,2/06/2022,368280,Halcyon Knights Commercial And Contracti,"Level 18, 31 Queen Street Melbourne, Vic, 3000",No,No,,,,,,,,,366431,,,,,,
,Griffith University,"170 Kessels Road, Nathan Qld 4111",Marketing Fees,2/06/2022,275564,Mediacom Australia Pty Ltd,"Level 17, 65 Berry Street North Sydney, Nsw, 2060",No,No,,,,,,,,,366442,,,,,,
,Griffith University,"170 Kessels Road, Nathan Qld 4111",Vehicle Acquisition,2/06/2022,48710,Norris Motor Group Volkswagen,"282 Gympie Road,  Kedron, Qld, 4031",No,No,,,,,,,,,366426,,,,,,
,Griffith University,"170 Kessels Road, Nathan Qld 4111",Consultancy Services,2/06/2022,70182,Sitara Research Solutions,Brisbane,No,No,,,,,,,,,366425,,,,,,
,Griffith University,"170 Kessels Road, Nathan Qld 4111",Equipment Maintenance,3/06/2022,11577,Astarr Pty. Ltd.,"575 Tarragindi Road,  Salisbury, Qld, 4107",No,No,,,,,,,,,366471,,,,,,
,Griffith University,"170 Kessels Road, Nathan Qld 4111",Equipment Maintenance,3/06/2022,16500,Eppendorf South Pacific Pty Ltd,"Unit 4, 112 Talavera Road North Ryde, Nsw, 2113",No,No,,,,,,,,,366462,,,,,,
,Griffith University,"170 Kessels Road, Nathan Qld 4111",Consultancy Services,3/06/2022,49786,Greencap Pty Ltd,"Suite 1, 677 High Street,  Kew East, Vic, 3102",No,No,,,,,,,,,366500,,,,,,
,Griffith University,"170 Kessels Road, Nathan Qld 4111",Consultancy Services,3/06/2022,44006,Greencap Pty Ltd,"Suite 1, 677 High Street,  Kew East, Vic, 3102",No,No,,,,,,,,,366501,,,,,,
,Griffith University,"170 Kessels Road, Nathan Qld 4111",Marketing Fees,3/06/2022,72245,Mediacom Australia Pty Ltd,"Level 17, 65 Berry Street North Sydney, Nsw, 2060",No,No,,,,,,,,,366484,,,,,,
,Griffith University,"170 Kessels Road, Nathan Qld 4111",Consultancy Services,3/06/2022,24633,Tristan William Casey,Brisbane,No,No,,,,,,,,,1962566 1965157,,,,,,
,Griffith University,"170 Kessels Road, Nathan Qld 4111",Building Construction & Maintenance,6/06/2022,10156,A1 Building & Property Solutions Pty Ltd,Brisbane,No,No,,,,,,,,,366540,,,,,,
,Griffith University,"170 Kessels Road, Nathan Qld 4111",Audio Visual Equipment,6/06/2022,21522,Allied Technologies Australia Pty Ltd,"Po Box 3178,  Newstead, Qld, 4006",No,No,,,,,,,,,366542,,,,,,
,Griffith University,"170 Kessels Road, Nathan Qld 4111",Subscription/License Fees,6/06/2022,10790,Asana Inc,"155 Bryant, Suite 900,  San Francisco, Ca, 94103",No,No,,,,,,,,,366508,,C00730,,,,
,Griffith University,"170 Kessels Road, Nathan Qld 4111",Subscription/License Fees,6/06/2022,23587,Gold Coast City Council,"Po Box 5042,  Gold Coast Mail Centre, Qld, 9729",No,No,,,,,,,,,1962603,,,,,,
,Griffith University,"170 Kessels Road, Nathan Qld 4111",Software Support Maintenance,6/06/2022,1302843,Oracle Corporation Australia Pty Ltd,"Gpo Box 1313,  Sydney, Nsw, 2001",No,No,Limited,"c - (i) Cannot be made for technical reasons such as requirements of interchangeability or interoperability with existing equipment, software, services or installations procured under the initial procurement, or due to conditions under original supplier warranties",,,,,,,366511,,,,,,
,Griffith University,"170 Kessels Road, Nathan Qld 4111",Subscription/License Fees,6/06/2022,236838,Qsr International Pty Ltd,"Level 2, 651 Doncaster Road Doncaster, Vic, 3108",No,No,,,,,,,,,C01130_1,,,,,,
,Griffith University,"170 Kessels Road, Nathan Qld 4111",Student Training Costs,6/06/2022,15059,Rural Medical Education Australia Ltd,"Po Box 2076,  Toowoomba, Qld, 4350",No,No,,,,,,,,,1962723,,,,,,
,Griffith University,"170 Kessels Road, Nathan Qld 4111",Equipment Maintenance,6/06/2022,12993,Thorlabs Inc,"56 Sparta Avenue,  Newton, Nj, 07860",No,No,,,,,,,,,366509,,,,,,
,Griffith University,"170 Kessels Road, Nathan Qld 4111",Building Construction & Maintenance,7/06/2022,19369,A1 Building & Property Solutions Pty Ltd,Brisbane,No,No,,,,,,,,,366577,,,,,,
,Griffith University,"170 Kessels Road, Nathan Qld 4111",Building Construction & Maintenance,7/06/2022,19369,A1 Building & Property Solutions Pty Ltd,Brisbane,No,No,,,,,,,,,366578,,,,,,
,Griffith University,"170 Kessels Road, Nathan Qld 4111",Event Expenditure,7/06/2022,56420,Australian Human Resources Institute,"Level 13, 565 Bourke Street,  Melbourne, Vic, 3000",No,No,,,,,,,,,1961974,,,,,,
,Griffith University,"170 Kessels Road, Nathan Qld 4111",Equipment Maintenance,7/06/2022,10848,Thorlabs Inc,"56 Sparta Avenue,  Newton, Nj, 07860",No,No,,,,,,,,,366570,,,,,,
,Griffith University,"170 Kessels Road, Nathan Qld 4111",Building Construction & Maintenance,8/06/2022,10863,Logical Line Marking,"18 Ferguson Street,  Underwood, Qld, 4119",No,No,,,,,,,,,366632,,,,,,
,Griffith University,"170 Kessels Road, Nathan Qld 4111",Membership Fees,8/06/2022,45411,Qudit,"Prentice Building, University Of Queensland St Lucia, Qld, 4072",No,No,,,,,,,,,1963385,,,,,,
,Griffith University,"170 Kessels Road, Nathan Qld 4111",Event Expenditure,9/06/2022,199914,Brisbane Convention And Exhibition Centr,"Po Box 3869, South Bank Brisbane, Qld, 4101",No,No,,,,,,,,,366684,,,,,,
,Griffith University,"170 Kessels Road, Nathan Qld 4111",Building Construction & Maintenance,9/06/2022,21337,Descab Pty Ltd T/A Qld Multi Trades,Brisbane,No,No,,,,,,,,,366679,,,,,,
,Griffith University,"170 Kessels Road, Nathan Qld 4111",Consultancy Services,9/06/2022,10206,Fire Risk Consultants Pty Ltd,"Po Box 12,  Glengarry, Vic, 3854",No,No,,,,,,,,,366701,,,,,,
,Griffith University,"170 Kessels Road, Nathan Qld 4111",Equipment Maintenance,9/06/2022,13202,Newspec Unit Trust,South Australia,No,No,,,,,,,,,366690,,,,,,
,Griffith University,"170 Kessels Road, Nathan Qld 4111",Building Construction & Maintenance,9/06/2022,10181,Pothole People Qld,"Po Box 7280,  Hemmant, Qld, 4174",No,No,,,,,,,,,366685,,,,,,
,Griffith University,"170 Kessels Road, Nathan Qld 4111",Equipment Maintenance,9/06/2022,57625,Precise Air Group P/L,"Po Box 1859,  Springwood, Qld, 4128",No,No,,,,,,,,,366675,,,,,,
,Griffith University,"170 Kessels Road, Nathan Qld 4111",Equipment Maintenance,9/06/2022,88175,Precise Air Group P/L,"Po Box 1859,  Springwood, Qld, 4128",No,No,,,,,,,,,366677,,,,,,
,Griffith University,"170 Kessels Road, Nathan Qld 4111",Recruitment/Placement Fees,9/06/2022,18767,Randstad Pty Limited,"Gpo Box 4640,  Sydney, Nsw, 2001",No,No,,,,,,,,,1963483,,,,,,
,Griffith University,"170 Kessels Road, Nathan Qld 4111",Consultancy Services,9/06/2022,13019,The Trustee For Centre For Organisation,"Po Box 2170,  Bundoora, Vic, 3083",No,No,,,,,,,,,366702,,,,,,
,Griffith University,"170 Kessels Road, Nathan Qld 4111",Subscription/License Fees,9/06/2022,13044,Your Wifi Shop,"Airport Central, Ground Floor, Office 10, 1 Eastern Avenue Bilinga, Qld, 4225",No,No,,,,,,,,,366676,,,,,,
,Griffith University,"170 Kessels Road, Nathan Qld 4111",Scientific Equipment,10/06/2022,16170,Critical Dental Pty Ltd,"Po Box 6929,  Baulkham Hills, Nsw, 2153",No,No,,,,,,,,,366773,,,,,,
,Griffith University,"170 Kessels Road, Nathan Qld 4111",Consultancy Services,10/06/2022,26950,Enhance Management Pty Ltd,"Po Box 564,  Fortitude Valley, Qld, 4006",No,No,,,,,,,,,366741,,,,,,
,Griffith University,"170 Kessels Road, Nathan Qld 4111",Subscription/License Fees,10/06/2022,112946,Ex Libris (Australia) Pty Ltd,Melbourne VIC 3004,No,No,,,,,,,,,1968222 2036643,,,,,,
,Griffith University,"170 Kessels Road, Nathan Qld 4111",Event Expenditure,10/06/2022,32315,Hilton Singapore Orchard,"333 Orchard Road, Singapore, 238867",No,No,,,,,,,,,366743,,,,,,
,Griffith University,"170 Kessels Road, Nathan Qld 4111",Staff Development,10/06/2022,34790,Oxford University Press Uk,"Great Clarendon Street Oxford, , Ox2 6Dp",No,No,,,,,,,,,366744,,,,,,
,Griffith University,"170 Kessels Road, Nathan Qld 4111",Membership Fees,10/06/2022,27280,Queensland Futures Institute Ltd,"Level 11, 111 Eagle Street,  Brisbane, Qld, 4000",No,No,,,,,,,,,1962714,,,,,,
,Griffith University,"170 Kessels Road, Nathan Qld 4111",Relocation Services,10/06/2022,11023,Sirva Relocation,"490 Freeman Road,  Richlands, Qld, 4077",No,No,,,,,,,,,366747,,,,,,
,Griffith University,"170 Kessels Road, Nathan Qld 4111",Building Construction & Maintenance,10/06/2022,51601,Value Added Asset Management Pty Ltd,"27 Bellwood Street,  Darra, Qld, 4076",No,No,,,,,,,,,366731,,,,,,
,Griffith University,"170 Kessels Road, Nathan Qld 4111",Consultancy Services,11/06/2022,27200,Kelvin Ross O'Halloran,Brisbane,No,No,,,,,,,,,1959019,,,,,,
,Griffith University,"170 Kessels Road, Nathan Qld 4111",Scientific Equipment,13/06/2022,17010,Drives & Process Engineering Pty Ltd,"Po Box 4067,  Forest Lake, Qld, 4078",No,No,,,,,,,,,366784,,,,,,
,Griffith University,"170 Kessels Road, Nathan Qld 4111",Consultancy Services,13/06/2022,515898,Peoplebank Australia Ltd,"Level 4, 345 George Street Sydney, Nsw, 2000",Yes,No,Selective,,,,,,,,366780 373869,,,,,,
,Griffith University,"170 Kessels Road, Nathan Qld 4111",Building Construction & Maintenance,13/06/2022,19030,The Trustee For Fireland Consultancy,"Po Box 1012,  Toombul, Qld, 4012",No,No,,,,,,,,,366800,,,,,,
,Griffith University,"170 Kessels Road, Nathan Qld 4111",Event Expenditure,13/06/2022,42873,Village Roadshow Theme Parks Pty Ltd,"Po Box 190,  Surfers Paradise, Qld, 4217",No,No,,,,,,,,,366801,,,,,,
,Griffith University,"170 Kessels Road, Nathan Qld 4111",Staff Development,14/06/2022,17600,Aust Higher Education Industrial Assoc,"Gpo Box 775,  Melbourne, Vic, 3001",No,No,,,,,,,,,366828,,,,,,
,Griffith University,"170 Kessels Road, Nathan Qld 4111",Equipment Purchase,14/06/2022,30415,Hospitality Superstore,"179 Fison Avenue West,  Eagle Farm, Qld, 4009",No,No,,,,,,,,,1962207,,,,,,
,Griffith University,"170 Kessels Road, Nathan Qld 4111",Subscription/License Fees,14/06/2022,92615,Insight Enterprises Australia Pty Ltd,"Locked Bag 3333,  Brookevale, Nsw, 2100",No,No,,,,,,,,,366835,,,,,,
,Griffith University,"170 Kessels Road, Nathan Qld 4111",Advertising,14/06/2022,17506,Seek Limited,"Gpo Box 2335,  Sydney, Nsw, 2001",No,No,,,,,,,,,1961979,,,,,,
,Griffith University,"170 Kessels Road, Nathan Qld 4111",Building Construction & Maintenance,15/06/2022,11495,Equifax Australasia Credit Ratings Pty L,"Po Box 709,  North Sydney, Nsw, 2059",No,No,,,,,,,,,366884,,,,,,
,Griffith University,"170 Kessels Road, Nathan Qld 4111",Equipment Maintenance,15/06/2022,11495,Equifax Australasia Credit Ratings Pty L,"Po Box 709,  North Sydney, Nsw, 2059",No,No,,,,,,,,,366885,,,,,,
,Griffith University,"170 Kessels Road, Nathan Qld 4111",Consultancy Services,15/06/2022,97350,Pipefish Pty Ltd,Brisbane,No,No,,,,,,,,,366907,,,,,,
,Griffith University,"170 Kessels Road, Nathan Qld 4111",Consultancy Services,15/06/2022,26400,Servian Pty Ltd,"Level 38, 71 Eagle Street Brisbane City, Qld, 4000",No,No,,,,,,,,,366906,,,,,,
,Griffith University,"170 Kessels Road, Nathan Qld 4111",Telecommunications Expenditure,15/06/2022,19795,Tpg Network Pty Ltd,"Gpo Box 3641,  Sydney, Nsw, 2001",No,No,,,,,,,,,1963379,,,,,,
,Griffith University,"170 Kessels Road, Nathan Qld 4111",Membership Fees,16/06/2022,66000,Autism Crc Ltd,"Level 3 Foxtail Building, Long Pocket Campus Brisbane, Qld, 4072",No,No,,,,,,,,,366946,,,,,,
,Griffith University,"170 Kessels Road, Nathan Qld 4111",Subscription/License Fees,16/06/2022,58724,Data #3 Limited,"Po Box 551,  Indooroopilly, Qld, 4068",No,No,,,,,,,,,366939,,,,,,
,Griffith University,"170 Kessels Road, Nathan Qld 4111",Equipment Maintenance,16/06/2022,14300,John Morris Scientific Pty Ltd,"Po Box 447,  Willoughby, Nsw, 2068",No,No,,,,,,,,,366973,,,,,,
,Griffith University,"170 Kessels Road, Nathan Qld 4111",Membership Fees,16/06/2022,12806,Research Australia,"384 Victoria Street,  Darlinghurst, Nsw, 2010",No,No,,,,,,,,,366949,,,,,,
,Griffith University,"170 Kessels Road, Nathan Qld 4111",Consultancy Services,17/06/2022,84873,Accellier,"4 Silversmith Centre, 12 Cudgery Street Dorrigo, Nsw, 2453",Yes,No,,,,,,,,,367033 1976569 2011270,,,,,,
,Griffith University,"170 Kessels Road, Nathan Qld 4111",Computer Equipment,17/06/2022,126457,Hewlett-Packard Australia Pty Ltd,"P O Box 221,  Blackburn, Vic, 3130",No,No,,,,,,,,,367022,,,,,,
,Griffith University,"170 Kessels Road, Nathan Qld 4111",Computer Equipment,17/06/2022,40864,New Data Solutions Pty Ltd,"Po Box 201 Scarborough, Qld, 4020",No,No,,,,,,,,,367000,,,,,,
,Griffith University,"170 Kessels Road, Nathan Qld 4111",Event Expenditure,17/06/2022,25379,Valiant Hire,"16/50 Parker Court,  Pinkenba, Qld, 4008",No,No,,,,,,,,,367005,,,,,,
,Griffith University,"170 Kessels Road, Nathan Qld 4111",Event Expenditure,18/06/2022,25615,Encore Event Technologies Pty Ltd,"Unit 5/21 South Street,  Rydalmere, Nsw, 2116",No,No,,,,,,,,,1960565,,,,,,
,Griffith University,"170 Kessels Road, Nathan Qld 4111",Consultancy Services,18/06/2022,14400,Filet Consulting,Brisbane,No,No,,,,,,,,,1961008,,,,,,
,Griffith University,"170 Kessels Road, Nathan Qld 4111",Pathology Expenditure,19/06/2022,14933,Australian Genome Research Facility Ltd,"Level 5 Gehrmann Laboratories, Research Road St Lucia, Qld, 4072",No,No,,,,,,,,,1960085,,,,,,
,Griffith University,"170 Kessels Road, Nathan Qld 4111",Patent Application Fee,19/06/2022,25195,Eagar & Associates Pty Ltd,"Po Box 1499,  Oxenford, Qld, 4210",No,No,,,,,,,,,1960713,,,,,,
,Griffith University,"170 Kessels Road, Nathan Qld 4111",Consultancy Services,20/06/2022,288365,Deloitte Consulting Pty Limited,"123 Eagle Street,  Brisbane, Qld, 4000",No,No,,,,,,,,,367046,,,,,,
,Griffith University,"170 Kessels Road, Nathan Qld 4111",Subscription/License Fees,20/06/2022,3054513,Global It Factory Pty. Ltd.,"Level 1, 530 Little Collins Street Melbourne, Vic, 3000",Yes,No,Selective,,,,,,,,GU-889,,,,,,
,Griffith University,"170 Kessels Road, Nathan Qld 4111",Subscription/License Fees,20/06/2022,2132760,Oracle Corporation Australia Pty Ltd,"Gpo Box 1313,  Sydney, Nsw, 2001",No,No,Limited,"c - (i) Cannot be made for technical reasons such as requirements of interchangeability or interoperability with existing equipment, software, services or installations procured under the initial procurement, or due to conditions under original supplier warranties",,,,,,,367040 392217,,,,,,
,Griffith University,"170 Kessels Road, Nathan Qld 4111",Building Construction & Maintenance,20/06/2022,20969,Precise Air Group P/L,"Po Box 1859,  Springwood, Qld, 4128",No,No,,,,,,,,,367073,,,,,,
,Griffith University,"170 Kessels Road, Nathan Qld 4111",Artworks,20/06/2022,44000,Sarah Cottier Gallery,"23 Roylston Street,  Paddington, Nsw, 2021",No,No,,,,,,,,,367067,,,,,,
,Griffith University,"170 Kessels Road, Nathan Qld 4111",Scientific Equipment,20/06/2022,14520,Scitek Australia Pty Ltd,"Po Box 355,  Milsons Point, Nsw, 1565",No,No,,,,,,,,,367049,,,,,,
,Griffith University,"170 Kessels Road, Nathan Qld 4111",Marketing Fees,20/06/2022,19995,The Together Society Pty Ltd,Brisbane,No,No,,,,,,,,,367062,,,,,,
,Griffith University,"170 Kessels Road, Nathan Qld 4111",Building Construction & Maintenance,20/06/2022,60610,The Trustee For Fireland Consultancy,"Po Box 1012,  Toombul, Qld, 4012",No,No,,,,,,,,,367077,,,,,,
,Griffith University,"170 Kessels Road, Nathan Qld 4111",Building Construction & Maintenance,20/06/2022,29777,Trisley Hydraulic Services Qld Pty Ltd,"Unit 5/15 Porter Street,  Hemmant, Qld, 4174",No,No,,,,,,,,,367066,,,,,,
,Griffith University,"170 Kessels Road, Nathan Qld 4111",Printing Expenses,20/06/2022,13614,Unicard Systems Pty Ltd,"35/6 Herbert Street,  St Leonards, Nsw, 2065",No,No,,,,,,,,,367048,,,,,,
,Griffith University,"170 Kessels Road, Nathan Qld 4111",Consultancy Services,21/06/2022,210222,Eighty20 Solutions Pty Ltd,"Level 16, 68 Pitt Street Sydney, Nsw, 2000",No,No,,,,,,,,,367115,,,,,,
,Griffith University,"170 Kessels Road, Nathan Qld 4111",Recruitment/Placement Fees,21/06/2022,50600,Robinson Fitzgerald Pty Ltd,"Suite 26, 138 Juliette Street,  Greenslopes, Qld, 4120",No,No,,,,,,,,,367124,,,,,,
,Griffith University,"170 Kessels Road, Nathan Qld 4111",Consultancy Services,21/06/2022,62182,Sarah Louise Deck,Canada,No,No,,,,,,,,,367113,,,,,,
,Griffith University,"170 Kessels Road, Nathan Qld 4111",Consultancy Services,21/06/2022,31532,The Trustee For Code Black Trust,"Po Box 1198,  Darling, Vic, 3145",No,No,,,,,,,,,367114,,,,,,
,Griffith University,"170 Kessels Road, Nathan Qld 4111",Subscription/License Fees,22/06/2022,30000,Kanopy,"781 Beach Street, Second Floor,  San Francisco, Ca, 94133",No,No,,,,,,,,,1965367,,,,,,
,Griffith University,"170 Kessels Road, Nathan Qld 4111",Commission Payment,22/06/2022,24603,Pac Asia Eduserve Llp,"C-2 Basement Commercial Complex, Safdarjung Development Area, Opp. Iit Delhi New Delhi, , 110016",No,No,,,,,,,,,1965337,,,,,,
,Griffith University,"170 Kessels Road, Nathan Qld 4111",Chemical & Biological Products,22/06/2022,12914,Scientifix Pty Ltd,"Unit F1 Hallmarc Business Park, Cnr Westall & Centre Roads Clayton, Vic, 3168",No,No,,,,,,,,,367163,,,,,,
,Griffith University,"170 Kessels Road, Nathan Qld 4111",Recruitment/Placement Fees,22/06/2022,13709,U&U Recruitment Partners,"Level 12, 259 Queen Street,  Brisbane, Qld, 4000",No,No,,,,,,,,,367151,,,,,,
,Griffith University,"170 Kessels Road, Nathan Qld 4111",Building Construction & Maintenance,23/06/2022,83824,Atlas Copco Australia Pty Ltd,"25 Bluestone Circuit,  Seventeen Mile Rocks, Qld, 4073",No,No,,,,,,,,,367188,,,,,,
,Griffith University,"170 Kessels Road, Nathan Qld 4111",Audit Fees,23/06/2022,41800,Bdo Services Pty Ltd,"Level 10, 12 Creek Street,  Brisbane, Qld, 4000",No,No,,,,,,,,,367210,,,,,,
,Griffith University,"170 Kessels Road, Nathan Qld 4111",Audit Fees,23/06/2022,31350,Bdo Services Pty Ltd,"Level 10, 12 Creek Street,  Brisbane, Qld, 4000",No,No,,,,,,,,,367211,,,,,,
,Griffith University,"170 Kessels Road, Nathan Qld 4111",Audit Fees,23/06/2022,59622,Deloitte Risk Advisory Pty Limited,"123 Eagle Street,  Brisbane City, Qld, 4000",No,No,,,,,,,,,367209,,,,,,
,Griffith University,"170 Kessels Road, Nathan Qld 4111",Staff Development,23/06/2022,15276,Lntegro Learning Company Pty Ltd.,"Po Box 642,  Dee Why, Nsw, 2099",No,No,,,,,,,,,367192,,,,,,
,Griffith University,"170 Kessels Road, Nathan Qld 4111",Event Expenditure,23/06/2022,48665,Southport Australian Rules Football Club,"3 Melia Court,  Southport, Qld, 4215",No,No,,,,,,,,,1964891,,,,,,
,Griffith University,"170 Kessels Road, Nathan Qld 4111",Set Construction,24/06/2022,32777,A Noble Event Australia,"Po Box 4314,  Eight Mile Plains, Qld, 4113",No,No,,,,,,,,,367272,,,,,,
,Griffith University,"170 Kessels Road, Nathan Qld 4111",Consultancy Services,24/06/2022,20904,Dreamweavers Event Creators & Producers,"23 Leda Drive,  Burleigh Heads, Qld, 4220",No,No,,,,,,,,,1962715,,,,,,
,Griffith University,"170 Kessels Road, Nathan Qld 4111",Consultancy Services,24/06/2022,16210,Five And Dime,New Zealand,No,No,,,,,,,,,367271,,,,,,
,Griffith University,"170 Kessels Road, Nathan Qld 4111",Subscription/License Fees,24/06/2022,87528,Nintex Pty Ltd,"Level 15 595 Collins Street,  Melbourne, Vic, 3000",No,No,,,,,,,,,367253,,,,,,
,Griffith University,"170 Kessels Road, Nathan Qld 4111",Consultancy Services,24/06/2022,21398,Pricewaterhousecoopers,"Gpo Box 150,  Brisbane, Qld, 4001",No,No,,,,,,,,,1965760,,,,,,
,Griffith University,"170 Kessels Road, Nathan Qld 4111",Consultancy Services,27/06/2022,74800,Cpem Consulting Group,"Po Box 259,  Holland Park, Qld, 4121",No,No,,,,,,,,,367278,,,,,,
,Griffith University,"170 Kessels Road, Nathan Qld 4111",Equipment Maintenance,27/06/2022,16385,Edwards Vacuum Australia,"9/53-57 Link Dr,  Yatala, Qld, 4207",No,No,,,,,,,,,367311,,,,,,
,Griffith University,"170 Kessels Road, Nathan Qld 4111",Consultancy Services,27/06/2022,120835,Mip (Aust) Pty Ltd,"Level 14, 9 Hunter Street,  Sydney, Nsw, 2000",No,No,,,,,,,,,367303,,,,,,
,Griffith University,"170 Kessels Road, Nathan Qld 4111",Subscription/License Fees,27/06/2022,20483,Security & Technology Services (Sq) P/L,"35/1631 Wynnum Road,  Tingalpa, Qld, 4173",No,No,,,,,,,,,1961661,,,,,,
,Griffith University,"170 Kessels Road, Nathan Qld 4111",Scientific Equipment,28/06/2022,204864,Bio-Strategy Pty Limited,"P.O Box 14,  Campbellfield, Vic, 3061",No,No,,,,,,,,,367339,,,,,,
,Griffith University,"170 Kessels Road, Nathan Qld 4111",Recruitment/Placement Fees,28/06/2022,21450,Broadbean Technology,"Level 8, 9 Hunter Street,  Sydney, Nsw, 2000",No,No,,,,,,,,,367355,,,,,,
,Griffith University,"170 Kessels Road, Nathan Qld 4111",Software Support Maintenance,28/06/2022,22201,Cch Australia Ltd,"Gpo Box 4069,  Sydney, Nsw, 2001",No,No,,,,,,,,,367331,,,,,,
,Griffith University,"170 Kessels Road, Nathan Qld 4111",Marketing Fees,28/06/2022,11000,Dan K Pearson,Brisbane,No,No,,,,,,,,,367373,,,,,,
,Griffith University,"170 Kessels Road, Nathan Qld 4111",Consultancy Services,28/06/2022,54285,Icad Consultants Pty Ltd,Brisbane,No,No,,,,,,,,,367362,,,,,,
,Griffith University,"170 Kessels Road, Nathan Qld 4111",Consultancy Services,28/06/2022,43472,Icad Consultants Pty Ltd,Brisbane,No,No,,,,,,,,,367363,,,,,,
,Griffith University,"170 Kessels Road, Nathan Qld 4111",Relocation Services,28/06/2022,13031,Sirva Relocation,"490 Freeman Road,  Richlands, Qld, 4077",No,No,,,,,,,,,367342,,,,,,
,Griffith University,"170 Kessels Road, Nathan Qld 4111",Membership Fees,29/06/2022,55000,Advanced Robotics For Manufacturing Hub,"53 Holland Street,  Northgate, Qld, 4013",No,No,,,,,,,,,1966365,,,,,,
,Griffith University,"170 Kessels Road, Nathan Qld 4111",Relocation Services,29/06/2022,12733,Grace Worldwide (Australia) Pty Ltd,"4 Tucks Road,  Seven Hills, Nsw, 2147",No,No,,,,,,,,,1963860,,,,,,
,Griffith University,"170 Kessels Road, Nathan Qld 4111",Marketing Fees,29/06/2022,26686,Jsa Creative,"Level 4, 500 Queen Street Brisbane City, Qld, 4000",No,No,,,,,,,,,367408,,,,,,
,Griffith University,"170 Kessels Road, Nathan Qld 4111",Consultancy Services,29/06/2022,11000,Kale John Rickards,Gold Coast,No,No,,,,,,,,,1966189,,,,,,
,Griffith University,"170 Kessels Road, Nathan Qld 4111",Membership Fees,29/06/2022,21391,Queensland Tertiary Admissions Centre Lt,"Po Box 1331,  Milton, Qld, 4064",No,No,,,,,,,,,1963475,,,,,,
,Griffith University,"170 Kessels Road, Nathan Qld 4111",Marketing Fees,29/06/2022,13087,Richmond Signs & Designs,"1/15 Bailey Crescent,  Southport, Qld, 4215",No,No,,,,,,,,,367386,,,,,,
,Griffith University,"170 Kessels Road, Nathan Qld 4111",Event Expenditure,29/06/2022,30344,University Of New South Wales,"Ramaciotti Centre For Genomics, Level 1, Biological Sciences Building (D26) Sydney, Nsw, 2052",No,No,,,,,,,,,1966246,,,,,,
,Griffith University,"170 Kessels Road, Nathan Qld 4111",Consultancy Services,30/06/2022,40700,Airborne Research Australia,"Po Box 335,  Salisbury South, Sa, 5106",No,No,,,,,,,,,1962719,,,,,,
,Griffith University,"170 Kessels Road, Nathan Qld 4111",Consultancy Services,30/06/2022,12000,Andre Taylor Consulting,"Po Box 2248,  Port Macquarie, Nsw, 2444",No,No,,,,,,,,,1962713,,,,,,
,Griffith University,"170 Kessels Road, Nathan Qld 4111",Membership Fees,30/06/2022,12771,Australian Computer Society Inc.,"Po Box Q534, Queen Victoria Building Sydney, Nsw, 1230",No,No,,,,,,,,,1962722,,,,,,
,Griffith University,"170 Kessels Road, Nathan Qld 4111",Membership Fees,30/06/2022,22000,Brisbane Development Association Inc,"Gpo Box 3008,  Brisbane, Qld, 4001",No,No,,,,,,,,,1960580,,,,,,
,Griffith University,"170 Kessels Road, Nathan Qld 4111",Equipment  ,30/06/2022,14215,Bsg Brisbane Sound Group,"73 Toombul Road,  Northgate, Qld, 4013",No,No,,,,,,,,,367423,,,,,,
,Griffith University,"170 Kessels Road, Nathan Qld 4111",Consultancy Services,30/06/2022,33000,Crazy Might Work Pty. Ltd.,"Po Box 3001,  Blakehurst, Nsw, 2221",No,No,,,,,,,,,367429,,,,,,
,Griffith University,"170 Kessels Road, Nathan Qld 4111",Scientific Equipment,30/06/2022,36455,Etamax Engineering,"Unit 2, 47 Ellemsea Circuit,  Lonsdale, Sa, 5160",No,No,,,,,,,,,1964540,,,,,,
,Griffith University,"170 Kessels Road, Nathan Qld 4111",Patent Application Fee,30/06/2022,82162,Fb Rice Pty Ltd,"Brisbane, Qld",Yes,No,,,,,,,,,1975982 2013826 2024300 2044301,,,,,,
,Griffith University,"170 Kessels Road, Nathan Qld 4111",Consultancy Services,30/06/2022,38514,Jennifer Carpenter,United Kingdom,No,No,,,,,,,,,367435,,,,,,
,Griffith University,"170 Kessels Road, Nathan Qld 4111",Commission Payment,30/06/2022,25050,Oztrekk Educational Services Ltd,"1 Sherbrooke Street East, Suite 301,  Perth, On, K7H 1A1",No,No,,,,,,,,,1966557,,,,,,
,Griffith University,"170 Kessels Road, Nathan Qld 4111",Commission Payment,30/06/2022,580663,Pearson Australia Group Pty Ltd,"Suite 1001 Level 10, 151 Castlereagh Street, Sydney, Nsw, 2000",No,No,Limited,b - (iii) The absence of competition for technical reasons which can only be supplied by a particular supplier and no reasonable alternative exists,,,,,,,1963358,,,,,,
,Griffith University,"170 Kessels Road, Nathan Qld 4111",Marketing Fees,30/06/2022,114605,Queensland Tertiary Admissions Centre Lt,"Po Box 1331,  Milton, Qld, 4064",No,No,,,,,,,,,367430,,,,,,
,Griffith University,"170 Kessels Road, Nathan Qld 4111",Scientific Equipment,30/06/2022,84838,Tecniplast Australia Pty Limited,"Unit 10, 79-85 Mars Road Lane Cove, Nsw, 2066",No,No,,,,,,,,,367456,,,,,,
,Griffith University,"170 Kessels Road, Nathan Qld 4111",Consultancy Services,30/06/2022,16500,The Trustee For The Jackson Stevens Busi,"Po Box 3028,  Newport, Vic, 3015",No,No,,,,,,,,,1963829,,,,,,
,Griffith University,"170 Kessels Road, Nathan Qld 4111",Event Expenditure,30/06/2022,13268,University Of Newcastle,"Revenue - Business Services, University Drive Callaghan, Nsw, 2308",No,No,,,,,,,,,367431,,,,,,
