Description,Agency (Dept or Stat Body),Agency address,Contract description/name,Award contract date,Contract value,Supplier name,Supplier address,Variation to contract (Yes/No),Specific confidentiality provision used,Procurement method,Reason for use of limited tendering,Form of contract,Number of offers sought,Evaluation criteria and weightings,Deliverables,Contract milestones,Contract performance management,Contract reference number,Contract category group,Parent contract number/SOA,Variation comments,Commence date,Supplier ABN,Finish date
,Griffith University,"170 Kessels Road, Nathan, Qld 4111",Staff Development,1/07/2022,21940,Blue Chip Minds,"Yallambie, VIC",No,No,,,,,,,,,367507,,,,,,
,Griffith University,"170 Kessels Road, Nathan, Qld 4111",Consultancy Services,1/07/2022,265650,Lucid Synthesis Pty Ltd,"Rochedale South, QLD",No,No,,,,,,,,,367506,,,,,,
,Griffith University,"170 Kessels Road, Nathan, Qld 4111",Event Expenditure,1/07/2022,14027,Qt Gold Coast,"Surfers Paradise, Qld",No,No,,,,,,,,,367490,,,,,,
,Griffith University,"170 Kessels Road, Nathan, Qld 4111",Building Construction & Maintenance,1/07/2022,53466,Systemax Pty Ltd,"Capalaba, Qld",No,No,,,,,,,,,375395 367579,,,,,,
,Griffith University,"170 Kessels Road, Nathan, Qld 4111",Computer Equipment,1/07/2022,33268,The School Locker,"Yeronga, Qld",No,No,,,,,,,,,367491,,,,,,
,Griffith University,"170 Kessels Road, Nathan, Qld 4111",Laboratory Consumables,4/07/2022,11106,Agilent Technologies Australia Pty Ltd,"Mulgrave, Vic",No,No,,,,,,,,,367508,,,,,,
,Griffith University,"170 Kessels Road, Nathan, Qld 4111",Building Construction & Maintenance,4/07/2022,29898,Amalgamated Property Maint. Brisbane P/L,"Rochedale South, Qld",No,No,,,,,,,,,367524 367578,,,,,,
,Griffith University,"170 Kessels Road, Nathan, Qld 4111",Relocation Services,4/07/2022,13579,Grace Worldwide (Australia) Pty Ltd,"Seven Hills, Nsw",No,No,,,,,,,,,367509,,,,,,
,Griffith University,"170 Kessels Road, Nathan, Qld 4111",Scientific Equipment,4/07/2022,108266,Minearc Systems,"Kewdale, Wa",No,No,,,,,,,,,367537,,,,,,
,Griffith University,"170 Kessels Road, Nathan, Qld 4111",Scientific Equipment,4/07/2022,15495,Qiagen Pty Ltd,"Chadstone, Vic",No,No,,,,,,,,,367535,,,,,,
,Griffith University,"170 Kessels Road, Nathan, Qld 4111",Recruitment/Placement Fees,4/07/2022,15532,Randstad Pty Limited,"Sydney, Nsw",No,No,,,,,,,,,367525,,,,,,
,Griffith University,"170 Kessels Road, Nathan, Qld 4111",Relocation Services,4/07/2022,12162,Sirva Relocation,"Richlands, Qld",No,No,,,,,,,,,367564,,,,,,
,Griffith University,"170 Kessels Road, Nathan, Qld 4111",Consultancy Services,4/07/2022,27362,Taylor And Grace Pty Ltd,"Albert Park, VIC",No,No,,,,,,,,,367521,,,,,,
,Griffith University,"170 Kessels Road, Nathan, Qld 4111",Building Construction & Maintenance,4/07/2022,11842,Yes Fire Pty Ltd,"Yatala, Qld",No,No,,,,,,,,,367523,,,,,,
,Griffith University,"170 Kessels Road, Nathan, Qld 4111",Building Construction & Maintenance,4/07/2022,11842,Yes Fire Pty Ltd,"Yatala, Qld",No,No,,,,,,,,,367523,,,,,,
,Griffith University,"170 Kessels Road, Nathan, Qld 4111",Consultancy Services,5/07/2022,603416,Pricewaterhousecoopers,"Brisbane, Qld",No,No,Selective,,,,,,,,367603,,,,,,
,Griffith University,"170 Kessels Road, Nathan, Qld 4111",Scientific Equipment,5/07/2022,11748,The Trustee For Hoof Protecta Enterprise,"Dry Creek, Sa",No,No,,,,,,,,,367592,,,,,,
,Griffith University,"170 Kessels Road, Nathan, Qld 4111",Scientific Equipment,5/07/2022,11230,Thermo Fisher Scientific Australia,"Scoresby, Vic",No,No,,,,,,,,,367586,,,,,,
,Griffith University,"170 Kessels Road, Nathan, Qld 4111",Subscription/Licence Fees,6/07/2022,32474,Arrayjet Ltd,Scotland,No,No,,,,,,,,,367624,,,,,,
,Griffith University,"170 Kessels Road, Nathan, Qld 4111",Pathology Expenditure,7/07/2022,11216,Australian Genome Research Facility Ltd,"St Lucia, Qld",No,No,,,,,,,,,1966567,,,,,,
,Griffith University,"170 Kessels Road, Nathan, Qld 4111",Event Expenditure,7/07/2022,132919,Gold Coast Convention & Exhibition Centr,"Broadbeach, Qld",No,No,,,,,,,,,367677,,,,,,
,Griffith University,"170 Kessels Road, Nathan, Qld 4111",Consultancy Services,7/07/2022,327800,Integral Technology Solutions Pty Ltd,"Spring Hill, Qld",No,No,,,,,,,,,367692,,,,,,
,Griffith University,"170 Kessels Road, Nathan, Qld 4111",Consultancy Services,7/07/2022,18600,Rachael Maree Mcdermott,Nsw,No,No,,,,,,,,,367689,,,,,,
,Griffith University,"170 Kessels Road, Nathan, Qld 4111",Marketing Fees,7/07/2022,25000,Raci National Congress 2022,"Hamilton Central, Qld",No,No,,,,,,,,,1967389,,,,,,
,Griffith University,"170 Kessels Road, Nathan, Qld 4111",Consultancy Services,7/07/2022,266283,Resource 23 Pty Ltd,"Melbourne, Vic",Yes,No,,,,,,,,,367693 374053,,,,,,
,Griffith University,"170 Kessels Road, Nathan, Qld 4111",Consultancy Services,7/07/2022,166925,Resource 23 Pty Ltd,"Melbourne, Vic",Yes,No,,,,,,,,,367694 374054,,,,,,
,Griffith University,"170 Kessels Road, Nathan, Qld 4111",Translating/Proofing,7/07/2022,15898,Spruson & Ferguson Pty Limited,"Sydney, Nsw",No,No,,,,,,,,,1964287,,,,,,
,Griffith University,"170 Kessels Road, Nathan, Qld 4111",Health & Safety Expenses,7/07/2022,23671,Truhealth Solutions,"Beenleigh, Qld",No,No,,,,,,,,,1964938,,,,,,
,Griffith University,"170 Kessels Road, Nathan, Qld 4111",Recruitment/Placement Fees,7/07/2022,350600,U&U Recruitment Partners,"Brisbane, Qld",Yes,No,,,,,,,,,367700,,,,,,
,Griffith University,"170 Kessels Road, Nathan, Qld 4111",Memberships/Subscriptions,7/07/2022,26083,University Admissions Centre (Nsw & Act),"Silverwater, Nsw",No,No,,,,,,,,,1967393,,,,,,
,Griffith University,"170 Kessels Road, Nathan, Qld 4111",Recruitment/Placement Fees,7/07/2022,350600,U&U Recruitment Partners,"Brisbane, Qld",Yes,No,,,,,,,,,367700,,,,,,
,Griffith University,"170 Kessels Road, Nathan, Qld 4111",Memberships/Subscriptions,7/07/2022,26083,University Admissions Centre (Nsw & Act),"Silverwater, Nsw",No,No,,,,,,,,,1967393,,,,,,
,Griffith University,"170 Kessels Road, Nathan, Qld 4111",Building Construction & Maintenance,8/07/2022,20686,A1 Building & Property Solutions Pty Ltd,"The Gap, Qld",No,No,,,,,,,,,367721,,,,,,
,Griffith University,"170 Kessels Road, Nathan, Qld 4111",Building Construction & Maintenance,8/07/2022,12832,Amalgamated Property Maint. Brisbane P/L,"Rochedale South, Qld",No,No,,,,,,,,,367720,,,,,,
,Griffith University,"170 Kessels Road, Nathan, Qld 4111",Equipment Maintenance,8/07/2022,17945,Bruker Pty Ltd,"Alexandria, Nsw",No,No,,,,,,,,,367716,,,,,,
,Griffith University,"170 Kessels Road, Nathan, Qld 4111",Consultancy Services,8/07/2022,80201,Qcif,"St Lucia, Qld",No,No,,,,,,,,,367717,,,,,,
,Griffith University,"170 Kessels Road, Nathan, Qld 4111",Subscription/Licence Fees,8/07/2022,10750,Qualtrics Llc,"Provo, Ut, Usa",No,No,,,,,,,,,367724,,,,,,
,Griffith University,"170 Kessels Road, Nathan, Qld 4111",Marketing Fees,8/07/2022,18700,Richmond Signs & Designs,"Southport, Qld",No,No,,,,,,,,,367739,,,,,,
,Griffith University,"170 Kessels Road, Nathan, Qld 4111",Event Expenditure,8/07/2022,10238,Southport Australian Rules Football Club,"Southport, Qld",No,No,,,,,,,,,367718,,,,,,
,Griffith University,"170 Kessels Road, Nathan, Qld 4111",Telecommunications Expenditure,9/07/2022,274000,Telstra Limited,"Melbourne, Vic",Yes,No,,,,,,,,,GU-958,,,,,,
,Griffith University,"170 Kessels Road, Nathan, Qld 4111",Building Construction & Maintenance,11/07/2022,17530,A1 Building & Property Solutions Pty Ltd,"The Gap, Qld",No,No,,,,,,,,,367781,,,,,,
,Griffith University,"170 Kessels Road, Nathan, Qld 4111",Consultancy Services,11/07/2022,38500,Better Workplaces Consulting & Advisory,"Bulimba, QLD",No,No,,,,,,,,,367780,,,,,,
,Griffith University,"170 Kessels Road, Nathan, Qld 4111",Marketing Fees,11/07/2022,60500,Queensland Tertiary Admissions Centre Lt,"Milton, Qld",No,No,,,,,,,,,367811,,,,,,
,Griffith University,"170 Kessels Road, Nathan, Qld 4111",Building Construction & Maintenance,12/07/2022,10221,A1 Building & Property Solutions Pty Ltd,"The Gap, Qld",No,No,,,,,,,,,367837,,,,,,
,Griffith University,"170 Kessels Road, Nathan, Qld 4111",Telecommunications Expenditure,12/07/2022,60871,Data #3 Limited,"Indooroopilly, Qld",No,No,,,,,,,,,367831,,,,,,
,Griffith University,"170 Kessels Road, Nathan, Qld 4111",Consultancy Services,12/07/2022,343750,Randstad Pty Limited,"Sydney, Nsw",No,No,,,,,,,,,367862,,,,,,
,Griffith University,"170 Kessels Road, Nathan, Qld 4111",Chemical/Biological Products,13/07/2022,12760,Additive Australia Pty Ltd,"Torquay, Vic",No,No,,,,,,,,,367886,,,,,,
,Griffith University,"170 Kessels Road, Nathan, Qld 4111",Software Support Maintenance,13/07/2022,10563,Agilent Technologies Australia Pty Ltd,"Mulgrave, Vic",No,No,,,,,,,,,367893,,,,,,
,Griffith University,"170 Kessels Road, Nathan, Qld 4111",Pathology Expenditure,13/07/2022,20906,Australian Genome Research Facility Ltd,"St Lucia, Qld",No,No,,,,,,,,,367883,,,,,,
,Griffith University,"170 Kessels Road, Nathan, Qld 4111",Computer Equipment,13/07/2022,263882,Flexdata Solutions Pty Ltd,"Brisbane, Qld",No,No,,,,,,,,,367884,,,,,,
,Griffith University,"170 Kessels Road, Nathan, Qld 4111",Event Expenditure,13/07/2022,27500,Pullman Brisbane King George Sqaure,"Brisbane, Qld",No,No,,,,,,,,,367892,,,,,,
,Griffith University,"170 Kessels Road, Nathan, Qld 4111",Equipment Maintenance,13/07/2022,20158,Tecniplast Australia Pty Limited,"Lane Cove, NSW",No,No,,,,,,,,,367929,,,,,,
,Griffith University,"170 Kessels Road, Nathan, Qld 4111",Event Expenditure,13/07/2022,36369,Vientiane Investment And Development Co.,"Vientiane, Vi",No,No,,,,,,,,,367888,,,,,,
,Griffith University,"170 Kessels Road, Nathan, Qld 4111",Event Expenditure,13/07/2022,36369,Vientiane Investment And Development Co.,"Vientiane, Vi",No,No,,,,,,,,,367888,,,,,,
,Griffith University,"170 Kessels Road, Nathan, Qld 4111",Computer Equipment,14/07/2022,10347,Allied Technologies Australia Pty Ltd,"Newstead, Qld",No,No,,,,,,,,,367980,,,,,,
,Griffith University,"170 Kessels Road, Nathan, Qld 4111",Building Construction & Maintenance,14/07/2022,14850,Archipelago,"City East, Qld",No,No,,,,,,,,,367949,,,,,,
,Griffith University,"170 Kessels Road, Nathan, Qld 4111",Building Construction & Maintenance,14/07/2022,91907,Arnold Electrical & Data Installations P,"Salisbury, Qld",No,No,,,,,,,,,367978,,,,,,
,Griffith University,"170 Kessels Road, Nathan, Qld 4111",Legal Fees,14/07/2022,275000,Ashurst Australia,"Brisbane, Qld",No,No,,,,,,,,,367946,,,,,,
,Griffith University,"170 Kessels Road, Nathan, Qld 4111",Building Construction & Maintenance,14/07/2022,90314,Emtek Furniture,"Deception Bay, Qld",No,No,,,,,,,,,367950,,,,,,
,Griffith University,"170 Kessels Road, Nathan, Qld 4111",Scientific Equipment,14/07/2022,31020,Henry Schein Regional Trust,"South Brisbane, Qld",No,No,,,,,,,,,367955,,,,,,
,Griffith University,"170 Kessels Road, Nathan, Qld 4111",Scientific Equipment,14/07/2022,56319,Impulsedent Australia,"Buccan, Qld",No,No,,,,,,,,,367956,,,,,,
,Griffith University,"170 Kessels Road, Nathan, Qld 4111",Consultancy Services,14/07/2022,18659,Judyth Margaret Sachs,Nsw,No,No,,,,,,,,,1966494,,,,,,
,Griffith University,"170 Kessels Road, Nathan, Qld 4111",Student Certification,14/07/2022,15525,Ot Council (Aus & Nz)  Ltd,"South Perth, Wa",No,No,,,,,,,,,1968035,,,,,,
,Griffith University,"170 Kessels Road, Nathan, Qld 4111",Musical Instruments,14/07/2022,14900,Ozwinds Brisbane,"Greenslopes, Qld",No,No,,,,,,,,,367971,,,,,,
,Griffith University,"170 Kessels Road, Nathan, Qld 4111",Building Construction & Maintenance,14/07/2022,41844,Pitch Black Engineering,"Brisbane, Qld",No,No,,,,,,,,,367977,,,,,,
,Griffith University,"170 Kessels Road, Nathan, Qld 4111",Audio Visual Equipment,14/07/2022,20727,Proav Solutions Queensland,"Toowong, Qld",No,No,,,,,,,,,367959,,,,,,
,Griffith University,"170 Kessels Road, Nathan, Qld 4111",External Course Delivery,14/07/2022,12121,Rodney William Carter,Qld,No,No,,,,,,,,,1968122,,,,,,
,Griffith University,"170 Kessels Road, Nathan, Qld 4111",Marketing Fees,14/07/2022,16232,Seek Limited,"Sydney, Nsw",No,No,,,,,,,,,1967892,,,,,,
,Griffith University,"170 Kessels Road, Nathan, Qld 4111",Consultancy Services,14/07/2022,187695,Social Enterprise Australia Ltd,New South Wales,No,No,,,,,,,,,367968,,,,,,
,Griffith University,"170 Kessels Road, Nathan, Qld 4111",Telecommunications Expenditure,14/07/2022,240000,Tpg Network Pty Ltd,"Sydney, NSW",No,No,,,,,,,,,C01116,,,,,,
,Griffith University,"170 Kessels Road, Nathan, Qld 4111",Recruitment/Placement Fees,14/07/2022,14549,Troocoo Pty Ltd,"Brisbane, Qld",No,No,,,,,,,,,1964846,,,,,,
,Griffith University,"170 Kessels Road, Nathan, Qld 4111",Recruitment/Placement Fees,14/07/2022,13709,U&U Recruitment Partners,"Brisbane, Qld",No,No,,,,,,,,,1965375,,,,,,
,Griffith University,"170 Kessels Road, Nathan, Qld 4111",Recruitment/Placement Fees,14/07/2022,13709,U&U Re+G41cruitment Partners,"Brisbane, Qld",No,No,,,,,,,,,1965375,,,,,,
,Griffith University,"170 Kessels Road, Nathan, Qld 4111",Event Expenditure,15/07/2022,30295,Cbd Golf Pty Ltd,"Herston, Qld",No,No,,,,,,,,,28225,,,,,,
,Griffith University,"170 Kessels Road, Nathan, Qld 4111",Consultancy Services,15/07/2022,21450,Civas (Qld) Pty Ltd,"Sydney, Nsw",No,No,,,,,,,,,368022,,,,,,
,Griffith University,"170 Kessels Road, Nathan, Qld 4111",Memberships/Subscriptions,15/07/2022,80300,Council Of Pharmacy Register Authorities,"Civic Square, Act",No,No,,,,,,,,,368025,,,,,,
,Griffith University,"170 Kessels Road, Nathan, Qld 4111",Audio Visual Equipment,15/07/2022,13869,Frontier Labs Pty Ltd,"Salisbury, Qld",No,No,,,,,,,,,368029,,,,,,
,Griffith University,"170 Kessels Road, Nathan, Qld 4111",Recruitment/Placement Fees,15/07/2022,10157,Optimum Recruitment Group (Qld) Pty Ltd,"Brisbane, Qld",No,No,,,,,,,,,368026,,,,,,
,Griffith University,"170 Kessels Road, Nathan, Qld 4111",Scientific Equipment,15/07/2022,12409,Xylem Water Solutions Australia Ltd,"Mansfield, Qld",No,No,,,,,,,,,368028,,,,,,
,Griffith University,"170 Kessels Road, Nathan, Qld 4111",Scientific Equipment,15/07/2022,12409,Xylem Water Solutions Australia Ltd,"Mansfield, Qld",No,No,,,,,,,,,368028,,,,,,
,Griffith University,"170 Kessels Road, Nathan, Qld 4111",Consultancy Services,18/07/2022,158400,Decipher Bureau Qld Pty Ltd,"Bowen Hills, Qld",No,No,,,,,,,,,368055,,,,,,
,Griffith University,"170 Kessels Road, Nathan, Qld 4111",Consultancy Services,18/07/2022,365038,Deloitte Consulting Pty Limited,"Brisbane, Qld",No,No,,,,,,,,,368078,,,,,,
,Griffith University,"170 Kessels Road, Nathan, Qld 4111",Consultancy Services,18/07/2022,16452,Five And Dime,"Wellington, New Zealand",No,No,,,,,,,,,368094,,,,,,
,Griffith University,"170 Kessels Road, Nathan, Qld 4111",Relocation Services,18/07/2022,11786,Grace Worldwide (Australia) Pty Ltd,"Seven Hills, Nsw",No,No,,,,,,,,,368053,,,,,,
,Griffith University,"170 Kessels Road, Nathan, Qld 4111",Building Construction & Maintenance,18/07/2022,69047,Hills Fencing Pty Ltd,"Slacks Creek, Qld",No,No,,,,,,,,,368056,,,,,,
,Griffith University,"170 Kessels Road, Nathan, Qld 4111",Health & Safety Expenses,18/07/2022,114400,Lifeline Direct Limited,"Warrnambool,VIC",No,No,,,,,,,,,368057,,,,,,
,Griffith University,"170 Kessels Road, Nathan, Qld 4111",Marketing Fees,18/07/2022,15197,Richmond Signs & Designs,"Southport, Qld",No,No,,,,,,,,,368091,,,,,,
,Griffith University,"170 Kessels Road, Nathan, Qld 4111",Event Expenditure,18/07/2022,67414,Valiant Hire,"Pinkenba, Qld",No,No,,,,,,,,,368075,,,,,,
,Griffith University,"170 Kessels Road, Nathan, Qld 4111",Event Expenditure,18/07/2022,67414,Valiant Hire,"Pinkenba, Qld",No,No,,,,,,,,,368075,,,,,,
,Griffith University,"170 Kessels Road, Nathan, Qld 4111",Building Construction & Maintenance,19/07/2022,11000,Dri-Lec Pty Ltd,"EIGHT MILE PLAINS, QLD",No,No,,,,,,,,,368120,,,,,,
,Griffith University,"170 Kessels Road, Nathan, Qld 4111",Vehicle Acquisition,19/07/2022,82450,Specialised & Emergency Vehicles Austral,"Brendale, Qld",No,No,,,,,,,,,368122,,,,,,
,Griffith University,"170 Kessels Road, Nathan, Qld 4111",Audio Visual Equipment,19/07/2022,20189,Videopro Pty Ltd,"Eagle Farm, Qld",No,No,,,,,,,,,368118,,,,,,
,Griffith University,"170 Kessels Road, Nathan, Qld 4111",Audio Visual Equipment,19/07/2022,20189,Videopro Pty Ltd,"Eagle Farm, Qld",No,No,,,,,,,,,368118,,,,,,
,Griffith University,"170 Kessels Road, Nathan, Qld 4111",Software Support Maintenance,20/07/2022,20106,Data #3 Limited,"Indooroopilly, Qld",No,No,,,,,,,,,368152,,,,,,
,Griffith University,"170 Kessels Road, Nathan, Qld 4111",Consultancy Services,20/07/2022,25000,Ella Arensman,United Kingdom,No,No,,,,,,,,,368169,,,,,,
,Griffith University,"170 Kessels Road, Nathan, Qld 4111",Consultancy Services,20/07/2022,141075,Huie Consulting Pty Ltd,"Buddina, QLD",No,No,,,,,,,,,368147,,,,,,
,Griffith University,"170 Kessels Road, Nathan, Qld 4111",Subscription/Licence Fees,20/07/2022,11385,Logemas Pty Ltd,"Albion, Qld",No,No,,,,,,,,,368148,,,,,,
,Griffith University,"170 Kessels Road, Nathan, Qld 4111",Building Construction & Maintenance,21/07/2022,45617,A1 Building & Property Solutions Pty Ltd,"The Gap, Qld",No,No,,,,,,,,,368204,,,,,,
,Griffith University,"170 Kessels Road, Nathan, Qld 4111",Building Construction & Maintenance,21/07/2022,80850,Aus Building-Performance Pty Ltd,"Manly, QLD",No,No,,,,,,,,,368201,,,,,,
,Griffith University,"170 Kessels Road, Nathan, Qld 4111",Building Construction & Maintenance,21/07/2022,32417,Aus Building-Performance Pty Ltd,"Manly, QLD",No,No,,,,,,,,,368202,,,,,,
,Griffith University,"170 Kessels Road, Nathan, Qld 4111",Student Certification,21/07/2022,11660,Australian Nursing Council Inc,"Canberra, Act",No,No,,,,,,,,,1969430,,,,,,
,Griffith University,"170 Kessels Road, Nathan, Qld 4111",External Course Delivery,21/07/2022,26870,Community Power Agency Co-Operative Limi,"Chippendale, Nsw",No,No,,,,,,,,,1967676,,,,,,
,Griffith University,"170 Kessels Road, Nathan, Qld 4111",Printing Expenses,21/07/2022,22815,Cpx Pty Ltd,"Kelvin Grove, Qld",No,No,,,,,,,,,1967039,,,,,,
,Griffith University,"170 Kessels Road, Nathan, Qld 4111",Building Construction & Maintenance,21/07/2022,20460,Ev Up Pty Ltd,"Clayton South, Vic",No,No,,,,,,,,,368203,,,,,,
,Griffith University,"170 Kessels Road, Nathan, Qld 4111",Travel Expenses,21/07/2022,21668,Humanitarian Affairs Asia,"Bangkok, Thailand",No,No,,,,,,,,,368193,,,,,,
,Griffith University,"170 Kessels Road, Nathan, Qld 4111",Memberships/Subscriptions,21/07/2022,16335,Institute Of Managers And Leaders Ltd,"Brisbane, Qld",No,No,,,,,,,,,1967035,,,,,,
,Griffith University,"170 Kessels Road, Nathan, Qld 4111",Consultancy Services,21/07/2022,27779,Kpmg Forensic Pty Ltd,"Brisbane, Qld",No,No,,,,,,,,,1969006,,,,,,
,Griffith University,"170 Kessels Road, Nathan, Qld 4111",Marketing Fees,21/07/2022,27500,Major Brisbane Festivals Pty Ltd,"South Brisbane, Qld",No,No,,,,,,,,,1969425,,,,,,
,Griffith University,"170 Kessels Road, Nathan, Qld 4111",Subscription/Licence Fees,21/07/2022,578821,Ping Identity Corporation,"Denver, Co, Usa",No,No,Selective,,,,,,,,368192,,,,,,
,Griffith University,"170 Kessels Road, Nathan, Qld 4111",Consultancy Services,21/07/2022,41850,Qs Enrolment Solutions (Australia) Pty L,"Melbourne, Vic",No,No,,,,,,,,,1969061,,,,,,
,Griffith University,"170 Kessels Road, Nathan, Qld 4111",Consultancy Services,21/07/2022,17787,Simple Click Pty Ltd,"Arundel, Qld",No,No,,,,,,,,,1969434,,,,,,
,Griffith University,"170 Kessels Road, Nathan, Qld 4111",Relocation Services,21/07/2022,30430,Sirva Relocation,"Richlands, Qld",No,No,,,,,,,,,1965955,,,,,,
,Griffith University,"170 Kessels Road, Nathan, Qld 4111",Consultancy Services,21/07/2022,16534,Water Technology Pty Ltd,"Notting Hill, Vic",No,No,,,,,,,,,1969563,,,,,,
,Griffith University,"170 Kessels Road, Nathan, Qld 4111",Consultancy Services,21/07/2022,16534,Water Technology Pty Ltd,"Notting Hill, Vic",No,No,,,,,,,,,1969563,,,,,,
,Griffith University,"170 Kessels Road, Nathan, Qld 4111",Subscription/Licence Fees,22/07/2022,10000,Arcs Australia Ltd,"Crows Nest, Nsw",No,No,,,,,,,,,368244,,,,,,
,Griffith University,"170 Kessels Road, Nathan, Qld 4111",Subscription/Licence Fees,22/07/2022,172893,Data #3 Limited,"Indooroopilly, Qld",No,No,,,,,,,,,368246,,,,,,
,Griffith University,"170 Kessels Road, Nathan, Qld 4111",Building Construction & Maintenance,22/07/2022,72568,Integrated Fibre Solutions Pty Ltd,"Corinda, Qld",No,No,,,,,,,,,368242,,,,,,
,Griffith University,"170 Kessels Road, Nathan, Qld 4111",Building Construction & Maintenance,22/07/2022,21153,Lightbox Architecture &Interiors Pty Ltd,"Keperra, Qld",No,No,,,,,,,,,368271,,,,,,
,Griffith University,"170 Kessels Road, Nathan, Qld 4111",Building Construction & Maintenance,25/07/2022,237500,A1 Building & Property Solutions Pty Ltd,"The Gap, Qld",No,No,,,,,,,,,368340,,,,,,
,Griffith University,"170 Kessels Road, Nathan, Qld 4111",Consultancy Services,25/07/2022,11000,Arina Consulting Architects,"Crows Nest, Nsw",No,No,,,,,,,,,368342,,,,,,
,Griffith University,"170 Kessels Road, Nathan, Qld 4111",Subscription/Licence Fees,25/07/2022,36825,Refinitiv Australia Pty Limited,"Sydney, Nsw",No,No,,,,,,,,,368304,,,,,,
,Griffith University,"170 Kessels Road, Nathan, Qld 4111",Chemical/Biological Products,26/07/2022,11317,Abcam Australia Pty Ltd,"Melbourne, Vic",No,No,,,,,,,,,368382,,,,,,
,Griffith University,"170 Kessels Road, Nathan, Qld 4111",Document Storage Fees,26/07/2022,14697,Iron Mountain Australia Group Pty Ltd,"Virginia, Qld",No,No,,,,,,,,,368358,,,,,,
,Griffith University,"170 Kessels Road, Nathan, Qld 4111",Scientific Equipment,26/07/2022,16760,Newlight Photonics Inc,"Toronto, On, M3J 2T2",No,No,,,,,,,,,368357,,,,,,
,Griffith University,"170 Kessels Road, Nathan, Qld 4111",Subscription/Licence Fees,27/07/2022,26092,Datacom Systems (Au) Pty Ltd,"North Ryde, Nsw",No,No,,,,,,,,,368409,,,,,,
,Griffith University,"170 Kessels Road, Nathan, Qld 4111",Relocation Services,27/07/2022,17660,Grace Worldwide (Australia) Pty Ltd,"Seven Hills, Nsw",No,No,,,,,,,,,368402,,,,,,
,Griffith University,"170 Kessels Road, Nathan, Qld 4111",Subscription/Licence Fees,27/07/2022,84946,Higher Ed Services Pty Ltd,"Sydney, Nsw",No,No,,,,,,,,,368407,,,,,,
,Griffith University,"170 Kessels Road, Nathan, Qld 4111",Building Construction & Maintenance,28/07/2022,767250,Adec Australia,"Mascot, Nsw",No,No,Limited,,,,,,,,368448,,,,,,
,Griffith University,"170 Kessels Road, Nathan, Qld 4111",Software,28/07/2022,23195,Allstars Trading Pty Ltd T/A Zirilio,"Sydney, Nsw",No,No,,,,,,,,,1969910,,,,,,
,Griffith University,"170 Kessels Road, Nathan, Qld 4111",Pathology Expenditure,28/07/2022,12997,Australian Genome Research Facility Ltd,"St Lucia, Qld",No,No,,,,,,,,,1970220,,,,,,
,Griffith University,"170 Kessels Road, Nathan, Qld 4111",Memberships/Subscriptions,28/07/2022,12000,Cooperative Research Centres Association,"Barton, Act",No,No,,,,,,,,,1969920,,,,,,
,Griffith University,"170 Kessels Road, Nathan, Qld 4111",Subscription/Licence Fees,28/07/2022,55000,Idp Education Pty Ltd,"Melbourne, Vic",No,No,,,,,,,,,368453,,,,,,
,Griffith University,"170 Kessels Road, Nathan, Qld 4111",Consultancy Services,28/07/2022,22275,Mcnair Yellowsquares Pty Ltd,"Crows Nest, Nsw",No,No,,,,,,,,,1968210 2013492,,,,,,
,Griffith University,"170 Kessels Road, Nathan, Qld 4111",Equipment Maintenance,28/07/2022,11696,Merck Pty Ltd,"Bayswater, Vic",No,No,,,,,,,,,368471,,,,,,
,Griffith University,"170 Kessels Road, Nathan, Qld 4111",Legal Fees,28/07/2022,63800,Minter Ellison Lawyers,"Brisbane, Qld",No,No,,,,,,,,,368446,,,,,,
,Griffith University,"170 Kessels Road, Nathan, Qld 4111",Subscription/Licence Fees,28/07/2022,24522,Monotype Limited,"London, UK",No,No,,,,,,,,,368450,,,,,,
,Griffith University,"170 Kessels Road, Nathan, Qld 4111",Commission Payment,28/07/2022,1452138,Open Universities Australia,"Melbourne, Vic",No,No,Limited,b - (iii) The absence of competition for technical reasons which can only be supplied by a particular supplier and no reasonable alternative exists,,,,,,,1970440,,,,,,
,Griffith University,"170 Kessels Road, Nathan, Qld 4111",Building Construction & Maintenance,29/07/2022,21890,Building Services Integration Pty Ltd,"Underwood, Qld",No,No,,,,,,,,,368510,,,,,,
,Griffith University,"170 Kessels Road, Nathan, Qld 4111",Consultancy Services,29/07/2022,10450,Jasmine Pang,Qld,No,No,,,,,,,,,368501,,,,,,
,Griffith University,"170 Kessels Road, Nathan, Qld 4111",Consultancy Services,29/07/2022,57200,P2E Pty. Ltd.,"Brisbane, Qld",No,No,,,,,,,,,368492,,,,,,
,Griffith University,"170 Kessels Road, Nathan, Qld 4111",Subscription/Licence Fees,29/07/2022,213725,Seattle Software Australia Pty Ltd,"Sydney, Nsw",No,No,,,,,,,,,368495,,,,,,
,Griffith University,"170 Kessels Road, Nathan, Qld 4111",Consultancy Services,29/07/2022,16928,Xzibit Pty Ltd,"Luscombe, Qld",No,No,,,,,,,,,368499,,,,,,
,Griffith University,"170 Kessels Road, Nathan, Qld 4111",Consultancy Services,29/07/2022,16928,Xzibit Pty Ltd,"Luscombe, Qld",No,No,,,,,,,,,368499,,,,,,
,Griffith University,"170 Kessels Road, Nathan, Qld 4111",Patent Application Fee,31/07/2022,41470,Davies Collison Cave Pty Ltd,"Melbourne, Vic",No,No,,,,,,,,,2159123,,,,,,
,Griffith University,"170 Kessels Road, Nathan, Qld 4111",Consultancy Services,1/08/2022,409230,Agilex Biolabs Pty Ltd,"Thebarton, Sa",No,No,,,,,,,,,368549,,,,,,
,Griffith University,"170 Kessels Road, Nathan, Qld 4111",Building Construction & Maintenance,1/08/2022,26147,Dm2Architecture Pty Ltd,"Petrie Terrace, Qld",Yes,No,,,,,,,,,368542,,,,,,
,Griffith University,"170 Kessels Road, Nathan, Qld 4111",Consultancy Services,1/08/2022,55000,Pacific Pro-Link Service,"Wang Lung Industrial Building, 11 Lung Tak Street Tsuen Wan",No,No,,,,,,,,,368527,,,,,,
,Griffith University,"170 Kessels Road, Nathan, Qld 4111",Consultancy Services,1/08/2022,28875,Smk Social Media Knowledge,"Mount Martha, VIC",No,No,,,,,,,,,368546,,,,,,
,Griffith University,"170 Kessels Road, Nathan, Qld 4111",Recruitment/Placement Fees,1/08/2022,18767,U&U Recruitment Partners,"Brisbane, Qld",No,No,,,,,,,,,368565,,,,,,
,Griffith University,"170 Kessels Road, Nathan, Qld 4111",Recruitment/Placement Fees,1/08/2022,18767,U&U Recruitment Partners,"Brisbane, Qld",No,No,,,,,,,,,368565,,,,,,
,Griffith University,"170 Kessels Road, Nathan, Qld 4111",Equipment Maintenance,2/08/2022,10631,Bio-Strategy Pty Limited,"Campbellfield, Vic",No,No,,,,,,,,,368602,,,,,,
,Griffith University,"170 Kessels Road, Nathan, Qld 4111",Scientific Equipment,2/08/2022,35369,Constant Systems Limited,"Daventry, Nhants",No,No,,,,,,,,,368594,,,,,,
,Griffith University,"170 Kessels Road, Nathan, Qld 4111",Event Expenditure,2/08/2022,27500,Mercure Gold Coast Resort,"Carrara, Qld",No,No,,,,,,,,,368600,,,,,,
,Griffith University,"170 Kessels Road, Nathan, Qld 4111",Software Support Maintenance,2/08/2022,509907,Service Quality Pty Ltd,"Brendale, Qld",No,No,Limited,"c - (i) Cannot be made for technical reasons such as requirements of interchangeability or interoperability with existing equipment, software, services or installations procured under the initial procurement, or due to conditions under original supplier warranties",,,,,,,GU-1100,,,,,,
,Griffith University,"170 Kessels Road, Nathan, Qld 4111",Relocation Services,2/08/2022,15935,Sirva Relocation,"Richlands, Qld",No,No,,,,,,,,,368612,,,,,,
,Griffith University,"170 Kessels Road, Nathan, Qld 4111",Consultancy Services,3/08/2022,24750,Intelligent Business Research Services P,"Hazelbrook, Nsw",No,No,,,,,,,,,368636,,,,,,
,Griffith University,"170 Kessels Road, Nathan, Qld 4111",Consultancy Services,3/08/2022,170500,Price Waterhouse Coopers,"Sydney, Nsw",No,No,,,,,,,,,368639,,,,,,
,Griffith University,"170 Kessels Road, Nathan, Qld 4111",Audio Visual Equipment,3/08/2022,10780,Sse Specialised Stage Engineering P/L,"Loganholme, Qld",No,No,,,,,,,,,368638,,,,,,
,Griffith University,"170 Kessels Road, Nathan, Qld 4111",Furniture,3/08/2022,48340,Zenith Interiors Pty Ltd,"Brisbane, Qld",No,No,,,,,,,,,368652,,,,,,
,Griffith University,"170 Kessels Road, Nathan, Qld 4111",Furniture,3/08/2022,48340,Zenith Interiors Pty Ltd,"Brisbane, Qld",No,No,,,,,,,,,368652,,,,,,
,Griffith University,"170 Kessels Road, Nathan, Qld 4111",Building Construction & Maintenance,4/08/2022,17901,365 Construction Services Pty Ltd,"Morningside, Qld",No,No,,,,,,,,,368679,,,,,,
,Griffith University,"170 Kessels Road, Nathan, Qld 4111",Consultancy Services,4/08/2022,11801,Access Innovation Media Pty Ltd,"North Sydney, Nsw",No,No,,,,,,,,,1970218,,,,,,
,Griffith University,"170 Kessels Road, Nathan, Qld 4111",Memberships/Subscriptions,4/08/2022,55000,Gold Coast Education And Training Netw,"Southport, Qld",No,No,,,,,,,,,1967512,,,,,,
,Griffith University,"170 Kessels Road, Nathan, Qld 4111",Software Support Maintenance,4/08/2022,585594,Insync Solutions Pty Ltd,"Rundle Mall, Sa",No,No,Selective,,,,,,,,C00001,,,,,,
,Griffith University,"170 Kessels Road, Nathan, Qld 4111",Commission Payment,4/08/2022,12100,Jeewa Australian Educational Centre P/L,"Brisbane, Qld",No,No,,,,,,,,,1970933,,,,,,
,Griffith University,"170 Kessels Road, Nathan, Qld 4111",Commission Payment,4/08/2022,12100,Kokos International Brisbane,"Brisbane, Qld",No,No,,,,,,,,,1970939,,,,,,
,Griffith University,"170 Kessels Road, Nathan, Qld 4111",Software Support Maintenance,4/08/2022,53077,Lennox Computer,"Banyo, Qld",No,No,,,,,,,,,1971729 1986819 1999438 2013482,,,,,,
,Griffith University,"170 Kessels Road, Nathan, Qld 4111",Building Construction & Maintenance,4/08/2022,175560,Mode Design Corp Pty Ltd,"Fortitude Valley, Qld",No,No,,,,,,,,,368689,,,,,,
,Griffith University,"170 Kessels Road, Nathan, Qld 4111",Scientific Equipment,4/08/2022,10558,Pagnian Imports Pty. Ltd.,"Southport, Qld",No,No,,,,,,,,,368674,,,,,,
,Griffith University,"170 Kessels Road, Nathan, Qld 4111",Equipment Maintenance,5/08/2022,13248,Bruker Pty Ltd,"Alexandria, Nsw",No,No,,,,,,,,,368720,,,,,,
,Griffith University,"170 Kessels Road, Nathan, Qld 4111",Equipment Maintenance,5/08/2022,52404,Merck Pty Ltd,"Bayswater, Vic",No,No,,,,,,,,,368737,,,,,,
,Griffith University,"170 Kessels Road, Nathan, Qld 4111",Building Construction & Maintenance,8/08/2022,14912,888 Electrical Solutions Pty Ltd,"Berrinba, Qld",No,No,,,,,,,,,368796,,,,,,
,Griffith University,"170 Kessels Road, Nathan, Qld 4111",Building Construction & Maintenance,8/08/2022,13314,Ghd Pty Ltd,"Hrmc, Nsw",No,No,,,,,,,,,368801,,,,,,
,Griffith University,"170 Kessels Road, Nathan, Qld 4111",Building Construction & Maintenance,8/08/2022,22410,Global Integrated Solutions Limited,"Rosedale, Qld",No,No,,,,,,,,,368780,,,,,,
,Griffith University,"170 Kessels Road, Nathan, Qld 4111",Building Construction & Maintenance,8/08/2022,454366,Ryan Wilks Pty. Ltd.,"Murarrie, Qld",No,No,,,,,,,,,368799,,,,,,
,Griffith University,"170 Kessels Road, Nathan, Qld 4111",Audit Fees,8/08/2022,30250,Shinewing Australia Pty Ltd,"Melbourne, Vic",No,No,,,,,,,,,368787,,,,,,
,Griffith University,"170 Kessels Road, Nathan, Qld 4111",Computer Equipment,8/08/2022,45790,The School Locker,"Yeronga, Qld",No,No,,,,,,,,,368794,,,,,,
,Griffith University,"170 Kessels Road, Nathan, Qld 4111",Building Construction & Maintenance,9/08/2022,11000,Crown Mechanical Electrical Pty Ltd,"Rochedale South, Qld",No,No,,,,,,,,,368852,,,,,,
,Griffith University,"170 Kessels Road, Nathan, Qld 4111",Software Support Maintenance,9/08/2022,48410,"Litmus Software, Inc.",Pittsburgh,No,No,,,,,,,,,368823,,,,,,
,Griffith University,"170 Kessels Road, Nathan, Qld 4111",Computer Equipment,10/08/2022,5562542,Dell Australia Pty Ltd,"Frenchs Forest, Nsw",No,No,Open,,,,,,,,GU-1282,,,,,,
,Griffith University,"170 Kessels Road, Nathan, Qld 4111",Computer Equipment,10/08/2022,12352,Jb Hi Fi Group Pty Ltd,"Macgregor, Qld",No,No,,,,,,,,,368869,,,,,,
,Griffith University,"170 Kessels Road, Nathan, Qld 4111",Reference Materials,11/08/2022,607396,Elsevier Inc.,USA,No,No,Limited,b - (iii) The absence of competition for technical reasons which can only be supplied by a particular supplier and no reasonable alternative exists,,,,,,,GU-1078,,,,,,
,Griffith University,"170 Kessels Road, Nathan, Qld 4111",Reference Materials,11/08/2022,18849,Igi Global,"Sydney, Nsw",No,No,,,,,,,,,1972436,,,,,,
,Griffith University,"170 Kessels Road, Nathan, Qld 4111",Building Construction & Maintenance,11/08/2022,1888013,Ng Energy Pty Ltd,"Richmond, Vic",No,No,Open,,,,,,,,368930,,,,,,
,Griffith University,"170 Kessels Road, Nathan, Qld 4111",Consultancy Services,11/08/2022,23100,Qcif,"St Lucia, Qld",No,No,,,,,,,,,GU-800,,,,,,
,Griffith University,"170 Kessels Road, Nathan, Qld 4111",Event Expenditure,11/08/2022,30037,Racv Royal Pines Resort,"Gold Coast, Qld",No,No,,,,,,,,,368927,,,,,,
,Griffith University,"170 Kessels Road, Nathan, Qld 4111",Staff Development,11/08/2022,18300,Red Suit Advertising,"South Brisbane, Qld",No,No,,,,,,,,,368885,,,,,,
,Griffith University,"170 Kessels Road, Nathan, Qld 4111",Scientific Equipment,11/08/2022,328058,Tecniplast Australia Pty Limited,"Lane Cove, NSW",No,No,,,,,,,,,368933,,,,,,
,Griffith University,"170 Kessels Road, Nathan, Qld 4111",Marketing Fees,11/08/2022,12750,The Photo Booth Guys Australia Pty Ltd,"Banyo, Qld",No,No,,,,,,,,,1972397,,,,,,
,Griffith University,"170 Kessels Road, Nathan, Qld 4111",Conference Expenses,11/08/2022,11344,The Ship Inn,"Brisbane, Qld",No,No,,,,,,,,,1969005,,,,,,
,Griffith University,"170 Kessels Road, Nathan, Qld 4111",Consultancy Services,11/08/2022,13934,Withers Bergman Llp,"Hershey, Pa, Pa",No,No,,,,,,,,,1972236,,,,,,
,Griffith University,"170 Kessels Road, Nathan, Qld 4111",Consultancy Services,11/08/2022,13934,Withers Bergman Llp,"Hershey, Pa, Pa",No,No,,,,,,,,,1972236,,,,,,
,Griffith University,"170 Kessels Road, Nathan, Qld 4111",Chemical/Biological Products,12/08/2022,138732,Bio-Strategy Pty Limited,"Campbellfield, Vic",No,No,,,,,,,,,368954,,,,,,
,Griffith University,"170 Kessels Road, Nathan, Qld 4111",Freight Fees,12/08/2022,13835,Fedex Express Australia Pty Ltd,"Mascot, Nsw",No,No,,,,,,,,,368950,,,,,,
,Griffith University,"170 Kessels Road, Nathan, Qld 4111",Scientific Equipment,12/08/2022,36145,Peak Scientific Instruments,"Port Melbourne, Vic",No,No,,,,,,,,,368974,,,,,,
,Griffith University,"170 Kessels Road, Nathan, Qld 4111",Relocation Services,12/08/2022,15177,Sirva Relocation,"Richlands, Qld",No,No,,,,,,,,,368973,,,,,,
,Griffith University,"170 Kessels Road, Nathan, Qld 4111",Scientific Equipment,15/08/2022,135031,Agilent Technologies Australia Pty Ltd,"Mulgrave, Vic",No,No,,,,,,,,,369013,,,,,,
,Griffith University,"170 Kessels Road, Nathan, Qld 4111",Building Construction & Maintenance,15/08/2022,32841,Data #3 Limited,"Indooroopilly, Qld",No,No,,,,,,,,,369014,,,,,,
,Griffith University,"170 Kessels Road, Nathan, Qld 4111",Building Construction & Maintenance,16/08/2022,10692,Building Certifiers Australia Pty Ltd,"Caloundra, Qld",No,No,,,,,,,,,369052,,,,,,
,Griffith University,"170 Kessels Road, Nathan, Qld 4111",Equipment Maintenance,16/08/2022,10773,Coregas Pty Ltd,"Yennora, Nsw",No,No,,,,,,,,,369055,,,,,,
,Griffith University,"170 Kessels Road, Nathan, Qld 4111",Printing Expenses,16/08/2022,11072,Ligare Pty Ltd,"Riverwood, NSW",No,No,,,,,,,,,1970946,,,,,,
,Griffith University,"170 Kessels Road, Nathan, Qld 4111",Consultancy Services,16/08/2022,14289,Qualtrics Llc,"Provo, Ut, Usa",No,No,,,,,,,,,369022,,,,,,
,Griffith University,"170 Kessels Road, Nathan, Qld 4111",Film/Video Expenses,16/08/2022,15000,Tate Animal Training Enterprises Pty Ltd,"Canberra, Act",No,No,,,,,,,,,1973130,,,,,,
,Griffith University,"170 Kessels Road, Nathan, Qld 4111",Consultancy Services,16/08/2022,35103,The Trustee For Code Black Trust,"Oxenford, Qld",No,No,,,,,,,,,1972968,,,,,,
,Griffith University,"170 Kessels Road, Nathan, Qld 4111",Building Construction & Maintenance,16/08/2022,22762,Trevlorn Pty Ltd,"Jindalee, QLD",No,No,,,,,,,,,369035,,,,,,
,Griffith University,"170 Kessels Road, Nathan, Qld 4111",Health & Safety Expenses,16/08/2022,23849,Truhealth Solutions,"Beenleigh, Qld",No,No,,,,,,,,,1970734,,,,,,
,Griffith University,"170 Kessels Road, Nathan, Qld 4111",Equipment Maintenance,17/08/2022,54050,Bruker Pty Ltd,"Alexandria, Nsw",No,No,,,,,,,,,369104,,,,,,
,Griffith University,"170 Kessels Road, Nathan, Qld 4111",Medical Equipment,17/08/2022,38330,"Data Sciences International, Inc.","St. Paul, Mn",No,No,,,,,,,,,369079,,,,,,
,Griffith University,"170 Kessels Road, Nathan, Qld 4111",Chemical/Biological Products,17/08/2022,10375,Qiagen Pty Ltd,"Chadstone, Vic",No,No,,,,,,,,,369072,,,,,,
,Griffith University,"170 Kessels Road, Nathan, Qld 4111",Equipment Maintenance,17/08/2022,10260,Warsash Scientific Pty Ltd,"Strawberry Hills, Nsw",No,No,,,,,,,,,369116,,,,,,
,Griffith University,"170 Kessels Road, Nathan, Qld 4111",Equipment Maintenance,17/08/2022,10260,Warsash Scientific Pty Ltd,"Strawberry Hills, Nsw",No,No,,,,,,,,,369116,,,,,,
,Griffith University,"170 Kessels Road, Nathan, Qld 4111",Building Construction & Maintenance,18/08/2022,16286,A1 Building & Property Solutions Pty Ltd,"The Gap, Qld",No,No,,,,,,,,,369145,,,,,,
,Griffith University,"170 Kessels Road, Nathan, Qld 4111",Building Construction & Maintenance,18/08/2022,42950,A1 Building & Property Solutions Pty Ltd,"The Gap, Qld",No,No,,,,,,,,,369146,,,,,,
,Griffith University,"170 Kessels Road, Nathan, Qld 4111",Telecommunications Expenditure,18/08/2022,63631,Data #3 Limited,"Indooroopilly, Qld",No,No,,,,,,,,,369137,,,,,,
,Griffith University,"170 Kessels Road, Nathan, Qld 4111",Event Expenditure,18/08/2022,13200,Queensland Art Gallery,"Sth Brisbane, Qld",No,No,,,,,,,,,369143,,,,,,
,Griffith University,"170 Kessels Road, Nathan, Qld 4111",Software Support Maintenance,18/08/2022,658645,Rsa Security Australia Pty. Ltd.,"Sydney, Nsw",No,No,Selective,,,,,,,,GU-886,,,,,,
,Griffith University,"170 Kessels Road, Nathan, Qld 4111",Event Expenditure,18/08/2022,125400,Southport Australian Rules Football Club,"Southport, Qld",No,No,,,,,,,,,369167,,,,,,
,Griffith University,"170 Kessels Road, Nathan, Qld 4111",Telecommunications Expenditure,18/08/2022,15611,Superloop (Operations) Pty Ltd,"Brisbane, Qld",No,No,,,,,,,,,369142,,,,,,
,Griffith University,"170 Kessels Road, Nathan, Qld 4111",Computer Equipment,18/08/2022,12496,The School Locker,"Yeronga, Qld",No,No,,,,,,,,,369132,,,,,,
,Griffith University,"170 Kessels Road, Nathan, Qld 4111",Recruitment/Placement Fees,18/08/2022,16017,U&U Recruitment Partners,"Brisbane, Qld",No,No,,,,,,,,,369165,,,,,,
,Griffith University,"170 Kessels Road, Nathan, Qld 4111",Consultancy Services,18/08/2022,14796,Wuxi Apptec (Hongkong) Limited,"Kowloon, Hong Kong",No,No,,,,,,,,,369147,,,,,,
,Griffith University,"170 Kessels Road, Nathan, Qld 4111",Building Construction & Maintenance,18/08/2022,37861,Yes Fire Pty Ltd,"Yatala, Qld",No,No,,,,,,,,,369141,,,,,,
,Griffith University,"170 Kessels Road, Nathan, Qld 4111",Recruitment/Placement Fees,18/08/2022,16017,U&U Recruitment Partners,"Brisbane, Qld",No,No,,,,,,,,,369165,,,,,,
,Griffith University,"170 Kessels Road, Nathan, Qld 4111",Consultancy Services,18/08/2022,14796,Wuxi Apptec (Hongkong) Limited,"Kowloon, Hong Kong",No,No,,,,,,,,,369147,,,,,,
,Griffith University,"170 Kessels Road, Nathan, Qld 4111",Building Construction & Maintenance,18/08/2022,37861,Yes Fire Pty Ltd,"Yatala, Qld",No,No,,,,,,,,,369141,,,,,,
,Griffith University,"170 Kessels Road, Nathan, Qld 4111",Pathology Expenditure,19/08/2022,42031,Australian Genome Research Facility Ltd,"St Lucia, Qld",No,No,,,,,,,,,369195,,,,,,
,Griffith University,"170 Kessels Road, Nathan, Qld 4111",Scientific Equipment,19/08/2022,102531,Bio-Strategy Pty Limited,"Campbellfield, Vic",No,No,,,,,,,,,369187,,,,,,
,Griffith University,"170 Kessels Road, Nathan, Qld 4111",Scientific Equipment,19/08/2022,46871,In Vitro Technologies Pty Ltd,"Noble Park, Vic",No,No,,,,,,,,,369193,,,,,,
,Griffith University,"170 Kessels Road, Nathan, Qld 4111",Marketing Fees,19/08/2022,21450,Lovework Studio Pty Ltd,"Woody Point, Qld",No,No,,,,,,,,,369221,,,,,,
,Griffith University,"170 Kessels Road, Nathan, Qld 4111",Marketing Fees,19/08/2022,21450,Lovework Studio Pty Ltd,"Woody Point, Qld",No,No,,,,,,,,,369222,,,,,,
,Griffith University,"170 Kessels Road, Nathan, Qld 4111",Building Construction & Maintenance,19/08/2022,13244,Pitch Black Engineering,"Brisbane, Qld",Yes,No,,,,,,,,,369219,,,,,,
,Griffith University,"170 Kessels Road, Nathan, Qld 4111",Scientific Equipment,19/08/2022,55121,Scitek Australia Pty Ltd,"Milsons Point, Nsw",No,No,,,,,,,,,369192,,,,,,
,Griffith University,"170 Kessels Road, Nathan, Qld 4111",Furniture,19/08/2022,22110,Sico South Pacific Ltd,"Chittaway Bay, Nsw",No,No,,,,,,,,,369215,,,,,,
,Griffith University,"170 Kessels Road, Nathan, Qld 4111",Computer Equipment,19/08/2022,10154,The School Locker,"Yeronga, Qld",No,No,,,,,,,,,369217,,,,,,
,Griffith University,"170 Kessels Road, Nathan, Qld 4111",Scientific Equipment,19/08/2022,67458,The Trustee For Symbiotic Devices Family,"Mount Waverley, Vic",No,No,,,,,,,,,369214,,,,,,
,Griffith University,"170 Kessels Road, Nathan, Qld 4111",Legal Fees,22/08/2022,38500,Clayton Utz,"Brisbane, Qld",No,No,,,,,,,,,1975200,,,,,,
,Griffith University,"170 Kessels Road, Nathan, Qld 4111",Patent Application Fee,22/08/2022,33195,Eagar & Associates Pty Ltd,"Oxenford, Qld",No,No,,,,,,,,,1974804,,,,,,
,Griffith University,"170 Kessels Road, Nathan, Qld 4111",Patent Application Fee,22/08/2022,15394,James & Wells,"Canberra, Act",No,No,,,,,,,,,1973518,,,,,,
,Griffith University,"170 Kessels Road, Nathan, Qld 4111",Audio Visual Equipment,22/08/2022,23430,John Barry Group Pty Ltd,"Oxenford, Qld",No,No,,,,,,,,,369236,,,,,,
,Griffith University,"170 Kessels Road, Nathan, Qld 4111",Memberships/Subscriptions,22/08/2022,55000,Life Sciences Queensland Limited,"Toowong, Qld",No,No,,,,,,,,,1974791,,,,,,
,Griffith University,"170 Kessels Road, Nathan, Qld 4111",Memberships/Subscriptions,22/08/2022,121441,National Library Of Australia,"Banyo, Qld",No,No,,,,,,,,,GU-927,,,,,,
,Griffith University,"170 Kessels Road, Nathan, Qld 4111",Audio Visual Equipment,22/08/2022,328183,Pixel Line Pty Ltd,"Milton, Qld",No,No,,,,,,,,,369225,,,,,,
,Griffith University,"170 Kessels Road, Nathan, Qld 4111",Consultancy Services,22/08/2022,11254,Pureprofile Australia Pty Limited,Nsw,No,No,,,,,,,,,1973765,,,,,,
,Griffith University,"170 Kessels Road, Nathan, Qld 4111",Relocation Services,22/08/2022,26022,Sirva Relocation,"Richlands, Qld",No,No,,,,,,,,,369258,,,,,,
,Griffith University,"170 Kessels Road, Nathan, Qld 4111",Consultancy Services,22/08/2022,12100,Social Solution Co. Pty Ltd,"COOMERA, QLD",No,No,,,,,,,,,369263,,,,,,
,Griffith University,"170 Kessels Road, Nathan, Qld 4111",Reference Materials,22/08/2022,393163,Springer Customer Service Centre Gmbh,"Heidelberg, Germany",No,No,,,,,,,,,GU-118,,,,,,
,Griffith University,"170 Kessels Road, Nathan, Qld 4111",Computer Equipment,23/08/2022,63145,Data #3 Limited,"Indooroopilly, Qld",No,No,,,,,,,,,369292,,,,,,
,Griffith University,"170 Kessels Road, Nathan, Qld 4111",Legal Fees,23/08/2022,110000,Hwl Ebsworth Lawyers,"Brisbane, Qld",No,No,,,,,,,,,369278,,,,,,
,Griffith University,"170 Kessels Road, Nathan, Qld 4111",Scientific Equipment,23/08/2022,64274,Logemas Pty Ltd,"Albion, Qld",No,No,,,,,,,,,369272,,,,,,
,Griffith University,"170 Kessels Road, Nathan, Qld 4111",Recruitment/Placement Fees,23/08/2022,46200,Robinson Fitzgerald Pty Ltd,"Greenslopes, Qld",No,No,,,,,,,,,369301,,,,,,
,Griffith University,"170 Kessels Road, Nathan, Qld 4111",Computer Equipment,23/08/2022,25385,The School Locker,"Yeronga, Qld",No,No,,,,,,,,,369277,,,,,,
,Griffith University,"170 Kessels Road, Nathan, Qld 4111",Consultancy Services,24/08/2022,79316,Asg Group Limited,"Perth, WA",No,No,,,,,,,,,369343,,,,,,
,Griffith University,"170 Kessels Road, Nathan, Qld 4111",Event Expenditure,24/08/2022,13540,Sofitel Brisbane,"Brisbane, Qld",No,No,,,,,,,,,369307,,,,,,
,Griffith University,"170 Kessels Road, Nathan, Qld 4111",Consultancy Services,24/08/2022,56000,Tropical Water Research Alliance Twra,"Mexico City, Mexico",No,No,,,,,,,,,369315 2010995,,,,,,
,Griffith University,"170 Kessels Road, Nathan, Qld 4111",Recruitment/Placement Fees,24/08/2022,23100,U&U Recruitment Partners,"Brisbane, Qld",No,No,,,,,,,,,369347,,,,,,
,Griffith University,"170 Kessels Road, Nathan, Qld 4111",Equipment Maintenance,24/08/2022,16500,W & H Australasia Pty Limited,"Belrose, Nsw",No,No,,,,,,,,,369316,,,,,,
,Griffith University,"170 Kessels Road, Nathan, Qld 4111",Recruitment/Placement Fees,24/08/2022,23100,U&U Recruitment Partners,"Brisbane, Qld",No,No,,,,,,,,,369347,,,,,,
,Griffith University,"170 Kessels Road, Nathan, Qld 4111",Equipment Maintenance,24/08/2022,16500,W & H Australasia Pty Limited,"Belrose, Nsw",No,No,,,,,,,,,369316,,,,,,
,Griffith University,"170 Kessels Road, Nathan, Qld 4111",Chemical/Biological Products,25/08/2022,10498,Genscript,"Piscataway, Nj, Usa",No,No,,,,,,,,,369380,,,,,,
,Griffith University,"170 Kessels Road, Nathan, Qld 4111",Vehicle Acquisition,25/08/2022,52802,James Frizelle'S Automotive Group Pty L,"Southport, Qld",No,No,,,,,,,,,369418,,,,,,
,Griffith University,"170 Kessels Road, Nathan, Qld 4111",Event Expenditure,25/08/2022,15330,Mantra On Salt Beach,"Kingscliff, Nsw",No,No,,,,,,,,,369377,,,,,,
,Griffith University,"170 Kessels Road, Nathan, Qld 4111",Building Construction & Maintenance,25/08/2022,141053,Mctaggart Plumbing Pty Ltd,"Petrie, Qld",No,No,,,,,,,,,369381,,,,,,
,Griffith University,"170 Kessels Road, Nathan, Qld 4111",Scientific Equipment,25/08/2022,135775,Pure Aquatics,"Wauchope, Nsw",No,No,,,,,,,,,369420,,,,,,
,Griffith University,"170 Kessels Road, Nathan, Qld 4111",Consultancy Services,25/08/2022,10740,The Silver Lining Collective,"Carindale, QLD",No,No,,,,,,,,,369413,,,,,,
,Griffith University,"170 Kessels Road, Nathan, Qld 4111",Consultancy Services,25/08/2022,21725,The Together Society Pty Ltd,"West End, QLD",No,No,,,,,,,,,369419,,,,,,
,Griffith University,"170 Kessels Road, Nathan, Qld 4111",Building Construction & Maintenance,25/08/2022,15620,The Trustee For Fireland Consultancy,"Toombul, Qld",No,No,,,,,,,,,369421,,,,,,
,Griffith University,"170 Kessels Road, Nathan, Qld 4111",Software Support Maintenance,26/08/2022,17766,Data #3 Limited,"Indooroopilly, Qld",No,No,,,,,,,,,369437,,,,,,
,Griffith University,"170 Kessels Road, Nathan, Qld 4111",Scientific Equipment,26/08/2022,13994,Laerdal Pty Ltd,"Oakleigh, Vic",No,No,,,,,,,,,369427,,,,,,
,Griffith University,"170 Kessels Road, Nathan, Qld 4111",Building Construction & Maintenance,26/08/2022,88264,Pitch Black Engineering,"Brisbane, Qld",Yes,No,,,,,,,,,369433,,,,,,
,Griffith University,"170 Kessels Road, Nathan, Qld 4111",Marketing Fees,26/08/2022,137500,Springer Nature Limited,"London, UK",No,No,,,,,,,,,369457,,,,,,
,Griffith University,"170 Kessels Road, Nathan, Qld 4111",Computer Equipment,26/08/2022,19970,The School Locker,"Yeronga, Qld",No,No,,,,,,,,,369431,,,,,,
,Griffith University,"170 Kessels Road, Nathan, Qld 4111",Audio Visual Equipment,29/08/2022,70831,Allied Technologies Australia Pty Ltd,"Newstead, Qld",No,No,,,,,,,,,369490,,,,,,
,Griffith University,"170 Kessels Road, Nathan, Qld 4111",Building Construction & Maintenance,29/08/2022,18356,Dm2Architecture Pty Ltd,"Petrie Terrace, Qld",No,No,,,,,,,,,369499,,,,,,
,Griffith University,"170 Kessels Road, Nathan, Qld 4111",Consultancy Services,29/08/2022,126143,Rsa Security Australia Pty. Ltd.,"Sydney, Nsw",No,No,,,,,,,,,369491,,,,,,
,Griffith University,"170 Kessels Road, Nathan, Qld 4111",Consultancy Services,29/08/2022,124986,Rsa Security Australia Pty. Ltd.,"Sydney, Nsw",No,No,,,,,,,,,369508,,,,,,
,Griffith University,"170 Kessels Road, Nathan, Qld 4111",Relocation Services,29/08/2022,46310,Sirva Relocation,"Richlands, Qld",No,No,,,,,,,,,369484,,,,,,
,Griffith University,"170 Kessels Road, Nathan, Qld 4111",Recruitment/Placement Fees,29/08/2022,18932,U&U Recruitment Partners,"Brisbane, Qld",No,No,,,,,,,,,369485,,,,,,
,Griffith University,"170 Kessels Road, Nathan, Qld 4111",Recruitment/Placement Fees,29/08/2022,18932,U&U Recruitment Partners,"Brisbane, Qld",No,No,,,,,,,,,369485,,,,,,
,Griffith University,"170 Kessels Road, Nathan, Qld 4111",Building Construction & Maintenance,30/08/2022,17419,Alliance Interiors Qld Pty Ltd,"Logan City Dc, Qld",No,No,,,,,,,,,369534,,,,,,
,Griffith University,"170 Kessels Road, Nathan, Qld 4111",Hire/Lease Fees,30/08/2022,291500,Avantix,"Murarrie, Qld",No,No,,,,,,,,,369540,,,,,,
,Griffith University,"170 Kessels Road, Nathan, Qld 4111",Scientific Equipment,30/08/2022,384230,Bio-Strategy Pty Limited,"Campbellfield, Vic",No,No,,,,,,,,,369566,,,,,,
,Griffith University,"170 Kessels Road, Nathan, Qld 4111",Legal Fees,30/08/2022,175571,Clayton Utz,"Brisbane, Qld",Yes,No,,,,,,,,,1976727 1978102 1987032,,,,,,
,Griffith University,"170 Kessels Road, Nathan, Qld 4111",Laboratory Consumables,30/08/2022,16170,Critical Dental Pty Ltd,"Baulkham Hills, Nsw",No,No,,,,,,,,,1975586,,,,,,
,Griffith University,"170 Kessels Road, Nathan, Qld 4111",Memberships/Subscriptions,30/08/2022,12624,Elsevier Inc.,USA,No,No,,,,,,,,,1976116,,,,,,
,Griffith University,"170 Kessels Road, Nathan, Qld 4111",Patent Application Fee,30/08/2022,12430,Fb Rice Pty Ltd,"Sydney South, Nsw",No,No,,,,,,,,,1972767,,,,,,
,Griffith University,"170 Kessels Road, Nathan, Qld 4111",Building Construction & Maintenance,30/08/2022,29139,Mctaggart Plumbing Pty Ltd,"Petrie, Qld",No,No,,,,,,,,,369545,,,,,,
,Griffith University,"170 Kessels Road, Nathan, Qld 4111",Commission Payment,30/08/2022,494286,Pearson Australia Group Pty Ltd,"Sydney, NSW",No,No,,,,,,,,,1973489,,,,,,
,Griffith University,"170 Kessels Road, Nathan, Qld 4111",Scientific Equipment,30/08/2022,55226,Stryker Australia,"St Leonards, Nsw",No,No,,,,,,,,,369542,,,,,,
,Griffith University,"170 Kessels Road, Nathan, Qld 4111",Memberships/Subscriptions,30/08/2022,65575,The Conversation Media Group,"Melbourne, Vic",No,No,,,,,,,,,1973486,,,,,,
,Griffith University,"170 Kessels Road, Nathan, Qld 4111",Building Construction & Maintenance,31/08/2022,24618,A1 Building & Property Solutions Pty Ltd,"The Gap, Qld",No,No,,,,,,,,,369621,,,,,,
,Griffith University,"170 Kessels Road, Nathan, Qld 4111",Legal Fees,31/08/2022,51013,Minter Ellison Lawyers,"Brisbane, Qld",No,No,,,,,,,,,1413582,,,,,,
,Griffith University,"170 Kessels Road, Nathan, Qld 4111",Building Construction & Maintenance,31/08/2022,45348,Mode Design Corp Pty Ltd,"Fortitude Valley, Qld",No,No,,,,,,,,,369639,,,,,,
,Griffith University,"170 Kessels Road, Nathan, Qld 4111",Chemical/Biological Products,31/08/2022,19767,Stemcell Technologies Australia Holdings,"Tullamarine, Vic",No,No,,,,,,,,,369641,,,,,,
,Griffith University,"170 Kessels Road, Nathan, Qld 4111",Consultancy Services,31/08/2022,143000,The Florey Institute Of Neuroscience And,"Parkville, Vic",No,No,,,,,,,,,369594,,,,,,
,Griffith University,"170 Kessels Road, Nathan, Qld 4111",Building Construction & Maintenance,31/08/2022,30400,The Shed Company - Gold Coast,"Nerang, Qld",No,No,,,,,,,,,369642,,,,,,
,Griffith University,"170 Kessels Road, Nathan, Qld 4111",Memberships/Subscriptions,1/09/2022,192500,Accenture Australia Pty Ltd,"Barangaroo, Nsw",No,No,,,,,,,,,GU-1169,,,,,,
,Griffith University,"170 Kessels Road, Nathan, Qld 4111",Consultancy Services,1/09/2022,17754,Enghouse Australia Pty Ltd,"Melbourne, Vic",No,No,,,,,,,,,369648,,,,,,
,Griffith University,"170 Kessels Road, Nathan, Qld 4111",Consultancy Services,1/09/2022,92147,Ipsos Pty Ltd,"North Sydney, Nsw",No,No,,,,,,,,,369679,,,,,,
,Griffith University,"170 Kessels Road, Nathan, Qld 4111",Scientific Equipment,1/09/2022,286162,Kla Corporation,Singapore,No,No,,,,,,,,,369652,,,,,,
,Griffith University,"170 Kessels Road, Nathan, Qld 4111",Scientific Equipment,1/09/2022,77018,New Data Solutions Pty Ltd,"Scarborough, Qld",No,No,,,,,,,,,369651,,,,,,
,Griffith University,"170 Kessels Road, Nathan, Qld 4111",Event Expenditure,1/09/2022,42883,Racv Royal Pines Resort,"Gold Coast, Qld",No,No,,,,,,,,,369657,,,,,,
,Griffith University,"170 Kessels Road, Nathan, Qld 4111",Building Construction & Maintenance,2/09/2022,113570,Bennett And Bennett Group,"Gold Coast, Qld",Yes,No,,,,,,,,,369726,,,,,,
,Griffith University,"170 Kessels Road, Nathan, Qld 4111",Marketing Fees,2/09/2022,31089,Richmond Signs & Designs,"Southport, Qld",No,No,,,,,,,,,1977400,,,,,,
,Griffith University,"170 Kessels Road, Nathan, Qld 4111",Marketing Fees,2/09/2022,35779,Richmond Signs & Designs,"Southport, Qld",No,No,,,,,,,,,1977401,,,,,,
,Griffith University,"170 Kessels Road, Nathan, Qld 4111",Recruitment/Placement Fees,2/09/2022,17707,Seek Limited,"Sydney, NSW",No,No,,,,,,,,,1977405,,,,,,
,Griffith University,"170 Kessels Road, Nathan, Qld 4111",Recruitment/Placement Fees,2/09/2022,17160,Unijobs Global Pty Ltd,"Brighton, Vic",No,No,,,,,,,,,1977406,,,,,,
,Griffith University,"170 Kessels Road, Nathan, Qld 4111",Recruitment/Placement Fees,2/09/2022,17160,Unijobs Global Pty Ltd,"Brighton, Vic",No,No,,,,,,,,,1977406,,,,,,
,Griffith University,"170 Kessels Road, Nathan, Qld 4111",Scientific Equipment,5/09/2022,21995,Bio-Rad Laboratories Pty Ltd,"South Granville, Nsw",No,No,,,,,,,,,369768,,,,,,
,Griffith University,"170 Kessels Road, Nathan, Qld 4111",Marketing Fees,5/09/2022,63100,Bpo Intelligence Pty Ltd,"Mount Waverley, Vic",No,No,,,,,,,,,369785,,,,,,
,Griffith University,"170 Kessels Road, Nathan, Qld 4111",Consultancy Services,5/09/2022,16060,Integral Technology Solutions Pty Ltd,"Spring Hill, Qld",No,No,,,,,,,,,369752,,,,,,
,Griffith University,"170 Kessels Road, Nathan, Qld 4111",Scientific Equipment,5/09/2022,71759,Limbs & Things Limited,"Hallam, Vic",No,No,,,,,,,,,369749,,,,,,
,Griffith University,"170 Kessels Road, Nathan, Qld 4111",Building Construction & Maintenance,5/09/2022,12980,Mode Design Corp Pty Ltd,"Fortitude Valley, Qld",No,No,,,,,,,,,369769,,,,,,
,Griffith University,"170 Kessels Road, Nathan, Qld 4111",Scientific Equipment,5/09/2022,14411,Sartorius Australia Pty Ltd,"Dandenong South, Vic",No,No,,,,,,,,,369767,,,,,,
,Griffith University,"170 Kessels Road, Nathan, Qld 4111",Equipment Maintenance,6/09/2022,12788,Asset Power Solutions Pty Ltd,"Cannon Hill, Qld",No,No,,,,,,,,,369801,,,,,,
,Griffith University,"170 Kessels Road, Nathan, Qld 4111",Recruitment/Placement Fees,6/09/2022,11000,Broadbean Technology,"Sydney, Nsw",No,No,,,,,,,,,369797,,,,,,
,Griffith University,"170 Kessels Road, Nathan, Qld 4111",Software Support Maintenance,6/09/2022,15400,Crayon Australia Pty Ltd,"Scoresby, Vic",No,No,,,,,,,,,369866,,,,,,
,Griffith University,"170 Kessels Road, Nathan, Qld 4111",Building Construction & Maintenance,6/09/2022,371176,Kane Constructions (Qld) Pty Ltd,"Albion, Qld",No,No,,,,,,,,,369841,,,,,,
,Griffith University,"170 Kessels Road, Nathan, Qld 4111",Consultancy Services,6/09/2022,12753,Outside Opinion Pty Ltd,"Carlton North, Vic",No,No,,,,,,,,,369843,,,,,,
,Griffith University,"170 Kessels Road, Nathan, Qld 4111",Building Construction & Maintenance,6/09/2022,130891,Ozlockers Pty Ltd,"Slacks Creek, Qld",No,No,,,,,,,,,369830,,,,,,
,Griffith University,"170 Kessels Road, Nathan, Qld 4111",Security Services,6/09/2022,57761,Securcom Pty Ltd,"Brendale, Qld",No,No,,,,,,,,,369798,,,,,,
,Griffith University,"170 Kessels Road, Nathan, Qld 4111",Building Construction & Maintenance,6/09/2022,18480,Turner & Townsend Pty Ltd,"Brisbane, Qld",No,No,,,,,,,,,369809,,,,,,
,Griffith University,"170 Kessels Road, Nathan, Qld 4111",Building Construction & Maintenance,6/09/2022,18480,Turner & Townsend Pty Ltd,"Brisbane, Qld",No,No,,,,,,,,,369809,,,,,,
,Griffith University,"170 Kessels Road, Nathan, Qld 4111",Cleaning Services,7/09/2022,105692,Clean-Air (Aust) Pty. Ltd.,"Acacia Ridge, Qld",No,No,,,,,,,,,369886,,,,,,
,Griffith University,"170 Kessels Road, Nathan, Qld 4111",Scientific Equipment,7/09/2022,123587,Fluidquip Australia,"Blaxland, Nsw",No,No,,,,,,,,,369881,,,,,,
,Griffith University,"170 Kessels Road, Nathan, Qld 4111",Equipment Purchase,7/09/2022,54402,Framelight Pty Ltd,"Botany, Nsw",No,No,,,,,,,,,369904,,,,,,
,Griffith University,"170 Kessels Road, Nathan, Qld 4111",Scientific Equipment,7/09/2022,11239,Laurell Technologies Corporation,Pennsylvania,No,No,,,,,,,,,369884,,,,,,
,Griffith University,"170 Kessels Road, Nathan, Qld 4111",Subscription/Licence Fees,7/09/2022,10731,Realtimeboard Inc,Usa,No,No,,,,,,,,,369870,,,,,,
,Griffith University,"170 Kessels Road, Nathan, Qld 4111",Marketing Fees,7/09/2022,26400,Verticurl Marketing Services Pty Ltd,"Millers Point, Nsw",No,No,,,,,,,,,369901,,,,,,
,Griffith University,"170 Kessels Road, Nathan, Qld 4111",Marketing Fees,7/09/2022,26400,Verticurl Marketing Services Pty Ltd,"Millers Point, Nsw",No,No,,,,,,,,,369901,,,,,,
,Griffith University,"170 Kessels Road, Nathan, Qld 4111",Consultancy Services,8/09/2022,21257,Darren Christopher Lukas,Indonesia,No,No,,,,,,,,,369928,,,,,,
,Griffith University,"170 Kessels Road, Nathan, Qld 4111",Relocation Services,8/09/2022,13059,Grace Worldwide (Australia) Pty Ltd,"Seven Hills, Nsw",No,No,,,,,,,,,1978346,,,,,,
,Griffith University,"170 Kessels Road, Nathan, Qld 4111",Audio Visual Equipment,8/09/2022,33374,John Barry Group Pty Ltd,"Oxenford, Qld",No,No,,,,,,,,,369945,,,,,,
,Griffith University,"170 Kessels Road, Nathan, Qld 4111",Consultancy Services,8/09/2022,11750,The Silver Lining Collective,"Carindale, Qld",No,No,,,,,,,,,369919,,,,,,
,Griffith University,"170 Kessels Road, Nathan, Qld 4111",Scientific Equipment,8/09/2022,225017,Thermo Fisher Scientific Australia,"Scoresby, Vic",No,No,,,,,,,,,369949,,,,,,
,Griffith University,"170 Kessels Road, Nathan, Qld 4111",Memberships/Subscriptions,8/09/2022,29620,Unijobs Global Pty Ltd,"Brighton, Vic",No,No,,,,,,,,,1978409,,,,,,
,Griffith University,"170 Kessels Road, Nathan, Qld 4111",Memberships/Subscriptions,8/09/2022,29620,Unijobs Global Pty Ltd,"Brighton, Vic",No,No,,,,,,,,,1978409,,,,,,
,Griffith University,"170 Kessels Road, Nathan, Qld 4111",Audio Visual Equipment,9/09/2022,72600,Anystream Australia Pty Ltd,"Perth, Wa",No,No,,,,,,,,,369981,,,,,,
,Griffith University,"170 Kessels Road, Nathan, Qld 4111",Equipment Purchase,9/09/2022,36443,Hare & Forbes,"Archerfield, Qld",No,No,,,,,,,,,369999,,,,,,
,Griffith University,"170 Kessels Road, Nathan, Qld 4111",Consultancy Services,9/09/2022,176000,Making Strides Pty Ltd,"Burleigh Heads, Qld",No,No,,,,,,,,,369975,,,,,,
,Griffith University,"170 Kessels Road, Nathan, Qld 4111",Relocation Services,9/09/2022,25874,Sirva Relocation,"Richlands, Qld",No,No,,,,,,,,,369974,,,,,,
,Griffith University,"170 Kessels Road, Nathan, Qld 4111",Recruitment/Placement Fees,9/09/2022,20077,U&U Recruitment Partners,"Brisbane, Qld",No,No,,,,,,,,,369994,,,,,,
,Griffith University,"170 Kessels Road, Nathan, Qld 4111",Recruitment/Placement Fees,9/09/2022,20077,U&U Recruitment Partners,"Brisbane, Qld",No,No,,,,,,,,,369994,,,,,,
,Griffith University,"170 Kessels Road, Nathan, Qld 4111",Accreditation Fees,10/09/2022,19000,Australian Computer Society Inc.,"Sydney, NSW",No,No,,,,,,,,,1973151,,,,,,
,Griffith University,"170 Kessels Road, Nathan, Qld 4111",Dental Supplies,12/09/2022,29648,Dentsply Sirona Pty Ltd,"Mount Waverley, Vic",No,No,,,,,,,,,370021,,,,,,
,Griffith University,"170 Kessels Road, Nathan, Qld 4111",Software Support Maintenance,12/09/2022,200888,Equate Technologies Pty Ltd,"Brisbane, Qld",No,No,,,,,,,,,370027,,,,,,
,Griffith University,"170 Kessels Road, Nathan, Qld 4111",Reference Materials,12/09/2022,12551,Proquest Llc,"Chicago, Usa",No,No,,,,,,,,,1978567,,,,,,
,Griffith University,"170 Kessels Road, Nathan, Qld 4111",Event Expenditure,12/09/2022,19776,Qt Gold Coast,"Surfers Paradise, Qld",No,No,,,,,,,,,1978849,,,,,,
,Griffith University,"170 Kessels Road, Nathan, Qld 4111",Event Expenditure,12/09/2022,32138,Qt Gold Coast,"Surfers Paradise, Qld",No,No,,,,,,,,,370031,,,,,,
,Griffith University,"170 Kessels Road, Nathan, Qld 4111",Relocation Services,12/09/2022,35200,Sirva Relocation,"Richlands, Qld",No,No,,,,,,,,,370023,,,,,,
,Griffith University,"170 Kessels Road, Nathan, Qld 4111",Equipment Maintenance,13/09/2022,18293,Additive Australia Pty Ltd,"Torquay, Vic",No,No,,,,,,,,,370113,,,,,,
,Griffith University,"170 Kessels Road, Nathan, Qld 4111",Building Construction & Maintenance,13/09/2022,78500,Ausplay Playscapes,"Richlands, Qld",No,No,,,,,,,,,370075,,,,,,
,Griffith University,"170 Kessels Road, Nathan, Qld 4111",IT Equipment,13/09/2022,24658,Drives & Process Engineering Pty Ltd,"Forest Lake, Qld",No,No,,,,,,,,,370114,,,,,,
,Griffith University,"170 Kessels Road, Nathan, Qld 4111",Conference Expenses,13/09/2022,17930,Gartner Australasia Pty Limited,"Sydney, Nsw",No,No,,,,,,,,,370057,,,,,,
,Griffith University,"170 Kessels Road, Nathan, Qld 4111",Building Construction & Maintenance,13/09/2022,18084,Geleon Pty Ltd,"Nerang, Qld",No,No,,,,,,,,,370074,,,,,,
,Griffith University,"170 Kessels Road, Nathan, Qld 4111",Building Construction & Maintenance,13/09/2022,21285,Geleon Pty Ltd,"Nerang, Qld",No,No,,,,,,,,,370097,,,,,,
,Griffith University,"170 Kessels Road, Nathan, Qld 4111",Scientific Equipment,13/09/2022,30245,Idexx Laboratories Pty Ltd,"Rydalmere, Nsw",No,No,,,,,,,,,370088,,,,,,
,Griffith University,"170 Kessels Road, Nathan, Qld 4111",Marketing Fees,13/09/2022,109417,Prodigious Brand Logistics,"Millers Point, Nsw",No,No,,,,,,,,,370105,,,,,,
,Griffith University,"170 Kessels Road, Nathan, Qld 4111",Scientific Equipment,13/09/2022,22560,Sonation Gmbh,Germany,No,No,,,,,,,,,370066,,,,,,
,Griffith University,"170 Kessels Road, Nathan, Qld 4111",Memberships/Subscriptions,14/09/2022,27500,Edith Cowan University,"Joondalup, Wa",No,No,,,,,,,,,370139,,,,,,
,Griffith University,"170 Kessels Road, Nathan, Qld 4111",Pathology Expenditure,14/09/2022,148500,Gold Coast City Council,"Gold Coast, Qld",No,,,,,,,,,,370136,,,,,,
,Griffith University,"170 Kessels Road, Nathan, Qld 4111",Building Construction & Maintenance,14/09/2022,36593,Precise Air Group P/L,"Springwood, Qld",No,No,,,,,,,,,370163,,,,,,
,Griffith University,"170 Kessels Road, Nathan, Qld 4111",Pathology Expenditure,14/09/2022,16434,Qcif,"St Lucia, Qld",No,No,,,,,,,,,370174,,,,,,
,Griffith University,"170 Kessels Road, Nathan, Qld 4111",Building Construction & Maintenance,14/09/2022,11308,Raylinc Agencies Pty Ltd,"Acacia Ridge, Qld",No,No,,,,,,,,,370141,,,,,,
,Griffith University,"170 Kessels Road, Nathan, Qld 4111",Building Construction & Maintenance,14/09/2022,20709,Raylinc Agencies Pty Ltd,"Acacia Ridge, Qld",No,No,,,,,,,,,370142,,,,,,
,Griffith University,"170 Kessels Road, Nathan, Qld 4111",Marketing Fees,14/09/2022,13980,Seek Limited,"Sydney, Nsw",No,No,,,,,,,,,1978846,,,,,,
,Griffith University,"170 Kessels Road, Nathan, Qld 4111",Building Construction & Maintenance,14/09/2022,102300,Turner & Townsend Pty Ltd,"Brisbane, Qld",No,No,,,,,,,,,370151,,,,,,
,Griffith University,"170 Kessels Road, Nathan, Qld 4111",Conference Expenses,14/09/2022,18311,University Of Oxford,England,No,No,,,,,,,,,1978890,,,,,,
,Griffith University,"170 Kessels Road, Nathan, Qld 4111",Consultancy Services,14/09/2022,59400,Zancon Pty Ltd,"Barangaroo, Nsw",No,No,,,,,,,,,370172,,,,,,
,Griffith University,"170 Kessels Road, Nathan, Qld 4111",Building Construction & Maintenance,14/09/2022,102300,Turner & Townsend Pty Ltd,"Brisbane, Qld",No,No,,,,,,,,,370151,,,,,,
,Griffith University,"170 Kessels Road, Nathan, Qld 4111",Conference Expenses,14/09/2022,18311,University Of Oxford,England,No,No,,,,,,,,,1978890,,,,,,
,Griffith University,"170 Kessels Road, Nathan, Qld 4111",Consultancy Services,14/09/2022,59400,Zancon Pty Ltd,"Barangaroo, Nsw",No,No,,,,,,,,,370172,,,,,,
,Griffith University,"170 Kessels Road, Nathan, Qld 4111",Building Construction & Maintenance,15/09/2022,15102,Allied Technologies Australia Pty Ltd,"Newstead, Qld",No,No,,,,,,,,,370252,,,,,,
,Griffith University,"170 Kessels Road, Nathan, Qld 4111",Accreditation Fees,15/09/2022,19128,Australian Physiotherapy Council Limited,"Canberra, Act",No,No,,,,,,,,,1975983,,,,,,
,Griffith University,"170 Kessels Road, Nathan, Qld 4111",Legal Fees,15/09/2022,76344,Clayton Utz,"Brisbane, Qld",Yes,No,,,,,,,,,370233,,,,,,
,Griffith University,"170 Kessels Road, Nathan, Qld 4111",Legal Fees,15/09/2022,49500,Clayton Utz,"Brisbane, Qld",No,No,,,,,,,,,370234,,,,,,
,Griffith University,"170 Kessels Road, Nathan, Qld 4111",Event Expenditure,15/09/2022,11410,Clear Mountain Health And Conference Cen,"Cashmere, Qld",No,No,,,,,,,,,370202,,,,,,
,Griffith University,"170 Kessels Road, Nathan, Qld 4111",Software Support Maintenance,15/09/2022,47621,Maser Technology Group Pty Ltd,"Frenchs Forest, Nsw",No,No,,,,,,,,,370204,,,,,,
,Griffith University,"170 Kessels Road, Nathan, Qld 4111",Building Construction & Maintenance,15/09/2022,23518,Norman Disney & Young,"North Sydney, Nsw",No,No,,,,,,,,,370257,,,,,,
,Griffith University,"170 Kessels Road, Nathan, Qld 4111",Subscription/Licence Fees,15/09/2022,86132,Oracle Corporation Australia Pty Ltd,"Sydney, Nsw",No,No,,,,,,,,,370206,,,,,,
,Griffith University,"170 Kessels Road, Nathan, Qld 4111",Building Construction & Maintenance,15/09/2022,13355,Reece Pty Ltd,"Salisbury, Qld",No,No,,,,,,,,,370235,,,,,,
,Griffith University,"170 Kessels Road, Nathan, Qld 4111",Scientific Equipment,16/09/2022,40861,Deotome Pty Ltd,"New Farm, Qld",No,No,,,,,,,,,370280,,,,,,
,Griffith University,"170 Kessels Road, Nathan, Qld 4111",Pathology Expenditure,16/09/2022,11660,Diversity Arrays Technology Pty Ltd,"Bruce, Act",No,No,,,,,,,,,370291,,,,,,
,Griffith University,"170 Kessels Road, Nathan, Qld 4111",Consultancy Services,16/09/2022,389668,Emanate Technology Qld Pty Ltd,"Brisbane, Qld",No,No,,,,,,,,,370303,,,,,,
,Griffith University,"170 Kessels Road, Nathan, Qld 4111",Consultancy Services,16/09/2022,50700,Fiona Ruth Van Haeringen,Qld,No,No,,,,,,,,,1985227 1983045 2015541 2017089 2021208,,,,,,
,Griffith University,"170 Kessels Road, Nathan, Qld 4111",Equipment Purchase,16/09/2022,13361,Pool Shop Qld Pty Ltd,"Camira, Qld",No,No,,,,,,,,,370278,,,,,,
,Griffith University,"170 Kessels Road, Nathan, Qld 4111",Computer Equipment,16/09/2022,16642,The School Locker,"Yeronga, Qld",No,No,,,,,,,,,370314,,,,,,
,Griffith University,"170 Kessels Road, Nathan, Qld 4111",Scientific Equipment,16/09/2022,566731,Waters Australia Pty Limited,"Dundas, Nsw",No,No,Limited,b (iii) The absence of competition for technical reasons which can only be supplied by a particular supplier and no reasonable alternative exists,,,,,,,370290,,,,,,
,Griffith University,"170 Kessels Road, Nathan, Qld 4111",Scientific Equipment,16/09/2022,566731,Waters Australia Pty Limited,"Dundas, Nsw",No,No,Limited,b (iii) The absence of competition for technical reasons which can only be supplied by a particular supplier and no reasonable alternative exists,,,,,,,370290,,,,,,
,Griffith University,"170 Kessels Road, Nathan, Qld 4111",IT Equipment,17/09/2022,187075,Computer Support Systems P/L,"Abbotsford,Vic",No,No,,,,,,,,,370317,,,,,,
,Griffith University,"170 Kessels Road, Nathan, Qld 4111",Consultancy Services,17/09/2022,10000,Helen Mary Benesoczky,Qld,No,No,,,,,,,,,370319,,,,,,
,Griffith University,"170 Kessels Road, Nathan, Qld 4111",Event Expenditure,17/09/2022,19206,Shed 23,"Amity, Qld",No,No,,,,,,,,,1978189,,,,,,
,Griffith University,"170 Kessels Road, Nathan, Qld 4111",Marketing Fees,17/09/2022,56537,Valiant Hire,"Pinkenba, Qld",No,No,,,,,,,,,1975695,,,,,,
,Griffith University,"170 Kessels Road, Nathan, Qld 4111",Marketing Fees,17/09/2022,57679,Valiant Hire,"Pinkenba, Qld",No,No,,,,,,,,,1975696,,,,,,
,Griffith University,"170 Kessels Road, Nathan, Qld 4111",Marketing Fees,17/09/2022,56537,Valiant Hire,"Pinkenba, Qld",No,No,,,,,,,,,1975695,,,,,,
,Griffith University,"170 Kessels Road, Nathan, Qld 4111",Marketing Fees,17/09/2022,57679,Valiant Hire,"Pinkenba, Qld",No,No,,,,,,,,,1975696,,,,,,
,Griffith University,"170 Kessels Road, Nathan, Qld 4111",Consultancy Services,18/09/2022,488076,Qs Enrolment Solutions (Australia) Pty L,"Melbourne, Vic",No,No,,,,,,,,,1976113,,,,,,
,Griffith University,"170 Kessels Road, Nathan, Qld 4111",Pathology Expenditure,19/09/2022,19114,Australian Genome Research Facility Ltd,"St Lucia, Qld",No,No,,,,,,,,,370334,,,,,,
,Griffith University,"170 Kessels Road, Nathan, Qld 4111",Telecommunications Expenditure,19/09/2022,12777,Data #3 Limited,"Indooroopilly, Qld",No,No,,,,,,,,,370352,,,,,,
,Griffith University,"170 Kessels Road, Nathan, Qld 4111",Commission Payment,19/09/2022,51000,Japan America Academic Centre,Japan,No,No,,,,,,,,,1979200,,,,,,
,Griffith University,"170 Kessels Road, Nathan, Qld 4111",Scientific Equipment,19/09/2022,114290,Kerri Leigh Morley,Vic,No,No,,,,,,,,,370359,,,,,,
,Griffith University,"170 Kessels Road, Nathan, Qld 4111",Building Construction & Maintenance,19/09/2022,21564,Precise Air Group P/L,"Springwood, Qld",No,No,,,,,,,,,370328,,,,,,
,Griffith University,"170 Kessels Road, Nathan, Qld 4111",Scientific Equipment,19/09/2022,17861,Robotlab Inc.,Usa,No,No,,,,,,,,,370335,,,,,,
,Griffith University,"170 Kessels Road, Nathan, Qld 4111",Scientific Equipment,19/09/2022,21481,Robotlab Inc.,Usa,No,No,,,,,,,,,370336,,,,,,
,Griffith University,"170 Kessels Road, Nathan, Qld 4111",Scientific Equipment,19/09/2022,31950,Telepresence Solutions Australia,"Clontard, Qld",No,No,,,,,,,,,370332,,,,,,
,Griffith University,"170 Kessels Road, Nathan, Qld 4111",Consultancy Services,20/09/2022,29106,Airwork Nq Pty Ltd,"Mareeba, QLD",No,No,,,,,,,,,1976514,,,,,,
,Griffith University,"170 Kessels Road, Nathan, Qld 4111",Audio Visual Equipment,20/09/2022,19634,Allied Technologies Australia Pty Ltd,"Newstead, Qld",No,No,,,,,,,,,370394,,,,,,
,Griffith University,"170 Kessels Road, Nathan, Qld 4111",Building Construction & Maintenance,20/09/2022,940018,Data #3 Limited,"Indooroopilly, Qld",No,No,Open,,,,,,,,370368,,,,,,
,Griffith University,"170 Kessels Road, Nathan, Qld 4111",Event Expenditure,20/09/2022,22400,Mantra On View Hotel,"Surfers Paradise, Qld",No,No,,,,,,,,,370360,,,,,,
,Griffith University,"170 Kessels Road, Nathan, Qld 4111",Event Expenditure,20/09/2022,14219,Mercure Gold Coast Resort,"Carrara, Qld",No,No,,,,,,,,,370361,,,,,,
,Griffith University,"170 Kessels Road, Nathan, Qld 4111",Consultancy Services,20/09/2022,66000,The Trustee For Your Best You Trust,"Sandgate, Qld",No,No,,,,,,,,,370383,,,,,,
,Griffith University,"170 Kessels Road, Nathan, Qld 4111",Building Construction & Maintenance,21/09/2022,15565,A1 Building & Property Solutions Pty Ltd,"The Gap, Qld",Yes,No,,,,,,,,,370429,,,,,,
,Griffith University,"170 Kessels Road, Nathan, Qld 4111",Building Construction & Maintenance,21/09/2022,15180,A1 Building & Property Solutions Pty Ltd,"The Gap, Qld",No,No,,,,,,,,,370430,,,,,,
,Griffith University,"170 Kessels Road, Nathan, Qld 4111",Building Construction & Maintenance,21/09/2022,18934,A1 Building & Property Solutions Pty Ltd,"The Gap, Qld",No,No,,,,,,,,,370477,,,,,,
,Griffith University,"170 Kessels Road, Nathan, Qld 4111",Consultancy Services,21/09/2022,25335,Agilex Biolabs Pty Ltd,"Thebarton, SA",No,No,,,,,,,,, 1991498 1977592,,,,,,
,Griffith University,"170 Kessels Road, Nathan, Qld 4111",Scientific Equipment,21/09/2022,10228,Bio-Strategy Pty Limited,"Campbellfield, Vic",No,No,,,,,,,,,370454,,,,,,
,Griffith University,"170 Kessels Road, Nathan, Qld 4111",Equipment Purchase,21/09/2022,37973,Bsg Brisbane Sound Group,"Northgate, Qld",No,No,,,,,,,,,370478,,,,,,
,Griffith University,"170 Kessels Road, Nathan, Qld 4111",Scientific Equipment,21/09/2022,83375,Laerdal Pty Ltd,"Oakleigh, Vic",No,No,,,,,,,,,370442,,,,,,
,Griffith University,"170 Kessels Road, Nathan, Qld 4111",Scientific Equipment,21/09/2022,83375,Laerdal Pty Ltd,"Oakleigh, Vic",No,No,,,,,,,,,370443,,,,,,
,Griffith University,"170 Kessels Road, Nathan, Qld 4111",Scientific Equipment,21/09/2022,57480,Laerdal Pty Ltd,"Oakleigh, Vic",No,No,,,,,,,,,370444,,,,,,
,Griffith University,"170 Kessels Road, Nathan, Qld 4111",Scientific Equipment,21/09/2022,109641,Laerdal Pty Ltd,"Oakleigh, Vic",No,No,,,,,,,,,370445,,,,,,
,Griffith University,"170 Kessels Road, Nathan, Qld 4111",Scientific Equipment,21/09/2022,70425,Logemas Pty Ltd,"Albion, Qld",No,No,,,,,,,,,370458,,,,,,
,Griffith University,"170 Kessels Road, Nathan, Qld 4111",Scientific Equipment,21/09/2022,37090,Mgc Diagnostics Australia Pty. Ltd.,"Dandenong South, Vic",No,No,,,,,,,,,370446,,,,,,
,Griffith University,"170 Kessels Road, Nathan, Qld 4111",Scientific Equipment,21/09/2022,16599,Model-Med International Pty Ltd,"Cheltenham, Vic",No,No,,,,,,,,,370447,,,,,,
,Griffith University,"170 Kessels Road, Nathan, Qld 4111",Subscription/Licence Fees,21/09/2022,52140,Myprofile Pty Ltd,"Bondi Junction, Nsw",No,No,,,,,,,,,GU-648,,,,,,
,Griffith University,"170 Kessels Road, Nathan, Qld 4111",Recruitment/Placement Fees,21/09/2022,11506,Seek Limited,"Sydney, Nsw",No,No,,,,,,,,,370428,,,,,,
,Griffith University,"170 Kessels Road, Nathan, Qld 4111",Consultancy Services,21/09/2022,15950,Software Education Australia Pty Ltd,"Brisbane, Qld",No,No,,,,,,,,,370422,,,,,,
,Griffith University,"170 Kessels Road, Nathan, Qld 4111",Consultancy Services,21/09/2022,15950,Software Education Australia Pty Ltd,"Brisbane, Qld",No,No,,,,,,,,,370423,,,,,,
,Griffith University,"170 Kessels Road, Nathan, Qld 4111",Consultancy Services,21/09/2022,22000,Software Education Australia Pty Ltd,"Brisbane, Qld",No,No,,,,,,,,,370424,,,,,,
,Griffith University,"170 Kessels Road, Nathan, Qld 4111",Consultancy Services,21/09/2022,15950,Software Education Australia Pty Ltd,"Brisbane, Qld",No,No,,,,,,,,,370425,,,,,,
,Griffith University,"170 Kessels Road, Nathan, Qld 4111",Consultancy Services,22/09/2022,58666,Deloitte Consulting Pty Limited,"Brisbane, Qld",No,No,,,,,,,,,370506,,,,,,
,Griffith University,"170 Kessels Road, Nathan, Qld 4111",Chemical/Biological Products,22/09/2022,14000,Edaphic Scientific Pty Ltd,"Port Macquarie, Nsw",No,No,,,,,,,,,370512,,,,,,
,Griffith University,"170 Kessels Road, Nathan, Qld 4111",Building Construction & Maintenance,22/09/2022,44440,Mpn Consulting Pty Limited,"Toowong, Qld",No,No,,,,,,,,,370507,,,,,,
,Griffith University,"170 Kessels Road, Nathan, Qld 4111",Subscription/Licence Fees,23/09/2022,156559,Diligent Board Services Australia Pty Lt,"Sydney, Nsw",No,No,,,,,,,,,C01480_1,,,,,,
,Griffith University,"170 Kessels Road, Nathan, Qld 4111",Building Construction & Maintenance,23/09/2022,11247,Hosmed Services Pty Ltd,"Virginia, Qld",No,No,,,,,,,,,370550,,,,,,
,Griffith University,"170 Kessels Road, Nathan, Qld 4111",Scientific Equipment,23/09/2022,93479,Logemas Pty Ltd,"Albion, Qld",No,No,,,,,,,,,370555,,,,,,
,Griffith University,"170 Kessels Road, Nathan, Qld 4111",Subscription/Licence Fees,23/09/2022,97043,Modo Labs Inc,Usa,No,No,,,,,,,,,C00991,,,,,,
,Griffith University,"170 Kessels Road, Nathan, Qld 4111",Software Support Maintenance,23/09/2022,688294,Oracle Corporation Australia Pty Ltd,"Sydney, Nsw",No,No,Limited,"c - (i) Cannot be made for technical reasons such as requirements of interchangeability or interoperability with existing equipment, software, services or installations procured under the initial procurement, or due to conditions under original supplier warranties",,,,,,,370514,,,,,,
,Griffith University,"170 Kessels Road, Nathan, Qld 4111",Consultancy Services,23/09/2022,18189,P2E Pty. Ltd.,"Brisbane, Qld",No,No,,,,,,,,,1976933,,,,,,
,Griffith University,"170 Kessels Road, Nathan, Qld 4111",Scientific Equipment,23/09/2022,15721,Thermo Fisher Scientific Australia,"Scoresby, Vic",No,No,,,,,,,,,370531,,,,,,
,Griffith University,"170 Kessels Road, Nathan, Qld 4111",Scientific Equipment,26/09/2022,329439,Ata Scientific Pty Ltd,"Taren Point, Nsw",No,No,,,,,,,,,370591,,,,,,
,Griffith University,"170 Kessels Road, Nathan, Qld 4111",Subscription/Licence Fees,26/09/2022,292710,Australian Institute Of Aboriginal & Tor,"Acton, Act",No,No,,,,,,,,,GU-857,,,,,,
,Griffith University,"170 Kessels Road, Nathan, Qld 4111",Building Construction & Maintenance,26/09/2022,20594,Green Options Pty Ltd,"Botany, Nsw",No,No,,,,,,,,,370571,,,,,,
,Griffith University,"170 Kessels Road, Nathan, Qld 4111",Scientific Equipment,26/09/2022,26599,Konica Minolta Bus Solutions Aus Pty Ltd,"Newstead, Qld",No,No,,,,,,,,,370589,,,,,,
,Griffith University,"170 Kessels Road, Nathan, Qld 4111",Consultancy Services,26/09/2022,15000,Mermaid Beach Radiology Pty Ltd,"Mermaid Beach, Qld",No,No,,,,,,,,,370569,,,,,,
,Griffith University,"170 Kessels Road, Nathan, Qld 4111",Building Construction & Maintenance,26/09/2022,255684,Premis Solutions Pty Ltd,"Toowong, Qld",No,No,,,,,,,,,370580,,,,,,
,Griffith University,"170 Kessels Road, Nathan, Qld 4111",Building Construction & Maintenance,26/09/2022,17870,Technigro Pty Ltd,"Ormeau, Qld",No,No,,,,,,,,,370572,,,,,,
,Griffith University,"170 Kessels Road, Nathan, Qld 4111",Scientific Equipment,26/09/2022,12502,Thermo Fisher Scientific Australia,"Scoresby, Vic",No,No,,,,,,,,,370590,,,,,,
,Griffith University,"170 Kessels Road, Nathan, Qld 4111",Pathology Expenditure,27/09/2022,10560,Agena Bioscience Inc,"Bowen Hills, Qld",No,No,,,,,,,,,370619,,,,,,
,Griffith University,"170 Kessels Road, Nathan, Qld 4111",Software Support Maintenance,27/09/2022,22433,Aussie Telecom Pty Limited,"Brighton, Vic",No,No,,,,,,,,,370610,,,,,,
,Griffith University,"170 Kessels Road, Nathan, Qld 4111",Building Construction & Maintenance,27/09/2022,16521,Green Options Pty Ltd,"Botany, Nsw",No,No,,,,,,,,,370632,,,,,,
,Griffith University,"170 Kessels Road, Nathan, Qld 4111",Consultancy Services,27/09/2022,13184,Ironhorse Aviation Pty Ltd,"Julatten, Qld",No,No,,,,,,,,,1980885,,,,,,
,Griffith University,"170 Kessels Road, Nathan, Qld 4111",Consultancy Services,27/09/2022,12810,Ironhorse Aviation Pty Ltd,"Julatten, Qld",No,No,,,,,,,,,1980886,,,,,,
,Griffith University,"170 Kessels Road, Nathan, Qld 4111",Relocation Services,28/09/2022,66583,Grace Worldwide (Australia) Pty Ltd,"Seven Hills, Nsw",No,No,,,,,,,,,370668,,,,,,
,Griffith University,"170 Kessels Road, Nathan, Qld 4111",Scientific Equipment,28/09/2022,22754,Limbs & Things Limited,"Hallam, Vic",No,No,,,,,,,,,370655,,,,,,
,Griffith University,"170 Kessels Road, Nathan, Qld 4111",Building Construction & Maintenance,28/09/2022,53350,Mel Consultants Pty Ltd,"Oakleigh South, Vic",No,No,,,,,,,,,370709,,,,,,
,Griffith University,"170 Kessels Road, Nathan, Qld 4111",Legal Fees,28/09/2022,19800,Privacy 108 Consulting Pty Ltd,"Yeronga, Qld",No,No,,,,,,,,,1980520,,,,,,
,Griffith University,"170 Kessels Road, Nathan, Qld 4111",Security Services,28/09/2022,24223,Securcom Pty Ltd,"Brendale, Qld",No,No,,,,,,,,,370688,,,,,,
,Griffith University,"170 Kessels Road, Nathan, Qld 4111",Relocation Services,28/09/2022,22281,Sirva Relocation,"Richlands, Qld",No,No,,,,,,,,,370661,,,,,,
,Griffith University,"170 Kessels Road, Nathan, Qld 4111",Hire/Lease Fees,28/09/2022,26151,Valiant Hire,"Pinkenba, Qld",No,No,,,,,,,,,370662,,,,,,
,Griffith University,"170 Kessels Road, Nathan, Qld 4111",Hire/Lease Fees,28/09/2022,26151,Valiant Hire,"Pinkenba, Qld",No,No,,,,,,,,,370662,,,,,,
,Griffith University,"170 Kessels Road, Nathan, Qld 4111",Building Construction & Maintenance,29/09/2022,33751236,A.G. Coombs (Qld) Pty. Ltd.,"Fortitude Valley, Qld",No,No,Open,,,,,,,,GU-1204,,,,,,
,Griffith University,"170 Kessels Road, Nathan, Qld 4111",Software Support Maintenance,29/09/2022,21890,Database Consultants Australia,"West Melbourne, Vic",No,No,,,,,,,,,370763,,,,,,
,Griffith University,"170 Kessels Road, Nathan, Qld 4111",Patent Application Fee,29/09/2022,13570,Eagar & Associates Pty Ltd,"Oxenford, Qld",No,No,,,,,,,,,1977149,,,,,,
,Griffith University,"170 Kessels Road, Nathan, Qld 4111",External Course Delivery,29/09/2022,11611,Ni Nyoman Ramawati Brierty,Qld,No,No,,,,,,,,,1977913,,,,,,
,Griffith University,"170 Kessels Road, Nathan, Qld 4111",Subscription/Licence Fees,29/09/2022,19058,Texthelp Pty Ltd,"Brisbane, Qld",No,No,,,,,,,,,370724,,,,,,
,Griffith University,"170 Kessels Road, Nathan, Qld 4111",Chemical/Biological Products,29/09/2022,13559,Thorlabs Inc,"Newton, Nj, Usa",No,No,,,,,,,,,370722,,,,,,
,Griffith University,"170 Kessels Road, Nathan, Qld 4111",Building Construction & Maintenance,30/09/2022,21560,A1 Building & Property Solutions Pty Ltd,"The Gap, Qld",No,No,,,,,,,,,370778,,,,,,
,Griffith University,"170 Kessels Road, Nathan, Qld 4111",Consultancy Services,30/09/2022,39270,Amy Gale,Qld,No,No,,,,,,,,,370786,,,,,,
,Griffith University,"170 Kessels Road, Nathan, Qld 4111",Scientific Equipment,30/09/2022,179858,Biodecon Solutions Limited,"Hartwell,Vic",No,No,,,,,,,,,370773,,,,,,
,Griffith University,"170 Kessels Road, Nathan, Qld 4111",Travel Expenses,30/09/2022,14700,Davidsons Arnhemland Safaris Pty Ltd,"Casuarina, Nt",No,No,,,,,,,,,1977150,,,,,,
,Griffith University,"170 Kessels Road, Nathan, Qld 4111",Subscription/Licence Fees,30/09/2022,27828,Equate Technologies Pty Ltd,"Brisbane, Qld",No,No,,,,,,,,,370775,,,,,,
,Griffith University,"170 Kessels Road, Nathan, Qld 4111",Vehicle Acquisition,30/09/2022,44464,Grand Motors,"Gold Coast, Qld",No,No,,,,,,,,,370767,,,,,,
,Griffith University,"170 Kessels Road, Nathan, Qld 4111",Scientific Equipment,30/09/2022,69498,Mechatronics Instruments B.V.,Netherlands,No,No,,,,,,,,,370787,,,,,,
,Griffith University,"170 Kessels Road, Nathan, Qld 4111",Building Construction & Maintenance,30/09/2022,31163,Mode Design Corp Pty Ltd,"Fortitude Valley, Qld",No,No,,,,,,,,,370785,,,,,,
,Griffith University,"170 Kessels Road, Nathan, Qld 4111",Relocation Services,30/09/2022,20027,Sirva Relocation,"Richlands, Qld",No,No,,,,,,,,,1980783,,,,,,
,Griffith University,"170 Kessels Road, Nathan, Qld 4111",Health & Safety Expenses,30/09/2022,17436,Truhealth Solutions,"Beenleigh, Qld",No,No,,,,,,,,,1977995,,,,,,
,Griffith University,"170 Kessels Road, Nathan, Qld 4111",Building Construction & Maintenance,1/10/2022,53807,Dm2Architecture Pty Ltd,"Petrie Terrace, Qld",Yes,No,,,,,,,,,370804,,,,,,
,Griffith University,"170 Kessels Road, Nathan, Qld 4111",Building Construction & Maintenance,1/10/2022,19800,Renzo Tonin & Associates (Qld) Pty Ltd,"Spring Hill, Qld",No,No,,,,,,,,,370803,,,,,,
,Griffith University,"170 Kessels Road, Nathan, Qld 4111",Marketing Fees,2/10/2022,44000,Media All In One Pty Ltd,"Melbourne, Vic",No,No,,,,,,,,,1978575,,,,,,
,Griffith University,"170 Kessels Road, Nathan, Qld 4111",Event Expenditure,2/10/2022,64494,Werkz Studio Pte Ltd,Singapore,No,No,,,,,,,,,1980880,,,,,,
,Griffith University,"170 Kessels Road, Nathan, Qld 4111",Event Expenditure,2/10/2022,64494,Werkz Studio Pte Ltd,Singapore,No,No,,,,,,,,,1980880,,,,,,
,Griffith University,"170 Kessels Road, Nathan, Qld 4111",Equipment Purchase,3/10/2022,11607,Dentsply Sirona Pty Ltd,"Mount Waverley, Vic",No,No,,,,,,,,,370815,,,,,,
,Griffith University,"170 Kessels Road, Nathan, Qld 4111",Commission Payment,3/10/2022,188238,Open Universities Australia,"Melbourne, Vic",No,No,,,,,,,,,1981262,,,,,,
,Griffith University,"170 Kessels Road, Nathan, Qld 4111",Consultancy Services,4/10/2022,11000,Aspect Studios Pty Ltd,"Woolloongabba, Qld",No,No,,,,,,,,,370832,,,,,,
,Griffith University,"170 Kessels Road, Nathan, Qld 4111",Memberships/Subscriptions,4/10/2022,11440,Ceda,"Brisbane, Qld",No,No,,,,,,,,,1981882,,,,,,
,Griffith University,"170 Kessels Road, Nathan, Qld 4111",Building Construction & Maintenance,4/10/2022,14499531,Formula Interiors Pty Ltd,"Coorparoo Dc, Qld",Yes,No,Selective,,,,,,,,370824,,,,,,
,Griffith University,"170 Kessels Road, Nathan, Qld 4111",Building Construction & Maintenance,5/10/2022,20873,A1 Building & Property Solutions Pty Ltd,"The Gap, Qld",No,No,,,,,,,,,370907,,,,,,
,Griffith University,"170 Kessels Road, Nathan, Qld 4111",Building Construction & Maintenance,5/10/2022,54989,Amalgamated Property Maint. Brisbane P/L,"Rochedale South, Qld",Yes,No,,,,,,,,,370871,,,,,,
,Griffith University,"170 Kessels Road, Nathan, Qld 4111",Consultancy Services,5/10/2022,23265,Amg Asia Pacific Pty Ltd.,"Melbourne, Vic",No,No,,,,,,,,,370863,,,,,,
,Griffith University,"170 Kessels Road, Nathan, Qld 4111",Recruitment/Placement Fees,5/10/2022,23456,Beaumont Consulting Pty Limited,"Sydney, Nsw",No,No,,,,,,,,,1982266,,,,,,
,Griffith University,"170 Kessels Road, Nathan, Qld 4111",Scientific Equipment,5/10/2022,592900,Evident Australia Pty Ltd,"Macquarie Park, Nsw",No,No,Limited,b - (iii) The absence of competition for technical reasons which can only be supplied by a particular supplier and no reasonable alternative exists,,,,,,,370909,,,,,,
,Griffith University,"170 Kessels Road, Nathan, Qld 4111",Building Construction & Maintenance,5/10/2022,18310,Plumbrite Solutions Pty. Ltd.,"Cleveland, Qld",No,No,,,,,,,,,370865,,,,,,
,Griffith University,"170 Kessels Road, Nathan, Qld 4111",Scientific Equipment,5/10/2022,157439,Thermo Fisher Scientific Australia,"Scoresby, Vic",No,No,,,,,,,,,370898,,,,,,
,Griffith University,"170 Kessels Road, Nathan, Qld 4111",Building Construction & Maintenance,5/10/2022,26290,Turner & Townsend Pty Ltd,"Brisbane, Qld",No,No,,,,,,,,,370869,,,,,,
,Griffith University,"170 Kessels Road, Nathan, Qld 4111",Building Construction & Maintenance,5/10/2022,26290,Turner & Townsend Pty Ltd,"Brisbane, Qld",No,No,,,,,,,,,370869,,,,,,
,Griffith University,"170 Kessels Road, Nathan, Qld 4111",Consultancy Services,6/10/2022,15400,Bio-Strategy Pty Limited,"Campbellfield, Vic",No,No,,,,,,,,,370948,,,,,,
,Griffith University,"170 Kessels Road, Nathan, Qld 4111",Telecommunications Expenditure,6/10/2022,64857,Data #3 Limited,"Indooroopilly, Qld",No,No,,,,,,,,,370924,,,,,,
,Griffith University,"170 Kessels Road, Nathan, Qld 4111",Audio Visual Equipment,6/10/2022,19939,Jw Computers Holdings Pty Ltd,"Northmead, Nsw",No,No,,,,,,,,,370923,,,,,,
,Griffith University,"170 Kessels Road, Nathan, Qld 4111",Furniture,6/10/2022,12198,Specfurn Commercial Furniture Pty Ltd,"Geebung, Qld",No,No,,,,,,,,,1982424,,,,,,
,Griffith University,"170 Kessels Road, Nathan, Qld 4111",Building Construction & Maintenance,6/10/2022,21854,Sports Turf Operations Pty Ltd,"Tamborine, Qld",No,No,,,,,,,,,370928,,,,,,
,Griffith University,"170 Kessels Road, Nathan, Qld 4111",Scientific Equipment,6/10/2022,80665,Thermo Fisher Scientific Australia,"Scoresby, Vic",No,No,,,,,,,,,370949,,,,,,
,Griffith University,"170 Kessels Road, Nathan, Qld 4111",Equipment Purchase,7/10/2022,99835,Australian Bay Lobster Producers Limited,"Chinderah, NSW",No,No,,,,,,,,,370967 374456,,,,,,
,Griffith University,"170 Kessels Road, Nathan, Qld 4111",Event Expenditure,7/10/2022,14160,Brisbane Convention And Exhibition Centr,"Brisbane, Qld ",No,No,,,,,,,,,370968,,,,,,
,Griffith University,"170 Kessels Road, Nathan, Qld 4111",Equipment Maintenance,7/10/2022,11961,Controlstore Pty Ltd,"Hornsby, Nsw",No,No,,,,,,,,,370972,,,,,,
,Griffith University,"170 Kessels Road, Nathan, Qld 4111",Scientific Equipment,7/10/2022,54450,Diagnostica Stago Pty Ltd,"Doncaster, Vic",No,No,,,,,,,,,370961,,,,,,
,Griffith University,"170 Kessels Road, Nathan, Qld 4111",Software,7/10/2022,125730,Granicus Australia Pty Ltd,"Melbourne, Vic",Yes,No,,,,,,,,,GU-1082,,,,,,
,Griffith University,"170 Kessels Road, Nathan, Qld 4111",Equipment Purchase,7/10/2022,68846,Lear Siegler Australasia Pty Limited,"Mount Waverley, Vic",No,No,,,,,,,,,370978,,,,,,
,Griffith University,"170 Kessels Road, Nathan, Qld 4111",Scientific Equipment,7/10/2022,27315,Medical & Surgical Lighting Pty Ltd,"Coorparoo, Qld",No,No,,,,,,,,,370980,,,,,,
,Griffith University,"170 Kessels Road, Nathan, Qld 4111",Legal Fees,7/10/2022,47300,Minter Ellison Lawyers,"Brisbane, Qld",No,No,,,,,,,,,1412742,,,,,,
,Griffith University,"170 Kessels Road, Nathan, Qld 4111",Event Expenditure,8/10/2022,13200,Brisbane Concert Lighting Pty Ltd,"Stafford, Qld",No,No,,,,,,,,,370987,,,,,,
,Griffith University,"170 Kessels Road, Nathan, Qld 4111",Scientific Equipment,10/10/2022,55396,Brightside Scientific Pty Ltd,"Tuggerah, Nsw",No,No,,,,,,,,,370998,,,,,,
,Griffith University,"170 Kessels Road, Nathan, Qld 4111",Scientific Equipment,10/10/2022,57639,Dksh Australia Pty Ltd,"Braeside, Vic",No,No,,,,,,,,,370994,,,,,,
,Griffith University,"170 Kessels Road, Nathan, Qld 4111",Software,10/10/2022,27713,Osisoft Llc,"San Leandro, Ca, Usa",No,No,,,,,,,,,371006,,,,,,
,Griffith University,"170 Kessels Road, Nathan, Qld 4111",Consultancy Services,10/10/2022,50409,Pci Pharma Services,"Port Melbourne, Vic",No,No,,,,,,,,,1982922,,,,,,
,Griffith University,"170 Kessels Road, Nathan, Qld 4111",Recruitment/Placement Fees,10/10/2022,46200,Robinson Fitzgerald Pty Ltd,"Greenslopes, Qld",No,No,,,,,,,,,371003,,,,,,
,Griffith University,"170 Kessels Road, Nathan, Qld 4111",Building Construction & Maintenance,11/10/2022,11590,E.D.C. Systems Pty Ltd,"Cannon Hill, Qld",No,No,,,,,,,,,371043,,,,,,
,Griffith University,"170 Kessels Road, Nathan, Qld 4111",Relocation Services,11/10/2022,10843,Sirva Relocation,"Richlands, Qld",No,No,,,,,,,,,371065,,,,,,
,Griffith University,"170 Kessels Road, Nathan, Qld 4111",Equipment Purchase,12/10/2022,30151,Computer Alliance Pty Ltd,"Mount Gravatt, Qld",No,No,,,,,,,,,371096,,,,,,
,Griffith University,"170 Kessels Road, Nathan, Qld 4111",Equipment Maintenance,12/10/2022,11275,Ge Healthcare Australia Pty Ltd,"Parramatta, Nsw",No,No,,,,,,,,,371110,,,,,,
,Griffith University,"170 Kessels Road, Nathan, Qld 4111",Consultancy Services,12/10/2022,16500,Guildlink Pty Limited,"Sydney, Nsw",No,No,,,,,,,,,1982829,,,,,,
,Griffith University,"170 Kessels Road, Nathan, Qld 4111",Audio Visual Equipment,12/10/2022,51492,Interuniversitair Micro-Electronica Cent,"Leuven, Belgium",No,No,,,,,,,,,371093,,,,,,
,Griffith University,"170 Kessels Road, Nathan, Qld 4111",Audio Visual Equipment,12/10/2022,63900,Interuniversitair Micro-Electronica Cent,"Leuven, Belgium",No,No,,,,,,,,,371094,,,,,,
,Griffith University,"170 Kessels Road, Nathan, Qld 4111",Computer Equipment,12/10/2022,33283,The School Locker,"Yeronga, Qld",No,No,,,,,,,,,371088,,,,,,
,Griffith University,"170 Kessels Road, Nathan, Qld 4111",Software,12/10/2022,639938,Wyldlynx Pty Ltd,"Brisbane, Qld",No,No,Selective,,,,,,,,GU-781,,,,,,
,Griffith University,"170 Kessels Road, Nathan, Qld 4111",Software,12/10/2022,639938,Wyldlynx Pty Ltd,"Brisbane, Qld",No,No,Selective,,,,,,,,GU-781,,,,,,
,Griffith University,"170 Kessels Road, Nathan, Qld 4111",Memberships/Subscriptions,13/10/2022,22000,Ccrm Australia Ltd,"Collingwood, Vic",No,No,,,,,,,,,371134,,,,,,
,Griffith University,"170 Kessels Road, Nathan, Qld 4111",Scientific Equipment,13/10/2022,97039,Elementar Australia Pty Ltd,"Sydney, Nsw",No,No,,,,,,,,,371155,,,,,,
,Griffith University,"170 Kessels Road, Nathan, Qld 4111",Legal Fees,13/10/2022,104170,Hamilton Locke Pty Ltd,"Sydney, Nsw",Yes,No,,,,,,,,,371137,,,,,,
,Griffith University,"170 Kessels Road, Nathan, Qld 4111",Software Support Maintenance,13/10/2022,22480,Ibm Australia Limited,"Sydney, Nsw",Yes,No,,,,,,,,,C00168,,,,,,
,Griffith University,"170 Kessels Road, Nathan, Qld 4111",Equipment Purchase,13/10/2022,18702,Instron A Division Of Itw Australia Pty,"Bayswater, Vic",No,No,,,,,,,,,371146,,,,,,
,Griffith University,"170 Kessels Road, Nathan, Qld 4111",Travel Expenses,13/10/2022,21670,Nadi Nalagi Hotel,"Nadi, Fiji",No,No,,,,,,,,,371150,,,,,,
,Griffith University,"170 Kessels Road, Nathan, Qld 4111",Equipment Maintenance,13/10/2022,22570,Sovereign Trades,"North Lakes, Qld",No,No,,,,,,,,,371159,,,,,,
,Griffith University,"170 Kessels Road, Nathan, Qld 4111",Marketing Fees,13/10/2022,114445,Unijobs Global Pty Ltd,"Brighton, Vic",No,No,,,,,,,,,371135,,,,,,
,Griffith University,"170 Kessels Road, Nathan, Qld 4111",Audio Visual Equipment,13/10/2022,24486,Videopro Pty Ltd,"Eagle Farm, Qld",No,No,,,,,,,,,371149,,,,,,
,Griffith University,"170 Kessels Road, Nathan, Qld 4111",Marketing Fees,13/10/2022,114445,Unijobs Global Pty Ltd,"Brighton, Vic",No,No,,,,,,,,,371135,,,,,,
,Griffith University,"170 Kessels Road, Nathan, Qld 4111",Audio Visual Equipment,13/10/2022,24486,Videopro Pty Ltd,"Eagle Farm, Qld",No,No,,,,,,,,,371149,,,,,,
,Griffith University,"170 Kessels Road, Nathan, Qld 4111",Building Construction & Maintenance,14/10/2022,10780,Access All Ways Consultants,"Ilkley, Qld",No,No,,,,,,,,,371190,,,,,,
,Griffith University,"170 Kessels Road, Nathan, Qld 4111",Equipment Purchase,14/10/2022,25795,Aisle 6 Productions Pty Ltd,"Parrearra, Qld",No,No,,,,,,,,,371209,,,,,,
,Griffith University,"170 Kessels Road, Nathan, Qld 4111",Chemical/Biological Products,14/10/2022,13508,Bio Scientific Pty Ltd,"Gymea, Nsw",No,No,,,,,,,,,371193,,,,,,
,Griffith University,"170 Kessels Road, Nathan, Qld 4111",Chemical/Biological Products,14/10/2022,77044,Bio-Strategy Pty Limited,"Campbellfield, Vic",No,No,,,,,,,,,371207,,,,,,
,Griffith University,"170 Kessels Road, Nathan, Qld 4111",Event Expenditure,14/10/2022,13302,Boheme Events Pty Ltd,"Oxley, Qld",No,No,,,,,,,,,1980545,,,,,,
,Griffith University,"170 Kessels Road, Nathan, Qld 4111",Consultancy Services,14/10/2022,22000,Hassell Limited,"Melbourne, Vic",No,No,,,,,,,,,371187,,,,,,
,Griffith University,"170 Kessels Road, Nathan, Qld 4111",Consultancy Services,14/10/2022,26779,Keoduangchai Keokhamphui,"Vientiane Capital, Laos",No,No,,,,,,,,,1981649 1984405,,,,,,
,Griffith University,"170 Kessels Road, Nathan, Qld 4111",Consultancy Services,14/10/2022,192720,Nous Group Pty. Ltd.,"Melbourne, Vic",No,No,,,,,,,,,371208,,,,,,
,Griffith University,"170 Kessels Road, Nathan, Qld 4111",Consultancy Services,14/10/2022,24096,The Citygreen Lab Pty Ltd,"Jacobs Well, Qld",No,No,,,,,,,,,371192,,,,,,
,Griffith University,"170 Kessels Road, Nathan, Qld 4111",Legal Fees,15/10/2022,26441,Clayton Utz,"Brisbane, Qld",No,No,,,,,,,,,1982179,,,,,,
,Griffith University,"170 Kessels Road, Nathan, Qld 4111",Consultancy Services,15/10/2022,29700,Insync Solutions Pty Ltd,"Rundle Mall, Sa",No,No,,,,,,,,,371236,,,,,,
,Griffith University,"170 Kessels Road, Nathan, Qld 4111",Consultancy Services,15/10/2022,85800,Silentgrid Security Pty Ltd,"Sydney, Nsw",No,No,,,,,,,,,371238,,,,,,
,Griffith University,"170 Kessels Road, Nathan, Qld 4111",Telecommunications Expenditure,15/10/2022,155720,Tpg Network Pty Ltd,"Sydney, Nsw",No,No,,,,,,,,,1982924,,,,,,
,Griffith University,"170 Kessels Road, Nathan, Qld 4111",Subscription/Licence Fees,16/10/2022,17681,Igroup (Australasia) Pty Ltd,"Melbourne, Vic",No,No,,,,,,,,,1981639,,,,,,
,Griffith University,"170 Kessels Road, Nathan, Qld 4111",Building Construction & Maintenance,17/10/2022,14764,Aegis Safety Pty Ltd,"Geebung, Qld",No,No,,,,,,,,,371269,,,,,,
,Griffith University,"170 Kessels Road, Nathan, Qld 4111",Building Construction & Maintenance,17/10/2022,195580,Descab Pty Ltd T/A Qld Multi Trades,"Lota, Qld",No,No,,,,,,,,,371261,,,,,,
,Griffith University,"170 Kessels Road, Nathan, Qld 4111",Building Construction & Maintenance,17/10/2022,3303190,Dlg Shape (Qld) Pty Limited,"Brisbane, Qld",Yes,No,Selective,,,,,,,,371242,,,,,,
,Griffith University,"170 Kessels Road, Nathan, Qld 4111",Scientific Equipment,17/10/2022,60404,Kistler Instruments Australia Pty Ltd,"Wheelers Hill, Vic",No,No,,,,,,,,,371260,,,,,,
,Griffith University,"170 Kessels Road, Nathan, Qld 4111",Consumables,17/10/2022,14332,Thorlabs Inc,"Newton, Nj, Usa",No,No,,,,,,,,,371243,,,,,,
,Griffith University,"170 Kessels Road, Nathan, Qld 4111",Building Construction & Maintenance,18/10/2022,25410,A1 Building & Property Solutions Pty Ltd,"The Gap, Qld",No,No,,,,,,,,,371356,,,,,,
,Griffith University,"170 Kessels Road, Nathan, Qld 4111",Building Construction & Maintenance,18/10/2022,27500,Amalgamated Property Maint. Brisbane P/L,"Rochedale South, Qld",No,No,,,,,,,,,371357,,,,,,
,Griffith University,"170 Kessels Road, Nathan, Qld 4111",Consumables,18/10/2022,35600,Stephen Jennings & Associates Pty Ltd,"Kurrajong, Nsw",No,No,,,,,,,,,371331,,,,,,
,Griffith University,"170 Kessels Road, Nathan, Qld 4111",Scientific Equipment,18/10/2022,35977,Viking Plastics Engineering Pty Ltd,"Braeside, Vic",No,No,,,,,,,,,371308,,,,,,
,Griffith University,"170 Kessels Road, Nathan, Qld 4111",Scientific Equipment,18/10/2022,35977,Viking Plastics Engineering Pty Ltd,"Braeside, Vic",No,No,,,,,,,,,371308,,,,,,
,Griffith University,"170 Kessels Road, Nathan, Qld 4111",Pathology Expenditure,19/10/2022,14267,Australian Genome Research Facility Ltd,"St Lucia, Qld",No,No,,,,,,,,,371378,,,,,,
,Griffith University,"170 Kessels Road, Nathan, Qld 4111",Printing Expenses,19/10/2022,46273,Avantix,"Murarrie, Qld",No,No,,,,,,,,,371359,,,,,,
,Griffith University,"170 Kessels Road, Nathan, Qld 4111",Building Construction & Maintenance,19/10/2022,45623,Dma Engineers Pty Ltd,"Spring Hill, Qld",No,No,,,,,,,,,371381,,,,,,
,Griffith University,"170 Kessels Road, Nathan, Qld 4111",Scientific Equipment,19/10/2022,109999,Evident Australia Pty Ltd,"Macquarie Park, Nsw",No,No,,,,,,,,,371360,,,,,,
,Griffith University,"170 Kessels Road, Nathan, Qld 4111",Building Construction & Maintenance,19/10/2022,16522,Mode Design Corp Pty Ltd,"Fortitude Valley, Qld",No,No,,,,,,,,,371394,,,,,,
,Griffith University,"170 Kessels Road, Nathan, Qld 4111",Marketing Fees,19/10/2022,21999,Prosple Pty Ltd,"Blackheath, Nsw",No,No,,,,,,,,,371395,,,,,,
,Griffith University,"170 Kessels Road, Nathan, Qld 4111",Building Construction & Maintenance,20/10/2022,18260,Amalgamated Property Maint. Brisbane P/L,"Rochedale South, Qld",No,No,,,,,,,,,371405,,,,,,
,Griffith University,"170 Kessels Road, Nathan, Qld 4111",Building Construction & Maintenance,20/10/2022,67100,Amalgamated Property Maint. Brisbane P/L,"Rochedale South, Qld",No,No,,,,,,,,,371432,,,,,,
,Griffith University,"170 Kessels Road, Nathan, Qld 4111",Building Construction & Maintenance,20/10/2022,32890,Douglas Partners Pty Ltd,"West End, Qld",No,No,,,,,,,,,371403,,,,,,
,Griffith University,"170 Kessels Road, Nathan, Qld 4111",Memberships/Subscriptions,20/10/2022,16771,Efmd Aisbl,"Brussels, Belgium",No,No,,,,,,,,,1984633,,,,,,
,Griffith University,"170 Kessels Road, Nathan, Qld 4111",Building Construction & Maintenance,20/10/2022,34386,Logical Line Marking,"Underwood, Qld",No,No,,,,,,,,,371450,,,,,,
,Griffith University,"170 Kessels Road, Nathan, Qld 4111",Event Expenditure,20/10/2022,132000,Racv Royal Pines Resort,"Gold Coast, Qld",No,No,,,,,,,,,371406,,,,,,
,Griffith University,"170 Kessels Road, Nathan, Qld 4111",Consultancy Services,20/10/2022,18000,Timothy Charles Moltmann,Tas,No,No,,,,,,,,,371417,,,,,,
,Griffith University,"170 Kessels Road, Nathan, Qld 4111",Building Construction & Maintenance,21/10/2022,289729,A1 Building & Property Solutions Pty Ltd,"The Gap, Qld",Yes,No,,,,,,,,,371492,,,,,,
,Griffith University,"170 Kessels Road, Nathan, Qld 4111",Consultancy Services,21/10/2022,46640,Big Fat Productions Pty Ltd,"Alice Springs, Nt",No,No,,,,,,,,,371460,,,,,,
,Griffith University,"170 Kessels Road, Nathan, Qld 4111",Memberships/Subscriptions,21/10/2022,16830,Institute Of Managers And Leaders Ltd,"Brisbane, Qld",No,No,,,,,,,,,1981277,,,,,,
,Griffith University,"170 Kessels Road, Nathan, Qld 4111",Audio Visual Equipment,21/10/2022,47310,Mojo Media Solutions,"Castle Hill, Nsw",No,No,,,,,,,,,371489,,,,,,
,Griffith University,"170 Kessels Road, Nathan, Qld 4111",Consultancy Services,21/10/2022,15477,O'Connor Marsden & Associates,"Sydney, Nsw",No,No,,,,,,,,,371459,,,,,,
,Griffith University,"170 Kessels Road, Nathan, Qld 4111",Security Services,21/10/2022,21890,Securcom Pty Ltd,"Brendale, Qld",No,No,,,,,,,,,371453,,,,,,
,Griffith University,"170 Kessels Road, Nathan, Qld 4111",Subscription/Licence Fees,22/10/2022,45294,Bmj Publishing Group Ltd,"London, Uk",No,No,,,,,,,,,1984642,,,,,,
,Griffith University,"170 Kessels Road, Nathan, Qld 4111",Subscription/Licence Fees,22/10/2022,17280,Igroup (Australasia) Pty Ltd,"Melbourne, Vic",No,No,,,,,,,,,1984647,,,,,,
,Griffith University,"170 Kessels Road, Nathan, Qld 4111",Subscription/Licence Fees,22/10/2022,13397,Igroup (Australasia) Pty Ltd,"Melbourne, Vic",No,No,,,,,,,,,1984648,,,,,,
,Griffith University,"170 Kessels Road, Nathan, Qld 4111",Consultancy Services,22/10/2022,12446,Tandin Gaylmo,Qld,No,No,,,,,,,,,1983843,,,,,,
,Griffith University,"170 Kessels Road, Nathan, Qld 4111",Subscription/Licence Fees,23/10/2022,15779,Igroup (Australasia) Pty Ltd,"Melbourne, Vic",No,No,,,,,,,,,1981643,,,,,,
,Griffith University,"170 Kessels Road, Nathan, Qld 4111",Building Construction & Maintenance,24/10/2022,13592,Aegis Safety Pty Ltd,"Geebung, Qld",No,No,,,,,,,,,371520,,,,,,
,Griffith University,"170 Kessels Road, Nathan, Qld 4111",Consultancy Services,24/10/2022,53791,Arina Consulting Architects,"Crows Nest, Nsw",No,No,,,,,,,,,371526,,,,,,
,Griffith University,"170 Kessels Road, Nathan, Qld 4111",Building Construction & Maintenance,24/10/2022,17472,Diligent Fire Pty Ltd,"Albion, Qld",No,No,,,,,,,,,371510,,,,,,
,Griffith University,"170 Kessels Road, Nathan, Qld 4111",Software Support Maintenance,24/10/2022,38500,Icad Consultants Pty Ltd,"Bridgeman Downs, Qld",No,No,,,,,,,,,371506,,,,,,
,Griffith University,"170 Kessels Road, Nathan, Qld 4111",Scientific Equipment,24/10/2022,40680,Impulsedent Australia,"Buccan, Qld",No,No,,,,,,,,,371535,,,,,,
,Griffith University,"170 Kessels Road, Nathan, Qld 4111",Consultancy Services,24/10/2022,11000,Kathryn Margeret Sinclair,Vic,No,No,,,,,,,,,371534,,,,,,
,Griffith University,"170 Kessels Road, Nathan, Qld 4111",Printing Expenses,25/10/2022,20020,Adcall Promotions,"Ommaney, Qld",No,No,,,,,,,,,1985222,,,,,,
,Griffith University,"170 Kessels Road, Nathan, Qld 4111",Pathology Expenditure,25/10/2022,15602,Australian Genome Research Facility Ltd,"St Lucia, Qld",No,No,,,,,,,,,371571,,,,,,
,Griffith University,"170 Kessels Road, Nathan, Qld 4111",Reference Materials,25/10/2022,33649,Australian Medicines Handbook Pty Ltd,"Adelaide, SA",No,No,,,,,,,,,1985281,,,,,,
,Griffith University,"170 Kessels Road, Nathan, Qld 4111",Building Construction & Maintenance,25/10/2022,16660,Bruker Pty Ltd,"Alexandria, Nsw",No,No,,,,,,,,,371551,,,,,,
,Griffith University,"170 Kessels Road, Nathan, Qld 4111",Building Construction & Maintenance,25/10/2022,2155502,Dlg Shape (Qld) Pty Limited,"Brisbane, Qld",Yes,No,Selective,,,,,,,,371583,,,,,,
,Griffith University,"170 Kessels Road, Nathan, Qld 4111",Software,25/10/2022,10131,Etamax Engineering,"Lonsdale, Sa",No,No,,,,,,,,,371558,,,,,,
,Griffith University,"170 Kessels Road, Nathan, Qld 4111",Equipment Purchase,25/10/2022,31592,Hare & Forbes,"Archerfield, Qld",No,No,,,,,,,,,371578,,,,,,
,Griffith University,"170 Kessels Road, Nathan, Qld 4111",Reference Materials,25/10/2022,25230,Health Communication Network Ltd,"St Leonards, NSW",No,No,,,,,,,,,1985274,,,,,,
,Griffith University,"170 Kessels Road, Nathan, Qld 4111",Building Construction & Maintenance,25/10/2022,30716,Logical Line Marking,"Underwood, Qld",No,No,,,,,,,,,371555,,,,,,
,Griffith University,"170 Kessels Road, Nathan, Qld 4111",Building Construction & Maintenance,25/10/2022,12210,Natural Ideas In Chairs Pty Ltd,"Banyo, Qld",No,No,,,,,,,,,371568,,,,,,
,Griffith University,"170 Kessels Road, Nathan, Qld 4111",Building Construction & Maintenance,25/10/2022,31260,Pro One Pty Ltd,"Biggera Waters, Qld",No,No,,,,,,,,,1992794 2012858,,,,,,
,Griffith University,"170 Kessels Road, Nathan, Qld 4111",Software,26/10/2022,17906,Agilent Technologies Australia Pty Ltd,"Mulgrave, Vic",No,No,,,,,,,,,371610,,,,,,
,Griffith University,"170 Kessels Road, Nathan, Qld 4111",Subscription/Licence Fees,26/10/2022,29014,American Society Of Civil Engineers,"Baltimore, Md, Usa",No,No,,,,,,,,,1984643,,,,,,
,Griffith University,"170 Kessels Road, Nathan, Qld 4111",Telecommunications Expenditure,26/10/2022,70107,Data #3 Limited,"Indooroopilly, Qld",No,No,,,,,,,,,371611,,,,,,
,Griffith University,"170 Kessels Road, Nathan, Qld 4111",Consultancy Services,26/10/2022,82500,Fulton Trotter Architects,"Spring Hill, Qld",No,No,,,,,,,,,371627,,,,,,
,Griffith University,"170 Kessels Road, Nathan, Qld 4111",Building Construction & Maintenance,26/10/2022,13553,Green Options Pty Ltd,"Botany, Nsw",No,No,,,,,,,,,371597,,,,,,
,Griffith University,"170 Kessels Road, Nathan, Qld 4111",Scientific Equipment,26/10/2022,63088,Luyten,"Mordialloc, Vic",No,No,,,,,,,,,371643,,,,,,
,Griffith University,"170 Kessels Road, Nathan, Qld 4111",Security Services,26/10/2022,12843,Security & Technology Services (Sq) P/L,"Tingalpa, Qld",No,No,,,,,,,,,371629,,,,,,
,Griffith University,"170 Kessels Road, Nathan, Qld 4111",Building Construction & Maintenance,26/10/2022,17468,Timber Flooring Concepts,"Birkdale, Qld",No,No,,,,,,,,,371617,,,,,,
,Griffith University,"170 Kessels Road, Nathan, Qld 4111",Equipment Purchase,26/10/2022,12178,Videopro Pty Ltd,"Eagle Farm, Qld",No,No,,,,,,,,,371642,,,,,,
,Griffith University,"170 Kessels Road, Nathan, Qld 4111",Equipment Purchase,26/10/2022,12178,Videopro Pty Ltd,"Eagle Farm, Qld",No,No,,,,,,,,,371642,,,,,,
,Griffith University,"170 Kessels Road, Nathan, Qld 4111",Consultancy Services,27/10/2022,51700,Big Fat Productions Pty Ltd,"Alice Springs, Nt",No,No,,,,,,,,,371673,,,,,,
,Griffith University,"170 Kessels Road, Nathan, Qld 4111",Consultancy Services,27/10/2022,11000,Byrne Medical Pty Ltd,"Aubigny, Qld",No,No,,,,,,,,,371665,,,,,,
,Griffith University,"170 Kessels Road, Nathan, Qld 4111",Software,27/10/2022,25190,Greenhills Media Pty Ltd,"Briar Hill, Vic",No,No,,,,,,,,,371655,,,,,,
,Griffith University,"170 Kessels Road, Nathan, Qld 4111",Consultancy Services,27/10/2022,11000,Jack Henry Whelan,Nsw,No,No,,,,,,,,,371671,,,,,,
,Griffith University,"170 Kessels Road, Nathan, Qld 4111",Building Construction & Maintenance,27/10/2022,16500,Philip Chun Accessibility Pty Ltd,"Sydney, Nsw",No,No,,,,,,,,,371669,,,,,,
,Griffith University,"170 Kessels Road, Nathan, Qld 4111",Computer Equipment,27/10/2022,11697,The School Locker,"Yeronga, Qld",No,No,,,,,,,,,371684,,,,,,
,Griffith University,"170 Kessels Road, Nathan, Qld 4111",External Course Delivery,27/10/2022,19124,The Trustee For Jackg Trust,"Manly, Qld",No,No,,,,,,,,,1985608,,,,,,
,Griffith University,"170 Kessels Road, Nathan, Qld 4111",Scientific Equipment,27/10/2022,109998,Thermo Fisher Scientific Australia,"Scoresby, Vic",No,No,,,,,,,,,371674,,,,,,
,Griffith University,"170 Kessels Road, Nathan, Qld 4111",Consultancy Services,27/10/2022,12834,Xiangnan Bian,Qld,No,No,,,,,,,,,1985609,,,,,,
,Griffith University,"170 Kessels Road, Nathan, Qld 4111",Consultancy Services,27/10/2022,12834,Xiangnan Bian,Qld,No,No,,,,,,,,,1985609,,,,,,
,Griffith University,"170 Kessels Road, Nathan, Qld 4111",Building Construction & Maintenance,28/10/2022,49381,A1 Building & Property Solutions Pty Ltd,"The Gap, Qld",No,No,,,,,,,,,371716,,,,,,
,Griffith University,"170 Kessels Road, Nathan, Qld 4111",Equipment Purchase,28/10/2022,19644,Allied Technologies Australia Pty Ltd,"Newstead, Qld",No,No,,,,,,,,,371743,,,,,,
,Griffith University,"170 Kessels Road, Nathan, Qld 4111",Equipment Maintenance,28/10/2022,28435,Crown Mechanical Electrical Pty Ltd,"Rochedale South, Qld",No,No,,,,,,,,,371715,,,,,,
,Griffith University,"170 Kessels Road, Nathan, Qld 4111",Consultancy Services,28/10/2022,10800,Healing Circle Psychology,"Tiwi, Nt",No,No,,,,,,,,,371747,,,,,,
,Griffith University,"170 Kessels Road, Nathan, Qld 4111",Scientific Equipment,28/10/2022,61718,Interacoustics Pty Ltd,"North Ryde, Nsw",No,No,,,,,,,,,371725,,,,,,
,Griffith University,"170 Kessels Road, Nathan, Qld 4111",Equipment Purchase,28/10/2022,15078,Nsk Oceania Pty Ltd,"Rosebery, Nsw",No,No,,,,,,,,,371706,,,,,,
,Griffith University,"170 Kessels Road, Nathan, Qld 4111",Building Construction & Maintenance,28/10/2022,11968,Timber Flooring Concepts,"Birkdale, Qld",No,No,,,,,,,,,371711,,,,,,
,Griffith University,"170 Kessels Road, Nathan, Qld 4111",Consultancy Services,28/10/2022,19731,Workplace Options Management Consultatio,"Shanghai, China",No,No,,,,,,,,,371733,,,,,,
,Griffith University,"170 Kessels Road, Nathan, Qld 4111",Consultancy Services,28/10/2022,19731,Workplace Options Management Consultatio,"Shanghai, China",No,No,,,,,,,,,371733,,,,,,
,Griffith University,"170 Kessels Road, Nathan, Qld 4111",External Course Delivery,29/10/2022,33738,The Japan Foundation Japanese Language,"Tajiri-Cho Sennan-Gun, Japan",No,No,,,,,,,,,1982293,,,,,,
,Griffith University,"170 Kessels Road, Nathan, Qld 4111",Reference Materials,30/10/2022,13154,Ebsco International Inc,"North Sydney, Nsw",No,No,,,,,,,,,1985282,,,,,,
,Griffith University,"170 Kessels Road, Nathan, Qld 4111",Reference Materials,30/10/2022,16506,Ebsco International Inc,"North Sydney, Nsw",No,No,,,,,,,,,1985466,,,,,,
,Griffith University,"170 Kessels Road, Nathan, Qld 4111",Reference Materials,30/10/2022,45058,Ebsco International Inc,"North Sydney, Nsw",No,No,,,,,,,,,1985474,,,,,,
,Griffith University,"170 Kessels Road, Nathan, Qld 4111",Reference Materials,30/10/2022,11435,Ebsco International Inc,"North Sydney, Nsw",No,No,,,,,,,,,1985508,,,,,,
,Griffith University,"170 Kessels Road, Nathan, Qld 4111",Reference Materials,30/10/2022,22034,Pressreader International Ltd,DUBLIN,No,No,,,,,,,,,1985566,,,,,,
,Griffith University,"170 Kessels Road, Nathan, Qld 4111",Building Construction & Maintenance,31/10/2022,58300,Anixter Australia Pty Ltd,"Silverwater, Nsw",No,No,,,,,,,,,371767,,,,,,
,Griffith University,"170 Kessels Road, Nathan, Qld 4111",Equipment Purchase,31/10/2022,43890,Appvision Australia Pty Ltd,"Hornsby, Nsw",No,No,,,,,,,,,371784,,,,,,
,Griffith University,"170 Kessels Road, Nathan, Qld 4111",Consultancy Services,31/10/2022,55000,Argent Group Pty Ltd,"Thorlands, Qld",No,No,,,,,,,,,371782,,,,,,
,Griffith University,"170 Kessels Road, Nathan, Qld 4111",Equipment Maintenance,31/10/2022,35424,Ecolab Pty Ltd,"Castle Hill, Nsw",No,No,,,,,,,,,1986116,,,,,,
,Griffith University,"170 Kessels Road, Nathan, Qld 4111",Marketing Fees,31/10/2022,14475,Edu Danmark Aps,Denmark,No,No,,,,,,,,,1986111,,,,,,
,Griffith University,"170 Kessels Road, Nathan, Qld 4111",Scientific Equipment,31/10/2022,59153,Eppendorf South Pacific Pty Ltd,"North Ryde, Nsw",No,No,,,,,,,,,371765,,,,,,
,Griffith University,"170 Kessels Road, Nathan, Qld 4111",Memberships/Subscriptions,31/10/2022,373652,Gartner Australasia Pty Limited,"Sydney, NSW",No,No,,,,,,,,,371786,,,,,,
,Griffith University,"170 Kessels Road, Nathan, Qld 4111",Event Expenditure,31/10/2022,31852,Opera Queensland,"West End, Qld",No,No,,,,,,,,,1985894,,,,,,
,Griffith University,"170 Kessels Road, Nathan, Qld 4111",Building Construction & Maintenance,31/10/2022,53245,Videopro Pty Ltd,"Eagle Farm, Qld",No,No,,,,,,,,,371777,,,,,,
,Griffith University,"170 Kessels Road, Nathan, Qld 4111",Audio Visual Equipment,31/10/2022,745043,Videopro Pty Ltd,"Eagle Farm, Qld",No,No,Selective,,,,,,,,371787,,,,,,
,Griffith University,"170 Kessels Road, Nathan, Qld 4111",Audio Visual Equipment,31/10/2022,166386,Videopro Pty Ltd,"Eagle Farm, Qld",No,No,,,,,,,,,371788,,,,,,
,Griffith University,"170 Kessels Road, Nathan, Qld 4111",Building Construction & Maintenance,31/10/2022,53245,Videopro Pty Ltd,"Eagle Farm, Qld",No,No,,,,,,,,,371777,,,,,,
,Griffith University,"170 Kessels Road, Nathan, Qld 4111",Audio Visual Equipment,31/10/2022,745043,Videopro Pty Ltd,"Eagle Farm, Qld",No,No,Selective,,,,,,,,371787,,,,,,
,Griffith University,"170 Kessels Road, Nathan, Qld 4111",Audio Visual Equipment,31/10/2022,166386,Videopro Pty Ltd,"Eagle Farm, Qld",No,No,,,,,,,,,371788,,,,,,
,Griffith University,"170 Kessels Road, Nathan, Qld 4111",Marketing Fees,1/11/2022,20478,Brighter Ideas,"Brendale, Qld",No,No,,,,,,,,,371868,,,,,,
,Griffith University,"170 Kessels Road, Nathan, Qld 4111",Software Support Maintenance,1/11/2022,74385,Enghouse Australia Pty Ltd,"Melbourne, Vic",No,No,,,,,,,,,371815,,,,,,
,Griffith University,"170 Kessels Road, Nathan, Qld 4111",Marketing Fees,1/11/2022,92400,Family Type Pty Ltd,"Sydney, Nsw",No,No,,,,,,,,,371835,,,,,,
,Griffith University,"170 Kessels Road, Nathan, Qld 4111",Commission Payment,1/11/2022,1243543,Idp Education Pty Ltd,"Melbourne, Vic",No,Yes,Limited,b - (iii) The absence of competition for technical reasons which can only be supplied by a particular supplier and no reasonable alternative exists,,,,,,,1986308,,,,,,
,Griffith University,"170 Kessels Road, Nathan, Qld 4111",Subscription/Licence Fees Software,1/11/2022,46406,New Relic Inc,Usa,No,No,,,,,,,,,371817,,,,,,
,Griffith University,"170 Kessels Road, Nathan, Qld 4111",Relocation Services,1/11/2022,12162,Sirva Relocation,"Richlands, Qld",No,No,,,,,,,,,1986226,,,,,,
,Griffith University,"170 Kessels Road, Nathan, Qld 4111",Consultancy Services,1/11/2022,59400,Smk Social Media Knowledge,"Mount Martha, Vic",No,No,,,,,,,,,371834,,,,,,
,Griffith University,"170 Kessels Road, Nathan, Qld 4111",Building Construction & Maintenance,1/11/2022,745042,The Trustee For Theatre Safe Australia U,"Molendinar, Qld",No,No,Selective,,,,,,,,371871,,,,,,
,Griffith University,"170 Kessels Road, Nathan, Qld 4111",Equipment Purchase,1/11/2022,19970,Tm Stagetec Systems Pty Limited,"Alexandria, Nsw",No,No,,,,,,,,,371846,,,,,,
,Griffith University,"170 Kessels Road, Nathan, Qld 4111",Audio Visual Equipment,1/11/2022,17919,Videopro Pty Ltd,"Eagle Farm, Qld",No,No,,,,,,,,,371850,,,,,,
,Griffith University,"170 Kessels Road, Nathan, Qld 4111",Audio Visual Equipment,1/11/2022,19174,Videopro Pty Ltd,"Eagle Farm, Qld",No,No,,,,,,,,,371851,,,,,,
,Griffith University,"170 Kessels Road, Nathan, Qld 4111",Audio Visual Equipment,1/11/2022,18028,Videopro Pty Ltd,"Eagle Farm, Qld",No,No,,,,,,,,,371859,,,,,,
,Griffith University,"170 Kessels Road, Nathan, Qld 4111",Audio Visual Equipment,1/11/2022,17919,Videopro Pty Ltd,"Eagle Farm, Qld",No,No,,,,,,,,,371850,,,,,,
,Griffith University,"170 Kessels Road, Nathan, Qld 4111",Audio Visual Equipment,1/11/2022,19174,Videopro Pty Ltd,"Eagle Farm, Qld",No,No,,,,,,,,,371851,,,,,,
,Griffith University,"170 Kessels Road, Nathan, Qld 4111",Audio Visual Equipment,1/11/2022,18028,Videopro Pty Ltd,"Eagle Farm, Qld",No,No,,,,,,,,,371859,,,,,,
,Griffith University,"170 Kessels Road, Nathan, Qld 4111",Equipment Purchase,2/11/2022,19946,Bsg Brisbane Sound Group,"Northgate, Qld",No,No,,,,,,,,,371896,,,,,,
,Griffith University,"170 Kessels Road, Nathan, Qld 4111",Consultancy Services,2/11/2022,19800,Catherine Wilson,Nsw,No,No,,,,,,,,,371893,,,,,,
,Griffith University,"170 Kessels Road, Nathan, Qld 4111",Legal Fees,2/11/2022,11000,Clayton Utz,"Brisbane, Qld",No,No,,,,,,,,,371891,,,,,,
,Griffith University,"170 Kessels Road, Nathan, Qld 4111",Building Construction & Maintenance,2/11/2022,94754,Electro Technical Consultants Pty Ltd,"Taringa, Qld",No,No,,,,,,,,,371913,,,,,,
,Griffith University,"170 Kessels Road, Nathan, Qld 4111",Equipment Purchase,2/11/2022,14725,Hare & Forbes,"Archerfield, Qld",No,No,,,,,,,,,371882,,,,,,
,Griffith University,"170 Kessels Road, Nathan, Qld 4111",Commission Payment,2/11/2022,14111,Idp Education Pty Ltd,"Melbourne, Vic",No,No,,,,,,,,,1986530,,,,,,
,Griffith University,"170 Kessels Road, Nathan, Qld 4111",Scientific Equipment,2/11/2022,46805,Impulsedent Australia,"Buccan, Qld",No,No,,,,,,,,,371903,,,,,,
,Griffith University,"170 Kessels Road, Nathan, Qld 4111",Security Services,2/11/2022,16005,Keywatch Systems Queensland,"Surfers Paradise, Qld",No,No,,,,,,,,,371916,,,,,,
,Griffith University,"170 Kessels Road, Nathan, Qld 4111",Event Expenditure,2/11/2022,33042,Minnikin & Co Pty Ltd,"Tamborine, Qld",No,No,,,,,,,,,371894,,,,,,
,Griffith University,"170 Kessels Road, Nathan, Qld 4111",Building Construction & Maintenance,2/11/2022,119500,Safe @ Heights Pty Ltd,"Slacks Creek, Qld",No,No,,,,,,,,,371892,,,,,,
,Griffith University,"170 Kessels Road, Nathan, Qld 4111",Equipment Maintenance,2/11/2022,10600,Sovereign Trades,"North Lakes, Qld",No,No,,,,,,,,,371889,,,,,,
,Griffith University,"170 Kessels Road, Nathan, Qld 4111",Vehicle Acquisition,3/11/2022,73470,Augusta Golf Cars Pty Ltd,"Yatala, Qld",No,No,,,,,,,,,371951,,,,,,
,Griffith University,"170 Kessels Road, Nathan, Qld 4111",Software Support Maintenance,3/11/2022,32791,Aussie Telecom Pty Limited,"Brighton, Vic",No,No,,,,,,,,,371976,,,,,,
,Griffith University,"170 Kessels Road, Nathan, Qld 4111",Vehicle Acquisition,3/11/2022,79330,Daimler Trucks Brisbane,"Moorooka, Qld",No,No,,,,,,,,,371992,,,,,,
,Griffith University,"170 Kessels Road, Nathan, Qld 4111",Building Construction & Maintenance,3/11/2022,21032,Diligent Fire Pty Ltd,"Albion, Qld",No,No,,,,,,,,,371957,,,,,,
,Griffith University,"170 Kessels Road, Nathan, Qld 4111",Building Construction & Maintenance,3/11/2022,21931,Diligent Fire Pty Ltd,"Albion, Qld",No,No,,,,,,,,,371958,,,,,,
,Griffith University,"170 Kessels Road, Nathan, Qld 4111",Building Construction & Maintenance,3/11/2022,11994,Diligent Fire Pty Ltd,"Albion, Qld",No,No,,,,,,,,,371959,,,,,,
,Griffith University,"170 Kessels Road, Nathan, Qld 4111",Consultancy Services,3/11/2022,92255,Ernst & Young,"Melbourne, Vic",No,No,,,,,,,,,1983612,,,,,,
,Griffith University,"170 Kessels Road, Nathan, Qld 4111",Building Construction & Maintenance,3/11/2022,13508,Geleon Pty Ltd,"Nerang, Qld",Yes,No,,,,,,,,,371993,,,,,,
,Griffith University,"170 Kessels Road, Nathan, Qld 4111",Subscription/Licence Fees Software,3/11/2022,53625,Insight Enterprises Australia Pty Ltd,"Brookvale, Nsw",No,No,,,,,,,,,371974,,,,,,
,Griffith University,"170 Kessels Road, Nathan, Qld 4111",Printing Expenses,3/11/2022,11580,Ligare Pty Ltd,"Riverwood, NSW",No,No,,,,,,,,,1982199,,,,,,
,Griffith University,"170 Kessels Road, Nathan, Qld 4111",Consultancy Services,3/11/2022,12518,Magnetic North Counselling Psychology An,"Brunswick, Vic",No,No,,,,,,,,,371955,,,,,,
,Griffith University,"170 Kessels Road, Nathan, Qld 4111",Consultancy Services,3/11/2022,95280,Strategic Project Partners,"Melbourne, Vic",No,No,,,,,,,,,371948,,,,,,
,Griffith University,"170 Kessels Road, Nathan, Qld 4111",Computer Equipment,3/11/2022,33283,The School Locker,"Yeronga, Qld",No,No,,,,,,,,,371994,,,,,,
,Griffith University,"170 Kessels Road, Nathan, Qld 4111",Software Support Maintenance,4/11/2022,10450,Aquion Pty Ltd,"Mosman, Nsw",No,No,,,,,,,,,372056,,,,,,
,Griffith University,"170 Kessels Road, Nathan, Qld 4111",Equipment Purchase,4/11/2022,11705,Australian Marine Centre Pty Ltd,"Slacks Creek, Qld",No,No,,,,,,,,,372034,,,,,,
,Griffith University,"170 Kessels Road, Nathan, Qld 4111",Commission Payment,4/11/2022,12100,Bridge Blue Pty Ltd,"Sydney, NSW",No,No,,,,,,,,,1987041,,,,,,
,Griffith University,"170 Kessels Road, Nathan, Qld 4111",Reference Materials,4/11/2022,30800,Cengage Learning Australia Pty Ltd,"Melbourne, Vic",No,No,,,,,,,,,1984644,,,,,,
,Griffith University,"170 Kessels Road, Nathan, Qld 4111",Consultancy Services,4/11/2022,11417,Dananjani Basnayake,Qld,No,No,,,,,,,,,1987016,,,,,,
,Griffith University,"170 Kessels Road, Nathan, Qld 4111",Consultancy Services,4/11/2022,10630,Darren Christopher Lukas,Indonesia,No,No,,,,,,,,,372033,,,,,,
,Griffith University,"170 Kessels Road, Nathan, Qld 4111",Equipment Purchase,4/11/2022,19720,Edwards Vacuum Australia,"Yatala, Qld",No,No,,,,,,,,,372030,,,,,,
,Griffith University,"170 Kessels Road, Nathan, Qld 4111",Reference Materials,4/11/2022,43013,Jessica Wei,China,No,No,,,,,,,,,1987025,,,,,,
,Griffith University,"170 Kessels Road, Nathan, Qld 4111",Building Construction & Maintenance,4/11/2022,21571,Mctaggart Plumbing Pty Ltd,"Petrie, Qld",No,No,,,,,,,,,372035,,,,,,
,Griffith University,"170 Kessels Road, Nathan, Qld 4111",Event Expenditure,4/11/2022,10516,Mediastar Limited,Bangladesh,No,No,,,,,,,,,372050,,,,,,
,Griffith University,"170 Kessels Road, Nathan, Qld 4111",Consultancy Services,4/11/2022,10000,Nola Joyce Turner-Jensen,Qld,No,No,,,,,,,,,372003,,,,,,
,Griffith University,"170 Kessels Road, Nathan, Qld 4111",Commission Payment,4/11/2022,476039,Pearson Australia Group Pty Ltd,"Sydney, NSW",No,No,,,,,,,,,1983974,,,,,,
,Griffith University,"170 Kessels Road, Nathan, Qld 4111",Event Expenditure,4/11/2022,14880,Pixel Line Pty Ltd,"Milton, Qld",No,No,,,,,,,,,372002,,,,,,
,Griffith University,"170 Kessels Road, Nathan, Qld 4111",Equipment Maintenance,4/11/2022,13541,Renishaw Oceania Pty Ltd,"Keysborough, Vic",No,No,,,,,,,,,372049,,,,,,
,Griffith University,"170 Kessels Road, Nathan, Qld 4111",Building Construction & Maintenance,4/11/2022,29516,Securcom Pty Ltd,"Brendale, Qld",No,No,,,,,,,,,372037,,,,,,
,Griffith University,"170 Kessels Road, Nathan, Qld 4111",Consultancy Services,4/11/2022,47836,University Of Canterbury,"Christchurch, New Zealand",No,No,,,,,,,,,1987014 1987553,,,,,,
,Griffith University,"170 Kessels Road, Nathan, Qld 4111",Equipment Purchase,4/11/2022,227397,Vacuum Technique Singapore Pte Ltd,Singapore,No,No,,,,,,,,,372004,,,,,,
,Griffith University,"170 Kessels Road, Nathan, Qld 4111",Field Trip Expenses (Excursions),4/11/2022,12148,Vision Splendid Outback Film Festival In,"Winton, Qld",No,No,,,,,,,,,1987137,,,,,,
,Griffith University,"170 Kessels Road, Nathan, Qld 4111",Consultancy Services,4/11/2022,47836,University Of Canterbury,"Christchurch, New Zealand",No,No,,,,,,,,,1987014 1987553,,,,,,
,Griffith University,"170 Kessels Road, Nathan, Qld 4111",Equipment Purchase,4/11/2022,227397,Vacuum Technique Singapore Pte Ltd,Singapore,No,No,,,,,,,,,372004,,,,,,
,Griffith University,"170 Kessels Road, Nathan, Qld 4111",Field Trip Expenses (Excursions),4/11/2022,12148,Vision Splendid Outback Film Festival In,"Winton, Qld",No,No,,,,,,,,,1987137,,,,,,
,Griffith University,"170 Kessels Road, Nathan, Qld 4111",Consultancy Services,5/11/2022,19360,Resilient Projects Pty. Ltd.,"Kirwan, Qld",No,No,,,,,,,,,372058,,,,,,
,Griffith University,"170 Kessels Road, Nathan, Qld 4111",Consultancy Services,6/11/2022,13684,Occupational Health Consultants Pty Ltd,"Rochedale South, Qld",No,No,,,,,,,,,1984386,,,,,,
,Griffith University,"170 Kessels Road, Nathan, Qld 4111",Marketing Fees,7/11/2022,21450,Lovework Studio Pty Ltd,"Woody Point, Qld",No,No,,,,,,,,,372066,,,,,,
,Griffith University,"170 Kessels Road, Nathan, Qld 4111",Building Construction & Maintenance,7/11/2022,25300,Meinhardt (Qld) Pty Ltd,"Spring Hill, Qld",No,No,,,,,,,,,372096,,,,,,
,Griffith University,"170 Kessels Road, Nathan, Qld 4111",Consultancy Services,7/11/2022,76450,Nature Pty Ltd,"Cremorne, Vic",Yes,No,,,,,,,,,372107,,,,,,
,Griffith University,"170 Kessels Road, Nathan, Qld 4111",Laboratory Consumables,7/11/2022,16043,Sportboleh Sdn. Bhd.,Malaysia,No,No,,,,,,,,,372088,,,,,,
,Griffith University,"170 Kessels Road, Nathan, Qld 4111",Subscription/Licence Fees Software,7/11/2022,28097,Veritas Health Innovation Ltd,"Melbourne, Vic",No,No,,,,,,,,,372071,,,,,,
,Griffith University,"170 Kessels Road, Nathan, Qld 4111",Subscription/Licence Fees Software,7/11/2022,28097,Veritas Health Innovation Ltd,"Melbourne, Vic",No,No,,,,,,,,,372071,,,,,,
,Griffith University,"170 Kessels Road, Nathan, Qld 4111",Subscription/Licence Fees Software,8/11/2022,16500,Leximancer Pty Ltd,"St Lucia, Qld",No,No,,,,,,,,,372125,,,,,,
,Griffith University,"170 Kessels Road, Nathan, Qld 4111",Software Support Maintenance,8/11/2022,39721,Starrez Pty Ltd,"Melbourne, Vic",No,No,,,,,,,,,372129,,,,,,
,Griffith University,"170 Kessels Road, Nathan, Qld 4111",Building Construction & Maintenance,9/11/2022,73084,Aspect Studios Pty Ltd,"Woolloongabba, Qld",No,No,,,,,,,,,372212,,,,,,
,Griffith University,"170 Kessels Road, Nathan, Qld 4111",Memberships/Subscriptions,9/11/2022,10547,Australian Access Federation Ltd,"Brisbane, Qld",No,No,,,,,,,,,372201,,,,,,
,Griffith University,"170 Kessels Road, Nathan, Qld 4111",Consultancy Services,9/11/2022,30525,Bdo Services Pty Ltd,"Brisbane, Qld",No,No,,,,,,,,,372186,,,,,,
,Griffith University,"170 Kessels Road, Nathan, Qld 4111",Consultancy Services,9/11/2022,27500,Blight Rayner Architecture Pty Ltd,"Brisbane, Qld",No,No,,,,,,,,,372185,,,,,,
,Griffith University,"170 Kessels Road, Nathan, Qld 4111",Event Expenditure,9/11/2022,13612,Intercontinental Sanctuary Cove Resort,"Sanctuary Cove, Qld",No,No,,,,,,,,,372184,,,,,,
,Griffith University,"170 Kessels Road, Nathan, Qld 4111",Building Construction & Maintenance,9/11/2022,349154,Ng Energy Pty Ltd,"Richmond, Vic",No,No,,,,,,,,,372216,,,,,,
,Griffith University,"170 Kessels Road, Nathan, Qld 4111",Memberships/Subscriptions,9/11/2022,19800,Swinburne University Of Technology,"Hawthorn, Vic",No,No,,,,,,,,,1984635,,,,,,
,Griffith University,"170 Kessels Road, Nathan, Qld 4111",Scientific Equipment,9/11/2022,11850,Thermo Fisher Scientific Australia,"Scoresby, Vic",No,No,,,,,,,,,372225,,,,,,
,Griffith University,"170 Kessels Road, Nathan, Qld 4111",Audio Visual Equipment,9/11/2022,17853,Videopro Pty Ltd,"Eagle Farm, Qld",No,No,,,,,,,,,372220,,,,,,
,Griffith University,"170 Kessels Road, Nathan, Qld 4111",Audio Visual Equipment,9/11/2022,17853,Videopro Pty Ltd,"Eagle Farm, Qld",No,No,,,,,,,,,372220,,,,,,
,Griffith University,"170 Kessels Road, Nathan, Qld 4111",Building Construction & Maintenance,10/11/2022,18029,A1 Building & Property Solutions Pty Ltd,"The Gap, Qld",No,No,,,,,,,,,372255,,,,,,
,Griffith University,"170 Kessels Road, Nathan, Qld 4111",Reference Materials,10/11/2022,35374,Adam Matthew Digital Ltd,UK,No,No,,,,,,,,,1986418,,,,,,
,Griffith University,"170 Kessels Road, Nathan, Qld 4111",Pathology Expenditure,10/11/2022,11616,Australian Genome Research Facility Ltd,"St Lucia, Qld",No,No,,,,,,,,,372256,,,,,,
,Griffith University,"170 Kessels Road, Nathan, Qld 4111",Scientific Equipment,10/11/2022,10989,Brightside Scientific Pty Ltd,"Tuggerah, Nsw",No,No,,,,,,,,,372271,,,,,,
,Griffith University,"170 Kessels Road, Nathan, Qld 4111",Consultancy Services,10/11/2022,308484,Corroboree Talent,"Fyshwick, Act",Yes,No,,,,,,,,,PR481952,,,,,,
,Griffith University,"170 Kessels Road, Nathan, Qld 4111",Subscription/Licence Fees Software,10/11/2022,72017,Cybercx Pty Ltd,"Melbourne, Vic",No,No,,,,,,,,,372315,,,,,,
,Griffith University,"170 Kessels Road, Nathan, Qld 4111",Telecommunications Expenditure,10/11/2022,92100,Data #3 Limited,"Indooroopilly, Qld",No,No,,,,,,,,,372311,,,,,,
,Griffith University,"170 Kessels Road, Nathan, Qld 4111",Reference Materials,10/11/2022,65476,Elsevier Inc.,USA,No,No,,,,,,,,,1984638,,,,,,
,Griffith University,"170 Kessels Road, Nathan, Qld 4111",Scientific Equipment,10/11/2022,31541,Hc Photonics Corporation,Taiwan,No,No,,,,,,,,,372254,,,,,,
,Griffith University,"170 Kessels Road, Nathan, Qld 4111",Consultancy Services,10/11/2022,327800,Integral Technology Solutions Pty Ltd,"Spring Hill, Qld",No,No,,,,,,,,,372288,,,,,,
,Griffith University,"170 Kessels Road, Nathan, Qld 4111",Subscription/Licence Fees Software,10/11/2022,65120,Linkedin Singapore Pte Ltd,Singapore,No,No,,,,,,,,,372313,,,,,,
,Griffith University,"170 Kessels Road, Nathan, Qld 4111",Subscription/Licence Fees Software,10/11/2022,14634,Oclc (Uk) Limited,"Sheffield, Uk",No,No,,,,,,,,,372312,,,,,,
,Griffith University,"170 Kessels Road, Nathan, Qld 4111",Subscription/Licence Fees Software,10/11/2022,15088,Octopus Deploy Pty. Ltd.,"South Brisbane, Qld",No,No,,,,,,,,,372260,,,,,,
,Griffith University,"170 Kessels Road, Nathan, Qld 4111",Conference Expenses,10/11/2022,14873,Oracle Corporation Australia Pty Ltd,"Sydney, Nsw",No,No,,,,,,,,,372307,,,,,,
,Griffith University,"170 Kessels Road, Nathan, Qld 4111",Subscription/Licence Fees Software,10/11/2022,85324,Sas Institute Australia Pty Ltd,"Lane Cove, Nsw",No,No,,,,,,,,,372314,,,,,,
,Griffith University,"170 Kessels Road, Nathan, Qld 4111",Consultancy Services,10/11/2022,12500,The Silver Lining Collective,"Carindale, Qld",No,No,,,,,,,,,372302,,,,,,
,Griffith University,"170 Kessels Road, Nathan, Qld 4111",Reference Materials,10/11/2022,13393,Therapeutic Research Centre,USA,No,No,,,,,,,,,1985468,,,,,,
,Griffith University,"170 Kessels Road, Nathan, Qld 4111",Consultancy Services,10/11/2022,325050,Verticurl Marketing Services Pty Ltd,"Millers Point, Nsw",No,No,,,,,,,,,372280,,,,,,
,Griffith University,"170 Kessels Road, Nathan, Qld 4111",Consultancy Services,10/11/2022,325050,Verticurl Marketing Services Pty Ltd,"Millers Point, Nsw",No,No,,,,,,,,,372280,,,,,,
,Griffith University,"170 Kessels Road, Nathan, Qld 4111",Equipment Maintenance,11/11/2022,33000,Adec Australia,"Mascot, Nsw",No,No,,,,,,,,,372344,,,,,,
,Griffith University,"170 Kessels Road, Nathan, Qld 4111",Event Expenditure,11/11/2022,44125,Brisbane Convention And Exhibition Centr,"Brisbane, Qld ",No,No,,,,,,,,,1985532,,,,,,
,Griffith University,"170 Kessels Road, Nathan, Qld 4111",Consultancy Services,11/11/2022,34353,Communicorp Group Pty Limited,"Sydney, Nsw",No,No,,,,,,,,,372371,,,,,,
,Griffith University,"170 Kessels Road, Nathan, Qld 4111",Building Construction & Maintenance,11/11/2022,44319,E.D.C. Systems Pty Ltd,"Cannon Hill, Qld",No,No,,,,,,,,,372318,,,,,,
,Griffith University,"170 Kessels Road, Nathan, Qld 4111",Event Expenditure,11/11/2022,128386,Gold Coast Convention & Exhibition Centr,"Broadbeach, Qld",No,No,,,,,,,,,372376,,,,,,
,Griffith University,"170 Kessels Road, Nathan, Qld 4111",Computer Equipment,11/11/2022,11295,Jb Hi Fi Group Pty Ltd,"Macgregor, Qld",No,No,,,,,,,,,372330,,,,,,
,Griffith University,"170 Kessels Road, Nathan, Qld 4111",Event Expenditure,11/11/2022,23889,Making Good Alliance Pty Ltd,"North Tamborine, Qld",No,No,,,,,,,,,372343,,,,,,
,Griffith University,"170 Kessels Road, Nathan, Qld 4111",Consultancy Services,11/11/2022,2211776,Moqdigital Pty Ltd,"Spring Hill, Qld",Yes,No,Selective,,,,,,,,GU-1248,,,,,,
,Griffith University,"170 Kessels Road, Nathan, Qld 4111",Building Construction & Maintenance,11/11/2022,15049,Plumbrite Solutions Pty. Ltd.,"Cleveland, Qld",No,No,,,,,,,,,372347,,,,,,
,Griffith University,"170 Kessels Road, Nathan, Qld 4111",Security Services,11/11/2022,38297,Security & Technology Services (Sq) P/L,"Tingalpa, Qld",No,No,,,,,,,,,372319,,,,,,
,Griffith University,"170 Kessels Road, Nathan, Qld 4111",Security Services,11/11/2022,29684,Security & Technology Services (Sq) P/L,"Tingalpa, Qld",No,No,,,,,,,,,372320,,,,,,
,Griffith University,"170 Kessels Road, Nathan, Qld 4111",Marketing Fees,11/11/2022,11845,Smart Comm (Aust) P/L,"Tingalpa, Qld",No,No,,,,,,,,,372338,,,,,,
,Griffith University,"170 Kessels Road, Nathan, Qld 4111",Consultancy Services,11/11/2022,44000,Zeroseven Pty Ltd,"Morningside, Qld",No,No,,,,,,,,,1992073 1987363,,,,,,
,Griffith University,"170 Kessels Road, Nathan, Qld 4111",Consultancy Services,11/11/2022,44000,Zeroseven Pty Ltd,"Morningside, Qld",No,No,,,,,,,,,1992073 1987363,,,,,,
,Griffith University,"170 Kessels Road, Nathan, Qld 4111",Equipment Purchase,12/11/2022,27121,Framelight Pty Ltd,"Botany, Nsw",No,No,,,,,,,,,372398,,,,,,
,Griffith University,"170 Kessels Road, Nathan, Qld 4111",Building Construction & Maintenance,14/11/2022,21863,A1 Building & Property Solutions Pty Ltd,"The Gap, Qld",No,No,,,,,,,,,372408,,,,,,
,Griffith University,"170 Kessels Road, Nathan, Qld 4111",Building Construction & Maintenance,14/11/2022,11053,A1 Building & Property Solutions Pty Ltd,"The Gap, Qld",No,No,,,,,,,,,372409,,,,,,
,Griffith University,"170 Kessels Road, Nathan, Qld 4111",Building Construction & Maintenance,14/11/2022,12206,A1 Building & Property Solutions Pty Ltd,"The Gap, Qld",No,No,,,,,,,,,372410,,,,,,
,Griffith University,"170 Kessels Road, Nathan, Qld 4111",Building Construction & Maintenance,14/11/2022,11651,A1 Building & Property Solutions Pty Ltd,"The Gap, Qld",No,No,,,,,,,,,372433,,,,,,
,Griffith University,"170 Kessels Road, Nathan, Qld 4111",Equipment Purchase,14/11/2022,29341,Ampd Electronics,"Kelvin Grove, Qld",No,No,,,,,,,,,372428,,,,,,
,Griffith University,"170 Kessels Road, Nathan, Qld 4111",Building Construction & Maintenance,14/11/2022,23100,Arbor Australis Consulting,"Sherwood, Qld",No,No,,,,,,,,,372399,,,,,,
,Griffith University,"170 Kessels Road, Nathan, Qld 4111",Building Construction & Maintenance,14/11/2022,20162,Emtek Furniture,"Deception Bay, Qld",No,No,,,,,,,,,372434,,,,,,
,Griffith University,"170 Kessels Road, Nathan, Qld 4111",Subscription/Licence Fees Software,14/11/2022,33000,Fusion Sport,"Coopers Plains, Qld",No,No,,,,,,,,,372403,,,,,,
,Griffith University,"170 Kessels Road, Nathan, Qld 4111",Computer Equipment,14/11/2022,14868,"Imaging, Tech & Av Pty Ltd","Coolum Beach, Qld",No,No,,,,,,,,,372423,,,,,,
,Griffith University,"170 Kessels Road, Nathan, Qld 4111",IT Equipment,14/11/2022,17292,Jb Hi Fi Group Pty Ltd,"Macgregor, Qld",No,No,,,,,,,,,372416,,,,,,
,Griffith University,"170 Kessels Road, Nathan, Qld 4111",Scientific Equipment,14/11/2022,550000,Miltenyi Biotec Australia Pty Ltd,"North Ryde, Nsw",No,No,Limited,b - (iii) The absence of competition for technical reasons which can only be supplied by a particular supplier and no reasonable alternative exists,,,,,,,372426,,,,,,
,Griffith University,"170 Kessels Road, Nathan, Qld 4111",Computer Equipment,15/11/2022,14172,Jb Hi Fi Group Pty Ltd,"Macgregor, Qld",No,No,,,,,,,,,372461,,,,,,
,Griffith University,"170 Kessels Road, Nathan, Qld 4111",Software Support Maintenance,15/11/2022,29370,Prolim Technologies Pty Ltd,"Moorabbin, Vic",No,No,,,,,,,,,372475,,,,,,
,Griffith University,"170 Kessels Road, Nathan, Qld 4111",Consultancy Services,15/11/2022,220066,Software Education Australia Pty Ltd,"Brisbane, Qld",No,No,,,,,,,,,372457,,,,,,
,Griffith University,"170 Kessels Road, Nathan, Qld 4111",Conference Expenses,15/11/2022,16445,Software Education Australia Pty Ltd,"Brisbane, Qld",No,No,,,,,,,,,372458,,,,,,
,Griffith University,"170 Kessels Road, Nathan, Qld 4111",Scientific Equipment,15/11/2022,183712,Thermo Fisher Scientific Australia,"Scoresby, Vic",No,No,,,,,,,,,372486,,,,,,
,Griffith University,"170 Kessels Road, Nathan, Qld 4111",Scientific Equipment,15/11/2022,26305,Xylem Water Solutions Australia Ltd,"Mansfield, Qld",No,No,,,,,,,,,372460,,,,,,
,Griffith University,"170 Kessels Road, Nathan, Qld 4111",Scientific Equipment,15/11/2022,26305,Xylem Water Solutions Australia Ltd,"Mansfield, Qld",No,No,,,,,,,,,372460,,,,,,
,Griffith University,"170 Kessels Road, Nathan, Qld 4111",Building Construction & Maintenance,16/11/2022,15405,A1 Building & Property Solutions Pty Ltd,"The Gap, Qld",No,No,,,,,,,,,372549,,,,,,
,Griffith University,"170 Kessels Road, Nathan, Qld 4111",Memberships/Subscriptions,16/11/2022,11388,Apn Educational Media,"Darlinghurst, NSW",No,No,,,,,,,,,1989008,,,,,,
,Griffith University,"170 Kessels Road, Nathan, Qld 4111",External Course Delivery,16/11/2022,11750,Association Of Certified Anti-Money Laun,"Sydney, NSW",No,No,,,,,,,,,1986310,,,,,,
,Griffith University,"170 Kessels Road, Nathan, Qld 4111",Equipment Maintenance,16/11/2022,277402,Global Life Sciences Solutions Australia,"Macquarie Park, Nsw",No,No,,,,,,,,,372508,,,,,,
,Griffith University,"170 Kessels Road, Nathan, Qld 4111",Subscription/Licence Fees Software,16/11/2022,25740,Informed 365 Pty Ltd,"Currumbin Valley, Qld",No,No,,,,,,,,,372495,,,,,,
,Griffith University,"170 Kessels Road, Nathan, Qld 4111",Consultancy Services,16/11/2022,49495,The Trustee For 3Rd View Trust,"Brisbane, Qld",No,No,,,,,,,,,372509,,,,,,
,Griffith University,"170 Kessels Road, Nathan, Qld 4111",Scientific Equipment,16/11/2022,20808,Zantiks Ltd,England,No,No,,,,,,,,,372534,,,,,,
,Griffith University,"170 Kessels Road, Nathan, Qld 4111",Furniture,16/11/2022,13288,Zenith Interiors Pty Ltd,"Brisbane, Qld",No,No,,,,,,,,,372507,,,,,,
,Griffith University,"170 Kessels Road, Nathan, Qld 4111",Scientific Equipment,16/11/2022,20808,Zantiks Ltd,England,No,No,,,,,,,,,372534,,,,,,
,Griffith University,"170 Kessels Road, Nathan, Qld 4111",Furniture,16/11/2022,13288,Zenith Interiors Pty Ltd,"Brisbane, Qld",No,No,,,,,,,,,372507,,,,,,
,Griffith University,"170 Kessels Road, Nathan, Qld 4111",Building Construction & Maintenance,17/11/2022,19682,Alliance Interiors Qld Pty Ltd,"Logan City Dc, Qld",No,No,,,,,,,,,372615,,,,,,
,Griffith University,"170 Kessels Road, Nathan, Qld 4111",Scientific Equipment,17/11/2022,32155,Bio-Rad Laboratories Pty Ltd,"South Granville, Nsw",No,No,,,,,,,,,372594,,,,,,
,Griffith University,"170 Kessels Road, Nathan, Qld 4111",Consultancy Services,17/11/2022,68992,Corroboree Talent,"Fyshwick, Act",Yes,No,,,,,,,,,PR482673,,,,,,
,Griffith University,"170 Kessels Road, Nathan, Qld 4111",Dental Supplies,17/11/2022,20754,Dentsply Sirona Pty Ltd,"Mount Waverley, Vic",No,No,,,,,,,,,372605,,,,,,
,Griffith University,"170 Kessels Road, Nathan, Qld 4111",Scientific Equipment,17/11/2022,11198,Microsoft Pty Ltd,"North Ryde, Nsw",No,No,,,,,,,,,372557,,,,,,
,Griffith University,"170 Kessels Road, Nathan, Qld 4111",Consultancy Services,17/11/2022,35200,Montroc Pty Ltd,"Hughes, Act",No,No,,,,,,,,,372570,,,,,,
,Griffith University,"170 Kessels Road, Nathan, Qld 4111",Consultancy Services,17/11/2022,92400,Silentgrid Security Pty Ltd,"Sydney, Nsw",No,No,,,,,,,,,372568,,,,,,
,Griffith University,"170 Kessels Road, Nathan, Qld 4111",Marketing Fees,17/11/2022,26475,Studyportals Bv,Netherlands,No,No,,,,,,,,,372571,,,,,,
,Griffith University,"170 Kessels Road, Nathan, Qld 4111",Scientific Equipment,17/11/2022,15136,Thermoline Scientific Equipment Pty Ltd,"Mount Waverley, Vic",No,No,,,,,,,,,372606,,,,,,
,Griffith University,"170 Kessels Road, Nathan, Qld 4111",Recruitment/Placement Fees,17/11/2022,227370,U&U Recruitment Partners,"Brisbane, Qld",No,No,,,,,,,,,372573,,,,,,
,Griffith University,"170 Kessels Road, Nathan, Qld 4111",Recruitment/Placement Fees,17/11/2022,227370,U&U Recruitment Partners,"Brisbane, Qld",No,No,,,,,,,,,372573,,,,,,
,Griffith University,"170 Kessels Road, Nathan, Qld 4111",Building Construction & Maintenance,18/11/2022,50409,A1 Building & Property Solutions Pty Ltd,"The Gap, Qld",No,No,,,,,,,,,372663,,,,,,
,Griffith University,"170 Kessels Road, Nathan, Qld 4111",Consultancy Services,18/11/2022,77088,Corroboree Talent,"Fyshwick, Act",Yes,No,,,,,,,,,PR482672,,,,,,
,Griffith University,"170 Kessels Road, Nathan, Qld 4111",Printing Expenses,18/11/2022,50540,Cpx Pty Ltd,"Kelvin Grove, Qld",No,No,,,,,,,,,1986861,,,,,,
,Griffith University,"170 Kessels Road, Nathan, Qld 4111",Marketing Fees,18/11/2022,22000,Dan K Pearson,Qld,No,No,,,,,,,,,372664,,,,,,
,Griffith University,"170 Kessels Road, Nathan, Qld 4111",Reference Materials,18/11/2022,16444,Ebsco International Inc,"North Sydney, Nsw",No,No,,,,,,,,,1985366,,,,,,
,Griffith University,"170 Kessels Road, Nathan, Qld 4111",Reference Materials,18/11/2022,174689,Elsevier Inc.,USA,No,No,,,,,,,,,1985539,,,,,,
,Griffith University,"170 Kessels Road, Nathan, Qld 4111",Event Expenditure,18/11/2022,71512,Ensemble Q,"St Lucia, Qld",No,No,,,,,,,,,1989530,,,,,,
,Griffith University,"170 Kessels Road, Nathan, Qld 4111",Gifts,18/11/2022,10624,Fabric Interactive,Singapore,No,No,,,,,,,,,1987022,,,,,,
,Griffith University,"170 Kessels Road, Nathan, Qld 4111",Subscription/Licence Fees Software,18/11/2022,417472,Imotions A/S,"Slacks Creek, Qld",No,No,,,,,,,,,GU-180,,,,,,
,Griffith University,"170 Kessels Road, Nathan, Qld 4111",Consultancy Services,18/11/2022,137500,Kpmg,"Melbourne, Vic",No,No,,,,,,,,,372630,,,,,,
,Griffith University,"170 Kessels Road, Nathan, Qld 4111",Building Construction & Maintenance,18/11/2022,105600,Leda Security Products Pty Ltd,"Fyshwick, Act",No,No,,,,,,,,,372641,,,,,,
,Griffith University,"170 Kessels Road, Nathan, Qld 4111",Event Expenditure,18/11/2022,13445,Legislative Assembly Of Queensland,"Frenchs Forest, Nsw",No,No,,,,,,,,,372654,,,,,,
,Griffith University,"170 Kessels Road, Nathan, Qld 4111",Consultancy Services,18/11/2022,13478,More Partnership Limited,UK,No,No,,,,,,,,,1985251,,,,,,
,Griffith University,"170 Kessels Road, Nathan, Qld 4111",Office Equipment,18/11/2022,20970,Only Pos,"Doonan, Qld",No,No,,,,,,,,,372668,,,,,,
,Griffith University,"170 Kessels Road, Nathan, Qld 4111",Scientific Equipment,18/11/2022,16304,Opc Health,"Melbourne, Vic",No,No,,,,,,,,,372635,,,,,,
,Griffith University,"170 Kessels Road, Nathan, Qld 4111",Consultancy Services,18/11/2022,55000,Professional Development Consulting,"Millers Point, Nsw",No,No,,,,,,,,,372667,,,,,,
,Griffith University,"170 Kessels Road, Nathan, Qld 4111",Hire/Lease Fees,18/11/2022,20603,The Information Management Group Pty Ltd,"Clayton, Vic",No,No,,,,,,,,,372638,,,,,,
,Griffith University,"170 Kessels Road, Nathan, Qld 4111",Consultancy Services,18/11/2022,44000,Verticurl Marketing Services Pty Ltd,"Millers Point, Nsw",No,No,,,,,,,,,372666,,,,,,
,Griffith University,"170 Kessels Road, Nathan, Qld 4111",Consultancy Services,18/11/2022,44000,Verticurl Marketing Services Pty Ltd,"Millers Point, Nsw",No,No,,,,,,,,,372666,,,,,,
,Griffith University,"170 Kessels Road, Nathan, Qld 4111",Consultancy Services,19/11/2022,42514,Darren Christopher Lukas,Indonesia,No,No,,,,,,,,,372673,,,,,,
,Griffith University,"170 Kessels Road, Nathan, Qld 4111",Consultancy Services,19/11/2022,11232,Pivotal Agency Pty Ltd,"Oxenford, Qld",No,No,,,,,,,,,1984803,,,,,,
,Griffith University,"170 Kessels Road, Nathan, Qld 4111",Event Expenditure,20/11/2022,17328,The Ship Inn,"Brisbane, Qld",No,No,,,,,,,,,1986735,,,,,,
,Griffith University,"170 Kessels Road, Nathan, Qld 4111",Building Construction & Maintenance,21/11/2022,17358,Amalgamated Property Maint. Brisbane P/L,"Rochedale South, Qld",No,No,,,,,,,,,372693,,,,,,
,Griffith University,"170 Kessels Road, Nathan, Qld 4111",Building Construction & Maintenance,21/11/2022,21978,Amalgamated Property Maint. Brisbane P/L,"Rochedale South, Qld",No,No,,,,,,,,,372719,,,,,,
,Griffith University,"170 Kessels Road, Nathan, Qld 4111",Scientific Equipment,21/11/2022,56279,Bio-Rad Laboratories Pty Ltd,"South Granville, Nsw",No,No,,,,,,,,,372742,,,,,,
,Griffith University,"170 Kessels Road, Nathan, Qld 4111",Equipment Maintenance,21/11/2022,126591,Bio-Strategy Pty Limited,"Campbellfield, Vic",No,No,,,,,,,,,372682,,,,,,
,Griffith University,"170 Kessels Road, Nathan, Qld 4111",Memberships/Subscriptions,21/11/2022,34695,Caudit,"Kingston, ACT",No,No,,,,,,,,,372691,,,,,,
,Griffith University,"170 Kessels Road, Nathan, Qld 4111",Marketing Fees,21/11/2022,28715,Corporate Knights Inc.,"Rochedale South, Qld",No,No,,,,,,,,,372695,,,,,,
,Griffith University,"170 Kessels Road, Nathan, Qld 4111",Building Construction & Maintenance,21/11/2022,62812,Diligent Fire Pty Ltd,"Albion, Qld",No,No,,,,,,,,,372728,,,,,,
,Griffith University,"170 Kessels Road, Nathan, Qld 4111",Building Construction & Maintenance,21/11/2022,82390,Emtek Furniture,"Deception Bay, Qld",No,No,,,,,,,,,372721,,,,,,
,Griffith University,"170 Kessels Road, Nathan, Qld 4111",Scientific Equipment,21/11/2022,154000,Eppendorf South Pacific Pty Ltd,"North Ryde, Nsw",No,No,,,,,,,,,372681,,,,,,
,Griffith University,"170 Kessels Road, Nathan, Qld 4111",Relocation Services,21/11/2022,21450,Grace Worldwide (Australia) Pty Ltd,"Seven Hills, Nsw",No,No,,,,,,,,,372676,,,,,,
,Griffith University,"170 Kessels Road, Nathan, Qld 4111",Consultancy Services,21/11/2022,12830,Griffin Nrm Pty. Ltd.,"Garran, ACT",No,No,,,,,,,,,1989719,,,,,,
,Griffith University,"170 Kessels Road, Nathan, Qld 4111",Marketing Fees,21/11/2022,13207,Idp Education Pty Ltd,"Melbourne, Vic",No,No,,,,,,,,,1989694,,,,,,
,Griffith University,"170 Kessels Road, Nathan, Qld 4111",Event Expenditure,21/11/2022,16630,Intercontinental Sanctuary Cove Resort,"Sanctuary Cove, Qld",No,No,,,,,,,,,372697,,,,,,
,Griffith University,"170 Kessels Road, Nathan, Qld 4111",Musical Instruments,21/11/2022,13113,Kawai Australia Pty Ltd,"Seven Hills, Nsw",No,No,,,,,,,,,372677,,,,,,
,Griffith University,"170 Kessels Road, Nathan, Qld 4111",Scientific Equipment,21/11/2022,17590,Leica Microsystems Pty Ltd,"Deception Bay, Qld",No,No,,,,,,,,,372722,,,,,,
,Griffith University,"170 Kessels Road, Nathan, Qld 4111",Consultancy Services,21/11/2022,18040,Local Buy,"North Ryde, Nsw",No,No,,,,,,,,,372723,,,,,,
,Griffith University,"170 Kessels Road, Nathan, Qld 4111",Software Support Maintenance,21/11/2022,13506,Point & Click Solutions Inc,"Kingston, Act",No,No,,,,,,,,,372692,,,,,,
,Griffith University,"170 Kessels Road, Nathan, Qld 4111",Building Construction & Maintenance,21/11/2022,19404,Rowles Time Management,"Albion, Qld",No,No,,,,,,,,,372733,,,,,,
,Griffith University,"170 Kessels Road, Nathan, Qld 4111",Subscription/Licence Fees Software,21/11/2022,48860,Securew2,"Bowen Hills, Qld",No,No,,,,,,,,,372725,,,,,,
,Griffith University,"170 Kessels Road, Nathan, Qld 4111",Scientific Equipment,21/11/2022,15125,Sigma Aldrich Pty Ltd,"Castle Hill, NSW",No,No,,,,,,,,,372679,,,,,,
,Griffith University,"170 Kessels Road, Nathan, Qld 4111",Consultancy Services,21/11/2022,215600,Sonja Brubacher,Vic,No,No,,,,,,,,,372688,,,,,,
,Griffith University,"170 Kessels Road, Nathan, Qld 4111",Catering,21/11/2022,20790,The Trustee For Coad Family Trust,"Sanctuary Cove, Qld",No,No,,,,,,,,,372698,,,,,,
,Griffith University,"170 Kessels Road, Nathan, Qld 4111",Scientific Equipment,21/11/2022,84209,Thermo Fisher Scientific Australia,"Scoresby, Vic",No,No,,,,,,,,,372684,,,,,,
,Griffith University,"170 Kessels Road, Nathan, Qld 4111",Scientific Equipment,21/11/2022,16643,Thermo Fisher Scientific Australia,"Scoresby, Vic",No,No,,,,,,,,,372734,,,,,,
,Griffith University,"170 Kessels Road, Nathan, Qld 4111",Software Support Maintenance,21/11/2022,58349,Venn It Solutions Pty Ltd,"Brisbane, Qld",No,No,,,,,,,,,372724,,,,,,
,Griffith University,"170 Kessels Road, Nathan, Qld 4111",Software Support Maintenance,21/11/2022,58349,Venn It Solutions Pty Ltd,"Brisbane, Qld",No,No,,,,,,,,,372724,,,,,,
,Griffith University,"170 Kessels Road, Nathan, Qld 4111",Marketing Fees,21/11/2022,60166,Xref Pty Ltd,"Dawes Point, Nsw",No,No,,,,,,,,,1998418,,,,,,
,Griffith University,"170 Kessels Road, Nathan, Qld 4111",Vehicle Acquisition,22/11/2022,109437,Cricks Springwood Pty Limited,"Brisbane, Qld",No,No,,,,,,,,,372794,,,,,,
,Griffith University,"170 Kessels Road, Nathan, Qld 4111",Building Construction & Maintenance,22/11/2022,46979,Diligent Fire Pty Ltd,"Albion, Qld",No,No,,,,,,,,,372763,,,,,,
,Griffith University,"170 Kessels Road, Nathan, Qld 4111",Building Construction & Maintenance,22/11/2022,30294,Diligent Fire Pty Ltd,"Albion, Qld",No,No,,,,,,,,,372764,,,,,,
,Griffith University,"170 Kessels Road, Nathan, Qld 4111",Building Construction & Maintenance,22/11/2022,28962,Diligent Fire Pty Ltd,"Albion, Qld",No,No,,,,,,,,,372795,,,,,,
,Griffith University,"170 Kessels Road, Nathan, Qld 4111",Building Construction & Maintenance,22/11/2022,33312,Diligent Fire Pty Ltd,"Albion, Qld",No,No,,,,,,,,,372796,,,,,,
,Griffith University,"170 Kessels Road, Nathan, Qld 4111",Scientific Equipment,22/11/2022,14857,Eppendorf South Pacific Pty Ltd,"North Ryde, Nsw",No,No,,,,,,,,,372773,,,,,,
,Griffith University,"170 Kessels Road, Nathan, Qld 4111",Scientific Equipment,22/11/2022,106920,Evident Australia Pty Ltd,"Macquarie Park, Nsw",No,No,,,,,,,,,372787,,,,,,
,Griffith University,"170 Kessels Road, Nathan, Qld 4111",Conference Expenses,22/11/2022,12870,M3 Media (Hankins Family Trust),"Heritage Park, Qld",No,No,,,,,,,,,1986529,,,,,,
,Griffith University,"170 Kessels Road, Nathan, Qld 4111",Equipment Maintenance,22/11/2022,11000,Nsk Oceania Pty Ltd,"Rosebery, Nsw",No,No,,,,,,,,,372786,,,,,,
,Griffith University,"170 Kessels Road, Nathan, Qld 4111",Consultancy Services,22/11/2022,18337,Qcif,"St Lucia, Qld",No,No,,,,,,,,,372798,,,,,,
,Griffith University,"170 Kessels Road, Nathan, Qld 4111",Marketing Fees,22/11/2022,59241,Queensland T-Shirt Company,"St Lucia, Qld",No,No,,,,,,,,,372801,,,,,,
,Griffith University,"170 Kessels Road, Nathan, Qld 4111",Conference Expenses,22/11/2022,15950,Software Education Australia Pty Ltd,"Brisbane, Qld",No,No,,,,,,,,,372788,,,,,,
,Griffith University,"170 Kessels Road, Nathan, Qld 4111",Furniture,22/11/2022,18260,The Australian Bedding Company Pty Ltd,"North Ryde, Nsw",No,No,,,,,,,,,372774,,,,,,
,Griffith University,"170 Kessels Road, Nathan, Qld 4111",Scientific Equipment,22/11/2022,15576,Thermo Fisher Scientific Australia,"Scoresby, Vic",No,No,,,,,,,,,372775,,,,,,
,Griffith University,"170 Kessels Road, Nathan, Qld 4111",Scientific Equipment,22/11/2022,15220,Thermo Fisher Scientific Australia,"Scoresby, Vic",No,No,,,,,,,,,372776,,,,,,
,Griffith University,"170 Kessels Road, Nathan, Qld 4111",Scientific Equipment,22/11/2022,18401,"Xiamen Milesight Iot Co. , Ltd.","Scoresby, Vic",No,No,,,,,,,,,372785,,,,,,
,Griffith University,"170 Kessels Road, Nathan, Qld 4111",Scientific Equipment,22/11/2022,18401,"Xiamen Milesight Iot Co. , Ltd.","Scoresby, Vic",No,No,,,,,,,,,372785,,,,,,
,Griffith University,"170 Kessels Road, Nathan, Qld 4111",Scientific Equipment,23/11/2022,43793,Agilent Technologies Australia Pty Ltd,"Mulgrave, Vic",No,No,,,,,,,,,372834,,,,,,
,Griffith University,"170 Kessels Road, Nathan, Qld 4111",Pathology Expenditure,23/11/2022,46778,Australian National University,"Acton, Act",No,No,,,,,,,,,1985906 1988547 1996958,,,,,,
,Griffith University,"170 Kessels Road, Nathan, Qld 4111",Consultancy Services,23/11/2022,29876,Better Workplaces Consulting & Advisory,"Bulimba, QLD",No,No,,,,,,,,,372831,,,,,,
,Griffith University,"170 Kessels Road, Nathan, Qld 4111",Subscription/Licence Fees Software,23/11/2022,16599,Caval Limited,"Brisbane, Qld",No,No,,,,,,,,,372869,,,,,,
,Griffith University,"170 Kessels Road, Nathan, Qld 4111",Patent Application Fee,23/11/2022,10315,Cpa Global,UK,No,No,,,,,,,,,1990151,,,,,,
,Griffith University,"170 Kessels Road, Nathan, Qld 4111",Software Support Maintenance,23/11/2022,373906,Cubewise Australia Pty Ltd,"Mulgrave, Vic",No,No,,,,,,,,,372835,,,,,,
,Griffith University,"170 Kessels Road, Nathan, Qld 4111",Reference Materials,23/11/2022,14092,Mcgraw Hill Llc,USA,No,No,,,,,,,,,1990051,,,,,,
,Griffith University,"170 Kessels Road, Nathan, Qld 4111",Reference Materials,23/11/2022,20466,Mcgraw Hill Llc,USA,No,No,,,,,,,,,1990052,,,,,,
,Griffith University,"170 Kessels Road, Nathan, Qld 4111",Vehicle Acquisition,23/11/2022,138060,Royco Trading Pty Ltd,"Melbourne, Vic",No,No,,,,,,,,,372862,,,,,,
,Griffith University,"170 Kessels Road, Nathan, Qld 4111",Subscription/Licence Fees Software,23/11/2022,17488,"Rstudio, Inc","Sydney, Nsw",No,No,,,,,,,,,372866,,,,,,
,Griffith University,"170 Kessels Road, Nathan, Qld 4111",Subscription/Licence Fees Software,23/11/2022,14247,Simuserv Pty Ltd,"Labrador, Qld",No,No,,,,,,,,,372833,,,,,,
,Griffith University,"170 Kessels Road, Nathan, Qld 4111",Event Expenditure,23/11/2022,16500,Southport Australian Rules Football Club,"Southport, Qld",No,No,,,,,,,,,372850,,,,,,
,Griffith University,"170 Kessels Road, Nathan, Qld 4111",Building Construction & Maintenance,23/11/2022,22000,Southport Removals Pty Ltd,"Labrador, Qld",Yes,No,,,,,,,,,372832,,,,,,
,Griffith University,"170 Kessels Road, Nathan, Qld 4111",Security Services,23/11/2022,615730,Spotless Facility Services Pty Ltd,"Melbourne, Vic",No,Yes,Open,,,,,,,,372857,,,,,,
,Griffith University,"170 Kessels Road, Nathan, Qld 4111",Building Construction & Maintenance,24/11/2022,10450,Amalgamated Property Maint. Brisbane P/L,"Rochedale South, Qld",No,No,,,,,,,,,372886,,,,,,
,Griffith University,"170 Kessels Road, Nathan, Qld 4111",Pathology Expenditure,24/11/2022,20026,Australian Genome Research Facility Ltd,"St Lucia, Qld",No,No,,,,,,,,,372888,,,,,,
,Griffith University,"170 Kessels Road, Nathan, Qld 4111",Equipment Maintenance,24/11/2022,116874,Becton Dickinson Pty Ltd,"Eight Mile Plains, Qld",No,No,,,,,,,,,372871,,,,,,
,Griffith University,"170 Kessels Road, Nathan, Qld 4111",Consultancy Services,24/11/2022,100703,Cybercx Pty Ltd,"Melbourne, Vic",No,No,,,,,,,,,372930,,,,,,
,Griffith University,"170 Kessels Road, Nathan, Qld 4111",Reference Materials,24/11/2022,31493,Economist Intelligence Unit,"NY, Usa",No,No,,,,,,,,,GU-1261,,,,,,
,Griffith University,"170 Kessels Road, Nathan, Qld 4111",Consultancy Services,24/11/2022,16000,Emergency Australia Pty. Ltd.,"Hemmant, Qld",No,No,,,,,,,,,1985675,,,,,,
,Griffith University,"170 Kessels Road, Nathan, Qld 4111",External Course Delivery,24/11/2022,31045,Helen Elizabeth Bulle,Qld,No,No,,,,,,,,,1987023,,,,,,
,Griffith University,"170 Kessels Road, Nathan, Qld 4111",Building Construction & Maintenance,24/11/2022,21789,Hosmed Services Pty Ltd,"Virginia, Qld",No,No,,,,,,,,,372917,,,,,,
,Griffith University,"170 Kessels Road, Nathan, Qld 4111",Conference Expenses,24/11/2022,38814,Mta Travel,"Robina, Qld",No,No,,,,,,,,,1990039,,,,,,
,Griffith University,"170 Kessels Road, Nathan, Qld 4111",Building Construction & Maintenance,24/11/2022,65450,Relay Consulting Services,"Rochedale, Qld",No,No,,,,,,,,,372921,,,,,,
,Griffith University,"170 Kessels Road, Nathan, Qld 4111",Memberships/Subscriptions,24/11/2022,35409,Science In Australia Gender Equity Ltd,"Scoresby, Vic",No,No,,,,,,,,,372885,,,,,,
,Griffith University,"170 Kessels Road, Nathan, Qld 4111",Scientific Equipment,24/11/2022,41038,Sdr Scientific,"Chatswood, Nsw",No,No,,,,,,,,,372923,,,,,,
,Griffith University,"170 Kessels Road, Nathan, Qld 4111",Security Services,24/11/2022,66424,Security & Technology Services (Sq) P/L,"Tingalpa, Qld",No,No,,,,,,,,,372929,,,,,,
,Griffith University,"170 Kessels Road, Nathan, Qld 4111",Scientific Equipment,24/11/2022,180597,Shimadzu Scientific Inst. (Oceania)P/L,"Rydalmere, NSW",No,No,,,,,,,,,372873,,,,,,
,Griffith University,"170 Kessels Road, Nathan, Qld 4111",Consultancy Services,24/11/2022,39023,Software Education Australia Pty Ltd,"Brisbane, Qld",No,No,,,,,,,,,372922,,,,,,
,Griffith University,"170 Kessels Road, Nathan, Qld 4111",Scientific Equipment,24/11/2022,24027,Sonation Gmbh,Germany,No,No,,,,,,,,,1987221,,,,,,
,Griffith University,"170 Kessels Road, Nathan, Qld 4111",Scientific Equipment,24/11/2022,23527,Sonation Gmbh,Germany,No,No,,,,,,,,,372890,,,,,,
,Griffith University,"170 Kessels Road, Nathan, Qld 4111",Scientific Equipment,24/11/2022,15400,Thermo Fisher Scientific Australia,"Scoresby, Vic",No,No,,,,,,,,,372877,,,,,,
,Griffith University,"170 Kessels Road, Nathan, Qld 4111",Building Construction & Maintenance,24/11/2022,21450,Turner & Townsend Pty Ltd,"Brisbane, Qld",No,No,,,,,,,,,372895,,,,,,
,Griffith University,"170 Kessels Road, Nathan, Qld 4111",Printing Expenses,24/11/2022,15895,Unicard Systems Pty Ltd,"St Leonards, Nsw",No,No,,,,,,,,,372874,,,,,,
,Griffith University,"170 Kessels Road, Nathan, Qld 4111",Software Support Maintenance,24/11/2022,31944,Vuram Australia Pty Ltd,"Brisbane, Qld",No,No,,,,,,,,,372902,,,,,,
,Griffith University,"170 Kessels Road, Nathan, Qld 4111",Cleaning Services,24/11/2022,14872,Wahoon Cleaning Pty Ltd,"St Lucia, Qld",No,No,,,,,,,,,372889,,,,,,
,Griffith University,"170 Kessels Road, Nathan, Qld 4111",Building Construction & Maintenance,24/11/2022,21450,Turner & Townsend Pty Ltd,"Brisbane, Qld",No,No,,,,,,,,,372895,,,,,,
,Griffith University,"170 Kessels Road, Nathan, Qld 4111",Printing Expenses,24/11/2022,15895,Unicard Systems Pty Ltd,"St Leonards, Nsw",No,No,,,,,,,,,372874,,,,,,
,Griffith University,"170 Kessels Road, Nathan, Qld 4111",Software Support Maintenance,24/11/2022,31944,Vuram Australia Pty Ltd,"Brisbane, Qld",No,No,,,,,,,,,372902,,,,,,
,Griffith University,"170 Kessels Road, Nathan, Qld 4111",Cleaning Services,24/11/2022,14872,Wahoon Cleaning Pty Ltd,"St Lucia, Qld",No,No,,,,,,,,,372889,,,,,,
,Griffith University,"170 Kessels Road, Nathan, Qld 4111",Subscription/Licence Fees Software,25/11/2022,17619,Bmt Wbm Pty Ltd,"Spring Hill, Qld",No,No,,,,,,,,,372940,,,,,,
,Griffith University,"170 Kessels Road, Nathan, Qld 4111",Scientific Equipment,25/11/2022,77000,Brightside Scientific Pty Ltd,"Tuggerah, Nsw",No,No,,,,,,,,,372934,,,,,,
,Griffith University,"170 Kessels Road, Nathan, Qld 4111",Audio Visual Equipment,25/11/2022,30870,Bsg Brisbane Sound Group,"Northgate, Qld",No,No,,,,,,,,,372969,,,,,,
,Griffith University,"170 Kessels Road, Nathan, Qld 4111",Subscription/Licence Fees Software,25/11/2022,54602,Dropbox International Unlimited Company,"Greenslopes, Qld",No,No,,,,,,,,,372939,,,,,,
,Griffith University,"170 Kessels Road, Nathan, Qld 4111",Printing Expenses,25/11/2022,16665,Hague Australia,"Dandenong, VIC",No,No,,,,,,,,,1988496,,,,,,
,Griffith University,"170 Kessels Road, Nathan, Qld 4111",Scientific Equipment,25/11/2022,10945,Ict International Pty Ltd,"Parrearra, Qld",No,No,,,,,,,,,372951,,,,,,
,Griffith University,"170 Kessels Road, Nathan, Qld 4111",Building Construction & Maintenance,25/11/2022,16280,Lightbox Architecture &Interiors Pty Ltd,"Keperra, Qld",No,No,,,,,,,,,372960,,,,,,
,Griffith University,"170 Kessels Road, Nathan, Qld 4111",Reference Materials,25/11/2022,36880,Myjove Australia Inc,USA,No,No,,,,,,,,,1990500,,,,,,
,Griffith University,"170 Kessels Road, Nathan, Qld 4111",Reference Materials,25/11/2022,452878,Ovid Technologies Inc.,USA,No,No,,,,,,,,,1986743,,,,,,
,Griffith University,"170 Kessels Road, Nathan, Qld 4111",Consultancy Services,25/11/2022,10000,Paul Edward Prass,Vic,No,No,,,,,,,,,372943,,,,,,
,Griffith University,"170 Kessels Road, Nathan, Qld 4111",Recruitment/Placement Fees,25/11/2022,49500,Robinson Fitzgerald Pty Ltd,"Greenslopes, Qld",No,No,,,,,,,,,372938,,,,,,
,Griffith University,"170 Kessels Road, Nathan, Qld 4111",Building Construction & Maintenance,25/11/2022,21544,Sports Turf Operations Pty Ltd,"Tamborine, Qld",No,No,,,,,,,,,372963,,,,,,
,Griffith University,"170 Kessels Road, Nathan, Qld 4111",Scientific Equipment,25/11/2022,16407,Thermo Fisher Scientific Australia,"Scoresby, Vic",No,No,,,,,,,,,372935,,,,,,
,Griffith University,"170 Kessels Road, Nathan, Qld 4111",Scientific Equipment,25/11/2022,11000,Thermo Fisher Scientific Australia,"Scoresby, Vic",No,No,,,,,,,,,372942,,,,,,
,Griffith University,"170 Kessels Road, Nathan, Qld 4111",Laboratory Consumables,26/11/2022,17952,Biotools Pty Ltd,"Keperra, Qld",No,No,,,,,,,,,372991,,,,,,
,Griffith University,"170 Kessels Road, Nathan, Qld 4111",Consultancy Services,26/11/2022,21450,Phoenix Resilience Pty Ltd,"Southport, Qld",No,No,,,,,,,,,372995,,,,,,
,Griffith University,"170 Kessels Road, Nathan, Qld 4111",Legal Fees,26/11/2022,16102,Southern Cross University,"Lismore, NSW",No,No,,,,,,,,,1987030,,,,,,
,Griffith University,"170 Kessels Road, Nathan, Qld 4111",Reference Materials,27/11/2022,21765,Council Of Aust. University Librarians,"Deakin, ACT",No,No,,,,,,,,,1987057,,,,,,
,Griffith University,"170 Kessels Road, Nathan, Qld 4111",Reference Materials,27/11/2022,41521,Council Of Aust. University Librarians,"Deakin, ACT",No,No,,,,,,,,,1987144,,,,,,
,Griffith University,"170 Kessels Road, Nathan, Qld 4111",Reference Materials,27/11/2022,17679,Council Of Aust. University Librarians,"Deakin, ACT",No,No,,,,,,,,,1987263,,,,,,
,Griffith University,"170 Kessels Road, Nathan, Qld 4111",Reference Materials,27/11/2022,27302,Council Of Aust. University Librarians,"Deakin, ACT",No,No,,,,,,,,,1987264,,,,,,
,Griffith University,"170 Kessels Road, Nathan, Qld 4111",Reference Materials,27/11/2022,70573,Council Of Aust. University Librarians,"Deakin, ACT",No,No,,,,,,,,,1987417,,,,,,
,Griffith University,"170 Kessels Road, Nathan, Qld 4111",Consultancy Services,27/11/2022,191114,International Sos (Anz) Pty Ltd,"Macquarie Park, NSW",No,No,,,,,,,,,1988727,,,,,,
,Griffith University,"170 Kessels Road, Nathan, Qld 4111",Reference Materials,27/11/2022,20779,Springer Customer Service Centre Gmbh,"Heidelberg, Germany",No,No,,,,,,,,,1987421,,,,,,
,Griffith University,"170 Kessels Road, Nathan, Qld 4111",Reference Materials,27/11/2022,13338,Springer Customer Service Centre Gmbh,"Heidelberg, Germany",No,No,,,,,,,,,1987423,,,,,,
,Griffith University,"170 Kessels Road, Nathan, Qld 4111",Reference Materials,27/11/2022,27539,Springer Customer Service Centre Gmbh,"Heidelberg, Germany",No,No,,,,,,,,,1987424,,,,,,
,Griffith University,"170 Kessels Road, Nathan, Qld 4111",Reference Materials,27/11/2022,25806,Springer Customer Service Centre Gmbh,"Heidelberg, Germany",No,No,,,,,,,,,1987425,,,,,,
,Griffith University,"170 Kessels Road, Nathan, Qld 4111",Reference Materials,27/11/2022,11560,Springer Customer Service Centre Gmbh,"Heidelberg, Germany",No,No,,,,,,,,,1987426,,,,,,
,Griffith University,"170 Kessels Road, Nathan, Qld 4111",Event Expenditure,27/11/2022,13727,The Ship Inn,"Brisbane, Qld",No,No,,,,,,,,,1988538,,,,,,
,Griffith University,"170 Kessels Road, Nathan, Qld 4111",Pathology Expenditure,28/11/2022,12078,Australian Genome Research Facility Ltd,"St Lucia, Qld",No,No,,,,,,,,,373003,,,,,,
,Griffith University,"170 Kessels Road, Nathan, Qld 4111",Chemical/Biological Products,28/11/2022,113559,Bio-Strategy Pty Limited,"Campbellfield, Vic",No,No,,,,,,,,,373051,,,,,,
,Griffith University,"170 Kessels Road, Nathan, Qld 4111",Laboratory Consumables,28/11/2022,11275,Biotools Pty Ltd,"Keperra, Qld",No,No,,,,,,,,,373029,,,,,,
,Griffith University,"170 Kessels Road, Nathan, Qld 4111",External Course Delivery,28/11/2022,25723,Brendan Francis Mullen,Qld,No,No,,,,,,,,,1990415,,,,,,
,Griffith University,"170 Kessels Road, Nathan, Qld 4111",Building Construction & Maintenance,28/11/2022,17499,Diligent Fire Pty Ltd,"Albion, Qld",No,No,,,,,,,,,373039,,,,,,
,Griffith University,"170 Kessels Road, Nathan, Qld 4111",Building Construction & Maintenance,28/11/2022,20084,Diligent Fire Pty Ltd,"Albion, Qld",No,No,,,,,,,,,373040,,,,,,
,Griffith University,"170 Kessels Road, Nathan, Qld 4111",Equipment Purchase,28/11/2022,10999,Enlake,"St Lucia, Qld",No,No,,,,,,,,,373012,,,,,,
,Griffith University,"170 Kessels Road, Nathan, Qld 4111",Consultancy Services,28/11/2022,35200,Evie'S Editing Services,Qld,No,No,,,,,,,,,373038,,,,,,
,Griffith University,"170 Kessels Road, Nathan, Qld 4111",Consultancy Services,28/11/2022,35200,Impact Communication,"Keperra, Qld",No,No,,,,,,,,,373035,,,,,,
,Griffith University,"170 Kessels Road, Nathan, Qld 4111",Consultancy Services,28/11/2022,48000,Maureen Butler Wordcraft,Qld,No,No,,,,,,,,,373036,,,,,,
,Griffith University,"170 Kessels Road, Nathan, Qld 4111",Consultancy Services,28/11/2022,61325,Pharmalex Pty Ltd,Germany,No,No,,,,,,,,,373047,,,,,,
,Griffith University,"170 Kessels Road, Nathan, Qld 4111",Consultancy Services,28/11/2022,58139,Polyquant Gmbh,"Albion, Qld",No,No,,,,,,,,,373041,,,,,,
,Griffith University,"170 Kessels Road, Nathan, Qld 4111",Subscription/Licence Fees Software,28/11/2022,9095453,Servicenow Australia Pty Ltd,"Temora, Nsw",No,Yes,Limited,b - (iii) The absence of competition for technical reasons which can only be supplied by a particular supplier and no reasonable alternative exists,,,,,,,373014,,,,,,
,Griffith University,"170 Kessels Road, Nathan, Qld 4111",Consultancy Services,28/11/2022,10000,Tailored Editing Services,"Kedron, Qld",No,No,,,,,,,,,373037,,,,,,
,Griffith University,"170 Kessels Road, Nathan, Qld 4111",Legal Fees,29/11/2022,38500,D Carrigan & Clyde & Co (Australia) Llp,"Brisbane, Qld",No,No,,,,,,,,,373094,,,,,,
,Griffith University,"170 Kessels Road, Nathan, Qld 4111",Event Expenditure,29/11/2022,38500,Hilton Hotels Of Australia Pty Ltd,"North Sydney, Nsw",No,No,,,,,,,,,373087,,,,,,
,Griffith University,"170 Kessels Road, Nathan, Qld 4111",Reference Materials,29/11/2022,11735,John Wiley & Sons Australia Ltd,"Milton, Qld",No,No,,,,,,,,,1991066,,,,,,
,Griffith University,"170 Kessels Road, Nathan, Qld 4111",Commission Payment,29/11/2022,1413714,Open Universities Australia,"Melbourne, Vic",No,Yes,Limited,b - (iii) The absence of competition for technical reasons which can only be supplied by a particular supplier and no reasonable alternative exists,,,,,,,1989204,,,,,,
,Griffith University,"170 Kessels Road, Nathan, Qld 4111",Building Construction & Maintenance,29/11/2022,36916,Premis Solutions Pty Ltd,"Toowong, Qld",Yes,No,,,,,,,,,373096,,,,,,
,Griffith University,"170 Kessels Road, Nathan, Qld 4111",Marketing Fees,29/11/2022,84040,Trinity P3 Pty Ltd,"North Sydney, Nsw",No,No,,,,,,,,,373086,,,,,,
,Griffith University,"170 Kessels Road, Nathan, Qld 4111",Memberships/Subscriptions,30/11/2022,24750,Ainse Ltd,"Labrador, Qld",No,No,,,,,,,,,373180,,,,,,
,Griffith University,"170 Kessels Road, Nathan, Qld 4111",Health & Safety Expenses,30/11/2022,12096,Benestar Group Pty Ltd,"Sydney, Nsw",No,No,,,,,,,,,1987528,,,,,,
,Griffith University,"170 Kessels Road, Nathan, Qld 4111",Reference Materials,30/11/2022,28325,Council Of Aust. University Librarians,"Deakin, ACT",No,No,,,,,,,,,1987271,,,,,,
,Griffith University,"170 Kessels Road, Nathan, Qld 4111",Reference Materials,30/11/2022,48678,Council Of Aust. University Librarians,"Deakin, ACT",No,No,,,,,,,,,1989313,,,,,,
,Griffith University,"170 Kessels Road, Nathan, Qld 4111",Reference Materials,30/11/2022,10649,Council Of Aust. University Librarians,"Deakin, ACT",No,No,,,,,,,,,1989531,,,,,,
,Griffith University,"170 Kessels Road, Nathan, Qld 4111",Reference Materials,30/11/2022,20283,Council Of Aust. University Librarians,"Deakin, ACT",No,No,,,,,,,,,1990049,,,,,,
,Griffith University,"170 Kessels Road, Nathan, Qld 4111",Equipment Maintenance,30/11/2022,12400,Elite Test & Tag Brisbane South,"Holland Park West, Qld",No,No,,,,,,,,,373147,,,,,,
,Griffith University,"170 Kessels Road, Nathan, Qld 4111",Subscription/Licence Fees Software,30/11/2022,30679,Icognition Pty Ltd,"Holland Park, Qld",No,No,,,,,,,,,373150,,,,,,
,Griffith University,"170 Kessels Road, Nathan, Qld 4111",Scientific Equipment,30/11/2022,246600,Miltenyi Biotec Australia Pty Ltd,"North Ryde, Nsw",Yes,No,,,,,,,,,373163,,,,,,
,Griffith University,"170 Kessels Road, Nathan, Qld 4111",Consultancy Services,30/11/2022,186052,Msc Global Consulting Pte Ltd,"Canberra, Act",No,No,,,,,,,,,373151,,,,,,
,Griffith University,"170 Kessels Road, Nathan, Qld 4111",Consultancy Services,30/11/2022,10000,Nola Joyce Turner-Jensen,Qld,No,No,,,,,,,,,373172,,,,,,
,Griffith University,"170 Kessels Road, Nathan, Qld 4111",Subscription/Licence Fees Software,30/11/2022,19300,Open Policy Ltd,"Kirrawee, Nsw",No,No,,,,,,,,,373181,,,,,,
,Griffith University,"170 Kessels Road, Nathan, Qld 4111",Chemical/Biological Products,30/11/2022,10444,Qiagen Pty Ltd,"Chadstone, Vic",No,No,,,,,,,,,373155,,,,,,
,Griffith University,"170 Kessels Road, Nathan, Qld 4111",Event Expenditure,30/11/2022,68000,Racv Royal Pines Resort,"Gold Coast, Qld",No,No,,,,,,,,,1991560 2015330,,,,,,
,Griffith University,"170 Kessels Road, Nathan, Qld 4111",Reference Materials,30/11/2022,30264,Royal Pharmaceutical Society Of Gb,UK,No,No,,,,,,,,,1986583,,,,,,
,Griffith University,"170 Kessels Road, Nathan, Qld 4111",Pathology Expenditure,1/12/2022,19459,Australian Genome Research Facility Ltd,"St Lucia, Qld",No,No,,,,,,,,,373234,,,,,,
,Griffith University,"170 Kessels Road, Nathan, Qld 4111",Pathology Expenditure,1/12/2022,23931,Australian Genome Research Facility Ltd,"St Lucia, Qld",No,No,,,,,,,,,373240,,,,,,
,Griffith University,"170 Kessels Road, Nathan, Qld 4111",Reference Materials,1/12/2022,31304,Australian Medicines Handbook Pty Ltd,"Adelaide, SA",No,No,,,,,,,,,1987427,,,,,,
,Griffith University,"170 Kessels Road, Nathan, Qld 4111",Laboratory Consumables,1/12/2022,63039,Biotools Pty Ltd,"Keperra, Qld",No,No,,,,,,,,,373250,,,,,,
,Griffith University,"170 Kessels Road, Nathan, Qld 4111",Consultancy Services,1/12/2022,139362,Corroboree Talent,"Fyshwick, Act",Yes,No,,,,,,,,,PR483567,,,,,,
,Griffith University,"170 Kessels Road, Nathan, Qld 4111",Reference Materials,1/12/2022,17638,Council Of Aust. University Librarians,"Deakin, ACT",No,No,,,,,,,,,1989314,,,,,,
,Griffith University,"170 Kessels Road, Nathan, Qld 4111",Memberships/Subscriptions,1/12/2022,30549,Data Warehouse Pty Ltd,"Macquarie University, Nsw",No,No,,,,,,,,,373244,,,,,,
,Griffith University,"170 Kessels Road, Nathan, Qld 4111",Consultancy Services,1/12/2022,17545,Econisis Pty Ltd,"South Ripley, Qld",Yes,No,,,,,,,,,373260,,,,,,
,Griffith University,"170 Kessels Road, Nathan, Qld 4111",Software,1/12/2022,23794,Fluentpro Software Corporation,"Redmond, Wa",No,No,,,,,,,,,373227,,,,,,
,Griffith University,"170 Kessels Road, Nathan, Qld 4111",Consultancy Services,1/12/2022,18700,Henry Reed,Qld,No,No,,,,,,,,,1987409,,,,,,
,Griffith University,"170 Kessels Road, Nathan, Qld 4111",Marketing Fees,1/12/2022,20570,Idp Education Pty Ltd,"Melbourne, Vic",No,No,,,,,,,,,1991785,,,,,,
,Griffith University,"170 Kessels Road, Nathan, Qld 4111",Conference Expenses,1/12/2022,13209,Joanne Curry,Canada,No,No,,,,,,,,,1991778,,,,,,
,Griffith University,"170 Kessels Road, Nathan, Qld 4111",Consultancy Services,1/12/2022,10626,O'Connor Marsden & Associates,"Sydney, Nsw",No,No,,,,,,,,,373254,,,,,,
,Griffith University,"170 Kessels Road, Nathan, Qld 4111",Software,1/12/2022,112786,Oracle Corporation Australia Pty Ltd,"Sydney, Nsw",No,No,,,,,,,,,373225,,,,,,
,Griffith University,"170 Kessels Road, Nathan, Qld 4111",Audio Visual Equipment,2/12/2022,13426,Allied Technologies Australia Pty Ltd,"Newstead, Qld",No,No,,,,,,,,,373326,,,,,,
,Griffith University,"170 Kessels Road, Nathan, Qld 4111",Consultancy Services,2/12/2022,13001,Anthony Kiem,Nsw,No,No,,,,,,,,,1987087,,,,,,
,Griffith University,"170 Kessels Road, Nathan, Qld 4111",Pathology Expenditure,2/12/2022,97680,Bgi Health (Au) Company Pty Ltd,"Herston, Qld",No,No,,,,,,,,,373282,,,,,,
,Griffith University,"170 Kessels Road, Nathan, Qld 4111",Scientific Equipment,2/12/2022,10230,Bio-Strategy Pty Limited,"Campbellfield, Vic",No,No,,,,,,,,,373304,,,,,,
,Griffith University,"170 Kessels Road, Nathan, Qld 4111",Consultancy Services,2/12/2022,15400,Constellation Impact Advisory Pty Ltd,"Newmarket, Qld",No,No,,,,,,,,,1987747,,,,,,
,Griffith University,"170 Kessels Road, Nathan, Qld 4111",Scientific Equipment,2/12/2022,13579,Core Electronics Pty Ltd,"Adamstown, Nsw",No,No,,,,,,,,,373303,,,,,,
,Griffith University,"170 Kessels Road, Nathan, Qld 4111",Reference Materials,2/12/2022,32447,Council Of Aust. University Librarians,"Deakin, ACT",No,No,,,,,,,,,1989098,,,,,,
,Griffith University,"170 Kessels Road, Nathan, Qld 4111",Reference Materials,2/12/2022,147413,Elsevier Inc.,USA,No,No,,,,,,,,,GU-1304,,,,,,
,Griffith University,"170 Kessels Road, Nathan, Qld 4111",Software,2/12/2022,19107,Intraware Australia Pty Ltd,"North Sydney, Nsw",No,No,,,,,,,,,373319,,,,,,
,Griffith University,"170 Kessels Road, Nathan, Qld 4111",Equipment Maintenance,2/12/2022,20522,Merck Pty Ltd,"Bayswater, Vic",No,No,,,,,,,,,373340,,,,,,
,Griffith University,"170 Kessels Road, Nathan, Qld 4111",Security Services,2/12/2022,11248,Security & Technology Services (Sq) P/L,"Tingalpa, Qld",No,No,,,,,,,,,373261,,,,,,
,Griffith University,"170 Kessels Road, Nathan, Qld 4111",Software,2/12/2022,65794,Vald Performance (Aust) Pty Ltd,"Newstead, Qld",No,No,,,,,,,,,373318,,,,,,
,Griffith University,"170 Kessels Road, Nathan, Qld 4111",Software,2/12/2022,65794,Vald Performance (Aust) Pty Ltd,"Newstead, Qld",No,No,,,,,,,,,373318,,,,,,
,Griffith University,"170 Kessels Road, Nathan, Qld 4111",Reference Materials,3/12/2022,14976,American Society For Microbiology,USA,No,No,,,,,,,,,1988555,,,,,,
,Griffith University,"170 Kessels Road, Nathan, Qld 4111",Building Construction & Maintenance,3/12/2022,239192,Arnold Electrical & Data Installations P,"Salisbury, Qld",No,No,,,,,,,,,373374,,,,,,
,Griffith University,"170 Kessels Road, Nathan, Qld 4111",Reference Materials,3/12/2022,20069,Igroup (Australasia) Pty Ltd,"Melbourne, Vic",No,No,,,,,,,,,1987429,,,,,,
,Griffith University,"170 Kessels Road, Nathan, Qld 4111",Reference Materials,4/12/2022,18526,Ebsco International Inc,"North Sydney, Nsw",No,No,,,,,,,,,1990017,,,,,,
,Griffith University,"170 Kessels Road, Nathan, Qld 4111",Laboratory Consumables,5/12/2022,12760,Additive Australia Pty Ltd,"Torquay, Vic",No,No,,,,,,,,,373458,,,,,,
,Griffith University,"170 Kessels Road, Nathan, Qld 4111",Laboratory Consumables,5/12/2022,11000,Adec Australia,"Mascot, Nsw",No,No,,,,,,,,,373412,,,,,,
,Griffith University,"170 Kessels Road, Nathan, Qld 4111",Building Construction & Maintenance,5/12/2022,22906,Airmaster Corporation Pty Ltd,"Mansfield, Qld",No,No,,,,,,,,,373450,,,,,,
,Griffith University,"170 Kessels Road, Nathan, Qld 4111",Building Construction & Maintenance,5/12/2022,23293,Airmaster Corporation Pty Ltd,"Mansfield, Qld",No,No,,,,,,,,,373451,,,,,,
,Griffith University,"170 Kessels Road, Nathan, Qld 4111",Laboratory Consumables,5/12/2022,11000,Clifford Hallam Healthcare Pty Ltd,"Riverwood, Nsw",No,No,,,,,,,,,373415,,,,,,
,Griffith University,"170 Kessels Road, Nathan, Qld 4111",Marketing Fees,5/12/2022,20625,Colour Chiefs Pty Ltd,"Windsor, Qld",No,No,,,,,,,,,373452,,,,,,
,Griffith University,"170 Kessels Road, Nathan, Qld 4111",Laboratory Consumables,5/12/2022,19250,Dentaurum Australia Pty Ltd,"Mortlake, Nsw",No,No,,,,,,,,,373385,,,,,,
,Griffith University,"170 Kessels Road, Nathan, Qld 4111",Building Construction & Maintenance,5/12/2022,111870,Henry Schein Regional Trust,"South Brisbane, Qld",No,No,,,,,,,,,373466,,,,,,
,Griffith University,"170 Kessels Road, Nathan, Qld 4111",Event Expenditure,5/12/2022,48400,Hilton Hotels Of Australia Pty Ltd,"Brisbane, Qld",No,No,,,,,,,,,373378,,,,,,
,Griffith University,"170 Kessels Road, Nathan, Qld 4111",Audio Visual Equipment,5/12/2022,18480,Luminous A/V & Electrical Pty Ltd,"Toowong, Qld",No,No,,,,,,,,,373439,,,,,,
,Griffith University,"170 Kessels Road, Nathan, Qld 4111",Relocation Services,5/12/2022,14955,M & T Resources Pty Ltd,"Brisbane, Qld",No,No,,,,,,,,,1992227,,,,,,
,Griffith University,"170 Kessels Road, Nathan, Qld 4111",Laboratory Consumables,5/12/2022,11000,Pacific Dental Specialties Pty Ltd,"Burleigh Heads, Qld",No,No,,,,,,,,,373418,,,,,,
,Griffith University,"170 Kessels Road, Nathan, Qld 4111",Software,5/12/2022,36582,Refinitiv Australia Pty Limited,"Sydney, Nsw",No,No,,,,,,,,,PR483562,,,,,,
,Griffith University,"170 Kessels Road, Nathan, Qld 4111",Equipment Maintenance,5/12/2022,10313,Roger Brandon Technical Services,Qld,No,No,,,,,,,,,373389,,,,,,
,Griffith University,"170 Kessels Road, Nathan, Qld 4111",Laboratory Consumables,5/12/2022,49500,Sdi Limited,"Victoria, Vic",No,No,,,,,,,,,373421,,,,,,
,Griffith University,"170 Kessels Road, Nathan, Qld 4111",Scientific Equipment,5/12/2022,68302,Trendbio Pty Ltd,"Preston, Vic",No,No,,,,,,,,,373394,,,,,,
,Griffith University,"170 Kessels Road, Nathan, Qld 4111",Marketing Fees,5/12/2022,113273,Trinity P3 Pty Ltd,"North Sydney, Nsw",No,No,,,,,,,,,373449,,,,,,
,Griffith University,"170 Kessels Road, Nathan, Qld 4111",Laboratory Consumables,5/12/2022,38500,Ultimate Dental Supply (Aust) Pty Ltd,"Moorabbin, Vic",No,No,,,,,,,,,373424,,,,,,
,Griffith University,"170 Kessels Road, Nathan, Qld 4111",Memberships/Subscriptions,5/12/2022,12550,University Of Western Australia,"Nedlands, Wa",No,No,,,,,,,,,1991116,,,,,,
,Griffith University,"170 Kessels Road, Nathan, Qld 4111",Laboratory Consumables,5/12/2022,16500,W & H Australasia Pty Limited,"Belrose, Nsw",No,No,,,,,,,,,373425,,,,,,
,Griffith University,"170 Kessels Road, Nathan, Qld 4111",Laboratory Consumables,5/12/2022,49500,Whiteley Corporation Pty Ltd,"Tomago, Nsw",No,No,,,,,,,,,373426,,,,,,
,Griffith University,"170 Kessels Road, Nathan, Qld 4111",Laboratory Consumables,5/12/2022,159500,Xcellent Dental World,"Blackburn, Vic",No,No,,,,,,,,,373427,,,,,,
,Griffith University,"170 Kessels Road, Nathan, Qld 4111",Laboratory Consumables,5/12/2022,38500,Ultimate Dental Supply (Aust) Pty Ltd,"Moorabbin, Vic",No,No,,,,,,,,,373424,,,,,,
,Griffith University,"170 Kessels Road, Nathan, Qld 4111",Memberships/Subscriptions,5/12/2022,12550,University Of Western Australia,"Nedlands, Wa",No,No,,,,,,,,,1991116,,,,,,
,Griffith University,"170 Kessels Road, Nathan, Qld 4111",Laboratory Consumables,5/12/2022,16500,W & H Australasia Pty Limited,"Belrose, Nsw",No,No,,,,,,,,,373425,,,,,,
,Griffith University,"170 Kessels Road, Nathan, Qld 4111",Laboratory Consumables,5/12/2022,49500,Whiteley Corporation Pty Ltd,"Tomago, Nsw",No,No,,,,,,,,,373426,,,,,,
,Griffith University,"170 Kessels Road, Nathan, Qld 4111",Laboratory Consumables,5/12/2022,159500,Xcellent Dental World,"Blackburn, Vic",No,No,,,,,,,,,373427,,,,,,
,Griffith University,"170 Kessels Road, Nathan, Qld 4111",Building Construction & Maintenance,6/12/2022,20559,Amalgamated Property Maint. Brisbane P/L,"Rochedale South, Qld",No,No,,,,,,,,,373482,,,,,,
,Griffith University,"170 Kessels Road, Nathan, Qld 4111",Pathology Expenditure,6/12/2022,19459,Australian Genome Research Facility Ltd,"St Lucia, Qld",No,No,,,,,,,,,373500,,,,,,
,Griffith University,"170 Kessels Road, Nathan, Qld 4111",Laboratory Consumables,6/12/2022,159500,Critical Dental Pty Ltd,"Baulkham Hills, Nsw",No,No,,,,,,,,,373490,,,,,,
,Griffith University,"170 Kessels Road, Nathan, Qld 4111",Consultancy Services,6/12/2022,10729,Davidson Technology (Aust) Pty Ltd,"Brisbane, Qld",No,No,,,,,,,,,373520,,,,,,
,Griffith University,"170 Kessels Road, Nathan, Qld 4111",Consultancy Services,6/12/2022,16500,Denise Margaret Hatzis,Qld,No,No,,,,,,,,,373484,,,,,,
,Griffith University,"170 Kessels Road, Nathan, Qld 4111",Building Construction & Maintenance,6/12/2022,12672,Diligent Fire Pty Ltd,"Albion, Qld",No,No,,,,,,,,,373517,,,,,,
,Griffith University,"170 Kessels Road, Nathan, Qld 4111",Building Construction & Maintenance,6/12/2022,24651,Diligent Fire Pty Ltd,"Albion, Qld",No,No,,,,,,,,,373518,,,,,,
,Griffith University,"170 Kessels Road, Nathan, Qld 4111",Memberships/Subscriptions,6/12/2022,22000,Higher Ed Services Pty Ltd,"Sydney, Nsw",No,No,,,,,,,,,373471,,,,,,
,Griffith University,"170 Kessels Road, Nathan, Qld 4111",Software Support Maintenance,6/12/2022,22974,Higher Ed Services Pty Ltd,"Sydney, Nsw",No,No,,,,,,,,,373489,,,,,,
,Griffith University,"170 Kessels Road, Nathan, Qld 4111",Equipment Purchase,6/12/2022,52617,Icool (Australia) Pty Ltd,"Burleigh Heads, Qld",No,No,,,,,,,,,373536,,,,,,
,Griffith University,"170 Kessels Road, Nathan, Qld 4111",IT Equipment,6/12/2022,26809,Jb Hi Fi Group Pty Ltd,"Macgregor, Qld",No,No,,,,,,,,,373538,,,,,,
,Griffith University,"170 Kessels Road, Nathan, Qld 4111",IT Equipment,6/12/2022,11598,Jb Hi Fi Group Pty Ltd,"Macgregor, Qld",No,No,,,,,,,,,373541,,,,,,
,Griffith University,"170 Kessels Road, Nathan, Qld 4111",Laboratory Consumables,6/12/2022,137500,Kerr Australia Pty Ltd,"Lane Cove West, Nsw",No,No,,,,,,,,,373491,,,,,,
,Griffith University,"170 Kessels Road, Nathan, Qld 4111",Scientific Equipment,6/12/2022,15944,Sure Power,"East Brisbane, Qld",No,No,,,,,,,,,373532,,,,,,
,Griffith University,"170 Kessels Road, Nathan, Qld 4111",Computer Equipment,6/12/2022,27661,The School Locker,"Yeronga, Qld",No,No,,,,,,,,,373483,,,,,,
,Griffith University,"170 Kessels Road, Nathan, Qld 4111",Consultancy Services,6/12/2022,110000,Victor & Flo,"Wavell Heights North, Qld",No,No,,,,,,,,,373513,,,,,,
,Griffith University,"170 Kessels Road, Nathan, Qld 4111",Laboratory Consumables,6/12/2022,467500,W 9 Pty Ltd,"Hornsby, Nsw",No,No,,,,,,,,,373492,,,,,,
,Griffith University,"170 Kessels Road, Nathan, Qld 4111",Consultancy Services,6/12/2022,110000,Victor & Flo,"Wavell Heights North, Qld",No,No,,,,,,,,,373513,,,,,,
,Griffith University,"170 Kessels Road, Nathan, Qld 4111",Laboratory Consumables,6/12/2022,467500,W 9 Pty Ltd,"Hornsby, Nsw",No,No,,,,,,,,,373492,,,,,,
,Griffith University,"170 Kessels Road, Nathan, Qld 4111",Laboratory Consumables,7/12/2022,44000,3M Australia Pty Ltd,"North Ryde, Nsw",No,No,,,,,,,,,373583,,,,,,
,Griffith University,"170 Kessels Road, Nathan, Qld 4111",Laboratory Consumables,7/12/2022,104500,A.R. Medicom (Australia) Pty Ltd,"Moorebank, Nsw",No,No,,,,,,,,,373591,,,,,,
,Griffith University,"170 Kessels Road, Nathan, Qld 4111",Laboratory Consumables,7/12/2022,49500,Alpha Protective Technologies Pty Ltd,"North Wollongong, Nsw",No,No,,,,,,,,,373584,,,,,,
,Griffith University,"170 Kessels Road, Nathan, Qld 4111",Laboratory Consumables,7/12/2022,82500,Alphabond Dental Pty Ltd,"Willoughby, Nsw",No,No,,,,,,,,,373585,,,,,,
,Griffith University,"170 Kessels Road, Nathan, Qld 4111",Laboratory Consumables,7/12/2022,49500,Ansell Healthcare,"Melbourne, Vic",No,No,,,,,,,,,373586,,,,,,
,Griffith University,"170 Kessels Road, Nathan, Qld 4111",Laboratory Consumables,7/12/2022,33000,Aqua Terra Oil And Mineral Service And S,"Eagle Farm, Qld",No,No,,,,,,,,,373587,,,,,,
,Griffith University,"170 Kessels Road, Nathan, Qld 4111",Laboratory Consumables,7/12/2022,38500,Erskine Products Pty. Ltd.,"Macksville, Nsw",No,No,,,,,,,,,373589,,,,,,
,Griffith University,"170 Kessels Road, Nathan, Qld 4111",Reference Materials,7/12/2022,31743,Euromonitor International Ltd.,"London, Uk",No,No,,,,,,,,,1989096,,,,,,
,Griffith University,"170 Kessels Road, Nathan, Qld 4111",Laboratory Consumables,7/12/2022,82500,Geistlich Pharma Australia Pty Ltd,"Chatswood, Nsw",No,No,,,,,,,,,373590,,,,,,
,Griffith University,"170 Kessels Road, Nathan, Qld 4111",Laboratory Consumables,7/12/2022,27500,Getinge Australia Pty Ltd,"Bulimba, Qld",No,No,,,,,,,,,373596,,,,,,
,Griffith University,"170 Kessels Road, Nathan, Qld 4111",Scientific Equipment,7/12/2022,708023,Getinge Australia Pty Ltd,"Bulimba, Qld",No,No,Limited,"i - Strictly necessary for reasons of extreme urgency brought about by events unforeseeable by the procuring entity, the good or service could not be obtained in time by means of open or selective tendering",,,,,,,373612,,,,,,
,Griffith University,"170 Kessels Road, Nathan, Qld 4111",Laboratory Consumables,7/12/2022,33000,Impulsedent Australia,"Buccan, Qld",No,No,,,,,,,,,373594,,,,,,
,Griffith University,"170 Kessels Road, Nathan, Qld 4111",Laboratory Consumables,7/12/2022,60500,Kulzer Australia Pty Ltd,"Peakhurst, Nsw",No,No,,,,,,,,,373595,,,,,,
,Griffith University,"170 Kessels Road, Nathan, Qld 4111",Building Construction & Maintenance,7/12/2022,20180,Lightbox Architecture &Interiors Pty Ltd,"Keperra, Qld",No,No,,,,,,,,,373573,,,,,,
,Griffith University,"170 Kessels Road, Nathan, Qld 4111",Marketing Fees,7/12/2022,15950,Lovework Studio Pty Ltd,"Woody Point, Qld",No,No,,,,,,,,,373651,,,,,,
,Griffith University,"170 Kessels Road, Nathan, Qld 4111",Laboratory Consumables,7/12/2022,49500,Medi-Dent Pty Ltd,"Braeside, Vic",No,No,,,,,,,,,373592,,,,,,
,Griffith University,"170 Kessels Road, Nathan, Qld 4111",Consultancy Services,7/12/2022,31790,Modus Management Pty Ltd,"Carindale, Qld",No,No,,,,,,,,,1990007,,,,,,
,Griffith University,"170 Kessels Road, Nathan, Qld 4111",Laboratory Consumables,7/12/2022,66000,Multigate Medical Products Pty Ltd,"Wetherill Park, Nsw",No,No,,,,,,,,,373593,,,,,,
,Griffith University,"170 Kessels Road, Nathan, Qld 4111",Laboratory Consumables,7/12/2022,93500,Mun Australia Pty Ltd,"Epping, Nsw",No,No,,,,,,,,,373602,,,,,,
,Griffith University,"170 Kessels Road, Nathan, Qld 4111",Marketing Fees,7/12/2022,14145,News Pty Limited,"Surry Hills, Nsw",No,No,,,,,,,,,373643,,,,,,
,Griffith University,"170 Kessels Road, Nathan, Qld 4111",Laboratory Consumables,7/12/2022,49500,Nsk Oceania Pty Ltd,"Rosebery, Nsw",No,No,,,,,,,,,373601,,,,,,
,Griffith University,"170 Kessels Road, Nathan, Qld 4111",Laboratory Consumables,7/12/2022,93500,One Dental Pty Ltd,"Castle Hill, Nsw",No,No,,,,,,,,,373600,,,,,,
,Griffith University,"170 Kessels Road, Nathan, Qld 4111",Laboratory Consumables,7/12/2022,49500,Ozdent Dental Products Australia,"Castle Hill, Nsw",No,No,,,,,,,,,373599,,,,,,
,Griffith University,"170 Kessels Road, Nathan, Qld 4111",Reference Materials,7/12/2022,97232,"Readex, A Division Of Newsbank Inc","Chester, Vt, Usa",No,No,,,,,,,,,1989101,,,,,,
,Griffith University,"170 Kessels Road, Nathan, Qld 4111",Consultancy Services,7/12/2022,20000,Sangui Bio Pty Ltd,"St Leonards, Nsw",No,No,,,,,,,,,1993296,,,,,,
,Griffith University,"170 Kessels Road, Nathan, Qld 4111",Laboratory Consumables,7/12/2022,38500,Scancare Pty Ltd,"Varsity Lakes, Qld",No,No,,,,,,,,,373598,,,,,,
,Griffith University,"170 Kessels Road, Nathan, Qld 4111",Laboratory Consumables,7/12/2022,38500,Schulke Australia Pty Ltd,"Macquarie Park, Nsw",No,No,,,,,,,,,373597,,,,,,
,Griffith University,"170 Kessels Road, Nathan, Qld 4111",Laboratory Consumables,7/12/2022,71500,Sss Australia,"Tingalpa, Qld",No,No,,,,,,,,,373580,,,,,,
,Griffith University,"170 Kessels Road, Nathan, Qld 4111",Pathology Expenditure,7/12/2022,23485,The Trustee For Granted Group Unit Trust,"Bentleigh, Vic",No,No,,,,,,,,,373669,,,,,,
,Griffith University,"170 Kessels Road, Nathan, Qld 4111",Laboratory Consumables,7/12/2022,49500,Thermo Fisher Scientific Australia,"Scoresby, Vic",No,No,,,,,,,,,373581,,,,,,
,Griffith University,"170 Kessels Road, Nathan, Qld 4111",Equipment Maintenance,7/12/2022,33036,Threeonefive Innovations,"Labrador, Qld",No,No,,,,,,,,,373570,,,,,,
,Griffith University,"170 Kessels Road, Nathan, Qld 4111",Consultancy Services,7/12/2022,446600,Uxc Red Rock Consulting Pty Ltd,"Sydney, Nsw",No,No,,,,,,,,,373571,,,,,,
,Griffith University,"170 Kessels Road, Nathan, Qld 4111",Laboratory Consumables,7/12/2022,49500,Vital Medical Supplies,"Kingsgrove, Nsw",No,No,,,,,,,,,373588,,,,,,
,Griffith University,"170 Kessels Road, Nathan, Qld 4111",Laboratory Consumables,7/12/2022,82500,Winc Australia Pty Ltd,"Alexandria, Nsw",No,No,,,,,,,,,373582,,,,,,
,Griffith University,"170 Kessels Road, Nathan, Qld 4111",Consultancy Services,7/12/2022,446600,Uxc Red Rock Consulting Pty Ltd,"Sydney, Nsw",No,No,,,,,,,,,373571,,,,,,
,Griffith University,"170 Kessels Road, Nathan, Qld 4111",Laboratory Consumables,7/12/2022,49500,Vital Medical Supplies,"Kingsgrove, Nsw",No,No,,,,,,,,,373588,,,,,,
,Griffith University,"170 Kessels Road, Nathan, Qld 4111",Laboratory Consumables,7/12/2022,82500,Winc Australia Pty Ltd,"Alexandria, Nsw",No,No,,,,,,,,,373582,,,,,,
,Griffith University,"170 Kessels Road, Nathan, Qld 4111",Audio Visual Equipment,8/12/2022,139691,Allied Technologies Australia Pty Ltd,"Newstead, Qld",No,No,,,,,,,,,373732,,,,,,
,Griffith University,"170 Kessels Road, Nathan, Qld 4111",Accreditation Fees,8/12/2022,16500,Australian Institute Of Medical And Clin,"Milton, Qld",No,No,,,,,,,,,1989407,,,,,,
,Griffith University,"170 Kessels Road, Nathan, Qld 4111",Reference Materials,8/12/2022,85450,Cch Australia Ltd,"Sydney, Nsw",No,No,,,,,,,,,1988998,,,,,,
,Griffith University,"170 Kessels Road, Nathan, Qld 4111",Reference Materials,8/12/2022,133837,Clarivate Analytics (Uk) Limited,"London, Uk",No,No,,,,,,,,,1989001,,,,,,
,Griffith University,"170 Kessels Road, Nathan, Qld 4111",Reference Materials,8/12/2022,16892,Council Of Aust. University Librarians,"Deakin, Act",No,No,,,,,,,,,1989318,,,,,,
,Griffith University,"170 Kessels Road, Nathan, Qld 4111",Reference Materials,8/12/2022,115357,Council Of Aust. University Librarians,"Deakin, Act",No,No,,,,,,,,,1990410,,,,,,
,Griffith University,"170 Kessels Road, Nathan, Qld 4111",Laboratory Consumables,8/12/2022,467500,Dentavision Pty Ltd,"Castle Hill, Nsw",No,No,,,,,,,,,373699,,,,,,
,Griffith University,"170 Kessels Road, Nathan, Qld 4111",Equipment Maintenance,8/12/2022,17522,Emtek Furniture,"Deception Bay, Qld",No,No,,,,,,,,,373715,,,,,,
,Griffith University,"170 Kessels Road, Nathan, Qld 4111",Subscription/Licence Fees,8/12/2022,184580,Gartner Australasia Pty Limited,"Sydney, Nsw",No,No,,,,,,,,,373677,,,,,,
,Griffith University,"170 Kessels Road, Nathan, Qld 4111",Vehicle Acquisition,8/12/2022,28129,Hinterland Motors Pty. Ltd.,"Robina, Qld",No,No,,,,,,,,,373700,,,,,,
,Griffith University,"170 Kessels Road, Nathan, Qld 4111",Scientific Equipment,8/12/2022,66205,John Morris Scientific Pty Ltd,"Willoughby, Nsw",No,No,,,,,,,,,373737,,,,,,
,Griffith University,"170 Kessels Road, Nathan, Qld 4111",Commission Payment,8/12/2022,12525,Kom Consultants,"Hamilton, On, Canada",No,No,,,,,,,,,1993812,,,,,,
,Griffith University,"170 Kessels Road, Nathan, Qld 4111",Software,8/12/2022,47843,Microway,"Braeside, Vic",No,No,,,,,,,,,373710,,,,,,
,Griffith University,"170 Kessels Road, Nathan, Qld 4111",Software Support Maintenance,8/12/2022,186615,Ntt Australia Pty Ltd,"Brisbane, Qld",No,No,,,,,,,,,373711,,,,,,
,Griffith University,"170 Kessels Road, Nathan, Qld 4111",Event Expenditure,8/12/2022,18700,Patrick Togher Artists Management,"Surry Hills, Nsw",No,No,,,,,,,,,1992103,,,,,,
,Griffith University,"170 Kessels Road, Nathan, Qld 4111",Event Expenditure,8/12/2022,15200,Philip Mayers,Germany,No,No,,,,,,,,,1992136,,,,,,
,Griffith University,"170 Kessels Road, Nathan, Qld 4111",Chemical/Biological Products,8/12/2022,11594,Scientifix Pty Ltd,"Clayton, Vic",No,No,,,,,,,,,373675,,,,,,
,Griffith University,"170 Kessels Road, Nathan, Qld 4111",Laboratory Consumables,8/12/2022,45000,Single Use Dental Instruments Pty Ltd,"Kunda Park, Qld",No,No,,,,,,,,,373689,,,,,,
,Griffith University,"170 Kessels Road, Nathan, Qld 4111",Marketing Fees,8/12/2022,78540,Smart Notebooks Pty Ltd,"Lakemba, Nsw",No,No,,,,,,,,,373713,,,,,,
,Griffith University,"170 Kessels Road, Nathan, Qld 4111",Staff Development,8/12/2022,82500,Smk Social Media Knowledge,"Mount Martha, Vic",No,No,,,,,,,,,373714,,,,,,
,Griffith University,"170 Kessels Road, Nathan, Qld 4111",Chemical/Biological Products,8/12/2022,13492,Thermo Fisher Scientific Australia,"Scoresby, Vic",No,No,,,,,,,,,373680,,,,,,
,Griffith University,"170 Kessels Road, Nathan, Qld 4111",Audio Visual Equipment,8/12/2022,11000,Threeonefive Innovations,"Labrador, Qld",No,No,,,,,,,,,373703,,,,,,
,Griffith University,"170 Kessels Road, Nathan, Qld 4111",Equipment Maintenance,8/12/2022,20398,Warsash Scientific Pty Ltd,"Strawberry Hills, Nsw",No,No,,,,,,,,,1989684,,,,,,
,Griffith University,"170 Kessels Road, Nathan, Qld 4111",Equipment Maintenance,8/12/2022,20398,Warsash Scientific Pty Ltd,"Strawberry Hills, Nsw",No,No,,,,,,,,,1989684,,,,,,
,Griffith University,"170 Kessels Road, Nathan, Qld 4111",Building Construction & Maintenance,9/12/2022,13911,365 Construction Services Pty Ltd,"Morningside, Qld",No,No,,,,,,,,,373814,,,,,,
,Griffith University,"170 Kessels Road, Nathan, Qld 4111",Laboratory Consumables,9/12/2022,35901,Additive Australia Pty Ltd,"Torquay, Vic",No,No,,,,,,,,,373850,,,,,,
,Griffith University,"170 Kessels Road, Nathan, Qld 4111",Audio Visual Equipment,9/12/2022,132173,Allied Technologies Australia Pty Ltd,"Newstead, Qld",No,No,,,,,,,,,373795,,,,,,
,Griffith University,"170 Kessels Road, Nathan, Qld 4111",Audio Visual Equipment,9/12/2022,209265,Allied Technologies Australia Pty Ltd,"Newstead, Qld",No,No,,,,,,,,,373806,,,,,,
,Griffith University,"170 Kessels Road, Nathan, Qld 4111",Memberships/Subscriptions,9/12/2022,16467,Australian University Sport,"Milton, Qld",No,No,,,,,,,,,1994219,,,,,,
,Griffith University,"170 Kessels Road, Nathan, Qld 4111",Scientific Equipment,9/12/2022,510565,Beckman Coulter Australia P/L,"Gladesville, Nsw",No,No,Limited,"c - (i) Cannot be made for technical reasons such as requirements of interchangeability or interoperability with existing equipment, software, services or installations procured under the initial procurement, or due to conditions under original supplier warranties",,,,,,,373834,,,,,,
,Griffith University,"170 Kessels Road, Nathan, Qld 4111",Consultancy Services,9/12/2022,80000,Chris Elia Nova Juwita Limbong,Indonesia,No,No,,,,,,,,,373768,,,,,,
,Griffith University,"170 Kessels Road, Nathan, Qld 4111",Laboratory Consumables,9/12/2022,467500,Dentsply Sirona Pty Ltd,"Mount Waverley, Vic",No,No,,,,,,,,,373827,,,,,,
,Griffith University,"170 Kessels Road, Nathan, Qld 4111",Equipment Maintenance,9/12/2022,27977,Diligent Fire Pty Ltd,"Albion, Qld",No,No,,,,,,,,,373775,,,,,,
,Griffith University,"170 Kessels Road, Nathan, Qld 4111",Marketing Fees,9/12/2022,52250,Enhance Management Pty Ltd,"Fortitude Valley, Qld",No,No,,,,,,,,,373809,,,,,,
,Griffith University,"170 Kessels Road, Nathan, Qld 4111",Scientific Equipment,9/12/2022,124725,Global Life Sciences Solutions Australia,"Macquarie Park, Nsw",No,No,,,,,,,,,373832,,,,,,
,Griffith University,"170 Kessels Road, Nathan, Qld 4111",Laboratory Consumables,9/12/2022,467500,Henry Schein Regional Trust,"South Brisbane, Qld",No,No,,,,,,,,,373828,,,,,,
,Griffith University,"170 Kessels Road, Nathan, Qld 4111",Building Construction & Maintenance,9/12/2022,224811,In Vitro Technologies Pty Ltd,"Noble Park, Vic",Yes,No,,,,,,,,,373819 392850,,,,,,
,Griffith University,"170 Kessels Road, Nathan, Qld 4111",Building Construction & Maintenance,9/12/2022,483313,In Vitro Technologies Pty Ltd,"Noble Park, Vic",Yes,No,,,,,,,,,373820,,,,,,
,Griffith University,"170 Kessels Road, Nathan, Qld 4111",Relocation Services,9/12/2022,619393,Linkedin Singapore Pte Ltd,Singapore,No,No,Limited,b - (iii) The absence of competition for technical reasons which can only be supplied by a particular supplier and no reasonable alternative exists,,,,,,,373847,,,,,,
,Griffith University,"170 Kessels Road, Nathan, Qld 4111",Scientific Equipment,9/12/2022,11174,Logemas Pty Ltd,"Albion, Qld",No,No,,,,,,,,,373765,,,,,,
,Griffith University,"170 Kessels Road, Nathan, Qld 4111",Scientific Equipment,9/12/2022,20248,Madji Pty Ltd,"Toowong, Qld",No,No,,,,,,,,,373842,,,,,,
,Griffith University,"170 Kessels Road, Nathan, Qld 4111",Scientific Equipment,9/12/2022,32775,Miltenyi Biotec Australia Pty Ltd,"North Ryde, Nsw",Yes,No,,,,,,,,,373831,,,,,,
,Griffith University,"170 Kessels Road, Nathan, Qld 4111",Building Construction & Maintenance,9/12/2022,10286,Mirage Doors (Aust) Pty Ltd,"Crestmead, Qld",No,No,,,,,,,,,373818,,,,,,
,Griffith University,"170 Kessels Road, Nathan, Qld 4111",Reference Materials,9/12/2022,43283,Oxford University Press Uk,"Oxford, Uk",No,No,,,,,,,,,1989012,,,,,,
,Griffith University,"170 Kessels Road, Nathan, Qld 4111",Reference Materials,9/12/2022,1080325,Proquest Llc,"Chicago, Usa",No,No,Limited,b - (iii) The absence of competition for technical reasons which can only be supplied by a particular supplier and no reasonable alternative exists,,,,,,,GU-1262,,,,,,
,Griffith University,"170 Kessels Road, Nathan, Qld 4111",Cleaning Services,9/12/2022,22000,Queensland Cleaning Supplies Pty Ltd,"Virginia, Qld",No,No,,,,,,,,,373815,,,,,,
,Griffith University,"170 Kessels Road, Nathan, Qld 4111",Computer Equipment,9/12/2022,13702,The School Locker,"Yeronga, Qld",No,No,,,,,,,,,373853,,,,,,
,Griffith University,"170 Kessels Road, Nathan, Qld 4111",Printing Expenses,9/12/2022,34046,The Trustee For Creative Visuals Unit Tr,"Port Melbourne, Vic",No,No,,,,,,,,,373769,,,,,,
,Griffith University,"170 Kessels Road, Nathan, Qld 4111",Audio Visual Equipment,9/12/2022,23004,Videopro Pty Ltd,"Eagle Farm, Qld",No,No,,,,,,,,,373854,,,,,,
,Griffith University,"170 Kessels Road, Nathan, Qld 4111",Equipment Maintenance,9/12/2022,27500,W&H Service Centre,"Edwardstown, Sa",No,No,,,,,,,,,373817,,,,,,
,Griffith University,"170 Kessels Road, Nathan, Qld 4111",Audio Visual Equipment,9/12/2022,23004,Videopro Pty Ltd,"Eagle Farm, Qld",No,No,,,,,,,,,373854,,,,,,
,Griffith University,"170 Kessels Road, Nathan, Qld 4111",Equipment Maintenance,9/12/2022,27500,W&H Service Centre,"Edwardstown, Sa",No,No,,,,,,,,,373817,,,,,,
,Griffith University,"170 Kessels Road, Nathan, Qld 4111",Reference Materials,10/12/2022,12175,Edward Elgar Publishing Ltd,"Cheltenham, Uk",No,No,,,,,,,,,1989508,,,,,,
,Griffith University,"170 Kessels Road, Nathan, Qld 4111",Reference Materials,10/12/2022,15242,Igroup (Australasia) Pty Ltd,"Melbourne, Vic",No,No,,,,,,,,,1990191,,,,,,
,Griffith University,"170 Kessels Road, Nathan, Qld 4111",Reference Materials,11/12/2022,11516,Pan Macmillan Australia Pty Ltd,"Sydney, Nsw",No,No,,,,,,,,,1990849,,,,,,
,Griffith University,"170 Kessels Road, Nathan, Qld 4111",Insurance,12/12/2022,5229796,Arthur J Gallagher & Co (Aus) Limited,"North Sydney, Nsw",No,No,Limited,,,,,,,,1994389,,,,,,
,Griffith University,"170 Kessels Road, Nathan, Qld 4111",Scientific Equipment,12/12/2022,96756,C-Therm Technologies Ltd.,"New Brunswick, Canada",No,No,,,,,,,,,373864,,,,,,
,Griffith University,"170 Kessels Road, Nathan, Qld 4111",Laboratory Consumables,12/12/2022,467500,Ifc Group Australia Pty Ltd,"Nunawading, Vic",No,No,,,,,,,,,373863,,,,,,
,Griffith University,"170 Kessels Road, Nathan, Qld 4111",Laboratory Consumables,12/12/2022,55000,Neoss Australia Pty Ltd,"Bowen Hills, Qld",No,No,,,,,,,,,373861,,,,,,
,Griffith University,"170 Kessels Road, Nathan, Qld 4111",Laboratory Consumables,12/12/2022,55000,Nsk Oceania Pty Ltd,"Rosebery, Nsw",No,No,,,,,,,,,373865,,,,,,
,Griffith University,"170 Kessels Road, Nathan, Qld 4111",Laboratory Consumables,12/12/2022,11000,Pacific Dental Specialties Pty Ltd,"Burleigh Heads, Qld",No,No,,,,,,,,,373868,,,,,,
,Griffith University,"170 Kessels Road, Nathan, Qld 4111",Consultancy Services,12/12/2022,18700,Price Waterhouse Coopers,"Sydney, Nsw",No,No,,,,,,,,,1994520,,,,,,
,Griffith University,"170 Kessels Road, Nathan, Qld 4111",Laboratory Consumables,13/12/2022,22000,3M Australia Pty Ltd,"North Ryde, Nsw",No,No,,,,,,,,,373879,,,,,,
,Griffith University,"170 Kessels Road, Nathan, Qld 4111",Laboratory Consumables,13/12/2022,22000,Adec Australia,"Mascot, Nsw",No,No,,,,,,,,,373877,,,,,,
,Griffith University,"170 Kessels Road, Nathan, Qld 4111",Cleaning Services,13/12/2022,27500,Darling Downs Hospital & Health Service,"Toowoomba, Qld",No,No,,,,,,,,,373880,,,,,,
,Griffith University,"170 Kessels Road, Nathan, Qld 4111",Equipment Maintenance,13/12/2022,27500,Getinge Australia Pty Ltd,"Bulimba, Qld",No,No,,,,,,,,,373882,,,,,,
,Griffith University,"170 Kessels Road, Nathan, Qld 4111",Scientific Equipment,13/12/2022,1055957,Glyxera Gmbh,"Magdeburg, Germany",No,No,Limited,b - (iii) The absence of competition for technical reasons which can only be supplied by a particular supplier and no reasonable alternative exists,,,,,,,373884,,,,,,
,Griffith University,"170 Kessels Road, Nathan, Qld 4111",Laboratory Consumables,13/12/2022,82500,Henry Schein Regional Trust,"South Brisbane, Qld",No,No,,,,,,,,,373876,,,,,,
,Griffith University,"170 Kessels Road, Nathan, Qld 4111",Equipment Maintenance,13/12/2022,22000,Nsk Oceania Pty Ltd,"Rosebery, Nsw",No,No,,,,,,,,,373874,,,,,,
,Griffith University,"170 Kessels Road, Nathan, Qld 4111",Laboratory Consumables,13/12/2022,88000,Straumann Pty Ltd,"Port Melbourne, Vic",No,No,,,,,,,,,373881,,,,,,
,Griffith University,"170 Kessels Road, Nathan, Qld 4111",Laboratory Consumables,13/12/2022,33000,Warwick Hospital,"Warwick, Qld",No,No,,,,,,,,,373878,,,,,,
,Griffith University,"170 Kessels Road, Nathan, Qld 4111",Scientific Equipment,13/12/2022,93775,"Xcell Biosciences, Inc","San Francisco, Ca, Usa",No,No,,,,,,,,,373885,,,,,,
,Griffith University,"170 Kessels Road, Nathan, Qld 4111",Laboratory Consumables,13/12/2022,33000,Warwick Hospital,"Warwick, Qld",No,No,,,,,,,,,373878,,,,,,
,Griffith University,"170 Kessels Road, Nathan, Qld 4111",Scientific Equipment,13/12/2022,93775,"Xcell Biosciences, Inc","San Francisco, Ca, Usa",No,No,,,,,,,,,373885,,,,,,
,Griffith University,"170 Kessels Road, Nathan, Qld 4111",Reference Materials,14/12/2022,27181,Council Of Aust. University Librarians,"Deakin, Act",No,No,,,,,,,,,1990345,,,,,,
,Griffith University,"170 Kessels Road, Nathan, Qld 4111",Reference Materials,14/12/2022,202266,Council Of Aust. University Librarians,"Deakin, Act",No,No,,,,,,,,,1990348,,,,,,
,Griffith University,"170 Kessels Road, Nathan, Qld 4111",Reference Materials,14/12/2022,36225,Council Of Aust. University Librarians,"Deakin, Act",No,No,,,,,,,,,1990408,,,,,,
,Griffith University,"170 Kessels Road, Nathan, Qld 4111",Reference Materials,14/12/2022,118117,Council Of Aust. University Librarians,"Deakin, Act",No,No,,,,,,,,,1990412,,,,,,
,Griffith University,"170 Kessels Road, Nathan, Qld 4111",Reference Materials,14/12/2022,129087,Council Of Aust. University Librarians,"Deakin, Act",No,No,,,,,,,,,1990413,,,,,,
,Griffith University,"170 Kessels Road, Nathan, Qld 4111",Reference Materials,14/12/2022,85842,Council Of Aust. University Librarians,"Deakin, Act",No,No,,,,,,,,,1990848,,,,,,
,Griffith University,"170 Kessels Road, Nathan, Qld 4111",Reference Materials,14/12/2022,198761,Ebsco International Inc,"North Sydney, Nsw",No,No,,,,,,,,,1990409,,,,,,
,Griffith University,"170 Kessels Road, Nathan, Qld 4111",Reference Materials,14/12/2022,30616,Igroup (Australasia) Pty Ltd,"Melbourne, Vic",No,No,,,,,,,,,1989013,,,,,,
,Griffith University,"170 Kessels Road, Nathan, Qld 4111",Reference Materials,14/12/2022,12031,Informa Uk Ltd,UK,No,No,,,,,,,,,1990050,,,,,,
,Griffith University,"170 Kessels Road, Nathan, Qld 4111",Reference Materials,14/12/2022,251229,Rmit Training Pty Ltd,"Melbourne, Vic",No,No,,,,,,,,,1989089,,,,,,
,Griffith University,"170 Kessels Road, Nathan, Qld 4111",Reference Materials,14/12/2022,128244,Springer Customer Service Centre Gmbh,"Heidelberg, Germany",No,No,,,,,,,,,1989327,,,,,,
,Griffith University,"170 Kessels Road, Nathan, Qld 4111",Reference Materials,14/12/2022,104139,Springer Customer Service Centre Gmbh,"Heidelberg, Germany",No,No,,,,,,,,,1989328,,,,,,
,Griffith University,"170 Kessels Road, Nathan, Qld 4111",Reference Materials,14/12/2022,35673,Therapeutic Guidelines Ltd,"West Melbourne, Vic",No,No,,,,,,,,,1989014,,,,,,
,Griffith University,"170 Kessels Road, Nathan, Qld 4111",Reference Materials,15/12/2022,103797,Csiro,"Kenmore, Qld",No,No,,,,,,,,,GU-1349,,,,,,
,Griffith University,"170 Kessels Road, Nathan, Qld 4111",Reference Materials,15/12/2022,25010,Oxford University Press Uk,"Oxford, Uk",No,No,,,,,,,,,1989510,,,,,,
,Griffith University,"170 Kessels Road, Nathan, Qld 4111",Reference Materials,15/12/2022,36138,Oxford University Press Uk,"Oxford, Uk",No,No,,,,,,,,,1989519,,,,,,
,Griffith University,"170 Kessels Road, Nathan, Qld 4111",Reference Materials,15/12/2022,36431,Oxford University Press Uk,"Oxford, Uk",No,No,,,,,,,,,1989520,,,,,,
,Griffith University,"170 Kessels Road, Nathan, Qld 4111",Reference Materials,15/12/2022,12875,Oxford University Press Uk,"Oxford, Uk",No,No,,,,,,,,,1989522,,,,,,
,Griffith University,"170 Kessels Road, Nathan, Qld 4111",Reference Materials,16/12/2022,319240,Ebsco International Inc,"North Sydney, Nsw",No,No,,,,,,,,,GU-1353,,,,,,
,Griffith University,"170 Kessels Road, Nathan, Qld 4111",Reference Materials,16/12/2022,28165,Ebsco International Inc,"North Sydney, Nsw",No,No,,,,,,,,,1990572,,,,,,
,Griffith University,"170 Kessels Road, Nathan, Qld 4111",Reference Materials,16/12/2022,26482,Igroup ( Asia Pacific) Ltd,"Cheung Sha Wan, Hk",No,No,,,,,,,,,1990145,,,,,,
,Griffith University,"170 Kessels Road, Nathan, Qld 4111",Reference Materials,16/12/2022,310458,Thomson Legal & Regulatory Limited,"Sydney, Nsw",No,No,,,,,,,,,1989690,,,,,,
,Griffith University,"170 Kessels Road, Nathan, Qld 4111",Reference Materials,17/12/2022,19644,Iop Publishing Ltd,"Bristol, Uk",No,No,,,,,,,,,1990498,,,,,,
,Griffith University,"170 Kessels Road, Nathan, Qld 4111",Reference Materials,17/12/2022,43730,Techstreet Pty Ltd,"Melbourne, Vic",No,No,,,,,,,,,1989701,,,,,,
,Griffith University,"170 Kessels Road, Nathan, Qld 4111",Consultancy Services,18/12/2022,16225,Empirical Research Development,"West Footscray, Vic",No,No,,,,,,,,,1990769,,,,,,
,Griffith University,"170 Kessels Road, Nathan, Qld 4111",Reference Materials,18/12/2022,101182,John Wiley & Sons Australia Ltd,"Milton, Qld",No,No,,,,,,,,,1991072,,,,,,
,Griffith University,"170 Kessels Road, Nathan, Qld 4111",Marketing Fees,18/12/2022,18736,Queensland Tertiary Admissions Centre Lt,"Milton, Qld",No,No,,,,,,,,,1992168,,,,,,
,Griffith University,"170 Kessels Road, Nathan, Qld 4111",Reference Materials,21/12/2022,101356,Proquest Llc,"Chicago, Usa",No,No,,,,,,,,,GU-1434,,,,,,
,Griffith University,"170 Kessels Road, Nathan, Qld 4111",Reference Materials,22/12/2022,266092,Council Of Aust. University Librarians,"Deakin, Act",No,No,,,,,,,,,1991570,,,,,,
,Griffith University,"170 Kessels Road, Nathan, Qld 4111",Reference Materials,22/12/2022,39113,Iop Publishing Ltd,"Bristol, Uk",No,No,,,,,,,,,1991841,,,,,,
,Griffith University,"170 Kessels Road, Nathan, Qld 4111",Consultancy Services,22/12/2022,13749,More Partnership Limited,UK,No,No,,,,,,,,,1990845,,,,,,
,Griffith University,"170 Kessels Road, Nathan, Qld 4111",Consultancy Services,22/12/2022,20625,The Trustee For Granted Group Unit Trust,"Bentleigh, Vic",No,No,,,,,,,,,1990773,,,,,,
,Griffith University,"170 Kessels Road, Nathan, Qld 4111",Consultancy Services,25/12/2022,14080,The Knowledge Brokering Group Pty Ltd,"Civic Square, Act",No,No,,,,,,,,,1993879,,,,,,
,Griffith University,"170 Kessels Road, Nathan, Qld 4111",Reference Materials,29/12/2022,2132714,Informa Uk Ltd,UK,No,No,Limited,b - (iii) The absence of competition for technical reasons which can only be supplied by a particular supplier and no reasonable alternative exists,,,,,,,GU-1400,,,,,,
,Griffith University,"170 Kessels Road, Nathan, Qld 4111",Commission Payment,29/12/2022,356747,Pearson Australia Group Pty Ltd,"Sydney, Nsw",No,No,,,,,,,,,1992388,,,,,,
,Griffith University,"170 Kessels Road, Nathan, Qld 4111",Reference Materials,29/12/2022,16658,Publicious Pty Ltd,"Coolangatta, Qld",No,No,,,,,,,,,1991829,,,,,,
,Griffith University,"170 Kessels Road, Nathan, Qld 4111",Reference Materials,29/12/2022,342615,Springer Customer Service Centre Gmbh,"Heidelberg, Germany",No,No,,,,,,,,,1992158,,,,,,
,Griffith University,"170 Kessels Road, Nathan, Qld 4111",Marketing Fees,30/12/2022,11770,Blueberry College & Universitet,"Stockholm, Sweden",No,No,,,,,,,,,1992412,,,,,,
,Griffith University,"170 Kessels Road, Nathan, Qld 4111",Event Expenditure,30/12/2022,12604,Meredith Shaw Pty. Limited,"Potts Point, Nsw",No,No,,,,,,,,,1992081,,,,,,
,Griffith University,"170 Kessels Road, Nathan, Qld 4111",Consultancy Services,30/12/2022,55899,Richmond Associates Australia Pty Ltd,"Surry Hills, Nsw",No,No,,,,,,,,,1994401 2005345 2005344 2015443,,,,,,
,Griffith University,"170 Kessels Road, Nathan, Qld 4111",Reference Materials,31/12/2022,126344,Elsevier Inc.,USA,No,No,,,,,,,,,1992402,,,,,,
,Griffith University,"170 Kessels Road, Nathan, Qld 4111",Reference Materials,31/12/2022,5075117,Elsevier Inc.,USA,No,No,Limited,b - (iii) The absence of competition for technical reasons which can only be supplied by a particular supplier and no reasonable alternative exists,,,,,,,GU-1408,,,,,,
,Griffith University,"170 Kessels Road, Nathan, Qld 4111",Reference Materials,31/12/2022,48199,Proquest Llc,"Chicago, Usa",No,No,,,,,,,,,1992165,,,,,,
,Griffith University,"170 Kessels Road, Nathan, Qld 4111",Consultancy Services,31/12/2022,129812,Qs Enrolment Solutions (Australia) Pty L,"Melbourne, Vic",No,No,,,,,,,,,1992784,,,,,,
,Griffith University,"170 Kessels Road, Nathan, Qld 4111",Event Expenditure,1/01/2023,15768,Australian Catering Services,"Coorparoo, Qld",No,No,,,,,,,,,1993899,,,,,,
,Griffith University,"170 Kessels Road, Nathan, Qld 4111",Marketing Fees,1/01/2023,34779,Nw Group Australasia Pty Ltd,"Rydalmere, Nsw",No,No,,,,,,,,,1992901,,,,,,
,Griffith University,"170 Kessels Road, Nathan, Qld 4111",Reference Materials,1/01/2023,43502,Proquest Llc,"Chicago, Usa",No,No,,,,,,,,,1989657,,,,,,
,Griffith University,"170 Kessels Road, Nathan, Qld 4111",Reference Materials,2/01/2023,337040,Lexis Nexis,"Chatswood, Nsw",No,No,,,,,,,,,1992413,,,,,,
,Griffith University,"170 Kessels Road, Nathan, Qld 4111",Audio Visual Equipment,3/01/2023,64339,Allied Technologies Australia Pty Ltd,"Newstead, Qld",No,No,,,,,,,,,373908,,,,,,
,Griffith University,"170 Kessels Road, Nathan, Qld 4111",Audio Visual Equipment,3/01/2023,31700,Allied Technologies Australia Pty Ltd,"Newstead, Qld",No,No,,,,,,,,,374017,,,,,,
,Griffith University,"170 Kessels Road, Nathan, Qld 4111",Building Construction & Maintenance,3/01/2023,31900,Altitude Facade Access Consulting Pty Lt,"Melbourne, Vic",No,No,,,,,,,,,373897,,,,,,
,Griffith University,"170 Kessels Road, Nathan, Qld 4111",Pathology Expenditure,3/01/2023,19395,Australian Genome Research Facility Ltd,"St Lucia, Qld",No,No,,,,,,,,,373922,,,,,,
,Griffith University,"170 Kessels Road, Nathan, Qld 4111",Consultancy Services,3/01/2023,33000,Colliers International (Brisbane) P/L,"Brisbane, Qld",No,No,,,,,,,,,373893,,,,,,
,Griffith University,"170 Kessels Road, Nathan, Qld 4111",Telecommunications Expenditure,3/01/2023,32726,Data #3 Limited,"Indooroopilly, Qld",No,No,,,,,,,,,373933,,,,,,
,Griffith University,"170 Kessels Road, Nathan, Qld 4111",Consultancy Services,3/01/2023,95700,Decipher Bureau Qld Pty Ltd,"Bowen Hills, Qld",No,No,,,,,,,,,373932,,,,,,
,Griffith University,"170 Kessels Road, Nathan, Qld 4111",Consultancy Services,3/01/2023,267300,Decipher Bureau Qld Pty Ltd,"Bowen Hills, Qld",Yes,No,,,,,,,,,373936,,,,,,
,Griffith University,"170 Kessels Road, Nathan, Qld 4111",Consultancy Services,3/01/2023,267300,Decipher Bureau Qld Pty Ltd,"Bowen Hills, Qld",Yes,No,,,,,,,,,373937,,,,,,
,Griffith University,"170 Kessels Road, Nathan, Qld 4111",Consultancy Services,3/01/2023,1556808,Deloitte Consulting Pty Limited,"Brisbane, Qld",No,No,Selective,,,,,,,,373931,,,,,,
,Griffith University,"170 Kessels Road, Nathan, Qld 4111",Building Construction & Maintenance,3/01/2023,522246,Dm2Architecture Pty Ltd,"Petrie Terrace, Qld",No,No,Selective,,,,,,,,373934,,,,,,
,Griffith University,"170 Kessels Road, Nathan, Qld 4111",Consultancy Services,3/01/2023,52250,Dot Dash Events Pty Ltd,"Manly, QLD",No,No,,,,,,,,,373961,,,,,,
,Griffith University,"170 Kessels Road, Nathan, Qld 4111",Building Construction & Maintenance,3/01/2023,11451,E.D.C. Systems Pty Ltd,"Cannon Hill, Qld",No,No,,,,,,,,,374025,,,,,,
,Griffith University,"170 Kessels Road, Nathan, Qld 4111",Consultancy Services,3/01/2023,102520,Employer Branding Australia Pty Ltd,"Paddington, Qld",No,No,,,,,,,,,373890,,,,,,
,Griffith University,"170 Kessels Road, Nathan, Qld 4111",Laboratory Consumables,3/01/2023,60202,Henry Schein Regional Trust,"South Brisbane, Qld",No,No,,,,,,,,,373942,,,,,,
,Griffith University,"170 Kessels Road, Nathan, Qld 4111",Scientific Equipment,3/01/2023,11000,In Vitro Technologies Pty Ltd,"Noble Park, Vic",No,No,,,,,,,,,373944,,,,,,
,Griffith University,"170 Kessels Road, Nathan, Qld 4111",Consultancy Services,3/01/2023,18920,Kasna Cloud Pty Ltd,"Melbourne, Vic",No,No,,,,,,,,,374029,,,,,,
,Griffith University,"170 Kessels Road, Nathan, Qld 4111",Building Construction & Maintenance,3/01/2023,20840,Lightbox Architecture &Interiors Pty Ltd,"Keperra, Qld",No,No,,,,,,,,,374026,,,,,,
,Griffith University,"170 Kessels Road, Nathan, Qld 4111",Laboratory Consumables,3/01/2023,19350,Medi-Dent Pty Ltd,"Braeside, VIC",No,No,,,,,,,,,373940,,,,,,
,Griffith University,"170 Kessels Road, Nathan, Qld 4111",Scientific Equipment,3/01/2023,260828,Nsk Oceania Pty Ltd,"Rosebery, Nsw",No,No,,,,,,,,,373914,,,,,,
,Griffith University,"170 Kessels Road, Nathan, Qld 4111",Laboratory Consumables,3/01/2023,116068,One Dental Pty Ltd,"Castle Hill, NSW",No,No,,,,,,,,,373939,,,,,,
,Griffith University,"170 Kessels Road, Nathan, Qld 4111",Consultancy Services,3/01/2023,110616,Pocketknife Ltd,New Zealand,No,No,,,,,,,,,373913,,,,,,
,Griffith University,"170 Kessels Road, Nathan, Qld 4111",Scientific Equipment,3/01/2023,22132,Roger Brandon Technical Services,Qld,No,No,,,,,,,,,373891,,,,,,
,Griffith University,"170 Kessels Road, Nathan, Qld 4111",Scientific Equipment,3/01/2023,93500,Shimadzu Scientific Inst. (Oceania)P/L,"Rydalmere, NSW",No,No,,,,,,,,,373915,,,,,,
,Griffith University,"170 Kessels Road, Nathan, Qld 4111",Scientific Equipment,3/01/2023,28600,The Dentists Workshop Pty Ltd,"Bayswater, Vic",No,No,,,,,,,,,373900,,,,,,
,Griffith University,"170 Kessels Road, Nathan, Qld 4111",Marketing Fees,3/01/2023,20900,The Lab Insight And Strategy Brisbane Pt,"Bowen Hills, Qld",No,No,,,,,,,,,374016,,,,,,
,Griffith University,"170 Kessels Road, Nathan, Qld 4111",Scientific Equipment,3/01/2023,10962,Thermo Fisher Scientific Australia,"Scoresby, Vic",No,No,,,,,,,,,373899,,,,,,
,Griffith University,"170 Kessels Road, Nathan, Qld 4111",Equipment Maintenance,3/01/2023,13860,Vald Performance (Aust) Pty Ltd,"Newstead, Qld",No,No,,,,,,,,,373894,,,,,,
,Griffith University,"170 Kessels Road, Nathan, Qld 4111",Audio Visual Equipment,3/01/2023,15325,Videopro Pty Ltd,"Eagle Farm, Qld",No,No,,,,,,,,,373909,,,,,,
,Griffith University,"170 Kessels Road, Nathan, Qld 4111",Audio Visual Equipment,3/01/2023,14565,Videopro Pty Ltd,"Eagle Farm, Qld",No,No,,,,,,,,,373929,,,,,,
,Griffith University,"170 Kessels Road, Nathan, Qld 4111",Equipment Maintenance,3/01/2023,13860,Vald Performance (Aust) Pty Ltd,"Newstead, Qld",No,No,,,,,,,,,373894,,,,,,
,Griffith University,"170 Kessels Road, Nathan, Qld 4111",Audio Visual Equipment,3/01/2023,15325,Videopro Pty Ltd,"Eagle Farm, Qld",No,No,,,,,,,,,373909,,,,,,
,Griffith University,"170 Kessels Road, Nathan, Qld 4111",Audio Visual Equipment,3/01/2023,14565,Videopro Pty Ltd,"Eagle Farm, Qld",No,No,,,,,,,,,373929,,,,,,
,Griffith University,"170 Kessels Road, Nathan, Qld 4111",Building Construction & Maintenance,4/01/2023,70522,A1 Building & Property Solutions Pty Ltd,"The Gap, Qld",No,No,,,,,,,,,374047,,,,,,
,Griffith University,"170 Kessels Road, Nathan, Qld 4111",External Course Delivery,4/01/2023,32400,Airlangga Global Engagement,Indonesia,No,No,,,,,,,,,1994817,,,,,,
,Griffith University,"170 Kessels Road, Nathan, Qld 4111",Audio Visual Equipment,4/01/2023,40656,Allied Technologies Australia Pty Ltd,"Newstead, Qld",No,No,,,,,,,,,374048,,,,,,
,Griffith University,"170 Kessels Road, Nathan, Qld 4111",Equipment Maintenance,4/01/2023,12315,Sse Specialised Stage Engineering P/L,"Loganholme, Qld",No,No,,,,,,,,,1992818,,,,,,
,Griffith University,"170 Kessels Road, Nathan, Qld 4111",Event Expenditure,4/01/2023,17380,Technical Event Managers,"Pomona, Qld",No,No,,,,,,,,,374034,,,,,,
,Griffith University,"170 Kessels Road, Nathan, Qld 4111",Building Construction & Maintenance,5/01/2023,12980,Above & Beyond Rope Access Pty Ltd,"Bundall, Qld",No,No,,,,,,,,,374059,,,,,,
,Griffith University,"170 Kessels Road, Nathan, Qld 4111",Printing Expenses,5/01/2023,27500,Apac Media,"West End, Qld",No,No,,,,,,,,,1993737,,,,,,
,Griffith University,"170 Kessels Road, Nathan, Qld 4111",Laboratory Consumables,5/01/2023,49500,Becton Dickinson Pty Ltd,"Eight Mile Plains, Qld",No,No,,,,,,,,,374067,,,,,,
,Griffith University,"170 Kessels Road, Nathan, Qld 4111",External Course Delivery,5/01/2023,29390,Community Power Agency Co-Operative Limi,"Chippendale, Nsw",No,No,,,,,,,,,1993889,,,,,,
,Griffith University,"170 Kessels Road, Nathan, Qld 4111",Laboratory Consumables,5/01/2023,22000,Dentsply Sirona Pty Ltd,"Mount Waverley, Vic",No,No,,,,,,,,,374069,,,,,,
,Griffith University,"170 Kessels Road, Nathan, Qld 4111",Building Construction & Maintenance,5/01/2023,19047,E.D.C. Systems Pty Ltd,"Cannon Hill, Qld",No,No,,,,,,,,,374079,,,,,,
,Griffith University,"170 Kessels Road, Nathan, Qld 4111",Building Construction & Maintenance,5/01/2023,12029,E.D.C. Systems Pty Ltd,"Cannon Hill, Qld",No,No,,,,,,,,,374080,,,,,,
,Griffith University,"170 Kessels Road, Nathan, Qld 4111",Laboratory Consumables,5/01/2023,22000,Ormco Pty Ltd,"North Ryde, Nsw",No,No,,,,,,,,,374068,,,,,,
,Griffith University,"170 Kessels Road, Nathan, Qld 4111",Marketing Fees,5/01/2023,26400,Queensland Performing Arts Trust,"Brisbane, Qld",No,No,,,,,,,,,374061,,,,,,
,Griffith University,"170 Kessels Road, Nathan, Qld 4111",Building Construction & Maintenance,5/01/2023,10230,Radiation Protection Services Pty Ltd,"Annerley, Qld",No,No,,,,,,,,,374076,,,,,,
,Griffith University,"170 Kessels Road, Nathan, Qld 4111",Scientific Equipment,5/01/2023,141614,Radiation Saunders,"Wattle Grove, NSW",No,No,,,,,,,,,374077,,,,,,
,Griffith University,"170 Kessels Road, Nathan, Qld 4111",Consultancy Services,5/01/2023,19074,Unijobs Global Pty Ltd,"Brighton, Vic",No,No,,,,,,,,,1994396,,,,,,
,Griffith University,"170 Kessels Road, Nathan, Qld 4111",Consultancy Services,5/01/2023,19074,Unijobs Global Pty Ltd,"Brighton, Vic",No,No,,,,,,,,,1994396,,,,,,
,Griffith University,"170 Kessels Road, Nathan, Qld 4111",Consultancy Services,6/01/2023,33880,Outside Opinion Pty Ltd,"Carlton North, VIC",No,No,,,,,,,,,374101,,,,,,
,Griffith University,"170 Kessels Road, Nathan, Qld 4111",Telecommunications Expenditure,6/01/2023,19514,Superloop (Operations) Pty Ltd,"Brisbane, Qld",No,No,,,,,,,,,374108,,,,,,
,Griffith University,"170 Kessels Road, Nathan, Qld 4111",Laboratory Consumables,7/01/2023,13890,Agilent Technologies Australia Pty Ltd,"Mulgrave, Vic",No,No,,,,,,,,,374116,,,,,,
,Griffith University,"170 Kessels Road, Nathan, Qld 4111",Building Construction & Maintenance,7/01/2023,32450,Arklab Architecture Pty Ltd,"Spring Hill, Qld",Yes,No,,,,,,,,,374119,,,,,,
,Griffith University,"170 Kessels Road, Nathan, Qld 4111",Consultancy Services,7/01/2023,20000,Michael Glenn Thompson,Qld,No,No,,,,,,,,,374118,,,,,,
,Griffith University,"170 Kessels Road, Nathan, Qld 4111",Building Construction & Maintenance,8/01/2023,529978,Arnold Electrical & Data Installations P,"Salisbury, Qld",No,No,Selective,,,,,,,,374123,,,,,,
,Griffith University,"170 Kessels Road, Nathan, Qld 4111",Building Construction & Maintenance,8/01/2023,66838,Wormald Australia Pty Ltd,"Murarrie, Qld",No,No,,,,,,,,,374120,,,,,,
,Griffith University,"170 Kessels Road, Nathan, Qld 4111",Building Construction & Maintenance,8/01/2023,66838,Wormald Australia Pty Ltd,"Murarrie, Qld",No,No,,,,,,,,,374120,,,,,,
,Griffith University,"170 Kessels Road, Nathan, Qld 4111",Scientific Equipment,9/01/2023,660000,Fei Australia Pty Ltd,"Scoresby, VIC",No,No,Selective,,,,,,,,374129,,,,,,
,Griffith University,"170 Kessels Road, Nathan, Qld 4111",Equipment Purchase,9/01/2023,43733,Rural Medical Education Australia Ltd,"Toowoomba, Qld",No,No,,,,,,,,,374158,,,,,,
,Griffith University,"170 Kessels Road, Nathan, Qld 4111",Furniture,9/01/2023,10340,Zenith Interiors Pty Ltd,"Brisbane, Qld",No,No,,,,,,,,,374144,,,,,,
,Griffith University,"170 Kessels Road, Nathan, Qld 4111",Furniture,9/01/2023,10340,Zenith Interiors Pty Ltd,"Brisbane, Qld",No,No,,,,,,,,,374144,,,,,,
,Griffith University,"170 Kessels Road, Nathan, Qld 4111",Reference Materials,10/01/2023,168872,Aip Publishing Llc,USA,Yes,No,,,,,,,,,GU-1435,,,,,,
,Griffith University,"170 Kessels Road, Nathan, Qld 4111",Conference Expenses,10/01/2023,28215,Auidf,"Redhead, NSW",No,No,,,,,,,,,1994821,,,,,,
,Griffith University,"170 Kessels Road, Nathan, Qld 4111",Memberships/Subscriptions,10/01/2023,13200,Australian Network On Disability Ltd,"Sydney, NSW",No,No,,,,,,,,,1994747,,,,,,
,Griffith University,"170 Kessels Road, Nathan, Qld 4111",Subscription/Licence Fees Software,10/01/2023,672520,Banki Haddock Fiora,"Sydney, NSW",No,No,Limited,b - (iii) The absence of competition for technical reasons which can only be supplied by a particular supplier and no reasonable alternative exists,,,,,,,374172,,,,,,
,Griffith University,"170 Kessels Road, Nathan, Qld 4111",Chemical/Biological Products,10/01/2023,87978,Bio-Strategy Pty Limited,"Campbellfield, VIC",No,No,,,,,,,,,374169,,,,,,
,Griffith University,"170 Kessels Road, Nathan, Qld 4111",Memberships/Subscriptions,10/01/2023,22795,Council Of Aust. University Librarians,"Deakin, Act",No,No,,,,,,,,,1995532,,,,,,
,Griffith University,"170 Kessels Road, Nathan, Qld 4111",Building Construction & Maintenance,10/01/2023,137500,Diligent Fire Pty Ltd,"Albion, Qld",No,No,,,,,,,,,374198,,,,,,
,Griffith University,"170 Kessels Road, Nathan, Qld 4111",Memberships/Subscriptions,10/01/2023,13135,Ecctis Ltd,England,No,No,,,,,,,,,1995911,,,,,,
,Griffith University,"170 Kessels Road, Nathan, Qld 4111",Printing Expenses,10/01/2023,12100,Eighty20 Communications Pty Ltd,"Fairlight, NSW",No,No,,,,,,,,,1994741,,,,,,
,Griffith University,"170 Kessels Road, Nathan, Qld 4111",Building Construction & Maintenance,10/01/2023,27500,Halogen Pools,"Miami, Qld",No,No,,,,,,,,,374197,,,,,,
,Griffith University,"170 Kessels Road, Nathan, Qld 4111",Audit Fees,10/01/2023,21450,Institute Of Internal Auditors Australia,"Sydney, NSW",No,No,,,,,,,,,1995306,,,,,,
,Griffith University,"170 Kessels Road, Nathan, Qld 4111",Consultancy Services,10/01/2023,17600,Queensland Allergy Services Pty Ltd,"Southport, Qld",No,No,,,,,,,,,374204,,,,,,
,Griffith University,"170 Kessels Road, Nathan, Qld 4111",Subscription/Licence Fees Software,10/01/2023,266156,Screenrights,"Neutral Bay, Nsw",No,No,,,,,,,,,374168,,,,,,
,Griffith University,"170 Kessels Road, Nathan, Qld 4111",Reference Materials,10/01/2023,22350,Springer Customer Service Centre Gmbh,"Heidelberg, Germany",No,No,,,,,,,,,1995389,,,,,,
,Griffith University,"170 Kessels Road, Nathan, Qld 4111",Consultancy Services,10/01/2023,15631,The Trustee For Guidelight Unit Trust,"Robina, Qld",No,No,,,,,,,,,1994744,,,,,,
,Griffith University,"170 Kessels Road, Nathan, Qld 4111",Consultancy Services,10/01/2023,20000,Tristan William Casey,Qld,No,No,,,,,,,,,1994378,,,,,,
,Griffith University,"170 Kessels Road, Nathan, Qld 4111",Chemical/Biological Products,11/01/2023,33000,Animal Resources Centre - Wa,"Canning Vale, WA",No,No,,,,,,,,,374252,,,,,,
,Griffith University,"170 Kessels Road, Nathan, Qld 4111",Chemical/Biological Products,11/01/2023,88000,Animal Resources Centre - Wa,"Canning Vale, WA",No,No,,,,,,,,,374253,,,,,,
,Griffith University,"170 Kessels Road, Nathan, Qld 4111",Building Construction & Maintenance,11/01/2023,50875,Fire Risk Consultants Pty Ltd,"Glengarry,VIC",No,No,,,,,,,,,374282,,,,,,
,Griffith University,"170 Kessels Road, Nathan, Qld 4111",Consultancy Services,11/01/2023,13571,Fyfe Pty Ltd,"Brisbane, Qld",Yes,No,,,,,,,,,374283,,,,,,
,Griffith University,"170 Kessels Road, Nathan, Qld 4111",Subscription/Licence Fees Software,11/01/2023,40689,Get Smart Consultancy Pty Ltd,"Millingandi, NSW",No,No,,,,,,,,,374256,,,,,,
,Griffith University,"170 Kessels Road, Nathan, Qld 4111",Subscription/Licence Fees Software,11/01/2023,17600,Higher Ed Services Pty Ltd,"Sydney, NSW",No,No,,,,,,,,,374262,,,,,,
,Griffith University,"170 Kessels Road, Nathan, Qld 4111",Building Construction & Maintenance,11/01/2023,153895,Steadfast Projects Pty Ltd,"Upper Kedron, Qld",Yes,No,,,,,,,,,374250,,,,,,
,Griffith University,"170 Kessels Road, Nathan, Qld 4111",Chemical/Biological Products,12/01/2023,33000,Animal Resources Centre - Wa,"Canning Vale, WA",No,No,,,,,,,,,374313,,,,,,
,Griffith University,"170 Kessels Road, Nathan, Qld 4111",Chemical/Biological Products,12/01/2023,220000,Animal Resources Centre - Wa,"Canning Vale, WA",No,No,,,,,,,,,374314,,,,,,
,Griffith University,"170 Kessels Road, Nathan, Qld 4111",Equipment Maintenance,12/01/2023,10650,Dewpoint Air,"Newmarket, Qld",No,No,,,,,,,,,374309,,,,,,
,Griffith University,"170 Kessels Road, Nathan, Qld 4111",Cleaning Services,12/01/2023,170500,Iss Facility Services Australia Limited,"Murarrie, Qld",No,No,,,,,,,,,374311,,,,,,
,Griffith University,"170 Kessels Road, Nathan, Qld 4111",Laboratory Consumables,12/01/2023,55000,Ivoclar Vivadent Pty Ltd,"Noble Park, Vic",No,No,,,,,,,,,374330,,,,,,
,Griffith University,"170 Kessels Road, Nathan, Qld 4111",Freight Fees,12/01/2023,15400,Labcabs Pty Ltd,"Cannon Hill, Qld",No,No,,,,,,,,,374333,,,,,,
,Griffith University,"170 Kessels Road, Nathan, Qld 4111",Equipment Maintenance,12/01/2023,21574,Nissin Dental Products,Netherlands,No,No,,,,,,,,,374334,,,,,,
,Griffith University,"170 Kessels Road, Nathan, Qld 4111",Audio Visual Equipment,12/01/2023,426311,Pixel Line Pty Ltd,"Milton, Qld",No,No,,,,,,,,,374356,,,,,,
,Griffith University,"170 Kessels Road, Nathan, Qld 4111",Consultancy Services,12/01/2023,41030,Price Waterhouse Coopers,"Sydney, Nsw",No,No,,,,,,,,,1994156,,,,,,
,Griffith University,"170 Kessels Road, Nathan, Qld 4111",Equipment Maintenance,12/01/2023,10787,Renishaw Oceania Pty Ltd,"Keysborough, VIC",No,No,,,,,,,,,374352,,,,,,
,Griffith University,"170 Kessels Road, Nathan, Qld 4111",Laboratory Consumables,12/01/2023,13324,Siegert Wafer Gmbh,"Rhine Westphalia, Germany",No,No,,,,,,,,,374332,,,,,,
,Griffith University,"170 Kessels Road, Nathan, Qld 4111",Consultancy Services,12/01/2023,220066,Software Education Australia Pty Ltd,"Brisbane, Qld",No,No,,,,,,,,,374319,,,,,,
,Griffith University,"170 Kessels Road, Nathan, Qld 4111",Building Construction & Maintenance,13/01/2023,27500,Global Integrated Solutions Limited,"Rosedale, Qld",No,No,,,,,,,,,374357,,,,,,
,Griffith University,"170 Kessels Road, Nathan, Qld 4111",Chemical/Biological Products,13/01/2023,11000,New England Biolabs Pty Ltd,"Notting Hill, VIC",No,No,,,,,,,,,374379,,,,,,
,Griffith University,"170 Kessels Road, Nathan, Qld 4111",Event Expenditure,13/01/2023,24244,Qt Gold Coast,"Surfers Paradise, Qld",No,No,,,,,,,,,374381,,,,,,
,Griffith University,"170 Kessels Road, Nathan, Qld 4111",Chemical/Biological Products,13/01/2023,16500,Sigma Aldrich Pty Ltd,"Castle Hill, NSW",No,No,,,,,,,,,374374,,,,,,
,Griffith University,"170 Kessels Road, Nathan, Qld 4111",Chemical/Biological Products,16/01/2023,19987,Bio-Strategy Pty Limited,"Campbellfield, VIC",No,No,,,,,,,,,374433,,,,,,
,Griffith University,"170 Kessels Road, Nathan, Qld 4111",Laboratory Consumables,16/01/2023,27500,Blackwoods,"Goodna,QLD",No,No,,,,,,,,,374423,,,,,,
,Griffith University,"170 Kessels Road, Nathan, Qld 4111",Building Construction & Maintenance,16/01/2023,176428,Carseldine Air Conditioning Pty. Ltd.,"Everton Hills, Qld",No,No,,,,,,,,,374412,,,,,,
,Griffith University,"170 Kessels Road, Nathan, Qld 4111",Legal Fees,16/01/2023,19800,Clayton Utz,"Brisbane, Qld",No,No,,,,,,,,,374444,,,,,,
,Griffith University,"170 Kessels Road, Nathan, Qld 4111",Legal Fees,16/01/2023,33000,Clayton Utz,"Brisbane, Qld",No,No,,,,,,,,,374445,,,,,,
,Griffith University,"170 Kessels Road, Nathan, Qld 4111",Electricity / Gas Supply,16/01/2023,110000,Elgas Limited,"Sydney, NSW",No,No,,,,,,,,,374429,,,,,,
,Griffith University,"170 Kessels Road, Nathan, Qld 4111",Building Construction & Maintenance,16/01/2023,110000,Fire E.M.T. Pty Ltd,"Burpengary, QLD",No,No,,,,,,,,,374411,,,,,,
,Griffith University,"170 Kessels Road, Nathan, Qld 4111",Laboratory Consumables,16/01/2023,33000,Ivoclar Vivadent Pty Ltd,"Noble Park, Vic",No,No,,,,,,,,,374424,,,,,,
,Griffith University,"170 Kessels Road, Nathan, Qld 4111",Electricity / Gas Supply,16/01/2023,22000,Metered Energy Holdings Pty Ltd,"Bulimba, Qld",No,No,,,,,,,,,374430,,,,,,
,Griffith University,"170 Kessels Road, Nathan, Qld 4111",Legal Fees,16/01/2023,13200,Minter Ellison Lawyers,"Brisbane, Qld",No,No,,,,,,,,,374446,,,,,,
,Griffith University,"170 Kessels Road, Nathan, Qld 4111",Electricity / Gas Supply,16/01/2023,17600,Origin Energy,"Adelaide, SA",No,No,,,,,,,,,374426,,,,,,
,Griffith University,"170 Kessels Road, Nathan, Qld 4111",Electricity / Gas Supply,16/01/2023,22000,Origin Energy,"Adelaide, SA",No,No,,,,,,,,,374431,,,,,,
,Griffith University,"170 Kessels Road, Nathan, Qld 4111",Chemical/Biological Products,16/01/2023,11754,Promega Pty Ltd,"Alexandria, NSW",No,No,,,,,,,,,374413,,,,,,
,Griffith University,"170 Kessels Road, Nathan, Qld 4111",Building Construction & Maintenance,16/01/2023,12939,Queensland Ballet Company,"West End, Qld",No,No,,,,,,,,,374427,,,,,,
,Griffith University,"170 Kessels Road, Nathan, Qld 4111",Laboratory Consumables,16/01/2023,27500,Team Medical Supplies,"Dural, NSW",No,No,,,,,,,,,374422,,,,,,
,Griffith University,"170 Kessels Road, Nathan, Qld 4111",Building Construction & Maintenance,17/01/2023,14971,A.G. Coombs Advisory Pty Ltd,"Moorabbin, Vic",No,No,,,,,,,,,374520,,,,,,
,Griffith University,"170 Kessels Road, Nathan, Qld 4111",Equipment Purchase,17/01/2023,24341,Australian Bay Lobster Producers Limited,"Chinderah, NSW",No,No,,,,,,,,,374457,,,,,,
,Griffith University,"170 Kessels Road, Nathan, Qld 4111",Accreditation Fees,17/01/2023,41250,Australian Dental Council,"Melbourne, VIC",No,No,,,,,,,,,1995174,,,,,,
,Griffith University,"170 Kessels Road, Nathan, Qld 4111",Legal Fees,17/01/2023,19580,Clayton Utz,"Brisbane, Qld",No,No,,,,,,,,,1996454,,,,,,
,Griffith University,"170 Kessels Road, Nathan, Qld 4111",External Course Delivery,17/01/2023,45000,Elise Stephenson,Qld,No,No,,,,,,,,,1996442,,,,,,
,Griffith University,"170 Kessels Road, Nathan, Qld 4111",Electricity / Gas Supply,17/01/2023,15950,Ergon Energy,"Brisbane, Qld",No,No,,,,,,,,,374495,,,,,,
,Griffith University,"170 Kessels Road, Nathan, Qld 4111",Consultancy Services,17/01/2023,68640,Global Reviews (Asia Pacific) Pty Ltd,"Melbourne, Vic",No,No,,,,,,,,,374481,,,,,,
,Griffith University,"170 Kessels Road, Nathan, Qld 4111",Consultancy Services,17/01/2023,21330,Globalise Consulting,"Willianstown, Vic",No,No,,,,,,,,,374467,,,,,,
,Griffith University,"170 Kessels Road, Nathan, Qld 4111",Health & Safety Expenses,17/01/2023,121000,Lifeline Direct Limited,"Warrnambool,VIC",No,No,,,,,,,,,374498,,,,,,
,Griffith University,"170 Kessels Road, Nathan, Qld 4111",Subscription/Licence Fees Software,17/01/2023,79200,Liftango Pty Ltd,"Newcastle West, Nsw",No,No,,,,,,,,,374471,,,,,,
,Griffith University,"170 Kessels Road, Nathan, Qld 4111",Commission Payment,17/01/2023,56485,Open Universities Australia,"Melbourne, VIC",No,No,,,,,,,,,1995905,,,,,,
,Griffith University,"170 Kessels Road, Nathan, Qld 4111",Telecommunications Expenditure,17/01/2023,21559,Ssr Web Dev,USA,No,No,,,,,,,,,1997031,,,,,,
,Griffith University,"170 Kessels Road, Nathan, Qld 4111",Consultancy Services,17/01/2023,22000,Sta Communication,"Brisbane, Qld",No,No,,,,,,,,,374497,,,,,,
,Griffith University,"170 Kessels Road, Nathan, Qld 4111",Consultancy Services,17/01/2023,11741,Walter & Eliza Hall Institute Of Med Res,"Parkville, Vic",No,No,,,,,,,,,1996383,,,,,,
,Griffith University,"170 Kessels Road, Nathan, Qld 4111",Consultancy Services,17/01/2023,11741,Walter & Eliza Hall Institute Of Med Res,"Parkville, Vic",No,No,,,,,,,,,1996383,,,,,,
,Griffith University,"170 Kessels Road, Nathan, Qld 4111",Building Construction & Maintenance,18/01/2023,11993,365 Construction Services Pty Ltd,"Morningside, Qld",No,No,,,,,,,,,374576,,,,,,
,Griffith University,"170 Kessels Road, Nathan, Qld 4111",Laboratory Consumables,18/01/2023,16500,Adelab Scientific,"Thebarton, SA",No,No,,,,,,,,,374548,,,,,,
,Griffith University,"170 Kessels Road, Nathan, Qld 4111",Laboratory Consumables,18/01/2023,22000,Bio-Strategy Pty Limited,"Campbellfield, VIC",No,No,,,,,,,,,374561,,,,,,
,Griffith University,"170 Kessels Road, Nathan, Qld 4111",Consultancy Services,18/01/2023,16500,Digital Storytellers Limited,"Darlinghurst, NSW",No,No,,,,,,,,,374542,,,,,,
,Griffith University,"170 Kessels Road, Nathan, Qld 4111",Consultancy Services,18/01/2023,156717,Kpmg,"Melbourne, Vic",No,No,,,,,,,,,374535 2015331,,,,,,
,Griffith University,"170 Kessels Road, Nathan, Qld 4111",Subscription/Licence Fees Software,18/01/2023,29453,Leap Australia Pty Ltd,"Manly, NSW",No,No,,,,,,,,,374532,,,,,,
,Griffith University,"170 Kessels Road, Nathan, Qld 4111",Equipment Maintenance,18/01/2023,32971,Tecniplast Australia Pty Limited,"Lane Cove, NSW",No,No,,,,,,,,,374579,,,,,,
,Griffith University,"170 Kessels Road, Nathan, Qld 4111",Vehicle Maintenance,18/01/2023,44000,Tyre & Auto Pty Ltd,"Sunnybank, Qld",No,No,,,,,,,,,374545,,,,,,
,Griffith University,"170 Kessels Road, Nathan, Qld 4111",Recruitment/Placement Fees,18/01/2023,212355,U&U Recruitment Partners,"Brisbane, Qld",No,No,,,,,,,,,374530,,,,,,
,Griffith University,"170 Kessels Road, Nathan, Qld 4111",Vehicle Maintenance,18/01/2023,44000,Tyre & Auto Pty Ltd,"Sunnybank, Qld",No,No,,,,,,,,,374545,,,,,,
,Griffith University,"170 Kessels Road, Nathan, Qld 4111",Recruitment/Placement Fees,18/01/2023,623791,U&U Recruitment Partners,"Brisbane, Qld",No,No,,,,,,,,,374530,,,,,,
,Griffith University,"170 Kessels Road, Nathan, Qld 4111",Building Construction & Maintenance,19/01/2023,2906385,A.G. Coombs (Qld) Pty. Ltd.,"Fortitude Valley, Qld",No,No,Open,,,,,,,,375211,,,,,,
,Griffith University,"170 Kessels Road, Nathan, Qld 4111",Laboratory Consumables,19/01/2023,22000,Ansell Healthcare,"Melbourne, Vic",No,No,,,,,,,,,374603,,,,,,
,Griffith University,"170 Kessels Road, Nathan, Qld 4111",Laboratory Consumables,19/01/2023,29967,Beckman Coulter Australia P/L,"Gladesville, Nsw",No,No,,,,,,,,,374628,,,,,,
,Griffith University,"170 Kessels Road, Nathan, Qld 4111",Dental Supplies,19/01/2023,20754,Dentsply Sirona Pty Ltd,"Mount Waverley, Vic",No,No,,,,,,,,,374593,,,,,,
,Griffith University,"170 Kessels Road, Nathan, Qld 4111",Scientific Equipment,19/01/2023,648189,Formulatrix International Trading Fz-Llc,Dubai,No,No,Limited,b - (iii) The absence of competition for technical reasons which can only be supplied by a particular supplier and no reasonable alternative exists,,,,,,,374642,,,,,,
,Griffith University,"170 Kessels Road, Nathan, Qld 4111",Vehicle Maintenance,19/01/2023,27500,Grand Motors,"Gold Coast, Qld",No,No,,,,,,,,,374617,,,,,,
,Griffith University,"170 Kessels Road, Nathan, Qld 4111",Vehicle Maintenance,19/01/2023,13200,Oldmac Toyota,"Springwood, Qld",No,No,,,,,,,,,374598,,,,,,
,Griffith University,"170 Kessels Road, Nathan, Qld 4111",Electricity / Gas Supply,19/01/2023,165000,Origin Energy Retail Limited,"Barangaroo, NSW",No,No,,,,,,,,,374597,,,,,,
,Griffith University,"170 Kessels Road, Nathan, Qld 4111",Hire/Lease Fees,19/01/2023,46200,Queensland Hire,"Underwood, Qld",No,No,,,,,,,,,374619,,,,,,
,Griffith University,"170 Kessels Road, Nathan, Qld 4111",Subscription/Licence Fees Software,19/01/2023,125000,Recollect Ltd,"Grenada North, NSW",No,No,,,,,,,,,374590,,,,,,
,Griffith University,"170 Kessels Road, Nathan, Qld 4111",Subscription/Licence Fees Software,19/01/2023,128711,"Securityscorecard, Inc.",USA,No,No,,,,,,,,,374589,,,,,,
,Griffith University,"170 Kessels Road, Nathan, Qld 4111",Cleaning Services,19/01/2023,30789,Smart Cleaning Solutions (Aust) Pty Ltd,"Mount Waverley, Vic",No,No,,,,,,,,,374599,,,,,,
,Griffith University,"170 Kessels Road, Nathan, Qld 4111",Scientific Equipment,19/01/2023,18414,Spectris Australia Pty. Limited,"Chipping Norton, NSW",No,No,,,,,,,,,374620,,,,,,
,Griffith University,"170 Kessels Road, Nathan, Qld 4111",Building Construction & Maintenance,20/01/2023,35490,A1 Building & Property Solutions Pty Ltd,"The Gap, Qld",No,No,,,,,,,,,374660,,,,,,
,Griffith University,"170 Kessels Road, Nathan, Qld 4111",Subscription/Licence Fees Software,20/01/2023,262113,Alibaba Cloud (Singapore) Private Limite,"Sydney, NSW",No,No,,,,,,,,,374681,,,,,,
,Griffith University,"170 Kessels Road, Nathan, Qld 4111",Laboratory Consumables,20/01/2023,11000,Becton Dickinson Pty Ltd,"Eight Mile Plains, Qld",No,No,,,,,,,,,374677,,,,,,
,Griffith University,"170 Kessels Road, Nathan, Qld 4111",Event Expenditure,20/01/2023,90200,Brisbane Convention And Exhibition Centr,"Brisbane, Qld ",No,No,,,,,,,,,374676,,,,,,
,Griffith University,"170 Kessels Road, Nathan, Qld 4111",Printing Expenses,20/01/2023,71541,Cpx Pty Ltd,"Kelvin Grove, Qld",No,No,,,,,,,,,374689,,,,,,
,Griffith University,"170 Kessels Road, Nathan, Qld 4111",Telecommunications Expenditure,20/01/2023,65400,Data #3 Limited,"Indooroopilly, Qld",No,No,,,,,,,,,374645,,,,,,
,Griffith University,"170 Kessels Road, Nathan, Qld 4111",Telecommunications Expenditure,20/01/2023,80651,Data #3 Limited,"Indooroopilly, Qld",No,No,,,,,,,,,374683,,,,,,
,Griffith University,"170 Kessels Road, Nathan, Qld 4111",Memberships/Subscriptions,20/01/2023,251460,Gartner Australasia Pty Limited,"Sydney, NSW",No,No,,,,,,,,,374650,,,,,,
,Griffith University,"170 Kessels Road, Nathan, Qld 4111",Laboratory Consumables,20/01/2023,55000,Interpath Services Pty Ltd,"Heidenlberg West, Vic",No,No,,,,,,,,,374657,,,,,,
,Griffith University,"170 Kessels Road, Nathan, Qld 4111",Laboratory Consumables,20/01/2023,11000,Interpath Services Pty Ltd,"Heidenlberg West, Vic",No,No,,,,,,,,,374680,,,,,,
,Griffith University,"170 Kessels Road, Nathan, Qld 4111",Laboratory Consumables,20/01/2023,33000,Pathtech Pty Ltd,"Preston, Vic",No,No,,,,,,,,,374658,,,,,,
,Griffith University,"170 Kessels Road, Nathan, Qld 4111",Scientific Equipment,20/01/2023,13916,Rowe Scientific Pty Ltd,"Wacol, Qld",No,No,,,,,,,,,374648,,,,,,
,Griffith University,"170 Kessels Road, Nathan, Qld 4111",Laboratory Consumables,20/01/2023,44000,Sarstedt Australia Pty Ltd,"Ingle Farm, SA",No,No,,,,,,,,,374659,,,,,,
,Griffith University,"170 Kessels Road, Nathan, Qld 4111",Laboratory Consumables,20/01/2023,11000,Vital Medical Supplies,"Kingsgrove, NSW",No,No,,,,,,,,,374679,,,,,,
,Griffith University,"170 Kessels Road, Nathan, Qld 4111",Laboratory Consumables,20/01/2023,11000,Vital Medical Supplies,"Kingsgrove, NSW",No,No,,,,,,,,,374679,,,,,,
,Griffith University,"170 Kessels Road, Nathan, Qld 4111",Audio Visual Equipment,21/01/2023,22000,Luminous A/V & Electrical Pty Ltd,"Toowong, Qld",No,No,,,,,,,,,374711,,,,,,
,Griffith University,"170 Kessels Road, Nathan, Qld 4111",Laboratory Consumables,23/01/2023,55000,Ansell Healthcare,"Melbourne, Vic",No,No,,,,,,,,,374722,,,,,,
,Griffith University,"170 Kessels Road, Nathan, Qld 4111",Laboratory Consumables,23/01/2023,49500,Bio-Strategy Pty Limited,"Campbellfield, VIC",No,No,,,,,,,,,374723,,,,,,
,Griffith University,"170 Kessels Road, Nathan, Qld 4111",Audio Visual Equipment,23/01/2023,85787,Bsg Brisbane Sound Group,"Northgate, Qld",No,No,,,,,,,,,374772,,,,,,
,Griffith University,"170 Kessels Road, Nathan, Qld 4111",Laboratory Consumables,23/01/2023,27500,Chem-Supply Pty Ltd,"Gillman, SA",No,No,,,,,,,,,374732,,,,,,
,Griffith University,"170 Kessels Road, Nathan, Qld 4111",Laboratory Consumables,23/01/2023,38500,Chem-Supply Pty Ltd,"Gillman, SA",No,No,,,,,,,,,374735,,,,,,
,Griffith University,"170 Kessels Road, Nathan, Qld 4111",Consultancy Services,23/01/2023,52500,Donna Louise Loveridge,Vic,No,No,,,,,,,,,374767,,,,,,
,Griffith University,"170 Kessels Road, Nathan, Qld 4111",Equipment Maintenance,23/01/2023,82500,Getinge Australia Pty Ltd,"Bulimba, Qld",No,No,,,,,,,,,374768,,,,,,
,Griffith University,"170 Kessels Road, Nathan, Qld 4111",Subscription/Licence Fees Software,23/01/2023,25300,Hal Leonard Australia Pty Ltd,"Cheltenham, Vic",No,No,,,,,,,,,374731,,,,,,
,Griffith University,"170 Kessels Road, Nathan, Qld 4111",Building Construction & Maintenance,23/01/2023,34650,Hancey'S Turf Supplies,"Buddina, QLD",No,No,,,,,,,,,374754,,,,,,
,Griffith University,"170 Kessels Road, Nathan, Qld 4111",Laboratory Consumables,23/01/2023,16500,Harris Technology Pty Ltd,"Hallam, Vic",No,No,,,,,,,,,374747,,,,,,
,Griffith University,"170 Kessels Road, Nathan, Qld 4111",Laboratory Consumables,23/01/2023,38500,Labtek Pty Ltd,"Oakleigh, Vic",No,No,,,,,,,,,374724,,,,,,
,Griffith University,"170 Kessels Road, Nathan, Qld 4111",Laboratory Consumables,23/01/2023,16500,Machine Technology Pty Ltd,"Kogarah, NSW",No,No,,,,,,,,,374725,,,,,,
,Griffith University,"170 Kessels Road, Nathan, Qld 4111",Laboratory Consumables,23/01/2023,11000,Merck Pty Ltd,"Bayswater, Vic",No,No,,,,,,,,,374716,,,,,,
,Griffith University,"170 Kessels Road, Nathan, Qld 4111",Laboratory Consumables,23/01/2023,11000,Merck Pty Ltd,"Bayswater, Vic",No,No,,,,,,,,,374736,,,,,,
,Griffith University,"170 Kessels Road, Nathan, Qld 4111",Consultancy Services,23/01/2023,20000,Mitchell River Traditional Custodian,"Corinda, Qld",No,No,,,,,,,,,374788,,,,,,
,Griffith University,"170 Kessels Road, Nathan, Qld 4111",Laboratory Consumables,23/01/2023,38500,Pathtech Pty Ltd,"Preston, Vic",No,No,,,,,,,,,374737,,,,,,
,Griffith University,"170 Kessels Road, Nathan, Qld 4111",Laboratory Consumables,23/01/2023,44000,Sarstedt Australia Pty Ltd,"Ingle Farm, SA",No,No,,,,,,,,,374740,,,,,,
,Griffith University,"170 Kessels Road, Nathan, Qld 4111",Laboratory Consumables,23/01/2023,38500,Sigma Aldrich Pty Ltd,"Castle Hill, NSW",No,No,,,,,,,,,374742,,,,,,
,Griffith University,"170 Kessels Road, Nathan, Qld 4111",Laboratory Consumables,23/01/2023,27500,The Trustee For The Spencer Brands Group,"Pine Mountain, Qld",No,No,,,,,,,,,374744,,,,,,
,Griffith University,"170 Kessels Road, Nathan, Qld 4111",Laboratory Consumables,23/01/2023,11000,Winc Australia Pty Ltd,"Alexandria, NSW",No,No,,,,,,,,,374721,,,,,,
,Griffith University,"170 Kessels Road, Nathan, Qld 4111",Laboratory Consumables,23/01/2023,11000,Winc Australia Pty Ltd,"Alexandria, NSW",No,No,,,,,,,,,374741,,,,,,
,Griffith University,"170 Kessels Road, Nathan, Qld 4111",Laboratory Consumables,23/01/2023,22000,World Courier (Aust) Pty Ltd,"Mascot, Nsw",No,No,,,,,,,,,374749,,,,,,
,Griffith University,"170 Kessels Road, Nathan, Qld 4111",Laboratory Consumables,23/01/2023,11000,Winc Australia Pty Ltd,"Alexandria, NSW",No,No,,,,,,,,,374721,,,,,,
,Griffith University,"170 Kessels Road, Nathan, Qld 4111",Laboratory Consumables,23/01/2023,11000,Winc Australia Pty Ltd,"Alexandria, NSW",No,No,,,,,,,,,374741,,,,,,
,Griffith University,"170 Kessels Road, Nathan, Qld 4111",Laboratory Consumables,23/01/2023,22000,World Courier (Aust) Pty Ltd,"Mascot, Nsw",No,No,,,,,,,,,374749,,,,,,
,Griffith University,"170 Kessels Road, Nathan, Qld 4111",Laboratory Consumables,24/01/2023,16500,Alphabond Dental Pty Ltd,"Willoughby, NSW",No,No,,,,,,,,,374803,,,,,,
,Griffith University,"170 Kessels Road, Nathan, Qld 4111",Consultancy Services,24/01/2023,17600,Bmt Wbm Pty Ltd,"Spring Hill, Qld",No,No,,,,,,,,,1998250,,,,,,
,Griffith University,"170 Kessels Road, Nathan, Qld 4111",Laboratory Consumables,24/01/2023,192500,Boc Limited,"Labrador, Qld",No,No,,,,,,,,,374806,,,,,,
,Griffith University,"170 Kessels Road, Nathan, Qld 4111",Legal Fees,24/01/2023,38409,Clayton Utz,"Brisbane, Qld",No,No,,,,,,,,,1997395,,,,,,
,Griffith University,"170 Kessels Road, Nathan, Qld 4111",Laboratory Consumables,24/01/2023,165000,Coregas Pty Ltd,"Yennora, Nsw",No,No,,,,,,,,,374805,,,,,,
,Griffith University,"170 Kessels Road, Nathan, Qld 4111",Electricity / Gas Supply,24/01/2023,49500,Cryoforce,"Loganholme, Qld",No,No,,,,,,,,,374802,,,,,,
,Griffith University,"170 Kessels Road, Nathan, Qld 4111",Building Construction & Maintenance,24/01/2023,15950,Dm2Architecture Pty Ltd,"Petrie Terrace, Qld",No,No,,,,,,,,,374795,,,,,,
,Griffith University,"170 Kessels Road, Nathan, Qld 4111",Marketing Fees,24/01/2023,24636,Gostralia-Gomerica,Germany,No,No,,,,,,,,,1997511,,,,,,
,Griffith University,"170 Kessels Road, Nathan, Qld 4111",Relocation Services,24/01/2023,13321,Grace Worldwide (Australia) Pty Ltd,"Seven Hills, Nsw",No,No,,,,,,,,,1997585,,,,,,
,Griffith University,"170 Kessels Road, Nathan, Qld 4111",Consultancy Services,24/01/2023,52800,Insight Management Consultants P/L,"Melbourne, VIC",No,No,,,,,,,,,1998263,,,,,,
,Griffith University,"170 Kessels Road, Nathan, Qld 4111",Scientific Equipment,24/01/2023,385000,Millennium Science Pty Ltd,"Mulgrave, Vic",Yes,No,,,,,,,,,374791,,,,,,
,Griffith University,"170 Kessels Road, Nathan, Qld 4111",Reference Materials,24/01/2023,27500,Nearmap Australia Pty Ltd,"Barangaroo, NSW",No,No,,,,,,,,,1997857,,,,,,
,Griffith University,"170 Kessels Road, Nathan, Qld 4111",Building Construction & Maintenance,24/01/2023,10098,Norman Disney & Young,"North Sydney, NSW",No,No,,,,,,,,,374831,,,,,,
,Griffith University,"170 Kessels Road, Nathan, Qld 4111",Pathology Expenditure,24/01/2023,12550,Qualtrics Llc,"Provo, Ut, Usa",No,No,,,,,,,,,1998145,,,,,,
,Griffith University,"170 Kessels Road, Nathan, Qld 4111",Subscription/Licence Fees Software,24/01/2023,988029,Security & Technology Services (Sq) P/L,"Tingalpa, Qld",No,No,Selective,,,,,,,,GU-820,,,,,,
,Griffith University,"170 Kessels Road, Nathan, Qld 4111",Laboratory Consumables,24/01/2023,55000,Thermo Fisher Scientific Australia,"Scoresby, Vic",No,No,,,,,,,,,374804,,,,,,
,Griffith University,"170 Kessels Road, Nathan, Qld 4111",Reference Materials,24/01/2023,33492,Visible Body,USA,No,No,,,,,,,,,1996030,,,,,,
,Griffith University,"170 Kessels Road, Nathan, Qld 4111",Reference Materials,24/01/2023,33492,Visible Body,USA,No,No,,,,,,,,,1996030,,,,,,
,Griffith University,"170 Kessels Road, Nathan, Qld 4111",Freight Fees,25/01/2023,198000,Australia Post,"Brisbane, Qld",No,No,,,,,,,,,374870,,,,,,
,Griffith University,"170 Kessels Road, Nathan, Qld 4111",Building Construction & Maintenance,25/01/2023,28882207,Badge Constructions (Qld) Pty Ltd,"Bulimba, Qld",No,No,Open,,,,,,,,374868,,,,,,
,Griffith University,"170 Kessels Road, Nathan, Qld 4111",Building Construction & Maintenance,25/01/2023,1550107,Buildcorp Group Pty Limited,"Camperdown, NSW",Yes,No,Selective,,,,,,,,374869,,,,,,
,Griffith University,"170 Kessels Road, Nathan, Qld 4111",Memberships/Subscriptions,25/01/2023,11528,Caudit,"Kingston, ACT",No,No,,,,,,,,,374896,,,,,,
,Griffith University,"170 Kessels Road, Nathan, Qld 4111",Consultancy Services,25/01/2023,175560,Data #3 Limited,"Indooroopilly, Qld",No,No,,,,,,,,,374840,,,,,,
,Griffith University,"170 Kessels Road, Nathan, Qld 4111",Building Construction & Maintenance,25/01/2023,19470,Food Strategy,"East Geebung, Qld",No,No,,,,,,,,,374848,,,,,,
,Griffith University,"170 Kessels Road, Nathan, Qld 4111",Consultancy Services,25/01/2023,116600,Huie Consulting Pty Ltd,"Buddina, QLD",No,No,,,,,,,,,374845,,,,,,
,Griffith University,"170 Kessels Road, Nathan, Qld 4111",Consultancy Services,25/01/2023,11483,Rayns Services Ltd,UK,No,No,,,,,,,,,374871,,,,,,
,Griffith University,"170 Kessels Road, Nathan, Qld 4111",Consultancy Services,25/01/2023,12828,Rayns Services Ltd,UK,No,No,,,,,,,,,374872,,,,,,
,Griffith University,"170 Kessels Road, Nathan, Qld 4111",Subscription/Licence Fees Software,25/01/2023,785040,Refinitiv Australia Pty Limited,"Sydney, NSW",No,No,Limited,b - (iii) The absence of competition for technical reasons which can only be supplied by a particular supplier and no reasonable alternative exists,,,,,,,C01176 PR483562,,,,,,
,Griffith University,"170 Kessels Road, Nathan, Qld 4111",Building Construction & Maintenance,26/01/2023,22596,Emtek Furniture,"Deception Bay, Qld",No,No,,,,,,,,,374907,,,,,,
,Griffith University,"170 Kessels Road, Nathan, Qld 4111",Building Construction & Maintenance,27/01/2023,12408,A1 Building & Property Solutions Pty Ltd,"The Gap, Qld",No,No,,,,,,,,,374911,,,,,,
,Griffith University,"170 Kessels Road, Nathan, Qld 4111",Cleaning Services,27/01/2023,16500,Ashmore Commercial Laundry,"Molendinar, Qld",No,No,,,,,,,,,374947,,,,,,
,Griffith University,"170 Kessels Road, Nathan, Qld 4111",Building Construction & Maintenance,27/01/2023,26125,Hosmed Services Pty Ltd,"Virginia, QLD",No,No,,,,,,,,,374955,,,,,,
,Griffith University,"170 Kessels Road, Nathan, Qld 4111",Health & Safety Expenses,27/01/2023,11000,Sanofi-Aventis Australia Pty Ltd,"Macquarie Park, Nsw",No,No,,,,,,,,,374913,,,,,,
,Griffith University,"170 Kessels Road, Nathan, Qld 4111",Health & Safety Expenses,27/01/2023,11000,Sanofi-Aventis Australia Pty Ltd,"Macquarie Park, Nsw",No,No,,,,,,,,,374914,,,,,,
,Griffith University,"170 Kessels Road, Nathan, Qld 4111",Scientific Equipment,27/01/2023,64042,Sdr Scientific,"Chatswood, Nsw",No,No,,,,,,,,,374944,,,,,,
,Griffith University,"170 Kessels Road, Nathan, Qld 4111",Health & Safety Expenses,27/01/2023,44000,Team Medical Supplies,"Dural, Nsw",No,No,,,,,,,,,374910,,,,,,
,Griffith University,"170 Kessels Road, Nathan, Qld 4111",Health & Safety Expenses,27/01/2023,44000,Team Medical Supplies,"Dural, Nsw",No,No,,,,,,,,,374912,,,,,,
,Griffith University,"170 Kessels Road, Nathan, Qld 4111",Health & Safety Expenses,27/01/2023,11000,Team Medical Supplies,"Dural, Nsw",No,No,,,,,,,,,374915,,,,,,
,Griffith University,"170 Kessels Road, Nathan, Qld 4111",Debt Collection Fees,27/01/2023,55000,The Trustee For Ampac Unit Trust,"Sydney, Nsw",No,No,,,,,,,,,374908,,,,,,
,Griffith University,"170 Kessels Road, Nathan, Qld 4111",Audio Visual Equipment,28/01/2023,22000,Luminous A/V & Electrical Pty Ltd,"Toowong, Qld",No,No,,,,,,,,,374961,,,,,,
,Griffith University,"170 Kessels Road, Nathan, Qld 4111",Subscription/Licence Fees Software,30/01/2023,4100808,Copyright Agency Limited,"Sydney, Nsw",No,No,Limited,b - (iii) The absence of competition for technical reasons which can only be supplied by a particular supplier and no reasonable alternative exists,,,,,,,374171,,,,,,
,Griffith University,"170 Kessels Road, Nathan, Qld 4111",Scientific Equipment,30/01/2023,19379,Loligo Systems Aps,Denmark,No,No,,,,,,,,,374996,,,,,,
,Griffith University,"170 Kessels Road, Nathan, Qld 4111",Consultancy Services,30/01/2023,110000,Margaret Mary Judith Ridley,Qld,No,No,,,,,,,,,374982,,,,,,
,Griffith University,"170 Kessels Road, Nathan, Qld 4111",Consultancy Services,30/01/2023,77000,The Trustee For Davies Family Trust,"Moonee Ponds, Vic",No,No,,,,,,,,,374995,,,,,,
,Griffith University,"170 Kessels Road, Nathan, Qld 4111",Memberships/Subscriptions,30/01/2023,22000,University Of New South Wales,"Sydney, Nsw",No,No,,,,,,,,,374966,,,,,,
,Griffith University,"170 Kessels Road, Nathan, Qld 4111",Memberships/Subscriptions,30/01/2023,22000,University Of New South Wales,"Sydney, Nsw",No,No,,,,,,,,,374966,,,,,,
,Griffith University,"170 Kessels Road, Nathan, Qld 4111",Laboratory Consumables,31/01/2023,14850,Amer Sports Australia Pty Ltd,"Braeside, VIC",No,No,,,,,,,,,375002,,,,,,
,Griffith University,"170 Kessels Road, Nathan, Qld 4111",Scientific Equipment,31/01/2023,406400,Arrayjet Ltd,Scotland,No,No,,,,,,,,,375001,,,,,,
,Griffith University,"170 Kessels Road, Nathan, Qld 4111",Building Construction & Maintenance,31/01/2023,16500,Boc Limited,"Labrador, Qld",No,No,,,,,,,,,375004,,,,,,
,Griffith University,"170 Kessels Road, Nathan, Qld 4111",Building Construction & Maintenance,31/01/2023,16500,Boc Limited,"Labrador, Qld",No,No,,,,,,,,,375007,,,,,,
,Griffith University,"170 Kessels Road, Nathan, Qld 4111",Reference Materials,31/01/2023,50000,Cambridge University Press,"Port Melbourne, VIC",No,No,,,,,,,,,1997597,,,,,,
,Griffith University,"170 Kessels Road, Nathan, Qld 4111",Building Construction & Maintenance,31/01/2023,15400,Coogee Qca Pty Ltd,"Wynnum North, Qld",No,No,,,,,,,,,375003,,,,,,
,Griffith University,"170 Kessels Road, Nathan, Qld 4111",Freight Fees,31/01/2023,110000,Dhl Express (Australia) Pty Ltd,"Eagle Farm, Qld",No,No,,,,,,,,,375010,,,,,,
,Griffith University,"170 Kessels Road, Nathan, Qld 4111",Cleaning Services,31/01/2023,13200,Iss Facility Services Australia Limited,"Murarrie, Qld",No,No,,,,,,,,,375005,,,,,,
,Griffith University,"170 Kessels Road, Nathan, Qld 4111",Marketing Fees,31/01/2023,26873,Jsa Creative,"Brisbane, Qld",No,No,,,,,,,,,375037,,,,,,
,Griffith University,"170 Kessels Road, Nathan, Qld 4111",Equipment Maintenance,31/01/2023,25520,Luminous A/V & Electrical Pty Ltd,"Toowong, Qld",No,No,,,,,,,,,375042,,,,,,
,Griffith University,"170 Kessels Road, Nathan, Qld 4111",Consultancy Services,31/01/2023,82500,Nature Sydney Pty Ltd,"Lavender Bay, Nsw",No,No,,,,,,,,,375035,,,,,,
,Griffith University,"170 Kessels Road, Nathan, Qld 4111",Building Construction & Maintenance,31/01/2023,1059300,Philip Chun Accessibility Pty Ltd,"Sydney, Nsw",No,No,Selective,,,,,,,,375043,,,,,,
,Griffith University,"170 Kessels Road, Nathan, Qld 4111",Event Expenditure,31/01/2023,14501,Rydges South Bank Brisbane,"Brisbane, Qld",No,No,,,,,,,,,1998421,,,,,,
,Griffith University,"170 Kessels Road, Nathan, Qld 4111",Security Services,31/01/2023,18700,Spotless Facility Services Pty Ltd,"Melbourne, Vic",No,No,,,,,,,,,375006,,,,,,
,Griffith University,"170 Kessels Road, Nathan, Qld 4111",Dental Supplies,31/01/2023,35063,The Dentists Workshop Pty Ltd,"Bayswater, Vic",No,No,,,,,,,,,1998880,,,,,,
,Griffith University,"170 Kessels Road, Nathan, Qld 4111",Consultancy Services,31/01/2023,13826,University Of New England,"Armidale, Nsw",No,No,,,,,,,,,1999155,,,,,,
,Griffith University,"170 Kessels Road, Nathan, Qld 4111",Reference Materials,31/01/2023,34405,Uptodate Inc.,USA,No,No,,,,,,,,,1989656,,,,,,
,Griffith University,"170 Kessels Road, Nathan, Qld 4111",Consultancy Services,31/01/2023,13826,University Of New England,"Armidale, Nsw",No,No,,,,,,,,,1999155,,,,,,
,Griffith University,"170 Kessels Road, Nathan, Qld 4111",Reference Materials,31/01/2023,34405,Uptodate Inc.,USA,No,No,,,,,,,,,1989656,,,,,,
,Griffith University,"170 Kessels Road, Nathan, Qld 4111",Chemical/Biological Products,1/02/2023,120626,Bio-Strategy Pty Limited,"Campbellfield, Vic",No,No,,,,,,,,,375060,,,,,,
,Griffith University,"170 Kessels Road, Nathan, Qld 4111",Consultancy Services,1/02/2023,15525,Helen Johnson,Qld,No,No,,,,,,,,,1999383,,,,,,
,Griffith University,"170 Kessels Road, Nathan, Qld 4111",Security Services,1/02/2023,12012,Securcom Pty Ltd,"Brendale, Qld",No,No,,,,,,,,,1999376,,,,,,
,Griffith University,"170 Kessels Road, Nathan, Qld 4111",Memberships/Subscriptions,1/02/2023,14850,Tennis Brisbane,"Kedron, Qld",No,No,,,,,,,,,375066,,,,,,
,Griffith University,"170 Kessels Road, Nathan, Qld 4111",Building Construction & Maintenance,1/02/2023,12638,Testel Australia Pty Ltd,"Unley, Sa",No,No,,,,,,,,,375076,,,,,,
,Griffith University,"170 Kessels Road, Nathan, Qld 4111",Printing Expenses,1/02/2023,17895,The School Locker,"Yeronga, Qld",No,No,,,,,,,,,375077,,,,,,
,Griffith University,"170 Kessels Road, Nathan, Qld 4111",Building Construction & Maintenance,1/02/2023,92079,Value Added Asset Management Pty Ltd,"Darra, Qld",No,No,,,,,,,,,375084,,,,,,
,Griffith University,"170 Kessels Road, Nathan, Qld 4111",Building Construction & Maintenance,1/02/2023,92079,Value Added Asset Management Pty Ltd,"Darra, Qld",No,No,,,,,,,,,375084,,,,,,
,Griffith University,"170 Kessels Road, Nathan, Qld 4111",Consultancy Services,2/02/2023,26070,Datacomit,"Melbourne, Vic",No,No,,,,,,,,,375131,,,,,,
,Griffith University,"170 Kessels Road, Nathan, Qld 4111",Audio Visual Equipment,2/02/2023,10153,Logemas Pty Ltd,"Albion, Qld",No,No,,,,,,,,,375120,,,,,,
,Griffith University,"170 Kessels Road, Nathan, Qld 4111",Audio Visual Equipment,2/02/2023,10477,Videopro Pty Ltd,"Eagle Farm, Qld",No,No,,,,,,,,,375132,,,,,,
,Griffith University,"170 Kessels Road, Nathan, Qld 4111",Audio Visual Equipment,2/02/2023,159649,Videopro Pty Ltd,"Eagle Farm, Qld",No,No,,,,,,,,,375144,,,,,,
,Griffith University,"170 Kessels Road, Nathan, Qld 4111",Audio Visual Equipment,2/02/2023,10477,Videopro Pty Ltd,"Eagle Farm, Qld",No,No,,,,,,,,,375132,,,,,,
,Griffith University,"170 Kessels Road, Nathan, Qld 4111",Audio Visual Equipment,2/02/2023,159649,Videopro Pty Ltd,"Eagle Farm, Qld",No,No,,,,,,,,,375144,,,,,,
,Griffith University,"170 Kessels Road, Nathan, Qld 4111",Building Construction & Maintenance,3/02/2023,76020,Carseldine Air Conditioning Pty. Ltd.,"Everton Hills, Qld",No,No,,,,,,,,,375215,,,,,,
,Griffith University,"170 Kessels Road, Nathan, Qld 4111",Printing Expenses,3/02/2023,15840,Cpx Pty Ltd,"Kelvin Grove, Qld",No,No,,,,,,,,,375185,,,,,,
,Griffith University,"170 Kessels Road, Nathan, Qld 4111",Building Construction & Maintenance,3/02/2023,10723,E.D.C. Systems Pty Ltd,"Cannon Hill, Qld",No,No,,,,,,,,,375168,,,,,,
,Griffith University,"170 Kessels Road, Nathan, Qld 4111",Consultancy Services,3/02/2023,57000,Innanguard Pty Ltd,"Mount Nebo, Qld",No,No,,,,,,,,,375159,,,,,,
,Griffith University,"170 Kessels Road, Nathan, Qld 4111",Chemical/Biological Products,3/02/2023,18922,Integrated Dna Technologies Aust Pty Ltd,"Baulkham Hills, Nsw",No,No,,,,,,,,,375158,,,,,,
,Griffith University,"170 Kessels Road, Nathan, Qld 4111",Inventory Expenses,3/02/2023,11000,Leisure Link (Aust) Pty Ltd,"Bankstown, Nsw",No,No,,,,,,,,,375165,,,,,,
,Griffith University,"170 Kessels Road, Nathan, Qld 4111",Building Construction & Maintenance,3/02/2023,12868,Logemas Pty Ltd,"Albion, Qld",No,No,,,,,,,,,375157,,,,,,
,Griffith University,"170 Kessels Road, Nathan, Qld 4111",Consultancy Services,4/02/2023,71500,Lygon Group Pty Ltd,"Albert Park, Vic",No,No,,,,,,,,,375221,,,,,,
,Griffith University,"170 Kessels Road, Nathan, Qld 4111",Building Construction & Maintenance,4/02/2023,29480,Multitech Solutions Pty Ltd,"Coorparoo, Qld",No,No,,,,,,,,,375219,,,,,,
,Griffith University,"170 Kessels Road, Nathan, Qld 4111",Event Expenditure,6/02/2023,229431,Brisbane Convention And Exhibition Centr,"Brisbane, Qld ",No,No,,,,,,,,,1999957,,,,,,
,Griffith University,"170 Kessels Road, Nathan, Qld 4111",External Course Delivery,6/02/2023,11531,Jeevika Weerahewa,Sri Lanka,No,No,,,,,,,,,1999878,,,,,,
,Griffith University,"170 Kessels Road, Nathan, Qld 4111",Scientific Equipment,6/02/2023,119539,Newspec Unit Trust,"Adelaide, Sa",No,No,,,,,,,,,375263,,,,,,
,Griffith University,"170 Kessels Road, Nathan, Qld 4111",Building Construction & Maintenance,7/02/2023,55000,365 Construction Services Pty Ltd,"Morningside, Qld",No,No,,,,,,,,,375331,,,,,,
,Griffith University,"170 Kessels Road, Nathan, Qld 4111",Building Construction & Maintenance,7/02/2023,44000,Aegis Safety Pty Ltd,"Geebung, Qld",No,No,,,,,,,,,375332,,,,,,
,Griffith University,"170 Kessels Road, Nathan, Qld 4111",Building Construction & Maintenance,7/02/2023,77000,Airelec Electrical Services Pty Ltd,"Elanora, Qld",No,No,,,,,,,,,375333,,,,,,
,Griffith University,"170 Kessels Road, Nathan, Qld 4111",Building Construction & Maintenance,7/02/2023,99000,All Door Solutions Pty Ltd,"Loganholme, Qld",No,No,,,,,,,,,375334,,,,,,
,Griffith University,"170 Kessels Road, Nathan, Qld 4111",Building Construction & Maintenance,7/02/2023,11000,Anning Curtains,"Southport, Qld",No,No,,,,,,,,,375335,,,,,,
,Griffith University,"170 Kessels Road, Nathan, Qld 4111",Building Construction & Maintenance,7/02/2023,55000,Aquatrax Pty Ltd T/A Team Irrigation Sol,"Capalaba, Qld",No,No,,,,,,,,,375336,,,,,,
,Griffith University,"170 Kessels Road, Nathan, Qld 4111",Building Construction & Maintenance,7/02/2023,11000,Archer Glass Pty Ltd,"Mt Gravatt, Qld",No,No,,,,,,,,,375337,,,,,,
,Griffith University,"170 Kessels Road, Nathan, Qld 4111",Laboratory Consumables,7/02/2023,220000,Cosmetic Dental Design,"Bundall, Qld",No,No,,,,,,,,,375314,,,,,,
,Griffith University,"170 Kessels Road, Nathan, Qld 4111",Inventory Expenses,7/02/2023,13200,Federal Express (Australia) Pty. Ltd.,"Sydney, Nsw",No,No,,,,,,,,,375288,,,,,,
,Griffith University,"170 Kessels Road, Nathan, Qld 4111",Consultancy Services,7/02/2023,32780,Foresight Improvement Through People P/L,"Mount Coolu, Qld",Yes,No,,,,,,,,,375327,,,,,,
,Griffith University,"170 Kessels Road, Nathan, Qld 4111",Building Construction & Maintenance,7/02/2023,16720,Geleon Pty Ltd,"Nerang, Qld",No,No,,,,,,,,,375310,,,,,,
,Griffith University,"170 Kessels Road, Nathan, Qld 4111",Building Construction & Maintenance,7/02/2023,19030,Geleon Pty Ltd,"Nerang, Qld",No,No,,,,,,,,,375330,,,,,,
,Griffith University,"170 Kessels Road, Nathan, Qld 4111",Building Construction & Maintenance,7/02/2023,33000,I & R Electrical,"Ashmore, Qld",No,No,,,,,,,,,375346,,,,,,
,Griffith University,"170 Kessels Road, Nathan, Qld 4111",Building Construction & Maintenance,7/02/2023,38500,Magnetic Automation Pty Ltd,"Loganholme, Qld",No,No,,,,,,,,,375312,,,,,,
,Griffith University,"170 Kessels Road, Nathan, Qld 4111",Chemical/Biological Products,7/02/2023,13200,New England Biolabs Pty Ltd,"Notting Hill, Vic",No,No,,,,,,,,,375289,,,,,,
,Griffith University,"170 Kessels Road, Nathan, Qld 4111",Commission Payment,7/02/2023,1169914,Open Universities Australia,"Melbourne, Vic",No,No,Limited,b - (iii) The absence of competition for technical reasons which can only be supplied by a particular supplier and no reasonable alternative exists,,,,,,,1998824,,,,,,
,Griffith University,"170 Kessels Road, Nathan, Qld 4111",Building Construction & Maintenance,7/02/2023,27500,Pothole People Qld,"Hemmant, Qld",No,No,,,,,,,,,375348,,,,,,
,Griffith University,"170 Kessels Road, Nathan, Qld 4111",Consultancy Services,7/02/2023,34100,Sage Insights Australia Pty Ltd,"Pasadena, Sa",No,No,,,,,,,,,375326,,,,,,
,Griffith University,"170 Kessels Road, Nathan, Qld 4111",Building Construction & Maintenance,7/02/2023,30776,Urban Joinery Solutions Pty Ltd,"Browns Plains, Qld",No,No,,,,,,,,,375319,,,,,,
,Griffith University,"170 Kessels Road, Nathan, Qld 4111",Health & Safety Expenses,7/02/2023,35368,Vaxworks Health Services Pty Ltd,"Milton, Qld",No,No,,,,,,,,,375325,,,,,,
,Griffith University,"170 Kessels Road, Nathan, Qld 4111",Building Construction & Maintenance,7/02/2023,30776,Urban Joinery Solutions Pty Ltd,"Browns Plains, Qld",No,No,,,,,,,,,375319,,,,,,
,Griffith University,"170 Kessels Road, Nathan, Qld 4111",Health & Safety Expenses,7/02/2023,35368,Vaxworks Health Services Pty Ltd,"Milton, Qld",No,No,,,,,,,,,375325,,,,,,
,Griffith University,"170 Kessels Road, Nathan, Qld 4111",Building Construction & Maintenance,8/02/2023,110000,Amalgamated Property Maint. Brisbane P/L,"Rochedale South, Qld",No,No,,,,,,,,,375374,,,,,,
,Griffith University,"170 Kessels Road, Nathan, Qld 4111",Subscription/Licence Fees Software,8/02/2023,21658,Aquion Pty Ltd,"Mosman, Nsw",No,No,,,,,,,,,375423,,,,,,
,Griffith University,"170 Kessels Road, Nathan, Qld 4111",Building Construction & Maintenance,8/02/2023,22000,Asap Glass Pty Ltd,"Nerang, Qld",No,No,,,,,,,,,375362,,,,,,
,Griffith University,"170 Kessels Road, Nathan, Qld 4111",Building Construction & Maintenance,8/02/2023,33000,Assa Abloy Entrance Systems Australia Pt,"Clayton, Vic",No,No,,,,,,,,,375363,,,,,,
,Griffith University,"170 Kessels Road, Nathan, Qld 4111",Building Construction & Maintenance,8/02/2023,33000,Bell Spec Pty Ltd T/A Southport Carpets,"Southport, Qld",No,No,,,,,,,,,375364,,,,,,
,Griffith University,"170 Kessels Road, Nathan, Qld 4111",Building Construction & Maintenance,8/02/2023,110000,Bob Shannon Building Contractor,"Carrara, Qld",No,No,,,,,,,,,375365,,,,,,
,Griffith University,"170 Kessels Road, Nathan, Qld 4111",Building Construction & Maintenance,8/02/2023,44000,Bunnings Group Limited,"Brisbane, Qld",No,No,,,,,,,,,375367,,,,,,
,Griffith University,"170 Kessels Road, Nathan, Qld 4111",Building Construction & Maintenance,8/02/2023,20900,Citec,"Brisbane, Qld",No,No,,,,,,,,,375406,,,,,,
,Griffith University,"170 Kessels Road, Nathan, Qld 4111",Subscription/Licence Fees Software,8/02/2023,27972,Clarivate Analytics (Uk) Limited,"London, UK",No,No,,,,,,,,,375425,,,,,,
,Griffith University,"170 Kessels Road, Nathan, Qld 4111",Building Construction & Maintenance,8/02/2023,22000,Clean-Air (Aust) Pty. Ltd.,"Acacia Ridge, Qld",No,No,,,,,,,,,375368,,,,,,
,Griffith University,"170 Kessels Road, Nathan, Qld 4111",Building Construction & Maintenance,8/02/2023,55000,Crown Mechanical Electrical Pty Ltd,"Rochedale South, Qld",No,No,,,,,,,,,375438,,,,,,
,Griffith University,"170 Kessels Road, Nathan, Qld 4111",Cleaning Services,8/02/2023,27500,Dms Cleaning Service,"Hollywell, Qld",No,No,,,,,,,,,375369,,,,,,
,Griffith University,"170 Kessels Road, Nathan, Qld 4111",Building Construction & Maintenance,8/02/2023,22000,Dorma Hueppe Pty Ltd,"Regents Park, Nsw",No,No,,,,,,,,,375370,,,,,,
,Griffith University,"170 Kessels Road, Nathan, Qld 4111",Building Construction & Maintenance,8/02/2023,55000,E.D.C. Systems Pty Ltd,"Cannon Hill, Qld",No,No,,,,,,,,,375439,,,,,,
,Griffith University,"170 Kessels Road, Nathan, Qld 4111",Memberships/Subscriptions,8/02/2023,24000,Electronics Watch,Netherlands,No,No,,,,,,,,,2051284,,,,,,
,Griffith University,"170 Kessels Road, Nathan, Qld 4111",Building Construction & Maintenance,8/02/2023,22000,Elemental Shade Structures,"Meadowbrook, Qld",No,No,,,,,,,,,375441,,,,,,
,Griffith University,"170 Kessels Road, Nathan, Qld 4111",Building Construction & Maintenance,8/02/2023,11000,Gold Coast Generators Pty Ltd,"Biggera Waters, Qld",No,No,,,,,,,,,375376,,,,,,
,Griffith University,"170 Kessels Road, Nathan, Qld 4111",Subscription/Licence Fees Software,8/02/2023,10494,Graphpad Software Llc,"Boston, Ma, Usa",No,No,,,,,,,,,375422,,,,,,
,Griffith University,"170 Kessels Road, Nathan, Qld 4111",Inventory Expenses,8/02/2023,11000,Gray-Nicolls Sports Pty Ltd,"Cheltenham, Vic",No,No,,,,,,,,,375421,,,,,,
,Griffith University,"170 Kessels Road, Nathan, Qld 4111",Building Construction & Maintenance,8/02/2023,110000,Haymans Electrical Pty Ltd,"Archerfield, Qld",No,No,,,,,,,,,375377,,,,,,
,Griffith University,"170 Kessels Road, Nathan, Qld 4111",Building Construction & Maintenance,8/02/2023,77000,Hosmed Services Pty Ltd,"Virginia, Qld",No,No,,,,,,,,,375378,,,,,,
,Griffith University,"170 Kessels Road, Nathan, Qld 4111",Commission Payment,8/02/2023,399816,Idp Education Pty Ltd,"Melbourne, Vic",No,No,,,,,,,,,2000266,,,,,,
,Griffith University,"170 Kessels Road, Nathan, Qld 4111",Event Expenditure,8/02/2023,13916,Intercontinental Sanctuary Cove Resort,"Sanctuary Cove, Qld",No,No,,,,,,,,,375404,,,,,,
,Griffith University,"170 Kessels Road, Nathan, Qld 4111",Building Construction & Maintenance,8/02/2023,22000,Jaf Australia Pty Ltd,"Yatala, Qld",No,No,,,,,,,,,375380,,,,,,
,Griffith University,"170 Kessels Road, Nathan, Qld 4111",Security Services,8/02/2023,44000,John Barnes & Co (Qld) Pty Ltd,"Salisbury, Qld",No,No,,,,,,,,,375381,,,,,,
,Griffith University,"170 Kessels Road, Nathan, Qld 4111",Building Construction & Maintenance,8/02/2023,110000,Logical Line Marking,"Underwood, Qld",No,No,,,,,,,,,375399,,,,,,
,Griffith University,"170 Kessels Road, Nathan, Qld 4111",Memberships/Subscriptions,8/02/2023,47002,Medical Deans Australia & Nz Inc,"Sydney, Nsw",No,No,,,,,,,,,1997590,,,,,,
,Griffith University,"170 Kessels Road, Nathan, Qld 4111",Building Construction & Maintenance,8/02/2023,11000,Merck Pty Ltd,"Bayswater, Vic",No,No,,,,,,,,,375383,,,,,,
,Griffith University,"170 Kessels Road, Nathan, Qld 4111",Building Construction & Maintenance,8/02/2023,55000,Mirage Doors (Aust) Pty Ltd,"Crestmead, Qld",No,No,,,,,,,,,375440,,,,,,
,Griffith University,"170 Kessels Road, Nathan, Qld 4111",Cleaning Services,8/02/2023,55000,Mould Cleaning Australia Pty Ltd,"Sydney, Nsw",No,No,,,,,,,,,375384,,,,,,
,Griffith University,"170 Kessels Road, Nathan, Qld 4111",Building Construction & Maintenance,8/02/2023,16500,Mpn Consulting Pty Limited,"Toowong, Qld",No,No,,,,,,,,,375385,,,,,,
,Griffith University,"170 Kessels Road, Nathan, Qld 4111",Building Construction & Maintenance,8/02/2023,16500,Mpn Consulting Pty Limited,"Toowong, Qld",No,No,,,,,,,,,375386,,,,,,
,Griffith University,"170 Kessels Road, Nathan, Qld 4111",Building Construction & Maintenance,8/02/2023,55000,O'Brien Glass,"Padstow, Nsw",No,No,,,,,,,,,375387,,,,,,
,Griffith University,"170 Kessels Road, Nathan, Qld 4111",Building Construction & Maintenance,8/02/2023,23782,Pitch Black Engineering,"Brisbane, Qld",No,No,,,,,,,,,375400,,,,,,
,Griffith University,"170 Kessels Road, Nathan, Qld 4111",Building Construction & Maintenance,8/02/2023,44000,Qld Roof Solutions Pty Ltd,"Coomera, Qld",No,No,,,,,,,,,375388,,,,,,
,Griffith University,"170 Kessels Road, Nathan, Qld 4111",Building Construction & Maintenance,8/02/2023,33000,Reece Pty Ltd,"Salisbury, Qld",No,No,,,,,,,,,375389,,,,,,
,Griffith University,"170 Kessels Road, Nathan, Qld 4111",Building Construction & Maintenance,8/02/2023,33000,Relay Consulting Services,"Rochedale, Qld",No,No,,,,,,,,,375390,,,,,,
,Griffith University,"170 Kessels Road, Nathan, Qld 4111",Building Construction & Maintenance,8/02/2023,110000,Rothwells Commercial Painters Pty Ltd,"Murwillumbah, Nsw",No,No,,,,,,,,,375391,,,,,,
,Griffith University,"170 Kessels Road, Nathan, Qld 4111",Event Expenditure,8/02/2023,76008,Sofitel Gold Coast Broadbeach,"Broadbeach, Qld",No,No,,,,,,,,,375403,,,,,,
,Griffith University,"170 Kessels Road, Nathan, Qld 4111",Building Construction & Maintenance,8/02/2023,110000,Southport Removals Pty Ltd,"Labrador, Qld",No,No,,,,,,,,,375393,,,,,,
,Griffith University,"170 Kessels Road, Nathan, Qld 4111",Building Construction & Maintenance,8/02/2023,27500,Specialist Sales Pty Ltd,"Toowoomba, Qld",No,No,,,,,,,,,375394,,,,,,
,Griffith University,"170 Kessels Road, Nathan, Qld 4111",Laboratory Consumables,8/02/2023,110000,Straumann Pty Ltd,"Port Melbourne, Vic",No,No,,,,,,,,,375402,,,,,,
,Griffith University,"170 Kessels Road, Nathan, Qld 4111",Consultancy Services,8/02/2023,15070,The Trustee For Granted Group Unit Trust,"Bentleigh, Vic",No,No,,,,,,,,,2000264,,,,,,
,Griffith University,"170 Kessels Road, Nathan, Qld 4111",Event Expenditure,8/02/2023,11198,The Trustee For Ospitalita Family Trust,"Mount Gravatt East, Qld",No,No,,,,,,,,,1999618,,,,,,
,Griffith University,"170 Kessels Road, Nathan, Qld 4111",Building Construction & Maintenance,8/02/2023,11000,The Trustee For The Rm & Jm Fuller Famil,"Coomera, Qld",No,No,,,,,,,,,375396,,,,,,
,Griffith University,"170 Kessels Road, Nathan, Qld 4111",Security Services,8/02/2023,11000,Tr Pty Ltd,"Blackburn North, Nsw",No,No,,,,,,,,,375435,,,,,,
,Griffith University,"170 Kessels Road, Nathan, Qld 4111",Security Services,8/02/2023,33000,Traffic Control Supplies Pty Ltd,"Mount Ommaney, Qld",No,No,,,,,,,,,375436,,,,,,
,Griffith University,"170 Kessels Road, Nathan, Qld 4111",Building Construction & Maintenance,8/02/2023,22000,Tw Denman Pty Ltd,"Ashmore, Qld",No,No,,,,,,,,,375437,,,,,,
,Griffith University,"170 Kessels Road, Nathan, Qld 4111",Event Expenditure,8/02/2023,99000,Village Roadshow Theme Parks Pty Ltd,"Surfers Paradise, Qld",No,No,,,,,,,,,375401,,,,,,
,Griffith University,"170 Kessels Road, Nathan, Qld 4111",Building Construction & Maintenance,8/02/2023,22000,Tw Denman Pty Ltd,"Ashmore, Qld",No,No,,,,,,,,,375437,,,,,,
,Griffith University,"170 Kessels Road, Nathan, Qld 4111",Event Expenditure,8/02/2023,99000,Village Roadshow Theme Parks Pty Ltd,"Surfers Paradise, Qld",No,No,,,,,,,,,375401,,,,,,
,Griffith University,"170 Kessels Road, Nathan, Qld 4111",Building Construction & Maintenance,9/02/2023,10560,A1 Building & Property Solutions Pty Ltd,"The Gap, Qld",No,No,,,,,,,,,375460,,,,,,
,Griffith University,"170 Kessels Road, Nathan, Qld 4111",Building Construction & Maintenance,9/02/2023,15430,A1 Building & Property Solutions Pty Ltd,"The Gap, Qld",No,No,,,,,,,,,375479,,,,,,
,Griffith University,"170 Kessels Road, Nathan, Qld 4111",Building Construction & Maintenance,9/02/2023,19642,A1 Building & Property Solutions Pty Ltd,"The Gap, Qld",No,No,,,,,,,,,375480,,,,,,
,Griffith University,"170 Kessels Road, Nathan, Qld 4111",Event Expenditure,9/02/2023,18665,Binna Burra Lodge Ltd.,"Binna Burra, Qld",No,No,,,,,,,,,2000472 1998821,,,,,,
,Griffith University,"170 Kessels Road, Nathan, Qld 4111",Cleaning Services,9/02/2023,22000,Fdc Consultants,"Elsternwick, Vic",No,No,,,,,,,,,375484,,,,,,
,Griffith University,"170 Kessels Road, Nathan, Qld 4111",Reference Materials,9/02/2023,30000,Kanopy,Usa,No,No,,,,,,,,,2000467,,,,,,
,Griffith University,"170 Kessels Road, Nathan, Qld 4111",Legal Fees,9/02/2023,24750,Minter Ellison Lawyers,"Brisbane, Qld",No,No,,,,,,,,,375487,,,,,,
,Griffith University,"170 Kessels Road, Nathan, Qld 4111",Building Construction & Maintenance,9/02/2023,13200,Mpn Consulting Pty Limited,"Toowong, Qld",No,No,,,,,,,,,375483,,,,,,
,Griffith University,"170 Kessels Road, Nathan, Qld 4111",Building Construction & Maintenance,9/02/2023,87120,Multitech Solutions Pty Ltd,"Coorparoo, Qld",No,No,,,,,,,,,375502,,,,,,
,Griffith University,"170 Kessels Road, Nathan, Qld 4111",Consultancy Services,9/02/2023,21021,O'Connor Marsden & Associates,"Sydney, Nsw",No,No,,,,,,,,,375476,,,,,,
,Griffith University,"170 Kessels Road, Nathan, Qld 4111",Marketing Fees,9/02/2023,16500,Options Education Agency Pty Ltd,"Adelaide, Sa",No,No,,,,,,,,,1997512,,,,,,
,Griffith University,"170 Kessels Road, Nathan, Qld 4111",Audit Fees,9/02/2023,46200,Price Waterhouse Coopers,"Sydney, Nsw",No,No,,,,,,,,,375488,,,,,,
,Griffith University,"170 Kessels Road, Nathan, Qld 4111",Audit Fees,9/02/2023,38500,Price Waterhouse Coopers,"Sydney, Nsw",No,No,,,,,,,,,375489,,,,,,
,Griffith University,"170 Kessels Road, Nathan, Qld 4111",Event Expenditure,9/02/2023,23310,Somerville House,"Brisbane, Qld",No,No,,,,,,,,,375485,,,,,,
,Griffith University,"170 Kessels Road, Nathan, Qld 4111",Marketing Fees,10/02/2023,14504,Bailey Hq Pty Ltd,"Salisbury, Qld",No,No,,,,,,,,,375531,,,,,,
,Griffith University,"170 Kessels Road, Nathan, Qld 4111",Inventory Expenses,10/02/2023,11000,Dunlop Srixon Sports Australia Pty Ltd,"Peakhurst, Nsw",No,No,,,,,,,,,375529,,,,,,
,Griffith University,"170 Kessels Road, Nathan, Qld 4111",Patent Application Fee,10/02/2023,24573,Fb Rice Pty Ltd,"Sydney South, Nsw",No,No,,,,,,,,,2012455,,,,,,
,Griffith University,"170 Kessels Road, Nathan, Qld 4111",Cleaning Services,10/02/2023,121000,Flick Anticimex Pty Ltd,"Archerfield, Qld",Yes,No,,,,,,,,,3885_1,,,,,,
,Griffith University,"170 Kessels Road, Nathan, Qld 4111",Reference Materials,10/02/2023,950932,Proquest Llc,"Chicago, Usa",No,No,Limited,b - (iii) The absence of competition for technical reasons which can only be supplied by a particular supplier and no reasonable alternative exists,,,,,,,GU-1418,,,,,,
,Griffith University,"170 Kessels Road, Nathan, Qld 4111",Chemical/Biological Products,10/02/2023,23172,Scientifix Pty Ltd,"Clayton, Vic",No,No,,,,,,,,,375533,,,,,,
,Griffith University,"170 Kessels Road, Nathan, Qld 4111",Reference Materials,10/02/2023,155263,Walter De Gruyter Gmbh,"Berlin, Germany",No,No,,,,,,,,,GU-1475,,,,,,
,Griffith University,"170 Kessels Road, Nathan, Qld 4111",Consultancy Services,13/02/2023,106920,Better Workplaces Consulting & Advisory,"Bulimba, Qld",No,No,,,,,,,,,375573,,,,,,
,Griffith University,"170 Kessels Road, Nathan, Qld 4111",Audio Visual Equipment,13/02/2023,13754,Data #3 Limited,"Indooroopilly, Qld",No,No,,,,,,,,,375579,,,,,,
,Griffith University,"170 Kessels Road, Nathan, Qld 4111",Subscription/Licence Fees Software,13/02/2023,19182,Gynzone,Denmark,No,No,,,,,,,,,2000959,,,,,,
,Griffith University,"170 Kessels Road, Nathan, Qld 4111",Computer Equipment,13/02/2023,52576,The School Locker,"Yeronga, Qld",No,No,,,,,,,,,375591,,,,,,
,Griffith University,"170 Kessels Road, Nathan, Qld 4111",Subscription/Licence Fees Software,14/02/2023,27255,Claris International Inc.,"Cupterino, Ca, Usa",No,No,,,,,,,,,375608,,,,,,
,Griffith University,"170 Kessels Road, Nathan, Qld 4111",Subscription/Licence Fees Software,14/02/2023,44517,Instructure Global Limited,"London, Uk",No,No,,,,,,,,,375633,,,,,,
,Griffith University,"170 Kessels Road, Nathan, Qld 4111",Building Construction & Maintenance,14/02/2023,43780,Mode Design Corp Pty Ltd,"Fortitude Valley, Qld",No,No,,,,,,,,,375619,,,,,,
,Griffith University,"170 Kessels Road, Nathan, Qld 4111",Relocation Services,14/02/2023,20278,Sirva Relocation,"Richlands, Qld",No,No,,,,,,,,,375600,,,,,,
,Griffith University,"170 Kessels Road, Nathan, Qld 4111",Scientific Equipment,15/02/2023,30250,Anritsu Pty Ltd,"Waverley, Vic",No,No,,,,,,,,,375642,,,,,,
,Griffith University,"170 Kessels Road, Nathan, Qld 4111",Laboratory Consumables,15/02/2023,55000,One Dental Pty Ltd,"Castle Hill, Nsw",No,No,,,,,,,,,375666,,,,,,
,Griffith University,"170 Kessels Road, Nathan, Qld 4111",Recruitment/Placement Fees,15/02/2023,58300,Robinson Fitzgerald Pty Ltd,"Greenslopes, Qld",No,No,,,,,,,,,375663,,,,,,
,Griffith University,"170 Kessels Road, Nathan, Qld 4111",Audio Visual Equipment,15/02/2023,13042,Videopro Pty Ltd,"Eagle Farm, Qld",No,No,,,,,,,,,375684,,,,,,
,Griffith University,"170 Kessels Road, Nathan, Qld 4111",Audio Visual Equipment,15/02/2023,13042,Videopro Pty Ltd,"Eagle Farm, Qld",No,No,,,,,,,,,375684,,,,,,
,Griffith University,"170 Kessels Road, Nathan, Qld 4111",Building Construction & Maintenance,16/02/2023,22039,Abp Allboards P/L,"Carole Park, Qld",No,No,,,,,,,,,375695,,,,,,
,Griffith University,"170 Kessels Road, Nathan, Qld 4111",Subscription/Licence Fees Software,16/02/2023,80700,Code Systems Corporation,"Seattle, Wa, Usa",No,No,,,,,,,,,375694,,,,,,
,Griffith University,"170 Kessels Road, Nathan, Qld 4111",Relocation Services,16/02/2023,10480,Grace Worldwide (Australia) Pty Ltd,"Seven Hills, Nsw",No,No,,,,,,,,,375687,,,,,,
,Griffith University,"170 Kessels Road, Nathan, Qld 4111",Building Construction & Maintenance,16/02/2023,11770,Iwts Group Pty Ltd,"Mansfield, Qld",No,No,,,,,,,,,375696,,,,,,
,Griffith University,"170 Kessels Road, Nathan, Qld 4111",Consultancy Services,16/02/2023,20356,Kiku Imagination,"Brunswick West, Nsw",No,No,,,,,,,,,375726,,,,,,
,Griffith University,"170 Kessels Road, Nathan, Qld 4111",Marketing Fees,16/02/2023,28028,Lovework Studio Pty Ltd,"Woody Point, Qld",No,No,,,,,,,,,375709,,,,,,
,Griffith University,"170 Kessels Road, Nathan, Qld 4111",Consultancy Services,16/02/2023,33825,Monash University,"Melbourne, Vic",No,No,,,,,,,,,2016791,,,,,,
,Griffith University,"170 Kessels Road, Nathan, Qld 4111",Travel Expenses,16/02/2023,19164,Mta Travel,"Robina, Qld",No,No,,,,,,,,,2001752,,,,,,
,Griffith University,"170 Kessels Road, Nathan, Qld 4111",Consultancy Services,16/02/2023,55000,Price Waterhouse Coopers,"Sydney, Nsw",No,No,,,,,,,,,375708,,,,,,
,Griffith University,"170 Kessels Road, Nathan, Qld 4111",Building Construction & Maintenance,16/02/2023,105391,Steadfast Projects Pty Ltd,"Upper Kedron, Qld",Yes,No,,,,,,,,,375735,,,,,,
,Griffith University,"170 Kessels Road, Nathan, Qld 4111",Consultancy Services,16/02/2023,16500,The Trustee For Nettleton Tribe Practice,"Spring Hill, Qld",No,No,,,,,,,,,375701,,,,,,
,Griffith University,"170 Kessels Road, Nathan, Qld 4111",Medical Equipment,16/02/2023,70912,Thermo Fisher Scientific Australia,"Scoresby, Vic",No,No,,,,,,,,,375707,,,,,,
,Griffith University,"170 Kessels Road, Nathan, Qld 4111",Consultancy Services,17/02/2023,12502,Empius Pty Ltd,"Wynnum, Qld",No,No,,,,,,,,,1998433,,,,,,
,Griffith University,"170 Kessels Road, Nathan, Qld 4111",Subscription/Licence Fees Software,17/02/2023,45980,Icad Consultants Pty Ltd,"Bridgeman Downs, Qld",No,No,,,,,,,,,375768,,,,,,
,Griffith University,"170 Kessels Road, Nathan, Qld 4111",Building Construction & Maintenance,18/02/2023,440000,A1 Building & Property Solutions Pty Ltd,"The Gap, Qld",No,No,,,,,,,,,375817,,,,,,
,Griffith University,"170 Kessels Road, Nathan, Qld 4111",Scientific Equipment,18/02/2023,325332,Agilent Technologies Australia Pty Ltd,"Mulgrave, Vic",No,No,,,,,,,,,375811,,,,,,
,Griffith University,"170 Kessels Road, Nathan, Qld 4111",Building Construction & Maintenance,18/02/2023,184014,Amalgamated Property Maint. Brisbane P/L,"Rochedale South, Qld",Yes,No,,,,,,,,,375836,,,,,,
,Griffith University,"170 Kessels Road, Nathan, Qld 4111",Security Services,18/02/2023,173752,Commex Communications Corporation P/L,"Windsor, Qld",No,No,,,,,,,,,GU-1223,,,,,,
,Griffith University,"170 Kessels Road, Nathan, Qld 4111",Cleaning Services,18/02/2023,275000,Crown Waste Solutions,"Helensvale, Qld",No,No,,,,,,,,,375819,,,,,,
,Griffith University,"170 Kessels Road, Nathan, Qld 4111",Building Construction & Maintenance,18/02/2023,220000,Descab Pty Ltd T/A Qld Multi Trades,"Lota, Qld",No,No,,,,,,,,,375820,,,,,,
,Griffith University,"170 Kessels Road, Nathan, Qld 4111",Building Construction & Maintenance,18/02/2023,13414682,Diligent Fire Pty Ltd,"Albion, Qld",Yes,No,Selective,,,,,,,,4821,,,,,,
,Griffith University,"170 Kessels Road, Nathan, Qld 4111",Building Construction & Maintenance,18/02/2023,154000,Dormakaba Australia Pty Ltd,"Narre Warren, Vic",No,No,,,,,,,,,375821,,,,,,
,Griffith University,"170 Kessels Road, Nathan, Qld 4111",Building Construction & Maintenance,18/02/2023,143000,Eximm Trust,"Ashmore, Qld",No,No,,,,,,,,,375822,,,,,,
,Griffith University,"170 Kessels Road, Nathan, Qld 4111",Building Construction & Maintenance,18/02/2023,440000,Green Options Pty Ltd,"Botany, Nsw",No,No,,,,,,,,,375824,,,,,,
,Griffith University,"170 Kessels Road, Nathan, Qld 4111",Building Construction & Maintenance,18/02/2023,132000,Mctaggart Plumbing Pty Ltd,"Petrie, Qld",No,No,,,,,,,,,375825,,,,,,
,Griffith University,"170 Kessels Road, Nathan, Qld 4111",Building Construction & Maintenance,18/02/2023,2090000,Otis Elevator Co Pty Ltd,"Milton, Qld",Yes,No,Selective,,,,,,,,467V3,,,,,,
,Griffith University,"170 Kessels Road, Nathan, Qld 4111",Building Construction & Maintenance,18/02/2023,132000,Plumbrite Solutions Pty. Ltd.,"Cleveland, Qld",No,No,,,,,,,,,375835,,,,,,
,Griffith University,"170 Kessels Road, Nathan, Qld 4111",Building Construction & Maintenance,18/02/2023,440000,Programmed Maintenance Service Ltd,"Wacol, Qld",No,No,,,,,,,,,375827,,,,,,
,Griffith University,"170 Kessels Road, Nathan, Qld 4111",Security Services,18/02/2023,220000,Securcom Pty Ltd,"Brendale, Qld",No,No,,,,,,,,,375830,,,,,,
,Griffith University,"170 Kessels Road, Nathan, Qld 4111",Security Services,18/02/2023,988029,Security & Technology Services (Sq) P/L,"Tingalpa, Qld",No,No,Selective,,,,,,,,GU-820,,,,,,
,Griffith University,"170 Kessels Road, Nathan, Qld 4111",Accreditation Fees,18/02/2023,11893,Speech Pathology Australia,"Melbourne, Vic",No,No,,,,,,,,,1998985,,,,,,
,Griffith University,"170 Kessels Road, Nathan, Qld 4111",Building Construction & Maintenance,18/02/2023,385000,T&M Tree Services,"Buccan, Qld",No,No,,,,,,,,,375832,,,,,,
,Griffith University,"170 Kessels Road, Nathan, Qld 4111",Building Construction & Maintenance,18/02/2023,132000,Technigro Pty Ltd,"Ormeau, Qld",No,No,,,,,,,,,375833,,,,,,
,Griffith University,"170 Kessels Road, Nathan, Qld 4111",Building Construction & Maintenance,18/02/2023,220000,Zip Heaters Aust Pty Ltd,"Bankstown, Nsw",No,No,,,,,,,,,375834,,,,,,
,Griffith University,"170 Kessels Road, Nathan, Qld 4111",Building Construction & Maintenance,18/02/2023,220000,Zip Heaters Aust Pty Ltd,"Bankstown, Nsw",No,No,,,,,,,,,375834,,,,,,
,Griffith University,"170 Kessels Road, Nathan, Qld 4111",Software Support Maintenance,19/02/2023,620869,Data #3 Limited,"Indooroopilly, Qld",No,No,Open,,,,,,,,375844,,,,,,
,Griffith University,"170 Kessels Road, Nathan, Qld 4111",Pathology Expenditure,20/02/2023,17336,Australian Genome Research Facility Ltd,"St Lucia, Qld",No,No,,,,,,,,,375865,,,,,,
,Griffith University,"170 Kessels Road, Nathan, Qld 4111",Building Construction & Maintenance,20/02/2023,11000,Luminous A/V & Electrical Pty Ltd,"Toowong, Qld",No,No,,,,,,,,,375873,,,,,,
,Griffith University,"170 Kessels Road, Nathan, Qld 4111",Reference Materials,20/02/2023,257895,Springer Customer Service Centre Gmbh,"Heidelberg, Germany",No,No,,,,,,,,,2002010,,,,,,
,Griffith University,"170 Kessels Road, Nathan, Qld 4111",Scientific Equipment,21/02/2023,544500,Instron A Division Of Itw Australia Pty,"Bayswater, Vic",No,No,Limited,b - (iii) The absence of competition for technical reasons which can only be supplied by a particular supplier and no reasonable alternative exists,,,,,,,375925,,,,,,
,Griffith University,"170 Kessels Road, Nathan, Qld 4111",Building Construction & Maintenance,21/02/2023,12181,Logical Line Marking,"Underwood, Qld",No,No,,,,,,,,,375915,,,,,,
,Griffith University,"170 Kessels Road, Nathan, Qld 4111",Building Construction & Maintenance,21/02/2023,20295,Mctaggart Plumbing Pty Ltd,"Petrie, Qld",No,No,,,,,,,,,375898,,,,,,
,Griffith University,"170 Kessels Road, Nathan, Qld 4111",Building Construction & Maintenance,21/02/2023,13508,Mctaggart Plumbing Pty Ltd,"Petrie, Qld",No,No,,,,,,,,,375899,,,,,,
,Griffith University,"170 Kessels Road, Nathan, Qld 4111",Building Construction & Maintenance,21/02/2023,13433,Pothole People Qld,"Hemmant, Qld",No,No,,,,,,,,,375914,,,,,,
,Griffith University,"170 Kessels Road, Nathan, Qld 4111",Laboratory Consumables,21/02/2023,15651,Siegert Wafer Gmbh,"Rhine Westphalia, Germany",No,No,,,,,,,,,375896,,,,,,
,Griffith University,"170 Kessels Road, Nathan, Qld 4111",Freight Fees,22/02/2023,11666,Bio-Strategy Pty Limited,"Campbellfield, Vic",No,No,,,,,,,,,375953,,,,,,
,Griffith University,"170 Kessels Road, Nathan, Qld 4111",Building Construction & Maintenance,22/02/2023,11000,Bligh Tanner Pty Ltd,"Fortitude Valley, Qld",No,No,,,,,,,,,375939,,,,,,
,Griffith University,"170 Kessels Road, Nathan, Qld 4111",Scientific Equipment,22/02/2023,36495,John Morris Scientific Pty Ltd,"Willoughby, Nsw",No,No,,,,,,,,,375967,,,,,,
,Griffith University,"170 Kessels Road, Nathan, Qld 4111",Scientific Equipment,22/02/2023,42805,John Morris Scientific Pty Ltd,"Willoughby, Nsw",No,No,,,,,,,,,375968,,,,,,
,Griffith University,"170 Kessels Road, Nathan, Qld 4111",Building Construction & Maintenance,22/02/2023,14300,Jst Biosafety Australia,"Warner, Qld",No,No,,,,,,,,,375986,,,,,,
,Griffith University,"170 Kessels Road, Nathan, Qld 4111",Event Expenditure,22/02/2023,24000,Lisa Gasteen,Qld,No,No,,,,,,,,,2002386,,,,,,
,Griffith University,"170 Kessels Road, Nathan, Qld 4111",Building Construction & Maintenance,22/02/2023,12529,Logical Line Marking,"Underwood, Qld",No,No,,,,,,,,,375945,,,,,,
,Griffith University,"170 Kessels Road, Nathan, Qld 4111",Consultancy Services,22/02/2023,31900,Media Bootcamp Australia,"Scullin, Nsw",No,No,,,,,,,,,375970,,,,,,
,Griffith University,"170 Kessels Road, Nathan, Qld 4111",Consultancy Services,22/02/2023,222393,Qs Enrolment Solutions (Australia) Pty L,"Melbourne, Vic",No,No,,,,,,,,,2006135,,,,,,
,Griffith University,"170 Kessels Road, Nathan, Qld 4111",Equipment Purchase,22/02/2023,76771,Sure Power,"East Brisbane, Qld",No,No,,,,,,,,,375937,,,,,,
,Griffith University,"170 Kessels Road, Nathan, Qld 4111",Equipment Maintenance,22/02/2023,26175,Testel Australia Pty Ltd,"Unley, Sa",No,No,,,,,,,,,375946,,,,,,
,Griffith University,"170 Kessels Road, Nathan, Qld 4111",Building Construction & Maintenance,23/02/2023,47432,A1 Building & Property Solutions Pty Ltd,"The Gap, Qld",No,No,,,,,,,,,376012,,,,,,
,Griffith University,"170 Kessels Road, Nathan, Qld 4111",Consultancy Services,23/02/2023,11000,Baker & York,"Parkville, Vic",No,No,,,,,,,,,376037,,,,,,
,Griffith University,"170 Kessels Road, Nathan, Qld 4111",Event Expenditure,23/02/2023,231000,Brisbane Convention And Exhibition Centr,"Brisbane, Qld ",No,No,,,,,,,,,376009,,,,,,
,Griffith University,"170 Kessels Road, Nathan, Qld 4111",Merchant Fees,23/02/2023,24000,Cybs Singapore Pte Ltd,Singapore,No,No,,,,,,,,,376025,,,,,,
,Griffith University,"170 Kessels Road, Nathan, Qld 4111",Subscription/Licence Fees Software,23/02/2023,63012,Data #3 Limited,"Indooroopilly, Qld",No,No,,,,,,,,,376002,,,,,,
,Griffith University,"170 Kessels Road, Nathan, Qld 4111",Pathology Expenditure,23/02/2023,18590,"Diversigen, Inc.","Brighton, Mn, Usa",No,No,,,,,,,,,376011,,,,,,
,Griffith University,"170 Kessels Road, Nathan, Qld 4111",Reference Materials,23/02/2023,561078,Ebsco International Inc,"North Sydney, Nsw",No,No,Limited,,,,,,,,376024,,,,,,
,Griffith University,"170 Kessels Road, Nathan, Qld 4111",Subscription/Licence Fees Software,23/02/2023,257501,Microsoft Pty Ltd,"North Ryde, Nsw",No,No,,,,,,,,,376010,,,,,,
,Griffith University,"170 Kessels Road, Nathan, Qld 4111",Relocation Services,23/02/2023,48214,Sirva Relocation,"Richlands, Qld",No,No,,,,,,,,,376023,,,,,,
,Griffith University,"170 Kessels Road, Nathan, Qld 4111",Memberships/Subscriptions,23/02/2023,26083,University Admissions Centre (Nsw & Act),"Silverwater, Nsw",No,No,,,,,,,,,2002623,,,,,,
,Griffith University,"170 Kessels Road, Nathan, Qld 4111",Memberships/Subscriptions,23/02/2023,26083,University Admissions Centre (Nsw & Act),"Silverwater, Nsw",No,No,,,,,,,,,2002623,,,,,,
,Griffith University,"170 Kessels Road, Nathan, Qld 4111",Scientific Equipment,24/02/2023,25171,Brightside Scientific Pty Ltd,"Tuggerah, Nsw",No,No,,,,,,,,,376044,,,,,,
,Griffith University,"170 Kessels Road, Nathan, Qld 4111",Consultancy Services,24/02/2023,18426,Dynata Global Au Pty Ltd,"Sydney, Nsw",No,No,,,,,,,,,1999173,,,,,,
,Griffith University,"170 Kessels Road, Nathan, Qld 4111",Marketing Fees,24/02/2023,13159,Heaneys Performers In Print Pty Ltd,"Molendinar, Qld",No,No,,,,,,,,,376051,,,,,,
,Griffith University,"170 Kessels Road, Nathan, Qld 4111",Marketing Fees,24/02/2023,31372,Jsa Creative,"Brisbane, Qld",No,No,,,,,,,,,376049,,,,,,
,Griffith University,"170 Kessels Road, Nathan, Qld 4111",Reference Materials,24/02/2023,19803,Pearson Australia Group Pty Ltd,"Sydney, Nsw",No,No,,,,,,,,,376053,,,,,,
,Griffith University,"170 Kessels Road, Nathan, Qld 4111",External Course Delivery,25/02/2023,20800,Kelvin Ross O'Halloran,Qld,No,No,,,,,,,,,1999655,,,,,,
,Griffith University,"170 Kessels Road, Nathan, Qld 4111",Event Expenditure,26/02/2023,13000,The Ship Inn,"Brisbane, Qld",No,No,,,,,,,,,1999390,,,,,,
,Griffith University,"170 Kessels Road, Nathan, Qld 4111",Event Expenditure,27/02/2023,35200,Ardent Leisure Limited,"Coomera, Qld",No,No,,,,,,,,,376095,,,,,,
,Griffith University,"170 Kessels Road, Nathan, Qld 4111",Reference Materials,27/02/2023,45046,Clarivate Analytics (Uk) Limited,"London, UK",No,No,,,,,,,,,2001537,,,,,,
,Griffith University,"170 Kessels Road, Nathan, Qld 4111",Consultancy Services,27/02/2023,173250,Decipher Bureau Qld Pty Ltd,"Bowen Hills, Qld",No,No,,,,,,,,,376117,,,,,,
,Griffith University,"170 Kessels Road, Nathan, Qld 4111",Consultancy Services,27/02/2023,54285,Wallis Nominees (Computing) Pty. Ltd.,"Melbourne, Vic",Yes,No,,,,,,,,,376099,,,,,,
,Griffith University,"170 Kessels Road, Nathan, Qld 4111",Consultancy Services,27/02/2023,54285,Wallis Nominees (Computing) Pty. Ltd.,"Melbourne, Vic",Yes,No,,,,,,,,,376100,,,,,,
,Griffith University,"170 Kessels Road, Nathan, Qld 4111",Consultancy Services,27/02/2023,54285,Wallis Nominees (Computing) Pty. Ltd.,"Melbourne, Vic",Yes,No,,,,,,,,,376101,,,,,,
,Griffith University,"170 Kessels Road, Nathan, Qld 4111",Consultancy Services,27/02/2023,54285,Wallis Nominees (Computing) Pty. Ltd.,"Melbourne, Vic",Yes,No,,,,,,,,,376099,,,,,,
,Griffith University,"170 Kessels Road, Nathan, Qld 4111",Consultancy Services,27/02/2023,54285,Wallis Nominees (Computing) Pty. Ltd.,"Melbourne, Vic",Yes,No,,,,,,,,,376100,,,,,,
,Griffith University,"170 Kessels Road, Nathan, Qld 4111",Consultancy Services,27/02/2023,54285,Wallis Nominees (Computing) Pty. Ltd.,"Melbourne, Vic",Yes,No,,,,,,,,,376101,,,,,,
,Griffith University,"170 Kessels Road, Nathan, Qld 4111",Pathology Expenditure,28/02/2023,17354,Australian Genome Research Facility Ltd,"St Lucia, Qld",No,No,,,,,,,,,376143,,,,,,
,Griffith University,"170 Kessels Road, Nathan, Qld 4111",Building Construction & Maintenance,28/02/2023,18919,Halogen Pools,"Miami, Qld",No,No,,,,,,,,,376138,,,,,,
,Griffith University,"170 Kessels Road, Nathan, Qld 4111",Laboratory Consumables,28/02/2023,10775,Henry Schein Regional Trust,"South Brisbane, Qld",No,No,,,,,,,,,376166,,,,,,
,Griffith University,"170 Kessels Road, Nathan, Qld 4111",Subscription/Licence Fees Software,28/02/2023,67679,Lastpass Australia Pty. Ltd.,"Sydney, Nsw",No,No,,,,,,,,,376137,,,,,,
,Griffith University,"170 Kessels Road, Nathan, Qld 4111",Event Expenditure,28/02/2023,102000,Southport Australian Rules Football Club,"Southport, Qld",No,No,,,,,,,,,376165,,,,,,
,Griffith University,"170 Kessels Road, Nathan, Qld 4111",Subscription/Licence Fees Software,28/02/2023,24750,Vald Performance (Aust) Pty Ltd,"Newstead, Qld",No,No,,,,,,,,,376176,,,,,,
,Griffith University,"170 Kessels Road, Nathan, Qld 4111",Subscription/Licence Fees Software,28/02/2023,24750,Vald Performance (Aust) Pty Ltd,"Newstead, Qld",No,No,,,,,,,,,376176,,,,,,
,Griffith University,"170 Kessels Road, Nathan, Qld 4111",Subscription/Licence Fees Software,1/03/2023,17059,Biognosys Ag,"Schlieren, Switzerland",No,No,,,,,,,,,376223,,,,,,
,Griffith University,"170 Kessels Road, Nathan, Qld 4111",Telecommunications Expenditure,1/03/2023,14120,Data #3 Limited,"Indooroopilly, Qld",No,No,,,,,,,,,376188,,,,,,
,Griffith University,"170 Kessels Road, Nathan, Qld 4111",Consultancy Services,1/03/2023,12100,Media Bootcamp Australia,"Scullin, Nsw",No,No,,,,,,,,,1999388,,,,,,
,Griffith University,"170 Kessels Road, Nathan, Qld 4111",Scientific Equipment,1/03/2023,62346,Rocklabs,"Rydalmere, Nsw",No,No,,,,,,,,,376184,,,,,,
,Griffith University,"170 Kessels Road, Nathan, Qld 4111",Event Expenditure,1/03/2023,102000,Southport Australian Rules Football Club,"Southport, Qld",No,No,,,,,,,,,376179,,,,,,
,Griffith University,"170 Kessels Road, Nathan, Qld 4111",Subscription/Licence Fees Software,2/03/2023,75229,Instructure Global Limited,"London, Uk",No,No,,,,,,,,,GU-548,,,,,,
,Griffith University,"170 Kessels Road, Nathan, Qld 4111",IT Equipment,2/03/2023,152646,Optus Networks Pty Limited,"Fortitude Valley, Qld",No,No,,,,,,,,,376234,,,,,,
,Griffith University,"170 Kessels Road, Nathan, Qld 4111",Recruitment/Placement Fees,2/03/2023,88704,Perrett Laver Pty Ltd,"Darlinghurst, Nsw",No,No,,,,,,,,,2002902 2006142 2006143,,,,,,
,Griffith University,"170 Kessels Road, Nathan, Qld 4111",Computer Equipment,2/03/2023,70300,The School Locker,"Yeronga, Qld",No,No,,,,,,,,,376231,,,,,,
,Griffith University,"170 Kessels Road, Nathan, Qld 4111",Consultancy Services,3/03/2023,82500,Productive Management Solutions Pty Ltd,"Richmond, Vic",No,No,,,,,,,,,376288,,,,,,
,Griffith University,"170 Kessels Road, Nathan, Qld 4111",Building Construction & Maintenance,3/03/2023,24645,Security & Technology Services (Sq) P/L,"Tingalpa, Qld",No,No,,,,,,,,,376313,,,,,,
,Griffith University,"170 Kessels Road, Nathan, Qld 4111",Travel Expenses,4/03/2023,11700,Rural Medical Education Australia Ltd,"Toowoomba, Qld",No,No,,,,,,,,,2001662,,,,,,
,Griffith University,"170 Kessels Road, Nathan, Qld 4111",Subscription/Licence Fees Software,6/03/2023,1569471,Dell Australia Pty Ltd,"Frenchs Forest, Nsw",No,No,Open,,,,,,,,GU1663,,,,,,
,Griffith University,"170 Kessels Road, Nathan, Qld 4111",Scientific Equipment,6/03/2023,22582,Kayell Australia,"Artarmon, Nsw",No,No,,,,,,,,,376373,,,,,,
,Griffith University,"170 Kessels Road, Nathan, Qld 4111",Building Construction & Maintenance,6/03/2023,13083,Specfurn Commercial Furniture Pty Ltd,"Geebung, Qld",No,No,,,,,,,,,376375,,,,,,
,Griffith University,"170 Kessels Road, Nathan, Qld 4111",Building Construction & Maintenance,7/03/2023,19268,A1 Building & Property Solutions Pty Ltd,"The Gap, Qld",No,No,,,,,,,,,376420,,,,,,
,Griffith University,"170 Kessels Road, Nathan, Qld 4111",Laboratory Consumables,7/03/2023,11971,Art Robbins Instruments,"Sunnyvale, CA, Usa",No,No,,,,,,,,,376390,,,,,,
,Griffith University,"170 Kessels Road, Nathan, Qld 4111",Building Construction & Maintenance,7/03/2023,81980,Atco Structures & Logistics Pty Ltd,"Luscombe, Qld",No,No,,,,,,,,,376396,,,,,,
,Griffith University,"170 Kessels Road, Nathan, Qld 4111",Scientific Equipment,7/03/2023,40011,Australian Bay Lobster Producers Limited,"Chinderah, Nsw",No,No,,,,,,,,,2002589,,,,,,
,Griffith University,"170 Kessels Road, Nathan, Qld 4111",Building Construction & Maintenance,7/03/2023,24931,Gold Coast City Council,"Gold Coast, Qld",No,No,,,,,,,,,2003175,,,,,,
,Griffith University,"170 Kessels Road, Nathan, Qld 4111",Subscription/Licence Fees,7/03/2023,90200,Ibisworld Pty Ltd,"Melbourne, Vic",No,No,,,,,,,,,2002390,,,,,,
,Griffith University,"170 Kessels Road, Nathan, Qld 4111",Conference Expenses,7/03/2023,12100,Interlingual Language Services Pty Ltd,"Wynnum, Qld",No,No,,,,,,,,,2003875,,,,,,
,Griffith University,"170 Kessels Road, Nathan, Qld 4111",Laboratory Consumables,7/03/2023,22000,Labcabs Pty Ltd,"Cannon Hill, Qld",No,No,,,,,,,,,376394,,,,,,
,Griffith University,"170 Kessels Road, Nathan, Qld 4111",Chemical/Biological Products,7/03/2023,40550,Life Chemicals Inc,"ON, Canada",No,No,,,,,,,,,376395,,,,,,
,Griffith University,"170 Kessels Road, Nathan, Qld 4111",Building Construction & Maintenance,7/03/2023,14267,Lucid Consulting Engineers (Qld) Pty Ltd,"Brisbane, Qld",No,No,,,,,,,,,376404,,,,,,
,Griffith University,"170 Kessels Road, Nathan, Qld 4111",Consultancy Services,7/03/2023,219450,Quorum Systems Pty Ltd,"Sydney, Nsw",No,No,,,,,,,,,376411,,,,,,
,Griffith University,"170 Kessels Road, Nathan, Qld 4111",Building Construction & Maintenance,7/03/2023,11964,Security & Technology Services (Sq) P/L,"Tingalpa, Qld",No,No,,,,,,,,,376406,,,,,,
,Griffith University,"170 Kessels Road, Nathan, Qld 4111",Relocation Services,7/03/2023,18745,Sirva Relocation,"Richlands, Qld",No,No,,,,,,,,,376413,,,,,,
,Griffith University,"170 Kessels Road, Nathan, Qld 4111",Consultancy Services,7/03/2023,23100,The Trustee For Granted Group Unit Trust,"Bentleigh, Vic",No,No,,,,,,,,,376403,,,,,,
,Griffith University,"170 Kessels Road, Nathan, Qld 4111",Scientific Equipment,7/03/2023,16328,Thorlabs Inc,"Newton, NJ, Usa",No,No,,,,,,,,,376391,,,,,,
,Griffith University,"170 Kessels Road, Nathan, Qld 4111",Conference Expenses,7/03/2023,14000,University Of Pennsylvania,"Philadelphia, PA, Usa",No,No,,,,,,,,,2003863,,,,,,
,Griffith University,"170 Kessels Road, Nathan, Qld 4111",Equipment Maintenance,7/03/2023,14809,Vald Performance (Aust) Pty Ltd,"Newstead, Qld",No,No,,,,,,,,,2005953,,,,,,
,Griffith University,"170 Kessels Road, Nathan, Qld 4111",Consultancy Services,7/03/2023,462000,Vested Family Trust,"Ashgrove, Qld",No,No,,,,,,,,,376421,,,,,,
,Griffith University,"170 Kessels Road, Nathan, Qld 4111",Conference Expenses,7/03/2023,25987,Westlake International Company Limited,"Ba Dinh District Ha Noi, , 100000, Vietnam",No,No,,,,,,,,,2002973,,,,,,
,Griffith University,"170 Kessels Road, Nathan, Qld 4111",Conference Expenses,7/03/2023,14000,University Of Pennsylvania,"Philadelphia, PA, Usa",No,No,,,,,,,,,2003863,,,,,,
,Griffith University,"170 Kessels Road, Nathan, Qld 4111",Equipment Maintenance,7/03/2023,14809,Vald Performance (Aust) Pty Ltd,"Newstead, Qld",No,No,,,,,,,,,2005953,,,,,,
,Griffith University,"170 Kessels Road, Nathan, Qld 4111",Consultancy Services,7/03/2023,462000,Vested Family Trust,"Ashgrove, Qld",No,No,,,,,,,,,376421,,,,,,
,Griffith University,"170 Kessels Road, Nathan, Qld 4111",Conference Expenses,7/03/2023,25987,Westlake International Company Limited,"Ba Dinh District Ha Noi, , 100000, Vietnam",No,No,,,,,,,,,2002973,,,,,,
,Griffith University,"170 Kessels Road, Nathan, Qld 4111",Furniture,8/03/2023,35522,Empire Office Furniture,"Rocklea, Qld",No,No,,,,,,,,,376453,,,,,,
,Griffith University,"170 Kessels Road, Nathan, Qld 4111",Consultancy Services,8/03/2023,85500,Martin Hagger,Qld,No,No,,,,,,,,,376462,,,,,,
,Griffith University,"170 Kessels Road, Nathan, Qld 4111",Consultancy Services,8/03/2023,2130865,Nexon Asia Pacific Pty. Ltd.,"Summer Hill, Nsw",No,No,Selective,,,,,,,,376447,,,,,,
,Griffith University,"170 Kessels Road, Nathan, Qld 4111",Equipment Maintenance,8/03/2023,22138,Semiconductor Metrology Ltd,"Berks, Uk",No,No,,,,,,,,,376463,,,,,,
,Griffith University,"170 Kessels Road, Nathan, Qld 4111",Building Construction & Maintenance,9/03/2023,5278795,Premis Solutions Pty Ltd,"Toowong, Qld",Yes,No,Selective,,,,,,,,376504,,,,,,
,Griffith University,"170 Kessels Road, Nathan, Qld 4111",Scientific Equipment,9/03/2023,113269,Waterco Limited,"Rydalmere, Nsw",No,No,,,,,,,,,2004755,,,,,,
,Griffith University,"170 Kessels Road, Nathan, Qld 4111",Building Construction & Maintenance,9/03/2023,440886,Wilson Architects,"Spring Hill, Qld",No,No,,,,,,,,,376489,,,,,,
,Griffith University,"170 Kessels Road, Nathan, Qld 4111",Scientific Equipment,9/03/2023,113269,Waterco Limited,"Rydalmere, Nsw",No,No,,,,,,,,,2004755,,,,,,
,Griffith University,"170 Kessels Road, Nathan, Qld 4111",Building Construction & Maintenance,9/03/2023,440886,Wilson Architects,"Spring Hill, Qld",No,No,,,,,,,,,376489,,,,,,
,Griffith University,"170 Kessels Road, Nathan, Qld 4111",Consultancy Services,10/03/2023,198000,Consulting & Implementation Services P/L,"Docklands, Vic",No,No,,,,,,,,,376529,,,,,,
,Griffith University,"170 Kessels Road, Nathan, Qld 4111",Consultancy Services,10/03/2023,13943,Cybercx Pty Ltd,"Melbourne, Vic",No,No,,,,,,,,,376549,,,,,,
,Griffith University,"170 Kessels Road, Nathan, Qld 4111",Consultancy Services,10/03/2023,180180,Decipher Bureau Qld Pty Ltd,"Bowen Hills, Qld",No,No,,,,,,,,,376550,,,,,,
,Griffith University,"170 Kessels Road, Nathan, Qld 4111",Consultancy Services,10/03/2023,83893,Deloitte Consulting Pty Limited,"Brisbane, Qld",No,No,,,,,,,,,376537,,,,,,
,Griffith University,"170 Kessels Road, Nathan, Qld 4111",Consultancy Services,10/03/2023,197120,Focus Professional Services Pty Ltd,"Brisbane, Qld",No,No,,,,,,,,,376547,,,,,,
,Griffith University,"170 Kessels Road, Nathan, Qld 4111",Scientific Equipment,10/03/2023,15820,Lecoeur Electronique,"Chuelles, France",No,No,,,,,,,,,376527,,,,,,
,Griffith University,"170 Kessels Road, Nathan, Qld 4111",Consultancy Services,10/03/2023,22000,The Trustee For Your Best You Trust,"Sandgate, Qld",No,No,,,,,,,,,376551,,,,,,
,Griffith University,"170 Kessels Road, Nathan, Qld 4111",Building Construction & Maintenance,11/03/2023,378004,Securcom Pty Ltd,"Brendale, Qld",No,No,,,,,,,,,376552,,,,,,
,Griffith University,"170 Kessels Road, Nathan, Qld 4111",Relocation Services,11/03/2023,26022,Sirva Relocation,"Richlands, Qld",No,No,,,,,,,,,376554,,,,,,
,Griffith University,"170 Kessels Road, Nathan, Qld 4111",Pathology Expenditure,13/03/2023,33000,Australian Genome Research Facility Ltd,"St Lucia, Qld",No,No,,,,,,,,,376577,,,,,,
,Griffith University,"170 Kessels Road, Nathan, Qld 4111",Chemical/Biological Products,13/03/2023,32449,Becton Dickinson Pty Ltd,"Eight Mile Plains, Qld",No,No,,,,,,,,,376578,,,,,,
,Griffith University,"170 Kessels Road, Nathan, Qld 4111",Laboratory Consumables,13/03/2023,11150,Digi-Key Corporation,"Thief River Falls, MN, Usa",No,No,,,,,,,,,376590,,,,,,
,Griffith University,"170 Kessels Road, Nathan, Qld 4111",Building Construction & Maintenance,13/03/2023,76413,Diligent Fire Pty Ltd,"Albion, Qld",No,No,,,,,,,,,376558,,,,,,
,Griffith University,"170 Kessels Road, Nathan, Qld 4111",Building Construction & Maintenance,13/03/2023,10122,Diligent Fire Pty Ltd,"Albion, Qld",No,No,,,,,,,,,376559,,,,,,
,Griffith University,"170 Kessels Road, Nathan, Qld 4111",Event Expenditure,13/03/2023,25500,Intercontinental Sanctuary Cove Resort,"Sanctuary Cove, Qld",No,No,,,,,,,,,376593,,,,,,
,Griffith University,"170 Kessels Road, Nathan, Qld 4111",Building Construction & Maintenance,13/03/2023,26752,Mctaggart Plumbing Pty Ltd,"Petrie, Qld",No,No,,,,,,,,,376560,,,,,,
,Griffith University,"170 Kessels Road, Nathan, Qld 4111",Consultancy Services,13/03/2023,71500,Minter Ellison Lawyers,"Brisbane, Qld",No,No,,,,,,,,,376568,,,,,,
,Griffith University,"170 Kessels Road, Nathan, Qld 4111",Equipment Maintenance,13/03/2023,16066,Thermo Fisher Scientific Australia,"Scoresby, Vic",No,No,,,,,,,,,376574,,,,,,
,Griffith University,"170 Kessels Road, Nathan, Qld 4111",Laboratory Consumables,14/03/2023,26010,Australian Bay Lobster Producers Limited,"Chinderah, Nsw",No,No,,,,,,,,,2005338,,,,,,
,Griffith University,"170 Kessels Road, Nathan, Qld 4111",Pathology Expenditure,14/03/2023,38500,Australian Genome Research Facility Ltd,"St Lucia, Qld",No,No,,,,,,,,,376604,,,,,,
,Griffith University,"170 Kessels Road, Nathan, Qld 4111",Legal Fees,14/03/2023,11000,Clayton Utz,"Brisbane, Qld",No,No,,,,,,,,,376646,,,,,,
,Griffith University,"170 Kessels Road, Nathan, Qld 4111",External Course Delivery,14/03/2023,33374,Corporate Prepaid Cards Pty Ltd,"Balmain, Nsw",No,No,,,,,,,,,2003631,,,,,,
,Griffith University,"170 Kessels Road, Nathan, Qld 4111",Consultancy Services,14/03/2023,19800,Dan K Pearson,Qld,No,No,,,,,,,,,2004521,,,,,,
,Griffith University,"170 Kessels Road, Nathan, Qld 4111",Building Construction & Maintenance,14/03/2023,172414,Diligent Fire Pty Ltd,"Albion, Qld",No,No,,,,,,,,,376620,,,,,,
,Griffith University,"170 Kessels Road, Nathan, Qld 4111",Memberships/Subscriptions,14/03/2023,10310,Efmd Aisbl,"Brussels, Belgium",No,No,,,,,,,,,2005350,,,,,,
,Griffith University,"170 Kessels Road, Nathan, Qld 4111",Event Expenditure,14/03/2023,154000,Gold Coast Convention & Exhibition Centr,"Broadbeach, Qld",No,No,,,,,,,,,376621,,,,,,
,Griffith University,"170 Kessels Road, Nathan, Qld 4111",Consultancy Services,14/03/2023,20135,Seek Limited,"Sydney, Nsw",No,No,,,,,,,,,2005341,,,,,,
,Griffith University,"170 Kessels Road, Nathan, Qld 4111",Conference Expenses,14/03/2023,31240,Trinity P3 Pty Ltd,"North Sydney, Nsw",No,No,,,,,,,,,2002392 2003877,,,,,,
,Griffith University,"170 Kessels Road, Nathan, Qld 4111",IT Equipment,15/03/2023,94384,Flexdata Solutions Pty Ltd,"Brisbane, Qld",No,No,,,,,,,,,376690,,,,,,
,Griffith University,"170 Kessels Road, Nathan, Qld 4111",Building Construction & Maintenance,15/03/2023,36938,Lightbox Architecture &Interiors Pty Ltd,"Keperra, Qld",No,No,,,,,,,,,376672,,,,,,
,Griffith University,"170 Kessels Road, Nathan, Qld 4111",Building Construction & Maintenance,15/03/2023,4242315,Value Added Asset Management Pty Ltd,"Darra, Qld",No,No,Selective,,,,,,,,376693,,,,,,
,Griffith University,"170 Kessels Road, Nathan, Qld 4111",Scientific Equipment,15/03/2023,152810,Waters Australia Pty Limited,"Dundas, Nsw",No,No,,,,,,,,,376666,,,,,,
,Griffith University,"170 Kessels Road, Nathan, Qld 4111",Building Construction & Maintenance,15/03/2023,4242315,Value Added Asset Management Pty Ltd,"Darra, Qld",No,No,Selective,,,,,,,,376693,,,,,,
,Griffith University,"170 Kessels Road, Nathan, Qld 4111",Scientific Equipment,15/03/2023,152810,Waters Australia Pty Limited,"Dundas, Nsw",No,No,,,,,,,,,376666,,,,,,
,Griffith University,"170 Kessels Road, Nathan, Qld 4111",Legal Fees,16/03/2023,33584,Clayton Utz,"Brisbane, Qld",No,No,,,,,,,,,2005299,,,,,,
,Griffith University,"170 Kessels Road, Nathan, Qld 4111",Chemical/Biological Products,16/03/2023,15039,Creative Biolabs,"New York, NY, Usa",No,No,,,,,,,,,376719,,,,,,
,Griffith University,"170 Kessels Road, Nathan, Qld 4111",Building Construction & Maintenance,16/03/2023,17600,Diametric Engineers,"Fortitude Valley, Qld",No,No,,,,,,,,,376718,,,,,,
,Griffith University,"170 Kessels Road, Nathan, Qld 4111",Audio Visual Equipment,16/03/2023,28109,Extron Australia,"Marleston, Sa",No,No,,,,,,,,,376751,,,,,,
,Griffith University,"170 Kessels Road, Nathan, Qld 4111",Consultancy Services,16/03/2023,25255,Global Reviews (Asia Pacific) Pty Ltd,"Melbourne, Vic",No,No,,,,,,,,,376740,,,,,,
,Griffith University,"170 Kessels Road, Nathan, Qld 4111",Building Construction & Maintenance,16/03/2023,18273,Innerspace (Qld) Seating & Systems Pty.,"Salisbury, Qld",No,No,,,,,,,,,376724,,,,,,
,Griffith University,"170 Kessels Road, Nathan, Qld 4111",Consultancy Services,16/03/2023,13475,The Trustee For 3Rd View Trust,"Brisbane, Qld",No,No,,,,,,,,,376748,,,,,,
,Griffith University,"170 Kessels Road, Nathan, Qld 4111",Laboratory Consumables,17/03/2023,24591,Biotools Pty Ltd,"Keperra, Qld",No,No,,,,,,,,,376785,,,,,,
,Griffith University,"170 Kessels Road, Nathan, Qld 4111",Consultancy Services,17/03/2023,385000,Nous Group Pty. Ltd.,"Melbourne, Vic",No,No,,,,,,,,,376789,,,,,,
,Griffith University,"170 Kessels Road, Nathan, Qld 4111",Furniture,18/03/2023,10175,Interloc Lockers Pty Ltd,"SILVERWATER, Nsw",No,No,,,,,,,,,376795,,,,,,
,Griffith University,"170 Kessels Road, Nathan, Qld 4111",Software Support Maintenance,18/03/2023,11000,Lennox Computer,"Banyo, Qld",No,No,,,,,,,,,376793,,,,,,
,Griffith University,"170 Kessels Road, Nathan, Qld 4111",Equipment Maintenance,20/03/2023,11990,John Morris Scientific Pty Ltd,"Willoughby, Nsw",No,No,,,,,,,,,376832,,,,,,
,Griffith University,"170 Kessels Road, Nathan, Qld 4111",Telecommunications Expenditure,21/03/2023,21450,Aarnet,"Canberra, Act",No,No,,,,,,,,,2002764,,,,,,
,Griffith University,"170 Kessels Road, Nathan, Qld 4111",Scientific Equipment,21/03/2023,11422,Australian Bay Lobster Producers Limited,"Chinderah, Nsw",No,No,,,,,,,,,2005354,,,,,,
,Griffith University,"170 Kessels Road, Nathan, Qld 4111",Building Construction & Maintenance,21/03/2023,19104,Dewpoint Air,"Newmarket, Qld",No,No,,,,,,,,,376848,,,,,,
,Griffith University,"170 Kessels Road, Nathan, Qld 4111",Commission Payment,21/03/2023,12654,Idp Education Pty Ltd,"Melbourne, Vic",No,No,,,,,,,,,2004752,,,,,,
,Griffith University,"170 Kessels Road, Nathan, Qld 4111",External Course Delivery,21/03/2023,24035,Noel Robert Scott,Qld,No,No,,,,,,,,,2006202,,,,,,
,Griffith University,"170 Kessels Road, Nathan, Qld 4111",Event Expenditure,21/03/2023,22724,Qt Gold Coast,"Surfers Paradise, Qld",No,No,,,,,,,,,2006139 2010501,,,,,,
,Griffith University,"170 Kessels Road, Nathan, Qld 4111",Memberships/Subscriptions,21/03/2023,85290,"Sage Publications, Ltd.","Peterborough, Uk",No,No,,,,,,,,,GU-1588,,,,,,
,Griffith University,"170 Kessels Road, Nathan, Qld 4111",Consultancy Services,22/03/2023,53460,Baidam Solutions Pty Ltd,"Brisbane, Qld",No,No,,,,,,,,,376894,,,,,,
,Griffith University,"170 Kessels Road, Nathan, Qld 4111",Scientific Equipment,22/03/2023,18935,Biotools Pty Ltd,"Keperra, Qld",No,No,,,,,,,,,376910,,,,,,
,Griffith University,"170 Kessels Road, Nathan, Qld 4111",Scientific Equipment,22/03/2023,17724,Biotools Pty Ltd,"Keperra, Qld",No,No,,,,,,,,,376911,,,,,,
,Griffith University,"170 Kessels Road, Nathan, Qld 4111",Scientific Equipment,22/03/2023,21973,Brightside Scientific Pty Ltd,"Tuggerah, Nsw",No,No,,,,,,,,,376913,,,,,,
,Griffith University,"170 Kessels Road, Nathan, Qld 4111",Building Construction & Maintenance,22/03/2023,21868,Geleon Pty Ltd,"Nerang, Qld",No,No,,,,,,,,,376912,,,,,,
,Griffith University,"170 Kessels Road, Nathan, Qld 4111",Consultancy Services,22/03/2023,143000,M & T Resources Pty Ltd,"Brisbane, Qld",No,No,,,,,,,,,376893,,,,,,
,Griffith University,"170 Kessels Road, Nathan, Qld 4111",Subscription/Licence Fees Software,22/03/2023,86874,Monotype Limited,"London, Uk",No,No,,,,,,,,,376892,,,,,,
,Griffith University,"170 Kessels Road, Nathan, Qld 4111",Subscription/Licence Fees Software,22/03/2023,15529,Oracle Corporation Australia Pty Ltd,"Sydney, Nsw",No,No,,,,,,,,,376890,,,,,,
,Griffith University,"170 Kessels Road, Nathan, Qld 4111",Software Support Maintenance,22/03/2023,20224,Oracle Corporation Australia Pty Ltd,"Sydney, Nsw",No,No,,,,,,,,,376891,,,,,,
,Griffith University,"170 Kessels Road, Nathan, Qld 4111",Subscription/Licence Fees Software,22/03/2023,219307,Software Education Australia Pty Ltd,"Brisbane, Qld",No,No,,,,,,,,,376923,,,,,,
,Griffith University,"170 Kessels Road, Nathan, Qld 4111",Consultancy Services,22/03/2023,150150,Wallis Nominees (Computing) Pty. Ltd.,"Melbourne, Vic",No,No,,,,,,,,,376915,,,,,,
,Griffith University,"170 Kessels Road, Nathan, Qld 4111",Consultancy Services,22/03/2023,150150,Wallis Nominees (Computing) Pty. Ltd.,"Melbourne, Vic",No,No,,,,,,,,,376917,,,,,,
,Griffith University,"170 Kessels Road, Nathan, Qld 4111",Consultancy Services,22/03/2023,435435,Wallis Nominees (Computing) Pty. Ltd.,"Melbourne, Vic",Yes,No,,,,,,,,,376915 388308,,,,,,
,Griffith University,"170 Kessels Road, Nathan, Qld 4111",Consultancy Services,22/03/2023,435435,Wallis Nominees (Computing) Pty. Ltd.,"Melbourne, Vic",Yes,No,,,,,,,,,376917 388299,,,,,,
,Griffith University,"170 Kessels Road, Nathan, Qld 4111",Building Construction & Maintenance,23/03/2023,17050,Amalgamated Property Maint. Brisbane P/L,"Rochedale South, Qld",No,No,,,,,,,,,376958,,,,,,
,Griffith University,"170 Kessels Road, Nathan, Qld 4111",Building Construction & Maintenance,23/03/2023,21915,Diligent Fire Pty Ltd,"Albion, Qld",No,No,,,,,,,,,376944,,,,,,
,Griffith University,"170 Kessels Road, Nathan, Qld 4111",Building Construction & Maintenance,23/03/2023,15923,E.D.C. Systems Pty Ltd,"Cannon Hill, Qld",No,No,,,,,,,,,376959,,,,,,
,Griffith University,"170 Kessels Road, Nathan, Qld 4111",Furniture,23/03/2023,13349,Empire Office Furniture,"Rocklea, Qld",No,No,,,,,,,,,376961,,,,,,
,Griffith University,"170 Kessels Road, Nathan, Qld 4111",Marketing Fees,23/03/2023,14520,Getty Images Sales Australia Pty Ltd,"St Leonards, Nsw",No,No,,,,,,,,,376950,,,,,,
,Griffith University,"170 Kessels Road, Nathan, Qld 4111",Subscription/Licence Fees Software,23/03/2023,24200,Tribal Group Pty Limited,"North Geelong, Vic",No,No,,,,,,,,,376940,,,,,,
,Griffith University,"170 Kessels Road, Nathan, Qld 4111",Marketing Fees,24/03/2023,175251,Cpx Pty Ltd,"Kelvin Grove, Qld",No,No,,,,,,,,,377000,,,,,,
,Griffith University,"170 Kessels Road, Nathan, Qld 4111",Building Construction & Maintenance,24/03/2023,13200,Logical Line Marking,"Underwood, Qld",No,No,,,,,,,,,376997,,,,,,
,Griffith University,"170 Kessels Road, Nathan, Qld 4111",Equipment Purchase,24/03/2023,196749,"Photon Spot, Inc.","Monrovia, CA, Usa",No,No,,,,,,,,,376981,,,,,,
,Griffith University,"170 Kessels Road, Nathan, Qld 4111",Scientific Equipment,25/03/2023,15236,Bio-Strategy Pty Limited,"Campbellfield, Vic",No,No,,,,,,,,,377013,,,,,,
,Griffith University,"170 Kessels Road, Nathan, Qld 4111",Laboratory Consumables,25/03/2023,13618,Merck Pty Ltd,"Bayswater, Vic",No,No,,,,,,,,,377011,,,,,,
,Griffith University,"170 Kessels Road, Nathan, Qld 4111",Scientific Equipment,25/03/2023,87857,Schneider Electric (Australia) Pty Limit,"Macquarie Park, Nsw",No,No,,,,,,,,,377014,,,,,,
,Griffith University,"170 Kessels Road, Nathan, Qld 4111",Building Construction & Maintenance,25/03/2023,121344,Steadfast Projects Pty Ltd,"Upper Kedron, Qld",No,No,,,,,,,,,377015,,,,,,
,Griffith University,"170 Kessels Road, Nathan, Qld 4111",Building Construction & Maintenance,25/03/2023,115011,Wilson Architects,"Spring Hill, Qld",No,No,,,,,,,,,377012,,,,,,
,Griffith University,"170 Kessels Road, Nathan, Qld 4111",Building Construction & Maintenance,25/03/2023,115011,Wilson Architects,"Spring Hill, Qld",No,No,,,,,,,,,377012,,,,,,
,Griffith University,"170 Kessels Road, Nathan, Qld 4111",Computer Equipment,27/03/2023,45185,Computer Alliance Pty Ltd,"Mount Gravatt, Qld",No,No,,,,,,,,,377050,,,,,,
,Griffith University,"170 Kessels Road, Nathan, Qld 4111",Consultancy Services,27/03/2023,12166,Geneworks Pty Ltd,"THEBARTON, Sa",No,No,,,,,,,,,377026,,,,,,
,Griffith University,"170 Kessels Road, Nathan, Qld 4111",Building Construction & Maintenance,27/03/2023,16858,Mctaggart Plumbing Pty Ltd,"Petrie, Qld",No,No,,,,,,,,,377023,,,,,,
,Griffith University,"170 Kessels Road, Nathan, Qld 4111",Consultancy Services,27/03/2023,130000,Toh Lai Yin,Malaysia,No,No,,,,,,,,,377053,,,,,,
,Griffith University,"170 Kessels Road, Nathan, Qld 4111",Building Construction & Maintenance,27/03/2023,2721997,Value Added Asset Management Pty Ltd,"Darra, Qld",No,No,Selective,,,,,,,,377044,,,,,,
,Griffith University,"170 Kessels Road, Nathan, Qld 4111",Building Construction & Maintenance,27/03/2023,2721997,Value Added Asset Management Pty Ltd,"Darra, Qld",No,No,Selective,,,,,,,,377044,,,,,,
,Griffith University,"170 Kessels Road, Nathan, Qld 4111",Consultancy Services,28/03/2023,22858,Acer - Aust Council For Edu Research Ltd,"Camberwell, Vic",No,No,,,,,,,,,2004443,,,,,,
,Griffith University,"170 Kessels Road, Nathan, Qld 4111",Subscription/Licence Fees Software,28/03/2023,472748,Avepoint Au Pty Ltd,"Melbourne, Vic",No,No,,,,,,,,,377073,,,,,,
,Griffith University,"170 Kessels Road, Nathan, Qld 4111",Medical Equipment,28/03/2023,12517,Beam Engineering For Advanced Measuremen,"Orlando, Usa",No,No,,,,,,,,,377075,,,,,,
,Griffith University,"170 Kessels Road, Nathan, Qld 4111",Consultancy Services,28/03/2023,24890,Dynata Global Au Pty Ltd,"Sydney, Nsw",No,No,,,,,,,,,2005346,,,,,,
,Griffith University,"170 Kessels Road, Nathan, Qld 4111",Memberships/Subscriptions,28/03/2023,21000,English Language Testing Limited,"Brentford, , TW8 9DF, Uk",No,No,,,,,,,,,2007293,,,,,,
,Griffith University,"170 Kessels Road, Nathan, Qld 4111",Pathology Expenditure,28/03/2023,11088,Enviro Dna Pty. Ltd.,"Brunswick, Vic",No,No,,,,,,,,,2007049,,,,,,
,Griffith University,"170 Kessels Road, Nathan, Qld 4111",Consultancy Services,28/03/2023,494235,Justine Somogyi,United Kingdom,No,No,,,,,,,,,377109,,,,,,
,Griffith University,"170 Kessels Road, Nathan, Qld 4111",Consultancy Services,28/03/2023,14520,Mercer Consulting (Australia) Pty Ltd,"Melbourne, Vic",No,No,,,,,,,,,2003880,,,,,,
,Griffith University,"170 Kessels Road, Nathan, Qld 4111",Recruitment/Placement Fees,28/03/2023,19705,Michael Page International,"Parramatta, Nsw",No,No,,,,,,,,,2006574,,,,,,
,Griffith University,"170 Kessels Road, Nathan, Qld 4111",Building Construction & Maintenance,28/03/2023,20460,Relay Consulting Services,"Rochedale, Qld",No,No,,,,,,,,,377102,,,,,,
,Griffith University,"170 Kessels Road, Nathan, Qld 4111",Building Construction & Maintenance,28/03/2023,13303,Securcom Pty Ltd,"Brendale, Qld",No,No,,,,,,,,,377076,,,,,,
,Griffith University,"170 Kessels Road, Nathan, Qld 4111",Building Construction & Maintenance,28/03/2023,13221,Securcom Pty Ltd,"Brendale, Qld",No,No,,,,,,,,,377077,,,,,,
,Griffith University,"170 Kessels Road, Nathan, Qld 4111",Relocation Services,28/03/2023,12600,Sirva Relocation,"Richlands, Qld",No,No,,,,,,,,,377070,,,,,,
,Griffith University,"170 Kessels Road, Nathan, Qld 4111",Scientific Equipment,28/03/2023,267448,Solve Scientific Pty Ltd,"Birkdale, Qld",No,No,,,,,,,,,377067,,,,,,
,Griffith University,"170 Kessels Road, Nathan, Qld 4111",Health & Safety Expenses,28/03/2023,29925,Testel Australia Pty Ltd,"Unley, Sa",No,No,,,,,,,,,377078,,,,,,
,Griffith University,"170 Kessels Road, Nathan, Qld 4111",Health & Safety Expenses,28/03/2023,20900,Testel Australia Pty Ltd,"Unley, Sa",No,No,,,,,,,,,377079,,,,,,
,Griffith University,"170 Kessels Road, Nathan, Qld 4111",Dental Supplies,28/03/2023,28875,The Dentists Workshop Pty Ltd,"Bayswater, Vic",No,No,,,,,,,,,2007350,,,,,,
,Griffith University,"170 Kessels Road, Nathan, Qld 4111",Consultancy Services,28/03/2023,10640,Tilak Liyanaarachchi,Qld,No,No,,,,,,,,,2003630,,,,,,
,Griffith University,"170 Kessels Road, Nathan, Qld 4111",Scientific Equipment,29/03/2023,484451,Bio-Strategy Pty Limited,"Campbellfield, Vic",No,No,,,,,,,,,377132,,,,,,
,Griffith University,"170 Kessels Road, Nathan, Qld 4111",Scientific Equipment,29/03/2023,226103,Biotools Pty Ltd,"Keperra, Qld",No,No,,,,,,,,,377116,,,,,,
,Griffith University,"170 Kessels Road, Nathan, Qld 4111",Equipment Maintenance,29/03/2023,200000,Dewpoint Air,"Newmarket, Qld",No,No,,,,,,,,,377119,,,,,,
,Griffith University,"170 Kessels Road, Nathan, Qld 4111",Conference Expenses,29/03/2023,12333,Gestalt Therapy Brisbane Pty Ltd,"West End, Qld",No,No,,,,,,,,,2007581,,,,,,
,Griffith University,"170 Kessels Road, Nathan, Qld 4111",Equipment Purchase,29/03/2023,147406,Life Fitness Australia Pty Ltd,"Geebung, Qld",No,No,,,,,,,,,377117,,,,,,
,Griffith University,"170 Kessels Road, Nathan, Qld 4111",Building Construction & Maintenance,29/03/2023,10035198,Premis Solutions Pty Ltd,"Toowong, Qld",No,No,Selective,,,,,,,,377115,,,,,,
,Griffith University,"170 Kessels Road, Nathan, Qld 4111",Recruitment/Placement Fees,29/03/2023,110000,Seek Limited,"Sydney, Nsw",No,No,,,,,,,,,2007756,,,,,,
,Griffith University,"170 Kessels Road, Nathan, Qld 4111",Consultancy Services,30/03/2023,38500,Data #3 Limited,"Indooroopilly, Qld",No,No,,,,,,,,,377184,,,,,,
,Griffith University,"170 Kessels Road, Nathan, Qld 4111",Building Construction & Maintenance,30/03/2023,13200,Logical Line Marking,"Underwood, Qld",No,No,,,,,,,,,377178,,,,,,
,Griffith University,"170 Kessels Road, Nathan, Qld 4111",Building Construction & Maintenance,30/03/2023,20900,Logical Line Marking,"Underwood, Qld",No,No,,,,,,,,,377179,,,,,,
,Griffith University,"170 Kessels Road, Nathan, Qld 4111",Building Construction & Maintenance,30/03/2023,17125,O'Brien Glass,"Padstow, Nsw",No,No,,,,,,,,,377163,,,,,,
,Griffith University,"170 Kessels Road, Nathan, Qld 4111",Consultancy Services,30/03/2023,31453,Operation Cetaces,"Noumea, New Caledonia",No,No,,,,,,,,,2007788,,,,,,
,Griffith University,"170 Kessels Road, Nathan, Qld 4111",Consultancy Services,30/03/2023,44550,People Insights Group Pty Ltd,"Upper Mount Gravatt, Qld",No,No,,,,,,,,,377181,,,,,,
,Griffith University,"170 Kessels Road, Nathan, Qld 4111",Building Construction & Maintenance,30/03/2023,33214,Securcom Pty Ltd,"Brendale, Qld",No,No,,,,,,,,,377164,,,,,,
,Griffith University,"170 Kessels Road, Nathan, Qld 4111",Marketing Fees,30/03/2023,13200,Sta Communication,"Brisbane, Qld",No,No,,,,,,,,,377176,,,,,,
,Griffith University,"170 Kessels Road, Nathan, Qld 4111",Medical Equipment,30/03/2023,12166,Technosource Australia Pty Ltd,"Tullamarine, Vic",No,No,,,,,,,,,377183,,,,,,
,Griffith University,"170 Kessels Road, Nathan, Qld 4111",Building Construction & Maintenance,31/03/2023,326612,Biodiversity Australia Pty Ltd,"Upper Coomera, Qld",No,No,,,,,,,,,377219,,,,,,
,Griffith University,"170 Kessels Road, Nathan, Qld 4111",Chemical/Biological Products,31/03/2023,114807,Bio-Strategy Pty Limited,"Campbellfield, Vic",No,No,,,,,,,,,377241,,,,,,
,Griffith University,"170 Kessels Road, Nathan, Qld 4111",Subscription/Licence Fees Software,31/03/2023,949596,Cvent Australia Pty Ltd,"Southbank, Qld",No,No,,,,,,,,,377243,,,,,,
,Griffith University,"170 Kessels Road, Nathan, Qld 4111",Consultancy Services,31/03/2023,76450,Nous Group Pty. Ltd.,"Melbourne, Vic",No,No,,,,,,,,,377218,,,,,,
,Griffith University,"170 Kessels Road, Nathan, Qld 4111",Equipment Maintenance,31/03/2023,22575,Opira Pty Ltd,"Mansfield, Qld",No,No,,,,,,,,,377217,,,,,,
,Griffith University,"170 Kessels Road, Nathan, Qld 4111",Computer Equipment,31/03/2023,70552,The School Locker,"Yeronga, Qld",No,No,,,,,,,,,377254,,,,,,
,Griffith University,"170 Kessels Road, Nathan, Qld 4111",Vehicle Acquisition,1/04/2023,433548,Mercedes - Benz Gold Coast,"Varsity Lakes, Qld",No,No,,,,,,,,,377259,,,,,,
,Griffith University,"170 Kessels Road, Nathan, Qld 4111",Event Expenditure,3/04/2023,20350,Flamingo Bloom Pty Ltd,"Sydney, Nsw",No,No,,,,,,,,,377283,,,,,,
,Griffith University,"170 Kessels Road, Nathan, Qld 4111",Scientific Equipment,3/04/2023,35902,Thermo Fisher Scientific Australia,"Scoresby, Vic",No,No,,,,,,,,,377290,,,,,,
,Griffith University,"170 Kessels Road, Nathan, Qld 4111",Event Expenditure,3/04/2023,25900,Village Roadshow Theme Parks Pty Ltd,"Surfers Paradise, Qld",No,No,,,,,,,,,2008294,,,,,,
,Griffith University,"170 Kessels Road, Nathan, Qld 4111",Event Expenditure,3/04/2023,25900,Village Roadshow Theme Parks Pty Ltd,"Surfers Paradise, Qld",No,No,,,,,,,,,2008294,,,,,,
,Griffith University,"170 Kessels Road, Nathan, Qld 4111",Subscription/Licence Fees Software,4/04/2023,257938,Appian Software Switzerland Llc,"Sydney, Nsw",Yes,No,,,,,,,,,C01231_2,,,,,,
,Griffith University,"170 Kessels Road, Nathan, Qld 4111",Consultancy Services,4/04/2023,54000,Darren Christopher Lukas,Indonesia,No,No,,,,,,,,,377348,,,,,,
,Griffith University,"170 Kessels Road, Nathan, Qld 4111",Cleaning Services,4/04/2023,18444,Destroyr Document Shredding Pty Ltd,"Helensvale, Qld",No,No,,,,,,,,,377309,,,,,,
,Griffith University,"170 Kessels Road, Nathan, Qld 4111",Building Construction & Maintenance,4/04/2023,49500,Dowding Family Trust,"Norman Park, Qld",No,No,,,,,,,,,377339,,,,,,
,Griffith University,"170 Kessels Road, Nathan, Qld 4111",Scientific Equipment,4/04/2023,27512,Tecan Australia Pty Ltd,"Port Melbourne, Vic",No,No,,,,,,,,,377314,,,,,,
,Griffith University,"170 Kessels Road, Nathan, Qld 4111",Event Expenditure,5/04/2023,11370,Australian Catering Services,"Coorparoo, Qld",No,No,,,,,,,,,2009542,,,,,,
,Griffith University,"170 Kessels Road, Nathan, Qld 4111",Building Construction & Maintenance,5/04/2023,11108,Eagle Lighting Australia Pty Ltd,"East Brisbane, Qld",No,No,,,,,,,,,377353,,,,,,
,Griffith University,"170 Kessels Road, Nathan, Qld 4111",Event Expenditure,5/04/2023,55000,Intercontinental Sanctuary Cove Resort,"Sanctuary Cove, Qld",No,No,,,,,,,,,377363,,,,,,
,Griffith University,"170 Kessels Road, Nathan, Qld 4111",Building Construction & Maintenance,5/04/2023,32076,Mctaggart Plumbing Pty Ltd,"Petrie, Qld",No,No,,,,,,,,,377365,,,,,,
,Griffith University,"170 Kessels Road, Nathan, Qld 4111",Event Expenditure,5/04/2023,14911,Outstanding Displays Pty Ltd,"Wynnum, Qld",No,No,,,,,,,,,377385,,,,,,
,Griffith University,"170 Kessels Road, Nathan, Qld 4111",Subscription/Licence Fees Software,5/04/2023,10320,Smartsheet Inc.,"Bellevue, Wa, Usa",No,No,,,,,,,,,377369,,,,,,
,Griffith University,"170 Kessels Road, Nathan, Qld 4111",Building Construction & Maintenance,5/04/2023,41113,Steele Wrobel Pty Ltd,"Brisbane, Qld",No,No,,,,,,,,,377379,,,,,,
,Griffith University,"170 Kessels Road, Nathan, Qld 4111",Equipment Maintenance,5/04/2023,12853,Thermo Fisher Scientific Australia,"Scoresby, Vic",No,No,,,,,,,,,2008876,,,,,,
,Griffith University,"170 Kessels Road, Nathan, Qld 4111",Building Construction & Maintenance,5/04/2023,31625,Turner & Townsend Pty Ltd,"Brisbane, Qld",No,No,,,,,,,,,377383,,,,,,
,Griffith University,"170 Kessels Road, Nathan, Qld 4111",Chemical/Biological Products,5/04/2023,37561,"Z Biotech, Llc","Aurora, Co, Usa",No,No,,,,,,,,,377358,,,,,,
,Griffith University,"170 Kessels Road, Nathan, Qld 4111",Building Construction & Maintenance,5/04/2023,31625,Turner & Townsend Pty Ltd,"Brisbane, Qld",No,No,,,,,,,,,377383,,,,,,
,Griffith University,"170 Kessels Road, Nathan, Qld 4111",Chemical/Biological Products,5/04/2023,37561,"Z Biotech, Llc","Aurora, Co, Usa",No,No,,,,,,,,,377358,,,,,,
,Griffith University,"170 Kessels Road, Nathan, Qld 4111",Consultancy Services,6/04/2023,18549,Becky (Rebecca) Earhart,United States of America,No,No,,,,,,,,,377417,,,,,,
,Griffith University,"170 Kessels Road, Nathan, Qld 4111",Event Expenditure,6/04/2023,11275,Celebrity Speakers,"Sydney, Nsw",No,No,,,,,,,,,377416,,,,,,
,Griffith University,"170 Kessels Road, Nathan, Qld 4111",Chemical/Biological Products,6/04/2023,11613,Integrated Dna Technologies Aust Pty Ltd,"Baulkham Hills, Nsw",No,No,,,,,,,,,377403,,,,,,
,Griffith University,"170 Kessels Road, Nathan, Qld 4111",Consultancy Services,6/04/2023,92742,Sarah Louise Deck,Canada,No,No,,,,,,,,,377420,,,,,,
,Griffith University,"170 Kessels Road, Nathan, Qld 4111",Equipment Maintenance,7/04/2023,10529,Ecolab Pty Ltd,"North Ryde, Nsw",No,No,,,,,,,,,377423,,,,,,
,Griffith University,"170 Kessels Road, Nathan, Qld 4111",Equipment Purchase,7/04/2023,17433,John Barry Group Pty Ltd,"Oxenford, Qld",No,No,,,,,,,,,377425,,,,,,
,Griffith University,"170 Kessels Road, Nathan, Qld 4111",Consultancy Services,7/04/2023,10500,University Of Auckland,"Auckland, New Zealand",No,No,,,,,,,,,2006157,,,,,,
,Griffith University,"170 Kessels Road, Nathan, Qld 4111",Consultancy Services,7/04/2023,10500,University Of Auckland,"Auckland, New Zealand",No,No,,,,,,,,,2006157,,,,,,
,Griffith University,"170 Kessels Road, Nathan, Qld 4111",Reference Materials,11/04/2023,11038,American Academy Of Pediatrics,"Chicago, Usa",No,No,,,,,,,,,2009795,,,,,,
,Griffith University,"170 Kessels Road, Nathan, Qld 4111",Building Construction & Maintenance,11/04/2023,21417,Bligh Tanner Pty Ltd,"Fortitude Valley, Qld",No,No,,,,,,,,,377478,,,,,,
,Griffith University,"170 Kessels Road, Nathan, Qld 4111",Scientific Equipment,11/04/2023,11715,Copley Scientific Ltd,"Nottingham, Uk",No,No,,,,,,,,,377435,,,,,,
,Griffith University,"170 Kessels Road, Nathan, Qld 4111",Building Construction & Maintenance,11/04/2023,19250,Dm2Architecture Pty Ltd,"Petrie Terrace, Qld",No,No,,,,,,,,,377472,,,,,,
,Griffith University,"170 Kessels Road, Nathan, Qld 4111",Consultancy Services,11/04/2023,29700,Global Reviews (Asia Pacific) Pty Ltd,"Melbourne, Vic",No,No,,,,,,,,,377474,,,,,,
,Griffith University,"170 Kessels Road, Nathan, Qld 4111",Building Construction & Maintenance,11/04/2023,75680,Mode Design Corp Pty Ltd,"Fortitude Valley, Qld",No,No,,,,,,,,,377479,,,,,,
,Griffith University,"170 Kessels Road, Nathan, Qld 4111",Legal Fees,12/04/2023,63800,Gadens Lawyers,"Brisbane, Qld",No,No,,,,,,,,,377500,,,,,,
,Griffith University,"170 Kessels Road, Nathan, Qld 4111",Event Expenditure,12/04/2023,15878,Gaplink Company Limited,"Hanoi, Vietnam",No,No,,,,,,,,,2006552,,,,,,
,Griffith University,"170 Kessels Road, Nathan, Qld 4111",Marketing Fees,12/04/2023,21450,Lovework Studio Pty Ltd,"Woody Point, Qld",No,No,,,,,,,,,377519,,,,,,
,Griffith University,"170 Kessels Road, Nathan, Qld 4111",Building Construction & Maintenance,12/04/2023,24310,Mctaggart Plumbing Pty Ltd,"Petrie, Qld",No,No,,,,,,,,,377502,,,,,,
,Griffith University,"170 Kessels Road, Nathan, Qld 4111",Building Construction & Maintenance,12/04/2023,241208,Ryan Wilks Pty. Ltd.,"Murarrie, Qld",No,No,,,,,,,,,377524,,,,,,
,Griffith University,"170 Kessels Road, Nathan, Qld 4111",Subscription/Licence Fees Software,12/04/2023,11873,Schneider Electric (Australia) Pty Limit,"Macquarie Park, Nsw",No,No,,,,,,,,,377522,,,,,,
,Griffith University,"170 Kessels Road, Nathan, Qld 4111",Building Construction & Maintenance,12/04/2023,410190,Southland Filtration Pty Ltd,"Derwent Park, Tas",No,No,,,,,,,,,377505,,,,,,
,Griffith University,"170 Kessels Road, Nathan, Qld 4111",Scientific Equipment,12/04/2023,18315,Thermo Fisher Scientific Australia,"Scoresby, Vic",No,No,,,,,,,,,377510,,,,,,
,Griffith University,"170 Kessels Road, Nathan, Qld 4111",Building Construction & Maintenance,13/04/2023,96248,A1 Building & Property Solutions Pty Ltd,"The Gap, Qld",No,No,,,,,,,,,377540,,,,,,
,Griffith University,"170 Kessels Road, Nathan, Qld 4111",Consultancy Services,13/04/2023,49500,Aptonow Pty Ltd,"Camberwell, Vic",No,No,,,,,,,,,377558,,,,,,
,Griffith University,"170 Kessels Road, Nathan, Qld 4111",Chemical/Biological Products,13/04/2023,97405,Bio-Strategy Pty Limited,"Campbellfield, Vic",No,No,,,,,,,,,377557,,,,,,
,Griffith University,"170 Kessels Road, Nathan, Qld 4111",Building Construction & Maintenance,13/04/2023,18670,Construction Cost Associates Pty Ltd,"Tarragindi, Qld",No,No,,,,,,,,,377566,,,,,,
,Griffith University,"170 Kessels Road, Nathan, Qld 4111",Memberships/Subscriptions,13/04/2023,176000,La Trobe University,"Bundoora, Vic",No,No,,,,,,,,,2006145,,,,,,
,Griffith University,"170 Kessels Road, Nathan, Qld 4111",Building Construction & Maintenance,13/04/2023,16159,Mctaggart Plumbing Pty Ltd,"Petrie, Qld",No,No,,,,,,,,,377542,,,,,,
,Griffith University,"170 Kessels Road, Nathan, Qld 4111",Scientific Equipment,13/04/2023,11341,Novascan Technologies Inc.,"Boone, Ia, Usa",No,No,,,,,,,,,377543,,,,,,
,Griffith University,"170 Kessels Road, Nathan, Qld 4111",Consultancy Services,13/04/2023,12000,Sieni Tiraa,"Matavera, Cook Islands",No,No,,,,,,,,,377539,,,,,,
,Griffith University,"170 Kessels Road, Nathan, Qld 4111",Scientific Equipment,13/04/2023,335422,Waters Australia Pty Limited,"Dundas, Nsw",No,No,,,,,,,,,377568,,,,,,
,Griffith University,"170 Kessels Road, Nathan, Qld 4111",Subscription/Licence Fees Software,13/04/2023,52784,Wp Engine Inc,"Dallas, Tx, Usa",No,No,,,,,,,,,377541,,,,,,
,Griffith University,"170 Kessels Road, Nathan, Qld 4111",Scientific Equipment,13/04/2023,335422,Waters Australia Pty Limited,"Dundas, Nsw",No,No,,,,,,,,,377568,,,,,,
,Griffith University,"170 Kessels Road, Nathan, Qld 4111",Subscription/Licence Fees Software,13/04/2023,52784,Wp Engine Inc,"Dallas, Tx, Usa",No,No,,,,,,,,,377541,,,,,,
,Griffith University,"170 Kessels Road, Nathan, Qld 4111",Pathology Expenditure,14/04/2023,10483,Australian Genome Research Facility Ltd,"St Lucia, Qld",No,No,,,,,,,,,377588,,,,,,
,Griffith University,"170 Kessels Road, Nathan, Qld 4111",Accreditation Fees,14/04/2023,12448,Dietitians Association Of Australia,"Deakin, Act",No,No,,,,,,,,,2006204,,,,,,
,Griffith University,"170 Kessels Road, Nathan, Qld 4111",External Course Delivery,14/04/2023,70180,Flight One Academy,"Archerfield, Qld",No,No,,,,,,,,,2007870,,,,,,
,Griffith University,"170 Kessels Road, Nathan, Qld 4111",Consultancy Services,14/04/2023,11000,Strategic Project Partners,"Melbourne, Vic",No,No,,,,,,,,,377607,,,,,,
,Griffith University,"170 Kessels Road, Nathan, Qld 4111",Consultancy Services,14/04/2023,98962,The University Of The South Pacific,"Luganville, Vanuatu",No,No,,,,,,,,,2013486,,,,,,
,Griffith University,"170 Kessels Road, Nathan, Qld 4111",Consultancy Services,15/04/2023,38214,Breadcrumb Digital Pty Ltd,"Brisbane, Qld",No,No,,,,,,,,,377619,,,,,,
,Griffith University,"170 Kessels Road, Nathan, Qld 4111",Building Construction & Maintenance,15/04/2023,37455,Building Certifiers Australia Pty Ltd,"Caloundra, Qld",No,No,,,,,,,,,377618,,,,,,
,Griffith University,"170 Kessels Road, Nathan, Qld 4111",Subscription/Licence Fees Software,17/04/2023,21450,Australian National University,"Acton, Act",No,No,,,,,,,,,377628,,,,,,
,Griffith University,"170 Kessels Road, Nathan, Qld 4111",Commission Payment,17/04/2023,10813,Bada Education Centre Seoul Korea,"Seoul, South Korea",No,No,,,,,,,,,2010967,,,,,,
,Griffith University,"170 Kessels Road, Nathan, Qld 4111",Consultancy Services,17/04/2023,20240,Geleon Pty Ltd,"Nerang, Qld",No,No,,,,,,,,,377663,,,,,,
,Griffith University,"170 Kessels Road, Nathan, Qld 4111",Vehicle Acquisition,17/04/2023,73506,Hinterland Motors Pty. Ltd.,"Robina, Qld",No,No,,,,,,,,,377656,,,,,,
,Griffith University,"170 Kessels Road, Nathan, Qld 4111",Memberships/Subscriptions,17/04/2023,35200,Intelligent Business Research Services P,"Hazelbrook, Nsw",No,No,,,,,,,,,377646,,,,,,
,Griffith University,"170 Kessels Road, Nathan, Qld 4111",Hire/Lease Fees,17/04/2023,17600,Iron Mountain Australia Group Pty Ltd,"Virginia, Qld",No,No,,,,,,,,,377645,,,,,,
,Griffith University,"170 Kessels Road, Nathan, Qld 4111",Pathology Expenditure,17/04/2023,27918,Sydney Local Health District,"Camperdown, Nsw",No,No,,,,,,,,,2010894,,,,,,
,Griffith University,"170 Kessels Road, Nathan, Qld 4111",Commission Payment,17/04/2023,45600,Uni Advice,"Cheonggaecheonro Seoul, South Korea",No,No,,,,,,,,,2010951,,,,,,
,Griffith University,"170 Kessels Road, Nathan, Qld 4111",Subscription/Licence Fees Software,17/04/2023,172257,Unimarket Australia Pty Limited,"Chatswood, Nsw",No,No,,,,,,,,,C01092_1,,,,,,
,Griffith University,"170 Kessels Road, Nathan, Qld 4111",Commission Payment,17/04/2023,45600,Uni Advice,"Cheonggaecheonro Seoul, South Korea",No,No,,,,,,,,,2010951,,,,,,
,Griffith University,"170 Kessels Road, Nathan, Qld 4111",Subscription/Licence Fees Software,17/04/2023,169018,Unimarket Australia Pty Limited,"Chatswood, Nsw",No,No,,,,,,,,,C01092_1,,,,,,
,Griffith University,"170 Kessels Road, Nathan, Qld 4111",Audio Visual Equipment,18/04/2023,22187,Allied Technologies Australia Pty Ltd,"Newstead, Qld",No,No,,,,,,,,,377698,,,,,,
,Griffith University,"170 Kessels Road, Nathan, Qld 4111",Marketing Fees,18/04/2023,48300,CareersEvent.com,"Mudgeeraba, Qld",No,No,,,,,,,,,2011113 2014893,,,,,,
,Griffith University,"170 Kessels Road, Nathan, Qld 4111",Vehicle Acquisition,18/04/2023,126098,Hinterland Motors Pty. Ltd.,"Robina, Qld",No,No,,,,,,,,,377703,,,,,,
,Griffith University,"170 Kessels Road, Nathan, Qld 4111",Subscription/Licence Fees Software,18/04/2023,215779,Salesforce,"Sydney, Nsw",No,No,,,,,,,,,C01085_2,,,,,,
,Griffith University,"170 Kessels Road, Nathan, Qld 4111",Equipment Maintenance,18/04/2023,40346,Semiconductor Metrology Ltd,"Berks, Uk",No,No,,,,,,,,,377677,,,,,,
,Griffith University,"170 Kessels Road, Nathan, Qld 4111",Subscription/Licence Fees Software,18/04/2023,21600,Smartsheet Inc.,"Bellevue, Wa, Usa",No,No,,,,,,,,,377686,,,,,,
,Griffith University,"170 Kessels Road, Nathan, Qld 4111",Equipment Purchase,18/04/2023,15708,Thorlabs Inc,"Newton, Nj, Usa",No,No,,,,,,,,,377676,,,,,,
,Griffith University,"170 Kessels Road, Nathan, Qld 4111",External Course Delivery,19/04/2023,32426,Corporate Prepaid Cards Pty Ltd,"Balmain, Nsw",No,No,,,,,,,,,2006560,,,,,,
,Griffith University,"170 Kessels Road, Nathan, Qld 4111",Office Equipment,19/04/2023,88795,Data #3 Limited,"Indooroopilly, Qld",No,No,,,,,,,,,377752,,,,,,
,Griffith University,"170 Kessels Road, Nathan, Qld 4111",Equipment Purchase,19/04/2023,56111,Edwards Vacuum Australia,"Yatala, Qld",No,No,,,,,,,,,377764,,,,,,
,Griffith University,"170 Kessels Road, Nathan, Qld 4111",Relocation Services,19/04/2023,13917,Kent Relocation Group Pty Ltd,"Villawood, Nsw",No,No,,,,,,,,,377719,,,,,,
,Griffith University,"170 Kessels Road, Nathan, Qld 4111",Security Services,19/04/2023,10901,Securcom Pty Ltd,"Brendale, Qld",No,No,,,,,,,,,377743,,,,,,
,Griffith University,"170 Kessels Road, Nathan, Qld 4111",Software Support Maintenance,19/04/2023,145502,Sure Power,"East Brisbane, Qld",No,No,,,,,,,,,377727,,,,,,
,Griffith University,"170 Kessels Road, Nathan, Qld 4111",Consultancy Services,19/04/2023,23100,Wallis Nominees (Computing) Pty. Ltd.,"Melbourne, Vic",No,No,,,,,,,,,377720,,,,,,
,Griffith University,"170 Kessels Road, Nathan, Qld 4111",Consultancy Services,19/04/2023,151305,Wallis Nominees (Computing) Pty. Ltd.,"Melbourne, Vic",No,No,,,,,,,,,377721,,,,,,
,Griffith University,"170 Kessels Road, Nathan, Qld 4111",Hire/Lease Fees,19/04/2023,11000,Zircodata Pty Ltd,"Hawthorn, Vic",No,No,,,,,,,,,377742,,,,,,
,Griffith University,"170 Kessels Road, Nathan, Qld 4111",Consultancy Services,19/04/2023,23100,Wallis Nominees (Computing) Pty. Ltd.,"Melbourne, Vic",No,No,,,,,,,,,377720,,,,,,
,Griffith University,"170 Kessels Road, Nathan, Qld 4111",Consultancy Services,19/04/2023,151305,Wallis Nominees (Computing) Pty. Ltd.,"Melbourne, Vic",No,No,,,,,,,,,377721,,,,,,
,Griffith University,"170 Kessels Road, Nathan, Qld 4111",Hire/Lease Fees,19/04/2023,11000,Zircodata Pty Ltd,"Hawthorn, Vic",No,No,,,,,,,,,377742,,,,,,
,Griffith University,"170 Kessels Road, Nathan, Qld 4111",Scientific Equipment,20/04/2023,12406,Bio-Strategy Pty Limited,"Campbellfield, Vic",No,No,,,,,,,,,377776,,,,,,
,Griffith University,"170 Kessels Road, Nathan, Qld 4111",Subscription/Licence Fees Software,20/04/2023,58460,Datacom Systems (Au) Pty Ltd,"North Ryde, Nsw",No,No,,,,,,,,,377766,,,,,,
,Griffith University,"170 Kessels Road, Nathan, Qld 4111",Relocation Services,20/04/2023,40330,Hanley'S Removals Pty Limited,"Kings Langley, Nsw",No,No,,,,,,,,,2011494,,,,,,
,Griffith University,"170 Kessels Road, Nathan, Qld 4111",Conference Expenses,20/04/2023,24008,Harvard Business School,"Boston, Ma, Usa",No,No,,,,,,,,,377783,,,,,,
,Griffith University,"170 Kessels Road, Nathan, Qld 4111",Subscription/Licence Fees Software,20/04/2023,164588,Hotcourses Pty Ltd,"Surry Hills, Nsw",No,No,,,,,,,,,377765,,,,,,
,Griffith University,"170 Kessels Road, Nathan, Qld 4111",Equipment Purchase,20/04/2023,16162,Pure Aquatics,"Wauchope, Nsw",No,No,,,,,,,,,377789,,,,,,
,Griffith University,"170 Kessels Road, Nathan, Qld 4111",Consultancy Services,21/04/2023,16500,Csiro,"Kenmore, Qld",No,No,,,,,,,,,2007225,,,,,,
,Griffith University,"170 Kessels Road, Nathan, Qld 4111",Building Construction & Maintenance,21/04/2023,140525,Hosmed Services Pty Ltd,"Virginia, Qld",No,No,,,,,,,,,377839,,,,,,
,Griffith University,"170 Kessels Road, Nathan, Qld 4111",Consultancy Services,21/04/2023,205797,Mbmpl Pty Ltd,"Sydney, Nsw",No,No,,,,,,,,,377833,,,,,,
,Griffith University,"170 Kessels Road, Nathan, Qld 4111",Consultancy Services,21/04/2023,33000,Nous Group Pty. Ltd.,"Melbourne, Vic",No,No,,,,,,,,,377813,,,,,,
,Griffith University,"170 Kessels Road, Nathan, Qld 4111",Scientific Equipment,22/04/2023,439982,Ata Scientific Pty Ltd,"Taren Point, Nsw",No,No,,,,,,,,,377862,,,,,,
,Griffith University,"170 Kessels Road, Nathan, Qld 4111",Building Construction & Maintenance,24/04/2023,57761,Geleon Pty Ltd,"Nerang, Qld",No,No,,,,,,,,,377877,,,,,,
,Griffith University,"170 Kessels Road, Nathan, Qld 4111",Computer Equipment,24/04/2023,304514,Getinge Australia Pty Ltd,"Bulimba, Qld",No,No,,,,,,,,,377898,,,,,,
,Griffith University,"170 Kessels Road, Nathan, Qld 4111",Relocation Services,24/04/2023,22530,Grace Worldwide (Australia) Pty Ltd,"Seven Hills, Nsw",No,No,,,,,,,,,377882,,,,,,
,Griffith University,"170 Kessels Road, Nathan, Qld 4111",Scientific Equipment,24/04/2023,189821,K&A Labs Gmbh,"Schaafheim, He, Germany",No,No,,,,,,,,,377873,,,,,,
,Griffith University,"170 Kessels Road, Nathan, Qld 4111",Building Construction & Maintenance,24/04/2023,189980,Logical Line Marking,"Underwood, Qld",No,No,,,,,,,,,377874,,,,,,
,Griffith University,"170 Kessels Road, Nathan, Qld 4111",Marketing Fees,24/04/2023,21450,Lovework Studio Pty Ltd,"Woody Point, Qld",No,No,,,,,,,,,377911,,,,,,
,Griffith University,"170 Kessels Road, Nathan, Qld 4111",Subscription/Licence Fees Software,24/04/2023,12778,Technic Pty Ltd,"Hobart, Tas",No,No,,,,,,,,,C00255,,,,,,
,Griffith University,"170 Kessels Road, Nathan, Qld 4111",Building Construction & Maintenance,24/04/2023,23100,Turner & Townsend Pty Ltd,"Brisbane, Qld",No,No,,,,,,,,,377912,,,,,,
,Griffith University,"170 Kessels Road, Nathan, Qld 4111",Building Construction & Maintenance,24/04/2023,23100,Turner & Townsend Pty Ltd,"Brisbane, Qld",No,No,,,,,,,,,377912,,,,,,
,Griffith University,"170 Kessels Road, Nathan, Qld 4111",Equipment Purchase,25/04/2023,13296,Framelight Pty Ltd,"Botany, Nsw",No,No,,,,,,,,,377918,,,,,,
,Griffith University,"170 Kessels Road, Nathan, Qld 4111",Building Construction & Maintenance,25/04/2023,346200,Steadfast Projects Pty Ltd,"Upper Kedron, Qld",No,No,,,,,,,,,377916,,,,,,
,Griffith University,"170 Kessels Road, Nathan, Qld 4111",Building Construction & Maintenance,26/04/2023,298937,Diligent Fire Pty Ltd,"Albion, Qld",No,No,,,,,,,,,377925,,,,,,
,Griffith University,"170 Kessels Road, Nathan, Qld 4111",Building Construction & Maintenance,26/04/2023,19250,Dm2Architecture Pty Ltd,"Petrie Terrace, Qld",No,No,,,,,,,,,377954,,,,,,
,Griffith University,"170 Kessels Road, Nathan, Qld 4111",Subscription/Licence Fees Software,26/04/2023,17406,"Glo-Bus Software, Inc.","Northport, Al, Usa",No,No,,,,,,,,,377961,,,,,,
,Griffith University,"170 Kessels Road, Nathan, Qld 4111",Conference Expenses,26/04/2023,19962,Insead,"Fontainebleau, France",No,No,,,,,,,,,2012251,,,,,,
,Griffith University,"170 Kessels Road, Nathan, Qld 4111",Patent Application Fee,26/04/2023,12686,Kings Patent & Trade Marks Attorneys P/L,"Aspley, Qld",No,No,,,,,,,,,2012248,,,,,,
,Griffith University,"170 Kessels Road, Nathan, Qld 4111",Building Construction & Maintenance,27/04/2023,20737,A1 Building & Property Solutions Pty Ltd,"The Gap, Qld",No,No,,,,,,,,,377982,,,,,,
,Griffith University,"170 Kessels Road, Nathan, Qld 4111",Printing Expenses,27/04/2023,21427,Bpo Intelligence Pty Ltd,"Mount Waverley, Vic",No,No,,,,,,,,,2011399,,,,,,
,Griffith University,"170 Kessels Road, Nathan, Qld 4111",Subscription/Licence Fees Software,27/04/2023,15000,Data #3 Limited,"Indooroopilly, Qld",No,No,,,,,,,,,377970,,,,,,
,Griffith University,"170 Kessels Road, Nathan, Qld 4111",Computer Equipment,27/04/2023,29439,Dell Australia Pty Ltd,"Frenchs Forest, Nsw",No,No,,,,,,,,,377989,,,,,,
,Griffith University,"170 Kessels Road, Nathan, Qld 4111",Chemical/Biological Products,27/04/2023,38242,Enamine Llc,"Kyiv, Ukraine",No,No,,,,,,,,,377968,,,,,,
,Griffith University,"170 Kessels Road, Nathan, Qld 4111",Equipment Maintenance,27/04/2023,20857,Jeol (Australasia) Pty Ltd,"Frenchs Forest, Nsw",No,No,,,,,,,,,377994,,,,,,
,Griffith University,"170 Kessels Road, Nathan, Qld 4111",Relocation Services,27/04/2023,22838,Kent Relocation Group Pty Ltd,"Villawood, Nsw",No,No,,,,,,,,,377974,,,,,,
,Griffith University,"170 Kessels Road, Nathan, Qld 4111",Reference Materials,27/04/2023,22793,Proquest Llc,"Chicago, Usa",No,No,,,,,,,,,2007878,,,,,,
,Griffith University,"170 Kessels Road, Nathan, Qld 4111",Commission Payment,27/04/2023,270958,Qld Institute Of Business & Technology,"Mt Gravatt, Qld",No,No,,,,,,,,,2012440,,,,,,
,Griffith University,"170 Kessels Road, Nathan, Qld 4111",Consultancy Services,27/04/2023,18700,Sustineo Pty Ltd,"Deakin, Act",No,No,,,,,,,,,2008293,,,,,,
,Griffith University,"170 Kessels Road, Nathan, Qld 4111",Recruitment/Placement Fees,28/04/2023,52800,Alumni Executive Search Australia Pty Lt,"Sydney, Nsw",No,No,,,,,,,,,02012600 2013921 2017952,,,,,,
,Griffith University,"170 Kessels Road, Nathan, Qld 4111",Consultancy Services,28/04/2023,22800,Brendan Francis Mullen,Qld,No,No,,,,,,,,,2012300,,,,,,
,Griffith University,"170 Kessels Road, Nathan, Qld 4111",Subscription/Licence Fees Software,28/04/2023,10769,Bruker Pty Ltd,"Alexandria, Nsw",No,No,,,,,,,,,378041,,,,,,
,Griffith University,"170 Kessels Road, Nathan, Qld 4111",Building Construction & Maintenance,28/04/2023,28534,Clean-Air (Aust) Pty. Ltd.,"Acacia Ridge, Qld",No,No,,,,,,,,,378033,,,,,,
,Griffith University,"170 Kessels Road, Nathan, Qld 4111",Equipment Maintenance,28/04/2023,22951,Diligent Fire Pty Ltd,"Albion, Qld",No,No,,,,,,,,,378034,,,,,,
,Griffith University,"170 Kessels Road, Nathan, Qld 4111",Printing Expenses,30/04/2023,11704,Ligare Pty Ltd,"Riverwood, Nsw",No,No,,,,,,,,,2009723,,,,,,
,Griffith University,"170 Kessels Road, Nathan, Qld 4111",Recruitment/Placement Fees,1/05/2023,22546,Emanate Technology Qld Pty Ltd,"Brisbane, Qld",No,No,,,,,,,,,2011400,,,,,,
,Griffith University,"170 Kessels Road, Nathan, Qld 4111",Building Construction & Maintenance,2/05/2023,15048,Arnold Electrical & Data Installations P,"Salisbury, Qld",No,No,,,,,,,,,378097,,,,,,
,Griffith University,"170 Kessels Road, Nathan, Qld 4111",Subscription/Licence Fees Software,2/05/2023,54186,Data #3 Limited,"Indooroopilly, Qld",No,No,,,,,,,,,378073,,,,,,
,Griffith University,"170 Kessels Road, Nathan, Qld 4111",Chemical/Biological Products,2/05/2023,13659,Genscript,"Piscataway, Nj, Usa",No,No,,,,,,,,,378077,,,,,,
,Griffith University,"170 Kessels Road, Nathan, Qld 4111",Consultancy Services,2/05/2023,22000,Knowledge Translation Australia,"Melbourne, Vic",No,No,,,,,,,,,378057,,,,,,
,Griffith University,"170 Kessels Road, Nathan, Qld 4111",Commission Payment,2/05/2023,30855,Kokos International Brisbane,"Brisbane, Qld",No,No,,,,,,,,,2013132,,,,,,
,Griffith University,"170 Kessels Road, Nathan, Qld 4111",Commission Payment,2/05/2023,32258,Link International Student Service,"Brisbane, Qld",No,No,,,,,,,,,2013092,,,,,,
,Griffith University,"170 Kessels Road, Nathan, Qld 4111",Building Construction & Maintenance,2/05/2023,236484,Liquid Blu Pty. Ltd.,"Bulimba, Qld",Yes,No,,,,,,,,,378055,,,,,,
,Griffith University,"170 Kessels Road, Nathan, Qld 4111",Building Construction & Maintenance,2/05/2023,11132,Mctaggart Plumbing Pty Ltd,"Petrie, Qld",No,No,,,,,,,,,378080,,,,,,
,Griffith University,"170 Kessels Road, Nathan, Qld 4111",Building Construction & Maintenance,2/05/2023,12672,Mctaggart Plumbing Pty Ltd,"Petrie, Qld",No,No,,,,,,,,,378081,,,,,,
,Griffith University,"170 Kessels Road, Nathan, Qld 4111",Commission Payment,2/05/2023,318945,Open Universities Australia,"Melbourne, Vic",No,No,,,,,,,,,2011394,,,,,,
,Griffith University,"170 Kessels Road, Nathan, Qld 4111",Commission Payment,2/05/2023,661913,Oztrekk Educational Services Ltd,"Perth, Wa",No,No,Limited,b - (iii) The absence of competition for technical reasons which can only be supplied by a particular supplier and no reasonable alternative exists,,,,,,,2013114,,,,,,
,Griffith University,"170 Kessels Road, Nathan, Qld 4111",Memberships/Subscriptions,2/05/2023,45239,Qudit,"St Lucia, Qld",No,No,,,,,,,,,378062,,,,,,
,Griffith University,"170 Kessels Road, Nathan, Qld 4111",Consultancy Services,2/05/2023,95040,Ten Seven Six Pty Ltd,"Manly West, Qld",No,No,,,,,,,,,378075,,,,,,
,Griffith University,"170 Kessels Road, Nathan, Qld 4111",Health & Safety Expenses,3/05/2023,12767,Aegis Safety Pty Ltd,"Geebung, Qld",No,No,,,,,,,,,378102,,,,,,
,Griffith University,"170 Kessels Road, Nathan, Qld 4111",Scientific Equipment,3/05/2023,56100,Biotools Pty Ltd,"Keperra, Qld",No,No,,,,,,,,,378122,,,,,,
,Griffith University,"170 Kessels Road, Nathan, Qld 4111",Building Construction & Maintenance,3/05/2023,48840,Building Certifiers Australia Pty Ltd,"Caloundra, Qld",No,No,,,,,,,,,378106,,,,,,
,Griffith University,"170 Kessels Road, Nathan, Qld 4111",Computer Equipment,3/05/2023,28868647,Data #3 Limited,"Indooroopilly, Qld",No,No,Open,,QITC Comprehensive - ICT products and services,9,Solution fit 55% Company capability 30% Value add 15%,Provision of networking equpment,As per project implementation and payment plan,As per the contract management plan,378143 378144 378145,,GU-776,,,,
,Griffith University,"170 Kessels Road, Nathan, Qld 4111",Audit Fees,3/05/2023,23100,Information Integrity Solutions Pty Ltd,"Waterloo, Nsw",No,No,,,,,,,,,378121,,,,,,
,Griffith University,"170 Kessels Road, Nathan, Qld 4111",Relocation Services,3/05/2023,13091,Sirva Relocation,"Richlands, Qld",No,No,,,,,,,,,378128,,,,,,
,Griffith University,"170 Kessels Road, Nathan, Qld 4111",Marketing Fees,4/05/2023,13295,Cpx Pty Ltd,"Kelvin Grove, Qld",No,No,,,,,,,,,378184,,,,,,
,Griffith University,"170 Kessels Road, Nathan, Qld 4111",Consultancy Services,4/05/2023,412390,Deloitte Consulting Pty Limited,"Brisbane, Qld",No,No,,,,,,,,,378166,,,,,,
,Griffith University,"170 Kessels Road, Nathan, Qld 4111",Consultancy Services,4/05/2023,180000,Martha Kerube Euceda Carias,Colombia,No,No,,,,,,,,,378167,,,,,,
,Griffith University,"170 Kessels Road, Nathan, Qld 4111",Chemical/Biological Products,4/05/2023,10754,New England Biolabs Pty Ltd,"Notting Hill, Vic",No,No,,,,,,,,,378169,,,,,,
,Griffith University,"170 Kessels Road, Nathan, Qld 4111",Commission Payment,4/05/2023,468088,Open Universities Australia,"Melbourne, Vic",No,No,,,,,,,,,2012443,,,,,,
,Griffith University,"170 Kessels Road, Nathan, Qld 4111",Consultancy Services,4/05/2023,20018,The Sax Institute,"Haymarket, Nsw",No,No,,,,,,,,,378164,,,,,,
,Griffith University,"170 Kessels Road, Nathan, Qld 4111",Printing Expenses,4/05/2023,13747,Unicard Systems Pty Ltd,"St Leonards, Nsw",No,No,,,,,,,,,378180,,,,,,
,Griffith University,"170 Kessels Road, Nathan, Qld 4111",Printing Expenses,4/05/2023,13747,Unicard Systems Pty Ltd,"St Leonards, Nsw",No,No,,,,,,,,,378180,,,,,,
,Griffith University,"170 Kessels Road, Nathan, Qld 4111",Building Construction & Maintenance,5/05/2023,67650,Dewpoint Air,"Newmarket, Qld",No,No,,,,,,,,,378221,,,,,,
,Griffith University,"170 Kessels Road, Nathan, Qld 4111",Building Construction & Maintenance,5/05/2023,17816,Industrial Concrete Coatings Australia P,"Tamborine, Qld",No,No,,,,,,,,,378227,,,,,,
,Griffith University,"170 Kessels Road, Nathan, Qld 4111",Software Support Maintenance,5/05/2023,92959,Rauland Australia Pty Ltd,"Cammeray, Nsw",No,No,,,,,,,,,378192,,,,,,
,Griffith University,"170 Kessels Road, Nathan, Qld 4111",Subscription/Licence Fees Software,5/05/2023,163307,Salesforce,"Sydney, Nsw",No,No,,,,,,,,,378193,,,,,,
,Griffith University,"170 Kessels Road, Nathan, Qld 4111",Building Construction & Maintenance,5/05/2023,21523,Specfurn Commercial Furniture Pty Ltd,"Geebung, Qld",No,No,,,,,,,,,378215,,,,,,
,Griffith University,"170 Kessels Road, Nathan, Qld 4111",Recruitment/Placement Fees,6/05/2023,71500,Odgers Berndtson,"Sydney, Nsw",No,No,,,,,,,,,378228,,,,,,
,Griffith University,"170 Kessels Road, Nathan, Qld 4111",Event Expenditure,6/05/2023,11160,The Ship Inn,"Brisbane, Qld",No,No,,,,,,,,,2010991,,,,,,
,Griffith University,"170 Kessels Road, Nathan, Qld 4111",Building Construction & Maintenance,8/05/2023,11627,Clean-Air (Aust) Pty. Ltd.,"Acacia Ridge, Qld",No,No,,,,,,,,,378266,,,,,,
,Griffith University,"170 Kessels Road, Nathan, Qld 4111",Cleaning Services,8/05/2023,33000,Crown Waste Solutions,"Helensvale, Qld",No,No,,,,,,,,,378264,,,,,,
,Griffith University,"170 Kessels Road, Nathan, Qld 4111",Subscription/Licence Fees Software,8/05/2023,11617,Experian Australia T/A Qas Pty Ltd,"Melbourne, Vic",No,No,,,,,,,,,378232,,,,,,
,Griffith University,"170 Kessels Road, Nathan, Qld 4111",Recruitment/Placement Fees,8/05/2023,51744,Perrett Laver Pty Ltd,"Darlinghurst, Nsw",No,No,,,,,,,,,2014170,,,,,,
,Griffith University,"170 Kessels Road, Nathan, Qld 4111",Building Construction & Maintenance,8/05/2023,814633,Turner & Townsend Project Management Pty,"Brisbane, Qld",No,No,Open,,,,,,,,378246,,,,,,
,Griffith University,"170 Kessels Road, Nathan, Qld 4111",Recruitment/Placement Fees,8/05/2023,26551,U&U Recruitment Partners,"Brisbane, Qld",No,No,,,,,,,,,2014088,,,,,,
,Griffith University,"170 Kessels Road, Nathan, Qld 4111",Hire/Lease Fees,8/05/2023,22228,Valiant Hire,"Pinkenba, Qld",No,No,,,,,,,,,378265,,,,,,
,Griffith University,"170 Kessels Road, Nathan, Qld 4111",Building Construction & Maintenance,8/05/2023,814633,Turner & Townsend Project Management Pty,"Brisbane, Qld",No,No,Open,,,,,,,,378246,,,,,,
,Griffith University,"170 Kessels Road, Nathan, Qld 4111",Recruitment/Placement Fees,8/05/2023,26551,U&U Recruitment Partners,"Brisbane, Qld",No,No,,,,,,,,,2014088,,,,,,
,Griffith University,"170 Kessels Road, Nathan, Qld 4111",Hire/Lease Fees,8/05/2023,22228,Valiant Hire,"Pinkenba, Qld",No,No,,,,,,,,,378265,,,,,,
,Griffith University,"170 Kessels Road, Nathan, Qld 4111",Subscription/Licence Fees Software,9/05/2023,17215,Apac Geospatial Pty Ltd,"Brisbane, Qld",No,No,,,,,,,,,378275,,,,,,
,Griffith University,"170 Kessels Road, Nathan, Qld 4111",Consultancy Services,9/05/2023,239531,Blight Rayner Architecture Pty Ltd,"Brisbane, Qld",No,No,,,,,,,,,378305,,,,,,
,Griffith University,"170 Kessels Road, Nathan, Qld 4111",Building Construction & Maintenance,9/05/2023,30140,Gleeds Australia (East) Pty Ltd,"Brisbane, Qld",No,No,,,,,,,,,378304,,,,,,
,Griffith University,"170 Kessels Road, Nathan, Qld 4111",Freight Fees,9/05/2023,51554,"Highres Biosolutions, Inc.","Beverley, Ma, Usa",Yes,No,,,,,,,,,2013916 324417,,,,,,
,Griffith University,"170 Kessels Road, Nathan, Qld 4111",Communications Equipment,9/05/2023,90803,Riedel Communications Australia Pty Ltd,"Rosebery, Nsw",No,No,,,,,,,,,378306,,,,,,
,Griffith University,"170 Kessels Road, Nathan, Qld 4111",Consultancy Services,9/05/2023,13552,Saunders Havill Group Pty Ltd,"Bowen Hills, Qld",No,No,,,,,,,,,378274,,,,,,
,Griffith University,"170 Kessels Road, Nathan, Qld 4111",Laboratory Consumables,9/05/2023,19250,Tomident Pty. Ltd.,"Ashfield, Nsw",No,No,,,,,,,,,378307,,,,,,
,Griffith University,"170 Kessels Road, Nathan, Qld 4111",Equipment Purchase,9/05/2023,11078,Waveshare International Limited,"Shenzhen, China",No,No,,,,,,,,,378290,,,,,,
,Griffith University,"170 Kessels Road, Nathan, Qld 4111",Equipment Purchase,9/05/2023,11078,Waveshare International Limited,"Shenzhen, China",No,No,,,,,,,,,378290,,,,,,
,Griffith University,"170 Kessels Road, Nathan, Qld 4111",Cleaning Services,10/05/2023,11000,Crown Waste Solutions,"Helensvale, Qld",No,No,,,,,,,,,378328,,,,,,
,Griffith University,"170 Kessels Road, Nathan, Qld 4111",Event Expenditure,10/05/2023,23700,Lennys Indigenous Mkr Mobile Kuppmurri C,"Bushland Beach, Qld",No,No,,,,,,,,,378341,,,,,,
,Griffith University,"170 Kessels Road, Nathan, Qld 4111",Building Construction & Maintenance,10/05/2023,12166,Mctaggart Plumbing Pty Ltd,"Petrie, Qld",No,No,,,,,,,,,378329,,,,,,
,Griffith University,"170 Kessels Road, Nathan, Qld 4111",Building Construction & Maintenance,10/05/2023,17886,Mctaggart Plumbing Pty Ltd,"Petrie, Qld",No,No,,,,,,,,,378331,,,,,,
,Griffith University,"170 Kessels Road, Nathan, Qld 4111",Scientific Equipment,10/05/2023,260090,Merck Pty Ltd,"Bayswater, Vic",No,No,,,,,,,,,378337,,,,,,
,Griffith University,"170 Kessels Road, Nathan, Qld 4111",Scientific Equipment,10/05/2023,28088,Oxford Nanopore Technologies Ltd,"Oxford, Uk",No,No,,,,,,,,,378332,,,,,,
,Griffith University,"170 Kessels Road, Nathan, Qld 4111",Consultancy Services,10/05/2023,54395,Wells Advisory Australia Pty Ltd,"Hawthorn, Vic",No,No,,,,,,,,,378339,,,,,,
,Griffith University,"170 Kessels Road, Nathan, Qld 4111",Consultancy Services,10/05/2023,54395,Wells Advisory Australia Pty Ltd,"Hawthorn, Vic",No,No,,,,,,,,,378339,,,,,,
,Griffith University,"170 Kessels Road, Nathan, Qld 4111",Consultancy Services,11/05/2023,90200,Aptonow Pty Ltd,"Camberwell, Vic",No,No,,,,,,,,,378382,,,,,,
,Griffith University,"170 Kessels Road, Nathan, Qld 4111",Computer Equipment,11/05/2023,215317,Dell Australia Pty Ltd,"Frenchs Forest, Nsw",No,No,,,,,,,,,378390,,,,,,
,Griffith University,"170 Kessels Road, Nathan, Qld 4111",Subscription/Licence Fees Software,11/05/2023,215317,Dell Australia Pty Ltd,"Frenchs Forest, Nsw",No,No,,,,,,,,,378391,,,,,,
,Griffith University,"170 Kessels Road, Nathan, Qld 4111",Computer Equipment,11/05/2023,19996,Dell Australia Pty Ltd,"Frenchs Forest, Nsw",No,No,,,,,,,,,378392,,,,,,
,Griffith University,"170 Kessels Road, Nathan, Qld 4111",Equipment Purchase,11/05/2023,28638,Gizo Marine Services Ltd,"Gizo, Solomon Islands",No,No,,,,,,,,,378404,,,,,,
,Griffith University,"170 Kessels Road, Nathan, Qld 4111",Consultancy Services,11/05/2023,19250,Lovework Studio Pty Ltd,"Woody Point, Qld",No,No,,,,,,,,,378365,,,,,,
,Griffith University,"170 Kessels Road, Nathan, Qld 4111",Event Expenditure,11/05/2023,24800,Mantra On View Hotel,"Surfers Paradise, Qld",No,No,,,,,,,,,378403,,,,,,
,Griffith University,"170 Kessels Road, Nathan, Qld 4111",Building Construction & Maintenance,12/05/2023,178948,Hosmed Services Pty Ltd,"Virginia, Qld",No,No,,,,,,,,,378435,,,,,,
,Griffith University,"170 Kessels Road, Nathan, Qld 4111",Event Expenditure,12/05/2023,11000,Hota Gold Coast Pty Ltd,"Gold Coast, Qld",No,No,,,,,,,,,378422,,,,,,
,Griffith University,"170 Kessels Road, Nathan, Qld 4111",Commission Payment,12/05/2023,106678,Kom Consultants,"Hamilton, On, Canada",No,No,,,,,,,,,2014970,,,,,,
,Griffith University,"170 Kessels Road, Nathan, Qld 4111",Building Construction & Maintenance,12/05/2023,12245,Logical Line Marking,"Underwood, Qld",Yes,No,,,,,,,,,378437,,,,,,
,Griffith University,"170 Kessels Road, Nathan, Qld 4111",Laboratory Consumables,12/05/2023,50821,One Dental Pty Ltd,"Castle Hill, Nsw",No,No,,,,,,,,,378425,,,,,,
,Griffith University,"170 Kessels Road, Nathan, Qld 4111",Relocation Services,12/05/2023,15000,Sirva Relocation,"Richlands, Qld",No,No,,,,,,,,,378419,,,,,,
,Griffith University,"170 Kessels Road, Nathan, Qld 4111",Building Construction & Maintenance,12/05/2023,152828,Steadfast Projects Pty Ltd,"Upper Kedron, Qld",Yes,No,,,,,,,,,378431,,,,,,
,Griffith University,"170 Kessels Road, Nathan, Qld 4111",Memberships/Subscriptions,12/05/2023,33100,Unijobs Global Pty Ltd,"Brighton, Vic",No,No,,,,,,,,,2010593,,,,,,
,Griffith University,"170 Kessels Road, Nathan, Qld 4111",Building Construction & Maintenance,12/05/2023,45804,Yes Fire Pty Ltd,"Yatala, Qld",Yes,No,,,,,,,,,378423,,,,,,
,Griffith University,"170 Kessels Road, Nathan, Qld 4111",Memberships/Subscriptions,12/05/2023,33100,Unijobs Global Pty Ltd,"Brighton, Vic",No,No,,,,,,,,,2010593,,,,,,
,Griffith University,"170 Kessels Road, Nathan, Qld 4111",Building Construction & Maintenance,12/05/2023,45804,Yes Fire Pty Ltd,"Yatala, Qld",Yes,No,,,,,,,,,378423,,,,,,
,Griffith University,"170 Kessels Road, Nathan, Qld 4111",Memberships/Subscriptions,13/05/2023,31031,Unijobs Global Pty Ltd,"Brighton, Vic",No,No,,,,,,,,,2011518,,,,,,
,Griffith University,"170 Kessels Road, Nathan, Qld 4111",Memberships/Subscriptions,13/05/2023,31031,Unijobs Global Pty Ltd,"Brighton, Vic",No,No,,,,,,,,,2011518,,,,,,
,Griffith University,"170 Kessels Road, Nathan, Qld 4111",Building Construction & Maintenance,15/05/2023,10346,E.D.C. Systems Pty Ltd,"Cannon Hill, Qld",No,No,,,,,,,,,378457,,,,,,
,Griffith University,"170 Kessels Road, Nathan, Qld 4111",Subscription/Licence Fees Software,15/05/2023,11000,Esri Australia,"Brisbane, Qld",No,No,,,,,,,,,378474,,,,,,
,Griffith University,"170 Kessels Road, Nathan, Qld 4111",Marketing Fees,15/05/2023,1924457,Essencemediacom Australia Pty Limited,"South Brisbane, Qld",Yes,No,Selective,,,,,,,,378471,,4667-2023_1,,,,
,Griffith University,"170 Kessels Road, Nathan, Qld 4111",Consultancy Services,15/05/2023,109337,Exent Pty. Ltd.,"Brisbane, Qld",Yes,No,,,,,,,,,378470,,,,,,
,Griffith University,"170 Kessels Road, Nathan, Qld 4111",Event Expenditure,15/05/2023,44815,Mantra On Salt Beach,"Kingscliff, Nsw",No,No,,,,,,,,,378456,,,,,,
,Griffith University,"170 Kessels Road, Nathan, Qld 4111",Printing Expenses,15/05/2023,29794,Michael Phillips,Qld,No,No,,,,,,,,,2014764 2022245,,,,,,
,Griffith University,"170 Kessels Road, Nathan, Qld 4111",Event Expenditure,16/05/2023,11686,Association Of Certified Anti-Money Laun,"Sydney, Nsw",No,No,,,,,,,,,2015539,,,,,,
,Griffith University,"170 Kessels Road, Nathan, Qld 4111",Equipment Maintenance,16/05/2023,20000,Atlas Copco Australia Pty Ltd,"Seventeen Mile Rocks, Qld",No,No,,,,,,,,,378518,,,,,,
,Griffith University,"170 Kessels Road, Nathan, Qld 4111",Subscription/Licence Fees Software,16/05/2023,11688,Baker Heart And Diabetes Institute,"Melbourne, Vic",No,No,,,,,,,,,378496,,,,,,
,Griffith University,"170 Kessels Road, Nathan, Qld 4111",Consultancy Services,16/05/2023,10344,Cambridge University Press And Assessmen,"Cambridge, Uk",No,No,,,,,,,,,2015536,,,,,,
,Griffith University,"170 Kessels Road, Nathan, Qld 4111",Event Expenditure,16/05/2023,19029,Celebrity Speakers,"Sydney, Nsw",No,No,,,,,,,,,378492,,,,,,
,Griffith University,"170 Kessels Road, Nathan, Qld 4111",Telecommunications Expenditure,16/05/2023,44000,Message Media,"Melbourne, Vic",No,No,,,,,,,,,378493,,,,,,
,Griffith University,"170 Kessels Road, Nathan, Qld 4111",Audit Fees,16/05/2023,30250,Trustee For Hughes Fincher Practicetrust,"Melbourne, Vic",No,No,,,,,,,,,378528,,,,,,
,Griffith University,"170 Kessels Road, Nathan, Qld 4111",Scientific Equipment,17/05/2023,26803,Evident Australia Pty Ltd,"Macquarie Park, Nsw",No,No,,,,,,,,,378547,,,,,,
,Griffith University,"170 Kessels Road, Nathan, Qld 4111",Commission Payment,17/05/2023,2391098,Idp Education Pty Ltd,"Melbourne, Vic",No,No,Limited,b - (iii) The absence of competition for technical reasons which can only be supplied by a particular supplier and no reasonable alternative exists,,,,,,,2015720,,,,,,
,Griffith University,"170 Kessels Road, Nathan, Qld 4111",Legal Fees,18/05/2023,24200,Clayton Utz,"Brisbane, Qld",No,No,,,,,,,,,378632,,,,,,
,Griffith University,"170 Kessels Road, Nathan, Qld 4111",Memberships/Subscriptions,18/05/2023,165000,Curtin University Of Technology,"Perth, Wa",No,No,,,,,,,,,2015812,,,,,,
,Griffith University,"170 Kessels Road, Nathan, Qld 4111",Consultancy Services,18/05/2023,30000,David Painter,Qld,No,No,,,,,,,,,378622,,,,,,
,Griffith University,"170 Kessels Road, Nathan, Qld 4111",Consultancy Services,18/05/2023,52261,Denise Margaret Hatzis,Qld,No,No,,,,,,,,,378625,,,,,,
,Griffith University,"170 Kessels Road, Nathan, Qld 4111",Building Construction & Maintenance,18/05/2023,16295,Green Options Pty Ltd,"Botany, Nsw",No,No,,,,,,,,,378588,,,,,,
,Griffith University,"170 Kessels Road, Nathan, Qld 4111",Scientific Equipment,18/05/2023,76910,Paragon Care Group Australia Pty Ltd,"Clayton, Vic",No,No,,,,,,,,,378630,,,,,,
,Griffith University,"170 Kessels Road, Nathan, Qld 4111",Legal Fees,18/05/2023,122100,Source Legal Pty Ltd,"Sydney, Nsw",No,No,,,,,,,,,378602,,,,,,
,Griffith University,"170 Kessels Road, Nathan, Qld 4111",Consultancy Services,18/05/2023,1692895,Sxiq Digital Pty Ltd,"Flinders Lane, Vic",No,No,Open,,,,,,,,378601,,,,,,
,Griffith University,"170 Kessels Road, Nathan, Qld 4111",Computer Equipment,18/05/2023,70552,The School Locker,"Yeronga, Qld",No,No,,,,,,,,,378620,,,,,,
,Griffith University,"170 Kessels Road, Nathan, Qld 4111",Consultancy Services,19/05/2023,12100,Bdo Services Pty Ltd,"Brisbane, Qld",No,No,,,,,,,,,2016126,,,,,,
,Griffith University,"170 Kessels Road, Nathan, Qld 4111",Building Construction & Maintenance,19/05/2023,28104,Dewpoint Air,"Newmarket, Qld",Yes,No,,,,,,,,,378695,,,,,,
,Griffith University,"170 Kessels Road, Nathan, Qld 4111",Relocation Services,19/05/2023,11552,Kent Relocation Services,"Clayton, Vic",No,No,,,,,,,,,378669,,,,,,
,Griffith University,"170 Kessels Road, Nathan, Qld 4111",Consultancy Services,19/05/2023,37400,Mark Israel Consulting Pty Ltd,"Nedlands, Wa",No,No,,,,,,,,,378671,,,,,,
,Griffith University,"170 Kessels Road, Nathan, Qld 4111",Equipment Maintenance,20/05/2023,19805,Elite Test & Tag Brisbane South,"Holland Park West, Qld",No,No,,,,,,,,,2012460,,,,,,
,Griffith University,"170 Kessels Road, Nathan, Qld 4111",Building Construction & Maintenance,22/05/2023,55006,A1 Building & Property Solutions Pty Ltd,"The Gap, Qld",No,No,,,,,,,,,378707,,,,,,
,Griffith University,"170 Kessels Road, Nathan, Qld 4111",Consultancy Services,22/05/2023,110000,Cyber Audit Team Pty Ltd,"Mermaid Waters, Qld",No,No,,,,,,,,,2015431,,,,,,
,Griffith University,"170 Kessels Road, Nathan, Qld 4111",Building Construction & Maintenance,22/05/2023,63799,Logical Line Marking,"Underwood, Qld",No,No,,,,,,,,,378724,,,,,,
,Griffith University,"170 Kessels Road, Nathan, Qld 4111",Building Construction & Maintenance,22/05/2023,20240,Yes Fire Pty Ltd,"Yatala, Qld",Yes,No,,,,,,,,,378705,,,,,,
,Griffith University,"170 Kessels Road, Nathan, Qld 4111",Building Construction & Maintenance,22/05/2023,20240,Yes Fire Pty Ltd,"Yatala, Qld",Yes,No,,,,,,,,,378705,,,,,,
,Griffith University,"170 Kessels Road, Nathan, Qld 4111",Scientific Equipment,23/05/2023,12430,Brightside Scientific Pty Ltd,"Tuggerah, Nsw",No,No,,,,,,,,,378773,,,,,,
,Griffith University,"170 Kessels Road, Nathan, Qld 4111",Software Support Maintenance,23/05/2023,25592,Ca (Singapore) Pte Ltd,Singapore,No,No,,,,,,,,,378758,,,,,,
,Griffith University,"170 Kessels Road, Nathan, Qld 4111",Event Expenditure,23/05/2023,10229,Celebrity Speakers,"Sydney, Nsw",No,No,,,,,,,,,378766,,,,,,
,Griffith University,"170 Kessels Road, Nathan, Qld 4111",Audit Fees,23/05/2023,77000,Deloitte Risk Advisory Pty Limited,"Brisbane, Qld",No,No,,,,,,,,,378808,,,,,,
,Griffith University,"170 Kessels Road, Nathan, Qld 4111",Event Expenditure,23/05/2023,34226,Encore Event Technologies Pty Ltd,"Rydalmere, Nsw",No,No,,,,,,,,,378768,,,,,,
,Griffith University,"170 Kessels Road, Nathan, Qld 4111",Consultancy Services,23/05/2023,41250,Hays Specialist Recruitment (Australia),"Sydney, Nsw",No,No,,,,,,,,,378790,,,,,,
,Griffith University,"170 Kessels Road, Nathan, Qld 4111",Equipment Maintenance,23/05/2023,16500,Nsk Oceania Pty Ltd,"Rosebery, Nsw",No,No,,,,,,,,,378760,,,,,,
,Griffith University,"170 Kessels Road, Nathan, Qld 4111",Building Construction & Maintenance,23/05/2023,33825,Pdt Architects,"Brisbane, Qld",No,No,,,,,,,,,378795,,,,,,
,Griffith University,"170 Kessels Road, Nathan, Qld 4111",Consultancy Services,23/05/2023,18542,Queensland Tertiary Admissions Centre Lt,"Milton, Qld",No,No,,,,,,,,,2014090,,,,,,
,Griffith University,"170 Kessels Road, Nathan, Qld 4111",Consultancy Services,23/05/2023,16960,Springer Customer Service Centre Gmbh,"Heidelberg, Germany",No,No,,,,,,,,,2016445,,,,,,
,Griffith University,"170 Kessels Road, Nathan, Qld 4111",Scientific Equipment,23/05/2023,16359,Thermo Fisher Scientific Australia,"Scoresby, Vic",No,No,,,,,,,,,378772,,,,,,
,Griffith University,"170 Kessels Road, Nathan, Qld 4111",Equipment Maintenance,23/05/2023,16500,W & H Australasia Pty Limited,"Belrose, Nsw",No,No,,,,,,,,,378761,,,,,,
,Griffith University,"170 Kessels Road, Nathan, Qld 4111",Equipment Maintenance,23/05/2023,16500,W & H Australasia Pty Limited,"Belrose, Nsw",No,No,,,,,,,,,378761,,,,,,
,Griffith University,"170 Kessels Road, Nathan, Qld 4111",Equipment Maintenance,24/05/2023,69219,A1 Building & Property Solutions Pty Ltd,"The Gap, Qld",No,No,,,,,,,,,378825,,,,,,
,Griffith University,"170 Kessels Road, Nathan, Qld 4111",Gas Supply,24/05/2023,15760,Boc Limited,"Labrador, Qld",No,No,,,,,,,,,378811,,,,,,
,Griffith University,"170 Kessels Road, Nathan, Qld 4111",Equipment Maintenance,24/05/2023,44000,Precise Air Group P/L,"Springwood, Qld",No,No,,,,,,,,,378824,,,,,,
,Griffith University,"170 Kessels Road, Nathan, Qld 4111",Audio Visual Equipment,25/05/2023,15552,Allied Technologies Australia Pty Ltd,"Newstead, Qld",No,No,,,,,,,,,378913,,,,,,
,Griffith University,"170 Kessels Road, Nathan, Qld 4111",Building Construction & Maintenance,25/05/2023,447656,Apollo Property Group,"Fortitude Valley, Qld",Yes,No,,,,,,,,,378880,,,,,,
,Griffith University,"170 Kessels Road, Nathan, Qld 4111",Event Expenditure,25/05/2023,24200,Binna Burra Media Pty Ltd,"Bangalow, Nsw",No,No,,,,,,,,,2016829,,,,,,
,Griffith University,"170 Kessels Road, Nathan, Qld 4111",Gas Supply,25/05/2023,11820,Boc Limited,"Labrador, Qld",No,No,,,,,,,,,378923,,,,,,
,Griffith University,"170 Kessels Road, Nathan, Qld 4111",Event Expenditure,25/05/2023,32355,Intercontinental Sanctuary Cove Resort,"Sanctuary Cove, Qld",No,No,,,,,,,,,378927,,,,,,
,Griffith University,"170 Kessels Road, Nathan, Qld 4111",Consultancy Services,25/05/2023,42886,Kpmg,"Melbourne, Vic",No,No,,,,,,,,,378868,,,,,,
,Griffith University,"170 Kessels Road, Nathan, Qld 4111",Software Support Maintenance,25/05/2023,40850,Maser Technology Group Pty Ltd,"Frenchs Forest, Nsw",No,No,,,,,,,,,378885,,,,,,
,Griffith University,"170 Kessels Road, Nathan, Qld 4111",Event Expenditure,25/05/2023,10929,Saxton Speakers Bureau,"Melbourne, Vic",No,No,,,,,,,,,378901,,,,,,
,Griffith University,"170 Kessels Road, Nathan, Qld 4111",Equipment Purchase,25/05/2023,82445,Sign Essentials Pty. Ltd.,"Geebung, Qld",No,No,,,,,,,,,378914,,,,,,
,Griffith University,"170 Kessels Road, Nathan, Qld 4111",Computer Equipment,25/05/2023,10309,The School Locker,"Yeronga, Qld",No,No,,,,,,,,,378877,,,,,,
,Griffith University,"170 Kessels Road, Nathan, Qld 4111",Equipment Maintenance,25/05/2023,24491,Thermo Fisher Scientific Australia,"Scoresby, Vic",No,No,,,,,,,,,378872,,,,,,
,Griffith University,"170 Kessels Road, Nathan, Qld 4111",Equipment Purchase,25/05/2023,51309,Videopro Pty Ltd,"Eagle Farm, Qld",No,No,,,,,,,,,378917,,,,,,
,Griffith University,"170 Kessels Road, Nathan, Qld 4111",Equipment Purchase,25/05/2023,51309,Videopro Pty Ltd,"Eagle Farm, Qld",No,No,,,,,,,,,378917,,,,,,
,Griffith University,"170 Kessels Road, Nathan, Qld 4111",Building Construction & Maintenance,26/05/2023,11440,A1 Building & Property Solutions Pty Ltd,"The Gap, Qld",No,No,,,,,,,,,378942,,,,,,
,Griffith University,"170 Kessels Road, Nathan, Qld 4111",Gas Supply,26/05/2023,15760,Boc Limited,"Labrador, Qld",No,No,,,,,,,,,378933,,,,,,
,Griffith University,"170 Kessels Road, Nathan, Qld 4111",Equipment Maintenance,26/05/2023,41096,Henry Schein Regional Trust,"South Brisbane, Qld",No,No,,,,,,,,,2017138,,,,,,
,Griffith University,"170 Kessels Road, Nathan, Qld 4111",Recruitment/Placement Fees,26/05/2023,16357,M & T Resources Pty Ltd,"Brisbane, Qld",No,No,,,,,,,,,2013920,,,,,,
,Griffith University,"170 Kessels Road, Nathan, Qld 4111",Scientific Equipment,26/05/2023,98858,Newspec Unit Trust,"Adelaide, Sa",No,No,,,,,,,,,378953,,,,,,
,Griffith University,"170 Kessels Road, Nathan, Qld 4111",Consultancy Services,26/05/2023,33000,Stantec Australia Pty Ltd,"Perth, Wa",Yes,No,,,,,,,,,378937,,,,,,
,Griffith University,"170 Kessels Road, Nathan, Qld 4111",Scientific Equipment,27/05/2023,10230,Bio-Strategy Pty Limited,"Campbellfield, Vic",No,No,,,,,,,,,378987,,,,,,
,Griffith University,"170 Kessels Road, Nathan, Qld 4111",Pathology Expenditure,28/05/2023,102300,Hyper Theory,"Cotton Tree, Qld",No,No,,,,,,,,,2013470,,,,,,
,Griffith University,"170 Kessels Road, Nathan, Qld 4111",Equipment Maintenance,29/05/2023,33000,Adec Australia,"Mascot, Nsw",No,No,,,,,,,,,378998,,,,,,
,Griffith University,"170 Kessels Road, Nathan, Qld 4111",Building Construction & Maintenance,29/05/2023,112912,Arklab Architecture Pty Ltd,"Spring Hill, Qld",No,No,,,,,,,,,379028,,,,,,
,Griffith University,"170 Kessels Road, Nathan, Qld 4111",Legal Fees,29/05/2023,93500,Clayton Utz,"Brisbane, Qld",Yes,No,,,,,,,,,379006,,,,,,
,Griffith University,"170 Kessels Road, Nathan, Qld 4111",Consultancy Services,29/05/2023,356928,Cxc Corporate Services Pty Ltd,"North Sydney, Nsw",No,No,,,,,,,,,379015,,,,,,
,Griffith University,"170 Kessels Road, Nathan, Qld 4111",Building Construction & Maintenance,29/05/2023,27280,Grc Quantity Surveyors,"Milton, Qld",No,No,,,,,,,,,379030,,,,,,
,Griffith University,"170 Kessels Road, Nathan, Qld 4111",Legal Fees,29/05/2023,14520,Rti Consultants Pty Ltd,"Dutton Park, Qld",No,No,,,,,,,,,379017,,,,,,
,Griffith University,"170 Kessels Road, Nathan, Qld 4111",Subscription/Licence Fees Software,29/05/2023,10320,Slideroom Technologies Inc,"Watertown, Ma, Usa",No,No,,,,,,,,,378993,,,,,,
,Griffith University,"170 Kessels Road, Nathan, Qld 4111",Consultancy Services,29/05/2023,13695,Tw Denman Pty Ltd,"Ashmore, Qld",No,No,,,,,,,,,2017153,,,,,,
,Griffith University,"170 Kessels Road, Nathan, Qld 4111",Consultancy Services,29/05/2023,13695,Tw Denman Pty Ltd,"Ashmore, Qld",No,No,,,,,,,,,2017153,,,,,,
,Griffith University,"170 Kessels Road, Nathan, Qld 4111",Building Construction & Maintenance,30/05/2023,29700,Arnold Electrical & Data Installations P,"Salisbury, Qld",No,No,,,,,,,,,379065,,,,,,
,Griffith University,"170 Kessels Road, Nathan, Qld 4111",Consultancy Services,30/05/2023,700227,Deloitte Consulting Pty Limited,"Brisbane, Qld",No,No,Open,,,,,,,,379068,,,,,,
,Griffith University,"170 Kessels Road, Nathan, Qld 4111",Consultancy Services,30/05/2023,366933,Gwi Pty Ltd,"Brisbane, Qld",No,No,,,,,,,,,379053,,,,,,
,Griffith University,"170 Kessels Road, Nathan, Qld 4111",Subscription/Licence Fees Software,30/05/2023,10626,Oclc (Uk) Limited,"Sheffield, Uk",No,No,,,,,,,,,379041,,,,,,
,Griffith University,"170 Kessels Road, Nathan, Qld 4111",Software Support Maintenance,30/05/2023,1407071,Oracle Corporation Australia Pty Ltd,"Sydney, Nsw",Yes,No,Limited,b - (iii) The absence of competition for technical reasons which can only be supplied by a particular supplier and no reasonable alternative exists,,,,,,,379042,,,,,,
,Griffith University,"170 Kessels Road, Nathan, Qld 4111",Software Support Maintenance,30/05/2023,13736,Oracle Corporation Australia Pty Ltd,"Sydney, Nsw",No,No,,,,,,,,,379043,,,,,,
,Griffith University,"170 Kessels Road, Nathan, Qld 4111",Subscription/Licence Fees Software,30/05/2023,367298,Qualtrics Llc,"Provo, Ut, Usa",No,No,,,,,,,,,379044,,,,,,
,Griffith University,"170 Kessels Road, Nathan, Qld 4111",Consultancy Services,30/05/2023,44793,The University Of The South Pacific,"Luganville, Vanuatu",No,No,,,,,,,,,379045,,,,,,
,Griffith University,"170 Kessels Road, Nathan, Qld 4111",Building Construction & Maintenance,31/05/2023,30409,Airmaster Corporation Pty Ltd,"Mansfield, Qld",No,No,,,,,,,,,379110,,,,,,
,Griffith University,"170 Kessels Road, Nathan, Qld 4111",Building Construction & Maintenance,31/05/2023,31585,Airmaster Corporation Pty Ltd,"Mansfield, Qld",No,No,,,,,,,,,379130,,,,,,
,Griffith University,"170 Kessels Road, Nathan, Qld 4111",Building Construction & Maintenance,31/05/2023,32765,Fuse Furniture,"Sumner, Qld",No,No,,,,,,,,,379102,,,,,,
,Griffith University,"170 Kessels Road, Nathan, Qld 4111",Scientific Equipment,31/05/2023,78531,John Morris Scientific Pty Ltd,"Willoughby, Nsw",No,No,,,,,,,,,379118,,,,,,
,Griffith University,"170 Kessels Road, Nathan, Qld 4111",Consultancy Services,31/05/2023,10879,Peak Services Pty Ltd,"Fortitude Valley, Qld",No,No,,,,,,,,,379129,,,,,,
,Griffith University,"170 Kessels Road, Nathan, Qld 4111",Consultancy Services,31/05/2023,58061,The University Of The South Pacific,"Luganville, Vanuatu",No,No,,,,,,,,,379096,,,,,,
,Griffith University,"170 Kessels Road, Nathan, Qld 4111",Memberships/Subscriptions,1/06/2023,22000,Brisbane Development Association Inc,"Brisbane, Qld",No,No,,,,,,,,,2014763,,,,,,
,Griffith University,"170 Kessels Road, Nathan, Qld 4111",Event Expenditure,1/06/2023,17243,CareersEvent.com,"Mudgeeraba, Qld",No,No,,,,,,,,,2014892,,,,,,
,Griffith University,"170 Kessels Road, Nathan, Qld 4111",Memberships/Subscriptions,2/06/2023,12771,Australian Computer Society Inc.,"Sydney, Nsw",No,No,,,,,,,,,2013915,,,,,,
,Griffith University,"170 Kessels Road, Nathan, Qld 4111",Recruitment/Placement Fees,4/06/2023,11755,U&U Recruitment Partners,"Brisbane, Qld",No,No,,,,,,,,,2015279,,,,,,
,Griffith University,"170 Kessels Road, Nathan, Qld 4111",Recruitment/Placement Fees,4/06/2023,11755,U&U Recruitment Partners,"Brisbane, Qld",No,No,,,,,,,,,2015279,,,,,,
,Griffith University,"170 Kessels Road,Nathan Qld 4111",Building Construction & Maintenance,5/06/2023,85008,Uci (Qld) Pty Ltd,"Bowen Hills, Qld",No,No,,,,,,,,,379269,,,,,,
,Griffith University,"170 Kessels Road,Nathan Qld 4111",Consultancy Services,5/06/2023,11000,University Of Western Sydney,"Penrith South, Nsw",No,No,,,,,,,,,379241,,,,,,
,Griffith University,"170 Kessels Road,Nathan Qld 4111",Building Construction & Maintenance,7/06/2023,25850,Turner & Townsend Pty Ltd,"Brisbane, Qld",No,No,,,,,,,,,379363,,,,,,
,Griffith University,"170 Kessels Road,Nathan Qld 4111",Building Construction & Maintenance,8/06/2023,40480,Wsp Australia Pty Limited,"Sydney, Nsw",No,No,,,,,,,,,379408,,,,,,
,Griffith University,"170 Kessels Road,Nathan Qld 4111",Consultancy Services,15/06/2023,29659,Venturepro Pty Ltd,"Morningside, Qld",No,No,,,,,,,,,2020210 2055529,,,,,,
,Griffith University,"170 Kessels Road,Nathan Qld 4111",Consultancy Services,19/06/2023,150394,Viking Cloud (Australia) Pty Ltd,"Tugun, Qld",No,No,,,,,,,,,379690,,,,,,
,Griffith University,"170 Kessels Road,Nathan Qld 4111",Audio Visual Equipment,20/06/2023,18648,Videopro Pty Ltd,"Eagle Farm, Qld",No,No,,,,,,,,,379737,,,,,,
,Griffith University,"170 Kessels Road,Nathan Qld 4111",Consultancy Services,24/06/2023,33880,Uacs Consulting Pty Ltd,"Buderim, Qld",No,No,,,,,,,,,379935,,,,,,
,Griffith University,"170 Kessels Road,Nathan Qld 4111",Event Expenditure,26/06/2023,19597,Valiant Hire,"Pinkenba, Qld",No,No,,,,,,,,,379964,,,,,,
,Griffith University,"170 Kessels Road,Nathan Qld 4111",Pathology Expenditure,26/06/2023,11231,Wuxi Apptec (Hongkong) Limited,"Mong Kok, Hong Kong",No,No,,,,,,,,,379944,,,,,,
,Griffith University,"170 Kessels Road,Nathan Qld 4111",Building Construction & Maintenance,28/06/2023,20296,Value Added Asset Management Pty Ltd,"Darra, Qld",No,No,,,,,,,,,380050,,,,,,
,Griffith University,"170 Kessels Road,Nathan Qld 4111",Event Expenditure,29/06/2023,20586,Valiant Hire,"Pinkenba, Qld",No,No,,,,,,,,,2018415,,,,,,
,Griffith University,"170 Kessels Road,Nathan Qld 4111",Event Expenditure,29/06/2023,15639,Valiant Hire,"Pinkenba, Qld",No,No,,,,,,,,,2018416,,,,,,
