Agency (Dept or Stat Body),Agency address,Contract description/ name,Award contract date,Contract value,Supplier name,Supplier address,Variation to contract (Yes/No),Specific confidentiality provision used,Procurement method,Form of contract,Number of offers sought,Evaluation criteria and weightings,Deliverables,Contract milestones,Contract performance management,Contract reference number,Contract category group,Parent contract number/SOA,Commence date,Supplier ABN,Finish date
Griffith University,"170 Kessels Road, Nathan Qld 4111",Conceptual Design N25 Building,1/07/2020,20350,Blight Rayner Architecture Pty Ltd,"Level 2, 88 Creek Street,  Brisbane, Qld, 4000",No,No ,N/A,,,,,,,341614,Building Construction and Maintenance,,,,
Griffith University,"170 Kessels Road, Nathan Qld 4111",Gumurri Refurbishment,1/07/2020,17028,Borhan Ghofrani,Brisbane,No,No ,N/A,,,,,,,341613,Building Construction and Maintenance,,,,
Griffith University,"170 Kessels Road, Nathan Qld 4111",L08 Transformer And Rmu,1/07/2020,14366,Webb Australia Group (Qld) Pty Ltd,"Po Box 1005,  Toowong, Qld, 4066",No,No ,N/A,,,,,,,341611,Building Construction and Maintenance,,,,
Griffith University,"170 Kessels Road, Nathan Qld 4111",Electrical Upgrade,2/07/2020,13090,Descab Pty Ltd T/A Qld Multi Trades,"34 Hindes Street,  Lota, Qld, 4178",No,No ,N/A,,,,,,,341648,Building Construction and Maintenance,,,,
Griffith University,"170 Kessels Road, Nathan Qld 4111",T1 Health Media Buy,2/07/2020,109113,Ikon Communications Pty Ltd,"Level 4, 1 Kent Street,  Millers Points, Nsw, 2000",No,No ,N/A,,,,,,,341641,General Goods and Services,,,,
Griffith University,"170 Kessels Road, Nathan Qld 4111",Open House 2020 Campaign,2/07/2020,275000,Ikon Communications Pty Ltd,"Level 4, 1 Kent Street,  Millers Points, Nsw, 2000",No,No ,N/A,,,,,,,341647,General Goods and Services,,,,
Griffith University,"170 Kessels Road, Nathan Qld 4111",Computing Maintenance & Support,2/07/2020,82500,Invision Media Pty Ltd,"241 Given Tce, Po Box 5014 Paddington, Qld, 4064",No,No ,N/A,,,,,,,341653,Information and Communication Technology,,,,
Griffith University,"170 Kessels Road, Nathan Qld 4111",QFI Membership Jul 20 To Jun 2,2/07/2020,27280,Queensland Futures Institute Ltd,"Level 11, 111 Eagle Street, Brisbane, Qld 4000",No,No ,N/A,,,,,,,1860037,General Goods and Services,,,,
Griffith University,"170 Kessels Road, Nathan Qld 4111",Professional Research Services ,2/07/2020,44000,University Of Western Australia,"Nedlands,  Nedlands, Wa, 6907",No,No ,N/A,,,,,,,341654,General Goods and Services,,,,
Griffith University,"170 Kessels Road, Nathan Qld 4111",IEEE 1 Jul 2020 - 30 Jun 2021,3/07/2020,134647,Ebsco International Inc,"Subscription Services, Attn John Siweknorth Sydney, Nsw 2060",No,No ,N/A,,,,,,,1859845,General Goods and Services,,,,
Griffith University,"170 Kessels Road, Nathan Qld 4111",Social Relationship Platform N/A Annual 2020-2021 Subscription,3/07/2020,32045,Hootsuite Media Inc,"Level 8, 66 Goulburn Street,  Sydney, Nsw, 2000",No,No ,N/A,,,,,,,341688,General Goods and Services,,,,
Griffith University,"170 Kessels Road, Nathan Qld 4111",G42 Cafe Awning,3/07/2020,12265,Meinhardt (Qld) Pty Ltd,"Level 2 135 Wickham Terrace,  Spring Hill, Qld, 4000",No,No ,N/A,,,,,,,341680,Building Construction and Maintenance,,,,
Griffith University,"170 Kessels Road, Nathan Qld 4111",G42 Cafe Awning,3/07/2020,19673,Wilson Architects,"564 Boundary Street,  Spring Hill, Qld, 4000",No,No ,N/A,,,,,,,341683,Building Construction and Maintenance,,,,
Griffith University,"170 Kessels Road, Nathan Qld 4111",Tp3/2020 Pearson Commission,4/07/2020,636577,Pearson Australia Group Pty Ltd,"Suite 1001 Level 10, 151 Castlereagh Street,Sydney, Nsw 2000",,No ,Limited Offer,,,,,,,1858372,General Goods and Services,,,,
Griffith University,"170 Kessels Road, Nathan Qld 4111",G24 Scroll Compressor Replacement,6/07/2020,13037,Atlas Copco Australia Pty Ltd,"25 Bluestone Circuit,  Seventeen Mile Rocks, Qld, 4073",No,No ,N/A,,,,,,,341748,Building Construction and Maintenance,,,,
Griffith University,"170 Kessels Road, Nathan Qld 4111",Gas Works,6/07/2020,13456,Precise Air Group P/L,"Po Box 1859,  Springwood, Qld, 4128",No,No ,N/A,,,,,,,341731,Building Construction and Maintenance,,,,
Griffith University,"170 Kessels Road, Nathan Qld 4111",Qtac Website Advertising,6/07/2020,27500,Queensland Tertiary Admissions Centre Lt,"Po Box 1331,  Milton, Qld, 4064",No,No ,N/A,,,,,,,341757,General Goods and Services,,,,
Griffith University,"170 Kessels Road, Nathan Qld 4111",Senior Leadership Conference 2021 12/07/21-13/07/21,6/07/2020,112448,Racv Royal Pines Resort,"Pmb 88,  Gcmc, Qld, 9726",No,No ,N/A,,,,,,,341732,General Goods and Services,,,,
Griffith University,"170 Kessels Road, Nathan Qld 4111",Microscope & Ik Series,6/07/2020,14400,Ramco (Uk) Limited,"Church Road South,  Skegness, Lincs, Pe25 3Rs",No,No ,N/A,,,,,,,341737,General Goods and Services,,,,
Griffith University,"170 Kessels Road, Nathan Qld 4111",G05 Roof Repair ,6/07/2020,10956,Roof & Building Service (Aus) Pty Ltd,"Po Box 426,  Hamilton Central, Qld, 4007",No,No ,N/A,,,,,,,341729,Building Construction and Maintenance,,,,
Griffith University,"170 Kessels Road, Nathan Qld 4111",Scientific Equipment,6/07/2020,67579,Thermo Fisher Scientific Australia,"Po Box 9092,  Scoresby, Vic, 3179",No,No ,N/A,,,,,,,341759,General Goods and Services,,,,
Griffith University,"170 Kessels Road, Nathan Qld 4111",Roadmap To Sustainability - Consultancy Services,7/07/2020,4079319,Pricewaterhouse Coopers Consulting Aust,"Darling Park Tower 2, 201 Sussex Street,  Sydney, Nsw, 2000",No,No ,Open Offer,,,,,,,341790,General Goods and Services,,,,
Griffith University,"170 Kessels Road, Nathan Qld 4111",Standardsaust Subscription 29 Apr 2020 - 28,7/07/2020,49171,Sai Global Australia Pty Ltd,"Level 37, 680 George Street, Sydney, Nsw 2000",No,No ,N/A,,,,,,,1860959,General Goods and Services,,,,
Griffith University,"170 Kessels Road, Nathan Qld 4111",Vfairs Annual Licence,7/07/2020,42600,Vfairs Llc,"Suite 208, 1510 Randolph Street,  Coppell, Tx, 75006",No,No ,N/A,,,,,,,341781,Information and Communication Technology,,,,
Griffith University,"170 Kessels Road, Nathan Qld 4111",Mhiq Grant Reviews And Workshop 2020,8/07/2020,23320,Knowledge Translation Australia,"Po Box 24040,  Melbourne, Vic, 3001",No,No ,N/A,,,,,,,341801,General Goods and Services,,,,
Griffith University,"170 Kessels Road, Nathan Qld 4111",Annual 2020-2023 Subscription,8/07/2020,22135,Simuserv Pty Ltd,"Level 1, 123 Camberwell Road,  East Hawthorne, Vic, 3123",No,No ,N/A,,,,,,,341796,Information and Communication Technology,,,,
Griffith University,"170 Kessels Road, Nathan Qld 4111",Symplecticb Annual 2020-2021 Subscription,9/07/2020,166200,Digital Science & Research Solutions Inc,"625 Massachusetts Avenue, 2Nd Floor Cambridge, Ma, 02139",No,No ,N/A,,,,,,,341834,Information and Communication Technology,,,,
Griffith University,"170 Kessels Road, Nathan Qld 4111",Hotcourses Annual 2020-2021 Subscription,9/07/2020,55000,Hotcourses Pty Ltd,"Studio 6, Level 1, 285A Crown Street Surry Hills, Nsw, 2010",No,No ,N/A,,,,,,,341842,Information and Communication Technology,,,,
Griffith University,"170 Kessels Road, Nathan Qld 4111",Health Study Interest Areas,9/07/2020,41755,Ikon Communications Pty Ltd,"Level 4, 1 Kent Street,  Millers Points, Nsw, 2000",No,No ,N/A,,,,,,,341861,General Goods and Services,,,,
Griffith University,"170 Kessels Road, Nathan Qld 4111","Automatic Bollard, Nathan",9/07/2020,14478,Magnetic Automation Pty Ltd,"2/4-14 Riverland Drive,  Loganholme, Qld, 4129",No,No ,N/A,,,,,,,341822,Building Construction and Maintenance,,,,
Griffith University,"170 Kessels Road, Nathan Qld 4111",Consultancy Services,9/07/2020,10001,Quality Online Research Pty Ltd,"Suite 10/22 Ryde Road,  Pymble, Nsw, 2073",No,No ,N/A,,,,,,,341836,General Goods and Services,,,,
Griffith University,"170 Kessels Road, Nathan Qld 4111",Digital Oscilloscopes,9/07/2020,46080,Scientific Devices Australia,"118 Atkinson Street,  Oakleigh, Vic, 3166",No,No ,N/A,,,,,,,341841,General Goods and Services,,,,
Griffith University,"170 Kessels Road, Nathan Qld 4111",Consultancy Services ,9/07/2020,66234,Weichuan Zhang,China,No,No ,N/A,,,,,,,341838,General Goods and Services,,,,
Griffith University,"170 Kessels Road, Nathan Qld 4111",Snp Genotyping Of 4 Multiplexes,10/07/2020,15840,Australian Genome Research Facility Ltd,"Level 5 Gehrmann Laboratories, Research Road St Lucia, Qld, 4072",No,No ,N/A,,,,,,,341896,General Goods and Services,,,,
Griffith University,"170 Kessels Road, Nathan Qld 4111",Turbo License Annual 2020-2021 Subscription,10/07/2020,67942,Code Systems Corporation,"568 First Avenue South,  Seattle, Wa, 98104",No,No ,N/A,,,,,,,341880,Information and Communication Technology,,,,
Griffith University,"170 Kessels Road, Nathan Qld 4111",Flammable Cladding Replacement,10/07/2020,196240,Donald Cant Watts Corke (Qld) P/L,"Po Box 10161,  Brisbane, Qld, 4000",No,No ,N/A,,,,,,,341892,Building Construction and Maintenance,,,,
Griffith University,"170 Kessels Road, Nathan Qld 4111",Monotype Web Font 2020-2021 Subscription,10/07/2020,22202,Monotype Gmbh,"Werner-Reimers-Strasse 2-4,  Bad Homburg, , 61352",No,No ,N/A,,,,,,,341885,Information and Communication Technology,,,,
Griffith University,"170 Kessels Road, Nathan Qld 4111",Syndetic Summaries & Annotations,10/07/2020,15638,Proquest Llc,"Level 1, 607 St Kilda Road,  Melbourne, Vic, 3004",No,No ,N/A,,,,,,,341882,Information and Communication Technology,,,,
Griffith University,"170 Kessels Road, Nathan Qld 4111",Repair Of Hpge Detector,11/07/2020,16357,Radiation Saunders Pty Ltd,"Unit 29, 1208 Pacific Highway, Pymble, Nsw 2073",No,No ,N/A,,,,,,,1860013,General Goods and Services,,,,
Griffith University,"170 Kessels Road, Nathan Qld 4111",Subscription 2020-2021,13/07/2020,11464,A2K Technologies Pty Ltd,"62 Brandl Street,  Eight Mile Plains, Qld, 4113",No,No ,N/A,,,,,,,341915,Information and Communication Technology,C00947,,,
Griffith University,"170 Kessels Road, Nathan Qld 4111",Computer Equipment,13/07/2020,16020,Computer Alliance Pty Ltd,"1517 Logan Road,  Mount Gravatt, Qld, 4122",No,No ,N/A,,,,,,,341912,General Goods and Services,,,,
Griffith University,"170 Kessels Road, Nathan Qld 4111",Thought Leadership Livestream,13/07/2020,18590,Daresay,"Ground Floor, 4 Glen Street Milsons Point, Nsw, 2061",No,No ,N/A,,,,,,,341942,General Goods and Services,,,,
Griffith University,"170 Kessels Road, Nathan Qld 4111",N79 Lvl 5 Fitout,13/07/2020,383122,Data #3 Limited,"Po Box 551,  Indooroopilly, Qld, 4068",No,No ,N/A,,,,,,,341934,Building Construction and Maintenance,,,,
Griffith University,"170 Kessels Road, Nathan Qld 4111",Consultancy Program Analysis Review,13/07/2020,105600,Deloitte Financial Advisory Pty Ltd,"Level 23, 123 Eagle Street,  Brisbane, Qld, 4000",No,No ,N/A,,,,,,,341943,General Goods and Services,,,,
Griffith University,"170 Kessels Road, Nathan Qld 4111",L03 Level 2 Library Office Refurbishment ,14/07/2020,201179,A1 Building & Property Solutions Pty Ltd,"3 D'Aguilar Road,  The Gap, Qld, 4061",No,No ,N/A,,,,,,,341973,Building Construction and Maintenance,,,,
Griffith University,"170 Kessels Road, Nathan Qld 4111",Participation Extension Fee,14/07/2020,15400,Feedbackfruits,", Plantage Middenlaan 60Amsterdam,  1018 Dh",No,No ,N/A,,,,,,,1861557,Information and Communication Technology,,,,
Griffith University,"170 Kessels Road, Nathan Qld 4111",Mental Health & Well Being Support,14/07/2020,33000,Lifeline Direct Limited,"Po Box 336,  Warrnambool, Vic, 3280",No,No ,N/A,,,,,,,341976,General Goods and Services,,,,
Griffith University,"170 Kessels Road, Nathan Qld 4111",A-Frame Metal Signage Stands,14/07/2020,23859,Tennyson Group Aust Pty Ltd,"Po Box 1617,  Browns Plains Bc, Qld, 4118",No,No ,N/A,,,,,,,341965,Building Construction and Maintenance,,,,
Griffith University,"170 Kessels Road, Nathan Qld 4111",Teaching Program - 3Ds 3 Day Start Up,15/07/2020,105814,3 Day Startup,"701 Brazos Street, Suite 533,  Austin, Tx, 78701",No,No ,N/A,,,,,,,341982,General Goods and Services,,,,
Griffith University,"170 Kessels Road, Nathan Qld 4111",Consultancy Services,15/07/2020,17160,Alcorn Security Group,"Shop H26, 7 High Street,  Victoria Point, Qld, 4165",No,No ,N/A,,,,,,,342012,General Goods and Services,,,,
Griffith University,"170 Kessels Road, Nathan Qld 4111",Subscription 25 May 2020 - 24 May 2021,15/07/2020,10000,Bentley Systems International Limited,"Charlemont Exchange, 5Th Floor,, Charlemont Street Dublin 2, Dublin, D02Vn88",No,No ,N/A,,,,,,,341987,Information and Communication Technology,,,,
Griffith University,"170 Kessels Road, Nathan Qld 4111",N23 Network Switch Cisco,15/07/2020,11798,Data #3 Limited,"Po Box 551,  Indooroopilly, Qld, 4068",No,No ,N/A,,,,,,,342009,Building Construction and Maintenance,,,,
Griffith University,"170 Kessels Road, Nathan Qld 4111",Ug Pg Campaign - Digital Media,15/07/2020,701800,Ikon Communications Pty Ltd,"Level 4, 1 Kent Street,  Millers Points, Nsw, 2000",,No ,Selective Offer,,,,,,,341994,General Goods and Services,,,,
Griffith University,"170 Kessels Road, Nathan Qld 4111",Annual License Fee,15/07/2020,18333,Learning Information Systems,"Level 11,  17 York St, Sydney, Nsw 2000",No,No ,N/A,,,,,,,1862015,Information and Communication Technology,,,,
Griffith University,"170 Kessels Road, Nathan Qld 4111",Ug Pg Campaign - Mba Costs,15/07/2020,469737,Mediacom Australia Pty Ltd,"Gpo Box 1000,  Brisbane, Qld, 4001",No,No ,N/A,,,,,,,341993,General Goods and Services,,,,
Griffith University,"170 Kessels Road, Nathan Qld 4111",Laboratory Consumables,15/07/2020,19258,Merit Medical Australia Pty Ltd,"Po Box 669,  Braeside, Vic, 3195",No,No ,N/A,,,,,,,342003,General Goods and Services,,,,
Griffith University,"170 Kessels Road, Nathan Qld 4111",Program Accreditation,15/07/2020,14775,Ot Council (Aus & Nz)  Ltd,"Gpo Box 959, South Perth, Wa 6951",No,No ,N/A,,,,,,,1861856,Information and Communication Technology,,,,
Griffith University,"170 Kessels Road, Nathan Qld 4111",Nvivo Pro 2020-2021 Subscription,15/07/2020,49564,Qsr International Pty Ltd,"Level 2, 651 Doncaster Road Doncaster, Vic, 3108",No,No ,N/A,,,,,,,341983,Information and Communication Technology,,,,
Griffith University,"170 Kessels Road, Nathan Qld 4111",Qtac Narte Assessments,15/07/2020,31966,Queensland Tertiary Admissions Centre Lt,"Po Box 1331, Milton, Qld 4064",No,No ,N/A,,,,,,,1859105,General Goods and Services,,,,
Griffith University,"170 Kessels Road, Nathan Qld 4111",Laboratory Consumables,15/07/2020,41525,Scitek Australia Pty Ltd,"Po Box 355,  Milsons Point, Nsw, 1565",No,No ,N/A,,,,,,,341989,General Goods and Services,,,,
Griffith University,"170 Kessels Road, Nathan Qld 4111",Laboratory Consumables,16/07/2020,12776,Arrayit Corporation,"488 Gabilan Street,  Los Altos, Ca, 94022",No,No ,N/A,,,,,,,342024,General Goods and Services,,,,
Griffith University,"170 Kessels Road, Nathan Qld 4111",Scientific Equipment,16/07/2020,14895,Labtek Pty Ltd,"Po Box 5316,  Brendale, Qld, 4500",No,No ,N/A,,,,,,,342022,General Goods and Services,,,,
Griffith University,"170 Kessels Road, Nathan Qld 4111",Accerlation 2020-2023 Subscription,16/07/2020,17936,Simuserv Pty Ltd,"Level 1, 123 Camberwell Road,  East Hawthorne, Vic, 3123",No,No ,N/A,,,,,,,342038,Information and Communication Technology,,,,
Griffith University,"170 Kessels Road, Nathan Qld 4111",Thought Leadership - Event Page,17/07/2020,18590,Daresay,"Ground Floor, 4 Glen Street Milsons Point, Nsw, 2061",No,No ,N/A,,,,,,,342063,General Goods and Services,,,,
Griffith University,"170 Kessels Road, Nathan Qld 4111",N79 Lvl 4 Fitout,17/07/2020,26349,Haymans Electrical Pty Ltd,"593 Boundary Street,  Archerfield, Qld, 4108",No,No ,N/A,,,,,,,342056,Building Construction and Maintenance,,,,
Griffith University,"170 Kessels Road, Nathan Qld 4111",Sfm1 Sap Flow Meters,17/07/2020,15275,Ict International Pty Ltd,"Po Box 503,  Armidale, Nsw, 2350",No,No ,N/A,,,,,,,342073,General Goods and Services,,,,
Griffith University,"170 Kessels Road, Nathan Qld 4111",Biologicals/Chemicals,17/07/2020,21355,In Vitro Technologies Pty Ltd,"7-9 Summit Road,  Noble Park, Vic, 3174",No,No ,N/A,,,,,,,342070,General Goods and Services,,,,
Griffith University,"170 Kessels Road, Nathan Qld 4111",Biologicals/Chemicals,17/07/2020,10995,Sigma Aldrich Pty Ltd,"Po Box 970,  Castle Hill, Nsw, 1765",No,No ,N/A,,,,,,,342081,General Goods and Services,,,,
Griffith University,"170 Kessels Road, Nathan Qld 4111",Relocation Of Staff,17/07/2020,19025,Sirva Relocation,"490 Freeman Road,  Richlands, Qld, 4077",No,No ,N/A,,,,,,,342095,General Goods and Services,,,,
Griffith University,"170 Kessels Road, Nathan Qld 4111",Computing Maintenance & Support,17/07/2020,28218,Surebridge Pty Ltd,"Po Box 1583,  Toowong, Qld, 4066",No,No ,N/A,,,,,,,342067,Information and Communication Technology,,,,
Griffith University,"170 Kessels Road, Nathan Qld 4111",Infrastructure Services: 01/07,18/07/2020,48194,Aarnet,"Gpo Box 1559, Canberra, Act 2601",No,No ,N/A,,,,,,,1860798,Information and Communication Technology,,,,
Griffith University,"170 Kessels Road, Nathan Qld 4111",Investigation Services,18/07/2020,23681,Q Workplace Solutions Pty Ltd,"79 Broadway Street, Woolloongabba, Qld 4102",No,No ,N/A,,,,,,,1859616,General Goods and Services,,,,
Griffith University,"170 Kessels Road, Nathan Qld 4111",Thought Leadership Hub Campaign,20/07/2020,20702,Daresay,"Ground Floor, 4 Glen Street Milsons Point, Nsw, 2061",No,No ,N/A,,,,,,,342151,General Goods and Services,,,,
Griffith University,"170 Kessels Road, Nathan Qld 4111",G14 - Humidity Sensors ,20/07/2020,17517,Indratel Australia Pty Limited,"Po Box 630,  Cannon Hill, Qld, 4173",No,No ,N/A,,,,,,,342150,Building Construction and Maintenance,,,,
Griffith University,"170 Kessels Road, Nathan Qld 4111",Nanoblitz 3D,20/07/2020,16489,Nanotechnology Solutions,"Level 30, Westpac House, 91 King William St Adelaide, Sa, 5000",No,No ,N/A,,,,,,,342114,Information and Communication Technology,,,,
Griffith University,"170 Kessels Road, Nathan Qld 4111",Laboratory Consumables,20/07/2020,11740,Power On Australia Pty Ltd,"Po Box 70,  Salisbury, Qld, 4107",No,No ,N/A,,,,,,,342109,General Goods and Services,,,,
Griffith University,"170 Kessels Road, Nathan Qld 4111",Scientific Equipment,20/07/2020,29097,Scientific Instrument & Optical Sales,"Unit 1, 62 Bishop Street Kelvin Grove, Qld, 4059",No,No ,N/A,,,,,,,342115,General Goods and Services,,,,
Griffith University,"170 Kessels Road, Nathan Qld 4111",Scientific Equipment,20/07/2020,135945,Scientrific Pty Ltd,"Po Box 420,  Yamba, Nsw, 2464",No,No ,N/A,,,,,,,342108,General Goods and Services,,,,
Griffith University,"170 Kessels Road, Nathan Qld 4111",Relocation Of Staff,20/07/2020,20568,Sirva Relocation,"490 Freeman Road,  Richlands, Qld, 4077",No,No ,N/A,,,,,,,342113,General Goods and Services,,,,
Griffith University,"170 Kessels Road, Nathan Qld 4111",N44 Physics Refurbishment,21/07/2020,79968,Dm2Architecture Pty Ltd,"5A/8 Petrie Terrace,  Petrie Terrace, Qld, 4000",No,No ,N/A,,,,,,,342165,Building Construction and Maintenance,,,,
Griffith University,"170 Kessels Road, Nathan Qld 4111",N79 Fitout Level 4 & 5,21/07/2020,46800,Matthew Kaldi T/A Allied Support,Brisbane,No,No ,N/A,,,,,,,342174,Building Construction and Maintenance,,,,
Griffith University,"170 Kessels Road, Nathan Qld 4111",S01 Balcony Slab Remediation ,21/07/2020,19712,Mctaggart Plumbing Pty Ltd,"Po Box 173,  Petrie, Qld, 4502",No,No ,N/A,,,,,,,342162,Building Construction and Maintenance,,,,
Griffith University,"170 Kessels Road, Nathan Qld 4111",Optus Mobile Account For June,21/07/2020,59335,Optus Communications,"Gpo Box 3972, Sydney, Nsw 1119",No,No ,N/A,,,,,,,1862637,General Goods and Services,,,,
Griffith University,"170 Kessels Road, Nathan Qld 4111",N79 Fitout,21/07/2020,13732,Queensland Fire & Emergency Services,"C/- Queensland Shared Services, Gpo Box 3272Brisbane, Qld 4001",No,No ,N/A,,,,,,,1862691,Building Construction and Maintenance,,,,
Griffith University,"170 Kessels Road, Nathan Qld 4111",Social Garden - Open House Promotion,21/07/2020,16500,Social Garden Pty Ltd,"Suite 4, 651 Victoria Street,  Abbotsford, Vic, 3067",No,No ,N/A,,,,,,,342167,General Goods and Services,,,,
Griffith University,"170 Kessels Road, Nathan Qld 4111",Licence Fees,21/07/2020,413433,Tableau International Salesforce,"The Oval, Shelbourne Road, Ballsbridge Dublin, , 4",No,No ,N/A,,,,,,,C00930,Information and Communication Technology,,,,
Griffith University,"170 Kessels Road, Nathan Qld 4111",Open House Video Captions,22/07/2020,18637,Access Innovation Media Pty Ltd,"Level 1, 103 Miller Street North Sydney, Nsw, 2060",No,No ,N/A,,,,,,,342230,General Goods and Services,,,,
Griffith University,"170 Kessels Road, Nathan Qld 4111",Membership Subscription,22/07/2020,46216,Aust Higher Education Industrial Assoc,"Level 6, 303 Collins Street, Melbourne, Vic 3000",No,No ,N/A,,,,,,,1861154,General Goods and Services,,,,
Griffith University,"170 Kessels Road, Nathan Qld 4111",Recruitment Search,22/07/2020,44000,Insight Management Consultants P/L,"Level 7, 230 Collins Street,  Melbourne, Vic, 3000",No,No ,N/A,,,,,,,342227,General Goods and Services,,,,
Griffith University,"170 Kessels Road, Nathan Qld 4111",Recruitment Service,22/07/2020,16500,Odgers Berndtson,"Level 2, 2 Bulletin Placesydney, Nsw 2000",No,No ,N/A,,,,,,,1859771,General Goods and Services,,,,
Griffith University,"170 Kessels Road, Nathan Qld 4111",Azure June 2020 Subscription,23/07/2020,21311,Data #3 Limited,"Po Box 551,  Indooroopilly, Qld, 4068",No,No ,N/A,,,,,,,342250,Information and Communication Technology,,,,
Griffith University,"170 Kessels Road, Nathan Qld 4111",Computing Maintenance & Support,23/07/2020,26558,Data #3 Limited,"Po Box 551,  Indooroopilly, Qld, 4068",No,No ,N/A,,,,,,,342284,Information and Communication Technology,,,,
Griffith University,"170 Kessels Road, Nathan Qld 4111",Junglemail 2020-2021 Subscription,23/07/2020,20470,Enovapoint,"T. Kosciuskos Str. 24-401,  Vilnius, Vl, 01100",No,No ,N/A,,,,,,,342249,Information and Communication Technology,,,,
Griffith University,"170 Kessels Road, Nathan Qld 4111",Scientific Services,23/07/2020,11437,Gold Coast City Council,"Po Box 5042, Gold Coast Mail Centre, Qld 9729",No,No ,N/A,,,,,,,1859580,General Goods and Services,,,,
Griffith University,"170 Kessels Road, Nathan Qld 4111",Ts1080 Lto 8 Tape Drive ,23/07/2020,67492,The Information Management Group Pty Ltd,"Po Box 251,  Alexandria, Nsw, 1435",No,No ,N/A,,,,,,,342267,General Goods and Services,,,,
Griffith University,"170 Kessels Road, Nathan Qld 4111",Sure Platform 7 Aug 2020 - 6 August 2021,23/07/2020,17875,The Sax Institute,"Po Box K617,  Haymarket, Nsw, 1240",No,No ,N/A,,,,,,,342251,Information and Communication Technology,,,,
Griffith University,"170 Kessels Road, Nathan Qld 4111",N50 Asbestos Fascia Repairs,24/07/2020,159500,A1 Building & Property Solutions Pty Ltd,"3 D'Aguilar Road,  The Gap, Qld, 4061",No,No ,N/A,,,,,,,342318,Building Construction and Maintenance,,,,
Griffith University,"170 Kessels Road, Nathan Qld 4111",Flow Electronic Invoicing 2020 Subscription,24/07/2020,10140,Map Lab Solutions Pty Ltd,"1091 Beaufort Street,  Bedford, Wa, 6052",No,No ,N/A,,,,,,,342302,Information and Communication Technology,,,,
Griffith University,"170 Kessels Road, Nathan Qld 4111",Music Equipment,24/07/2020,13445,Orchestral Supplies Australia Pty Limite,"Po Box 622,  Berwick, Vic, 3806",No,No ,N/A,,,,,,,342320,General Goods and Services,,,,
Griffith University,"170 Kessels Road, Nathan Qld 4111",G40 Boiler Upgrade,24/07/2020,80700,Quadric Pty Ltd,"31 Barry Parade,  Fortitude Valley, Qld, 4107",No,No ,N/A,,,,,,,342310,Building Construction and Maintenance,,,,
Griffith University,"170 Kessels Road, Nathan Qld 4111",Backflow Annual Re,26/07/2020,20592,Gold Coast City Council,"Po Box 5042, Gold Coast Mail Centre, Qld 9729",No,No ,N/A,,,,,,,1860394,Information and Communication Technology,,,,
Griffith University,"170 Kessels Road, Nathan Qld 4111",R6404S Appliance,27/07/2020,325973,Aliva Pty Ltd,"3 Marie Street,  Milton, Qld, 4064",No,No ,N/A,,,,,,,342340,General Goods and Services,,,,
Griffith University,"170 Kessels Road, Nathan Qld 4111",Nextera Flex Library Prep,27/07/2020,10538,Australian Genome Research Facility Ltd,"Level 5 Gehrmann Laboratories, Research Road St Lucia, Qld, 4072",No,No ,N/A,,,,,,,342369,General Goods and Services,,,,
Griffith University,"170 Kessels Road, Nathan Qld 4111",General Employment Advice,27/07/2020,15452,Clayton Utz,"Gpo Box 9806, Canberra, Act 2601",No,No ,N/A,,,,,,,1863267,General Goods and Services,,,,
Griffith University,"170 Kessels Road, Nathan Qld 4111",Production Of Videos Stem Careers,27/07/2020,10000,Cosmonaut Creative Media,"1510 / 1 Como Crescent,  Southport, Qld, 4215",No,No ,N/A,,,,,,,342349,General Goods and Services,,,,
Griffith University,"170 Kessels Road, Nathan Qld 4111",60L Red Landfill Bin,27/07/2020,34390,Eco Office Supplies,"Po Box 477,  Happy Valley, Sa, 5159",No,No ,N/A,,,,,,,342351,General Goods and Services,,,,
Griffith University,"170 Kessels Road, Nathan Qld 4111",Biologicals/Chemicals,27/07/2020,10152,Life Technologies Australia - Use #72199,"30-32 Compark Circuits,  Mulgrave, Vic, 3170",No,No ,N/A,,,,,,,342329,General Goods and Services,,,,
Griffith University,"170 Kessels Road, Nathan Qld 4111",Ucat Consortium Membership - M,27/07/2020,22000,Monash University,"Cashier, 21 Chancellors Walkmonash University, Vic 3800",No,No ,N/A,,,,,,,1863308,General Goods and Services,,,,
Griffith University,"170 Kessels Road, Nathan Qld 4111","Co-Source Internal Audits - Childcare And Food, Retail & Sports",27/07/2020,45610,Pricewaterhousecoopers Compliance,"One International Towers Sydney, Watermans Quay Barangaroo, Nsw, 2000",No,No ,N/A,,,,,,,342352,General Goods and Services,,,,
Griffith University,"170 Kessels Road, Nathan Qld 4111",G40 Boiler Upgrade,27/07/2020,362062,Quadric Pty Ltd,"31 Barry Parade,  Fortitude Valley, Qld, 4107",No,No ,N/A,,,,,,,342326,Building Construction and Maintenance,,,,
Griffith University,"170 Kessels Road, Nathan Qld 4111",2020 Global Business Challenge,27/07/2020,110000,Queensland University Of Technology,"Gpo Box 2434, Brisbane, Qld 4001",No,No ,N/A,,,,,,,1862974,General Goods and Services,,,,
Griffith University,"170 Kessels Road, Nathan Qld 4111",Research Support,27/07/2020,37768,Queensland University Of Technology,"Gpo Box 2434,  Brisbane, Qld, 4001",No,No ,N/A,,,,,,,342367,General Goods and Services,,,,
Griffith University,"170 Kessels Road, Nathan Qld 4111",Laboratory Consumables,27/07/2020,12145,Thorlabs Inc,"56 Sparta Avenue,  Newton, Nj, 07860",No,No ,N/A,,,,,,,342354,General Goods and Services,,,,
Griffith University,"170 Kessels Road, Nathan Qld 4111",Online Survey,28/07/2020,23629,Daxue Consulting,"Room 504, No. 768 Xietu Road,  Huangpu District, 31, 200011",No,No ,N/A,,,,,,,342387,General Goods and Services,,,,
Griffith University,"170 Kessels Road, Nathan Qld 4111",Hardware Solution,28/07/2020,645850,Flexdata Solutions Pty Ltd,"Level 18, Riverside Centre, 123 Eagle Street Brisbane, Qld, 4000",,No ,Open Offer,,,,,,,342413,Information and Communication Technology,,,,
Griffith University,"170 Kessels Road, Nathan Qld 4111",Digital Media + Planning,28/07/2020,272443,Ikon Communications Pty Ltd,"Level 4, 1 Kent Street,  Millers Points, Nsw, 2000",No,No ,N/A,,,,,,,342411,General Goods and Services,,,,
Griffith University,"170 Kessels Road, Nathan Qld 4111",Other Media Advertising,28/07/2020,108114,Mediacom Australia Pty Ltd,"Gpo Box 1000,  Brisbane, Qld, 4001",No,No ,N/A,,,,,,,342412,General Goods and Services,,,,
Griffith University,"170 Kessels Road, Nathan Qld 4111",Camcorder,28/07/2020,40247,Mojo Media Solutions,"9 Foley Place,  Castle Hill, Nsw, 2154",No,No ,N/A,,,,,,,342401,General Goods and Services,,,,
Griffith University,"170 Kessels Road, Nathan Qld 4111",Identity Manager Integration ,28/07/2020,355296,Nextgen Distribution Pty Ltd,"Po Box 427,  North Sydney, Nsw, 2060",No,No ,N/A,,,,,,,342390,Information and Communication Technology,,,,
Griffith University,"170 Kessels Road, Nathan Qld 4111",Online Survey,28/07/2020,15762,Tgm Research Fze,"8Th Floor, Business Center 4 Al Nakheel,  Ras Al Khaimah, Rk, 1005",No,No ,N/A,,,,,,,342388,General Goods and Services,,,,
Griffith University,"170 Kessels Road, Nathan Qld 4111",Eps Video Project,29/07/2020,11000,Dan K Pearson,Brisbane,No,No ,N/A,,,,,,,342466,General Goods and Services,,,,
Griffith University,"170 Kessels Road, Nathan Qld 4111",Scientific Equipment,29/07/2020,10714,Olympus Australia Pty Ltd,"Po Box 985,  Mt Waverley, Vic, 3149",No,No ,N/A,,,,,,,342434,General Goods and Services,,,,
Griffith University,"170 Kessels Road, Nathan Qld 4111",N79 Lvl 4 Fitout,30/07/2020,17026,Cohera-Tech Pty Ltd,"6/176 Redland Bay Road,  Capalaba, Qld, 4157",No,No ,N/A,,,,,,,342487,General Goods and Services,,,,
Griffith University,"170 Kessels Road, Nathan Qld 4111",Saas Pilot Subscription To 30 Nov 2020,30/07/2020,14000,Feedbackfruits,", Plantage Middenlaan 60 Amsterdam, , 1018 Dh",No,No ,N/A,,,,,,,342493,Information and Communication Technology,,,,
Griffith University,"170 Kessels Road, Nathan Qld 4111",Obisdian 3 Months Support,30/07/2020,12683,Obsidian Consulting Group Pty Ltd,"Po Box 461,  Coburg, Vic, 3058",No,No ,N/A,,,,,,,342511,Information and Communication Technology,,,,
Griffith University,"170 Kessels Road, Nathan Qld 4111",2019 Grow Bonus-Ozsky Internat,30/07/2020,22000,Ozsky International Pty Ltd,"Po Box 3171, Southport Bc, Qld 4215",No,No ,N/A,,,,,,,1863862,General Goods and Services,,,,
Griffith University,"170 Kessels Road, Nathan Qld 4111",Strong Authentication  2020-2021 Subscription,30/07/2020,12174,Ping Identity,"1001 17Th Street, Suite 100,  Denver, Co, 80202",No,No ,N/A,,,,,,,342516,Information and Communication Technology,,,,
Griffith University,"170 Kessels Road, Nathan Qld 4111",S02 Chiller Modifications,30/07/2020,21717,Precise Air Group P/L,"Po Box 1859,  Springwood, Qld, 4128",No,No ,N/A,,,,,,,342506,General Goods and Services,,,,
Griffith University,"170 Kessels Road, Nathan Qld 4111",2019 Grow Bonus-Yes Internatio,30/07/2020,20900,The Trustee For Yuan Family Trust,"55/223 Calam Road, Sunnybank Hills, Qld 4109",No,No ,N/A,,,,,,,1863848,General Goods and Services,,,,
Griffith University,"170 Kessels Road, Nathan Qld 4111",Optical Trapping Kit,30/07/2020,42642,Thorlabs Inc,"56 Sparta Avenue,  Newton, Nj, 07860",No,No ,N/A,,,,,,,342526,General Goods and Services,,,,
Griffith University,"170 Kessels Road, Nathan Qld 4111",Eicc Upgrade (Qmaster),31/07/2020,15227,Enghouse Australia Pty Ltd,"Level 6, 606 St Kilda Road Melbourne, Vic, 3004",No,No ,N/A,,,,,,,342559,Information and Communication Technology,,,,
Griffith University,"170 Kessels Road, Nathan Qld 4111",2019 Performance Bonus - Globa,31/07/2020,14160,Global Reach Education Services In,"Unit 7W, The Millennium Building, Adj To Hhi, 235/2A Ajc Bose Roadkolkata,  700020",No,No ,N/A,,,,,,,1864072,General Goods and Services,,,,
Griffith University,"170 Kessels Road, Nathan Qld 4111",Study Gold Coast Core Membersh,31/07/2020,27500,Gold Coast Education And Training Netw,"Po Box 3475, Australia Fairsouthport, Qld 4215",No,No ,N/A,,,,,,,1863155,General Goods and Services,,,,
Griffith University,"170 Kessels Road, Nathan Qld 4111",Phyto-Pam-Ii Compact Version,31/07/2020,63562,Ict International Pty Ltd,"Po Box 503,  Armidale, Nsw, 2350",No,No ,N/A,,,,,,,342541,General Goods and Services,,,,
Griffith University,"170 Kessels Road, Nathan Qld 4111",Flow Electronic Invoicing 2020 Subscription,31/07/2020,11154,Map Lab Solutions Pty Ltd,"1091 Beaufort Street,  Bedford, Wa, 6052",No,No ,N/A,,,,,,,342535,Information and Communication Technology,,,,
Griffith University,"170 Kessels Road, Nathan Qld 4111",Hogan Personality Assessments,31/07/2020,14603,Peter Berry Consultancy,"Level 8, 201 Miller Street,  North Sydney, Nsw, 2060",No,No ,N/A,,,,,,,342546,General Goods and Services,,,,
Griffith University,"170 Kessels Road, Nathan Qld 4111",Uac Instalment 1/7/20 - 31/12/20,31/07/2020,27007,University Admissions Centre (Nsw & Act),"Locked Bag 112, Silverwater, Nsw 2128",No,No ,N/A,,,,,,,1861239,General Goods and Services,,,,
Griffith University,"170 Kessels Road, Nathan Qld 4111",Analytical Service,2/08/2020,11414,Queensland Institute Of Medical Research,"Qimr Locked Bag 2000, Royal Brisbane Hospital, Qld 4029",No,No ,N/A,,,,,,,1860816,General Goods and Services,,,,
Griffith University,"170 Kessels Road, Nathan Qld 4111",G07 Repairs To Roof ,3/08/2020,10976,Aegis Safety Pty Ltd,"1/119 Delta Street,  Geebung, Qld, 4034",No,No ,N/A,,,,,,,342592,Building Construction and Maintenance,,,,
Griffith University,"170 Kessels Road, Nathan Qld 4111",N50 Bathroom Refurbishments,3/08/2020,58080,Amalgamated Property Maint. Brisbane P/L,"Po Box 249,  Rochedale South, Qld, 4123",No,No ,N/A,,,,,,,342583,Building Construction and Maintenance,,,,
Griffith University,"170 Kessels Road, Nathan Qld 4111",Biologicals/Chemicals,3/08/2020,15928,Bio-Strategy Pty Limited,"P.O Box 14,  Campbellfield, Vic, 3061",No,No ,N/A,,,,,,,342629,General Goods and Services,,,,
Griffith University,"170 Kessels Road, Nathan Qld 4111",Computer Equipment,3/08/2020,16020,Computer Alliance Pty Ltd,"1517 Logan Road,  Mount Gravatt, Qld, 4122",No,No ,N/A,,,,,,,342576,Information and Communication Technology,,,,
Griffith University,"170 Kessels Road, Nathan Qld 4111",N44 Physics Refurbishment,3/08/2020,92680,Fitout And Refurbishment Australia Pty L,"Suite 2B, 8 Paxton St Springwood, Qld, 4127",No,No ,N/A,,,,,,,342626,Building Construction and Maintenance,,,,
Griffith University,"170 Kessels Road, Nathan Qld 4111",N45 Chiller 1 Motor York,3/08/2020,74285,Precise Air Group P/L,"Po Box 1859,  Springwood, Qld, 4128",No,No ,N/A,,,,,,,342623,Building Construction and Maintenance,,,,
Griffith University,"170 Kessels Road, Nathan Qld 4111",Shep Venue Hire,4/08/2020,29436,Brisbane State High School,"Cnr Cordelia & Glenelg St,  South Brisbane, Qld, 4101",No,No ,N/A,,,,,,,342661,General Goods and Services,,,,
Griffith University,"170 Kessels Road, Nathan Qld 4111",N44 Hazardous Zone Installation ,4/08/2020,26130,Crisp Power & Control Pty Ltd,"Po Box 787,  Archerfield, Qld, 4108",No,No ,N/A,,,,,,,342651,Building Construction and Maintenance,,,,
Griffith University,"170 Kessels Road, Nathan Qld 4111",N15 Controller Replacement Urgent Works,4/08/2020,15943,Securcom Pty Ltd,"Unit 79, 193 South Pine Road Brendale, Qld, 4500",No,No ,N/A,,,,,,,342665,Building Construction and Maintenance,,,,
Griffith University,"170 Kessels Road, Nathan Qld 4111",Consultancy Agreement - Program Support,4/08/2020,10878,To The Moon And Back Interventions,"33 Woodbury Road,  St Ives, Nsw, 2075",No,No ,N/A,,,,,,,342652,General Goods and Services,,,,
Griffith University,"170 Kessels Road, Nathan Qld 4111",Gbs Batch Processing Of 191 Samples - Service Code Gty-Gbs-006,5/08/2020,10439,Australian Genome Research Facility Ltd,"Level 5 Gehrmann Laboratories, Research Road St Lucia, Qld, 4072",No,No ,N/A,,,,,,,342673,General Goods and Services,,,,
Griffith University,"170 Kessels Road, Nathan Qld 4111",Biologicals/Chemicals,5/08/2020,11550,Bio-Rad Laboratories Pty Ltd,"Po Box 752,  Gladesville, Nsw, 1675",No,No ,N/A,,,,,,,342669,General Goods and Services,,,,
Griffith University,"170 Kessels Road, Nathan Qld 4111",Mini-Protean Tetra Cell,5/08/2020,10509,Bio-Rad Laboratories Pty Ltd,"Po Box 752,  Gladesville, Nsw, 1675",No,No ,N/A,,,,,,,342692,General Goods and Services,,,,
Griffith University,"170 Kessels Road, Nathan Qld 4111",Pharmacy Refrigerator ,5/08/2020,18733,Brightside Scientific Pty Ltd,"2/8 Teamster Close,  Tuggerah, Nsw, 2259",No,No ,N/A,,,,,,,342689,General Goods and Services,,,,
Griffith University,"170 Kessels Road, Nathan Qld 4111",Service Agreement 2020-2021 Subscription,5/08/2020,78870,Gartner Australasia Pty Limited,"C/O Company Matters Pty Limited, Level 12, 680 George Street Sydeny, Nsw, 2000",No,No ,N/A,,,,,,,342685,General Goods and Services,,,,
Griffith University,"170 Kessels Road, Nathan Qld 4111",Ultrasonic Processor ,5/08/2020,11149,John Morris Scientific Pty Ltd,"Po Box 447,  Willoughby, Nsw, 2068",No,No ,N/A,,,,,,,342687,General Goods and Services,,,,
Griffith University,"170 Kessels Road, Nathan Qld 4111",Microscope,5/08/2020,23650,Scope Scientific,"Po Box 2131,  Kelvin Grove, Qld, 4059",No,No ,N/A,,,,,,,342688,General Goods and Services,,,,
Griffith University,"170 Kessels Road, Nathan Qld 4111",Truplasma Dc 3002 ,5/08/2020,13388,Trumpf Huttinger Gmbh + Co. Kg,"Bötzinger Strasse 80,  Freiburg, , 79111",No,No ,N/A,,,,,,,342678,General Goods and Services,,,,
Griffith University,"170 Kessels Road, Nathan Qld 4111",2019 Grow Bonus,6/08/2020,11000,Edwise International,"Jer Mahal, Ground Floor, Dhobi Talao Junction,, Opposite Metro Cinema, Mumbai.Maharashtra,  400002",No,No ,N/A,,,,,,,1864671,General Goods and Services,,,,
Griffith University,"170 Kessels Road, Nathan Qld 4111",153 July Ielts Tests ,6/08/2020,32398,IELTS Australia Pty Ltd,"Gpo Box 2006, Canberra, Act 2601",No,No ,N/A,,,,,,,1864888,General Goods and Services,,,,
Griffith University,"170 Kessels Road, Nathan Qld 4111",2019 Grow Bonus,6/08/2020,27140,Kaaiser Service Pvt Ltd,"25B, 2Nd Floor, Ab Block, Safdarjung Enclavenew Delhi,  110029",No,No ,N/A,,,,,,,1864710,General Goods and Services,,,,
Griffith University,"170 Kessels Road, Nathan Qld 4111",Laboratory Consumables,6/08/2020,139620,Labtek Pty Ltd,"Po Box 5316,  Brendale, Qld, 4500",No,No ,N/A,,,,,,,342726,General Goods and Services,,,,
Griffith University,"170 Kessels Road, Nathan Qld 4111",Alumni Video ,6/08/2020,16031,Prodigious Brand Logistics,"30 Windmill Street,  Millers Point, Nsw, 2000",No,No ,N/A,,,,,,,342730,General Goods and Services,,,,
Griffith University,"170 Kessels Road, Nathan Qld 4111",Advertising,6/08/2020,3800000,Publicis Brisbane,"99 Melbourne Street, South Brisbane, Qld 4101",Yes,No ,Open Offer,,,,,,,4561,General Goods and Services,,,,
Griffith University,"170 Kessels Road, Nathan Qld 4111",Electrical Switchboard Upgrade G09,6/08/2020,14821,Tgc Electrical Pty Ltd,"Po Box 504,  Jimboomba, Qld, 4280",No,No ,N/A,,,,,,,342746,General Goods and Services,,,,
Griffith University,"170 Kessels Road, Nathan Qld 4111",Computer Equipment,6/08/2020,25453,The School Locker,"103 Hyde Rd, Yeronga, Qld 4104",No,No ,N/A,,,,,,,1844876,General Goods and Services,,,,
Griffith University,"170 Kessels Road, Nathan Qld 4111",Laboratory Consumables,7/08/2020,15266,Agilent Technologies Australia Pty Ltd,"679 Springvale Road,  Mulgrave, Vic, 3170",No,No ,N/A,,,,,,,342758,General Goods and Services,,,,
Griffith University,"170 Kessels Road, Nathan Qld 4111",Surface Analyzer,7/08/2020,82500,Anton Paar Australia Pty Ltd,"Po Box 302,  Macquarie Park, Nsw, 2113",No,No ,N/A,,,,,,,342790,General Goods and Services,,,,
Griffith University,"170 Kessels Road, Nathan Qld 4111",Student Employment Project,7/08/2020,33000,Careerhub Pty Ltd,"444 Brunswick Street, Fortitude Valley, Qld 4006",No,No ,N/A,,,,,,,1864949,General Goods and Services,,,,
Griffith University,"170 Kessels Road, Nathan Qld 4111",Chemical Container,7/08/2020,11495,Descab Pty Ltd T/A Qld Multi Trades,"34 Hindes Street,  Lota, Qld, 4178",No,No ,N/A,,,,,,,342769,Building Construction and Maintenance,,,,
Griffith University,"170 Kessels Road, Nathan Qld 4111",Clinical Trial Fees,7/08/2020,13200,Gold Coast Hospital & Health Service,"Finance C/ Cashiers, 1 Hospital Boulevardsouthport, Qld 4215",No,No ,N/A,,,,,,,1862212,General Goods and Services,,,,
Griffith University,"170 Kessels Road, Nathan Qld 4111",My Equals Licence 2020-2021 Subscription,7/08/2020,80050,Higher Ed Services Pty Ltd,"Level 10, 210 Clarence Street,  Sydney, Nsw, 2000",No,No ,N/A,,,,,,,342767,Information and Communication Technology,,,,
Griffith University,"170 Kessels Road, Nathan Qld 4111",G39 Lift Replace Brake Callipers,7/08/2020,14427,Otis Elevator Co Pty Ltd,"Po Box 1036,  Brisbane, Qld, 4001",No,No ,N/A,,,,,,,342792,Building Construction and Maintenance,,,,
Griffith University,"170 Kessels Road, Nathan Qld 4111",G26 Lift Replace Brake Callipers,7/08/2020,13115,Otis Elevator Co Pty Ltd,"Po Box 1036,  Brisbane, Qld, 4001",No,No ,N/A,,,,,,,342793,Building Construction and Maintenance,,,,
Griffith University,"170 Kessels Road, Nathan Qld 4111",Shep Venue Hire,7/08/2020,23716,Somerville House,"17 Graham Street,  South Brisbane, Qld, 4101",No,No ,N/A,,,,,,,342762,General Goods and Services,,,,
Griffith University,"170 Kessels Road, Nathan Qld 4111",Scientific Equipment,7/08/2020,12976,Thorlabs Inc,"56 Sparta Avenue,  Newton, Nj, 07860",No,No ,N/A,,,,,,,342761,General Goods and Services,,,,
Griffith University,"170 Kessels Road, Nathan Qld 4111",Franchise Fees April - June 20,9/08/2020,16639,Warwick University Enterprises (Aus) P/L,"Accounts Receivable Office, University Housecoventry,  Cv4 8Uw",No,No ,N/A,,,,,,,1862405,General Goods and Services,,,,
Griffith University,"170 Kessels Road, Nathan Qld 4111",Boats - S/Hand,10/08/2020,13640,Jeff Sykes & Assoc. P/L T/A Concept 2,"65-67 Tucker Street,  Breakwater, Vic, 3219",No,No ,N/A,,,,,,,342799,General Goods and Services,,,,
Griffith University,"170 Kessels Road, Nathan Qld 4111",Nikon Microscope,10/08/2020,25630,Scope Scientific,"Po Box 2131,  Kelvin Grove, Qld, 4059",No,No ,N/A,,,,,,,342805,General Goods and Services,,,,
Griffith University,"170 Kessels Road, Nathan Qld 4111",Alibaba Cloud Vpn Services,11/08/2020,143588,Alibaba Cloud (Singapore) Private Limite,"Level 2, 17 Castlereagh St,  Sydney, Nsw, 2000",No,No ,N/A,,,,,,,342851,Information and Communication Technology,,,,
Griffith University,"170 Kessels Road, Nathan Qld 4111",Controller Battery Replacement,11/08/2020,20605,Securcom Pty Ltd,"Unit 79, 193 South Pine Road Brendale, Qld, 4500",No,No ,N/A,,,,,,,342831,General Goods and Services,,,,
Griffith University,"170 Kessels Road, Nathan Qld 4111","Pool Car System, Tracking Cost",11/08/2020,13323,Smartrak Aust Pty Ltd,"Level 9, 372 Albert Street, East Melbourne, Vic 3002",No,No ,N/A,,,,,,,1865273,General Goods and Services,,,,
Griffith University,"170 Kessels Road, Nathan Qld 4111",Digital Campus Campaign Video,11/08/2020,28022,Traffic Film & Video Production,"332 Montague Road,  West End, Qld, 4101",No,No ,N/A,,,,,,,342850,General Goods and Services,,,,
Griffith University,"170 Kessels Road, Nathan Qld 4111",Hosting & Cohesion 2020-2021 Subscription,12/08/2020,33000,Acquia Australia Pty Ltd,"L10/2 Elizabeth Plaza,,  North Sydney, Nsw, 2060",No,No ,N/A,,,,,,,342889,Information and Communication Technology,,,,
Griffith University,"170 Kessels Road, Nathan Qld 4111",Strategic Membership 2020-23,12/08/2020,117990,Advance He,"Innovation Way, York Science Park York, , Yo10 5Br",No,No ,N/A,,,,,,,342904,General Goods and Services,,,,
Griffith University,"170 Kessels Road, Nathan Qld 4111",Biologicals/Chemicals,12/08/2020,38561,Bio-Rad Laboratories Pty Ltd,"Po Box 752,  Gladesville, Nsw, 1675",No,No ,N/A,,,,,,,342892,General Goods and Services,,,,
Griffith University,"170 Kessels Road, Nathan Qld 4111",G00 East West Pedestrian Spine,12/08/2020,21871,Lightbox Architecture &Interiors Pty Ltd,"11 Dallas Parade,  Keperra, Qld, 4054",No,No ,N/A,,,,,,,342902,Building Construction and Maintenance,,,,
Griffith University,"170 Kessels Road, Nathan Qld 4111",2021 Eps Summit 30/03/2021,12/08/2020,14366,Pullman Brisbane King George Sqaure,"Po Box 13147 George Street,  Brisbane, Qld, 4003",No,No ,N/A,,,,,,,342883,General Goods and Services,,,,
Griffith University,"170 Kessels Road, Nathan Qld 4111",Consulting,12/08/2020,31000,Siggins Miller Consultants Pty Ltd,"Po Box 1143,  Kenmore, Qld, 4069",No,No ,N/A,,,,,,,342916,General Goods and Services,,,,
Griffith University,"170 Kessels Road, Nathan Qld 4111",Scientific Equipment,12/08/2020,26087,Thermo Fisher Scientific Australia,"Po Box 9092,  Scoresby, Vic, 3179",No,No ,N/A,,,,,,,342910,General Goods and Services,,,,
Griffith University,"170 Kessels Road, Nathan Qld 4111",Subscription Fees,12/08/2020,167750,Vendorpanel Pty Ltd,"Level 2, 360 Little Collins Street Melbourne, Vic, 3000",No,No ,N/A,,,,,,,C01537,Information and Communication Technology,,,,
Griffith University,"170 Kessels Road, Nathan Qld 4111",Laser Ablation U-Series Analyses,13/08/2020,11000,Australian National University,"Finance And Business Services, Chancellery Building 10C Acton, Act, 2601",No,No ,N/A,,,,,,,342966,General Goods and Services,,,,
Griffith University,"170 Kessels Road, Nathan Qld 4111",Scientific Equipment,13/08/2020,11867,Paragon Care Group Australia Pty Ltd,"50-54 Clayton Road,  Clayton, Vic, 3168",No,No ,N/A,,,,,,,342954,General Goods and Services,,,,
Griffith University,"170 Kessels Road, Nathan Qld 4111",Alumni Winners 2020 ,13/08/2020,17798,Prodigious Brand Logistics,"30 Windmill Street,  Millers Point, Nsw, 2000",No,No ,N/A,,,,,,,342961,General Goods and Services,,,,
Griffith University,"170 Kessels Road, Nathan Qld 4111",Pupil Labs Invisible Tracker,13/08/2020,10382,Pupil Labs Gmbh,"Sanderstr. 28,  Berlin, Be, 12047",No,No ,N/A,,,,,,,342937,General Goods and Services,,,,
Griffith University,"170 Kessels Road, Nathan Qld 4111",Data Centre Network Design Services,13/08/2020,33000,Riot Solutions Pty Ltd,"Po Box 10087 Adelaide Street,  Brisbane, , 4000",No,No ,N/A,,,,,,,342948,General Goods and Services,,,,
Griffith University,"170 Kessels Road, Nathan Qld 4111",Gallagher Sma 2020-2021 Subscription,14/08/2020,98313,Securcom Pty Ltd,"Unit 79, 193 South Pine Road Brendale, Qld, 4500",No,No ,N/A,,,,,,,342985,Information and Communication Technology,,,,
Griffith University,"170 Kessels Road, Nathan Qld 4111",7049Hsv Delivery - Trauma Integrated Practice With Aboriginal And Torres Strait Islander Peoples,14/08/2020,108900,We Al-Li,"Po Box 21,  Goolmangar, Nsw, 2480",No,No ,N/A,,,,,,,342981,General Goods and Services,,,,
Griffith University,"170 Kessels Road, Nathan Qld 4111",G16 Led Strip Light Upgrade,17/08/2020,13820,5Th Star Pty Ltd,"10 Circle Court,  Rochedale South, Qld, 4123",No,No ,N/A,,,,,,,343006,Building Construction and Maintenance,,,,
Griffith University,"170 Kessels Road, Nathan Qld 4111",Swim Club Coaching Costs For T,17/08/2020,20350,Griffith Uni Gold Coast Student Guild,"Po Box 96, Gold Coast Campusgriffith University, Qld 4222",No,No ,N/A,,,,,,,1866053,General Goods and Services,,,,
Griffith University,"170 Kessels Road, Nathan Qld 4111",2019 Grow Bonus - Oztrekk Educ,17/08/2020,29000,Oztrekk Educational Services Ltd,"1 Sherbrooke Street East, Suite 301, Perth, On K7H 1A1",No,No ,N/A,,,,,,,1866101,General Goods and Services,,,,
Griffith University,"170 Kessels Road, Nathan Qld 4111",Laboratory Consumables,17/08/2020,13904,Perkin Elmer Pty Ltd,"Po Box 5290, Brandon Park Post Shop Brandon Park, Vic, 3150",No,No ,N/A,,,,,,,343014,General Goods and Services,,,,
Griffith University,"170 Kessels Road, Nathan Qld 4111",Fortress Corner Stairs ,18/08/2020,10133,Astir Australia,"Po Box 1947,  Bowral, Nsw, 2576",No,No ,N/A,,,,,,,343040,Building Construction and Maintenance,,,,
Griffith University,"170 Kessels Road, Nathan Qld 4111",Computer Equipment,18/08/2020,7906481,Dell Australia Pty Ltd,"Attn: Daniel Corney, Po Box 91 Frenchs Forest, Nsw, 2086",No,No ,Open Offer,,,,,,,C01772,Information and Communication Technology,,,,
Griffith University,"170 Kessels Road, Nathan Qld 4111",Oua Csp2 2020,18/08/2020,1928331,Open Universities Australia,"Level 1/473 Bourke St, Melbourne, Vic 3000",,No ,Limited Offer,,,,,,,1865684,General Goods and Services,,,,
Griffith University,"170 Kessels Road, Nathan Qld 4111",Alumni Awards Video Production,18/08/2020,21486,Prodigious Brand Logistics,"30 Windmill Street,  Millers Point, Nsw, 2000",No,No ,N/A,,,,,,,343063,General Goods and Services,,,,
Griffith University,"170 Kessels Road, Nathan Qld 4111",Donor Relations Framework,18/08/2020,16500,Sue Birch Consulting,"3/152 Eastbourne Road,  Rosebud, Vic, 3939",No,No ,N/A,,,,,,,343042,General Goods and Services,,,,
Griffith University,"170 Kessels Road, Nathan Qld 4111",Kerry O'Brien Speaking Series 2020-2021,19/08/2020,110000,Binna Burra Media Pty Ltd,"Po Box 434 Bangalow Lpo, Byron Road Bangalow, Nsw, 2479",No,No ,N/A,,,,,,,343124,General Goods and Services,,,,
Griffith University,"170 Kessels Road, Nathan Qld 4111",Campaign Support,19/08/2020,16500,Chimera Project,"44 Mirbelia Street,  Everton Hills, Qld, 4053",No,No ,N/A,,,,,,,343123,General Goods and Services,,,,
Griffith University,"170 Kessels Road, Nathan Qld 4111",Cisco Equipment And Licenses,19/08/2020,59561,Data #3 Limited,"Po Box 551,  Indooroopilly, Qld, 4068",No,No ,N/A,,,,,,,343098,Information and Communication Technology,,,,
Griffith University,"170 Kessels Road, Nathan Qld 4111",Brand Recruitment Campaign,19/08/2020,319484,Ikon Communications Pty Ltd,"Level 4, 1 Kent Street,  Millers Points, Nsw, 2000",No,No ,N/A,,,,,,,343119,General Goods and Services,,,,
Griffith University,"170 Kessels Road, Nathan Qld 4111",Acoustic Receiver ,19/08/2020,10348,Innovasea Marine Systems Canada Inc.,"20 Angus Morton Drive,  Bedford, Ns, B4B 0L9",No,No ,N/A,,,,,,,343104,General Goods and Services,,,,
Griffith University,"170 Kessels Road, Nathan Qld 4111",Radio Advertising - Open House,19/08/2020,13554,Mediacom Australia Pty Ltd,"Level 17, 65 Berry Streetnorth Sydney, Nsw 2060",No,No ,N/A,,,,,,,1866542,General Goods and Services,,,,
Griffith University,"170 Kessels Road, Nathan Qld 4111",5 Echo360 Pro Appliances,20/08/2020,27500,Anystream Australia Pty Ltd,"Po Box 7862,  Perth, Wa, 6850",No,No ,N/A,,,,,,,343129,General Goods and Services,,,,
Griffith University,"170 Kessels Road, Nathan Qld 4111",Adaudit Plus Professional 2020-2021 Subscription,20/08/2020,26093,Datacom Systems Pty Ltd,"Po Box 3291,  South Brisbane, Qld, 4101",No,No ,N/A,,,,,,,343132,Information and Communication Technology,,,,
Griffith University,"170 Kessels Road, Nathan Qld 4111",N39 Replacement Doorsets,20/08/2020,13552,Dylmount Pty Ltd,"Po Box 57,  Albion, Qld, 4010",No,No ,N/A,,,,,,,343148,Building Construction and Maintenance,,,,
Griffith University,"170 Kessels Road, Nathan Qld 4111",N78  Lifecycle Replacement Solar Pv Inverters,20/08/2020,37752,Thycon Services Pty Ltd,"20 Audrey Avenue,  Coburg North, Vic, 3058",No,No ,N/A,,,,,,,343158,General Goods and Services,,,,
Griffith University,"170 Kessels Road, Nathan Qld 4111",Replace Fire-Resistant Door Sets ,21/08/2020,13063,Dylmount Pty Ltd,"Po Box 57,  Albion, Qld, 4010",No,No ,N/A,,,,,,,343178,Building Construction and Maintenance,,,,
Griffith University,"170 Kessels Road, Nathan Qld 4111",G40 Travelator Replacement,21/08/2020,489111,Iqconstruct Pty Ltd,"Ground Floor, 377 Montague Road,  West End, Qld, 4101",No,No ,N/A,,,,,,,343193,Building Construction and Maintenance,,,,
Griffith University,"170 Kessels Road, Nathan Qld 4111",Brand Recruitment Campaign,21/08/2020,1210000,Mediacom Australia Pty Ltd,"Gpo Box 1000,  Brisbane, Qld, 4001",,No ,Open Offer,,,,,,,343192,General Goods and Services,,,,
Griffith University,"170 Kessels Road, Nathan Qld 4111",Netterfield - Rpa And Experience Consultancy,21/08/2020,430100,Netterfield Consulting,"10 Amber Close,  Mango Hill, Qld, 4509",No,No ,N/A,,,,,,,343197,General Goods and Services,,,,
Griffith University,"170 Kessels Road, Nathan Qld 4111",Recruitment Agency Fees,21/08/2020,16500,Odgers Berndtson,"Level 2, 2 Bulletin Placesydney, Nsw 2000",No,No ,N/A,,,,,,,1863558,General Goods and Services,,,,
Griffith University,"170 Kessels Road, Nathan Qld 4111",Path Light Led Fittings,21/08/2020,21934,Raylinc Agencies Pty Ltd,"9 Colebard Street West,  Acacia Ridge, Qld, 4110",No,No ,N/A,,,,,,,343194,Building Construction and Maintenance,,,,
Griffith University,"170 Kessels Road, Nathan Qld 4111",Consultancy Services: Contributing To Design And Provision Of Online Training Materials,21/08/2020,31295,Roses In The Ocean Pty Ltd,"Po Box 84,  Wilston, Qld, 4051",No,No ,N/A,,,,,,,343181,General Goods and Services,,,,
Griffith University,"170 Kessels Road, Nathan Qld 4111",Pc2 Pm Contract,21/08/2020,29227,Tecniplast Australia Pty Limited,"Unit 10, 79-85 Mars Road, North Star Business Parklane Cove, Nsw 2066",No,No ,N/A,,,,,,,1866716,General Goods and Services,,,,
Griffith University,"170 Kessels Road, Nathan Qld 4111",Pasifika Lead Camp 2022,21/08/2020,29073,The Department Of Housing And Public,"Level 6, 400 George Street Brisbane, Qld, 4000",No,No ,N/A,,,,,,,343189,General Goods and Services,,,,
Griffith University,"170 Kessels Road, Nathan Qld 4111",Legal Fees - Investigation,22/08/2020,21771,Q Workplace Solutions Pty Ltd,"79 Broadway Street, Woolloongabba, Qld 4102",No,No ,N/A,,,,,,,1864966,General Goods and Services,,,,
Griffith University,"170 Kessels Road, Nathan Qld 4111",L03 Llibrary Office Refurbishment ,24/08/2020,18625,A1 Building & Property Solutions Pty Ltd,"3 D'Aguilar Road,  The Gap, Qld, 4061",No,No ,N/A,,,,,,,343252,Building Construction and Maintenance,,,,
Griffith University,"170 Kessels Road, Nathan Qld 4111",Equipment  ,24/08/2020,75650,Duraplas Industries,"Po Box 218,  Wollongbar, Nsw, 2477",No,No ,N/A,,,,,,,343228,General Goods and Services,,,,
Griffith University,"170 Kessels Road, Nathan Qld 4111",G01 Decouple Line Magflow Replacement,24/08/2020,11720,Precise Air Group P/L,"Po Box 1859,  Springwood, Qld, 4128",No,No ,N/A,,,,,,,343223,Building Construction and Maintenance,,,,
Griffith University,"170 Kessels Road, Nathan Qld 4111",G12 Decouple Line Magflow Replacement,24/08/2020,13205,Precise Air Group P/L,"Po Box 1859,  Springwood, Qld, 4128",No,No ,N/A,,,,,,,343224,Building Construction and Maintenance,,,,
Griffith University,"170 Kessels Road, Nathan Qld 4111",Theater Lights Control,24/08/2020,10760,Syncwise Smart Homes,"Suite 10/9 Brookfield Road,  Kenmore, Qld, 4069",No,No ,N/A,,,,,,,343230,Building Construction and Maintenance,,,,
Griffith University,"170 Kessels Road, Nathan Qld 4111",Biologicals/Chemicals,25/08/2020,77655,Bio-Strategy Pty Limited,"P.O Box 14,  Campbellfield, Vic, 3061",No,No ,N/A,,,,,,,343272,General Goods and Services,,,,
Griffith University,"170 Kessels Road, Nathan Qld 4111",2019 Grow Bonus-Grace Educatio,25/08/2020,12100,Grace Education Pty Ltd,"4 Woodsiana Street, Robertson, Qld 4109",No,No ,N/A,,,,,,,1867250,General Goods and Services,,,,
Griffith University,"170 Kessels Road, Nathan Qld 4111",Voucher Conversion Campaign,25/08/2020,42480,Queensland Tertiary Admissions Centre Lt,"Po Box 1331, Milton, Qld 4064",No,No ,N/A,,,,,,,1867279,General Goods and Services,,,,
Griffith University,"170 Kessels Road, Nathan Qld 4111",2019 Grow Bonus - Young Educat,25/08/2020,19800,Young Education Centre(Aust) Pty Ltd,"Suite 3, Level 1,, 233 Albert Streetbrisbane, Qld 4000",No,No ,N/A,,,,,,,1867272,General Goods and Services,,,,
Griffith University,"170 Kessels Road, Nathan Qld 4111",Lexisnexis_Sub_1Jul2020-30Jun2,26/08/2020,321015,Lexis Nexis,"Tower 2, 475-495 Victoria Avenue, Chatswood, Nsw 2067",No,No ,N/A,,,,,,,1865946,General Goods and Services,,,,
Griffith University,"170 Kessels Road, Nathan Qld 4111",Leadership Skills For Scientists Workshop,26/08/2020,14045,Liquid Learning Group Pty Ltd,"Po Box 1542,  Sydney, Nsw, 2000",No,No ,N/A,,,,,,,343315,General Goods and Services,,,,
Griffith University,"170 Kessels Road, Nathan Qld 4111",Av Installation/Upgrade ,26/08/2020,23166,Luminous A/V & Electrical Pty Ltd,"568 Milton Rd,  Toowong, Qld, 4066",No,No ,N/A,,,,,,,343324,General Goods and Services,,,,
Griffith University,"170 Kessels Road, Nathan Qld 4111",Impact Tracker2020-2021 Subscription,26/08/2020,16017,Vertigo Ventures Australia Pty Ltd,"7 Winton Street,  Warrawee, Nsw, 2074",No,No ,N/A,,,,,,,343316,Information and Communication Technology,,,,
Griffith University,"170 Kessels Road, Nathan Qld 4111",Mimecast 2020-2021 Subscription,27/08/2020,156825,Data #3 Limited,"Po Box 551,  Indooroopilly, Qld, 4068",No,No ,N/A,,,,,,,343392,Information and Communication Technology,,,,
Griffith University,"170 Kessels Road, Nathan Qld 4111",Roof And Gutter Cleaning,27/08/2020,17248,Descab Pty Ltd T/A Qld Multi Trades,"34 Hindes Street,  Lota, Qld, 4178",No,No ,N/A,,,,,,,343435,Building Construction and Maintenance,,,,
Griffith University,"170 Kessels Road, Nathan Qld 4111",Elap 2020-2021 Subscription,27/08/2020,19418,Efficiency Leaders (Australia) Pty Ltd,"Po Box 494,  Varsity Lakes, Qld, 4227",No,No ,N/A,,,,,,,343413,Information and Communication Technology,,,,
Griffith University,"170 Kessels Road, Nathan Qld 4111",2019 Grow Bonus - Idp,27/08/2020,161700,IDP Education Pty Ltd,"Level 8, 535 Bourke Streetmelbourne, Vic 3000",No,No ,N/A,,,,,,,1867533,General Goods and Services,,,,
Griffith University,"170 Kessels Road, Nathan Qld 4111",Computing Maintenance & Support,27/08/2020,27900,Ntt Data Services Australia Pty Ltd,"Level 14, 628 Bourke Street,  Melbourne, Vic, 3000",No,No ,N/A,,,,,,,343423,Information and Communication Technology,,,,
Griffith University,"170 Kessels Road, Nathan Qld 4111",L05 Digital Services Workshop Refurb,27/08/2020,57853,Steadfast Projects Pty Ltd,"16 Ferndale Place,  Upper Kedron, Qld, 4055",No,No ,N/A,,,,,,,343434,Building Construction and Maintenance,,,,
Griffith University,"170 Kessels Road, Nathan Qld 4111",Improving Returns Consultancy,27/08/2020,24491,Sustainable Forestry Solutions,"Po Box 1714,  Honiara, Ct, ",No,No ,N/A,,,,,,,343410,General Goods and Services,,,,
Griffith University,"170 Kessels Road, Nathan Qld 4111",Computing Maintenance & Support,27/08/2020,85692,Titanium Solutions Australia Ltd,"Po Box 114, Albany Village Auckland, , 1140",No,No ,N/A,,,,,,,343390,Information and Communication Technology,,,,
Griffith University,"170 Kessels Road, Nathan Qld 4111",Service Support,28/08/2020,125000,Arrayjet Ltd,"Midlothian Innovation Centre, Roslin Scotland, , Eh25 9Re",No,No ,N/A,,,,,,,343461,General Goods and Services,,,,
Griffith University,"170 Kessels Road, Nathan Qld 4111",Professional Consulting,28/08/2020,141735,Consulting & Implementation Services P/L,"Suite 405, 838 Collins Street,  Docklands, Vic, 3008",No,No ,N/A,,,,,,,343457,General Goods and Services,,,,
Griffith University,"170 Kessels Road, Nathan Qld 4111",Professional Consulting ,28/08/2020,120780,Consulting & Implementation Services P/L,"Suite 405, 838 Collins Street,  Docklands, Vic, 3008",No,No ,N/A,,,,,,,343458,General Goods and Services,,,,
Griffith University,"170 Kessels Road, Nathan Qld 4111",2019 Grow Bonus Eic Global Aus,28/08/2020,21000,EIC Global Australia Pty Ltd,"Suite 506-508, Level 5, Manning Building, 451 Pitt Stsydney, Nsw 2000",No,No ,N/A,,,,,,,1867280,General Goods and Services,,,,
Griffith University,"170 Kessels Road, Nathan Qld 4111",2019 Grow Bonus - Iae Global,28/08/2020,20900,IAE Global Sydney,"Suite 301 & 302, Level 3, 405-411, Sussex Streethaymarket, Nsw 2000",No,No ,N/A,,,,,,,1867739,General Goods and Services,,,,
Griffith University,"170 Kessels Road, Nathan Qld 4111",Review And Draft Legal Fees,28/08/2020,21780,Linh Nguyen Law Pty. Ltd.,"14 Noelana Street,  Sunnybank Hills, Qld, 4109",No,No ,N/A,,,,,,,343462,General Goods and Services,,,,
Griffith University,"170 Kessels Road, Nathan Qld 4111",Subscription Fee 2021/2021 -,28/08/2020,66000,Surfing Australia,"Po Box 1613, Kingscliff, Nsw 2487",No,No ,N/A,,,,,,,1865475,General Goods and Services,,,,
Griffith University,"170 Kessels Road, Nathan Qld 4111",Operational Expenses,28/08/2020,19778,Sustainable Forestry Solutions,"Po Box 1714,  Honiara, Ct, ",No,No ,N/A,,,,,,,343452,General Goods and Services,,,,
Griffith University,"170 Kessels Road, Nathan Qld 4111",2019- Grow Bonus - Uhak Statio,28/08/2020,12000,Uhak Station Pty Ltd,"Suite 402, 303 Pitt Streetsydney, Nsw 2000",No,No ,N/A,,,,,,,1867278,General Goods and Services,,,,
Griffith University,"170 Kessels Road, Nathan Qld 4111",Qualtrics Translations,29/08/2020,53513,Qualtrics Llc,"333 West River Park Drive, Provo, Ut 84604",No,No ,N/A,,,,,,,1866024,General Goods and Services,,,,
Griffith University,"170 Kessels Road, Nathan Qld 4111",Assistance With The Developmen,30/08/2020,34100,Consulting & Implementation Services P/L,"Suite 405, 838 Collins Street, Docklands, Vic 3008",No,No ,N/A,,,,,,,1866632,General Goods and Services,,,,
Griffith University,"170 Kessels Road, Nathan Qld 4111",Atlas Compressor,31/08/2020,11316,Atlas Copco Australia Pty Ltd,"25 Bluestone Circuit,  Seventeen Mile Rocks, Qld, 4073",No,No ,N/A,,,,,,,343494,Building Construction and Maintenance,,,,
Griffith University,"170 Kessels Road, Nathan Qld 4111",Surveying Plans,31/08/2020,14894,Bennett & Bennett Consulting Surveyors,"Po Box 5021,  Gold Coast Mail Centre, Qld, 9726",No,No ,N/A,,,,,,,343519,General Goods and Services,,,,
Griffith University,"170 Kessels Road, Nathan Qld 4111",Stereo Microscope System,31/08/2020,90200,Olympus Australia Pty Ltd,"Po Box 985,  Mt Waverley, Vic, 3149",No,No ,N/A,,,,,,,343478,General Goods and Services,,,,
Griffith University,"170 Kessels Road, Nathan Qld 4111",Corexm  2020-2021 Subscription,31/08/2020,11000,Qualtrics Llc,"333 West River Park Drive,  Provo, Ut, 84604",No,No ,N/A,,,,,,,343518,Information and Communication Technology,,,,
Griffith University,"170 Kessels Road, Nathan Qld 4111",Shep T-Shirts,31/08/2020,35261,Queensland T-Shirt Company,"30 Eagleview Place,  Eagle Farm, Qld, 4009",No,No ,N/A,,,,,,,343479,General Goods and Services,,,,
Griffith University,"170 Kessels Road, Nathan Qld 4111",Biologicals/Chemicals,31/08/2020,15390,Sia Chemspace,"Ilukstes Iela 38-5,  Riga, , Lv1082",No,No ,N/A,,,,,,,343502,General Goods and Services,,,,
Griffith University,"170 Kessels Road, Nathan Qld 4111",Relocation Of Staff,31/08/2020,17012,Sirva Relocation,"490 Freeman Road,  Richlands, Qld, 4077",No,No ,N/A,,,,,,,343482,General Goods and Services,,,,
Griffith University,"170 Kessels Road, Nathan Qld 4111",Relocation Of Staff,31/08/2020,15764,Sirva Relocation,"490 Freeman Road,  Richlands, Qld, 4077",No,No ,N/A,,,,,,,343483,General Goods and Services,,,,
Griffith University,"170 Kessels Road, Nathan Qld 4111",Membership Subs 1 August 2020,31/08/2020,59543,The Conversation Media Group,"Level 3, 33 Lincoln Square South, Melbourne, Vic 3010",No,No ,N/A,,,,,,,1865099,General Goods and Services,,,,
Griffith University,"170 Kessels Road, Nathan Qld 4111",Biologicals/Chemicals,1/09/2020,46948,Bio-Strategy Pty Limited,"P.O Box 14,  Campbellfield, Vic, 3061",No,No ,N/A,,,,,,,343543,General Goods and Services,,,,
Griffith University,"170 Kessels Road, Nathan Qld 4111",Clf Compliance Frameworks 2020,1/09/2020,30080,Cooper Grace Ward,"Gpo Box 834, Brisbane, Qld 4001",No,No ,N/A,,,,,,,1868138,General Goods and Services,,,,
Griffith University,"170 Kessels Road, Nathan Qld 4111",Application Fees Apr To Jun 20,1/09/2020,45602,Learning Information Systems,"Level 11,  17 York St, Sydney, Nsw 2000",No,No ,N/A,,,,,,,1868135,Information and Communication Technology,,,,
Griffith University,"170 Kessels Road, Nathan Qld 4111",Provision Of Legal Advice For Payroll Compliance With Workplace Law Obligations,1/09/2020,291500,Pricewaterhousecoopers,"Gpo Box 150,  Brisbane, Qld, 4001",No,No ,N/A,,,,,,,343553,General Goods and Services,,,,
Griffith University,"170 Kessels Road, Nathan Qld 4111","7"" Modero G5 Wall Mount",1/09/2020,335531,Rutledge Engineering (Aust) Pty Ltd,"199 Heidelberg Road,  Northcote, Vic, 3070",No,No ,N/A,,,,,,,343550,General Goods and Services,,,,
Griffith University,"170 Kessels Road, Nathan Qld 4111",Fire Ring Main Upgrade,2/09/2020,11660,Ashburner Francis Pty Ltd,"977 Stanley Street East,  East Brisbane, Qld, 4169",No,No ,N/A,,,,,,,343586,Building Construction and Maintenance,,,,
Griffith University,"170 Kessels Road, Nathan Qld 4111",Agency Fees - Search For Provo,2/09/2020,22000,Insight Management Consultants P/L,"Level 7, 230 Collins Street, Melbourne, Vic 3000",No,No ,N/A,,,,,,,1868361,General Goods and Services,,,,
Griffith University,"170 Kessels Road, Nathan Qld 4111",Portable Ultrasound Console,2/09/2020,59593,Lifehealthcare Distribution Pty Limited,"15 Talavera Road, Level 8,,  North Ryde, Nsw, 2113",No,No ,N/A,,,,,,,343591,General Goods and Services,,,,
Griffith University,"170 Kessels Road, Nathan Qld 4111",Licence Fees,2/09/2020,28027,Qualtrics Llc,"333 West River Park Drive,  Provo, Ut, 84604",No,No ,N/A,,,,,,,C01779,Information and Communication Technology,,,,
Griffith University,"170 Kessels Road, Nathan Qld 4111",Qps Injury Management Project,2/09/2020,68255,Queensland University Of Technology,"Gpo Box 2434,  Brisbane, Qld, 4001",No,No ,N/A,,,,,,,343576,General Goods and Services,,,,
Griffith University,"170 Kessels Road, Nathan Qld 4111",G14 Atlas Compressor,3/09/2020,11316,Atlas Copco Australia Pty Ltd,"25 Bluestone Circuit,  Seventeen Mile Rocks, Qld, 4073",No,No ,N/A,,,,,,,343632,Building Construction and Maintenance,,,,
Griffith University,"170 Kessels Road, Nathan Qld 4111",50 Hogan Insight + Report,3/09/2020,14603,Peter Berry Consultancy,"Level 8, 201 Miller Street, North Sydney, Nsw 2060",No,No ,N/A,,,,,,,1864563,General Goods and Services,,,,
Griffith University,"170 Kessels Road, Nathan Qld 4111",Consultancy Gumurrii,4/09/2020,23062,Deborah Johnston Consulting,"Po Box 10379, Adelaide Street Brisbane, Qld, 4000",No,No ,N/A,,,,,,,343659,General Goods and Services,,,,
Griffith University,"170 Kessels Road, Nathan Qld 4111",Vicon Shogun 2020-2021 Subscription,4/09/2020,10937,Logemas Pty Ltd,"13 Hudson Road,  Albion, Qld, 4010",No,No ,N/A,,,,,,,343690,Information and Communication Technology,,,,
Griffith University,"170 Kessels Road, Nathan Qld 4111",Accreditation Fees - Physiothe,5/09/2020,44820,Australian Physiotherapy Council Limited,"Gpo Box 587, Canberra, Act 2601",No,No ,N/A,,,,,,,1865199,General Goods and Services,,,,
Griffith University,"170 Kessels Road, Nathan Qld 4111",Teammate Hosting Fees 20/07/19,5/09/2020,11967,CCH Australia Ltd,"Gpo Box 4069, Sydney, Nsw 2001",No,No ,N/A,,,,,,,1866541,General Goods and Services,,,,
Griffith University,"170 Kessels Road, Nathan Qld 4111",Hsv Staff Grant Writing Suppor,5/09/2020,24231,The Trustee For Granted Group Unit Trust,"Suite 1.06A, 269 Centre Roadbentleigh, Vic 3204",No,No ,N/A,,,,,,,1865198,General Goods and Services,,,,
Griffith University,"170 Kessels Road, Nathan Qld 4111",Trios 4 Move + Pen Grip Scanner,7/09/2020,79299,Dental Axess Pty Ltd,"Unit 3.6, 56 Delhi Road,  North Ryde, Nsw, 2113",No,No ,N/A,,,,,,,343703,General Goods and Services,,,,
Griffith University,"170 Kessels Road, Nathan Qld 4111",Laboratory Consumables,7/09/2020,10585,Eos Gmbh Electro Optical Systems,"Robert-Stirling-Ring 1,  Krailling Bei Munchen, , D82152",No,No ,N/A,,,,,,,343719,General Goods and Services,,,,
Griffith University,"170 Kessels Road, Nathan Qld 4111",Consultancy ,7/09/2020,18000,Five And Dime,"35A Happy Valley Road,  Wellington, , 6023",No,No ,N/A,,,,,,,343706,General Goods and Services,,,,
Griffith University,"170 Kessels Road, Nathan Qld 4111",Marsxpress Vessel Starter Set,7/09/2020,18329,John Morris Scientific Pty Ltd,"Po Box 447,  Willoughby, Nsw, 2068",No,No ,N/A,,,,,,,343730,General Goods and Services,,,,
Griffith University,"170 Kessels Road, Nathan Qld 4111",Nao V6 Educator Pack,7/09/2020,12593,Robotlab Inc.,"75 Broadway St. Ste 202,  San Francisco, Ca, 94111",No,No ,N/A,,,,,,,343707,General Goods and Services,,,,
Griffith University,"170 Kessels Road, Nathan Qld 4111",Preventative Maintenance 1/7/2020 - 30/6/2021,7/09/2020,10879,Tecniplast Australia Pty Limited,"Unit 10, 79-85 Mars Road, North Star Business Park Lane Cove, Nsw, 2066",No,No ,N/A,,,,,,,343713,General Goods and Services,,,,
Griffith University,"170 Kessels Road, Nathan Qld 4111",Computing Maintenance & Support,7/09/2020,12104,Tpg Network Pty Ltd,"Gpo Box 3641,  Sydney, Nsw, 2001",No,No ,N/A,,,,,,,343723,Information and Communication Technology,,,,
Griffith University,"170 Kessels Road, Nathan Qld 4111",S01 Fall Arrest Systems ,8/09/2020,33318,Aegis Safety Pty Ltd,"1/119 Delta Street,  Geebung, Qld, 4034",No,No ,N/A,,,,,,,343768,Building Construction and Maintenance,,,,
Griffith University,"170 Kessels Road, Nathan Qld 4111",Equipment  ,8/09/2020,30250,Keywatch Systems Queensland,"Po Box 684,  Surfers Paradise, Qld, 4217",No,No ,N/A,,,,,,,343761,General Goods and Services,,,,
Griffith University,"170 Kessels Road, Nathan Qld 4111",Supply Of Chemicals For Toxico,8/09/2020,24358,Statens Serum Institut,"Artillerivej 5, Copenhagen,  2300",No,No ,N/A,,,,,,,1868970,General Goods and Services,,,,
Griffith University,"170 Kessels Road, Nathan Qld 4111",Consultancy ,8/09/2020,77220,The Trustee For O'Connor-Kitson Family T,Brisbane,No,No ,N/A,,,,,,,343767,Building Construction and Maintenance,,,,
Griffith University,"170 Kessels Road, Nathan Qld 4111",Envibe Fees 2020,9/09/2020,30612,Centaman Systems Pty Ltd,"Po Box 763, Springhill, Qld 4004",No,No ,N/A,,,,,,,1867253,General Goods and Services,,,,
Griffith University,"170 Kessels Road, Nathan Qld 4111",Computing Maintenance & Support,9/09/2020,33440,Icad Consultants Pty Ltd,"18 Centurion St,  Bridgeman Downs, Qld, 4035",No,No ,N/A,,,,,,,343801,Information and Communication Technology,,,,
Griffith University,"170 Kessels Road, Nathan Qld 4111",Tp4/2020 Pearson Commission,9/09/2020,617203,Pearson Australia Group Pty Ltd,"Suite 1001 Level 10, 151 Castlereagh Street,Sydney, Nsw 2000",,No ,Limited Offer,,,,,,,1866030,General Goods and Services,,,,
Griffith University,"170 Kessels Road, Nathan Qld 4111",Securesync Time And Frequency Synchronization System,10/09/2020,17703,Vicom Australia Pty Ltd,"1064 Centre Road,  South Oakleigh, Vic, 3167",No,No ,N/A,,,,,,,343859,Information and Communication Technology,,,,
Griffith University,"170 Kessels Road, Nathan Qld 4111",Computing Maintenance & Support,10/09/2020,31218,Vuram Australia Pty Ltd,"Level 10, Tower 4, World Trade Center,, 18-38 Siddeley Street, Docklands Melbourne, Vic, 3008",No,No ,N/A,,,,,,,343862,Information and Communication Technology,C01490,,,
Griffith University,"170 Kessels Road, Nathan Qld 4111",Preventative Maintenance ,11/09/2020,108270,Becton Dickinson Pty Ltd,"69 Brandl Street,  Eight Mile Plains, Qld, 4113",No,No ,N/A,,,,,,,343922,General Goods and Services,,,,
Griffith University,"170 Kessels Road, Nathan Qld 4111",N55 Emergency Lighting Upgrade,11/09/2020,15795,Precise Air Group P/L,"Po Box 1859,  Springwood, Qld, 4128",No,No ,N/A,,,,,,,343941,Building Construction and Maintenance,,,,
Griffith University,"170 Kessels Road, Nathan Qld 4111",Scientific Services - 27 July,12/09/2020,11442,Gold Coast City Council,"Po Box 5042, Gold Coast Mail Centre, Qld 9729",No,No ,N/A,,,,,,,1866368,General Goods and Services,,,,
Griffith University,"170 Kessels Road, Nathan Qld 4111",N34 Lab Optimisation,14/09/2020,210067,Conrad Gargett Group,"Level 26, 240 Queen Street Brisbane, Qld, 4000",No,No ,N/A,,,,,,,343969,Building Construction and Maintenance,,,,
Griffith University,"170 Kessels Road, Nathan Qld 4111",July 2020 Subscription,14/09/2020,22208,Data #3 Limited,"Po Box 551,  Indooroopilly, Qld, 4068",No,No ,N/A,,,,,,,343943,Information and Communication Technology,,,,
Griffith University,"170 Kessels Road, Nathan Qld 4111",Psa Immunisation Training,14/09/2020,15345,Pharmaceutical Society Of Australia Ltd,"Po Box 42,  Deakin West, Act, 2600",No,No ,N/A,,,,,,,343958,General Goods and Services,,,,
Griffith University,"170 Kessels Road, Nathan Qld 4111",Biologic Sp-200 Potentiostat ,14/09/2020,21978,Prodigitek Pty Ltd,"Po Box Kl806,  Kings Langley, Nsw, 2147",No,No ,N/A,,,,,,,343953,General Goods and Services,,,,
Griffith University,"170 Kessels Road, Nathan Qld 4111",Biologicals/Chemicals,15/09/2020,11308,Bio-Strategy Pty Limited,"P.O Box 14,  Campbellfield, Vic, 3061",No,No ,N/A,,,,,,,344030,General Goods and Services,,,,
Griffith University,"170 Kessels Road, Nathan Qld 4111",Gumurrii Refurbishment ,15/09/2020,19800,Borhan Ghofrani,"U 2, 27 Florence Street,  Teneriffe, Qld, 4005",No,No ,N/A,,,,,,,344042,Building Construction and Maintenance,,,,
Griffith University,"170 Kessels Road, Nathan Qld 4111",Jira 2020-2021 Subscription,15/09/2020,22344,Data #3 Limited,"Po Box 551,  Indooroopilly, Qld, 4068",No,No ,N/A,,,,,,,344018,Information and Communication Technology,,,,
Griffith University,"170 Kessels Road, Nathan Qld 4111",Continuous Delivery Education License 2020-2022 Subscription,15/09/2020,147238,Data #3 Limited,"Po Box 551,  Indooroopilly, Qld, 4068",No,No ,N/A,,,,,,,344019,Information and Communication Technology,,,,
Griffith University,"170 Kessels Road, Nathan Qld 4111",Computing Maintenance & Support,16/09/2020,183325,Equate Technolgies,"Level 10, 410 Ann Street Brisbane, Qld, 4000",No,No ,N/A,,,,,,,344063,Information and Communication Technology,,,,
Griffith University,"170 Kessels Road, Nathan Qld 4111",Equipment  ,16/09/2020,71445,Fluidquip Australia,"Po Box 211,  Blaxland, Nsw, 2774",No,No ,N/A,,,,,,,344059,General Goods and Services,,,,
Griffith University,"170 Kessels Road, Nathan Qld 4111",Consultancy Services,16/09/2020,139088,Ghd Pty Ltd,"Po Box 5403,  Hrmc, Nsw, 2310",No,No ,N/A,,,,,,,344080,General Goods and Services,,,,
Griffith University,"170 Kessels Road, Nathan Qld 4111",Kanopypdadeposit08_Jul2020_Kde,16/09/2020,30000,Kanopy Llc,"781 Beach Street, Second Floor, San Francisco, Ca 94133",No,No ,N/A,,,,,,,1870226,General Goods and Services,,,,
Griffith University,"170 Kessels Road, Nathan Qld 4111",2019 Grow Bonus-Ac&T Internati,17/09/2020,42900,AC & T International Pty Ltd,"421 Mains Road, Macgregor, Qld 4109",No,No ,N/A,,,,,,,1870475,General Goods and Services,,,,
Griffith University,"170 Kessels Road, Nathan Qld 4111",2019 Grow Bonus -Acic Pty Ltd,17/09/2020,12100,ACIC Pty Ltd,"Po Box K34, Haymarket, Nsw 2000",No,No ,N/A,,,,,,,1870532,General Goods and Services,,,,
Griffith University,"170 Kessels Road, Nathan Qld 4111",N34 Freezer Room Conversion,17/09/2020,10463,Ajc Metal Products Pty Ltd,"Po Box 50,  Virginia, Qld, 4014",No,No ,N/A,,,,,,,344106,Building Construction and Maintenance,,,,
Griffith University,"170 Kessels Road, Nathan Qld 4111",2019 Grow Bonus - Ibn Global,17/09/2020,39600,IBN Global Pty Ltd T/A Ibn Edu. Centre,"Suite 902, 309 Pitt Street, Sydney, Nsw 2000",No,No ,N/A,,,,,,,1870479,General Goods and Services,,,,
Griffith University,"170 Kessels Road, Nathan Qld 4111",Data Extraction And Preparation,17/09/2020,40480,Infoxchange,"33 Elizabeth Street,  Richmond, Vic, 3121",No,No ,N/A,,,,,,,344122,General Goods and Services,,,,
Griffith University,"170 Kessels Road, Nathan Qld 4111",Microsoft Project Consulting,17/09/2020,10890,Projecttma Pty. Ltd.,"Level 8, 350 Collins Street Melbourne, Vic, 3000",No,No ,N/A,,,,,,,344123,General Goods and Services,,,,
Griffith University,"170 Kessels Road, Nathan Qld 4111",2020 Search Campaign,17/09/2020,63800,Social Garden Pty Ltd,"Suite 4, 651 Victoria Street,  Abbotsford, Vic, 3067",No,No ,N/A,,,,,,,344147,General Goods and Services,,,,
Griffith University,"170 Kessels Road, Nathan Qld 4111",Synthetic Turf Surfacing,18/09/2020,23000,Ausplay Playscapes,"34 Kurzok Place,  Richlands, Qld, 4077",No,No ,N/A,,,,,,,344166,Building Construction and Maintenance,,,,
Griffith University,"170 Kessels Road, Nathan Qld 4111",Sql Standard Edition 2019 Licence+Software,18/09/2020,53481,Data #3 Limited,"Po Box 551,  Indooroopilly, Qld, 4068",No,No ,N/A,,,,,,,344170,Information and Communication Technology,,,,
Griffith University,"170 Kessels Road, Nathan Qld 4111",N27 Ro Plant Upgrade,18/09/2020,18700,Descab Pty Ltd T/A Qld Multi Trades,"34 Hindes Street,  Lota, Qld, 4178",No,No ,N/A,,,,,,,344165,Building Construction and Maintenance,,,,
Griffith University,"170 Kessels Road, Nathan Qld 4111",S4:  N34 Pc2 Lab Optimisation,18/09/2020,27383,Ghd Pty Ltd,"Po Box 5403,  Hrmc, Nsw, 2310",No,No ,N/A,,,,,,,344183,Building Construction and Maintenance,,,,
Griffith University,"170 Kessels Road, Nathan Qld 4111",2019 Grow Bonus - Hr Consultan,18/09/2020,19000,HR Consultants (Pvt) Ltd,"56-G Jinnah Av #35 First Floor, Beverly Centre Blue Areaislamabad,  ",No,No ,N/A,,,,,,,1870531,General Goods and Services,,,,
Griffith University,"170 Kessels Road, Nathan Qld 4111",S7: G16 Lift Replacement,18/09/2020,19745,Mctaggart Plumbing Pty Ltd,"Po Box 173,  Petrie, Qld, 4502",No,No ,N/A,,,,,,,344186,Building Construction and Maintenance,,,,
Griffith University,"170 Kessels Road, Nathan Qld 4111",S4:  N34 Pc2 Lab Optimisation,18/09/2020,14300,Mrp Hydraulic & Fire Services Consultant,"Po Box 8143,  Woolloongabba, Qld, 4102",No,No ,N/A,,,,,,,344182,Building Construction and Maintenance,,,,
Griffith University,"170 Kessels Road, Nathan Qld 4111",Maintenance,18/09/2020,41630,Quik Corp Pty Ltd,"37 Production Avenue,  Warana, Qld, 4575",No,No ,N/A,,,,,,,344187,General Goods and Services,,,,
Griffith University,"170 Kessels Road, Nathan Qld 4111",N34 Pc2 Lab Optimisation,18/09/2020,33000,Rider Levett Bucknall Qld Pty Ltd,"Gpo Box 1383,  Brisbane, Qld, 4000",No,No ,N/A,,,,,,,344175,Building Construction and Maintenance,,,,
Griffith University,"170 Kessels Road, Nathan Qld 4111",G09 Hydraulic Pump Shed,18/09/2020,26435,Rtl Trades Pty Ltd T/A Rtl Trades,"Po Box 391,  Bulimba, Qld, 4171",No,No ,N/A,,,,,,,344198,Building Construction and Maintenance,,,,
Griffith University,"170 Kessels Road, Nathan Qld 4111",Oxygen Monitoring System ,21/09/2020,14202,As1 Ltd,"C/- Seaway Logistics, 11-13 Mace Way Melbourne Airport, Vic, 3045",No,No ,N/A,,,,,,,344238,General Goods and Services,,,,
Griffith University,"170 Kessels Road, Nathan Qld 4111",Synthetic Turf Surfacing,21/09/2020,27000,Ausplay Playscapes,"34 Kurzok Place,  Richlands, Qld, 4077",No,No ,N/A,,,,,,,344255,Building Construction and Maintenance,,,,
Griffith University,"170 Kessels Road, Nathan Qld 4111",Conservatorium Theatre Drapes,21/09/2020,28741,Behind The Scenes,"Po Box 5960,  Brendale, Qld, 4500",No,No ,N/A,,,,,,,344257,Building Construction and Maintenance,,,,
Griffith University,"170 Kessels Road, Nathan Qld 4111",Chemido Mp Imaging System 17001402,21/09/2020,54989,Bio-Rad Laboratories Pty Ltd,"Po Box 752,  Gladesville, Nsw, 1675",No,No ,N/A,,,,,,,344217,General Goods and Services,,,,
Griffith University,"170 Kessels Road, Nathan Qld 4111",Laboratory Consumables,21/09/2020,62962,Biotools Pty Ltd,"Po Box 2454,  Keperra, Qld, 4052",No,No ,N/A,,,,,,,344229,General Goods and Services,,,,
Griffith University,"170 Kessels Road, Nathan Qld 4111",Studies In Australia 2020/2021,21/09/2020,11000,Good Education Group Pty Ltd,"Level 2, 115-119 Collins St,  Melbourne, Vic, 3000",No,No ,N/A,,,,,,,344234,General Goods and Services,,,,
Griffith University,"170 Kessels Road, Nathan Qld 4111",Microsoft Hololens License,21/09/2020,111980,Microsoft Pty Ltd,"1 Epping Road,  North Ryde, Nsw, 2113",No,No ,N/A,,,,,,,344219,Information and Communication Technology,,,,
Griffith University,"170 Kessels Road, Nathan Qld 4111","Workshop, Design & Development",21/09/2020,17666,Social Garden Pty Ltd,"Suite 4, 651 Victoria Street,  Abbotsford, Vic, 3067",No,No ,N/A,,,,,,,344260,General Goods and Services,,,,
Griffith University,"170 Kessels Road, Nathan Qld 4111",Equipment For Base Stations,21/09/2020,36501,Testo Pty Ltd,"Po Box 2041,  Bayswater, Vic, 3153",No,No ,N/A,,,,,,,344243,General Goods and Services,,,,
Griffith University,"170 Kessels Road, Nathan Qld 4111",Equipment  ,21/09/2020,19774,Xzibit Pty Ltd,"8 Aliciajay Circuit,  Luscombe, Qld, 4207",No,No ,N/A,,,,,,,344239,General Goods and Services,,,,
Griffith University,"170 Kessels Road, Nathan Qld 4111",N50 Soffit Replacement,22/09/2020,17838,A1 Building & Property Solutions Pty Ltd,"3 D'Aguilar Road,  The Gap, Qld, 4061",No,No ,N/A,,,,,,,344286,Building Construction and Maintenance,,,,
Griffith University,"170 Kessels Road, Nathan Qld 4111",G27 L1 Replace Carpet Tiles ,22/09/2020,28178,Contract Floors (Qld) Pty Ltd,"5/37 Northlink Place,  Virginia, Qld, 4014",No,No ,N/A,,,,,,,344272,Building Construction and Maintenance,,,,
Griffith University,"170 Kessels Road, Nathan Qld 4111",Rm Public View 2020-2021 Subscription,22/09/2020,12128,Icognition Pty Ltd,"Po Box 2544,  Canberra, Act, 2601",No,No ,N/A,,,,,,,344277,Information and Communication Technology,,,,
Griffith University,"170 Kessels Road, Nathan Qld 4111",N79 Lvl 5 Oven,22/09/2020,14520,Labtek Pty Ltd,"Po Box 5316,  Brendale, Qld, 4500",No,No ,N/A,,,,,,,344299,General Goods and Services,,,,
Griffith University,"170 Kessels Road, Nathan Qld 4111",N79 Lvl 5 Glassware ,22/09/2020,61212,Merck Pty Ltd,"Ground Floor, Bldg 1, 885 Mountain Hwy Bayswater, Vic, 3153",No,No ,N/A,,,,,,,344298,General Goods and Services,,,,
Griffith University,"170 Kessels Road, Nathan Qld 4111",Calorimeter ,22/09/2020,12602,Scientific Solutions Australia,"7 Mona Rd,  Menai, Nsw, 2234",No,No ,N/A,,,,,,,344275,General Goods and Services,,,,
Griffith University,"170 Kessels Road, Nathan Qld 4111",Takeflight Hosting 2020 Subscription,22/09/2020,10494,Takeflight,"Level 3, 11 Morrison St,  Hobart, Tas, 7000",No,No ,N/A,,,,,,,344287,Information and Communication Technology,,,,
Griffith University,"170 Kessels Road, Nathan Qld 4111",2020 Service Fee,22/09/2020,11520,The Australian Chamber Of Commerce In Hk,"Austcham, R301-2, Lucky Building, 39 Wellington Street Central, , ",No,No ,N/A,,,,,,,344274,General Goods and Services,,,,
Griffith University,"170 Kessels Road, Nathan Qld 4111",Optus Mobile Account For Augus,23/09/2020,56973,Optus Communications,"Gpo Box 3972, Sydney, Nsw 1119",No,No ,N/A,,,,,,,1871245,General Goods and Services,,,,
Griffith University,"170 Kessels Road, Nathan Qld 4111",Qfab Support To Review Existin,23/09/2020,19272,QCIF Ltd,"Level 5, Rm 507D, Axon Building 47, The University Of Queensland St Lucia Campusst Lucia, Qld 4072",No,No ,N/A,,,,,,,1871404,General Goods and Services,,,,
Griffith University,"170 Kessels Road, Nathan Qld 4111",Monitoring Mt Gravatt 03/06/2020 - 03/06/2021,23/09/2020,12012,Securcom Pty Ltd,"Unit 79, 193 South Pine Road Brendale, Qld, 4500",No,No ,N/A,,,,,,,344347,Building Construction and Maintenance,,,,
Griffith University,"170 Kessels Road, Nathan Qld 4111",5118538 3205 Annual,24/09/2020,49613,AAS Education Consultancy,"Room 1501, 15/F Grand Plaza Office Tower Two, No. 625 Nathan Roadkowloon,  ",No,No ,N/A,,,,,,,1871567,General Goods and Services,,,,
Griffith University,"170 Kessels Road, Nathan Qld 4111",Ncounter Prep Station Max ,24/09/2020,119900,Bio-Strategy Pty Limited,"P.O Box 14,  Campbellfield, Vic, 3061",No,No ,N/A,,,,,,,344380,General Goods and Services,,,,
Griffith University,"170 Kessels Road, Nathan Qld 4111",Biologicals/Chemicals,24/09/2020,12545,Genscript,"860 Centennial Avenue,  Piscataway, Nj, 08854",No,No ,N/A,,,,,,,344365,General Goods and Services,,,,
Griffith University,"170 Kessels Road, Nathan Qld 4111",Repair Potholes And Resurface Gravel Rd,24/09/2020,16665,Logical Line Marking,"18 Ferguson Street,  Underwood, Qld, 4119",No,No ,N/A,,,,,,,344407,Building Construction and Maintenance,,,,
Griffith University,"170 Kessels Road, Nathan Qld 4111",N34 Pc2 Lab Optimisation Design Development ,24/09/2020,81334,N D Y Management Pty Ltd,"Level 14, 120 Edward Street Brisbane, Qld, 4000",No,No ,N/A,,,,,,,344396,Building Construction and Maintenance,,,,
Griffith University,"170 Kessels Road, Nathan Qld 4111",Body Composition Analyser,24/09/2020,44033,Regional Healthcare Group Pty Ltd,"Po Box 2205,  Mansfield, Qld, 4122",No,No ,N/A,,,,,,,344366,General Goods and Services,,,,
Griffith University,"170 Kessels Road, Nathan Qld 4111",Lease Of Vehicle,24/09/2020,16564,Summit Auto Lease Australia Pty Ltd,"Po Box 7109,  Silverwater, Nsw, 2128",No,No ,N/A,,,,,,,344373,General Goods and Services,,,,
Griffith University,"170 Kessels Road, Nathan Qld 4111",Upright Ult Freezer ,25/09/2020,40667,Brightside Scientific Pty Ltd,"2/8 Teamster Close,  Tuggerah, Nsw, 2259",No,No ,N/A,,,,,,,344453,General Goods and Services,,,,
Griffith University,"170 Kessels Road, Nathan Qld 4111",Bus Services,25/09/2020,1617761,Brisbane Bus Lines,"PO Box 141, Alderley, QLD  4051",Yes,No ,Selective Offer,,,,,,,2721_2 and 2721_3,General Goods and Services,,,,
Griffith University,"170 Kessels Road, Nathan Qld 4111",2020-2021 Subscription,25/09/2020,44935,Diligent Board Services Australia Pty Lt,"Suite 01, Level 46, Mlc Centre Sydney, Nsw, 2000",No,No ,N/A,,,,,,,344469,Information and Communication Technology,,,,
Griffith University,"170 Kessels Road, Nathan Qld 4111",Ausdi Subscription Jan-Dec 2021,25/09/2020,24015,Health Communication Network Ltd,"Lv 4 201 Pacific Hwy, St Leonards, Nsw 2065",No,No ,N/A,,,,,,,1871614,General Goods and Services,,,,
Griffith University,"170 Kessels Road, Nathan Qld 4111",Astroskin Device,25/09/2020,60369,Hexoskin T/A Carre Technologies Inc,"Suite 601, 5800 Rue Saint-Denis,  Montreal, Qc, H2S 3L5",No,No ,N/A,,,,,,,344413,General Goods and Services,,,,
Griffith University,"170 Kessels Road, Nathan Qld 4111",N79 Lvl 5,25/09/2020,26387,Labtek Pty Ltd,"Po Box 5316,  Brendale, Qld, 4500",No,No ,N/A,,,,,,,344439,Building Construction and Maintenance,,,,
Griffith University,"170 Kessels Road, Nathan Qld 4111",Femtosescond Laser ,25/09/2020,37996,Newspec Unit Trust,"330 Glen Osmond Road,  Mrytle Bank, Sa, 5064",No,No ,N/A,,,,,,,344450,General Goods and Services,,,,
Griffith University,"170 Kessels Road, Nathan Qld 4111",N79 Lvl 5 Tuttnauer ,25/09/2020,41791,Paragon Care Group Australia Pty Ltd,"50-54 Clayton Road,  Clayton, Vic, 3168",No,No ,N/A,,,,,,,344468,Building Construction and Maintenance,,,,
Griffith University,"170 Kessels Road, Nathan Qld 4111",Computer Equipment,25/09/2020,11550,Winc Australia Pty Ltd,"Private Bag 16,  Alexandria, Nsw, 1435",No,No ,N/A,,,,,,,344462,Information and Communication Technology,,,,
Griffith University,"170 Kessels Road, Nathan Qld 4111",External Legal Fees,26/09/2020,19038,Mccullough Robertson Lawyers,"Po Box 1855, Brisbane, Qld 4001",No,No ,N/A,,,,,,,1868368,General Goods and Services,,,,
Griffith University,"170 Kessels Road, Nathan Qld 4111",Toxicity Study,28/09/2020,82761,Charles River Laboratories Montreal Ulc,"22022 Transcanadienne,  Senneville, Qc, H9X 3R3",No,No ,N/A,,,,,,,344482,General Goods and Services,,,,
Griffith University,"170 Kessels Road, Nathan Qld 4111",Analytical Scientific Services ,28/09/2020,203500,Gold Coast City Council,"Po Box 5042,  Gold Coast Mail Centre, Qld, 9729",No,No ,N/A,,,,,,,344484,General Goods and Services,,,,
Griffith University,"170 Kessels Road, Nathan Qld 4111",G37 Chiller Plant Magflo Installations,28/09/2020,31203,Precise Air Group P/L,"Po Box 1859,  Springwood, Qld, 4128",No,No ,N/A,,,,,,,344506,Building Construction and Maintenance,,,,
Griffith University,"170 Kessels Road, Nathan Qld 4111",Vehicle Lease,28/09/2020,15379,Summit Auto Lease Australia Pty Ltd,"Po Box 7109,  Silverwater, Nsw, 2128",No,No ,N/A,,,,,,,344486,General Goods and Services,,,,
Griffith University,"170 Kessels Road, Nathan Qld 4111",Bio X 3D Bioprinter,28/09/2020,67181,Thermo Fisher Scientific Australia,"Po Box 9092,  Scoresby, Vic, 3179",No,No ,N/A,,,,,,,344501,General Goods and Services,,,,
Griffith University,"170 Kessels Road, Nathan Qld 4111",Computing Maintenance & Support,28/09/2020,50853,Yell It Group Pty Ltd,"Gpo Box 1033,  Brisbane, Qld, 4001",No,No ,N/A,,,,,,,344489,Information and Communication Technology,,,,
Griffith University,"170 Kessels Road, Nathan Qld 4111",Subscription/licence fees software,28/09/2020,56980,Your Call Pty Ltd,"Po Box 137,  Kew, Vic, 3101",Yes,No ,N/A,,,,,,,C01171,Information and Communication Technology,,,,
Griffith University,"170 Kessels Road, Nathan Qld 4111",Maintenance Service Agreement,29/09/2020,16170,Ge Healthcare Australia Pty Ltd,"32 Phillip Street,  Parramatta, Nsw, 2150",No,No ,N/A,,,,,,,344527,General Goods and Services,,,,
Griffith University,"170 Kessels Road, Nathan Qld 4111",Subscription Jan-Dec 2020,29/09/2020,12027,Igroup (Australasia) Pty Ltd,"Po Box 522, Glen Waverley, Vic 3150",No,No ,N/A,,,,,,,1872019,General Goods and Services,,,,
Griffith University,"170 Kessels Road, Nathan Qld 4111",Media Costs Professional Campaign,29/09/2020,95929,Ikon Communications Pty Ltd,"Level 4, 1 Kent Street,  Millers Points, Nsw, 2000",No,No ,N/A,,,,,,,344536,General Goods and Services,,,,
Griffith University,"170 Kessels Road, Nathan Qld 4111",Radio Open House - August,29/09/2020,23468,Mediacom Australia Pty Ltd,"Level 17, 65 Berry Streetnorth Sydney, Nsw 2060",No,No ,N/A,,,,,,,1872147,General Goods and Services,,,,
Griffith University,"170 Kessels Road, Nathan Qld 4111",Cherwell Service Manager 2020-2021 Maintenance,29/09/2020,175375,Service Quality Pty Ltd,"Unit 2, Building 5, 205-215 Lietchs Road,  Brendale, Qld, 4500",No,No ,N/A,,,,,,,344512,Information and Communication Technology,,,,
Griffith University,"170 Kessels Road, Nathan Qld 4111",R2S Change Leadership Capability Development,29/09/2020,480810,Stratagems Pty. Limited,"Po Box 1040,  Toowong, Qld, 4066",No,No ,N/A,,,,,,,344521,General Goods and Services,,,,
Griffith University,"170 Kessels Road, Nathan Qld 4111",N79 Super Lab 10X Echo 360 Pro Appliances,30/09/2020,49500,Anystream Australia Pty Ltd,"Po Box 7862,  Perth, Wa, 6850",No,No ,N/A,,,,,,,344588,General Goods and Services,,,,
Griffith University,"170 Kessels Road, Nathan Qld 4111",91 August Ielts Tests,30/09/2020,19269,IELTS Australia Pty Ltd,"Gpo Box 2006, Canberra, Act 2601",No,No ,N/A,,,,,,,1868900,General Goods and Services,,,,
Griffith University,"170 Kessels Road, Nathan Qld 4111",Radio 2021 Science Campaign,30/09/2020,55000,Mediacom Australia Pty Ltd,"Gpo Box 1000,  Brisbane, Qld, 4001",No,No ,N/A,,,,,,,344543,General Goods and Services,,,,
Griffith University,"170 Kessels Road, Nathan Qld 4111",Carousel 6 Plus Reaction Station Item # Rr99916,30/09/2020,11593,Scitek Australia Pty Ltd,"Po Box 355,  Milsons Point, Nsw, 1565",No,No ,N/A,,,,,,,344559,General Goods and Services,,,,
Griffith University,"170 Kessels Road, Nathan Qld 4111",Equipment Hire & Tech,30/09/2020,11939,Show Hire Australia,"5/125 Kerry Rd,  Archerfield, Qld, 4108",No,No ,N/A,,,,,,,344593,General Goods and Services,,,,
Griffith University,"170 Kessels Road, Nathan Qld 4111",Scientific Equipment,1/10/2020,35860,Team Rock Anchors Queensland Pty Ltd,"10 Andrew Campbell Drive,  Narangba, Qld, 4504",No,No ,N/A,,,,,,,344616,General Goods and Services,,,,
Griffith University,"170 Kessels Road, Nathan Qld 4111",G39 L3 Masters Refurb,2/10/2020,13396,A1 Building & Property Solutions Pty Ltd,"3 D'Aguilar Road,  The Gap, Qld, 4061",No,No ,N/A,,,,,,,344676,Building Construction and Maintenance,,,,
Griffith University,"170 Kessels Road, Nathan Qld 4111",G42 External Building Clean,2/10/2020,18185,Above & Beyond Rope Access,"1/98 Johnston St,  Southport, Qld, 4215",No,No ,N/A,,,,,,,344650,Building Construction and Maintenance,,,,
Griffith University,"170 Kessels Road, Nathan Qld 4111",S01 Chiller Refurbishment,2/10/2020,1920297,Dewpoint Air,"Po Box 3479,  Newmarket, Qld, 4051",,No ,Open Offer,,,,,,,344639,Building Construction and Maintenance,,,,
Griffith University,"170 Kessels Road, Nathan Qld 4111",Scientific Equipment,2/10/2020,17112,Thermo Fisher Scientific Australia,"Po Box 9092,  Scoresby, Vic, 3179",No,No ,N/A,,,,,,,344673,General Goods and Services,,,,
Griffith University,"170 Kessels Road, Nathan Qld 4111",Field Electrofishing Consulting ,2/10/2020,12683,Tropical River Consulting,"196 Winfield Road,  Lake Eacham, Qld, 4884",No,No ,N/A,,,,,,,344653,General Goods and Services,,,,
Griffith University,"170 Kessels Road, Nathan Qld 4111",Poolcar System Cost To 30 Nov,3/10/2020,12828,Smartrak Aust Pty Ltd,"Level 9, 372 Albert Street, East Melbourne, Vic 3002",No,No ,N/A,,,,,,,1868962,General Goods and Services,,,,
Griffith University,"170 Kessels Road, Nathan Qld 4111",Customer Experience & Microskills Training ,5/10/2020,12100,Oxygen Learning Pty Limited,"Level 4, 30 The Bond, 30 Hickson Road Sydney, Nsw, 2000",No,No ,N/A,,,,,,,344692,General Goods and Services,,,,
Griffith University,"170 Kessels Road, Nathan Qld 4111",University And Higher Education Member Renewal,6/10/2020,55000,Edugrowth Limited,"Po Box 8099,  Armadale, Vic, 3143",No,No ,N/A,,,,,,,344729,General Goods and Services,,,,
Griffith University,"170 Kessels Road, Nathan Qld 4111",Talent Insights,6/10/2020,36850,Linkedin Singapore Pte Ltd,"10 Marina Boulevard, Marina Bay Financial Centre,  018983",No,No ,N/A,,,,,,,1872330,Information and Communication Technology,,,,
Griffith University,"170 Kessels Road, Nathan Qld 4111",Talent Insights 2020-2021 Subscription,6/10/2020,36850,Linkedin Singapore Pte Ltd,"10 Marina Boulevard, Marina Bay Financial Centre , , 018983",No,No ,N/A,,,,,,,344728,Information and Communication Technology,,,,
Griffith University,"170 Kessels Road, Nathan Qld 4111",Thermal Cutaneous Stimulator Ii ,6/10/2020,33330,Qst. Lab,"21 Rue Becquerel, Bat 71 Cnrs Strasbourg, , 67087",No,No ,N/A,,,,,,,344713,General Goods and Services,,,,
Griffith University,"170 Kessels Road, Nathan Qld 4111",Relocation Of Staff,6/10/2020,12100,Sirva Relocation,"490 Freeman Road,  Richlands, Qld, 4077",No,No ,N/A,,,,,,,344711,General Goods and Services,,,,
Griffith University,"170 Kessels Road, Nathan Qld 4111",Body Protected Area Upgrade,6/10/2020,24200,Stantec Australia Pty Ltd,"Ground Floor, 226 Adelaide Terrace,  Perth, Wa, 6000",No,No ,N/A,,,,,,,344717,Building Construction and Maintenance,,,,
Griffith University,"170 Kessels Road, Nathan Qld 4111",G40 Building External Clean,7/10/2020,40100,Above & Beyond Rope Access,"1/98 Johnston St,  Southport, Qld, 4215",No,No ,N/A,,,,,,,344779,Building Construction and Maintenance,,,,
Griffith University,"170 Kessels Road, Nathan Qld 4111",Underbench Ultra Low Freezer ,7/10/2020,10670,Laboratory Equipment Pty Ltd,"Po Box 122,  Marrickville, Nsw, 2204",No,No ,N/A,,,,,,,344744,General Goods and Services,,,,
Griffith University,"170 Kessels Road, Nathan Qld 4111",Medisoft Ergocard Cpx,8/10/2020,127828,Ascencia Pty Ltd,"28 Waverley Park Drive,  Mulgrave, Vic, 3170",No,No ,N/A,,,,,,,344823,General Goods and Services,,,,
Griffith University,"170 Kessels Road, Nathan Qld 4111",24-Bit Bridge Ai Module,8/10/2020,17804,Braemac Pty Ltd,"Po Box 6107,  South Sydney Bc, Nsw, 2015",No,No ,N/A,,,,,,,344826,General Goods and Services,,,,
Griffith University,"170 Kessels Road, Nathan Qld 4111",Computing Maintenance & Support,8/10/2020,77737,Data #3 Limited,"Po Box 551,  Indooroopilly, Qld, 4068",No,No ,N/A,,,,,,,344831,Information and Communication Technology,,,,
Griffith University,"170 Kessels Road, Nathan Qld 4111",Computing Maintenance & Support,8/10/2020,38500,Icad Consultants Pty Ltd,"18 Centurion St,  Bridgeman Downs, Qld, 4035",No,No ,N/A,,,,,,,344825,Information and Communication Technology,,,,
Griffith University,"170 Kessels Road, Nathan Qld 4111",Noggin 2.0 Core 2020-2021 Subscription,8/10/2020,353242,Noggin Pty Ltd,"175 Liverpool Street,  Sydney, Nsw, 2000",Yes,No ,N/A,,,,,,,C01803,Information and Communication Technology,,,,
Griffith University,"170 Kessels Road, Nathan Qld 4111",2019 Grow Bonus - Options Educ,8/10/2020,14300,Options Education Agency Pty Ltd,"Level 3, 118 King William Streetadelaide, Sa 5000",No,No ,N/A,,,,,,,1870478,General Goods and Services,,,,
Griffith University,"170 Kessels Road, Nathan Qld 4111",Laboratory Consumables,8/10/2020,18456,People In Plastic,"1876 Ipswich Road,  Rocklea, Qld, 4106",No,No ,N/A,,,,,,,344820,General Goods and Services,,,,
Griffith University,"170 Kessels Road, Nathan Qld 4111","S08 2.18 Film School, Construction Services Refurbishment ",8/10/2020,100685,Steadfast Projects Pty Ltd,"16 Ferndale Place,  Upper Kedron, Qld, 4055",No,No ,N/A,,,,,,,344822,Building Construction and Maintenance,,,,
Griffith University,"170 Kessels Road, Nathan Qld 4111",Gold Coast Fire Ring Main Upgrade,8/10/2020,10450,Turner & Townsend Pty Ltd,"Level 13, 140 Creek St,  Brisbane, Qld, 4000",No,No ,N/A,,,,,,,344816,Building Construction and Maintenance,,,,
Griffith University,"170 Kessels Road, Nathan Qld 4111",Panel Booth Hire,8/10/2020,11018,Valiant Hire,"16/50 Parker Court,  Pinkenba, Qld, 4008",No,No ,N/A,,,,,,,344847,General Goods and Services,,,,
Griffith University,"170 Kessels Road, Nathan Qld 4111",Demolition Of N14 Enternet Café,9/10/2020,21670,A1 Building & Property Solutions Pty Ltd,"3 D'Aguilar Road,  The Gap, Qld, 4061",No,No ,N/A,,,,,,,344870,Building Construction and Maintenance,,,,
Griffith University,"170 Kessels Road, Nathan Qld 4111",Software Licence,9/10/2020,18058,Gecko Labs Ltd,"116 Dundas Street,  Edinburgh, , Eh3 5Dq",No,No ,N/A,,,,,,,344862,Information and Communication Technology,,,,
Griffith University,"170 Kessels Road, Nathan Qld 4111",Biologicals/Chemicals,9/10/2020,12856,Life Technologies Australia - Use #72199,"30-32 Compark Circuits,  Mulgrave, Vic, 3170",No,No ,N/A,,,,,,,344863,General Goods and Services,,,,
Griffith University,"170 Kessels Road, Nathan Qld 4111",Safety Culture Improvement Project,9/10/2020,16238,Quattor P,Netherlands,No,No ,N/A,,,,,,,344873,Information and Communication Technology,,,,
Griffith University,"170 Kessels Road, Nathan Qld 4111",Infrastructure Services: 01/10,10/10/2020,48194,Aarnet,"Gpo Box 1559, Canberra, Act 2601",No,No ,N/A,,,,,,,1871234,Information and Communication Technology,,,,
Griffith University,"170 Kessels Road, Nathan Qld 4111",Closed Captioning Of Vides And Live Webinars,10/10/2020,18637,Access Innovation Media Pty Ltd,"Level 1, 103 Miller Street North Sydney, Nsw, 2060",No,No ,N/A,,,,,,,344890,General Goods and Services,,,,
Griffith University,"170 Kessels Road, Nathan Qld 4111",Fuq'S Video Production,10/10/2020,14560,Traffic Film & Video Production,"332 Montague Road,  West End, Qld, 4101",No,No ,N/A,,,,,,,344889,General Goods and Services,,,,
Griffith University,"170 Kessels Road, Nathan Qld 4111",Panel Booth Hire,10/10/2020,10699,Valiant Hire,"16/50 Parker Court,  Pinkenba, Qld, 4008",No,No ,N/A,,,,,,,344881,General Goods and Services,,,,
Griffith University,"170 Kessels Road, Nathan Qld 4111",Agency Fees - Search For Vice,11/10/2020,16500,Odgers Berndtson,"Level 2, 2 Bulletin Placesydney, Nsw 2000",No,No ,N/A,,,,,,,1870260,General Goods and Services,,,,
Griffith University,"170 Kessels Road, Nathan Qld 4111",Alice Pdx Core Kit,12/10/2020,13280,Cpap Direct,"Po Box 1407,  Buderim, Qld, 4556",No,No ,N/A,,,,,,,344901,General Goods and Services,,,,
Griffith University,"170 Kessels Road, Nathan Qld 4111",Artistic Trip In New Caledonia,12/10/2020,21201,Universite De La Nouvelle-Caledonie,"Bp R4 98851, Noumea Cedex,  ",No,No ,N/A,,,,,,,1873801,General Goods and Services,,,,
Griffith University,"170 Kessels Road, Nathan Qld 4111",Sewer Pit Repairs,13/10/2020,17853,Descab Pty Ltd T/A Qld Multi Trades,"34 Hindes Street,  Lota, Qld, 4178",No,No ,N/A,,,,,,,344966,Building Construction and Maintenance,,,,
Griffith University,"170 Kessels Road, Nathan Qld 4111",G33 L2 Device Replacement ,13/10/2020,18356,Dylmount Pty Ltd,"Po Box 57,  Albion, Qld, 4010",No,No ,N/A,,,,,,,344975,Building Construction and Maintenance,,,,
Griffith University,"170 Kessels Road, Nathan Qld 4111",G33 Detection Device Replacement,13/10/2020,14347,Dylmount Pty Ltd,"Po Box 57,  Albion, Qld, 4010",No,No ,N/A,,,,,,,344976,Building Construction and Maintenance,,,,
Griffith University,"170 Kessels Road, Nathan Qld 4111",Pedestrian Maintenance ,13/10/2020,12568,Logical Line Marking,"18 Ferguson Street,  Underwood, Qld, 4119",No,No ,N/A,,,,,,,344969,Building Construction and Maintenance,,,,
Griffith University,"170 Kessels Road, Nathan Qld 4111",Bench Top Autoclave,13/10/2020,37840,Paragon Care Group Australia Pty Ltd,"50-54 Clayton Road,  Clayton, Vic, 3168",No,No ,N/A,,,,,,,344980,General Goods and Services,,,,
Griffith University,"170 Kessels Road, Nathan Qld 4111",S07 Chilled Water Connection,13/10/2020,280162,Premis Solutions Pty Ltd,"Po Box 114,  Toowong, Qld, 4066",No,No ,N/A,,,,,,,344973,Building Construction and Maintenance,,,,
Griffith University,"170 Kessels Road, Nathan Qld 4111",Subscription 30/12/2020 - 29/12/2021,14/10/2020,31874,Australian Medicines Handbook Pty Ltd,"Po Box 240, Rundle Malladelaide, Sa 5000",No,No ,N/A,,,,,,,1872018,General Goods and Services,,,,
Griffith University,"170 Kessels Road, Nathan Qld 4111",Nvidia Telsa V100 32Gb For Hpe,14/10/2020,12925,Hewlett-Packard Australia Pty Ltd,"P O Box 221,  Blackburn, Vic, 3130",No,No ,N/A,,,,,,,345011,Information and Communication Technology,,,,
Griffith University,"170 Kessels Road, Nathan Qld 4111",N44 Gas Store Upgrade,14/10/2020,116562,Quadric Pty Ltd,"31 Barry Parade,  Fortitude Valley, Qld, 4107",No,No ,N/A,,,,,,,345008,Building Construction and Maintenance,,,,
Griffith University,"170 Kessels Road, Nathan Qld 4111",Goanna Lounge Furniture Removal & Flooring,15/10/2020,16968,Amalgamated Property Maint. Brisbane P/L,"Po Box 249,  Rochedale South, Qld, 4123",No,No ,N/A,,,,,,,345063,Building Construction and Maintenance,,,,
Griffith University,"170 Kessels Road, Nathan Qld 4111","N45 Tech Annexe, Feasibility Study",15/10/2020,10670,Conrad Gargett Group,"Level 26, 240 Queen Street Brisbane, Qld, 4000",No,No ,N/A,,,,,,,345097,General Goods and Services,,,,
Griffith University,"170 Kessels Road, Nathan Qld 4111",Adaudit Plus Professional 2020-2021 Subscription,15/10/2020,26093,Datacom Systems (Au) Pty Ltd,"1 Julius Avenue,,  North Ryde, Nsw, 2113",No,No ,N/A,,,,,,,345082,Information and Communication Technology,,,,
Griffith University,"170 Kessels Road, Nathan Qld 4111",Scientific Services - 25 Augus,15/10/2020,11437,Gold Coast City Council,"Po Box 5042, Gold Coast Mail Centre, Qld 9729",No,No ,N/A,,,,,,,1870270,General Goods and Services,,,,
Griffith University,"170 Kessels Road, Nathan Qld 4111",Appointment Fees,15/10/2020,22000,Insight Management Consultants P/L,"Level 7, 230 Collins Street, Melbourne, Vic 3000",No,No ,N/A,,,,,,,1874451,General Goods and Services,,,,
Griffith University,"170 Kessels Road, Nathan Qld 4111",Milli-Q® Iq 7000 Purification System,15/10/2020,20497,Merck Pty Ltd,"Ground Floor, Building 1, 885 Mountain Highway Bayswater, Vic, 3153",No,No ,N/A,,,,,,,345066,General Goods and Services,,,,
Griffith University,"170 Kessels Road, Nathan Qld 4111",T2 2020 Lead Referrals Commission,15/10/2020,337150,Open Universities Australia,"Level 1/473 Bourke St, Melbourne, Vic 3000",No,No ,N/A,,,,,,,1873699,General Goods and Services,,,,
Griffith University,"170 Kessels Road, Nathan Qld 4111",Telecommunications Expenditure,15/10/2020,155720,TPG Network Pty Ltd,"Gpo Box 3641, Sydney, Nsw 2001",No,No ,N/A,,,,,,,1873822,Information and Communication Technology,,,,
Griffith University,"170 Kessels Road, Nathan Qld 4111",G40 Psychology Clinic (13 Rooms),15/10/2020,57278,Videopro Pty Ltd,"37 Eagleview Place,  Eagle Farm, Qld, 4009",No,No ,N/A,,,,,,,345076,Building Construction and Maintenance,,,,
Griffith University,"170 Kessels Road, Nathan Qld 4111",Indigovision System M24 Pyschology Clinic (13 Rooms),15/10/2020,57278,Videopro Pty Ltd,"37 Eagleview Place,  Eagle Farm, Qld, 4009",No,No ,N/A,,,,,,,345077,General Goods and Services,,,,
Griffith University,"170 Kessels Road, Nathan Qld 4111",Indigovision System G40 Allied Health (9 Rooms),15/10/2020,41895,Videopro Pty Ltd,"37 Eagleview Place,  Eagle Farm, Qld, 4009",No,No ,N/A,,,,,,,345078,General Goods and Services,,,,
Griffith University,"170 Kessels Road, Nathan Qld 4111",Furniture,15/10/2020,78012,Zekia Pty Ltd T/A Offiscape,"Po Box 990,  Fortitude Valley, Qld, 4006",No,No ,N/A,,,,,,,345061,General Goods and Services,,,,
Griffith University,"170 Kessels Road, Nathan Qld 4111",N34 Concrete Slab Repairs ,16/10/2020,70753,Dapcor Qld Pty Ltd,"Level 3, 164 Grey Street,  South Brisbane, Qld, 4101",No,No ,N/A,,,,,,,345134,Building Construction and Maintenance,,,,
Griffith University,"170 Kessels Road, Nathan Qld 4111",Azure August 2020 Subscripion,16/10/2020,24431,Data #3 Limited,"Po Box 551,  Indooroopilly, Qld, 4068",No,No ,N/A,,,,,,,345122,Information and Communication Technology,,,,
Griffith University,"170 Kessels Road, Nathan Qld 4111",Data Migration Services,16/10/2020,194040,Emc Global Holdings Company,"207 Pacific Highway,  St Leonards, Nsw, 2065",No,No ,N/A,,,,,,,345138,General Goods and Services,,,,
Griffith University,"170 Kessels Road, Nathan Qld 4111",Nikon Ts2 Inverted With Phase And Fluorescence,16/10/2020,29150,Scope Scientific,"Po Box 2131,  Kelvin Grove, Qld, 4059",No,No ,N/A,,,,,,,345139,General Goods and Services,,,,
Griffith University,"170 Kessels Road, Nathan Qld 4111",N34-N74 Compressor Upgrade,16/10/2020,147715,Snowdonia Airconditioning Pty Ltd,"Po Box 1116,  North Lakes, Qld, 4509",No,No ,N/A,,,,,,,345133,Building Construction and Maintenance,,,,
Griffith University,"170 Kessels Road, Nathan Qld 4111",L08 Door Installation And Associated Works,16/10/2020,10790,Steadfast Projects Pty Ltd,"16 Ferndale Place,  Upper Kedron, Qld, 4055",No,No ,N/A,,,,,,,345163,Building Construction and Maintenance,,,,
Griffith University,"170 Kessels Road, Nathan Qld 4111",Town Planning Services,16/10/2020,93500,Urbis Pty Ltd,"Level 32, 300 George Street,  Brisbane, Qld, 4000",No,No ,N/A,,,,,,,345140,General Goods and Services,,,,
Griffith University,"170 Kessels Road, Nathan Qld 4111",Software Licences & Support,16/10/2020,5423553,Wallis Nominees (Computing) Pty. Ltd.,"Level 4, 500 Collins Street,  Melbourne, Vic, 3000",Yes,No ,Open Offer,,,,,,,4687,Information and Communication Technology,C01786,,,
Griffith University,"170 Kessels Road, Nathan Qld 4111",Drawbridge Hoist Installation,17/10/2020,13399,SSE Specialised Stage Engineering P/L,"17 Chetwynd Street, Loganholme, Qld 4129",No,No ,N/A,,,,,,,1873784,General Goods and Services,,,,
Griffith University,"170 Kessels Road, Nathan Qld 4111",Pharmibridge Rct Professional Services,19/10/2020,23100,Guildlink Pty Limited,"Gpo Box 3338,  Sydney, Nsw, 2001",No,No ,N/A,,,,,,,345180,Information and Communication Technology,,,,
Griffith University,"170 Kessels Road, Nathan Qld 4111",Fencing & Gating,19/10/2020,63954,Hills Fencing Pty Ltd,"8 Rowland Street,  Slacks Creek, Qld, 4127",No,No ,N/A,,,,,,,345217,Building Construction and Maintenance,,,,
Griffith University,"170 Kessels Road, Nathan Qld 4111",Music Equipment,19/10/2020,12295,Orchestral Supplies Australia Pty Limite,"Po Box 622,  Berwick, Vic, 3806",No,No ,N/A,,,,,,,345207,General Goods and Services,,,,
Griffith University,"170 Kessels Road, Nathan Qld 4111",S01 Lift 3 Upgrade ,19/10/2020,83853,Otis Elevator Co Pty Ltd,"Po Box 1036,  Brisbane, Qld, 4001",No,No ,N/A,,,,,,,345200,Building Construction and Maintenance,,,,
Griffith University,"170 Kessels Road, Nathan Qld 4111",Planning And Design Gumurrii Gc,20/10/2020,12197,Borhan Ghofrani,"U 2, 27 Florence Street,  Teneriffe, Qld, 4005",No,No ,N/A,,,,,,,345255,Building Construction and Maintenance,,,,
Griffith University,"170 Kessels Road, Nathan Qld 4111",Spss Site 2020-2021 Subscription,20/10/2020,466779,Hearne Scientific Software,"Suite 3/200 Toorak Road,  South Yarra, Vic, 3141",No,No ,N/A,,,,,,,345243 358670 370609,Information and Communication Technology,C01811,,,
Griffith University,"170 Kessels Road, Nathan Qld 4111",Medrio 2020-2021 Subscription,20/10/2020,100092,"Medrio, Inc.","Suite 325, 345 California Street San Francisco, Ca, 94104",Yes,No ,N/A,,,,,,,345232 357726 370205,Information and Communication Technology,C01802,,,
Griffith University,"170 Kessels Road, Nathan Qld 4111",Mobile Campus Bundle 2020-2021 Renewal,20/10/2020,42509,Modo Labs Inc,"100 Cambridgepark Drive, Suite 200 Cambridge, Ma, 02140",No,No ,N/A,,,,,,,345233,Information and Communication Technology,,,,
Griffith University,"170 Kessels Road, Nathan Qld 4111",Relocation Of Staff,20/10/2020,13475,Sirva Relocation,"490 Freeman Road,  Richlands, Qld, 4077",No,No ,N/A,,,,,,,345244,General Goods and Services,,,,
Griffith University,"170 Kessels Road, Nathan Qld 4111",Read & Write 2020-2021 Subscription,20/10/2020,16500,Texthelp Pty Ltd,"Suite 4.05, 433 Logan Road Stones Corner, Qld, 4120",No,No ,N/A,,,,,,,345234,Information and Communication Technology,,,,
Griffith University,"170 Kessels Road, Nathan Qld 4111","N79 New Academic Building, Anchor Point Testing ",21/10/2020,11809,Advanced Materials Testing Services Pty,"3/627 Boundary Rd,  Archerfield, Qld, 4108",No,No ,N/A,,,,,,,345311,Building Construction and Maintenance,,,,
Griffith University,"170 Kessels Road, Nathan Qld 4111","Learn, Analytics And Collaborate 2020-2021 Subscription",21/10/2020,1166911,Blackboard International Bv,"Paleisstraat 1-5,  Amsterdam, , 1012",,No ,Limited Offer,,,,,,,345306,Information and Communication Technology,,,,
Griffith University,"170 Kessels Road, Nathan Qld 4111",Consultancy,21/10/2020,49500,Brandwood Ckc Pty Ltd,"Level 8, 1 Chandos Street St Leonards, Nsw, 2065",No,No ,N/A,,,,,,,345308,General Goods and Services,,,,
Griffith University,"170 Kessels Road, Nathan Qld 4111",Teammate 2020-2021 Subscription/Maintenance,21/10/2020,22158,Cch Australia Ltd,"Gpo Box 4069,  Sydney, Nsw, 2001",No,No ,N/A,,,,,,,345303,Information and Communication Technology,,,,
Griffith University,"170 Kessels Road, Nathan Qld 4111",S01 Lift 1 Replacement,21/10/2020,425043,Otis Elevator Co Pty Ltd,"Po Box 1036,  Brisbane, Qld, 4001",No,No ,N/A,,,,,,,345291,Building Construction and Maintenance,,,,
Griffith University,"170 Kessels Road, Nathan Qld 4111",Relocation Of Staff,21/10/2020,13750,Sirva Relocation,"490 Freeman Road,  Richlands, Qld, 4077",No,No ,N/A,,,,,,,345298,General Goods and Services,,,,
Griffith University,"170 Kessels Road, Nathan Qld 4111",Software Licence,22/10/2020,52108,Atmire Nv,Belgium,Yes,No ,N/A,,,,,,,C00891,Information and Communication Technology,,,,
Griffith University,"170 Kessels Road, Nathan Qld 4111","Iplex Gold, Massarray",22/10/2020,13686,Australian Genome Research Facility Ltd,"Level 5 Gehrmann Laboratories, Research Road St Lucia, Qld, 4072",No,No ,N/A,,,,,,,345377,General Goods and Services,,,,
Griffith University,"170 Kessels Road, Nathan Qld 4111",Integral Technology Solutions,22/10/2020,58575,Integral Technology Solutions Pty Ltd,"Level 2, 201 Leichardt Street,  Spring Hill, Qld, 4000",No,No ,N/A,,,,,,,345350,General Goods and Services,,,,
Griffith University,"170 Kessels Road, Nathan Qld 4111",Controller Upgrade,22/10/2020,20328,Securcom Pty Ltd,"Unit 79, 193 South Pine Road Brendale, Qld, 4500",No,No ,N/A,,,,,,,345359,Building Construction and Maintenance,,,,
Griffith University,"170 Kessels Road, Nathan Qld 4111",G00 Audio Video To G14 Outdoor Amphitheatre,22/10/2020,96065,Videopro Pty Ltd,"37 Eagleview Place,  Eagle Farm, Qld, 4009",No,No ,N/A,,,,,,,345372,General Goods and Services,,,,
Griffith University,"170 Kessels Road, Nathan Qld 4111",Sharegate For Nintex 2020-2021 Subscription,23/10/2020,13629,Data #3 Limited,"Po Box 551,  Indooroopilly, Qld, 4068",No,No ,N/A,,,,,,,345404,Information and Communication Technology,,,,
Griffith University,"170 Kessels Road, Nathan Qld 4111",Subscription Jan-Dec 2021,23/10/2020,10987,Ebsco International Inc,"Subscription Services, Attn John Siweknorth Sydney, Nsw 2060",No,No ,N/A,,,,,,,1875306,General Goods and Services,,,,
Griffith University,"170 Kessels Road, Nathan Qld 4111",Bomgar Cloud 2020-2021 Subscription,23/10/2020,75012,Identity Solutions Australia Pty Ltd,"Suite 1409, 401 Docklands Drive,  Docklands, Vic, 3008",No,No ,N/A,,,,,,,345403,Information and Communication Technology,,,,
Griffith University,"170 Kessels Road, Nathan Qld 4111",Subscription Jan-Dec 2021,25/10/2020,30800,Cengage Learning Australia Pty Ltd,"Level 7, 80 Dorcas Streetsouth Melbourne, Vic 3205",No,No ,N/A,,,,,,,1872434,General Goods and Services,,,,
Griffith University,"170 Kessels Road, Nathan Qld 4111",Patent Application,25/10/2020,22676,Eagar & Associates Pty Ltd,"Po Box 1499, Oxenford, Qld 4210",No,No ,N/A,,,,,,,1873919,General Goods and Services,,,,
Griffith University,"170 Kessels Road, Nathan Qld 4111",Scientific Services ,25/10/2020,11442,Gold Coast City Council,"Po Box 5042, Gold Coast Mail Centre, Qld 9729",No,No ,N/A,,,,,,,1872095,General Goods and Services,,,,
Griffith University,"170 Kessels Road, Nathan Qld 4111",Surface Storm Drains ,26/10/2020,10560,Descab Pty Ltd T/A Qld Multi Trades,"34 Hindes Street,  Lota, Qld, 4178",No,No ,N/A,,,,,,,345465,Building Construction and Maintenance,,,,
Griffith University,"170 Kessels Road, Nathan Qld 4111",Log Fire Hydrant And Hose Additions,27/10/2020,10758,Chilton Woodward & Associates,"Po Box 90,  Albion Bc, Qld, 4010",No,No ,N/A,,,,,,,345504,building Construction and Maintenance,,,,
Griffith University,"170 Kessels Road, Nathan Qld 4111",New Suction Line To Irrigation Plant,27/10/2020,15268,Descab Pty Ltd T/A Qld Multi Trades,"34 Hindes Street,  Lota, Qld, 4178",No,No ,N/A,,,,,,,345486,Building Construction and Maintenance,,,,
Griffith University,"170 Kessels Road, Nathan Qld 4111",Wn54 Shade Sail Restoration,27/10/2020,12089,Descab Pty Ltd T/A Qld Multi Trades,"34 Hindes Street,  Lota, Qld, 4178",No,No ,N/A,,,,,,,345487,Building Construction and Maintenance,,,,
Griffith University,"170 Kessels Road, Nathan Qld 4111",Electrical Supplies ,27/10/2020,21951,Haymans Electrical Pty Ltd,"593 Boundary Street,  Archerfield, Qld, 4108",No,No ,N/A,,,,,,,345507,Building Construction and Maintenance,,,,
Griffith University,"170 Kessels Road, Nathan Qld 4111",Scanx Duo  ,27/10/2020,10890,Henry Schein Regional Trust,"Po Box 3593,  South Brisbane, Qld, 4101",No,No ,N/A,,,,,,,345493,General Goods and Services,,,,
Griffith University,"170 Kessels Road, Nathan Qld 4111",Subscription Jan-Dec 2021,27/10/2020,11639,Igroup (Australasia) Pty Ltd,"Po Box 522, Glen Waverley, Vic 3150",No,No ,N/A,,,,,,,1875694,General Goods and Services,,,,
Griffith University,"170 Kessels Road, Nathan Qld 4111",Subscription Jan-Dec 2021,27/10/2020,10529,Myjove Australia Inc,"One Alewife Center, Suite #200, Cambridge, Ma 02140",No,No ,N/A,,,,,,,1875747,General Goods and Services,,,,
Griffith University,"170 Kessels Road, Nathan Qld 4111",Chiller Wells,27/10/2020,11900,Precise Air Group P/L,"Po Box 1859,  Springwood, Qld, 4128",No,No ,N/A,,,,,,,345511,Building Construction and Maintenance,,,,
Griffith University,"170 Kessels Road, Nathan Qld 4111",2019 Grow Bonus ,27/10/2020,22420,Sonya International Education Centre P/L,"Level 5, 155 Queen Streetmelbourne, Vic 3000",No,No ,N/A,,,,,,,1876038,General Goods and Services,,,,
Griffith University,"170 Kessels Road, Nathan Qld 4111",Subscription Nov 2020 - Oct 2021,27/10/2020,13042,Therapeutic Research Centre,"3120 W March Lane, Stockton, Ca 95219",No,No ,N/A,,,,,,,1875855,General Goods and Services,,,,
Griffith University,"170 Kessels Road, Nathan Qld 4111", Aug Test Provision,28/10/2020,19942,Acer - Aust Council For Edu Research Ltd,"Private Bag 55, Camberwell, Vic 3124",No,No ,N/A,,,,,,,1874136,General Goods and Services,,,,
Griffith University,"170 Kessels Road, Nathan Qld 4111",Laboratory Consumables,28/10/2020,18579,Capella Science Pty Limited,"Po Box 554,  Jannali, Nsw, 2226",No,No ,N/A,,,,,,,345536,General Goods and Services,,,,
Griffith University,"170 Kessels Road, Nathan Qld 4111",Repair Edwards Turbo ,28/10/2020,12000,Edwards Vacuum Australia,"9/53-57 Link Dr,  Yatala, Qld, 4207",No,No ,N/A,,,,,,,345544,General Goods and Services,,,,
Griffith University,"170 Kessels Road, Nathan Qld 4111",Computing Maintenance & Support,28/10/2020,62987,Enghouse Australia Pty Ltd,"Level 6, 606 St Kilda Road Melbourne, Vic, 3004",No,No ,N/A,,,,,,,345531,Information and Communication Technology,,,,
Griffith University,"170 Kessels Road, Nathan Qld 4111",Computing Maintenance & Support,28/10/2020,11850,Greenhills Media Pty Ltd,"Po Box 81,  Briar Hill, Vic, 3088",No,No ,N/A,,,,,,,345527,Information and Communication Technology,,,,
Griffith University,"170 Kessels Road, Nathan Qld 4111",Books Subscription Jan-Dec 2020,28/10/2020,38275,Net Read Pty Ltd,"Po Box 1221, Indooroopilly, Qld 4068",No,No ,N/A,,,,,,,1872384,General Goods and Services,,,,
Griffith University,"170 Kessels Road, Nathan Qld 4111",Mobile For September 2020,28/10/2020,57845,Optus Communications,"Gpo Box 3972, Sydney, Nsw 1119",No,No ,N/A,,,,,,,1876266,General Goods and Services,,,,
Griffith University,"170 Kessels Road, Nathan Qld 4111",Development On-Line Assessment,28/10/2020,55000,Redenlab Pty. Ltd.,"669/585 Little Collins Street, Melbourne, Vic 3000",No,No ,N/A,,,,,,,1873585 354313 1972820,Information and Communication Technology,,,,
Griffith University,"170 Kessels Road, Nathan Qld 4111",Shock Wave Aeration ,28/10/2020,10186,Sports Turf Operations Pty Ltd,"2125 Beaudesert-Beenleigh Road,  Tamborine, Qld, 4270",No,No ,N/A,,,,,,,345541,Building Construction and Maintenance,,,,
Griffith University,"170 Kessels Road, Nathan Qld 4111",G42 External Building Clean,29/10/2020,20004,Above & Beyond Rope Access Pty Ltd,"1/48 Bundall Rd,  Bundall, Qld, 4217",No,No ,N/A,,,,,,,345573,Building Construction and Maintenance,,,,
Griffith University,"170 Kessels Road, Nathan Qld 4111",Computing Maintenance & Support,29/10/2020,13035,Greenhills Media Pty Ltd,"Po Box 81,  Briar Hill, Vic, 3088",No,No ,N/A,,,,,,,345574,Information and Communication Technology,,,,
Griffith University,"170 Kessels Road, Nathan Qld 4111",Carpet Stock,29/10/2020,21560,Milliken Australia Pty Ltd,"P O Box 555,  Wentworthville, Nsw, 2145",No,No ,N/A,,,,,,,345603,Building Construction and Maintenance,,,,
Griffith University,"170 Kessels Road, Nathan Qld 4111",Software Licence Fees,29/10/2020,38763,Motio Play Pty Ltd,"Suite 6, Manly, NSW  2095",Yes,No,n/a,,,,,,,350880 361643 376326,Information and Communication Technology,,,,
Griffith University,"170 Kessels Road, Nathan Qld 4111",Csm Co-Term 2020-2021 Subscription,29/10/2020,50705,Service Quality Pty Ltd,"Unit 2, Building 5, 205-215 Lietchs Road,  Brendale, Qld, 4500",No,No ,N/A,,,,,,,345618,Information and Communication Technology,,,,
Griffith University,"170 Kessels Road, Nathan Qld 4111",Openlab Cds Chemstation Ed,30/10/2020,72720,Agilent Technologies Australia Pty Ltd,"679 Springvale Road,  Mulgrave, Vic, 3170",No,No ,N/A,,,,,,,345627,General Goods and Services,,,,
Griffith University,"170 Kessels Road, Nathan Qld 4111",Subscription Jan-Dec 2021,30/10/2020,27724,American Society Of Civil Engineers,"Asce Subscription Orders, Po Box 79162Baltimore, Md 21279-0162",No,No ,N/A,,,,,,,1876159,General Goods and Services,,,,
Griffith University,"170 Kessels Road, Nathan Qld 4111",Subscription Jan-Dec 2021,30/10/2020,17986,Ebsco International Inc,"Subscription Services, Attn John Siweknorth Sydney, Nsw 2060",No,No ,N/A,,,,,,,1874054,General Goods and Services,,,,
Griffith University,"170 Kessels Road, Nathan Qld 4111",Subscription Jan-Dec 2021,30/10/2020,35030,Ebsco International Inc,"Subscription Services, Attn John Siweknorth Sydney, Nsw 2060",No,No ,N/A,,,,,,,1875849,General Goods and Services,,,,
Griffith University,"170 Kessels Road, Nathan Qld 4111",2021 Markering Plan Support,30/10/2020,13173,Edu Danmark Aps,"Nikolaj Plads 26, 2Nd Floor, Copenhagen,  Dk1067",No,No ,N/A,,,,,,,1876166,General Goods and Services,,,,
Griffith University,"170 Kessels Road, Nathan Qld 4111",108 Sep Ielts Tests,30/10/2020,22869,IELTS Australia Pty Ltd,"Gpo Box 2006, Canberra, Act 2601",No,No ,N/A,,,,,,,1875357,General Goods and Services,,,,
Griffith University,"170 Kessels Road, Nathan Qld 4111",Subscription Jan-Dec 2021,30/10/2020,20887,Igroup (Australasia) Pty Ltd,"Po Box 522, Glen Waverley, Vic 3150",No,No ,N/A,,,,,,,1876156,General Goods and Services,,,,
Griffith University,"170 Kessels Road, Nathan Qld 4111",Subscription Jan-Dec 2021,30/10/2020,26084,Ovid Technologies Inc.,"100 River Ridge Drive, Norwood, Ma 02062",No,No ,N/A,,,,,,,1876160,General Goods and Services,,,,
Griffith University,"170 Kessels Road, Nathan Qld 4111",Patent Application,30/10/2020,11601,Spruson & Ferguson Pty Limited,"Gpo Box 3898, Sydney, Nsw 2001",No,No ,N/A,,,,,,,1874083,General Goods and Services,,,,
Griffith University,"170 Kessels Road, Nathan Qld 4111",S01 Works,2/11/2020,13457,A1 Building & Property Solutions Pty Ltd,"3 D'Aguilar Road,  The Gap, Qld, 4061",No,No ,N/A,,,,,,,345685,Building Construction and Maintenance,,,,
Griffith University,"170 Kessels Road, Nathan Qld 4111",Mastbiochem Mmnd Wo Etext Dig Ge,2/11/2020,51233,Pearson Australia Group Pty Ltd,"Suite 1001 Level 10, 151 Castlereagh Street, Sydney, Nsw, 2000",No,No ,N/A,,,,,,,345670,Information and Communication Technology,,,,
Griffith University,"170 Kessels Road, Nathan Qld 4111",2021 Eps Summit Support/Speaker,2/11/2020,11000,People Of Influence,"Po Box 702,  Mosman, Nsw, 2088",No,No ,N/A,,,,,,,345704,General Goods and Services,,,,
Griffith University,"170 Kessels Road, Nathan Qld 4111",Subscription Jan-Dec 2021,3/11/2020,42435,China Academic Journals (Cd Edition),"Building A2, Dongsheng Science Park, 66 Xixiaokou St,Beijing,  100192",No,No ,N/A,,,,,,,1876832,General Goods and Services,,,,
Griffith University,"170 Kessels Road, Nathan Qld 4111",Adobe Sign 2020-2021 Subscription,3/11/2020,1597497,Insight Enterprises Australia Pty Ltd,"Locked Bag 3333,  Brookevale, Nsw, 2100",,No ,Limited Offer,,,,,,,345725 359578,Information and Communication Technology,C01823,,,
Griffith University,"170 Kessels Road, Nathan Qld 4111",S08 Rectify Stormwater Issue,4/11/2020,16188,A1 Building & Property Solutions Pty Ltd,"3 D'Aguilar Road,  The Gap, Qld, 4061",No,No ,N/A,,,,,,,345793,Building Construction and Maintenance,,,,
Griffith University,"170 Kessels Road, Nathan Qld 4111",Global Membership / Accreditation,4/11/2020,10920,Advance He,"Innovation Way, York Science Park York, , Yo10 5Br",No,No ,N/A,,,,,,,345764,General Goods and Services,,,,
Griffith University,"170 Kessels Road, Nathan Qld 4111",N75 Air Flow Warning System,4/11/2020,13946,Crisp Power & Control Pty Ltd,"Po Box 787,  Archerfield, Qld, 4108",No,No ,N/A,,,,,,,345761,Building Construction and Maintenance,,,,
Griffith University,"170 Kessels Road, Nathan Qld 4111",Vehicle Purchase,4/11/2020,78080,Grand Motors,"Po Box 7834, Gold Coast Mail Ctr Gold Coast, Qld, 9726",No,No ,N/A,,,,,,,345792,General Goods and Services,,,,
Griffith University,"170 Kessels Road, Nathan Qld 4111",Consultancy,4/11/2020,14025,Leaderwise Pty Ltd,"51 Winsome Road,  Salisbury, Qld, 4107",No,No ,N/A,,,,,,,345762,General Goods and Services,,,,
Griffith University,"170 Kessels Road, Nathan Qld 4111","Irrigation Upgrade N79 & N54, Qca ",5/11/2020,10213,Aquatrax Pty Ltd T/A Team Irrigation Sol,"Po Box 200,  Capalaba, Qld, 4157",No,No ,N/A,,,,,,,345835,Building Construction and Maintenance,,,,
Griffith University,"170 Kessels Road, Nathan Qld 4111",Additional Warranty (12 Months),5/11/2020,19315,Cellink Ab,"Arvid Wallgrens Backe 20,  Gothenburg, , 41346",No,No ,N/A,,,,,,,345804,General Goods and Services,,,,
Griffith University,"170 Kessels Road, Nathan Qld 4111",Isilon Deduplication Software,5/11/2020,31240,Emc Global Holdings Company,"207 Pacific Highway,  St Leonards, Nsw, 2065",No,No ,N/A,,,,,,,345802,Information and Communication Technology,,,,
Griffith University,"170 Kessels Road, Nathan Qld 4111",Trimester 2 2020 Commission,5/11/2020,311218,IDP Education Pty Ltd,"Level 8, 535 Bourke Streetmelbourne, Vic 3000",No,No ,N/A,,,,,,,1877827,General Goods and Services,,,,
Griffith University,"170 Kessels Road, Nathan Qld 4111",Szx10 Microscope And Dp74 Camera,5/11/2020,16500,Olympus Australia Pty Ltd,"Po Box 985,  Mt Waverley, Vic, 3149",No,No ,N/A,,,,,,,345813,General Goods and Services,,,,
Griffith University,"170 Kessels Road, Nathan Qld 4111",Tp5/2020 Commission,5/11/2020,655222,Pearson Australia Group Pty Ltd,"Suite 1001 Level 10, 151 Castlereagh Street,Sydney, Nsw 2000",,No ,Limited Offer,,,,,,,1874747,General Goods and Services,,,,
Griffith University,"170 Kessels Road, Nathan Qld 4111",Sample Processing,5/11/2020,14716,Sonic Healthcare Limited,"14 Giffnock Avenue, Macquarie Park, Nsw 2113",No,No ,N/A,,,,,,,1874066,General Goods and Services,,,,
Griffith University,"170 Kessels Road, Nathan Qld 4111",Testamur Folders,5/11/2020,14630,Vrc Printing Pty Ltd,"Cnr. Clarence & Morley St,  Coorparoo, Qld, 4151",No,No ,N/A,,,,,,,345828,General Goods and Services,,,,
Griffith University,"170 Kessels Road, Nathan Qld 4111",Subscription Jan-Dec 2021,6/11/2020,39197,BMJ Publishing Group Ltd,"Po Box 273, London,  Wc1H 9Bp",No,No ,N/A,,,,,,,1874077,General Goods and Services,,,,
Griffith University,"170 Kessels Road, Nathan Qld 4111",Computing Maintenance & Support,6/11/2020,72385,The Mathworks Australia Pty Ltd,"Level 5 Tower 1, 495 Victoria Avenue Chatswood, Nsw, 2067",Yes,No ,N/A,,,,,,,C00105,Information and Communication Technology,,,,
Griffith University,"170 Kessels Road, Nathan Qld 4111",Workshops And Review Of Grant Applications,6/11/2020,39600,The Trustee For Granted Group Unit Trust,"Suite 1.06A, 269 Centre Road Bentleigh, Vic, 3204",No,No ,N/A,,,,,,,345856,General Goods and Services,,,,
Griffith University,"170 Kessels Road, Nathan Qld 4111",Artist Fees,6/11/2020,370700,The Trustee For Liam Hardy Family Trust,"9 Moray Court,  Benowa, Qld, 4217",No,No ,N/A,,,,,,,345854,General Goods and Services,,,,
Griffith University,"170 Kessels Road, Nathan Qld 4111",S01 Doors And Walls Acoustic,9/11/2020,18985,A1 Building & Property Solutions Pty Ltd,"3 D'Aguilar Road,  The Gap, Qld, 4061",No,No ,N/A,,,,,,,345898,Building Construction and Maintenance,,,,
Griffith University,"170 Kessels Road, Nathan Qld 4111",S01 Acoustic Door Install,9/11/2020,12137,A1 Building & Property Solutions Pty Ltd,"3 D'Aguilar Road,  The Gap, Qld, 4061",No,No ,N/A,,,,,,,345899,Building Construction and Maintenance,,,,
Griffith University,"170 Kessels Road, Nathan Qld 4111",Graduation Mortar Boards,9/11/2020,21200,Cpx Pty Ltd,"Po Box 3193,  Newmarket, Kelvin Grove Bc, Qld, 4059",No,No ,N/A,,,,,,,345914,General Goods and Services,,,,
Griffith University,"170 Kessels Road, Nathan Qld 4111",Linkedin Learning 2020-2021 Subscription,9/11/2020,62040,Linkedin Singapore Pte Ltd,"10 Marina Boulevard, Marina Bay Financial Centre , , 018983",No,No ,N/A,,,,,,,345928,Information and Communication Technology,,,,
Griffith University,"170 Kessels Road, Nathan Qld 4111",Griffith Annual Brand Health Research,9/11/2020,70400,Nature Pty Ltd,"139 Dover Street,  Cremorne, Vic, 3121",No,No ,N/A,,,,,,,345904,General Goods and Services,,,,
Griffith University,"170 Kessels Road, Nathan Qld 4111",Computing Maintenance & Support,9/11/2020,11186,Surveyengine,"Potsdamer Platz 1,  Berlin, , 10785",No,No ,N/A,,,,,,,345905,Information and Communication Technology,,,,
Griffith University,"170 Kessels Road, Nathan Qld 4111",Computing Maintenance & Support,10/11/2020,22321,Aussie Telecom Pty Limited,"Po Box 3144,  Brighton, Vic, 3187",No,No ,N/A,,,,,,,345935,Information and Communication Technology,,,,
Griffith University,"170 Kessels Road, Nathan Qld 4111",Course Development Graduate In Didactics Of Italian Foreigners,10/11/2020,45080,Edoardo Mascheroni,"Joszef Korut, 65,  Budapest, , 1085",No,No ,N/A,,,,,,,345945,General Goods and Services,,,,
Griffith University,"170 Kessels Road, Nathan Qld 4111",Computing Maintenance & Support,10/11/2020,21450,Integral Technology Solutions Pty Ltd,"Level 2, 201 Leichardt Street,  Spring Hill, Qld, 4000",No,No ,N/A,,,,,,,345972,Information and Communication Technology,,,,
Griffith University,"170 Kessels Road, Nathan Qld 4111",Subscription Jul - Sep 2020,10/11/2020,16072,National Library Of Australia,"Parkes Place, Canberra, Act 2600",No,No ,N/A,,,,,,,1878433,General Goods and Services,,,,
Griffith University,"170 Kessels Road, Nathan Qld 4111",Subscription Oct - Dec 2020,10/11/2020,16072,National Library Of Australia,"Parkes Place, Canberra, Act 2600",No,No ,N/A,,,,,,,1878579,General Goods and Services,,,,
Griffith University,"170 Kessels Road, Nathan Qld 4111",Subscription Jan-Dec 2021,10/11/2020,405463,Ovid Technologies Inc.,"100 River Ridge Drive, Norwood, Ma 02062",No,No ,N/A,,,,,,,1878361,General Goods and Services,,,,
Griffith University,"170 Kessels Road, Nathan Qld 4111",Review Of Compliance Framework,11/11/2020,19930,Cooper Grace Ward,"Level 21, 400 George Streetbrisbane, Qld 4000",No,No ,N/A,,,,,,,1878788,General Goods and Services,,,,
Griffith University,"170 Kessels Road, Nathan Qld 4111",Component 2 Software Project Work,11/11/2020,70400,Guildlink Pty Limited,"Gpo Box 3338, Sydney, Nsw 2001",No,No ,N/A,,,,,,,1874084,Information and Communication Technology,,,,
Griffith University,"170 Kessels Road, Nathan Qld 4111",Renewal International Sos,11/11/2020,204121,International Sos (Australasia) Pty Ltd,"Gpo Box 4561, Sydney, Nsw 1044",No,No ,N/A,,,,,,,1878372,General Goods and Services,,,,
Griffith University,"170 Kessels Road, Nathan Qld 4111",Course Leader Pakistan Water Governance,11/11/2020,22619,John Murray Kirkwood,Brisbane,No,No ,N/A,,,,,,,346001,General Goods and Services,,,,
Griffith University,"170 Kessels Road, Nathan Qld 4111",Oracle 2020-2021 Subscription,11/11/2020,572662,Nextgen Distribution Pty Ltd,"Po Box 427,  North Sydney, Nsw, 2060",,No ,Open Offer,,,,,,,346002,Information and Communication Technology,,,,
Griffith University,"170 Kessels Road, Nathan Qld 4111",Electricity Metering,12/11/2020,56375,888 Electrical Solutions Pty Ltd,"8 Ironstone Road,  Berrinba, Qld, 4117",No,No ,N/A,,,,,,,346031,Building Construction and Maintenance,,,,
Griffith University,"170 Kessels Road, Nathan Qld 4111",N14 Demo,12/11/2020,11858,A1 Building & Property Solutions Pty Ltd,"3 D'Aguilar Road,  The Gap, Qld, 4061",No,No ,N/A,,,,,,,346028,Building Construction and Maintenance,,,,
Griffith University,"170 Kessels Road, Nathan Qld 4111",Campus Review 1 Year Unlimited,12/11/2020,11388,APN Educational Media,"Po Box 488, Darlinghurst, Nsw 1300",No,No ,N/A,,,,,,,1875173,General Goods and Services,,,,
Griffith University,"170 Kessels Road, Nathan Qld 4111",N75 Air Flow Warning System,12/11/2020,15340,Crisp Power & Control Pty Ltd,"Po Box 787,  Archerfield, Qld, 4108",No,No ,N/A,,,,,,,346064,Building Construction and Maintenance,,,,
Griffith University,"170 Kessels Road, Nathan Qld 4111",Computer Equipment,12/11/2020,12061,Data #3 Limited,"Po Box 551,  Indooroopilly, Qld, 4068",No,No ,N/A,,,,,,,346052,Information and Communication Technology,,,,
Griffith University,"170 Kessels Road, Nathan Qld 4111",Consultancy - Workshops And Grant Reviews,12/11/2020,33000,G R Steed & Associates Pty Ltd,"70 Hopetoun Rd,  Rutherglen, Vic, 3685",No,No ,N/A,,,,,,,346029,General Goods and Services,,,,
Griffith University,"170 Kessels Road, Nathan Qld 4111",Para Robot Rental ,12/11/2020,24750,Kowa Australia Pty Ltd,"Suite 44 Building 6 Garden City Office Park, 2404 Logan Roadeight Mile Plains, Qld 4113",No,No ,N/A,,,,,,,1874760,General Goods and Services,,,,
Griffith University,"170 Kessels Road, Nathan Qld 4111",N79 New Academic Building Line Marking,12/11/2020,21889,Logical Line Marking,"18 Ferguson Street,  Underwood, Qld, 4119",No,No ,N/A,,,,,,,346042,Building Construction and Maintenance,,,,
Griffith University,"170 Kessels Road, Nathan Qld 4111",Road Repairs - Logan Campus,12/11/2020,37665,Logical Line Marking,"18 Ferguson Street,  Underwood, Qld, 4119",No,No ,N/A,,,,,,,346054,Building Construction and Maintenance,,,,
Griffith University,"170 Kessels Road, Nathan Qld 4111",N68 Roof Repairs,12/11/2020,14399,Mctaggart Plumbing Pty Ltd,"Po Box 173,  Petrie, Qld, 4502",No,No ,N/A,,,,,,,346046,Building Construction and Maintenance,,,,
Griffith University,"170 Kessels Road, Nathan Qld 4111",Commission,12/11/2020,23850,Oztrekk Educational Services Ltd,"1 Sherbrooke Street East, Suite 301, Perth, On K7H 1A1",No,No ,N/A,,,,,,,1878899,General Goods and Services,,,,
Griffith University,"170 Kessels Road, Nathan Qld 4111",Schwartz Centre Membership,12/11/2020,15787,The Schwartz Center For Compassionate,"Suite 2100, 100 Cambridge Street,  Boston, Ma, 02114",No,No ,N/A,,,,,,,346032,General Goods and Services,,,,
Griffith University,"170 Kessels Road, Nathan Qld 4111",Goanna Lounge Electrical Costs,12/11/2020,11666,Tri State Electrical And Communications,"Po Box 7261,  East Brisbane, Qld, 4169",No,No ,N/A,,,,,,,346058,Building Construction and Maintenance,,,,
Griffith University,"170 Kessels Road, Nathan Qld 4111",Eclipse Fresnel Pole Op Bracket & Barndoor,13/11/2020,47641,Ampd Electronics,"2/20 Bishop Street,  Kelvin Grove, Qld, 4059",No,No ,N/A,,,,,,,346124,General Goods and Services,,,,
Griffith University,"170 Kessels Road, Nathan Qld 4111",Haier Upright Ult Freezer,13/11/2020,16880,Brightside Scientific Pty Ltd,"2/8 Teamster Close,  Tuggerah, Nsw, 2259",No,No ,N/A,,,,,,,346115,General Goods and Services,,,,
Griffith University,"170 Kessels Road, Nathan Qld 4111",Windows 2020-2023 Licence + Assurance,13/11/2020,11880,Data #3 Limited,"Po Box 551,  Indooroopilly, Qld, 4068",No,No ,N/A,,,,,,,346105,Information and Communication Technology,,,,
Griffith University,"170 Kessels Road, Nathan Qld 4111",Computing Maintenance & Support,13/11/2020,159629,Ntt Australia Pty Ltd,"Level 22, 141 Queen Street,  Brisbane, Qld, 4000",No,No ,N/A,,,,,,,346107,Information and Communication Technology,,,,
Griffith University,"170 Kessels Road, Nathan Qld 4111",Portable Ultrasound,16/11/2020,49800,Alpha Vital Pty Ltd,"Po Box 226,  Springwood, Qld, 4128",No,No ,N/A,,,,,,,346171,General Goods and Services,,,,
Griffith University,"170 Kessels Road, Nathan Qld 4111",Litesizer 500 Nanoparticle Analyser System,16/11/2020,55000,Anton Paar Australia Pty Ltd,"Po Box 302,  Macquarie Park, Nsw, 2113",No,No ,N/A,,,,,,,346182,General Goods and Services,,,,
Griffith University,"170 Kessels Road, Nathan Qld 4111",Graduation Cards,16/11/2020,10328,Cpx Pty Ltd,"Po Box 3193,  Newmarket, Kelvin Grove Bc, Qld, 4059",No,No ,N/A,,,,,,,346209,General Goods and Services,,,,
Griffith University,"170 Kessels Road, Nathan Qld 4111",Maptq Online Assessment Suite 2020-2021 Subscription,16/11/2020,41250,Cut-E Australia,"Level 33, 201 Kent Street,  Sydney, Qld, 2000",No,No ,N/A,,,,,,,346203,Information and Communication Technology,,,,
Griffith University,"170 Kessels Road, Nathan Qld 4111",G40 Re-Circulation Pump Switch Board,16/11/2020,16038,Descab Pty Ltd T/A Qld Multi Trades,"34 Hindes Street,  Lota, Qld, 4178",No,No ,N/A,,,,,,,346168,Building Construction and Maintenance,,,,
Griffith University,"170 Kessels Road, Nathan Qld 4111",Relocate Base And Field Stations,16/11/2020,10801,Indratel Australia Pty Limited,"Po Box 630,  Cannon Hill, Qld, 4173",No,No ,N/A,,,,,,,346192,Building Construction and Maintenance,,,,
Griffith University,"170 Kessels Road, Nathan Qld 4111",All Degrees Guide 2022 - High School Guide,16/11/2020,12265,Jsa Design,"Po Box 1580,  Fortitude Valley, Qld, 4006",No,No ,N/A,,,,,,,346183,General Goods and Services,,,,
Griffith University,"170 Kessels Road, Nathan Qld 4111",N31 Substation 1 Board Replacement,16/11/2020,17420,Tgc Electrical Pty Ltd,"Po Box 504,  Jimboomba, Qld, 4280",No,No ,N/A,,,,,,,346195,Building Construction and Maintenance,,,,
Griffith University,"170 Kessels Road, Nathan Qld 4111",Furniture,17/11/2020,32124,A1 Building & Property Solutions Pty Ltd,"3 D'Aguilar Road,  The Gap, Qld, 4061",No,No ,N/A,,,,,,,346227,General Goods and Services,,,,
Griffith University,"170 Kessels Road, Nathan Qld 4111",Equipment,17/11/2020,24380,Blackwoods,"Po Box 375,  Goodna, Qld, 4300",No,No ,N/A,,,,,,,346251,General Goods and Services,,,,
Griffith University,"170 Kessels Road, Nathan Qld 4111",Acclaim Digital Badges 2021 Subscription,17/11/2020,10300,"Credly, Inc.","349 5Th Avenue, Suite 726 New York, Ny, 10016",No,No ,N/A,,,,,,,346241,Information and Communication Technology,,,,
Griffith University,"170 Kessels Road, Nathan Qld 4111",S01 Install Conventional Detectors,17/11/2020,146916,Dylmount Pty Ltd,"Po Box 57,  Albion, Qld, 4010",No,No ,N/A,,,,,,,346237,Building Construction and Maintenance,,,,
Griffith University,"170 Kessels Road, Nathan Qld 4111",G00 East West Pedestrian Spine Path Pavement Sealing,17/11/2020,56595,Ecopro Pressure Cleaning,"22 Sheridan Park Avenue,  Broadbeach Waters, Qld, 4218",No,No ,N/A,,,,,,,346239,Building Construction and Maintenance,,,,
Griffith University,"170 Kessels Road, Nathan Qld 4111",Microsoft Teams Media Quality Assessment Per Work Order 7-Ugaayxczi,17/11/2020,43175,Microsoft Pty Ltd,"1 Epping Road,  North Ryde, Nsw, 2113",No,No ,N/A,,,,,,,346277,General Goods and Services,,,,
Griffith University,"170 Kessels Road, Nathan Qld 4111",Tipasa Upgrade 2020-2021 Subscription,17/11/2020,23423,Oclc (Uk) Limited,"Brincliffe House, 861 Ecclesall Rd Sheffield, Lancs, S11 7Ae",No,No ,N/A,,,,,,,346240,Information and Communication Technology,,,,
Griffith University,"170 Kessels Road, Nathan Qld 4111",Subscription Jan-Dec 2021,17/11/2020,14118,Royal Pharmaceutical Society Of Gb,"Pharmaceutical Press C/O Mps, Macmillan Distribution (Mdl) Credit Servicesbasingstoke,  Rg21 6Xs",No,No ,N/A,,,,,,,1879271,General Goods and Services,,,,
Griffith University,"170 Kessels Road, Nathan Qld 4111",Computing Maintenance & Support,17/11/2020,34870,Securew2,", Zekeringstraat 17 Amsterdam, , 1014 Bm",No,No ,N/A,,,,,,,346248,Information and Communication Technology,,,,
Griffith University,"170 Kessels Road, Nathan Qld 4111",Copy Editing Hdr Articles,17/11/2020,11550,Tovenews Pty. Ltd.,"Po Box 1194, Sunnybank Hills, Qld 4109",No,No ,N/A,,,,,,,1879539,General Goods and Services,,,,
Griffith University,"170 Kessels Road, Nathan Qld 4111",Vivo Ocd Busters Web 2020 Fee,17/11/2020,31680,Vivo Group Pty Ltd,"Po Box 695,  Paddington, Qld, 4064",No,No ,N/A,,,,,,,346228,Information and Communication Technology,,,,
Griffith University,"170 Kessels Road, Nathan Qld 4111","N79 Aluminium Framed Doors, Sign Posts",18/11/2020,10670,A1 Building & Property Solutions Pty Ltd,"3 D'Aguilar Road,  The Gap, Qld, 4061",No,No ,N/A,,,,,,,346326,Building Construction and Maintenance,,,,
Griffith University,"170 Kessels Road, Nathan Qld 4111",Consulting Service - Coronavirus Project,18/11/2020,33211,Csiro,"Po Box E4008,  Kingston, Act, 2604",No,No ,N/A,,,,,,,346290,General Goods and Services,,,,
Griffith University,"170 Kessels Road, Nathan Qld 4111",N54 External Building Façade & External Windows,18/11/2020,13453,Qld Water Blasting,"Po Box 2151,  Redcliffe North, Qld, 4020",No,No ,N/A,,,,,,,346329,Building Construction and Maintenance,,,,
Griffith University,"170 Kessels Road, Nathan Qld 4111",N78 External Building Façade & External Windows,18/11/2020,12052,Qld Water Blasting,"Po Box 2151,  Redcliffe North, Qld, 4020",No,No ,N/A,,,,,,,346330,Building Construction and Maintenance,,,,
Griffith University,"170 Kessels Road, Nathan Qld 4111",Membership Fees A2021,18/11/2020,12100,Swinburne University Of Technology,"Finance Department, Po Box 218Hawthorn, Vic 3122",No,No ,N/A,,,,,,,1876170,General Goods and Services,,,,
Griffith University,"170 Kessels Road, Nathan Qld 4111",Scientific Equipment,19/11/2020,50819,Global Life Sciences Solutions Australia,"32 Phillip Street,  Parramatta, Nsw, 2150",No,No ,N/A,,,,,,,346370,General Goods and Services,,,,
Griffith University,"170 Kessels Road, Nathan Qld 4111",N79 External Building Façade & External Window,19/11/2020,13035,Qld Water Blasting,"Po Box 2151,  Redcliffe North, Qld, 4020",No,No ,N/A,,,,,,,346343,Building Construction and Maintenance,,,,
Griffith University,"170 Kessels Road, Nathan Qld 4111",G40 Building External Clean,20/11/2020,41905,Above & Beyond Rope Access Pty Ltd,"1/48 Bundall Rd,  Bundall, Qld, 4217",No,No ,N/A,,,,,,,346419,Building Construction and Maintenance,,,,
Griffith University,"170 Kessels Road, Nathan Qld 4111",Large Wall Painting,20/11/2020,13618,Amalgamated Property Maint. Brisbane P/L,"Po Box 249,  Rochedale South, Qld, 4123",No,No ,N/A,,,,,,,346426,Building Construction and Maintenance,,,,
Griffith University,"170 Kessels Road, Nathan Qld 4111",Subscription Jan-Dec 2021,20/11/2020,11718,Council Of Aust. University Librarians,"9 Napier Close, Deakin, Act 2600",No,No ,N/A,,,,,,,1879261,General Goods and Services,,,,
Griffith University,"170 Kessels Road, Nathan Qld 4111",Subscription Jan-Dec 2021,20/11/2020,19125,Council Of Aust. University Librarians,"9 Napier Close, Deakin, Act 2600",No,No ,N/A,,,,,,,1879262,General Goods and Services,,,,
Griffith University,"170 Kessels Road, Nathan Qld 4111",Subscription Jan-Dec 2021,20/11/2020,12383,Council Of Aust. University Librarians,"9 Napier Close, Deakin, Act 2600",No,No ,N/A,,,,,,,1879263,General Goods and Services,,,,
Griffith University,"170 Kessels Road, Nathan Qld 4111",Subscription Jan-Dec 2021,20/11/2020,16775,Council Of Aust. University Librarians,"9 Napier Close, Deakin, Act 2600",No,No ,N/A,,,,,,,1879264,General Goods and Services,,,,
Griffith University,"170 Kessels Road, Nathan Qld 4111",Subscription Jan-Dec 2021,20/11/2020,13710,Council Of Aust. University Librarians,"9 Napier Close, Deakin, Act 2600",No,No ,N/A,,,,,,,1879265,General Goods and Services,,,,
Griffith University,"170 Kessels Road, Nathan Qld 4111",Subscription Jan-Dec 2021,20/11/2020,22508,Council Of Aust. University Librarians,"9 Napier Close, Deakin, Act 2600",No,No ,N/A,,,,,,,1879268,General Goods and Services,,,,
Griffith University,"170 Kessels Road, Nathan Qld 4111",Subscription Jan-Dec 2021,20/11/2020,28802,Council Of Aust. University Librarians,"9 Napier Close, Deakin, Act 2600",No,No ,N/A,,,,,,,1879274,General Goods and Services,,,,
Griffith University,"170 Kessels Road, Nathan Qld 4111",Subscription Jan-Dec 2021,20/11/2020,14381,Council Of Aust. University Librarians,"9 Napier Close, Deakin, Act 2600",No,No ,N/A,,,,,,,1879940,General Goods and Services,,,,
Griffith University,"170 Kessels Road, Nathan Qld 4111",Subscription Jan-Dec 2021,20/11/2020,83391,Council Of Aust. University Librarians,"9 Napier Close, Deakin, Act 2600",No,No ,N/A,,,,,,,1879952,General Goods and Services,,,,
Griffith University,"170 Kessels Road, Nathan Qld 4111",Co2 Incubator Shaker ,20/11/2020,23091,Eppendorf South Pacific Pty Ltd,"Locked Bag 2088,  North Ryde, Nsw, 1670",No,No ,N/A,,,,,,,346411,General Goods and Services,,,,
Griffith University,"170 Kessels Road, Nathan Qld 4111",Filament Winder,20/11/2020,83204,Etamax Engineering,"Unit 2, 47 Ellemsea Circuit,  Lonsdale, Sa, 5160",No,No ,N/A,,,,,,,346416,General Goods and Services,,,,
Griffith University,"170 Kessels Road, Nathan Qld 4111",Application Fee Sep 20 Qtr ,20/11/2020,45118,Learning Information Systems,"Level 11,  17 York St, Sydney, Nsw 2000",No,No ,N/A,,,,,,,1880140,Information and Communication Technology,,,,
Griffith University,"170 Kessels Road, Nathan Qld 4111",Electric Vehicle Transition Study,20/11/2020,10450,Pangolin Associates,"Po Box 193,  Fullarton, Sa, 5063",No,No ,N/A,,,,,,,346458,General Goods and Services,,,,
Griffith University,"170 Kessels Road, Nathan Qld 4111",Subscription Jan-Dec 2021,20/11/2020,47334,Proquest Llc,"6216 Paysphere Circle, Chicago, Il 60674",No,No ,N/A,,,,,,,1879270,General Goods and Services,,,,
Griffith University,"170 Kessels Road, Nathan Qld 4111",Motorola Batteries Handheld Radios,20/11/2020,15135,Tr Pty Ltd,"Po Box 1185,  Blackburn North, Vic, 3130",No,No ,N/A,,,,,,,346422,General Goods and Services,,,,
Griffith University,"170 Kessels Road, Nathan Qld 4111",Uk Nartic Annual Subscription,21/11/2020,13637,Ecctis Ltd,"68-70 Suffolk Road, Cheltenham, Gloucs Gl50 2Ed",No,No ,N/A,,,,,,,1876932,General Goods and Services,,,,
Griffith University,"170 Kessels Road, Nathan Qld 4111",Online Coaching,21/11/2020,18260,Ithinkwell Pty Ltd,"38 Richardson Avenue, Glenelg North, Sa 5045",No,No ,N/A,,,,,,,1875854,General Goods and Services,,,,
Griffith University,"170 Kessels Road, Nathan Qld 4111",N38 Structural Repairs And Maintenance,23/11/2020,42257,A1 Building & Property Solutions Pty Ltd,"3 D'Aguilar Road,  The Gap, Qld, 4061",No,No ,N/A,,,,,,,346538,Building Construction and Maintenance,,,,
Griffith University,"170 Kessels Road, Nathan Qld 4111",Acs Job Role Profiling ,23/11/2020,26950,Australian Computer Society Inc.,"Po Box Q534, Queen Victoria Building Sydney, Nsw, 1230",No,No ,N/A,,,,,,,346479,General Goods and Services,,,,
Griffith University,"170 Kessels Road, Nathan Qld 4111",Consultancy Services,23/11/2020,19140,Department Of The Future Pty. Ltd.,"2 Northcote Road,  Armadale, Vic, 3143",No,No ,N/A,,,,,,,346533,General Goods and Services,,,,
Griffith University,"170 Kessels Road, Nathan Qld 4111",Positive Behaviour Support And Restrictive Practice Review,23/11/2020,20790,Fti Consulting (Australia) Pty Ltd,"Gpo Box 538,  Melbourne, Vic, 3001",No,No ,N/A,,,,,,,346492,General Goods and Services,,,,
Griffith University,"170 Kessels Road, Nathan Qld 4111",Early Offer Guarantee Media,23/11/2020,25421,Ikon Communications Pty Ltd,"Level 4, 1 Kent Street,  Millers Points, Nsw, 2000",No,No ,N/A,,,,,,,346531,General Goods and Services,,,,
Griffith University,"170 Kessels Road, Nathan Qld 4111",Preference Reinforcement Media,23/11/2020,21437,Ikon Communications Pty Ltd,"Level 4, 1 Kent Street,  Millers Points, Nsw, 2000",No,No ,N/A,,,,,,,346532,General Goods and Services,,,,
Griffith University,"170 Kessels Road, Nathan Qld 4111",Inn-Reach 2021 Subscription,23/11/2020,46798,Innovative Interfaces Incorporated,"9Th Floor (Block A), George'S Quay Plaza Dublin, , 2",No,No ,N/A,,,,,,,346498,Information and Communication Technology,,,,
Griffith University,"170 Kessels Road, Nathan Qld 4111",Equipment Hire & Tech,23/11/2020,12374,Show Hire Australia,"5/125 Kerry Rd,  Archerfield, Qld, 4108",No,No ,N/A,,,,,,,346518,General Goods and Services,,,,
Griffith University,"170 Kessels Road, Nathan Qld 4111",Consultancy Future Vision For Griffith,23/11/2020,27500,The Trustee For Success Through Focus,"Po Box 1093,  Caulfield North, Vic, 3161",No,No ,N/A,,,,,,,346552,General Goods and Services,,,,
Griffith University,"170 Kessels Road, Nathan Qld 4111",Safe 2020 Biological Safety Cabinet 1.2M Kit With Electronic Front Sash Side Windows Uv Light 316 S/S Internals Battery Back-Up & Armrests 230V 50/60Hz 7.3A,23/11/2020,40058,Thermo Fisher Scientific Australia,"Po Box 9092,  Scoresby, Vic, 3179",No,No ,N/A,,,,,,,346544,General Goods and Services,,,,
Griffith University,"170 Kessels Road, Nathan Qld 4111",Repair & Replace Damaged Concrete Slabs,24/11/2020,16685,A1 Building & Property Solutions Pty Ltd,"3 D'Aguilar Road,  The Gap, Qld, 4061",No,No ,N/A,,,,,,,346641,Building Construction and Maintenance,,,,
Griffith University,"170 Kessels Road, Nathan Qld 4111",Vehicle Purchase,24/11/2020,19257,Augusta Golf Cars Pty Ltd,"P.O. Box 6069,  Yatala, Qld, 4207",No,No ,N/A,,,,,,,346634,General Goods and Services,,,,
Griffith University,"170 Kessels Road, Nathan Qld 4111",Computing Maintenance & Support,24/11/2020,27193,Osisoft Australia Pty Ltd,"Level 7, 99 St Georges Terrace,  Perth, Wa, 6000",No,No ,N/A,,,,,,,346642,Information and Communication Technology,,,,
Griffith University,"170 Kessels Road, Nathan Qld 4111",Subscription Jan-Dec 2021,24/11/2020,322606,Springer Customer Service Centre Gmbh,"Haberstrasse 7, Heidelberg,  D69126",No,No ,N/A,,,,,,,1880448,General Goods and Services,,,,
Griffith University,"170 Kessels Road, Nathan Qld 4111",N13 Redevelopment - Peb,25/11/2020,180400,Arina Consulting Architects,"Po Box 1102,  Crows Nest, Nsw, 1585",No,No ,N/A,,,,,,,346680,Building Construction and Maintenance,,,,
Griffith University,"170 Kessels Road, Nathan Qld 4111",Computer Equipment,25/11/2020,35521,Data #3 Limited,"Po Box 551,  Indooroopilly, Qld, 4068",No,No ,N/A,,,,,,,346649,Information and Communication Technology,,,,
Griffith University,"170 Kessels Road, Nathan Qld 4111",Irrigation Set Ups Nathan,25/11/2020,15488,Descab Pty Ltd T/A Qld Multi Trades,"34 Hindes Street,  Lota, Qld, 4178",No,No ,N/A,,,,,,,346668,Building Construction and Maintenance,,,,
Griffith University,"170 Kessels Road, Nathan Qld 4111",Irrigation Set Ups Logan,25/11/2020,15488,Descab Pty Ltd T/A Qld Multi Trades,"34 Hindes Street,  Lota, Qld, 4178",No,No ,N/A,,,,,,,346669,Building Construction and Maintenance,,,,
Griffith University,"170 Kessels Road, Nathan Qld 4111",Chemistry Texts And Manuals ,25/11/2020,13670,Publicious Pty Ltd,"Po Box 395, Coolangatta, Qld 4225",No,No ,N/A,,,,,,,1880011,General Goods and Services,,,,
Griffith University,"170 Kessels Road, Nathan Qld 4111",Reaction Frame Components,25/11/2020,23300,Rocklea Pressed Metal Pty Ltd,"17-37 Colebard Street East,  Acacia Ridge, Qld, 4110",No,No ,N/A,,,,,,,346681,General Goods and Services,,,,
Griffith University,"170 Kessels Road, Nathan Qld 4111",Consulting Service - Coronavirus Project Wimr,25/11/2020,101640,The Westmead Institute For Medical Rese,"176 Hawkesbury Road,  Westmead, Nsw, 2145",No,No ,N/A,,,,,,,346667,General Goods and Services,,,,
Griffith University,"170 Kessels Road, Nathan Qld 4111",Science And Engineering Challenge-Gold Coast 2021,25/11/2020,16225,University Of Newcastle,"Revenue - Business Services, University Drive Callaghan, Nsw, 2308",No,No ,N/A,,,,,,,346664,General Goods and Services,,,,
Griffith University,"170 Kessels Road, Nathan Qld 4111",Echo360 Annual 2020-2021 Subscription,26/11/2020,517000,Anystream Australia Pty Ltd,"Po Box 7862,  Perth, Wa, 6850",,No ,Selective Offer,,,,,,,346710,Information and Communication Technology,,,,
Griffith University,"170 Kessels Road, Nathan Qld 4111",Computing Maintenance & Support,26/11/2020,10450,Aquion Pty Ltd,"Suite 25, L3 357 Military Road,  Mosman, Nsw, 2088",No,No ,N/A,,,,,,,346730,Information and Communication Technology,,,,
Griffith University,"170 Kessels Road, Nathan Qld 4111",Subscription Jan-Dec 2021,26/11/2020,21365,Csiro,"Unipark Building 1 Level 1, 195 Wellington Roadclayton, Vic 3168",No,No ,N/A,,,,,,,1878428,General Goods and Services,,,,
Griffith University,"170 Kessels Road, Nathan Qld 4111",Subscription Jan-Dec 2021,26/11/2020,44467,Elsevier Inc.,"3251 Riverport Lane, Maryland Heights, Mo 63043",No,No ,N/A,,,,,,,1878417,General Goods and Services,,,,
Griffith University,"170 Kessels Road, Nathan Qld 4111",Hes Oracle Consortium Management Annual 2021 Subscription,26/11/2020,27500,Higher Ed Services Pty Ltd,"Level 10, 210 Clarence Street,  Sydney, Nsw, 2000",No,No ,N/A,,,,,,,346713,Information and Communication Technology,,,,
Griffith University,"170 Kessels Road, Nathan Qld 4111",Ansys Academic Research Em Annual 2020-2021 Subscription,26/11/2020,17611,Leap Australia Pty Ltd,"Suite 20, 74-78 The Corso,  Manly, Nsw, 2095",No,No ,N/A,,,,,,,346734,Information and Communication Technology,,,,
Griffith University,"170 Kessels Road, Nathan Qld 4111",Hp Content Manager Licencing Annual 2021 Subscription,26/11/2020,29798,Miktysh Solutions,"Po Box 16200,  City East, Qld, 4002",No,No ,N/A,,,,,,,346709,Information and Communication Technology,,,,
Griffith University,"170 Kessels Road, Nathan Qld 4111",Navitas Service Agreement Dov 2021,26/11/2020,198000,Navitas Limited,"Ground Floor, East Tower, 410 Ann Street Brisbane, Qld, 4000",No,No ,N/A,,,,,,,346738,General Goods and Services,,,,
Griffith University,"170 Kessels Road, Nathan Qld 4111",Sas Education Analysis Suite Annual 2021 Subscription,26/11/2020,78892,Sas Institute Australia Pty Ltd,"Private Bag No. 52,  Lane Cove, Nsw, 2066",No,No ,N/A,,,,,,,346731,Information and Communication Technology,,,,
Griffith University,"170 Kessels Road, Nathan Qld 4111",Uniquest Brave Annual 2020-2021 Subscription,26/11/2020,99000,Uniquest Pty Ltd,"Po Box 6069,  St Lucia, Qld, 4067",Yes,No ,N/A,,,,,,,C01666,Information and Communication Technology,,,,
Griffith University,"170 Kessels Road, Nathan Qld 4111",Upgrade Concrete To Asphalt,27/11/2020,15653,A1 Building & Property Solutions Pty Ltd,"3 D'Aguilar Road,  The Gap, Qld, 4061",No,No ,N/A,,,,,,,346773,Building Construction and Maintenance,,,,
Griffith University,"170 Kessels Road, Nathan Qld 4111",South East Asia Module,27/11/2020,22866,Adam Matthew Digital Ltd,"Pelham House, London Roadmarlborough, Wilts Sn8 2Ag",No,No ,N/A,,,,,,,1881286,General Goods and Services,,,,
Griffith University,"170 Kessels Road, Nathan Qld 4111",Mass Observation Project,27/11/2020,35933,Adam Matthew Digital Ltd,"Pelham House, London Roadmarlborough, Wilts Sn8 2Ag",No,No ,N/A,,,,,,,1881287,General Goods and Services,,,,
Griffith University,"170 Kessels Road, Nathan Qld 4111",Subscription Jan-Dec 2021,27/11/2020,13455,Council Of Aust. University Librarians,"9 Napier Close, Deakin, Act 2600",No,No ,N/A,,,,,,,1880699,General Goods and Services,,,,
Griffith University,"170 Kessels Road, Nathan Qld 4111",Subscription Jan-Dec 2021,27/11/2020,140033,Council Of Aust. University Librarians,"9 Napier Close, Deakin, Act 2600",No,No ,N/A,,,,,,,1881006,General Goods and Services,,,,
Griffith University,"170 Kessels Road, Nathan Qld 4111",Subscription Jan-Dec 2021,27/11/2020,60478,Council Of Aust. University Librarians,"9 Napier Close, Deakin, Act 2600",No,No ,N/A,,,,,,,1881007,General Goods and Services,,,,
Griffith University,"170 Kessels Road, Nathan Qld 4111",Subscription Jan-Dec 2021,27/11/2020,12446,Council Of Aust. University Librarians,"9 Napier Close, Deakin, Act 2600",No,No ,N/A,,,,,,,1881016,General Goods and Services,,,,
Griffith University,"170 Kessels Road, Nathan Qld 4111",Subscription Jan-Dec 2021,27/11/2020,62373,Council Of Aust. University Librarians,"9 Napier Close, Deakin, Act 2600",No,No ,N/A,,,,,,,1881159,General Goods and Services,,,,
Griffith University,"170 Kessels Road, Nathan Qld 4111",Subscription Jan-Dec 2021,27/11/2020,89545,Council Of Aust. University Librarians,"9 Napier Close, Deakin, Act 2600",No,No ,N/A,,,,,,,1881295,General Goods and Services,,,,
Griffith University,"170 Kessels Road, Nathan Qld 4111",Subscription Jan-Dec 2021,27/11/2020,10968,Ebsco International Inc,"Subscription Services, Attn John Siweknorth Sydney, Nsw 2060",No,No ,N/A,,,,,,,1881008,General Goods and Services,,,,
Griffith University,"170 Kessels Road, Nathan Qld 4111",Subscription Jan-Dec 2021,27/11/2020,32010,Euromonitor International Ltd.,"60-61 Britton Street, London,  Ec1M 5Ux",No,No ,N/A,,,,,,,1881293,General Goods and Services,,,,
Griffith University,"170 Kessels Road, Nathan Qld 4111",Appointment Fees,27/11/2020,22000,Insight Management Consultants P/L,"Level 7, 230 Collins Street, Melbourne, Vic 3000",No,No ,N/A,,,,,,,1881468,General Goods and Services,,,,
Griffith University,"170 Kessels Road, Nathan Qld 4111",Subscription Jan-Dec 2021,27/11/2020,42958,IOP Publishing Ltd,"Temple Circus, Temple Waybristol,  Bs1 6Hg",No,No ,N/A,,,,,,,1881292,General Goods and Services,,,,
Griffith University,"170 Kessels Road, Nathan Qld 4111",Law E-Books Online,27/11/2020,16781,Koninklijke Brill Leiden Nv,", Plantijnstraat 2Leiden,  2321 Jc",No,No ,N/A,,,,,,,1881160,General Goods and Services,,,,
Griffith University,"170 Kessels Road, Nathan Qld 4111",Online Access,27/11/2020,12645,Oxford University Press Uk,"The Cashiers Office, Great Clarendon Streetoxford,  Ox2 6Dp",No,No ,N/A,,,,,,,1881009,General Goods and Services,,,,
Griffith University,"170 Kessels Road, Nathan Qld 4111",Subscription Jan-Dec 2021,27/11/2020,400761,Proquest Llc,"6216 Paysphere Circle, Chicago, Il 60674",No,No ,N/A,,,,,,,1881158,General Goods and Services,,,,
Griffith University,"170 Kessels Road, Nathan Qld 4111",E-Book Purchase,27/11/2020,43699,Proquest Llc,"6216 Paysphere Circle, Chicago, Il 60674",No,No ,N/A,,,,,,,1881294,General Goods and Services,,,,
Griffith University,"170 Kessels Road, Nathan Qld 4111",Consultancy Services,27/11/2020,21637,The Trustee For Granted Group Unit Trust,"Suite 1.06A, 269 Centre Road Bentleigh, Vic, 3204",No,No ,N/A,,,,,,,346786,General Goods and Services,,,,
Griffith University,"170 Kessels Road, Nathan Qld 4111",Subscription Jan-Dec 2021,28/11/2020,82163,CCH Australia Ltd,"Gpo Box 4069, Sydney, Nsw 2001",No,No ,N/A,,,,,,,1878155,General Goods and Services,,,,
Griffith University,"170 Kessels Road, Nathan Qld 4111",Caul Membership Fee 2021,29/11/2020,19459,Council Of Aust. University Librarians,"9 Napier Close, Deakin, Act 2600",No,No ,N/A,,,,,,,1877873,General Goods and Services,,,,
Griffith University,"170 Kessels Road, Nathan Qld 4111",S08 Handrail Replacement,30/11/2020,10564,A1 Building & Property Solutions Pty Ltd,"3 D'Aguilar Road,  The Gap, Qld, 4061",No,No ,N/A,,,,,,,346837,Building Construction and Maintenance,,,,
Griffith University,"170 Kessels Road, Nathan Qld 4111",Biologicals/Chemicals,30/11/2020,20730,Bio-Strategy Pty Limited,"P.O Box 14,  Campbellfield, Vic, 3061",No,No ,N/A,,,,,,,346847,General Goods and Services,,,,
Griffith University,"170 Kessels Road, Nathan Qld 4111",July 2021 Graduations Bcec,30/11/2020,110000,Brisbane Convention And Exhibition Centr,"Po Box 3869, South Bank Brisbane, Qld, 4101",No,No ,N/A,,,,,,,346870,General Goods and Services,,,,
Griffith University,"170 Kessels Road, Nathan Qld 4111",A1R+ Service Contract ,30/11/2020,28959,Coherent Scientific Pty Ltd,"Unit 2, 32 West Thebarton Road,  Thebarton, Sa, 5031",No,No ,N/A,,,,,,,346856,General Goods and Services,,,,
Griffith University,"170 Kessels Road, Nathan Qld 4111",Clean Path And Barriers,30/11/2020,10296,Descab Pty Ltd T/A Qld Multi Trades,"34 Hindes Street,  Lota, Qld, 4178",No,No ,N/A,,,,,,,346829,Building Construction and Maintenance,,,,
Griffith University,"170 Kessels Road, Nathan Qld 4111",Replace Spring Hydrants,30/11/2020,12441,Descab Pty Ltd T/A Qld Multi Trades,"34 Hindes Street,  Lota, Qld, 4178",No,No ,N/A,,,,,,,346841,Building Construction and Maintenance,,,,
Griffith University,"170 Kessels Road, Nathan Qld 4111",Digital Marketing,30/11/2020,18700,Iae Global Sydney,"Suite 301 & 302, Level 3, 405-411, Sussex Streethaymarket, Nsw 2000",No,No ,N/A,,,,,,,1881994,General Goods and Services,,,,
Griffith University,"170 Kessels Road, Nathan Qld 4111",72 Oct Ielts Tests,30/11/2020,16038,IELTS Australia Pty Ltd,"Gpo Box 2006, Canberra, Act 2601",No,No ,N/A,,,,,,,1877709,General Goods and Services,,,,
Griffith University,"170 Kessels Road, Nathan Qld 4111",September Spotify - T3 Campaig,30/11/2020,11282,Ikon Communications Pty Ltd,"Level 4, 1 Kent Street, Millers Points, Nsw 2000",No,No ,N/A,,,,,,,1879277,General Goods and Services,,,,
Griffith University,"170 Kessels Road, Nathan Qld 4111",Rams & Hydraulics (Reaction Frame Auto) Instron 68Tm-30Kn System,30/11/2020,158400,Instron A Division Of Itw Australia Pty,"15/15 Stud Road,  Bayswater, Vic, 3153",No,No ,N/A,,,,,,,346818,General Goods and Services,,,,
Griffith University,"170 Kessels Road, Nathan Qld 4111",Scientific Equipment,30/11/2020,14327,Nsk Oceania Pty Ltd,"Unit 12/809-821 Botany Road,  Rosebery, Nsw, 2018",No,No ,N/A,,,,,,,346879,General Goods and Services,,,,
Griffith University,"170 Kessels Road, Nathan Qld 4111",Peak Iflow N2 Generator,30/11/2020,43835,Peak Scientific Instruments,"2/5 Philip St,  Port Melbourne, Vic, 3207",No,No ,N/A,,,,,,,346826,General Goods and Services,,,,
Griffith University,"170 Kessels Road, Nathan Qld 4111",Laboratory Consumables,30/11/2020,69678,Stephen Jennings & Associates Pty Ltd,"Po Box 380,  Kurrajong, Nsw, 2758",No,No ,N/A,,,,,,,346815,General Goods and Services,,,,
Griffith University,"170 Kessels Road, Nathan Qld 4111","Transducers, Instrumentation And Control Trainer 217-50 Digiac1750",30/11/2020,60902,The Trustee For Pullman Learning Group,"Po Box 181,  Caulfield South, Vic, 3162",No,No ,N/A,,,,,,,346820,General Goods and Services,,,,
Griffith University,"170 Kessels Road, Nathan Qld 4111",Massing Study,30/11/2020,54846,Woods Bagot Pty Ltd,"Ground Floor, 102 Alelaide Street,  Brisbane, Qld, 4001",No,No ,N/A,,,,,,,346853,General Goods and Services,,,,
Griffith University,"170 Kessels Road, Nathan Qld 4111",Dw86L-578J Upright Ult Freezer,1/12/2020,19833,Brightside Scientific Pty Ltd,"2/8 Teamster Close,  Tuggerah, Nsw, 2259",No,No ,N/A,,,,,,,346961,General Goods and Services,,,,
Griffith University,"170 Kessels Road, Nathan Qld 4111",Pup Training 20Oln Hatzis,1/12/2020,12100,Denise Margaret Hatzis,Brisbane,No,No ,N/A,,,,,,,346895,General Goods and Services,,,,
Griffith University,"170 Kessels Road, Nathan Qld 4111",Pup Training & Implementation,1/12/2020,11396,Dimity Adams Psychology Pty Ltd,Brisbane,No,No ,N/A,,,,,,,346897,General Goods and Services,,,,
Griffith University,"170 Kessels Road, Nathan Qld 4111",Install Smoke Detectors & Isolators ,1/12/2020,12155,Dylmount Pty Ltd,"Po Box 57,  Albion, Qld, 4010",No,No ,N/A,,,,,,,346909,Building Construction and Maintenance,,,,
Griffith University,"170 Kessels Road, Nathan Qld 4111",S01 Install Addressable Smokes Detectors And Isolators,1/12/2020,21774,Dylmount Pty Ltd,"Po Box 57,  Albion, Qld, 4010",No,No ,N/A,,,,,,,346948,Building Construction and Maintenance,,,,
Griffith University,"170 Kessels Road, Nathan Qld 4111",Reinforcement Media Upweight,1/12/2020,10710,Ikon Communications Pty Ltd,"Level 4, 1 Kent Street,  Millers Points, Nsw, 2000",No,No ,N/A,,,,,,,346920,General Goods and Services,,,,
Griffith University,"170 Kessels Road, Nathan Qld 4111",Msoe Media,1/12/2020,32450,Ikon Communications Pty Ltd,"Level 4, 1 Kent Street,  Millers Points, Nsw, 2000",No,No ,N/A,,,,,,,346951,General Goods and Services,,,,
Griffith University,"170 Kessels Road, Nathan Qld 4111",Q1 Consultancy Fee,1/12/2020,147000,Justine Somogyi,Canada,No,No ,N/A,,,,,,,346939,General Goods and Services,,,,
Griffith University,"170 Kessels Road, Nathan Qld 4111",Placement Fee,1/12/2020,12670,Optimum Recruitment Group (Qld) Pty Ltd,"Level 17, 40 Creek Street,  Brisbane, Qld, 4000",No,No ,N/A,,,,,,,346927,General Goods and Services,,,,
Griffith University,"170 Kessels Road, Nathan Qld 4111",Computer Equipment,1/12/2020,29172,The Gamesmen Pty Ltd,"491 Forest Road,  Penshurst, Nsw, 2222",No,No ,N/A,,,,,,,346911,Information and Communication Technology,,,,
Griffith University,"170 Kessels Road, Nathan Qld 4111",Professional Campaign Video,1/12/2020,16987,Traffic Film & Video Production,"332 Montague Road,  West End, Qld, 4101",No,No ,N/A,,,,,,,346922,General Goods and Services,,,,
Griffith University,"170 Kessels Road, Nathan Qld 4111",Franchise Fees July-Sept 2020,1/12/2020,12095,Warwick University Enterprises (Aus) P/L,"Accounts Receivable Office, University Housecoventry,  Cv4 8Uw",No,No ,N/A,,,,,,,1882274,General Goods and Services,,,,
Griffith University,"170 Kessels Road, Nathan Qld 4111",Subscription 30 Dec 2020 - 29 Dec 2021,2/12/2020,15584,Australian Medicines Handbook Pty Ltd,"Po Box 240, Rundle Malladelaide, Sa 5000",No,No ,N/A,,,,,,,1878366,General Goods and Services,,,,
Griffith University,"170 Kessels Road, Nathan Qld 4111",Subscription 30 Dec 2020 - 29 Dec 2021,2/12/2020,14559,Australian Medicines Handbook Pty Ltd,"Po Box 240, Rundle Malladelaide, Sa 5000",No,No ,N/A,,,,,,,1878367,General Goods and Services,,,,
Griffith University,"170 Kessels Road, Nathan Qld 4111",Service Agreement ,2/12/2020,38500,Bio-Strategy Pty Limited,"P.O Box 14,  Campbellfield, Vic, 3061",No,No ,N/A,,,,,,,347011,General Goods and Services,,,,
Griffith University,"170 Kessels Road, Nathan Qld 4111",Computing Maintenance & Support,2/12/2020,18150,Caval Limited,"4 Park Drive,  Bundoora, Vic, 3083",No,No ,N/A,,,,,,,346999,Information and Communication Technology,,,,
Griffith University,"170 Kessels Road, Nathan Qld 4111", Ibm Metric Tool Annual 2021 Sw Subscription & Support Renewal,2/12/2020,305608,Cubewise Australia Pty Ltd,"Level 11, 99 Mount St,  North Sydney, Nsw, 2060",No,No ,N/A,,,,,,,346998,Information and Communication Technology,,,,
Griffith University,"170 Kessels Road, Nathan Qld 4111",Cisco Dnac1 Wireless For Renew Only,2/12/2020,64732,Data #3 Limited,"Po Box 551,  Indooroopilly, Qld, 4068",No,No ,N/A,,,,,,,347000,Information and Communication Technology,,,,
Griffith University,"170 Kessels Road, Nathan Qld 4111",N12 Internal Door 1.59,2/12/2020,10218,Dormakaba Australia Pty Ltd,"Po Box 1035,  Narre Warren, Vic, 3803",No,No ,N/A,,,,,,,347041,Building Construction and Maintenance,,,,
Griffith University,"170 Kessels Road, Nathan Qld 4111",Consultancy National Covid-19 Data,2/12/2020,23902,Dynata Global Au Pty Ltd,"Level 11, 131 York Street, Sydney, Nsw 2000",No,No ,N/A,,,,,,,1882770,General Goods and Services,,,,
Griffith University,"170 Kessels Road, Nathan Qld 4111",Hayfever Allergy Trial Advertising,2/12/2020,12100,Ikon Communications Pty Ltd,"Level 4, 1 Kent Street,  Millers Points, Nsw, 2000",No,No ,N/A,,,,,,,347017,General Goods and Services,,,,
Griffith University,"170 Kessels Road, Nathan Qld 4111",Laboratory Consumables,2/12/2020,13010,Ivoclar Vivadent Pty Ltd,"1-5 Overseas Drive,  Noble Park  North, Vic, 3174",No,No ,N/A,,,,,,,347004,General Goods and Services,,,,
Griffith University,"170 Kessels Road, Nathan Qld 4111",Computing Maintenance & Support,2/12/2020,106204,Oracle Corporation Australia Pty Ltd,"Gpo Box 1313,  Sydney, Nsw, 2001",No,No ,N/A,,,,,,,346987,Information and Communication Technology,,,,
Griffith University,"170 Kessels Road, Nathan Qld 4111",Health Marketing Materials,2/12/2020,22000,Publicis Australia Pty Ltd,"Level 2, 164 Grey Street,  South Brisbane, Qld, 4101",No,No ,N/A,,,,,,,347015,General Goods and Services,,,,
Griffith University,"170 Kessels Road, Nathan Qld 4111",Scientific Equipment,2/12/2020,14257,Thermo Fisher Scientific Australia,"Po Box 9092,  Scoresby, Vic, 3179",No,No ,N/A,,,,,,,347012,General Goods and Services,,,,
Griffith University,"170 Kessels Road, Nathan Qld 4111",Titanium Medicare Easyclaim Module,2/12/2020,26180,Titanium Solutions Australia Ltd,"Po Box 114, Albany Village Auckland, , 1140",No,No ,N/A,,,,,,,346977,Information and Communication Technology,,,,
Griffith University,"170 Kessels Road, Nathan Qld 4111",Chemidoc Mp Imaging System,3/12/2020,96575,Bio-Rad Laboratories Pty Ltd,"Po Box 752,  Gladesville, Nsw, 1675",No,No ,N/A,,,,,,,347082,General Goods and Services,,,,
Griffith University,"170 Kessels Road, Nathan Qld 4111",Brightspace Core Annual Subscription 2020-2021,3/12/2020,110000,D2L Australia Pty Ltd,"1 Queens Road, Level 11, Suite 1144 Melbourne, Vic, 3004",No,No ,N/A,,,,,,,C01580,Information and Communication Technology,,,,
Griffith University,"170 Kessels Road, Nathan Qld 4111",Subscription Jan-Dec 2021,3/12/2020,1247523,Elsevier Inc.,"3251 Riverport Lane, Maryland Heights, Mo 63043",,No ,Limited Offer,,,,,,,1882287,General Goods and Services,,,,
Griffith University,"170 Kessels Road, Nathan Qld 4111",Smartabase Starter Bundle Annual 2020-2021 Subscription,3/12/2020,33110,Fusion Sport,"1/12 Selhurst Street,  Coopers Plains, Qld, 4108",No,No ,N/A,,,,,,,347069,Information and Communication Technology,,,,
Griffith University,"170 Kessels Road, Nathan Qld 4111",Consultancy Services,3/12/2020,20000,Jusjo Creative,"Po Box 474,  Surfers Paradise, Qld, 4217",No,No ,N/A,,,,,,,347066,General Goods and Services,,,,
Griffith University,"170 Kessels Road, Nathan Qld 4111",Q1 Consultancy Fee,3/12/2020,39600,Minh Phan,Vietnam,No,No ,N/A,,,,,,,347077,General Goods and Services,,,,
Griffith University,"170 Kessels Road, Nathan Qld 4111",New Relic Annual Pool Of Funds 2021,3/12/2020,44701,New Relic Inc,"188 Spear Street, Suite 1200,  San Francisco, Ca, 94105",No,No ,N/A,,,,,,,347068,Information and Communication Technology,,,,
Griffith University,"170 Kessels Road, Nathan Qld 4111",Health Study Area Video,3/12/2020,10835,Ride Free Media Pty Ltd,"Rooftop, Factory 1, 51 Mollison Street,  West End, Qld, 4101",No,No ,N/A,,,,,,,347101,General Goods and Services,,,,
Griffith University,"170 Kessels Road, Nathan Qld 4111",Rstudio Connect With 20 Named Users Annual 2021 Subscription,3/12/2020,10107,"Rstudio, Inc","Suite 410, 250 Northern Ave,  Boston, Ma, 02210",No,No ,N/A,,,,,,,347071,Information and Communication Technology,,,,
Griffith University,"170 Kessels Road, Nathan Qld 4111",Nextera Flex Library Prep,4/12/2020,30349,Australian Genome Research Facility Ltd,"Level 5 Gehrmann Laboratories, Research Road St Lucia, Qld, 4072",No,No ,N/A,,,,,,,347144,General Goods and Services,,,,
Griffith University,"170 Kessels Road, Nathan Qld 4111",Biologicals/Chemicals,4/12/2020,20691,Bio-Strategy Pty Limited,"P.O Box 14,  Campbellfield, Vic, 3061",No,No ,N/A,,,,,,,347137,General Goods and Services,,,,
Griffith University,"170 Kessels Road, Nathan Qld 4111",Biologicals/Chemicals,4/12/2020,16044,Bio-Strategy Pty Limited,"P.O Box 14,  Campbellfield, Vic, 3061",No,No ,N/A,,,,,,,347167,General Goods and Services,,,,
Griffith University,"170 Kessels Road, Nathan Qld 4111",Subscription Jan-Dec 2021,4/12/2020,32495,Council Of Aust. University Librarians,"9 Napier Close, Deakin, Act 2600",No,No ,N/A,,,,,,,1883033,General Goods and Services,,,,
Griffith University,"170 Kessels Road, Nathan Qld 4111",Subscription Jan-Dec 2021,4/12/2020,27500,Council Of Aust. University Librarians,"9 Napier Close, Deakin, Act 2600",No,No ,N/A,,,,,,,1883188,General Goods and Services,,,,
Griffith University,"170 Kessels Road, Nathan Qld 4111",Springer Publishing ,4/12/2020,14092,Igroup (Australasia) Pty Ltd,"Po Box 522, Glen Waverley, Vic 3150",No,No ,N/A,,,,,,,1883072,General Goods and Services,,,,
Griffith University,"170 Kessels Road, Nathan Qld 4111",2020 Access License,4/12/2020,28172,John Wiley & Sons Inc - Usa,"Po Box 416502, Boston, Ma 02241-6502",No,No ,N/A,,,,,,,1883059,General Goods and Services,,,,
Griffith University,"170 Kessels Road, Nathan Qld 4111",Biologicals/Chemicals,4/12/2020,25886,Merck Pty Ltd,"Ground Floor, Building 1, 885 Mountain Highway Bayswater, Vic, 3153",No,No ,N/A,,,,,,,347133,General Goods and Services,,,,
Griffith University,"170 Kessels Road, Nathan Qld 4111",E-Book Purchase,4/12/2020,60124,Proquest Llc,"6216 Paysphere Circle, Chicago, Il 60674",No,No ,N/A,,,,,,,1882509,General Goods and Services,,,,
Griffith University,"170 Kessels Road, Nathan Qld 4111",Onshore Pathway Videos,4/12/2020,11638,Ride Free Media Pty Ltd,"Rooftop, Factory 1, 51 Mollison Street,  West End, Qld, 4101",No,No ,N/A,,,,,,,347139,General Goods and Services,,,,
Griffith University,"170 Kessels Road, Nathan Qld 4111",Sciences Asset Plan Enabling,4/12/2020,83490,Rider Levett Bucknall Qld Pty Ltd,"Gpo Box 1383,  Brisbane, Qld, 4000",No,No ,N/A,,,,,,,347151,General Goods and Services,,,,
Griffith University,"170 Kessels Road, Nathan Qld 4111",Subscription Jan-Dec 2021,4/12/2020,27317,"Sage Publications, Ltd.","Unit 18 Titan Drive, Fengate East, Peterborough,  Pe1 5Xn",No,No ,N/A,,,,,,,1881986,General Goods and Services,,,,
Griffith University,"170 Kessels Road, Nathan Qld 4111",Subscription Jan-Dec 2021,4/12/2020,166546,Springer Customer Service Centre Gmbh,"Haberstrasse 7, Heidelberg,  D69126",No,No ,N/A,,,,,,,1881296,General Goods and Services,,,,
Griffith University,"170 Kessels Road, Nathan Qld 4111",Indigovision Sla G40 ,4/12/2020,71650,Videopro Pty Ltd,"37 Eagleview Place,  Eagle Farm, Qld, 4009",No,No ,N/A,,,,,,,347152,General Goods and Services,,,,
Griffith University,"170 Kessels Road, Nathan Qld 4111",Operational Fee (Jan - March 2021),7/12/2020,129945,Am Educon Service (Opc) Pvt Ltd,"3459-B, Sector-23 Haryana, , 122017",No,No ,N/A,,,,,,,347258,General Goods and Services,,,,
Griffith University,"170 Kessels Road, Nathan Qld 4111","N80 Chiller Plant West, Construction",7/12/2020,95455,Badge Constructions (Qld) Pty Ltd,"63 Oxford Street,  Bulimba, Qld, 4171",No,No ,N/A,,,,,,,347251,Building Construction and Maintenance,,,,
Griffith University,"170 Kessels Road, Nathan Qld 4111",Facilitation Of Gchkp Strategic Planning Workshop,7/12/2020,10780,Bbs Communications Group Pty Ltd,"Gpo Box 2902,  Brisbane, Qld, 4001",No,No ,N/A,,,,,,,347244,General Goods and Services,,,,
Griffith University,"170 Kessels Road, Nathan Qld 4111",Biologicals/Chemicals,7/12/2020,17342,Bio-Strategy Pty Limited,"P.O Box 14,  Campbellfield, Vic, 3061",No,No ,N/A,,,,,,,347296,General Goods and Services,,,,
Griffith University,"170 Kessels Road, Nathan Qld 4111",Biomedical Consultancy Ra-002-Gfi,7/12/2020,25000,Daniel Martinez Marquez,Gold Coast,No,No ,N/A,,,,,,,347212,General Goods and Services,,,,
Griffith University,"170 Kessels Road, Nathan Qld 4111",G10 Concealed Spaces Device Replacement,7/12/2020,27984,Dylmount Pty Ltd,"Po Box 57,  Albion, Qld, 4010",No,No ,N/A,,,,,,,347276,Building Construction and Maintenance,,,,
Griffith University,"170 Kessels Road, Nathan Qld 4111",Non Whs Clothing,7/12/2020,11602,Dynasty Sport,"2/5 Karen Avenue,  Mermaid Beach, Qld, 4218",No,No ,N/A,,,,,,,347210,General Goods and Services,,,,
Griffith University,"170 Kessels Road, Nathan Qld 4111",Akta Flux 6 Cat # 29038438,7/12/2020,49501,Global Life Sciences Solutions Australia,"32 Phillip Street,  Parramatta, Nsw, 2150",No,No ,N/A,,,,,,,347211,General Goods and Services,,,,
Griffith University,"170 Kessels Road, Nathan Qld 4111",Postgraduate Campaign,7/12/2020,55000,Ikon Communications Pty Ltd,"Level 4, 1 Kent Street,  Millers Points, Nsw, 2000",No,No ,N/A,,,,,,,347224,General Goods and Services,,,,
Griffith University,"170 Kessels Road, Nathan Qld 4111",Media Strategy Work,7/12/2020,33000,Ikon Communications Pty Ltd,"Level 4, 1 Kent Street,  Millers Points, Nsw, 2000",No,No ,N/A,,,,,,,347225,General Goods and Services,,,,
Griffith University,"170 Kessels Road, Nathan Qld 4111",Explore Your Options Media,7/12/2020,42339,Ikon Communications Pty Ltd,"Level 4, 1 Kent Street,  Millers Points, Nsw, 2000",No,No ,N/A,,,,,,,347226,General Goods and Services,,,,
Griffith University,"170 Kessels Road, Nathan Qld 4111",Health Clinics Sem Ao,7/12/2020,19800,Ikon Communications Pty Ltd,"Level 4, 1 Kent Street,  Millers Points, Nsw, 2000",No,No ,N/A,,,,,,,347260,General Goods and Services,,,,
Griffith University,"170 Kessels Road, Nathan Qld 4111",Health Sem Ao Recruitment,7/12/2020,66000,Ikon Communications Pty Ltd,"Level 4, 1 Kent Street,  Millers Points, Nsw, 2000",No,No ,N/A,,,,,,,347261,General Goods and Services,,,,
Griffith University,"170 Kessels Road, Nathan Qld 4111",Health Pg Campaign ,7/12/2020,27500,Ikon Communications Pty Ltd,"Level 4, 1 Kent Street,  Millers Points, Nsw, 2000",No,No ,N/A,,,,,,,347262,General Goods and Services,,,,
Griffith University,"170 Kessels Road, Nathan Qld 4111",Annual Report 2019-2020,7/12/2020,27610,Jsa Design,"Po Box 1580,  Fortitude Valley, Qld, 4006",No,No ,N/A,,,,,,,347217,General Goods and Services,,,,
Griffith University,"170 Kessels Road, Nathan Qld 4111",Brand Campaign - Tv Partnership Costs,7/12/2020,35036,Mediacom Australia Pty Ltd,"Gpo Box 1000,  Brisbane, Qld, 4001",No,No ,N/A,,,,,,,347223,General Goods and Services,,,,
Griffith University,"170 Kessels Road, Nathan Qld 4111",Atomic Force Microscope ,7/12/2020,33314,"New Life Scientific, Inc","300 Dupler Ave.,  Cridersville, Oh, 45806",No,No ,N/A,,,,,,,347252,General Goods and Services,,,,
Griffith University,"170 Kessels Road, Nathan Qld 4111",Pearson Online Access,7/12/2020,71750,Pearson Australia Group Pty Ltd,"Suite 1001 Level 10, 151 Castlereagh Street, Sydney, Nsw, 2000",No,No ,N/A,,,,,,,347285,General Goods and Services,,,,
Griffith University,"170 Kessels Road, Nathan Qld 4111",Multigas Incubator,7/12/2020,11550,Scope Scientific,"Po Box 2131,  Kelvin Grove, Qld, 4059",No,No ,N/A,,,,,,,347269,General Goods and Services,,,,
Griffith University,"170 Kessels Road, Nathan Qld 4111",100 Hours Block Service Agreement,8/12/2020,15840,Advanced Laboratory Maintenance,"Po Box 713,  Rochedale, Qld, 4123",No,No ,N/A,,,,,,,347324,General Goods and Services,,,,
Griffith University,"170 Kessels Road, Nathan Qld 4111",Insurance Program Renewal 2020,8/12/2020,3510215,Arthur J Gallagher & Co (Aus) Limited,"80 Pacific Highway, North Sydney, Nsw 2060",,No ,Limited Offer,,,,,,,1884064,General Goods and Services,,,,
Griffith University,"170 Kessels Road, Nathan Qld 4111",Investment Strategy Setting,8/12/2020,27500,Barrington Asset Consulting Pty Ltd,"Level 11, 66 Clarence Street Sydney, Nsw, 2000",No,No ,N/A,,,,,,,347318,General Goods and Services,,,,
Griffith University,"170 Kessels Road, Nathan Qld 4111",Careerhub Cloud Service Enabled,8/12/2020,686872,Careerhub Pty Ltd,"444 Brunswick Street,  Fortitude Valley, Qld, 4006",No,No ,Limited Offer,,,,,,,C01648,Information and Communication Technology,,,,
Griffith University,"170 Kessels Road, Nathan Qld 4111",Azure Sept 2020 Subscription,8/12/2020,51316,Data #3 Limited,"Po Box 551,  Indooroopilly, Qld, 4068",No,No ,N/A,,,,,,,347302,Information and Communication Technology,,,,
Griffith University,"170 Kessels Road, Nathan Qld 4111",Hart Publishing Updates,8/12/2020,31665,Igroup (Australasia) Pty Ltd,"Po Box 522, Glen Waverley, Vic 3150",No,No ,N/A,,,,,,,1883418,General Goods and Services,,,,
Griffith University,"170 Kessels Road, Nathan Qld 4111",Brand Campaign - Partnerships,8/12/2020,210650,Ikon Communications Pty Ltd,"Level 4, 1 Kent Street,  Millers Points, Nsw, 2000",No,No ,N/A,,,,,,,347311,General Goods and Services,,,,
Griffith University,"170 Kessels Road, Nathan Qld 4111",Always On Search Advertising,8/12/2020,110000,Ikon Communications Pty Ltd,"Level 4, 1 Kent Street,  Millers Points, Nsw, 2000",No,No ,N/A,,,,,,,347312,General Goods and Services,,,,
Griffith University,"170 Kessels Road, Nathan Qld 4111",Verticurl Ux Optimisation Project,8/12/2020,57200,Ikon Communications Pty Ltd,"Level 4, 1 Kent Street,  Millers Points, Nsw, 2000",No,No ,N/A,,,,,,,347313,General Goods and Services,,,,
Griffith University,"170 Kessels Road, Nathan Qld 4111",Pg - Ael Media,8/12/2020,27500,Ikon Communications Pty Ltd,"Level 4, 1 Kent Street,  Millers Points, Nsw, 2000",No,No ,N/A,,,,,,,347331,General Goods and Services,,,,
Griffith University,"170 Kessels Road, Nathan Qld 4111",Consultancy ,8/12/2020,11990,Judy Gregory Writer,Brisbane,No,No ,N/A,,,,,,,347319,General Goods and Services,,,,
Griffith University,"170 Kessels Road, Nathan Qld 4111",Brand Campaign - Media Upweights,8/12/2020,188005,Mediacom Australia Pty Ltd,"Gpo Box 1000,  Brisbane, Qld, 4001",No,No ,N/A,,,,,,,347309,General Goods and Services,,,,
Griffith University,"170 Kessels Road, Nathan Qld 4111",Online Resource Access,8/12/2020,14104,Oxford University Press Uk,"The Cashiers Office, Great Clarendon Streetoxford,  Ox2 6Dp",No,No ,N/A,,,,,,,1883426,General Goods and Services,,,,
Griffith University,"170 Kessels Road, Nathan Qld 4111",Online Resource Access,8/12/2020,12448,Oxford University Press Uk,"The Cashiers Office, Great Clarendon Streetoxford,  Ox2 6Dp",No,No ,N/A,,,,,,,1883427,General Goods and Services,,,,
Griffith University,"170 Kessels Road, Nathan Qld 4111",Online Resource Access,8/12/2020,29603,Oxford University Press Uk,"The Cashiers Office, Great Clarendon Streetoxford,  Ox2 6Dp",No,No ,N/A,,,,,,,1883428,General Goods and Services,,,,
Griffith University,"170 Kessels Road, Nathan Qld 4111",Online Resource Access,8/12/2020,33246,Oxford University Press Uk,"The Cashiers Office, Great Clarendon Streetoxford,  Ox2 6Dp",No,No ,N/A,,,,,,,1883430,General Goods and Services,,,,
Griffith University,"170 Kessels Road, Nathan Qld 4111",Online Resource Access,8/12/2020,28237,Oxford University Press Uk,"The Cashiers Office, Great Clarendon Streetoxford,  Ox2 6Dp",No,No ,N/A,,,,,,,1883432,General Goods and Services,,,,
Griffith University,"170 Kessels Road, Nathan Qld 4111",Online Resource Access,8/12/2020,43266,Oxford University Press Uk,"The Cashiers Office, Great Clarendon Streetoxford,  Ox2 6Dp",No,No ,N/A,,,,,,,1883433,General Goods and Services,,,,
Griffith University,"170 Kessels Road, Nathan Qld 4111",Computing Maintenance & Support,8/12/2020,233198,Pricewaterhouse Coopers Info Tech Serv,"Po Box 1943,  Wollongong, Nsw, 2500",Yes,No ,N/A,,,,,,,C00828,Information and Communication Technology,,,,
Griffith University,"170 Kessels Road, Nathan Qld 4111",Data Centre Rcd Replacement ,8/12/2020,10450,Rider Levett Bucknall Qld Pty Ltd,"Gpo Box 1383,  Brisbane, Qld, 4000",No,No ,N/A,,,,,,,347342,Building Construction and Maintenance,,,,
Griffith University,"170 Kessels Road, Nathan Qld 4111",Creative Direction Professional,9/12/2020,25630,Chimera Project,"44 Mirbelia Street,  Everton Hills, Qld, 4053",No,No ,N/A,,,,,,,347406,General Goods and Services,,,,
Griffith University,"170 Kessels Road, Nathan Qld 4111",Optical Table With Vibration Isolation System,9/12/2020,29816,Coherent Scientific Pty Ltd,"Unit 2, 32 West Thebarton Road,  Thebarton, Sa, 5031",No,No ,N/A,,,,,,,347375,General Goods and Services,,,,
Griffith University,"170 Kessels Road, Nathan Qld 4111",Multi-Kilohertz Femtosecond Laser System,9/12/2020,1266994,Coherent Scientific Pty Ltd,"Unit 2, 32 West Thebarton Road,  Thebarton, Sa, 5031",,No ,Open Offer,,,,,,,347376,General Goods and Services,,,,
Griffith University,"170 Kessels Road, Nathan Qld 4111",Wj Cultural Immersion Program,9/12/2020,16000,Djahgu Wan Yagan Pty Ltd,"Po Box 3401,  Red Hill Rockhampton, Qld, 4701",No,No ,N/A,,,,,,,347373,General Goods and Services,,,,
Griffith University,"170 Kessels Road, Nathan Qld 4111",Sage Research Methods,9/12/2020,56579,Igroup ( Asia Pacific) Ltd,"Room 3703-5, 37/F, 9 Wing Hong Street, Cheung Sha Wankowloon,  ",No,No ,N/A,,,,,,,1883613,General Goods and Services,,,,
Griffith University,"170 Kessels Road, Nathan Qld 4111",Sciences Postgrad Advertising Campaign ,9/12/2020,27500,Ikon Communications Pty Ltd,"Level 4, 1 Kent Street,  Millers Points, Nsw, 2000",No,No ,N/A,,,,,,,347374,General Goods and Services,,,,
Griffith University,"170 Kessels Road, Nathan Qld 4111",Top Up Of Annual Support Hours,9/12/2020,20944,Integral Technology Solutions Pty Ltd,"Level 2, 201 Leichardt Street,  Spring Hill, Qld, 4000",No,No ,N/A,,,,,,,347402,General Goods and Services,,,,
Griffith University,"170 Kessels Road, Nathan Qld 4111",Olympus Imaging Platform Ix83,9/12/2020,59467,Olympus Australia Pty Ltd,"Po Box 985,  Mt Waverley, Vic, 3149",No,No ,N/A,,,,,,,347381,General Goods and Services,,,,
Griffith University,"170 Kessels Road, Nathan Qld 4111",Taylor Francis Perpetual Acquisition,9/12/2020,277559,Proquest Llc,"6216 Paysphere Circle, Chicago, Il 60674",No,No ,N/A,,,,,,,1883610,General Goods and Services,,,,
Griffith University,"170 Kessels Road, Nathan Qld 4111",Vario Chemistry Pumping Unit ,9/12/2020,41089,Scitek Australia Pty Ltd,"Po Box 355,  Milsons Point, Nsw, 1565",No,No ,N/A,,,,,,,347404,General Goods and Services,,,,
Griffith University,"170 Kessels Road, Nathan Qld 4111",Caudit Membership N/A Annual 2021 Subscription,10/12/2020,23695,Caudit,"Meeting Secretariat, Conference Logistics, Po Box 6150 Kingston, Act, 2604",No,No ,N/A,,,,,,,347465,General Goods and Services,,,,
Griffith University,"170 Kessels Road, Nathan Qld 4111",Growing Annual 2021-2022 Subscription,10/12/2020,108675,Feedbackfruits,", Plantage Middenlaan 60 Amsterdam, , 1018 Dh",No,No ,N/A,,,,,,,347461,Information and Communication Technology,,,,
Griffith University,"170 Kessels Road, Nathan Qld 4111",Partnerships Tv,10/12/2020,16500,Ikon Communications Pty Ltd,"Level 4, 1 Kent Street, Millers Points, Nsw 2000",No,No ,N/A,,,,,,,1884734,General Goods and Services,,,,
Griffith University,"170 Kessels Road, Nathan Qld 4111",Short Courses And Micro-Creds Campaign,10/12/2020,92400,Ikon Communications Pty Ltd,"Level 4, 1 Kent Street,  Millers Points, Nsw, 2000",No,No ,N/A,,,,,,,347494,General Goods and Services,,,,
Griffith University,"170 Kessels Road, Nathan Qld 4111",Ebook Collection 2020,10/12/2020,30232,IOP Publishing Ltd,"Temple Circus, Temple Waybristol,  Bs1 6Hg",No,No ,N/A,,,,,,,1881010,General Goods and Services,,,,
Griffith University,"170 Kessels Road, Nathan Qld 4111",Pda 09_Nov2020_Kde,10/12/2020,30000,Kanopy,"781 Beach Street, Second Floor, San Francisco, Ca 94133",No,No ,N/A,,,,,,,1884812,General Goods and Services,,,,
Griffith University,"170 Kessels Road, Nathan Qld 4111",Explore Your Options Atn,10/12/2020,16735,Mediacom Australia Pty Ltd,"Level 17, 65 Berry Streetnorth Sydney, Nsw 2060",No,No ,N/A,,,,,,,1884743,General Goods and Services,,,,
Griffith University,"170 Kessels Road, Nathan Qld 4111",Managed Support ,10/12/2020,36300,Mojo Soup Pty Ltd,"Suite 103, Level 1, 200 Creek Street,  Spring Hill, Qld, 4000",No,No ,N/A,,,,,,,347520,General Goods and Services,,,,
Griffith University,"170 Kessels Road, Nathan Qld 4111",Computing Maintenance & Support,10/12/2020,514000,Oracle Corporation Australia Pty Ltd,"Gpo Box 1313,  Sydney, Nsw, 2001",,No ,Open Offer,,,,,,,347490,Information and Communication Technology,,,,
Griffith University,"170 Kessels Road, Nathan Qld 4111",Computing Maintenance & Support,10/12/2020,26694,Osisoft Llc,"1600 Alvarado Street,  San Leandro, Ca, 94577",No,No ,N/A,,,,,,,347460,Information and Communication Technology,,,,
Griffith University,"170 Kessels Road, Nathan Qld 4111","Intota Erm, Discovery And  Assessment Annual 2021 Subscription",10/12/2020,138601,Proquest Llc,"6216 Paysphere Circle,  Chicago, Il, 60674",No,No ,N/A,,,,,,,347491,Information and Communication Technology,,,,
Griffith University,"170 Kessels Road, Nathan Qld 4111",Qtac Website Advertising,10/12/2020,11700,Queensland Tertiary Admissions Centre Lt,"Po Box 1331, Milton, Qld 4064",No,No ,N/A,,,,,,,1884730,General Goods and Services,,,,
Griffith University,"170 Kessels Road, Nathan Qld 4111",Squiz Head Hours,10/12/2020,14025,Squiz Australia Pty Ltd,"2/10 Browning St, West End, Qld 4101",No,No ,N/A,,,,,,,1884729,General Goods and Services,,,,
Griffith University,"170 Kessels Road, Nathan Qld 4111",Computing Maintenance & Support,10/12/2020,16211,Surebridge Pty Ltd,"Po Box 1583,  Toowong, Qld, 4066",No,No ,N/A,,,,,,,347466,Information and Communication Technology,,,,
Griffith University,"170 Kessels Road, Nathan Qld 4111",Pop Up Sprinklers ,11/12/2020,10440,Aquatrax Pty Ltd T/A Team Irrigation Sol,"Po Box 200,  Capalaba, Qld, 4157",No,No ,N/A,,,,,,,347617,Building Construction and Maintenance,,,,
Griffith University,"170 Kessels Road, Nathan Qld 4111",Additional Idp Fee Annual 2021 Subscription,11/12/2020,14969,Australian Access Federation Inc,"Po Box 9432,  Deakin, Act, 2600",No,No ,N/A,,,,,,,347555,Information and Communication Technology,,,,
Griffith University,"170 Kessels Road, Nathan Qld 4111",Sciences Asset Plan Enabling Works ,11/12/2020,13739,Building Certifiers Australia Pty Ltd,"Po Box 911,  Caloundra, Qld, 4551",No,No ,N/A,,,,,,,347566,Building Construction and Maintenance,,,,
Griffith University,"170 Kessels Road, Nathan Qld 4111",Bio X 3D Bioprinter,11/12/2020,40970,Cellink Ab,"Arvid Wallgrens Backe 20,  Gothenburg, , 41346",No,No ,N/A,,,,,,,347553,General Goods and Services,,,,
Griffith University,"170 Kessels Road, Nathan Qld 4111",Subscription Jan-Dec 2021,11/12/2020,48483,Council Of Aust. University Librarians,"9 Napier Close, Deakin, Act 2600",No,No ,N/A,,,,,,,1883612,General Goods and Services,,,,
Griffith University,"170 Kessels Road, Nathan Qld 4111",N80 Chiller Plant Network Switch & Wap Equipment ,11/12/2020,44441,Data #3 Limited,"Po Box 551,  Indooroopilly, Qld, 4068",No,No ,N/A,,,,,,,347593,Building Construction and Maintenance,,,,
Griffith University,"170 Kessels Road, Nathan Qld 4111",Subscription Jan-Dec 2021,11/12/2020,149903,Ebsco International Inc,"Subscription Services, Attn John Siweknorth Sydney, Nsw 2060",No,No ,N/A,,,,,,,1883967,General Goods and Services,,,,
Griffith University,"170 Kessels Road, Nathan Qld 4111",Subscription Jan-Dec 2021,11/12/2020,67202,Ebsco International Inc,"Subscription Services, Attn John Siweknorth Sydney, Nsw 2060",No,No ,N/A,,,,,,,1883968,General Goods and Services,,,,
Griffith University,"170 Kessels Road, Nathan Qld 4111",Online Access 1 Year 2021,11/12/2020,19154,Ebsco International Inc,"Subscription Services, Attn John Siweknorth Sydney, Nsw 2060",No,No ,N/A,,,,,,,1883985,General Goods and Services,,,,
Griffith University,"170 Kessels Road, Nathan Qld 4111",Subscription Jan-Dec 2021,11/12/2020,158482,Elsevier Inc.,"3251 Riverport Lane, Maryland Heights, Mo 63043",No,No ,N/A,,,,,,,1884863,General Goods and Services,,,,
Griffith University,"170 Kessels Road, Nathan Qld 4111",Digital Marketing Africa And Latin America,11/12/2020,14594,FPP Edu Media - Brazil,"Suite 253, 9550 S. Eastern Avelas Vegas, Nv 89123",No,No ,N/A,,,,,,,1884869,General Goods and Services,,,,
Griffith University,"170 Kessels Road, Nathan Qld 4111",Consultancy Future Vision,11/12/2020,18150,Future Sply Pty Ltd,"2 Northcote Road,  Armadale, Vic, 3143",No,No ,N/A,,,,,,,347552,General Goods and Services,,,,
Griffith University,"170 Kessels Road, Nathan Qld 4111",Subscription Jan-Dec 2021,11/12/2020,13583,Igroup (Australasia) Pty Ltd,"Po Box 522, Glen Waverley, Vic 3150",No,No ,N/A,,,,,,,1884861,General Goods and Services,,,,
Griffith University,"170 Kessels Road, Nathan Qld 4111",Nuke Education Collective Annual 2021-2022 Subscription,11/12/2020,16995,Intraware Australia Pty Ltd,"Level 4, 97 Pacific Highway,  North Sydney, Nsw, 2060",No,No ,N/A,,,,,,,347558,Information and Communication Technology,,,,
Griffith University,"170 Kessels Road, Nathan Qld 4111",Subscription Licence Fees,11/12/2020,718681,John Wiley & Sons Australia Ltd,"Po Box 1226, Milton, Qld 5064",No,No ,Limited Offer,,,,,,,1883949,General Goods and Services,,,,
Griffith University,"170 Kessels Road, Nathan Qld 4111",Digital Access Licence,11/12/2020,77029,John Wiley & Sons Inc - Usa,"Po Box 416502, Boston, Ma 02241-6502",No,No ,N/A,,,,,,,1884864,General Goods and Services,,,,
Griffith University,"170 Kessels Road, Nathan Qld 4111",Sewer Repairs S01,11/12/2020,16324,Kpm Plumbing Pty Ltd,"159 Raymont Road,  Alderley, Qld, 4051",No,No ,N/A,,,,,,,347550,Building Construction and Maintenance,,,,
Griffith University,"170 Kessels Road, Nathan Qld 4111",Research Strategy Consulting ,11/12/2020,16000,League Of Scholars Pty Ltd ¿,"12 Palomar Parade,  Freshwater, Nsw, 2096",No,No ,N/A,,,,,,,347556,General Goods and Services,,,,
Griffith University,"170 Kessels Road, Nathan Qld 4111",Business And Government Undergraduate Guide 2022.,11/12/2020,22000,Luke Marsden Photo,Brisbane,No,No ,N/A,,,,,,,347537,General Goods and Services,,,,
Griffith University,"170 Kessels Road, Nathan Qld 4111",Wechat Content And Translations,11/12/2020,22000,Media All In One Pty Ltd,"Level 11, 520 Collins Street Melbourne, Vic, 3000",No,No ,N/A,,,,,,,347572,General Goods and Services,,,,
Griffith University,"170 Kessels Road, Nathan Qld 4111",Hirf Service Agreement For Mri Scans,11/12/2020,14025,Metro North Hospital & Health Service,"Revenue Services Unit - Rbwh, Block 7, 8Th Floor, Herston Road Herston, Qld, 4029",No,No ,N/A,,,,,,,347538,General Goods and Services,,,,
Griffith University,"170 Kessels Road, Nathan Qld 4111",Market Research,11/12/2020,74745,Nature Pty Ltd,"139 Dover Street,  Cremorne, Vic, 3121",No,No ,N/A,,,,,,,347615,General Goods and Services,,,,
Griffith University,"170 Kessels Road, Nathan Qld 4111",Olympus Ckx3 Microscope,11/12/2020,16402,Olympus Australia Pty Ltd,"Po Box 985,  Mt Waverley, Vic, 3149",No,No ,N/A,,,,,,,347577,General Goods and Services,,,,
Griffith University,"170 Kessels Road, Nathan Qld 4111",Subscription Jan-Dec 2021,11/12/2020,38742,Oxford University Press Uk,"The Cashiers Office, Great Clarendon Streetoxford,  Ox2 6Dp",No,No ,N/A,,,,,,,1883822,General Goods and Services,,,,
Griffith University,"170 Kessels Road, Nathan Qld 4111",S02 Chiller Spring Modification,11/12/2020,39863,Precise Air Group P/L,"Po Box 1859,  Springwood, Qld, 4128",No,No ,N/A,,,,,,,347598,Building Construction and Maintenance,,,,
Griffith University,"170 Kessels Road, Nathan Qld 4111",S01 Ahu Vsds And Ssrs,11/12/2020,32640,Precise Air Group P/L,"Po Box 1859,  Springwood, Qld, 4128",No,No ,N/A,,,,,,,347601,Building Construction and Maintenance,,,,
Griffith University,"170 Kessels Road, Nathan Qld 4111",S01 Ahu Vsds & Ssrs,11/12/2020,13087,Precise Air Group P/L,"Po Box 1859,  Springwood, Qld, 4128",No,No ,N/A,,,,,,,347607,Building Construction and Maintenance,,,,
Griffith University,"170 Kessels Road, Nathan Qld 4111",N27&N75 Fire Door Work,11/12/2020,24921,Protective Fire Solutions Pty Ltd,"9/11 Forge Close,  Sumner, Qld, 4074",No,No ,N/A,,,,,,,347563,Building Construction and Maintenance,,,,
Griffith University,"170 Kessels Road, Nathan Qld 4111",Subscription Jan-Dec 2021,11/12/2020,92264,"Sage Publications, Ltd.","Unit 18 Titan Drive, Fengate East, Peterborough,  Pe1 5Xn",No,No ,N/A,,,,,,,1883609,General Goods and Services,,,,
Griffith University,"170 Kessels Road, Nathan Qld 4111",B Bus Co-Curr Videos &Video Post Edit,11/12/2020,55000,Serotonin Creative,"22 Petrie Terrace,  Brisbane, Qld, 4000",No,No ,N/A,,,,,,,347535,General Goods and Services,,,,
Griffith University,"170 Kessels Road, Nathan Qld 4111",12-Month Extended Warranty ,11/12/2020,39010,Solve Scientific Pty Ltd,"Po Box 3361,  Birkdale, Qld, 4159",No,No ,N/A,,,,,,,347608,General Goods and Services,,,,
Griffith University,"170 Kessels Road, Nathan Qld 4111",N79 Audiovisual Equipment,11/12/2020,50597,Videopro Pty Ltd,"37 Eagleview Place,  Eagle Farm, Qld, 4009",No,No ,N/A,,,,,,,347595,General Goods and Services,,,,
Griffith University,"170 Kessels Road, Nathan Qld 4111","Exo Handheld Display ""2.0""",11/12/2020,16536,Xylem Water Solutions Australia Ltd,"Po Box 2065,  Mansfield, Qld, 4122",No,No ,N/A,,,,,,,347569,General Goods and Services,,,,
Griffith University,"170 Kessels Road, Nathan Qld 4111",T3 Campaign - Social Media,13/12/2020,15986,Ikon Communications Pty Ltd,"Level 4, 1 Kent Street, Millers Points, Nsw 2000",No,No ,N/A,,,,,,,1882473,General Goods and Services,,,,
Griffith University,"170 Kessels Road, Nathan Qld 4111",Signage,14/12/2020,67641,Proav Solutions Queensland,"Po Box 2722,  Toowong, Qld, 4066",No,No ,N/A,,,,,,,347656,General Goods and Services,,,,
Griffith University,"170 Kessels Road, Nathan Qld 4111",Refinitiv Tick History Annual 2021 Subscription,14/12/2020,29961,Refinitiv Australia Pty Limited,"Level 10, 60 Margaret Street Sydney, Nsw, 2000",No,No ,N/A,,,,,,,347652,Information and Communication Technology,,,,
Griffith University,"170 Kessels Road, Nathan Qld 4111",Scientific Equipment,14/12/2020,16876,Thorlabs Inc,"56 Sparta Avenue,  Newton, Nj, 07860",No,No ,N/A,,,,,,,347639,General Goods and Services,,,,
Griffith University,"170 Kessels Road, Nathan Qld 4111",Incites Subscription 27 Nov 2020 - 26 Nov 2021,15/12/2020,159397,Clarivate Analytics (Uk) Limited,"Friars House, 160 Blackfriars Roadlondon,  Se1 8Ez",No,No ,N/A,,,,,,,1883615,General Goods and Services,,,,
Griffith University,"170 Kessels Road, Nathan Qld 4111",Subscription Jan-Dec 2021,15/12/2020,38642,Clarivate Analytics (Uk) Limited,"Friars House, 160 Blackfriars Roadlondon,  Se1 8Ez",No,No ,N/A,,,,,,,1884912,General Goods and Services,,,,
Griffith University,"170 Kessels Road, Nathan Qld 4111",Subscription Jan-Dec 2021,15/12/2020,14497,Elsevier Inc.,"3251 Riverport Lane, Maryland Heights, Mo 63043",No,No ,N/A,,,,,,,1884865,General Goods and Services,,,,
Griffith University,"170 Kessels Road, Nathan Qld 4111",Subscription Jan-Dec 2021,15/12/2020,18618,Mcgraw Hill Llc,"1325 Avenue Of The Americas, New York, Ny 10019",No,No ,N/A,,,,,,,1885521,General Goods and Services,,,,
Griffith University,"170 Kessels Road, Nathan Qld 4111",Subscription Jan-Dec 2021,15/12/2020,12819,Mcgraw Hill Llc,"1325 Avenue Of The Americas, New York, Ny 10019",No,No ,N/A,,,,,,,1885522,General Goods and Services,,,,
Griffith University,"170 Kessels Road, Nathan Qld 4111",Recruitment Fees,15/12/2020,55000,Robinson Fitzgerald Pty Ltd,"Suite 26, 138 Juliette Street,  Greenslopes, Qld, 4120",No,No ,N/A,,,,,,,347721,General Goods and Services,,,,
Griffith University,"170 Kessels Road, Nathan Qld 4111",Incubator Co2 Water-Jacketed ,15/12/2020,12373,Thermo Fisher Scientific Australia,"Po Box 9092,  Scoresby, Vic, 3179",No,No ,N/A,,,,,,,347704,General Goods and Services,,,,
Griffith University,"170 Kessels Road, Nathan Qld 4111",Scada Upgrade Equipment,16/12/2020,31169,Drives & Process Engineering Pty Ltd,"Po Box 4067, Forest Lake, Qld 4078",No,No ,N/A,,,,,,,1881989,General Goods and Services,,,,
Griffith University,"170 Kessels Road, Nathan Qld 4111",Website Measurement Research,16/12/2020,60060,Global Reviews (Asia Pacific) Pty Ltd,"Level 8, 432 St Kilda Road,  Melbourne, Vic, 3004",No,No ,N/A,,,,,,,347729,General Goods and Services,,,,
Griffith University,"170 Kessels Road, Nathan Qld 4111",Qpac Screens Booking,16/12/2020,13200,Queensland Performing Arts Trust,"Po Box 3567, Sth Brisbane, Qld 4101",No,No ,N/A,,,,,,,1884815,General Goods and Services,,,,
Griffith University,"170 Kessels Road, Nathan Qld 4111",Subscription Jan-Dec 2021,16/12/2020,169602,"Sage Publications, Ltd.","Unit 18 Titan Drive, Fengate East, Peterborough,  Pe1 5Xn",No,No ,N/A,,,,,,,1884713,General Goods and Services,,,,
Griffith University,"170 Kessels Road, Nathan Qld 4111",Subscription Jan-Dec 2021,17/12/2020,254547,Rmit Training Pty Ltd,"Po Box 12058  A'Beckett Street, Melbourne, Vic 8006",No,No ,N/A,,,,,,,1880988,General Goods and Services,,,,
Griffith University,"170 Kessels Road, Nathan Qld 4111",Preference Reinforcement Dm,18/12/2020,16927,Smart Comm (Aust) P/L,"Po Box 3508, Tingalpa Dc, Qld 4173",No,No ,N/A,,,,,,,1880442,General Goods and Services,,,,
Griffith University,"170 Kessels Road, Nathan Qld 4111",Oua Csp3 2020 Commission,20/12/2020,1862244,Open Universities Australia,"Level 1/473 Bourke St, Melbourne, Vic 3000",,No ,Limited Offer,,,,,,,1884717,General Goods and Services,,,,
Griffith University,"170 Kessels Road, Nathan Qld 4111",Subscription Jan-Dec 2021,20/12/2020,33990,Therapeutic Guidelines Ltd,"Ground Floor, 473 Victoria Street, West Melbourne, Vic 3003",No,No ,N/A,,,,,,,1881017,General Goods and Services,,,,
Griffith University,"170 Kessels Road, Nathan Qld 4111",Postgrad Campaign,23/12/2020,46435,Mediacom Australia Pty Ltd,"Level 17, 65 Berry Streetnorth Sydney, Nsw 2060",No,No ,N/A,,,,,,,1885005,General Goods and Services,,,,
Griffith University,"170 Kessels Road, Nathan Qld 4111",Subscription Jan-Dec 2021,23/12/2020,146781,Thomson Legal & Regulatory Limited,"Gpo Box 2706, Sydney, Nsw 2001",No,No ,N/A,,,,,,,1883069,General Goods and Services,,,,
Griffith University,"170 Kessels Road, Nathan Qld 4111",Subscription Jan-Dec 2021,23/12/2020,150250,Thomson Legal & Regulatory Limited,"Gpo Box 2706, Sydney, Nsw 2001",No,No ,N/A,,,,,,,1883215,General Goods and Services,,,,
Griffith University,"170 Kessels Road, Nathan Qld 4111",Tp6/2020 Commission,24/12/2020,651578,Pearson Australia Group Pty Ltd,"Suite 1001 Level 10, 151 Castlereagh Street,Sydney, Nsw 2000",,No ,Limited Offer,,,,,,,1882820,General Goods and Services,,,,
Griffith University,"170 Kessels Road, Nathan Qld 4111",Isotopic Analysis,25/12/2020,14080,Australian National University,"Finance And Business Services, Chancellery Building 10Cacton, Act 2601",No,No ,N/A,,,,,,,1882390,General Goods and Services,,,,
Griffith University,"170 Kessels Road, Nathan Qld 4111",Master Class And Content Piece,25/12/2020,17875,Business Chicks Australia Pty Ltd,"Mezzanine Level, 75 King Street, Sydney, Nsw 2000",No,No ,N/A,,,,,,,1885106,General Goods and Services,,,,
Griffith University,"170 Kessels Road, Nathan Qld 4111",Test And Tag Teaching Equip ,25/12/2020,11883,Elite Test & Tag Brisbane South,"188 Sterculia Avenue, Holland Park West, Qld 4121",No,No ,N/A,,,,,,,1884024,General Goods and Services,,,,
Griffith University,"170 Kessels Road, Nathan Qld 4111","Component 3,4,5 Software Project Work",25/12/2020,27500,Guildlink Pty Limited,"Gpo Box 3338, Sydney, Nsw 2001",No,No ,N/A,,,,,,,1885367,Information and Communication Technology,,,,
Griffith University,"170 Kessels Road, Nathan Qld 4111",97 November Ielts Tests,30/12/2020,21607,Ielts Australia Pty Ltd,"Gpo Box 2006, Canberra, Act 2601",No,No ,N/A,,,,,,,1883956,General Goods and Services,,,,
Griffith University,"170 Kessels Road, Nathan Qld 4111",Hart Publishing Perpetual,31/12/2020,28976,Igroup (Australasia) Pty Ltd,"Po Box 522, Glen Waverley, Vic 3150",No,No ,N/A,,,,,,,1884055,General Goods and Services,,,,
Griffith University,"170 Kessels Road, Nathan Qld 4111",Ebooks Online,2/01/2021,18496,Koninklijke Brill Leiden Nv,", Plantijnstraat 2Leiden,  2321 Jc",No,No ,N/A,,,,,,,1883969,General Goods and Services,,,,
Griffith University,"170 Kessels Road, Nathan Qld 4111","System Track, Platform, Subscription",2/01/2021,12453,Smartrak Aust Pty Ltd,"Level 9, 372 Albert Street, East Melbourne, Vic 3002",No,No ,N/A,,,,,,,1884231,General Goods and Services,,,,
Griffith University,"170 Kessels Road, Nathan Qld 4111",Year 12 Guide Booking,3/01/2021,18190,Queensland Tertiary Admissions Centre Lt,"Po Box 1331, Milton, Qld 4064",No,No ,N/A,,,,,,,1884059,General Goods and Services,,,,
Griffith University,"170 Kessels Road, Nathan Qld 4111",Rotary Torque Transducer ,4/01/2021,59095,Tc Process Equipment,"19/56 Chandos Street,  St Leonards, Nsw, 2065",No,No ,N/A,,,,,,,347735,General Goods and Services,,,,
Griffith University,"170 Kessels Road, Nathan Qld 4111",Chemical Analyses,5/01/2021,16494,Als Canada Ltd.,"2103 Dollarton Hwy,  North Vancouver, Bc, V7H 0A7",No,No ,N/A,,,,,,,347772,General Goods and Services,,,,
Griffith University,"170 Kessels Road, Nathan Qld 4111",Scientific Equipment,5/01/2021,11791,Ningbo Kelsun Int'L Trade Co. Ltd,"18F, Huiya International Mansion, No.1107.Tiantong North Road Ningbo, 33, 315100",No,No ,N/A,,,,,,,347782,General Goods and Services,,,,
Griffith University,"170 Kessels Road, Nathan Qld 4111",Computing Maintenance & Support,5/01/2021,14746,Park Place Technologies Australia Pty Lt,"C/-Bentleys Nsw Pty Ltd, Floor 14, 60 Margaret Street Sydney, Nsw, 2000",No,No ,N/A,,,,,,,347791,Information and Communication Technology,,,,
Griffith University,"170 Kessels Road, Nathan Qld 4111",Biologicals/Chemicals,5/01/2021,16500,Sigma Aldrich Pty Ltd,"Po Box 970,  Castle Hill, Nsw, 1765",No,No ,N/A,,,,,,,347773,General Goods and Services,,,,
Griffith University,"170 Kessels Road, Nathan Qld 4111",Service Agreement 03/2021 - 02/2024,5/01/2021,36826,University Of Bern,"Mittelstrasse 43, Berne,  3012",No,No ,N/A,,,,,,,1886806,Information and Communication Technology,,,,
Griffith University,"170 Kessels Road, Nathan Qld 4111",Evaluation Of Vaccine Candidates,5/01/2021,59745,University Of Wisconsin-Madison,"21 N Park St, Suite 5301Madison, Wi 53715",No,No ,N/A,,,,,,,1886801,General Goods and Services,,,,
Griffith University,"170 Kessels Road, Nathan Qld 4111",Escrow -Banki Haddock Fiora,6/01/2021,659409,Banki Haddock Fiora,Sydney,,No ,Limited Offer,,,,,,,347807,Information and Communication Technology,,,,
Griffith University,"170 Kessels Road, Nathan Qld 4111",Catch Up Grads 26-27 Feb 2021,6/01/2021,110000,Brisbane Convention And Exhibition Centr,"Po Box 3869, South Bank Brisbane, Qld, 4101",No,No ,N/A,,,,,,,347796,General Goods and Services,,,,
Griffith University,"170 Kessels Road, Nathan Qld 4111",Copyright Agency ,6/01/2021,659409,Copyright Agency Limited,"15/233 Castlereagh Street,  Sydney, Nsw, 2000",,No ,Limited Offer,,,,,,,347801,Information and Communication Technology,,,,
Griffith University,"170 Kessels Road, Nathan Qld 4111",Qtac Customer Conversion Campaign,6/01/2021,50000,Queensland Tertiary Admissions Centre Lt,"Po Box 1331, Milton, Qld 4064",No,No ,N/A,,,,,,,1885000,General Goods and Services,,,,
Griffith University,"170 Kessels Road, Nathan Qld 4111",Consultancy Workplace Change Program Of Work,6/01/2021,19800,Whiteboard People,"87 Todman Street,  Carina, Qld, 4152",No,No ,N/A,,,,,,,347795,General Goods and Services,,,,
Griffith University,"170 Kessels Road, Nathan Qld 4111",Subscription,7/01/2021,907696,Aarnet,"Gpo Box 1559, Canberra, Act 2601",,No ,Limited Offer,,,,,,,1887337,Information and Communication Technology,,,,
Griffith University,"170 Kessels Road, Nathan Qld 4111",Graduation 19-20 Feb 2021,7/01/2021,110000,Gold Coast Convention & Exhibition Centr,"Po Box 1407,  Broadbeach, Qld, 4218",No,No ,N/A,,,,,,,347822,General Goods and Services,,,,
Griffith University,"170 Kessels Road, Nathan Qld 4111",Search Advertising - Groups,7/01/2021,65428,Ikon Communications Pty Ltd,"Level 4, 1 Kent Street, Millers Points, Nsw 2000",No,No ,N/A,,,,,,,1884990,General Goods and Services,,,,
Griffith University,"170 Kessels Road, Nathan Qld 4111",Pneumatic Trainer Kit,7/01/2021,13200,Pneumatic Solutions Australia Trust,"Unit 1, 166 Beatty Road,  Archerfield, Qld, 4108",No,No ,N/A,,,,,,,347821,General Goods and Services,,,,
Griffith University,"170 Kessels Road, Nathan Qld 4111",Professional Consulting Service,7/01/2021,20856,Queensland University Of Technology,"Gpo Box 2434,  Brisbane, Qld, 4001",No,No ,N/A,,,,,,,347829,General Goods and Services,,,,
Griffith University,"170 Kessels Road, Nathan Qld 4111",Mba Advertising,8/01/2021,12675,Corporate Knights Inc.,"Unit 207 - 147 Spadina Ave, Toronto, On M5V 2L7",No,No ,N/A,,,,,,,1887315,General Goods and Services,,,,
Griffith University,"170 Kessels Road, Nathan Qld 4111",Rps Nov 1 2020 To Oct 31 2021,8/01/2021,10083,Elsevier Inc.,"3251 Riverport Lane, Maryland Heights, Mo 63043",No,No ,N/A,,,,,,,1886897,General Goods and Services,,,,
Griffith University,"170 Kessels Road, Nathan Qld 4111",Site License,8/01/2021,15659,Gynzone,"Jaegergaardsgate 156 R, 1. Sal 2Aarhus,  8000",No,No ,N/A,,,,,,,1887327,Information and Communication Technology,,,,
Griffith University,"170 Kessels Road, Nathan Qld 4111",Consulting Services,8/01/2021,77000,Impaqt Qld Ltd,"Level 2, The Precinct, 315 Brunswick Street,  Fortitude Valley, Qld, 4006",No,No ,N/A,,,,,,,347845,General Goods and Services,,,,
Griffith University,"170 Kessels Road, Nathan Qld 4111",Sonor 2021 Marketing Support,8/01/2021,11478,Study Outside Norway (Sonor),"Kjopmannsgata 10, Trondheim,  7013",No,No ,N/A,,,,,,,1887040,General Goods and Services,,,,
Griffith University,"170 Kessels Road, Nathan Qld 4111",Infrastructure Services,9/01/2021,48469,Aarnet,"Gpo Box 1559, Canberra, Act 2601",No,No ,N/A,,,,,,,1885362,Information and Communication Technology,,,,
Griffith University,"170 Kessels Road, Nathan Qld 4111",Youtube Upweight - Brand Campas,9/01/2021,11251,Ikon Communications Pty Ltd,"Level 4, 1 Kent Street, Millers Points, Nsw 2000",No,No ,N/A,,,,,,,1884829,General Goods and Services,,,,
Griffith University,"170 Kessels Road, Nathan Qld 4111",Grads Event,11/01/2021,47065,Brisbane Convention & Exhibition Centre,"Po Box 3869, South Bankbrisbane, Qld 4101",No,No ,N/A,,,,,,,1887497,General Goods and Services,,,,
Griffith University,"170 Kessels Road, Nathan Qld 4111",Drone - Matrice 600 Pro,11/01/2021,10499,D1 Store Pty Ltd,"421 Victoria Street,  Brunswick, Vic, 3056",No,No ,N/A,,,,,,,347886,General Goods and Services,,,,
Griffith University,"170 Kessels Road, Nathan Qld 4111",Ecosensor Eco Cze Unit,11/01/2021,75347,Eco Detection Pty Ltd,"Po Box 12,  Richmond, Vic, 3121",No,No ,N/A,,,,,,,347885,General Goods and Services,,,,
Griffith University,"170 Kessels Road, Nathan Qld 4111",N27 Temporary Emergency Generators,11/01/2021,81158,Pr Power Pty Ltd,"20 Niche Parade,  Wangara, Wa, 6065",No,No ,N/A,,,,,,,347899,Building Construction and Maintenance,,,,
Griffith University,"170 Kessels Road, Nathan Qld 4111",Consultancy Agreement - The Famous Group And Griffith University,11/01/2021,10000,The Famous Group Pty Ltd,"24 Wolseley Street,  Paddington, Qld, 4064",No,No ,N/A,,,,,,,347877,General Goods and Services,,,,
Griffith University,"170 Kessels Road, Nathan Qld 4111",International Students Assistance Program (Sap),11/01/2021,17922,Workplace Options Management Consultatio,"Room 2205, Tower B, Baoland Plaza,, No.588 Dalian Road Shanghai, 31, 200082",No,No ,N/A,,,,,,,347887,General Goods and Services,,,,
Griffith University,"170 Kessels Road, Nathan Qld 4111",Pockels Cell Driver  Pulse Picker,12/01/2021,17515,Bergmann Messgeraete Entwicklung Kg,"Kocheler Str. 101,  Murnau, , 82418",No,No ,N/A,,,,,,,347916,General Goods and Services,,,,
Griffith University,"170 Kessels Road, Nathan Qld 4111",G13 Car Park Repairs ,12/01/2021,15268,Remedial Building Technicians Pty Ltd,"Po Box 1802,  Oxenford, Qld, 4210",No,No ,N/A,,,,,,,347938,Building Construction and Maintenance,,,,
Griffith University,"170 Kessels Road, Nathan Qld 4111",Biologicals/Chemicals,13/01/2021,12100,New England Biolabs Pty Ltd,"22/270 Ferntree Gully Road,  Notting Hill, Vic, 3168",No,No ,N/A,,,,,,,347950,General Goods and Services,,,,
Griffith University,"170 Kessels Road, Nathan Qld 4111",Consultancy Service,13/01/2021,57420,Robert James Macisaac,"13 Warren Street,  St Lucia, Qld, 4067",No,No ,N/A,,,,,,,347962,General Goods and Services,,,,
Griffith University,"170 Kessels Road, Nathan Qld 4111",Lit And Num Tests,14/01/2021,46170,Acer - Aust Council For Edu Research Ltd,"Private Bag 55, Camberwell, Vic 3124",No,No ,N/A,,,,,,,1888082,General Goods and Services,,,,
Griffith University,"170 Kessels Road, Nathan Qld 4111",Computing Maintenance & Support,14/01/2021,18489,Fluentpro Software Corporation,"8201 164Th Ave Ne, Ste 200,  Redmond, Wa, 98052",No,No ,N/A,,,,,,,348017,Information and Communication Technology,,,,
Griffith University,"170 Kessels Road, Nathan Qld 4111",Computing Maintenance & Support,14/01/2021,22000,The Information Management Group Pty Ltd,"Po Box 251,  Alexandria, Nsw, 1435",No,No ,N/A,,,,,,,348002,Information and Communication Technology,,,,
Griffith University,"170 Kessels Road, Nathan Qld 4111",Logan Vehicle Barrier,15/01/2021,10326,A1 Building & Property Solutions Pty Ltd,"3 D'Aguilar Road,  The Gap, Qld, 4061",No,No ,N/A,,,,,,,348075,Building Construction and Maintenance,,,,
Griffith University,"170 Kessels Road, Nathan Qld 4111",Always-On Social Media,15/01/2021,102683,Ikon Communications Pty Ltd,"Level 4, 1 Kent Street,  Millers Points, Nsw, 2000",No,No ,N/A,,,,,,,348074,General Goods and Services,,,,
Griffith University,"170 Kessels Road, Nathan Qld 4111",Installation Of Bollard,18/01/2021,19383,A1 Building & Property Solutions Pty Ltd,"3 D'Aguilar Road,  The Gap, Qld, 4061",No,No ,N/A,,,,,,,348185,Building Construction and Maintenance,,,,
Griffith University,"170 Kessels Road, Nathan Qld 4111",Acclaim Excess Badge Fee,18/01/2021,16867,"Credly, Inc.","349 5Th Avenue, Suite 726 New York, Ny, 10016",No,No ,N/A,,,,,,,348180,Information and Communication Technology,,,,
Griffith University,"170 Kessels Road, Nathan Qld 4111",Therack Gold,18/01/2021,31816,Edukudu Ltd,"Freedom Works, Hove Business Centre Fonthill Road, E.Susx, Bn3 6Ha",No,No ,N/A,,,,,,,348123,Information and Communication Technology,,,,
Griffith University,"170 Kessels Road, Nathan Qld 4111",N00 Architectural Consultancy ,18/01/2021,74085,Hassell Limited,"61 Little Collins Street,  Melbourne, Vic, 3000",No,No ,N/A,,,,,,,348153,Building Construction and Maintenance,,,,
Griffith University,"170 Kessels Road, Nathan Qld 4111",Consultancy Service,18/01/2021,13000,Matthew Kaldi T/A Allied Support,"101 Bayswater Avenue,  Varsity Lakes, Qld, 4227",No,No ,N/A,,,,,,,348119,General Goods and Services,,,,
Griffith University,"170 Kessels Road, Nathan Qld 4111","N34 Pc2 Lab Optimisation, Hazardous Zones Design Development ",18/01/2021,50342,Pitch Black Engineering,"Santos Place,, Level 27, 32 Turbot Street Brisbane, Qld, 4000",No,No ,N/A,,,,,,,348122,Building Construction and Maintenance,,,,
Griffith University,"170 Kessels Road, Nathan Qld 4111",N80 Chiller Plant Consultant,18/01/2021,19800,Relay Consulting Services,"Po Box 211,  Rochedale, Qld, 4123",No,No ,N/A,,,,,,,348135,General Goods and Services,,,,
Griffith University,"170 Kessels Road, Nathan Qld 4111",Simulia Abaqus Analysis To 7 Jul 2026,18/01/2021,23242,Simuserv Pty Ltd,"Level 1, 123 Camberwell Road,  East Hawthorne, Vic, 3123",No,No ,N/A,,,,,,,348149,Information and Communication Technology,,,,
Griffith University,"170 Kessels Road, Nathan Qld 4111","Genetic Analyzer Service Contract
",18/01/2021,16408,Thermo Fisher Scientific Australia,"Po Box 9092,  Scoresby, Vic, 3179",No,No ,N/A,,,,,,,348148,General Goods and Services,,,,
Griffith University,"170 Kessels Road, Nathan Qld 4111",Widening Tertiary Participation,18/01/2021,20900,University Of Sunshine Coast,"Financial Services, G.25 Administration Buildingmaroochydore Dc, Qld 4558",No,No ,N/A,,,,,,,1888328,General Goods and Services,,,,
Griffith University,"170 Kessels Road, Nathan Qld 4111",Subscription Jan-Dec 2021,19/01/2021,34300,Aip Publishing Llc,"Ste 300, 1305 Walt Whitman Rd, Melville, Ny 11782",No,No ,N/A,,,,,,,1888482,General Goods and Services,,,,
Griffith University,"170 Kessels Road, Nathan Qld 4111",G40 Travelator Replacement Architectural Services,19/01/2021,19800,Blight Rayner Architecture Pty Ltd,"Level 2, 88 Creek Street,  Brisbane, Qld, 4000",No,No ,N/A,,,,,,,348260,Building Construction and Maintenance,,,,
Griffith University,"170 Kessels Road, Nathan Qld 4111",Consultancy 2021,19/01/2021,28600,Brendan Fredericks,New South Wales,No,No ,N/A,,,,,,,348282,General Goods and Services,,,,
Griffith University,"170 Kessels Road, Nathan Qld 4111",N34 Design Development ,19/01/2021,41305,Coulter Advisory Pty Ltd,"Po Box 1122,  North Mitcham, Vic, 3132",No,No ,N/A,,,,,,,348237,Building Construction and Maintenance,,,,
Griffith University,"170 Kessels Road, Nathan Qld 4111",Boostershot Shotgun Sequencing,19/01/2021,31184,"Diversigen, Inc.","Suite 8, 600 County Road D West,  New Brighton, Mn, 55112",No,No ,N/A,,,,,,,348276,General Goods and Services,,,,
Griffith University,"170 Kessels Road, Nathan Qld 4111",Computing Maintenance & Support,19/01/2021,49500,Dropbox International Unlimited Company,"One Park Place, Dublin 2 Dublin, Dublin, D2",No,No ,N/A,,,,,,,348246,Information and Communication Technology,,,,
Griffith University,"170 Kessels Road, Nathan Qld 4111",Sierra Academic Core Bundle Annual 2021 Subscription,19/01/2021,211306,Innovative Interfaces Incorporated,"9Th Floor (Block A), George'S Quay Plaza Dublin, , 2",No,No ,N/A,,,,,,,348240,Information and Communication Technology,,,,
Griffith University,"170 Kessels Road, Nathan Qld 4111",Computing Maintenance & Support,19/01/2021,27621,Orbus Software,"8Th Floor, Portland House, Bressenden Place London, , Sw1E 5Bh",No,No ,N/A,,,,,,,348241,Information and Communication Technology,,,,
Griffith University,"170 Kessels Road, Nathan Qld 4111",Subscription Feb 2021 - Jan 2022,19/01/2021,20089,Pressreader International Ltd,"2Nd Floor, The Boat House, Bishop Street,, Dublin, Dublin D08H01F",No,No ,N/A,,,,,,,1888173,General Goods and Services,,,,
Griffith University,"170 Kessels Road, Nathan Qld 4111",Supply Only Of 2000 Dual Tech,19/01/2021,21945,Securcom Pty Ltd,"Unit 79, 193 South Pine Road Brendale, Qld, 4500",No,No ,N/A,,,,,,,348264,General Goods and Services,,,,
Griffith University,"170 Kessels Road, Nathan Qld 4111",Artist Services,20/01/2021,97810,Heidi Louise Loveland,Brisbane,No,No ,N/A,,,,,,,348312,General Goods and Services,,,,
Griffith University,"170 Kessels Road, Nathan Qld 4111",Trimester 3 2020 Commission,20/01/2021,116264,Idp Education Pty Ltd,"Level 8, 535 Bourke Streetmelbourne, Vic 3000",No,No ,N/A,,,,,,,1888669,General Goods and Services,,,,
Griffith University,"170 Kessels Road, Nathan Qld 4111",Sciences Asset Plan Consultancy ,20/01/2021,14300,Indesign Access,"Unit 18 / 14 Ashtan Place,  Banyo, Qld, 4014",No,No ,N/A,,,,,,,348324,Building Construction and Maintenance,,,,
Griffith University,"170 Kessels Road, Nathan Qld 4111",East West Pedestrian Spine Path Remediation Works,20/01/2021,191960,Steadfast Projects Pty Ltd,"16 Ferndale Place,  Upper Kedron, Qld, 4055",No,No ,N/A,,,,,,,348314,Building Construction and Maintenance,,,,
Griffith University,"170 Kessels Road, Nathan Qld 4111",Seacatplus ,21/01/2021,74200,Imbros Pty Ltd,"1059 Cambridge Road,  Cambridge, Tas, 7170",No,No ,N/A,,,,,,,348384,General Goods and Services,,,,
Griffith University,"170 Kessels Road, Nathan Qld 4111",Subscription Jan-Dec 2021,21/01/2021,10631,Informa Uk Ltd,"Sheepen Place, Colchester, Essex Co3 3Lp",No,No ,N/A,,,,,,,1888624,General Goods and Services,,,,
Griffith University,"170 Kessels Road, Nathan Qld 4111",Course Advisor - Subsequent Sprints Consultancy Services,21/01/2021,48400,Integral Technology Solutions Pty Ltd,"Level 2, 201 Leichardt Street,  Spring Hill, Qld, 4000",No,No ,N/A,,,,,,,348386,General Goods and Services,,,,
Griffith University,"170 Kessels Road, Nathan Qld 4111",Water Screen For Exhibition,21/01/2021,33133,Living Water Designs,"2/9 Fremantle Street,  Burleigh Heads, Qld, 4220",No,No ,N/A,,,,,,,348357,General Goods and Services,,,,
Griffith University,"170 Kessels Road, Nathan Qld 4111",Marc Updates Subscription Jan - Dec 2021,21/01/2021,30579,Proquest Llc,"6216 Paysphere Circle, Chicago, Il 60674",No,No ,N/A,,,,,,,1888829,General Goods and Services,,,,
Griffith University,"170 Kessels Road, Nathan Qld 4111",360 Marc Ebooks Subscription Jan - Dec 2021,21/01/2021,24298,Proquest Llc,"6216 Paysphere Circle, Chicago, Il 60674",No,No ,N/A,,,,,,,1888830,General Goods and Services,,,,
Griffith University,"170 Kessels Road, Nathan Qld 4111",Vacuum Pump And Components,21/01/2021,15217,Scitek Australia Pty Ltd,"Po Box 355,  Milsons Point, Nsw, 1565",No,No ,N/A,,,,,,,348388,General Goods and Services,,,,
Griffith University,"170 Kessels Road, Nathan Qld 4111",Pathology,22/01/2021,26532,Australian Genome Research Facility Ltd,"Level 5 Gehrmann Laboratories, Research Road St Lucia, Qld, 4072",No,No ,N/A,,,,,,,348426,General Goods and Services,,,,
Griffith University,"170 Kessels Road, Nathan Qld 4111",Computing Maintenance & Support,22/01/2021,162998,Integral Technology Solutions Pty Ltd,"Level 2, 201 Leichardt Street,  Spring Hill, Qld, 4000",No,No ,N/A,,,,,,,348420,Information and Communication Technology,,,,
Griffith University,"170 Kessels Road, Nathan Qld 4111",Recruitment Fees,22/01/2021,65890,Linkedin Singapore Pte Ltd,"10 Marina Boulevard, Marina Bay Financial Centre,  018983",No,No ,N/A,,,,,,,1887673,General Goods and Services,,,,
Griffith University,"170 Kessels Road, Nathan Qld 4111",Redcap And Statistics Support,22/01/2021,16093,Qcif Ltd,"Level 5, Rm 507D, Axon Building 47, The University Of Queensland St Lucia Campusst Lucia, Qld 4072",No,No ,N/A,,,,,,,1888692,General Goods and Services,,,,
Griffith University,"170 Kessels Road, Nathan Qld 4111",Patent Application,22/01/2021,11998,Spruson & Ferguson Pty Limited,"Gpo Box 3898, Sydney, Nsw 2001",No,No ,N/A,,,,,,,1888674,General Goods and Services,,,,
Griffith University,"170 Kessels Road, Nathan Qld 4111",Consultancy Service,22/01/2021,69190,Urbis Pty Ltd,"Level 32, 300 George Street,  Brisbane, Qld, 4000",No,No ,N/A,,,,,,,348425,General Goods and Services,,,,
Griffith University,"170 Kessels Road, Nathan Qld 4111",Furniture,25/01/2021,36224,Storemasta,"12 Devon Street,  South Burnie, Tas, 7320",No,No ,N/A,,,,,,,348460,General Goods and Services,,,,
Griffith University,"170 Kessels Road, Nathan Qld 4111",Intellixcap 96 ,27/01/2021,141846,Biotools Pty Ltd,"Po Box 2454,  Keperra, Qld, 4052",No,No ,N/A,,,,,,,348466,General Goods and Services,,,,
Griffith University,"170 Kessels Road, Nathan Qld 4111",Mobile Account For Oct 2020,27/01/2021,57817,Optus Communications,"Gpo Box 3972, Sydney, Nsw 1119",No,No ,N/A,,,,,,,1889172,General Goods and Services,,,,
Griffith University,"170 Kessels Road, Nathan Qld 4111",Mobile Account For Nov 2020,27/01/2021,57941,Optus Communications,"Gpo Box 3972, Sydney, Nsw 1119",No,No ,N/A,,,,,,,1889203,General Goods and Services,,,,
Griffith University,"170 Kessels Road, Nathan Qld 4111",I-Flow Lab,27/01/2021,43835,Peak Scientific Instruments,"2/5 Philip St, Port Melbourne, Vic 3207",No,No ,N/A,,,,,,,1889178,General Goods and Services,,,,
Griffith University,"170 Kessels Road, Nathan Qld 4111",Specialist Thermoscanning Maintenance ,27/01/2021,53205,Sure Power,"4 Manilla Street,  East Brisbane, Qld, 4169",No,No ,N/A,,,,,,,348494,General Goods and Services,,,,
Griffith University,"170 Kessels Road, Nathan Qld 4111",Annual Pm Agreement,27/01/2021,40700,Uap Solutions Pty Ltd,"Po Box 2110,  Blackburn South, Vic, 3130",No,No ,N/A,,,,,,,348493,General Goods and Services,,,,
Griffith University,"170 Kessels Road, Nathan Qld 4111",Jiffy U4 Custom Printed Mailers,28/01/2021,11935,Ball & Doggett Pty Ltd,"7-9 French Avenue,  Brendale, Qld, 4500",No,No ,N/A,,,,,,,348538,General Goods and Services,,,,
Griffith University,"170 Kessels Road, Nathan Qld 4111",Biologicals/Chemicals,28/01/2021,11209,Bio-Strategy Pty Limited,"P.O Box 14,  Campbellfield, Vic, 3061",No,No ,N/A,,,,,,,348549,General Goods and Services,,,,
Griffith University,"170 Kessels Road, Nathan Qld 4111",Lifting Frame And Hoist Installation,28/01/2021,34903,Descab Pty Ltd T/A Qld Multi Trades,"34 Hindes Street,  Lota, Qld, 4178",No,No ,N/A,,,,,,,348536,Building Construction and Maintenance,,,,
Griffith University,"170 Kessels Road, Nathan Qld 4111",Service Touch Screen Failure ,28/01/2021,19767,Ecolab Pty Ltd,"Po Box 390,  North Ryde Bc, Nsw, 1670",No,No ,N/A,,,,,,,348554,General Goods and Services,,,,
Griffith University,"170 Kessels Road, Nathan Qld 4111",Research Project ,28/01/2021,18900,Helen Johnson,"Apartment 42, 35 Buchanan Stwest End, Qld 4101",No,No ,N/A,,,,,,,1889174,General Goods and Services,,,,
Griffith University,"170 Kessels Road, Nathan Qld 4111",Professional Education Building (Peb) Probity Advisor,28/01/2021,44000,O'Connor Marsden & Associates,"Level 3, 1 York Street,  Sydney, Nsw, 2000",No,No ,N/A,,,,,,,348517,General Goods and Services,,,,
Griffith University,"170 Kessels Road, Nathan Qld 4111",Computing Maintenance & Support,28/01/2021,11704,Point & Click Solutions Inc,"6 Lincoln Knoll Lane, Suite 101,  Burlington, Ma, 01803",No,No ,N/A,,,,,,,348518,Information and Communication Technology,,,,
Griffith University,"170 Kessels Road, Nathan Qld 4111",Dsm-5 Annual 2021 Subscription,28/01/2021,12520,Point & Click Solutions Inc,"6 Lincoln Knoll Lane, Suite 101,  Burlington, Ma, 01803",No,No ,N/A,,,,,,,348519,Information and Communication Technology,,,,
Griffith University,"170 Kessels Road, Nathan Qld 4111",Laboratory Consumables,28/01/2021,23100,Renishaw Oceania Pty Ltd,"Unit 4, 6-7 Gilda Court,  Mulgrave, Vic, 3170",No,No ,N/A,,,,,,,348516,General Goods and Services,,,,
Griffith University,"170 Kessels Road, Nathan Qld 4111",Auralia Musition Cloud School Bundle 2021 Subscription,28/01/2021,11210,Rising Software Australia Pty Ltd,"3 Darling St,  Fairfield, Vic, 3078",No,No ,N/A,,,,,,,348544,Information and Communication Technology,,,,
Griffith University,"170 Kessels Road, Nathan Qld 4111",Recruitment Search,28/01/2021,46200,Robinson Fitzgerald Pty Ltd,"Suite 26, 138 Juliette Street,  Greenslopes, Qld, 4120",No,No ,N/A,,,,,,,348557,General Goods and Services,,,,
Griffith University,"170 Kessels Road, Nathan Qld 4111",Nikon Ts2 Inverted,28/01/2021,24750,Scope Scientific,"Po Box 2131,  Kelvin Grove, Qld, 4059",No,No ,N/A,,,,,,,348560,General Goods and Services,,,,
Griffith University,"170 Kessels Road, Nathan Qld 4111",Preventative Maintenance,28/01/2021,29200,Tecniplast Australia Pty Limited,"Unit 10, 79-85 Mars Road, North Star Business Park Lane Cove, Nsw, 2066",No,No ,N/A,,,,,,,348545,General Goods and Services,,,,
Griffith University,"170 Kessels Road, Nathan Qld 4111",Omero Cellprofiler Connector Quarterly 2020-2021 Subscription,29/01/2021,309160,"Glencoe Software, Inc.","Suite #101-259, 800 5Th Ave Seattle, Wa, 98104",Yes,No ,N/A,,,,,,,348582 348589 359986 368946,Information and Communication Technology,C01742,,,
Griffith University,"170 Kessels Road, Nathan Qld 4111",Lastpass Site License 2021 Subscription,29/01/2021,35680,Logmein Aus Pty Ltd,"Level 19, 20 Martin Place,  Sydney, Nsw, 2000",No,No ,N/A,,,,,,,348580,Information and Communication Technology,,,,
Griffith University,"170 Kessels Road, Nathan Qld 4111",73 Dec Ielts Tests ,30/01/2021,16261,Ielts Australia Pty Ltd,"Gpo Box 2006, Canberra, Act 2601",No,No ,N/A,,,,,,,1887449,General Goods and Services,,,,
Griffith University,"170 Kessels Road, Nathan Qld 4111",Consultancy Services,30/01/2021,21550,The Florey Institute Of Neuroscience And,"30 Royal Parade, Parkville, Vic 3052",No,No ,N/A,,,,,,,1888691,General Goods and Services,,,,
Griffith University,"170 Kessels Road, Nathan Qld 4111",Membership Fees,31/01/2021,203134,Universities Australia,"Gpo Box 1142, Canberra, Act 2601",No,No ,N/A,,,,,,,1930034 1931284,General Goods and Services,,,,
Griffith University,"170 Kessels Road, Nathan Qld 4111",Uac Instalment 1/1/21 - 30/06/21,31/01/2021,27007,University Admissions Centre (Nsw & Act),"Locked Bag 112, Silverwater, Nsw 2128",No,No ,N/A,,,,,,,1888075,General Goods and Services,,,,
Griffith University,"170 Kessels Road, Nathan Qld 4111",Laboratory Consumables,1/02/2021,19800,Alphabond Dental Pty Ltd,"Po Box 431,  Willoughby, Nsw, 2068",No,No ,N/A,,,,,,,348645,General Goods and Services,,,,
Griffith University,"170 Kessels Road, Nathan Qld 4111",Membership Subscription 2021,1/02/2021,46216,Aust Higher Education Industrial Assoc,"Gpo Box 775, Melbourne, Vic 3001",No,No ,N/A,,,,,,,1888696,General Goods and Services,,,,
Griffith University,"170 Kessels Road, Nathan Qld 4111",Rotating Anode Fxrt Cu (Ex),1/02/2021,13572,Axt Pty Ltd,"Unit 1/3 Vuko Place,  Warriewood, Nsw, 2102",No,No ,N/A,,,,,,,348658,General Goods and Services,,,,
Griffith University,"170 Kessels Road, Nathan Qld 4111",Mini-Protean,2/02/2021,38251,Bio-Rad Laboratories Pty Ltd,"Po Box 752,  Gladesville, Nsw, 1675",No,No ,N/A,,,,,,,348712,General Goods and Services,,,,
Griffith University,"170 Kessels Road, Nathan Qld 4111",Biologicals/Chemicals,2/02/2021,13167,Bio-Strategy Pty Limited,"P.O Box 14,  Campbellfield, Vic, 3061",No,No ,N/A,,,,,,,348717,General Goods and Services,,,,
Griffith University,"170 Kessels Road, Nathan Qld 4111",N43 Childcare Lighting Upgrade,2/02/2021,27115,Descab Pty Ltd T/A Qld Multi Trades,"34 Hindes Street,  Lota, Qld, 4178",No,No ,N/A,,,,,,,348721,Building Construction and Maintenance,,,,
Griffith University,"170 Kessels Road, Nathan Qld 4111",N60 Lighting Upgrade,2/02/2021,18645,Descab Pty Ltd T/A Qld Multi Trades,"34 Hindes Street,  Lota, Qld, 4178",No,No ,N/A,,,,,,,348726,Building Construction and Maintenance,,,,
Griffith University,"170 Kessels Road, Nathan Qld 4111",Director Qcgu 2021 Opera Production ,2/02/2021,16500,Michael W Gow,"Po Box 1509,  Darlinghurst, Nsw, 1300",No,No ,N/A,,,,,,,348680,General Goods and Services,,,,
Griffith University,"170 Kessels Road, Nathan Qld 4111",Regulatory Information,2/02/2021,10305,Pfenex Inc,"10790 Roselle Street,  San Diego, Ca, 92121",No,No ,N/A,,,,,,,348684,General Goods and Services,,,,
Griffith University,"170 Kessels Road, Nathan Qld 4111",Decommissioning And Transport Of Griffith Biogas Plant ,2/02/2021,57805,W.D.T. (Engineers) Pty Ltd,"Po Box 115,  Acacia Ridge, Qld, 4110",No,No ,N/A,,,,,,,348711,General Goods and Services,,,,
Griffith University,"170 Kessels Road, Nathan Qld 4111",Scientific Equipment,3/02/2021,26279,Bio-Strategy Pty Limited,"P.O Box 14,  Campbellfield, Vic, 3061",No,No ,N/A,,,,,,,348796,General Goods and Services,,,,
Griffith University,"170 Kessels Road, Nathan Qld 4111",Biologicals/Chemicals,3/02/2021,30250,Cardinal Bio-Research Pty Ltd,"Po Box 1393,  New Farm, Qld, 4005",No,No ,N/A,,,,,,,348767,General Goods and Services,,,,
Griffith University,"170 Kessels Road, Nathan Qld 4111",Multi-Kilohertz Femtosecond Laser,3/02/2021,281932,Coherent Scientific Pty Ltd,"Unit 2, 32 West Thebarton Road, Thebarton, Sa 5031",No,No ,N/A,,,,,,,1890149,General Goods and Services,,,,
Griffith University,"170 Kessels Road, Nathan Qld 4111",Tenable.Io Vulnerability Management2021 Subscription,3/02/2021,134422,Cybercx Pty Ltd,"Level 4, 330 Collins Street Melbourne, Vic, 3000",No,No ,Open,,,,,,,348764,Information and Communication Technology,,,,
Griffith University,"170 Kessels Road, Nathan Qld 4111",Flammable Cladding Replacement,3/02/2021,79750,Donald Cant Watts Corke (Qld) P/L,"Po Box 10161,  Brisbane, Qld, 4000",No,No ,N/A,,,,,,,348801,Building Construction and Maintenance,,,,
Griffith University,"170 Kessels Road, Nathan Qld 4111","Eesyreports, Messaging & Support  2021-2022 Subscription",3/02/2021,38637,Eesysoft Software International B V,"Beech Avenue 54-80, 1119 Pw Amsterdam, , ",No,No ,N/A,,,,,,,348751,Information and Communication Technology,,,,
Griffith University,"170 Kessels Road, Nathan Qld 4111",Computing Maintenance & Support,3/02/2021,12836,Hexeis Pty Ltd,"Po Box 154,  Pinkenba, Qld, 4008",No,No ,N/A,,,,,,,348761,Information and Communication Technology,,,,
Griffith University,"170 Kessels Road, Nathan Qld 4111",Sharepoint Connector 2021-2022 Subscription,3/02/2021,15950,Icognition Pty Ltd,"Po Box 2544,  Canberra, Act, 2601",No,No ,N/A,,,,,,,348753,Information and Communication Technology,,,,
Griffith University,"170 Kessels Road, Nathan Qld 4111",Rm Public View 2021-2022 Subscription,3/02/2021,12650,Icognition Pty Ltd,"Po Box 2544,  Canberra, Act, 2601",No,No ,N/A,,,,,,,348762,Information and Communication Technology,,,,
Griffith University,"170 Kessels Road, Nathan Qld 4111",Career Transition Services Relating To Roadmap To Sustainability Project,3/02/2021,335500,Lee Hecht Harrison Pty Ltd,"4/135 Wickham Terrace,  Spring Hill, Qld, 4000",No,No ,N/A,,,,,,,348794,General Goods and Services,,,,
Griffith University,"170 Kessels Road, Nathan Qld 4111",Legal Fees,3/02/2021,24038,Minter Ellison Lawyers,"Po Box 7844, ""Waterfront Place""Brisbane, Qld 4001",No,No ,N/A,,,,,,,1890078,General Goods and Services,,,,
Griffith University,"170 Kessels Road, Nathan Qld 4111",Osiris Subscription Nov 2020 - Oct 2021,4/02/2021,170823,Bureau Van Dijk Electronic Publishing,"Level 10, 1 O'Connell Street, Sydney, Nsw 2000",Yes,No ,N/A,,,,,,,GU-50 GU-526,General Goods and Services,,,,
Griffith University,"170 Kessels Road, Nathan Qld 4111",Recruitment Services ,4/02/2021,92400,Emanate Technology Qld Pty Ltd,"Wework ¿ Level 6, 123 Eagle Street,  Brisbane, Qld, 4000",No,No ,N/A,,,,,,,348825,General Goods and Services,,,,
Griffith University,"170 Kessels Road, Nathan Qld 4111",Flammable Cladding Replacement,4/02/2021,44000,Mckenzie Group Consulting (Qld) Pty Ltd,"Level 7, 340 Adelaide Street,  Brisbane, Qld, 4000",No,No ,N/A,,,,,,,348821,Building Construction and Maintenance,,,,
Griffith University,"170 Kessels Road, Nathan Qld 4111",Scientific Equipment,4/02/2021,19321,Newomics Inc,"804 Heinz Ave, Ste 150,  Berkeley, Ca, 94710",No,No ,N/A,,,,,,,348823,General Goods and Services,,,,
Griffith University,"170 Kessels Road, Nathan Qld 4111",Microscope,4/02/2021,24193,Olympus Australia Pty Ltd,"Po Box 985,  Mt Waverley, Vic, 3149",No,No ,N/A,,,,,,,348854,General Goods and Services,,,,
Griffith University,"170 Kessels Road, Nathan Qld 4111",Nitric Oxide Analyser,4/02/2021,73359,Tgd Corp Pty Ltd,"9 / 85-115 Alfred Road,  Chipping Norton, Nsw, 2170",No,No ,N/A,,,,,,,348822,General Goods and Services,,,,
Griffith University,"170 Kessels Road, Nathan Qld 4111",N39 Laminate Benchtops,5/02/2021,18976,A1 Building & Property Solutions Pty Ltd,"3 D'Aguilar Road,  The Gap, Qld, 4061",No,No ,N/A,,,,,,,348904,Building Construction and Maintenance,,,,
Griffith University,"170 Kessels Road, Nathan Qld 4111",Laboratory Consumables,5/02/2021,17490,Biotools Pty Ltd,"Po Box 2454,  Keperra, Qld, 4052",No,No ,N/A,,,,,,,348880,General Goods and Services,,,,
Griffith University,"170 Kessels Road, Nathan Qld 4111",Bloomberg Terminal 2021 Subscription,5/02/2021,357702,Bloomberg Australia Pty. Ltd.,"Level 27, 1 Bligh Street,  Sydney, Nsw, 2000",No,No ,N/A,,,,,,,C01099_1,Information and Communication Technology,C01099,,,
Griffith University,"170 Kessels Road, Nathan Qld 4111",L08 Transformer Upgrade,5/02/2021,60141,Energy Queensland Limited,"Gpo Box 1461,  Brisbane, Qld, 4001",No,No ,N/A,,,,,,,348886,Building Construction and Maintenance,,,,
Griffith University,"170 Kessels Road, Nathan Qld 4111",N39 Hot Water Unit,5/02/2021,14201,Mctaggart Plumbing Pty Ltd,"Po Box 173,  Petrie, Qld, 4502",No,No ,N/A,,,,,,,348905,Building Construction and Maintenance,,,,
Griffith University,"170 Kessels Road, Nathan Qld 4111",Sapphire Biomolecular Imager,5/02/2021,177155,Scitech Pty Ltd,"Po Box 1625,  Preston South, Vic, 3072",No,No ,N/A,,,,,,,348888,General Goods and Services,,,,
Griffith University,"170 Kessels Road, Nathan Qld 4111",Qca Staff Conference,5/02/2021,14533,The Star Gold Coast,"Po Box 1515,  Broadbeach, Qld, 4218",No,No ,N/A,,,,,,,348885,General Goods and Services,,,,
Griffith University,"170 Kessels Road, Nathan Qld 4111",Subscription Licence Feb 2021 - July2021,5/02/2021,14762,Uptodate Inc.,"Po Box 412094, Boston, Ma 02241-2094",No,No ,N/A,,,,,,,1889697,General Goods and Services,,,,
Griffith University,"170 Kessels Road, Nathan Qld 4111",Geli - Password Knowledge Tests,8/02/2021,25410,Bookery Pty Ltd,"9-11 Victoria Street,  Fitzroy, Vic, 3065",No,No ,N/A,,,,,,,348952,General Goods and Services,,,,
Griffith University,"170 Kessels Road, Nathan Qld 4111",Advertising -  Guides,9/02/2021,57781,Fast Proof Press Pty Ltd,"21/12 Lawrence Drive,  Nerang, Qld, 4211",No,No ,N/A,,,,,,,348958,General Goods and Services,,,,
Griffith University,"170 Kessels Road, Nathan Qld 4111",Data And Analytics Project 2021,9/02/2021,66000,Ikon Communications Pty Ltd,"Level 4, 1 Kent Street,  Millers Points, Nsw, 2000",No,No ,N/A,,,,,,,348963,General Goods and Services,,,,
Griffith University,"170 Kessels Road, Nathan Qld 4111",Articulate 360 Teams 2021-2022 Subscription,9/02/2021,25899,Microway,"Unit 1, 16 Tarnard Drive,  Braeside, Vic, 3195",No,No ,N/A,,,,,,,348983,Information and Communication Technology,,,,
Griffith University,"170 Kessels Road, Nathan Qld 4111",Eps 2021 Summit 30 March 2021,9/02/2021,17648,Redback Conferencing,"Level 21, 320 Pitt Street,  Sydney, Nsw, 2000",No,No ,N/A,,,,,,,348964,General Goods and Services,,,,
Griffith University,"170 Kessels Road, Nathan Qld 4111",American Soc Microbiology Subscription 2021,9/02/2021,13662,Turpin Distribution Services Ltd,"Stratton Business Park, Pegasus Drivebiggleswade, Beds Sg18 8Tq",No,No ,N/A,,,,,,,1890589,General Goods and Services,,,,
Griffith University,"170 Kessels Road, Nathan Qld 4111",Tax Advice For Fbt Private Ruling,10/02/2021,13200,Grant Thornton Australia Limited,"Collins Square, Tower 5, 727 Collins Street Melbourne, Vic, 3008",No,No ,N/A,,,,,,,349069,General Goods and Services,,,,
Griffith University,"170 Kessels Road, Nathan Qld 4111",Application Licence Fee Oct-Dec,10/02/2021,45405,Learning Information Systems,"Level 11,  17 York St, Sydney, Nsw 2000",No,No ,N/A,,,,,,,1888677,General Goods and Services,,,,
Griffith University,"170 Kessels Road, Nathan Qld 4111",Limnotrack Multi-Probe,10/02/2021,43468,Limnotrack,"11 Twin Willow Close, Cambridge Waikato, , 3434",No,No ,N/A,,,,,,,349040,General Goods and Services,,,,
Griffith University,"170 Kessels Road, Nathan Qld 4111",Sonia Unlimited 2021-2022 Subscription,10/02/2021,84191,Planet Software Pty Ltd,"82 Rose Street,  Mile End, Sa, 5031",No,No ,N/A,,,,,,,349114,Information and Communication Technology,,,,
Griffith University,"170 Kessels Road, Nathan Qld 4111",Healthcare Training ,10/02/2021,12000,Treeage Training Pty Ltd,"5 Karrinyup Place,  Marrara, Nt, 0812",No,No ,N/A,,,,,,,349027,General Goods and Services,,,,
Griffith University,"170 Kessels Road, Nathan Qld 4111",Biogas Test Plant Module Btp2,10/02/2021,44454,Umwelt- Und Ingenieurtechnik Gmbh Dresde,"Zum Windkanal 21,  Dresden, , 01109",No,No ,N/A,,,,,,,349038,General Goods and Services,,,,
Griffith University,"170 Kessels Road, Nathan Qld 4111",Alibaba Cloud Vpn 2021 Subscription,11/02/2021,231853,Alibaba Cloud (Singapore) Private Limite,"Level 2, 17 Castlereagh St,  Sydney, Nsw, 2000",No,No ,N/A,,,,,,,349119,Information and Communication Technology,,,,
Griffith University,"170 Kessels Road, Nathan Qld 4111",M06 M13 Compliance Works,11/02/2021,198389,Apollo Property Group,"147 Robertson Street,  Fortitude Valley, Qld, 4006",No,No ,N/A,,,,,,,349148,Building Construction and Maintenance,,,,
Griffith University,"170 Kessels Road, Nathan Qld 4111",Services Contract,11/02/2021,233944,Global Life Sciences Solutions Australia,"32 Phillip Street,  Parramatta, Nsw, 2150",No,No ,N/A,,,,,,,349152,General Goods and Services,,,,
Griffith University,"170 Kessels Road, Nathan Qld 4111",Research Consultancy Services,11/02/2021,98000,Sonja Brubacher,Canada,No,No ,N/A,,,,,,,349139,General Goods and Services,,,,
Griffith University,"170 Kessels Road, Nathan Qld 4111",Consultancy Development ,12/02/2021,45100,Hyper Theory Pty Ltd,"Po Box 567,  Cotton Tree, Qld, 4558",No,No ,N/A,,,,,,,349186,General Goods and Services,,,,
Griffith University,"170 Kessels Road, Nathan Qld 4111",Fire Ring Main Upgrade,12/02/2021,1260536,Kane Constructions (Qld) Pty Ltd,"14 Fox Street,  Albion, Qld, 4010",Yes,No ,Open Offer,,,,,,,349209,Building Construction and Maintenance,,,,
Griffith University,"170 Kessels Road, Nathan Qld 4111",3Dep 3D Dielectrophoresis Reader,12/02/2021,22384,Labtech International Ltd,"Mytogen House, 11 Browning Road Heathfield, E.Susx, Tn21 8Db",No,No ,N/A,,,,,,,349208,General Goods and Services,,,,
Griffith University,"170 Kessels Road, Nathan Qld 4111",Bipolar Power Supply,12/02/2021,61839,Macservice Pty Ltd,"231 Osborne Avenue,  Clayton South, Vic, 3169",No,No ,N/A,,,,,,,349211,General Goods and Services,,,,
Griffith University,"170 Kessels Road, Nathan Qld 4111",G26 Switchboard Replacement ,12/02/2021,10417,Meinhardt (Qld) Pty Ltd,"Level 2 135 Wickham Terrace,  Spring Hill, Qld, 4000",No,No ,N/A,,,,,,,349196,Building Construction and Maintenance,,,,
Griffith University,"170 Kessels Road, Nathan Qld 4111",Medicines Complete Online Subscription Feb 21 - Dec 21,12/02/2021,12420,Royal Pharmaceutical Society Of Gb,"66-68 East Smithfield, London,  E1W 1Aw",No,No ,N/A,,,,,,,1890610,General Goods and Services,,,,
Griffith University,"170 Kessels Road, Nathan Qld 4111",Kitchen Appliances,12/02/2021,13179,Rte Trading Pty Ltd,"Shop 26/27, 3525/3537 Pacific Highway,  Slacks Creek, Qld, 4127",No,No ,N/A,,,,,,,349225,General Goods and Services,,,,
Griffith University,"170 Kessels Road, Nathan Qld 4111",Relocation Of Staff,12/02/2021,18883,Sirva Relocation,"490 Freeman Road,  Richlands, Qld, 4077",No,No ,N/A,,,,,,,349227,General Goods and Services,,,,
Griffith University,"170 Kessels Road, Nathan Qld 4111",Business And Government Guide,15/02/2021,10065,Fast Proof Press Pty Ltd,"21/12 Lawrence Drive,  Nerang, Qld, 4211",No,No ,N/A,,,,,,,349319,General Goods and Services,,,,
Griffith University,"170 Kessels Road, Nathan Qld 4111",Graduation Ceremony ,15/02/2021,117779,Gold Coast Convention & Exhibition Centr,"Po Box 1407,  Broadbeach, Qld, 4218",No,No ,N/A,,,,,,,349310,General Goods and Services,,,,
Griffith University,"170 Kessels Road, Nathan Qld 4111",Computing Maintenance & Support,15/02/2021,140281,Microsoft Pty Ltd,"1 Epping Road,  North Ryde, Nsw, 2113",No,No ,N/A,,,,,,,349290,Information and Communication Technology,,,,
Griffith University,"170 Kessels Road, Nathan Qld 4111",Griffith Honours Welcome & Induction Day 23 Feb 2021 ,15/02/2021,14300,Southport Australian Rules Football Club,"3 Melia Court,  Southport, Qld, 4215",No,No ,N/A,,,,,,,349265,General Goods and Services,,,,
Griffith University,"170 Kessels Road, Nathan Qld 4111","Access Platform 6 Months Free, 12 Months Subscription",15/02/2021,20000,Theaccessplatform Ltd,"54 Park Central Building, 60 Fairfield Road London, , E3 2Us",No,No ,N/A,,,,,,,349288,Information and Communication Technology,,,,
Griffith University,"170 Kessels Road, Nathan Qld 4111",2021 Annual Market Support-Nor,16/02/2021,10137,Education Link As,"Kirkegata 24-26, Inngang Prinsensgateoslo,  0153",No,No ,N/A,,,,,,,1891601,General Goods and Services,,,,
Griffith University,"170 Kessels Road, Nathan Qld 4111",Honours College Graduations,16/02/2021,12100,Gold Coast Convention & Exhibition Centr,"Po Box 1407,  Broadbeach, Qld, 4218",No,No ,N/A,,,,,,,349400,General Goods and Services,,,,
Griffith University,"170 Kessels Road, Nathan Qld 4111", Wifi Supply And Support 2021,17/02/2021,46834,Superloop (Operations) Pty Ltd,"Level 1, 545 Queen Street,  Brisbane, Qld, 4000",No,No ,N/A,,,,,,,349450,Information and Communication Technology,,,,
Griffith University,"170 Kessels Road, Nathan Qld 4111",Turnitin With Integration 2021-2022 Subscription,17/02/2021,203917,"Turnitin, Llc.","Suite 1800, 2101 Webster St. Oakland, Ca, 94612",No,No ,N/A,,,,,,,349449,Information and Communication Technology,,,,
Griffith University,"170 Kessels Road, Nathan Qld 4111",International Projects & Recruitments ,18/02/2021,285472,Chanelle Baker International Ab,"Hovitsmansgatan 9,  Helsingborg, , 25437",No,No ,N/A,,,,,,,349496,General Goods and Services,,,,
Griffith University,"170 Kessels Road, Nathan Qld 4111",Av Equipment,18/02/2021,16089,Data #3 Limited,"Po Box 551,  Indooroopilly, Qld, 4068",No,No ,N/A,,,,,,,349486,General Goods and Services,,,,
Griffith University,"170 Kessels Road, Nathan Qld 4111",Mobile Invoice For Dec 2020,18/02/2021,47101,Optus Communications,"Gpo Box 3972, Sydney, Nsw 1119",No,No ,N/A,,,,,,,1892421,General Goods and Services,,,,
Griffith University,"170 Kessels Road, Nathan Qld 4111",Recollective 365 Days,18/02/2021,104858,Recollective Inc.,"300-100 Queen Street,  Ottawa, On, K1P 1J9",No,No ,N/A,,,,,,,C01577,Information and Communication Technology,,,,
Griffith University,"170 Kessels Road, Nathan Qld 4111",Recruitment Fees,18/02/2021,58300,Robinson Fitzgerald Pty Ltd,"Suite 26, 138 Juliette Street,  Greenslopes, Qld, 4120",No,No ,N/A,,,,,,,349491,General Goods and Services,,,,
Griffith University,"170 Kessels Road, Nathan Qld 4111",Recruitment Fees,18/02/2021,49500,Robinson Fitzgerald Pty Ltd,"Suite 26, 138 Juliette Street,  Greenslopes, Qld, 4120",No,No ,N/A,,,,,,,349492,General Goods and Services,,,,
Griffith University,"170 Kessels Road, Nathan Qld 4111",Review Of Final Reports,19/02/2021,15868,Altman Pty Ltd,"Unit 104, 54 Vernon Terrace, Teneriffe, Qld 4005",No,No ,N/A,,,,,,,1892620,General Goods and Services,,,,
Griffith University,"170 Kessels Road, Nathan Qld 4111",Furniture,19/02/2021,18146,Incorporate Space,"Po Box 864,  Sunnybank, Qld, 4109",No,No ,N/A,,,,,,,349547,General Goods and Services,,,,
Griffith University,"170 Kessels Road, Nathan Qld 4111",Studylink Application Quarterly 2021 Subscription,19/02/2021,1381161,Learning Information Systems,"Level 11,  17 York St,  Sydney, Nsw, 2000",Yes,No ,Open Offer,,,,,,,C01604,Information and Communication Technology,,,,
Griffith University,"170 Kessels Road, Nathan Qld 4111",Olympus Dsx1000 Digital Microscopy System,19/02/2021,89997,Olympus Australia Pty Ltd,"Po Box 985,  Mt Waverley, Vic, 3149",No,No ,N/A,,,,,,,349572,General Goods and Services,,,,
Griffith University,"170 Kessels Road, Nathan Qld 4111",Medical Deans Membership 2021,20/02/2021,44304,Medical Deans Australia & Nz Inc,"Level 6, 173-175 Phillip Street, Sydney, Nsw 2000",No,No ,N/A,,,,,,,1889798,General Goods and Services,,,,
Griffith University,"170 Kessels Road, Nathan Qld 4111",Trove Membership Subscription,20/02/2021,16072,National Library Of Australia,"Parkes Place, Canberra, Act 2600",No,No ,N/A,,,,,,,1889627,General Goods and Services,,,,
Griffith University,"170 Kessels Road, Nathan Qld 4111",Consultant Psychologist ,22/02/2021,10000,Amy Marie Cleator,Brisbane,No,No ,N/A,,,,,,,349614,General Goods and Services,,,,
Griffith University,"170 Kessels Road, Nathan Qld 4111",Position Classification & Reclassification Services 2021,22/02/2021,275000,Argent Group Pty Ltd,"3 Flamingo Cresent,  Thorlands, Qld, 4164",Yes,No ,N/A,,,,,,,349615 2662,General Goods and Services,,,,
Griffith University,"170 Kessels Road, Nathan Qld 4111",Professional/Legal Fees,22/02/2021,104500,Cooper Grace Ward,"Level 21, 400 George Street Brisbane, Qld, 4000",No,No ,N/A,,,,,,,349629,General Goods and Services,,,,
Griffith University,"170 Kessels Road, Nathan Qld 4111",Azure Marketplace Nov 2020 Subscription,22/02/2021,29043,Data #3 Limited,"Po Box 551,  Indooroopilly, Qld, 4068",No,No ,N/A,,,,,,,349640,Information and Communication Technology,,,,
Griffith University,"170 Kessels Road, Nathan Qld 4111",Laptops,22/02/2021,15099,Jb Hi Fi Group Pty Ltd,"544 Kessells Road,  Macgregor, Qld, 4109",No,No ,N/A,,,,,,,349645,Information and Communication Technology,,,,
Griffith University,"170 Kessels Road, Nathan Qld 4111",Scientific Equipment,22/02/2021,104239,Laerdal Pty Ltd,"Po Box 52,  Oakleigh, Vic, 3166",No,No ,N/A,,,,,,,349608,General Goods and Services,,,,
Griffith University,"170 Kessels Road, Nathan Qld 4111",Various Metals,22/02/2021,11804,Palloys Pty Ltd,"8 Meeks Road,  Marrickville, Nsw, 2204",No,No ,N/A,,,,,,,349607,General Goods and Services,,,,
Griffith University,"170 Kessels Road, Nathan Qld 4111",Master Services Agreement International 2021,22/02/2021,550000,Qs Enrolment Solutions (Australia) Pty L,"Level 3, 595 Collins Street,  Melbourne, Vic, 3000",,No ,Limited Offer,,,,,,,349613,General Goods and Services,,,,
Griffith University,"170 Kessels Road, Nathan Qld 4111",N45 New Cntral Chiller Plant ,22/02/2021,76959,Rider Levett Bucknall Qld Pty Ltd,"Gpo Box 1383,  Brisbane, Qld, 4000",No,No ,N/A,,,,,,,349639,Building Construction and Maintenance,,,,
Griffith University,"170 Kessels Road, Nathan Qld 4111","N80 Chiller Plant West, Construction",23/02/2021,12306589,Badge Constructions (Qld) Pty Ltd,"63 Oxford Street,  Bulimba, Qld, 4171",,No ,Open Offer,Capital Works Construction Contract AS2124,11,"Experience of previous projects 5%
•	Experience and expertise of the proposed site team 15%
•	Sub Contactors15%
•	Construction Methodology 15%
•	Program 15%
•	Departures 5%
•	Price 30%",The construction of a new building to house a new Chiller Plant  which will replace an existing Chiller Plant on Nathan campus,1. Schematic Design 2. Tree Clearing 3. Design Development 4. Contract Documentation 5. Tender Procurement 6. Construction 7. Post Construction,KPIs drafted to match those deliverables and milestones agreed on,349717,Building Construction and Maintenance,,,,
Griffith University,"170 Kessels Road, Nathan Qld 4111",Scientific Equipment,23/02/2021,10017,Bio-Strategy Pty Limited,"P.O Box 14,  Campbellfield, Vic, 3061",No,No ,N/A,,,,,,,349699,General Goods and Services,,,,
Griffith University,"170 Kessels Road, Nathan Qld 4111",N80 Chiller Plant West - Civil & Structural Engineering Services,23/02/2021,51022,Bligh Tanner Pty Ltd,"Po Box 612,  Fortitude Valley, Qld, 4006",No,No ,N/A,,,,,,,349685,Building Construction and Maintenance,,,,
Griffith University,"170 Kessels Road, Nathan Qld 4111",N45 New Central Chiller Plant - Architectural Services ,23/02/2021,136582,Cox Rayner Architects,"L2/2 Edward Street,  Brisbane, Qld, 4000",No,No ,N/A,,,,,,,349687,Building Construction and Maintenance,,,,
Griffith University,"170 Kessels Road, Nathan Qld 4111","Technical Advice, Guitar Building, Acoustic Assessment",23/02/2021,11000,Department Of Agriculture Fisheries And,"Gpo Box 46,  Brisbane, Qld, 4001",No,No ,N/A,,,,,,,349698,General Goods and Services,,,,
Griffith University,"170 Kessels Road, Nathan Qld 4111",N80 Chiller Plant West- Mechanical Engineering Services,23/02/2021,31013,Multitech Solutions Pty Ltd,"Po Box 790,  Coorparoo, Qld, 4151",No,No ,N/A,,,,,,,349711,Building Construction and Maintenance,,,,
Griffith University,"170 Kessels Road, Nathan Qld 4111",N80 Chiller Plant West- Mechanical Engineering Services,23/02/2021,72699,Multitech Solutions Pty Ltd,"Po Box 790,  Coorparoo, Qld, 4151",No,No ,N/A,,,,,,,349712,Building Construction and Maintenance,,,,
Griffith University,"170 Kessels Road, Nathan Qld 4111",N80 Chiller Plant West- Mechanical Engineering Services,23/02/2021,34768,Multitech Solutions Pty Ltd,"Po Box 790,  Coorparoo, Qld, 4151",No,No ,N/A,,,,,,,349713,Building Construction and Maintenance,,,,
Griffith University,"170 Kessels Road, Nathan Qld 4111",N45 New Central Chiller Plant - Electrical Engineering Services,23/02/2021,29920,Stantec Australia Pty Ltd,"Ground Floor, 226 Adelaide Terrace,  Perth, Wa, 6000",No,No ,N/A,,,,,,,349715,Building Construction and Maintenance,,,,
Griffith University,"170 Kessels Road, Nathan Qld 4111",Salt Chlorinator Cell Replacement ,24/02/2021,45891,Ais Water,"51 Millennium Place,  Tingalpa, Qld, 4173",No,No ,N/A,,,,,,,349794,General Goods and Services,,,,
Griffith University,"170 Kessels Road, Nathan Qld 4111",Core Server Platform 2021-2022 Licence+Software Assurance,24/02/2021,631538,Data #3 Limited,"Po Box 551,  Indooroopilly, Qld, 4068",,No ,Open Offer,,,,,,,349756,Information and Communication Technology,,,,
Griffith University,"170 Kessels Road, Nathan Qld 4111",Telecommunications Expenditure,24/02/2021,1584000,Optus Communications,"Gpo Box 3972, Sydney, Nsw 1119",No,No ,Open Offer,,,,,,,C01854,General Goods and Services,,,,
Griffith University,"170 Kessels Road, Nathan Qld 4111","N80 Chiller Plant West, Whs Consultant",24/02/2021,21780,Relay Consulting Services,"Po Box 211,  Rochedale, Qld, 4123",No,No ,N/A,,,,,,,349758,General Goods and Services,,,,
Griffith University,"170 Kessels Road, Nathan Qld 4111",Telecommunications Expenditure,24/02/2021,250111,Tpg Network Pty Ltd,"Gpo Box 3641, Sydney, Nsw 2001",Yes,No ,N/A,,,,,,,1893004,General Goods and Services,,,,
Griffith University,"170 Kessels Road, Nathan Qld 4111",Ghc Brisbane Grads Receptions 26 - 27 Feb 2021,25/02/2021,15400,Brisbane Convention And Exhibition Centr,"Po Box 3869, South Bank Brisbane, Qld, 4101",No,No ,N/A,,,,,,,349825,General Goods and Services,,,,
Griffith University,"170 Kessels Road, Nathan Qld 4111",Computer Equipment,25/02/2021,19670,Cetnaj,"15 Machinery Drive,  Tweed Heads, Nsw, 2486",No,No ,N/A,,,,,,,349845,Information and Communication Technology,,,,
Griffith University,"170 Kessels Road, Nathan Qld 4111",Furniture,25/02/2021,12130,Incorporate Space,"Po Box 864,  Sunnybank, Qld, 4109",No,No ,N/A,,,,,,,349853,General Goods and Services,,,,
Griffith University,"170 Kessels Road, Nathan Qld 4111",Scientific Equipment,25/02/2021,26398,Toyesi Pty Ltd,"2/27 Binney Road,  Kings Park, Nsw, 2148",No,No ,N/A,,,,,,,349847,General Goods and Services,,,,
Griffith University,"170 Kessels Road, Nathan Qld 4111",Hybrid Foundations,26/02/2021,11660,3 Day Startup,"701 Brazos Street, Suite 533, Austin, Tx 78701",No,No ,N/A,,,,,,,1892994,General Goods and Services,,,,
Griffith University,"170 Kessels Road, Nathan Qld 4111",G39 Screens ,26/02/2021,24889,Abp Allboards P/L,"Po Box 197,  Carole Park, Qld, 4300",No,No ,N/A,,,,,,,349913,Building Construction and Maintenance,,,,
Griffith University,"170 Kessels Road, Nathan Qld 4111",Membership Fees 2021,26/02/2021,165000,Curtin University Of Technology,"Financial Services, Gpo Box U1987Perth, Wa 6845",No,No ,N/A,,,,,,,1890708 1926161,General Goods and Services,,,,
Griffith University,"170 Kessels Road, Nathan Qld 4111",Rehabilitation Exoskeleton,26/02/2021,149518,Dih Pte. Ltd,"67 Ubi Ave 1 #06-17 South Wing, Starhub Green , , 408942",No,No ,N/A,,,,,,,349907,General Goods and Services,,,,
Griffith University,"170 Kessels Road, Nathan Qld 4111",Consultancy,26/02/2021,44000,Insight Management Consultants P/L,"Level 7, 230 Collins Street,  Melbourne, Vic, 3000",No,No ,N/A,,,,,,,349936,General Goods and Services,,,,
Griffith University,"170 Kessels Road, Nathan Qld 4111",Cleaning Services,26/02/2021,15287,Wahoon Cleaning Pty Ltd,"St Lucia, Qld",No,No ,N/A,,,,,,,349909,General Goods and Services,,,,
Griffith University,"170 Kessels Road, Nathan Qld 4111",Legal Advice,28/02/2021,18702,Mccullough Robertson Lawyers,"Po Box 1855, Brisbane, Qld 4001",No,No ,N/A,,,,,,,1892242,General Goods and Services,,,,
Griffith University,"170 Kessels Road, Nathan Qld 4111",Gc Agent Appreciation Event,1/03/2021,24404,Bensonlily Surfers Paradise Pty Ltd,"Surfers Paradise Marriott Resort & Spa, Bronwyn Duggan, Event Manager Surfers Paradise, Qld, 4217",No,No ,N/A,,,,,,,349964,General Goods and Services,,,,
Griffith University,"170 Kessels Road, Nathan Qld 4111",S01 Design Development,1/03/2021,27368,Dma Engineers Pty Ltd,"Level 8 135 Wickham Terrace,  Spring Hill, Qld, 4000",No,No ,N/A,,,,,,,349986,Building Construction and Maintenance,,,,
Griffith University,"170 Kessels Road, Nathan Qld 4111",Zeb-Horizon Solution ,1/03/2021,59554,Geoslam Oz Pty Ltd,"Level 23, 127 Creek Street Brisbane, Qld, 4000",No,No ,N/A,,,,,,,349989,General Goods and Services,,,,
Griffith University,"170 Kessels Road, Nathan Qld 4111",Oua Lead Referrals T3 2020 Commission,1/03/2021,25740,Open Universities Australia,"Level 1/473 Bourke St, Melbourne, Vic 3000",No,No ,N/A,,,,,,,1893543,General Goods and Services,,,,
Griffith University,"170 Kessels Road, Nathan Qld 4111",Vehicle Prevention Bollards,2/03/2021,11547,A1 Building & Property Solutions Pty Ltd,"3 D'Aguilar Road,  The Gap, Qld, 4061",No,No ,N/A,,,,,,,350052,Building Construction and Maintenance,,,,
Griffith University,"170 Kessels Road, Nathan Qld 4111",L08 Transformer 6 & Rmu 3 Replacement,2/03/2021,154614,Asset Power Solutions Pty Ltd,"Po Box 459,  Cannon Hill, Qld, 4170",No,No ,N/A,,,,,,,350064,Building Construction and Maintenance,,,,
Griffith University,"170 Kessels Road, Nathan Qld 4111",Consultancy Research Services,2/03/2021,21492,Hunter New England Local Health District,"Locked Bag 10,  Wallsend, Nsw, 2287",No,No ,N/A,,,,,,,350030,General Goods and Services,,,,
Griffith University,"170 Kessels Road, Nathan Qld 4111",N78 Replacement Fast Response Energy Storage,2/03/2021,39900,Lehr Consultants International (Australi,"Level 2, 616 St Kilda Road Melbourne, Vic, 3004",No,No ,N/A,,,,,,,350057,General Goods and Services,,,,
Griffith University,"170 Kessels Road, Nathan Qld 4111","S01 Chiller, Ohs Auditor",2/03/2021,21230,Relay Consulting Services,"Po Box 211,  Rochedale, Qld, 4123",No,No ,N/A,,,,,,,350034,General Goods and Services,,,,
Griffith University,"170 Kessels Road, Nathan Qld 4111",Austn Dental Council ,3/03/2021,41250,Australian Dental Council,"Po Box 13278, Law Courts, Vic 8010",No,No ,N/A,,,,,,,1892941,General Goods and Services,,,,
Griffith University,"170 Kessels Road, Nathan Qld 4111",Computing Maintenance & Support,3/03/2021,25049,Equate Technolgies,"Level 10, 410 Ann Street Brisbane, Qld, 4000",No,No ,N/A,,,,,,,350089,Information and Communication Technology,,,,
Griffith University,"170 Kessels Road, Nathan Qld 4111",G12 Compressed Air Plant Replacement,3/03/2021,83588,Hosmed Services Pty Ltd,"Po Box 637,  Virginia, Qld, 4014",No,No ,N/A,,,,,,,350116,Building Construction and Maintenance,,,,
Griffith University,"170 Kessels Road, Nathan Qld 4111",Miele Pg8562 Washer-Disinfector,3/03/2021,11232,In Vitro Technologies Pty Ltd,"7-9 Summit Road,  Noble Park, Vic, 3174",No,No ,N/A,,,,,,,350104,General Goods and Services,,,,
Griffith University,"170 Kessels Road, Nathan Qld 4111",Consultant Psychologist,3/03/2021,11000,Kelly Perrott,"Po Box 579,  The Gap, Qld, 4061",No,No ,N/A,,,,,,,350098,General Goods and Services,,,,
Griffith University,"170 Kessels Road, Nathan Qld 4111",Laboratory Consumables,3/03/2021,32558,Limbs & Things Limited,"92 Wedgewood Road,  Hallam, Vic, 3803",No,No ,N/A,,,,,,,350103,General Goods and Services,,,,
Griffith University,"170 Kessels Road, Nathan Qld 4111",Brand Campaign 2020 Tv (Dec),3/03/2021,73803,Mediacom Australia Pty Ltd,"Level 17, 65 Berry Streetnorth Sydney, Nsw 2060",No,No ,N/A,,,,,,,1894188,General Goods and Services,,,,
Griffith University,"170 Kessels Road, Nathan Qld 4111",Inconel Powder,3/03/2021,24640,Renishaw Oceania Pty Ltd,"Unit 4, 6-7 Gilda Court, Mulgrave, Vic 3170",No,No ,N/A,,,,,,,1889936,General Goods and Services,,,,
Griffith University,"170 Kessels Road, Nathan Qld 4111",L03/L06 Separation,4/03/2021,11693,A.G. Coombs Advisory Pty Ltd,"26 Cochranes Rd,  Moorabbin, Vic, 3189",No,No ,N/A,,,,,,,350171,Building Construction and Maintenance,,,,
Griffith University,"170 Kessels Road, Nathan Qld 4111",Computing Maintenance & Support,4/03/2021,70450,Data #3 Limited,"Po Box 551,  Indooroopilly, Qld, 4068",No,No ,N/A,,,,,,,350146,Information and Communication Technology,,,,
Griffith University,"170 Kessels Road, Nathan Qld 4111",Ieee Electronic Library Subscription Jul - Dec 2021,4/03/2021,67323,Ebsco International Inc,"Subscription Services, Attn John Siweknorth Sydney, Nsw 2060",No,No ,N/A,,,,,,,1894191,General Goods and Services,,,,
Griffith University,"170 Kessels Road, Nathan Qld 4111",2021 Off-Shore Regional Marketing Manager (Us & Canada) Consultancy Fees,4/03/2021,120750,Justine Somogyi,Canada,No,No ,N/A,,,,,,,350141,General Goods and Services,,,,
Griffith University,"170 Kessels Road, Nathan Qld 4111",Policy & Delegations Review 1/3/2021 - 30/11/2021,4/03/2021,76450,Kathryn Margeret Sinclair,Melbourne,Yes,No ,N/A,,,,,,,350173 356102 374145,General Goods and Services,,,,
Griffith University,"170 Kessels Road, Nathan Qld 4111",N78 Replacement Fast Response Energy Storage,4/03/2021,43890,Lehr Consultants International (Australi,"Level 2, 616 St Kilda Road Melbourne, Vic, 3004",No,No ,N/A,,,,,,,350147,General Goods and Services,,,,
Griffith University,"170 Kessels Road, Nathan Qld 4111",Consultancy Fees,4/03/2021,39600,Minh Phan,Vietnam,No,No ,N/A,,,,,,,350142,General Goods and Services,,,,
Griffith University,"170 Kessels Road, Nathan Qld 4111",External Review ,4/03/2021,14729,Scientific Auditing Services Pty Ltd,"Po Box 217, Bellbowrie Post Office Moggill, Qld, 4070",No,No ,N/A,,,,,,,350158,General Goods and Services,,,,
Griffith University,"170 Kessels Road, Nathan Qld 4111",Consultant Psychologist ,5/03/2021,10000,Alita Walters,Brisbane,No,No ,N/A,,,,,,,350237,General Goods and Services,,,,
Griffith University,"170 Kessels Road, Nathan Qld 4111",Software/Vpn Blackboard,5/03/2021,1075135,Blackboard International Bv,"Paleisstraat 1-5, Amsterdam,  1012",,No ,Limited Offer,,,,,,,1894364,Information and Communication Technology,,,,
Griffith University,"170 Kessels Road, Nathan Qld 4111",Laboratory Consumables,5/03/2021,12022,Dongguan Tianyu Semiconductor Technology,"No.5 Industrial North 1St Road, Songshan Lake High-Tech Zone Dongguan, 44, 523808",No,No ,N/A,,,,,,,350190,General Goods and Services,,,,
Griffith University,"170 Kessels Road, Nathan Qld 4111",Computing Maintenance & Support,5/03/2021,165000,Netapp Capital Solutions,"Level 1, 550 Bourke Street,  Melbourne, Vic, 3000",No,No ,N/A,,,,,,,350191,Information and Communication Technology,,,,
Griffith University,"170 Kessels Road, Nathan Qld 4111",Equipment,5/03/2021,22000,University Of Sydney,"Financial Services Division, Margaret Telfer Building K07Sydney, Nsw 2006",No,No ,N/A,,,,,,,1890716,General Goods and Services,,,,
Griffith University,"170 Kessels Road, Nathan Qld 4111",Hepa Filters,8/03/2021,16734,Dewpoint Air,"Po Box 3479,  Newmarket, Qld, 4051",No,No ,N/A,,,,,,,350250,Building Construction and Maintenance,,,,
Griffith University,"170 Kessels Road, Nathan Qld 4111",International Admissions Esos Audit,8/03/2021,33000,Garcia Group Advisors,"Po Box 146,  Oatley, Nsw, 2223",No,No ,N/A,,,,,,,350279,General Goods and Services,,,,
Griffith University,"170 Kessels Road, Nathan Qld 4111",Legal Fees,8/03/2021,15105,Minter Ellison Lawyers,"Po Box 7844, ""Waterfront Place""Brisbane, Qld 4001",No,No ,N/A,,,,,,,1894645,General Goods and Services,,,,
Griffith University,"170 Kessels Road, Nathan Qld 4111",Legal Fees,8/03/2021,16708,Minter Ellison Lawyers,"Po Box 7844, ""Waterfront Place""Brisbane, Qld 4001",No,No ,N/A,,,,,,,1894707,General Goods and Services,,,,
Griffith University,"170 Kessels Road, Nathan Qld 4111",Membership 2021,8/03/2021,27000,Rozetta Institute Limited,"Level 2, 55 Harrington Street, Sydney, Nsw 2000",No,No ,N/A,,,,,,,1894644,General Goods and Services,,,,
Griffith University,"170 Kessels Road, Nathan Qld 4111",2021 Acicis Study Indonesia Membership,8/03/2021,12884,University Of Western Australia,"Nedlands, Nedlands, Wa 6907",No,No ,N/A,,,,,,,1894649,General Goods and Services,,,,
Griffith University,"170 Kessels Road, Nathan Qld 4111",Shep Ms-Seq Venue Hire Event,9/03/2021,11220,Brisbane Convention And Exhibition Centr,"Po Box 3869, South Bank Brisbane, Qld, 4101",No,No ,N/A,,,,,,,350292,General Goods and Services,,,,
Griffith University,"170 Kessels Road, Nathan Qld 4111",Endnote Licence 2021-2022 Subscription,9/03/2021,21640,Clarivate Analytics (Uk) Limited,"Friars House, 160 Blackfriars Road London, , Se1 8Ez",No,No ,N/A,,,,,,,350286,Information and Communication Technology,,,,
Griffith University,"170 Kessels Road, Nathan Qld 4111",Chuck Drilling Speed W/Key Clamping Rang ,10/03/2021,15915,Johnson & Johnson Medical Pty Ltd,"1-5 Khartoum Road,  North Ryde, Nsw, 2113",No,No ,N/A,,,,,,,350350,General Goods and Services,,,,
Griffith University,"170 Kessels Road, Nathan Qld 4111",C-Band Cw High Power Erbium Fiber Amplifier,10/03/2021,11625,Lumibird Sa,"2 Rue Paul Sabatier, Lannion Bretagne, , 22300",No,No ,N/A,,,,,,,350343,General Goods and Services,,,,
Griffith University,"170 Kessels Road, Nathan Qld 4111",R2S Transformation Program ,10/03/2021,115940,Michael Page International,"Level 4, 110 George Street Parramatta, Nsw, 2150",No,No ,N/A,,,,,,,350334,General Goods and Services,,,,
Griffith University,"170 Kessels Road, Nathan Qld 4111",Auscert Membership 2021-2022 Subscription,11/03/2021,11935,Caudit,"Meeting Secretariat, Conference Logistics, Po Box 6150 Kingston, Act, 2604",No,No ,N/A,,,,,,,350403,Information and Communication Technology,,,,
Griffith University,"170 Kessels Road, Nathan Qld 4111",Biomedical Device Regulatory Gap Analysis,11/03/2021,16000,Daniel Martinez Marquez,"Unit 3403, 25 East Quay Drive,  Biggera Waters, Qld, 4216",No,No ,N/A,,,,,,,350402,General Goods and Services,,,,
Griffith University,"170 Kessels Road, Nathan Qld 4111",Management & Leadership Program,11/03/2021,16390,Foresight Improvement Through People P/L,"24 Carrock Crt,  Mt Coolum, Qld, 4573",No,No ,N/A,,,,,,,350411,General Goods and Services,,,,
Griffith University,"170 Kessels Road, Nathan Qld 4111",Tick History And Datastream,11/03/2021,17064,Refinitiv Australia Pty Limited,"Level 10, 60 Margaret Streetsydney, Nsw 2000",No,No ,N/A,,,,,,,1895162,General Goods and Services,,,,
Griffith University,"170 Kessels Road, Nathan Qld 4111",Laboratory Consumables,11/03/2021,25543,Zedtex Australia Pty. Limited,"Ground Floor, 71 Queens Road,  Melbourne, Vic, 3004",No,No ,N/A,,,,,,,350427,General Goods and Services,,,,
Griffith University,"170 Kessels Road, Nathan Qld 4111",Full Accrediation,12/03/2021,47575,Australian Nursing Council Inc,"Gpo Box 400, Canberra City, Act 2601",No,No ,N/A,,,,,,,1891346,General Goods and Services,,,,
Griffith University,"170 Kessels Road, Nathan Qld 4111",Music And Performing Arts Guide,12/03/2021,12207,Fast Proof Press Pty Ltd,"21/12 Lawrence Drive,  Nerang, Qld, 4211",No,No ,N/A,,,,,,,350472,General Goods and Services,,,,
Griffith University,"170 Kessels Road, Nathan Qld 4111",Consultancy ,12/03/2021,38867,Indigenous Impact Pty Ltd,"49 Gold Street,  Banyo, Qld, 4014",No,No ,N/A,,,,,,,350467,General Goods and Services,,,,
Griffith University,"170 Kessels Road, Nathan Qld 4111",Tp1/2021 Commission,12/03/2021,604072,Pearson Australia Group Pty Ltd,"Suite 1001 Level 10, 151 Castlereagh Street,Sydney, Nsw 2000",,No ,Limited Offer,,,,,,,1893230,General Goods and Services,,,,
Griffith University,"170 Kessels Road, Nathan Qld 4111",Patent Application,14/03/2021,11487,Spruson & Ferguson Pty Limited,"Gpo Box 3898, Sydney, Nsw 2001",No,No ,N/A,,,,,,,1894313,General Goods and Services,,,,
Griffith University,"170 Kessels Road, Nathan Qld 4111",Computing Maintenance & Support,15/03/2021,77407,Flexera Software Pty Limited,"Level 3,, 814-818 Whitehorse Road Box Hill, Vic, 3128",No,No ,N/A,,,,,,,350507,Information and Communication Technology,,,,
Griffith University,"170 Kessels Road, Nathan Qld 4111",Turbo Education  2021-2022 Subscription,16/03/2021,159358,Code Systems Corporation,"568 First Avenue South,  Seattle, Wa, 98104",Yes,No ,N/A,,,,,,,350542 361934,Information and Communication Technology,C01082,,,
Griffith University,"170 Kessels Road, Nathan Qld 4111",Accreditation 2021,17/03/2021,35123,Council Of Pharmacy Register Authorities,"Po Box 269,  Civic Square, Act, 2608",No,No ,N/A,,,,,,,350635,Information and Communication Technology,,,,
Griffith University,"170 Kessels Road, Nathan Qld 4111",Roof And Gutter Cleaning,17/03/2021,12320,Descab Pty Ltd T/A Qld Multi Trades,"34 Hindes Street,  Lota, Qld, 4178",No,No ,N/A,,,,,,,350627,Building Construction and Maintenance,,,,
Griffith University,"170 Kessels Road, Nathan Qld 4111",Project Management,17/03/2021,21951,Gripfast Consulting Pty Ltd,"Level 4, 155 Wickham Terrace,  Spring Hill, Qld, 4000",No,No ,N/A,,,,,,,350633,Building Construction and Maintenance,,,,
Griffith University,"170 Kessels Road, Nathan Qld 4111",Service Contract ,17/03/2021,18920,Jeol (Australasia) Pty Ltd,"Suite 1,Level 2, 18 Aquatic Drive Frenchs Forest, Nsw, 2086",No,No ,N/A,,,,,,,350647,General Goods and Services,,,,
Griffith University,"170 Kessels Road, Nathan Qld 4111",Afterhours Crisis Line Service,17/03/2021,49500,Lifeline Direct Limited,"Po Box 336,  Warrnambool, Vic, 3280",No,No ,N/A,,,,,,,350644,General Goods and Services,,,,
Griffith University,"170 Kessels Road, Nathan Qld 4111",Carpark Improvements,17/03/2021,15740,Logical Line Marking,"18 Ferguson Street,  Underwood, Qld, 4119",No,No ,N/A,,,,,,,350631,Building Construction and Maintenance,,,,
Griffith University,"170 Kessels Road, Nathan Qld 4111",Project Briefing Construction Programming Services,17/03/2021,125978,Rowles Time Management,"85 Victoria Street,  West End, Qld, 4101",No,No ,N/A,,,,,,,350636,Building Construction and Maintenance,,,,
Griffith University,"170 Kessels Road, Nathan Qld 4111",2 Half Day Workshops Facilitation ,17/03/2021,16500,Stratagems Pty. Limited,"Po Box 1040,  Toowong, Qld, 4066",No,No ,N/A,,,,,,,350639,General Goods and Services,,,,
Griffith University,"170 Kessels Road, Nathan Qld 4111",G26 Main Switchboard Replacement,17/03/2021,21450,Turner & Townsend Pty Ltd,"Level 13, 140 Creek St,  Brisbane, Qld, 4000",No,No ,N/A,,,,,,,350624,Building Construction and Maintenance,,,,
Griffith University,"170 Kessels Road, Nathan Qld 4111",Phone Equipment,18/03/2021,17871,Jb Hi Fi Group Pty Ltd,"544 Kessells Road,  Macgregor, Qld, 4109",No,No ,N/A,,,,,,,350692,General Goods and Services,,,,
Griffith University,"170 Kessels Road, Nathan Qld 4111",Shep Ms-Seq Venue Hire,18/03/2021,26565,Somerville House,"17 Graham Street,  South Brisbane, Qld, 4101",No,No ,N/A,,,,,,,350693,General Goods and Services,,,,
Griffith University,"170 Kessels Road, Nathan Qld 4111",Scientific Equipment,18/03/2021,11956,Thermo Fisher Scientific Australia,"Po Box 9092,  Scoresby, Vic, 3179",No,No ,N/A,,,,,,,350679,General Goods and Services,,,,
Griffith University,"170 Kessels Road, Nathan Qld 4111",Acoustic Treatment S07 ,19/03/2021,19720,A1 Building & Property Solutions Pty Ltd,"3 D'Aguilar Road,  The Gap, Qld, 4061",No,No ,N/A,,,,,,,350813,Building Construction and Maintenance,,,,
Griffith University,"170 Kessels Road, Nathan Qld 4111",Scientific Equipment,19/03/2021,31704,Agilent Technologies Australia Pty Ltd,"679 Springvale Road,  Mulgrave, Vic, 3170",No,No ,N/A,,,,,,,350745,General Goods and Services,,,,
Griffith University,"170 Kessels Road, Nathan Qld 4111",Scientific Equipment,19/03/2021,51528,Izon Science Limited,"8C Homersham Place, Burnside Christchurch, , 8053",No,No ,N/A,,,,,,,350766,General Goods and Services,,,,
Griffith University,"170 Kessels Road, Nathan Qld 4111",Pathways To Impact Program,19/03/2021,15000,Janet Pauline Dalby,Gold Coast,No,No ,N/A,,,,,,,350796,General Goods and Services,,,,
Griffith University,"170 Kessels Road, Nathan Qld 4111",Medical Equipment,19/03/2021,12788,One Dental Pty Ltd,"8/9 Packard Avenue,  Castle Hill, Nsw, 2154",No,No ,N/A,,,,,,,350783,Medical,,,,
Griffith University,"170 Kessels Road, Nathan Qld 4111",Lead Coach Class,19/03/2021,23958,Sage Insights Australia Pty Ltd,"Po Box 1193,  Pasadena, Sa, 5042",No,No ,N/A,,,,,,,350788,General Goods and Services,,,,
Griffith University,"170 Kessels Road, Nathan Qld 4111",Sage Subscription Annual Fee,19/03/2021,33000,Science In Australia Gender Equity Ltd,"Ian Potter House, 9 Gordon Street, Acton, Act 2601",No,No ,N/A,,,,,,,1892860,General Goods and Services,,,,
Griffith University,"170 Kessels Road, Nathan Qld 4111",Roadmap To Sustainability Program ,19/03/2021,143880,Strategic Progress Pty Ltd,"Po Box 1284,  New Farm, Qld, 4005",No,No ,N/A,,,,,,,350762,General Goods and Services,,,,
Griffith University,"170 Kessels Road, Nathan Qld 4111",Av Requirements Summit Event,22/03/2021,13200,Encore Event Technologies Pty Ltd,"Unit 5/21 South Street,  Rydalmere, Nsw, 2116",No,No ,N/A,,,,,,,350842,General Goods and Services,,,,
Griffith University,"170 Kessels Road, Nathan Qld 4111",Homebase Brand And Promotional Material Consultancy,22/03/2021,19995,Five And Dime,"35A Happy Valley Road,  Wellington, , 6023",No,No ,N/A,,,,,,,350833,General Goods and Services,,,,
Griffith University,"170 Kessels Road, Nathan Qld 4111",Vehicle Purchase,22/03/2021,89024,Grand Motors,"Po Box 7834, Gold Coast Mail Ctr Gold Coast, Qld, 9726",No,No ,N/A,,,,,,,350861,General Goods and Services,,,,
Griffith University,"170 Kessels Road, Nathan Qld 4111",Phone Equipment,22/03/2021,10347,Jb Hi Fi Group Pty Ltd,"544 Kessells Road,  Macgregor, Qld, 4109",No,No ,N/A,,,,,,,350871,General Goods and Services,,,,
Griffith University,"170 Kessels Road, Nathan Qld 4111",Upgrade Optics Set ,22/03/2021,29636,Newspec Unit Trust,"330 Glen Osmond Road,  Mrytle Bank, Sa, 5064",No,No ,N/A,,,,,,,350827,General Goods and Services,,,,
Griffith University,"170 Kessels Road, Nathan Qld 4111",Fortigate Firewalls/Vpn Units,22/03/2021,12175,Riot Solutions Pty Ltd,"Po Box 10087 Adelaide Street,  Brisbane, , 4000",No,No ,N/A,,,,,,,350850,General Goods and Services,,,,
Griffith University,"170 Kessels Road, Nathan Qld 4111",Aprs Dicta 2021 Event ,22/03/2021,36124,Voco Gold Coast,"31 Hamilton Ave,  Surfers Paradise, Qld, 4217",No,No ,N/A,,,,,,,350834,General Goods and Services,,,,
Griffith University,"170 Kessels Road, Nathan Qld 4111",Stockman Rover Intrepid Off-Road Camper Trailer,22/03/2021,52674,Xplor-Offroad Pty Ltd,"5/48 Kremzow Rd,  Brendale, Qld, 4500",No,No ,N/A,,,,,,,350857,General Goods and Services,,,,
Griffith University,"170 Kessels Road, Nathan Qld 4111",S01 Chiller Refurbishment,23/03/2021,79990,Dewpoint Air,"Po Box 3479,  Newmarket, Qld, 4051",No,No ,N/A,,,,,,,350903,Building Construction and Maintenance,,,,
Griffith University,"170 Kessels Road, Nathan Qld 4111",Job-Ready Certificates Media,23/03/2021,58621,Ikon Communications Pty Ltd,"Level 4, 1 Kent Street,  Millers Points, Nsw, 2000",No,No ,N/A,,,,,,,350907,General Goods and Services,,,,
Griffith University,"170 Kessels Road, Nathan Qld 4111",Ug All Degrees Guide 2022,23/03/2021,12595,Jsa Design,"Po Box 1580,  Fortitude Valley, Qld, 4006",No,No ,N/A,,,,,,,350910,General Goods and Services,,,,
Griffith University,"170 Kessels Road, Nathan Qld 4111",Solvinjury2021-2022 Subscription,23/03/2021,30800,Solv Solutions Pty Ltd,"Level 1/776 Canning Hwy,  Applecross, Wa, 6153",No,No ,N/A,,,,,,,350886,Information and Communication Technology,,,,
Griffith University,"170 Kessels Road, Nathan Qld 4111",S01 Carpet And Paint Works,24/03/2021,11000,A1 Building & Property Solutions Pty Ltd,"3 D'Aguilar Road,  The Gap, Qld, 4061",No,No ,N/A,,,,,,,350956,Building Construction and Maintenance,,,,
Griffith University,"170 Kessels Road, Nathan Qld 4111",Component 1 Software Project Work,24/03/2021,46200,Guildlink Pty Limited,"Gpo Box 3338, Sydney, Nsw 2001",No,No ,N/A,,,,,,,1893508,Information and Communication Technology,,,,
Griffith University,"170 Kessels Road, Nathan Qld 4111",Consultancy Executive In Residence,25/03/2021,56800,Auckland Council,"Private Bag 92300, Victoria Street West Auckland, , 1142",No,No ,N/A,,,,,,,351019,General Goods and Services,,,,
Griffith University,"170 Kessels Road, Nathan Qld 4111","Iplex Gold, Massarray  Snp Genotyping",25/03/2021,10454,Australian Genome Research Facility Ltd,"Level 5 Gehrmann Laboratories, Research Road St Lucia, Qld, 4072",No,No ,N/A,,,,,,,351016,General Goods and Services,,,,
Griffith University,"170 Kessels Road, Nathan Qld 4111",Geomx Instrument And Reagent Bundle,25/03/2021,275000,Bio-Strategy Pty Limited,"P.O Box 14,  Campbellfield, Vic, 3061",No,No ,N/A,,,,,,,351023,General Goods and Services,,,,
Griffith University,"170 Kessels Road, Nathan Qld 4111",Software Licence,25/03/2021,536062,Cybercx Pty Ltd,"Level 4, 330 Collins Street Melbourne, Vic, 3000",,,,,,,,,,350994,Software Licences,,,,
Griffith University,"170 Kessels Road, Nathan Qld 4111",Software Licence,25/03/2021,621518,Cybercx Pty Ltd,"L4 330 Collins St,  Melbourne, Vic, 3000",Yes,No ,Open Offer,,,,,,,C01360,Information and Communication Technology,,,,
Griffith University,"170 Kessels Road, Nathan Qld 4111",Computing Maintenance & Support,25/03/2021,600500,Data #3 Limited,"Po Box 551,  Indooroopilly, Qld, 4068",,No ,Open Offer,,,,,,,350996,Information and Communication Technology,,,,
Griffith University,"170 Kessels Road, Nathan Qld 4111",Azure Marketplace Dec 2020 Subscription,25/03/2021,115841,Data #3 Limited,"Po Box 551,  Indooroopilly, Qld, 4068",No,No ,N/A,,,,,,,351010,Information and Communication Technology,,,,
Griffith University,"170 Kessels Road, Nathan Qld 4111",Preventive Maintenance & Support,25/03/2021,21483,Nissin Dental Products,", Pesetaweg 51 Nieuw-Vennep, , 2153 Pj",No,No ,N/A,,,,,,,351013,General Goods and Services,,,,
Griffith University,"170 Kessels Road, Nathan Qld 4111",2021 Qcif Membership Fees,25/03/2021,385000,Qcif Ltd,"Level 5, Rm 507D, Axon Building 47, The University Of Queensland St Lucia Campusst Lucia, Qld 4072",No,No ,N/A,,,,,,,1897368,General Goods and Services,,,,
Griffith University,"170 Kessels Road, Nathan Qld 4111",Gamry Electrochemical Workstation,25/03/2021,137489,Scientific Solutions Australia,"7 Mona Rd,  Menai, Nsw, 2234",No,No ,N/A,,,,,,,351021,General Goods and Services,,,,
Griffith University,"170 Kessels Road, Nathan Qld 4111",N38 Expansion Joint Repair,26/03/2021,11453,A1 Building & Property Solutions Pty Ltd,"3 D'Aguilar Road,  The Gap, Qld, 4061",No,No ,N/A,,,,,,,351062,Building Construction and Maintenance,,,,
Griffith University,"170 Kessels Road, Nathan Qld 4111",Dicta 2021 Gala Event,26/03/2021,24570,Ardent Leisure Limited,"Dreamworld Parkway,  Coomera, Qld, 4209",No,No ,N/A,,,,,,,351051,General Goods and Services,,,,
Griffith University,"170 Kessels Road, Nathan Qld 4111","Research Consultancy, Training & Expertise For Gci & Cii",26/03/2021,34500,Becky (Rebecca) Earhart,Canada,No,No ,N/A,,,,,,,351050,General Goods and Services,,,,
Griffith University,"170 Kessels Road, Nathan Qld 4111",Leadership For Gender Inclusion ,26/03/2021,18271,Gender Development Association,"169/8 Saphanthong Neua,, Vientiane, Lao Pdr Sisatthanak Vientiane, Vi, 01030",No,No ,N/A,,,,,,,351064,General Goods and Services,,,,
Griffith University,"170 Kessels Road, Nathan Qld 4111",Gostralia! Marketing Plan,26/03/2021,15585,Gostralia!-Gozealand! Gmbh,"Jagerstrabe 53, Stuttgart,  70174",No,No ,N/A,,,,,,,1897489,General Goods and Services,,,,
Griffith University,"170 Kessels Road, Nathan Qld 4111",Grc Marketing Plan,26/03/2021,10100,Gostralia!-Gozealand! Gmbh,"Jagerstrabe 53, Stuttgart,  70174",No,No ,N/A,,,,,,,1897490,General Goods and Services,,,,
Griffith University,"170 Kessels Road, Nathan Qld 4111",Archibus 2021-2022 Subscription,26/03/2021,43780,Icad Consultants Pty Ltd,"18 Centurion St,  Bridgeman Downs, Qld, 4035",No,No ,N/A,,,,,,,351052,Information and Communication Technology,,,,
Griffith University,"170 Kessels Road, Nathan Qld 4111",Securityscorecard Platform 2021-2022 Subscription,26/03/2021,38294,Sai Global Australia Pty Ltd,"Level 37, 680 George Street,  Sydney, Nsw, 2000",No,No ,N/A,,,,,,,351053,Information and Communication Technology,,,,
Griffith University,"170 Kessels Road, Nathan Qld 4111",Studiesup Marketing 2021,26/03/2021,10100,Studiesup - Manepax,"153 Rue De Silly, Boulogne-Billancourt,  92100",No,No ,N/A,,,,,,,1897488,General Goods and Services,,,,
Griffith University,"170 Kessels Road, Nathan Qld 4111",Review Of Grant Applications,27/03/2021,20350,The Trustee For Granted Group Unit Trust,"Suite 1.06A, 269 Centre Roadbentleigh, Vic 3204",No,No ,N/A,,,,,,,1896736,General Goods and Services,,,,
Griffith University,"170 Kessels Road, Nathan Qld 4111",Annual Review Of Bachelor Nutrition & Dietetics,28/03/2021,11900,Dietitians Association Of Australia,"1/8 Phipps Close, Deakin, Act 2600",No,No ,N/A,,,,,,,1893855,Information and Communication Technology,,,,
Griffith University,"170 Kessels Road, Nathan Qld 4111",Assessment Services Nursing,28/03/2021,27500,Queensland Tertiary Admissions Centre Lt,"Po Box 1331, Milton, Qld 4064",No,No ,N/A,,,,,,,1894305,General Goods and Services,,,,
Griffith University,"170 Kessels Road, Nathan Qld 4111",Computing Maintenance & Support,29/03/2021,24626,Intrado Australia Pty Ltd,"Level 6, 171 Clarence Street,  Sydney, Nsw, 2000",No,No ,N/A,,,,,,,351122,Information and Communication Technology,,,,
Griffith University,"170 Kessels Road, Nathan Qld 4111",Annual Report Project Management,29/03/2021,13269,Jsa Design,"Po Box 1580,  Fortitude Valley, Qld, 4006",No,No ,N/A,,,,,,,351096,General Goods and Services,,,,
Griffith University,"170 Kessels Road, Nathan Qld 4111",Psoft Education & Engagement ,30/03/2021,209000,Huie Consulting Pty Ltd,Sunshine Coast,No,No ,N/A,,,,,,,351153,General Goods and Services,,,,
Griffith University,"170 Kessels Road, Nathan Qld 4111",Inqld Advertising,30/03/2021,11550,In Queensland Media Pty Ltd,"Level 15, 111 Eagle Street, Brisbane, Qld 4000",No,No ,N/A,,,,,,,1896012,General Goods and Services,,,,
Griffith University,"170 Kessels Road, Nathan Qld 4111",Memberships/Subscriptions,30/03/2021,147015,Institute Of Managers And Leaders Ltd,"Gpo Box 2229, Brisbane, Qld 4000",No,No ,N/A,,,,,,,1909476,Memberships/Subscriptioms,,,,
Griffith University,"170 Kessels Road, Nathan Qld 4111",Computer Equipment,30/03/2021,11126,Jb Hi Fi Group Pty Ltd,"544 Kessells Road,  Macgregor, Qld, 4109",No,No ,N/A,,,,,,,351148,Information and Communication Technology,,,,
Griffith University,"170 Kessels Road, Nathan Qld 4111",Consultancy Services,30/03/2021,19988,The Florey Institute Of Neuroscience And,"30 Royal Parade, Parkville, Vic 3052",No,No ,N/A,,,,,,,1896497,General Goods and Services,,,,
Griffith University,"170 Kessels Road, Nathan Qld 4111",Ainse Membership Subscription,31/03/2021,24750,Ainse Ltd,"Locked Bag 2001, Kirrawee Dc, Nsw 2232",No,No ,N/A,,,,,,,1898191,General Goods and Services,,,,
Griffith University,"170 Kessels Road, Nathan Qld 4111",Laboratory Consumables,31/03/2021,1478873,Bio-Strategy Pty Limited,"P.O Box 14,  Campbellfield, Vic, 3061",,No ,Limited Offer,,,,,,,351191,General Goods and Services,,,,
Griffith University,"170 Kessels Road, Nathan Qld 4111",Consultancy,31/03/2021,165000,Cbre (C) Pty Limited,"Locked Bag 2742,  Brisbane, Qld, 4001",No,No ,N/A,,,,,,,351173,General Goods and Services,,,,
Griffith University,"170 Kessels Road, Nathan Qld 4111",Conference Facilitator,31/03/2021,33000,Clarissa Brocklehurst,Canada,No,No ,N/A,,,,,,,351213,General Goods and Services,,,,
Griffith University,"170 Kessels Road, Nathan Qld 4111",G02 Heaters And Ssr Installation,31/03/2021,16214,Gray Bros Air Conditioning Pty Ltd,"Po Box 3253,  Sunnybank South, Qld, 4109",No,No ,N/A,,,,,,,351180,Building Construction and Maintenance,,,,
Griffith University,"170 Kessels Road, Nathan Qld 4111",Olympus Vs200 Digital Slide Scanner ,31/03/2021,242000,Olympus Australia Pty Ltd,"Po Box 985,  Mt Waverley, Vic, 3149",No,No ,N/A,,,,,,,351171,General Goods and Services,,,,
Griffith University,"170 Kessels Road, Nathan Qld 4111",Insurance Cyber Policy,1/04/2021,32982,Arthur J Gallagher & Co (Aus) Limited,"80 Pacific Highway, North Sydney, Nsw 2060",No,No ,N/A,,,,,,,1898441,General Goods and Services,,,,
Griffith University,"170 Kessels Road, Nathan Qld 4111",Genomics Testing,1/04/2021,11055,Australian Genome Research Facility Ltd,"Level 5 Gehrmann Laboratories, Research Road St Lucia, Qld, 4072",No,No ,N/A,,,,,,,351272,General Goods and Services,,,,
Griffith University,"170 Kessels Road, Nathan Qld 4111",Driving Simulator,1/04/2021,141283,Avsimulation,"No. 1 Cours De L¿Ile Seguin,,  Boulogne Billancourt, , 92100",No,No ,N/A,,,,,,,351241,General Goods and Services,,,,
Griffith University,"170 Kessels Road, Nathan Qld 4111",Mate Mga 1100 Mass Spectrometer,1/04/2021,121130,Ma Tech Services Inc,"1115 Locust Street, Suite 500,  St. Louis, Mo, 63101",No,No ,N/A,,,,,,,351240,General Goods and Services,,,,
Griffith University,"170 Kessels Road, Nathan Qld 4111",Legal Fees,1/04/2021,27511,Q Workplace Solutions Pty Ltd,"Po Box 538,  Coorparoo, Qld, 4151",No,No ,N/A,,,,,,,351246,General Goods and Services,,,,
Griffith University,"170 Kessels Road, Nathan Qld 4111",Computing Maintenance & Support,6/04/2021,117810,Integral Technology Solutions Pty Ltd,"Level 2, 201 Leichardt Street,  Spring Hill, Qld, 4000",Yes,No ,N/A,,,,,,,GU-166,Information and Communication Technology,,,,
Griffith University,"170 Kessels Road, Nathan Qld 4111",Consultancy Communication Services,6/04/2021,16250,Isobel Clare Davis,Canberra,No,No ,N/A,,,,,,,351335,General Goods and Services,,,,
Griffith University,"170 Kessels Road, Nathan Qld 4111",K2Fly Cyp Cultural Heritage Management,6/04/2021,66000,K2Fly Limited,"Level 1, 26 Railway Road,  Subiaco, Wa, 6008",No,No ,N/A,,,,,,,351338,Information and Communication Technology,,,,
Griffith University,"170 Kessels Road, Nathan Qld 4111",Vehicle Expenses,7/04/2021,18119,Arb Biggera Waters,"23 Gateway Drive,  Biggera Waters, Qld, 4216",No,No ,N/A,,,,,,,351352,General Goods and Services,,,,
Griffith University,"170 Kessels Road, Nathan Qld 4111",Roadmap To Sustainability Program ,7/04/2021,163680,Gudlaren Consulting Pty Ltd,"52 Jacaranda Avenue,  Boronia Heights, Qld, 4124",No,No ,N/A,,,,,,,351350,General Goods and Services,,,,
Griffith University,"170 Kessels Road, Nathan Qld 4111",Nextseq 550 Bronze Support Plan,7/04/2021,43763,Illumina Australia Pty Ltd,"Unit 3, 1 International Court Scoresby, Vic, 3179",No,No ,N/A,,,,,,,351353,General Goods and Services,,,,
Griffith University,"170 Kessels Road, Nathan Qld 4111",Event Hire,7/04/2021,12771,Wishes Childrens Parties,"Po Box 5786,  Q Supercentre, Qld, 4218",No,No ,N/A,,,,,,,351365,General Goods and Services,,,,
Griffith University,"170 Kessels Road, Nathan Qld 4111",Ethernet Service 2021,8/04/2021,57200,Aarnet,"Gpo Box 1559,  Canberra, Act, 2601",No,No ,N/A,,,,,,,351382,Information and Communication Technology,,,,
Griffith University,"170 Kessels Road, Nathan Qld 4111",Ethernet Service 2021,8/04/2021,39000,Aarnet,"Gpo Box 1559,  Canberra, Act, 2601",No,No ,N/A,,,,,,,351390,Information and Communication Technology,,,,
Griffith University,"170 Kessels Road, Nathan Qld 4111", Services Agreement,8/04/2021,135234,Am Educon Service (Opc) Pvt Ltd,"3459-B, Sector-23 Haryana, , 122017",No,No ,N/A,,,,,,,351423,General Goods and Services,,,,
Griffith University,"170 Kessels Road, Nathan Qld 4111",Pup Training 21Olf D Adams,8/04/2021,13475,Dimity Adams Psychology Pty Ltd,Brisbane,No,No ,N/A,,,,,,,351415,General Goods and Services,,,,
Griffith University,"170 Kessels Road, Nathan Qld 4111",Parent And Student Info Webinar,8/04/2021,12455,Ikon Communications Pty Ltd,"Level 4, 1 Kent Street,  Millers Points, Nsw, 2000",No,No ,N/A,,,,,,,351408,General Goods and Services,,,,
Griffith University,"170 Kessels Road, Nathan Qld 4111",Undergraduate Degrees Program Guides,8/04/2021,47707,Jsa Design,"Po Box 1580,  Fortitude Valley, Qld, 4006",No,No ,N/A,,,,,,,351407,General Goods and Services,,,,
Griffith University,"170 Kessels Road, Nathan Qld 4111",Recruitment Fees,8/04/2021,69300,U&U Recruitment Partners,"Level 12, 259 Queen Street,  Brisbane, Qld, 4000",No,No ,N/A,,,,,,,351381,General Goods and Services,,,,
Griffith University,"170 Kessels Road, Nathan Qld 4111",Consultancy Services,9/04/2021,152848,Ambition Recruit Pty Limited,"5/55 Clarence St,  Sydney, Nsw, 2000",No,No ,N/A,,,,,,,351455,General Goods and Services,,,,
Griffith University,"170 Kessels Road, Nathan Qld 4111",Bioquell L-2 Hpv Generator 24 Month Service,9/04/2021,12585,Biodecon Solutions Limited,"Po Box 1143,  Hartwell, Vic, 3124",No,No ,N/A,,,,,,,351460,Building Construction and Maintenance,,,,
Griffith University,"170 Kessels Road, Nathan Qld 4111",Event,9/04/2021,22966,Brisbane State High School,"Cnr Cordelia & Glenelg St,  South Brisbane, Qld, 4101",No,No ,N/A,,,,,,,351432,General Goods and Services,,,,
Griffith University,"170 Kessels Road, Nathan Qld 4111",Tennis Court Resurfacing,9/04/2021,116996,Grassports Australia (Qld) Pty Ltd,"1-3 Casua Drive,  Varsity Lakes, Qld, 4227",No,No ,N/A,,,,,,,351457,Building Construction and Maintenance,,,,
Griffith University,"170 Kessels Road, Nathan Qld 4111",Consultancy Services,9/04/2021,179410,Robert James Macisaac,Brisbane,No,No ,N/A,,,,,,,351452,General Goods and Services,,,,
Griffith University,"170 Kessels Road, Nathan Qld 4111","N79 User Super Lab, Fire Engineer",12/04/2021,10670,Holmes Fire Limited Partnership,"Level 1, 1024 Ann Street,  Fortitude Valley, Qld, 4006",No,No ,N/A,,,,,,,351535,Building Construction and Maintenance,,,,
Griffith University,"170 Kessels Road, Nathan Qld 4111",Led Street Light Fittings,12/04/2021,20572,Raylinc Agencies Pty Ltd,"9 Colebard Street West,  Acacia Ridge, Qld, 4110",No,No ,N/A,,,,,,,351505,Building Construction and Maintenance,,,,
Griffith University,"170 Kessels Road, Nathan Qld 4111",Control Burn Block 6 Nathan,12/04/2021,13398,The Trustee For Fireland Consultancy,"Po Box 1012,  Toombul, Qld, 4012",No,No ,N/A,,,,,,,351519,Building Construction and Maintenance,,,,
Griffith University,"170 Kessels Road, Nathan Qld 4111",Computing Maintenance & Support,13/04/2021,24189,Attachmate Group Australia Pty Ltd,"Level 8, 76 Berry Street North Sydney, Nsw, 2060",No,No ,N/A,,,,,,,351559,Information and Communication Technology,,,,
Griffith University,"170 Kessels Road, Nathan Qld 4111",Indonesia And Philippines Consultant 2021,13/04/2021,38160,Chris Elia Nova Juwita Limbong,Indonesia,No,No ,N/A,,,,,,,351590,General Goods and Services,,,,
Griffith University,"170 Kessels Road, Nathan Qld 4111",Cvent 2021-2022 Subscription,13/04/2021,266822,Cvent Australia Pty Ltd,"Level 23, Hwt Tower, 40 City Road Southbank, Vic, 3006",No,No ,N/A,,,,,,,351563,Information and Communication Technology,,,,
Griffith University,"170 Kessels Road, Nathan Qld 4111",Commission T2 20,13/04/2021,17772,D.O.M Education Pty Ltd,"Level 6, Suite 2,138 Albert Street, Brisbane, Qld 4000",No,No ,N/A,,,,,,,1900145,General Goods and Services,,,,
Griffith University,"170 Kessels Road, Nathan Qld 4111",N80 Chiller Plant Custom Design,13/04/2021,27148,Iwts Group Pty Ltd,"7/39-45 Secam Street,  Mansfield, Qld, 4122",No,No ,N/A,,,,,,,351597,General Goods and Services,,,,
Griffith University,"170 Kessels Road, Nathan Qld 4111",N79 Super Lab Construction Phase,13/04/2021,17182,Merck Pty Ltd,"Ground Floor, Bldg 1, 885 Mountain Hwy Bayswater, Vic, 3153",No,No ,N/A,,,,,,,351596,Building Construction and Maintenance,,,,
Griffith University,"170 Kessels Road, Nathan Qld 4111","Pc3 Facility, Annual Maintenance 2021",13/04/2021,20636,N D Y Management Pty Ltd,"Level 14, 120 Edward Street Brisbane, Qld, 4000",No,No ,N/A,,,,,,,351593,Building Construction and Maintenance,,,,
Griffith University,"170 Kessels Road, Nathan Qld 4111",Computing Maintenance & Support,13/04/2021,18006,Oracle Corporation Australia Pty Ltd,"Gpo Box 1313,  Sydney, Nsw, 2001",No,No ,N/A,,,,,,,351591,Information and Communication Technology,,,,
Griffith University,"170 Kessels Road, Nathan Qld 4111", N79 Academic Building Telstra Coverage,13/04/2021,52053,R F Industries Pty Ltd,"1/30 Raubers Road,  Banyo, Qld, 4017",No,No ,N/A,,,,,,,351592,General Goods and Services,,,,
Griffith University,"170 Kessels Road, Nathan Qld 4111",Computing Maintenance & Support,13/04/2021,96920,Surveyengine,"Potsdamer Platz 1,  Berlin, , 10785",No,No ,N/A,,,,,,,351566,Information and Communication Technology,,,,
Griffith University,"170 Kessels Road, Nathan Qld 4111",Comprehensive Support,13/04/2021,14686,Thermo Fisher Scientific Australia,"Po Box 9092,  Scoresby, Vic, 3179",No,No ,N/A,,,,,,,351571,General Goods and Services,,,,
Griffith University,"170 Kessels Road, Nathan Qld 4111",Unimarket Emarketplace 2021-2022 Subscription,13/04/2021,60800,Unimarket Australia Pty Limited,"Po Box 5515,  Chatswood, Nsw, 2057",No,No ,N/A,,,,,,,351558,Information and Communication Technology,C01092,,,
Griffith University,"170 Kessels Road, Nathan Qld 4111",2021 Flu Vaccination Program,13/04/2021,30167,Vaxworks Health Services Pty Ltd,"Po Box 1279,  Milton, Qld, 4064",No,No ,N/A,,,,,,,351594,General Goods and Services,,,,
Griffith University,"170 Kessels Road, Nathan Qld 4111",G04 Partial Refurbishment,14/04/2021,17645,A1 Building & Property Solutions Pty Ltd,"3 D'Aguilar Road,  The Gap, Qld, 4061",No,No ,N/A,,,,,,,351642,Building Construction and Maintenance,,,,
Griffith University,"170 Kessels Road, Nathan Qld 4111",Insurance D&O Cover,14/04/2021,19212,Arthur J Gallagher & Co (Aus) Limited,"80 Pacific Highway, North Sydney, Nsw 2060",No,No ,N/A,,,,,,,1900191,General Goods and Services,,,,
Griffith University,"170 Kessels Road, Nathan Qld 4111",Shuttle Bus Pilot,14/04/2021,45045,Griffith Uni Gold Coast Student Guild,"Po Box 96, Gold Coast Campus Griffith University, Qld, 4222",No,No ,N/A,,,,,,,351637,General Goods and Services,,,,
Griffith University,"170 Kessels Road, Nathan Qld 4111",Landscaping Services,14/04/2021,1047737,Landscape Solutions Maintenance Pty Ltd,"PO Box 6254, Logan Central, QLD  4114",Yes,No,Open Offer,,,,,,,349076 361280,General Goods and Services,,,,
Griffith University,"170 Kessels Road, Nathan Qld 4111",Computing Maintenance & Support,14/04/2021,872639,Riot Solutions Pty Ltd,"Po Box 10087 Adelaide Street,  Brisbane, , 4000",Yes,No ,Selective Offer,,,,,,,C00871,Information and Communication Technology,,,,
Griffith University,"170 Kessels Road, Nathan Qld 4111",Copyright,15/04/2021,440432,A M C O S,"Locked Bag 5000,  Strawberry Hills, Nsw, 2012",No,No ,N/A,,,,,,,1870146 351690 363902 376845,General Goods and Services,,,,
Griffith University,"170 Kessels Road, Nathan Qld 4111",Region Specific Flyer,15/04/2021,19100,Bpo Intelligence Pty Ltd,"Level 2, 315 Ferntree Gully Road,  Mount Waverley, Vic, 3149",No,No ,N/A,,,,,,,351700,General Goods and Services,,,,
Griffith University,"170 Kessels Road, Nathan Qld 4111",Filemaker 2021-2022 Subscription,15/04/2021,18285,Claris International Inc.,"Po Box A2629,  Sydney South, Nsw, 1235",No,No ,N/A,,,,,,,351669,Information and Communication Technology,,,,
Griffith University,"170 Kessels Road, Nathan Qld 4111",Qses Management Fee - Live Chat,15/04/2021,88000,Qs Enrolment Solutions (Australia) Pty L,"Level 3, 595 Collins Street, Melbourne, Vic 3000",No,No ,N/A,,,,,,,1896625,General Goods and Services,,,,
Griffith University,"170 Kessels Road, Nathan Qld 4111",Recruitment Fees,15/04/2021,27048,Seek Limited,"Gpo Box 2335, Sydney, Nsw 2001",No,No ,N/A,,,,,,,1900482,General Goods and Services,,,,
Griffith University,"170 Kessels Road, Nathan Qld 4111",International Student Barometer 2021-2022 Subscription,15/04/2021,21450,Tribal Group Pty Limited,"West 7-8 Federal Mills Park, 3-35 Mackey Street North Geelong, Vic, 3215",No,No ,N/A,,,,,,,351670,Information and Communication Technology,,,,
Griffith University,"170 Kessels Road, Nathan Qld 4111",Inlet Valve Kit,16/04/2021,12108,Global Life Sciences Solutions Australia,"32 Phillip Street,  Parramatta, Nsw, 2150",No,No ,N/A,,,,,,,351755,General Goods and Services,,,,
Griffith University,"170 Kessels Road, Nathan Qld 4111",Placement Fee Hr Analyst,16/04/2021,11042,Optimum Recruitment Group (Qld) Pty Ltd,"Level 17, 40 Creek Street,  Brisbane, Qld, 4000",No,No ,N/A,,,,,,,351745,General Goods and Services,,,,
Griffith University,"170 Kessels Road, Nathan Qld 4111",Accommodation Review,19/04/2021,81422,Donald Cant Watts Corke (Qld) P/L,"Po Box 10161,  Brisbane, Qld, 4000",No,No ,N/A,,,,,,,351773,General Goods and Services,,,,
Griffith University,"170 Kessels Road, Nathan Qld 4111",Event Hire ,19/04/2021,13795,Valiant Hire,"16/50 Parker Court,  Pinkenba, Qld, 4008",No,No ,N/A,,,,,,,351816,General Goods and Services,,,,
Griffith University,"170 Kessels Road, Nathan Qld 4111",Parking Meter + Setup ,20/04/2021,11750,Database Consultants Australia,"Level 5, 355 Spencer Street West Melbourne, Vic, 3003",No,No ,N/A,,,,,,,351839,Building Construction and Maintenance,,,,
Griffith University,"170 Kessels Road, Nathan Qld 4111",Pup Training 21Unt Hatzis,20/04/2021,16940,Denise Margaret Hatzis,Brisbane,No,No ,N/A,,,,,,,351842,General Goods and Services,,,,
Griffith University,"170 Kessels Road, Nathan Qld 4111",Consultancy Homebase Elevate Plus,21/04/2021,66000,Impact Boom Pty Ltd,"32 Cambridge St,  Red Hill, Qld, 4059",No,No ,N/A,,,,,,,351877,General Goods and Services,,,,
Griffith University,"170 Kessels Road, Nathan Qld 4111",Singapore Taxes,21/04/2021,29100,Inland Revenue Authority Of Singapore,"55 Newton Road, Revenue House,  307987",No,No ,N/A,,,,,,,1900234,General Goods and Services,,,,
Griffith University,"170 Kessels Road, Nathan Qld 4111",Consultancy Innovation Architects Growth Lab Program Delivery,21/04/2021,156200,Innovation Architects Pty. Ltd.,"69 Northam Avenue,  Bardon, Qld, 4065",No,No ,N/A,,,,,,,351875,General Goods and Services,,,,
Griffith University,"170 Kessels Road, Nathan Qld 4111",Biogas Reactors,21/04/2021,16729,Umwelt- Und Ingenieurtechnik Gmbh Dresde,"Zum Windkanal 21, Dresden,  01109",No,No ,N/A,,,,,,,1900562,General Goods and Services,,,,
Griffith University,"170 Kessels Road, Nathan Qld 4111",Jamf Pro 2021-2022 Subscription,22/04/2021,44726,Data #3 Limited,"Po Box 551,  Indooroopilly, Qld, 4068",No,No ,N/A,,,,,,,351903,Information and Communication Technology,,,,
Griffith University,"170 Kessels Road, Nathan Qld 4111",Equipment,22/04/2021,255445,Duraplas Industries,"Po Box 218,  Wollongbar, Nsw, 2477",No,No ,N/A,,,,,,,351902,General Goods and Services,,,,
Griffith University,"170 Kessels Road, Nathan Qld 4111",Research Consultancy,22/04/2021,115500,Fugro Australia Land Pty Ltd,"Level 15, 54-58 Mounts Bay Road,  Perth, Wa, 6000",No,No ,N/A,,,,,,,351900,General Goods and Services,,,,
Griffith University,"170 Kessels Road, Nathan Qld 4111",Laboratory Consumables,22/04/2021,10967,In Vitro Technologies Pty Ltd,"7-9 Summit Road,  Noble Park, Vic, 3174",No,No ,N/A,,,,,,,351930,General Goods and Services,,,,
Griffith University,"170 Kessels Road, Nathan Qld 4111",Fire Ring Main Upgrade,22/04/2021,19095,Mrp Hydraulic & Fire Services Consultant,"Po Box 8143,  Woolloongabba, Qld, 4102",No,No ,N/A,,,,,,,351933,Building Construction and Maintenance,,,,
Griffith University,"170 Kessels Road, Nathan Qld 4111",Shimadzu Gas Chromatographs ,22/04/2021,109989,Shimadzu Scientific Inst. (Oceania)P/L,"Unit F, 10-16 South Street,  Rydalmere, Nsw, 2116",No,No ,N/A,,,,,,,351906,General Goods and Services,,,,
Griffith University,"170 Kessels Road, Nathan Qld 4111",Patent Application,22/04/2021,11678,Spruson & Ferguson Pty Limited,"Gpo Box 3898, Sydney, Nsw 2001",No,No ,N/A,,,,,,,1897500,General Goods and Services,,,,
Griffith University,"170 Kessels Road, Nathan Qld 4111",Talis Aspire 2021-2022 Subscription,22/04/2021,455969,Talis Education Limited,"1 Oliver'S Yard, 55 City Road London, , Ec1Y 1Sp",Yes,No ,N/A,,,,,,,GU-185,Information and Communication Technology,,,,
Griffith University,"170 Kessels Road, Nathan Qld 4111",Panel Booth Hire,22/04/2021,11111,Valiant Hire,"16/50 Parker Court,  Pinkenba, Qld, 4008",No,No ,N/A,,,,,,,351948,General Goods and Services,,,,
Griffith University,"170 Kessels Road, Nathan Qld 4111",Panel Booth Hire,22/04/2021,10699,Valiant Hire,"16/50 Parker Court,  Pinkenba, Qld, 4008",No,No ,N/A,,,,,,,351953,General Goods and Services,,,,
Griffith University,"170 Kessels Road, Nathan Qld 4111",Service Contract,23/04/2021,13931,Beckman Coulter Australia P/L,"23-27 Chaplin Drive,  Lane Cove, Nsw, 2066",No,No ,N/A,,,,,,,351960,General Goods and Services,,,,
Griffith University,"170 Kessels Road, Nathan Qld 4111",Maintenance 12 Month ,23/04/2021,34320,Bruker Pty Ltd,"Po Box 202,  Alexandria, Nsw, 1435",No,No ,N/A,,,,,,,351963,General Goods and Services,,,,
Griffith University,"170 Kessels Road, Nathan Qld 4111",Cbd Campus Cost Advice,23/04/2021,11000,Wt Partnership,"Gpo Box 2608,  Brisbane, Qld, 4001",No,No ,N/A,,,,,,,351995,General Goods and Services,,,,
Griffith University,"170 Kessels Road, Nathan Qld 4111",G40 Es6 Multi Compressor Controller,26/04/2021,12186,Atlas Copco Australia Pty Ltd,"25 Bluestone Circuit,  Seventeen Mile Rocks, Qld, 4073",No,No ,N/A,,,,,,,352011,Building Construction and Maintenance,,,,
Griffith University,"170 Kessels Road, Nathan Qld 4111",G26 Annual Certification 2021,27/04/2021,193052,Dewpoint Air,"Po Box 3479,  Newmarket, Qld, 4051",No,No ,N/A,,,,,,,352032,Building Construction and Maintenance,,,,
Griffith University,"170 Kessels Road, Nathan Qld 4111",Structural Engineering ,27/04/2021,24200,Edge Consulting Engineers Australasia,"Po Box 6148,  Woolloongabba, Qld, 4102",No,No ,N/A,,,,,,,352035,Building Construction and Maintenance,,,,
Griffith University,"170 Kessels Road, Nathan Qld 4111",Project Briefing Services,27/04/2021,69025,Holmes Fire Limited Partnership,"Level 1, 1024 Ann Street,  Fortitude Valley, Qld, 4006",No,No ,N/A,,,,,,,352045,Building Construction and Maintenance,,,,
Griffith University,"170 Kessels Road, Nathan Qld 4111",Annie Yang - Consultancy Fees,27/04/2021,193050,Navitas Limited,"Ground Floor, East Tower, 410 Ann Street Brisbane, Qld, 4000",No,No ,N/A,,,,,,,352017,General Goods and Services,,,,
Griffith University,"170 Kessels Road, Nathan Qld 4111",Alicat Mass Flow Controller ,27/04/2021,10934,Scitek Australia Pty Ltd,"Po Box 355,  Milsons Point, Nsw, 1565",No,No ,N/A,,,,,,,352038,General Goods and Services,,,,
Griffith University,"170 Kessels Road, Nathan Qld 4111",Comprehensive Service Agreement ,28/04/2021,38907,Bio-Strategy Pty Limited,"P.O Box 14,  Campbellfield, Vic, 3061",No,No ,N/A,,,,,,,352069,General Goods and Services,,,,
Griffith University,"170 Kessels Road, Nathan Qld 4111",Science And Environment Guide,28/04/2021,89639,Fast Proof Press Pty Ltd,"21/12 Lawrence Drive,  Nerang, Qld, 4211",No,No ,N/A,,,,,,,352075,General Goods and Services,,,,
Griffith University,"170 Kessels Road, Nathan Qld 4111",Leadership / Executive Coaching,28/04/2021,15263,Kim Vella Coaching Pty Ltd,"24/10 Charles Perkins Ct,  Bonner, Act, 2914",No,No ,N/A,,,,,,,352107,General Goods and Services,,,,
Griffith University,"170 Kessels Road, Nathan Qld 4111",Annual Commission,28/04/2021,14925,Study Options Limited,"83 Alma Road, Cliftonbristol,  Bs8 2Dp",No,No ,N/A,,,,,,,1902535,General Goods and Services,,,,
Griffith University,"170 Kessels Road, Nathan Qld 4111",Analytical Core Facility ,28/04/2021,1100000,Thermo Fisher Scientific Australia,"Po Box 9092,  Scoresby, Vic, 3179",,No ,Limited Offer,,,,,,,352086,General Goods and Services,,,,
Griffith University,"170 Kessels Road, Nathan Qld 4111",Provizio Scanner,29/04/2021,21152,Arjo Australia Pty Ltd,"Building B, Level 3. 11 Talavera Road,  Macquarie Park, Nsw, 2113",No,No ,N/A,,,,,,,352134,General Goods and Services,,,,
Griffith University,"170 Kessels Road, Nathan Qld 4111",Custom Genomic Analysis,29/04/2021,12430,Australian Genome Research Facility Ltd,"Level 5 Gehrmann Laboratories, Research Road St Lucia, Qld, 4072",No,No ,N/A,,,,,,,352143,General Goods and Services,,,,
Griffith University,"170 Kessels Road, Nathan Qld 4111",Body Protected Area Compliance,29/04/2021,15593,E.D.C. Systems Pty Ltd,"Po Box 35,  Cannon Hill, Qld, 4170",No,No ,N/A,,,,,,,352152,Building Construction and Maintenance,,,,
Griffith University,"170 Kessels Road, Nathan Qld 4111",Laboratory Consumables,30/04/2021,12831,Dongguan Tianyu Semiconductor Technology,"No.5 Industrial North 1St Road, Songshan Lake High-Tech Zone Dongguan, 44, 523808",No,No ,N/A,,,,,,,352213,General Goods and Services,,,,
Griffith University,"170 Kessels Road, Nathan Qld 4111",Iru Subscription 2021,30/04/2021,143000,La Trobe University,"Borchardt Library, Bundoora, Vic 3083",No,No ,N/A,,,,,,,1898776,General Goods and Services,,,,
Griffith University,"170 Kessels Road, Nathan Qld 4111",Consultancy Services,30/04/2021,36218,The Florey Institute Of Neuroscience And,"30 Royal Parade, Parkville, Vic 3052",No,No ,N/A,,,,,,,1900310,General Goods and Services,,,,
Griffith University,"170 Kessels Road, Nathan Qld 4111",Climate Risk Assessment,4/05/2021,17600,Bmt Wbm Pty Ltd,"Po Box 203,  Spring Hill, Qld, 4004",No,No ,N/A,,,,,,,352255,General Goods and Services,,,,
Griffith University,"170 Kessels Road, Nathan Qld 4111",Legal Fees - Coi,4/05/2021,17580,Clayton Utz,"Gpo Box 9806, Canberra, Act 2601",No,No ,N/A,,,,,,,1903367,General Goods and Services,,,,
Griffith University,"170 Kessels Road, Nathan Qld 4111",Computing Maintenance & Support,4/05/2021,10175,Obsidian Consulting Group Pty Ltd,"Po Box 461,  Coburg, Vic, 3058",No,No ,N/A,,,,,,,352229,Information and Communication Technology,,,,
Griffith University,"170 Kessels Road, Nathan Qld 4111",Data Encryption,4/05/2021,17472,Smartrak Aust Pty Ltd,"Level 9, 372 Albert Street,  East Melbourne, Vic, 3002",No,No ,N/A,,,,,,,352248,Information and Communication Technology,,,,
Griffith University,"170 Kessels Road, Nathan Qld 4111",Scientific Equipment,4/05/2021,19783,Thorlabs Inc,"56 Sparta Avenue,  Newton, Nj, 07860",No,No ,N/A,,,,,,,352231,General Goods and Services,,,,
Griffith University,"170 Kessels Road, Nathan Qld 4111",Cross Connect Consultancy Fee,5/05/2021,14335,Coloconnex Pty Ltd,"Level 10, 145 Sinnathamby Boulevard,  Springfield Central, Qld, 4300",No,No ,N/A,,,,,,,352298,General Goods and Services,,,,
Griffith University,"170 Kessels Road, Nathan Qld 4111",Recruitment Service Retainer,5/05/2021,13959,Emanate Technology Qld Pty Ltd,"Wework ¿ Level 6, 123 Eagle Street, Brisbane, Qld 4000",No,No ,N/A,,,,,,,1903164,General Goods and Services,,,,
Griffith University,"170 Kessels Road, Nathan Qld 4111",East Carpark Crack Filling,5/05/2021,47438,Logical Line Marking,"18 Ferguson Street,  Underwood, Qld, 4119",No,No ,N/A,,,,,,,352335,Building Construction and Maintenance,,,,
Griffith University,"170 Kessels Road, Nathan Qld 4111",Event Venue And Videography,5/05/2021,10158,Southport Australian Rules Football Club,"3 Melia Court,  Southport, Qld, 4215",No,No ,N/A,,,,,,,352303,General Goods and Services,,,,
Griffith University,"170 Kessels Road, Nathan Qld 4111",Survey Consultancy Services,5/05/2021,481650,Voice Project Pty Ltd,"Level 2, 68 Waterloo Road,  Macquarie Park, Nsw, 2113",Yes,No ,N/A,,,,,,,GU-169,Information and Communication Technology,,,,
Griffith University,"170 Kessels Road, Nathan Qld 4111",Supply & Install Ontera Karona 3 Carpet,6/05/2021,16841,A1 Building & Property Solutions Pty Ltd,"3 D'Aguilar Road,  The Gap, Qld, 4061",No,No ,N/A,,,,,,,352371,Building Construction and Maintenance,,,,
Griffith University,"170 Kessels Road, Nathan Qld 4111",Laboratory Consumables,6/05/2021,81809,Biotools Pty Ltd,"Po Box 2454,  Keperra, Qld, 4052",No,No ,N/A,,,,,,,352378,General Goods and Services,,,,
Griffith University,"170 Kessels Road, Nathan Qld 4111",Nathan Parking Meter,6/05/2021,15586,Database Consultants Australia,"Level 5, 355 Spencer Street West Melbourne, Vic, 3003",No,No ,N/A,,,,,,,352353,Building Construction and Maintenance,,,,
Griffith University,"170 Kessels Road, Nathan Qld 4111",Laboratory Consumables,6/05/2021,26541,Dongguan Tianyu Semiconductor Technology,"No.5 Industrial North 1St Road, Songshan Lake High-Tech Zone Dongguan, 44, 523808",No,No ,N/A,,,,,,,352357,General Goods and Services,,,,
Griffith University,"170 Kessels Road, Nathan Qld 4111",Business Analysis ,6/05/2021,219450,Lucid Synthesis Pty Ltd,"13 Marjorie St,  Rochedale South, Qld, 4123",No,No ,N/A,,,,,,,352368,General Goods and Services,,,,
Griffith University,"170 Kessels Road, Nathan Qld 4111",Benchmarking: Business And Law,7/05/2021,14298,Arina Consulting Architects,"Po Box 1102, Crows Nest, Nsw 1585",No,No ,N/A,,,,,,,1903771,General Goods and Services,,,,
Griffith University,"170 Kessels Road, Nathan Qld 4111",G24 Element Replacement,7/05/2021,10918,Atlas Copco Australia Pty Ltd,"25 Bluestone Circuit,  Seventeen Mile Rocks, Qld, 4073",No,No ,N/A,,,,,,,352437,Building Construction and Maintenance,,,,
Griffith University,"170 Kessels Road, Nathan Qld 4111",Annual Unisport Membership,7/05/2021,17262,Australian University Sport,"Suite 1.12 Sports House, Cnr Caxton & Castlemaine Streetsmilton, Qld 4064",No,No ,N/A,,,,,,,1903772,General Goods and Services,,,,
Griffith University,"170 Kessels Road, Nathan Qld 4111",N18 Vsd'S And Ssr'S Upgrade,7/05/2021,20244,Precise Air Group P/L,"Po Box 1859,  Springwood, Qld, 4128",No,No ,N/A,,,,,,,352414,Building Construction and Maintenance,,,,
Griffith University,"170 Kessels Road, Nathan Qld 4111",G51 Exhaust Relocation,7/05/2021,27806,Steadfast Projects Pty Ltd,"16 Ferndale Place,  Upper Kedron, Qld, 4055",No,No ,N/A,,,,,,,352447,Building Construction and Maintenance,,,,
Griffith University,"170 Kessels Road, Nathan Qld 4111",Wpengine Wordpress 2021-2022 Subscription,7/05/2021,44957,Wp Engine Inc,"Po Box 734427,  Dallas, Tx, 75373",No,No ,N/A,,,,,,,352418,Information and Communication Technology,,,,
Griffith University,"170 Kessels Road, Nathan Qld 4111",Trove Collab Service Membership Fee,8/05/2021,16072,National Library Of Australia,"Parkes Place, Canberra, Act 2600",No,No ,N/A,,,,,,,1900567,General Goods and Services,,,,
Griffith University,"170 Kessels Road, Nathan Qld 4111",N27 Architecture,10/05/2021,12210,Conrad Gargett Group,"Level 26, 240 Queen Street Brisbane, Qld, 4000",No,No ,N/A,,,,,,,352492,Building Construction and Maintenance,,,,
Griffith University,"170 Kessels Road, Nathan Qld 4111","N44, Architecture",10/05/2021,81750,Dm2Architecture Pty Ltd,"5A/8 Petrie Terrace,  Petrie Terrace, Qld, 4000",No,No ,N/A,,,,,,,352458,Building Construction and Maintenance,,,,
Griffith University,"170 Kessels Road, Nathan Qld 4111","N44, Electrical Engineer",10/05/2021,27386,Ghd Pty Ltd,"Po Box 5403,  Hrmc, Nsw, 2310",No,No ,N/A,,,,,,,352456,Building Construction and Maintenance,,,,
Griffith University,"170 Kessels Road, Nathan Qld 4111",Purair P20Pp-Xt,10/05/2021,13994,L.A.F. Technologies Pty. Ltd.,"12 Royan Place,  Bayswater North, Vic, 3153",No,No ,N/A,,,,,,,352497,General Goods and Services,,,,
Griffith University,"170 Kessels Road, Nathan Qld 4111",Mental Health & Wellbeing Fees,10/05/2021,66000,Lifeline Direct Limited,"Po Box 336,  Warrnambool, Vic, 3280",No,No ,N/A,,,,,,,352469,General Goods and Services,,,,
Griffith University,"170 Kessels Road, Nathan Qld 4111",N44 Mechanical Engineer,10/05/2021,34791,Multitech Solutions Pty Ltd,"Po Box 790,  Coorparoo, Qld, 4151",No,No ,N/A,,,,,,,352457,Building Construction and Maintenance,,,,
Griffith University,"170 Kessels Road, Nathan Qld 4111",Study In Australia Videos,10/05/2021,24933,News Limited,"Credit & Collections, Gpo Box 4245 Sydney, Nsw, 2001",No,No ,N/A,,,,,,,352487,General Goods and Services,,,,
Griffith University,"170 Kessels Road, Nathan Qld 4111",Safe Work Australia Project - Consulting Support,10/05/2021,18416,Queensland University Of Technology,"Gpo Box 2434,  Brisbane, Qld, 4001",No,No ,N/A,,,,,,,352467,General Goods and Services,,,,
Griffith University,"170 Kessels Road, Nathan Qld 4111",Hr Consultancy ,10/05/2021,77000,Tqsolutions Consulting,"138 Koornalla Crescent, Mt Eliza Melbourne, Vic, 3930",No,No ,N/A,,,,,,,352461,General Goods and Services,,,,
Griffith University,"170 Kessels Road, Nathan Qld 4111","N44, Quantity Surveyor",10/05/2021,12925,Turner & Townsend Pty Ltd,"Level 13, 140 Creek St,  Brisbane, Qld, 4000",No,No ,N/A,,,,,,,352452,Building Construction and Maintenance,,,,
Griffith University,"170 Kessels Road, Nathan Qld 4111",S4: N00 Land Surveying,11/05/2021,14245,Bennett & Bennett Consulting Surveyors,"Po Box 5021,  Gold Coast Mail Centre, Qld, 9726",No,No ,N/A,,,,,,,352545,Building Construction and Maintenance,,,,
Griffith University,"170 Kessels Road, Nathan Qld 4111",Emergency Lighting Systems,11/05/2021,20460,Jha Consulting Engineers (Qld) Pty Ltd,"Ground Floor, 130 Commercial Road Teneriffe, Qld, 4005",No,No ,N/A,,,,,,,352552,Building Construction and Maintenance,,,,
Griffith University,"170 Kessels Road, Nathan Qld 4111",Lift Controller Replacements,11/05/2021,21890,Lift Consultant Pty Ltd,"Po Box 1066,  Mt Ommaney, Qld, 4074",No,No ,N/A,,,,,,,352550,Building Construction and Maintenance,,,,
Griffith University,"170 Kessels Road, Nathan Qld 4111",Lift Controller Replacements,11/05/2021,27500,Lift Consultant Pty Ltd,"Po Box 1066,  Mt Ommaney, Qld, 4074",No,No ,N/A,,,,,,,352551,Building Construction and Maintenance,,,,
Griffith University,"170 Kessels Road, Nathan Qld 4111",Camera ,11/05/2021,25300,Perkin Elmer Pty Ltd,"Po Box 5290, Brandon Park Post Shop Brandon Park, Vic, 3150",No,No ,N/A,,,,,,,352529,General Goods and Services,,,,
Griffith University,"170 Kessels Road, Nathan Qld 4111",Pup Training 21Act Hatzis,12/05/2021,17886,Denise Margaret Hatzis,Brisbane,No,No ,N/A,,,,,,,352591,General Goods and Services,,,,
Griffith University,"170 Kessels Road, Nathan Qld 4111",2021 Tps Levy,12/05/2021,11755,Department Of Education,"Gpo Box 9880, Canberra, Act 2600",No,No ,N/A,,,,,,,1903773,General Goods and Services,,,,
Griffith University,"170 Kessels Road, Nathan Qld 4111",Sewer Inspection Nat,12/05/2021,11660,Descab Pty Ltd T/A Qld Multi Trades,"34 Hindes Street,  Lota, Qld, 4178",No,No ,N/A,,,,,,,352584,Building Construction and Maintenance,,,,
Griffith University,"170 Kessels Road, Nathan Qld 4111",Sewer Inspection Mtg,12/05/2021,11660,Descab Pty Ltd T/A Qld Multi Trades,"34 Hindes Street,  Lota, Qld, 4178",No,No ,N/A,,,,,,,352586,Building Construction and Maintenance,,,,
Griffith University,"170 Kessels Road, Nathan Qld 4111",Creative Cloud Pro For Teams 2021-2022 Subscrption,12/05/2021,35277,Insight Enterprises Australia Pty Ltd,"Locked Bag 3333,  Brookevale, Nsw, 2100",No,No ,N/A,,,,,,,352574,Information and Communication Technology,,,,
Griffith University,"170 Kessels Road, Nathan Qld 4111",Copper Wall Carpark ,12/05/2021,19177,Logical Line Marking,"18 Ferguson Street,  Underwood, Qld, 4119",No,No ,N/A,,,,,,,352619,Building Construction and Maintenance,,,,
Griffith University,"170 Kessels Road, Nathan Qld 4111",Project: Software Development - Campus Life,13/05/2021,16500,Davidson Technology (Aust) Pty Ltd,"Gpo Box 2572,  Brisbane, Qld, 4001",No,No ,N/A,,,,,,,352650,Information and Communication Technology,,,,
Griffith University,"170 Kessels Road, Nathan Qld 4111",Software Support Maintenance,13/05/2021,472931,Dell Australia Pty Ltd,"Attn: Daniel Corney, Po Box 91 Frenchs Forest, Nsw, 2086",Yes,No ,N/A,,,,,,,C01502,Information and Communication Technology,,,,
Griffith University,"170 Kessels Road, Nathan Qld 4111",Guttasmart Cordless Obturation Device ,13/05/2021,15554,Dentsply Sirona Pty Ltd,"11-21 Gilby Road,  Mount Waverley, Vic, 3149",No,No ,N/A,,,,,,,352660,General Goods and Services,,,,
Griffith University,"170 Kessels Road, Nathan Qld 4111",Consultancy Services,13/05/2021,23925,Engineers Australia Pty Ltd,"11 National Circuit, Barton, Act 2600",No,No ,N/A,,,,,,,1904321,General Goods and Services,,,,
Griffith University,"170 Kessels Road, Nathan Qld 4111",T2 Campaign,13/05/2021,467422,Ikon Communications Pty Ltd,"Level 4, 1 Kent Street,  Millers Points, Nsw, 2000",No,No ,N/A,,,,,,,352625,General Goods and Services,,,,
Griffith University,"170 Kessels Road, Nathan Qld 4111",Plr 3000 Pupillometer,13/05/2021,14689,J & R Medical Supplies,"903/139 Scarborough Street,  Southport, Qld, 4215",No,No ,N/A,,,,,,,352651,General Goods and Services,,,,
Griffith University,"170 Kessels Road, Nathan Qld 4111",Roof Leak Repairs ,13/05/2021,16445,Mctaggart Plumbing Pty Ltd,"Po Box 173,  Petrie, Qld, 4502",No,No ,N/A,,,,,,,352643,Building Construction and Maintenance,,,,
Griffith University,"170 Kessels Road, Nathan Qld 4111",Roof Leak Repairs,13/05/2021,12001,Mctaggart Plumbing Pty Ltd,"Po Box 173,  Petrie, Qld, 4502",No,No ,N/A,,,,,,,352644,Building Construction and Maintenance,,,,
Griffith University,"170 Kessels Road, Nathan Qld 4111",Tp2/2021 Commission,13/05/2021,619747,Pearson Australia Group Pty Ltd,"Suite 1001 Level 10, 151 Castlereagh Street,Sydney, Nsw 2000",,No ,Limited Offer,,,,,,,1903346,General Goods and Services,,,,
Griffith University,"170 Kessels Road, Nathan Qld 4111",Marketing Technology Roadmap,13/05/2021,93500,Verticurl Marketing Services Pty Ltd,"Level 5 30 Hickson Rd, The Bond Millers Point, Nsw, 2000",No,No ,N/A,,,,,,,352646,General Goods and Services,,,,
Griffith University,"170 Kessels Road, Nathan Qld 4111",Security Maintenance,14/05/2021,23195,Allstars Trading Pty Ltd T/A Zirilio,"Suite 502, 55 Lime Street, Sydney, Nsw 2000",No,No ,N/A,,,,,,,1904605,General Goods and Services,,,,
Griffith University,"170 Kessels Road, Nathan Qld 4111",Outstanding Alumni Awards Gala Dinner,14/05/2021,55000,Bensonlily Surfers Paradise Pty Ltd,"Surfers Paradise Marriott Resort & Spa, Bronwyn Duggan, Event Manager Surfers Paradise, Qld, 4217",No,No ,N/A,,,,,,,352691,General Goods and Dervices,,,,
Griffith University,"170 Kessels Road, Nathan Qld 4111",Biologicals/Chemicals,14/05/2021,11704,Bio-Strategy Pty Limited,"P.O Box 14,  Campbellfield, Vic, 3061",No,No ,N/A,,,,,,,352751,General Goods and Services,,,,
Griffith University,"170 Kessels Road, Nathan Qld 4111",Humidifier Bottle Replacement,14/05/2021,11078,Dewpoint Air,"Po Box 3479,  Newmarket, Qld, 4051",No,No ,N/A,,,,,,,352745,Building Construction and Maintenance,,,,
Griffith University,"170 Kessels Road, Nathan Qld 4111",Examsoft Subscription ,14/05/2021,321095,Examsoft Worldwide Llc,"Suite 700, 5001 Lbj Freeway Dallas, Tx, 75244",No,No ,N/A,,,,,,,GU-175,Information and Communication Technology,,,,
Griffith University,"170 Kessels Road, Nathan Qld 4111",Research Pupillometer ,14/05/2021,14289,J & R Medical Supplies,"903/139 Scarborough Street,  Southport, Qld, 4215",No,No ,N/A,,,,,,,352712,General Goods and Services,,,,
Griffith University,"170 Kessels Road, Nathan Qld 4111",Computer Equipment,14/05/2021,10482,Jb Hi Fi Group Pty Ltd,"544 Kessells Road,  Macgregor, Qld, 4109",No,No ,N/A,,,,,,,352737,General Goods and Lervices,,,,
Griffith University,"170 Kessels Road, Nathan Qld 4111",Turbosmart A With Hydrocyclone ,14/05/2021,10137,Roger Brandon Technical Services,"18 Kalamunda Close,  Elanora, Qld, 4221",No,No ,N/A,,,,,,,352734,General Goods and Services,,,,
Griffith University,"170 Kessels Road, Nathan Qld 4111",Model Ds-500 Oven ,14/05/2021,32604,Steridium Pty Ltd,"Po Box 5296,  Q Super Centre, Qld, 4218",No,No ,N/A,,,,,,,352683,General Goods and Services,,,,
Griffith University,"170 Kessels Road, Nathan Qld 4111",Infrastructure Services,17/05/2021,48469,Aarnet,"Gpo Box 1559, Canberra, Act 2601",No,No ,N/A,,,,,,,1904776,Information and Communication Technology,,,,
Griffith University,"170 Kessels Road, Nathan Qld 4111",Annual Commission,17/05/2021,39464,Kaaiser Service Pvt Ltd,"25B, 2Nd Floor, Ab Block, Safdarjung Enclavenew Delhi,  110029",No,No ,N/A,,,,,,,1904861,General Goods and Services,,,,
Griffith University,"170 Kessels Road, Nathan Qld 4111",T2 Campaign,17/05/2021,106048,Mediacom Australia Pty Ltd,"Gpo Box 1000,  Brisbane, Qld, 4001",No,No ,N/A,,,,,,,352763,General Goods and Services,,,,
Griffith University,"170 Kessels Road, Nathan Qld 4111",Oua Lead Referrals T1 2021 Commission,17/05/2021,265018,Open Universities Australia,"Level 1/473 Bourke St, Melbourne, Vic 3000",No,No ,N/A,,,,,,,1904852,General Goods and Services,,,,
Griffith University,"170 Kessels Road, Nathan Qld 4111",2021 Undergrad Video Production,17/05/2021,28193,Serotonin Creative,"22 Petrie Terrace,  Brisbane, Qld, 4000",No,No ,N/A,,,,,,,352779,General Goods and Services,,,,
Griffith University,"170 Kessels Road, Nathan Qld 4111",Crisis Management Plan Training And Capability,18/05/2021,56320,Escalate Consulting Pty Ltd,Brisbane,No,No ,N/A,,,,,,,352810,General Goods and Mervices,,,,
Griffith University,"170 Kessels Road, Nathan Qld 4111",Computing Maintenance & Support,18/05/2021,114649,Flexdata Solutions Pty Ltd,"Level 18, Riverside Centre, 123 Eagle Street Brisbane, Qld, 4000",No,No ,N/A,,,,,,,352809,Information and Communication Technology,,,,
Griffith University,"170 Kessels Road, Nathan Qld 4111",Graduation 26-27 July 2021,18/05/2021,80638,Gold Coast Convention & Exhibition Centr,"Po Box 1407,  Broadbeach, Qld, 4218",No,No ,N/A,,,,,,,352834,General Goods and Dervices,,,,
Griffith University,"170 Kessels Road, Nathan Qld 4111",Iml Anz Partnership Payment,18/05/2021,11385,Institute Of Managers And Leaders Ltd,"Gpo Box 2229, Brisbane, Qld 4000",No,No ,N/A,,,,,,,1905024,General Goods and Services,,,,
Griffith University,"170 Kessels Road, Nathan Qld 4111",Idqube,18/05/2021,45772,Newspec Unit Trust,"330 Glen Osmond Road,  Mrytle Bank, Sa, 5064",No,No ,N/A,,,,,,,352836,General Goods and Services,,,,
Griffith University,"170 Kessels Road, Nathan Qld 4111",Nitrogen Generator,18/05/2021,63519,Peak Scientific Instruments,"2/5 Philip St,  Port Melbourne, Vic, 3207",No,No ,N/A,,,,,,,352833,General Goods and Services,,,,
Griffith University,"170 Kessels Road, Nathan Qld 4111",Pilot Apptitude Assessment,18/05/2021,19556,Shl Australia Pty Ltd,"Level 14, 77 Pacific Highway, North Sydney, Nsw 2060",No,No ,N/A,,,,,,,1905007,General Goods and Services,,,,
Griffith University,"170 Kessels Road, Nathan Qld 4111",Qca Stairwell Roof Slab Emergency Repair,19/05/2021,13825,A1 Building & Property Solutions Pty Ltd,"3 D'Aguilar Road,  The Gap, Qld, 4061",No,No ,N/A,,,,,,,352876,Building Construction and Maintenance,,,,
Griffith University,"170 Kessels Road, Nathan Qld 4111",Building Certifier Design,19/05/2021,17248,Building Certifiers Australia Pty Ltd,"Po Box 911,  Caloundra, Qld, 4551",No,No ,N/A,,,,,,,352887,Building Construction and Maintenance,,,,
Griffith University,"170 Kessels Road, Nathan Qld 4111",Aputure Light Storm V Lock Led Light Kit,19/05/2021,52582,Kayell Australia,"1/19 Hotham Parade,  Artarmon, Nsw, 2064",No,No ,N/A,,,,,,,352873,General Goods and Gervices,,,,
Griffith University,"170 Kessels Road, Nathan Qld 4111",Compressor Plantroom Ventilation,19/05/2021,18480,Snowdonia Airconditioning Pty Ltd,"Po Box 1116,  North Lakes, Qld, 4509",No,No ,N/A,,,,,,,352878,Building Construction and Maintenance,,,,
Griffith University,"170 Kessels Road, Nathan Qld 4111",Pup Animation Project Caac ,20/05/2021,47300,Big Fat Productions Pty Ltd,"2 Mueller St East Side,  Alice Springs, Nt, 0870",No,No ,N/A,,,,,,,352912,General Goods and Pervices,,,,
Griffith University,"170 Kessels Road, Nathan Qld 4111",Recruitment Fees,20/05/2021,49500,Ccentric International Pty Ltd,"Level 6 92 Pitt Street,  Sydney, Nsw, 2000",No,No ,N/A,,,,,,,352925,General Goods and Hervices,,,,
Griffith University,"170 Kessels Road, Nathan Qld 4111",Coreplus Microbiome Analysis,20/05/2021,10466,"Diversigen, Inc.","Suite 8, 600 County Road D West,  New Brighton, Mn, 55112",No,No ,N/A,,,,,,,352907,General Goods and Pervices,,,,
Griffith University,"170 Kessels Road, Nathan Qld 4111",Discovery Workshop,20/05/2021,20249,Grey Matta Solutions Pty Ltd,"7/37 Whytecliffe Street,  Albion, Qld, 4010",No,No ,N/A,,,,,,,352927,General Goods and Dervices,,,,
Griffith University,"170 Kessels Road, Nathan Qld 4111",Consultancy Fees,20/05/2021,135432,Hexaware Technologies Limited,"Level 3, 80 Mount Street,  North Sydney, Nsw, 2060",No,No ,N/A,,,,,,,352932,General Goods and Iervices,,,,
Griffith University,"170 Kessels Road, Nathan Qld 4111",Carpark H,20/05/2021,50977,Logical Line Marking,"18 Ferguson Street,  Underwood, Qld, 4119",No,No ,N/A,,,,,,,352922,Building Construction and Maintenance,,,,
Griffith University,"170 Kessels Road, Nathan Qld 4111",Carpark F,20/05/2021,30774,Logical Line Marking,"18 Ferguson Street,  Underwood, Qld, 4119",No,No ,N/A,,,,,,,352923,Building Construction and Maintenance,,,,
Griffith University,"170 Kessels Road, Nathan Qld 4111",Strategic Change And Capability Model,20/05/2021,110000,Michael Page International,"Level 4, 110 George Street Parramatta, Nsw, 2150",No,No ,N/A,,,,,,,352929,General Goods and Mervices,,,,
Griffith University,"170 Kessels Road, Nathan Qld 4111",Recruitment Fees,20/05/2021,55000,Odgers Berndtson,"Level 2, 2 Bulletin Place Sydney, Nsw, 2000",No,No ,N/A,,,,,,,352930,General Goods and Services,,,,
Griffith University,"170 Kessels Road, Nathan Qld 4111",Assessment Services Nursing,20/05/2021,14476,Queensland Tertiary Admissions Centre Lt,"Po Box 1331, Milton, Qld 4064",No,No ,N/A,,,,,,,1905499,General Goods and Services,,,,
Griffith University,"170 Kessels Road, Nathan Qld 4111",Consultancy Fees,20/05/2021,132924,Uxc Red Rock Consulting Pty Ltd,"Gpo Box 5238,  Sydney, Nsw, 2001",No,No ,N/A,,,,,,,352933,General Goods and Iervices,,,,
Griffith University,"170 Kessels Road, Nathan Qld 4111",Careers Festival - Event Hire,20/05/2021,32582,Valiant Hire,"16/50 Parker Court,  Pinkenba, Qld, 4008",No,No ,N/A,,,,,,,352910,General Goods and Services,,,,
Griffith University,"170 Kessels Road, Nathan Qld 4111",Enabling Works,21/05/2021,48840,Building Certifiers Australia Pty Ltd,"Po Box 911,  Caloundra, Qld, 4551",No,No ,N/A,,,,,,,352961,Building Construction and Maintenance,,,,
Griffith University,"170 Kessels Road, Nathan Qld 4111",Amp Booster ,21/05/2021,11765,Ch Instruments Inc,"3700 Tennison Hill Drive,  Bee Cave, Tx, 78738",No,No ,N/A,,,,,,,352966,General Goods and Services,,,,
Griffith University,"170 Kessels Road, Nathan Qld 4111",Hot Press Equipment,21/05/2021,15506,"Hephas Energy. Co., Ltd.","1F, No.60, Park Ave.Ii, Hsinchu Science Park Hsinchu County, Hsq, 30844",No,No ,N/A,,,,,,,352965,General Goods and Services,,,,
Griffith University,"170 Kessels Road, Nathan Qld 4111",Oracle Software Dev / Paas Mod,21/05/2021,18700,Higher Ed Services Pty Ltd,"Level 10, 210 Clarence Street, Sydney, Nsw 2000",No,No ,N/A,,,,,,,1905651,General Goods and Services,,,,
Griffith University,"170 Kessels Road, Nathan Qld 4111",Tsxpo Seminars,21/05/2021,19333,Interchange Consultancy Group,"Po Box 507,  Mudgeeraba, Qld, 4213",No,No ,N/A,,,,,,,352971,General Goods and Rervices,,,,
Griffith University,"170 Kessels Road, Nathan Qld 4111",Pda April 2021,21/05/2021,30000,Kanopy,"781 Beach Street, Second Floor, San Francisco, Ca 94133",No,No ,N/A,,,,,,,1903665,General Goods and Services,,,,
Griffith University,"170 Kessels Road, Nathan Qld 4111",Pedestrian Bridge Signage,21/05/2021,17617,Logical Line Marking,"18 Ferguson Street,  Underwood, Qld, 4119",No,No ,N/A,,,,,,,352960,Building Construction and Maintenance,,,,
Griffith University,"170 Kessels Road, Nathan Qld 4111",Consultancy,21/05/2021,17500,M.H Jensen & K Ramzan-Levy,New South Wales,No,No ,N/A,,,,,,,352972,General Goods and Mervices,,,,
Griffith University,"170 Kessels Road, Nathan Qld 4111",Annual Carbon Reporting,24/05/2021,93464,Pangolin Associates,"Po Box 193,  Fullarton, Sa, 5063",No,No ,N/A,,,,,,,353002,General Goods and Mervices,,,,
Griffith University,"170 Kessels Road, Nathan Qld 4111",Venue Maker Pro ,24/05/2021,79255,Sico South Pacific Ltd,"Po Box 5269,  Chittaway Bay, Nsw, 2261",No,No ,N/A,,,,,,,353006,General Goods and Gervices,,,,
Griffith University,"170 Kessels Road, Nathan Qld 4111",Annual License 2021-2022 Subscription,24/05/2021,37892,Vfairs Llc,"Suite 208, 1510 Randolph Street,  Coppell, Tx, 75006",No,No ,N/A,,,,,,,353016,Information and Communication Technology,,,,
Griffith University,"170 Kessels Road, Nathan Qld 4111",Fire Hydrant And Hose Reel Coverage Works,25/05/2021,193349,A1 Building & Property Solutions Pty Ltd,"3 D'Aguilar Road,  The Gap, Qld, 4061",No,No ,N/A,,,,,,,353074,Building Construction and Maintenance,,,,
Griffith University,"170 Kessels Road, Nathan Qld 4111",Building Certification,25/05/2021,14047,Building Certifiers Australia Pty Ltd,"Po Box 911,  Caloundra, Qld, 4551",No,No ,N/A,,,,,,,353086,Building Construction and Maintenance,,,,
Griffith University,"170 Kessels Road, Nathan Qld 4111",Enlighten Website Development,25/05/2021,25696,Daresay,"Ground Floor, 4 Glen Street Milsons Point, Nsw, 2061",No,No ,N/A,,,,,,,353073,Information and Communication Technology,,,,
Griffith University,"170 Kessels Road, Nathan Qld 4111",Advertising Content Strategy,25/05/2021,26797,Daresay,"Ground Floor, 4 Glen Street Milsons Point, Nsw, 2061",No,No ,N/A,,,,,,,353078,General Goods and Services,,,,
Griffith University,"170 Kessels Road, Nathan Qld 4111", Architectural Consultancy Services,25/05/2021,43890,Hassell Limited,"61 Little Collins Street,  Melbourne, Vic, 3000",No,No ,N/A,,,,,,,353084,Building Construction and Maintenance,,,,
Griffith University,"170 Kessels Road, Nathan Qld 4111",Annual Commission,25/05/2021,47184,Kom Consultants,"25 Redmond Dr, Unit 4Hamilton, On L8W 3K7",No,No ,N/A,,,,,,,1906149,General Goods and Services,,,,
Griffith University,"170 Kessels Road, Nathan Qld 4111",Downpipe Test Drain Mod For Fire Discharge,25/05/2021,17182,Laing'S Plumbing Co,"Po Box 1132,  Aspley, Qld, 4034",No,No ,N/A,,,,,,,353044,Building Construction and Maintenance,,,,
Griffith University,"170 Kessels Road, Nathan Qld 4111",Structural Engineering Services,25/05/2021,16500,Meinhardt (Qld) Pty Ltd,"Level 2 135 Wickham Terrace,  Spring Hill, Qld, 4000",No,No ,N/A,,,,,,,353087,Building Construction and Maintenance,,,,
Griffith University,"170 Kessels Road, Nathan Qld 4111",Service Mindray Resona 7 Ultrasound ,25/05/2021,11220,New Wave Medical Devices Pty Ltd,"45 Evans Street,  Balmain, Nsw, 2041",No,No ,N/A,,,,,,,353109,General Goods and Services,,,,
Griffith University,"170 Kessels Road, Nathan Qld 4111",Annual Commission,25/05/2021,516525,Oztrekk Educational Services Ltd,"1 Sherbrooke Street East, Suite 301, Perth, On K7H 1A1",,No ,Limited Offer,,,,,,,1906168,General Goods and Services,,,,
Griffith University,"170 Kessels Road, Nathan Qld 4111",Computing Maintenance & Support,25/05/2021,17444,Protein Metrics Inc.,"Suite 450, 20863 Stevens Creek Blvd. Cupertino, Ca, 95014",No,No ,N/A,,,,,,,353037,Information and Communication Technology,,,,
Griffith University,"170 Kessels Road, Nathan Qld 4111",Facade Repairs,26/05/2021,20896,A1 Building & Property Solutions Pty Ltd,"3 D'Aguilar Road,  The Gap, Qld, 4061",No,No ,N/A,,,,,,,353146,Building Construction and Maintenance,,,,
Griffith University,"170 Kessels Road, Nathan Qld 4111",Security Program Assessment (Spa),26/05/2021,249480,Pricewaterhousecoopers,"Gpo Box 150,  Brisbane, Qld, 4001",No,No ,N/A,,,,,,,353122,General Goods and Iervices,,,,
Griffith University,"170 Kessels Road, Nathan Qld 4111",Video Editing,26/05/2021,10560,Ride Free Media Pty Ltd,"Rooftop, Factory 1, 51 Mollison Street,  West End, Qld, 4101",No,No ,N/A,,,,,,,353120,General Goods and Services,,,,
Griffith University,"170 Kessels Road, Nathan Qld 4111",Laboratory Consumables,26/05/2021,28871,Siegert Wafer Gmbh,"Charlottenburger Allee 7,  Aachen, , 52068",No,No ,N/A,,,,,,,353124,General Goods and Services,,,,
Griffith University,"170 Kessels Road, Nathan Qld 4111",Subscription 19 Apr - 31 Dec 2021,26/05/2021,28727,Techstreet Pty Ltd,"3025 Boardwalk Drive Suite 220, Ann Arbor, Mi 48108",No,No ,N/A,,,,,,,1905313,General Goods and Services,,,,
Griffith University,"170 Kessels Road, Nathan Qld 4111",Implementation 2021-2022 Subscription,26/05/2021,35943,Vygo Pty. Ltd.,"Level 3, 32 Duncan Street,  Fortitude Valley, Qld, 4006",No,No ,N/A,,,,,,,353123,Information and Communication Technology,,,,
Griffith University,"170 Kessels Road, Nathan Qld 4111",Nanoassemblr Ignite Instrument,27/05/2021,116590,Ata Scientific Pty Ltd,"Po Box 2172,  Taren Point, Nsw, 2229",No,No ,N/A,,,,,,,353186,General Goods and Services,,,,
Griffith University,"170 Kessels Road, Nathan Qld 4111",Ey Market Analysis,27/05/2021,16500,Ernst & Young,"111 Eagle Street,,  Brisbane, Qld, 4001",No,No ,N/A,,,,,,,353182,General Goods and Fervices,,,,
Griffith University,"170 Kessels Road, Nathan Qld 4111",Research Services - Philippines,27/05/2021,13768,"Mobile Accord,Inc","3000 Lawrence Street,  Denver, Co, 80205",No,No ,N/A,,,,,,,353163,General Goods and Pervices,,,,
Griffith University,"170 Kessels Road, Nathan Qld 4111",Laboratory Consumables,27/05/2021,10332,Ormco Pty Ltd,"(Account # 003961), Unit 10/112-118 Talavera Road North Ryde, Nsw, 2113",No,No ,N/A,,,,,,,353172,General Goods and Services,,,,
Griffith University,"170 Kessels Road, Nathan Qld 4111",Mekong Delta Training Course,27/05/2021,19800,Simon David Costanzo,Brisbane,No,No ,N/A,,,,,,,353183,General Goods and Pervices,,,,
Griffith University,"170 Kessels Road, Nathan Qld 4111",Furniture,27/05/2021,39397,Zenith Interiors Pty Ltd,"Po Box 2354,  Fortitude Valley B C, Qld, 4006",No,No ,N/A,,,,,,,353200,General Goods and Services,,,,
Griffith University,"170 Kessels Road, Nathan Qld 4111",Fire Ring Main Upgrade,28/05/2021,23815,Bligh Tanner Pty Ltd,"Po Box 612,  Fortitude Valley, Qld, 4006",No,No ,N/A,,,,,,,353275,General Goods and Iervices,,,,
Griffith University,"170 Kessels Road, Nathan Qld 4111",Computer Equipment,28/05/2021,14378,Core Electronics Pty Ltd,"Unit 18, 132 Garden Grove Parade,  Adamstown, Nsw, 2289",No,No ,N/A,,,,,,,353223,Information and Communication Technology,,,,
Griffith University,"170 Kessels Road, Nathan Qld 4111",Specialised Security Services Consulting,28/05/2021,95040,Division 5 Pty Ltd,"Po Box 527,  Cannon Hill, Qld, 4170",No,No ,N/A,,,,,,,353227,General Goods and Iervices,,,,
Griffith University,"170 Kessels Road, Nathan Qld 4111",Executive Search Retainer,28/05/2021,18260,Insight Management Consultants P/L,"Level 7, 230 Collins Street, Melbourne, Vic 3000",No,No ,N/A,,,,,,,1906044,General Goods and Services,,,,
Griffith University,"170 Kessels Road, Nathan Qld 4111",Salesforce 2021-2022 Subscription,28/05/2021,209114,Salesforce,"Tower 3 Darling Park, Lvl 12, 201 Sussex Street Sydney, Nsw, 2000",No,No ,N/A,,,,,,,353226,Information and Communication Technology,,,,
Griffith University,"170 Kessels Road, Nathan Qld 4111",Legal Fees,29/05/2021,33981,Mccullough Robertson Lawyers,"Po Box 1855, Brisbane, Qld 4001",No,No ,N/A,,,,,,,1903782,General Goods and Services,,,,
Griffith University,"170 Kessels Road, Nathan Qld 4111",Chiller House 6 Upgrade,31/05/2021,344458,A.G. Coombs (Qld) Pty. Ltd.,"Level 1 North Hq, 540 Wickham Street Fortitude Valley, Qld, 4006",Yes,No ,N/A,,,,,,,353321,Building Construction and Maintenance,,,,
Griffith University,"170 Kessels Road, Nathan Qld 4111",Electrical Test & Tag,31/05/2021,18810,Elite Test & Tag Brisbane South,"188 Sterculia Avenue, Holland Park West, Qld 4121",No,No ,N/A,,,,,,,1907079,General Goods and Services,,,,
Griffith University,"170 Kessels Road, Nathan Qld 4111",Microscope ,31/05/2021,28014,Olympus Australia Pty Ltd,"Po Box 985,  Mt Waverley, Vic, 3149",No,No ,N/A,,,,,,,353309,General Goods and Services,,,,
Griffith University,"170 Kessels Road, Nathan Qld 4111",Surveying Services ,31/05/2021,253275,Rider Levett Bucknall Qld Pty Ltd,"Gpo Box 1383,  Brisbane, Qld, 4000",No,No ,N/A,,,,,,,353325,Building Construction and Maintenance,,,,
Griffith University,"170 Kessels Road, Nathan Qld 4111",Consultancy Redevelopment Project,31/05/2021,97680,The Trustee For O'Connor-Kitson Family T,"105 Murton Ave,  Holland Park, Qld, 4121",No,No ,N/A,,,,,,,353307,General Goods and Pervices,,,,
Griffith University,"170 Kessels Road, Nathan Qld 4111",Biological Materials,1/06/2021,15168,Bio Scientific Pty Ltd,"Po Box 78,  Gymea, Nsw, 2227",No,No ,N/A,,,,,,,353367,General Goods and Services,,,,
Griffith University,"170 Kessels Road, Nathan Qld 4111",Support Plan,1/06/2021,37373,Cubewise Australia Pty Ltd,"Level 11, 99 Mount St,  North Sydney, Nsw, 2060",No,No ,N/A,,,,,,,353361,General Goods and Iervices,,,,
Griffith University,"170 Kessels Road, Nathan Qld 4111",Commission  ,1/06/2021,12300,Kom Consultants,"25 Redmond Dr, Unit 4Hamilton, On L8W 3K7",No,No ,N/A,,,,,,,1907315,General Goods and Services,,,,
Griffith University,"170 Kessels Road, Nathan Qld 4111",Peb Legal Advice,1/06/2021,16500,Norton Rose Fulbright Australia,"Level 21, 111 Eagle Street,  Brisbane, Qld, 4000",No,No ,N/A,,,,,,,353362,General Goods and Lervices,,,,
Griffith University,"170 Kessels Road, Nathan Qld 4111",Pwc Fbt Secondment,1/06/2021,31900,Pricewaterhousecoopers,"Gpo Box 150,  Brisbane, Qld, 4001",No,No ,N/A,,,,,,,353363,General Goods and Fervices,,,,
Griffith University,"170 Kessels Road, Nathan Qld 4111",Quantity Surveying Brief ,1/06/2021,53708,Turner & Townsend Pty Ltd,"Level 13, 140 Creek St,  Brisbane, Qld, 4000",No,No ,N/A,,,,,,,353355,Building Construction and Maintenance,,,,
Griffith University,"170 Kessels Road, Nathan Qld 4111",May Head Hours,2/06/2021,34320,Chimera Project,"44 Mirbelia Street, Everton Hills, Qld 4053",No,No ,N/A,,,,,,,1907900,General Goods and Services,,,,
Griffith University,"170 Kessels Road, Nathan Qld 4111",Qas Batch 2021-2022 Subscription,2/06/2021,10679,Experian Australia T/A Qas Pty Ltd,"L6 549 St Kilda Road,  Melbourne, Vic, 3004",No,No ,N/A,,,,,,,353388,Information and Communication Technology,,,,
Griffith University,"170 Kessels Road, Nathan Qld 4111",Computing Maintenance & Support,2/06/2021,106173,Insight Enterprises Australia Pty Ltd,"Locked Bag 3333,  Brookevale, Nsw, 2100",No,No ,N/A,,,,,,,353403,Information and Communication Technology,,,,
Griffith University,"170 Kessels Road, Nathan Qld 4111",Injury Management System - Lic,2/06/2021,30800,Solv Solutions Pty Ltd,"Level 1/776 Canning Hwy, Applecross, Wa 6153",No,No ,N/A,,,,,,,1903674,General Goods and Services,,,,
Griffith University,"170 Kessels Road, Nathan Qld 4111",Creating The Digital Athlete,2/06/2021,13558,Stefano Pizzolato,"5/77 Harp Road, Kew East, Vic 3102",No,No ,N/A,,,,,,,1903756,General Goods and Services,,,,
Griffith University,"170 Kessels Road, Nathan Qld 4111",Laboratory Consumables,2/06/2021,34895,Stephen Jennings & Associates Pty Ltd,"Po Box 380,  Kurrajong, Nsw, 2758",No,No ,N/A,,,,,,,353436,General Goods and Services,,,,
Griffith University,"170 Kessels Road, Nathan Qld 4111",Technical Annexe Architect ,2/06/2021,430320,Wilson Architects,"564 Boundary Street,  Spring Hill, Qld, 4000",No,No ,N/A,,,,,,,353423,Building Construction and Maintenance,,,,
Griffith University,"170 Kessels Road, Nathan Qld 4111",Preparation Of Vaccine Products For Phase 1 Clinical Trial By Auspep P/L #Service,3/06/2021,21406,Auspep Clinical Pedtides Pty Ltd,"Po Box 566,  Tullamarine, Vic, 3043",No,No ,N/A,,,,,,,353461,General Goods and Pervices,,,,
Griffith University,"170 Kessels Road, Nathan Qld 4111",Laboratory Consumables,3/06/2021,10756,Edaphic Scientific Pty Ltd,"Po Box 1843,  Port Macquarie, Nsw, 2444",No,No ,N/A,,,,,,,353445,General Goods and Services,,,,
Griffith University,"170 Kessels Road, Nathan Qld 4111",Advertising,3/06/2021,14894678,Essencemediacom Australia Pty Limited (previously known as Ikon Communications / Mediacom/AKQA Media),"North Sydney, Nsw",Yes,No ,Open,General Goods & Services Contract,,"50% - Solution fit, quality, and value for money, 40% - Capacity and capability to manage Griffith University’s requirements, 10% - Value add benefits / outcomes including Environmental / Social / Local Suppliers / Indigenous (First Peoples) / Work Integrated Learning for GU students",Provision of Media Planning Agency Services,As per the contract conditions - forecast completion March 2024,Per contract management plan,4667,,,,,
Griffith University,"170 Kessels Road, Nathan Qld 4111",Individual Study Guides (Digital Print),3/06/2021,21360,Fast Proof Press Pty Ltd,"21/12 Lawrence Drive,  Nerang, Qld, 4211",No,No ,N/A,,,,,,,353473,General Goods and Services,,,,
Griffith University,"170 Kessels Road, Nathan Qld 4111",Computer Equipment,3/06/2021,89037,Hewlett-Packard Australia Pty Ltd,"P O Box 221,  Blackburn, Vic, 3130",No,No ,N/A,,,,,,,353466,General Goods and Services,,,,
Griffith University,"170 Kessels Road, Nathan Qld 4111",Oua Csp4 2020 Commission,3/06/2021,1363095,Open Universities Australia,"Level 1/473 Bourke St, Melbourne, Vic 3000",,No ,Limited Offer,,,,,,,1906903,General Goods and Services,,,,
Griffith University,"170 Kessels Road, Nathan Qld 4111",Quantstudio 2021 Annual Service,3/06/2021,14282,Thermo Fisher Scientific Australia,"Po Box 9092,  Scoresby, Vic, 3179",No,No ,N/A,,,,,,,353474,General Goods and Services,,,,
Griffith University,"170 Kessels Road, Nathan Qld 4111",Acs Membership ,4/06/2021,11237,Australian Computer Society Inc.,"Po Box Q534, Queen Victoria Building Sydney, Nsw, 1230",No,No ,N/A,,,,,,,353493,General Goods and Services,,,,
Griffith University,"170 Kessels Road, Nathan Qld 4111",April Head Hours,4/06/2021,25832,Chimera Project,"44 Mirbelia Street, Everton Hills, Qld 4053",No,No ,N/A,,,,,,,1907895,General Goods and Services,,,,
Griffith University,"170 Kessels Road, Nathan Qld 4111",Ways Of Working Management Tool,4/06/2021,42900,Elabor8 Pty Ltd,"Level 8 455 Bourke Street,  Melbourne, Vic, 3000",No,No ,N/A,,,,,,,353523,General Goods and Iervices,,,,
Griffith University,"170 Kessels Road, Nathan Qld 4111",Rehamove2 With Sciencemode2,4/06/2021,16393,Hasomed Gmbh,"Paul-Ecke-Strasse 1, Magdeburg Saxony-Anhalt, , 39114",No,No ,N/A,,,,,,,353492,General Goods and Services,,,,
Griffith University,"170 Kessels Road, Nathan Qld 4111",Qses Enquiry And Management,4/06/2021,54202,Qs Enrolment Solutions (Australia) Pty L,"Level 3, 595 Collins Street, Melbourne, Vic 3000",No,No ,N/A,,,,,,,1909281,General Goods and Services,,,,
Griffith University,"170 Kessels Road, Nathan Qld 4111",Accreditation Assessment Fees,4/06/2021,15800,Rehabilitation Counselling Association,"Po Box 4303, Gumdale, Qld 4154",No,No ,N/A,,,,,,,1904436,General Goods and Services,,,,
Griffith University,"170 Kessels Road, Nathan Qld 4111",Av Equipment,7/06/2021,56818,Allied Technologies Australia Pty Ltd,"Po Box 3178,  Newstead, Qld, 4006",No,No ,N/A,,,,,,,353541,General Goods and Aervices,,,,
Griffith University,"170 Kessels Road, Nathan Qld 4111",Qudit Membership 2021,7/06/2021,44915,Qudit,"Prentice Building, University Of Queenslandst Lucia, Qld 4072",No,No ,N/A,,,,,,,1907939,General Goods and Services,,,,
Griffith University,"170 Kessels Road, Nathan Qld 4111",2021 Membership (1Jul21 To 30Jun22),7/06/2021,12196,Research Australia,"384 Victoria Street,  Darlinghurst, Nsw, 2010",No,No ,N/A,,,,,,,353577,General Goods and Services,,,,
Griffith University,"170 Kessels Road, Nathan Qld 4111",Early Works Third Party Review For Design ,8/06/2021,80773,Coulter Advisory Pty Ltd,"Po Box 1122,  North Mitcham, Vic, 3132",No,No ,N/A,,,,,,,353612,Building Construction and Maintenance,,,,
Griffith University,"170 Kessels Road, Nathan Qld 4111",Architectural Services ,8/06/2021,459950,Dm2Architecture Pty Ltd,"5A/8 Petrie Terrace,  Petrie Terrace, Qld, 4000",No,No ,N/A,,,,,,,353599,Building Construction and Maintenance,,,,
Griffith University,"170 Kessels Road, Nathan Qld 4111",Course Delivery,8/06/2021,47190,Flight One Academy,"224 Qantas Avenue, Archerfield, Qld 4108",No,No ,N/A,,,,,,,1908243,General Goods and Services,,,,
Griffith University,"170 Kessels Road, Nathan Qld 4111",Early Works Electrical Services,8/06/2021,195681,Ghd Pty Ltd,"Po Box 5403,  Hrmc, Nsw, 2310",No,No ,N/A,,,,,,,353601,Building Construction and Maintenance,,,,
Griffith University,"170 Kessels Road, Nathan Qld 4111",Hydraulic Services,8/06/2021,208175,Mrp Hydraulic & Fire Services Consultant,"Po Box 8143,  Woolloongabba, Qld, 4102",No,No ,N/A,,,,,,,353600,Building Construction and Maintenance,,,,
Griffith University,"170 Kessels Road, Nathan Qld 4111",Qtac Voucher Campaign,8/06/2021,77673,Queensland Tertiary Admissions Centre Lt,"Po Box 1331,  Milton, Qld, 4064",No,No ,N/A,,,,,,,353584,General Goods and Rervices,,,,
Griffith University,"170 Kessels Road, Nathan Qld 4111",Mate - Facilitator,8/06/2021,50000,Ria Wong,Brisbane,No,No ,N/A,,,,,,,353603,General Goods and 3ervices,,,,
Griffith University,"170 Kessels Road, Nathan Qld 4111",Software Licences & Support,8/06/2021,379415,Visual Outcomes Pty Ltd,"PO Box N434, Grosvenor Place, NSW  1220",No,No ,N/A,,,,,,,GU-243,Information and Communication Technology,,,,
Griffith University,"170 Kessels Road, Nathan Qld 4111",Scientific Equipment,9/06/2021,100186,Australian Bay Lobster Producers Limited,"9484 Tweed Valley Way,  Chinderah, Nsw, 2487",Yes,No ,N/A,,,,,,,353639,General Goods and Services,,,,
Griffith University,"170 Kessels Road, Nathan Qld 4111",Surveyor Services,9/06/2021,10670,Bennett & Bennett Consulting Surveyors,"Po Box 5021,  Gold Coast Mail Centre, Qld, 9726",No,No ,N/A,,,,,,,353645,General Goods and Bervices,,,,
Griffith University,"170 Kessels Road, Nathan Qld 4111",Computing Maintenance & Support,9/06/2021,49500,Blackboard International Bv,"Paleisstraat 1-5,  Amsterdam, , 1012",No,No ,N/A,,,,,,,353683,Information and Communication Technology,,,,
Griffith University,"170 Kessels Road, Nathan Qld 4111",Computing Maintenance & Support,9/06/2021,11000,Esri Australia,"Po Box 15459,  Brisbane Albert Street, Qld, 4002",No,No ,N/A,,,,,,,353636,Information and Communication Technology,,,,
Griffith University,"170 Kessels Road, Nathan Qld 4111",Computing Maintenance & Support,9/06/2021,345015,Gartner Australasia Pty Limited,"C/O Company Matters Pty Limited, Level 12, 680 George Street Sydeny, Nsw, 2000",No,No ,N/A,,,,,,,353681 366630,Information and Communication Technology,C01758,,,
Griffith University,"170 Kessels Road, Nathan Qld 4111",Trimester 1 2021 Commission,9/06/2021,631373,Idp Education Pty Ltd,"Level 8, 535 Bourke Streetmelbourne, Vic 3000",,No ,Limited Offer,,,,,,,1908538,General Goods and Services,,,,
Griffith University,"170 Kessels Road, Nathan Qld 4111",Consultant Services For Concept And Schematic Design ,9/06/2021,26180,Indesign Access,"Unit 18 / 14 Ashtan Place,  Banyo, Qld, 4014",No,No ,N/A,,,,,,,353633,Building Construction and Maintenance,,,,
Griffith University,"170 Kessels Road, Nathan Qld 4111",Regulatory Compliance 2021-2022 Subscription,9/06/2021,54320,Lexis Nexis,"Tower 2, 475-495 Victoria Avenue,  Chatswood, Nsw, 2067",No,No ,N/A,,,,,,,353638,Information and Communication Technology,,,,
Griffith University,"170 Kessels Road, Nathan Qld 4111","Promapp Enterprise 2021-2022  (20,000) Subscription",9/06/2021,84162,Nintex Pty Ltd,"Level 15 595 Collins Street,  Melbourne, Vic, 3000",No,No ,N/A,,,,,,,353635,Information and Communication Technology,,,,
Griffith University,"170 Kessels Road, Nathan Qld 4111",Dave Ulrich Academy Development,9/06/2021,41320,The Rbl Group,"Suite 270, 180 N University Aveprovo, Ut 84601",No,No ,N/A,,,,,,,1908050,General Goods and Services,,,,
Griffith University,"170 Kessels Road, Nathan Qld 4111",Biologicals/Chemicals,9/06/2021,15109,Thermo Fisher Scientific Australia,"Po Box 9092,  Scoresby, Vic, 3179",No,No ,N/A,,,,,,,353666,General Goods and Services,,,,
Griffith University,"170 Kessels Road, Nathan Qld 4111",Demolition,10/06/2021,61391,A1 Building & Property Solutions Pty Ltd,"3 D'Aguilar Road,  The Gap, Qld, 4061",No,No ,N/A,,,,,,,353740,Building Construction and Maintenance,,,,
Griffith University,"170 Kessels Road, Nathan Qld 4111",Computing Maintenance & Support,10/06/2021,507394,Data #3 Limited,"Po Box 551,  Indooroopilly, Qld, 4068",,No ,Open Offer,,,,,,,353700,Information and Communication Technology,,,,
Griffith University,"170 Kessels Road, Nathan Qld 4111",Azure Overages Feb 2021 Subscription,10/06/2021,86172,Data #3 Limited,"Po Box 551,  Indooroopilly, Qld, 4068",No,No ,N/A,,,,,,,353701,General Goods and Hervices,,,,
Griffith University,"170 Kessels Road, Nathan Qld 4111",Consultant ,10/06/2021,50000,Ghassan Idris,Brisbane,No,No ,N/A,,,,,,,353689,General Goods and Pervices,,,,
Griffith University,"170 Kessels Road, Nathan Qld 4111",Research & Development Queensland Water Modelling Network,10/06/2021,19800,Healthy Land And Water Ltd,"Level 19, 160 Ann Street Brisbane City, Qld, 4000",No,No ,N/A,,,,,,,353715,General Goods and Pervices,,,,
Griffith University,"170 Kessels Road, Nathan Qld 4111",Scientific Equipment,10/06/2021,40242,Labtek Pty Ltd,"Po Box 5316,  Brendale, Qld, 4500",No,No ,N/A,,,,,,,353693,General Goods and Services,,,,
Griffith University,"170 Kessels Road, Nathan Qld 4111",Consultancy ,10/06/2021,37600,Sarah Louise Deck,Canada,No,No ,N/A,,,,,,,353699,General Goods and Mervices,,,,
Griffith University,"170 Kessels Road, Nathan Qld 4111",Open House 2021 International Promotion,10/06/2021,55000,Social Garden Pty Ltd,"Suite 4, 651 Victoria Street,  Abbotsford, Vic, 3067",No,No ,N/A,,,,,,,353728,General Goods and Services,,,,
Griffith University,"170 Kessels Road, Nathan Qld 4111",Architectural Services,11/06/2021,848529,Conrad Gargett Group,"Level 26, 240 Queen Street Brisbane, Qld, 4000",,No ,Selective Offer,,,,,,,353770,Building Construction and Maintenance,,,,
Griffith University,"170 Kessels Road, Nathan Qld 4111",Chiller Access Ladder Replacement,11/06/2021,36036,Cooling Tower Sales & Service,"Unit 1, 37 Blanck Street Ormeau, Qld, 4208",No,No ,N/A,,,,,,,353764,Building Construction and Maintenance,,,,
Griffith University,"170 Kessels Road, Nathan Qld 4111",Laboratory Consumables,11/06/2021,16460,Limbs & Things Limited,"92 Wedgewood Road,  Hallam, Vic, 3803",No,No ,N/A,,,,,,,353793,General Goods and Services,,,,
Griffith University,"170 Kessels Road, Nathan Qld 4111",Sl Marketing Bundle Africa Opt,11/06/2021,16500,Options Education Agency Pty Ltd,"Level 3, 118 King William Streetadelaide, Sa 5000",No,No ,N/A,,,,,,,1907156,General Goods and Services,,,,
Griffith University,"170 Kessels Road, Nathan Qld 4111",Smartthinking 2021,11/06/2021,33110,Pearson Australia Group Pty Ltd,"Suite 1001 Level 10, 151 Castlereagh Street, Sydney, Nsw, 2000",No,No ,N/A,,,,,,,353780,General Goods and Services,,,,
Griffith University,"170 Kessels Road, Nathan Qld 4111",Moveon Enterprise 2021-2022 Subscription,11/06/2021,29295,Qs Unisolution Gmbh,"Wankelstrasse 14,  Stuttgart, , 70563",No,No ,N/A,,,,,,,353749,Information and Communication Technology,,,,
Griffith University,"170 Kessels Road, Nathan Qld 4111",Lgnop 2021 Victorian Accommoda,11/06/2021,38350,The Trustee For Royal Parade Trust,"8 Leonard Street, Parkville, Vic 3052",No,No ,N/A,,,,,,,1907457,General Goods and Services,,,,
Griffith University,"170 Kessels Road, Nathan Qld 4111",Quantity Surveyor Advice,11/06/2021,11000,Turner & Townsend Pty Ltd,"Level 13, 140 Creek St,  Brisbane, Qld, 4000",No,No ,N/A,,,,,,,353752,Building Construction and Maintenance,,,,
Griffith University,"170 Kessels Road, Nathan Qld 4111",Narte Assessment Semester 1,12/06/2021,26457,Queensland Tertiary Admissions Centre Lt,"Po Box 1331, Milton, Qld 4064",No,No ,N/A,,,,,,,1907460,General Goods and Services,,,,
Griffith University,"170 Kessels Road, Nathan Qld 4111",Ao Search - April,13/06/2021,94982,Ikon Communications Pty Ltd,"Level 4, 1 Kent Street, Millers Points, Nsw 2000",No,No ,N/A,,,,,,,1907937,General Goods and Services,,,,
Griffith University,"170 Kessels Road, Nathan Qld 4111",2021 Funding As Per Mou,13/06/2021,33000,The Smith Family,"Gpo Box 10500, Sydney, Nsw 2001",No,No ,N/A,,,,,,,1907783,General Goods and Services,,,,
Griffith University,"170 Kessels Road, Nathan Qld 4111",Engineering Services,14/06/2021,46908,A.G. Coombs Advisory Pty Ltd,"26 Cochranes Rd,  Moorabbin, Vic, 3189",No,No ,N/A,,,,,,,353824,General Goods and Bervices,,,,
Griffith University,"170 Kessels Road, Nathan Qld 4111",Biodiversity Conservation Plan,14/06/2021,63008,Ecosure Pty Ltd,"Po Box 675,  Fortitude Valley, Qld, 4006",No,No ,N/A,,,,,,,353852,General Goods and Mervices,,,,
Griffith University,"170 Kessels Road, Nathan Qld 4111",Services For Design,14/06/2021,458095,N D Y Management Pty Ltd,"Level 14, 120 Edward Street Brisbane, Qld, 4000",No,No ,N/A,,,,,,,353828,Building Construction and Maintenance,,,,
Griffith University,"170 Kessels Road, Nathan Qld 4111",Consultancy Services,14/06/2021,18968,The Florey Institute Of Neuroscience And,"30 Royal Parade, Parkville, Vic 3052",No,No ,N/A,,,,,,,1909232,General Goods and Services,,,,
Griffith University,"170 Kessels Road, Nathan Qld 4111",Services For Design,14/06/2021,17600,Turner & Townsend Pty Ltd,"Level 13, 140 Creek St,  Brisbane, Qld, 4000",No,No ,N/A,,,,,,,353817,Building Construction and Maintenance,,,,
Griffith University,"170 Kessels Road, Nathan Qld 4111",Sign Transformers,15/06/2021,12108,5Th Star Pty Ltd,"10 Circle Court,  Rochedale South, Qld, 4123",No,No ,N/A,,,,,,,353918,Building Construction and Maintenance,,,,
Griffith University,"170 Kessels Road, Nathan Qld 4111",Consultancy Project,15/06/2021,13600,Adam Lillicrap,"Po Box 1580,  Albany Dc, Qld, 6331",No,No ,N/A,,,,,,,353898,General Goods and Hervices,,,,
Griffith University,"170 Kessels Road, Nathan Qld 4111",Camera Control Unit,15/06/2021,63974,Mojo Media Solutions,"9 Foley Place,  Castle Hill, Nsw, 2154",No,No ,N/A,,,,,,,353888,General Goods and Gervices,,,,
Griffith University,"170 Kessels Road, Nathan Qld 4111",Storytelling Workshop And Advisory,15/06/2021,27495,Thestoryboxes Pty Limited,"1/84 Brookes Street,  Fortitude Valley, Qld, 4006",No,No ,N/A,,,,,,,353876,General Goods and Cervices,,,,
Griffith University,"170 Kessels Road, Nathan Qld 4111",Panasonic Projector ,15/06/2021,48874,Videopro Pty Ltd,"37 Eagleview Place,  Eagle Farm, Qld, 4009",No,No ,N/A,,,,,,,353901,General Goods and Aervices,,,,
Griffith University,"170 Kessels Road, Nathan Qld 4111",Echo360 Pro,16/06/2021,99000,Anystream Australia Pty Ltd,"Po Box 7862,  Perth, Wa, 6850",No,No ,N/A,,,,,,,353954,General Goods and Aervices,,,,
Griffith University,"170 Kessels Road, Nathan Qld 4111",Workshops,16/06/2021,14300,Roses In The Ocean Pty Ltd,"Po Box 84,  Wilston, Qld, 4051",No,No ,N/A,,,,,,,353930,General Goods and Pervices,,,,
Griffith University,"170 Kessels Road, Nathan Qld 4111",Radiation Consultant Services ,16/06/2021,13728,X-Ray Safety Australia Pty Ltd,"Po Box 574,  Ashgrove West, Qld, 4060",No,No ,N/A,,,,,,,353965,Building Construction and Maintenance,,,,
Griffith University,"170 Kessels Road, Nathan Qld 4111",Consulting Services,17/06/2021,31800,Michael O'Regan,"Po Box 216,  Bangalow, Nsw, 2479",Yes,No ,N/A,,,,,,,353992,General Goods and Pervices,,,,
Griffith University,"170 Kessels Road, Nathan Qld 4111",Study In Australia Videos - June,17/06/2021,49867,News Limited,"Credit & Collections, Gpo Box 4245 Sydney, Nsw, 2001",No,No ,N/A,,,,,,,353987,General Goods and Cervices,,,,
Griffith University,"170 Kessels Road, Nathan Qld 4111",Custom 4 Output Pixel Control Board,17/06/2021,13559,Opto Projects Pty Ltd,"Unit 3, 2D Indwe Street West Footscray, Vic, 3012",No,No ,N/A,,,,,,,353982,General Goods and Gervices,,,,
Griffith University,"170 Kessels Road, Nathan Qld 4111",Cherwel Upgrade,17/06/2021,20515,Service Quality Pty Ltd,"Unit 2, Building 5, 205-215 Lietchs Road, Brendale, Qld 4500",No,No ,N/A,,,,,,,1905745,General Goods and Services,,,,
Griffith University,"170 Kessels Road, Nathan Qld 4111",Coaching And Support Services,17/06/2021,11000,Startsomegood Pty Ltd,"Unit 1, 6 Tunks Street Waverton, Nsw, 2060",No,No ,N/A,,,,,,,353983,General Goods and Pervices,,,,
Griffith University,"170 Kessels Road, Nathan Qld 4111",Computer Equipment,18/06/2021,320323,Aliva Pty Ltd,"3 Marie Street,  Milton, Qld, 4064",No,No ,N/A,,,,,,,354021,Information and Communication Technology,,,,
Griffith University,"170 Kessels Road, Nathan Qld 4111",Tissue Extractions,18/06/2021,21918,Australian Genome Research Facility Ltd,"Level 5 Gehrmann Laboratories, Research Road St Lucia, Qld, 4072",No,No ,N/A,,,,,,,354044,General Goods and Pervices,,,,
Griffith University,"170 Kessels Road, Nathan Qld 4111",Envibe 2021-2022 Subscription,18/06/2021,32144,Centaman Systems Pty Ltd,"Po Box 763,  Springhill, Qld, 4004",No,No ,N/A,,,,,,,354022,Information and Communication Technology,,,,
Griffith University,"170 Kessels Road, Nathan Qld 4111",Consulting Services ,18/06/2021,545600,Consulting & Implementation Services P/L,"Suite 405, 838 Collins Street,  Docklands, Vic, 3008",,No ,Limited Offer,,,,,,,354017,General Goods and Cervices,,,,
Griffith University,"170 Kessels Road, Nathan Qld 4111",Data Integrity Higher Education Audit,18/06/2021,55000,Deloitte Risk Advisory Pty Limited,"123 Eagle Street,  Brisbane City, Qld, 4000",No,No ,N/A,,,,,,,354040,General Goods and Aervices,,,,
Griffith University,"170 Kessels Road, Nathan Qld 4111",Health And Safety Governance Review,18/06/2021,39600,Dra Safety Specialists,"Po Box 1774,  Oxenford, Qld, 4210",No,No ,N/A,,,,,,,354032,General Goods and Services,,,,
Griffith University,"170 Kessels Road, Nathan Qld 4111",Pc3 Touch Panel Maintenance,18/06/2021,19767,Ecolab Pty Ltd,"Po Box 390,  North Ryde Bc, Nsw, 1670",No,No ,N/A,,,,,,,354052,General Goods and Services,,,,
Griffith University,"170 Kessels Road, Nathan Qld 4111",Megacode Kelly Advanced Manikin,18/06/2021,41227,Laerdal Pty Ltd,"Po Box 52,  Oakleigh, Vic, 3166",No,No ,N/A,,,,,,,354015,General Goods and Services,,,,
Griffith University,"170 Kessels Road, Nathan Qld 4111",Workforce Analytics Dashboard,18/06/2021,41272,Pricewaterhousecoopers,"Gpo Box 150,  Brisbane, Qld, 4001",No,No ,N/A,,,,,,,354031,General Goods and Services,,,,
Griffith University,"170 Kessels Road, Nathan Qld 4111",Computing Maintenance & Support,18/06/2021,1167421,Proctoru Inc,"Suite 202, 3687 Old Santa Rita Road Pleasanton, Ca, 94588",Yes,No ,Selective Offer,,,,,,,354023,Information and Communication Technology,,,,
Griffith University,"170 Kessels Road, Nathan Qld 4111",Scientific Equipment,18/06/2021,19053,Thorlabs Inc,"56 Sparta Avenue,  Newton, Nj, 07860",No,No ,N/A,,,,,,,354041,General Goods and Services,,,,
Griffith University,"170 Kessels Road, Nathan Qld 4111",Subscription 2021-2022,21/06/2021,10027,A2K Technologies Pty Ltd,"62 Brandl Street,  Eight Mile Plains, Qld, 4113",No,No ,N/A,,,,,,,354079,Information and Communication Technology,C00947,,,
Griffith University,"170 Kessels Road, Nathan Qld 4111",Recruitment,21/06/2021,12012,Emanate Technology Qld Pty Ltd,"Wework ¿ Level 6, 123 Eagle Street, Brisbane, Qld 4000",No,No ,N/A,,,,,,,1911630,General Goods and Services,,,,
Griffith University,"170 Kessels Road, Nathan Qld 4111",Consultancy Design ,21/06/2021,38500,Hassell Limited,"61 Little Collins Street,  Melbourne, Vic, 3000",No,No ,N/A,,,,,,,354082,General Goods and Pervices,,,,
Griffith University,"170 Kessels Road, Nathan Qld 4111",Cooling Upgrade,21/06/2021,11495,Iwts Group Pty Ltd,"7/39-45 Secam Street,  Mansfield, Qld, 4122",No,No ,N/A,,,,,,,354097,Building Construction and Maintenance,,,,
Griffith University,"170 Kessels Road, Nathan Qld 4111",Computing Maintenance & Support,21/06/2021,33371,Park Place Technologies Australia Pty Lt,"C/-Bentleys Nsw Pty Ltd, Floor 14, 60 Margaret Street Sydney, Nsw, 2000",No,No ,N/A,,,,,,,354078,Information and Communication Technology,,,,
Griffith University,"170 Kessels Road, Nathan Qld 4111",Membership - 01/07/2021 To 30/06/2022,21/06/2021,27280,Queensland Futures Institute Ltd,"Level 11, 111 Eagle Street, Brisbane, Qld 4000",No,No ,N/A,,,,,,,1909837,General Goods and Services,,,,
Griffith University,"170 Kessels Road, Nathan Qld 4111",Video Production Advertising,21/06/2021,14410,Serotonin Creative,"22 Petrie Terrace,  Brisbane, Qld, 4000",No,No ,N/A,,,,,,,354116,General Goods and Services,,,,
Griffith University,"170 Kessels Road, Nathan Qld 4111",Binary Rapid Separation Nano Flow Pump,21/06/2021,60192,Thermo Fisher Scientific Australia,"Po Box 9092,  Scoresby, Vic, 3179",No,No ,N/A,,,,,,,354075,General Goods and Services,,,,
Griffith University,"170 Kessels Road, Nathan Qld 4111",Consultancy Design ,21/06/2021,38500,Wilson Architects,"564 Boundary Street,  Spring Hill, Qld, 4000",No,No ,N/A,,,,,,,354083,General Goods and Pervices,,,,
Griffith University,"170 Kessels Road, Nathan Qld 4111",Biologicals/Chemicals,22/06/2021,23353,Bio-Strategy Pty Limited,"P.O Box 14,  Campbellfield, Vic, 3061",No,No ,N/A,,,,,,,354137,General Goods and Services,,,,
Griffith University,"170 Kessels Road, Nathan Qld 4111",Consultancy Project,22/06/2021,19800,Helen Johnson,Brisbane,No,No ,N/A,,,,,,,354139,General Goods and Hervices,,,,
Griffith University,"170 Kessels Road, Nathan Qld 4111",Annual Commission,22/06/2021,17820,Link International Student Service,"Suite 1, Level 5, 231 George St, Brisbane, Qld 4000",No,No ,N/A,,,,,,,1910671,General Goods and Services,,,,
Griffith University,"170 Kessels Road, Nathan Qld 4111",Incubator Orbital Mixer,22/06/2021,11605,Rowe Scientific Pty Ltd,"Unit 1, 30 Argon Street Sumner Park, Qld, 4074",No,No ,N/A,,,,,,,354153,General Goods and Gervices,,,,
Griffith University,"170 Kessels Road, Nathan Qld 4111",Times Higher Education Advertising,22/06/2021,80498,Unijobs Global,"Suite 12/75 Bay Street,  Brighton, Vic, 3186",No,No ,N/A,,,,,,,354124,General Goods and Services,,,,
Griffith University,"170 Kessels Road, Nathan Qld 4111",Event,23/06/2021,148500,Brisbane Convention And Exhibition Centr,"Po Box 3869, South Bank Brisbane, Qld, 4101",No,No ,N/A,,,,,,,354185,General Goods and Dervices,,,,
Griffith University,"170 Kessels Road, Nathan Qld 4111",Consultancy Sip Rehab Trial,23/06/2021,159500,Making Strides Pty Ltd,"Po Box 2424,  Burleigh Bc, Qld, 4220",No,No ,N/A,,,,,,,354180,General Goods and Pervices,,,,
Griffith University,"170 Kessels Road, Nathan Qld 4111",Consultancy Services,23/06/2021,348319,Randstad Pty Limited,"Gpo Box 4640,  Sydney, Nsw, 2001",No,No ,N/A,,,,,,,354197,General Goods and Iervices,,,,
Griffith University,"170 Kessels Road, Nathan Qld 4111",Computer Equipment,23/06/2021,14670,The School Locker,"103 Hyde Rd,  Yeronga, Qld, 4104",No,No ,N/A,,,,,,,354209,Information and Communication Technology,,,,
Griffith University,"170 Kessels Road, Nathan Qld 4111",G05 Repairs ,24/06/2021,17872,A1 Building & Property Solutions Pty Ltd,"3 D'Aguilar Road,  The Gap, Qld, 4061",No,No ,N/A,,,,,,,354270,Building Construction and Maintenance,,,,
Griffith University,"170 Kessels Road, Nathan Qld 4111",Consultancy Services,24/06/2021,21780,Adrian Ralph Volders,"64 Tilquin Street,  The Gap, Qld, 4061",No,No ,N/A,,,,,,,354248,General Goods and Pervices,,,,
Griffith University,"170 Kessels Road, Nathan Qld 4111",Provizio Case With 200 Sensors,24/06/2021,42304,Arjo Australia Pty Ltd,"Building B, Level 3. 11 Talavera Road,  Macquarie Park, Nsw, 2113",No,No ,N/A,,,,,,,354240,General Goods and Services,,,,
Griffith University,"170 Kessels Road, Nathan Qld 4111",2022 Mature Studant Guide ,24/06/2021,25951,Fast Proof Press Pty Ltd,"21/12 Lawrence Drive,  Nerang, Qld, 4211",No,No ,N/A,,,,,,,354238,General Goods and Services,,,,
Griffith University,"170 Kessels Road, Nathan Qld 4111",Computing Maintenance & Support,24/06/2021,241692,Intalock Technologies Pty Ltd,"Gpo Box 2952,  Brisbane, Qld, 4000",No,No ,N/A,,,,,,,354228,Information and Communication Technology,,,,
Griffith University,"170 Kessels Road, Nathan Qld 4111",Qsr Nvivo Pro 2021-2022 Subscription,24/06/2021,45113,Qsr International Pty Ltd,"Level 2, 651 Doncaster Road Doncaster, Vic, 3108",No,No ,N/A,,,,,,,354229,Information and Communication Technology,,,,
Griffith University,"170 Kessels Road, Nathan Qld 4111",2021-2022 Subscription,24/06/2021,33651,Siteimprove Australia Pty Ltd,"Po Box R1948,  Royal Exchange, Nsw, 1225",No,No ,N/A,,,,,,,354251,Information and Communication Technology,,,,
Griffith University,"170 Kessels Road, Nathan Qld 4111",Computing Maintenance & Support,24/06/2021,32312,Surebridge Pty Ltd,"Po Box 1583,  Toowong, Qld, 4066",No,No ,N/A,,,,,,,354230,Information and Communication Technology,,,,
Griffith University,"170 Kessels Road, Nathan Qld 4111",Consultancy Project,24/06/2021,16500,The Trustee For M Ahmadi Family Trust,Melbourne,No,No ,N/A,,,,,,,354250,General Goods and Hervices,,,,
Griffith University,"170 Kessels Road, Nathan Qld 4111",2021-2022 Subscription,24/06/2021,75345,Vimeo.Com Inc.,"555 West 18Th Street,  New York,, , 10011",No,No ,N/A,,,,,,,C0001734,,,,,
Griffith University,"170 Kessels Road, Nathan Qld 4111",Laboratory Consumables,25/06/2021,10423,Accurate Mass Scientific Pty Ltd,"Po Box 92,  Keilor, Vic, 3036",No,No ,N/A,,,,,,,354311,General Goods and Services,,,,
Griffith University,"170 Kessels Road, Nathan Qld 4111",Annual Membership 2021,25/06/2021,55000,Bionics Queensland,"29 Nathan Ave, Ashgrove, Qld 4060",No,No ,N/A,,,,,,,1909469,General Goods and Services,,,,
Griffith University,"170 Kessels Road, Nathan Qld 4111",Foxy1 R1 Fraction Collector,25/06/2021,11655,Dksh Australia Pty Ltd,"1 Beyer Road,  Braeside, Vic, 3195",No,No ,N/A,,,,,,,354307,General Goods and Services,,,,
Griffith University,"170 Kessels Road, Nathan Qld 4111",Relocation ,25/06/2021,591505,Fitout And Refurbishment Australia Pty L,"Suite 2B, 8 Paxton St Springwood, Qld, 4127",,No ,Open Offer,,,,,,,354291,Building Construction and Maintenance,,,,
Griffith University,"170 Kessels Road, Nathan Qld 4111",March Search Activity,25/06/2021,52386,Ikon Communications Pty Ltd,"Level 4, 1 Kent Street, Millers Points, Nsw 2000",No,No ,N/A,,,,,,,1911353,General Goods and Services,,,,
Griffith University,"170 Kessels Road, Nathan Qld 4111",Consultancy Services,25/06/2021,30300,John Murray Kirkwood,Brisbane,No,No ,N/A,,,,,,,354310,General Goods and Pervices,,,,
Griffith University,"170 Kessels Road, Nathan Qld 4111",Laboratory Consumables,25/06/2021,10177,Labtek Pty Ltd,"Po Box 5316,  Brendale, Qld, 4500",No,No ,N/A,,,,,,,354309,General Goods and Services,,,,
Griffith University,"170 Kessels Road, Nathan Qld 4111",Path Led Lights,25/06/2021,14545,Raylinc Agencies Pty Ltd,"9 Colebard Street West,  Acacia Ridge, Qld, 4110",No,No ,N/A,,,,,,,354319,Building Construction and Maintenance,,,,
Griffith University,"170 Kessels Road, Nathan Qld 4111",Leadership Coaching ,25/06/2021,21945,Stratagems Pty. Limited,"Po Box 1040,  Toowong, Qld, 4066",No,No ,N/A,,,,,,,354304,General Goods and Hervices,,,,
Griffith University,"170 Kessels Road, Nathan Qld 4111",Computing Maintenance & Support,25/06/2021,11598,Technic Pty Ltd,"Gpo Box 879,  Hobart, Tas, 7001",No,No ,N/A,,,,,,,354303,Information and Communication Technology,,,,
Griffith University,"170 Kessels Road, Nathan Qld 4111",Mounted Mgo Crystal For Pump ,28/06/2021,15090,Covesion Ltd,"Unit F3, Adanac North, Adanac Drive, Nursling Southampton, Hants, So16 0Bt",No,No ,N/A,,,,,,,354338,General Goods and Services,,,,
Griffith University,"170 Kessels Road, Nathan Qld 4111",Centrifuge ,28/06/2021,11118,Eppendorf South Pacific Pty Ltd,"Unit 4, 112 Talavera Road North Ryde, Nsw, 2113",No,No ,N/A,,,,,,,354348,General Goods and Services,,,,
Griffith University,"170 Kessels Road, Nathan Qld 4111",Maintenance,28/06/2021,11669,Integrated Research Systems Pty Ltd,"110 Drummond Street, Carlton, Vic 3053",No,No ,N/A,,,,,,,1911726,General Goods and Services,,,,
Griffith University,"170 Kessels Road, Nathan Qld 4111",Media Monitoring Services,28/06/2021,296094,Isentia Pty Ltd,"Po Box 2110,  Strawberry Hills, Nsw, 2012",No,No ,N/A,,,,,,,354366,General Goods and Services,,,,
Griffith University,"170 Kessels Road, Nathan Qld 4111",Precellys Evolution ,28/06/2021,28518,Thermo Fisher Scientific Australia,"Po Box 9092,  Scoresby, Vic, 3179",No,No ,N/A,,,,,,,354371,General Goods and Services,,,,
Griffith University,"170 Kessels Road, Nathan Qld 4111",Gbs Batch Processing Pathology,29/06/2021,13815,Australian Genome Research Facility Ltd,"Level 5 Gehrmann Laboratories, Research Road St Lucia, Qld, 4072",No,No ,N/A,,,,,,,354420,General Goods and Pervices,,,,
Griffith University,"170 Kessels Road, Nathan Qld 4111",Scaffold Structure Hire,29/06/2021,43175,Brisbane Scaffold Hire Pty Ltd,"Po Box 209,  Geebung, Qld, 4034",No,No ,N/A,,,,,,,354408,General Goods and Services,,,,
Griffith University,"170 Kessels Road, Nathan Qld 4111",Remodel & Upgrades,29/06/2021,188558,Conrad Gargett Group,"Level 26, 240 Queen Street Brisbane, Qld, 4000",No,No ,N/A,,,,,,,354381,Building Construction and Maintenance,,,,
Griffith University,"170 Kessels Road, Nathan Qld 4111",Azure Overages May 2021 Subscription,29/06/2021,37402,Data #3 Limited,"Po Box 551,  Indooroopilly, Qld, 4068",No,No ,N/A,,,,,,,354392,General Goods and Hervices,,,,
Griffith University,"170 Kessels Road, Nathan Qld 4111",Computing Maintenance & Support,29/06/2021,41250,Invision Media Pty Ltd,"241 Given Tce, Po Box 5014 Paddington, Qld, 4064",No,No ,N/A,,,,,,,354386,Information and Communication Technology,,,,
Griffith University,"170 Kessels Road, Nathan Qld 4111",Merchandising Material ,29/06/2021,12194,Promotionsonly,"P.O Box 6201,  North Ryde, Nsw, 2113",No,No ,N/A,,,,,,,354387,General Goods and Services,,,,
Griffith University,"170 Kessels Road, Nathan Qld 4111",Biological Materials,29/06/2021,14130,Sigma Aldrich Pty Ltd,"Po Box 970,  Castle Hill, Nsw, 1765",No,No ,N/A,,,,,,,354417,General Goods and Services,,,,
Griffith University,"170 Kessels Road, Nathan Qld 4111",Consultancy Design,30/06/2021,38500,Bvn Architecture Pty Ltd,"12 Creek Street,  Brisbane City, Qld, 4000",No,No ,N/A,,,,,,,354444,General Goods and Pervices,,,,
Griffith University,"170 Kessels Road, Nathan Qld 4111",Cbd Campus Business Case Consultancy,30/06/2021,39640,Ernst & Young,"111 Eagle Street,,  Brisbane, Qld, 4001",No,No ,N/A,,,,,,,354435,General Goods and Pervices,,,,
Griffith University,"170 Kessels Road, Nathan Qld 4111",Annual Fee Renewal,30/06/2021,18387,Futurelearn Limited,"Po Box 77, Chambers Buildingmilton Keynes,  Mk9 3Er",No,No ,N/A,,,,,,,1911458,General Goods and Services,,,,
Griffith University,"170 Kessels Road, Nathan Qld 4111",Idp Connect 2021-2022 Subscription,30/06/2021,55000,Hotcourses Pty Ltd,"Studio 6, Level 1, 285A Crown Street Surry Hills, Nsw, 2010",No,No ,N/A,,,,,,,354445,Information and Communication Technology,,,,
Griffith University,"170 Kessels Road, Nathan Qld 4111",Biological Materials,30/06/2021,18372,In Vitro Technologies Pty Ltd,"7-9 Summit Road,  Noble Park, Vic, 3174",No,No ,N/A,,,,,,,354438,General Goods and Services,,,,
Griffith University,"170 Kessels Road, Nathan Qld 4111",Consultancy Project ,30/06/2021,44350,Michael Page International,"Level 4, 110 George Street Parramatta, Nsw, 2150",No,No ,N/A,,,,,,,354441,General Goods and Cervices,,,,
Griffith University,"170 Kessels Road, Nathan Qld 4111",Tp3/2021 Commission,30/06/2021,596922,Pearson Australia Group Pty Ltd,"Suite 1001 Level 10, 151 Castlereagh Street,Sydney, Nsw 2000",,No ,Limited Offer,,,,,,,1909210,General Goods and Services,,,,
Griffith University,"170 Kessels Road, Nathan Qld 4111",Consultancy Design,30/06/2021,38500,Richard Kirk Architect Pty. Ltd.,"Po Box 8006,  Woolloongabba, Qld, 4102",No,No ,N/A,,,,,,,354446,General Goods and Pervices,,,,
Griffith University,"170 Kessels Road, Nathan Qld 4111",Co-Facilitation Of Stars Workshops,30/06/2021,25740,Suicide Risk Assessment Australia,"Po Box 178,  Engadine, Nsw, 2233",No,No ,N/A,,,,,,,354442,General Goods and Pervices,,,,
