Description,Agency (Dept or Stat Body),Agency address,Contract description/name,Award contract date,Contract value,Supplier name,Supplier address,Variation to contract (Yes/No),Specific confidentiality provision used,Procurement method,Reason for use of limited tendering,Form of contract,Number of offers sought,Evaluation criteria and weightings,Deliverables,Contract milestones,Contract performance management,Contract reference number,Contract category group,Parent contract number/SOA,Variation comments,Commence date,Supplier ABN,Finish date
,Griffith University,"170 Kessels Road, Nathan Qld 4111",Consultancy Services,1/07/2023,50674,Claire Jackson,South Australia,No,No,,,,,,,,,2042771 2038280 2040883 2042771 2046039,,,,,,
,Griffith University,"170 Kessels Road, Nathan Qld 4111",Consultancy Services,2/07/2023,18032,Acer - Aust Council For Edu Research Ltd,"Camberwell, Vic",No,No,,,,,,,,,2019126,,,,,,
,Griffith University,"170 Kessels Road, Nathan Qld 4111",Building Construction & Maintenance,3/07/2023,416350,A.G. Coombs (Qld) Pty. Ltd.,"Fortitude Valley, Qld",Yes,No,,,,,,,,,380207,,,,,,
,Griffith University,"170 Kessels Road, Nathan Qld 4111",Consultancy Services,3/07/2023,30000,Eluned Jones,United Kingdom,No,No,,,,,,,,,380202,,,,,,
,Griffith University,"170 Kessels Road, Nathan Qld 4111",Building Construction & Maintenance,3/07/2023,74230,Fire Services Queensland Pty Ltd,"Chermside, Qld",No,No,,,,,,,,,380194,,,,,,
,Griffith University,"170 Kessels Road, Nathan Qld 4111",Vehicle Acquisition,3/07/2023,131052,James Frizelle's Automotive Group P/L,"Southport, Qld",No,No,,,,,,,,,380233,,,,,,
,Griffith University,"170 Kessels Road, Nathan Qld 4111",Chemical/Biological Products,3/07/2023,46737,"Pel-Freez, Inc",Usa,No,No,,,,,,,,,380235,,,,,,
,Griffith University,"170 Kessels Road, Nathan Qld 4111",Consultancy Services,3/07/2023,19668,The Workssydney Pty Ltd,"Sydney, Nsw",Yes,No,,,,,,,,,2022502 2022503,,,,,,
,Griffith University,"170 Kessels Road, Nathan Qld 4111",Consultancy Services,3/07/2023,71627,University Of New South Wales,"Sydney, Nsw",No,No,,,,,,,,,2021502 2039092,,,,,,
,Griffith University,"170 Kessels Road, Nathan Qld 4111",Memberships/Subscriptions,4/07/2023,98120,Aust Higher Education Industrial Assoc,"Melbourne, Vic",No,No,,,,,,,,,2022788,,,,,,
,Griffith University,"170 Kessels Road, Nathan Qld 4111",Chemical/Biological Products,4/07/2023,15453,Bio-Rad Laboratories Pty Ltd,"South Granville, Nsw",No,No,,,,,,,,,380247,,,,,,
,Griffith University,"170 Kessels Road, Nathan Qld 4111",Software Support Maintenance,4/07/2023,37358,Intuit Technologies Pty Ltd,"Battery Point, Tas",No,No,,,,,,,,,380245,,,,,,
,Griffith University,"170 Kessels Road, Nathan Qld 4111",Marketing Fees,4/07/2023,30712,Lovework Studio Pty Ltd,"Woody Point, Qld",No,No,,,,,,,,,380242,,,,,,
,Griffith University,"170 Kessels Road, Nathan Qld 4111",Consultancy Services,4/07/2023,20881,Mccullough Robertson Lawyers,"Brisbane, Qld",yes,No,,,,,,,,,380257,,,,,,
,Griffith University,"170 Kessels Road, Nathan Qld 4111",Chemical/Biological Products,4/07/2023,14915,Tecan Australia Pty Ltd,"Port Melbourne, Vic",No,No,,,,,,,,,380267,,,,,,
,Griffith University,"170 Kessels Road, Nathan Qld 4111",Subscription/Licence Fees Software,4/07/2023,13497,Techniche Apac Pty Ltd,"Milton, Qld",No,No,,,,,,,,,380246,,,,,,
,Griffith University,"170 Kessels Road, Nathan Qld 4111",Consultancy Services,4/07/2023,14300,Turner & Townsend Pty Ltd,"Brisbane, Qld",No,No,,,,,,,,,380268,,,,,,
,Griffith University,"170 Kessels Road, Nathan Qld 4111",Consultancy Services,5/07/2023,180692,Alfred Health,"Melbourne, Vic",No,No,,,,,,,,,2023001,,,,,,
,Griffith University,"170 Kessels Road, Nathan Qld 4111",Building Construction & Maintenance,5/07/2023,691501,Eight 3 Constructions Pty Ltd,"Geebung, Qld",No,No,Selective,,,,,,,,380291,,,,,,
,Griffith University,"170 Kessels Road, Nathan Qld 4111",Building Construction & Maintenance,5/07/2023,30382,Sure Power,"East Brisbane, Qld",No,No,,,,,,,,,380297,,,,,,
,Griffith University,"170 Kessels Road, Nathan Qld 4111",Marketing Fees,6/07/2023,49500,Dan K Pearson,Queensland,No,No,,,,,,,,,2020091 2044685,,,,,,
,Griffith University,"170 Kessels Road, Nathan Qld 4111",Conference Expenses,6/07/2023,28050,It Newcom Pty Limited,"Brisbane, Qld",No,No,,,,,,,,,2023265,,,,,,
,Griffith University,"170 Kessels Road, Nathan Qld 4111",Subscription/Licence Fees Software,6/07/2023,43004,Qs Unisolution Gmbh,Germany,No,No,,,,,,,,,380332,,,,,,
,Griffith University,"170 Kessels Road, Nathan Qld 4111",Building Construction & Maintenance,6/07/2023,14744,Steadfast Projects Pty Ltd,"Upper Kedron, Qld",No,No,,,,,,,,,380365,,,,,,
,Griffith University,"170 Kessels Road, Nathan Qld 4111",Consultancy Services,6/07/2023,35640,Unify Solutions Pty Limited,"Brisbane City, Qld",No,No,,,,,,,,,380352,,,,,,
,Griffith University,"170 Kessels Road, Nathan Qld 4111",External Course Delivery,7/07/2023,27552,Corporate Prepaid Cards Pty Ltd,"Balmain, Nsw",No,No,,,,,,,,,2019329,,,,,,
,Griffith University,"170 Kessels Road, Nathan Qld 4111",Event Expenditure,7/07/2023,275000,Gold Coast Convention & Exhibition Centr,"Broadbeach, Qld",No,No,,,,,,,,,380387,,,,,,
,Griffith University,"170 Kessels Road, Nathan Qld 4111",Consultancy Services,7/07/2023,17634,The Trustee For Missy Moo Family Trust,"Freshwater, Qld",No,No,,,,,,,,,2020013,,,,,,
,Griffith University,"170 Kessels Road, Nathan Qld 4111",Consultancy Services,8/07/2023,84873,Accellier,"Coffs Harbour, Nsw",Yes,No,,,,,,,,,367033 1976569 2011270,,,,,,
,Griffith University,"170 Kessels Road, Nathan Qld 4111",Conference Expenses,10/07/2023,64490,Australian Human Resources Institute,"Melbourne, Vic",No,No,,,,,,,,,2021923,,,,,,
,Griffith University,"170 Kessels Road, Nathan Qld 4111",Accreditation Fees,10/07/2023,15900,Ot Council (Aus & Nz)  Ltd,"South Perth, Wa",No,No,,,,,,,,,2022844,,,,,,
,Griffith University,"170 Kessels Road, Nathan Qld 4111",Building Construction & Maintenance,11/07/2023,415705,Australian Wetlands Landscapes Qld Pty L,"Buddina, Qld",No,No,,,,,,,,,380490,,,,,,
,Griffith University,"170 Kessels Road, Nathan Qld 4111",Equipment Purchase,11/07/2023,69683,Eppendorf South Pacific Pty Ltd,"North Ryde, Nsw",No,No,,,,,,,,,380496,,,,,,
,Griffith University,"170 Kessels Road, Nathan Qld 4111",Building Construction & Maintenance,11/07/2023,13475,Nutbrook Engineering Group Pty Limited,"North Sydney, Nsw",No,No,,,,,,,,,380513,,,,,,
,Griffith University,"170 Kessels Road, Nathan Qld 4111",Equipment Maintenance,12/07/2023,17820,Advanced Laboratory Maintenance,"Rochedale, Qld",No,No,,,,,,,,,380519,,,,,,
,Griffith University,"170 Kessels Road, Nathan Qld 4111",Building Construction & Maintenance,12/07/2023,57156,Airmaster Corporation Pty Ltd,"Mansfield, Qld",No,No,,,,,,,,,380555,,,,,,
,Griffith University,"170 Kessels Road, Nathan Qld 4111",Subscription/Licence Fees Software,12/07/2023,181547,Data #3 Limited,"Indooroopilly, Qld",No,No,,,,,,,,,380525,,,,,,
,Griffith University,"170 Kessels Road, Nathan Qld 4111",Building Construction & Maintenance,13/07/2023,28358,Airmaster Corporation Pty Ltd,"Mansfield, Qld",No,No,,,,,,,,,380560,,,,,,
,Griffith University,"170 Kessels Road, Nathan Qld 4111",Building Construction & Maintenance,13/07/2023,29260,Airmaster Corporation Pty Ltd,"Mansfield, Qld",No,No,,,,,,,,,380561,,,,,,
,Griffith University,"170 Kessels Road, Nathan Qld 4111",Consultancy Services,13/07/2023,132853,Colliers International (Brisbane) P/L,"Brisbane, Qld",No,No,,,,,,,,,380562,,,,,,
,Griffith University,"170 Kessels Road, Nathan Qld 4111",External Course Delivery,13/07/2023,53025,Comfort Inn Robertson Gardens,"Robertson, Qld",No,No,,,,,,,,,2023855,,,,,,
,Griffith University,"170 Kessels Road, Nathan Qld 4111",Scientific Equipment,13/07/2023,11898,Edaphic Scientific Pty Ltd,"Port Macquarie, Nsw",No,No,,,,,,,,,2021916,,,,,,
,Griffith University,"170 Kessels Road, Nathan Qld 4111",Memberships/Subscriptions,13/07/2023,39000,English Language Testing Limited,Uk,No,No,,,,,,,,,2024064,,,,,,
,Griffith University,"170 Kessels Road, Nathan Qld 4111",Consultancy Services,13/07/2023,22000,Thomson Adsett Pty Ltd,"Fortitude Valley, Qld",No,No,,,,,,,,,380583,,,,,,
,Griffith University,"170 Kessels Road, Nathan Qld 4111",Event Expenditure,14/07/2023,118084,Brisbane Convention And Exhibition Centr,"Brisbane, Qld",No,No,,,,,,,,,380650,,,,,,
,Griffith University,"170 Kessels Road, Nathan Qld 4111",Legal Fees,14/07/2023,13200,Clayton Utz,"Brisbane, Qld",No,No,,,,,,,,,380614,,,,,,
,Griffith University,"170 Kessels Road, Nathan Qld 4111",External Course Delivery,14/07/2023,30030,Comfort Inn Robertson Gardens,"Robertson, Qld",No,No,,,,,,,,,2023723,,,,,,
,Griffith University,"170 Kessels Road, Nathan Qld 4111",Building Construction & Maintenance,14/07/2023,23562,E.D.C. Systems Pty Ltd,"Cannon Hill, Qld",No,No,,,,,,,,,380665,,,,,,
,Griffith University,"170 Kessels Road, Nathan Qld 4111",Consultancy Services,14/07/2023,25000,Ella Arensman,United Kingdom,No,No,,,,,,,,,380636,,,,,,
,Griffith University,"170 Kessels Road, Nathan Qld 4111",Software Support Maintenance,14/07/2023,38500,Icad Consultants Pty Ltd,"Bridgeman Downs, Qld",No,No,,,,,,,,,380616,,,,,,
,Griffith University,"170 Kessels Road, Nathan Qld 4111",Vehicle Acquisition,14/07/2023,42376,Motorama Automotive Pty Ltd,"Moorooka, Qld",No,No,,,,,,,,,380658,,,,,,
,Griffith University,"170 Kessels Road, Nathan Qld 4111",Event Expenditure,14/07/2023,14940,Sunstate Charters Pty. Ltd.,"Eagle Farm, Qld",No,No,,,,,,,,,2024520,,,,,,
,Griffith University,"170 Kessels Road, Nathan Qld 4111",External Course Delivery,15/07/2023,33076,Corporate Prepaid Cards Pty Ltd,"Balmain, Nsw",No,No,,,,,,,,,2020470,,,,,,
,Griffith University,"170 Kessels Road, Nathan Qld 4111",Reference Materials,15/07/2023,22108,Igi Global,Usa,No,No,,,,,,,,,2021500,,,,,,
,Griffith University,"170 Kessels Road, Nathan Qld 4111",Consultancy Services,15/07/2023,21010,The Trustee For Granted Group Unit Trust,"Bentleigh, Vic",No,No,,,,,,,,,2021610,,,,,,
,Griffith University,"170 Kessels Road, Nathan Qld 4111",Building Construction & Maintenance,17/07/2023,66342,Astarr Pty. Ltd.,"Salisbury, Qld",No,No,,,,,,,,,380707,,,,,,
,Griffith University,"170 Kessels Road, Nathan Qld 4111",Audio Visual Equipment,17/07/2023,13283,Ez Australia Pty. Ltd.,"Arncliffe, Nsw",No,No,,,,,,,,,380701,,,,,,
,Griffith University,"170 Kessels Road, Nathan Qld 4111",Consultancy Services,17/07/2023,12540,Globalise Consulting,"Williamstown, Vic",No,No,,,,,,,,,380677,,,,,,
,Griffith University,"170 Kessels Road, Nathan Qld 4111",Event Expenditure,17/07/2023,84328,Gold Coast Convention & Exhibition Centr,"Broadbeach, Qld",No,No,,,,,,,,,380679,,,,,,
,Griffith University,"170 Kessels Road, Nathan Qld 4111",External Course Delivery,17/07/2023,12423,Lean Finance,"Brisbane, Qld",No,No,,,,,,,,,2022253,,,,,,
,Griffith University,"170 Kessels Road, Nathan Qld 4111",Building Construction & Maintenance,17/07/2023,95168,Steadfast Projects Pty Ltd,"Upper Kedron, Qld",Yes,No,,,,,,,,,380690,,,,,,
,Griffith University,"170 Kessels Road, Nathan Qld 4111",Building Construction & Maintenance,17/07/2023,41113,Steele Wrobel Pty Ltd,"Brisbane, Qld",No,No,,,,,,,,,380684,,,,,,
,Griffith University,"170 Kessels Road, Nathan Qld 4111",Event Expenditure,17/07/2023,15441,The University Of Newcastle,"Callaghan, Nsw",No,No,,,,,,,,,380695,,,,,,
,Griffith University,"170 Kessels Road, Nathan Qld 4111",Audio Visual Equipment,17/07/2023,56433,Videopro Pty Ltd,"Eagle Farm, Qld",No,No,,,,,,,,,380691,,,,,,
,Griffith University,"170 Kessels Road, Nathan Qld 4111",Equipment Maintenance,18/07/2023,81106,Becton Dickinson Pty Ltd,"Eight Mile Plains, Qld",No,No,,,,,,,,,380748,,,,,,
,Griffith University,"170 Kessels Road, Nathan Qld 4111",Consultancy Services,18/07/2023,18346,Michael Page International,"Parramatta, Nsw",No,No,,,,,,,,,2024474,,,,,,
,Griffith University,"170 Kessels Road, Nathan Qld 4111",Telecommunications Expenditure,18/07/2023,300000,Tpg Network Pty Ltd,"Sydney, Nsw",No,No,,,,,,,,,C01116,,,,,,
,Griffith University,"170 Kessels Road, Nathan Qld 4111",Audio Visual Equipment,18/07/2023,49099,Videopro Pty Ltd,"Eagle Farm, Qld",No,No,,,,,,,,,380747,,,,,,
,Griffith University,"170 Kessels Road, Nathan Qld 4111",Consultancy Services,19/07/2023,23348,Accent Research,"Paddington, Nsw",No,No,,,,,,,,,380799,,,,,,
,Griffith University,"170 Kessels Road, Nathan Qld 4111",Scientific Equipment,19/07/2023,18449,Brightside Scientific Pty Ltd,"Tuggerah, Nsw",No,No,,,,,,,,,380793,,,,,,
,Griffith University,"170 Kessels Road, Nathan Qld 4111",Consultancy Services,19/07/2023,21890,Soil Surveys Engineering Pty Ltd,"Paddington, Qld",No,No,,,,,,,,,380777,,,,,,
,Griffith University,"170 Kessels Road, Nathan Qld 4111",Equipment Maintenance,19/07/2023,21967,Wood Australia Pty Ltd,"The Gap, Qld",No,No,,,,,,,,,380773,,,,,,
,Griffith University,"170 Kessels Road, Nathan Qld 4111",Software Support Maintenance,20/07/2023,37355,Allied Technologies Australia Pty Ltd,"Newstead, Qld",No,No,,,,,,,,,380800,,,,,,
,Griffith University,"170 Kessels Road, Nathan Qld 4111",Commission Payment,20/07/2023,17565,Gostralia-Gomerica,Germany,No,No,,,,,,,,,2025244,,,,,,
,Griffith University,"170 Kessels Road, Nathan Qld 4111",Building Construction & Maintenance,21/07/2023,20624,A1 Building & Property Solutions Pty Ltd,"The Gap, Qld",No,No,,,,,,,,,2024053,,,,,,
,Griffith University,"170 Kessels Road, Nathan Qld 4111",Audio Visual Equipment,21/07/2023,14211,Allied Technologies Australia Pty Ltd,"Newstead, Qld",No,No,,,,,,,,,380885,,,,,,
,Griffith University,"170 Kessels Road, Nathan Qld 4111",Gas Supply,21/07/2023,47279,Boc Limited,"Labrador, Qld",No,No,,,,,,,,,380883,,,,,,
,Griffith University,"170 Kessels Road, Nathan Qld 4111",Building Construction & Maintenance,21/07/2023,12870,The Trustee For Fireland Consultancy,"Toombul, Qld",No,No,,,,,,,,,380870,,,,,,
,Griffith University,"170 Kessels Road, Nathan Qld 4111",Laboratory Consumables,22/07/2023,17875,Australian Bay Lobster Producers Limited,"Chinderah, Nsw",No,No,,,,,,,,,2023264,,,,,,
,Griffith University,"170 Kessels Road, Nathan Qld 4111",Consultancy Services,22/07/2023,11220,The Trustee For Granted Group Unit Trust,"Bentleigh, Vic",No,No,,,,,,,,,2021615,,,,,,
,Griffith University,"170 Kessels Road, Nathan Qld 4111",Consultancy Services,22/07/2023,11055,The Trustee For Granted Group Unit Trust,"Bentleigh, Vic",No,No,,,,,,,,,2021616,,,,,,
,Griffith University,"170 Kessels Road, Nathan Qld 4111",Memberships/Subscriptions,23/07/2023,13000,Cooperative Research Centres Association,"Barton, Act",No,No,,,,,,,,,2022602,,,,,,
,Griffith University,"170 Kessels Road, Nathan Qld 4111",Consultancy Services,23/07/2023,14960,Trinity P3 Pty Ltd,"North Sydney, Nsw",No,No,,,,,,,,,2021764,,,,,,
,Griffith University,"170 Kessels Road, Nathan Qld 4111",Equipment Purchase,24/07/2023,12353,Leda Security Products Pty Ltd,"Slacks Creek, Qld",No,No,,,,,,,,,380908,,,,,,
,Griffith University,"170 Kessels Road, Nathan Qld 4111",Scientific Equipment,24/07/2023,38885,Mettler Toledo Limited,"Port Melbourne, Vic",No,No,,,,,,,,,380911,,,,,,
,Griffith University,"170 Kessels Road, Nathan Qld 4111",Chemical/Biological Products,24/07/2023,16919,Thermo Fisher Scientific Australia,"Scoresby, Vic",No,No,,,,,,,,,380907,,,,,,
,Griffith University,"170 Kessels Road, Nathan Qld 4111",Event Expenditure,24/07/2023,33000,W Brisbane,"Brisbane, Qld",No,No,,,,,,,,,380905,,,,,,
,Griffith University,"170 Kessels Road, Nathan Qld 4111",Building Construction & Maintenance,25/07/2023,11275,Amalgamated Property Maint. Brisbane P/L,"Rochedale South, Qld",No,No,,,,,,,,,380957,,,,,,
,Griffith University,"170 Kessels Road, Nathan Qld 4111",Building Construction & Maintenance,25/07/2023,80513,Leda Security Products Pty Ltd,"Slacks Creek, Qld",No,No,,,,,,,,,380948,,,,,,
,Griffith University,"170 Kessels Road, Nathan Qld 4111",Memberships/Subscriptions,25/07/2023,13703,Research Australia,"Darlinghurst, Nsw",No,No,,,,,,,,,2025799,,,,,,
,Griffith University,"170 Kessels Road, Nathan Qld 4111",Subscription/Licence Fees Software,26/07/2023,164588,Idp Education Pty Ltd,"Melbourne, Vic",No,No,,,,,,,,,381001,,,,,,
,Griffith University,"170 Kessels Road, Nathan Qld 4111",Building Construction & Maintenance,26/07/2023,2754739,Premis Solutions Pty Ltd,"Toowong, Qld",No,No,Selective,,,,,,,,380995,,,,,,
,Griffith University,"170 Kessels Road, Nathan Qld 4111",Consultancy Services,26/07/2023,51786,Price Waterhouse Coopers,"Sydney, Nsw",No,No,,,,,,,,,380992,,,,,,
,Griffith University,"170 Kessels Road, Nathan Qld 4111",Building Construction & Maintenance,26/07/2023,39881,Ryan Wilks Pty. Ltd.,"Murarrie, Qld",No,No,,,,,,,,,381014,,,,,,
,Griffith University,"170 Kessels Road, Nathan Qld 4111",Building Construction & Maintenance,26/07/2023,85470,Schneider Electric (Australia) Pty Limit,"Macquarie Park, Nsw",No,No,,,,,,,,,381028,,,,,,
,Griffith University,"170 Kessels Road, Nathan Qld 4111",Consultancy Services,26/07/2023,120252,The Trustee For Davies Family Trust,"Moonee Ponds, Vic",Yes,No,,,,,,,,,381031,,,,,,
,Griffith University,"170 Kessels Road, Nathan Qld 4111",Consultancy Services,26/07/2023,21878,Xzibit Pty Ltd,"Rochedale South, Qld",No,No,,,,,,,,,2021648,,,,,,
,Griffith University,"170 Kessels Road, Nathan Qld 4111",External Course Delivery,27/07/2023,22770,Australian Academy Of Technological,"Melbourne, Vic",No,No,,,,,,,,,2025322,,,,,,
,Griffith University,"170 Kessels Road, Nathan Qld 4111",External Course Delivery,27/07/2023,22770,Australian Academy Of Technological,"Melbourne, Vic",No,No,,,,,,,,,2023709,,,,,,
,Griffith University,"170 Kessels Road, Nathan Qld 4111",Equipment Maintenance,27/07/2023,16819,Bell Spec Pty Ltd T/A Southport Carpets,"Southport, Qld",No,No,,,,,,,,,381065,,,,,,
,Griffith University,"170 Kessels Road, Nathan Qld 4111",Memberships/Subscriptions,27/07/2023,55000,Bionics Queensland,"Ashgrove, Qld",No,No,,,,,,,,,2026278,,,,,,
,Griffith University,"170 Kessels Road, Nathan Qld 4111",Consultancy Services,27/07/2023,389400,Calibre Consulting Group,"St Lucia, Qld",No,No,,,,,,,,,381032,,,,,,
,Griffith University,"170 Kessels Road, Nathan Qld 4111",Equipment Maintenance,27/07/2023,39038,Cmt Equipment,"Tweed Heads South, Nsw",No,No,,,,,,,,,381072,,,,,,
,Griffith University,"170 Kessels Road, Nathan Qld 4111",Patent Application Fee,27/07/2023,18649,Davies Collison Cave Pty Ltd,"Melbourne, Vic",No,No,,,,,,,,,2022129,,,,,,
,Griffith University,"170 Kessels Road, Nathan Qld 4111",Consultancy Services,27/07/2023,13500,Jeevika Weerahewa,Sri Lanka,No,No,,,,,,,,,2025790,,,,,,
,Griffith University,"170 Kessels Road, Nathan Qld 4111",Software Support Maintenance,27/07/2023,37512,"Kinetic Software, Inc.",Usa,No,No,,,,,,,,,381040,,,,,,
,Griffith University,"170 Kessels Road, Nathan Qld 4111",Scientific Equipment,27/07/2023,10747,Medilink Pty Ltd,"Silverwater, Nsw",No,No,,,,,,,,,381059,,,,,,
,Griffith University,"170 Kessels Road, Nathan Qld 4111",Equipment Maintenance,27/07/2023,11457,Steadfast Projects Pty Ltd,"Upper Kedron, Qld",No,No,,,,,,,,,381064,,,,,,
,Griffith University,"170 Kessels Road, Nathan Qld 4111",Building Construction & Maintenance,27/07/2023,28508,Value Added Asset Management Pty Ltd,"Darra, Qld",No,No,,,,,,,,,381061,,,,,,
,Griffith University,"170 Kessels Road, Nathan Qld 4111",Building Construction & Maintenance,27/07/2023,14813,Value Added Asset Management Pty Ltd,"Darra, Qld",No,No,,,,,,,,,381062,,,,,,
,Griffith University,"170 Kessels Road, Nathan Qld 4111",Building Construction & Maintenance,27/07/2023,17497,Value Added Asset Management Pty Ltd,"Darra, Qld",No,No,,,,,,,,,381063,,,,,,
,Griffith University,"170 Kessels Road, Nathan Qld 4111",Building Construction & Maintenance,28/07/2023,37153,A Noble Event Australia,"Eight Mile Plains, Qld",No,No,,,,,,,,,381087,,,,,,
,Griffith University,"170 Kessels Road, Nathan Qld 4111",Consultancy Services,28/07/2023,64500,Donna Louise Loveridge,Vic,No,No,,,,,,,,,381089 385589,,,,,,
,Griffith University,"170 Kessels Road, Nathan Qld 4111",Equipment Maintenance,28/07/2023,12100,John Morris Scientific Pty Ltd,"Willoughby, Nsw",No,No,,,,,,,,,381093,,,,,,
,Griffith University,"170 Kessels Road, Nathan Qld 4111",Building Construction & Maintenance,28/07/2023,37032,La Boite Theatre Ltd,"Red Hill, Qld",No,No,,,,,,,,,2026520,,,,,,
,Griffith University,"170 Kessels Road, Nathan Qld 4111",Conference Expenses,30/07/2023,23032,Australian Human Resources Institute,"Melbourne, Vic",No,No,,,,,,,,,2024288,,,,,,
,Griffith University,"170 Kessels Road, Nathan Qld 4111",Reference Materials,30/07/2023,30000,Kanopy,Usa,No,No,,,,,,,,,2023813,,,,,,
,Griffith University,"170 Kessels Road, Nathan Qld 4111",Reference Materials,30/07/2023,45477,Proquest Llc,Usa,No,No,,,,,,,,,2022783,,,,,,
,Griffith University,"170 Kessels Road, Nathan Qld 4111",Recruitment/Placement Fees,31/07/2023,31680,Capstone Recruitment Qld Pty Ltd,"Brisbane, Qld",No,No,,,,,,,,,381165,,,,,,
,Griffith University,"170 Kessels Road, Nathan Qld 4111",Chemical/Biological Products,31/07/2023,55000,Garvan Institute,"Darlinghurst, Nsw",No,No,,,,,,,,,381166,,,,,,
,Griffith University,"170 Kessels Road, Nathan Qld 4111",Memberships/Subscriptions,31/07/2023,13750,Gold Coast Education And Training Netw,"Southport, Qld",No,No,,,,,,,,,2023193,,,,,,
,Griffith University,"170 Kessels Road, Nathan Qld 4111",Subscription/Licence Fees Software,31/07/2023,30993,Greenhills Media Pty Ltd,"Briar Hill, Vic",No,No,,,,,,,,,381128,,,,,,
,Griffith University,"170 Kessels Road, Nathan Qld 4111",Chemical/Biological Products,31/07/2023,55000,Monash University,"Melbourne, Vic",No,No,,,,,,,,,381167,,,,,,
,Griffith University,"170 Kessels Road, Nathan Qld 4111",Consultancy Services,31/07/2023,16390,The Global Society Pty. Ltd.,"Frenchs Forest, Nsw",No,No,,,,,,,,,2026785,,,,,,
,Griffith University,"170 Kessels Road, Nathan Qld 4111",Building Construction & Maintenance,1/08/2023,11901,A1 Building & Property Solutions Pty Ltd,"The Gap, Qld",No,No,,,,,,,,,381185,,,,,,
,Griffith University,"170 Kessels Road, Nathan Qld 4111",Building Construction & Maintenance,1/08/2023,10425,A1 Building & Property Solutions Pty Ltd,"The Gap, Qld",No,No,,,,,,,,,381187,,,,,,
,Griffith University,"170 Kessels Road, Nathan Qld 4111",Building Construction & Maintenance,1/08/2023,13010,A1 Building & Property Solutions Pty Ltd,"The Gap, Qld",No,No,,,,,,,,,381188,,,,,,
,Griffith University,"170 Kessels Road, Nathan Qld 4111",Building Construction & Maintenance,1/08/2023,12650,E.D.C. Systems Pty Ltd,"Cannon Hill, Qld",No,No,,,,,,,,,381186,,,,,,
,Griffith University,"170 Kessels Road, Nathan Qld 4111",Equipment Purchase,1/08/2023,161393,John Morris Scientific Pty Ltd,"Willoughby, Nsw",No,No,,,,,,,,,381196,,,,,,
,Griffith University,"170 Kessels Road, Nathan Qld 4111",Commission Payment,1/08/2023,4490823,Open Universities Australia,"Melbourne, Vic",No,No,Limited,b - (iii) The absence of competition for technical reasons which can only be supplied by a particular supplier and no reasonable alternative exists,,,,,,,"2027017 20233700 204798, 2053647, 2058574",,,,,,
,Griffith University,"170 Kessels Road, Nathan Qld 4111",Consultancy Services,1/08/2023,14520,Queensland Tertiary Admissions Centre Lt,"Milton, Qld",No,No,,,,,,,,,2027011,,,,,,
,Griffith University,"170 Kessels Road, Nathan Qld 4111",Laboratory Consumables,1/08/2023,25000,Specialist Mri Services And Consulting P,"Mermaid Beach, Qld",No,No,,,,,,,,,2027065,,,,,,
,Griffith University,"170 Kessels Road, Nathan Qld 4111",Marketing Fees,1/08/2023,1375000,Valiant Hire,"Pinkenba, Qld",No,No,Open,,,,,,,,GU-1785,,,,,,
,Griffith University,"170 Kessels Road, Nathan Qld 4111",Event Expenditure,2/08/2023,55000,Brisbane Convention And Exhibition Centr,"Brisbane, Qld",No,No,,,,,,,,,381229,,,,,,
,Griffith University,"170 Kessels Road, Nathan Qld 4111",Subscription/Licence Fees Software,2/08/2023,15665,Data #3 Limited,"Indooroopilly, Qld",No,No,,,,,,,,,381232,,,,,,
,Griffith University,"170 Kessels Road, Nathan Qld 4111",Scientific Equipment,2/08/2023,97172,Deep Trekker Inc.,Canada,No,No,,,,,,,,,381207,,,,,,
,Griffith University,"170 Kessels Road, Nathan Qld 4111",Consultancy Services,2/08/2023,14025,Dimity Adams Psychology Pty Ltd,"Moggill, Qld",No,No,,,,,,,,,381215,,,,,,
,Griffith University,"170 Kessels Road, Nathan Qld 4111",Consultancy Services,2/08/2023,47300,Modus Management Pty Ltd,"Carindale, Qld",No,No,,,,,,,,,2023011,,,,,,
,Griffith University,"170 Kessels Road, Nathan Qld 4111",Event Expenditure,2/08/2023,18920,Novotel Surfers Paradise,"Frenchs Forest, Nsw",No,No,,,,,,,,,381213,,,,,,
,Griffith University,"170 Kessels Road, Nathan Qld 4111",Consultancy Services,2/08/2023,14850,Savills Valuations Pty Ltd,"Sydney, Nsw",yes,No,,,,,,,,,381242,,,,,,
,Griffith University,"170 Kessels Road, Nathan Qld 4111",Marketing Fees,2/08/2023,13178,The School Locker,"Eight Mile Plains, Qld",No,No,,,,,,,,,2031235,,,,,,
,Griffith University,"170 Kessels Road, Nathan Qld 4111",External Course Delivery,3/08/2023,31814,Community Power Agency Co-Operative Limi,"Chippendale, Nsw",No,No,,,,,,,,,2023654,,,,,,
,Griffith University,"170 Kessels Road, Nathan Qld 4111",Subscription/Licence Fees Software,3/08/2023,208095,Higher Ed Services Pty Ltd,"Sydney, Nsw",No,No,,,,,,,,,381278,,,,,,
,Griffith University,"170 Kessels Road, Nathan Qld 4111",Building Construction & Maintenance,3/08/2023,106370,Steadfast Projects Pty Ltd,"Upper Kedron, Qld",Yes,No,,,,,,,,,381293,,,,,,
,Griffith University,"170 Kessels Road, Nathan Qld 4111",Equipment Purchase,3/08/2023,29136,Thermo Fisher Scientific Australia,"Scoresby, Vic",No,No,,,,,,,,,381262,,,,,,
,Griffith University,"170 Kessels Road, Nathan Qld 4111",Consultancy Services,4/08/2023,11000,Australian National University,"Acton, Act",No,No,,,,,,,,,381315,,,,,,
,Griffith University,"170 Kessels Road, Nathan Qld 4111",Vehicle Acquisition,4/08/2023,57297,Grand Motors,"Gold Coast, Qld",No,No,,,,,,,,,381328,,,,,,
,Griffith University,"170 Kessels Road, Nathan Qld 4111",Vehicle Acquisition,4/08/2023,165081,Hinterland Motors Pty. Ltd.,"Woolloongabba, Qld",No,No,,,,,,,,,381331,,,,,,
,Griffith University,"170 Kessels Road, Nathan Qld 4111",Laboratory Consumables,4/08/2023,19800,Labco Scientific Pty Ltd,"Brendale BC, Qld",No,No,,,,,,,,,381302,,,,,,
,Griffith University,"170 Kessels Road, Nathan Qld 4111",Consultancy Services,4/08/2023,85800,Qcif,"St Lucia, Qld",No,No,,,,,,,,,2064171 2027882,,,,,,
,Griffith University,"170 Kessels Road, Nathan Qld 4111",Conference Expenses,5/08/2023,12705,Michael & Lynette R Stephens,Queensland,No,No,,,,,,,,,2024466,,,,,,
,Griffith University,"170 Kessels Road, Nathan Qld 4111",Marketing Fees,5/08/2023,127484,Valiant Hire,"Pinkenba, Qld",No,No,,,,,,,,,2026519,,,,,,
,Griffith University,"170 Kessels Road, Nathan Qld 4111",Printing Expenses,6/08/2023,30102,Ravel Studios,"Burleigh Waters, Qld",No,No,,,,,,,,,2024523 2027661 2032990,,,,,,
,Griffith University,"170 Kessels Road, Nathan Qld 4111",Equipment Maintenance,7/08/2023,13452,Beckman Coulter Australia P/L,"Lane Cove, Nsw",No,No,,,,,,,,,381376,,,,,,
,Griffith University,"170 Kessels Road, Nathan Qld 4111",Equipment Maintenance,7/08/2023,20900,Evident Australia Pty Ltd,"Macquarie Park, NSW",No,No,,,,,,,,,381367,,,,,,
,Griffith University,"170 Kessels Road, Nathan Qld 4111",Software Support Maintenance,7/08/2023,58388,Lennox Computer,"Banyo, Qld",No,No,,,,,,,,,2027072 2043441 2062995 2071874,,,,,,
,Griffith University,"170 Kessels Road, Nathan Qld 4111",Memberships/Subscriptions,7/08/2023,44000,Higher Ed Services Pty Ltd,"Sydney, Nsw",Yes,No,,,,,,,,,2051008 2097243 2155771,,,,,,
,Griffith University,"170 Kessels Road, Nathan Qld 4111",Building Construction & Maintenance,8/08/2023,96138,Bvn Architecture Pty Ltd,"Brisbane, Qld",Yes,No,,,,,,,,,381405,,,,,,
,Griffith University,"170 Kessels Road, Nathan Qld 4111",Building Construction & Maintenance,8/08/2023,13043,Dewpoint Air,"Newmarket, Qld",No,No,,,,,,,,,381415,,,,,,
,Griffith University,"170 Kessels Road, Nathan Qld 4111",Consultancy Services,8/08/2023,26400,Resilient Projects Pty. Ltd.,"Kirwan, Qld",No,No,,,,,,,,,381411,,,,,,
,Griffith University,"170 Kessels Road, Nathan Qld 4111",Security Services,8/08/2023,138773,Spotless Facility Services Pty Ltd,"Melbourne, Vic",No,No,,,,,,,,,381414,,,,,,
,Griffith University,"170 Kessels Road, Nathan Qld 4111",Building Construction & Maintenance,9/08/2023,19250,Bennett And Bennett Group,"Centre, Qld",No,No,,,,,,,,,2023856,,,,,,
,Griffith University,"170 Kessels Road, Nathan Qld 4111",Consultancy Services,9/08/2023,194040,Decipher Bureau Qld Pty Ltd,"Bowen Hills, Qld",No,No,,,,,,,,,381520,,,,,,
,Griffith University,"170 Kessels Road, Nathan Qld 4111",Scientific Equipment,9/08/2023,12238,Device Technologies Australia,"Frenchs Forest, Nsw",No,No,,,,,,,,,381511,,,,,,
,Griffith University,"170 Kessels Road, Nathan Qld 4111",Subscription/Licence Fees Software,9/08/2023,11320,Genie Solutions Pty Ltd,"Brisbane, Qld",No,No,,,,,,,,,381465,,,,,,
,Griffith University,"170 Kessels Road, Nathan Qld 4111",Memberships/Subscriptions,9/08/2023,498001,Qcif,"St Lucia, Qld",No,No,,,,,,,,,2028577,,,,,,
,Griffith University,"170 Kessels Road, Nathan Qld 4111",Consultancy Services,9/08/2023,194231,Randstad Pty Limited,"Northgate, Qld",No,No,,,,,,,,,381512,,,,,,
,Griffith University,"170 Kessels Road, Nathan Qld 4111",Equipment Maintenance,9/08/2023,67491,Revvity Pty. Ltd.,"Mulgrave, Vic",No,No,,,,,,,,,381468,,,,,,
,Griffith University,"170 Kessels Road, Nathan Qld 4111",Audio Visual Equipment,10/08/2023,13412,Allied Technologies Australia Pty Ltd,"Newstead, Qld",No,No,,,,,,,,,381525,,,,,,
,Griffith University,"170 Kessels Road, Nathan Qld 4111",Security Services,10/08/2023,109626,Bartco Traffic Equipment Pty. Ltd.,"Melbourne, Vic",No,No,,,,,,,,,381573,,,,,,
,Griffith University,"170 Kessels Road, Nathan Qld 4111",External Course Delivery,10/08/2023,18864,Corporate Prepaid Cards Pty Ltd,"Balmain, Nsw",No,No,,,,,,,,,2024059,,,,,,
,Griffith University,"170 Kessels Road, Nathan Qld 4111",Building Construction & Maintenance,10/08/2023,17325,Crown Mechanical Electrical Pty Ltd,"Rochedale South, Qld",No,No,,,,,,,,,381528,,,,,,
,Griffith University,"170 Kessels Road, Nathan Qld 4111",Building Construction & Maintenance,10/08/2023,1777852,Ds Energy,"Northgate, Qld",No,No,Selective,,,,,,,,381547,,,,,,
,Griffith University,"170 Kessels Road, Nathan Qld 4111",Marketing Fees,10/08/2023,16225,Team Alpha Australia,"Rochedale South, Qld",No,No,,,,,,,,,2027594,,,,,,
,Griffith University,"170 Kessels Road, Nathan Qld 4111",Legal Fees,10/08/2023,20350,The Trustee For The Worklogic Unit Trust,"Melbourne, Vic",No,No,,,,,,,,,381548,,,,,,
,Griffith University,"170 Kessels Road, Nathan Qld 4111",Consultancy Services,11/08/2023,13750,Equity By Design Pty Ltd,"Newstead, Qld",No,No,,,,,,,,,381613,,,,,,
,Griffith University,"170 Kessels Road, Nathan Qld 4111",Chemical/Biological Products,11/08/2023,23172,Scientifix Pty Ltd,"Clayton, Vic",No,No,,,,,,,,,381605,,,,,,
,Griffith University,"170 Kessels Road, Nathan Qld 4111",Consultancy Services,12/08/2023,22000,Channel Marketing Group Pty Ltd,"Main Beach, Qld",yes,No,,,,,,,,,2025693 2054073,,,,,,
,Griffith University,"170 Kessels Road, Nathan Qld 4111",Event Expenditure,14/08/2023,11000,Kerry Michael O'Brien,Nsw,No,No,,,,,,,,,2029337,,,,,,
,Griffith University,"170 Kessels Road, Nathan Qld 4111",Building Construction & Maintenance,14/08/2023,166100,Turner & Townsend Project Management Pty,"Brisbane, Qld",No,No,,,,,,,,,381652,,,,,,
,Griffith University,"170 Kessels Road, Nathan Qld 4111",Consultancy Services,15/08/2023,304920,Arup Australia Pty Ltd,"Millers Point, Nsw",No,No,,,,,,,,,381661,,,,,,
,Griffith University,"170 Kessels Road, Nathan Qld 4111",Audio Visual Equipment,15/08/2023,35246,Diversified,"Northcote, Vic",No,No,,,,,,,,,381691,,,,,,
,Griffith University,"170 Kessels Road, Nathan Qld 4111",Equipment Maintenance,15/08/2023,18842,Edwards Vacuum Australia,"The Gap, Qld",No,No,,,,,,,,,381692,,,,,,
,Griffith University,"170 Kessels Road, Nathan Qld 4111",Subscription/Licence Fees Software,15/08/2023,19477,Gecko Labs Ltd,"Sydney, Nsw",No,No,,,,,,,,,381666,,,,,,
,Griffith University,"170 Kessels Road, Nathan Qld 4111",Scientific Equipment,15/08/2023,109120,Instron A Division Of Itw Australia Pty,"Springwood, Qld",No,No,,,,,,,,,381660,,,,,,
,Griffith University,"170 Kessels Road, Nathan Qld 4111",Marketing Fees,15/08/2023,293095,Prodigious Brand Logistics,"Tweed Heads, Nsw",No,No,,,,,,,,,381676 385786 381675 382710,,,,,,
,Griffith University,"170 Kessels Road, Nathan Qld 4111",Consultancy Services,15/08/2023,204050,Turner & Townsend Pty Ltd,"Brisbane, Qld",No,No,,,,,,,,,381658,,,,,,
,Griffith University,"170 Kessels Road, Nathan Qld 4111",Office Equipment,15/08/2023,17259,Uci (Qld) Pty Ltd,"Bowen Hills, Qld",No,No,,,,,,,,,381686,,,,,,
,Griffith University,"170 Kessels Road, Nathan Qld 4111",Homestay Expenses,15/08/2023,30400,Unique Australian Holidays Pty Ltd,"Burleigh Heads, Qld",No,No,,,,,,,,,2029084,,,,,,
,Griffith University,"170 Kessels Road, Nathan Qld 4111",Audio Visual Equipment,15/08/2023,10420,Videopro Pty Ltd,"Eagle Farm, Qld",No,No,,,,,,,,,381673,,,,,,
,Griffith University,"170 Kessels Road, Nathan Qld 4111",Consultancy Services,16/08/2023,604010,Cox Rayner Architects,"Brisbane, Qld",No,No,Selective,,,,,,,,381695,,,,,,
,Griffith University,"170 Kessels Road, Nathan Qld 4111",Consultancy Services,17/08/2023,41803,Alluvium Consulting Australia Pty Ltd,"Cremorne, Vic",No,No,,,,,,,,,381708,,,,,,
,Griffith University,"170 Kessels Road, Nathan Qld 4111",Subscription/Licence Fees Software,17/08/2023,57241,Data #3 Limited,"Indooroopilly, Qld",No,No,,,,,,,,,381740,,,,,,
,Griffith University,"170 Kessels Road, Nathan Qld 4111",Consultancy Services,17/08/2023,12980,Denise Margaret Hatzis,Queensland,No,No,,,,,,,,,381703,,,,,,
,Griffith University,"170 Kessels Road, Nathan Qld 4111",Memberships/Subscriptions,17/08/2023,54679,University Admissions Centre (Nsw & Act),"Silverwater, Nsw",No,No,,,,,,,,,2030579 2063476,,,,,,
,Griffith University,"170 Kessels Road, Nathan Qld 4111",Building Construction & Maintenance,18/08/2023,12687,A1 Building & Property Solutions Pty Ltd,"The Gap, Qld",No,No,,,,,,,,,381768,,,,,,
,Griffith University,"170 Kessels Road, Nathan Qld 4111",Building Construction & Maintenance,18/08/2023,16015,Elite Office Furniture,"The Gap, Qld",No,No,,,,,,,,,381795,,,,,,
,Griffith University,"170 Kessels Road, Nathan Qld 4111",Building Construction & Maintenance,18/08/2023,67430,Mctaggart Plumbing Pty Ltd,"Petrie, Qld",No,No,,,,,,,,,381769,,,,,,
,Griffith University,"170 Kessels Road, Nathan Qld 4111",Subscription/Licence Fees Software,18/08/2023,55506,"Medrio, Inc.","Bowen Hills, Qld",No,No,,,,,,,,,381762,,,,,,
,Griffith University,"170 Kessels Road, Nathan Qld 4111",Consultancy Services,18/08/2023,16772,More Partnership Limited,Scotland,No,No,,,,,,,,,2025798,,,,,,
,Griffith University,"170 Kessels Road, Nathan Qld 4111",Conference Expenses,18/08/2023,13200,Opteon,"Frenchs Forest, Nsw",No,No,,,,,,,,,381783,,,,,,
,Griffith University,"170 Kessels Road, Nathan Qld 4111",Marketing Fees,18/08/2023,47300,The Trustee For Srko Family Trust,"Cannon Hill, Qld",Yes,No,,,,,,,,,381764,,,,,,
,Griffith University,"170 Kessels Road, Nathan Qld 4111",Equipment Maintenance,18/08/2023,40451,The Trustee For The Osp-Orbi Specialised,"Kings Park, Nsw",No,No,,,,,,,,,2033398 2034487 2034488,,,,,,
,Griffith University,"170 Kessels Road, Nathan Qld 4111",Scientific Equipment,19/08/2023,41307,Emona Instruments Pty Ltd,"Rocklea, Qld",No,No,,,,,,,,,381806,,,,,,
,Griffith University,"170 Kessels Road, Nathan Qld 4111",Consultancy Services,20/08/2023,15661,The Trustee For Missy Moo Family Trust,"Freshwater, Qld",No,No,,,,,,,,,2025808,,,,,,
,Griffith University,"170 Kessels Road, Nathan Qld 4111",Scientific Equipment,21/08/2023,21962,Bio-Strategy Pty Limited,"Campbellfield, Vic",No,No,,,,,,,,,381821,,,,,,
,Griffith University,"170 Kessels Road, Nathan Qld 4111",Staff Development,21/08/2023,19932,Escalate Consulting Pty Ltd,"Tarragindi, Qld",No,No,,,,,,,,,2031396,,,,,,
,Griffith University,"170 Kessels Road, Nathan Qld 4111",Subscription/Licence Fees Software,21/08/2023,100371,Footprint Coaching And Consulting Pty Lt,"Lane Cove, Nsw",No,No,,,,,,,,,381810,,,,,,
,Griffith University,"170 Kessels Road, Nathan Qld 4111",Scientific Equipment,21/08/2023,201779,Freedspace Pty Ltd,"Footscray, Vic",No,No,,,,,,,,,381844,,,,,,
,Griffith University,"170 Kessels Road, Nathan Qld 4111",Consultancy Services,21/08/2023,10489,Jennifer Carpenter,Uk,No,No,,,,,,,,,381812,,,,,,
,Griffith University,"170 Kessels Road, Nathan Qld 4111",Marketing Fees,21/08/2023,14307,Linkedin Singapore Pte Ltd,Singapore,No,No,,,,,,,,,381829,,,,,,
,Griffith University,"170 Kessels Road, Nathan Qld 4111",Marketing Fees,21/08/2023,29755,Richmond Signs & Designs,"Southport, Qld",No,No,,,,,,,,,2029994,,,,,,
,Griffith University,"170 Kessels Road, Nathan Qld 4111",Marketing Fees,21/08/2023,27436,Richmond Signs & Designs,"Southport, Qld",No,No,,,,,,,,,2029996,,,,,,
,Griffith University,"170 Kessels Road, Nathan Qld 4111",Marketing Fees,21/08/2023,11000,Unijobs Global Pty Ltd,"Brighton, Vic",No,No,,,,,,,,,381828,,,,,,
,Griffith University,"170 Kessels Road, Nathan Qld 4111",Marketing Fees,22/08/2023,18326,Lovework Studio Pty Ltd,"Woody Point, Qld",No,No,,,,,,,,,381890,,,,,,
,Griffith University,"170 Kessels Road, Nathan Qld 4111",Consultancy Services,22/08/2023,19305,Mariachi Creative,Qld,No,No,,,,,,,,,2032967 2038326 2041704,,,,,,
,Griffith University,"170 Kessels Road, Nathan Qld 4111",Consultancy Services,22/08/2023,186505,Professional Development Consulting,"Northcote, Vic",No,No,,,,,,,,,381864,,,,,,
,Griffith University,"170 Kessels Road, Nathan Qld 4111",Security Services,22/08/2023,11586,Security & Technology Services (Sq) P/L,"Tingalpa, Qld",No,No,,,,,,,,,381863,,,,,,
,Griffith University,"170 Kessels Road, Nathan Qld 4111",Building Construction & Maintenance,23/08/2023,31779,Airmaster Corporation Pty Ltd,"Mansfield, Qld",No,No,,,,,,,,,381895,,,,,,
,Griffith University,"170 Kessels Road, Nathan Qld 4111",Laboratory Consumables,23/08/2023,77000,Digital Dental Laboratories Pty Ltd,"Tweed Heads, Nsw",No,No,,,,,,,,,381907,,,,,,
,Griffith University,"170 Kessels Road, Nathan Qld 4111",Building Construction & Maintenance,23/08/2023,1140496,Eve Australia Pty Ltd,"Rydalmere, Nsw",No,No,Selective,,,,,,,,381909,,,,,,
,Griffith University,"170 Kessels Road, Nathan Qld 4111",Event Expenditure,23/08/2023,88000,Gema Catering & Events,"Brisbane, Qld",No,No,,,,,,,,,381904,,,,,,
,Griffith University,"170 Kessels Road, Nathan Qld 4111",Marketing Fees,23/08/2023,20075,Go Transit Australia,"Maroochydore, Qld",No,No,,,,,,,,,2030837,,,,,,
,Griffith University,"170 Kessels Road, Nathan Qld 4111",Building Construction & Maintenance,23/08/2023,2209110,Shape Australia (Qld) Pty Limited,"Brisbane, Qld",No,No,Selective,,,,,,,,381922,,,,,,
,Griffith University,"170 Kessels Road, Nathan Qld 4111",Equipment Maintenance,24/08/2023,14005,Allied Technologies Australia Pty Ltd,"Newstead, Qld",No,No,,,,,,,,,381943,,,,,,
,Griffith University,"170 Kessels Road, Nathan Qld 4111",Subscription/Licence Fees Software,24/08/2023,105207,Data #3 Limited,"Indooroopilly, Qld",No,No,,,,,,,,,381956,,,,,,
,Griffith University,"170 Kessels Road, Nathan Qld 4111",Marketing Fees,24/08/2023,13310,Springer Nature Limited,London,No,No,,,,,,,,,381941,,,,,,
,Griffith University,"170 Kessels Road, Nathan Qld 4111",Building Construction & Maintenance,24/08/2023,17473,Steadfast Projects Pty Ltd,"Upper Kedron, Qld",No,No,,,,,,,,,381968,,,,,,
,Griffith University,"170 Kessels Road, Nathan Qld 4111",Conference Expenses,24/08/2023,30577,Vientiane Investment And Development Co.,"Vientiane, Laos",No,No,,,,,,,,,2027026,,,,,,
,Griffith University,"170 Kessels Road, Nathan Qld 4111",Consultancy Services,25/08/2023,49500,Aptonow Pty Ltd,"Camberwell, Vic",No,No,,,,,,,,,382010,,,,,,
,Griffith University,"170 Kessels Road, Nathan Qld 4111",Memberships/Subscriptions,25/08/2023,23513,Gartner Australasia Pty Limited,"Campbellfield, Vic",No,No,,,,,,,,,382000,,,,,,
,Griffith University,"170 Kessels Road, Nathan Qld 4111",Subscription/Licence Fees Software,25/08/2023,15582,In-Part Publishing Ltd,"Brisbane, Qld",No,No,,,,,,,,,382012,,,,,,
,Griffith University,"170 Kessels Road, Nathan Qld 4111",Building Construction & Maintenance,28/08/2023,16830,Amalgamated Property Maint. Brisbane P/L,"Rochedale South, Qld",No,No,,,,,,,,,382017,,,,,,
,Griffith University,"170 Kessels Road, Nathan Qld 4111",Subscription/Licence Fees Software,28/08/2023,27000,Digicert Ireland Limited,Ireland,No,No,,,,,,,,,GU-286,,,,,,
,Griffith University,"170 Kessels Road, Nathan Qld 4111",Consultancy Services,28/08/2023,214500,Isentia Pty Ltd,"Rochedale South, Qld",No,No,,,,,,,,,382040,,,,,,
,Griffith University,"170 Kessels Road, Nathan Qld 4111",Building Construction & Maintenance,28/08/2023,15884,Steadfast Projects Pty Ltd,"Upper Kedron, Qld",No,No,,,,,,,,,382039,,,,,,
,Griffith University,"170 Kessels Road, Nathan Qld 4111",Event Expenditure,28/08/2023,25072,Thrl Pty Ltd,"Grandchester, Qld",No,No,,,,,,,,,2018393,,,,,,
,Griffith University,"170 Kessels Road, Nathan Qld 4111",Pathology Expenditure,29/08/2023,37854,Australian Genome Research Facility Ltd,"St Lucia, Qld",No,No,,,,,,,,,382117,,,,,,
,Griffith University,"170 Kessels Road, Nathan Qld 4111",External Course Delivery,29/08/2023,36368,Corporate Prepaid Cards Pty Ltd,"Balmain, Nsw",No,No,,,,,,,,,2027829,,,,,,
,Griffith University,"170 Kessels Road, Nathan Qld 4111",Scientific Equipment,29/08/2023,23178,Eppendorf South Pacific Pty Ltd,"North Ryde, Nsw",No,No,,,,,,,,,382079,,,,,,
,Griffith University,"170 Kessels Road, Nathan Qld 4111",Consultancy Services,29/08/2023,557150,Focus Professional Services Pty Ltd,"Brisbane, Qld",Yes,No,Selective,,,,,,,,382125 393177,,,,,,
,Griffith University,"170 Kessels Road, Nathan Qld 4111",Consultancy Services,29/08/2023,11000,Omniadvisory Consulting,Queensland,No,No,,,,,,,,,382081,,,,,,
,Griffith University,"170 Kessels Road, Nathan Qld 4111",Building Construction & Maintenance,30/08/2023,39925,Biofast Pty Ltd,"Keysborough, Vic",No,No,,,,,,,,,382140,,,,,,
,Griffith University,"170 Kessels Road, Nathan Qld 4111",Building Construction & Maintenance,30/08/2023,143281,In Vitro Technologies Pty Ltd,"Noble Park, Vic",No,No,,,,,,,,,382168,,,,,,
,Griffith University,"170 Kessels Road, Nathan Qld 4111",Travel Expenses,30/08/2023,13558,Ironhorse Aviation Pty Ltd,"Julatten, Qld",No,No,,,,,,,,,2032991,,,,,,
,Griffith University,"170 Kessels Road, Nathan Qld 4111",Building Construction & Maintenance,30/08/2023,18811,Logical Line Marking,"Underwood, Qld",No,No,,,,,,,,,382180,,,,,,
,Griffith University,"170 Kessels Road, Nathan Qld 4111",Event Expenditure,30/08/2023,17930,Tasty Pictures (Qld) Pty Ltd,"West End, Qld",No,No,,,,,,,,,382136,,,,,,
,Griffith University,"170 Kessels Road, Nathan Qld 4111",Marketing Fees,31/08/2023,11000,Chimera Project,"Everton Hills, Qld",No,No,,,,,,,,,382219,,,,,,
,Griffith University,"170 Kessels Road, Nathan Qld 4111",Vehicle Acquisition,31/08/2023,87893,Cricks Springwood Pty Limited,"Springwood, Qld",No,No,,,,,,,,,382217,,,,,,
,Griffith University,"170 Kessels Road, Nathan Qld 4111",Consultancy Services,31/08/2023,400345,Decipher Bureau Qld Pty Ltd,"Bowen Hills, Qld",Yes,No,,,,,,,,,382188,,,,,,
,Griffith University,"170 Kessels Road, Nathan Qld 4111",Patent Application Fee,31/08/2023,22624,Fb Rice Pty Ltd,"Sydney, Nsw",No,No,,,,,,,,,2027663,,,,,,
,Griffith University,"170 Kessels Road, Nathan Qld 4111",Recruitment/Placement Fees,31/08/2023,58300,Robinson Fitzgerald Pty Ltd,"Greenslopes, Qld",No,No,,,,,,,,,382218,,,,,,
,Griffith University,"170 Kessels Road, Nathan Qld 4111",Memberships/Subscriptions,31/08/2023,69510,The Conversation Media Group,"Melbourne, Vic",No,No,,,,,,,,,2032529,,,,,,
,Griffith University,"170 Kessels Road, Nathan Qld 4111",Consultancy Services,1/09/2023,13816,Molly Mccarthy,Vic,No,No,,,,,,,,,2033343,,,,,,
,Griffith University,"170 Kessels Road, Nathan Qld 4111",Equipment Purchase,2/09/2023,280593,Emtek Furniture,"Deception Bay, Qld",No,No,,,,,,,,,382247,,,,,,
,Griffith University,"170 Kessels Road, Nathan Qld 4111",Audio Visual Equipment,4/09/2023,21721,Allied Technologies Australia Pty Ltd,"Newstead, Qld",No,No,,,,,,,,,382254,,,,,,
,Griffith University,"170 Kessels Road, Nathan Qld 4111",Building Construction & Maintenance,4/09/2023,20755,Energized Electrical And Communication S,"Morningside, Qld",No,No,,,,,,,,,382261,,,,,,
,Griffith University,"170 Kessels Road, Nathan Qld 4111",Consultancy Services,4/09/2023,42000,Katherine Michelle Bradley,Nsw,No,No,,,,,,,,,GU-1982,,,,,,
,Griffith University,"170 Kessels Road, Nathan Qld 4111",Subscription/Licence Fees Software,4/09/2023,11734,Logemas Pty Ltd,"Albion, Qld",No,No,,,,,,,,,382251,,,,,,
,Griffith University,"170 Kessels Road, Nathan Qld 4111",Computer Equipment,4/09/2023,17596,The School Locker,"Eight Mile Plains, Qld",No,No,,,,,,,,,382274,,,,,,
,Griffith University,"170 Kessels Road, Nathan Qld 4111",Building Construction & Maintenance,5/09/2023,95893,Amalgamated Property Maint. Brisbane P/L,"Rochedale South, Qld",No,No,,,,,,,,,382299,,,,,,
,Griffith University,"170 Kessels Road, Nathan Qld 4111",Event Expenditure,5/09/2023,17600,Intercontinental Sanctuary Cove Resort,"Sanctuary Cove, Qld",No,No,,,,,,,,,382300,,,,,,
,Griffith University,"170 Kessels Road, Nathan Qld 4111",Building Construction & Maintenance,5/09/2023,59144,Premier Lockers,"North Sydney, Nsw",No,No,,,,,,,,,382319,,,,,,
,Griffith University,"170 Kessels Road, Nathan Qld 4111",Marketing Fees,5/09/2023,44831,Uluyan 75 Pty Ltd,"Frenchville, Qld",No,No,,,,,,,,,385861,,,,,,
,Griffith University,"170 Kessels Road, Nathan Qld 4111",Software Support Maintenance,6/09/2023,223133,Equate Technologies Pty Ltd,"Brisbane, Qld",No,No,,,,,,,,,382381,,C00592,,,,
,Griffith University,"170 Kessels Road, Nathan Qld 4111",Travel Expenses,6/09/2023,14058,Kingsley'S Helicopters Pty Ltd,"Cairns, Qld",No,No,,,,,,,,,2031008,,,,,,
,Griffith University,"170 Kessels Road, Nathan Qld 4111",Building Construction & Maintenance,6/09/2023,26180,Nutbrook Engineering Group Pty Limited,"North Sydney, Nsw",No,No,,,,,,,,,382384,,,,,,
,Griffith University,"170 Kessels Road, Nathan Qld 4111",Recruitment/Placement Fees,7/09/2023,63800,Alumni Executive Search Australia Pty Lt,"Sydney, Nsw",No,No,,,,,,,,,382394,,,,,,
,Griffith University,"170 Kessels Road, Nathan Qld 4111",Event Expenditure,7/09/2023,15670,Mantra On Salt Beach,"Kingscliff, Nsw",No,No,,,,,,,,,382424,,,,,,
,Griffith University,"170 Kessels Road, Nathan Qld 4111",External Course Delivery,8/09/2023,33455,Corporate Prepaid Cards Pty Ltd,"Balmain, Nsw",No,No,,,,,,,,,2028858,,,,,,
,Griffith University,"170 Kessels Road, Nathan Qld 4111",Computer Equipment,8/09/2023,13689,Jb Hi Fi Group Pty Ltd,"Macgregor, Qld",No,No,,,,,,,,,382447,,,,,,
,Griffith University,"170 Kessels Road, Nathan Qld 4111",Event Expenditure,8/09/2023,13020,Mantra On Salt Beach,"Kingscliff, Nsw",No,No,,,,,,,,,382442,,,,,,
,Griffith University,"170 Kessels Road, Nathan Qld 4111",Marketing Fees,8/09/2023,16533,Pivotal Agency Pty Ltd,"Oxenford, Qld",No,No,,,,,,,,,382465,,,,,,
,Griffith University,"170 Kessels Road, Nathan Qld 4111",Building Construction & Maintenance,8/09/2023,131171,Roadtek,"Nerang, Qld",No,No,,,,,,,,,2032414,,,,,,
,Griffith University,"170 Kessels Road, Nathan Qld 4111",Security Services,8/09/2023,225995,Securcom Pty Ltd,"Brendale, Qld",No,No,,,,,,,,,382464,,,,,,
,Griffith University,"170 Kessels Road, Nathan Qld 4111",Building Construction & Maintenance,9/09/2023,33954,Halogen Pools,"Miami, Qld",No,No,,,,,,,,,382479,,,,,,
,Griffith University,"170 Kessels Road, Nathan Qld 4111",Relocation Services,9/09/2023,23959,Sirva Relocation,"Richlands, Qld",No,No,,,,,,,,,382478,,,,,,
,Griffith University,"170 Kessels Road, Nathan Qld 4111",Conference Expenses,10/09/2023,11091,Charles Sturt University,"Wagga Wagga, Nsw",No,No,,,,,,,,,2029472,,,,,,
,Griffith University,"170 Kessels Road, Nathan Qld 4111",Pathology Expenditure,11/09/2023,17236,Australian Genome Research Facility Ltd,"St Lucia, Qld",No,No,,,,,,,,,382498,,,,,,
,Griffith University,"170 Kessels Road, Nathan Qld 4111",Travel Expenses,11/09/2023,12623,Ironhorse Aviation Pty Ltd,"Julatten, Qld",No,No,,,,,,,,,2035015,,,,,,
,Griffith University,"170 Kessels Road, Nathan Qld 4111",Travel Expenses,11/09/2023,12623,Ironhorse Aviation Pty Ltd,"Julatten, Qld",No,No,,,,,,,,,2032991,,,,,,
,Griffith University,"170 Kessels Road, Nathan Qld 4111",Marketing Fees,11/09/2023,16661,Jorkat Family Trust & The Trustee For Th,"South Brisbane, Qld",No,No,,,,,,,,,2030839,,,,,,
,Griffith University,"170 Kessels Road, Nathan Qld 4111",Consultancy Services,11/09/2023,21021,Myrna Gawryn,Usa,No,No,,,,,,,,,2034708,,,,,,
,Griffith University,"170 Kessels Road, Nathan Qld 4111",Consultancy Services,11/09/2023,25000,Raymond Evans,Queensland,No,No,,,,,,,,,2034667,,,,,,
,Griffith University,"170 Kessels Road, Nathan Qld 4111",Subscription/Licence Fees Software,12/09/2023,11371,Data #3 Limited,"Indooroopilly, Qld",No,No,,,,,,,,,382538,,,,,,
,Griffith University,"170 Kessels Road, Nathan Qld 4111",Consultancy Services,12/09/2023,426312,Decipher Bureau Qld Pty Ltd,"Bowen Hills, Qld",Yes,No,,,,,,,,,382560,,,,,,
,Griffith University,"170 Kessels Road, Nathan Qld 4111",Consultancy Services,12/09/2023,131060,Mcnair Yellowsquares Pty Ltd,"Crows Nest, Nsw",No,No,,,,,,,,,2034823 2055063,,,,,,
,Griffith University,"170 Kessels Road, Nathan Qld 4111",Consultancy Services,12/09/2023,22000,People Insights Group Pty Ltd,"Mount Gravatt, Qld",No,No,,,,,,,,,2034816,,,,,,
,Griffith University,"170 Kessels Road, Nathan Qld 4111",Subscription/Licence Fees Software,12/09/2023,86922,Texthelp Pty Ltd,"Stones Corner, Qld",No,No,,,,,,,,,382541,,,,,,
,Griffith University,"170 Kessels Road, Nathan Qld 4111",Building Construction & Maintenance,12/09/2023,18920,Wilson Architects,"Spring Hill, Qld",No,No,,,,,,,,,2034502,,,,,,
,Griffith University,"170 Kessels Road, Nathan Qld 4111",Building Construction & Maintenance,13/09/2023,12472,Amalgamated Property Maint. Brisbane P/L,"Rochedale South, Qld",No,No,,,,,,,,,382610,,,,,,
,Griffith University,"170 Kessels Road, Nathan Qld 4111",Consultancy Services,13/09/2023,12000,Clayton Utz,"Brisbane, Qld",No,No,,,,,,,,,382575,,,,,,
,Griffith University,"170 Kessels Road, Nathan Qld 4111",Subscription/Licence Fees Software,13/09/2023,28380,Datacom Systems (Au) Pty Ltd,"North Ryde, Nsw",No,No,,,,,,,,,382573,,,,,,
,Griffith University,"170 Kessels Road, Nathan Qld 4111",Subscription/Licence Fees Software,13/09/2023,16500,Leximancer Pty Ltd,"St Lucia, Qld",No,No,,,,,,,,,382576,,,,,,
,Griffith University,"170 Kessels Road, Nathan Qld 4111",Marketing Fees,13/09/2023,49500,Roam Films,"Palm Beach, Qld",No,No,,,,,,,,,382625,,,,,,
,Griffith University,"170 Kessels Road, Nathan Qld 4111",Building Construction & Maintenance,14/09/2023,19606,A1 Building & Property Solutions Pty Ltd,"The Gap, Qld",No,No,,,,,,,,,382630,,,,,,
,Griffith University,"170 Kessels Road, Nathan Qld 4111",Building Construction & Maintenance,14/09/2023,20900,Bell Spec Pty Ltd T/A Southport Carpets,"Southport, Qld",No,No,,,,,,,,,382644,,,,,,
,Griffith University,"170 Kessels Road, Nathan Qld 4111",Gas Supply,14/09/2023,11820,Boc Limited,"Labrador, Qld",No,No,,,,,,,,,382632,,,,,,
,Griffith University,"170 Kessels Road, Nathan Qld 4111",Equipment Purchase,14/09/2023,18054,Holoeye Photonics Ag,Germany,No,No,,,,,,,,,382631,,,,,,
,Griffith University,"170 Kessels Road, Nathan Qld 4111",Consultancy Services,14/09/2023,33440,Icad Consultants Pty Ltd,"Bridgeman Downs, Qld",No,No,,,,,,,,,382637,,,,,,
,Griffith University,"170 Kessels Road, Nathan Qld 4111",Recruitment/Placement Fees,14/09/2023,66000,Odgers Berndtson,"Sydney, Nsw",No,No,,,,,,,,,382638,,,,,,
,Griffith University,"170 Kessels Road, Nathan Qld 4111",Commission Payment,14/09/2023,15769,Oztrekk Educational Services Ltd,Canada,No,No,,,,,,,,,2035597,,,,,,
,Griffith University,"170 Kessels Road, Nathan Qld 4111",Marketing Fees,14/09/2023,56000,Queensland Tertiary Admissions Centre Lt,"Milton, Qld",No,No,,,,,,,,,382636,,,,,,
,Griffith University,"170 Kessels Road, Nathan Qld 4111",Building Construction & Maintenance,14/09/2023,101475,Schneider Electric (Australia) Pty Limit,"Macquarie Park, Nsw",No,No,,,,,,,,,382643,,,,,,
,Griffith University,"170 Kessels Road, Nathan Qld 4111",Office Equipment,14/09/2023,12485,The Australian Bedding Company Pty Ltd,"Mitchell, Act",No,No,,,,,,,,,382671,,,,,,
,Griffith University,"170 Kessels Road, Nathan Qld 4111",Consultancy Services,14/09/2023,12160,University Of Auckland,New Zealand,No,No,,,,,,,,,2033162,,,,,,
,Griffith University,"170 Kessels Road, Nathan Qld 4111",Cleaning Services,15/09/2023,27368,Clean-Air (Aust) Pty. Ltd.,"Acacia Ridge, Qld",No,No,,,,,,,,,382691,,,,,,
,Griffith University,"170 Kessels Road, Nathan Qld 4111",Consultancy Services,15/09/2023,35917,Darren Christopher Lukas,Indonesia,No,No,,,,,,,,,382705,,,,,,
,Griffith University,"170 Kessels Road, Nathan Qld 4111",Reference Materials,15/09/2023,26113,Health Communication Network Ltd,"St Leonards, Nsw",No,No,,,,,,,,,2035676,,,,,,
,Griffith University,"170 Kessels Road, Nathan Qld 4111",Building Construction & Maintenance,15/09/2023,720463,Kane Constructions (Qld) Pty Ltd,"Albion, Qld",No,No,Selective,,,,,,,,382678,,,,,,
,Griffith University,"170 Kessels Road, Nathan Qld 4111",Equipment Purchase,15/09/2023,20143,Nsk Oceania Pty Ltd,"Rosebery, Nsw",No,No,,,,,,,,,382684,,,,,,
,Griffith University,"170 Kessels Road, Nathan Qld 4111",Subscription/Licence Fees Software,15/09/2023,182850,Oracle Corporation Australia Pty Ltd,"Sydney, Nsw",No,No,,,,,,,,,382680,,,,,,
,Griffith University,"170 Kessels Road, Nathan Qld 4111",Scientific Equipment,15/09/2023,33275,The Dentists Workshop Pty Ltd,"Bayswater, Vic",No,No,,,,,,,,,382689,,,,,,
,Griffith University,"170 Kessels Road, Nathan Qld 4111",Scientific Equipment,18/09/2023,10230,Bio-Strategy Pty Limited,"Campbellfield, Vic",No,No,,,,,,,,,382740,,,,,,
,Griffith University,"170 Kessels Road, Nathan Qld 4111",Consultancy Services,18/09/2023,14850,Cicada Innovations Pty Ltd,"Eveleigh, Nsw",No,No,,,,,,,,,382751,,,,,,
,Griffith University,"170 Kessels Road, Nathan Qld 4111",Chemical/Biological Products,18/09/2023,11718,Monash University,"Melbourne, Vic",No,No,,,,,,,,,2035816,,,,,,
,Griffith University,"170 Kessels Road, Nathan Qld 4111",Building Construction & Maintenance,19/09/2023,12199,E.D.C. Systems Pty Ltd,"Cannon Hill, Qld",No,No,,,,,,,,,382783,,,,,,
,Griffith University,"170 Kessels Road, Nathan Qld 4111",Consultancy Services,19/09/2023,1280400,Navitas Pty Limited,"Perth, Wa",No,No,Limited,"i - Strictly necessary for reasons of extreme urgency brought about by events unforeseeable by the procuring entity, the good or service could not be obtained in time by means of open or selective tendering",,,,,,,382782,,,,,,
,Griffith University,"170 Kessels Road, Nathan Qld 4111",Recruitment/Placement Fees,19/09/2023,18773,Seek Limited,"Sydney, Nsw",No,No,,,,,,,,,2036037,,,,,,
,Griffith University,"170 Kessels Road, Nathan Qld 4111",Building Construction & Maintenance,20/09/2023,102977,Arnold Electrical & Data Installations P,"Salisbury, Qld",No,No,,,,,,,,,382877,,,,,,
,Griffith University,"170 Kessels Road, Nathan Qld 4111",Chemical/Biological Products,20/09/2023,13030,Scientifix Pty Ltd,"Clayton, Vic",No,No,,,,,,,,,382834,,,,,,
,Griffith University,"170 Kessels Road, Nathan Qld 4111",Marketing Fees,20/09/2023,10148,Shout Marketing Services Pty Ltd,"Yatala, Qld",No,No,,,,,,,,,2038013,,,,,,
,Griffith University,"170 Kessels Road, Nathan Qld 4111",Consultancy Services,20/09/2023,82907,Universitas Diponegoro,Indonesia,No,No,,,,,,,,,385171 2045245,,,,,,
,Griffith University,"170 Kessels Road, Nathan Qld 4111",Subscription/Licence Fees Software,20/09/2023,43535,Veritas Health Innovation Ltd,"Melbourne, Vic",No,No,,,,,,,,,382864,,,,,,
,Griffith University,"170 Kessels Road, Nathan Qld 4111",Laboratory Consumables,21/09/2023,11788,B Braun Australia Pty Ltd,"Baulkham Hills, Nsw",No,No,,,,,,,,,382911,,,,,,
,Griffith University,"170 Kessels Road, Nathan Qld 4111",Consultancy Services,21/09/2023,37000,Beyond The Pale Indigenous Corporation,"Wanora, Qld",No,No,,,,,,,,,382922,,,,,,
,Griffith University,"170 Kessels Road, Nathan Qld 4111",Consultancy Services,21/09/2023,39600,Constellation Impact Advisory Pty Ltd,"Newmarket, Qld",No,No,,,,,,,,,382920,,,,,,
,Griffith University,"170 Kessels Road, Nathan Qld 4111",Building Construction & Maintenance,21/09/2023,11479,Energized Electrical And Communication S,"Morningside, Qld",No,No,,,,,,,,,382903,,,,,,
,Griffith University,"170 Kessels Road, Nathan Qld 4111",Subscription/Licence Fees Software,21/09/2023,19925,"Glo-Bus Software, Inc.",Usa,No,No,,,,,,,,,382924,,,,,,
,Griffith University,"170 Kessels Road, Nathan Qld 4111",Event Expenditure,21/09/2023,31592,Harvest On Queen Pty Ltd,"Brisbane, Qld",No,No,,,,,,,,,382923,,,,,,
,Griffith University,"170 Kessels Road, Nathan Qld 4111",Scientific Equipment,21/09/2023,14548,Hill-Rom Pty Ltd,"North Ryde, Nsw",No,No,,,,,,,,,382913,,,,,,
,Griffith University,"170 Kessels Road, Nathan Qld 4111",Building Construction & Maintenance,21/09/2023,27241,Logical Line Marking,"Underwood, Qld",No,No,,,,,,,,,382880 385236,,,,,,
,Griffith University,"170 Kessels Road, Nathan Qld 4111",Chemical/Biological Products,21/09/2023,158407,Millennium Science Pty Ltd,"Mulgrave, Vic",No,No,,,,,,,,,382893,,,,,,
,Griffith University,"170 Kessels Road, Nathan Qld 4111",Laboratory Consumables,21/09/2023,21632,Stephen Jennings & Associates Pty Ltd,"Kurrajong, Nsw",No,No,,,,,,,,,382898,,,,,,
,Griffith University,"170 Kessels Road, Nathan Qld 4111",Building Construction & Maintenance,22/09/2023,15004,Mctaggart Plumbing Pty Ltd,"Petrie, Qld",No,No,,,,,,,,,382957,,,,,,
,Griffith University,"170 Kessels Road, Nathan Qld 4111",Scientific Equipment,23/09/2023,31183,Mog Laboratories Pty Ltd,"Carlton, Vic",No,No,,,,,,,,,382966,,,,,,
,Griffith University,"170 Kessels Road, Nathan Qld 4111",Printing Expenses,24/09/2023,43367,Bpo Intelligence Pty Ltd,"Mount Waverley, Vic",No,No,,,,,,,,,2035446,,,,,,
,Griffith University,"170 Kessels Road, Nathan Qld 4111",Telephone Equipment,25/09/2023,216591,Data #3 Limited,"Indooroopilly, Qld",No,No,,,,,,,,,382979,,,,,,
,Griffith University,"170 Kessels Road, Nathan Qld 4111",Software Support Maintenance,25/09/2023,40405,Vuram Australia Pty Ltd,"Melbourne, Vic",No,No,,,,,,,,,383007,,C01490,,,,
,Griffith University,"170 Kessels Road, Nathan Qld 4111",Event Expenditure,26/09/2023,38995,Amy Gale,Queensland,No,No,,,,,,,,,383020,,,,,,
,Griffith University,"170 Kessels Road, Nathan Qld 4111",Building Construction & Maintenance,26/09/2023,323858,Eight 3 Constructions Pty Ltd,"Geebung, Qld",No,No,,,,,,,,,383021,,,,,,
,Griffith University,"170 Kessels Road, Nathan Qld 4111",Software Support Maintenance,26/09/2023,83677,Enghouse Australia Pty Ltd,"Melbourne, Vic",No,No,,,,,,,,,383024,,,,,,
,Griffith University,"170 Kessels Road, Nathan Qld 4111",Subscription/Licence Fees Software,26/09/2023,561832,Hearne Scientific Software,"South Yarra, Vic",No,No,Limited,b - (iii) The absence of competition for technical reasons which can only be supplied by a particular supplier and no reasonable alternative exists,,,,,,,383048,,,,,,
,Griffith University,"170 Kessels Road, Nathan Qld 4111",Scientific Equipment,26/09/2023,177152,Hel Limited,United Kingdom,No,No,,,,,,,,,383054,,,,,,
,Griffith University,"170 Kessels Road, Nathan Qld 4111",Reference Materials,26/09/2023,17950,Igroup (Australasia) Pty Ltd,"Melbourne, Vic",No,No,,,,,,,,,2036997,,,,,,
,Griffith University,"170 Kessels Road, Nathan Qld 4111",Scientific Equipment,26/09/2023,10372,Nikon Australia Pty Ltd,"Rhodes, Nsw",No,No,,,,,,,,,383051,,,,,,
,Griffith University,"170 Kessels Road, Nathan Qld 4111",Software Support Maintenance,26/09/2023,100897,Orikan Australia Pty Ltd,"South Wharf, VIC",No,No,,,,,,,,,383032,,,,,,
,Griffith University,"170 Kessels Road, Nathan Qld 4111",Building Construction & Maintenance,26/09/2023,58616,Orikan New Zealand Limited,New Zealand,No,No,,,,,,,,,383033,,,,,,
,Griffith University,"170 Kessels Road, Nathan Qld 4111",Equipment Purchase,26/09/2023,11107,Pt Taharica,Indonesia,No,No,,,,,,,,,383034,,,,,,
,Griffith University,"170 Kessels Road, Nathan Qld 4111",Scientific Equipment,26/09/2023,78038,Thermo Fisher Scientific Australia,"Scoresby, Vic",No,No,,,,,,,,,383035,,,,,,
,Griffith University,"170 Kessels Road, Nathan Qld 4111",Consultancy Services,27/09/2023,20604,Acer - Aust Council For Edu Research Ltd,"Camberwell, Vic",No,No,,,,,,,,,2033264,,,,,,
,Griffith University,"170 Kessels Road, Nathan Qld 4111",Gas Supply,27/09/2023,13396,Boc Limited,"Labrador, Qld",No,No,,,,,,,,,383062,,,,,,
,Griffith University,"170 Kessels Road, Nathan Qld 4111",Equipment Purchase,27/09/2023,38000,Duraplas Industries,"Alstonville, Nsw",No,No,,,,,,,,,383059,,,,,,
,Griffith University,"170 Kessels Road, Nathan Qld 4111",Event Expenditure,27/09/2023,21225,Novotel Brisbane South Bank,"South Brisbane, Qld",No,No,,,,,,,,,383061,,,,,,
,Griffith University,"170 Kessels Road, Nathan Qld 4111",Security Services,27/09/2023,12012,Securcom Pty Ltd,"Brendale, Qld",No,No,,,,,,,,,383079,,,,,,
,Griffith University,"170 Kessels Road, Nathan Qld 4111",Event Expenditure,27/09/2023,15998,Tavistock Catering Pty Ltd,"West Rockhamption, Qld",No,No,,,,,,,,,383078,,,,,,
,Griffith University,"170 Kessels Road, Nathan Qld 4111",Scientific Equipment,28/09/2023,42746,Bio-Strategy Pty Limited,"Campbellfield, Vic",No,No,,,,,,,,,383098,,,,,,
,Griffith University,"170 Kessels Road, Nathan Qld 4111",Software Support Maintenance,28/09/2023,51002,Maser Technology Group Pty Ltd,"Frenchs Forest, Nsw",No,No,,,,,,,,,383099,,,,,,
,Griffith University,"170 Kessels Road, Nathan Qld 4111",Building Construction & Maintenance,29/09/2023,19539,A1 Building & Property Solutions Pty Ltd,"The Gap, Qld",No,No,,,,,,,,,383178,,,,,,
,Griffith University,"170 Kessels Road, Nathan Qld 4111",Software Support Maintenance,29/09/2023,60042,Aussie Telecom Pty Limited,"Brighton, Vic",No,No,,,,,,,,,383147,,,,,,
,Griffith University,"170 Kessels Road, Nathan Qld 4111",Building Construction & Maintenance,29/09/2023,10621,E.D.C. Systems Pty Ltd,"Cannon Hill, Qld",No,No,,,,,,,,,383180,,,,,,
,Griffith University,"170 Kessels Road, Nathan Qld 4111",Subscription/Licence Fees Software,29/09/2023,10282,Easygenerator B.V.,Netherlands,No,No,,,,,,,,,383133,,,,,,
,Griffith University,"170 Kessels Road, Nathan Qld 4111",Consultancy Services,29/09/2023,22000,Insync Solutions Pty Ltd,"Adelaide, Sa",No,No,,,,,,,,,383134,,,,,,
,Griffith University,"170 Kessels Road, Nathan Qld 4111",Equipment Purchase,29/09/2023,66154,Ivoclar Vivadent Pty. Ltd.,"Noble Park North, Vic",No,No,,,,,,,,,383162,,,,,,
,Griffith University,"170 Kessels Road, Nathan Qld 4111",Computer Equipment,29/09/2023,16422,Jb Hi Fi Group Pty Ltd,"Macgregor, Qld",No,No,,,,,,,,,383159,,,,,,
,Griffith University,"170 Kessels Road, Nathan Qld 4111",Building Construction & Maintenance,29/09/2023,15510,Lightbox Architecture &Interiors Pty Ltd,"Keperra, Qld",No,No,,,,,,,,,383145,,,,,,
,Griffith University,"170 Kessels Road, Nathan Qld 4111",Travel Expenses,29/09/2023,28290,Nadi Nalagi Hotel,Fiji,No,No,,,,,,,,,2037095 2037096,,,,,,
,Griffith University,"170 Kessels Road, Nathan Qld 4111",Subscription/Licence Fees Software,29/09/2023,34479,Osisoft Llc,Usa,No,No,,,,,,,,,383186,,,,,,
,Griffith University,"170 Kessels Road, Nathan Qld 4111",Equipment Purchase,29/09/2023,13218,Premier Lockers,"North Sydney, Nsw",No,No,,,,,,,,,383146,,,,,,
,Griffith University,"170 Kessels Road, Nathan Qld 4111",Scientific Equipment,29/09/2023,29771,Thermo Fisher Scientific Australia,"Scoresby, Vic",No,No,,,,,,,,,383164,,,,,,
,Griffith University,"170 Kessels Road, Nathan Qld 4111",Audio Visual Equipment,29/09/2023,20748,Videopro Pty Ltd,"Eagle Farm, Qld",No,No,,,,,,,,,383132,,,,,,
,Griffith University,"170 Kessels Road, Nathan Qld 4111",Security Services,30/09/2023,84961,Securcom Pty Ltd,"Brendale, Qld",No,No,,,,,,,,,383190,,,,,,
,Griffith University,"170 Kessels Road, Nathan Qld 4111",Laboratory Consumables,30/09/2023,15000,Specialist Mri Services And Consulting P,"Mermaid Beach, Qld",No,No,,,,,,,,,2033756,,,,,,
,Griffith University,"170 Kessels Road, Nathan Qld 4111",Equipment Purchase,2/10/2023,58522,Jeff Sykes & Associates Pty. Ltd.,"Breakwater, Vic",No,No,,,,,,,,,383192,,,,,,
,Griffith University,"170 Kessels Road, Nathan Qld 4111",Event Expenditure,3/10/2023,13599,Cvent Australia Pty Ltd,"Southbank, Qld",No,No,,,,,,,,,2034998,,,,,,
,Griffith University,"170 Kessels Road, Nathan Qld 4111",Equipment Purchase,3/10/2023,78149,Henry Schein Regional Trust,"South Brisbane, Qld",No,No,,,,,,,,,383240,,,,,,
,Griffith University,"170 Kessels Road, Nathan Qld 4111",Reference Materials,3/10/2023,19683,Igroup (Australasia) Pty Ltd,"Melbourne, Vic",No,No,,,,,,,,,2036994,,,,,,
,Griffith University,"170 Kessels Road, Nathan Qld 4111",External Course Delivery,3/10/2023,121168,Kelvin Ross O'Halloran,Qld,No,No,,,,,,,,,2070702 2072487 2051795 2055047 2061533,,,,,,
,Griffith University,"170 Kessels Road, Nathan Qld 4111",Event Expenditure,3/10/2023,11000,Kerry Michael O'Brien,Nsw,No,No,,,,,,,,,2038284,,,,,,
,Griffith University,"170 Kessels Road, Nathan Qld 4111",Equipment Purchase,4/10/2023,13485,Draeger Australia Pty Ltd,"Notting Hill, Vic",No,No,,,,,,,,,383270,,,,,,
,Griffith University,"170 Kessels Road, Nathan Qld 4111",Building Construction & Maintenance,4/10/2023,2185599,Spantech Pty Ltd,"Broadbeach, Qld",Yes,No,Selective,,,,,,,,383252,,,,,,
,Griffith University,"170 Kessels Road, Nathan Qld 4111",Audio Visual Equipment,4/10/2023,10905,Videopro Pty Ltd,"Eagle Farm, QLD",No,No,,,,,,,,,383290,,,,,,
,Griffith University,"170 Kessels Road, Nathan Qld 4111",Security Services,5/10/2023,101035,Commex Communications Corporation P/L,"Windsor, Qld",No,No,,,,,,,,,383299,,,,,,
,Griffith University,"170 Kessels Road, Nathan Qld 4111",Telephone Equipment,5/10/2023,86153,Data #3 Limited,"Indooroopilly, Qld",No,No,,,,,,,,,383291,,,,,,
,Griffith University,"170 Kessels Road, Nathan Qld 4111",Scientific Equipment,5/10/2023,23592,Scitek Australia Pty Ltd,"Milsons Point, Nsw",No,No,,,,,,,,,383311,,,,,,
,Griffith University,"170 Kessels Road, Nathan Qld 4111",Equipment Purchase,5/10/2023,42635,Tecniplast Australia Pty Limited,"Lane Cove, Nsw",No,No,,,,,,,,,383318,,,,,,
,Griffith University,"170 Kessels Road, Nathan Qld 4111",Equipment Maintenance,5/10/2023,133910,Testo Pty Ltd,"Bayswater, Vic",No,No,,,,,,,,,383312,,,,,,
,Griffith University,"170 Kessels Road, Nathan Qld 4111",Consultancy Services,6/10/2023,35893,Building Certifiers Australia Pty Ltd,"Caloundra, Qld",No,No,,,,,,,,,383334,,,,,,
,Griffith University,"170 Kessels Road, Nathan Qld 4111",Consultancy Services,6/10/2023,12375,Denise Margaret Hatzis,Queensland,No,No,,,,,,,,,383350,,,,,,
,Griffith University,"170 Kessels Road, Nathan Qld 4111",Audio Visual Equipment,6/10/2023,40730,Ez Australia Pty. Ltd.,"Arncliffe, NSW",No,No,,,,,,,,,383346,,,,,,
,Griffith University,"170 Kessels Road, Nathan Qld 4111",Subscription/Licence Fees Software,6/10/2023,82500,Higher Ed Services Pty Ltd,"Sydney, Nsw",No,No,,,,,,,,,383385,,,,,,
,Griffith University,"170 Kessels Road, Nathan Qld 4111",Consultancy Services,6/10/2023,71500,Nature Sydney Pty Ltd,"Lavender Bay, Nsw",No,No,,,,,,,,,383348,,,,,,
,Griffith University,"170 Kessels Road, Nathan Qld 4111",Consultancy Services,6/10/2023,15000,Ned Chandler-Mather,Queensland,No,No,,,,,,,,,383339,,,,,,
,Griffith University,"170 Kessels Road, Nathan Qld 4111",Marketing Fees,6/10/2023,82280,Smart Notebooks Pty Ltd,Nsw,No,No,,,,,,,,,383343,,,,,,
,Griffith University,"170 Kessels Road, Nathan Qld 4111",Equipment Purchase,7/10/2023,2303021,Adec Australia,"Mascot, Nsw",No,No,Limited,b - (iii) The absence of competition for technical reasons which can only be supplied by a particular supplier and no reasonable alternative exists,,,,,,,383388,,,,,,
,Griffith University,"170 Kessels Road, Nathan Qld 4111",Event Expenditure,7/10/2023,10538,Brisbane Multicultural Arts Centre Ltd,"Kangaroo Point, Qld",No,No,,,,,,,,,383387,,,,,,
,Griffith University,"170 Kessels Road, Nathan Qld 4111",Scientific Equipment,7/10/2023,23095,Fisher Biotec Pty Ltd,"Wembley, Wa",No,No,,,,,,,,,383386,,,,,,
,Griffith University,"170 Kessels Road, Nathan Qld 4111",Building Construction & Maintenance,7/10/2023,66000,Lightbox Architecture &Interiors Pty Ltd,"Keperra, Qld",No,No,,,,,,,,,383395,,,,,,
,Griffith University,"170 Kessels Road, Nathan Qld 4111",Health & Safety Expenses,7/10/2023,16968,Safe @ Heights Pty Ltd,"Slacks Creek, QLD",No,No,,,,,,,,,383393,,,,,,
,Griffith University,"170 Kessels Road, Nathan Qld 4111",Scientific Equipment,7/10/2023,12295,Thermo Fisher Scientific Australia,"Scoresby, Vic",No,No,,,,,,,,,383389,,,,,,
,Griffith University,"170 Kessels Road, Nathan Qld 4111",Consultancy Services,9/10/2023,21973,Change Solutions Group Pty Ltd,Queensland,No,No,,,,,,,,,383425,,,,,,
,Griffith University,"170 Kessels Road, Nathan Qld 4111",Building Construction & Maintenance,9/10/2023,15560,Higgins Coatings Pty Ltd,"Carrara, Qld",Yes,No,,,,,,,,,383403,,,,,,
,Griffith University,"170 Kessels Road, Nathan Qld 4111",Scientific Equipment,9/10/2023,26956,Longevity Link Corporation,Usa,No,No,,,,,,,,,383426,,,,,,
,Griffith University,"170 Kessels Road, Nathan Qld 4111",Building Construction & Maintenance,9/10/2023,12320,Mctaggart Plumbing Pty Ltd,"Petrie, Qld",No,No,,,,,,,,,383401,,,,,,
,Griffith University,"170 Kessels Road, Nathan Qld 4111",Building Construction & Maintenance,9/10/2023,14080,Mctaggart Plumbing Pty Ltd,"Petrie, Qld",No,No,,,,,,,,,383402,,,,,,
,Griffith University,"170 Kessels Road, Nathan Qld 4111",Building Construction & Maintenance,9/10/2023,40876,Mctaggart Plumbing Pty Ltd,"Petrie, Qld",No,No,,,,,,,,,383437,,,,,,
,Griffith University,"170 Kessels Road, Nathan Qld 4111",Scientific Equipment,9/10/2023,200000,Vapourtec Ltd,England,No,No,,,,,,,,,383427,,,,,,
,Griffith University,"170 Kessels Road, Nathan Qld 4111",Memberships/Subscriptions,10/10/2023,55000,Advanced Robotics For Manufacturing Hub,"Northgate, Qld",No,No,,,,,,,,,2038904,,,,,,
,Griffith University,"170 Kessels Road, Nathan Qld 4111",Scientific Equipment,10/10/2023,11796,Aqualab Scientific Pty Limited,"Cromer, Nsw",No,No,,,,,,,,,383482,,,,,,
,Griffith University,"170 Kessels Road, Nathan Qld 4111",Equipment Maintenance,10/10/2023,19536,Gold Coast City Council,"Gold Coast, Qld",No,No,,,,,,,,,2039238,,,,,,
,Griffith University,"170 Kessels Road, Nathan Qld 4111",Chemical/Biological Products,10/10/2023,36680,Illumina Australia Pty Ltd,"Scoresby, Vic",No,No,,,,,,,,,383454,,,,,,
,Griffith University,"170 Kessels Road, Nathan Qld 4111",Subscription/Licence Fees Software,10/10/2023,27500,Music Theatre International Australasia,"Sydney, Nsw",No,No,,,,,,,,,383450,,,,,,
,Griffith University,"170 Kessels Road, Nathan Qld 4111",Consultancy Services,10/10/2023,383508,Nri Australia Limited,"West Perth, Wa",yes,No,,,,,,,,,383508,,,,,,
,Griffith University,"170 Kessels Road, Nathan Qld 4111",Relocation Services,10/10/2023,21553,Sirva Relocation,"Richlands, Qld",No,No,,,,,,,,,383502,,,,,,
,Griffith University,"170 Kessels Road, Nathan Qld 4111",Consultancy Services,10/10/2023,15840,Sydney Local Health District,"Camperdown, Nsw",No,No,,,,,,,,,383448,,,,,,
,Griffith University,"170 Kessels Road, Nathan Qld 4111",Memberships/Subscriptions,10/10/2023,12446,The Association Of Commonwealth Universi,England,No,No,,,,,,,,,2039581,,,,,,
,Griffith University,"170 Kessels Road, Nathan Qld 4111",Consultancy Services,10/10/2023,179619,Verticurl Marketing Services Pty Ltd,"Millers Point, Nsw",Yes,No,,,,,,,,,383505,,,,,,
,Griffith University,"170 Kessels Road, Nathan Qld 4111",Building Construction & Maintenance,11/10/2023,30788,Airmaster Corporation Pty Ltd,"Mansfield, Qld",No,No,,,,,,,,,383546,,,,,,
,Griffith University,"170 Kessels Road, Nathan Qld 4111",Computer Equipment,11/10/2023,117243,Flexdata Solutions Pty Ltd,"Brisbane, Qld",No,No,,,,,,,,,383536,,,,,,
,Griffith University,"170 Kessels Road, Nathan Qld 4111",Computer Equipment,11/10/2023,142260,Flexdata Solutions Pty Ltd,"Brisbane, Qld",No,No,,,,,,,,,383537,,,,,,
,Griffith University,"170 Kessels Road, Nathan Qld 4111",Consultancy Services,11/10/2023,23673,Leaderwise Pty Ltd,"Salisbury, Qld",No,No,,,,,,,,,383543,,,,,,
,Griffith University,"170 Kessels Road, Nathan Qld 4111",Subscription/Licence Fees Software,11/10/2023,35058,Miro,Usa,No,No,,,,,,,,,383522,,,,,,
,Griffith University,"170 Kessels Road, Nathan Qld 4111",Consultancy Services,11/10/2023,15950,Pacific Geotech Pty Ltd,"Coomera, Qld",No,No,,,,,,,,,383541,,,,,,
,Griffith University,"170 Kessels Road, Nathan Qld 4111",Building Construction & Maintenance,11/10/2023,37679,Ryan Wilks Pty. Ltd.,"Murarrie, Qld",No,No,,,,,,,,,383538,,,,,,
,Griffith University,"170 Kessels Road, Nathan Qld 4111",Chemical/Biological Products,11/10/2023,11849,Stemcell Technologies Australia Holdings,"Tullamarine, Vic",No,No,,,,,,,,,383547,,,,,,
,Griffith University,"170 Kessels Road, Nathan Qld 4111",Health & Safety Expenses,11/10/2023,13416,Storemasta,"South Burnie, TAS",No,No,,,,,,,,,383553,,,,,,
,Griffith University,"170 Kessels Road, Nathan Qld 4111",Computer Equipment,11/10/2023,209253,The School Locker,"Eight Mile Plains, QLD",No,No,,,,,,,,,383550,,,,,,
,Griffith University,"170 Kessels Road, Nathan Qld 4111",Consultancy Services,11/10/2023,27269,Transformd Consulting,"Springwood, Qld",No,No,,,,,,,,,383542,,,,,,
,Griffith University,"170 Kessels Road, Nathan Qld 4111",Cleaning Services,12/10/2023,109521,Civcorp Pty Ltd,"Beenleigh, Qld",No,No,,,,,,,,,383566,,,,,,
,Griffith University,"170 Kessels Road, Nathan Qld 4111",Cleaning Services,12/10/2023,32010,E.D.C. Systems Pty Ltd,"Cannon Hill, Qld",No,No,,,,,,,,,383579,,,,,,
,Griffith University,"170 Kessels Road, Nathan Qld 4111",Relocation Services,12/10/2023,16500,Sirva Relocation,"Richlands, Qld",No,No,,,,,,,,,383610,,,,,,
,Griffith University,"170 Kessels Road, Nathan Qld 4111",Marketing Fees,12/10/2023,13310,Springer Nature Customer Service Centre,Germany,No,No,,,,,,,,,383588,,,,,,
,Griffith University,"170 Kessels Road, Nathan Qld 4111",Consultancy Services,12/10/2023,14190,The Trustee For For The Maunder Family T,"Lutwyche, Qld",No,No,,,,,,,,,383574,,,,,,
,Griffith University,"170 Kessels Road, Nathan Qld 4111",Building Construction & Maintenance,12/10/2023,20702,Value Added Asset Management Pty Ltd,"Darra, Qld",No,No,,,,,,,,,383587,,,,,,
,Griffith University,"170 Kessels Road, Nathan Qld 4111",Scientific Equipment,13/10/2023,18388,Evident Australia Pty Ltd,"Macquarie Park, NSW",No,No,,,,,,,,,383643,,,,,,
,Griffith University,"170 Kessels Road, Nathan Qld 4111",Building Construction & Maintenance,13/10/2023,22492,Hazsure Pty Ltd,"Bowen Hills, Qld",Yes,No,,,,,,,,,383645,,,,,,
,Griffith University,"170 Kessels Road, Nathan Qld 4111",Consultancy Services,13/10/2023,23232,Jr Mun Consulting,"Campbell, Act",Yes,No,,,,,,,,,383644,,,,,,
,Griffith University,"170 Kessels Road, Nathan Qld 4111",Marketing Fees,13/10/2023,11000,Lovework Studio Pty Ltd,"Woody Point, Qld",No,No,,,,,,,,,383625,,,,,,
,Griffith University,"170 Kessels Road, Nathan Qld 4111",Subscription/Licence Fees Software,13/10/2023,11686,"Materials Design, Inc.",Usa,No,No,,,,,,,,,383627,,,,,,
,Griffith University,"170 Kessels Road, Nathan Qld 4111",Building Construction & Maintenance,13/10/2023,14940,Value Added Asset Management Pty Ltd,"Darra, Qld",No,No,,,,,,,,,383616,,,,,,
,Griffith University,"170 Kessels Road, Nathan Qld 4111",Building Construction & Maintenance,14/10/2023,252941,Formula Interiors Pty Ltd,"Coorparoo, Qld",No,No,,,,,,,,,383647,,,,,,
,Griffith University,"170 Kessels Road, Nathan Qld 4111",Building Construction & Maintenance,16/10/2023,4185678,Ds Energy,"Northgate, Qld",No,No,Open,,,,,,,,383680,,,,,,
,Griffith University,"170 Kessels Road, Nathan Qld 4111",Scientific Equipment,16/10/2023,12558,John Morris Scientific Pty Ltd,"Willoughby, Nsw",No,No,,,,,,,,,383672,,,,,,
,Griffith University,"170 Kessels Road, Nathan Qld 4111",Scientific Equipment,16/10/2023,10073,Laboratory Equipment Pty Ltd,"Marrickbille, Nsw",No,No,,,,,,,,,383661,,,,,,
,Griffith University,"170 Kessels Road, Nathan Qld 4111",Building Construction & Maintenance,16/10/2023,10543887,Lendlease Construction (Qld / Wa) Pty Li,"Barangaroo, Nsw",Yes,No,Open,,,,,,,,383668,,,,,,
,Griffith University,"170 Kessels Road, Nathan Qld 4111",Consultancy Services,16/10/2023,22000,O'Connor Marsden & Associates,"Sydney, Nsw",No,No,,,,,,,,,383681,,,,,,
,Griffith University,"170 Kessels Road, Nathan Qld 4111",Marketing Fees,16/10/2023,23441,Ride Free Media Pty Ltd,"West End, QLD",No,No,,,,,,,,,383679,,,,,,
,Griffith University,"170 Kessels Road, Nathan Qld 4111",Building Construction & Maintenance,16/10/2023,10792,Securcom Pty Ltd,"Brendale, Qld",No,No,,,,,,,,,383656,,,,,,
,Griffith University,"170 Kessels Road, Nathan Qld 4111",Medical Expenses,17/10/2023,13777,Awp Australia Pty Ltd,"Toowong, Qld",No,No,,,,,,,,,2040030,,,,,,
,Griffith University,"170 Kessels Road, Nathan Qld 4111",Consultancy Services,17/10/2023,36432,Bond University,"Gold Coast, Qld",No,No,,,,,,,,,2037354 2054207,,,,,,
,Griffith University,"170 Kessels Road, Nathan Qld 4111",Event Expenditure,17/10/2023,15400,Brisbane Concert Lighting Pty Ltd,"Stafford, Qld",No,No,,,,,,,,,383742,,,,,,
,Griffith University,"170 Kessels Road, Nathan Qld 4111",Marketing Fees,17/10/2023,11542,Education Link As,Norway,No,No,,,,,,,,,2040870,,,,,,
,Griffith University,"170 Kessels Road, Nathan Qld 4111",Subscription/Licence Fees Software,17/10/2023,43606,H2 Software Ltd,England,No,No,,,,,,,,,GU-1350,,,,,,
,Griffith University,"170 Kessels Road, Nathan Qld 4111",Consultancy Services,17/10/2023,18346,Michael Page International,"Parramatta, Nsw",No,No,,,,,,,,,2040440,,,,,,
,Griffith University,"170 Kessels Road, Nathan Qld 4111",Marketing Fees,17/10/2023,21506,Shout Marketing Services Pty Ltd,"Yatala, Qld",No,No,,,,,,,,,2038012,,,,,,
,Griffith University,"170 Kessels Road, Nathan Qld 4111",Scientific Equipment,17/10/2023,16489,Sonidel Limited,Ireland,No,No,,,,,,,,,383701,,,,,,
,Griffith University,"170 Kessels Road, Nathan Qld 4111",Marketing Fees,17/10/2023,10752,Study Outside Norway (Sonor),Norway,No,No,,,,,,,,,2040873,,,,,,
,Griffith University,"170 Kessels Road, Nathan Qld 4111",Marketing Fees,17/10/2023,45000,Tamarind Global Services Pvt Ltd,India,No,No,,,,,,,,,2038286,,,,,,
,Griffith University,"170 Kessels Road, Nathan Qld 4111",Computer Equipment,17/10/2023,13337,The School Locker,"Eight Mile Plains, Qld",No,No,,,,,,,,,383746,,,,,,
,Griffith University,"170 Kessels Road, Nathan Qld 4111",Consultancy Services,17/10/2023,21560,The Trustee For Granted Group Unit Trust,"Bentleigh, Vic",No,No,,,,,,,,,2037182,,,,,,
,Griffith University,"170 Kessels Road, Nathan Qld 4111",Consultancy Services,17/10/2023,16665,The Trustee For Granted Group Unit Trust,"Bentleigh, Vic",No,No,,,,,,,,,2037183,,,,,,
,Griffith University,"170 Kessels Road, Nathan Qld 4111",Consultancy Services,17/10/2023,18260,The Trustee For Granted Group Unit Trust,"Bentleigh, Vic",No,No,,,,,,,,,2037184,,,,,,
,Griffith University,"170 Kessels Road, Nathan Qld 4111",Consultancy Services,17/10/2023,11110,The Trustee For Granted Group Unit Trust,"Bentleigh, Vic",No,No,,,,,,,,,2037499,,,,,,
,Griffith University,"170 Kessels Road, Nathan Qld 4111",Homestay Expenses,17/10/2023,23560,Unique Australian Holidays Pty Ltd,"Burleigh Heads, Qld",No,No,,,,,,,,,2040128,,,,,,
,Griffith University,"170 Kessels Road, Nathan Qld 4111",Consultancy Services,17/10/2023,107800,Wallis Nominees (Computing) Pty. Ltd.,"Melbourne, Vic",No,No,,,,,,,,,383714,,,,,,
,Griffith University,"170 Kessels Road, Nathan Qld 4111",Building Construction & Maintenance,17/10/2023,51435,Wilson Architects,"Spring Hill, Qld",No,No,,,,,,,,,383705,,,,,,
,Griffith University,"170 Kessels Road, Nathan Qld 4111",Subscription/Licence Fees Software,18/10/2023,266008,Atmire Nv,Belgium,No,No,,,,,,,,,383774,,,,,,
,Griffith University,"170 Kessels Road, Nathan Qld 4111",Memberships/Subscriptions,18/10/2023,12276,Caudit,"Kingston, Act",No,No,,,,,,,,,383772,,,,,,
,Griffith University,"170 Kessels Road, Nathan Qld 4111",Building Construction & Maintenance,18/10/2023,17820,Ink Duck,"Graceville East, Qld",No,No,,,,,,,,,383749,,,,,,
,Griffith University,"170 Kessels Road, Nathan Qld 4111",Building Construction & Maintenance,18/10/2023,24860,Nutbrook Engineering Group Pty Limited,"North Sydney, NSW",No,No,,,,,,,,,383794,,,,,,
,Griffith University,"170 Kessels Road, Nathan Qld 4111",Equipment Maintenance,18/10/2023,11000,Orikan Australia Pty Ltd,"South Wharf, VIC",No,No,,,,,,,,,383758,,,,,,
,Griffith University,"170 Kessels Road, Nathan Qld 4111",Consultancy Services,18/10/2023,306798,Social Enterprise Australia Ltd,Port Kembla. Nsw,No,No,,,,,,,,,383770,,,,,,
,Griffith University,"170 Kessels Road, Nathan Qld 4111",Software Support Maintenance,18/10/2023,31304,The Mathworks Australia Pty Ltd,"Chatswood, Nsw",No,No,,,,,,,,,383757,,,,,,
,Griffith University,"170 Kessels Road, Nathan Qld 4111",Event Expenditure,18/10/2023,26445,The Star Gold Coast,"Broadbeach, Qld",No,No,,,,,,,,,383755 2054805,,,,,,
,Griffith University,"170 Kessels Road, Nathan Qld 4111",Building Construction & Maintenance,19/10/2023,20653,E.D.C. Systems Pty Ltd,"Cannon Hill, Qld",No,No,,,,,,,,,383827,,,,,,
,Griffith University,"170 Kessels Road, Nathan Qld 4111",Consultancy Services,19/10/2023,19250,Intelligent Business Research Services P,"Hazelbrook, Nsw",No,No,,,,,,,,,383808,,,,,,
,Griffith University,"170 Kessels Road, Nathan Qld 4111",Building Construction & Maintenance,19/10/2023,22264,Logical Line Marking,"Underwood, Qld",No,No,,,,,,,,,383800 385238,,,,,,
,Griffith University,"170 Kessels Road, Nathan Qld 4111",Building Construction & Maintenance,19/10/2023,33012,Logical Line Marking,"Underwood, Qld",No,No,,,,,,,,,383801 385239,,,,,,
,Griffith University,"170 Kessels Road, Nathan Qld 4111",Equipment Maintenance,20/10/2023,12959,Bruker Pty Ltd,"Alexandria, Nsw",No,No,,,,,,,,,383854,,,,,,
,Griffith University,"170 Kessels Road, Nathan Qld 4111",Scientific Equipment,23/10/2023,25797,Across International Pty Ltd,"Boronia, Vic",No,No,,,,,,,,,383916,,,,,,
,Griffith University,"170 Kessels Road, Nathan Qld 4111",Building Construction & Maintenance,23/10/2023,84942,Amalgamated Property Maint. Brisbane P/L,"Rochedale South, Qld",No,No,,,,,,,,,383922,,,,,,
,Griffith University,"170 Kessels Road, Nathan Qld 4111",Building Construction & Maintenance,23/10/2023,17380,Donald Cant Watts Corke (Qld) P/L,"Brisbane, Qld",No,No,,,,,,,,,383889,,,,,,
,Griffith University,"170 Kessels Road, Nathan Qld 4111",Subscription/Licence Fees Software,23/10/2023,2003100,Insight Enterprises Australia Pty Ltd,"Brookevale, Nsw",No,No,Limited,c - (ii) Would cause significant inconvenience or substantial duplication of costs for the procuring entity,,,,,,,GU-2039,,,,,,
,Griffith University,"170 Kessels Road, Nathan Qld 4111",Recruitment/Placement Fees,23/10/2023,63800,Robinson Fitzgerald Pty Ltd,"Greenslopes, Qld",No,No,,,,,,,,,383911,,,,,,
,Griffith University,"170 Kessels Road, Nathan Qld 4111",Scientific Equipment,24/10/2023,96271,Anton Paar Australia Pty Ltd,"Macquarie Park, Nsw",No,No,,,,,,,,,383942,,,,,,
,Griffith University,"170 Kessels Road, Nathan Qld 4111",Reference Materials,24/10/2023,34232,Australian Medicines Handbook Pty Ltd,"Adelaide, Sa",No,No,,,,,,,,,2041757,,,,,,
,Griffith University,"170 Kessels Road, Nathan Qld 4111",Reference Materials,24/10/2023,31865,Bloomsbury Publishing Plc.,UK,No,No,,,,,,,,,2041360,,,,,,
,Griffith University,"170 Kessels Road, Nathan Qld 4111",Reference Materials,24/10/2023,32897,Bloomsbury Publishing Plc.,UK,No,No,,,,,,,,,2041363,,,,,,
,Griffith University,"170 Kessels Road, Nathan Qld 4111",Laboratory Consumables,24/10/2023,10188,Bruker Pty Ltd,"Alexandria, Nsw",No,No,,,,,,,,,383975,,,,,,
,Griffith University,"170 Kessels Road, Nathan Qld 4111",Memberships/Subscriptions,24/10/2023,13750,Climate And Health Alliance,"Melbourne, Vic",No,No,,,,,,,,,2041251,,,,,,
,Griffith University,"170 Kessels Road, Nathan Qld 4111",External Course Delivery,24/10/2023,33455,Corporate Prepaid Cards Pty Ltd,"Balmain, Nsw",No,No,,,,,,,,,2041042,,,,,,
,Griffith University,"170 Kessels Road, Nathan Qld 4111",Patent Application Fee,24/10/2023,21765,Fb Rice Pty Ltd,"Sydney, Nsw",No,No,,,,,,,,,2039985,,,,,,
,Griffith University,"170 Kessels Road, Nathan Qld 4111",Commission Payment,24/10/2023,22559,Idp Education Pty Ltd,"Melbourne, Vic",No,No,,,,,,,,,2041967,,,,,,
,Griffith University,"170 Kessels Road, Nathan Qld 4111",Commission Payment,24/10/2023,1905230,Idp Education Pty Ltd,"Melbourne, Vic",No,No,Limited,b - (iii) The absence of competition for technical reasons which can only be supplied by a particular supplier and no reasonable alternative exists,,,,,,,2041957,,,,,,
,Griffith University,"170 Kessels Road, Nathan Qld 4111",Commission Payment,24/10/2023,83300,Japan America Academic Centre,Japan,No,No,,,,,,,,,2039984,,,,,,
,Griffith University,"170 Kessels Road, Nathan Qld 4111",Reference Materials,24/10/2023,889016,John Wiley & Sons Australia Ltd,"Milton, Qld",No,No,Limited,b - (iii) The absence of competition for technical reasons which can only be supplied by a particular supplier and no reasonable alternative exists,,,,,,,2040615,,,,,,
,Griffith University,"170 Kessels Road, Nathan Qld 4111",Reference Materials,24/10/2023,42288,Myjove Australia Inc,Usa,No,No,,,,,,,,,2040599,,,,,,
,Griffith University,"170 Kessels Road, Nathan Qld 4111",Reference Materials,24/10/2023,23681,Oclc (Uk) Limited,England,No,No,,,,,,,,,GU-1996,,,,,,
,Griffith University,"170 Kessels Road, Nathan Qld 4111",Reference Materials,24/10/2023,30992,Oxford University Press Uk,Uk,No,No,,,,,,,,,2039542,,,,,,
,Griffith University,"170 Kessels Road, Nathan Qld 4111",Reference Materials,24/10/2023,11339,Oxford University Press Uk,Uk,No,No,,,,,,,,,2039544,,,,,,
,Griffith University,"170 Kessels Road, Nathan Qld 4111",Reference Materials,24/10/2023,24223,Oxford University Press Uk,Uk,No,No,,,,,,,,,2039545,,,,,,
,Griffith University,"170 Kessels Road, Nathan Qld 4111",Reference Materials,24/10/2023,18444,Oxford University Press Uk,Uk,No,No,,,,,,,,,2039547,,,,,,
,Griffith University,"170 Kessels Road, Nathan Qld 4111",Reference Materials,24/10/2023,32655,Oxford University Press Uk,Uk,No,No,,,,,,,,,2039560,,,,,,
,Griffith University,"170 Kessels Road, Nathan Qld 4111",Reference Materials,24/10/2023,32655,Oxford University Press Uk,Uk,No,No,,,,,,,,,2039645,,,,,,
,Griffith University,"170 Kessels Road, Nathan Qld 4111",Reference Materials,24/10/2023,31899,Oxford University Press Uk,Uk,No,No,,,,,,,,,2039646,,,,,,
,Griffith University,"170 Kessels Road, Nathan Qld 4111",Reference Materials,24/10/2023,26003,Oxford University Press Uk,Uk,No,No,,,,,,,,,2039649,,,,,,
,Griffith University,"170 Kessels Road, Nathan Qld 4111",Reference Materials,24/10/2023,21619,Oxford University Press Uk,Uk,No,No,,,,,,,,,2039650,,,,,,
,Griffith University,"170 Kessels Road, Nathan Qld 4111",Reference Materials,24/10/2023,18747,Oxford University Press Uk,Uk,No,No,,,,,,,,,2039651,,,,,,
,Griffith University,"170 Kessels Road, Nathan Qld 4111",Consultancy Services,24/10/2023,11825,Pureprofile Australia Pty Limited,"Surry Hills, Nsw",No,No,,,,,,,,,2041053,,,,,,
,Griffith University,"170 Kessels Road, Nathan Qld 4111",Patent Application Fee,24/10/2023,16409,Spruson & Ferguson Pty Limited,"Sydney, Nsw",No,No,,,,,,,,,2038903,,,,,,
,Griffith University,"170 Kessels Road, Nathan Qld 4111",Memberships/Subscriptions,25/10/2023,11234,Centre For Internet Security,Usa,No,No,,,,,,,,,384002,,,,,,
,Griffith University,"170 Kessels Road, Nathan Qld 4111",Subscription/Licence Fees Software,25/10/2023,44563,Convergepoint Inc,Usa,No,No,,,,,,,,,"384000,C01522",,,,,,
,Griffith University,"170 Kessels Road, Nathan Qld 4111",Subscription/Licence Fees Software,25/10/2023,24681,Octopus Deploy Pty. Ltd.,"South Brisbane, QLD",No,No,,,,,,,,,384003,,,,,,
,Griffith University,"170 Kessels Road, Nathan Qld 4111",Scientific Equipment,26/10/2023,25746,Brightside Scientific Pty Ltd,"Tuggerah, Nsw",No,No,,,,,,,,,384046,,,,,,
,Griffith University,"170 Kessels Road, Nathan Qld 4111",Building Construction & Maintenance,26/10/2023,20295,Lucid Consulting Engineers (Qld) Pty Ltd,"Brisbane, Qld",No,No,,,,,,,,,384051,,,,,,
,Griffith University,"170 Kessels Road, Nathan Qld 4111",Marketing Fees,26/10/2023,26928,Trinity P3 Pty Ltd,"North Sydney, NSW",No,No,,,,,,,,,384039,,,,,,
,Griffith University,"170 Kessels Road, Nathan Qld 4111",Building Construction & Maintenance,27/10/2023,1088395,Heritage Tree Care,"Sumner, Qld",No,No,Selective,,,,,,,,384107,,,,,,
,Griffith University,"170 Kessels Road, Nathan Qld 4111",Building Construction & Maintenance,27/10/2023,41514302,Lendlease Construction (Qld / Wa) Pty Li,"Barangaroo, Nsw",Yes,No,Open,,,,,,,,384105 407440,,,,,,
,Griffith University,"170 Kessels Road, Nathan Qld 4111",Consultancy Services,27/10/2023,111100,Nous Group Pty. Ltd.,"Melbourne, Vic",No,No,,,,,,,,,384102,,,,,,
,Griffith University,"170 Kessels Road, Nathan Qld 4111",Scientific Equipment,27/10/2023,17886,Ot Bioelettronica Srl,Italy,No,No,,,,,,,,,384082,,,,,,
,Griffith University,"170 Kessels Road, Nathan Qld 4111",Building Construction & Maintenance,27/10/2023,30525,Programmed Electrical Technologies Ltd,"Newstead, Qld",No,No,,,,,,,,,384097,,,,,,
,Griffith University,"170 Kessels Road, Nathan Qld 4111",Consultancy Services,27/10/2023,10010,The Trustee For Nettleton Tribe Practice,"Spring Hill, Qld",No,No,,,,,,,,,384104,,,,,,
,Griffith University,"170 Kessels Road, Nathan Qld 4111",Consultancy Services,27/10/2023,54956,Turner & Townsend Pty Ltd,"Brisbane, QLD",No,No,,,,,,,,,384076,,,,,,
,Griffith University,"170 Kessels Road, Nathan Qld 4111",Subscription/Licence Fees Software,27/10/2023,2121146,Uipath Srl,Romania,No,No,Limited,"c - (i) Cannot be made for technical reasons such as requirements of interchangeability or interoperability with existing equipment, software, services or installations procured under the initial procurement, or due to conditions under original supplier warranties",,,,,,,GU-2053,,,,,,
,Griffith University,"170 Kessels Road, Nathan Qld 4111",Equipment Maintenance,29/10/2023,40700,Bruker Pty Ltd,"Alexandria, Nsw",No,No,,,,,,,,,384113,,,,,,
,Griffith University,"170 Kessels Road, Nathan Qld 4111",Building Construction & Maintenance,30/10/2023,49594,Aquatic Weed Management Pty Ltd,"Greenbank,Qld",No,No,,,,,,,,,384118,,,,,,
,Griffith University,"170 Kessels Road, Nathan Qld 4111",Audio Visual Equipment,30/10/2023,20565,Digital Camera Warehouse,"Canterbury, Nsw",No,No,,,,,,,,,384129,,,,,,
,Griffith University,"170 Kessels Road, Nathan Qld 4111",Audio Visual Equipment,30/10/2023,14520,Luminous A/V & Electrical Pty Ltd,Qld,No,No,,,,,,,,,384146,,,,,,
,Griffith University,"170 Kessels Road, Nathan Qld 4111",Subscription/Licence Fees Software,30/10/2023,59520,Securew2,Amsterdam,No,No,,,,,,,,,384132,,,,,,
,Griffith University,"170 Kessels Road, Nathan Qld 4111",Building Construction & Maintenance,30/10/2023,17848,Sports Turf Operations Pty Ltd,"Tamborine, QLD",No,No,,,,,,,,,384125,,,,,,
,Griffith University,"170 Kessels Road, Nathan Qld 4111",Consultancy Services,30/10/2023,370874,The Trustee For Computers Now Unit Trust,"Notting Hill, VIC",Yes,No,,,,,,,,,384149 389864,,,,,,
,Griffith University,"170 Kessels Road, Nathan Qld 4111",Audio Visual Equipment,30/10/2023,50594,Videopro Pty Ltd,"Eagle Farm, Qld",No,No,,,,,,,,,384152,,,,,,
,Griffith University,"170 Kessels Road, Nathan Qld 4111",Consultancy Services,31/10/2023,23540,Accent Research,"Paddington, Nsw",No,No,,,,,,,,,384178,,,,,,
,Griffith University,"170 Kessels Road, Nathan Qld 4111",Marketing Fees,31/10/2023,12168,Brisbane Digital Co,"Albany Creek, Qld",No,No,,,,,,,,,2041259,,,,,,
,Griffith University,"170 Kessels Road, Nathan Qld 4111",Marketing Fees,31/10/2023,49461,Coevent Pty Ltd,"Mudgeeraba, Qld",No,No,,,,,,,,,2042921,,,,,,
,Griffith University,"170 Kessels Road, Nathan Qld 4111",Reference Materials,31/10/2023,17120,Ebsco International Inc,"North Sydney, Nsw",No,No,,,,,,,,,2041643,,,,,,
,Griffith University,"170 Kessels Road, Nathan Qld 4111",Reference Materials,31/10/2023,13143,Ebsco International Inc,"North Sydney, Nsw",No,No,,,,,,,,,2041644,,,,,,
,Griffith University,"170 Kessels Road, Nathan Qld 4111",Reference Materials,31/10/2023,19267,Ebsco International Inc,"North Sydney, Nsw",No,No,,,,,,,,,2041686,,,,,,
,Griffith University,"170 Kessels Road, Nathan Qld 4111",Reference Materials,31/10/2023,51810,Ebsco International Inc,"North Sydney, Nsw",No,No,,,,,,,,,2041690,,,,,,
,Griffith University,"170 Kessels Road, Nathan Qld 4111",Reference Materials,31/10/2023,18819,Ebsco International Inc,"North Sydney, Nsw",No,No,,,,,,,,,2041692,,,,,,
,Griffith University,"170 Kessels Road, Nathan Qld 4111",Conference Expenses,31/10/2023,12500,Fire And Safety Australia Pty Ltd,"Mulgrave, Vic",No,No,,,,,,,,,2040125,,,,,,
,Griffith University,"170 Kessels Road, Nathan Qld 4111",Consultancy Services,31/10/2023,446600,Nous Group Pty. Ltd.,"Melbourne, Vic",Yes,No,,,,,,,,,384186,,,,,,
,Griffith University,"170 Kessels Road, Nathan Qld 4111",Scientific Equipment,31/10/2023,16707,Powerbox Australia Pty Ltd,"Mount Kuring-Gai, Nsw",No,No,,,,,,,,,384163,,,,,,
,Griffith University,"170 Kessels Road, Nathan Qld 4111",Building Construction & Maintenance,31/10/2023,419727,Ryan Wilks Pty. Ltd.,"Murarrie, Qld",No,No,,,,,,,,,384172,,,,,,
,Griffith University,"170 Kessels Road, Nathan Qld 4111",Building Construction & Maintenance,31/10/2023,144397,Schneider Electric (Australia) Pty Limit,"Macquarie Park, NSW",No,No,,,,,,,,,384171,,,,,,
,Griffith University,"170 Kessels Road, Nathan Qld 4111",Building Construction & Maintenance,31/10/2023,17805,Securcom Pty Ltd,"Brendale, Qld",No,No,,,,,,,,,384191,,,,,,
,Griffith University,"170 Kessels Road, Nathan Qld 4111",Building Construction & Maintenance,31/10/2023,15059,Securcom Pty Ltd,"Brendale, Qld",No,No,,,,,,,,,384192,,,,,,
,Griffith University,"170 Kessels Road, Nathan Qld 4111",Consultancy Services,31/10/2023,164120,Software Education Australia Pty Ltd,"Brisbane, Qld",No,No,,,,,,,,,384195,,,,,,
,Griffith University,"170 Kessels Road, Nathan Qld 4111",Event Expenditure,31/10/2023,11125,The Preston Campbell Foundation Limited,"Coomera, Qld",No,No,,,,,,,,,2041255,,,,,,
,Griffith University,"170 Kessels Road, Nathan Qld 4111",Consultancy Services,31/10/2023,106260,Wallis Nominees (Computing) Pty. Ltd.,"Melbourne, Vic",Yes,No,,,,,,,,,384182,,,,,,
,Griffith University,"170 Kessels Road, Nathan Qld 4111",Building Construction & Maintenance,2/11/2023,13125,Aegis Safety Pty Ltd,"Geebung, Qld",No,No,,,,,,,,,384245,,,,,,
,Griffith University,"170 Kessels Road, Nathan Qld 4111",Equipment Maintenance,2/11/2023,19580,Amalgamated Property Maint. Brisbane P/L,"Rochedale South, Qld",No,No,,,,,,,,,384258,,,,,,
,Griffith University,"170 Kessels Road, Nathan Qld 4111",Subscription/Licence Fees Software,2/11/2023,11281,Bluebeam Australia Pty Ltd.,"Brisbane, Qld",No,No,,,,,,,,,384259,,,,,,
,Griffith University,"170 Kessels Road, Nathan Qld 4111",Consultancy Services,2/11/2023,210980,Data #3 Limited,"Indooroopilly, Qld",Yes,No,,,,,,,,,384274,,,,,,
,Griffith University,"170 Kessels Road, Nathan Qld 4111",Software Support Maintenance,2/11/2023,71774,Integrated Research Systems Pty Ltd,"Carlton, Vic",No,No,,,,,,,,,384260,,,,,,
,Griffith University,"170 Kessels Road, Nathan Qld 4111",Subscription/Licence Fees Software,3/11/2023,10285,Agent Bee,"Yarralumla, Act",No,No,,,,,,,,,384293,,,,,,
,Griffith University,"170 Kessels Road, Nathan Qld 4111",Building Construction & Maintenance,3/11/2023,365578,Apollo Property Group,"Brisbane, Qld",Yes,No,,,,,,,,,384292,,,,,,
,Griffith University,"170 Kessels Road, Nathan Qld 4111",Chemical/Biological Products,3/11/2023,21467,Bio-Strategy Pty Limited,"Campbellfield, Vic",No,No,,,,,,,,,384333,,,,,,
,Griffith University,"170 Kessels Road, Nathan Qld 4111",Building Construction & Maintenance,3/11/2023,70290,Bse (Qld) Pty Ltd,"Brisbane, Qld",No,No,,,,,,,,,384322,,,,,,
,Griffith University,"170 Kessels Road, Nathan Qld 4111",Building Construction & Maintenance,3/11/2023,17212,Descab Pty Ltd T/A Qld Multi Trades,"Tingalpa, Qld",No,No,,,,,,,,,384338,,,,,,
,Griffith University,"170 Kessels Road, Nathan Qld 4111",Building Construction & Maintenance,3/11/2023,22605,E.D.C. Systems Pty Ltd,"Cannon Hill, Qld",No,No,,,,,,,,,384289,,,,,,
,Griffith University,"170 Kessels Road, Nathan Qld 4111",Marketing Fees,3/11/2023,31559,Hotpromos Pty Ltd,"Dandenong South, Vic",No,No,,,,,,,,,384283,,,,,,
,Griffith University,"170 Kessels Road, Nathan Qld 4111",Building Construction & Maintenance,3/11/2023,37950,Jha Consulting Engineers (Qld) Pty Ltd,"Teneriffe, Qld",No,No,,,,,,,,,384290,,,,,,
,Griffith University,"170 Kessels Road, Nathan Qld 4111",Building Construction & Maintenance,3/11/2023,23650,Lab Architects Pty Ltd,"Chapel Hill, Qld",No,No,,,,,,,,,384284,,,,,,
,Griffith University,"170 Kessels Road, Nathan Qld 4111",Scientific Equipment,3/11/2023,254736,Nano Vacuum Pty Ltd,"Castle Hill, Nsw",No,No,,,,,,,,,384315,,,,,,
,Griffith University,"170 Kessels Road, Nathan Qld 4111",Scientific Equipment,3/11/2023,230190,Perkinelmer (Australia) Pty. Ltd.,"Mulgrave, Vic",No,No,,,,,,,,,384296,,,,,,
,Griffith University,"170 Kessels Road, Nathan Qld 4111",Subscription/Licence Fees Software,3/11/2023,38866,Price Waterhouse Coopers,"Sydney, Nsw",No,No,,,,,,,,,384316,,,,,,
,Griffith University,"170 Kessels Road, Nathan Qld 4111",Building Construction & Maintenance,3/11/2023,89388,Ryan Wilks Pty. Ltd.,"Murarrie, Qld",Yes,No,,,,,,,,,384332,,,,,,
,Griffith University,"170 Kessels Road, Nathan Qld 4111",Scientific Equipment,3/11/2023,66000,Shimadzu Scientific Inst. (Oceania)P/L,"Rydalmere, Nsw",No,No,,,,,,,,,384303,,,,,,
,Griffith University,"170 Kessels Road, Nathan Qld 4111",Building Construction & Maintenance,3/11/2023,359540,Zip Heaters Aust Pty Ltd,"Bankstown, Nsw",No,No,,,,,,,,,384306,,,,,,
,Griffith University,"170 Kessels Road, Nathan Qld 4111",Health & Safety Expenses,4/11/2023,12320,Testel Australia Pty Ltd,"Unley, Sa",No,No,,,,,,,,,384343,,,,,,
,Griffith University,"170 Kessels Road, Nathan Qld 4111",Equipment Purchase,6/11/2023,55913,Adec Australia,"Mascot, Nsw",No,No,,,,,,,,,384370,,,,,,
,Griffith University,"170 Kessels Road, Nathan Qld 4111",Building Construction & Maintenance,6/11/2023,10854,Airmaster Corporation Pty Ltd,"Mansfield, Qld",No,No,,,,,,,,,384361,,,,,,
,Griffith University,"170 Kessels Road, Nathan Qld 4111",Audio Visual Equipment,6/11/2023,27192,Esel Pty Ltd,"Lidcombe, Nsw",No,No,,,,,,,,,384375,,,,,,
,Griffith University,"170 Kessels Road, Nathan Qld 4111",Audio Visual Equipment,6/11/2023,33000,Threeonefive Innovations,"Labrador, Qld",No,No,,,,,,,,,384371,,,,,,
,Griffith University,"170 Kessels Road, Nathan Qld 4111",Building Construction & Maintenance,7/11/2023,16453,A1 Building & Property Solutions Pty Ltd,"The Gap, Qld",No,No,,,,,,,,,384410,,,,,,
,Griffith University,"170 Kessels Road, Nathan Qld 4111",Equipment Maintenance,7/11/2023,13889,Bushcare Services,"Bethania, Qld",No,No,,,,,,,,,2043581,,,,,,
,Griffith University,"170 Kessels Road, Nathan Qld 4111",Excursions Expenses,7/11/2023,135496,Centre For International Studies Pty Ltd,"Ashmore City, Qld",No,No,,,,,,,,,384426,,,,,,
,Griffith University,"170 Kessels Road, Nathan Qld 4111",Printing Expenses,7/11/2023,58054,Cpx Pty Ltd,"Kelvin Grove, Qld",No,No,,,,,,,,,2043738,,,,,,
,Griffith University,"170 Kessels Road, Nathan Qld 4111",Reference Materials,7/11/2023,141109,Elsevier Inc.,Usa,No,No,,,,,,,,,2040611,,,,,,
,Griffith University,"170 Kessels Road, Nathan Qld 4111",Consultancy Services,7/11/2023,46772,Natura Pacific Pty Ltd,"Burleigh, Qld",No,No,,,,,,,,,2043741 2043740,,,,,,
,Griffith University,"170 Kessels Road, Nathan Qld 4111",Legal Fees,7/11/2023,38148,Price Waterhouse Coopers,"Sydney, Nsw",No,No,,,,,,,,,2044051,,,,,,
,Griffith University,"170 Kessels Road, Nathan Qld 4111",Building Construction & Maintenance,7/11/2023,2491071,Quadric Pty Ltd,"Brisbane, Qld",No,No,Selective,,,,,,,,384393,,,,,,
,Griffith University,"170 Kessels Road, Nathan Qld 4111",Consultancy Services,7/11/2023,16280,Resilient Projects Pty. Ltd.,"Kirwan, Qld",No,No,,,,,,,,,384427,,,,,,
,Griffith University,"170 Kessels Road, Nathan Qld 4111",External Course Delivery,7/11/2023,19153,Rodney William Carter,Qld,No,No,,,,,,,,,2042490 2042492,,,,,,
,Griffith University,"170 Kessels Road, Nathan Qld 4111",Scientific Equipment,7/11/2023,15041,"Rwd Life Science Co., Ltd","Seventeen Mile Rocks, Qld",No,No,,,,,,,,,384411,,,,,,
,Griffith University,"170 Kessels Road, Nathan Qld 4111",Subscription/Licence Fees Software,7/11/2023,90449,Sas Institute Australia Pty Ltd,"Seventeen Mile Rocks, Qld",No,No,,,,,,,,,384398,,,,,,
,Griffith University,"170 Kessels Road, Nathan Qld 4111",Security Services,7/11/2023,13829,Securcom Pty Ltd,"Brendale, Qld",No,No,,,,,,,,,384412,,,,,,
,Griffith University,"170 Kessels Road, Nathan Qld 4111",Reference Materials,7/11/2023,14958,Therapeutic Research Centre,Usa,No,No,,,,,,,,,2040884,,,,,,
,Griffith University,"170 Kessels Road, Nathan Qld 4111",Subscription/Licence Fees Software,8/11/2023,337260,Liferay Australia Pty. Ltd.,"Darlinghurst, Nsw",No,No,,,,,,,,,384438,,,,,,
,Griffith University,"170 Kessels Road, Nathan Qld 4111",Software Support Maintenance,8/11/2023,10560,Orikan Australia Pty Ltd,"South Wharf, VIC",No,No,,,,,,,,,384437,,,,,,
,Griffith University,"170 Kessels Road, Nathan Qld 4111",Software Support Maintenance,8/11/2023,14645,Point & Click Solutions Inc,"Seventeen Mile Rocks, Qld",No,No,,,,,,,,,384480,,,,,,
,Griffith University,"170 Kessels Road, Nathan Qld 4111",Software Support Maintenance,8/11/2023,98736,Red Hat Asia-Pacific Pty Ltd,"Brisbane, Qld",No,No,,,,,,,,,384439,,,,,,
,Griffith University,"170 Kessels Road, Nathan Qld 4111",Subscription/Licence Fees Software,8/11/2023,51863,Redbourne Business Services (Australia),Netherlands,No,No,,,,,,,,,384440,,,,,,
,Griffith University,"170 Kessels Road, Nathan Qld 4111",Building Construction & Maintenance,8/11/2023,15333,Safe Footpaths Nsw Limited,"Neutral Bay, Nsw",No,No,,,,,,,,,384450,,,,,,
,Griffith University,"170 Kessels Road, Nathan Qld 4111",Consultancy Services,8/11/2023,165000,Verticurl Marketing Services Pty Ltd,"Millers Point, Nsw",No,No,,,,,,,,,384460,,,,,,
,Griffith University,"170 Kessels Road, Nathan Qld 4111",Event Expenditure,9/11/2023,269500,Brisbane Convention And Exhibition Centr,"Brisbane, Qld",No,No,,,,,,,,,384514,,,,,,
,Griffith University,"170 Kessels Road, Nathan Qld 4111",Consultancy Services,9/11/2023,130840,Darren Christopher Lukas,Indonesia,No,No,,,,,,,,,384535,,,,,,
,Griffith University,"170 Kessels Road, Nathan Qld 4111",Freight Fees,9/11/2023,13200,Fedex Express Australia Pty Ltd,"Mascot, Nsw",No,No,,,,,,,,,384495,,,,,,
,Griffith University,"170 Kessels Road, Nathan Qld 4111",Scientific Equipment,9/11/2023,16510,Hasomed Gmbh,Germany,No,No,,,,,,,,,384492,,,,,,
,Griffith University,"170 Kessels Road, Nathan Qld 4111",Equipment Purchase,9/11/2023,19989,Kawai Australia Pty Ltd,"St Leonards, Nsw",No,No,,,,,,,,,384521,,,,,,
,Griffith University,"170 Kessels Road, Nathan Qld 4111",Building Construction & Maintenance,9/11/2023,83600,Steele Wrobel Pty Ltd,"Brisbane, Qld",No,No,,,,,,,,,384505,,,,,,
,Griffith University,"170 Kessels Road, Nathan Qld 4111",Consultancy Services,9/11/2023,66000,The Trustee For Granted Group Unit Trust,"Bentleigh, Vic",No,No,,,,,,,,,384532,,,,,,
,Griffith University,"170 Kessels Road, Nathan Qld 4111",Software Support Maintenance,10/11/2023,10450,Aquion Pty Ltd,"Mosman, Nsw",No,No,,,,,,,,,384568,,,,,,
,Griffith University,"170 Kessels Road, Nathan Qld 4111",Subscription/Licence Fees Software,10/11/2023,17014,Caval Limited,"Bundoora, Vic",No,No,,,,,,,,,384566,,,,,,
,Griffith University,"170 Kessels Road, Nathan Qld 4111",Consultancy Services,10/11/2023,56000,Kruidenier Consulting,"Springfield Lakes, Qld",No,No,,,,,,,,,384543,,,,,,
,Griffith University,"170 Kessels Road, Nathan Qld 4111",Subscription/Licence Fees Software,10/11/2023,69850,Linkedin Singapore Pte Ltd,Singapore,No,No,,,,,,,,,384569,,,,,,
,Griffith University,"170 Kessels Road, Nathan Qld 4111",Audio Visual Equipment,10/11/2023,120395,Programmed Electrical Technologies Ltd,"Newstead, Qld",No,No,,,,,,,,,384556,,,,,,
,Griffith University,"170 Kessels Road, Nathan Qld 4111",Audio Visual Equipment,10/11/2023,171677,Programmed Electrical Technologies Ltd,"Newstead, Qld",No,No,,,,,,,,,384557,,,,,,
,Griffith University,"170 Kessels Road, Nathan Qld 4111",Building Construction & Maintenance,10/11/2023,10428,Rothwells Commercial Painters Pty Ltd,"Murwillumbah, Nsw",No,No,,,,,,,,,384565,,,,,,
,Griffith University,"170 Kessels Road, Nathan Qld 4111",Scientific Equipment,10/11/2023,13750,Scope Scientific,"Kelvin Grove, Qld",No,No,,,,,,,,,384563,,,,,,
,Griffith University,"170 Kessels Road, Nathan Qld 4111",Security Services,10/11/2023,13607,Securcom Pty Ltd,"Brendale, Qld",No,No,,,,,,,,,384538,,,,,,
,Griffith University,"170 Kessels Road, Nathan Qld 4111",Security Services,11/11/2023,183648,Spotless Facility Services Pty Ltd,"Melbourne, Vic",No,No,,,,,,,,,384586,,,,,,
,Griffith University,"170 Kessels Road, Nathan Qld 4111",Marketing Fees,13/11/2023,38500,Canstar Blue Pty Limited,"Brisbane, Qld",No,No,,,,,,,,,384635,,,,,,
,Griffith University,"170 Kessels Road, Nathan Qld 4111",Building Construction & Maintenance,13/11/2023,11385,Clean Juice Australia Pty Ltd,"Helensvale, Qld",No,No,,,,,,,,,384598,,,,,,
,Griffith University,"170 Kessels Road, Nathan Qld 4111",Scientific Equipment,13/11/2023,109780,Innovative Medical Technologies Pty Ltd,"Oakleigh, Vic",No,No,,,,,,,,,384634,,,,,,
,Griffith University,"170 Kessels Road, Nathan Qld 4111",Building Construction & Maintenance,13/11/2023,18964,Sabe Services Group,"Loganholme, Qld",No,No,,,,,,,,,384596,,,,,,
,Griffith University,"170 Kessels Road, Nathan Qld 4111",Consultancy Services,13/11/2023,81917,Vib Vzw,Belgium,No,No,,,,,,,,,384595,,,,,,
,Griffith University,"170 Kessels Road, Nathan Qld 4111",Telecommunications Expenditure,14/11/2023,29700,Aarnet,"Canberra, Act",No,No,,,,,,,,,2044975,,,,,,
,Griffith University,"170 Kessels Road, Nathan Qld 4111",Reference Materials,14/11/2023,10427,About3 Learning Pty Ltd,"Scoresby, Vic",No,No,,,,,,,,,2041652,,,,,,
,Griffith University,"170 Kessels Road, Nathan Qld 4111",Reference Materials,14/11/2023,15427,American Society For Microbiology,Usa,No,No,,,,,,,,,2041834,,,,,,
,Griffith University,"170 Kessels Road, Nathan Qld 4111",Consultancy Services,14/11/2023,76315,Badan Riset Dan Inovasi Nasional,Jakarta,Yes,No,,,,,,,,,2044848 385295,,,,,,
,Griffith University,"170 Kessels Road, Nathan Qld 4111",Scientific Equipment,14/11/2023,10815,Elvesys,Paris,No,No,,,,,,,,,384644,,,,,,
,Griffith University,"170 Kessels Road, Nathan Qld 4111",Reference Materials,14/11/2023,728100,Informa Uk Ltd,Uk,No,No,Limited,b - (iii) The absence of competition for technical reasons which can only be supplied by a particular supplier and no reasonable alternative exists,,,,,,,2042600,,,,,,
,Griffith University,"170 Kessels Road, Nathan Qld 4111",Event Expenditure,14/11/2023,13488,M3 Media (Hankins Family Trust),"Heritage Park, Qld",No,No,,,,,,,,,2041150,,,,,,
,Griffith University,"170 Kessels Road, Nathan Qld 4111",Event Expenditure,14/11/2023,43138,Minnikin & Co Pty Ltd,"Tamborine, QLD",No,No,,,,,,,,,2045104,,,,,,
,Griffith University,"170 Kessels Road, Nathan Qld 4111",Audio Visual Equipment,14/11/2023,20141,Videopro Pty Ltd,"Eagle Farm, Qld",No,No,,,,,,,,,384640,,,,,,
,Griffith University,"170 Kessels Road, Nathan Qld 4111",Building Construction & Maintenance,15/11/2023,20504,Aussafe Consulting Pty Ltd,"Milton, Qld",No,No,,,,,,,,,384711,,,,,,
,Griffith University,"170 Kessels Road, Nathan Qld 4111",Building Construction & Maintenance,15/11/2023,23760,Building Certifiers Australia Pty Ltd,"Caloundra, Qld",No,No,,,,,,,,,384707,,,,,,
,Griffith University,"170 Kessels Road, Nathan Qld 4111",Consultancy Services,15/11/2023,666160,Cubane Consulting Pty Ltd,"Sydney, Nsw",No,No,Limited,a - (ii) No tenders were submitted that conform to the essential requirements in the tender documentation,,,,,,,384702 395345,,,,,,
,Griffith University,"170 Kessels Road, Nathan Qld 4111",Software Support Maintenance,15/11/2023,98487,Cyon Knowledge Computing Pty Ltd,"Mascot, Nsw",No,No,,,,,,,,,384695,,,,,,
,Griffith University,"170 Kessels Road, Nathan Qld 4111",Subscription/Licence Fees Software,15/11/2023,385592,Examsoft Worldwide Llc,Usa,No,No,,,,,,,,,384693,,,,,,
,Griffith University,"170 Kessels Road, Nathan Qld 4111",Equipment Purchase,15/11/2023,28981,Halogen Pools,"Miami, Qld",No,No,,,,,,,,,384690,,,,,,
,Griffith University,"170 Kessels Road, Nathan Qld 4111",Building Construction & Maintenance,15/11/2023,13888,Orikan New Zealand Limited,New Zealand,No,No,,,,,,,,,384708,,,,,,
,Griffith University,"170 Kessels Road, Nathan Qld 4111",Building Construction & Maintenance,15/11/2023,76525,Roadtek,"Nerang, Qld",No,No,,,,,,,,,384691,,,,,,
,Griffith University,"170 Kessels Road, Nathan Qld 4111",Chemical/Biological Products,15/11/2023,10947,Thermo Fisher Scientific Australia,"Scoresby, Vic",No,No,,,,,,,,,384718,,,,,,
,Griffith University,"170 Kessels Road, Nathan Qld 4111",Consultancy Services,15/11/2023,17930,Wellingtons Coaching & Development Pty L,"Sherwood, Qld",Yes,No,,,,,,,,,384712,,,,,,
,Griffith University,"170 Kessels Road, Nathan Qld 4111",Telecommunications Expenditure,15/11/2023,21247,"Xinspire, Llc","Camberwell, Vic",No,No,,,,,,,,,384696,,,,,,
,Griffith University,"170 Kessels Road, Nathan Qld 4111",Event Expenditure,16/11/2023,40700,Brisbane Convention And Exhibition Centr,"Brisbane, Qld",No,No,,,,,,,,,384782,,,,,,
,Griffith University,"170 Kessels Road, Nathan Qld 4111",Building Construction & Maintenance,16/11/2023,16500,Crown Mechanical Electrical Pty Ltd,"Rochedale South, Qld",No,No,,,,,,,,,384777,,,,,,
,Griffith University,"170 Kessels Road, Nathan Qld 4111",Subscription/Licence Fees Software,16/11/2023,79963,Cybercx Pty Ltd,"Melbourne, Vic",No,No,,,,,,,,,384749,,,,,,
,Griffith University,"170 Kessels Road, Nathan Qld 4111",Subscription/Licence Fees Software,16/11/2023,29811,Cyclone Computer Company Limited,New Zealand,No,No,,,,,,,,,384776,,,,,,
,Griffith University,"170 Kessels Road, Nathan Qld 4111",Subscription/Licence Fees Software,16/11/2023,23775,Dhi Water And Environment Pty Ltd,"Brisbane, Qld",No,No,,,,,,,,,384779,,,,,,
,Griffith University,"170 Kessels Road, Nathan Qld 4111",Legal Fees,16/11/2023,16500,Hwl Ebsworth Lawyers,"Brisbane, Qld",No,No,,,,,,,,,384758,,,,,,
,Griffith University,"170 Kessels Road, Nathan Qld 4111",Building Construction & Maintenance,16/11/2023,401269,Jha Consulting Engineers (Qld) Pty Ltd,"Teneriffe, Qld",No,No,,,,,,,,,384786,,,,,,
,Griffith University,"170 Kessels Road, Nathan Qld 4111",Event Expenditure,16/11/2023,14400,Michael O'Regan,Nsw,No,No,,,,,,,,,2044969,,,,,,
,Griffith University,"170 Kessels Road, Nathan Qld 4111",Subscription/Licence Fees Software,16/11/2023,151766,New Relic Inc,Usa,No,No,,,,,,,,,384748,,,,,,
,Griffith University,"170 Kessels Road, Nathan Qld 4111",Consultancy Services,16/11/2023,13090,The Trustee For Granted Group Unit Trust,"Bentleigh, Vic",No,No,,,,,,,,,384771,,,,,,
,Griffith University,"170 Kessels Road, Nathan Qld 4111",Consultancy Services,16/11/2023,13090,The Trustee For Granted Group Unit Trust,"Bentleigh, Vic",No,No,,,,,,,,,384772,,,,,,
,Griffith University,"170 Kessels Road, Nathan Qld 4111",Scientific Equipment,16/11/2023,16429,Thermo Fisher Scientific Australia,"Scoresby, Vic",No,No,,,,,,,,,384742,,,,,,
,Griffith University,"170 Kessels Road, Nathan Qld 4111",Building Construction & Maintenance,17/11/2023,54560,Downunder Earthworks Pty Ltd,"Buccan, Qld",No,No,,,,,,,,,384820,,,,,,
,Griffith University,"170 Kessels Road, Nathan Qld 4111",Building Construction & Maintenance,17/11/2023,22660,Jha Consulting Engineers (Qld) Pty Ltd,"Teneriffe, Qld",No,No,,,,,,,,,384811,,,,,,
,Griffith University,"170 Kessels Road, Nathan Qld 4111",Consultancy Services,17/11/2023,122965,Ntt Australia Pty Ltd,Usa,No,No,,,,,,,,,384813,,,,,,
,Griffith University,"170 Kessels Road, Nathan Qld 4111",Equipment Purchase,18/11/2023,12109,Jb Hi Fi Group Pty Ltd,"Macgregor, Qld",No,No,,,,,,,,,384846,,,,,,
,Griffith University,"170 Kessels Road, Nathan Qld 4111",Building Construction & Maintenance,20/11/2023,68710,A1 Building & Property Solutions Pty Ltd,"The Gap, Qld",No,No,,,,,,,,,384860,,,,,,
,Griffith University,"170 Kessels Road, Nathan Qld 4111",Consultancy Services,20/11/2023,110000,Alphaprop Holdings Pty Ltd,"Seventeen Mile Rocks, Qld",Yes,No,,,,,,,,,384857,,,,,,
,Griffith University,"170 Kessels Road, Nathan Qld 4111",Laboratory Consumables,20/11/2023,10338,Emr Shielding Solutions Inc.,Canada,No,No,,,,,,,,,384878,,,,,,
,Griffith University,"170 Kessels Road, Nathan Qld 4111",Marketing Fees,20/11/2023,11440,Hotpromos Pty Ltd,"Dandenong South, Vic",No,No,,,,,,,,,384861,,,,,,
,Griffith University,"170 Kessels Road, Nathan Qld 4111",Consultancy Services,20/11/2023,715000,Nous Group Pty. Ltd.,"Melbourne, Vic",No,No,Selective,,,,,,,,384874,,,,,,
,Griffith University,"170 Kessels Road, Nathan Qld 4111",Equipment Maintenance,20/11/2023,10313,Roger Brandon Technical Services,Qld,No,No,,,,,,,,,384889,,,,,,
,Griffith University,"170 Kessels Road, Nathan Qld 4111",Laboratory Consumables,20/11/2023,14038,Simson Micro (Shanghai) Electronic Techn,"Shanghai, ",No,No,,,,,,,,,384858,,,,,,
,Griffith University,"170 Kessels Road, Nathan Qld 4111",Building Construction & Maintenance,20/11/2023,69091,Waller Plumbing Pty Ltd,"Wynnum West, Qld",No,No,,,,,,,,,384890,,,,,,
,Griffith University,"170 Kessels Road, Nathan Qld 4111",Equipment Maintenance,21/11/2023,39452,A1 Building & Property Solutions Pty Ltd,"The Gap, Qld",No,No,,,,,,,,,384912,,,,,,
,Griffith University,"170 Kessels Road, Nathan Qld 4111",Building Construction & Maintenance,21/11/2023,47187,A1 Building & Property Solutions Pty Ltd,"The Gap, Qld",No,No,,,,,,,,,384913,,,,,,
,Griffith University,"170 Kessels Road, Nathan Qld 4111",Scientific Equipment,21/11/2023,11156,Aqua Lung Australia Pty Ltd,"Heidelberg West, Vic",No,No,,,,,,,,,384946,,,,,,
,Griffith University,"170 Kessels Road, Nathan Qld 4111",Consultancy Services,21/11/2023,11000,Australian Catholic University Limited,"Strathfield, Nsw",No,No,,,,,,,,,384915,,,,,,
,Griffith University,"170 Kessels Road, Nathan Qld 4111",Memberships/Subscriptions,21/11/2023,13213,Australian Network On Disability Ltd,Nsw,No,No,,,,,,,,,2046300,,,,,,
,Griffith University,"170 Kessels Road, Nathan Qld 4111",Consultancy Services,21/11/2023,65536,Beyond The Pale Indigenous Corporation,"Wanora, Qld",No,No,,,,,,,,,384927,,,,,,
,Griffith University,"170 Kessels Road, Nathan Qld 4111",Equipment Maintenance,21/11/2023,198396,Bio-Strategy Pty Limited,"Campbellfield, Vic",No,No,,,,,,,,,384905,,,,,,
,Griffith University,"170 Kessels Road, Nathan Qld 4111",Reference Materials,21/11/2023,51977,Bmj Publishing Group Ltd,London,No,No,,,,,,,,,2045368,,,,,,
,Griffith University,"170 Kessels Road, Nathan Qld 4111",Reference Materials,21/11/2023,30800,Cengage Learning Australia Pty Ltd,"South Melbourne, Vic",No,No,,,,,,,,,2042615,,,,,,
,Griffith University,"170 Kessels Road, Nathan Qld 4111",Reference Materials,21/11/2023,18366,Ebsco International Inc,"North Sydney, Nsw",No,No,,,,,,,,,2042815,,,,,,
,Griffith University,"170 Kessels Road, Nathan Qld 4111",Equipment Maintenance,21/11/2023,13066,Elite Test & Tag Brisbane South,"Holland Park West, Qld",No,No,,,,,,,,,384906,,,,,,
,Griffith University,"170 Kessels Road, Nathan Qld 4111",Reference Materials,21/11/2023,11517,Ex Libris (Australia) Pty Ltd,"Dulwich, Sa",No,No,,,,,,,,,2042770,,,,,,
,Griffith University,"170 Kessels Road, Nathan Qld 4111",Scientific Equipment,21/11/2023,121040,Ezzi Vision,"Chimside Park, Vic",No,No,,,,,,,,,384911,,,,,,
,Griffith University,"170 Kessels Road, Nathan Qld 4111",Reference Materials,21/11/2023,19487,Igroup (Australasia) Pty Ltd,"Melbourne, Vic",No,No,,,,,,,,,2043756,,,,,,
,Griffith University,"170 Kessels Road, Nathan Qld 4111",Reference Materials,21/11/2023,14963,Igroup (Australasia) Pty Ltd,"Melbourne, Vic",No,No,,,,,,,,,2043757,,,,,,
,Griffith University,"170 Kessels Road, Nathan Qld 4111",Insurance,21/11/2023,534949,International Sos (Anz) Pty Ltd,"Macquarie Park, NSW",No,No,Open,,,,,,,,2042952,,,,,,
,Griffith University,"170 Kessels Road, Nathan Qld 4111",Reference Materials,21/11/2023,109715,John Wiley & Sons Australia Ltd,"Milton, Qld",No,No,,,,,,,,,2045938,,,,,,
,Griffith University,"170 Kessels Road, Nathan Qld 4111",Marketing Fees,21/11/2023,53625,Pixel Palace Pty Ltd,"Ferny Hills, Qld",No,No,,,,,,,,,384928,,,,,,
,Griffith University,"170 Kessels Road, Nathan Qld 4111",Equipment Maintenance,21/11/2023,19692,Tecniplast Australia Pty Limited,"Lane Cove, Nsw",No,No,,,,,,,,,384916,,,,,,
,Griffith University,"170 Kessels Road, Nathan Qld 4111",Conference Expenses,21/11/2023,19134,The Ship Inn,"Brisbane, Qld",No,No,,,,,,,,,2044639,,,,,,
,Griffith University,"170 Kessels Road, Nathan Qld 4111",Scientific Equipment,22/11/2023,20184,Andi-Co Australia Pty. Ltd.,"Oakleigh, Vic",No,No,,,,,,,,,384955,,,,,,
,Griffith University,"170 Kessels Road, Nathan Qld 4111",IT Equipment,22/11/2023,90990,Dell Australia Pty Ltd,"Frenchs Forest, Nsw",No,No,,,,,,,,,384979,,,,,,
,Griffith University,"170 Kessels Road, Nathan Qld 4111",Equipment Purchase,22/11/2023,12633,Programmed Electrical Technologies Ltd,"Newstead, Qld",No,No,,,,,,,,,384953,,,,,,
,Griffith University,"170 Kessels Road, Nathan Qld 4111",Chemical/Biological Products,23/11/2023,40249,Bio-Strategy Pty Limited,"Campbellfield, Vic",No,No,,,,,,,,,385029,,,,,,
,Griffith University,"170 Kessels Road, Nathan Qld 4111",Marketing Fees,23/11/2023,54560,Idp Education Pty Ltd,"Melbourne, Vic",No,No,,,,,,,,,385002,,,,,,
,Griffith University,"170 Kessels Road, Nathan Qld 4111",Laboratory Consumables,23/11/2023,15468,Ivoclar Vivadent Pty. Ltd.,"Noble Park North, Vic",No,No,,,,,,,,,384998,,,,,,
,Griffith University,"170 Kessels Road, Nathan Qld 4111",Chemical/Biological Products,23/11/2023,11738,Qiagen Pty Ltd,"Chadstone, Vic",No,No,,,,,,,,,385027,,,,,,
,Griffith University,"170 Kessels Road, Nathan Qld 4111",Consultancy Services,23/11/2023,1840244,Qs Enrolment Solutions (Australia) Pty L,"Melbourne, Vic",No,No,Limited,b - (iii) The absence of competition for technical reasons which can only be supplied by a particular supplier and no reasonable alternative exists,,,,,,,2025805,,,,,,
,Griffith University,"170 Kessels Road, Nathan Qld 4111",Subscription/Licence Fees Software,23/11/2023,20708,"Rstudio, Inc",Usa,No,No,,,,,,,,,385006,,,,,,
,Griffith University,"170 Kessels Road, Nathan Qld 4111",Subscription/Licence Fees Software,23/11/2023,17734,Slideroom Technologies Inc,Usa,No,No,,,,,,,,,385022,,,,,,
,Griffith University,"170 Kessels Road, Nathan Qld 4111",Software Support Maintenance,23/11/2023,42049,Starrez Global Pty Ltd,"Melbourne, Vic",No,No,,,,,,,,,385007,,,,,,
,Griffith University,"170 Kessels Road, Nathan Qld 4111",Marketing Fees,23/11/2023,84187,Unijobs Global Pty Ltd,"Brighton, Vic",No,No,,,,,,,,,385009,,,,,,
,Griffith University,"170 Kessels Road, Nathan Qld 4111",Consultancy Services,24/11/2023,41500,Amala Kanagalingam,Queensland,Yes,No,,,,,,,,,385050,,,,,,
,Griffith University,"170 Kessels Road, Nathan Qld 4111",Subscription/Licence Fees Software,24/11/2023,60778,Becton Dickinson Pty Ltd,"Eight Mile Plains, Qld",No,No,,,,,,,,,385053,,,,,,
,Griffith University,"170 Kessels Road, Nathan Qld 4111",Building Construction & Maintenance,24/11/2023,10450,Bornhorst & Ward Pty. Ltd.,"Seventeen Mile Rocks, Qld",No,No,,,,,,,,,385054,,,,,,
,Griffith University,"170 Kessels Road, Nathan Qld 4111",Equipment Purchase,24/11/2023,29397,Data #3 Limited,"Indooroopilly, Qld",No,No,,,,,,,,,385038,,,,,,
,Griffith University,"170 Kessels Road, Nathan Qld 4111",Scientific Equipment,24/11/2023,21450,Mettler Toledo Limited,"Port Melbourne, Vic",No,No,,,,,,,,,385040,,,,,,
,Griffith University,"170 Kessels Road, Nathan Qld 4111",Memberships/Subscriptions,25/11/2023,36850,Caudit,"Kingston, Act",No,No,,,,,,,,,385072,,,,,,
,Griffith University,"170 Kessels Road, Nathan Qld 4111",Equipment Maintenance,25/11/2023,10183,Thermo Fisher Scientific Australia,"Scoresby, Vic",No,No,,,,,,,,,385070,,,,,,
,Griffith University,"170 Kessels Road, Nathan Qld 4111",Equipment Purchase,27/11/2023,83668,Australian Bay Lobster Producers Limited,"Chinderah, Nsw",No,No,,,,,,,,,385096,,,,,,
,Griffith University,"170 Kessels Road, Nathan Qld 4111",Legal Fees,27/11/2023,20000,Cms Hasche Sigle Partnerschaft Von Recht,Hamburg,No,No,,,,,,,,,385095,,,,,,
,Griffith University,"170 Kessels Road, Nathan Qld 4111",Software Support Maintenance,27/11/2023,255295,Cubewise Australia Pty Ltd,"North Sydney, Nsw",No,No,,,,,,,,,385098,,,,,,
,Griffith University,"170 Kessels Road, Nathan Qld 4111",Equipment Purchase,27/11/2023,49884,Grip Factory Munich Gmbh,Germany,No,No,,,,,,,,,385121,,,,,,
,Griffith University,"170 Kessels Road, Nathan Qld 4111",Subscription/Licence Fees Software,27/11/2023,18656,Higher Ed Services Pty Ltd,"Sydney, Nsw",No,No,,,,,,,,,385099,,,,,,
,Griffith University,"170 Kessels Road, Nathan Qld 4111",Marketing Fees,27/11/2023,14626,Promotionsonly,"North Ryde, Nsw",No,No,,,,,,,,,385087,,,,,,
,Griffith University,"170 Kessels Road, Nathan Qld 4111",Scientific Equipment,27/11/2023,32489,Shimadzu Scientific Inst. (Oceania)P/L,"Rydalmere, Nsw",No,No,,,,,,,,,385074,,,,,,
,Griffith University,"170 Kessels Road, Nathan Qld 4111",Reference Materials,28/11/2023,32410,American Society Of Civil Engineers,Usa,No,No,,,,,,,,,2043446,,,,,,
,Griffith University,"170 Kessels Road, Nathan Qld 4111",Equipment Maintenance,28/11/2023,18266,Atlas Copco Australia Pty Ltd,"Seventeen Mile Rocks, Qld",No,No,,,,,,,,,385131,,,,,,
,Griffith University,"170 Kessels Road, Nathan Qld 4111",Conference Expenses,28/11/2023,26477,Auidf,"Redhead, Nsw",No,No,,,,,,,,,2043872,,,,,,
,Griffith University,"170 Kessels Road, Nathan Qld 4111",Conference Expenses,28/11/2023,11055,Auidf,"Redhead, Nsw",No,No,,,,,,,,,2043873,,,,,,
,Griffith University,"170 Kessels Road, Nathan Qld 4111",Chemical/Biological Products,28/11/2023,25180,Australian Bioresources Pty Limited,"Moss Vale, Nsw",No,No,,,,,,,,,2046532,,,,,,
,Griffith University,"170 Kessels Road, Nathan Qld 4111",Reference Materials,28/11/2023,32874,Australian Medicines Handbook Pty Ltd,"Adelaide, Sa",No,No,,,,,,,,,2046984,,,,,,
,Griffith University,"170 Kessels Road, Nathan Qld 4111",Reference Materials,28/11/2023,60432,Bureau Van Dijk Electronic Publishing,"Sydney, Nsw",No,No,,,,,,,,,2045174,,,,,,
,Griffith University,"170 Kessels Road, Nathan Qld 4111",Reference Materials,28/11/2023,46374,Council Of Aust. University Librarians,"Deakin, Act",No,No,,,,,,,,,2045890,,,,,,
,Griffith University,"170 Kessels Road, Nathan Qld 4111",Consultancy Services,28/11/2023,16500,Denise Margaret Hatzis,Queensland,No,No,,,,,,,,,385129,,,,,,
,Griffith University,"170 Kessels Road, Nathan Qld 4111",Reference Materials,28/11/2023,195103,Elsevier Inc.,Usa,No,No,,,,,,,,,2044095,,,,,,
,Griffith University,"170 Kessels Road, Nathan Qld 4111",Event Expenditure,28/11/2023,129251,Gold Coast Convention & Exhibition Centr,"Broadbeach, Qld",No,No,,,,,,,,,385123,,,,,,
,Griffith University,"170 Kessels Road, Nathan Qld 4111",Marketing Fees,28/11/2023,25181,Heaneys Performers In Print Pty Ltd,"Molendinar, Qld",No,No,,,,,,,,,385125,,,,,,
,Griffith University,"170 Kessels Road, Nathan Qld 4111",Reference Materials,28/11/2023,92906,Ibisworld Pty Ltd,"Melbourne, Vic",No,No,,,,,,,,,2047403,,,,,,
,Griffith University,"170 Kessels Road, Nathan Qld 4111",Reference Materials,28/11/2023,33911,Igroup (Australasia) Pty Ltd,"Melbourne, Vic",No,No,,,,,,,,,2046045,,,,,,
,Griffith University,"170 Kessels Road, Nathan Qld 4111",Security Services,28/11/2023,17721,Keywatcher Australia,"Seven Hills, Nsw",No,No,,,,,,,,,2044295,,,,,,
,Griffith University,"170 Kessels Road, Nathan Qld 4111",Reference Materials,28/11/2023,26356,Koninklijke Brill Leiden Nv,Netherlands,No,No,,,,,,,,,2047395,,,,,,
,Griffith University,"170 Kessels Road, Nathan Qld 4111",Legal Fees,28/11/2023,12742,Minter Ellison Lawyers,"Brisbane, Qld",No,No,,,,,,,,,2047563,,,,,,
,Griffith University,"170 Kessels Road, Nathan Qld 4111",Reference Materials,28/11/2023,24609,Pressreader International Ltd,Ireland,No,No,,,,,,,,,2044303,,,,,,
,Griffith University,"170 Kessels Road, Nathan Qld 4111",Marketing Fees,28/11/2023,16638,Ride Free Media Pty Ltd,"West End, Qld",No,No,,,,,,,,,2045883,,,,,,
,Griffith University,"170 Kessels Road, Nathan Qld 4111",Consultancy Services,28/11/2023,15180,The Conversation Media Group,"Melbourne, Vic",No,No,,,,,,,,,2043434,,,,,,
,Griffith University,"170 Kessels Road, Nathan Qld 4111",Telecommunications Expenditure,28/11/2023,155720,Tpg Network Pty Ltd,"Sydney, Nsw",No,No,,,,,,,,,2047940,,,,,,
,Griffith University,"170 Kessels Road, Nathan Qld 4111",Hire/Lease Fees,28/11/2023,19600,Valiant Hire,"Pinkenba, Qld",No,No,,,,,,,,,2047554,,,,,,
,Griffith University,"170 Kessels Road, Nathan Qld 4111",Marketing Fees,29/11/2023,165000,Clearwater Agency,"Cremorne, Vic",No,No,,,,,,,,,385194 385195 385196,,,,,,
,Griffith University,"170 Kessels Road, Nathan Qld 4111",Subscription/Licence Fees Software,29/11/2023,79842,Databee Business Solutions Pty Ltd,Usa,No,No,,,,,,,,,385216,,,,,,
,Griffith University,"170 Kessels Road, Nathan Qld 4111",Consultancy Services,29/11/2023,23245,Red. Forensic Consultancy,"Seventeen Mile Rocks, Qld",No,No,,,,,,,,,385215,,,,,,
,Griffith University,"170 Kessels Road, Nathan Qld 4111",Software Support Maintenance,29/11/2023,299400,Rimini Street Inc,Usa,No,No,,,,,,,,,385198,,,,,,
,Griffith University,"170 Kessels Road, Nathan Qld 4111",Consultancy Services,29/11/2023,123904,University Of South Australia,"Seventeen Mile Rocks, Qld",No,No,,,,,,,,,385218,,,,,,
,Griffith University,"170 Kessels Road, Nathan Qld 4111",Computer Equipment,30/11/2023,11201,Commex Communications Corporation P/L,"Windsor, Qld",No,No,,,,,,,,,385244,,,,,,
,Griffith University,"170 Kessels Road, Nathan Qld 4111",Building Construction & Maintenance,30/11/2023,91416,Drains Kleen Pty Ltd,"Kunda Park, Qld",No,No,,,,,,,,,385258,,,,,,
,Griffith University,"170 Kessels Road, Nathan Qld 4111",Building Construction & Maintenance,30/11/2023,334076,Main Constructions Pty Ltd,"Loganholme, Qld",No,No,,,,,,,,,385273,,,,,,
,Griffith University,"170 Kessels Road, Nathan Qld 4111",Scientific Equipment,30/11/2023,81309,Netzsch Australia Pty Ltd,"Kings Park, Nsw",No,No,,,,,,,,,385255,,,,,,
,Griffith University,"170 Kessels Road, Nathan Qld 4111",Building Construction & Maintenance,30/11/2023,1217103,Premis Solutions Pty Ltd,"Toowong, Qld",No,No,Selective,,,,,,,,385228,,,,,,
,Griffith University,"170 Kessels Road, Nathan Qld 4111",Equipment Purchase,30/11/2023,20456,Programmed Electrical Technologies Ltd,"Newstead, Qld",No,No,,,,,,,,,385245,,,,,,
,Griffith University,"170 Kessels Road, Nathan Qld 4111",Subscription/Licence Fees Software,30/11/2023,14959,Simuserv Pty Ltd,"East Hawthorn, Vic",No,No,,,,,,,,,385256,,,,,,
,Griffith University,"170 Kessels Road, Nathan Qld 4111",Subscription/Licence Fees Software,1/12/2023,154051,Adobe Systems Software Ireland Ltd,Ireland,No,No,,,,,,,,,385296,,,,,,
,Griffith University,"170 Kessels Road, Nathan Qld 4111",Scientific Equipment,1/12/2023,24413,Ams Instrumentation & Calibration Pty Lt,"Eight Mile Plains, Qld",No,No,,,,,,,,,385297,,,,,,
,Griffith University,"170 Kessels Road, Nathan Qld 4111",Pathology Expenditure,1/12/2023,11000,Australian Genome Research Facility Ltd,"St Lucia, Qld",No,No,,,,,,,,,385324,,,,,,
,Griffith University,"170 Kessels Road, Nathan Qld 4111",Consultancy Services,1/12/2023,22000,Globalise Consulting,"Williamstown, Vic",No,No,,,,,,,,,386365,,,,,,
,Griffith University,"170 Kessels Road, Nathan Qld 4111",Chemical/Biological Products,1/12/2023,14514,In Vitro Technologies Pty Ltd,"Noble Park, Vic",No,No,,,,,,,,,385323,,,,,,
,Griffith University,"170 Kessels Road, Nathan Qld 4111",Equipment Maintenance,1/12/2023,11613,Merck Pty Ltd,"Bayswater, Vic",No,No,,,,,,,,,385304,,,,,,
,Griffith University,"170 Kessels Road, Nathan Qld 4111",Computer Equipment,1/12/2023,12287,The School Locker,"Eight Mile Plains, Qld",No,No,,,,,,,,,385331,,,,,,
,Griffith University,"170 Kessels Road, Nathan Qld 4111",Building Construction & Maintenance,4/12/2023,10890,Amalgamated Property Maint. Brisbane P/L,"Rochedale South, Qld",No,No,,,,,,,,,385353,,,,,,
,Griffith University,"170 Kessels Road, Nathan Qld 4111",Equipment Maintenance,4/12/2023,23196,Atlas Copco Australia Pty Ltd,"Seventeen Mile Rocks, Qld",No,No,,,,,,,,,385348,,,,,,
,Griffith University,"170 Kessels Road, Nathan Qld 4111",Consultancy Services,4/12/2023,59400,Better Workplaces Consulting & Advisory,"Bulimba, Qld",No,No,,,,,,,,,385344,,,,,,
,Griffith University,"170 Kessels Road, Nathan Qld 4111",Equipment Maintenance,4/12/2023,18270,Civcorp Pty Ltd,"Beenleigh, Qld",No,No,,,,,,,,,385352,,,,,,
,Griffith University,"170 Kessels Road, Nathan Qld 4111",Consultancy Services,4/12/2023,10007,"Diversigen, Inc.",USA,No,No,,,,,,,,,385349,,,,,,
,Griffith University,"170 Kessels Road, Nathan Qld 4111",IT Equipment,4/12/2023,275000,Hewlett-Packard Australia Pty Ltd,"Blackburn, Vic",No,No,,,,,,,,,385345,,,,,,
,Griffith University,"170 Kessels Road, Nathan Qld 4111",Subscription/Licence Fees Software,4/12/2023,123750,Oracle Corporation Australia Pty Ltd,"Sydney, Nsw",No,No,,,,,,,,,385376,,,,,,
,Griffith University,"170 Kessels Road, Nathan Qld 4111",Subscription/Licence Fees Software,4/12/2023,24024,Salesforce,"Sydney, Nsw",No,No,,,,,,,,,385375,,,,,,
,Griffith University,"170 Kessels Road, Nathan Qld 4111",Subscription/Licence Fees Software,4/12/2023,1010913,Salesforce,"Sydney, Nsw",No,No,Selective,,,,,,,,385378,,,,,,
,Griffith University,"170 Kessels Road, Nathan Qld 4111",Scientific Equipment,4/12/2023,1094044,Thermo Fisher Scientific Australia,"Scoresby, Vic",No,No,Limited,b - (iii) The absence of competition for technical reasons which can only be supplied by a particular supplier and no reasonable alternative exists,,,,,,,385386,,,,,,
,Griffith University,"170 Kessels Road, Nathan Qld 4111",Scientific Equipment,4/12/2023,58695,University Of Tennessee,Usa,No,No,,,,,,,,,385346,,,,,,
,Griffith University,"170 Kessels Road, Nathan Qld 4111",Building Construction & Maintenance,5/12/2023,66275,A1 Building & Property Solutions Pty Ltd,"The Gap, Qld",No,No,,,,,,,,,385449,,,,,,
,Griffith University,"170 Kessels Road, Nathan Qld 4111",Cleaning Services,5/12/2023,440000,Ace Waste Pty Ltd,"Acacia Ridge, Qld",Yes,No,,,,,,,,,GU-1191,,,,,,
,Griffith University,"170 Kessels Road, Nathan Qld 4111",Reference Materials,5/12/2023,11895,Adam Matthew Digital Ltd,UK,No,No,,,,,,,,,2046319,,,,,,
,Griffith University,"170 Kessels Road, Nathan Qld 4111",Computer Equipment,5/12/2023,11550,Aftershock Pc Pty Ltd,"West Melbourne, Vic",No,No,,,,,,,,,385435,,,,,,
,Griffith University,"170 Kessels Road, Nathan Qld 4111",Memberships/Subscriptions,5/12/2023,26081,Ainse Ltd,"Kirrawee, Nsw",No,No,,,,,,,,,385464,,,,,,
,Griffith University,"170 Kessels Road, Nathan Qld 4111",Building Construction & Maintenance,5/12/2023,34045,Airmaster Corporation Pty Ltd,"Mansfield, Qld",No,No,,,,,,,,,385404,,,,,,
,Griffith University,"170 Kessels Road, Nathan Qld 4111",Laboratory Consumables,5/12/2023,137500,Ansell Healthcare,"Melbourne, Vic",No,No,,,,,,,,,385437,,,,,,
,Griffith University,"170 Kessels Road, Nathan Qld 4111",Chemical/Biological Products,5/12/2023,13393,Auspep Clinical Pedtides Pty Ltd,"Tullamarine, Vic",No,No,,,,,,,,,385425,,,,,,
,Griffith University,"170 Kessels Road, Nathan Qld 4111",External Course Delivery,5/12/2023,36947,Corporate Prepaid Cards Pty Ltd,"Balmain, Nsw",No,No,,,,,,,,,2044993,,,,,,
,Griffith University,"170 Kessels Road, Nathan Qld 4111",Reference Materials,5/12/2023,30289,Council Of Aust. University Librarians,"Deakin, Act",No,No,,,,,,,,,2045378,,,,,,
,Griffith University,"170 Kessels Road, Nathan Qld 4111",Reference Materials,5/12/2023,35033,Council Of Aust. University Librarians,"Deakin, Act",No,No,,,,,,,,,2046030,,,,,,
,Griffith University,"170 Kessels Road, Nathan Qld 4111",Reference Materials,5/12/2023,29335,Council Of Aust. University Librarians,"Deakin, Act",No,No,,,,,,,,,2046035,,,,,,
,Griffith University,"170 Kessels Road, Nathan Qld 4111",Reference Materials,5/12/2023,11498,Council Of Aust. University Librarians,"Deakin, Act",No,No,,,,,,,,,2046262,,,,,,
,Griffith University,"170 Kessels Road, Nathan Qld 4111",Reference Materials,5/12/2023,18416,Council Of Aust. University Librarians,"Deakin, Act",No,No,,,,,,,,,2046349,,,,,,
,Griffith University,"170 Kessels Road, Nathan Qld 4111",Reference Materials,5/12/2023,29175,Council Of Aust. University Librarians,"Deakin, Act",No,No,,,,,,,,,2046351,,,,,,
,Griffith University,"170 Kessels Road, Nathan Qld 4111",Reference Materials,5/12/2023,23727,Council Of Aust. University Librarians,"Deakin, Act",No,No,,,,,,,,,2046554,,,,,,
,Griffith University,"170 Kessels Road, Nathan Qld 4111",Reference Materials,5/12/2023,21761,Council Of Aust. University Librarians,"Deakin, Act",No,No,,,,,,,,,2046971,,,,,,
,Griffith University,"170 Kessels Road, Nathan Qld 4111",Building Construction & Maintenance,5/12/2023,110000,Diligent Fire Pty Ltd,"Albion, Qld",No,No,,,,,,,,,385395,,,,,,
,Griffith University,"170 Kessels Road, Nathan Qld 4111",Reference Materials,5/12/2023,216373,Ebsco International Inc,"North Sydney, Nsw",No,No,,,,,,,,,2047572,,,,,,
,Griffith University,"170 Kessels Road, Nathan Qld 4111",Consultancy Services,5/12/2023,17081,Ethos Consulting Pty Ltd,"Norwood, Sa",No,No,,,,,,,,,2049030,,,,,,
,Griffith University,"170 Kessels Road, Nathan Qld 4111",Consultancy Services,5/12/2023,22000,Hyper Theory,"Cotton Tree, Qld",No,No,,,,,,,,,2049222,,,,,,
,Griffith University,"170 Kessels Road, Nathan Qld 4111",Laboratory Consumables,5/12/2023,467500,Ifc Group Australia Pty Ltd,"Nunawading, Vic",No,No,,,,,,,,,385438,,,,,,
,Griffith University,"170 Kessels Road, Nathan Qld 4111",Event Expenditure,5/12/2023,25283,Kooralbyn Resort Pty Ltd,"Kooralbyn,Qld",No,No,,,,,,,,,2048330,,,,,,
,Griffith University,"170 Kessels Road, Nathan Qld 4111",Consultancy Services,5/12/2023,374825,Kpmg,"Melbourne, Vic",Yes,No,,,,,,,,,385406,,,,,,
,Griffith University,"170 Kessels Road, Nathan Qld 4111",Building Construction & Maintenance,5/12/2023,47003,Mctaggart Plumbing Pty Ltd,"Petrie, Qld",No,No,,,,,,,,,385403,,,,,,
,Griffith University,"170 Kessels Road, Nathan Qld 4111",Marketing Fees,5/12/2023,22000,Media All In One Pty Ltd,"Melbourne, Vic",No,No,,,,,,,,,2046247,,,,,,
,Griffith University,"170 Kessels Road, Nathan Qld 4111",Chemical/Biological Products,5/12/2023,14834,Millennium Science Pty Ltd,"Mulgrave, Vic",No,No,,,,,,,,,385459,,,,,,
,Griffith University,"170 Kessels Road, Nathan Qld 4111",Software Support Maintenance,5/12/2023,76725,Orikan Australia Pty Ltd,"South Wharf, Vic",No,No,,,,,,,,,385481,,,,,,
,Griffith University,"170 Kessels Road, Nathan Qld 4111",Consultancy Services,5/12/2023,16060,Outside Opinion Pty Ltd,"Carlton North, Vic",No,No,,,,,,,,,2048345,,,,,,
,Griffith University,"170 Kessels Road, Nathan Qld 4111",Reference Materials,5/12/2023,514416,Ovid Technologies Inc.,Usa,No,No,Limited,b - (iii) The absence of competition for technical reasons which can only be supplied by a particular supplier and no reasonable alternative exists,,,,,,,2045173,,,,,,
,Griffith University,"170 Kessels Road, Nathan Qld 4111",Reference Materials,5/12/2023,66341,Oxford University Press Uk,Uk,No,No,,,,,,,,,2047956,,,,,,
,Griffith University,"170 Kessels Road, Nathan Qld 4111",Reference Materials,5/12/2023,11757,Pan Macmillan Australia Pty Ltd,"Sydney, Nsw",No,No,,,,,,,,,2044683,,,,,,
,Griffith University,"170 Kessels Road, Nathan Qld 4111",Equipment Purchase,5/12/2023,19153,Programmed Electrical Technologies Ltd,"Newstead, Qld",No,No,,,,,,,,,385412,,,,,,
,Griffith University,"170 Kessels Road, Nathan Qld 4111",Reference Materials,5/12/2023,17104,Publicious Pty Ltd,"Coolangatta, Qld",No,No,,,,,,,,,2048678,,,,,,
,Griffith University,"170 Kessels Road, Nathan Qld 4111",Marketing Fees,5/12/2023,70609,Queensland T-Shirt Company,"Kedron, Qld",No,No,,,,,,,,,385479,,,,,,
,Griffith University,"170 Kessels Road, Nathan Qld 4111",Reference Materials,5/12/2023,104983,"Readex, A Division Of Newsbank Inc",Usa,No,No,,,,,,,,,2048724,,,,,,
,Griffith University,"170 Kessels Road, Nathan Qld 4111",Conference Expenses,5/12/2023,47271,"The Ritz-Carlton Jakarta, Mega Kuningan",Indonesia,No,No,,,,,,,,,2048014,,,,,,
,Griffith University,"170 Kessels Road, Nathan Qld 4111",Laboratory Consumables,5/12/2023,159500,Xcellent Dental World,"Queanbeyan, Nsw",No,No,,,,,,,,,385439,,,,,,
,Griffith University,"170 Kessels Road, Nathan Qld 4111",Laboratory Consumables,6/12/2023,10380,3M Australia Pty Ltd,"North Ryde, Nsw",Yes,No,,,,,,,,,385533,,,,,,
,Griffith University,"170 Kessels Road, Nathan Qld 4111",Building Construction & Maintenance,6/12/2023,279847,A1 Building & Property Solutions Pty Ltd,"The Gap, Qld",No,No,,,,,,,,,385546,,,,,,
,Griffith University,"170 Kessels Road, Nathan Qld 4111",Building Construction & Maintenance,6/12/2023,210320,A1 Building & Property Solutions Pty Ltd,"The Gap, Qld",No,No,,,,,,,,,385547,,,,,,
,Griffith University,"170 Kessels Road, Nathan Qld 4111",Building Construction & Maintenance,6/12/2023,128387,A1 Building & Property Solutions Pty Ltd,"The Gap, Qld",No,No,,,,,,,,,385555,,,,,,
,Griffith University,"170 Kessels Road, Nathan Qld 4111",Scientific Equipment,6/12/2023,10920,Aegis Safety Pty Ltd,"Geebung, Qld",No,No,,,,,,,,,385488,,,,,,
,Griffith University,"170 Kessels Road, Nathan Qld 4111",Laboratory Consumables,6/12/2023,82500,Alphabond Dental Pty Ltd,"Willoughby, Nsw",No,No,,,,,,,,,385537,,,,,,
,Griffith University,"170 Kessels Road, Nathan Qld 4111",Audit Fees,6/12/2023,41800,Bdo Services Pty Ltd,"Brisbane, Qld",No,No,,,,,,,,,385548,,,,,,
,Griffith University,"170 Kessels Road, Nathan Qld 4111",Audit Fees,6/12/2023,34100,Bdo Services Pty Ltd,"Brisbane, Qld",No,No,,,,,,,,,385549,,,,,,
,Griffith University,"170 Kessels Road, Nathan Qld 4111",Scientific Equipment,6/12/2023,13800,Beckman Coulter Australia P/L,"Lane Cove, Nsw",No,No,,,,,,,,,385482,,,,,,
,Griffith University,"170 Kessels Road, Nathan Qld 4111",Scientific Equipment,6/12/2023,86950,Brightside Scientific Pty Ltd,"Tuggerah, Nsw",No,No,,,,,,,,,385489,,,,,,
,Griffith University,"170 Kessels Road, Nathan Qld 4111",Building Construction & Maintenance,6/12/2023,13750,Bunnings Group Limited,"Mansfield, Qld",No,No,,,,,,,,,385502,,,,,,
,Griffith University,"170 Kessels Road, Nathan Qld 4111",Laboratory Consumables,6/12/2023,159500,Critical Dental Pty Ltd,"Baulkham Hills, Nsw",No,No,,,,,,,,,385499,,,,,,
,Griffith University,"170 Kessels Road, Nathan Qld 4111",Software Support Maintenance,6/12/2023,57695,Dell Australia Pty Ltd,"Frenchs Forest, Nsw",No,No,,,,,,,,,385559,,,,,,
,Griffith University,"170 Kessels Road, Nathan Qld 4111",Building Construction & Maintenance,6/12/2023,21780,E.D.C. Systems Pty Ltd,"Cannon Hill, Qld",No,No,,,,,,,,,385562,,,,,,
,Griffith University,"170 Kessels Road, Nathan Qld 4111",Consultancy Services,6/12/2023,44000,Evie'S Editing Services,"Yeronga, Qld",No,No,,,,,,,,,385495,,,,,,
,Griffith University,"170 Kessels Road, Nathan Qld 4111",Freight Fees,6/12/2023,10450,Fedex Express Australia Pty Ltd,"Mascot, Nsw",No,No,,,,,,,,,385497,,,,,,
,Griffith University,"170 Kessels Road, Nathan Qld 4111",Consultancy Services,6/12/2023,778140,Focus Professional Services Pty Ltd,"Brisbane, Qld",Yes,No,,,,,,,,,385526 397676 405015,,,,,,
,Griffith University,"170 Kessels Road, Nathan Qld 4111",Legal Fees,6/12/2023,62101,Hamilton Locke Pty Ltd,"Sydney, Nsw",No,No,,,,,,,,,385543,,,,,,
,Griffith University,"170 Kessels Road, Nathan Qld 4111",Consultancy Services,6/12/2023,55000,Impact Communication,"Holland Park, Qld",No,No,,,,,,,,,385498,,,,,,
,Griffith University,"170 Kessels Road, Nathan Qld 4111",Laboratory Consumables,6/12/2023,33000,Impulsedent Australia,"Buccan, Qld",No,No,,,,,,,,,385515,,,,,,
,Griffith University,"170 Kessels Road, Nathan Qld 4111",Laboratory Consumables,6/12/2023,82500,Kulzer Australia Pty Ltd,"Peakhurst, Nsw",No,No,,,,,,,,,385534,,,,,,
,Griffith University,"170 Kessels Road, Nathan Qld 4111",Laboratory Consumables,6/12/2023,49500,Medi-Dent Pty Ltd,"Braeside, Vic",No,No,,,,,,,,,385532,,,,,,
,Griffith University,"170 Kessels Road, Nathan Qld 4111",Laboratory Consumables,6/12/2023,66000,Multigate Medical Products Pty Ltd,"Wetherill Park, Nsw",No,No,,,,,,,,,385531,,,,,,
,Griffith University,"170 Kessels Road, Nathan Qld 4111",Marketing Fees,6/12/2023,27500,Roam Films,"Palm Beach, Qld",No,No,,,,,,,,,385560,,,,,,
,Griffith University,"170 Kessels Road, Nathan Qld 4111",Laboratory Consumables,6/12/2023,49500,Schulke Australia Pty Ltd,"Macquarie Park, Nsw",No,No,,,,,,,,,385536,,,,,,
,Griffith University,"170 Kessels Road, Nathan Qld 4111",Scientific Equipment,6/12/2023,190816,Surface Measurement Systems,Uk,No,No,,,,,,,,,385506,,,,,,
,Griffith University,"170 Kessels Road, Nathan Qld 4111",Consultancy Services,6/12/2023,12000,Tailored Editing Services,"Forest Lake, Qld",No,No,,,,,,,,,385494,,,,,,
,Griffith University,"170 Kessels Road, Nathan Qld 4111",Consultancy Services,6/12/2023,44000,Tulipwood Advisory Pty Ltd,"Albany Creek, Qld",No,No,,,,,,,,,385500,,,,,,
,Griffith University,"170 Kessels Road, Nathan Qld 4111",Software Support Maintenance,6/12/2023,62491,Venn It Solutions Pty Ltd,"Bowen Hills, Qld",No,No,,,,,,,,,385528,,,,,,
,Griffith University,"170 Kessels Road, Nathan Qld 4111",Laboratory Consumables,6/12/2023,49500,Vital Medical Supplies,"Kingsgrove, Nsw",No,No,,,,,,,,,385535,,,,,,
,Griffith University,"170 Kessels Road, Nathan Qld 4111",Laboratory Consumables,6/12/2023,82500,Whiteley Corporation Pty Ltd,"Tomago, Nsw",No,No,,,,,,,,,385538,,,,,,
,Griffith University,"170 Kessels Road, Nathan Qld 4111",Laboratory Consumables,7/12/2023,16500,Adelab Scientific,"Thebarton, Sa",No,No,,,,,,,,,385576,,,,,,
,Griffith University,"170 Kessels Road, Nathan Qld 4111",Laboratory Consumables,7/12/2023,49500,Alpha Protective Technologies Pty Ltd,"North Wollongong, Nsw",No,No,,,,,,,,,385575,,,,,,
,Griffith University,"170 Kessels Road, Nathan Qld 4111",Laboratory Consumables,7/12/2023,44000,Amalgadent Dental Supplies Pty Ltd,"Caulfield South, Vic",No,No,,,,,,,,,385663,,,,,,
,Griffith University,"170 Kessels Road, Nathan Qld 4111",Laboratory Consumables,7/12/2023,33000,Aqua Terra Oil And Mineral Service And S,"Eagle Farm, Qld",No,No,,,,,,,,,385659,,,,,,
,Griffith University,"170 Kessels Road, Nathan Qld 4111",Insurance,7/12/2023,2626384,Arthur J Gallagher & Co (Aus) Limited,"Sydney, Nsw",No,No,Limited,,,,,,,,385682,,,,,,
,Griffith University,"170 Kessels Road, Nathan Qld 4111",Laboratory Consumables,7/12/2023,18080,Beckman Coulter Australia P/L,"Lane Cove, Nsw",No,No,,,,,,,,,385677,,,,,,
,Griffith University,"170 Kessels Road, Nathan Qld 4111",Laboratory Consumables,7/12/2023,13200,Becton Dickinson Pty Ltd,"Eight Mile Plains, Qld",No,No,,,,,,,,,385579,,,,,,
,Griffith University,"170 Kessels Road, Nathan Qld 4111",Laboratory Consumables,7/12/2023,49500,Becton Dickinson Pty Ltd,"Eight Mile Plains, Qld",No,No,,,,,,,,,385622,,,,,,
,Griffith University,"170 Kessels Road, Nathan Qld 4111",Laboratory Consumables,7/12/2023,27500,Bio-Strategy Pty Limited,"Campbellfield, Vic",No,No,,,,,,,,,385577,,,,,,
,Griffith University,"170 Kessels Road, Nathan Qld 4111",Laboratory Consumables,7/12/2023,55000,Bio-Strategy Pty Limited,"Campbellfield, Vic",No,No,,,,,,,,,385578,,,,,,
,Griffith University,"170 Kessels Road, Nathan Qld 4111",Laboratory Consumables,7/12/2023,34351,Bio-Strategy Pty Limited,"Campbellfield, Vic",No,No,,,,,,,,,385606,,,,,,
,Griffith University,"170 Kessels Road, Nathan Qld 4111",Laboratory Consumables,7/12/2023,11000,Blackwoods,"Goodna, Qld",No,No,,,,,,,,,385625,,,,,,
,Griffith University,"170 Kessels Road, Nathan Qld 4111",Laboratory Consumables,7/12/2023,33000,Chem-Supply Pty Ltd,"Gillman, Sa",No,No,,,,,,,,,385648,,,,,,
,Griffith University,"170 Kessels Road, Nathan Qld 4111",Laboratory Consumables,7/12/2023,49500,Chem-Supply Pty Ltd,"Gillman, Sa",No,No,,,,,,,,,385649,,,,,,
,Griffith University,"170 Kessels Road, Nathan Qld 4111",Laboratory Consumables,7/12/2023,10450,City Packaging Gold Coast,"Broadbeach, Qld",No,No,,,,,,,,,385623,,,,,,
,Griffith University,"170 Kessels Road, Nathan Qld 4111",Laboratory Consumables,7/12/2023,10450,Dental Axess Pty Ltd,"North Ryde, Nsw",No,No,,,,,,,,,385627,,,,,,
,Griffith University,"170 Kessels Road, Nathan Qld 4111",Laboratory Consumables,7/12/2023,19250,Dentaurum Australia Pty Ltd,"Mortlake, Nsw",No,No,,,,,,,,,385656,,,,,,
,Griffith University,"170 Kessels Road, Nathan Qld 4111",Laboratory Consumables,7/12/2023,38500,Erskine Products Pty. Ltd.,"Macksville, Nsw",No,No,,,,,,,,,385647,,,,,,
,Griffith University,"170 Kessels Road, Nathan Qld 4111",Laboratory Consumables,7/12/2023,22000,Getinge Australia Pty Ltd,"Chatswood, Nsw",No,No,,,,,,,,,385655,,,,,,
,Griffith University,"170 Kessels Road, Nathan Qld 4111",Laboratory Consumables,7/12/2023,90750,Horseley Dental Supplies Pty Ltd,"Granville, Nsw",No,No,,,,,,,,,385628,,,,,,
,Griffith University,"170 Kessels Road, Nathan Qld 4111",Laboratory Consumables,7/12/2023,27500,Interpath Services Pty Ltd,"Heidelberg West, Vic",No,No,,,,,,,,,385580,,,,,,
,Griffith University,"170 Kessels Road, Nathan Qld 4111",Laboratory Consumables,7/12/2023,55000,Ivoclar Vivadent Pty. Ltd.,"Noble Park North, Vic",No,No,,,,,,,,,385640,,,,,,
,Griffith University,"170 Kessels Road, Nathan Qld 4111",Laboratory Consumables,7/12/2023,93500,Nsk Oceania Pty Ltd,"Rosebery, Nsw",No,No,,,,,,,,,385667,,,,,,
,Griffith University,"170 Kessels Road, Nathan Qld 4111",Laboratory Consumables,7/12/2023,93500,One Dental Pty Ltd,"Castle Hill, Nsw",No,No,,,,,,,,,385646,,,,,,
,Griffith University,"170 Kessels Road, Nathan Qld 4111",Laboratory Consumables,7/12/2023,49500,Ozdent Dental Products Australia,"Castle Hill, Nsw",No,No,,,,,,,,,385665,,,,,,
,Griffith University,"170 Kessels Road, Nathan Qld 4111",Laboratory Consumables,7/12/2023,11000,Pacific Dental Specialties Pty Ltd,"Burleigh Heads, Qld",No,No,,,,,,,,,385643,,,,,,
,Griffith University,"170 Kessels Road, Nathan Qld 4111",Laboratory Consumables,7/12/2023,44000,Pathtech Pty Ltd,"Preston, Vic",No,No,,,,,,,,,385581,,,,,,
,Griffith University,"170 Kessels Road, Nathan Qld 4111",Laboratory Consumables,7/12/2023,49500,Pathtech Pty Ltd,"Preston, Vic",No,No,,,,,,,,,385582,,,,,,
,Griffith University,"170 Kessels Road, Nathan Qld 4111",Equipment Maintenance,7/12/2023,16256,Renishaw Oceania Pty Ltd,"Keysborough, Vic",No,No,,,,,,,,,385573,,,,,,
,Griffith University,"170 Kessels Road, Nathan Qld 4111",Laboratory Consumables,7/12/2023,49500,Sarstedt Australia Pty Ltd,"Ingle Farm, Sa",No,No,,,,,,,,,385583,,,,,,
,Griffith University,"170 Kessels Road, Nathan Qld 4111",Laboratory Consumables,7/12/2023,49500,Sarstedt Australia Pty Ltd,"Ingle Farm, Sa",No,No,,,,,,,,,385584,,,,,,
,Griffith University,"170 Kessels Road, Nathan Qld 4111",Laboratory Consumables,7/12/2023,60500,Scancare Pty Ltd,"Varsity Lakes, Qld",No,No,,,,,,,,,385660,,,,,,
,Griffith University,"170 Kessels Road, Nathan Qld 4111",Laboratory Consumables,7/12/2023,49500,Sdi Limited,"Victoria, Vic",No,No,,,,,,,,,385664,,,,,,
,Griffith University,"170 Kessels Road, Nathan Qld 4111",Laboratory Consumables,7/12/2023,82500,Single Use Dental Instruments Pty Ltd,"Kunda Park, Qld",No,No,,,,,,,,,385657,,,,,,
,Griffith University,"170 Kessels Road, Nathan Qld 4111",Laboratory Consumables,7/12/2023,71500,Sss Australia,"Tingalpa, Qld",No,No,,,,,,,,,385629,,,,,,
,Griffith University,"170 Kessels Road, Nathan Qld 4111",Laboratory Consumables,7/12/2023,27500,Team Medical Supplies,"Dural, Nsw",No,No,,,,,,,,,385658,,,,,,
,Griffith University,"170 Kessels Road, Nathan Qld 4111",Laboratory Consumables,7/12/2023,38500,Ultimate Dental Supply (Aust) Pty Ltd,"Moorabbin, Vic",No,No,,,,,,,,,385666,,,,,,
,Griffith University,"170 Kessels Road, Nathan Qld 4111",Laboratory Consumables,7/12/2023,16500,W & H Australasia Pty Limited,"Belrose, Nsw",No,No,,,,,,,,,385654,,,,,,
,Griffith University,"170 Kessels Road, Nathan Qld 4111",Laboratory Consumables,7/12/2023,22000,W & H Australasia Pty Limited,"Belrose, Nsw",No,No,,,,,,,,,385661,,,,,,
,Griffith University,"170 Kessels Road, Nathan Qld 4111",Laboratory Consumables,7/12/2023,49500,W 9 Pty Ltd,"Hornsby, Nsw",No,No,,,,,,,,,385662,,,,,,
,Griffith University,"170 Kessels Road, Nathan Qld 4111",Laboratory Consumables,7/12/2023,13200,Winc Australia Pty Ltd,"Alexandria, Nsw",No,No,,,,,,,,,385587,,,,,,
,Griffith University,"170 Kessels Road, Nathan Qld 4111",Laboratory Consumables,7/12/2023,13200,Winc Australia Pty Ltd,"Alexandria, Nsw",No,No,,,,,,,,,385588,,,,,,
,Griffith University,"170 Kessels Road, Nathan Qld 4111",Building Construction & Maintenance,8/12/2023,11910,All Door Solutions Pty Ltd,"Loganholme, Qld",No,No,,,,,,,,,385751,,,,,,
,Griffith University,"170 Kessels Road, Nathan Qld 4111",Laboratory Consumables,8/12/2023,33000,Ansell Healthcare,"Melbourne, Vic",No,No,,,,,,,,,385802,,,,,,
,Griffith University,"170 Kessels Road, Nathan Qld 4111",Laboratory Consumables,8/12/2023,60500,Ansell Healthcare,"Melbourne, Vic",No,No,,,,,,,,,385803,,,,,,
,Griffith University,"170 Kessels Road, Nathan Qld 4111",Consultancy Services,8/12/2023,37235,Applied Cross-Cutting Empowerment Strate,Philippines,No,No,,,,,,,,,385765,,,,,,
,Griffith University,"170 Kessels Road, Nathan Qld 4111",Laboratory Consumables,8/12/2023,24750,Clifford Hallam Healthcare Pty Ltd,"Riverwood, Nsw",No,No,,,,,,,,,385726,,,,,,
,Griffith University,"170 Kessels Road, Nathan Qld 4111",Subscription/Licence Fees Software,8/12/2023,102838,Data #3 Limited,"Indooroopilly, Qld",No,No,,,,,,,,,385764,,,,,,
,Griffith University,"170 Kessels Road, Nathan Qld 4111",Laboratory Consumables,8/12/2023,467500,Dentsply Sirona Pty Ltd,"Mount Waverley, Vic",No,No,,,,,,,,,385727,,,,,,
,Griffith University,"170 Kessels Road, Nathan Qld 4111",Laboratory Consumables,8/12/2023,137500,Geistlich Pharma Australia Pty Ltd,"Chatswood, Nsw",No,No,,,,,,,,,385728,,,,,,
,Griffith University,"170 Kessels Road, Nathan Qld 4111",Laboratory Consumables,8/12/2023,17600,Harris Technology Pty Ltd,"Hallam, Vic",No,No,,,,,,,,,385798,,,,,,
,Griffith University,"170 Kessels Road, Nathan Qld 4111",Laboratory Consumables,8/12/2023,467500,Henry Schein Regional Trust,"South Brisbane, Qld",No,No,,,,,,,,,385729,,,,,,
,Griffith University,"170 Kessels Road, Nathan Qld 4111",Building Construction & Maintenance,8/12/2023,372502,Hosmed Services Pty Ltd,"Virginia, Qld",No,No,,,,,,,,,385752,,,,,,
,Griffith University,"170 Kessels Road, Nathan Qld 4111",Laboratory Consumables,8/12/2023,49500,In Vitro Technologies Pty Ltd,"Noble Park, Vic",No,No,,,,,,,,,385730,,,,,,
,Griffith University,"170 Kessels Road, Nathan Qld 4111",Laboratory Consumables,8/12/2023,159500,Kerr Australia Pty Ltd,"Lane Cove, Nsw",No,No,,,,,,,,,385731,,,,,,
,Griffith University,"170 Kessels Road, Nathan Qld 4111",Laboratory Consumables,8/12/2023,11000,Labcabs Pty Ltd,"Cannon Hill, Qld",No,No,,,,,,,,,385799,,,,,,
,Griffith University,"170 Kessels Road, Nathan Qld 4111",Laboratory Consumables,8/12/2023,19800,Labco Scientific Pty Ltd,"Brendale BC, Qld",No,No,,,,,,,,,385801,,,,,,
,Griffith University,"170 Kessels Road, Nathan Qld 4111",Laboratory Consumables,8/12/2023,17600,Machine Technology Pty Ltd,"Kogarah, Nsw",No,No,,,,,,,,,385735,,,,,,
,Griffith University,"170 Kessels Road, Nathan Qld 4111",Building Construction & Maintenance,8/12/2023,99047,Mctaggart Plumbing Pty Ltd,"Petrie, Qld",No,No,,,,,,,,,385761,,,,,,
,Griffith University,"170 Kessels Road, Nathan Qld 4111",Laboratory Consumables,8/12/2023,35858,Merck Pty Ltd,"Bayswater, Vic",No,No,,,,,,,,,385702,,,,,,
,Griffith University,"170 Kessels Road, Nathan Qld 4111",Laboratory Consumables,8/12/2023,93500,Mun Australia Pty Ltd,"Epping, Nsw",No,No,,,,,,,,,385732,,,,,,
,Griffith University,"170 Kessels Road, Nathan Qld 4111",Laboratory Consumables,8/12/2023,11000,Mun Australia Pty Ltd,"Epping, Nsw",No,No,,,,,,,,,385736,,,,,,
,Griffith University,"170 Kessels Road, Nathan Qld 4111",Consultancy Services,8/12/2023,99000,Nature Sydney Pty Ltd,"Lavender Bay, Nsw",Yes,No,,,,,,,,,385778,,,,,,
,Griffith University,"170 Kessels Road, Nathan Qld 4111",Consultancy Services,8/12/2023,16500,O'Connor Marsden & Associates,"Sydney, Nsw",No,No,,,,,,,,,385760,,,,,,
,Griffith University,"170 Kessels Road, Nathan Qld 4111",Laboratory Consumables,8/12/2023,11000,People In Plastic,"Rocklea, Qld",No,No,,,,,,,,,385737,,,,,,
,Griffith University,"170 Kessels Road, Nathan Qld 4111",Laboratory Consumables,8/12/2023,55000,Sigma Aldrich Pty Ltd,"Castle Hill, Nsw",No,No,,,,,,,,,385719,,,,,,
,Griffith University,"170 Kessels Road, Nathan Qld 4111",Subscription/Licence Fees Software,8/12/2023,50060,Smartsheet Inc.,Usa,No,No,,,,,,,,,385792,,,,,,
,Griffith University,"170 Kessels Road, Nathan Qld 4111",Laboratory Consumables,8/12/2023,20900,Testel Australia Pty Ltd,"Unley, Sa",No,No,,,,,,,,,385800,,,,,,
,Griffith University,"170 Kessels Road, Nathan Qld 4111",Laboratory Consumables,8/12/2023,28600,The Trustee For The Spencer Brands Group,"Pine Mountain, Qld",No,No,,,,,,,,,385804,,,,,,
,Griffith University,"170 Kessels Road, Nathan Qld 4111",Laboratory Consumables,8/12/2023,66000,Thermo Fisher Scientific Australia,"Scoresby, Vic",No,No,,,,,,,,,385715,,,,,,
,Griffith University,"170 Kessels Road, Nathan Qld 4111",Laboratory Consumables,8/12/2023,27500,Thermo Fisher Scientific Australia,"Scoresby, Vic",No,No,,,,,,,,,385723,,,,,,
,Griffith University,"170 Kessels Road, Nathan Qld 4111",Laboratory Consumables,8/12/2023,19250,Tomident Pty. Ltd.,"Ashfield, Nsw",No,No,,,,,,,,,385724,,,,,,
,Griffith University,"170 Kessels Road, Nathan Qld 4111",Laboratory Consumables,8/12/2023,13200,Vital Medical Supplies,"Kingsgrove, Nsw",No,No,,,,,,,,,385805,,,,,,
,Griffith University,"170 Kessels Road, Nathan Qld 4111",Subscription/Licence Fees Software,8/12/2023,56693,"Wellspring Worldwide, Inc.",Usa,No,No,,,,,,,,,385722,,,,,,
,Griffith University,"170 Kessels Road, Nathan Qld 4111",Laboratory Consumables,8/12/2023,33000,Westlab Pty Ltd,"Ballarat, Vic",No,No,,,,,,,,,385721,,,,,,
,Griffith University,"170 Kessels Road, Nathan Qld 4111",Laboratory Consumables,8/12/2023,82500,Winc Australia Pty Ltd,"Alexandria, Nsw",No,No,,,,,,,,,385725,,,,,,
,Griffith University,"170 Kessels Road, Nathan Qld 4111",Health & Safety Expenses,11/12/2023,10048,Diligent Fire Pty Ltd,"Albion, Qld",No,No,,,,,,,,,385809,,,,,,
,Griffith University,"170 Kessels Road, Nathan Qld 4111",Health & Safety Expenses,11/12/2023,13695,The P.A. People Pty Ltd,"Rhodes, Nsw",No,No,,,,,,,,,385806,,,,,,
,Griffith University,"170 Kessels Road, Nathan Qld 4111",Marketing Fees,11/12/2023,13349,Unijobs Global Pty Ltd,"Brighton, Vic",No,No,,,,,,,,,385814,,,,,,
,Griffith University,"170 Kessels Road, Nathan Qld 4111",Laboratory Consumables,12/12/2023,84592,Biotools Pty Ltd,"Keperra, Qld",No,No,,,,,,,,,385844,,,,,,
,Griffith University,"170 Kessels Road, Nathan Qld 4111",Consultancy Services,12/12/2023,11739,"Bizztech, Inc.",Usa,No,No,,,,,,,,,385817,,,,,,
,Griffith University,"170 Kessels Road, Nathan Qld 4111",Laboratory Consumables,12/12/2023,203500,Boc Limited,"Labrador, Qld",No,No,,,,,,,,,385830,,,,,,
,Griffith University,"170 Kessels Road, Nathan Qld 4111",Scientific Equipment,12/12/2023,79638,Lastek Pty Ltd,"Thebarton, Sa",No,No,,,,,,,,,385826,,,,,,
,Griffith University,"170 Kessels Road, Nathan Qld 4111",Consultancy Services,12/12/2023,10780,Norman Disney & Young,"Sydney, Nsw",No,No,,,,,,,,,385849,,,,,,
,Griffith University,"170 Kessels Road, Nathan Qld 4111",Software Support Maintenance,12/12/2023,743358,Oracle Corporation Australia Pty Ltd,"Sydney, Nsw",No,No,Limited,"c - (i) Cannot be made for technical reasons such as requirements of interchangeability or interoperability with existing equipment, software, services or installations procured under the initial procurement, or due to conditions under original supplier warranties",,,,,,,385820,,,,,,
,Griffith University,"170 Kessels Road, Nathan Qld 4111",Scientific Equipment,12/12/2023,13750,Scope Scientific,"Kelvin Grove, Qld",No,No,,,,,,,,,385835,,,,,,
,Griffith University,"170 Kessels Road, Nathan Qld 4111",Memberships/Subscriptions,12/12/2023,32720,Sinorbis Australia Pty Ltd,"Sydney, Nsw",No,No,,,,,,,,,385845,,,,,,
,Griffith University,"170 Kessels Road, Nathan Qld 4111",Building Construction & Maintenance,12/12/2023,181014,Turner & Townsend Project Management Pty,"Brisbane, Qld",No,No,,,,,,,,,385856,,,,,,
,Griffith University,"170 Kessels Road, Nathan Qld 4111",Computer Equipment,13/12/2023,15224,000Pc Pty Ltd,"Wilsonton, Qld",No,No,,,,,,,,,2050170,,,,,,
,Griffith University,"170 Kessels Road, Nathan Qld 4111",Royalties,13/12/2023,24038,A Dowling,Qld,No,No,,,,,,,,,2048349 2062823,,,,,,
,Griffith University,"170 Kessels Road, Nathan Qld 4111",Consultancy Services,13/12/2023,41454,Acer - Aust Council For Edu Research Ltd,"Camberwell, Vic",No,No,,,,,,,,,2048338,,,,,,
,Griffith University,"170 Kessels Road, Nathan Qld 4111",Memberships/Subscriptions,13/12/2023,14916,Acts Inc,"Nathan, Qld",No,No,,,,,,,,,2051009,,,,,,
,Griffith University,"170 Kessels Road, Nathan Qld 4111",Reference Materials,13/12/2023,11116,American Academy Of Pediatrics,Usa,No,No,,,,,,,,,2048435,,,,,,
,Griffith University,"170 Kessels Road, Nathan Qld 4111",Memberships/Subscriptions,13/12/2023,33000,Australian Academy Of Science,"Canberra, Act",No,No,,,,,,,,,2050825,,,,,,
,Griffith University,"170 Kessels Road, Nathan Qld 4111",Pathology Expenditure,13/12/2023,16335,Australian Laboratory Services P/L,"Stafford, Qld",No,No,,,,,,,,,2050755,,,,,,
,Griffith University,"170 Kessels Road, Nathan Qld 4111",Reference Materials,13/12/2023,131830,Bloomsbury Publishing Plc.,UK,No,No,,,,,,,,,GU-2085,,,,,,
,Griffith University,"170 Kessels Road, Nathan Qld 4111",Reference Materials,13/12/2023,24865,Bloomsbury Publishing Plc.,UK,No,No,,,,,,,,,GU-2129,,,,,,
,Griffith University,"170 Kessels Road, Nathan Qld 4111",Memberships/Subscriptions,13/12/2023,27500,Campus Plus Pty Ltd,"Act, Nsw",No,No,,,,,,,,,2050521,,,,,,
,Griffith University,"170 Kessels Road, Nathan Qld 4111",Reference Materials,13/12/2023,76417,Cengage Learning Australia Pty Ltd,"South Melbourne, Vic",No,No,,,,,,,,,2048737,,,,,,
,Griffith University,"170 Kessels Road, Nathan Qld 4111",Reference Materials,13/12/2023,144504,Clarivate Analytics (Uk) Limited,UK,No,No,,,,,,,,,2048437,,,,,,
,Griffith University,"170 Kessels Road, Nathan Qld 4111",Reference Materials,13/12/2023,132265,Coherent Digital Llc,Usa,No,No,,,,,,,,,2049034,,,,,,
,Griffith University,"170 Kessels Road, Nathan Qld 4111",Reference Materials,13/12/2023,42903,Council Of Aust. University Librarians,"Deakin, Act",No,No,,,,,,,,,2046981,,,,,,
,Griffith University,"170 Kessels Road, Nathan Qld 4111",Reference Materials,13/12/2023,95658,Council Of Aust. University Librarians,"Deakin, Act",No,No,,,,,,,,,2047398,,,,,,
,Griffith University,"170 Kessels Road, Nathan Qld 4111",Reference Materials,13/12/2023,140730,Council Of Aust. University Librarians,"Deakin, Act",No,No,,,,,,,,,2047580,,,,,,
,Griffith University,"170 Kessels Road, Nathan Qld 4111",Reference Materials,13/12/2023,136621,Council Of Aust. University Librarians,"Deakin, Act",No,No,,,,,,,,,2047582,,,,,,
,Griffith University,"170 Kessels Road, Nathan Qld 4111",Reference Materials,13/12/2023,25207,Council Of Aust. University Librarians,"Deakin, Act",No,No,,,,,,,,,2047587,,,,,,
,Griffith University,"170 Kessels Road, Nathan Qld 4111",Reference Materials,13/12/2023,52557,Council Of Aust. University Librarians,"Deakin, Act",No,No,,,,,,,,,2047951,,,,,,
,Griffith University,"170 Kessels Road, Nathan Qld 4111",Reference Materials,13/12/2023,292222,Council Of Aust. University Librarians,"Deakin, Act",No,No,,,,,,,,,2047954,,,,,,
,Griffith University,"170 Kessels Road, Nathan Qld 4111",Reference Materials,13/12/2023,80267,Council Of Aust. University Librarians,"Deakin, Act",No,No,,,,,,,,,2048421,,,,,,
,Griffith University,"170 Kessels Road, Nathan Qld 4111",Memberships/Subscriptions,13/12/2023,24378,Council Of Aust. University Librarians,"Deakin, Act",No,No,,,,,,,,,2048736,,,,,,
,Griffith University,"170 Kessels Road, Nathan Qld 4111",Printing Expenses,13/12/2023,14301,Cpx Pty Ltd,"Kelvin Grove, Qld",No,No,,,,,,,,,2048726,,,,,,
,Griffith University,"170 Kessels Road, Nathan Qld 4111",Consultancy Services,13/12/2023,21500,David Robert Peetz,Queensland,No,No,,,,,,,,,2050511,,,,,,
,Griffith University,"170 Kessels Road, Nathan Qld 4111",Patent Application Fee,13/12/2023,13803,Davies Collison Cave Pty Ltd,"Melbourne, Vic",No,No,,,,,,,,,2048733,,,,,,
,Griffith University,"170 Kessels Road, Nathan Qld 4111",Reference Materials,13/12/2023,107728,Ebsco International Inc,"North Sydney, Nsw",No,No,,,,,,,,,2047379,,,,,,
,Griffith University,"170 Kessels Road, Nathan Qld 4111",Reference Materials,13/12/2023,240302,Ebsco International Inc,"North Sydney, Nsw",No,No,,,,,,,,,2047405,,,,,,
,Griffith University,"170 Kessels Road, Nathan Qld 4111",Reference Materials,13/12/2023,14186,Ebsco International Inc,"North Sydney, Nsw",No,No,,,,,,,,,2048350,,,,,,
,Griffith University,"170 Kessels Road, Nathan Qld 4111",Memberships/Subscriptions,13/12/2023,14002,Ecctis Ltd,UK,No,No,,,,,,,,,2046542,,,,,,
,Griffith University,"170 Kessels Road, Nathan Qld 4111",Consultancy Services,13/12/2023,38462,Edified Pty Ltd,"Carlton North, Vic",No,No,,,,,,,,,2047404 394740,,,,,,
,Griffith University,"170 Kessels Road, Nathan Qld 4111",Marketing Fees,13/12/2023,15806,Edu Danmark Aps,Denmark,No,No,,,,,,,,,2050773,,,,,,
,Griffith University,"170 Kessels Road, Nathan Qld 4111",Reference Materials,13/12/2023,226713,Elsevier Inc.,Usa,Yes,No,,,,,,,,,2046316 2100668,,,,,,
,Griffith University,"170 Kessels Road, Nathan Qld 4111",Memberships/Subscriptions,13/12/2023,15000,Engagement Australia Ltd,"Lismore, Nsw",No,No,,,,,,,,,2046246,,,,,,
,Griffith University,"170 Kessels Road, Nathan Qld 4111",Reference Materials,13/12/2023,34596,Euromonitor International Ltd.,Uk,No,No,,,,,,,,,2046324,,,,,,
,Griffith University,"170 Kessels Road, Nathan Qld 4111",Memberships/Subscriptions,13/12/2023,55000,Higher Ed Services Pty Ltd,"Sydney, Nsw",No,No,,,,,,,,,2047568,,,,,,
,Griffith University,"170 Kessels Road, Nathan Qld 4111",Marketing Fees,13/12/2023,25355,Idp Education Pty Ltd,"Melbourne, Vic",No,No,,,,,,,,,2051136,,,,,,
,Griffith University,"170 Kessels Road, Nathan Qld 4111",Reference Materials,13/12/2023,22559,Igroup (Australasia) Pty Ltd,"Melbourne, Vic",No,No,,,,,,,,,2046254,,,,,,
,Griffith University,"170 Kessels Road, Nathan Qld 4111",Reference Materials,13/12/2023,32926,Igroup (Australasia) Pty Ltd,"Melbourne, Vic",No,No,,,,,,,,,2049558,,,,,,
,Griffith University,"170 Kessels Road, Nathan Qld 4111",Reference Materials,13/12/2023,126739,Igroup (Australasia) Pty Ltd,"Melbourne, Vic",No,No,,,,,,,,,2049560,,,,,,
,Griffith University,"170 Kessels Road, Nathan Qld 4111",Reference Materials,13/12/2023,19367,Informa Uk Ltd,Uk,No,No,,,,,,,,,2048158,,,,,,
,Griffith University,"170 Kessels Road, Nathan Qld 4111",Equipment Purchase,13/12/2023,12870,Kingaroy Furniture Court,"Kingaroy, Qld",No,No,,,,,,,,,2048725,,,,,,
,Griffith University,"170 Kessels Road, Nathan Qld 4111",Consultancy Services,13/12/2023,27500,Leadershiphq Pty Ltd,"Ormiston, Qld",No,No,,,,,,,,,2049291,,,,,,
,Griffith University,"170 Kessels Road, Nathan Qld 4111",Printing Expenses,13/12/2023,18645,Lovework Studio Pty Ltd,"Woody Point, Qld",No,No,,,,,,,,,2050910,,,,,,
,Griffith University,"170 Kessels Road, Nathan Qld 4111",Reference Materials,13/12/2023,15436,Mcgraw Hill Llc,Usa,No,No,,,,,,,,,2046965,,,,,,
,Griffith University,"170 Kessels Road, Nathan Qld 4111",Reference Materials,13/12/2023,22419,Mcgraw Hill Llc,Usa,No,No,,,,,,,,,2046966,,,,,,
,Griffith University,"170 Kessels Road, Nathan Qld 4111",Memberships/Subscriptions,13/12/2023,11388,Nationwide News Pty Ltd,"Surry Hills, Nsw",No,No,,,,,,,,,2047549,,,,,,
,Griffith University,"170 Kessels Road, Nathan Qld 4111",Reference Materials,13/12/2023,11095,Naxos Digital Services Ltd,Hong Kong,No,No,,,,,,,,,2050390,,,,,,
,Griffith University,"170 Kessels Road, Nathan Qld 4111",Reference Materials,13/12/2023,28325,Nearmap Australia Pty Ltd,"Barangaroo, Nsw",No,No,,,,,,,,,2048145,,,,,,
,Griffith University,"170 Kessels Road, Nathan Qld 4111",Reference Materials,13/12/2023,19944,Peter Lang Group Ag,Switzerland,No,No,,,,,,,,,2047392,,,,,,
,Griffith University,"170 Kessels Road, Nathan Qld 4111",Reference Materials,13/12/2023,47197,Proquest Llc,Usa,No,No,,,,,,,,,2047575,,,,,,
,Griffith University,"170 Kessels Road, Nathan Qld 4111",Reference Materials,13/12/2023,21275,Proquest Llc,Usa,No,No,,,,,,,,,2047969,,,,,,
,Griffith University,"170 Kessels Road, Nathan Qld 4111",Marketing Fees,13/12/2023,16693,Ride Free Media Pty Ltd,"West End, Qld",No,No,,,,,,,,,2049177,,,,,,
,Griffith University,"170 Kessels Road, Nathan Qld 4111",Reference Materials,13/12/2023,261278,Rmit Training Pty Ltd,"Melbourne, Vic",No,No,,,,,,,,,2047562,,,,,,
,Griffith University,"170 Kessels Road, Nathan Qld 4111",Reference Materials,13/12/2023,33808,Royal Pharmaceutical Society Of Gb,Uk,No,No,,,,,,,,,2047973,,,,,,
,Griffith University,"170 Kessels Road, Nathan Qld 4111",Excursions Expenses,13/12/2023,21950,Second Nature Asia Pacific Pty Ltd,"Elanora, Qld",No,No,,,,,,,,,2050757,,,,,,
,Griffith University,"170 Kessels Road, Nathan Qld 4111",Reference Materials,13/12/2023,18885,Springer Nature Bv,Germany,No,No,,,,,,,,,2046699,,,,,,
,Griffith University,"170 Kessels Road, Nathan Qld 4111",Reference Materials,13/12/2023,155388,Springer Nature Bv,Germany,No,No,,,,,,,,,2047955,,,,,,
,Griffith University,"170 Kessels Road, Nathan Qld 4111",Reference Materials,13/12/2023,253210,Springer Nature Bv,Germany,No,No,,,,,,,,,2047974,,,,,,
,Griffith University,"170 Kessels Road, Nathan Qld 4111",Memberships/Subscriptions,13/12/2023,16500,Swinburne University Of Technology,"Hawthorn, Vic",No,No,,,,,,,,,2050519,,,,,,
,Griffith University,"170 Kessels Road, Nathan Qld 4111",External Course Delivery,13/12/2023,30000,Tapan Kumar Sarker,Qld,No,No,,,,,,,,,2047971,,,,,,
,Griffith University,"170 Kessels Road, Nathan Qld 4111",Marketing Fees,13/12/2023,21437,The School Locker,"Eight Mile Plains, Qld",No,No,,,,,,,,,2050763,,,,,,
,Griffith University,"170 Kessels Road, Nathan Qld 4111",Consultancy Services,13/12/2023,34430,The Trustee For Granted Group Unit Trust,"Bentleigh, Vic",No,No,,,,,,,,,2046353,,,,,,
,Griffith University,"170 Kessels Road, Nathan Qld 4111",Equipment Purchase,13/12/2023,13200,The Trustee For Huckfurn No 2 Trust,"Warwick, Qld",No,No,,,,,,,,,2049295,,,,,,
,Griffith University,"170 Kessels Road, Nathan Qld 4111",Reference Materials,13/12/2023,37439,Therapeutic Guidelines Ltd,"West Melbourne, Vic",No,No,,,,,,,,,2047576,,,,,,
,Griffith University,"170 Kessels Road, Nathan Qld 4111",Reference Materials,13/12/2023,324425,Thomson Legal & Regulatory Limited,"Sydney, Nsw",No,No,,,,,,,,,2047581,,,,,,
,Griffith University,"170 Kessels Road, Nathan Qld 4111",Reference Materials,13/12/2023,45341,Tongfang Knowledge Network Technology Co,"Beijing, ",No,No,,,,,,,,,2048443,,,,,,
,Griffith University,"170 Kessels Road, Nathan Qld 4111",Memberships/Subscriptions,13/12/2023,13171,University Of Western Australia,Nedlands,No,No,,,,,,,,,2051010,,,,,,
,Griffith University,"170 Kessels Road, Nathan Qld 4111",Reference Materials,13/12/2023,33745,Visible Body,Usa,No,No,,,,,,,,,2042449,,,,,,
,Griffith University,"170 Kessels Road, Nathan Qld 4111",Conference Expenses,13/12/2023,24200,Watermark Events Pty Ltd,"Mermaid Beach, Qld",No,No,,,,,,,,,2047723 2005287,,,,,,
,Griffith University,"170 Kessels Road, Nathan Qld 4111",Subscription/Licence Fees Software,2/01/2024,970299,Baidam Solutions Pty Ltd,"Brisbane, Qld",No,No,Selective,,,,,,,,385886,,,,,,
,Griffith University,"170 Kessels Road, Nathan Qld 4111",Laboratory Consumables,2/01/2024,27500,Blackwoods,"Goodna, Qld",No,No,,,,,,,,,385883,,,,,,
,Griffith University,"170 Kessels Road, Nathan Qld 4111",Inventory Expenses,2/01/2024,27500,Blackwoods,"Goodna, Qld",No,No,,,,,,,,,385883,,,,,,
,Griffith University,"170 Kessels Road, Nathan Qld 4111",Scientific Equipment,2/01/2024,24200,Freedspace Pty Ltd,"Footscray, Vic",No,No,,,,,,,,,385874,,,,,,
,Griffith University,"170 Kessels Road, Nathan Qld 4111",Scientific Equipment,2/01/2024,24200,Freedspace Pty Ltd,"Footscray, Vic",No,No,,,,,,,,,385874,,,,,,
,Griffith University,"170 Kessels Road, Nathan Qld 4111",Subscription/Licence Fees Software,2/01/2024,84425,Jonas Leisure Pty Ltd,"Macquarie Park, Nsw",No,No,,,,,,,,,GU-1222,,,,,,
,Griffith University,"170 Kessels Road, Nathan Qld 4111",Consultancy Services,2/01/2024,27940,Sleeq Pty Ltd,"Newport, Qld",No,No,,,,,,,,,385885,,,,,,
,Griffith University,"170 Kessels Road, Nathan Qld 4111",Laboratory Consumables,2/01/2024,19250,Tri Hawk Australia,"Surrey Hills, Vic",No,No,,,,,,,,,385863,,,,,,
,Griffith University,"170 Kessels Road, Nathan Qld 4111",Marketing Fees,2/01/2024,18260,Uluyan 75 Pty Ltd,"Frenchville, Qld",No,No,,,,,,,,,385897,,,,,,
,Griffith University,"170 Kessels Road, Nathan Qld 4111",Marketing Fees,2/01/2024,19580,Uluyan 75 Pty Ltd,"Frenchville, Qld",No,No,,,,,,,,,385898,,,,,,
,Griffith University,"170 Kessels Road, Nathan Qld 4111",Marketing Fees,2/01/2024,17205,Uluyan 75 Pty Ltd,"Frenchville, Qld",No,No,,,,,,,,,385899,,,,,,
,Griffith University,"170 Kessels Road, Nathan Qld 4111",Marketing Fees,2/01/2024,15444,Verticurl Marketing Services Pty Ltd,"Millers Point, Nsw",No,No,,,,,,,,,385896,,,,,,
,Griffith University,"170 Kessels Road, Nathan Qld 4111",Laboratory Consumables,3/01/2024,203500,Coregas Pty Ltd,"Yennora, Nsw",No,No,,,,,,,,,385913,,,,,,
,Griffith University,"170 Kessels Road, Nathan Qld 4111",Building Construction & Maintenance,3/01/2024,34175,Mctaggart Plumbing Pty Ltd,"Petrie, Qld",Yes,No,,,,,,,,,385910,,,,,,
,Griffith University,"170 Kessels Road, Nathan Qld 4111",Laboratory Consumables,4/01/2024,33000,Adec Australia,"Mascot, nsw",No,No,,,,,,,,,385929,,,,,,
,Griffith University,"170 Kessels Road, Nathan Qld 4111",Building Construction & Maintenance,4/01/2024,240872,Eight 3 Constructions Pty Ltd,"Geebung, Qld",Yes,No,,,,,,,,,385936,,,,,,
,Griffith University,"170 Kessels Road, Nathan Qld 4111",Subscription/Licence Fees Software,5/01/2024,82500,Teamworks Innovations Australia Pty Ltd,"Milton, Qld",No,No,,,,,,,,,385939,,,,,,
,Griffith University,"170 Kessels Road, Nathan Qld 4111",Consultancy Services,8/01/2024,100000,Terry Nichols,"Nundah, Qld",No,No,,,,,,,,,385961,,,,,,
,Griffith University,"170 Kessels Road, Nathan Qld 4111",Cleaning Services,9/01/2024,14300,Ashmore Commercial Laundry,"Molendinar, Qld",No,No,,,,,,,,,385994,,,,,,
,Griffith University,"170 Kessels Road, Nathan Qld 4111",Accreditation Fees,9/01/2024,81793,Australian Psychology Accreditation Coun,"Melbourne, Vic",No,No,,,,,,,,,2051817,,,,,,
,Griffith University,"170 Kessels Road, Nathan Qld 4111",Equipment Maintenance,9/01/2024,13055,Biospace Lab,France,No,No,,,,,,,,,2051739,,,,,,
,Griffith University,"170 Kessels Road, Nathan Qld 4111",Consultancy Services,9/01/2024,108295,Consulting & Implementation Services P/L,"Docklands, Vic",No,No,,,,,,,,,2053109,,,,,,
,Griffith University,"170 Kessels Road, Nathan Qld 4111",Hire/Lease Fees,9/01/2024,12892,Corporate Stage Solutions,"Coorparoo Bc, Qld",No,No,,,,,,,,,2051770,,,,,,
,Griffith University,"170 Kessels Road, Nathan Qld 4111",Building Construction & Maintenance,9/01/2024,18013,E.D.C. Systems Pty Ltd,"Cannon Hill, Qld",No,No,,,,,,,,,2051760,,,,,,
,Griffith University,"170 Kessels Road, Nathan Qld 4111",External Course Delivery,9/01/2024,13346,Empius Pty Ltd,Qld,No,No,,,,,,,,,2051787,,,,,,
,Griffith University,"170 Kessels Road, Nathan Qld 4111",Consultancy Services,9/01/2024,11495,Equifax Australasia Credit Ratings Pty L,"North Sydney, Nsw",No,No,,,,,,,,,386006,,,,,,
,Griffith University,"170 Kessels Road, Nathan Qld 4111",Event Expenditure,9/01/2024,99000,Gold Coast Convention & Exhibition Centr,"Broadbeach, Qld",No,No,,,,,,,,,385995,,,,,,
,Griffith University,"170 Kessels Road, Nathan Qld 4111",Consultancy Services,9/01/2024,65984,Iam Projects,Qld,No,No,,,,,,,,,2052337 2060723,,,,,,
,Griffith University,"170 Kessels Road, Nathan Qld 4111",Reference Materials,9/01/2024,28585,Igroup (Australasia) Pty Ltd,"Melbourne, Vic",No,No,,,,,,,,,2046982,,,,,,
,Griffith University,"170 Kessels Road, Nathan Qld 4111",Building Construction & Maintenance,9/01/2024,69025,Lab Architects Pty Ltd,"Chapel Hill, Qld",Yes,No,,,,,,,,,386005,,,,,,
,Griffith University,"170 Kessels Road, Nathan Qld 4111",Consultancy Services,9/01/2024,66000,Modus Management Pty Ltd,"Carindale, Qld",No,No,,,,,,,,,2051772,,,,,,
,Griffith University,"170 Kessels Road, Nathan Qld 4111",Conference Expenses,9/01/2024,43364,Mta Travel,"Robina, Qld",No,No,,,,,,,,,2053108,,,,,,
,Griffith University,"170 Kessels Road, Nathan Qld 4111",Consultancy Services,9/01/2024,17724,Springer Nature Bv,Germany,No,No,,,,,,,,,2052090,,,,,,
,Griffith University,"170 Kessels Road, Nathan Qld 4111",Marketing Fees,9/01/2024,10542,Study Outside Norway (Sonor),Norway,No,No,,,,,,,,,2051747,,,,,,
,Griffith University,"170 Kessels Road, Nathan Qld 4111",Consultancy Services,9/01/2024,45249,The Trustee For Campus Radar Trust,"Newmarket, Qld",No,No,,,,,,,,,385993,,,,,,
,Griffith University,"170 Kessels Road, Nathan Qld 4111",Conference Expenses,9/01/2024,48143,University Of New South Wales,"Sydney, Nsw",No,No,,,,,,,,,2051789,,,,,,
,Griffith University,"170 Kessels Road, Nathan Qld 4111",Audio Visual Equipment,10/01/2024,13059,Videopro Pty Ltd,"Eagle Farm, Qld",No,No,,,,,,,,,386036,,,,,,
,Griffith University,"170 Kessels Road, Nathan Qld 4111",Laboratory Consumables,11/01/2024,10540,B Braun Australia Pty Ltd,"Baulkham Hills, Nsw",No,No,,,,,,,,,386068,,,,,,
,Griffith University,"170 Kessels Road, Nathan Qld 4111",Laboratory Consumables,11/01/2024,467500,Dentavision Pty Ltd,"Castle Hill, Nsw",No,No,,,,,,,,,386078,,,,,,
,Griffith University,"170 Kessels Road, Nathan Qld 4111",Subscription/Licence Fees Software,11/01/2024,121968,Dropbox International Unlimited Company,Dublin,No,No,,,,,,,,,386042,,,,,,
,Griffith University,"170 Kessels Road, Nathan Qld 4111",Building Construction & Maintenance,11/01/2024,61638,Eight 3 Constructions Pty Ltd,"Geebung, Qld",Yes,No,,,,,,,,,386077,,,,,,
,Griffith University,"170 Kessels Road, Nathan Qld 4111",Software Support Maintenance,11/01/2024,10428,New Data Solutions Pty Ltd,"Scarborough, Qld",No,No,,,,,,,,,386041,,,,,,
,Griffith University,"170 Kessels Road, Nathan Qld 4111",Subscription/Licence Fees Software,12/01/2024,16142,Fluentpro Software Corporation,"Redmond, Wa",No,No,,,,,,,,,386097,,,,,,
,Griffith University,"170 Kessels Road, Nathan Qld 4111",Subscription/Licence Fees Software,12/01/2024,66247,Lastpass Australia Pty. Ltd.,"Sydney, Nsw",No,No,,,,,,,,,386098,,,,,,
,Griffith University,"170 Kessels Road, Nathan Qld 4111",Reference Materials,12/01/2024,28346,Macmillan Distribution,Uk,No,No,,,,,,,,,386081,,,,,,
,Griffith University,"170 Kessels Road, Nathan Qld 4111",Marketing Fees,12/01/2024,27500,Queensland Performing Arts Trust,"South Brisbane, Qld",No,No,,,,,,,,,386088,,,,,,
,Griffith University,"170 Kessels Road, Nathan Qld 4111",Memberships/Subscriptions,12/01/2024,37321,Science In Australia Gender Equity Ltd,"Acton, Act",No,No,,,,,,,,,386117,,,,,,
,Griffith University,"170 Kessels Road, Nathan Qld 4111",Laboratory Consumables,15/01/2024,22000,Adec Australia,"Mascot, nsw",No,No,,,,,,,,,386136,,,,,,
,Griffith University,"170 Kessels Road, Nathan Qld 4111",Building Construction & Maintenance,15/01/2024,12173,Eve Australia Pty Ltd,"Rydalmere, Nsw",No,No,,,,,,,,,386188,,,,,,
,Griffith University,"170 Kessels Road, Nathan Qld 4111",Subscription/Licence Fees Software,15/01/2024,16142,Graphpad Software Llc,Usa,No,No,,,,,,,,,386138,,,,,,
,Griffith University,"170 Kessels Road, Nathan Qld 4111",Chemical/Biological Products,15/01/2024,12045,Monash University,"Melbourne, Vic",No,No,,,,,,,,,386174,,,,,,
,Griffith University,"170 Kessels Road, Nathan Qld 4111",Laboratory Consumables,15/01/2024,88000,Straumann Pty Ltd,"Port Melbourne, Vic",No,No,,,,,,,,,386135,,,,,,
,Griffith University,"170 Kessels Road, Nathan Qld 4111",Accreditation Fees,16/01/2024,33000,Australian Nursing Council Inc,"Canberra City, Act",No,No,,,,,,,,,2053599,,,,,,
,Griffith University,"170 Kessels Road, Nathan Qld 4111",Equipment Maintenance,16/01/2024,13570,Civcorp Pty Ltd,"Beenleigh, Qld",No,No,,,,,,,,,386196,,,,,,
,Griffith University,"170 Kessels Road, Nathan Qld 4111",Accreditation Fees,16/01/2024,36900,Council Of Pharmacy Register Authorities,"Civic Square, Act",No,No,,,,,,,,,2053895,,,,,,
,Griffith University,"170 Kessels Road, Nathan Qld 4111",Freight Fees,16/01/2024,110000,Dhl Express (Australia) Pty Ltd,"Eagle Farm, Qld",No,No,,,,,,,,,386252,,,,,,
,Griffith University,"170 Kessels Road, Nathan Qld 4111",Electricity/Gas Supply,16/01/2024,93500,Elgas Limited,"Sydney, Nsw",No,No,,,,,,,,,386243,,,,,,
,Griffith University,"170 Kessels Road, Nathan Qld 4111",Vehicle Maintenance,16/01/2024,38500,Grand Motors,"Gold Coast, Qld",No,No,,,,,,,,,386241,,,,,,
,Griffith University,"170 Kessels Road, Nathan Qld 4111",Building Construction & Maintenance,16/01/2024,21633,Halogen Pools,"Miami, Qld",No,No,,,,,,,,,386270,,,,,,
,Griffith University,"170 Kessels Road, Nathan Qld 4111",Freight Fees,16/01/2024,15400,Labcabs Pty Ltd,"Cannon Hill, Qld",No,No,,,,,,,,,386218,,,,,,
,Griffith University,"170 Kessels Road, Nathan Qld 4111",Memberships/Subscriptions,16/01/2024,55000,Life Sciences Queensland Limited,"Toowong, Qld",No,No,,,,,,,,,2053899,,,,,,
,Griffith University,"170 Kessels Road, Nathan Qld 4111",Consultancy Services,16/01/2024,357862,Mariachi Creative,Qld,No,No,,,,,,,,,2053589 2056216 2059193,,,,,,
,Griffith University,"170 Kessels Road, Nathan Qld 4111",Electricity/Gas Supply,16/01/2024,71500,Origin Energy,"Adelaide, Sa",No,No,,,,,,,,,386242,,,,,,
,Griffith University,"170 Kessels Road, Nathan Qld 4111",Electricity/Gas Supply,16/01/2024,17600,Origin Energy,"Adelaide, Sa",No,No,,,,,,,,,386244,,,,,,
,Griffith University,"170 Kessels Road, Nathan Qld 4111",Consultancy Services,16/01/2024,17160,Pitch Black Engineering,"Brisbane, Qld",No,No,,,,,,,,,386247,,,,,,
,Griffith University,"170 Kessels Road, Nathan Qld 4111",Building Construction & Maintenance,16/01/2024,61950,Pryde Fabrication Pty. Ltd.,"Victoria Point West, Qld",No,No,,,,,,,,,386248,,,,,,
,Griffith University,"170 Kessels Road, Nathan Qld 4111",Health & Safety Expenses,16/01/2024,33000,Sanofi-Aventis Australia Pty Ltd,"Macquarie Park, Nsw",No,No,,,,,,,,,386198 386199,,,,,,
,Griffith University,"170 Kessels Road, Nathan Qld 4111",Health & Safety Expenses,16/01/2024,135300,Team Medical Supplies,"Dural, Nsw",No,No,,,,,,,,,386191 386192 386193 386197,,,,,,
,Griffith University,"170 Kessels Road, Nathan Qld 4111",Reference Materials,16/01/2024,49812,Techstreet Pty Ltd,Vic,No,No,,,,,,,,,2053625,,,,,,
,Griffith University,"170 Kessels Road, Nathan Qld 4111",Equipment Purchase,16/01/2024,10459,Telco Antennas Pty Ltd,"Hemmant, Qld",No,No,,,,,,,,,386259,,,,,,
,Griffith University,"170 Kessels Road, Nathan Qld 4111",Consultancy Services,16/01/2024,23540,The Trustee For Fireland Consultancy,"Toombul, Qld",No,No,,,,,,,,,2053582,,,,,,
,Griffith University,"170 Kessels Road, Nathan Qld 4111",Consultancy Services,16/01/2024,20020,The Trustee For Fireland Consultancy,"Toombul, Qld",No,No,,,,,,,,,2053584,,,,,,
,Griffith University,"170 Kessels Road, Nathan Qld 4111",Freight Fees,17/01/2024,369600,Australia Post,"Brisbane, Qld",No,No,,,,,,,,,386282,,,,,,
,Griffith University,"170 Kessels Road, Nathan Qld 4111",Pathology Expenditure,17/01/2024,31606,Australian Genome Research Facility Ltd,"St Lucia, Qld",No,No,,,,,,,,,386315,,,,,,
,Griffith University,"170 Kessels Road, Nathan Qld 4111",Consultancy Services,17/01/2024,99961,Global Reviews (Asia Pacific) Pty Ltd,"East Melbourne, Vic",No,No,,,,,,,,,386280,,,,,,
,Griffith University,"170 Kessels Road, Nathan Qld 4111",Subscription/Licence Fees Software,17/01/2024,19965,Imagineering Australia Pty Ltd,"North Sydney, Nsw",No,No,,,,,,,,,386286,,,,,,
,Griffith University,"170 Kessels Road, Nathan Qld 4111",Building Construction & Maintenance,17/01/2024,22060,Ryan Wilks Pty. Ltd.,"Murarrie, Qld",No,No,,,,,,,,,386304,,,,,,
,Griffith University,"170 Kessels Road, Nathan Qld 4111",Marketing Fees,17/01/2024,30240,Studyportals Bv,Netherlands,No,No,,,,,,,,,386279,,,,,,
,Griffith University,"170 Kessels Road, Nathan Qld 4111",Subscription/Licence Fees Software,17/01/2024,22000,The Ambassador Platform Ltd,Uk,No,No,,,,,,,,,386288,,,,,,
,Griffith University,"170 Kessels Road, Nathan Qld 4111",Legal Fees,17/01/2024,42900,Thomson Geer,"Brisbane, Qld",No,No,,,,,,,,,386328,,,,,,
,Griffith University,"170 Kessels Road, Nathan Qld 4111",Consultancy Services,17/01/2024,40947,University Of Oxford,Uk,No,No,,,,,,,,,386309,,,,,,
,Griffith University,"170 Kessels Road, Nathan Qld 4111",Laboratory Consumables,18/01/2024,14972,Boc Limited,"Chatswood, Nsw",No,No,,,,,,,,,386369,,,,,,
,Griffith University,"170 Kessels Road, Nathan Qld 4111",Marketing Fees,18/01/2024,54080,Brisbane Digital Co,"Albany Creek, Qld",No,No,,,,,,,,,386348,,,,,,
,Griffith University,"170 Kessels Road, Nathan Qld 4111",Laboratory Consumables,18/01/2024,49500,Coregas Pty Ltd,"Yennora, Nsw",No,No,,,,,,,,,386329,,,,,,
,Griffith University,"170 Kessels Road, Nathan Qld 4111",Laboratory Consumables,18/01/2024,11000,Merck Life Science Pty Ltd,"Castle Hill, Nsw",No,No,,,,,,,,,386330,,,,,,
,Griffith University,"170 Kessels Road, Nathan Qld 4111",Consultancy Services,18/01/2024,66000,University Of Wollongong,"Wollongong, nsw",No,No,,,,,,,,,386339,,,,,,
,Griffith University,"170 Kessels Road, Nathan Qld 4111",Laboratory Consumables,19/01/2024,22000,Dentsply Sirona Pty Ltd,"Mount Waverley, Vic",No,No,,,,,,,,,386406,,,,,,
,Griffith University,"170 Kessels Road, Nathan Qld 4111",Laboratory Consumables,19/01/2024,33000,Ivoclar Vivadent Pty. Ltd.,"Noble Park North, Vic",No,No,,,,,,,,,386403,,,,,,
,Griffith University,"170 Kessels Road, Nathan Qld 4111",Subscription/Licence Fees Software,19/01/2024,20023,Leap Australia Pty Ltd,"Manly, Nsw",No,No,,,,,,,,,386419,,,,,,
,Griffith University,"170 Kessels Road, Nathan Qld 4111",Laboratory Consumables,19/01/2024,55000,Nsk Oceania Pty Ltd,"Rosebery, Nsw",No,No,,,,,,,,,386389,,,,,,
,Griffith University,"170 Kessels Road, Nathan Qld 4111",Laboratory Consumables,19/01/2024,22000,Nsk Oceania Pty Ltd,"Rosebery, Nsw",No,No,,,,,,,,,386407,,,,,,
,Griffith University,"170 Kessels Road, Nathan Qld 4111",Vehicle Maintenance,19/01/2024,13200,Oldmac Toyota,"Springwood, Qld",No,No,,,,,,,,,386388,,,,,,
,Griffith University,"170 Kessels Road, Nathan Qld 4111",Laboratory Consumables,19/01/2024,55000,One Dental Pty Ltd,"Castle Hill, Nsw",No,No,,,,,,,,,386390,,,,,,
,Griffith University,"170 Kessels Road, Nathan Qld 4111",Laboratory Consumables,19/01/2024,22000,Ormco Pty Ltd,"North Ryde, Nsw",No,No,,,,,,,,,386411,,,,,,
,Griffith University,"170 Kessels Road, Nathan Qld 4111",Conference Expenses,19/01/2024,13332,Traits Competencies And Skills Pty Ltd,"Blairgowrie, Vic",No,No,,,,,,,,,386401,,,,,,
,Griffith University,"170 Kessels Road, Nathan Qld 4111",Vehicle Maintenance,19/01/2024,44000,Tyre & Auto Pty Ltd,"Sunnybank, Qld",No,No,,,,,,,,,386387,,,,,,
,Griffith University,"170 Kessels Road, Nathan Qld 4111",Consultancy Services,20/01/2024,1700171,Insight Enterprises Australia Pty Ltd,"Brookevale, Nsw",Yes,No,Selective,,,,,,,,386442,,,,,,
,Griffith University,"170 Kessels Road, Nathan Qld 4111",Consultancy Services,20/01/2024,2434714,Slalom Australia Pty Ltd,"Melbourne, Vic",Yes,No,Selective,,,,,,,,386446,,,,,,
,Griffith University,"170 Kessels Road, Nathan Qld 4111",Building Construction & Maintenance,22/01/2024,36270,A1 Building & Property Solutions Pty Ltd,"The Gap, Qld",No,No,,,,,,,,,386501,,,,,,
,Griffith University,"170 Kessels Road, Nathan Qld 4111",Excursions Expenses,22/01/2024,120978,Centre For International Studies Pty Ltd,"Ashmore City, Qld",No,No,,,,,,,,,386465,,,,,,
,Griffith University,"170 Kessels Road, Nathan Qld 4111",Laboratory Consumables,22/01/2024,82500,Henry Schein Regional Trust,"South Brisbane, Qld",No,No,,,,,,,,,386505,,,,,,
,Griffith University,"170 Kessels Road, Nathan Qld 4111",Laboratory Consumables,22/01/2024,55000,Neoss Australia Pty Ltd,"Bowen Hills, Qld",No,No,,,,,,,,,386504,,,,,,
,Griffith University,"170 Kessels Road, Nathan Qld 4111",Chemical/Biological Products,22/01/2024,13200,New England Biolabs Pty Ltd,"Notting Hill, Vic",No,No,,,,,,,,,386508,,,,,,
,Griffith University,"170 Kessels Road, Nathan Qld 4111",Chemical/Biological Products,22/01/2024,374000,Ozgene Arc Pty Ltd,"Bentley, Wa",No,No,,,,,,,,,386448 386449 386450 386683,,,,,,
,Griffith University,"170 Kessels Road, Nathan Qld 4111",Equipment Purchase,22/01/2024,20559,Thomas Textiles,"Archerfield, Qld",No,No,,,,,,,,,386497,,,,,,
,Griffith University,"170 Kessels Road, Nathan Qld 4111",Scientific Equipment,23/01/2024,14897,Accurate Mass Scientific Pty Ltd,"Keilor East, Vic",No,No,,,,,,,,,386559,,,,,,
,Griffith University,"170 Kessels Road, Nathan Qld 4111",Cleaning Services,23/01/2024,30088,All Aces Clean Pty Ltd,"Brisbane, Qld",No,No,,,,,,,,,386562,,,,,,
,Griffith University,"170 Kessels Road, Nathan Qld 4111",Memberships/Subscriptions,23/01/2024,102080,Aust Higher Education Industrial Assoc,"Melbourne, Vic",No,No,,,,,,,,,2054060,,,,,,
,Griffith University,"170 Kessels Road, Nathan Qld 4111",Reference Materials,23/01/2024,368015,Cch Australia Ltd,"Sydney, Nsw",Yes,No,,,,,,,,,2054768 GU-2753,,,,,,
,Griffith University,"170 Kessels Road, Nathan Qld 4111",Marketing Fees,23/01/2024,76103,Cpx Pty Ltd,"Kelvin Grove, Qld",No,No,,,,,,,,,386543,,,,,,
,Griffith University,"170 Kessels Road, Nathan Qld 4111",Reference Materials,23/01/2024,352207,Lexis Nexis,"Chatswood, Nsw",No,No,,,,,,,,,2054203,,,,,,
,Griffith University,"170 Kessels Road, Nathan Qld 4111",Consultancy Services,23/01/2024,25299,Margaret L Eby,Nsw,No,No,,,,,,,,,2054798,,,,,,
,Griffith University,"170 Kessels Road, Nathan Qld 4111",Chemical/Biological Products,23/01/2024,11000,New England Biolabs Pty Ltd,"Notting Hill, Vic",No,No,,,,,,,,,386530,,,,,,
,Griffith University,"170 Kessels Road, Nathan Qld 4111",Scientific Equipment,23/01/2024,49250,Scitek Australia Pty Ltd,"Milsons Point, Nsw",No,No,,,,,,,,,386551,,,,,,
,Griffith University,"170 Kessels Road, Nathan Qld 4111",Security Services,23/01/2024,117040,Securcom Pty Ltd,"Brendale, Qld",No,No,,,,,,,,,386519,,,,,,
,Griffith University,"170 Kessels Road, Nathan Qld 4111",Conference Expenses,23/01/2024,43976,University Of Oxford,Uk,No,No,,,,,,,,,2054448,,,,,,
,Griffith University,"170 Kessels Road, Nathan Qld 4111",Building Construction & Maintenance,24/01/2024,18282,Amalgamated Property Maint. Brisbane P/L,"Rochedale South, Qld",No,No,,,,,,,,,386591,,,,,,
,Griffith University,"170 Kessels Road, Nathan Qld 4111",Laboratory Consumables,24/01/2024,11820,Boc Limited,"Chatswood, Nsw",No,No,,,,,,,,,386593,,,,,,
,Griffith University,"170 Kessels Road, Nathan Qld 4111",Marketing Fees,24/01/2024,24000000,Wavemaker Australia Pty Ltd,"North Sydney, Nsw",No,No,Open,,,5,"35% - Solution Fit, 25% - Agency Capabilities, 25% - Agency Fit, 15% - Impact Procurement","Delivery of media strategy, planning and buying as well as project based specialist services as required (eg. marketing technology optimisation and econometric modelling)",Provision of Media Planning Agency Services as per project based plans. Delivery times are varied based on project requirements.,SLAs - As per CMP and Service Level Arrangements within the Contract Schedules,386589,,,,,,
,Griffith University,"170 Kessels Road, Nathan Qld 4111",Laboratory Consumables,25/01/2024,1029655,Bio-Strategy Pty Limited,"Campbellfield, Vic",No,No,Limited,b - (iii) The absence of competition for technical reasons which can only be supplied by a particular supplier and no reasonable alternative exists,,,,,,,386636,,,,,,
,Griffith University,"170 Kessels Road, Nathan Qld 4111",Consultancy Services,25/01/2024,10780,Jones Lang Lasalle (Qld) Pty Limited,"Brisbane, Qld",No,No,,,,,,,,,386666,,,,,,
,Griffith University,"170 Kessels Road, Nathan Qld 4111",Scientific Equipment,25/01/2024,15400,Scitech Pty Ltd,"Preston South, Vic",No,No,,,,,,,,,386642,,,,,,
,Griffith University,"170 Kessels Road, Nathan Qld 4111",Marketing Fees,29/01/2024,12397,Bailey Hq Pty Ltd,"Salisbury, Qld",No,No,,,,,,,,,386718,,,,,,
,Griffith University,"170 Kessels Road, Nathan Qld 4111",Consultancy Services,29/01/2024,16940,Brand Architects,"East Melbourne, Vic",No,No,,,,,,,,,386709,,,,,,
,Griffith University,"170 Kessels Road, Nathan Qld 4111",Scientific Equipment,29/01/2024,155874,In Vitro Technologies Pty Ltd,"Noble Park, Vic",No,No,,,,,,,,,386684,,,,,,
,Griffith University,"170 Kessels Road, Nathan Qld 4111",Subscription/Licence Fees Software,29/01/2024,54751,Microway,"Braeside, Vic",No,No,,,,,,,,,386733,,,,,,
,Griffith University,"170 Kessels Road, Nathan Qld 4111",Subscription/Licence Fees Software,29/01/2024,19800,Oracle Corporation Australia Pty Ltd,"Sydney, Nsw",No,No,,,,,,,,,386686,,,,,,
,Griffith University,"170 Kessels Road, Nathan Qld 4111",Audio Visual Equipment,29/01/2024,21980,Programmed Electrical Technologies Ltd,"Newstead, Qld",No,No,,,,,,,,,386717,,,,,,
,Griffith University,"170 Kessels Road, Nathan Qld 4111",Reference Materials,30/01/2024,226105,Council Of Aust. University Librarians,"Deakin, Act",No,No,,,,,,,,,2055590,,,,,,
,Griffith University,"170 Kessels Road, Nathan Qld 4111",Consultancy Services,30/01/2024,17156,Dynata Global Au Pty Ltd,"Sydney, Nsw",No,No,,,,,,,,,2054808,,,,,,
,Griffith University,"170 Kessels Road, Nathan Qld 4111",Building Construction & Maintenance,30/01/2024,1360559,Intrec Management (Qld) Pty Ltd,"Milton, Qld",Yes,No,Open,,,,,,,,386765,,,,,,
,Griffith University,"170 Kessels Road, Nathan Qld 4111",Reference Materials,30/01/2024,13709,Maritime Insights & Intelligence Limited,Uk,No,No,,,,,,,,,2054616,,,,,,
,Griffith University,"170 Kessels Road, Nathan Qld 4111",Building Construction & Maintenance,30/01/2024,11990,Pln Projects Pty Ltd,"Currumbin, Qld",No,No,,,,,,,,,386764,,,,,,
,Griffith University,"170 Kessels Road, Nathan Qld 4111",Consultancy Services,30/01/2024,12100,Saltt Technologies Pty Ltd,"Gladesville, Nsw",No,No,,,,,,,,,386760,,,,,,
,Griffith University,"170 Kessels Road, Nathan Qld 4111",Building Construction & Maintenance,30/01/2024,26628,Sterilizer Validation Australia,"Burleigh Heads, Qld",No,No,,,,,,,,,386767,,,,,,
,Griffith University,"170 Kessels Road, Nathan Qld 4111",Consultancy Services,30/01/2024,475200,Ten Seven Six Pty Ltd,"Manly West, Qld",No,No,,,,,,,,,386756,,,,,,
,Griffith University,"170 Kessels Road, Nathan Qld 4111",Reference Materials,30/01/2024,38044,Uptodate Inc.,Usa,No,No,,,,,,,,,2049481,,,,,,
,Griffith University,"170 Kessels Road, Nathan Qld 4111",Memberships/Subscriptions,31/01/2024,37699,English Language Testing Limited,Uk,No,No,,,,,,,,,386796,,,,,,
,Griffith University,"170 Kessels Road, Nathan Qld 4111",Computer Equipment,31/01/2024,17198,The School Locker,"Eight Mile Plains, Qld",No,No,,,,,,,,,386805,,,,,,
,Griffith University,"170 Kessels Road, Nathan Qld 4111",Marketing Fees,31/01/2024,56712,Traffic Film & Video Production,"West End, Qld",No,No,,,,,,,,,386794,,,,,,
,Griffith University,"170 Kessels Road, Nathan Qld 4111",Cleaning Services,1/02/2024,16500,Ashmore Commercial Laundry,"Molendinar, Qld",No,No,,,,,,,,,386821,,,,,,
,Griffith University,"170 Kessels Road, Nathan Qld 4111",Pathology Expenditure,1/02/2024,28325,Australian Genome Research Facility Ltd,"St Lucia, Qld",No,No,,,,,,,,,386829,,,,,,
,Griffith University,"170 Kessels Road, Nathan Qld 4111",Equipment Maintenance,1/02/2024,62092,Automated Logic Australia Pty Ltd,"Capalaba, Qld",No,No,,,,,,,,,386806 367579 375395,,,,,,
,Griffith University,"170 Kessels Road, Nathan Qld 4111",Chemical/Biological Products Gas Supply,1/02/2024,10148,"Ghc Gerling, Holz & Co. Handels Gmbh",Germany,No,No,,,,,,,,,386807,,,,,,
,Griffith University,"170 Kessels Road, Nathan Qld 4111",Consultancy Services,1/02/2024,99000,Natura Pacific Pty Ltd,"Burleigh, Qld",Yes,No,,,,,,,,,386838,,,,,,
,Griffith University,"170 Kessels Road, Nathan Qld 4111",Chemical/Biological Products Gas Supply,1/02/2024,134269,"Primrose Bio, Inc.",Usa,No,No,,,,,,,,,386815 2091146,,,,,,
,Griffith University,"170 Kessels Road, Nathan Qld 4111",Event Expenditure,1/02/2024,16500,Southport Australian Rules Football Club,"Southport, Qld",No,No,,,,,,,,,386827,,,,,,
,Griffith University,"170 Kessels Road, Nathan Qld 4111",Consultancy Services,1/02/2024,129033,Steadfast Projects Pty Ltd,"Upper Kedron, Qld",Yes,No,,,,,,,,,386834,,,,,,
,Griffith University,"170 Kessels Road, Nathan Qld 4111",Consultancy Services,1/02/2024,1732855,"Uc Innovation, Inc.",Usa,Yes,No,Selective,,,,,,,,GU-2184,,,,,,
,Griffith University,"170 Kessels Road, Nathan Qld 4111",Chemical/Biological Products Gas Supply,2/02/2024,13146,Merck Life Science Pty Ltd,"Castle Hill, Nsw",No,No,,,,,,,,,386855,,,,,,
,Griffith University,"170 Kessels Road, Nathan Qld 4111",Security Services,2/02/2024,18700,Spotless Facility Services Pty Ltd,"Melbourne, Vic",No,No,,,,,,,,,386848,,,,,,
,Griffith University,"170 Kessels Road, Nathan Qld 4111",Computer Equipment,2/02/2024,14436,The School Locker,"Eight Mile Plains, Qld",No,No,,,,,,,,,386874,,,,,,
,Griffith University,"170 Kessels Road, Nathan Qld 4111",Equipment Maintenance,2/02/2024,13508,Thermo Fisher Scientific Australia,"Scoresby, Vic",No,No,,,,,,,,,386856,,,,,,
,Griffith University,"170 Kessels Road, Nathan Qld 4111",Consultancy Services,5/02/2024,23744,Alluvium Consulting Australia Pty Ltd,"Cremorne, Vic",No,No,,,,,,,,,386892,,,,,,
,Griffith University,"170 Kessels Road, Nathan Qld 4111",Equipment Purchase,5/02/2024,10494,Arri Australia Pty Limited,"North Ryde, Nsw",No,No,,,,,,,,,386930,,,,,,
,Griffith University,"170 Kessels Road, Nathan Qld 4111",Equipment Maintenance,6/02/2024,71500,Aegis Safety Pty Ltd,"Geebung, Qld",No,No,,,,,,,,,386934,,,,,,
,Griffith University,"170 Kessels Road, Nathan Qld 4111",Equipment Maintenance,6/02/2024,93500,Airelec Electrical Services Pty Ltd,"Elanora, Qld",No,No,,,,,,,,,386935,,,,,,
,Griffith University,"170 Kessels Road, Nathan Qld 4111",Equipment Maintenance,6/02/2024,22000,Anning Curtains,"Southport, Qld",No,No,,,,,,,,,386951,,,,,,
,Griffith University,"170 Kessels Road, Nathan Qld 4111",Building Construction & Maintenance,6/02/2024,11000,Aquatrax Pty Ltd T/A Team Irrigation Sol,"Capalaba, Qld",No,No,,,,,,,,,386949,,,,,,
,Griffith University,"170 Kessels Road, Nathan Qld 4111",Building Construction & Maintenance,6/02/2024,55000,Assa Abloy Entrance Systems Industrial P,"Yennora, Nsw",No,No,,,,,,,,,386976,,,,,,
,Griffith University,"170 Kessels Road, Nathan Qld 4111",Equipment Maintenance,6/02/2024,110000,Atlas Copco Australia Pty Ltd,"Seventeen Mile Rocks, Qld",No,No,,,,,,,,,386991,,,,,,
,Griffith University,"170 Kessels Road, Nathan Qld 4111",Equipment Maintenance,6/02/2024,13200,Bligh Tanner Pty Ltd,"Fortitude Valley, Qld",No,No,,,,,,,,,386997,,,,,,
,Griffith University,"170 Kessels Road, Nathan Qld 4111",Reference Materials,6/02/2024,50000,Cambridge University Press,Idgemani,No,No,,,,,,,,,2054772,,,,,,
,Griffith University,"170 Kessels Road, Nathan Qld 4111",Consultancy Services,6/02/2024,25957,Dynata Global Au Pty Ltd,"Sydney, Nsw",No,No,,,,,,,,,2056143,,,,,,
,Griffith University,"170 Kessels Road, Nathan Qld 4111",Cleaning Services,6/02/2024,22000,Fdc Consultants,"Elsternwick, Vic",No,No,,,,,,,,,386948,,,,,,
,Griffith University,"170 Kessels Road, Nathan Qld 4111",Equipment Maintenance,6/02/2024,11000,Gold Coast Generators Pty Ltd,"Biggera Waters, Qld",No,No,,,,,,,,,386952,,,,,,
,Griffith University,"170 Kessels Road, Nathan Qld 4111",Equipment Maintenance,6/02/2024,88000,Haymans Electrical Pty Ltd,"Archerfield, Qld",No,No,,,,,,,,,386937,,,,,,
,Griffith University,"170 Kessels Road, Nathan Qld 4111",Equipment Maintenance,6/02/2024,110000,Hosmed Services Pty Ltd,"Virginia, Qld",No,No,,,,,,,,,386973,,,,,,
,Griffith University,"170 Kessels Road, Nathan Qld 4111",Commission Payment,6/02/2024,545614,Idp Education Pty Ltd,"Melbourne, Vic",No,No,Limited,b - (iii) The absence of competition for technical reasons which can only be supplied by a particular supplier and no reasonable alternative exists,,,,,,,2055869,,,,,,
,Griffith University,"170 Kessels Road, Nathan Qld 4111",Equipment Maintenance,6/02/2024,22000,Integra Remedial Solutions Pty Ltd,"Thorneside, Qld",No,No,,,,,,,,,386953,,,,,,
,Griffith University,"170 Kessels Road, Nathan Qld 4111",Equipment Maintenance,6/02/2024,110000,Jaf Australia Pty Ltd,"Yatala, Qld",No,No,,,,,,,,,386975,,,,,,
,Griffith University,"170 Kessels Road, Nathan Qld 4111",Reference Materials,6/02/2024,30000,Kanopy,Usa,No,No,,,,,,,,,2054078,,,,,,
,Griffith University,"170 Kessels Road, Nathan Qld 4111",Building Construction & Maintenance,6/02/2024,110000,Logical Line Marking,"Underwood, Qld",No,No,,,,,,,,,386980,,,,,,
,Griffith University,"170 Kessels Road, Nathan Qld 4111",Equipment Maintenance,6/02/2024,11000,Merck Life Science Pty Ltd,"Castle Hill, Nsw",No,No,,,,,,,,,386971,,,,,,
,Griffith University,"170 Kessels Road, Nathan Qld 4111",Equipment Maintenance,6/02/2024,16500,Mpn Consulting Pty Limited,"Toowong, Qld",No,No,,,,,,,,,386954,,,,,,
,Griffith University,"170 Kessels Road, Nathan Qld 4111",Equipment Maintenance,6/02/2024,110000,Rothwells Commercial Painters Pty Ltd,"Murwillumbah, Nsw",No,No,,,,,,,,,386939,,,,,,
,Griffith University,"170 Kessels Road, Nathan Qld 4111",Building Construction & Maintenance,6/02/2024,21450,Safe Footpaths Nsw Limited,"Neutral Bay, Nsw",No,No,,,,,,,,,386998,,,,,,
,Griffith University,"170 Kessels Road, Nathan Qld 4111",Subscription/Licence Fees Software,6/02/2024,259385,Screenrights,"Neutral Bay, Nsw",No,No,,,,,,,,,386933,,,,,,
,Griffith University,"170 Kessels Road, Nathan Qld 4111",Travel Expenses,6/02/2024,85200,The Trustee For Bsd Family Trust,"Reedy Creek, Qld",No,No,,,,,,,,,2056051,,,,,,
,Griffith University,"170 Kessels Road, Nathan Qld 4111",Equipment Maintenance,6/02/2024,16500,The Trustee For The Rm & Jm Fuller Famil,"Coomera, Qld",No,No,,,,,,,,,386972,,,,,,
,Griffith University,"170 Kessels Road, Nathan Qld 4111",Promotional Clothing Uniforms,6/02/2024,11000,Totally Workwear Slacks Creek,"Slacks Creek, Qld",No,No,,,,,,,,,386978,,,,,,
,Griffith University,"170 Kessels Road, Nathan Qld 4111",Equipment Maintenance,7/02/2024,33000,Clean-Air (Aust) Pty. Ltd.,"Acacia Ridge, Qld",No,No,,,,,,,,,387002,,,,,,
,Griffith University,"170 Kessels Road, Nathan Qld 4111",Consultancy Services,7/02/2024,100500,Dony Vernianto,Indonesia,No,No,,,,,,,,,387012,,,,,,
,Griffith University,"170 Kessels Road, Nathan Qld 4111",Building Construction & Maintenance,7/02/2024,27500,Dorma Hueppe Pty Ltd,"Regents Park, Nsw",No,No,,,,,,,,,387003,,,,,,
,Griffith University,"170 Kessels Road, Nathan Qld 4111",Security Services,7/02/2024,66000,John Barnes & Co (Qld) Pty Ltd,"Salisbury, Qld",No,No,,,,,,,,,387004,,,,,,
,Griffith University,"170 Kessels Road, Nathan Qld 4111",Chemical/Biological Products Gas Supply,7/02/2024,11094,Mimotopes Pty Ltd,"Clayton South, Vic",No,No,,,,,,,,,387044,,,,,,
,Griffith University,"170 Kessels Road, Nathan Qld 4111",Equipment Maintenance,8/02/2024,247500,All Door Solutions Pty Ltd,"Loganholme, Qld",No,No,,,,,,,,,387081,,,,,,
,Griffith University,"170 Kessels Road, Nathan Qld 4111",Laboratory Consumables,8/02/2024,17600,Alphabond Dental Pty Ltd,"Willoughby, Nsw",No,No,,,,,,,,,387061,,,,,,
,Griffith University,"170 Kessels Road, Nathan Qld 4111",Equipment Maintenance,8/02/2024,137500,Amalgamated Property Maint. Brisbane P/L,"Rochedale South, Qld",No,No,,,,,,,,,387082,,,,,,
,Griffith University,"170 Kessels Road, Nathan Qld 4111",Marketing Fees,8/02/2024,7988766,Bcm Group (Australia) Pty Ltd,"Brisbane, Qld",Yes,No,Open,,,,,,,,387072,,,,,,
,Griffith University,"170 Kessels Road, Nathan Qld 4111",Building Construction & Maintenance,8/02/2024,33000,Boc Limited,"Labrador, Qld",No,No,,,,,,,,,387089 387331,,,,,,
,Griffith University,"170 Kessels Road, Nathan Qld 4111",Building Construction & Maintenance,8/02/2024,15400,Coogee Qca Pty Ltd,"Wynnum North, Qld",No,No,,,,,,,,,387090,,,,,,
,Griffith University,"170 Kessels Road, Nathan Qld 4111",Cleaning Services,8/02/2024,352000,Crown Waste Solutions,"Helensvale Town Centre, Qld",No,No,,,,,,,,,387070,,,,,,
,Griffith University,"170 Kessels Road, Nathan Qld 4111",Merchant Fees,8/02/2024,26400,Cybs Singapore Pte Ltd,Singapore,No,No,,,,,,,,,387056,,,,,,
,Griffith University,"170 Kessels Road, Nathan Qld 4111",Building Construction & Maintenance,8/02/2024,275000,E.D.C. Systems Pty Ltd,"Cannon Hill, Qld",No,No,,,,,,,,,387074,,,,,,
,Griffith University,"170 Kessels Road, Nathan Qld 4111",Building Construction & Maintenance,8/02/2024,495000,Green Options Pty Ltd,"Botany, Nsw",No,No,,,,,,,,,387075,,,,,,
,Griffith University,"170 Kessels Road, Nathan Qld 4111",Consultancy Services,8/02/2024,13893,Healing Circle Psychology,"Darwin City, Nt",No,No,,,,,,,,,387055,,,,,,
,Griffith University,"170 Kessels Road, Nathan Qld 4111",Building Construction & Maintenance,8/02/2024,462000,Programmed Maintenance Service Ltd,"Carole Park, Qld",No,No,,,,,,,,,387076,,,,,,
,Griffith University,"170 Kessels Road, Nathan Qld 4111",Equipment Maintenance,8/02/2024,110000,Robert John Shannon,Qld,No,No,,,,,,,,,387083,,,,,,
,Griffith University,"170 Kessels Road, Nathan Qld 4111",Building Construction & Maintenance,8/02/2024,16908,Sdf Electrical Pty Ltd,"Sunnybank Hills, Qld",No,No,,,,,,,,,387100,,,,,,
,Griffith University,"170 Kessels Road, Nathan Qld 4111",Building Construction & Maintenance,8/02/2024,165000,Southport Removals Pty Ltd,"Labrador, Qld",No,No,,,,,,,,,387077,,,,,,
,Griffith University,"170 Kessels Road, Nathan Qld 4111",Building Construction & Maintenance,8/02/2024,495000,T&M Tree Services,"Buccan, Qld",No,No,,,,,,,,,387078,,,,,,
,Griffith University,"170 Kessels Road, Nathan Qld 4111",Building Construction & Maintenance,8/02/2024,352000,Technigro Pty Ltd,"Ormeau, Qld",No,No,,,,,,,,,387079,,,,,,
,Griffith University,"170 Kessels Road, Nathan Qld 4111",Building Construction & Maintenance,8/02/2024,330000,Technigro Pty Ltd,"Ormeau, Qld",No,No,,,,,,,,,387080,,,,,,
,Griffith University,"170 Kessels Road, Nathan Qld 4111",Scientific Equipment,8/02/2024,1232330,Thermo Fisher Scientific Australia,"Scoresby, Vic",No,No,Open,,,,,,,,387062,,,,,,
,Griffith University,"170 Kessels Road, Nathan Qld 4111",Consultancy Services,8/02/2024,40623,Trinity P3 Pty Ltd,"North Sydney, Nsw",Yes,No,,,,,,,,,387071,,,,,,
,Griffith University,"170 Kessels Road, Nathan Qld 4111",Equipment Maintenance,9/02/2024,495000,A1 Building & Property Solutions Pty Ltd,"The Gap, Qld",No,No,,,,,,,,,387147,,,,,,
,Griffith University,"170 Kessels Road, Nathan Qld 4111",Equipment Maintenance,9/02/2024,110000,Airmaster Corporation Pty Ltd,"Mansfield, Qld",No,No,,,,,,,,,387109,,,,,,
,Griffith University,"170 Kessels Road, Nathan Qld 4111",Equipment Maintenance,9/02/2024,220000,Descab Pty Ltd T/A Qld Multi Trades,"Tingalpa, Qld",No,No,,,,,,,,,387137,,,,,,
,Griffith University,"170 Kessels Road, Nathan Qld 4111",Equipment Maintenance,9/02/2024,275000,Dewpoint Air,"Newmarket, Qld",No,No,,,,,,,,,387138,,,,,,
,Griffith University,"170 Kessels Road, Nathan Qld 4111",Equipment Maintenance,9/02/2024,154000,Dormakaba Australia Pty Ltd,"Narre Warren, Vic",No,No,,,,,,,,,387139,,,,,,
,Griffith University,"170 Kessels Road, Nathan Qld 4111",Equipment Maintenance,9/02/2024,176000,Eximm Trust,"Ashmore City, Qld",No,No,,,,,,,,,387140,,,,,,
,Griffith University,"170 Kessels Road, Nathan Qld 4111",Consultancy Services,9/02/2024,80000,Institute Of Policy And Strategy For Agr,Vietnam,No,No,,,,,,,,,387148,,,,,,
,Griffith University,"170 Kessels Road, Nathan Qld 4111",Consultancy Services,9/02/2024,34100,Sage Insights Australia Pty Ltd,"Pasadena, Sa",No,No,,,,,,,,,387150,,,,,,
,Griffith University,"170 Kessels Road, Nathan Qld 4111",Scientific Equipment,9/02/2024,447470,Sartorius Australia Pty Ltd,"Dandenong South, Vic",No,No,,,,,,,,,387116,,,,,,
,Griffith University,"170 Kessels Road, Nathan Qld 4111",Security Services,9/02/2024,220000,Securcom Pty Ltd,"Brendale, Qld",No,No,,,,,,,,,387145,,,,,,
,Griffith University,"170 Kessels Road, Nathan Qld 4111",Software Support Maintenance,9/02/2024,18227,Smartrak Aust Pty Ltd,"East Melbourne, Vic",No,No,,,,,,,,,387156,,,,,,
,Griffith University,"170 Kessels Road, Nathan Qld 4111",Security Services,9/02/2024,9680000,Spotless Facility Services Pty Ltd,"Melbourne, Vic",Yes,No,Open,,,,,,,,3718,,,,,,
,Griffith University,"170 Kessels Road, Nathan Qld 4111",Building Construction & Maintenance,9/02/2024,110000,Steadfast Projects Pty Ltd,"Upper Kedron, Qld",No,No,,,,,,,,,387107,,,,,,
,Griffith University,"170 Kessels Road, Nathan Qld 4111",Equipment Maintenance,9/02/2024,110000,Value Added Asset Management Pty Ltd,"Darra, Qld",No,No,,,,,,,,,387108,,,,,,
,Griffith University,"170 Kessels Road, Nathan Qld 4111",Equipment Maintenance,9/02/2024,220000,Zip Heaters Aust Pty Ltd,"Bankstown, Nsw",No,No,,,,,,,,,387144,,,,,,
,Griffith University,"170 Kessels Road, Nathan Qld 4111",Equipment Maintenance,12/02/2024,27500,Asap Glass Pty Ltd,"Nerang, Qld",No,No,,,,,,,,,387181,,,,,,
,Griffith University,"170 Kessels Road, Nathan Qld 4111",Pathology Expenditure,12/02/2024,36586,Australian Genome Research Facility Ltd,"St Lucia, Qld",No,No,,,,,,,,,387214,,,,,,
,Griffith University,"170 Kessels Road, Nathan Qld 4111",Equipment Maintenance,12/02/2024,33000,Bell Spec Pty Ltd T/A Southport Carpets,"Southport, Qld",No,No,,,,,,,,,387183,,,,,,
,Griffith University,"170 Kessels Road, Nathan Qld 4111",Equipment Maintenance,12/02/2024,22000,Bizfurn Express Australia Pty Ltd,"Yandina, Qld",No,No,,,,,,,,,387193,,,,,,
,Griffith University,"170 Kessels Road, Nathan Qld 4111",Debt Collection Fees,12/02/2024,33000,Citec,"Brisbane, Qld",No,No,,,,,,,,,387179,,,,,,
,Griffith University,"170 Kessels Road, Nathan Qld 4111",Building Construction & Maintenance,12/02/2024,55000,Crown Mechanical Electrical Pty Ltd,"Rochedale South, Qld",No,No,,,,,,,,,387192,,,,,,
,Griffith University,"170 Kessels Road, Nathan Qld 4111",Software Support Maintenance,12/02/2024,277074,Data #3 Limited,"Indooroopilly, Qld",No,No,,,,,,,,,387197,,,,,,
,Griffith University,"170 Kessels Road, Nathan Qld 4111",Consultancy Services,12/02/2024,203089,Global Reviews (Asia Pacific) Pty Ltd,"East Melbourne, Vic",No,No,,,,,,,,,387220,,,,,,
,Griffith University,"170 Kessels Road, Nathan Qld 4111",Cleaning Services,12/02/2024,33000,Gold Coast City Council,"Gold Coast, Qld",No,No,,,,,,,,,387177,,,,,,
,Griffith University,"170 Kessels Road, Nathan Qld 4111",Equipment Maintenance,12/02/2024,33000,I & R Electrical,"Ashmore City, Qld",No,No,,,,,,,,,387184,,,,,,
,Griffith University,"170 Kessels Road, Nathan Qld 4111",Cleaning Services,12/02/2024,55000,Mould Cleaning Australia Pty Ltd,"Sydney, Nsw",No,No,,,,,,,,,387178,,,,,,
,Griffith University,"170 Kessels Road, Nathan Qld 4111",Equipment Maintenance,12/02/2024,44000,O'Brien Glass,"Padstow, Nsw",No,No,,,,,,,,,387185,,,,,,
,Griffith University,"170 Kessels Road, Nathan Qld 4111",Equipment Maintenance,12/02/2024,55000,Precise Air Group P/L,"Springwood, Qld",No,No,,,,,,,,,387186,,,,,,
,Griffith University,"170 Kessels Road, Nathan Qld 4111",Equipment Maintenance,12/02/2024,55000,Qld Roof Solutions Pty Ltd,"Coomera, Qld",No,No,,,,,,,,,387187,,,,,,
,Griffith University,"170 Kessels Road, Nathan Qld 4111",Equipment Maintenance,12/02/2024,33000,Reece Pty Ltd,"Salisbury, Qld",No,No,,,,,,,,,387188,,,,,,
,Griffith University,"170 Kessels Road, Nathan Qld 4111",Equipment Maintenance,12/02/2024,33000,Relay Consulting Services,"Rochedale, Qld",No,No,,,,,,,,,387189,,,,,,
,Griffith University,"170 Kessels Road, Nathan Qld 4111",Building Construction & Maintenance,12/02/2024,22000,Samios Plumbing Pty Ltd,"Pinkenba, Qld",No,No,,,,,,,,,387195,,,,,,
,Griffith University,"170 Kessels Road, Nathan Qld 4111",Equipment Maintenance,12/02/2024,55000,Sdf Electrical Pty Ltd,"Sunnybank Hills, Qld",No,No,,,,,,,,,387190,,,,,,
,Griffith University,"170 Kessels Road, Nathan Qld 4111",Event Expenditure,12/02/2024,24185,Somerville House,"South Brisbane, Qld",No,No,,,,,,,,,387223,,,,,,
,Griffith University,"170 Kessels Road, Nathan Qld 4111",Building Construction & Maintenance,12/02/2024,27500,Specialist Sales Pty Ltd,"Toowoomba, Qld",No,No,,,,,,,,,387180,,,,,,
,Griffith University,"170 Kessels Road, Nathan Qld 4111",Equipment Maintenance,12/02/2024,27500,Tw Denman Pty Ltd,"Ashmore, Qld",No,No,,,,,,,,,387191,,,,,,
,Griffith University,"170 Kessels Road, Nathan Qld 4111",Scientific Equipment,13/02/2024,39099,Agilent Technologies Australia Pty Ltd,"Mulgrave, Vic",No,No,,,,,,,,,387263,,,,,,
,Griffith University,"170 Kessels Road, Nathan Qld 4111",Memberships/Subscriptions,13/02/2024,18414,Australian University Sport,"Milton, Qld",No,No,,,,,,,,,2057504,,,,,,
,Griffith University,"170 Kessels Road, Nathan Qld 4111",Building Construction & Maintenance,13/02/2024,44000,Bunnings Group Limited,"Mansfield, Qld",No,No,,,,,,,,,387252,,,,,,
,Griffith University,"170 Kessels Road, Nathan Qld 4111",Scientific Equipment,13/02/2024,13593,Cjc Labs Ltd,Uk,No,No,,,,,,,,,387280,,,,,,
,Griffith University,"170 Kessels Road, Nathan Qld 4111",External Course Delivery,13/02/2024,35517,Corporate Prepaid Cards Pty Ltd,"Balmain, Nsw",No,No,,,,,,,,,2054206,,,,,,
,Griffith University,"170 Kessels Road, Nathan Qld 4111",External Course Delivery,13/02/2024,35527,Corporate Prepaid Cards Pty Ltd,"Balmain, Nsw",No,No,,,,,,,,,2057917,,,,,,
,Griffith University,"170 Kessels Road, Nathan Qld 4111",Cleaning Services,13/02/2024,38500,Dms Cleaning Service,"Hollywell, Qld",No,No,,,,,,,,,387251,,,,,,
,Griffith University,"170 Kessels Road, Nathan Qld 4111",Consultancy Services,13/02/2024,11110,Dnv Business Assurance Australia Pty Lim,"Sydney, Nsw",No,No,,,,,,,,,2057484,,,,,,
,Griffith University,"170 Kessels Road, Nathan Qld 4111",Consultancy Services,13/02/2024,10962,Dnv Business Assurance Australia Pty Lim,"Sydney, Nsw",No,No,,,,,,,,,2057485,,,,,,
,Griffith University,"170 Kessels Road, Nathan Qld 4111",Building Construction & Maintenance,13/02/2024,44000,Elemental Shade Structures,"Meadowbrook, Qld",No,No,,,,,,,,,387253,,,,,,
,Griffith University,"170 Kessels Road, Nathan Qld 4111",Commission Payment,13/02/2024,23254,Idp Education Pty Ltd,"Melbourne, Vic",No,No,,,,,,,,,2057490,,,,,,
,Griffith University,"170 Kessels Road, Nathan Qld 4111",Memberships/Subscriptions,13/02/2024,198000,La Trobe University,"Bundoora, Vic",No,No,,,,,,,,,2054807,,,,,,
,Griffith University,"170 Kessels Road, Nathan Qld 4111",Memberships/Subscriptions,13/02/2024,48412,Medical Deans Australia & Nz Inc,"Sydney, Nsw",No,No,,,,,,,,,2054209,,,,,,
,Griffith University,"170 Kessels Road, Nathan Qld 4111",Subscription/Licence Fees Software,13/02/2024,31920,Smartsheet Inc.,Usa,No,No,,,,,,,,,387248,,,,,,
,Griffith University,"170 Kessels Road, Nathan Qld 4111",Consultancy Services,13/02/2024,25000,Specialist Mri Services And Consulting P,"Mermaid Beach, Qld",No,No,,,,,,,,,2056138,,,,,,
,Griffith University,"170 Kessels Road, Nathan Qld 4111",Reference Materials,13/02/2024,317277,Springer Nature Bv,Germany,No,No,,,,,,,,,2054770,,,,,,
,Griffith University,"170 Kessels Road, Nathan Qld 4111",Debt Collection Fees,13/02/2024,82500,The Trustee For Ampac Unit Trust,"Sydney, Nsw",No,No,,,,,,,,,387279,,,,,,
,Griffith University,"170 Kessels Road, Nathan Qld 4111",Consultancy Services,13/02/2024,33701,Venturepro Pty Ltd,"Morningside, Qld",No,No,,,,,,,,,2057564,,,,,,
,Griffith University,"170 Kessels Road, Nathan Qld 4111",Marketing Fees,13/02/2024,44000,Xref Pty Ltd,"Box 694,  Engadine, Nsw",No,No,,,,,,,,,2057918,,,,,,
,Griffith University,"170 Kessels Road, Nathan Qld 4111",Building Construction & Maintenance,14/02/2024,55000,5Th Star Pty Ltd,"Rochedale South, Qld",No,No,,,,,,,,,387284,,,,,,
,Griffith University,"170 Kessels Road, Nathan Qld 4111",Equipment Maintenance,14/02/2024,55000,Auscoast Fire Services Pty Ltd,"Carrara, Qld",No,No,,,,,,,,,387288,,,,,,
,Griffith University,"170 Kessels Road, Nathan Qld 4111",Building Construction & Maintenance,14/02/2024,71500,Biodiversity Australia Pty Ltd,"Upper Coomera, Qld",No,No,,,,,,,,,387287,,,,,,
,Griffith University,"170 Kessels Road, Nathan Qld 4111",Building Construction & Maintenance,14/02/2024,33000,Clean Juice Australia Pty Ltd,"Helensvale, Qld",No,No,,,,,,,,,387293,,,,,,
,Griffith University,"170 Kessels Road, Nathan Qld 4111",Equipment Maintenance,14/02/2024,22000,Controlstore Pty Ltd,"Hornsby, Nsw",No,No,,,,,,,,,387285,,,,,,
,Griffith University,"170 Kessels Road, Nathan Qld 4111",Building Construction & Maintenance,14/02/2024,66000,Destroyr Document Shredding Pty Ltd,"Helensvale, Qld",No,No,,,,,,,,,387286,,,,,,
,Griffith University,"170 Kessels Road, Nathan Qld 4111",Building Construction & Maintenance,14/02/2024,55000,Energized Electrical And Communication S,"Morningside, Qld",No,No,,,,,,,,,387291,,,,,,
,Griffith University,"170 Kessels Road, Nathan Qld 4111",Building Construction & Maintenance,14/02/2024,55000,Ghd Pty Ltd,Nsw,No,No,,,,,,,,,387283,,,,,,
,Griffith University,"170 Kessels Road, Nathan Qld 4111",Building Construction & Maintenance,14/02/2024,11000,Graphic Concepts Ta Signs Etc,"Beenleigh, Qld",No,No,,,,,,,,,387281,,,,,,
,Griffith University,"170 Kessels Road, Nathan Qld 4111",Vehicle Acquisition,14/02/2024,1096583,James Frizelle's Automotive Group P/L,"Southport, Qld",No,No,Open,,,,,,,,387329,,,,,,
,Griffith University,"170 Kessels Road, Nathan Qld 4111",Health & Safety Expenses,14/02/2024,126500,Lifeline Direct Limited,"Warrnambool, Vic",No,No,,,,,,,,,387295,,,,,,
,Griffith University,"170 Kessels Road, Nathan Qld 4111",Consultancy Services,14/02/2024,12100,Mercer Consulting (Australia) Pty Ltd,"Melbourne, Vic",No,No,,,,,,,,,387308,,,,,,
,Griffith University,"170 Kessels Road, Nathan Qld 4111",Software Support Maintenance,14/02/2024,294700,Microsoft Pty Ltd,"North Ryde, Nsw",No,No,,,,,,,,,387306,,,,,,
,Griffith University,"170 Kessels Road, Nathan Qld 4111",Building Construction & Maintenance,14/02/2024,55000,Nolan Finishes Pty. Ltd.,"Wishart, Qld",No,No,,,,,,,,,387290,,,,,,
,Griffith University,"170 Kessels Road, Nathan Qld 4111",Equipment Maintenance,14/02/2024,55000,Sabe Services Group,"Loganholme, Qld",No,No,,,,,,,,,387282,,,,,,
,Griffith University,"170 Kessels Road, Nathan Qld 4111",Building Construction & Maintenance,14/02/2024,55000,Safe Footpaths Nsw Limited,"Neutral Bay, Nsw",No,No,,,,,,,,,387292,,,,,,
,Griffith University,"170 Kessels Road, Nathan Qld 4111",Scientific Equipment,14/02/2024,12932,Thermo Fisher Scientific Australia,"Scoresby, Vic",No,No,,,,,,,,,387300,,,,,,
,Griffith University,"170 Kessels Road, Nathan Qld 4111",Building Construction & Maintenance,14/02/2024,22000,Waller Plumbing Pty Ltd,"Wynnum West, Qld",No,No,,,,,,,,,387294,,,,,,
,Griffith University,"170 Kessels Road, Nathan Qld 4111",Equipment Maintenance,14/02/2024,110000,Yes Fire Pty Ltd,"Twin Waters, Qld",No,No,,,,,,,,,387289,,,,,,
,Griffith University,"170 Kessels Road, Nathan Qld 4111",Equipment Maintenance,15/02/2024,220000,Mctaggart Plumbing Pty Ltd,"Petrie, Qld",No,No,,,,,,,,,387336,,,,,,
,Griffith University,"170 Kessels Road, Nathan Qld 4111",Building Construction & Maintenance,15/02/2024,22000,National Signs Pty Ltd,"Helensvale, Qld",No,No,,,,,,,,,387350,,,,,,
,Griffith University,"170 Kessels Road, Nathan Qld 4111",Security Services,15/02/2024,22000,Spl Security Solutions Pty Ltd,"Bundall, Qld",No,No,,,,,,,,,387349,,,,,,
,Griffith University,"170 Kessels Road, Nathan Qld 4111",Inventory Expenses,15/02/2024,11000,The Distributors Brisbane Pty Ltd,"Browns Plains, Qld",No,No,,,,,,,,,387348,,,,,,
,Griffith University,"170 Kessels Road, Nathan Qld 4111",Event Expenditure,16/02/2024,275000,Brisbane Convention And Exhibition Centr,"Brisbane, Qld",No,No,,,,,,,,,387371,,,,,,
,Griffith University,"170 Kessels Road, Nathan Qld 4111",Consultancy Services,16/02/2024,171875,Focus Professional Services Pty Ltd,"Brisbane, Qld",No,No,,,,,,,,,387369,,,,,,
,Griffith University,"170 Kessels Road, Nathan Qld 4111",Equipment Purchase,16/02/2024,15400,Hart Sport Australia Pty Ltd,"Virginia BC, Qld",No,No,,,,,,,,,387379 390537,,,,,,
,Griffith University,"170 Kessels Road, Nathan Qld 4111",Building Construction & Maintenance,16/02/2024,48102,Philip Chun Accessibility Pty Ltd,"Sydney, Nsw",Yes,No,,,,,,,,,387370,,,,,,
,Griffith University,"170 Kessels Road, Nathan Qld 4111",Hire/Lease Fees,16/02/2024,38500,Queensland Hire,"Underwood, Qld",No,No,,,,,,,,,387378,,,,,,
,Griffith University,"170 Kessels Road, Nathan Qld 4111",Security Services,16/02/2024,18370,Security & Technology Services (Sq) P/L,"Tingalpa, Qld",No,No,,,,,,,,,387372,,,,,,
,Griffith University,"170 Kessels Road, Nathan Qld 4111",Debt Collection Fees,19/02/2024,55000,Citec,"Brisbane, Qld",No,No,,,,,,,,,387417,,,,,,
,Griffith University,"170 Kessels Road, Nathan Qld 4111",Consultancy Services,19/02/2024,11000,Equifax Australia Pty Ltd,"North Sydney, Nsw",No,No,,,,,,,,,387426,,,,,,
,Griffith University,"170 Kessels Road, Nathan Qld 4111",Building Construction & Maintenance,19/02/2024,22000,Geleon Pty Ltd,"Nerang, Qld",No,No,,,,,,,,,387416,,,,,,
,Griffith University,"170 Kessels Road, Nathan Qld 4111",Building Construction & Maintenance,19/02/2024,44000,Magnetic Automation Pty. Ltd.,"Campbellfield, Vic",No,No,,,,,,,,,387418,,,,,,
,Griffith University,"170 Kessels Road, Nathan Qld 4111",Subscription/Licence Fees Software,19/02/2024,36559,Oracle Corporation Australia Pty Ltd,"Sydney, Nsw",No,No,,,,,,,,,387421,,,,,,
,Griffith University,"170 Kessels Road, Nathan Qld 4111",Building Construction & Maintenance,19/02/2024,33000,Pothole People Qld,"Hemmant, Qld",No,No,,,,,,,,,387419,,,,,,
,Griffith University,"170 Kessels Road, Nathan Qld 4111",Building Construction & Maintenance,19/02/2024,11000,Traffic Control Supplies Pty Ltd,"Mount Ommaney, Qld",No,No,,,,,,,,,387420,,,,,,
,Griffith University,"170 Kessels Road, Nathan Qld 4111",Accreditation Fees,20/02/2024,42488,Australian Dental Council,"Law Courts, Vic",No,No,,,,,,,,,2058718,,,,,,
,Griffith University,"170 Kessels Road, Nathan Qld 4111",Scientific Equipment,20/02/2024,11857,Bio-Strategy Pty Limited,"Campbellfield, Vic",No,No,,,,,,,,,387477,,,,,,
,Griffith University,"170 Kessels Road, Nathan Qld 4111",Marketing Fees,20/02/2024,11511,Bmi Globaled Ltd,Uk,No,No,,,,,,,,,2056144,,,,,,
,Griffith University,"170 Kessels Road, Nathan Qld 4111",Building Construction & Maintenance,20/02/2024,220000,Cvsg Asset Services Pty Ltd,"Hendra, Qld",No,No,,,,,,,,,387450,,,,,,
,Griffith University,"170 Kessels Road, Nathan Qld 4111",Building Construction & Maintenance,20/02/2024,30470,Dri-Lec Pty Ltd,"Eight Mile Plains, Qld",No,No,,,,,,,,,387484,,,,,,
,Griffith University,"170 Kessels Road, Nathan Qld 4111",Building Construction & Maintenance,20/02/2024,12562,E.D.C. Systems Pty Ltd,"Cannon Hill, Qld",No,No,,,,,,,,,387483,,,,,,
,Griffith University,"170 Kessels Road, Nathan Qld 4111",Consultancy Services,20/02/2024,52438,Giverney Clare Florence Mary Ainscough,"Isabella Plains, Act",No,No,,,,,,,,,387470,,,,,,
,Griffith University,"170 Kessels Road, Nathan Qld 4111",Legal Fees,20/02/2024,36850,Hamilton Locke Pty Ltd,"Sydney, Nsw",No,No,,,,,,,,,387479,,,,,,
,Griffith University,"170 Kessels Road, Nathan Qld 4111",IT Equipment,20/02/2024,72123,Hewlett-Packard Australia Pty Ltd,"Blackburn, Vic",No,No,,,,,,,,,387460,,,,,,
,Griffith University,"170 Kessels Road, Nathan Qld 4111",Subscription/Licence Fees Software,20/02/2024,47071,Instructure Global Limited,Uk,No,No,,,,,,,,,387454,,,,,,
,Griffith University,"170 Kessels Road, Nathan Qld 4111",Building Construction & Maintenance,20/02/2024,69218,Joshua Brient,Qld,No,No,,,,,,,,,387451,,,,,,
,Griffith University,"170 Kessels Road, Nathan Qld 4111",Building Construction & Maintenance,20/02/2024,165000,Logical Line Marking,"Underwood, Qld",No,No,,,,,,,,,387448,,,,,,
,Griffith University,"170 Kessels Road, Nathan Qld 4111",Equipment Purchase,20/02/2024,28955,Maytronics Australia Pty Ltd,"Oxley, Qld",No,No,,,,,,,,,387473,,,,,,
,Griffith University,"170 Kessels Road, Nathan Qld 4111",Cleaning Services,20/02/2024,27451,Prensa Pty Ltd,"Milton, Qld",No,No,,,,,,,,,387469,,,,,,
,Griffith University,"170 Kessels Road, Nathan Qld 4111",Event Expenditure,20/02/2024,11000,Snowy Joey,"Bald Hills, Qld",No,No,,,,,,,,,387455,,,,,,
,Griffith University,"170 Kessels Road, Nathan Qld 4111",Accreditation Fees,20/02/2024,29259,Speech Pathology Australia,"Melbourne, Vic",No,No,,,,,,,,,2057520,,,,,,
,Griffith University,"170 Kessels Road, Nathan Qld 4111",Promotional Clothing Uniforms,20/02/2024,11000,S-Trend Sportswear,"Newcastle, Nsw",No,No,,,,,,,,,387456,,,,,,
,Griffith University,"170 Kessels Road, Nathan Qld 4111",Consultancy Services,20/02/2024,15000,Wildlife Health Ecology Research Organiz,Usa,No,No,,,,,,,,,2056510,,,,,,
,Griffith University,"170 Kessels Road, Nathan Qld 4111",Event Expenditure,21/02/2024,27500,Emporium Hotel Management Pty Ltd,"South Brisbane, Qld",No,No,,,,,,,,,387512,,,,,,
,Griffith University,"170 Kessels Road, Nathan Qld 4111",Consultancy Services,21/02/2024,17275,Ibm Australia Limited,"Sydney, Nsw",No,No,,,,,,,,,387514,,,,,,
,Griffith University,"170 Kessels Road, Nathan Qld 4111",Cleaning Services,21/02/2024,22000,Renzo Tonin & Associates (Qld) Pty Ltd,"Spring Hill, Qld",No,No,,,,,,,,,387502,,,,,,
,Griffith University,"170 Kessels Road, Nathan Qld 4111",Laboratory Consumables,21/02/2024,10794,"Vacumetrics, Inc",Usa,No,No,,,,,,,,,387495,,,,,,
,Griffith University,"170 Kessels Road, Nathan Qld 4111",Audio Visual Equipment,21/02/2024,20205,Videopro Pty Ltd,"Eagle Farm, Qld",No,No,,,,,,,,,387504,,,,,,
,Griffith University,"170 Kessels Road, Nathan Qld 4111",Scientific Equipment,22/02/2024,23526,Cjc Labs Ltd,Uk,No,No,,,,,,,,,387580,,,,,,
,Griffith University,"170 Kessels Road, Nathan Qld 4111",Building Construction & Maintenance,22/02/2024,88000,Fire Boar,"Acherfield, Qld",No,No,,,,,,,,,387578,,,,,,
,Griffith University,"170 Kessels Road, Nathan Qld 4111",Office Equipment,22/02/2024,12408,Zenith Interiors Pty Ltd,"City East, Qld",No,No,,,,,,,,,387566,,,,,,
,Griffith University,"170 Kessels Road, Nathan Qld 4111",Legal Fees,23/02/2024,44000,Rti Consultants Pty Ltd,"Dutton Park, Qld",No,No,,,,,,,,,387596,,,,,,
,Griffith University,"170 Kessels Road, Nathan Qld 4111",Freight Fees,24/02/2024,13915,Bio-Strategy Pty Limited,"Campbellfield, Vic",No,No,,,,,,,,,387626,,,,,,
,Griffith University,"170 Kessels Road, Nathan Qld 4111",Equipment Maintenance,24/02/2024,13471,Miltenyi Biotec Australia Pty Ltd,"North Ryde, Nsw",No,No,,,,,,,,,387627,,,,,,
,Griffith University,"170 Kessels Road, Nathan Qld 4111",Building Construction & Maintenance,26/02/2024,20690,Airmaster Corporation Pty Ltd,"Mansfield, Qld",No,No,,,,,,,,,387642,,,,,,
,Griffith University,"170 Kessels Road, Nathan Qld 4111",Building Construction & Maintenance,27/02/2024,55000,Asset Care Painting Solutions Pty Ltd,"Southport, Qld",No,No,,,,,,,,,387657,,,,,,
,Griffith University,"170 Kessels Road, Nathan Qld 4111",Cleaning Services,27/02/2024,11891,Clean-Air (Aust) Pty. Ltd.,"Acacia Ridge, Qld",No,No,,,,,,,,,387662,,,,,,
,Griffith University,"170 Kessels Road, Nathan Qld 4111",Laboratory Consumables,27/02/2024,1362127,Cosmetic Dental Design,"Bundall, Qld",Yes,No,Selective,,,,,,,,387659,,,,,,
,Griffith University,"170 Kessels Road, Nathan Qld 4111",Laboratory Consumables,27/02/2024,2610759,Digital Dental Laboratories Pty Ltd,"Tweed Heads, Nsw",Yes,No,Selective,,,,,,,,387658,,,,,,
,Griffith University,"170 Kessels Road, Nathan Qld 4111",Scientific Equipment,27/02/2024,446050,Evident Australia Pty Ltd,"Macquarie Park, NSW",No,No,,,,,,,,,387680,,,,,,
,Griffith University,"170 Kessels Road, Nathan Qld 4111",Marketing Fees,27/02/2024,22733,Gostralia-Gomerica,Germany,No,No,,,,,,,,,2060048,,,,,,
,Griffith University,"170 Kessels Road, Nathan Qld 4111",Equipment Maintenance,27/02/2024,17611,Jst Biosafety Australia,"Warner, Qld",No,No,,,,,,,,,2057573,,,,,,
,Griffith University,"170 Kessels Road, Nathan Qld 4111",Consultancy Services,27/02/2024,110000,The Growth Drivers Pty Ltd,"Brisbane, Qld",No,No,,,,,,,,,387683,,,,,,
,Griffith University,"170 Kessels Road, Nathan Qld 4111",Event Expenditure,28/02/2024,10978,Consent Labs Ltd,"Ultimo, Nsw",No,No,,,,,,,,,387730,,,,,,
,Griffith University,"170 Kessels Road, Nathan Qld 4111",Consultancy Services,28/02/2024,10286,Coolmine Therapeutic Community,Ireland,No,No,,,,,,,,,387708,,,,,,
,Griffith University,"170 Kessels Road, Nathan Qld 4111",Cleaning Services,28/02/2024,48092,Ma Insulation & Sheetmetal Pty Ltd,"Maudsland, Qld",No,No,,,,,,,,,387729,,,,,,
,Griffith University,"170 Kessels Road, Nathan Qld 4111",Equipment Purchase,28/02/2024,402258,Tecniplast Australia Pty Limited,"Lane Cove, Nsw",No,No,,,,,,,,,387707,,,,,,
,Griffith University,"170 Kessels Road, Nathan Qld 4111",Printing Expenses,28/02/2024,31790,Vrc Printing Pty Ltd,"Coorparoo, Qld",No,No,,,,,,,,,387715,,,,,,
,Griffith University,"170 Kessels Road, Nathan Qld 4111",Consultancy Services,29/02/2024,99000,Cubane Consulting Pty Ltd,"Sydney, Nsw",No,No,,,,,,,,,387745,,,,,,
,Griffith University,"170 Kessels Road, Nathan Qld 4111",Scientific Equipment,29/02/2024,27099,Minearc Systems,"Kewdale, Wa",No,No,,,,,,,,,387782,,,,,,
,Griffith University,"170 Kessels Road, Nathan Qld 4111",Marketing Fees,29/02/2024,23294,Traffic Film & Video Production,"West End, Qld",No,No,,,,,,,,,387776,,,,,,
,Griffith University,"170 Kessels Road, Nathan Qld 4111",Consultancy Services,29/02/2024,17996,Western Sydney Local Health District,"Wentworthville, Nsw",No,No,,,,,,,,,2060711,,,,,,
,Griffith University,"170 Kessels Road, Nathan Qld 4111",Equipment Maintenance,1/03/2024,55000,Aline Pumps Sales And Service,"Salisbury, Qld",No,No,,,,,,,,,387820,,,,,,
,Griffith University,"170 Kessels Road, Nathan Qld 4111",Consultancy Services,1/03/2024,84779,Baj Fortune Group Pty Ltd,"Southport, Qld",No,No,,,,,,,,,387790 388542,,,,,,
,Griffith University,"170 Kessels Road, Nathan Qld 4111",Consultancy Services,1/03/2024,55000,Mckims Communications Pty Ltd,"Newmarket, Qld",No,No,,,,,,,,,388870,,,,,,
,Griffith University,"170 Kessels Road, Nathan Qld 4111",Scientific Equipment,1/03/2024,10509,Nikon Australia Pty Ltd,"Rhodes, Nsw",No,No,,,,,,,,,387796,,,,,,
,Griffith University,"170 Kessels Road, Nathan Qld 4111",Consultancy Services,4/03/2024,92500,Chanealle Simeon,Ireland,No,No,,,,,,,,,387855 389376,,,,,,
,Griffith University,"170 Kessels Road, Nathan Qld 4111",Software Support Maintenance,4/03/2024,16150,Oracle Corporation Australia Pty Ltd,"Sydney, Nsw",No,No,,,,,,,,,387825,,,,,,
,Griffith University,"170 Kessels Road, Nathan Qld 4111",Software Support Maintenance,4/03/2024,21842,Oracle Corporation Australia Pty Ltd,"Sydney, Nsw",No,No,,,,,,,,,387826,,,,,,
,Griffith University,"170 Kessels Road, Nathan Qld 4111",Health & Safety Expenses,4/03/2024,33000,Testel Australia Pty Ltd,"Unley, Sa",No,No,,,,,,,,,387839,,,,,,
,Griffith University,"170 Kessels Road, Nathan Qld 4111",Health & Safety Expenses,4/03/2024,44000,Testel Australia Pty Ltd,"Unley, Sa",No,No,,,,,,,,,387840,,,,,,
,Griffith University,"170 Kessels Road, Nathan Qld 4111",Consultancy Services,4/03/2024,86500,Yada Chongmeekuamsuk,Thailand,No,No,,,,,,,,,387856 389409,,,,,,
,Griffith University,"170 Kessels Road, Nathan Qld 4111",Equipment Maintenance,5/03/2024,17349,Abs Facade Pty Ltd,"Toowong, Qld",No,No,,,,,,,,,387863,,,,,,
,Griffith University,"170 Kessels Road, Nathan Qld 4111",Laboratory Consumables,5/03/2024,18770,Biotools Pty Ltd,"Surfers Paradise, Qld",No,No,,,,,,,,,387897,,,,,,
,Griffith University,"170 Kessels Road, Nathan Qld 4111",Building Construction & Maintenance,5/03/2024,10780,Bligh Tanner Pty Ltd,"Fortitude Valley, Qld",No,No,,,,,,,,,387900,,,,,,
,Griffith University,"170 Kessels Road, Nathan Qld 4111",Consultancy Services,5/03/2024,15400,Dimity Adams Psychology Pty Ltd,"Moggill, Qld",No,No,,,,,,,,,387903,,,,,,
,Griffith University,"170 Kessels Road, Nathan Qld 4111",Subscription/Licence Fees Software,5/03/2024,126372,Oracle Corporation Australia Pty Ltd,"Sydney, Nsw",No,No,,,,,,,,,387865,,,,,,
,Griffith University,"170 Kessels Road, Nathan Qld 4111",Consultancy Services,5/03/2024,13750,Pacific Geotech Pty Ltd,"Coomera, Qld",No,No,,,,,,,,,387882,,,,,,
,Griffith University,"170 Kessels Road, Nathan Qld 4111",Building Construction & Maintenance,6/03/2024,21987,A1 Building & Property Solutions Pty Ltd,"The Gap, Qld",No,No,,,,,,,,,387951,,,,,,
,Griffith University,"170 Kessels Road, Nathan Qld 4111",Insurance,6/03/2024,13338,Arthur J. Gallagher & Co (Aus) Limited,"Sydney, Nsw",No,No,,,,,,,,,387941,,,,,,
,Griffith University,"170 Kessels Road, Nathan Qld 4111",IT Equipment,6/03/2024,24390,Dell Australia Pty Ltd,"Frenchs Forest, Nsw",No,No,,,,,,,,,387937,,,,,,
,Griffith University,"170 Kessels Road, Nathan Qld 4111",IT Equipment,6/03/2024,342064,Fujitsu Australia Ltd,"Teneriffe, Qld",No,No,,,,,,,,,387917,,,,,,
,Griffith University,"170 Kessels Road, Nathan Qld 4111",Consultancy Services,6/03/2024,57200,Queensland Manufacturing Institute Ltd,"Sunnybank Hills, Qld",No,No,,,,,,,,,387916 389110 389477,,,,,,
,Griffith University,"170 Kessels Road, Nathan Qld 4111",Event Expenditure,7/03/2024,11714,Apex Queensland Youth Camps Limited,Usa,No,No,,,,,,,,,2061525,,,,,,
,Griffith University,"170 Kessels Road, Nathan Qld 4111",Building Construction & Maintenance,7/03/2024,12419,Mctaggart Plumbing Pty Ltd,"Petrie, Qld",No,No,,,,,,,,,387980,,,,,,
,Griffith University,"170 Kessels Road, Nathan Qld 4111",Consultancy Services,7/03/2024,11466,Novogene (Hk) Company Limited,Usa,No,No,,,,,,,,,387994,,,,,,
,Griffith University,"170 Kessels Road, Nathan Qld 4111",Building Construction & Maintenance,7/03/2024,213785,Sabe Services Group,"Loganholme, Qld",No,No,,,,,,,,,387961,,,,,,
,Griffith University,"170 Kessels Road, Nathan Qld 4111",Chemical/Biological Products Gas Supply,7/03/2024,17408,Scientifix Pty Ltd,"Clayton, Vic",No,No,,,,,,,,,387987,,,,,,
,Griffith University,"170 Kessels Road, Nathan Qld 4111",Scientific Equipment,7/03/2024,21551,Thermo Fisher Scientific Australia,"Scoresby, Vic",No,No,,,,,,,,,387992,,,,,,
,Griffith University,"170 Kessels Road, Nathan Qld 4111",Subscription/Licence Fees Software,8/03/2024,28720,Clarivate Analytics (Uk) Limited,UK,No,No,,,,,,,,,388007,,,,,,
,Griffith University,"170 Kessels Road, Nathan Qld 4111",Building Construction & Maintenance,8/03/2024,37802,E.D.C. Systems Pty Ltd,"Cannon Hill, Qld",No,No,,,,,,,,,388006,,,,,,
,Griffith University,"170 Kessels Road, Nathan Qld 4111",Subscription/Licence Fees Software,8/03/2024,26806,Opas Gmbh & Co. Kg,"Upper Coomera, Qld",No,No,,,,,,,,,388008,,,,,,
,Griffith University,"170 Kessels Road, Nathan Qld 4111",Chemical/Biological Products Gas Supply,8/03/2024,134153,"Primrose Bio, Inc.",Usa,No,No,,,,,,,,,388010 2090083,,,,,,
,Griffith University,"170 Kessels Road, Nathan Qld 4111",Building Construction & Maintenance,11/03/2024,55000,Archipelago,"Brisbane, Qld",No,No,,,,,,,,,388046,,,,,,
,Griffith University,"170 Kessels Road, Nathan Qld 4111",Building Construction & Maintenance,11/03/2024,55000,Bligh Tanner Pty Ltd,"Fortitude Valley, Qld",No,No,,,,,,,,,388047,,,,,,
,Griffith University,"170 Kessels Road, Nathan Qld 4111",Building Construction & Maintenance,11/03/2024,15913,Cvsg Asset Services Pty Ltd,"Hendra, Qld",No,No,,,,,,,,,388033,,,,,,
,Griffith University,"170 Kessels Road, Nathan Qld 4111",Building Construction & Maintenance,11/03/2024,55000,Exiis Group Pty Ltd,"Dandenong South, Vic",No,No,,,,,,,,,388048,,,,,,
,Griffith University,"170 Kessels Road, Nathan Qld 4111",Building Construction & Maintenance,11/03/2024,180597,Ryan Wilks Pty. Ltd.,"Murarrie, Qld",Yes,No,,,,,,,,,388066,,,,,,
,Griffith University,"170 Kessels Road, Nathan Qld 4111",Consultancy Services,12/03/2024,33000,Colliers International (Brisbane) P/L,"Brisbane, Qld",No,No,,,,,,,,,388074,,,,,,
,Griffith University,"170 Kessels Road, Nathan Qld 4111",Consultancy Services,12/03/2024,10778,Coolmine Therapeutic Community,Ireland,No,No,,,,,,,,,388080,,,,,,
,Griffith University,"170 Kessels Road, Nathan Qld 4111",Subscription/Licence Fees Software,12/03/2024,278300,Refinitiv Australia Pty Limited,"Richlands, Qld",No,No,,,,,,,,,388081,,,,,,
,Griffith University,"170 Kessels Road, Nathan Qld 4111",Consultancy Services,12/03/2024,25300,Urbis Pty Ltd,"Brisbane, Qld",No,No,,,,,,,,,388070,,,,,,
,Griffith University,"170 Kessels Road, Nathan Qld 4111",Building Construction & Maintenance,13/03/2024,83160,Amalgamated Property Maint. Brisbane P/L,"Rochedale South, Qld",No,No,,,,,,,,,388119,,,,,,
,Griffith University,"170 Kessels Road, Nathan Qld 4111",Building Construction & Maintenance,13/03/2024,14795,Clean-Air (Aust) Pty. Ltd.,"Acacia Ridge, Qld",No,No,,,,,,,,,388118,,,,,,
,Griffith University,"170 Kessels Road, Nathan Qld 4111",Memberships/Subscriptions,13/03/2024,15246,Getty Images Sales Australia Pty Ltd,Qld,No,No,,,,,,,,,2060373,,,,,,
,Griffith University,"170 Kessels Road, Nathan Qld 4111",Consultancy Services,13/03/2024,63943,Odin Pass Pty Ltd,"Richmond, Vic",yes,No,,,,,,,,,388109,,,,,,
,Griffith University,"170 Kessels Road, Nathan Qld 4111",Computer Equipment,13/03/2024,16423,The School Locker,"Eight Mile Plains, Qld",No,No,,,,,,,,,388137,,,,,,
,Griffith University,"170 Kessels Road, Nathan Qld 4111",IT Equipment,13/03/2024,18975,Vicom Australia Pty. Limited,"North Tamborine, Qld",No,No,,,,,,,,,388103,,,,,,
,Griffith University,"170 Kessels Road, Nathan Qld 4111",Equipment Maintenance,14/03/2024,45206,Henry Schein Regional Trust,"South Brisbane, Qld",No,No,,,,,,,,,388143,,,,,,
,Griffith University,"170 Kessels Road, Nathan Qld 4111",Telecommunications Expenditure,14/03/2024,11068,Sdf Electrical Pty Ltd,"Sunnybank Hills, Qld",No,No,,,,,,,,,388167,,,,,,
,Griffith University,"170 Kessels Road, Nathan Qld 4111",Subscription/Licence Fees Software,14/03/2024,737700,Squiz Australia Pty Ltd,"Sydney, Nsw",No,No,Limited,b - (iii) The absence of competition for technical reasons which can only be supplied by a particular supplier and no reasonable alternative exists,,,,,,,388175,b - (iii) The absence of competition for technical reasons which can only be supplied by a particular supplier and no reasonable alternative exists,,,,,
,Griffith University,"170 Kessels Road, Nathan Qld 4111",Chemical/Biological Products Gas Supply,15/03/2024,10244,Boc Limited,"Labrador, Qld",No,No,,,,,,,,,388209,,,,,,
,Griffith University,"170 Kessels Road, Nathan Qld 4111",Subscription/Licence Fees Software,15/03/2024,10450,Cinema On The Fly Pty Ltd,"Hendra, Qld",No,No,,,,,,,,,388206,,,,,,
,Griffith University,"170 Kessels Road, Nathan Qld 4111",Building Construction & Maintenance,15/03/2024,28050,Mctaggart Plumbing Pty Ltd,"Petrie, Qld",No,No,,,,,,,,,388202,,,,,,
,Griffith University,"170 Kessels Road, Nathan Qld 4111",Subscription/Licence Fees Software,15/03/2024,14443,Pluralsight Llc,Qld,No,No,,,,,,,,,388207,,,,,,
,Griffith University,"170 Kessels Road, Nathan Qld 4111",Scientific Equipment,15/03/2024,20415,Renishaw Oceania Pty Ltd,"Keysborough, Vic",No,No,,,,,,,,,388199,,,,,,
,Griffith University,"170 Kessels Road, Nathan Qld 4111",Consultancy Services,16/03/2024,17600,Intersection Pty Ltd,"Petrie, Qld",No,No,,,,,,,,,388253,,,,,,
,Griffith University,"170 Kessels Road, Nathan Qld 4111",Memberships/Subscriptions,17/03/2024,16500,Australian Council Of Deans Of Health Sc,"Fortitude Valley, Qld",No,No,,,,,,,,,2061736,,,,,,
,Griffith University,"170 Kessels Road, Nathan Qld 4111",IT Equipment,18/03/2024,12125,Computer Alliance Pty Ltd,France,No,No,,,,,,,,,388276,,,,,,
,Griffith University,"170 Kessels Road, Nathan Qld 4111",Building Construction & Maintenance,18/03/2024,71341,E.D.C. Systems Pty Ltd,"Cannon Hill, Qld",No,No,,,,,,,,,388278,,,,,,
,Griffith University,"170 Kessels Road, Nathan Qld 4111",Consultancy Services,18/03/2024,41250,Productive Management Solutions Pty Ltd,"Macquarie Park, Nsw",No,No,,,,,,,,,388269,,,,,,
,Griffith University,"170 Kessels Road, Nathan Qld 4111",Equipment Maintenance,18/03/2024,42435,Tecniplast Australia Pty Limited,"Lane Cove, Nsw",No,No,,,,,,,,,388263,,,,,,
,Griffith University,"170 Kessels Road, Nathan Qld 4111",Consultancy Services,19/03/2024,88000,Boyden Anz Pty Ltd,"Sydney, Nsw",No,No,Open,,,,,,,,392565,,,,,,
,Griffith University,"170 Kessels Road, Nathan Qld 4111",Subscription/Licence Fees Software,19/03/2024,80700,Code Systems Corporation,"Moggill, Qld",No,No,,,,,,,,,388290,,,,,,
,Griffith University,"170 Kessels Road, Nathan Qld 4111",Software Support Maintenance,19/03/2024,208042,Flexdata Solutions Pty Ltd,"Brisbane, Qld",No,No,,,,,,,,,388291,,,,,,
,Griffith University,"170 Kessels Road, Nathan Qld 4111",Chemical/Biological Products Gas Supply,19/03/2024,29392,Scientifix Pty Ltd,"Clayton, Vic",No,No,,,,,,,,,388297,,,,,,
,Griffith University,"170 Kessels Road, Nathan Qld 4111",Building Construction & Maintenance,20/03/2024,122117,Atco Structures & Logistics Pty Ltd,"Fortitude Valley, Qld",Yes,No,,,,,,,,,388310 386531,,,,,,
,Griffith University,"170 Kessels Road, Nathan Qld 4111",Printing Expenses,20/03/2024,13134,Hague Australia,"Brisbane, Qld",No,No,,,,,,,,,388326,,,,,,
,Griffith University,"170 Kessels Road, Nathan Qld 4111",Building Construction & Maintenance,20/03/2024,10890,Jha Consulting Engineers (Qld) Pty Ltd,"Teneriffe, Qld",No,No,,,,,,,,,388327,,,,,,
,Griffith University,"170 Kessels Road, Nathan Qld 4111",Scientific Equipment,20/03/2024,17772,Lastek Pty Ltd,"Thebarton, Sa",No,No,,,,,,,,,388314,,,,,,
,Griffith University,"170 Kessels Road, Nathan Qld 4111",Subscription/Licence Fees Software,20/03/2024,13200,Vald Performance (Aust) Pty Ltd,"Newstead, Qld",No,No,,,,,,,,,388342,,,,,,
,Griffith University,"170 Kessels Road, Nathan Qld 4111",Computer Equipment,21/03/2024,16128,Dexion Acacia Ridge,"Thebarton, Sa",No,No,,,,,,,,,388344,,,,,,
,Griffith University,"170 Kessels Road, Nathan Qld 4111",External Course Delivery,21/03/2024,22800,Noel Robert Scott,Qld,No,No,,,,,,,,,2063845,,,,,,
,Griffith University,"170 Kessels Road, Nathan Qld 4111",Building Construction & Maintenance,21/03/2024,10636068,Premis Solutions Pty Ltd,"Toowong, Qld",No,No,Selective,,AS2124-1992-Special Conditions of Contract and Annexure,7,"Task Apprecistion, programme, methodology & capacity-35% Capability-35%, Local Benefit Test-15%,Impact Procurement-15%",Specified demolition and construction works,As per preliminary program sheet,As per contract management place,388362,,,,,,
,Griffith University,"170 Kessels Road, Nathan Qld 4111",Relocation Services,21/03/2024,12426,Sirva Relocation,"Richlands, Qld",No,No,,,,,,,,,388372,,,,,,
,Griffith University,"170 Kessels Road, Nathan Qld 4111",Subscription/Licence Fees Software,21/03/2024,150786,Smartsheet Inc.,Usa,Yes,No,,,,,,,,,388356 394873,,,,,,
,Griffith University,"170 Kessels Road, Nathan Qld 4111",IT Equipment,22/03/2024,86991,Dell Australia Pty Ltd,"Frenchs Forest, Nsw",No,No,,,,,,,,,388393,,,,,,
,Griffith University,"170 Kessels Road, Nathan Qld 4111",Subscription/Licence Fees Software,22/03/2024,52470,Icad Consultants Pty Ltd,"Bridgeman Downs, Qld",No,No,,,,,,,,,388380,,,,,,
,Griffith University,"170 Kessels Road, Nathan Qld 4111",Consultancy Services,22/03/2024,105104,Kramer Consulting Pty Ltd,"Newstead, Qld",No,No,,,,,,,,,388392,,,,,,
,Griffith University,"170 Kessels Road, Nathan Qld 4111",Building Construction & Maintenance,22/03/2024,21758,Mctaggart Plumbing Pty Ltd,"Petrie, Qld",No,No,,,,,,,,,388383,,,,,,
,Griffith University,"170 Kessels Road, Nathan Qld 4111",Consultancy Services,22/03/2024,12980,Salus Risk Consulting Pty Ltd,"Lane Cove, Nsw",No,No,,,,,,,,,388390,,,,,,
,Griffith University,"170 Kessels Road, Nathan Qld 4111",Building Construction & Maintenance,22/03/2024,44660,Schneider Electric (Australia) Pty Limit,"Macquarie Park, NSW",No,No,,,,,,,,,388403,,,,,,
,Griffith University,"170 Kessels Road, Nathan Qld 4111",Consultancy Services,24/03/2024,12713,Fr&C Pty Ltd,"Toowong, Qld",No,No,,,,,,,,,2063471,,,,,,
,Griffith University,"170 Kessels Road, Nathan Qld 4111",External Course Delivery,24/03/2024,14800,Pulsestart Training Solutions Pty Ltd,"Clayton, Vic",No,No,,,,,,,,,2060156,,,,,,
,Griffith University,"170 Kessels Road, Nathan Qld 4111",Memberships/Subscriptions,24/03/2024,18814,Tertiary Education Quality And Standards,"South Oakleigh, Vic",No,No,,,,,,,,,2061993,,,,,,
,Griffith University,"170 Kessels Road, Nathan Qld 4111",Memberships/Subscriptions,25/03/2024,22000,Brisbane Development Association Inc,"South Melbourne, Vic",No,No,,,,,,,,,2060393,,,,,,
,Griffith University,"170 Kessels Road, Nathan Qld 4111",Chemical/Biological Products Gas Supply,25/03/2024,16764,Elicityl,"Mawson Lakes, Sa",No,No,,,,,,,,,388419,,,,,,
,Griffith University,"170 Kessels Road, Nathan Qld 4111",Building Construction & Maintenance,25/03/2024,16150,Eve Australia Pty Ltd,"Rydalmere, Nsw",No,No,,,,,,,,,388437,,,,,,
,Griffith University,"170 Kessels Road, Nathan Qld 4111",Building Construction & Maintenance,25/03/2024,20635,Eve Australia Pty Ltd,"Rydalmere, Nsw",No,No,,,,,,,,,388438,,,,,,
,Griffith University,"170 Kessels Road, Nathan Qld 4111",Consultancy Services,25/03/2024,13750,Verticurl Marketing Services Pty Ltd,"Millers Point, Nsw",No,No,,,,,,,,,388435,,,,,,
,Griffith University,"170 Kessels Road, Nathan Qld 4111",Building Construction & Maintenance,26/03/2024,11385,Bligh Tanner Pty Ltd,"Fortitude Valley, Qld",No,No,,,,,,,,,388471,,,,,,
,Griffith University,"170 Kessels Road, Nathan Qld 4111",Building Construction & Maintenance,26/03/2024,928332,Buildcorp Group Pty Limited,"Mount Gravatt, Qld",No,No,Limited,,,,,,,,388449,,,,,,
,Griffith University,"170 Kessels Road, Nathan Qld 4111",Consultancy Services,26/03/2024,26400,Focus Professional Services Pty Ltd,"Brisbane, Qld",No,No,,,,,,,,,388473,,,,,,
,Griffith University,"170 Kessels Road, Nathan Qld 4111",Event Expenditure,26/03/2024,11600,Jorkat Family Trust & The Trustee For Th,"South Brisbane, Qld",No,No,,,,,,,,,2060374,,,,,,
,Griffith University,"170 Kessels Road, Nathan Qld 4111",Building Construction & Maintenance,26/03/2024,27280,Mode Design Corp Pty Ltd,"Fortitude Valley, Qld",No,No,,,,,,,,,388447,,,,,,
,Griffith University,"170 Kessels Road, Nathan Qld 4111",Scientific Equipment,27/03/2024,113296,"Bionex Solutions, Inc.","Mermaid Waters, Qld",No,No,,,,,,,,,388488,,,,,,
,Griffith University,"170 Kessels Road, Nathan Qld 4111",Building Construction & Maintenance,27/03/2024,21404,Eve Australia Pty Ltd,"Rydalmere, Nsw",No,No,,,,,,,,,388515,,,,,,
,Griffith University,"170 Kessels Road, Nathan Qld 4111",Building Construction & Maintenance,27/03/2024,21817,Eve Australia Pty Ltd,"Rydalmere, Nsw",Yes,No,,,,,,,,,388516,,,,,,
,Griffith University,"170 Kessels Road, Nathan Qld 4111",Chemical/Biological Products Gas Supply,27/03/2024,13034,Merck Life Science Pty Ltd,"Castle Hill, Nsw",No,No,,,,,,,,,388501,,,,,,
,Griffith University,"170 Kessels Road, Nathan Qld 4111",Event Expenditure,27/03/2024,78000,Southport Australian Rules Football Club,"Southport, Qld",No,No,,,,,,,,,388491,,,,,,
,Griffith University,"170 Kessels Road, Nathan Qld 4111",Scientific Equipment,27/03/2024,68304,Thermo Fisher Scientific Australia,"Scoresby, Vic",No,No,,,,,,,,,388489,,,,,,
,Griffith University,"170 Kessels Road, Nathan Qld 4111",Printing Expenses,28/03/2024,12936,Bailey Hq Pty Ltd,"Salisbury, Qld",No,No,,,,,,,,,388558,,,,,,
,Griffith University,"170 Kessels Road, Nathan Qld 4111",Consultancy Services,28/03/2024,82500,City Impact Ltd,"Frenchs Forest, Nsw",No,No,,,,,,,,,388526,,,,,,
,Griffith University,"170 Kessels Road, Nathan Qld 4111",External Course Delivery,28/03/2024,80227,Common Purpose Student Experiences Limit,"Cannon Hill, Qld",No,No,,,,,,,,,2062078 2082708,,,,,,
,Griffith University,"170 Kessels Road, Nathan Qld 4111",Consultancy Services,28/03/2024,55000,Frontline Mental Health Pty Ltd,"Bondi Junction, Nsw",No,No,,,,,,,,,388544,,,,,,
,Griffith University,"170 Kessels Road, Nathan Qld 4111",Equipment Maintenance,28/03/2024,35977,Getinge Australia Pty Ltd,"Chatswood, Nsw",No,No,,,,,,,,,388552,,,,,,
,Griffith University,"170 Kessels Road, Nathan Qld 4111",Scientific Equipment,28/03/2024,45355,Global Life Sciences Solutions Australia,"Thebarton, Sa",No,No,,,,,,,,,388540,,,,,,
,Griffith University,"170 Kessels Road, Nathan Qld 4111",Consultancy Services,28/03/2024,55000,Inn8 Consulting Pty Ltd,"Petrie, Qld",No,No,,,,,,,,,388541,,,,,,
,Griffith University,"170 Kessels Road, Nathan Qld 4111",Building Construction & Maintenance,28/03/2024,11000,Mccullough Robertson Lawyers,"Brisbane, Qld",No,No,,,,,,,,,388528,,,,,,
,Griffith University,"170 Kessels Road, Nathan Qld 4111",Consultancy Services,28/03/2024,60424,Nellers Hr Consulting,"Coomera, Qld",No,No,,,,,,,,,388543,,,,,,
,Griffith University,"170 Kessels Road, Nathan Qld 4111",Consultancy Services,30/03/2024,31580,Acer - Aust Council For Edu Research Ltd,"Camberwell, Vic",No,No,,,,,,,,,2062071,,,,,,
,Griffith University,"170 Kessels Road, Nathan Qld 4111",Building Construction & Maintenance,2/04/2024,15439,A1 Building & Property Solutions Pty Ltd,"The Gap, Qld",No,No,,,,,,,,,388573,,,,,,
,Griffith University,"170 Kessels Road, Nathan Qld 4111",Event Expenditure,2/04/2024,35030,Harvest On Queen Pty Ltd,"Brisbane, Qld",No,No,,,,,,,,,388577,,,,,,
,Griffith University,"170 Kessels Road, Nathan Qld 4111",Memberships/Subscriptions,2/04/2024,27000,Watchmycompetitor,Uk,No,No,,,,,,,,,2064766,,,,,,
,Griffith University,"170 Kessels Road, Nathan Qld 4111",Subscription/Licence Fees Software,3/04/2024,51619,Wp Engine Inc,Usa,No,No,,,,,,,,,388600,,,,,,
,Griffith University,"170 Kessels Road, Nathan Qld 4111",Chemical/Biological Products Gas Supply,4/04/2024,10244,Boc Limited,"Labrador, Qld",No,No,,,,,,,,,388634,,,,,,
,Griffith University,"170 Kessels Road, Nathan Qld 4111",Building Construction & Maintenance,4/04/2024,20186,Mctaggart Plumbing Pty Ltd,"Petrie, Qld",No,No,,,,,,,,,388629,,,,,,
,Griffith University,"170 Kessels Road, Nathan Qld 4111",Equipment Maintenance,4/04/2024,11000,W&H Service Centre,"Edwardstown, Sa",No,No,,,,,,,,,388633,,,,,,
,Griffith University,"170 Kessels Road, Nathan Qld 4111",Equipment Maintenance,5/04/2024,11000,Adec Australia,"Mascot, Nsw",No,No,,,,,,,,,388677,,,,,,
,Griffith University,"170 Kessels Road, Nathan Qld 4111",Building Construction & Maintenance,5/04/2024,13549,Data #3 Limited,"Indooroopilly, Qld",No,No,,,,,,,,,388665,,,,,,
,Griffith University,"170 Kessels Road, Nathan Qld 4111",Laboratory Consumables,5/04/2024,11000,Nsk Oceania Pty Ltd,"Rosebery, Nsw",No,No,,,,,,,,,388681,,,,,,
,Griffith University,"170 Kessels Road, Nathan Qld 4111",Laboratory Consumables,5/04/2024,110000,Straumann Pty Ltd,"Port Melbourne, Vic",No,No,,,,,,,,,388678,,,,,,
,Griffith University,"170 Kessels Road, Nathan Qld 4111",Scientific Equipment,6/04/2024,31620,Bruker Pty Ltd,"Alexandria, Nsw",No,No,,,,,,,,,388692,,,,,,
,Griffith University,"170 Kessels Road, Nathan Qld 4111",Equipment Purchase,6/04/2024,12549,Data #3 Limited,"Indooroopilly, Qld",No,No,,,,,,,,,388714,,,,,,
,Griffith University,"170 Kessels Road, Nathan Qld 4111",Building Construction & Maintenance,6/04/2024,395208,Sabe Services Group,"Loganholme, Qld",No,No,,,,,,,,,388707,,,,,,
,Griffith University,"170 Kessels Road, Nathan Qld 4111",Legal Fees,6/04/2024,32747,Thomson Geer,"Brisbane, Qld",No,No,,,,,,,,,388690,,,,,,
,Griffith University,"170 Kessels Road, Nathan Qld 4111",Inventory Expenses,8/04/2024,14850,Amer Sports Australia Pty Ltd,"Braeside, Vic",No,No,,,,,,,,,388728,,,,,,
,Griffith University,"170 Kessels Road, Nathan Qld 4111",Inventory Expenses,8/04/2024,14850,Head Oceania Pty Ltd,"Stapylton, Qld",No,No,,,,,,,,,388729,,,,,,
,Griffith University,"170 Kessels Road, Nathan Qld 4111",Building Construction & Maintenance,8/04/2024,44550,Lab Architects Pty Ltd,"Chapel Hill, Qld",No,No,,,,,,,,,388748,,,,,,
,Griffith University,"170 Kessels Road, Nathan Qld 4111",Building Construction & Maintenance,8/04/2024,18700,Lab Architects Pty Ltd,"Chapel Hill, Qld",Yes,No,,,,,,,,,388749,,,,,,
,Griffith University,"170 Kessels Road, Nathan Qld 4111",Consultancy Services,9/04/2024,50000,Achieve Human Resources,"Maroochydore, Qld",No,No,,,,,,,,,388813,,,,,,
,Griffith University,"170 Kessels Road, Nathan Qld 4111",Subscription/Licence Fees Software,9/04/2024,1228519,Cybercx Pty Ltd,"Melbourne, Vic",No,No,Open,,,,,,,,388811,,,,,,
,Griffith University,"170 Kessels Road, Nathan Qld 4111",Building Construction & Maintenance,9/04/2024,54714,E.D.C. Systems Pty Ltd,"Cannon Hill, Qld",No,No,,,,,,,,,388780,,,,,,
,Griffith University,"170 Kessels Road, Nathan Qld 4111",Scientific Equipment,9/04/2024,12372,Emona Instruments Pty Ltd,"Rocklea, Qld",No,No,,,,,,,,,388797,,,,,,
,Griffith University,"170 Kessels Road, Nathan Qld 4111",Equipment Purchase,9/04/2024,127938,"Unicomposite Technology Co., Ltd",China,No,No,,,,,,,,,2065041 2069686,,,,,,
,Griffith University,"170 Kessels Road, Nathan Qld 4111",Consultancy Services,9/04/2024,40150,University Of Western Australia,"Nedlands, Wa",No,No,,,,,,,,,392865,,,,,,
,Griffith University,"170 Kessels Road, Nathan Qld 4111",Building Construction & Maintenance,10/04/2024,19488,Evident Australia Pty Ltd,"Macquarie Park, NSW",No,No,,,,,,,,,388833,,,,,,
,Griffith University,"170 Kessels Road, Nathan Qld 4111",Subscription/Licence Fees Software,10/04/2024,86522,Hootsuite Inc.,Canada,No,No,,,,,,,,,388823,,,,,,
,Griffith University,"170 Kessels Road, Nathan Qld 4111",Hire/Lease Fees,10/04/2024,16500,Iron Mountain Australia Group Pty Ltd,"Virginia, Qld",No,No,,,,,,,,,388834,,,,,,
,Griffith University,"170 Kessels Road, Nathan Qld 4111",Building Construction & Maintenance,10/04/2024,11000,Lab Architects Pty Ltd,"Chapel Hill, Qld",No,No,,,,,,,,,388854,,,,,,
,Griffith University,"170 Kessels Road, Nathan Qld 4111",Building Construction & Maintenance,10/04/2024,52898,Ryan Wilks Pty. Ltd.,"Murarrie, Qld",No,No,,,,,,,,,388832,,,,,,
,Griffith University,"170 Kessels Road, Nathan Qld 4111",Hire/Lease Fees,10/04/2024,22000,Zircodata Pty Ltd,"Hawthorn, Vic",No,No,,,,,,,,,388835,,,,,,
,Griffith University,"170 Kessels Road, Nathan Qld 4111",Building Construction & Maintenance,11/04/2024,19571,A1 Building & Property Solutions Pty Ltd,"The Gap, Qld",No,No,,,,,,,,,388867,,,,,,
,Griffith University,"170 Kessels Road, Nathan Qld 4111",Chemical/Biological Products Gas Supply,11/04/2024,31465,Abcam Australia Pty Ltd,"Melbourne, Vic",No,No,,,,,,,,,388886,,,,,,
,Griffith University,"170 Kessels Road, Nathan Qld 4111",Equipment Maintenance,11/04/2024,13651,Agilent Technologies Australia Pty Ltd,"Mulgrave, Vic",No,No,,,,,,,,,388871,,,,,,
,Griffith University,"170 Kessels Road, Nathan Qld 4111",Consultancy Services,11/04/2024,27500,Assured Solutions (Victoria) Pty Ltd,"Yarraville, Vic",No,No,,,,,,,,,388890,,,,,,
,Griffith University,"170 Kessels Road, Nathan Qld 4111",Equipment Purchase,11/04/2024,10603,Jb Hi Fi Group Pty Ltd,"Macgregor, Qld",No,No,,,,,,,,,388857,,,,,,
,Griffith University,"170 Kessels Road, Nathan Qld 4111",Consultancy Services,11/04/2024,243698,K. J. Ross & Associates Pty Ltd,"Melbourne, Vic",No,No,,,,,,,,,388873,,,,,,
,Griffith University,"170 Kessels Road, Nathan Qld 4111",Building Construction & Maintenance,11/04/2024,42240,Lightbox Architecture &Interiors Pty Ltd,"Keperra, Qld",No,No,,,,,,,,,388869,,,,,,
,Griffith University,"170 Kessels Road, Nathan Qld 4111",Consultancy Services,11/04/2024,597582,The Trustee For The S&C Brisbane Executi,"Wheelers Hill, Vic",Yes,No,,,,,,,,,388889 398226,,,,,,
,Griffith University,"170 Kessels Road, Nathan Qld 4111",Building Construction & Maintenance,12/04/2024,10379,Devcert,"North Ward, Qld",No,No,,,,,,,,,388915,,,,,,
,Griffith University,"170 Kessels Road, Nathan Qld 4111",Consultancy Services,12/04/2024,27719,Lovell Chen Pty. Ltd.,"Melbourne, Vic",Yes,No,,,,,,,,,388916,,,,,,
,Griffith University,"170 Kessels Road, Nathan Qld 4111",Building Construction & Maintenance,12/04/2024,11418,Sabe Services Group,"Loganholme, Qld",No,No,,,,,,,,,388896,,,,,,
,Griffith University,"170 Kessels Road, Nathan Qld 4111",Chemical/Biological Products Gas Supply,12/04/2024,11714,Stemcell Technologies Australia Holdings,"Tullamarine, Vic",No,No,,,,,,,,,388895,,,,,,
,Griffith University,"170 Kessels Road, Nathan Qld 4111",Building Construction & Maintenance,15/04/2024,19734,A1 Building & Property Solutions Pty Ltd,"The Gap, Qld",No,No,,,,,,,,,388936,,,,,,
,Griffith University,"170 Kessels Road, Nathan Qld 4111",Laboratory Consumables,16/04/2024,12279,Accurate Mass Scientific Pty Ltd,"Keilor East, Vic",No,No,,,,,,,,,388975,,,,,,
,Griffith University,"170 Kessels Road, Nathan Qld 4111",Building Construction & Maintenance,16/04/2024,40755,Crown Mechanical Electrical Pty Ltd,"Rochedale South, Qld",No,No,,,,,,,,,388996,,,,,,
,Griffith University,"170 Kessels Road, Nathan Qld 4111",Chemical/Biological Products Gas Supply,16/04/2024,11974,Genscript,Usa,No,No,,,,,,,,,388977,,,,,,
,Griffith University,"170 Kessels Road, Nathan Qld 4111",Consultancy Services,16/04/2024,16060,Mckenzie Group Consulting (Qld) Pty Ltd,"Brisbane, Qld",No,No,,,,,,,,,388994,,,,,,
,Griffith University,"170 Kessels Road, Nathan Qld 4111",Building Construction & Maintenance,16/04/2024,16880,Robert John Shannon,Qld,No,No,,,,,,,,,388979,,,,,,
,Griffith University,"170 Kessels Road, Nathan Qld 4111",Printing Expenses,16/04/2024,14795,The Trustee For Merch Girls Unit Trust,"Balaclava, Vic",No,No,,,,,,,,,2068507,,,,,,
,Griffith University,"170 Kessels Road, Nathan Qld 4111",Consultancy Services,16/04/2024,11605,Vivo Group Pty Ltd,"Paddington, Qld",No,No,,,,,,,,,2068451,,,,,,
,Griffith University,"170 Kessels Road, Nathan Qld 4111",Building Construction & Maintenance,17/04/2024,12760,Action Auto Door,"Nerang, Qld",No,No,,,,,,,,,389036,,,,,,
,Griffith University,"170 Kessels Road, Nathan Qld 4111",Building Construction & Maintenance,17/04/2024,52117,Fire Services Queensland Pty Ltd,"Chermside, Qld",No,No,,,,,,,,,389034,,,,,,
,Griffith University,"170 Kessels Road, Nathan Qld 4111",Consultancy Services,17/04/2024,133675,Grace Maya,Zimbabwe,No,No,,,,,,,,,389015 389408,,,,,,
,Griffith University,"170 Kessels Road, Nathan Qld 4111",Consultancy Services,17/04/2024,40150,Napier & Blakeley Pty Ltd,"Brisbane, Qld",No,No,,,,,,,,,389008,,,,,,
,Griffith University,"170 Kessels Road, Nathan Qld 4111",IT Equipment,17/04/2024,1606276,Riot Solutions Pty Ltd,"Brisbane, Qld",No,No,Open,,,,,,,,389018 389019,,,,,,
,Griffith University,"170 Kessels Road, Nathan Qld 4111",Consultancy Services,17/04/2024,60000,Steve Wright Consulting,"Mt Eliza, Vic",No,No,,,,,,,,,389016,,,,,,
,Griffith University,"170 Kessels Road, Nathan Qld 4111",Consultancy Services,17/04/2024,574653,The Trustee For The S&C Brisbane Executi,"Wheelers Hill, Vic",Yes,No,,,,,,,,,389035 398133,,,,,,
,Griffith University,"170 Kessels Road, Nathan Qld 4111",Chemical/Biological Products Gas Supply,18/04/2024,41762,Bio-Strategy Pty Limited,"Campbellfield, Vic",No,No,,,,,,,,,389062,,,,,,
,Griffith University,"170 Kessels Road, Nathan Qld 4111",Building Construction & Maintenance,18/04/2024,16115,Steele Wrobel Pty Ltd,"Brisbane, Qld",No,No,,,,,,,,,389044,,,,,,
,Griffith University,"170 Kessels Road, Nathan Qld 4111",Subscription/Licence Fees Software,18/04/2024,14410,Vald Performance (Aust) Pty Ltd,"Newstead, Qld",No,No,,,,,,,,,389050,,,,,,
,Griffith University,"170 Kessels Road, Nathan Qld 4111",Building Construction & Maintenance,19/04/2024,14478,Data Centre Services Australia Pty Ltd,"Eight Mile Plains, Qld",No,No,,,,,,,,,389096,,,,,,
,Griffith University,"170 Kessels Road, Nathan Qld 4111",Equipment Maintenance,19/04/2024,66195,Illumina Australia Pty Ltd,"Scoresby, Vic",No,No,,,,,,,,,389120,,,,,,
,Griffith University,"170 Kessels Road, Nathan Qld 4111",Laboratory Consumables,19/04/2024,55000,In Vitro Technologies Pty Ltd,"Noble Park, Vic",No,No,,,,,,,,,389095,,,,,,
,Griffith University,"170 Kessels Road, Nathan Qld 4111",Marketing Fees,19/04/2024,27683,Publicis Brisbane,"South Brisbane, Qld",No,No,,,,,,,,,389126,,,,,,
,Griffith University,"170 Kessels Road, Nathan Qld 4111",Chemical/Biological Products Gas Supply,22/04/2024,13428,"Biosynth International, Inc.",Uk,No,No,,,,,,,,,389138,,,,,,
,Griffith University,"170 Kessels Road, Nathan Qld 4111",Building Construction & Maintenance,22/04/2024,24818,Intrec Management (Qld) Pty Ltd,"Milton, Qld",No,No,,,,,,,,,389136,,,,,,
,Griffith University,"170 Kessels Road, Nathan Qld 4111",Equipment Maintenance,22/04/2024,49717,Malvern Panalytical,"Chipping Norton, Nsw",No,No,,,,,,,,,2069927,,,,,,
,Griffith University,"170 Kessels Road, Nathan Qld 4111",Building Construction & Maintenance,22/04/2024,30250,Philip Chun Accessibility Pty Ltd,"Sydney, Nsw",No,No,,,,,,,,,389135,,,,,,
,Griffith University,"170 Kessels Road, Nathan Qld 4111",Building Construction & Maintenance,22/04/2024,27187,Pothole People Qld,"Hemmant, Qld",No,No,,,,,,,,,389134,,,,,,
,Griffith University,"170 Kessels Road, Nathan Qld 4111",Consultancy Services,22/04/2024,90652,Qcif,"St Lucia, Qld",No,No,,,,,,,,,2069720,,,,,,
,Griffith University,"170 Kessels Road, Nathan Qld 4111",Commission Payment,22/04/2024,21900,Study Options Limited,England,No,No,,,,,,,,,2069500,,,,,,
,Griffith University,"170 Kessels Road, Nathan Qld 4111",Consultancy Services,22/04/2024,449240,Tessele Consultants Pty Ltd,"Attadale, Wa",No,No,,,,,,,,,2069911 2074102 392988,,,,,,
,Griffith University,"170 Kessels Road, Nathan Qld 4111",Patent Application Fee,22/04/2024,11458,University Of Technology Sydney,"Broadway, Nsw",No,No,,,,,,,,,2067197,,,,,,
,Griffith University,"170 Kessels Road, Nathan Qld 4111",Consultancy Services,22/04/2024,15180,Walter & Eliza Hall Institute Of Med Res,"Parkville, Vic",No,No,,,,,,,,,2069685,,,,,,
,Griffith University,"170 Kessels Road, Nathan Qld 4111",Building Construction & Maintenance,23/04/2024,18260,Dma Engineers Pty Ltd,"Spring Hill, Qld",No,No,,,,,,,,,389176,,,,,,
,Griffith University,"170 Kessels Road, Nathan Qld 4111",Cleaning Services,23/04/2024,54908789,ISS Facility Services Australia Ltd,"Murarrie, Qld",No,No,Open,,Comprehensive Goods and Services,3,"Solution fit -40%, Experience, capacity, and capability-40%
Impact procurement-20%",Cleaning Services,As per implementation plan ,Per KPI’s in the contract management plan,GU-2404,,,,,,
,Griffith University,"170 Kessels Road, Nathan Qld 4111",Legal Fees,23/04/2024,16500,Johnson Winter & Slattery,"Adelaide, Sa",No,No,,,,,,,,,389221,,,,,,
,Griffith University,"170 Kessels Road, Nathan Qld 4111",Building Construction & Maintenance,23/04/2024,16390,Norman Disney & Young,"Sydney, Nsw",No,No,,,,,,,,,389182,,,,,,
,Griffith University,"170 Kessels Road, Nathan Qld 4111",Legal Fees,24/04/2024,91575,Source Legal Pty Ltd,"Sydney, Nsw",No,No,,,,,,,,,389224,,,,,,
,Griffith University,"170 Kessels Road, Nathan Qld 4111",Event Expenditure,24/04/2024,25958,The St. Regis Macao,Macao,No,No,,,,,,,,,389240,,,,,,
,Griffith University,"170 Kessels Road, Nathan Qld 4111",Consultancy Services,24/04/2024,99000,The Trustee For Rumour Settlement,"Dulwich, Sa",No,No,,,,,,,,,2072723 2096029,,,,,,
,Griffith University,"170 Kessels Road, Nathan Qld 4111",Consultancy Services,24/04/2024,208666,Turner & Townsend Pty Ltd,"Brisbane, Qld",No,No,,,,,,,,,2070579 2091304,,,,,,
,Griffith University,"170 Kessels Road, Nathan Qld 4111",Consultancy Services,26/04/2024,59763,Uipath Srl,Romania,Yes,No,,,,,,,,,389266,,,,,,
,Griffith University,"170 Kessels Road, Nathan Qld 4111",Scientific Equipment,28/04/2024,135493,Resolving Images,"Macleod, Vic",No,No,,,,,,,,,389297,,,,,,
,Griffith University,"170 Kessels Road, Nathan Qld 4111",Building Construction & Maintenance,29/04/2024,21512,A.G. Coombs (Qld) Pty. Ltd.,"Fortitude Valley, Qld",No,No,,,,,,,,,389328,,,,,,
,Griffith University,"170 Kessels Road, Nathan Qld 4111",Consultancy Services,29/04/2024,170020,Sarah Louise Deck,Canada,Yes,No,,,,,,,,,389302 400501,,,,,,
,Griffith University,"170 Kessels Road, Nathan Qld 4111",Consultancy Services,30/04/2024,30250,Bfj Digital,"Spring Hill, Qld",No,No,,,,,,,,,389338,,,,,,
,Griffith University,"170 Kessels Road, Nathan Qld 4111",Equipment Maintenance,30/04/2024,10585,Brisbane City Council,"Brisbane, Qld",No,No,,,,,,,,,2070571,,,,,,
,Griffith University,"170 Kessels Road, Nathan Qld 4111",Equipment Purchase,30/04/2024,12341,Bsg Brisbane Sound Group,"Northgate, Qld",No,No,,,,,,,,,389331,,,,,,
,Griffith University,"170 Kessels Road, Nathan Qld 4111",Memberships/Subscriptions,30/04/2024,11770,Ceda,"Brisbane, Qld",No,No,,,,,,,,,2070552,,,,,,
,Griffith University,"170 Kessels Road, Nathan Qld 4111",External Course Delivery,30/04/2024,39964,Corporate Prepaid Cards Pty Ltd,"Balmain, Nsw",No,No,,,,,,,,,2068495,,,,,,
,Griffith University,"170 Kessels Road, Nathan Qld 4111",Equipment Maintenance,30/04/2024,16747,Gardner Denver Industries Pty Ltd,"Dandenong South, Vic",No,No,,,,,,,,,389332,,,,,,
,Griffith University,"170 Kessels Road, Nathan Qld 4111",Equipment Purchase,30/04/2024,22353,Kayell Australia,"Artarmon, Nsw",No,No,,,,,,,,,389334,,,,,,
,Griffith University,"170 Kessels Road, Nathan Qld 4111",Commission Payment,30/04/2024,86766,Kom Consultants,Canada,No,No,,,,,,,,,2070148,,,,,,
,Griffith University,"170 Kessels Road, Nathan Qld 4111",Subscription/Licence Fees Software,30/04/2024,208760,"Labarchives, Llc",Usa,No,No,,,,,,,,,389337,,,,,,
,Griffith University,"170 Kessels Road, Nathan Qld 4111",Consultancy Services,30/04/2024,357159,Six Degrees Executive (Qld) Pty Ltd,"Fortitude Valley, Qld",No,No,,,,,,,,,389367,,,,,,
,Griffith University,"170 Kessels Road, Nathan Qld 4111",Memberships/Subscriptions,30/04/2024,18150,Social Traders Ltd,"Melbourne, Vic",No,No,,,,,,,,,389365,,,,,,
,Griffith University,"170 Kessels Road, Nathan Qld 4111",Laboratory Consumables,30/04/2024,23881,Thorlabs Inc,Usa,No,No,,,,,,,,,389354,,,,,,
,Griffith University,"170 Kessels Road, Nathan Qld 4111",Pathology Expenditure,1/05/2024,17213,Australian Genome Research Facility Ltd,"St Lucia, Qld",No,No,,,,,,,,,389383,,,,,,
,Griffith University,"170 Kessels Road, Nathan Qld 4111",Equipment Maintenance,2/05/2024,202208,Bruker Pty Ltd,"Alexandria, Nsw",No,No,,,,,,,,,389411,,,,,,
,Griffith University,"170 Kessels Road, Nathan Qld 4111",Equipment Maintenance,2/05/2024,308270,Bruker Pty Ltd,"Alexandria, Nsw",No,No,,,,,,,,,389412,,,,,,
,Griffith University,"170 Kessels Road, Nathan Qld 4111",Equipment Maintenance,2/05/2024,16399,Diligent Fire Pty Ltd,"Albion, Qld",No,No,,,,,,,,,389406,,,,,,
,Griffith University,"170 Kessels Road, Nathan Qld 4111",Equipment Maintenance,2/05/2024,260588,Thermo Fisher Scientific Australia,"Scoresby, Vic",No,No,,,,,,,,,389418,,,,,,
,Griffith University,"170 Kessels Road, Nathan Qld 4111",Scientific Equipment,3/05/2024,98258,Hasomed Gmbh,Germany,No,No,,,,,,,,,389450,,,,,,
,Griffith University,"170 Kessels Road, Nathan Qld 4111",Building Construction & Maintenance,7/05/2024,65978,Archipelago,"Brisbane, Qld",No,No,,,,,,,,,389514,,,,,,
,Griffith University,"170 Kessels Road, Nathan Qld 4111",Building Construction & Maintenance,7/05/2024,42666,Bsg Brisbane Sound Group,"Northgate, Qld",No,No,,,,,,,,,389484,,,,,,
,Griffith University,"170 Kessels Road, Nathan Qld 4111",Building Construction & Maintenance,7/05/2024,51948,Bsg Brisbane Sound Group,"Northgate, Qld",No,No,,,,,,,,,389485,,,,,,
,Griffith University,"170 Kessels Road, Nathan Qld 4111",Consultancy Services,7/05/2024,24300,Helen Johnson,Qld,No,No,,,,,,,,,2071906,,,,,,
,Griffith University,"170 Kessels Road, Nathan Qld 4111",Building Construction & Maintenance,7/05/2024,33990,Jensen Bowers Unit Trust,"Spring Hills, Qld",No,No,,,,,,,,,389491,,,,,,
,Griffith University,"170 Kessels Road, Nathan Qld 4111",Building Construction & Maintenance,7/05/2024,33990,Jensen Bowers Unit Trust,"Spring Hills, Qld",No,No,,,,,,,,,389492,,,,,,
,Griffith University,"170 Kessels Road, Nathan Qld 4111",Consultancy Services,7/05/2024,77000,La Trobe University,"Bundoora, Vic",No,No,,,,,,,,,2071100,,,,,,
,Griffith University,"170 Kessels Road, Nathan Qld 4111",Consultancy Services,7/05/2024,14489,Queensland Tertiary Admissions Centre Lt,"Milton, Qld",No,No,,,,,,,,,2071859,,,,,,
,Griffith University,"170 Kessels Road, Nathan Qld 4111",Building Construction & Maintenance,7/05/2024,109637,Sabe Services Group,"Loganholme, Qld",No,No,,,,,,,,,389487,,,,,,
,Griffith University,"170 Kessels Road, Nathan Qld 4111",Printing Expenses,7/05/2024,21588,The Trustee For Merch Girls Unit Trust,"Balaclava, Vic",No,No,,,,,,,,,2068508,,,,,,
,Griffith University,"170 Kessels Road, Nathan Qld 4111",Building Construction & Maintenance,8/05/2024,159473,Cvsg Asset Services Pty Ltd,"Hendra, Qld",No,No,,,,,,,,,389557,,,,,,
,Griffith University,"170 Kessels Road, Nathan Qld 4111",Building Construction & Maintenance,8/05/2024,214060,Descab Pty Ltd T/A Qld Multi Trades,"Tingalpa, Qld",No,No,,,,,,,,,389526,,,,,,
,Griffith University,"170 Kessels Road, Nathan Qld 4111",Building Construction & Maintenance,8/05/2024,214060,Descab Pty Ltd T/A Qld Multi Trades,"Tingalpa, Qld",No,No,,,,,,,,,389527,,,,,,
,Griffith University,"170 Kessels Road, Nathan Qld 4111",Building Construction & Maintenance,8/05/2024,214060,Descab Pty Ltd T/A Qld Multi Trades,"Tingalpa, Qld",No,No,,,,,,,,,389528,,,,,,
,Griffith University,"170 Kessels Road, Nathan Qld 4111",Building Construction & Maintenance,8/05/2024,198836,Descab Pty Ltd T/A Qld Multi Trades,"Tingalpa, Qld",No,No,,,,,,,,,389529,,,,,,
,Griffith University,"170 Kessels Road, Nathan Qld 4111",Building Construction & Maintenance,8/05/2024,167586,Descab Pty Ltd T/A Qld Multi Trades,"Tingalpa, Qld",No,No,,,,,,,,,389530,,,,,,
,Griffith University,"170 Kessels Road, Nathan Qld 4111",Building Construction & Maintenance,8/05/2024,223022,Descab Pty Ltd T/A Qld Multi Trades,"Tingalpa, Qld",No,No,,,,,,,,,389531,,,,,,
,Griffith University,"170 Kessels Road, Nathan Qld 4111",Building Construction & Maintenance,8/05/2024,53504,Mode Design Corp Pty Ltd,"Fortitude Valley, Qld",Yes,No,,,,,,,,,389572,,,,,,
,Griffith University,"170 Kessels Road, Nathan Qld 4111",Subscription/Licence Fees Software,8/05/2024,64564,Ready Education Llc,Usa,No,No,,,,,,,,,389534,,,,,,
,Griffith University,"170 Kessels Road, Nathan Qld 4111",IT Equipment,8/05/2024,668949,Surebridge Pty Ltd,"Battery Point, Tas",No,No,Selective,,,,,,,,389560,,,,,,
,Griffith University,"170 Kessels Road, Nathan Qld 4111",Computer Equipment,8/05/2024,16371,The School Locker,"Eight Mile Plains, Qld",No,No,,,,,,,,,389573,,,,,,
,Griffith University,"170 Kessels Road, Nathan Qld 4111",Building Construction & Maintenance,9/05/2024,14988,A1 Building & Property Solutions Pty Ltd,"The Gap, Qld",No,No,,,,,,,,,389613,,,,,,
,Griffith University,"170 Kessels Road, Nathan Qld 4111",Building Construction & Maintenance,9/05/2024,14988,A1 Building & Property Solutions Pty Ltd,"The Gap, Qld",No,No,,,,,,,,,389616,,,,,,
,Griffith University,"170 Kessels Road, Nathan Qld 4111",Building Construction & Maintenance,9/05/2024,49662,Airmaster Corporation Pty Ltd,"Mansfield, Qld",No,No,,,,,,,,,389576,,,,,,
,Griffith University,"170 Kessels Road, Nathan Qld 4111",Building Construction & Maintenance,9/05/2024,36861,Cox Rayner Architects,"Brisbane, Qld",Yes,No,,,,,,,,,389590,,,,,,
,Griffith University,"170 Kessels Road, Nathan Qld 4111",Consultancy Services,9/05/2024,146837,K. J. Ross & Associates Pty Ltd,"Melbourne, Vic",No,No,,,,,,,,,389577,,,,,,
,Griffith University,"170 Kessels Road, Nathan Qld 4111",Conference Expenses,10/05/2024,67280,Australian Human Resources Institute,"Melbourne, Vic",No,No,,,,,,,,,389653,,,,,,
,Griffith University,"170 Kessels Road, Nathan Qld 4111",Subscription/Licence Fees Software,10/05/2024,40662,"Bright Market, Llc",Usa,No,No,,,,,,,,,389626,,,,,,
,Griffith University,"170 Kessels Road, Nathan Qld 4111",Equipment Purchase,10/05/2024,193501,Duraplas Industries,"Alstonville, Nsw",No,No,,,,,,,,,389634,,,,,,
,Griffith University,"170 Kessels Road, Nathan Qld 4111",Building Construction & Maintenance,10/05/2024,21890,Jha Consulting Engineers (Qld) Pty Ltd,"Teneriffe, Qld",No,No,,,,,,,,,389635,,,,,,
,Griffith University,"170 Kessels Road, Nathan Qld 4111",Consultancy Services,10/05/2024,14066,Yanto Migration,Qld,No,No,,,,,,,,,389651 2090402,,,,,,
,Griffith University,"170 Kessels Road, Nathan Qld 4111",Chemical/Biological Products Gas Supply,13/05/2024,18912,Boc Limited,"Chatswood, Nsw",No,No,,,,,,,,,389663,,,,,,
,Griffith University,"170 Kessels Road, Nathan Qld 4111",Chemical/Biological Products Gas Supply,13/05/2024,12214,Boc Limited,"Chatswood, Nsw",No,No,,,,,,,,,389664,,,,,,
,Griffith University,"170 Kessels Road, Nathan Qld 4111",Subscription/Licence Fees Software,13/05/2024,120769,Chemwatch,"Glen Huntly, Vic",No,No,,,,,,,,,389661,,,,,,
,Griffith University,"170 Kessels Road, Nathan Qld 4111",Equipment Purchase,14/05/2024,16500,A.B. Fabrications Pty Ltd,"Fyshwick, Act",No,No,,,,,,,,,2072949,,,,,,
,Griffith University,"170 Kessels Road, Nathan Qld 4111",Conference Expenses,14/05/2024,22724,Australian Institute For Intergeneration,"Southport, Qld",No,No,,,,,,,,,2073259,,,,,,
,Griffith University,"170 Kessels Road, Nathan Qld 4111",Commission Payment,14/05/2024,875925,Oztrekk Educational Services Ltd,Canada,No,No,Limited,b - (iii) The absence of competition for technical reasons which can only be supplied by a particular supplier and no reasonable alternative exists,,,,,,,2073146,,,,,,
,Griffith University,"170 Kessels Road, Nathan Qld 4111",Consultancy Services,14/05/2024,12496,Profiles Australia Pty Ltd,"Millers Point, Nsw",No,No,,,,,,,,,2069726,,,,,,
,Griffith University,"170 Kessels Road, Nathan Qld 4111",Consultancy Services,14/05/2024,13882,Sullivan Nicolaides & Partners,"Indooroopilly, Qld",No,No,,,,,,,,,2070593,,,,,,
,Griffith University,"170 Kessels Road, Nathan Qld 4111",Consultancy Services,14/05/2024,42900,Zeroseven Pty Ltd,"Morningside, Qld",No,No,,,,,,,,,02068615 2069682,,,,,,
,Griffith University,"170 Kessels Road, Nathan Qld 4111",Subscription/Licence Fees Software,15/05/2024,27500,Data #3 Limited,"Indooroopilly, Qld",No,No,,,,,,,,,389731,,,,,,
,Griffith University,"170 Kessels Road, Nathan Qld 4111",Consultancy Services,15/05/2024,10000,Elizabeth Visher,Act,No,No,,,,,,,,,389722,,,,,,
,Griffith University,"170 Kessels Road, Nathan Qld 4111",Consultancy Services,15/05/2024,124062,K. J. Ross & Associates Pty Ltd,"Melbourne, Vic",No,No,,,,,,,,,389716,,,,,,
,Griffith University,"170 Kessels Road, Nathan Qld 4111",Building Construction & Maintenance,15/05/2024,104951,O'Neill Architecture Pty Ltd,"Brisbane, Qld",Yes,No,,,,,,,,,389715,,,,,,
,Griffith University,"170 Kessels Road, Nathan Qld 4111",Audio Visual Equipment,15/05/2024,19841,Videopro Pty Ltd,"Eagle Farm, Qld",No,No,,,,,,,,,389721,,,,,,
,Griffith University,"170 Kessels Road, Nathan Qld 4111",Laboratory Consumables,16/05/2024,13044,Biotools Pty Ltd,"Keperra, Qld",No,No,,,,,,,,,389776,,,,,,
,Griffith University,"170 Kessels Road, Nathan Qld 4111",Consultancy Services,16/05/2024,294580,Emanate Technology Qld Pty Ltd,"Brisbane, Qld",No,No,,,,,,,,,389753,,,,,,
,Griffith University,"170 Kessels Road, Nathan Qld 4111",Legal Fees,16/05/2024,14300,Hwl Ebsworth Lawyers,"Brisbane, Qld",No,No,,,,,,,,,389781,,,,,,
,Griffith University,"170 Kessels Road, Nathan Qld 4111",Building Construction & Maintenance,20/05/2024,18975,Amalgamated Property Maint. Brisbane P/L,"Rochedale South, Qld",No,No,,,,,,,,,389830,,,,,,
,Griffith University,"170 Kessels Road, Nathan Qld 4111",Building Construction & Maintenance,20/05/2024,17012,E.D.C. Systems Pty Ltd,"Cannon Hill, Qld",No,No,,,,,,,,,389831,,,,,,
,Griffith University,"170 Kessels Road, Nathan Qld 4111",Audio Visual Equipment,20/05/2024,1069739,Videopro Pty Ltd,"Eagle Farm, Qld",No,No,Selective,,,,,,,,389844,,,,,,
,Griffith University,"170 Kessels Road, Nathan Qld 4111",Audio Visual Equipment,20/05/2024,20647,Videopro Pty Ltd,"Eagle Farm, Qld",No,No,,,,,,,,,389859,,,,,,
,Griffith University,"170 Kessels Road, Nathan Qld 4111",Chemical/Biological Products Gas Supply,20/05/2024,20975,"Z Biotech, Llc",Usa,No,No,,,,,,,,,389828,,,,,,
,Griffith University,"170 Kessels Road, Nathan Qld 4111",Memberships/Subscriptions,21/05/2024,16500,Australian Community Workers Association,"Flinders, Lane, Vic",No,No,,,,,,,,,2074440,,,,,,
,Griffith University,"170 Kessels Road, Nathan Qld 4111",Building Construction & Maintenance,21/05/2024,61325,Closed Loop Organics Pty Ltd,"South Melbourne, Vic",No,No,,,,,,,,,389865,,,,,,
,Griffith University,"170 Kessels Road, Nathan Qld 4111",Marketing Fees,21/05/2024,14630,Coevent Pty Ltd,"Mudgeeraba, Qld",No,No,,,,,,,,,2072474,,,,,,
,Griffith University,"170 Kessels Road, Nathan Qld 4111",Subscription/Licence Fees Software,21/05/2024,19373,Gynzone,Denmark,No,No,,,,,,,,,2074047,,,,,,
,Griffith University,"170 Kessels Road, Nathan Qld 4111",Building Construction & Maintenance,21/05/2024,51150,Lab Architects Pty Ltd,"Chapel Hill, Qld",No,No,,,,,,,,,389873,,,,,,
,Griffith University,"170 Kessels Road, Nathan Qld 4111",Event Expenditure,21/05/2024,11800,Nrma Treasure Island Holiday Resort,"Biggera Waters, Qld",No,No,,,,,,,,,2064231,,,,,,
,Griffith University,"170 Kessels Road, Nathan Qld 4111",Memberships/Subscriptions,21/05/2024,522900,Qcif,"St Lucia, Qld",No,No,,,,,,,,,2074451,,,,,,
,Griffith University,"170 Kessels Road, Nathan Qld 4111",Building Construction & Maintenance,21/05/2024,42900,Ral Architects,"Clayfield, Qld",No,No,,,,,,,,,389872,,,,,,
,Griffith University,"170 Kessels Road, Nathan Qld 4111",Consultancy Services,21/05/2024,11188,Sullivan Nicolaides & Partners,"Indooroopilly, Qld",No,No,,,,,,,,,2070921,,,,,,
,Griffith University,"170 Kessels Road, Nathan Qld 4111",Event Expenditure,21/05/2024,72264,Tamarind Global Services Pvt Ltd,India,No,No,,,,,,,,,2071029,,,,,,
,Griffith University,"170 Kessels Road, Nathan Qld 4111",Memberships/Subscriptions,21/05/2024,33704,Unijobs Global Pty Ltd,"Brighton, Vic",No,No,,,,,,,,,2074427,,,,,,
,Griffith University,"170 Kessels Road, Nathan Qld 4111",Building Construction & Maintenance,22/05/2024,22000,All Purpose Removals,"Archerfield, Qld",No,No,,,,,,,,,389895,,,,,,
,Griffith University,"170 Kessels Road, Nathan Qld 4111",Chemical/Biological Products Gas Supply,22/05/2024,15760,Boc Limited,"Chatswood, Nsw",No,No,,,,,,,,,389892,,,,,,
,Griffith University,"170 Kessels Road, Nathan Qld 4111",Subscription/Licence Fees Software,22/05/2024,558935,Digital Science & Research Solutions Inc,Usa,Yes,No,Limited,b - (iii) The absence of competition for technical reasons which can only be supplied by a particular supplier and no reasonable alternative exists,,,,,,,389906,,,,,,
,Griffith University,"170 Kessels Road, Nathan Qld 4111",IT Equipment,22/05/2024,12424,Flexdata Solutions Pty Ltd,"Brisbane, Qld",No,No,,,,,,,,,389905,,,,,,
,Griffith University,"170 Kessels Road, Nathan Qld 4111",Building Construction & Maintenance,23/05/2024,73745,Airmaster Corporation Pty Ltd,"Mansfield, Qld",No,No,,,,,,,,,389946,,,,,,
,Griffith University,"170 Kessels Road, Nathan Qld 4111",Equipment Maintenance,23/05/2024,50072,Fire Services Queensland Pty Ltd,"Chermside, Qld",No,No,,,,,,,,,389947,,,,,,
,Griffith University,"170 Kessels Road, Nathan Qld 4111",Consultancy Services,23/05/2024,237875,Focus Professional Services Pty Ltd,"Brisbane, Qld",No,No,,,,,,,,,389961,,,,,,
,Griffith University,"170 Kessels Road, Nathan Qld 4111",Equipment Purchase,23/05/2024,11935,Maytronics Australia Pty Ltd,"Oxley, Qld",No,No,,,,,,,,,389959,,,,,,
,Griffith University,"170 Kessels Road, Nathan Qld 4111",Consultancy Services,23/05/2024,17457,Outside Opinion Pty Ltd,"Carlton North, Vic",No,No,,,,,,,,,389944,,,,,,
,Griffith University,"170 Kessels Road, Nathan Qld 4111",Legal Fees,24/05/2024,33000,Cooper Grace Ward,"Brisbane, Qld",No,No,,,,,,,,,389968,,,,,,
,Griffith University,"170 Kessels Road, Nathan Qld 4111",Software Support Maintenance,24/05/2024,14835,Oracle Corporation Australia Pty Ltd,"Sydney, Nsw",No,No,,,,,,,,,389965,,,,,,
,Griffith University,"170 Kessels Road, Nathan Qld 4111",Legal Fees,25/05/2024,33000,Hwl Ebsworth Lawyers,"Brisbane, Qld",No,No,,,,,,,,,389986,,,,,,
,Griffith University,"170 Kessels Road, Nathan Qld 4111",IT Equipment,27/05/2024,196493,Data #3 Limited,"Indooroopilly, Qld",No,No,,,,,,,,,389992,,,,,,
,Griffith University,"170 Kessels Road, Nathan Qld 4111",Accreditation Fees,28/05/2024,10728,Aacsb International,Usa,No,No,,,,,,,,,2072680,,,,,,
,Griffith University,"170 Kessels Road, Nathan Qld 4111",Building Construction & Maintenance,28/05/2024,18238,Aegis Safety Pty Ltd,"Geebung, Qld",No,No,,,,,,,,,390034,,,,,,
,Griffith University,"170 Kessels Road, Nathan Qld 4111",Chemical/Biological Products Gas Supply,28/05/2024,22291,Australian Bioresources Pty Limited,"Moss Vale, Nsw",No,No,,,,,,,,,2074442,,,,,,
,Griffith University,"170 Kessels Road, Nathan Qld 4111",Consultancy Services,28/05/2024,14850,Co Spaces Pty Ltd,"Southport, Qld",No,No,,,,,,,,,2074454,,,,,,
,Griffith University,"170 Kessels Road, Nathan Qld 4111",External Course Delivery,28/05/2024,32093,Corporate Prepaid Cards Pty Ltd,"Balmain, Nsw",No,No,,,,,,,,,2072475,,,,,,
,Griffith University,"170 Kessels Road, Nathan Qld 4111",Equipment Maintenance,28/05/2024,20121,Elite Test & Tag Brisbane South,"Holland Park West, Qld",No,No,,,,,,,,,2071873,,,,,,
,Griffith University,"170 Kessels Road, Nathan Qld 4111",Commission Payment,28/05/2024,2524253,Idp Education Pty Ltd,"Melbourne, Vic",No,No,Limited,b - (iii) The absence of competition for technical reasons which can only be supplied by a particular supplier and no reasonable alternative exists,,,,,,,2075461,,,,,,
,Griffith University,"170 Kessels Road, Nathan Qld 4111",Relocation Services,28/05/2024,66000,Insight Management Consultants P/L,"Melbourne, Vic",No,No,,,,,,,,,390023,,,,,,
,Griffith University,"170 Kessels Road, Nathan Qld 4111",Building Construction & Maintenance,28/05/2024,375062,Intrec Management (Qld) Pty Ltd,"Milton, Qld",No,No,,,,,,,,,390055,,,,,,
,Griffith University,"170 Kessels Road, Nathan Qld 4111",Chemical/Biological Products Gas Supply,28/05/2024,14466,Miltenyi Biotec Australia Pty Ltd,"North Ryde, Nsw",No,No,,,,,,,,,390049,,,,,,
,Griffith University,"170 Kessels Road, Nathan Qld 4111",Legal Fees,28/05/2024,11880,Pricewaterhousecoopers,"Barangaroo, Nsw",No,No,,,,,,,,,2075479,,,,,,
,Griffith University,"170 Kessels Road, Nathan Qld 4111",Memberships/Subscriptions,28/05/2024,28644,Queensland Futures Institute Ltd,"Brisbane, Qld",No,No,,,,,,,,,2075466,,,,,,
,Griffith University,"170 Kessels Road, Nathan Qld 4111",Marketing Fees,28/05/2024,11406,Richmond Signs & Designs,"Southport, Qld",No,No,,,,,,,,,2075626,,,,,,
,Griffith University,"170 Kessels Road, Nathan Qld 4111",Building Construction & Maintenance,28/05/2024,238659,Steadfast Projects Pty Ltd,"Upper Kedron, Qld",No,No,,,,,,,,,390060,,,,,,
,Griffith University,"170 Kessels Road, Nathan Qld 4111",Building Construction & Maintenance,28/05/2024,110385,Ytb Plumbing Pty Ltd,"Bonogin, Qld",No,No,,,,,,,,,390048,,,,,,
,Griffith University,"170 Kessels Road, Nathan Qld 4111",Building Construction & Maintenance,29/05/2024,16436,Cvsg Asset Services Pty Ltd,"Hendra, Qld",No,No,,,,,,,,,390097,,,,,,
,Griffith University,"170 Kessels Road, Nathan Qld 4111",Software Support Maintenance,29/05/2024,4696097,Oracle Corporation Australia Pty Ltd,"Sydney, Nsw",No,No,Limited,b - (iii) The absence of competition for technical reasons which can only be supplied by a particular supplier and no reasonable alternative exists,,,,,,,390071,,,,,,
,Griffith University,"170 Kessels Road, Nathan Qld 4111",Computer Equipment,30/05/2024,30209,Jb Hi Fi Group Pty Ltd,"Macgregor, Qld",No,No,,,,,,,,,390117,,,,,,
,Griffith University,"170 Kessels Road, Nathan Qld 4111",Scientific Equipment,30/05/2024,416430,Logemas Pty Ltd,"Albion, Qld",No,No,,,,,,,,,390118,,,,,,
,Griffith University,"170 Kessels Road, Nathan Qld 4111",Building Construction & Maintenance,31/05/2024,58443,Pln Projects Pty Ltd,"Currumbin, Qld",No,No,,,,,,,,,390162,,,,,,
,Griffith University,"170 Kessels Road, Nathan Qld 4111",Audio Visual Equipment,31/05/2024,62725,Videopro Pty Ltd,"Eagle Farm, Qld",No,No,,,,,,,,,390152,,,,,,
,Griffith University,"170 Kessels Road, Nathan Qld 4111",Consultancy Services,3/06/2024,330000,Integral Technology Solutions Pty Ltd,"Spring Hill, Qld",No,No,,,,,,,,,390197,,,,,,
,Griffith University,"170 Kessels Road, Nathan Qld 4111",Consultancy Services,3/06/2024,297000,Integral Technology Solutions Pty Ltd,"Spring Hill, Qld",No,No,,,,,,,,,390198,,,,,,
,Griffith University,"170 Kessels Road, Nathan Qld 4111",Software Support Maintenance,3/06/2024,40607,INTUIT TECHNOLOGIES PTY LTD,"Battery Point, Tas",No,No,,,,,,,,,390208,,,,,,
,Griffith University,"170 Kessels Road, Nathan Qld 4111",Furniture,3/06/2024,13441,MADJI PTY LTD,"Toowong, Qld",No,No,,,,,,,,,390188,,,,,,
,Griffith University,"170 Kessels Road, Nathan Qld 4111",Subscription/Licence Fees Software,3/06/2024,223787,Salesforce,"Sydney, Nsw",No,No,,,,,,,,,390207,,,,,,
,Griffith University,"170 Kessels Road, Nathan Qld 4111",Building Construction & Maintenance,3/06/2024,25237,Securcom Pty Ltd,"Brendale, Qld",No,No,,,,,,,,,390183,,,,,,
,Griffith University,"170 Kessels Road, Nathan Qld 4111",Audio Visual Equipment,3/06/2024,10558,Videopro Pty Ltd,"Eagle Farm, Qld",No,No,,,,,,,,,390187,,,,,,
,Griffith University,"170 Kessels Road, Nathan Qld 4111",Building Construction & Maintenance,3/06/2024,62667,Wilson Architects,"Spring Hill, Qld",No,No,,,,,,,,,390193,,,,,,
,Griffith University,"170 Kessels Road, Nathan Qld 4111",Equipment Maintenance,4/06/2024,17349,ABS Facade (QLD) Pty Ltd,"Burleigh Heads, Qld",No,No,,,,,,,,,390232,,,,,,
,Griffith University,"170 Kessels Road, Nathan Qld 4111",Marketing Fees,4/06/2024,10000,Brisbane Digital Co,"Albany Creek, Qld",No,No,,,,,,,,,390245,,,,,,
,Griffith University,"170 Kessels Road, Nathan Qld 4111",Scientific Equipment,4/06/2024,16198,CJC Labs Ltd,Uk,No,No,,,,,,,,,390233,,,,,,
,Griffith University,"170 Kessels Road, Nathan Qld 4111",Consultancy Services,4/06/2024,24489,Enghouse Australia Pty Ltd,"Melbourne, Vic",No,No,,,,,,,,,390210,,,,,,
,Griffith University,"170 Kessels Road, Nathan Qld 4111",Scientific Equipment,4/06/2024,14850,Eppendorf South Pacific Pty Ltd,"North Ryde, Nsw",No,No,,,,,,,,,390213,,,,,,
,Griffith University,"170 Kessels Road, Nathan Qld 4111",Commission Payment,4/06/2024,41993,Link International Student Service,"Brisbane, Qld",No,No,,,,,,,,,2076956,,,,,,
,Griffith University,"170 Kessels Road, Nathan Qld 4111",Laboratory Consumables,4/06/2024,14348,Paragon Care Group Australia Pty Ltd,"Clayton, Vic",No,No,,,,,,,,,390214,,,,,,
,Griffith University,"170 Kessels Road, Nathan Qld 4111",Equipment Purchase,4/06/2024,18310,Programmed Electrical Technologies Ltd,"Newstead, Qld",No,No,,,,,,,,,390238,,,,,,
,Griffith University,"170 Kessels Road, Nathan Qld 4111",Marketing Fees,4/06/2024,17356,Richmond Signs & Designs,"Southport, Qld",No,No,,,,,,,,,2076229,,,,,,
,Griffith University,"170 Kessels Road, Nathan Qld 4111",Consultancy Services,4/06/2024,22000,Sekuro Operations Pty Ltd,"Sydney, Nsw",No,No,,,,,,,,,390244,,,,,,
,Griffith University,"170 Kessels Road, Nathan Qld 4111",Subscription/Licence Fees Software,4/06/2024,13182,Technic Pty Ltd,"Hobart, Tas",No,No,,,,,,,,,390236,,,,,,
,Griffith University,"170 Kessels Road, Nathan Qld 4111",Building Construction & Maintenance,5/06/2024,226151,Arcadia Landscape Architecture (Qld) Pty,"Brisbane City, Qld",No,No,,,,,,,,,390302,,,,,,
,Griffith University,"170 Kessels Road, Nathan Qld 4111",Subscription/Licence Fees Software,5/06/2024,11000,ESRI Australia,"Brisbane, Qld",No,No,,,,,,,,,390304,,,,,,
,Griffith University,"170 Kessels Road, Nathan Qld 4111",Scientific Equipment,5/06/2024,391600,EVIDENT AUSTRALIA PTY LTD,"Macquarie Park, Nsw",No,No,,,,,,,,,390264,,,,,,
,Griffith University,"170 Kessels Road, Nathan Qld 4111",Scientific Equipment,5/06/2024,12007,Hiller & Associates,"Maroochydore, Qld",No,No,,,,,,,,,390301,,,,,,
,Griffith University,"170 Kessels Road, Nathan Qld 4111",Building Construction & Maintenance,5/06/2024,16170,Rowles Time Management,"West End, Qld",No,No,,,,,,,,,390300,,,,,,
,Griffith University,"170 Kessels Road, Nathan Qld 4111",Subscription/Licence Fees Software,5/06/2024,196220,Salesforce,"Sydney, Nsw",No,No,,,,,,,,,390305,,,,,,
,Griffith University,"170 Kessels Road, Nathan Qld 4111",Subscription/Licence Fees Software,5/06/2024,18806,Your WiFi Shop,"Bilinga, Qld",No,No,,,,,,,,,390303,,,,,,
,Griffith University,"170 Kessels Road, Nathan Qld 4111",Building Construction & Maintenance,6/06/2024,22961,A1 Building & Property Solutions Pty Ltd,"The Gap, Qld",No,No,,,,,,,,,390310,,,,,,
,Griffith University,"170 Kessels Road, Nathan Qld 4111",Health & Safety Expenses,6/06/2024,18158,Aegis Safety Pty Ltd,"Geebung, Qld",No,No,,,,,,,,,390343,,,,,,
,Griffith University,"170 Kessels Road, Nathan Qld 4111",Health & Safety Expenses,6/06/2024,15898,Aegis Safety Pty Ltd,"Geebung, Qld",No,No,,,,,,,,,390344,,,,,,
,Griffith University,"170 Kessels Road, Nathan Qld 4111",Building Construction & Maintenance,6/06/2024,27500,Aus Building-Performance Pty Ltd,"Manly, Qld",No,No,,,,,,,,,390349,,,,,,
,Griffith University,"170 Kessels Road, Nathan Qld 4111",Software Support Maintenance,6/06/2024,32764,Greenhills Media Pty Ltd,"Briar Hill, Vic",No,No,,,,,,,,,390317,,,,,,
,Griffith University,"170 Kessels Road, Nathan Qld 4111",Consultancy Services,6/06/2024,61545,Impaktr Academy Pty Ltd,"Banya, Qld",No,No,,,,,,,,,390309,,,,,,
,Griffith University,"170 Kessels Road, Nathan Qld 4111",Consultancy Services,6/06/2024,10000,Rebecca Earhart,Canada,No,No,,,,,,,,,390321,,,,,,
,Griffith University,"170 Kessels Road, Nathan Qld 4111",Building Construction & Maintenance,6/06/2024,714428,RYAN WILKS PTY. LTD.,"Murarrie, Qld",No,No,Selective,,,,,,,,390352,,,,,,
,Griffith University,"170 Kessels Road, Nathan Qld 4111",Consultancy Services,6/06/2024,11220,The Trustee for Northey Family Trust,"Coorparoo, Qld",No,No,,,,,,,,,390322,,,,,,
,Griffith University,"170 Kessels Road, Nathan Qld 4111",Equipment Maintenance,6/06/2024,13200,Trisley's Hydraulic Services (Qld) Pty L,"Hemmant, Qld",No,No,,,,,,,,,390353,,,,,,
,Griffith University,"170 Kessels Road, Nathan Qld 4111",Building Construction & Maintenance,7/06/2024,53902,A1 Building & Property Solutions Pty Ltd,"The Gap, Qld",No,No,,,,,,,,,390355,,,,,,
,Griffith University,"170 Kessels Road, Nathan Qld 4111",Building Construction & Maintenance,7/06/2024,12513,A1 Building & Property Solutions Pty Ltd,"The Gap, Qld",No,No,,,,,,,,,390367,,,,,,
,Griffith University,"170 Kessels Road, Nathan Qld 4111",Subscription/Licence Fees Software,7/06/2024,23544,Experian Australia t/a QAS Pty Ltd,"Melbourne, Vic",No,No,,,,,,,,,390368,,,,,,
,Griffith University,"170 Kessels Road, Nathan Qld 4111",Building Construction & Maintenance,7/06/2024,275000,PHILIP CHUN ACCESSIBILITY PTY LTD,"Sydney, Nsw",No,No,,,,,,,,,390364,,,,,,
,Griffith University,"170 Kessels Road, Nathan Qld 4111",Subscription/Licence Fees Software,7/06/2024,31003,University of Bern,Switzerland,No,No,,,,,,,,,390374,,,,,,
,Griffith University,"170 Kessels Road, Nathan Qld 4111",Chemical/Biological Products,10/06/2024,15873,DKSH Australia Pty Ltd,"Braeside, Vic",No,No,,,,,,,,,390429,,,,,,
,Griffith University,"170 Kessels Road, Nathan Qld 4111",Subscription/Licence Fees Software,11/06/2024,29164,"Asana, Inc.",Usa,No,No,,,,,,,,,390450,,C00730,,,,
,Griffith University,"170 Kessels Road, Nathan Qld 4111",Marketing Fees,11/06/2024,11672,Association Of Certified Anti-Money Laun,"Sydney, Nsw",No,No,,,,,,,,,2075459,,,,,,
,Griffith University,"170 Kessels Road, Nathan Qld 4111",Equipment Maintenance,11/06/2024,13678,Beckman Coulter Australia P/L,"Lane Cove, Nsw",No,No,,,,,,,,,390479,,,,,,
,Griffith University,"170 Kessels Road, Nathan Qld 4111",Consultancy Services,11/06/2024,14308,Chulalongkorn University,China,No,No,,,,,,,,,2074918,,,,,,
,Griffith University,"170 Kessels Road, Nathan Qld 4111",Travel Expenses,11/06/2024,35527,Corporate Prepaid Cards Pty Ltd,"Balmain, Nsw",No,No,,,,,,,,,2074564,,,,,,
,Griffith University,"170 Kessels Road, Nathan Qld 4111",Building Construction & Maintenance,11/06/2024,53071,CRISP POWER & CONTROL PTY LTD,"Archerfield, Qld",No,No,,,,,,,,,390485,,,,,,
,Griffith University,"170 Kessels Road, Nathan Qld 4111",Building Construction & Maintenance,11/06/2024,13970,E.D.C. SYSTEMS PTY LTD,"Cannon Hill, Qld",No,No,,,,,,,,,390473,,,,,,
,Griffith University,"170 Kessels Road, Nathan Qld 4111",Consultancy Services,11/06/2024,41965,Gundjeihmi Aboriginal Corporation,"Jabiru, Nt",No,No,,,,,,,,,2077632 2077633,,,,,,
,Griffith University,"170 Kessels Road, Nathan Qld 4111",Marketing Fees,11/06/2024,25355,Idp Education Pty Ltd,"Melbourne, Vic",No,No,,,,,,,,,2077587,,,,,,
,Griffith University,"170 Kessels Road, Nathan Qld 4111",Building Construction & Maintenance,11/06/2024,11935,LUCID CONSULTING ENGINEERS (QLD) PTY LTD,"Brisbane City, Qld",No,No,,,,,,,,,390484,,,,,,
,Griffith University,"170 Kessels Road, Nathan Qld 4111",Building Construction & Maintenance,11/06/2024,30470,NUTBROOK ENGINEERING GROUP PTY LIMITED,"Sydney, Nsw",No,No,,,,,,,,,390487,,,,,,
,Griffith University,"170 Kessels Road, Nathan Qld 4111",Scientific Equipment,11/06/2024,17872,"Optotherm, Inc",Usa,No,No,,,,,,,,,390440,,,,,,
,Griffith University,"170 Kessels Road, Nathan Qld 4111",Pathology Expenditure,11/06/2024,11017,Sullivan Nicolaides & Partners,"Indooroopilly, Qld",No,No,,,,,,,,,2074462,,,,,,
,Griffith University,"170 Kessels Road, Nathan Qld 4111",Computer Equipment,11/06/2024,14984,The School Locker,"Eight Mile Plains, Qld",No,No,,,,,,,,,390463,,,,,,
,Griffith University,"170 Kessels Road, Nathan Qld 4111",Building Construction & Maintenance,12/06/2024,11616,A1 Building & Property Solutions Pty Ltd,"The Gap, Qld",No,No,,,,,,,,,390512,,,,,,
,Griffith University,"170 Kessels Road, Nathan Qld 4111",Subscription/Licence Fees Software,12/06/2024,10417,A2K Technologies Pty Ltd,"Eight Mile Plains, Qld",No,No,,,,,,,,,390530,,,,,,
,Griffith University,"170 Kessels Road, Nathan Qld 4111",Insurance,12/06/2024,5400400,Arthur J. Gallagher & Co (Aus) Limited,"Sydney, Nsw",No,No,Limited,,,,,,,,390510,,,,,,
,Griffith University,"170 Kessels Road, Nathan Qld 4111",Equipment Purchase,12/06/2024,14816,BDC Services,"Artarmon, Nsw",No,No,,,,,,,,,390508,,,,,,
,Griffith University,"170 Kessels Road, Nathan Qld 4111",Inventory Expenses,12/06/2024,10450,G & K COYLE PTY LTD,"Molendinar, Qld",No,No,,,,,,,,,390528,,,,,,
,Griffith University,"170 Kessels Road, Nathan Qld 4111",Building Construction & Maintenance,12/06/2024,71500,LAB ARCHITECTS PTY LTD,"Chapel Hill, Qld",No,No,,,,,,,,,390507,,,,,,
,Griffith University,"170 Kessels Road, Nathan Qld 4111",Building Construction & Maintenance,12/06/2024,520463,Martin Meredith Construction Pty Ltd,Qld,No,No,Selective,,,,,,,,390499,,,,,,
,Griffith University,"170 Kessels Road, Nathan Qld 4111",Scientific Equipment,12/06/2024,373140,Shimadzu Scientific Inst. (Oceania)P/L,"Rydalmere, Nsw",No,No,,,,,,,,,390515,,,,,,
,Griffith University,"170 Kessels Road, Nathan Qld 4111",Building Construction & Maintenance,12/06/2024,269691,STEADFAST PROJECTS PTY LTD,"Upper Kedron, Qld",Yes,No,,,,,,,,,390524,,,,,,
,Griffith University,"170 Kessels Road, Nathan Qld 4111",Consultancy Services,13/06/2024,17325,Sekuro Operations Pty Ltd,"Sydney, Nsw",No,No,,,,,,,,,390536,,,,,,
,Griffith University,"170 Kessels Road, Nathan Qld 4111",Building Construction & Maintenance,14/06/2024,11616,ARNOLD ELECTRICAL & DATA INSTALLATIONS P,"Salisbury, Qld",No,No,,,,,,,,,390573,,,,,,
,Griffith University,"170 Kessels Road, Nathan Qld 4111",Scientific Equipment,14/06/2024,22113,COATING SUPPLIES AUSTRALASIA PTY LTD,"Belrose, Nsw",No,No,,,,,,,,,390568,,,,,,
,Griffith University,"170 Kessels Road, Nathan Qld 4111",Laboratory Consumables,14/06/2024,27500,Getinge Australia Pty Ltd,"Chatswood, Nsw",No,No,,,,,,,,,390569,,,,,,
,Griffith University,"170 Kessels Road, Nathan Qld 4111",Consultancy Services,14/06/2024,25219,Jennifer Carpenter,Uk,No,No,,,,,,,,,390563,,,,,,
,Griffith University,"170 Kessels Road, Nathan Qld 4111",Building Construction & Maintenance,15/06/2024,71555,SCHNEIDER ELECTRIC (AUSTRALIA) PTY LIMIT,"Macquarie Park, Nsw",No,No,,,,,,,,,390601,,,,,,
,Griffith University,"170 Kessels Road, Nathan Qld 4111",Consultancy Services,16/06/2024,21450,Dimity Adams Psychology Pty Ltd,"Moggill, Qld",No,No,,,,,,,,,390604,,,,,,
,Griffith University,"170 Kessels Road, Nathan Qld 4111",Audit Fees,17/06/2024,59400,BDO SERVICES PTY LTD,"Brisbane, Qld",No,No,,,,,,,,,390632,,,,,,
,Griffith University,"170 Kessels Road, Nathan Qld 4111",Memberships/Subscriptions,17/06/2024,37649,EX LIBRIS (AUSTRALIA) PTY LTD,"Dulwich, Sa",No,No,,,,,,,,,390609,,,,,,
,Griffith University,"170 Kessels Road, Nathan Qld 4111",Legal Fees,17/06/2024,16500,McCullough Robertson Lawyers,"Brisbane, Qld",No,No,,,,,,,,,390627,,,,,,
,Griffith University,"170 Kessels Road, Nathan Qld 4111",Laboratory Consumables,17/06/2024,13057,Multigate Medical Products Pty Ltd,"Wetherill Park, Nsw",No,No,,,,,,,,,390605,,,,,,
,Griffith University,"170 Kessels Road, Nathan Qld 4111",Subscription/Licence Fees Software,17/06/2024,35018,Solv Solutions Pty Ltd,"Applecross, Wa",No,No,,,,,,,,,390624,,,,,,
,Griffith University,"170 Kessels Road, Nathan Qld 4111",Telecommunications Expenditure,18/06/2024,13200,Aarnet,"Canberra, Act",No,No,,,,,,,,,2077851,,,,,,
,Griffith University,"170 Kessels Road, Nathan Qld 4111",External Course delivery,18/06/2024,94952,Alluvium International Pty Ltd,"O'Connor, Act",No,No,,,,,,,,,2074931,,,,,,
,Griffith University,"170 Kessels Road, Nathan Qld 4111",Building Construction & Maintenance,18/06/2024,31628,E.D.C. SYSTEMS PTY LTD,"Cannon Hill, Qld",Yes,No,,,,,,,,,390672,,,,,,
,Griffith University,"170 Kessels Road, Nathan Qld 4111",Consultancy Services,18/06/2024,26538,ENDPOINT IQ,"Toowong, Qld",No,No,,,,,,,,,390674,,,,,,
,Griffith University,"170 Kessels Road, Nathan Qld 4111",Subscription/Licence Fees Software,18/06/2024,14005,"Footage Firm, Inc",Usa,No,No,,,,,,,,,390642,,,,,,
,Griffith University,"170 Kessels Road, Nathan Qld 4111",Security Services,18/06/2024,14254,Securcom Pty Ltd,"Brendale, Qld",No,No,,,,,,,,,390675,,,,,,
,Griffith University,"170 Kessels Road, Nathan Qld 4111",Event Expenditure,18/06/2024,11934,The University of Newcastle,"Callaghan, Nsw",No,No,,,,,,,,,390649,,,,,,
,Griffith University,"170 Kessels Road, Nathan Qld 4111",Subscription/Licence Fees Software,19/06/2024,64130,"Litmus Software, Inc.",Usa,No,No,,,,,,,,,390680,,,,,,
,Griffith University,"170 Kessels Road, Nathan Qld 4111",Building Construction & Maintenance,19/06/2024,23786,Specfurn Commercial Furniture Pty Ltd,"Geebung, Qld",No,No,,,,,,,,,390696,,,,,,
,Griffith University,"170 Kessels Road, Nathan Qld 4111",Chemical/Biological Products,19/06/2024,10240,Thermo Fisher Scientific Australia,"Scoresby, Vic",No,No,,,,,,,,,390678,,,,,,
,Griffith University,"170 Kessels Road, Nathan Qld 4111",Consultancy Services,20/06/2024,21021,O'Connor Marsden & Associates,"Sydney, Nsw",No,No,,,,,,,,,390725,,,,,,
,Griffith University,"170 Kessels Road, Nathan Qld 4111",Subscription/Licence Fees Software,21/06/2024,450007,A M C O S,"Strawberry Hills, Nsw",No,No,,,,,,,,,390780,,,,,,
,Griffith University,"170 Kessels Road, Nathan Qld 4111",Building Construction & Maintenance,21/06/2024,470580,ADP CONSULTING PTY LTD,"Brisbane City, Qld",No,No,,,,,,,,,390748,,,,,,
,Griffith University,"170 Kessels Road, Nathan Qld 4111",Building Construction & Maintenance,21/06/2024,120965,AIRMASTER CORPORATION PTY LTD,"Mansfield, Qld",No,No,,,,,,,,,390771,,,,,,
,Griffith University,"170 Kessels Road, Nathan Qld 4111",Subscription/Licence Fees Software,21/06/2024,382755,Australian Record Industry Assoc. Ltd,"Sydney, Nsw",No,No,,,,,,,,,390779,,,,,,
,Griffith University,"170 Kessels Road, Nathan Qld 4111",Equipment Purchase,21/06/2024,23207,Data #3 Limited,"Indooroopilly, Qld",No,No,,,,,,,,,390764,,,,,,
,Griffith University,"170 Kessels Road, Nathan Qld 4111",Reference Materials,21/06/2024,526720,EBSCO International Inc,"North Sydney, Nsw",No,No,,,,,,,,,390781,,,,,,
,Griffith University,"170 Kessels Road, Nathan Qld 4111",Event Expenditure,21/06/2024,90936,Gold Coast Convention & Exhibition Centr,"Broadbeach, Qld",No,No,,,,,,,,,390794,,,,,,
,Griffith University,"170 Kessels Road, Nathan Qld 4111",Building Construction & Maintenance,21/06/2024,26697,New Life Restorations Australia,"Murarrie, Qld",No,No,,,,,,,,,390745,,,,,,
,Griffith University,"170 Kessels Road, Nathan Qld 4111",Security Services,21/06/2024,24024,Securcom Pty Ltd,"Brendale, Qld",No,No,,,,,,,,,390782,,,,,,
,Griffith University,"170 Kessels Road, Nathan Qld 4111",Building Construction & Maintenance,21/06/2024,61545,SIMONS BOILERS CO,"Alexandria, Nsw",No,No,,,,,,,,,390757,,,,,,
,Griffith University,"170 Kessels Road, Nathan Qld 4111",Scientific Equipment,21/06/2024,461923,Thermo Fisher Scientific Australia,"Scoresby, Vic",No,No,,,,,,,,,390791,,,,,,
,Griffith University,"170 Kessels Road, Nathan Qld 4111",Building Construction & Maintenance,21/06/2024,11704,TW DENMAN PTY LTD,"Ashmore, Qld",No,No,,,,,,,,,390760,,,,,,
,Griffith University,"170 Kessels Road, Nathan Qld 4111",Equipment Maintenance,24/06/2024,152790,A1 Building & Property Solutions Pty Ltd,"The Gap, Qld",No,No,,,,,,,,,390835,,,,,,
,Griffith University,"170 Kessels Road, Nathan Qld 4111",Security Services,24/06/2024,49500,CONVERGINT AUSTRALIA PTY LTD,"Melbourne, Vic",No,No,,,,,,,,,390820,,,,,,
,Griffith University,"170 Kessels Road, Nathan Qld 4111",Building Construction & Maintenance,24/06/2024,20207,Graphic Concepts ta Signs Etc,"Beenleigh, Qld",No,No,,,,,,,,,390826,,,,,,
,Griffith University,"170 Kessels Road, Nathan Qld 4111",Consultancy Services,24/06/2024,55000,Integral Technology Solutions Pty Ltd,"Spring Hill, Qld",No,No,,,,,,,,,390849,,,,,,
,Griffith University,"170 Kessels Road, Nathan Qld 4111",Legal Fees,24/06/2024,126174,Lawyers On Demand Australia Pty Ltd,"Sydney, Nsw",Yes,No,,,,,,,,,390840 2119897,,,,,,
,Griffith University,"170 Kessels Road, Nathan Qld 4111",Building Construction & Maintenance,24/06/2024,38370,Programmed Electrical Technologies Ltd,"Newstead, Qld",No,No,,,,,,,,,390848,,,,,,
,Griffith University,"170 Kessels Road, Nathan Qld 4111",Consultancy Services,24/06/2024,47341,Squiz Australia Pty Ltd,"Sydney, Nsw",No,No,,,,,,,,,390851,,,,,,
,Griffith University,"170 Kessels Road, Nathan Qld 4111",Equipment Maintenance,24/06/2024,16215,Waters Australia Pty Limited,"Dundas, nsw",No,No,,,,,,,,,390825,,,,,,
,Griffith University,"170 Kessels Road, Nathan Qld 4111",Pathology Expenditure,24/06/2024,11998,Wilderlab NZ Limited,New Zealand,No,No,,,,,,,,,390833,,,,,,
,Griffith University,"170 Kessels Road, Nathan Qld 4111",Building Construction & Maintenance,25/06/2024,37400,ADP CONSULTING PTY LTD,"Brisbane City, Qld",No,No,,,,,,,,,390892,,,,,,
,Griffith University,"170 Kessels Road, Nathan Qld 4111",Building Construction & Maintenance,25/06/2024,26411,Amalgamated Property Maint. Brisbane P/L,"Rochedale South, Qld",No,No,,,,,,,,,390901,,,,,,
,Griffith University,"170 Kessels Road, Nathan Qld 4111",Audit Fees,25/06/2024,23100,Bdo Services Pty Ltd,"Brisbane, Qld",No,No,,,,,,,,,2079838,,,,,,
,Griffith University,"170 Kessels Road, Nathan Qld 4111",Chemical/Biological Products,25/06/2024,83204,Bio-Strategy Pty Limited,"Campbellfield, Vic",No,No,,,,,,,,,390866,,,,,,
,Griffith University,"170 Kessels Road, Nathan Qld 4111",Chemical/Biological Products,25/06/2024,61397,Bio-Strategy Pty Limited,"Campbellfield, Vic",No,No,,,,,,,,,390867,,,,,,
,Griffith University,"170 Kessels Road, Nathan Qld 4111",Memberships/Subscriptions,25/06/2024,13000,Cooperative Research Centres Association,"Barton, Act",No,No,,,,,,,,,2077569,,,,,,
,Griffith University,"170 Kessels Road, Nathan Qld 4111",Audit Fees,25/06/2024,39778,Deloitte Risk Advisory Pty Limited,"Brisbane, Qld",No,No,,,,,,,,,2076808,,,,,,
,Griffith University,"170 Kessels Road, Nathan Qld 4111",Consultancy Services,25/06/2024,11616,Globalise Consulting,"Williamstown, Vic",No,No,,,,,,,,,390890,,,,,,
,Griffith University,"170 Kessels Road, Nathan Qld 4111",Consultancy Services,25/06/2024,28000,Helen Johnson,Qld,No,No,,,,,,,,,390891,,,,,,
,Griffith University,"170 Kessels Road, Nathan Qld 4111",Building Construction & Maintenance,25/06/2024,17547,Ian Read Constructions,Mermaid Beach Qld,No,No,,,,,,,,,2079824,,,,,,
,Griffith University,"170 Kessels Road, Nathan Qld 4111",Consultancy Services,25/06/2024,15125,MARK GERARD BOATH,Qld,No,No,,,,,,,,,390889,,,,,,
,Griffith University,"170 Kessels Road, Nathan Qld 4111",Consultancy Services,25/06/2024,17199,Monash University,"Melbourne, Vic",No,No,,,,,,,,,390883,,,,,,
,Griffith University,"170 Kessels Road, Nathan Qld 4111",Consultancy Services,25/06/2024,17199,Monash University,"Melbourne, Vic",No,No,,,,,,,,,390884,,,,,,
,Griffith University,"170 Kessels Road, Nathan Qld 4111",Equipment Maintenance,26/06/2024,89657,Becton Dickinson Pty Ltd,"Eight Mile Plains, Qld",No,No,,,,,,,,,390945,,,,,,
,Griffith University,"170 Kessels Road, Nathan Qld 4111",Scientific Equipment,26/06/2024,194247,Bruker Pty Ltd,"Alexandria, Nsw",No,No,,,,,,,,,390943,,,,,,
,Griffith University,"170 Kessels Road, Nathan Qld 4111",Software Support Maintenance,26/06/2024,28661,DATACOM SYSTEMS (AU) PTY LTD,"North Ryde, Nsw",No,No,,,,,,,,,390934,,,,,,
,Griffith University,"170 Kessels Road, Nathan Qld 4111",Scientific Equipment,26/06/2024,11622,Mettler Toledo Limited,"Port Melbourne, Vic",No,No,,,,,,,,,390950,,,,,,
,Griffith University,"170 Kessels Road, Nathan Qld 4111",Consultancy Services,26/06/2024,48650,Modo Labs Inc,Usa,No,No,,,,,,,,,390909,,,,,,
,Griffith University,"170 Kessels Road, Nathan Qld 4111",Scientific Equipment,26/06/2024,56951,Peak Scientific Instruments,"Melbourne, Vic",No,No,,,,,,,,,390917,,,,,,
,Griffith University,"170 Kessels Road, Nathan Qld 4111",Consultancy Services,26/06/2024,112140,Procurement Co Pty Ltd,"Brisbane City, Qld",No,No,,,,,,,,,390927,,,,,,
,Griffith University,"170 Kessels Road, Nathan Qld 4111",Audio Visual Equipment,26/06/2024,162648,Programmed Electrical Technologies Ltd,"Newstead, Qld",No,No,,,,,,,,,390947,,,,,,
,Griffith University,"170 Kessels Road, Nathan Qld 4111",Building Construction & Maintenance,26/06/2024,55957,Science 2 Medical Pty Ltd,"Northgate, Qld",No,No,,,,,,,,,390924,,,,,,
,Griffith University,"170 Kessels Road, Nathan Qld 4111",Scientific Equipment,26/06/2024,16946,Scitek Australia Pty Ltd,"Milsons Point, Nsw",No,No,,,,,,,,,390932,,,,,,
,Griffith University,"170 Kessels Road, Nathan Qld 4111",Consultancy Services,26/06/2024,158389,SIX DEGREES EXECUTIVE (QLD) PTY LTD,"Fortitude Valley, Qld",No,No,,,,,,,,,390951,,,,,,
,Griffith University,"170 Kessels Road, Nathan Qld 4111",Scientific Equipment,26/06/2024,34835,Thermo Fisher Scientific Australia,"Scoresby, Vic",No,No,,,,,,,,,390949,,,,,,
,Griffith University,"170 Kessels Road, Nathan Qld 4111",Subscription/Licence Fees Software,27/06/2024,10797,Insight Enterprises Australia Pty Ltd,"Brookevale, Nsw",No,No,,,,,,,,,390972,,,,,,
,Griffith University,"170 Kessels Road, Nathan Qld 4111",Marketing Fees,27/06/2024,18172,Kukri Australia Pty Ltd,"Windsor, Vic",No,No,,,,,,,,,390970,,,,,,
,Griffith University,"170 Kessels Road, Nathan Qld 4111",Building Construction & Maintenance,27/06/2024,197967,PDT ARCHITECTS,"Brisbane, Qld",No,No,,,,,,,,,390977,,,,,,
,Griffith University,"170 Kessels Road, Nathan Qld 4111",Software Support Maintenance,27/06/2024,218614,RIoT Solutions Pty Ltd,"Brisbane, Qld",No,No,,,,,,,,,390971,,,,,,
,Griffith University,"170 Kessels Road, Nathan Qld 4111",Scientific Equipment,28/06/2024,42733,Merck Life Science Pty Ltd,"Castle Hill, Nsw",No,No,,,,,,,,,391002,,,,,,
,Griffith University,"170 Kessels Road, Nathan Qld 4111",Memberships/Subscriptions,28/06/2024,44010,QUDIT,"St Lucia, Qld",No,No,,,,,,,,,391006,,,,,,
,Griffith University,"170 Kessels Road, Nathan Qld 4111",Software Support Maintenance,24/09/2024,21877,Higher Ed Services Pty Ltd,"Sydney, Nsw",No,No,,,,,,,,,393364,,,,,,
,Griffith University,"170 Kessels Road, Nathan Qld 4111",Consultancy Services,28/09/2024,131236,Brac James P Grant School of Public Health,Bangladesh,No,No,,,,,,,,,391917,,,,,,
