date,date_key,created_date_key,activity_date_key,opportunity_id,account_key,sales_rep_key,product_key,stage_key,deal_stage,revenue,predicted_win_probability,days_to_close,opportunity_age_days,year_month,year,month
2017-03-01,20170301,20161020,20170301,1C1I7A6R,9.0,5,6,4,Won,1054.0,0.9978784518343653,132.0,132.0,2017-03,2017,3
2017-03-11,20170311,20161025,20170311,Z063OYW0,39.0,10,2,4,Won,4514.0,0.9999999999999998,137.0,137.0,2017-03,2017,3
2017-03-07,20170307,20161025,20170307,EC4QE1BX,9.0,10,3,4,Won,50.0,0.8646315198346902,133.0,133.0,2017-03,2017,3
2017-03-09,20170309,20161025,20170309,MV1LWRNH,11.0,5,1,4,Won,588.0,0.9763559947227899,135.0,135.0,2017-03,2017,3
2017-03-02,20170302,20161025,20170302,PE84CX4O,35.0,33,1,4,Won,517.0,0.9534917674711986,128.0,128.0,2017-03,2017,3
2017-03-01,20170301,20161029,20170301,ZNBS69V1,59.0,1,3,4,Won,49.0,0.8931373275478722,123.0,123.0,2017-03,2017,3
2017-03-02,20170302,20161030,20170302,9ME3374G,41.0,24,3,4,Won,57.0,0.8191616533123421,123.0,123.0,2017-03,2017,3
2017-03-07,20170307,20161101,20170307,7GN8Q4LL,10.0,27,1,4,Won,601.0,0.9825879006204659,126.0,126.0,2017-03,2017,3
2017-03-03,20170303,20161101,20170303,OLK9LKZB,85.0,9,6,4,Won,1026.0,0.9915384127399082,122.0,122.0,2017-03,2017,3
2017-03-10,20170310,20161104,20170310,NL3JZH1Z,4.0,1,3,4,Won,53.0,0.8751947049356589,126.0,126.0,2017-03,2017,3
2017-03-18,20170318,20161104,20170318,KWVA7VR1,28.0,8,2,2,Lost,0.0,0.006943430094343691,134.0,134.0,2017-03,2017,3
2017-03-10,20170310,20161104,20170310,S8DX3XOU,70.0,30,5,4,Won,5169.0,1.0,126.0,126.0,2017-03,2017,3
2017-03-06,20170306,20161104,20170306,ENB2XD8G,65.0,34,5,4,Won,4631.0,1.0,122.0,122.0,2017-03,2017,3
2017-03-11,20170311,20161105,20170311,09YE9QOV,24.0,26,4,4,Won,3393.0,0.9999999999973237,126.0,126.0,2017-03,2017,3
2017-03-03,20170303,20161105,20170303,3F5MZNEH,65.0,25,3,2,Lost,0.0,0.7344170234083847,118.0,118.0,2017-03,2017,3
2017-03-06,20170306,20161105,20170306,M6WEJXC0,61.0,25,4,4,Won,3284.0,0.999999999988747,121.0,121.0,2017-03,2017,3
2017-03-05,20170305,20161106,20170305,6PTR7VBR,73.0,3,3,4,Won,61.0,0.88521427271261,119.0,119.0,2017-03,2017,3
2017-03-09,20170309,20161107,20170309,902REDPA,78.0,18,2,2,Lost,0.0,0.007668081602456879,122.0,122.0,2017-03,2017,3
2017-03-08,20170308,20161107,20170308,5J9CMGDV,58.0,28,3,4,Won,46.0,0.8777252854153517,121.0,121.0,2017-03,2017,3
2017-03-17,20170317,20161107,20170317,JJXRR8R6,21.0,30,5,2,Lost,0.0,0.011907552830765585,130.0,130.0,2017-03,2017,3
2017-03-18,20170318,20161107,20170318,WF4HA5NW,59.0,5,3,4,Won,50.0,0.8750021867721143,131.0,131.0,2017-03,2017,3
2017-03-11,20170311,20161107,20170311,C5K2JP1H,75.0,12,6,4,Won,1014.0,0.9970718515487742,124.0,124.0,2017-03,2017,3
2017-03-26,20170326,20161108,20170326,ADRB8OMB,76.0,10,1,4,Won,561.0,0.9847860198403212,138.0,138.0,2017-03,2017,3
2017-03-23,20170323,20161110,20170323,SBCR987L,83.0,32,1,4,Won,590.0,0.9898444906800266,133.0,133.0,2017-03,2017,3
2017-03-12,20170312,20161110,20170312,JSD4APT2,4.0,3,3,4,Won,61.0,0.8798776219604633,122.0,122.0,2017-03,2017,3
2017-03-11,20170311,20161110,20170311,AO9Z2D17,78.0,12,5,2,Lost,0.0,0.011694216158919163,121.0,121.0,2017-03,2017,3
2017-03-05,20170305,20161111,20170305,5M58DTJK,10.0,28,3,4,Won,58.0,0.858637970234222,114.0,114.0,2017-03,2017,3
2017-03-14,20170314,20161111,20170314,KNY1OSAB,46.0,34,2,4,Won,4899.0,1.0,123.0,123.0,2017-03,2017,3
2017-03-01,20170301,20161111,20170301,EAZDUUM9,84.0,14,4,2,Lost,0.0,0.011613755919376752,110.0,110.0,2017-03,2017,3
2017-03-03,20170303,20161111,20170303,2STUSOFE,15.0,3,3,4,Won,67.0,0.8570374499941591,112.0,112.0,2017-03,2017,3
2017-03-06,20170306,20161112,20170306,JYKM0B00,77.0,30,2,4,Won,4338.0,0.9999999999999982,114.0,114.0,2017-03,2017,3
2017-03-19,20170319,20161112,20170319,KU28360J,21.0,31,1,4,Won,578.0,0.9765456216260295,127.0,127.0,2017-03,2017,3
2017-03-01,20170301,20161112,20170301,N4SD17JR,1.0,21,1,4,Won,556.0,0.9706133479624965,109.0,109.0,2017-03,2017,3
2017-03-03,20170303,20161112,20170303,E67P9Y3Q,33.0,25,1,4,Won,635.0,0.9853291473279705,111.0,111.0,2017-03,2017,3
2017-03-07,20170307,20161112,20170307,AT3MMVIS,71.0,16,4,4,Won,3045.0,0.9999999998640916,115.0,115.0,2017-03,2017,3
2017-03-14,20170314,20161113,20170314,REJ11LRY,49.0,15,6,4,Won,1233.0,0.9995469338633803,121.0,121.0,2017-03,2017,3
2017-03-09,20170309,20161113,20170309,ERV0CAZ7,85.0,3,3,4,Won,60.0,0.7634662724785801,116.0,116.0,2017-03,2017,3
2017-03-30,20170330,20161114,20170330,8SOQADK7,30.0,1,3,2,Lost,0.0,0.8708277172607698,136.0,136.0,2017-03,2017,3
2017-03-08,20170308,20161114,20170308,TCHFT25B,66.0,10,1,2,Lost,0.0,0.4073231281925336,114.0,114.0,2017-03,2017,3
2017-03-20,20170320,20161114,20170320,CZVN09WN,45.0,10,6,4,Won,1170.0,0.9991751435162105,126.0,126.0,2017-03,2017,3
2017-03-20,20170320,20161115,20170320,30UQWUKB,28.0,7,6,4,Won,1162.0,0.9989639115883441,125.0,125.0,2017-03,2017,3
2017-03-14,20170314,20161116,20170314,97UN20YY,13.0,10,4,4,Won,3725.0,0.9999999999997398,118.0,118.0,2017-03,2017,3
2017-03-31,20170331,20161116,20170331,JXLERZ9O,31.0,31,1,4,Won,559.0,0.9768844558642297,135.0,135.0,2017-03,2017,3
2017-03-11,20170311,20161116,20170311,6ROE69W5,54.0,25,1,2,Lost,0.0,0.14582413918921258,115.0,115.0,2017-03,2017,3
2017-03-21,20170321,20161117,20170321,0DFXFKT7,60.0,10,6,2,Lost,0.0,0.04833561896144494,124.0,124.0,2017-03,2017,3
2017-03-05,20170305,20161117,20170305,XKMZVSN4,65.0,30,5,4,Won,4667.0,1.0,108.0,108.0,2017-03,2017,3
2017-03-17,20170317,20161117,20170317,IU8V0BZK,23.0,7,6,4,Won,903.0,0.9911628782426373,120.0,120.0,2017-03,2017,3
2017-03-13,20170313,20161117,20170313,XY42936P,24.0,34,6,4,Won,1180.0,0.9994785050772433,116.0,116.0,2017-03,2017,3
2017-03-05,20170305,20161117,20170305,XRN54MBM,59.0,9,1,4,Won,487.0,0.9588058990808058,108.0,108.0,2017-03,2017,3
2017-03-04,20170304,20161118,20170304,2V848WZD,66.0,4,4,4,Won,3180.0,0.9999999999740641,106.0,106.0,2017-03,2017,3
2017-03-17,20170317,20161119,20170317,ONYNTUCG,25.0,10,2,2,Lost,0.0,0.008245678608822816,118.0,118.0,2017-03,2017,3
2017-03-18,20170318,20161119,20170318,HIOHX80Y,30.0,10,4,4,Won,3563.0,0.9999999999992164,119.0,119.0,2017-03,2017,3
2017-03-23,20170323,20161120,20170323,LPKT07PV,53.0,22,2,4,Won,4704.0,1.0,123.0,123.0,2017-03,2017,3
2017-03-14,20170314,20161120,20170314,WPB2SLIG,63.0,20,5,4,Won,5585.0,1.0,114.0,114.0,2017-03,2017,3
2017-03-09,20170309,20161120,20170309,XUSUEAV7,83.0,28,7,4,Won,25897.0,1.0,109.0,109.0,2017-03,2017,3
2017-03-03,20170303,20161120,20170303,3TYPII47,32.0,32,6,4,Won,1207.0,0.9996165740599857,103.0,103.0,2017-03,2017,3
2017-03-08,20170308,20161120,20170308,7WAX8Z8O,9.0,4,4,2,Lost,0.0,0.007590654589308034,108.0,108.0,2017-03,2017,3
2017-03-04,20170304,20161120,20170304,MYDUMR3R,57.0,4,1,4,Won,559.0,0.9769139559584676,104.0,104.0,2017-03,2017,3
2017-03-09,20170309,20161120,20170309,37JFKD4I,15.0,9,6,4,Won,1033.0,0.9951828311437991,109.0,109.0,2017-03,2017,3
2017-03-21,20170321,20161121,20170321,25YKPHX8,42.0,20,1,4,Won,462.0,0.9210654366885546,120.0,120.0,2017-03,2017,3
2017-03-01,20170301,20161121,20170301,BXXMA7F3,50.0,26,4,2,Lost,0.0,0.010803037375694043,100.0,100.0,2017-03,2017,3
2017-03-14,20170314,20161121,20170314,GIUUTBXM,79.0,31,2,4,Won,5539.0,1.0,113.0,113.0,2017-03,2017,3
2017-03-15,20170315,20161121,20170315,MFX2LR1Q,59.0,4,4,4,Won,3573.0,0.9999999999988061,114.0,114.0,2017-03,2017,3
2017-03-01,20170301,20161121,20170301,DUHE9FLY,13.0,7,2,4,Won,4926.0,1.0,100.0,100.0,2017-03,2017,3
2017-03-17,20170317,20161121,20170317,96BSG7R1,70.0,33,6,2,Lost,0.0,0.023903424124219152,116.0,116.0,2017-03,2017,3
2017-03-04,20170304,20161122,20170304,7FQMSWIX,5.0,13,3,4,Won,62.0,0.858634396081994,102.0,102.0,2017-03,2017,3
2017-03-14,20170314,20161122,20170314,C20AVXN7,30.0,10,2,4,Won,4359.0,0.9999999999999993,112.0,112.0,2017-03,2017,3
2017-03-31,20170331,20161122,20170331,GS1QVWCR,55.0,32,1,4,Won,566.0,0.976409245812367,129.0,129.0,2017-03,2017,3
2017-03-03,20170303,20161122,20170303,ZWH8FXY3,72.0,7,1,4,Won,508.0,0.9692272304404816,101.0,101.0,2017-03,2017,3
2017-03-20,20170320,20161122,20170320,2U94Y3Q9,75.0,14,4,2,Lost,0.0,0.009209813999443622,118.0,118.0,2017-03,2017,3
2017-03-11,20170311,20161122,20170311,AAR79NOO,11.0,3,3,4,Won,51.0,0.8127798248307456,109.0,109.0,2017-03,2017,3
2017-03-05,20170305,20161122,20170305,B6B0PNR2,14.0,24,2,4,Won,4899.0,1.0,103.0,103.0,2017-03,2017,3
2017-03-03,20170303,20161123,20170303,LXZA2OSZ,52.0,13,5,4,Won,5790.0,1.0,100.0,100.0,2017-03,2017,3
2017-03-30,20170330,20161123,20170330,N0ONCYVZ,43.0,20,3,2,Lost,0.0,0.6485419045690967,127.0,127.0,2017-03,2017,3
2017-03-03,20170303,20161123,20170303,513DPFX5,11.0,8,2,4,Won,4438.0,0.9999999999999993,100.0,100.0,2017-03,2017,3
2017-03-17,20170317,20161123,20170317,RU023K5W,23.0,8,4,4,Won,2972.0,0.9999999996542868,114.0,114.0,2017-03,2017,3
2017-03-01,20170301,20161123,20170301,BZCBQ514,79.0,27,1,4,Won,523.0,0.9529974659863896,98.0,98.0,2017-03,2017,3
2017-03-25,20170325,20161124,20170325,HEE6P0QH,67.0,1,4,4,Won,3647.0,0.9999999999992502,121.0,121.0,2017-03,2017,3
2017-03-01,20170301,20161124,20170301,L8CHRJ2B,74.0,19,4,4,Won,4200.0,0.9999999999999933,97.0,97.0,2017-03,2017,3
2017-03-28,20170328,20161124,20170328,V2X2KMUR,22.0,32,6,4,Won,1059.0,0.9982123830745123,124.0,124.0,2017-03,2017,3
2017-03-05,20170305,20161124,20170305,AJIPJP75,11.0,7,6,2,Lost,0.0,0.025768872410959997,101.0,101.0,2017-03,2017,3
2017-03-02,20170302,20161124,20170302,NYVA2G6U,19.0,3,3,4,Won,57.0,0.8982776399760453,98.0,98.0,2017-03,2017,3
2017-03-27,20170327,20161124,20170327,FF45BXTL,44.0,24,4,4,Won,3671.0,0.9999999999996207,123.0,123.0,2017-03,2017,3
2017-03-01,20170301,20161125,20170301,TTA9LYBS,73.0,1,3,4,Won,58.0,0.8685120320177951,96.0,96.0,2017-03,2017,3
2017-03-06,20170306,20161125,20170306,PAGZQH8L,73.0,2,4,4,Won,3956.0,0.9999999999999687,101.0,101.0,2017-03,2017,3
2017-03-01,20170301,20161125,20170301,J7YF6DS7,2.0,13,5,4,Won,5964.0,1.0,96.0,96.0,2017-03,2017,3
2017-03-06,20170306,20161125,20170306,S5IXY4Z9,2.0,13,2,4,Won,4570.0,0.9999999999999998,101.0,101.0,2017-03,2017,3
2017-03-27,20170327,20161125,20170327,JQBJMETQ,16.0,10,3,4,Won,49.0,0.8361407074425309,122.0,122.0,2017-03,2017,3
2017-03-06,20170306,20161125,20170306,0LVWSWEW,18.0,12,3,4,Won,65.0,0.9045778632180728,101.0,101.0,2017-03,2017,3
2017-03-27,20170327,20161126,20170327,K53BC1T9,16.0,1,3,2,Lost,0.0,0.7982778962643358,121.0,121.0,2017-03,2017,3
2017-03-08,20170308,20161126,20170308,D40N5I9Y,23.0,10,2,4,Won,4739.0,1.0,102.0,102.0,2017-03,2017,3
2017-03-21,20170321,20161126,20170321,051QTX8Z,29.0,9,6,4,Won,1080.0,0.9961573030117945,115.0,115.0,2017-03,2017,3
2017-03-12,20170312,20161126,20170312,5D2XH04S,56.0,21,3,4,Won,57.0,0.8906834201336431,106.0,106.0,2017-03,2017,3
2017-03-16,20170316,20161127,20170316,V9E582SK,44.0,15,1,4,Won,469.0,0.9600257901388305,109.0,109.0,2017-03,2017,3
2017-03-03,20170303,20161127,20170303,UK0LEZRJ,12.0,31,1,4,Won,532.0,0.9773049503934549,96.0,96.0,2017-03,2017,3
2017-03-26,20170326,20161127,20170326,IT10CFQH,44.0,25,1,4,Won,538.0,0.972673339438615,119.0,119.0,2017-03,2017,3
2017-03-21,20170321,20161127,20170321,8VKD2CCH,48.0,14,2,4,Won,4829.0,1.0,114.0,114.0,2017-03,2017,3
2017-03-11,20170311,20161127,20170311,2XQAKBXH,17.0,33,5,4,Won,5370.0,1.0,104.0,104.0,2017-03,2017,3
2017-03-21,20170321,20161127,20170321,7G7YLGJO,35.0,33,5,4,Won,6499.0,1.0,114.0,114.0,2017-03,2017,3
2017-03-06,20170306,20161128,20170306,GCA97W27,28.0,10,6,4,Won,1161.0,0.9984798642628261,98.0,98.0,2017-03,2017,3
2017-03-26,20170326,20161128,20170326,K8FUZHOG,61.0,31,1,4,Won,576.0,0.9887108481653544,118.0,118.0,2017-03,2017,3
2017-03-19,20170319,20161128,20170319,5WJZMULK,35.0,34,6,4,Won,979.0,0.9938884345133967,111.0,111.0,2017-03,2017,3
2017-03-07,20170307,20161128,20170307,ZPYD4T9W,66.0,3,3,4,Won,43.0,0.923507152532078,99.0,99.0,2017-03,2017,3
2017-03-07,20170307,20161129,20170307,KE9ZEDS8,62.0,8,3,4,Won,57.0,0.7830697537732483,98.0,98.0,2017-03,2017,3
2017-03-28,20170328,20161129,20170328,7KK0HQ4C,59.0,4,3,2,Lost,0.0,0.7567757144600072,119.0,119.0,2017-03,2017,3
2017-03-12,20170312,20161129,20170312,FP7014Z0,25.0,4,6,4,Won,948.0,0.9872481434723063,103.0,103.0,2017-03,2017,3
2017-03-10,20170310,20161129,20170310,N4HFHDMW,56.0,16,4,4,Won,3012.0,0.9999999998548206,101.0,101.0,2017-03,2017,3
2017-03-15,20170315,20161130,20170315,2HFLKREC,84.0,19,4,4,Won,3665.0,0.9999999999996105,105.0,105.0,2017-03,2017,3
2017-03-24,20170324,20161130,20170324,7JVTTVCO,27.0,12,1,4,Won,564.0,0.9804238962875673,114.0,114.0,2017-03,2017,3
2017-03-06,20170306,20161201,20170306,3X13866U,15.0,1,6,2,Lost,0.0,0.030176104528540783,95.0,95.0,2017-03,2017,3
2017-03-22,20170322,20161201,20170322,7LE19SYE,37.0,19,4,4,Won,3463.0,0.9999999999965421,111.0,111.0,2017-03,2017,3
2017-03-26,20170326,20161201,20170326,J5V2M7Y1,27.0,13,1,4,Won,513.0,0.9719175316794894,115.0,115.0,2017-03,2017,3
2017-03-28,20170328,20161201,20170328,41MURAI5,44.0,13,1,4,Won,590.0,0.9885778716885232,117.0,117.0,2017-03,2017,3
2017-03-30,20170330,20161201,20170330,QHI8WRIA,19.0,10,2,4,Won,4511.0,0.9999999999999998,119.0,119.0,2017-03,2017,3
2017-03-02,20170302,20161201,20170302,AJXAXV4W,23.0,4,4,2,Lost,0.0,0.004978873672575376,91.0,91.0,2017-03,2017,3
2017-03-26,20170326,20161201,20170326,VPDXX5PJ,9.0,9,1,4,Won,546.0,0.9743515397644938,115.0,115.0,2017-03,2017,3
2017-03-05,20170305,20161201,20170305,PZB9NUK8,79.0,24,3,4,Won,46.0,0.820697314663571,94.0,94.0,2017-03,2017,3
2017-03-09,20170309,20161202,20170309,A0ANOYPF,59.0,10,2,4,Won,4891.0,1.0,97.0,97.0,2017-03,2017,3
2017-03-03,20170303,20161202,20170303,0P4AAPYX,31.0,26,6,4,Won,1040.0,0.997231041294256,91.0,91.0,2017-03,2017,3
2017-03-04,20170304,20161202,20170304,O6T5WC3W,65.0,26,6,4,Won,1108.0,0.9988300570308691,92.0,92.0,2017-03,2017,3
2017-03-04,20170304,20161202,20170304,0NO04P6C,50.0,26,3,4,Won,59.0,0.8618348490341626,92.0,92.0,2017-03,2017,3
2017-03-30,20170330,20161202,20170330,22OFSXBT,67.0,6,2,4,Won,5406.0,1.0,118.0,118.0,2017-03,2017,3
2017-03-20,20170320,20161202,20170320,MRXZTMM6,10.0,31,1,4,Won,515.0,0.973082350930203,108.0,108.0,2017-03,2017,3
2017-03-06,20170306,20161202,20170306,LGI8QEC2,73.0,5,1,4,Won,583.0,0.9818142556585678,94.0,94.0,2017-03,2017,3
2017-03-14,20170314,20161202,20170314,6KZ0NCFX,25.0,3,3,4,Won,54.0,0.8276078660220557,102.0,102.0,2017-03,2017,3
2017-03-27,20170327,20161202,20170327,3SF8O9S6,55.0,24,3,4,Won,60.0,0.7915329103959519,115.0,115.0,2017-03,2017,3
2017-03-12,20170312,20161203,20170312,XK668R7C,19.0,10,1,2,Lost,0.0,0.3030167503457566,99.0,99.0,2017-03,2017,3
2017-03-19,20170319,20161203,20170319,TZCAQWL3,25.0,10,2,2,Lost,0.0,0.008183473127968417,106.0,106.0,2017-03,2017,3
2017-03-23,20170323,20161203,20170323,BADC6A9H,29.0,10,1,4,Won,516.0,0.956250280053794,110.0,110.0,2017-03,2017,3
2017-03-22,20170322,20161203,20170322,B8E0UUZR,57.0,10,2,4,Won,4829.0,1.0,109.0,109.0,2017-03,2017,3
2017-03-17,20170317,20161203,20170317,I043RXJV,19.0,5,6,2,Lost,0.0,0.04093338115874873,104.0,104.0,2017-03,2017,3
2017-03-02,20170302,20161203,20170302,MWWB44CC,18.0,21,6,4,Won,950.0,0.997011893505544,89.0,89.0,2017-03,2017,3
2017-03-09,20170309,20161203,20170309,HBTINPDG,77.0,24,6,2,Lost,0.0,0.017001103615240442,96.0,96.0,2017-03,2017,3
2017-03-20,20170320,20161204,20170320,DZ3KHZSX,37.0,13,1,4,Won,513.0,0.9666889498002574,106.0,106.0,2017-03,2017,3
2017-03-09,20170309,20161204,20170309,3W1K7X5F,12.0,10,2,2,Lost,0.0,0.013835418284041452,95.0,95.0,2017-03,2017,3
2017-03-12,20170312,20161204,20170312,45A57X68,59.0,10,5,4,Won,5522.0,1.0,98.0,98.0,2017-03,2017,3
2017-03-09,20170309,20161204,20170309,9SLYC4TR,9.0,8,3,4,Won,56.0,0.8440882998151734,95.0,95.0,2017-03,2017,3
2017-03-08,20170308,20161204,20170308,JLWKWQYC,17.0,30,2,4,Won,5673.0,1.0,94.0,94.0,2017-03,2017,3
2017-03-10,20170310,20161204,20170310,7QC6FOKW,77.0,32,1,4,Won,598.0,0.9773981855560372,96.0,96.0,2017-03,2017,3
2017-03-16,20170316,20161204,20170316,XA184CMW,57.0,7,5,4,Won,5787.0,1.0,102.0,102.0,2017-03,2017,3
2017-03-08,20170308,20161204,20170308,S0N7BYU3,64.0,34,6,4,Won,1070.0,0.99806564925199,94.0,94.0,2017-03,2017,3
2017-03-14,20170314,20161205,20170314,6WOMHAJM,18.0,22,4,4,Won,3677.0,0.9999999999997382,99.0,99.0,2017-03,2017,3
2017-03-30,20170330,20161205,20170330,G1QGATKV,52.0,19,5,4,Won,5425.0,1.0,115.0,115.0,2017-03,2017,3
2017-03-23,20170323,20161205,20170323,6XFVQI32,80.0,20,4,4,Won,3415.0,0.9999999999956699,108.0,108.0,2017-03,2017,3
2017-03-21,20170321,20161205,20170321,OGD4MDJ9,47.0,34,6,4,Won,891.0,0.9849504822630784,106.0,106.0,2017-03,2017,3
2017-03-12,20170312,20161206,20170312,4NGBUZWJ,11.0,4,1,4,Won,609.0,0.971141579843591,96.0,96.0,2017-03,2017,3
2017-03-16,20170316,20161206,20170316,EFG5DGV5,55.0,27,3,4,Won,54.0,0.6915157727401735,100.0,100.0,2017-03,2017,3
2017-03-09,20170309,20161206,20170309,82MM4H33,46.0,33,6,4,Won,1049.0,0.9963636041303651,93.0,93.0,2017-03,2017,3
2017-03-07,20170307,20161207,20170307,14PM641K,27.0,19,6,4,Won,1152.0,0.9988577849268991,90.0,90.0,2017-03,2017,3
2017-03-20,20170320,20161207,20170320,DSBGHOPN,56.0,18,3,2,Lost,0.0,0.7738556259072712,103.0,103.0,2017-03,2017,3
2017-03-28,20170328,20161207,20170328,1YSOZLHF,74.0,18,2,4,Won,4799.0,1.0,111.0,111.0,2017-03,2017,3
2017-03-12,20170312,20161207,20170312,E8RP9FRW,15.0,8,3,4,Won,51.0,0.7858588036066242,95.0,95.0,2017-03,2017,3
2017-03-03,20170303,20161207,20170303,787IRG9Q,41.0,26,4,4,Won,3426.0,0.9999999999957006,86.0,86.0,2017-03,2017,3
2017-03-11,20170311,20161207,20170311,0TUS4NAC,57.0,6,3,4,Won,51.0,0.8853576768626339,94.0,94.0,2017-03,2017,3
2017-03-20,20170320,20161207,20170320,FAJTQMUM,24.0,32,1,4,Won,564.0,0.9889966107290309,103.0,103.0,2017-03,2017,3
2017-03-01,20170301,20161208,20170301,TWF0J0DF,39.0,2,5,4,Won,5882.0,1.0,83.0,83.0,2017-03,2017,3
2017-03-20,20170320,20161208,20170320,UQ14O415,56.0,20,2,4,Won,5059.0,1.0,102.0,102.0,2017-03,2017,3
2017-03-11,20170311,20161208,20170311,BOJSLNDG,64.0,32,4,4,Won,3388.0,0.9999999999956923,93.0,93.0,2017-03,2017,3
2017-03-10,20170310,20161208,20170310,DASMR0EK,83.0,27,5,4,Won,5410.0,1.0,92.0,92.0,2017-03,2017,3
2017-03-28,20170328,20161208,20170328,A76M0OOH,81.0,21,6,4,Won,978.0,0.9958192939587391,110.0,110.0,2017-03,2017,3
2017-03-26,20170326,20161208,20170326,E1VKE2PH,61.0,24,3,4,Won,54.0,0.8978683599948987,108.0,108.0,2017-03,2017,3
2017-03-22,20170322,20161209,20170322,SKY95DVG,3.0,1,3,2,Lost,0.0,0.7855395414355014,103.0,103.0,2017-03,2017,3
2017-03-14,20170314,20161209,20170314,V5OK4V5I,8.0,19,1,4,Won,549.0,0.982047153841111,95.0,95.0,2017-03,2017,3
2017-03-14,20170314,20161209,20170314,GJ4L5HHN,49.0,13,6,4,Won,1034.0,0.9972813865251352,95.0,95.0,2017-03,2017,3
2017-03-03,20170303,20161209,20170303,9R8JWY3J,75.0,20,2,4,Won,4998.0,1.0,84.0,84.0,2017-03,2017,3
2017-03-28,20170328,20161209,20170328,0EOFVU05,52.0,20,4,4,Won,3421.0,0.9999999999956446,109.0,109.0,2017-03,2017,3
2017-03-04,20170304,20161209,20170304,HNHOPL7M,17.0,31,5,4,Won,5425.0,1.0,85.0,85.0,2017-03,2017,3
2017-03-15,20170315,20161209,20170315,Y0NYI17R,14.0,24,3,4,Won,55.0,0.9012634336561391,96.0,96.0,2017-03,2017,3
2017-03-14,20170314,20161209,20170314,R4F4RGAL,63.0,12,4,4,Won,3558.0,0.9999999999989064,95.0,95.0,2017-03,2017,3
2017-03-22,20170322,20161210,20170322,0ZHLQFGU,6.0,32,2,4,Won,4839.0,1.0,102.0,102.0,2017-03,2017,3
2017-03-25,20170325,20161210,20170325,40DPY158,36.0,27,3,4,Won,47.0,0.7573641499672438,105.0,105.0,2017-03,2017,3
2017-03-24,20170324,20161210,20170324,DP9E525R,21.0,34,6,4,Won,1007.0,0.9946871442566932,104.0,104.0,2017-03,2017,3
2017-03-24,20170324,20161210,20170324,DBDUMQQK,38.0,9,3,4,Won,48.0,0.7832187878431306,104.0,104.0,2017-03,2017,3
2017-03-07,20170307,20161210,20170307,CNBN12RL,73.0,3,3,4,Won,49.0,0.8595277722797525,87.0,87.0,2017-03,2017,3
2017-03-18,20170318,20161210,20170318,OXL0YWEE,49.0,12,1,4,Won,504.0,0.9670675157138917,98.0,98.0,2017-03,2017,3
2017-03-21,20170321,20161211,20170321,5CSSZJF4,23.0,6,1,4,Won,543.0,0.9720773877433121,100.0,100.0,2017-03,2017,3
2017-03-18,20170318,20161211,20170318,0XG8TOJF,21.0,31,5,2,Lost,0.0,0.009415792424322614,97.0,97.0,2017-03,2017,3
2017-03-28,20170328,20161211,20170328,IIS0O91J,21.0,31,2,4,Won,5149.0,1.0,107.0,107.0,2017-03,2017,3
2017-03-09,20170309,20161211,20170309,2LP5SUR5,73.0,4,1,2,Lost,0.0,0.17035243108304876,88.0,88.0,2017-03,2017,3
2017-03-11,20170311,20161211,20170311,PYZZ3IS6,6.0,27,6,4,Won,1043.0,0.995402028397342,90.0,90.0,2017-03,2017,3
2017-03-09,20170309,20161212,20170309,5I4K5TQE,69.0,19,5,2,Lost,0.0,0.010806478909470021,87.0,87.0,2017-03,2017,3
2017-03-29,20170329,20161212,20170329,RV3LPOYP,12.0,30,1,4,Won,437.0,0.9585716743251878,107.0,107.0,2017-03,2017,3
2017-03-11,20170311,20161212,20170311,1HVNTEPV,43.0,14,2,4,Won,4465.0,0.9999999999999996,89.0,89.0,2017-03,2017,3
2017-03-18,20170318,20161212,20170318,LC85AQ1I,44.0,24,1,4,Won,443.0,0.9470605521057197,96.0,96.0,2017-03,2017,3
2017-03-23,20170323,20161212,20170323,TBV972NP,69.0,12,3,2,Lost,0.0,0.7541664136186205,101.0,101.0,2017-03,2017,3
2017-03-20,20170320,20161213,20170320,EJMX0EIJ,3.0,10,5,4,Won,4278.0,0.9999999999999984,97.0,97.0,2017-03,2017,3
2017-03-06,20170306,20161213,20170306,VR9NYBOV,43.0,15,3,4,Won,41.0,0.7541184570976966,83.0,83.0,2017-03,2017,3
2017-03-28,20170328,20161213,20170328,3U25FK08,39.0,6,1,4,Won,519.0,0.9694153746906524,105.0,105.0,2017-03,2017,3
2017-03-04,20170304,20161213,20170304,CRLK4Z1P,42.0,34,1,4,Won,524.0,0.9561889564151337,81.0,81.0,2017-03,2017,3
2017-03-27,20170327,20161213,20170327,OGENAT0L,64.0,33,1,4,Won,552.0,0.9756968185986967,104.0,104.0,2017-03,2017,3
2017-03-02,20170302,20161214,20170302,F57JWIDF,45.0,8,6,4,Won,970.0,0.9930420397396108,78.0,78.0,2017-03,2017,3
2017-03-13,20170313,20161214,20170313,LF8JZ3Q5,35.0,31,6,4,Won,1046.0,0.9965506096024027,89.0,89.0,2017-03,2017,3
2017-03-14,20170314,20161214,20170314,MRGBSMQ5,70.0,31,6,4,Won,988.0,0.995167123526779,90.0,90.0,2017-03,2017,3
2017-03-22,20170322,20161214,20170322,CBAV8ZJL,11.0,4,1,4,Won,547.0,0.9511905359055773,98.0,98.0,2017-03,2017,3
2017-03-04,20170304,20161214,20170304,NN4DWBVN,64.0,34,2,2,Lost,0.0,0.010435664589398872,80.0,80.0,2017-03,2017,3
2017-03-31,20170331,20161214,20170331,6JXHEZYK,39.0,3,3,4,Won,54.0,0.8527191751156331,107.0,107.0,2017-03,2017,3
2017-03-20,20170320,20161214,20170320,WDHNR2EI,63.0,12,3,4,Won,57.0,0.8638428685929433,96.0,96.0,2017-03,2017,3
2017-03-18,20170318,20161214,20170318,4K750D6F,80.0,12,3,4,Won,55.0,0.885828315416878,94.0,94.0,2017-03,2017,3
2017-03-15,20170315,20161215,20170315,94GI0ZJ7,66.0,1,5,4,Won,5765.0,1.0,90.0,90.0,2017-03,2017,3
2017-03-16,20170316,20161215,20170316,TODG6DEK,5.0,18,1,4,Won,639.0,0.9881867018510705,91.0,91.0,2017-03,2017,3
2017-03-15,20170315,20161215,20170315,G0ECB8FS,46.0,31,2,4,Won,5100.0,1.0,90.0,90.0,2017-03,2017,3
2017-03-07,20170307,20161215,20170307,96MZYUY0,21.0,24,2,4,Won,4906.0,1.0,82.0,82.0,2017-03,2017,3
2017-03-07,20170307,20161216,20170307,JZOKHHWN,53.0,20,6,4,Won,1037.0,0.9940269758629389,81.0,81.0,2017-03,2017,3
2017-03-15,20170315,20161216,20170315,EH6I67I0,54.0,30,1,4,Won,537.0,0.9646430377905342,89.0,89.0,2017-03,2017,3
2017-03-09,20170309,20161216,20170309,JUUXF02Z,35.0,31,2,4,Won,4694.0,1.0,83.0,83.0,2017-03,2017,3
2017-03-24,20170324,20161216,20170324,OT87JDWO,45.0,4,1,4,Won,560.0,0.9665988136212355,98.0,98.0,2017-03,2017,3
2017-03-13,20170313,20161216,20170313,YHKT6YJ7,15.0,5,1,4,Won,589.0,0.9767267081895422,87.0,87.0,2017-03,2017,3
2017-03-14,20170314,20161216,20170314,H78I3TAY,49.0,21,1,4,Won,493.0,0.9693901415410732,88.0,88.0,2017-03,2017,3
2017-03-08,20170308,20161216,20170308,1ROC43JK,3.0,3,3,4,Won,50.0,0.8349764984438843,82.0,82.0,2017-03,2017,3
2017-03-28,20170328,20161216,20170328,LPZLQL48,79.0,24,1,4,Won,492.0,0.9608953448076595,102.0,102.0,2017-03,2017,3
2017-03-13,20170313,20161217,20170313,3KR50X38,44.0,13,6,4,Won,1255.0,0.999670203146861,86.0,86.0,2017-03,2017,3
2017-03-04,20170304,20161217,20170304,Q3WLHRE9,67.0,10,1,4,Won,463.0,0.909478899834612,77.0,77.0,2017-03,2017,3
2017-03-27,20170327,20161217,20170327,IX7UEOAP,37.0,20,6,2,Lost,0.0,0.018932359020991923,100.0,100.0,2017-03,2017,3
2017-03-12,20170312,20161217,20170312,NQU62K1H,82.0,20,1,4,Won,605.0,0.9832241658601629,85.0,85.0,2017-03,2017,3
2017-03-20,20170320,20161217,20170320,NAQKOU0T,21.0,26,6,4,Won,1315.0,0.9997343110119066,93.0,93.0,2017-03,2017,3
2017-03-02,20170302,20161217,20170302,I3V3GUAI,85.0,4,1,4,Won,559.0,0.9259935181380513,75.0,75.0,2017-03,2017,3
2017-03-28,20170328,20161217,20170328,PN4VJDXY,60.0,5,1,4,Won,557.0,0.9838005445345621,101.0,101.0,2017-03,2017,3
2017-03-02,20170302,20161217,20170302,K9D4DQ3R,75.0,14,3,4,Won,48.0,0.7970333350600223,75.0,75.0,2017-03,2017,3
2017-03-25,20170325,20161217,20170325,9X6V79KE,39.0,3,5,4,Won,6282.0,1.0,98.0,98.0,2017-03,2017,3
2017-03-02,20170302,20161218,20170302,W1KLFNE4,39.0,1,4,4,Won,3246.0,0.9999999999768658,74.0,74.0,2017-03,2017,3
2017-03-14,20170314,20161218,20170314,GD2OCW12,23.0,10,1,4,Won,514.0,0.9574793077399987,86.0,86.0,2017-03,2017,3
2017-03-15,20170315,20161218,20170315,6XO4RYXK,63.0,20,6,4,Won,1132.0,0.9984153304188491,87.0,87.0,2017-03,2017,3
2017-03-21,20170321,20161218,20170321,18Y7GRPW,63.0,15,5,4,Won,5918.0,1.0,93.0,93.0,2017-03,2017,3
2017-03-18,20170318,20161218,20170318,127ZPLXQ,36.0,31,2,2,Lost,0.0,0.008863850188176231,90.0,90.0,2017-03,2017,3
2017-03-14,20170314,20161218,20170314,U07C2HEG,42.0,34,3,2,Lost,0.0,0.6848088825713955,86.0,86.0,2017-03,2017,3
2017-03-13,20170313,20161218,20170313,RNTOJ78L,35.0,25,3,2,Lost,0.0,0.6536915340819729,85.0,85.0,2017-03,2017,3
2017-03-24,20170324,20161218,20170324,NLB4D5BQ,30.0,3,4,4,Won,2955.0,0.9999999998342071,96.0,96.0,2017-03,2017,3
2017-03-21,20170321,20161218,20170321,FCFDJIEZ,21.0,24,2,4,Won,3742.0,0.9999999999996703,93.0,93.0,2017-03,2017,3
2017-03-14,20170314,20161218,20170314,YZGDW4G1,37.0,12,3,4,Won,64.0,0.8276794575869882,86.0,86.0,2017-03,2017,3
2017-03-27,20170327,20161218,20170327,G8AO5FA2,37.0,16,4,2,Lost,0.0,0.008987238718384286,99.0,99.0,2017-03,2017,3
2017-03-18,20170318,20161219,20170318,LXXW3TRW,61.0,28,6,4,Won,1164.0,0.9993803767511727,89.0,89.0,2017-03,2017,3
2017-03-07,20170307,20161219,20170307,8KJ3H262,64.0,28,3,4,Won,65.0,0.852139397453232,78.0,78.0,2017-03,2017,3
2017-03-07,20170307,20161219,20170307,88POGNEL,9.0,8,6,2,Lost,0.0,0.02819256151830022,78.0,78.0,2017-03,2017,3
2017-03-16,20170316,20161219,20170316,UYP3NNU6,34.0,32,1,4,Won,441.0,0.9353603327093136,87.0,87.0,2017-03,2017,3
2017-03-12,20170312,20161219,20170312,S1V8684Y,23.0,7,6,2,Lost,0.0,0.02772289291604437,83.0,83.0,2017-03,2017,3
2017-03-16,20170316,20161219,20170316,MOPWEMB5,35.0,24,2,4,Won,4907.0,1.0,87.0,87.0,2017-03,2017,3
2017-03-01,20170301,20161220,20170301,L62MDI48,39.0,1,4,2,Lost,0.0,0.00871252763603399,71.0,71.0,2017-03,2017,3
2017-03-25,20170325,20161220,20170325,3EL8D4WO,11.0,10,4,4,Won,3269.0,0.9999999999750739,95.0,95.0,2017-03,2017,3
2017-03-12,20170312,20161220,20170312,VOAN1NXG,43.0,20,1,4,Won,579.0,0.96248907048604,82.0,82.0,2017-03,2017,3
2017-03-25,20170325,20161220,20170325,ALW92XQL,39.0,8,1,2,Lost,0.0,0.18418924235648637,95.0,95.0,2017-03,2017,3
2017-03-07,20170307,20161220,20170307,TJ6ZA1M3,14.0,31,1,2,Lost,0.0,0.3126861935472103,77.0,77.0,2017-03,2017,3
2017-03-31,20170331,20161220,20170331,FKAFO8O9,77.0,31,3,4,Won,51.0,0.7392284672126285,101.0,101.0,2017-03,2017,3
2017-03-08,20170308,20161220,20170308,1XBC7M9F,22.0,27,3,4,Won,64.0,0.7708277824911833,78.0,78.0,2017-03,2017,3
2017-03-08,20170308,20161220,20170308,8IXBS90G,20.0,14,3,4,Won,60.0,0.7531133257506705,78.0,78.0,2017-03,2017,3
2017-03-27,20170327,20161221,20170327,2X45BEOS,26.0,19,6,4,Won,1186.0,0.9987724387652634,96.0,96.0,2017-03,2017,3
2017-03-09,20170309,20161221,20170309,EQ8X0QTL,80.0,13,4,4,Won,3577.0,0.99999999999921,78.0,78.0,2017-03,2017,3
2017-03-07,20170307,20161221,20170307,5QD53WHF,18.0,18,6,4,Won,1020.0,0.997441007530487,76.0,76.0,2017-03,2017,3
2017-03-23,20170323,20161221,20170323,79EABK3X,83.0,26,3,4,Won,53.0,0.8803561190215604,92.0,92.0,2017-03,2017,3
2017-03-10,20170310,20161221,20170310,2DKO9X1T,60.0,6,1,2,Lost,0.0,0.30217075921720027,79.0,79.0,2017-03,2017,3
2017-03-28,20170328,20161221,20170328,IBDEQVBN,22.0,31,1,2,Lost,0.0,0.22083894730146736,97.0,97.0,2017-03,2017,3
2017-03-08,20170308,20161221,20170308,QZ3VV4C1,70.0,31,2,4,Won,4719.0,1.0,77.0,77.0,2017-03,2017,3
2017-03-22,20170322,20161221,20170322,62AK8UWX,11.0,5,1,4,Won,546.0,0.961274495500246,91.0,91.0,2017-03,2017,3
2017-03-21,20170321,20161221,20170321,5QM4ORNT,16.0,9,6,4,Won,1212.0,0.9991099474720985,90.0,90.0,2017-03,2017,3
2017-03-08,20170308,20161221,20170308,S91N9YBL,70.0,24,1,2,Lost,0.0,0.20194467911476835,77.0,77.0,2017-03,2017,3
2017-03-27,20170327,20161222,20170327,44H0FJMH,4.0,1,5,2,Lost,0.0,0.016335948009142447,95.0,95.0,2017-03,2017,3
2017-03-14,20170314,20161222,20170314,N5AZLQZR,19.0,8,5,4,Won,5533.0,1.0,82.0,82.0,2017-03,2017,3
2017-03-01,20170301,20161222,20170301,4T295XQL,24.0,32,4,4,Won,3295.0,0.9999999999911613,69.0,69.0,2017-03,2017,3
2017-03-31,20170331,20161222,20170331,YFS5KLJJ,24.0,25,3,4,Won,45.0,0.8520298361840308,99.0,99.0,2017-03,2017,3
2017-03-04,20170304,20161222,20170304,S8GLKDB9,5.0,12,3,4,Won,56.0,0.8343060428192554,72.0,72.0,2017-03,2017,3
2017-03-20,20170320,20161223,20170320,01QKN578,25.0,10,2,4,Won,4247.0,0.9999999999999967,87.0,87.0,2017-03,2017,3
2017-03-13,20170313,20161223,20170313,M0JKP0HT,39.0,8,4,4,Won,3440.0,0.9999999999946534,80.0,80.0,2017-03,2017,3
2017-03-02,20170302,20161223,20170302,ZC3KKSUK,54.0,30,2,4,Won,5040.0,1.0,69.0,69.0,2017-03,2017,3
2017-03-12,20170312,20161223,20170312,3X8VLQ5G,9.0,6,1,4,Won,469.0,0.9589228632353461,79.0,79.0,2017-03,2017,3
2017-03-07,20170307,20161223,20170307,EZLXL6GL,39.0,5,3,4,Won,58.0,0.7878270195784903,74.0,74.0,2017-03,2017,3
2017-03-16,20170316,20161224,20170316,R8PEL8V8,39.0,2,4,4,Won,2955.0,0.9999999996662425,82.0,82.0,2017-03,2017,3
2017-03-26,20170326,20161224,20170326,L1R32S8H,12.0,13,5,4,Won,5228.0,1.0,92.0,92.0,2017-03,2017,3
2017-03-14,20170314,20161224,20170314,J7N8J8NM,72.0,10,4,4,Won,3358.0,0.9999999999906211,80.0,80.0,2017-03,2017,3
2017-03-29,20170329,20161224,20170329,TO7PGVP1,33.0,28,5,2,Lost,0.0,0.012007684361355773,95.0,95.0,2017-03,2017,3
2017-03-31,20170331,20161224,20170331,A051G1B4,11.0,6,1,4,Won,517.0,0.9601214823771477,97.0,97.0,2017-03,2017,3
2017-03-03,20170303,20161224,20170303,NMDMM5YJ,19.0,5,1,4,Won,615.0,0.9881674169786109,69.0,69.0,2017-03,2017,3
2017-03-10,20170310,20161224,20170310,LWPJEV3U,16.0,9,1,2,Lost,0.0,0.15252817826211484,76.0,76.0,2017-03,2017,3
2017-03-08,20170308,20161224,20170308,I93ZFHEM,12.0,3,3,4,Won,62.0,0.8882675091443317,74.0,74.0,2017-03,2017,3
2017-03-13,20170313,20161225,20170313,B2VJCVBB,39.0,10,5,4,Won,4711.0,1.0,78.0,78.0,2017-03,2017,3
2017-03-23,20170323,20161225,20170323,F90O03ZH,43.0,20,2,2,Lost,0.0,0.005129706970712693,88.0,88.0,2017-03,2017,3
2017-03-30,20170330,20161225,20170330,PC78RLUX,80.0,15,1,4,Won,510.0,0.9760234973742902,95.0,95.0,2017-03,2017,3
2017-03-25,20170325,20161225,20170325,X6GL64T5,76.0,8,2,4,Won,4891.0,1.0,90.0,90.0,2017-03,2017,3
2017-03-17,20170317,20161225,20170317,OWM3BPGW,33.0,26,6,4,Won,926.0,0.9929652989057421,82.0,82.0,2017-03,2017,3
2017-03-10,20170310,20161225,20170310,RP5PS9A5,3.0,4,3,4,Won,56.0,0.741565602836895,75.0,75.0,2017-03,2017,3
2017-03-05,20170305,20161225,20170305,F2PW7WP2,52.0,12,3,4,Won,47.0,0.8547378542925747,70.0,70.0,2017-03,2017,3
2017-03-23,20170323,20161226,20170323,GK8YD2XW,57.0,10,1,2,Lost,0.0,0.28339440190518417,87.0,87.0,2017-03,2017,3
2017-03-10,20170310,20161226,20170310,U4LRR9E9,50.0,30,5,4,Won,6490.0,1.0,74.0,74.0,2017-03,2017,3
2017-03-02,20170302,20161226,20170302,9N55D1AH,73.0,9,4,4,Won,3841.0,0.9999999999998457,66.0,66.0,2017-03,2017,3
2017-03-15,20170315,20161227,20170315,WI4PODA2,22.0,31,5,4,Won,5256.0,1.0,78.0,78.0,2017-03,2017,3
2017-03-28,20170328,20161227,20170328,VF1V41RI,42.0,27,3,2,Lost,0.0,0.6157174119551404,91.0,91.0,2017-03,2017,3
2017-03-25,20170325,20161227,20170325,1B4L7TNG,65.0,27,4,2,Lost,0.0,0.006406541549056489,88.0,88.0,2017-03,2017,3
2017-03-01,20170301,20161228,20170301,MZAN11FT,13.0,1,1,4,Won,625.0,0.9883684707461872,63.0,63.0,2017-03,2017,3
2017-03-16,20170316,20161228,20170316,0IO00FNS,76.0,10,2,2,Lost,0.0,0.010981178841432739,78.0,78.0,2017-03,2017,3
2017-03-22,20170322,20161228,20170322,8S6TNXYB,13.0,10,2,4,Won,3952.0,0.9999999999999645,84.0,84.0,2017-03,2017,3
2017-03-13,20170313,20161228,20170313,MOLGOSGE,44.0,31,5,4,Won,5515.0,1.0,75.0,75.0,2017-03,2017,3
2017-03-16,20170316,20161228,20170316,FA1VHZSV,75.0,21,3,4,Won,57.0,0.8669615709430117,78.0,78.0,2017-03,2017,3
2017-03-28,20170328,20161228,20170328,PXQEX039,45.0,3,3,4,Won,51.0,0.8453318951627758,90.0,90.0,2017-03,2017,3
2017-03-13,20170313,20161228,20170313,RX56S6G3,21.0,24,4,4,Won,3803.0,0.99999999999977,75.0,75.0,2017-03,2017,3
2017-03-27,20170327,20161229,20170327,G4F8W039,60.0,1,5,4,Won,5459.0,1.0,88.0,88.0,2017-03,2017,3
2017-03-23,20170323,20161229,20170323,4T31MWVO,66.0,1,4,4,Won,4148.0,0.9999999999999976,84.0,84.0,2017-03,2017,3
2017-03-23,20170323,20161229,20170323,83XN082U,26.0,13,5,4,Won,5002.0,1.0,84.0,84.0,2017-03,2017,3
2017-03-03,20170303,20161229,20170303,J21W3WIW,27.0,13,4,4,Won,3351.0,0.9999999999903286,64.0,64.0,2017-03,2017,3
2017-03-19,20170319,20161229,20170319,52UPJFYI,16.0,8,1,4,Won,571.0,0.974507206335193,80.0,80.0,2017-03,2017,3
2017-03-10,20170310,20161229,20170310,QOL51JIB,32.0,30,1,4,Won,601.0,0.988286510781648,71.0,71.0,2017-03,2017,3
2017-03-13,20170313,20161229,20170313,93AGN8A6,83.0,27,1,4,Won,576.0,0.9731993168533568,74.0,74.0,2017-03,2017,3
2017-03-03,20170303,20161229,20170303,J7UNJFJL,25.0,7,3,4,Won,52.0,0.7961021173232377,64.0,64.0,2017-03,2017,3
2017-03-13,20170313,20161229,20170313,A4H5ESTU,21.0,34,6,4,Won,1185.0,0.9987207743758438,74.0,74.0,2017-03,2017,3
2017-03-28,20170328,20161229,20170328,8EZ04VQB,27.0,21,6,2,Lost,0.0,0.036984893783102574,89.0,89.0,2017-03,2017,3
2017-03-14,20170314,20161229,20170314,4501T63I,54.0,25,3,4,Won,56.0,0.7201400328514079,75.0,75.0,2017-03,2017,3
2017-03-29,20170329,20161229,20170329,FPNGEJRC,53.0,12,3,4,Won,54.0,0.7931615331891904,90.0,90.0,2017-03,2017,3
2017-03-13,20170313,20161229,20170313,S33WRL0Y,77.0,33,2,4,Won,4818.0,1.0,74.0,74.0,2017-03,2017,3
2017-03-01,20170301,20170101,20170301,Q7IRUJK7,11.0,1,5,4,Won,5087.0,1.0,59.0,59.0,2017-03,2017,3
2017-03-19,20170319,20170101,20170319,DTZPYISJ,53.0,18,6,4,Won,1116.0,0.9952777350811719,77.0,77.0,2017-03,2017,3
2017-03-20,20170320,20170101,20170320,Y9HWSG8Z,30.0,10,1,4,Won,510.0,0.9512851007270331,78.0,78.0,2017-03,2017,3
2017-03-16,20170316,20170101,20170316,JOQCXC9Z,68.0,6,1,4,Won,565.0,0.9639389372585517,74.0,74.0,2017-03,2017,3
2017-03-26,20170326,20170101,20170326,AP7PCLAZ,24.0,32,1,4,Won,633.0,0.9869929281604742,84.0,84.0,2017-03,2017,3
2017-03-29,20170329,20170101,20170329,BIE471SO,78.0,21,4,4,Won,3962.0,0.9999999999999292,87.0,87.0,2017-03,2017,3
2017-03-22,20170322,20170101,20170322,UA8AWDG4,79.0,24,4,4,Won,3672.0,0.9999999999989522,80.0,80.0,2017-03,2017,3
2017-03-18,20170318,20170101,20170318,FZDRB789,32.0,33,2,4,Won,4586.0,0.9999999999999998,76.0,76.0,2017-03,2017,3
2017-03-02,20170302,20170102,20170302,PC1NUL8Q,36.0,1,3,4,Won,60.0,0.713222207455784,59.0,59.0,2017-03,2017,3
2017-05-04,20170504,20170102,20170504,F1X5ZJ7V,19.0,6,1,4,Won,572.0,0.9773314023263717,122.0,122.0,2017-05,2017,5
2017-03-01,20170301,20170102,20170301,IF7MJ88P,32.0,31,1,4,Won,550.0,0.9574186588677345,58.0,58.0,2017-03,2017,3
2017-03-17,20170317,20170102,20170317,06B7XWPC,65.0,31,2,4,Won,4125.0,0.999999999999984,74.0,74.0,2017-03,2017,3
2017-03-10,20170310,20170102,20170310,12MQ3WM8,85.0,7,4,4,Won,3647.0,0.9999999999976452,67.0,67.0,2017-03,2017,3
2017-03-21,20170321,20170102,20170321,91M6FY8S,19.0,5,1,4,Won,573.0,0.9682938385715206,78.0,78.0,2017-03,2017,3
2017-03-29,20170329,20170102,20170329,0LNZRNEU,82.0,12,1,4,Won,542.0,0.9617684827545718,86.0,86.0,2017-03,2017,3
2017-03-12,20170312,20170103,20170312,NKOKUS7D,20.0,19,4,4,Won,3479.0,0.9999999999907772,68.0,68.0,2017-03,2017,3
2017-03-22,20170322,20170103,20170322,NF6GCTMV,26.0,18,4,2,Lost,0.0,0.002497788553558805,78.0,78.0,2017-03,2017,3
2017-03-21,20170321,20170103,20170321,I4UCA7CU,66.0,10,6,4,Won,1012.0,0.9964951098116291,77.0,77.0,2017-03,2017,3
2017-03-06,20170306,20170103,20170306,1LI7ETNZ,17.0,30,6,4,Won,990.0,0.9896280447681339,62.0,62.0,2017-03,2017,3
2017-03-18,20170318,20170103,20170318,N36DEZBR,70.0,30,2,4,Won,4374.0,0.9999999999999984,74.0,74.0,2017-03,2017,3
2017-03-17,20170317,20170103,20170317,77ZECYVJ,24.0,31,1,2,Lost,0.0,0.16234131995422352,73.0,73.0,2017-03,2017,3
2017-03-30,20170330,20170103,20170330,IRB461Y7,77.0,31,6,4,Won,1054.0,0.9907412778617182,86.0,86.0,2017-03,2017,3
2017-03-15,20170315,20170103,20170315,NM2Q3CGW,61.0,24,3,4,Won,55.0,0.7838754193981655,71.0,71.0,2017-03,2017,3
2017-03-05,20170305,20170103,20170305,OEEUEIPJ,26.0,12,3,2,Lost,0.0,0.4699749323510387,61.0,61.0,2017-03,2017,3
2017-03-25,20170325,20170104,20170325,5E14LG51,40.0,22,6,4,Won,1073.0,0.9963650486896326,80.0,80.0,2017-03,2017,3
2017-03-20,20170320,20170104,20170320,TIAGZQ54,28.0,2,4,2,Lost,0.0,0.003050058101318122,75.0,75.0,2017-03,2017,3
2017-03-16,20170316,20170104,20170316,CRX91A45,22.0,31,1,4,Won,586.0,0.960120408500897,71.0,71.0,2017-03,2017,3
2017-05-05,20170505,20170104,20170505,ZOQ8RC86,73.0,7,2,4,Won,4667.0,1.0,121.0,121.0,2017-05,2017,5
2017-03-28,20170328,20170104,20170328,SV4SOO2K,36.0,24,6,4,Won,880.0,0.9730177983363367,83.0,83.0,2017-03,2017,3
2017-03-12,20170312,20170104,20170312,ITHR5WLF,54.0,24,4,4,Won,3676.0,0.9999999999985025,67.0,67.0,2017-03,2017,3
2017-03-25,20170325,20170105,20170325,279625VN,25.0,1,4,2,Lost,0.0,0.00396421924929999,79.0,79.0,2017-03,2017,3
2017-03-09,20170309,20170105,20170309,RK52YU8S,73.0,10,2,2,Lost,0.0,0.004715896414496672,63.0,63.0,2017-03,2017,3
2017-03-26,20170326,20170105,20170326,E8EY51IC,53.0,15,6,2,Lost,0.0,0.01025141065349095,80.0,80.0,2017-03,2017,3
2017-03-19,20170319,20170105,20170319,HG07LMHI,73.0,6,2,4,Won,4716.0,1.0,73.0,73.0,2017-03,2017,3
2017-03-30,20170330,20170105,20170330,85XNDIK1,6.0,31,1,2,Lost,0.0,0.10879370556507263,84.0,84.0,2017-03,2017,3
2017-03-23,20170323,20170105,20170323,2U54WYQ1,32.0,24,2,4,Won,4211.0,0.9999999999999944,77.0,77.0,2017-03,2017,3
2017-03-21,20170321,20170106,20170321,VCA1WAB0,25.0,1,4,2,Lost,0.0,0.003851553997213594,74.0,74.0,2017-03,2017,3
2017-03-18,20170318,20170106,20170318,MXNVX2AM,11.0,10,2,2,Lost,0.0,0.003228523833607374,71.0,71.0,2017-03,2017,3
2017-03-17,20170317,20170106,20170317,1G866GH4,72.0,10,3,4,Won,56.0,0.6781592242459369,70.0,70.0,2017-03,2017,3
2017-03-23,20170323,20170106,20170323,WDG0B1IR,60.0,8,3,2,Lost,0.0,0.6519275465487833,76.0,76.0,2017-03,2017,3
2017-03-23,20170323,20170106,20170323,Q5CABPMO,25.0,8,3,4,Won,44.0,0.5836787450732769,76.0,76.0,2017-03,2017,3
2017-03-27,20170327,20170106,20170327,HHBA93J5,44.0,31,1,4,Won,532.0,0.947693008675725,80.0,80.0,2017-03,2017,3
2017-05-10,20170510,20170106,20170510,R0W6A9BG,73.0,4,1,2,Lost,0.0,0.10419546102535764,124.0,124.0,2017-05,2017,5
2017-03-20,20170320,20170106,20170320,P5EGQ0HI,85.0,4,1,2,Lost,0.0,0.039363572841349975,73.0,73.0,2017-03,2017,3
2017-03-17,20170317,20170106,20170317,L1EJIE5L,43.0,21,2,2,Lost,0.0,0.004389755347325682,70.0,70.0,2017-03,2017,3
2017-03-24,20170324,20170106,20170324,S3XI6YB3,16.0,3,1,2,Lost,0.0,0.1322187360101237,77.0,77.0,2017-03,2017,3
2017-03-08,20170308,20170107,20170308,BBC3JB3H,39.0,1,1,4,Won,622.0,0.9718330301171848,60.0,60.0,2017-03,2017,3
2017-03-05,20170305,20170107,20170305,7XVLKX8G,9.0,2,5,2,Lost,0.0,0.007049085256569387,57.0,57.0,2017-03,2017,3
2017-03-16,20170316,20170107,20170316,OX4P78HP,78.0,13,6,4,Won,1257.0,0.9988808975589699,68.0,68.0,2017-03,2017,3
2017-03-25,20170325,20170107,20170325,72LNJRY9,47.0,34,6,4,Won,1135.0,0.9960443122269818,77.0,77.0,2017-03,2017,3
2017-03-28,20170328,20170107,20170328,8C2WG2FB,36.0,33,4,2,Lost,0.0,0.003091783918520592,80.0,80.0,2017-03,2017,3
2017-03-14,20170314,20170107,20170314,L0345WKB,51.0,33,2,4,Won,4313.0,0.9999999999999969,66.0,66.0,2017-03,2017,3
2017-03-18,20170318,20170108,20170318,S24L8LVR,15.0,1,5,4,Won,5210.0,1.0,69.0,69.0,2017-03,2017,3
2017-03-27,20170327,20170108,20170327,JXWXEJXE,59.0,4,3,4,Won,47.0,0.6686951404430148,78.0,78.0,2017-03,2017,3
2017-03-22,20170322,20170108,20170322,W2JCRPLX,44.0,27,4,4,Won,3220.0,0.9999999999199891,73.0,73.0,2017-03,2017,3
2017-03-26,20170326,20170108,20170326,1M2I2NXQ,20.0,14,3,4,Won,47.0,0.5774609229016878,77.0,77.0,2017-03,2017,3
2017-03-25,20170325,20170108,20170325,54EGR0AD,80.0,12,3,4,Won,63.0,0.7919022942548478,76.0,76.0,2017-03,2017,3
2017-03-15,20170315,20170109,20170315,VT5Y73GX,3.0,1,3,4,Won,56.0,0.7113531355586019,65.0,65.0,2017-03,2017,3
2017-03-01,20170301,20170109,20170301,8O9V7UOZ,60.0,1,3,4,Won,65.0,0.7994893920958016,51.0,51.0,2017-03,2017,3
2017-03-19,20170319,20170109,20170319,GIIC5H9X,18.0,22,5,4,Won,5743.0,1.0,69.0,69.0,2017-03,2017,3
2017-03-03,20170303,20170109,20170303,9WMU7YHD,49.0,19,3,4,Won,53.0,0.657991757007654,53.0,53.0,2017-03,2017,3
2017-03-30,20170330,20170109,20170330,8BQMFR86,2.0,13,5,4,Won,4974.0,1.0,80.0,80.0,2017-03,2017,3
2017-03-25,20170325,20170109,20170325,DDCC6ZPK,52.0,20,4,4,Won,3892.0,0.9999999999998488,75.0,75.0,2017-03,2017,3
2017-03-21,20170321,20170109,20170321,YMGWLEHY,2.0,15,2,4,Won,3822.0,0.9999999999996929,71.0,71.0,2017-03,2017,3
2017-03-02,20170302,20170109,20170302,FKS9MVF6,38.0,6,1,4,Won,504.0,0.9199622664667215,52.0,52.0,2017-03,2017,3
2017-03-29,20170329,20170109,20170329,HF8ABDF6,77.0,25,4,4,Won,3145.0,0.9999999997344629,79.0,79.0,2017-03,2017,3
2017-03-27,20170327,20170109,20170327,SIRC44NM,24.0,24,1,4,Won,564.0,0.9698885598593288,77.0,77.0,2017-03,2017,3
2017-03-14,20170314,20170109,20170314,7S6SHJJG,21.0,33,6,4,Won,1117.0,0.9940103177776115,64.0,64.0,2017-03,2017,3
2017-03-26,20170326,20170110,20170326,ZE84UHHB,38.0,1,3,4,Won,59.0,0.7404863206949452,75.0,75.0,2017-03,2017,3
2017-03-28,20170328,20170110,20170328,2R3ZA84D,23.0,10,3,4,Won,52.0,0.6465361047988144,77.0,77.0,2017-03,2017,3
2017-03-24,20170324,20170110,20170324,LTTYTAXA,42.0,20,2,4,Won,4694.0,0.9999999999999998,73.0,73.0,2017-03,2017,3
2017-03-06,20170306,20170110,20170306,ZWFPD71J,55.0,32,2,4,Won,5620.0,1.0,55.0,55.0,2017-03,2017,3
2017-03-08,20170308,20170110,20170308,T5C527Z9,64.0,31,6,4,Won,1095.0,0.9963666712845479,57.0,57.0,2017-03,2017,3
2017-05-02,20170502,20170110,20170502,XC4LTIEO,13.0,4,1,2,Lost,0.0,0.09447301340133439,112.0,112.0,2017-05,2017,5
2017-03-30,20170330,20170110,20170330,AEBF9M5T,59.0,4,1,4,Won,489.0,0.909399102359696,79.0,79.0,2017-03,2017,3
2017-03-16,20170316,20170110,20170316,EV46ES18,31.0,27,5,4,Won,5908.0,1.0,65.0,65.0,2017-03,2017,3
2017-03-11,20170311,20170110,20170311,ID3IJHUS,77.0,27,4,4,Won,3820.0,0.9999999999992084,60.0,60.0,2017-03,2017,3
2017-03-12,20170312,20170110,20170312,YBJ72HKE,36.0,34,6,2,Lost,0.0,0.010848917763678769,61.0,61.0,2017-03,2017,3
2017-03-20,20170320,20170110,20170320,5DEO8EDS,58.0,24,1,4,Won,581.0,0.9714019233582561,69.0,69.0,2017-03,2017,3
2017-03-10,20170310,20170111,20170310,WPXAMXD2,25.0,10,5,2,Lost,0.0,0.004109621888881314,58.0,58.0,2017-03,2017,3
2017-03-28,20170328,20170111,20170328,A4BBDK82,30.0,6,1,4,Won,585.0,0.9765414942518608,76.0,76.0,2017-03,2017,3
2017-05-06,20170506,20170111,20170506,4XCJP60W,50.0,32,1,4,Won,572.0,0.9670511561781763,115.0,115.0,2017-05,2017,5
2017-03-12,20170312,20170111,20170312,CDKX2A19,85.0,4,4,4,Won,3669.0,0.9999999999962903,60.0,60.0,2017-03,2017,3
2017-03-16,20170316,20170111,20170316,344I60EI,31.0,27,6,4,Won,1091.0,0.9924783756278998,64.0,64.0,2017-03,2017,3
2017-03-31,20170331,20170111,20170331,YI30GSB5,57.0,7,6,2,Lost,0.0,0.024514541848948808,79.0,79.0,2017-03,2017,3
2017-03-17,20170317,20170111,20170317,0IYQX303,18.0,21,2,4,Won,4905.0,1.0,65.0,65.0,2017-03,2017,3
2017-03-10,20170310,20170112,20170310,6IMUQYMN,75.0,13,1,4,Won,540.0,0.9442269320096968,57.0,57.0,2017-03,2017,3
2017-03-20,20170320,20170112,20170320,N9GAZ6B6,85.0,8,3,4,Won,49.0,0.46520412985731496,67.0,67.0,2017-03,2017,3
2017-05-17,20170517,20170112,20170517,8O3IYWSM,29.0,6,1,4,Won,513.0,0.9213877518946109,125.0,125.0,2017-05,2017,5
2017-03-30,20170330,20170112,20170330,R3OR0J5C,30.0,4,3,4,Won,54.0,0.7002276970525247,77.0,77.0,2017-03,2017,3
2017-03-23,20170323,20170112,20170323,RXV4UXRE,80.0,12,3,4,Won,56.0,0.7753397219914875,70.0,70.0,2017-03,2017,3
2017-03-16,20170316,20170113,20170316,5AKGNKX1,45.0,1,3,4,Won,58.0,0.715940844851019,62.0,62.0,2017-03,2017,3
2017-03-27,20170327,20170113,20170327,KNLMLTJH,73.0,1,3,4,Won,58.0,0.7570149278393972,73.0,73.0,2017-03,2017,3
2017-03-21,20170321,20170113,20170321,G9GH5KV5,50.0,32,2,4,Won,4453.0,0.9999999999999991,67.0,67.0,2017-03,2017,3
2017-05-08,20170508,20170113,20170508,H06UZJH8,55.0,31,3,2,Lost,0.0,0.5005703724042492,115.0,115.0,2017-05,2017,5
2017-03-14,20170314,20170113,20170314,K1RXVUG9,50.0,31,1,4,Won,619.0,0.9667377639393202,60.0,60.0,2017-03,2017,3
2017-05-14,20170514,20170113,20170514,1QT3STIA,77.0,34,5,4,Won,5163.0,1.0,121.0,121.0,2017-05,2017,5
2017-03-25,20170325,20170113,20170325,070M5M6X,33.0,34,2,4,Won,4071.0,0.9999999999999696,71.0,71.0,2017-03,2017,3
2017-05-08,20170508,20170113,20170508,DFTR2O9K,18.0,21,3,4,Won,56.0,0.8540507984856878,115.0,115.0,2017-05,2017,5
2017-03-31,20170331,20170113,20170331,S9MECO24,69.0,12,4,2,Lost,0.0,0.004072403059343875,77.0,77.0,2017-03,2017,3
2017-03-29,20170329,20170114,20170329,EJSFO67U,84.0,20,2,4,Won,4375.0,0.9999999999999982,74.0,74.0,2017-03,2017,3
2017-03-28,20170328,20170114,20170328,SKTD4GGU,31.0,32,1,4,Won,610.0,0.9688209982848497,73.0,73.0,2017-03,2017,3
2017-05-05,20170505,20170114,20170505,SNAPG5KC,35.0,24,4,2,Lost,0.0,0.0038567198776842393,111.0,111.0,2017-05,2017,5
2017-03-17,20170317,20170114,20170317,561707V4,77.0,24,2,4,Won,4554.0,0.9999999999999993,62.0,62.0,2017-03,2017,3
2017-05-18,20170518,20170114,20170518,J28ZRO9G,44.0,16,4,4,Won,2880.0,0.9999999991742452,124.0,124.0,2017-05,2017,5
2017-05-02,20170502,20170115,20170502,KZ8Q0AFX,37.0,13,6,2,Lost,0.0,0.01383241153134238,107.0,107.0,2017-05,2017,5
2017-05-18,20170518,20170115,20170518,AOOFHH6F,61.0,27,3,4,Won,60.0,0.7598216527344162,123.0,123.0,2017-05,2017,5
2017-03-21,20170321,20170115,20170321,5U9Y1P87,12.0,34,1,4,Won,688.0,0.9870184631573634,65.0,65.0,2017-03,2017,3
2017-03-22,20170322,20170115,20170322,J0Y91LUA,32.0,34,5,4,Won,6142.0,1.0,66.0,66.0,2017-03,2017,3
2017-03-31,20170331,20170115,20170331,YBRZQFEO,33.0,34,2,4,Won,4939.0,1.0,75.0,75.0,2017-03,2017,3
2017-05-15,20170515,20170115,20170515,PHR8KB1Y,76.0,9,5,4,Won,6270.0,1.0,120.0,120.0,2017-05,2017,5
2017-03-29,20170329,20170115,20170329,TBZMXKH4,1.0,16,4,4,Won,3833.0,0.9999999999995934,73.0,73.0,2017-03,2017,3
2017-03-28,20170328,20170116,20170328,WNXZ1FGS,8.0,18,6,2,Lost,0.0,0.016854116980916264,71.0,71.0,2017-03,2017,3
2017-06-02,20170602,20170116,20170602,6389JY2H,36.0,5,3,4,Won,57.0,0.7102069608468037,137.0,137.0,2017-06,2017,6
2017-03-17,20170317,20170116,20170317,SZ81H1PM,9.0,3,3,4,Won,47.0,0.7379644942723121,60.0,60.0,2017-03,2017,3
2017-03-13,20170313,20170116,20170313,M842E8JB,20.0,12,3,2,Lost,0.0,0.4859160320689764,56.0,56.0,2017-03,2017,3
2017-03-19,20170319,20170117,20170319,JRJ7DBW5,56.0,18,4,2,Lost,0.0,0.0040929375377298195,61.0,61.0,2017-03,2017,3
2017-05-04,20170504,20170117,20170504,N9C0OCYY,38.0,8,3,4,Won,57.0,0.690772569741391,107.0,107.0,2017-05,2017,5
2017-03-14,20170314,20170117,20170314,R7XZAIWS,28.0,6,4,4,Won,3257.0,0.9999999999315121,56.0,56.0,2017-03,2017,3
2017-05-08,20170508,20170117,20170508,FFO5WOHT,70.0,32,1,4,Won,511.0,0.9447617194873376,111.0,111.0,2017-05,2017,5
2017-03-14,20170314,20170117,20170314,XHHJ48MJ,79.0,32,1,4,Won,607.0,0.9702701816435598,56.0,56.0,2017-03,2017,3
2017-03-29,20170329,20170117,20170329,YAR5GGA4,10.0,27,5,4,Won,5120.0,1.0,71.0,71.0,2017-03,2017,3
2017-03-23,20170323,20170117,20170323,NOVPMLOV,36.0,9,6,4,Won,1343.0,0.9993578582114808,65.0,65.0,2017-03,2017,3
2017-05-14,20170514,20170117,20170514,UPHN2I1Q,60.0,9,3,4,Won,55.0,0.7437585958930052,117.0,117.0,2017-05,2017,5
2017-03-30,20170330,20170117,20170330,NN9R2Y4W,22.0,24,3,4,Won,49.0,0.6790208665505028,72.0,72.0,2017-03,2017,3
2017-03-29,20170329,20170118,20170329,977FJ9QQ,71.0,22,1,2,Lost,0.0,0.10052332965143058,70.0,70.0,2017-03,2017,3
2017-06-04,20170604,20170118,20170604,A6Y1V5Z0,84.0,15,2,4,Won,4426.0,0.9999999999999993,137.0,137.0,2017-06,2017,6
2017-05-03,20170503,20170118,20170503,NU8LWEWU,34.0,30,5,4,Won,5264.0,1.0,105.0,105.0,2017-05,2017,5
2017-05-20,20170520,20170118,20170520,PFHS80CR,13.0,6,2,2,Lost,0.0,0.006351638928058112,122.0,122.0,2017-05,2017,5
2017-03-29,20170329,20170118,20170329,904203D6,19.0,5,3,4,Won,59.0,0.7552173410999397,70.0,70.0,2017-03,2017,3
2017-03-30,20170330,20170119,20170330,Z0TSV030,53.0,15,1,4,Won,617.0,0.9597551525632292,70.0,70.0,2017-03,2017,3
2017-06-04,20170604,20170119,20170604,8C4QM1X6,11.0,8,1,4,Won,565.0,0.9425226193958114,136.0,136.0,2017-06,2017,6
2017-03-01,20170301,20170119,20170301,NOPI41RP,65.0,30,1,4,Won,511.0,0.924355224074551,41.0,41.0,2017-03,2017,3
2017-05-08,20170508,20170119,20170508,2536CW3V,58.0,32,6,2,Lost,0.0,0.026089820304480184,109.0,109.0,2017-05,2017,5
2017-03-30,20170330,20170119,20170330,AC5YXLIR,22.0,31,3,4,Won,60.0,0.6945239285105419,70.0,70.0,2017-03,2017,3
2017-03-29,20170329,20170119,20170329,HSGJKH6U,54.0,31,4,4,Won,3407.0,0.99999999998309,69.0,69.0,2017-03,2017,3
2017-03-28,20170328,20170119,20170328,4TZF9N1D,77.0,31,4,4,Won,3273.0,0.9999999999284128,68.0,68.0,2017-03,2017,3
2017-03-26,20170326,20170119,20170326,HNKZ2IC6,79.0,27,6,2,Lost,0.0,0.008594414858441384,66.0,66.0,2017-03,2017,3
2017-05-05,20170505,20170119,20170505,BB6TCH8B,70.0,27,3,2,Lost,0.0,0.5023916533563123,106.0,106.0,2017-05,2017,5
2017-05-01,20170501,20170119,20170501,IMTPZV7J,30.0,5,4,4,Won,3363.0,0.9999999999881677,102.0,102.0,2017-05,2017,5
2017-03-31,20170331,20170119,20170331,6NXY7144,77.0,24,1,4,Won,365.0,0.6570044926783087,71.0,71.0,2017-03,2017,3
2017-03-18,20170318,20170119,20170318,KBKHKULU,47.0,33,5,4,Won,4869.0,1.0,58.0,58.0,2017-03,2017,3
2017-06-06,20170606,20170120,20170606,INMJIFTF,52.0,13,1,4,Won,599.0,0.9810126995975215,137.0,137.0,2017-06,2017,6
2017-05-20,20170520,20170120,20170520,FUVQ5UKB,44.0,18,4,4,Won,3194.0,0.999999999939017,120.0,120.0,2017-05,2017,5
2017-06-05,20170605,20170120,20170605,O462ARMZ,12.0,15,5,4,Won,5429.0,1.0,136.0,136.0,2017-06,2017,6
2017-05-05,20170505,20170120,20170505,6DCKCXDC,36.0,6,2,4,Won,5008.0,1.0,105.0,105.0,2017-05,2017,5
2017-03-28,20170328,20170120,20170328,QVF0JRM5,16.0,6,4,4,Won,3459.0,0.9999999999928768,67.0,67.0,2017-03,2017,3
2017-05-25,20170525,20170120,20170525,7QGG2LO3,77.0,31,2,2,Lost,0.0,0.0031070430319797603,125.0,125.0,2017-05,2017,5
2017-03-07,20170307,20170120,20170307,Y6HNPIIT,36.0,31,2,4,Won,4559.0,0.9999999999999996,46.0,46.0,2017-03,2017,3
2017-03-28,20170328,20170120,20170328,IBKRO1AN,46.0,31,2,4,Won,4221.0,0.999999999999992,67.0,67.0,2017-03,2017,3
2017-03-11,20170311,20170120,20170311,3TDWLPMV,76.0,4,4,2,Lost,0.0,0.0029550674999605803,50.0,50.0,2017-03,2017,3
2017-03-06,20170306,20170120,20170306,JN1ZFD18,16.0,4,3,4,Won,56.0,0.5585383947785383,45.0,45.0,2017-03,2017,3
2017-05-03,20170503,20170120,20170503,ZE7ILYKB,50.0,27,2,4,Won,5508.0,1.0,103.0,103.0,2017-05,2017,5
2017-03-24,20170324,20170120,20170324,SRFVQ0HG,11.0,5,6,2,Lost,0.0,0.008233430761071346,63.0,63.0,2017-03,2017,3
2017-03-20,20170320,20170120,20170320,D7H1EGS9,47.0,33,1,2,Lost,0.0,0.06073655044198119,59.0,59.0,2017-03,2017,3
2017-03-09,20170309,20170121,20170309,1DDW2GQW,9.0,1,4,2,Lost,0.0,0.005174711569651689,47.0,47.0,2017-03,2017,3
2017-03-19,20170319,20170121,20170319,WPGTHV8V,59.0,10,1,4,Won,657.0,0.9834393194029624,57.0,57.0,2017-03,2017,3
2017-05-05,20170505,20170121,20170505,6GNJMYMO,41.0,32,2,2,Lost,0.0,0.005036584479763133,104.0,104.0,2017-05,2017,5
2017-03-25,20170325,20170121,20170325,GWAT8UWK,62.0,4,1,4,Won,638.0,0.954399978144152,63.0,63.0,2017-03,2017,3
2017-06-06,20170606,20170121,20170606,IZD69C5Q,3.0,7,3,4,Won,41.0,0.7425486311130597,136.0,136.0,2017-06,2017,6
2017-05-07,20170507,20170121,20170507,QFU565JJ,37.0,14,5,4,Won,5582.0,1.0,106.0,106.0,2017-05,2017,5
2017-05-20,20170520,20170121,20170520,Z5BCBTAO,45.0,3,3,4,Won,60.0,0.7632501369435651,119.0,119.0,2017-05,2017,5
2017-05-03,20170503,20170121,20170503,2KKRRM1G,79.0,33,6,4,Won,1036.0,0.9920006024681984,102.0,102.0,2017-05,2017,5
2017-05-12,20170512,20170122,20170512,RLUGVSNV,25.0,10,6,4,Won,943.0,0.9824212993461869,110.0,110.0,2017-05,2017,5
2017-06-07,20170607,20170122,20170607,ZKSJ1DOK,42.0,28,1,4,Won,581.0,0.9570291494217288,136.0,136.0,2017-06,2017,6
2017-05-15,20170515,20170122,20170515,K8RQWTP4,11.0,6,3,2,Lost,0.0,0.5557789427987768,113.0,113.0,2017-05,2017,5
2017-05-07,20170507,20170122,20170507,RSZC6BMW,72.0,5,1,4,Won,538.0,0.9374722726872023,105.0,105.0,2017-05,2017,5
2017-03-28,20170328,20170122,20170328,O7YNBRX0,18.0,21,6,4,Won,1100.0,0.9982399906740776,65.0,65.0,2017-03,2017,3
2017-05-05,20170505,20170123,20170505,AAYV8GV4,38.0,1,4,2,Lost,0.0,0.00535733434448533,102.0,102.0,2017-05,2017,5
2017-05-28,20170528,20170123,20170528,EDEBWIOX,23.0,2,4,2,Lost,0.0,0.004547401011698259,125.0,125.0,2017-05,2017,5
2017-05-17,20170517,20170123,20170517,VAH6Y3F6,36.0,6,6,4,Won,1039.0,0.994601161490953,114.0,114.0,2017-05,2017,5
2017-05-11,20170511,20170123,20170511,4U431MNA,15.0,4,3,2,Lost,0.0,0.46738235485930063,108.0,108.0,2017-05,2017,5
2017-05-10,20170510,20170123,20170510,5HKAT5GS,74.0,21,6,4,Won,1076.0,0.9954485347473335,107.0,107.0,2017-05,2017,5
2017-05-06,20170506,20170123,20170506,F5VDTC4M,44.0,25,3,2,Lost,0.0,0.5750885096708883,103.0,103.0,2017-05,2017,5
2017-05-23,20170523,20170123,20170523,UO4KXDBC,58.0,25,3,2,Lost,0.0,0.6540821752785673,120.0,120.0,2017-05,2017,5
2017-03-16,20170316,20170123,20170316,TBIW957T,60.0,3,3,4,Won,53.0,0.7817130768312165,52.0,52.0,2017-03,2017,3
2017-03-23,20170323,20170123,20170323,MSEIIH95,67.0,3,4,4,Won,3046.0,0.9999999995530988,59.0,59.0,2017-03,2017,3
2017-05-06,20170506,20170123,20170506,V4324HG4,1.0,12,3,2,Lost,0.0,0.472870464917101,103.0,103.0,2017-05,2017,5
2017-03-30,20170330,20170123,20170330,N852D2Z8,61.0,33,1,2,Lost,0.0,0.13407045572105636,66.0,66.0,2017-03,2017,3
2017-03-31,20170331,20170124,20170331,CF1CSNPX,42.0,18,2,4,Won,5140.0,1.0,66.0,66.0,2017-03,2017,3
2017-05-17,20170517,20170124,20170517,NOXNFJ2L,76.0,10,6,4,Won,1067.0,0.9963718623416478,113.0,113.0,2017-05,2017,5
2017-05-29,20170529,20170125,20170529,3LJAJVHR,53.0,19,2,2,Lost,0.0,0.0038975492911471083,124.0,124.0,2017-05,2017,5
2017-03-21,20170321,20170125,20170321,NN6CSUWT,81.0,18,6,4,Won,1065.0,0.9922953335992823,55.0,55.0,2017-03,2017,3
2017-05-06,20170506,20170125,20170506,X69POZIN,47.0,31,1,4,Won,481.0,0.8778127606447401,101.0,101.0,2017-05,2017,5
2017-05-22,20170522,20170125,20170522,4FAEDB16,41.0,27,1,2,Lost,0.0,0.07908170920867093,117.0,117.0,2017-05,2017,5
2017-03-06,20170306,20170125,20170306,CPGCT81C,14.0,34,1,4,Won,499.0,0.9410644289122658,40.0,40.0,2017-03,2017,3
2017-05-07,20170507,20170125,20170507,TK9T01QM,1.0,21,2,2,Lost,0.0,0.003690588422496444,102.0,102.0,2017-05,2017,5
2017-03-08,20170308,20170125,20170308,P13DDOTM,5.0,14,3,4,Won,59.0,0.6488202462332749,42.0,42.0,2017-03,2017,3
2017-05-01,20170501,20170125,20170501,1PN7TVPX,36.0,24,3,2,Lost,0.0,0.5677586796608967,96.0,96.0,2017-05,2017,5
2017-05-09,20170509,20170125,20170509,9ZKORPL2,37.0,12,3,4,Won,45.0,0.6738802317675521,104.0,104.0,2017-05,2017,5
2017-05-14,20170514,20170125,20170514,1ZCOKNNI,65.0,33,2,4,Won,5743.0,1.0,109.0,109.0,2017-05,2017,5
2017-05-13,20170513,20170126,20170513,BVYMJ6TD,75.0,19,5,4,Won,6117.0,1.0,107.0,107.0,2017-05,2017,5
2017-05-26,20170526,20170126,20170526,W5ADQ9SH,16.0,10,2,2,Lost,0.0,0.005200262837982034,120.0,120.0,2017-05,2017,5
2017-03-19,20170319,20170126,20170319,VXX8GJGY,71.0,20,6,4,Won,1158.0,0.9959567955189959,52.0,52.0,2017-03,2017,3
2017-05-22,20170522,20170126,20170522,ES9L0DXE,43.0,15,3,4,Won,59.0,0.6675154580839029,116.0,116.0,2017-05,2017,5
2017-05-24,20170524,20170126,20170524,AANB25RH,14.0,32,6,2,Lost,0.0,0.033434719678032354,118.0,118.0,2017-05,2017,5
2017-03-24,20170324,20170126,20170324,36PTGLTW,77.0,34,4,4,Won,3106.0,0.9999999996441338,57.0,57.0,2017-03,2017,3
2017-03-19,20170319,20170126,20170319,6WTNSL1T,51.0,25,4,4,Won,2982.0,0.9999999994364714,52.0,52.0,2017-03,2017,3
2017-03-16,20170316,20170126,20170316,PV1DISEC,36.0,33,5,4,Won,6101.0,1.0,49.0,49.0,2017-03,2017,3
2017-05-08,20170508,20170127,20170508,S6BG03TB,73.0,1,5,4,Won,5883.0,1.0,101.0,101.0,2017-05,2017,5
2017-05-22,20170522,20170127,20170522,2YOW2BI0,78.0,13,5,4,Won,5051.0,1.0,115.0,115.0,2017-05,2017,5
2017-05-11,20170511,20170127,20170511,IQ9KYZCG,67.0,10,6,4,Won,1155.0,0.9965476902694967,104.0,104.0,2017-05,2017,5
2017-05-10,20170510,20170127,20170510,AWDOKG69,7.0,15,1,2,Lost,0.0,0.10099346125014441,103.0,103.0,2017-05,2017,5
2017-03-06,20170306,20170127,20170306,C4AFMVFM,10.0,30,5,4,Won,5616.0,1.0,38.0,38.0,2017-03,2017,3
2017-06-06,20170606,20170127,20170606,WK6ERCGR,31.0,30,5,4,Won,5116.0,1.0,130.0,130.0,2017-06,2017,6
2017-03-30,20170330,20170127,20170330,64DJ954O,12.0,31,6,4,Won,1136.0,0.9978369667247514,62.0,62.0,2017-03,2017,3
2017-06-01,20170601,20170128,20170601,84V18DBW,23.0,1,6,4,Won,1216.0,0.9988537455618721,124.0,124.0,2017-06,2017,6
2017-05-02,20170502,20170128,20170502,WFY0S4WW,36.0,1,6,4,Won,1089.0,0.9964913600254603,94.0,94.0,2017-05,2017,5
2017-06-04,20170604,20170128,20170604,HA1KXAIS,12.0,19,4,4,Won,3908.0,0.9999999999999196,127.0,127.0,2017-06,2017,6
2017-05-27,20170527,20170128,20170527,EAYD98X2,19.0,10,2,2,Lost,0.0,0.007912000236338087,119.0,119.0,2017-05,2017,5
2017-05-18,20170518,20170128,20170518,YR4W59KS,23.0,10,2,2,Lost,0.0,0.004128045529717611,110.0,110.0,2017-05,2017,5
2017-05-07,20170507,20170128,20170507,SNFW1FD7,68.0,10,4,4,Won,3369.0,0.9999999999867539,99.0,99.0,2017-05,2017,5
2017-05-20,20170520,20170128,20170520,2EOF1QCY,41.0,30,5,4,Won,5259.0,1.0,112.0,112.0,2017-05,2017,5
2017-05-08,20170508,20170128,20170508,O5O4ZAAC,79.0,34,6,2,Lost,0.0,0.013200042530073893,100.0,100.0,2017-05,2017,5
2017-03-30,20170330,20170128,20170330,YBAKNQ8Z,8.0,21,4,2,Lost,0.0,0.0073956449746341415,61.0,61.0,2017-03,2017,3
2017-05-25,20170525,20170129,20170525,QY6HCHDH,12.0,1,3,4,Won,52.0,0.8107430748620179,116.0,116.0,2017-05,2017,5
2017-05-11,20170511,20170129,20170511,CZ3XOD03,1.0,22,5,4,Won,5772.0,1.0,102.0,102.0,2017-05,2017,5
2017-03-13,20170313,20170129,20170313,LQ44KCMI,74.0,19,2,2,Lost,0.0,0.0024845556755933767,43.0,43.0,2017-03,2017,3
2017-03-21,20170321,20170129,20170321,WVJBVA61,16.0,2,4,4,Won,3496.0,0.9999999999944078,51.0,51.0,2017-03,2017,3
2017-03-12,20170312,20170129,20170312,MV9AO6WU,24.0,28,4,4,Won,3602.0,0.9999999999983717,42.0,42.0,2017-03,2017,3
2017-03-09,20170309,20170129,20170309,VS2G74XQ,80.0,15,3,4,Won,57.0,0.7320091426528609,39.0,39.0,2017-03,2017,3
2017-05-11,20170511,20170129,20170511,Q37IWCG1,25.0,8,3,4,Won,51.0,0.6117876738373704,102.0,102.0,2017-05,2017,5
2017-06-14,20170614,20170129,20170614,CUR03RXO,65.0,26,4,4,Won,3689.0,0.9999999999994496,136.0,136.0,2017-06,2017,6
2017-05-03,20170503,20170129,20170503,81APSLDP,77.0,30,6,4,Won,1170.0,0.9969037795452033,94.0,94.0,2017-05,2017,5
2017-03-06,20170306,20170129,20170306,RBXWRHBJ,60.0,6,1,2,Lost,0.0,0.14603049011190788,36.0,36.0,2017-03,2017,3
2017-05-06,20170506,20170129,20170506,G2GU9DYX,57.0,6,2,4,Won,4736.0,1.0,97.0,97.0,2017-05,2017,5
2017-05-05,20170505,20170129,20170505,05DTWSVC,28.0,9,3,2,Lost,0.0,0.4063190543057273,96.0,96.0,2017-05,2017,5
2017-05-22,20170522,20170129,20170522,2YQHHWJ3,85.0,3,3,2,Lost,0.0,0.47493426636245484,113.0,113.0,2017-05,2017,5
2017-05-25,20170525,20170129,20170525,ZW58VIDI,35.0,24,3,4,Won,64.0,0.7009905030378816,116.0,116.0,2017-05,2017,5
2017-06-05,20170605,20170129,20170605,Q7IIF1IP,41.0,24,3,4,Won,55.0,0.6930669611948277,127.0,127.0,2017-06,2017,6
2017-03-13,20170313,20170129,20170313,AALARPLH,32.0,24,4,4,Won,2970.0,0.9999999994882758,43.0,43.0,2017-03,2017,3
2017-05-19,20170519,20170130,20170519,5FFY13G5,62.0,2,3,2,Lost,0.0,0.5836890973142768,109.0,109.0,2017-05,2017,5
2017-05-13,20170513,20170130,20170513,01X8H9SO,8.0,13,2,4,Won,5035.0,1.0,103.0,103.0,2017-05,2017,5
2017-05-31,20170531,20170130,20170531,VLADQZ43,16.0,10,2,2,Lost,0.0,0.005230296896939386,121.0,121.0,2017-05,2017,5
2017-03-10,20170310,20170130,20170310,N9VYMV3W,25.0,10,2,4,Won,4774.0,1.0,39.0,39.0,2017-03,2017,3
2017-05-16,20170516,20170130,20170516,2FTB6A7I,42.0,30,5,4,Won,5390.0,1.0,106.0,106.0,2017-05,2017,5
2017-06-06,20170606,20170130,20170606,7V9A9TXZ,11.0,7,6,4,Won,1190.0,0.9984409865452567,127.0,127.0,2017-06,2017,6
2017-05-14,20170514,20170130,20170514,HWDRCUYU,3.0,5,5,4,Won,5755.0,1.0,104.0,104.0,2017-05,2017,5
2017-06-13,20170613,20170130,20170613,GFV4W89I,61.0,25,2,4,Won,4933.0,1.0,134.0,134.0,2017-06,2017,6
2017-06-04,20170604,20170130,20170604,7A4AC5BC,59.0,3,4,4,Won,3642.0,0.9999999999992772,125.0,125.0,2017-06,2017,6
2017-05-07,20170507,20170130,20170507,3B6HWK65,6.0,24,3,2,Lost,0.0,0.5670048768065936,97.0,97.0,2017-05,2017,5
2017-03-17,20170317,20170131,20170317,A3BK99P6,42.0,19,4,4,Won,2923.0,0.9999999986391137,45.0,45.0,2017-03,2017,3
2017-03-10,20170310,20170131,20170310,NY21X16G,85.0,10,2,4,Won,5035.0,1.0,38.0,38.0,2017-03,2017,3
2017-05-26,20170526,20170131,20170526,O5BC64NW,83.0,34,2,2,Lost,0.0,0.005858915281098512,115.0,115.0,2017-05,2017,5
2017-05-20,20170520,20170131,20170520,4DW2FDX4,15.0,3,3,4,Won,54.0,0.7194361374920394,109.0,109.0,2017-05,2017,5
2017-05-01,20170501,20170131,20170501,A66X4Q2J,45.0,3,3,4,Won,54.0,0.7208561667132927,90.0,90.0,2017-05,2017,5
2017-05-26,20170526,20170131,20170526,IT9YW5RP,37.0,16,1,4,Won,592.0,0.9665010327109755,115.0,115.0,2017-05,2017,5
2017-05-16,20170516,20170201,20170516,7IZ2GMYK,72.0,10,1,4,Won,640.0,0.9777593917007529,104.0,104.0,2017-05,2017,5
2017-05-05,20170505,20170201,20170505,TTY0X4TG,19.0,10,2,4,Won,5127.0,1.0,93.0,93.0,2017-05,2017,5
2017-06-17,20170617,20170201,20170617,L8D22SSW,3.0,10,4,4,Won,3822.0,0.9999999999997748,136.0,136.0,2017-06,2017,6
2017-06-17,20170617,20170201,20170617,ZDDZ64A2,19.0,8,4,2,Lost,0.0,0.007192470271555716,136.0,136.0,2017-06,2017,6
2017-06-13,20170613,20170201,20170613,RDJFZGM9,6.0,32,3,2,Lost,0.0,0.6640376570858573,132.0,132.0,2017-06,2017,6
2017-05-02,20170502,20170201,20170502,4563ENEB,30.0,4,1,4,Won,574.0,0.9604173393617204,90.0,90.0,2017-05,2017,5
2017-06-18,20170618,20170201,20170618,4WP0VJAS,11.0,4,4,4,Won,2525.0,0.9999999498038264,137.0,137.0,2017-06,2017,6
2017-06-07,20170607,20170201,20170607,60UOBOEM,34.0,25,7,4,Won,30288.0,1.0,126.0,126.0,2017-06,2017,6
2017-05-18,20170518,20170201,20170518,AJZB6F22,32.0,24,5,2,Lost,0.0,0.009472862918075598,106.0,106.0,2017-05,2017,5
2017-03-29,20170329,20170201,20170329,W4K39GNG,61.0,33,1,2,Lost,0.0,0.1345288582721594,56.0,56.0,2017-03,2017,3
2017-05-09,20170509,20170202,20170509,IXOHJYRM,10.0,28,7,2,Lost,0.0,0.024065720835409116,96.0,96.0,2017-05,2017,5
2017-05-01,20170501,20170202,20170501,RMNHSNW9,42.0,28,3,2,Lost,0.0,0.5216430113284685,88.0,88.0,2017-05,2017,5
2017-05-14,20170514,20170202,20170514,QPFNQYMV,38.0,8,4,4,Won,3581.0,0.9999999999975562,101.0,101.0,2017-05,2017,5
2017-03-12,20170312,20170202,20170312,D77SFTS4,76.0,6,6,2,Lost,0.0,0.015258477977624816,38.0,38.0,2017-03,2017,3
2017-05-05,20170505,20170202,20170505,WRBWZRFD,13.0,9,2,2,Lost,0.0,0.003762845445843655,92.0,92.0,2017-05,2017,5
2017-03-30,20170330,20170202,20170330,031BBF1I,23.0,3,3,4,Won,54.0,0.6790294524975022,56.0,56.0,2017-03,2017,3
2017-06-03,20170603,20170203,20170603,O11S2R63,44.0,22,6,4,Won,1121.0,0.9979676585258003,120.0,120.0,2017-06,2017,6
2017-06-04,20170604,20170203,20170604,G13DD850,63.0,19,1,4,Won,477.0,0.9257983743067043,121.0,121.0,2017-06,2017,6
2017-05-05,20170505,20170203,20170505,WZU2OHYU,12.0,13,1,4,Won,515.0,0.9558609287419882,91.0,91.0,2017-05,2017,5
2017-05-01,20170501,20170203,20170501,HVODWXRO,26.0,18,3,2,Lost,0.0,0.45730917675638816,87.0,87.0,2017-05,2017,5
2017-05-11,20170511,20170203,20170511,N3JIVUNY,74.0,20,4,2,Lost,0.0,0.0022552830114803118,97.0,97.0,2017-05,2017,5
2017-06-20,20170620,20170203,20170620,RGCH6CUF,32.0,26,6,4,Won,975.0,0.9951253241384407,137.0,137.0,2017-06,2017,6
2017-05-01,20170501,20170203,20170501,JX7WZ9UP,70.0,26,4,4,Won,3376.0,0.9999999999881999,87.0,87.0,2017-05,2017,5
2017-03-12,20170312,20170203,20170312,FDCEBWRI,21.0,30,1,4,Won,458.0,0.8428805198657031,37.0,37.0,2017-03,2017,3
2017-05-16,20170516,20170203,20170516,ZL6TJDPG,29.0,6,1,2,Lost,0.0,0.09745831127785182,102.0,102.0,2017-05,2017,5
2017-05-23,20170523,20170203,20170523,DWBSHB8M,31.0,32,1,2,Lost,0.0,0.13255061412077535,109.0,109.0,2017-05,2017,5
2017-03-14,20170314,20170203,20170314,0AJ6LTZ0,31.0,32,1,4,Won,622.0,0.9679943201222337,39.0,39.0,2017-03,2017,3
2017-06-09,20170609,20170203,20170609,SVMB8M7E,47.0,32,1,4,Won,441.0,0.8787978461625573,126.0,126.0,2017-06,2017,6
2017-05-15,20170515,20170203,20170515,6AWEAWCM,44.0,31,2,2,Lost,0.0,0.005820382616332646,101.0,101.0,2017-05,2017,5
2017-05-21,20170521,20170203,20170521,4Q4NBPD6,59.0,7,1,4,Won,538.0,0.9703027046097122,107.0,107.0,2017-05,2017,5
2017-03-29,20170329,20170203,20170329,K8VSDOP8,32.0,34,5,4,Won,4667.0,1.0,54.0,54.0,2017-03,2017,3
2017-06-15,20170615,20170203,20170615,YNP9PI1X,11.0,9,6,4,Won,1018.0,0.9886395051892323,132.0,132.0,2017-06,2017,6
2017-05-09,20170509,20170203,20170509,3XVY4LEU,7.0,21,2,4,Won,4671.0,1.0,95.0,95.0,2017-05,2017,5
2017-05-16,20170516,20170203,20170516,8K1OGB0R,8.0,12,2,4,Won,4634.0,1.0,102.0,102.0,2017-05,2017,5
2017-06-10,20170610,20170203,20170610,RTKUPEX7,41.0,33,6,2,Lost,0.0,0.011024070955250539,127.0,127.0,2017-06,2017,6
2017-05-09,20170509,20170204,20170509,QQDO45YR,76.0,2,4,4,Won,3470.0,0.9999999999954214,94.0,94.0,2017-05,2017,5
2017-05-18,20170518,20170204,20170518,HT25XIAV,63.0,18,6,2,Lost,0.0,0.015779092701719476,103.0,103.0,2017-05,2017,5
2017-05-30,20170530,20170204,20170530,88KUDE6J,1.0,20,5,4,Won,5366.0,1.0,115.0,115.0,2017-05,2017,5
2017-05-26,20170526,20170204,20170526,AOOD3MWW,60.0,8,6,2,Lost,0.0,0.02121990362804446,111.0,111.0,2017-05,2017,5
2017-05-17,20170517,20170204,20170517,RZ2PUH86,34.0,31,1,4,Won,582.0,0.9569701229881082,102.0,102.0,2017-05,2017,5
2017-05-02,20170502,20170204,20170502,GLVSDQQT,70.0,31,1,4,Won,583.0,0.9608027640957199,87.0,87.0,2017-05,2017,5
2017-05-16,20170516,20170204,20170516,107BPCAS,15.0,9,1,2,Lost,0.0,0.0820176517498003,101.0,101.0,2017-05,2017,5
2017-05-19,20170519,20170204,20170519,OCLEO3CD,21.0,24,5,4,Won,6079.0,1.0,104.0,104.0,2017-05,2017,5
2017-05-07,20170507,20170204,20170507,FTVCNH87,21.0,33,6,2,Lost,0.0,0.008071007695158675,92.0,92.0,2017-05,2017,5
2017-06-02,20170602,20170204,20170602,GQCRMEIL,44.0,33,6,4,Won,1068.0,0.9953797500444755,118.0,118.0,2017-06,2017,6
2017-05-04,20170504,20170205,20170504,UK2JIE61,9.0,1,3,4,Won,55.0,0.775565671007482,88.0,88.0,2017-05,2017,5
2017-05-02,20170502,20170205,20170502,AEDL7EC6,80.0,19,4,2,Lost,0.0,0.005975404720959772,86.0,86.0,2017-05,2017,5
2017-03-27,20170327,20170205,20170327,OV5X3O5I,2.0,19,1,4,Won,493.0,0.8903261091273182,50.0,50.0,2017-03,2017,3
2017-06-20,20170620,20170205,20170620,MMWX1A4H,59.0,10,6,2,Lost,0.0,0.023963538960942544,135.0,135.0,2017-06,2017,6
2017-03-25,20170325,20170205,20170325,LSVMMUJ0,12.0,10,2,4,Won,5559.0,1.0,48.0,48.0,2017-03,2017,3
2017-05-09,20170509,20170205,20170509,97KFQSX1,61.0,28,4,4,Won,3351.0,0.9999999999886013,93.0,93.0,2017-05,2017,5
2017-05-13,20170513,20170205,20170513,08APB75Q,39.0,4,1,4,Won,501.0,0.8855303357300832,97.0,97.0,2017-05,2017,5
2017-05-08,20170508,20170205,20170508,6RL97BR9,38.0,5,3,2,Lost,0.0,0.5712395602671991,92.0,92.0,2017-05,2017,5
2017-05-07,20170507,20170205,20170507,TPVFA5B8,49.0,21,1,4,Won,532.0,0.9572513407757214,91.0,91.0,2017-05,2017,5
2017-05-24,20170524,20170205,20170524,FHLOUD3V,65.0,24,3,2,Lost,0.0,0.6328178045229342,108.0,108.0,2017-05,2017,5
2017-05-04,20170504,20170205,20170504,4E01ALB0,33.0,24,4,4,Won,3103.0,0.9999999998208593,88.0,88.0,2017-05,2017,5
2017-05-22,20170522,20170206,20170522,K4HVGBVH,27.0,13,5,4,Won,5505.0,1.0,105.0,105.0,2017-05,2017,5
2017-05-22,20170522,20170206,20170522,XDLQ71X4,79.0,32,6,2,Lost,0.0,0.01842800191124626,105.0,105.0,2017-05,2017,5
2017-05-15,20170515,20170206,20170515,L33YUX9V,57.0,5,6,4,Won,1068.0,0.9966003359543809,98.0,98.0,2017-05,2017,5
2017-05-04,20170504,20170206,20170504,QT7LRWTN,10.0,24,4,4,Won,3357.0,0.9999999999848876,87.0,87.0,2017-05,2017,5
2017-05-06,20170506,20170206,20170506,Q1JKHY7H,49.0,12,3,2,Lost,0.0,0.612233922770658,89.0,89.0,2017-05,2017,5
2017-05-27,20170527,20170206,20170527,BY0O646G,65.0,33,1,2,Lost,0.0,0.11163868203244033,110.0,110.0,2017-05,2017,5
2017-06-23,20170623,20170206,20170623,5831YZMT,24.0,33,1,4,Won,532.0,0.9607371301494095,137.0,137.0,2017-06,2017,6
2017-05-06,20170506,20170207,20170506,AZUBCO7L,12.0,18,4,2,Lost,0.0,0.00555821865079259,88.0,88.0,2017-05,2017,5
2017-05-05,20170505,20170207,20170505,FOWAY95L,25.0,10,5,4,Won,5786.0,1.0,87.0,87.0,2017-05,2017,5
2017-05-11,20170511,20170207,20170511,KGZL60NI,65.0,26,6,2,Lost,0.0,0.019285153992010858,93.0,93.0,2017-05,2017,5
2017-05-19,20170519,20170207,20170519,SRZMNS79,68.0,6,6,4,Won,1131.0,0.9980772384253245,101.0,101.0,2017-05,2017,5
2017-05-15,20170515,20170207,20170515,0XMB83YO,61.0,32,5,4,Won,5401.0,1.0,97.0,97.0,2017-05,2017,5
2017-03-28,20170328,20170207,20170328,4TEO0LE1,45.0,7,6,4,Won,1062.0,0.9952459483671232,49.0,49.0,2017-03,2017,3
2017-03-23,20170323,20170207,20170323,5P82H5AA,84.0,21,4,4,Won,3695.0,0.9999999999994733,44.0,44.0,2017-03,2017,3
2017-06-04,20170604,20170207,20170604,BN8UTT8O,12.0,14,3,2,Lost,0.0,0.6736990029960108,117.0,117.0,2017-06,2017,6
2017-06-03,20170603,20170207,20170603,V751HK8R,23.0,3,3,4,Won,60.0,0.7321983393644911,116.0,116.0,2017-06,2017,6
2017-05-28,20170528,20170207,20170528,H4TBCR80,34.0,24,2,2,Lost,0.0,0.0044487457362282,110.0,110.0,2017-05,2017,5
2017-06-13,20170613,20170207,20170613,QWL218JV,64.0,24,4,4,Won,2919.0,0.999999999368576,126.0,126.0,2017-06,2017,6
2017-05-01,20170501,20170208,20170501,12M4HB7G,56.0,19,1,4,Won,623.0,0.9754393963305998,82.0,82.0,2017-05,2017,5
2017-03-31,20170331,20170208,20170331,1XVTUE5J,74.0,13,3,2,Lost,0.0,0.4891260359458756,51.0,51.0,2017-03,2017,3
2017-05-04,20170504,20170208,20170504,3VKO28KR,62.0,10,4,2,Lost,0.0,0.003555021254407079,85.0,85.0,2017-05,2017,5
2017-05-04,20170504,20170208,20170504,5IES0B4B,61.0,30,3,4,Won,49.0,0.7979464821867992,85.0,85.0,2017-05,2017,5
2017-05-24,20170524,20170208,20170524,HUFYU0AT,66.0,6,1,2,Lost,0.0,0.2716037329131685,105.0,105.0,2017-05,2017,5
2017-05-04,20170504,20170208,20170504,GMI6XZ4O,11.0,6,1,4,Won,612.0,0.9627320462539689,85.0,85.0,2017-05,2017,5
2017-03-18,20170318,20170208,20170318,YOQCQ4UO,36.0,32,1,4,Won,534.0,0.9380165236966769,38.0,38.0,2017-03,2017,3
2017-06-07,20170607,20170208,20170607,KOZTDBJ5,12.0,32,6,4,Won,1103.0,0.9981578323252763,119.0,119.0,2017-06,2017,6
2017-05-10,20170510,20170208,20170510,8NMPO9K3,13.0,4,1,4,Won,582.0,0.9486673502963893,91.0,91.0,2017-05,2017,5
2017-05-13,20170513,20170208,20170513,PU7GV4MK,12.0,7,4,2,Lost,0.0,0.007738489468095761,94.0,94.0,2017-05,2017,5
2017-05-04,20170504,20170208,20170504,RCQDGE4W,9.0,7,5,4,Won,6292.0,1.0,85.0,85.0,2017-05,2017,5
2017-06-25,20170625,20170208,20170625,ZT832XIR,25.0,9,3,2,Lost,0.0,0.5036319194976625,137.0,137.0,2017-06,2017,6
2017-05-24,20170524,20170208,20170524,I995O4XJ,34.0,25,3,4,Won,63.0,0.6468837692082702,105.0,105.0,2017-05,2017,5
2017-05-13,20170513,20170208,20170513,EOXZGSX9,29.0,3,4,4,Won,3522.0,0.9999999999953251,94.0,94.0,2017-05,2017,5
2017-05-29,20170529,20170208,20170529,PW5OGY78,44.0,24,3,2,Lost,0.0,0.6554599540350726,110.0,110.0,2017-05,2017,5
2017-05-04,20170504,20170208,20170504,NJCSG7MX,54.0,24,1,4,Won,532.0,0.9191194567930974,85.0,85.0,2017-05,2017,5
2017-05-04,20170504,20170208,20170504,ZYRF768H,40.0,12,3,2,Lost,0.0,0.6471160992189487,85.0,85.0,2017-05,2017,5
2017-05-22,20170522,20170208,20170522,5Q8BQ64R,43.0,16,4,4,Won,3645.0,0.9999999999985232,103.0,103.0,2017-05,2017,5
2017-05-10,20170510,20170208,20170510,ZNNBFAKF,79.0,33,2,2,Lost,0.0,0.0037114940872972836,91.0,91.0,2017-05,2017,5
2017-03-01,20170301,20170209,20170301,L47EPGVT,30.0,1,5,4,Won,4760.0,1.0,20.0,20.0,2017-03,2017,3
2017-05-25,20170525,20170209,20170525,9GENDMWA,2.0,13,1,4,Won,603.0,0.9687179411904708,105.0,105.0,2017-05,2017,5
2017-05-22,20170522,20170209,20170522,DHACLHPS,5.0,18,1,2,Lost,0.0,0.12194808198178136,102.0,102.0,2017-05,2017,5
2017-03-02,20170302,20170209,20170302,GKLE0CDI,80.0,18,4,4,Won,3249.0,0.9999999999528917,21.0,21.0,2017-03,2017,3
2017-03-17,20170317,20170209,20170317,E9DJS1D8,19.0,10,2,2,Lost,0.0,0.005745765432742304,36.0,36.0,2017-03,2017,3
2017-05-18,20170518,20170209,20170518,22ZJM20V,67.0,10,2,2,Lost,0.0,0.003050212087673778,98.0,98.0,2017-05,2017,5
2017-05-09,20170509,20170209,20170509,C47Z92AG,85.0,10,2,2,Lost,0.0,0.002280858385905971,89.0,89.0,2017-05,2017,5
2017-06-11,20170611,20170209,20170611,XT9YNOV2,1.0,20,5,4,Won,5724.0,1.0,122.0,122.0,2017-06,2017,6
2017-05-02,20170502,20170209,20170502,TMZQX7F8,34.0,26,6,2,Lost,0.0,0.01416181516512672,82.0,82.0,2017-05,2017,5
2017-05-11,20170511,20170209,20170511,5JHSTFEZ,54.0,26,6,2,Lost,0.0,0.013005483352518088,91.0,91.0,2017-05,2017,5
2017-05-02,20170502,20170209,20170502,BAOSO1I2,22.0,31,1,4,Won,516.0,0.9295833435899273,82.0,82.0,2017-05,2017,5
2017-05-27,20170527,20170209,20170527,IZDF2RTL,57.0,7,6,4,Won,1050.0,0.9972442345348964,107.0,107.0,2017-05,2017,5
2017-05-23,20170523,20170209,20170523,F61DLVRS,54.0,34,5,4,Won,4519.0,0.9999999999999996,103.0,103.0,2017-05,2017,5
2017-05-25,20170525,20170209,20170525,80F0J70G,25.0,9,1,2,Lost,0.0,0.07577472273407404,105.0,105.0,2017-05,2017,5
2017-06-05,20170605,20170209,20170605,S9W53L4L,19.0,9,1,4,Won,672.0,0.9856299504858518,116.0,116.0,2017-06,2017,6
2017-03-20,20170320,20170209,20170320,12OQKSVK,49.0,21,6,4,Won,896.0,0.9807610971740806,39.0,39.0,2017-03,2017,3
2017-03-23,20170323,20170209,20170323,VC94R5H8,44.0,24,1,4,Won,587.0,0.9626350499278025,42.0,42.0,2017-03,2017,3
2017-06-13,20170613,20170209,20170613,XTKIX6I4,65.0,24,4,4,Won,3426.0,0.9999999999924807,124.0,124.0,2017-06,2017,6
2017-03-20,20170320,20170210,20170320,MSE1UXKU,52.0,19,2,4,Won,5021.0,1.0,38.0,38.0,2017-03,2017,3
2017-03-30,20170330,20170210,20170330,HM334UL2,57.0,10,6,4,Won,1126.0,0.9977879102813099,48.0,48.0,2017-03,2017,3
2017-05-15,20170515,20170210,20170515,L4124UJG,74.0,20,2,4,Won,5473.0,1.0,94.0,94.0,2017-05,2017,5
2017-05-30,20170530,20170210,20170530,DR2QE1RW,70.0,28,3,2,Lost,0.0,0.6073641178795331,109.0,109.0,2017-05,2017,5
2017-05-09,20170509,20170210,20170509,FD8YL177,58.0,28,3,4,Won,51.0,0.7634975314760126,88.0,88.0,2017-05,2017,5
2017-03-06,20170306,20170210,20170306,UU21EYFN,65.0,32,1,4,Won,563.0,0.9542221556632182,24.0,24.0,2017-03,2017,3
2017-05-26,20170526,20170210,20170526,OBDRD0AD,39.0,4,1,2,Lost,0.0,0.08198581742045681,105.0,105.0,2017-05,2017,5
2017-05-14,20170514,20170210,20170514,NSGEM06J,53.0,21,1,2,Lost,0.0,0.12071644671978844,93.0,93.0,2017-05,2017,5
2017-06-15,20170615,20170210,20170615,QSQ42Q6M,42.0,21,4,4,Won,2928.0,0.9999999993655053,125.0,125.0,2017-06,2017,6
2017-06-05,20170605,20170210,20170605,PCBA3KAV,81.0,21,4,4,Won,3618.0,0.9999999999986329,115.0,115.0,2017-06,2017,6
2017-05-16,20170516,20170211,20170516,ZBBMGEV4,38.0,10,6,4,Won,1189.0,0.9984561763624558,94.0,94.0,2017-05,2017,5
2017-05-07,20170507,20170211,20170507,TYSORYA9,18.0,20,1,2,Lost,0.0,0.1352190215329147,85.0,85.0,2017-05,2017,5
2017-05-22,20170522,20170211,20170522,ULVXOPG3,35.0,28,3,4,Won,60.0,0.678429172143059,100.0,100.0,2017-05,2017,5
2017-05-11,20170511,20170211,20170511,G0R305KO,67.0,6,6,2,Lost,0.0,0.009392499305735222,89.0,89.0,2017-05,2017,5
2017-06-22,20170622,20170211,20170622,ZDZGCWX7,10.0,32,1,4,Won,545.0,0.9688844133100776,131.0,131.0,2017-06,2017,6
2017-05-12,20170512,20170211,20170512,PQJZ5Z3R,46.0,32,4,4,Won,3035.0,0.9999999997272868,90.0,90.0,2017-05,2017,5
2017-06-23,20170623,20170211,20170623,7KXTF2Q6,44.0,31,1,4,Won,584.0,0.9729542223363642,132.0,132.0,2017-06,2017,6
2017-05-15,20170515,20170211,20170515,WZVE1NTM,61.0,27,3,2,Lost,0.0,0.6224594416566478,93.0,93.0,2017-05,2017,5
2017-06-23,20170623,20170211,20170623,M6UEZLOQ,10.0,34,6,4,Won,1069.0,0.9965392838867867,132.0,132.0,2017-06,2017,6
2017-06-22,20170622,20170211,20170622,D6T5MM04,77.0,34,6,4,Won,1035.0,0.990454482332419,131.0,131.0,2017-06,2017,6
2017-03-02,20170302,20170211,20170302,9GCJGVY7,26.0,14,2,2,Lost,0.0,0.002038367582929611,19.0,19.0,2017-03,2017,3
2017-03-24,20170324,20170211,20170324,5QBQMEY5,61.0,24,2,4,Won,4510.0,0.9999999999999996,41.0,41.0,2017-03,2017,3
2017-06-05,20170605,20170211,20170605,9JKVM4BK,75.0,12,6,2,Lost,0.0,0.01708260507047887,114.0,114.0,2017-06,2017,6
2017-05-08,20170508,20170211,20170508,14PBBHSE,84.0,12,3,4,Won,49.0,0.7653167352629472,86.0,86.0,2017-05,2017,5
2017-06-07,20170607,20170212,20170607,P1KS5YFX,60.0,1,3,4,Won,59.0,0.8343274775295455,115.0,115.0,2017-06,2017,6
2017-03-04,20170304,20170212,20170304,7R4VL3Q8,42.0,19,2,4,Won,4705.0,0.9999999999999998,20.0,20.0,2017-03,2017,3
2017-06-03,20170603,20170212,20170603,3MNZF5ZK,85.0,2,5,4,Won,5148.0,1.0,111.0,111.0,2017-06,2017,6
2017-05-08,20170508,20170212,20170508,52SANIGE,26.0,13,2,4,Won,4833.0,1.0,85.0,85.0,2017-05,2017,5
2017-05-31,20170531,20170212,20170531,73SY9EU8,49.0,18,2,4,Won,4664.0,0.9999999999999998,108.0,108.0,2017-05,2017,5
2017-05-12,20170512,20170212,20170512,HVM656P3,56.0,20,1,4,Won,475.0,0.890972068246717,89.0,89.0,2017-05,2017,5
2017-06-13,20170613,20170212,20170613,U2SW8DT1,46.0,26,4,4,Won,3807.0,0.99999999999978,121.0,121.0,2017-06,2017,6
2017-05-21,20170521,20170212,20170521,XMH4CH4Q,66.0,6,1,4,Won,518.0,0.974264026895211,98.0,98.0,2017-05,2017,5
2017-05-09,20170509,20170212,20170509,UNLIS3RY,14.0,32,6,4,Won,1050.0,0.9974268081995568,86.0,86.0,2017-05,2017,5
2017-05-24,20170524,20170212,20170524,GVFQXZLL,79.0,34,2,4,Won,4596.0,0.9999999999999998,101.0,101.0,2017-05,2017,5
2017-05-05,20170505,20170212,20170505,NRYC7T45,79.0,33,1,4,Won,618.0,0.9627949364988938,82.0,82.0,2017-05,2017,5
2017-05-02,20170502,20170212,20170502,ZVR3I3F0,64.0,33,4,4,Won,3460.0,0.9999999999921909,79.0,79.0,2017-05,2017,5
2017-05-21,20170521,20170213,20170521,2TKQ8B78,52.0,18,5,4,Won,5751.0,1.0,97.0,97.0,2017-05,2017,5
2017-05-28,20170528,20170213,20170528,OZ5O64KJ,45.0,10,5,4,Won,5639.0,1.0,104.0,104.0,2017-05,2017,5
2017-06-02,20170602,20170213,20170602,WXCW16QT,5.0,20,5,2,Lost,0.0,0.0050517989010897876,109.0,109.0,2017-06,2017,6
2017-05-18,20170518,20170213,20170518,UCXCUP1U,82.0,15,5,4,Won,4766.0,1.0,94.0,94.0,2017-05,2017,5
2017-05-09,20170509,20170213,20170509,9ERRIZKG,61.0,32,6,2,Lost,0.0,0.026820237055751914,85.0,85.0,2017-05,2017,5
2017-05-11,20170511,20170213,20170511,CKLYIFLY,64.0,31,1,4,Won,589.0,0.969174369767966,87.0,87.0,2017-05,2017,5
2017-05-31,20170531,20170213,20170531,6VDLCBYU,23.0,7,5,2,Lost,0.0,0.006980286988820477,107.0,107.0,2017-05,2017,5
2017-05-16,20170516,20170213,20170516,XYBPUC2H,36.0,5,1,2,Lost,0.0,0.1047408670940702,92.0,92.0,2017-05,2017,5
2017-05-18,20170518,20170213,20170518,I3MC9XZC,48.0,12,1,4,Won,533.0,0.9470925417223215,94.0,94.0,2017-05,2017,5
2017-05-05,20170505,20170214,20170505,L5T2HKKO,13.0,1,1,2,Lost,0.0,0.14212913112929026,80.0,80.0,2017-05,2017,5
2017-05-30,20170530,20170214,20170530,6CEEGQ8I,16.0,1,3,4,Won,63.0,0.7679435006002842,105.0,105.0,2017-05,2017,5
2017-05-08,20170508,20170214,20170508,P2LY9NFN,5.0,19,2,4,Won,4942.0,1.0,83.0,83.0,2017-05,2017,5
2017-06-12,20170612,20170214,20170612,94GCWI08,15.0,10,2,4,Won,4650.0,0.9999999999999998,118.0,118.0,2017-06,2017,6
2017-06-16,20170616,20170214,20170616,GUMQTC3J,45.0,10,2,4,Won,4829.0,1.0,122.0,122.0,2017-06,2017,6
2017-05-29,20170529,20170214,20170529,U64RT0UF,2.0,20,6,4,Won,987.0,0.9854723787148879,104.0,104.0,2017-05,2017,5
2017-03-02,20170302,20170214,20170302,RWGSCFHR,27.0,20,5,4,Won,4246.0,0.999999999999992,16.0,16.0,2017-03,2017,3
2017-05-06,20170506,20170214,20170506,GEBVQH17,40.0,20,5,4,Won,5702.0,1.0,81.0,81.0,2017-05,2017,5
2017-06-14,20170614,20170214,20170614,3OVJXUSB,63.0,20,4,4,Won,2981.0,0.9999999994580904,120.0,120.0,2017-06,2017,6
2017-05-13,20170513,20170214,20170513,KQPY8LLI,36.0,8,4,2,Lost,0.0,0.0036390970744036638,88.0,88.0,2017-05,2017,5
2017-05-01,20170501,20170214,20170501,DC7COE9W,44.0,26,4,4,Won,2873.0,0.9999999990124464,76.0,76.0,2017-05,2017,5
2017-05-11,20170511,20170214,20170511,3LED0EK3,73.0,6,4,2,Lost,0.0,0.005246169848320728,86.0,86.0,2017-05,2017,5
2017-05-07,20170507,20170214,20170507,G4MKT3AE,71.0,14,3,2,Lost,0.0,0.5181754157851507,82.0,82.0,2017-05,2017,5
2017-06-03,20170603,20170214,20170603,GQ125FX0,30.0,3,1,4,Won,528.0,0.9682454815195995,109.0,109.0,2017-06,2017,6
2017-06-18,20170618,20170214,20170618,JO52QXJ0,62.0,3,6,4,Won,1199.0,0.9987602992806068,124.0,124.0,2017-06,2017,6
2017-03-01,20170301,20170214,20170301,PQ2VF873,83.0,33,2,2,Lost,0.0,0.0031630986569601044,15.0,15.0,2017-03,2017,3
2017-05-13,20170513,20170215,20170513,N6H58J55,68.0,1,1,2,Lost,0.0,0.15994798614711553,87.0,87.0,2017-05,2017,5
2017-05-08,20170508,20170215,20170508,WR6Q2X53,68.0,10,5,2,Lost,0.0,0.007017076749039474,82.0,82.0,2017-05,2017,5
2017-03-23,20170323,20170215,20170323,8O1WNJBA,7.0,15,1,2,Lost,0.0,0.08198269180407235,36.0,36.0,2017-03,2017,3
2017-03-04,20170304,20170215,20170304,X1LAD57Y,52.0,15,5,2,Lost,0.0,0.006118489785733809,17.0,17.0,2017-03,2017,3
2017-03-06,20170306,20170215,20170306,E2NXQUWO,26.0,15,4,4,Won,3507.0,0.9999999999905851,19.0,19.0,2017-03,2017,3
2017-05-20,20170520,20170215,20170520,MEZLJGRB,21.0,30,1,2,Lost,0.0,0.09905944904038323,94.0,94.0,2017-05,2017,5
2017-05-21,20170521,20170215,20170521,M1QKPX6R,33.0,30,2,4,Won,4542.0,0.9999999999999996,95.0,95.0,2017-05,2017,5
2017-05-28,20170528,20170215,20170528,X6LO8WPD,29.0,6,1,4,Won,505.0,0.9103614834854407,102.0,102.0,2017-05,2017,5
2017-05-07,20170507,20170215,20170507,S8WV5MUC,10.0,31,6,2,Lost,0.0,0.01528668015478128,81.0,81.0,2017-05,2017,5
2017-05-31,20170531,20170215,20170531,R7JI95HZ,65.0,27,2,2,Lost,0.0,0.003775441329269185,105.0,105.0,2017-05,2017,5
2017-05-13,20170513,20170215,20170513,CVKLHZEO,28.0,5,1,4,Won,455.0,0.8269811642075027,87.0,87.0,2017-05,2017,5
2017-03-03,20170303,20170215,20170303,8KJZJFJ1,37.0,21,1,4,Won,537.0,0.9343352427948597,16.0,16.0,2017-03,2017,3
2017-03-04,20170304,20170215,20170304,W560QFJL,53.0,21,6,4,Won,1090.0,0.994677142172734,17.0,17.0,2017-03,2017,3
2017-05-24,20170524,20170215,20170524,TA3PW6ZQ,66.0,3,4,2,Lost,0.0,0.012666277078708132,98.0,98.0,2017-05,2017,5
2017-03-17,20170317,20170215,20170317,2DVE0XCM,28.0,3,3,4,Won,60.0,0.6093975000603464,30.0,30.0,2017-03,2017,3
2017-05-17,20170517,20170215,20170517,L3UMWAX7,22.0,24,6,2,Lost,0.0,0.014159237579988963,91.0,91.0,2017-05,2017,5
2017-06-15,20170615,20170216,20170615,VOTOT8MK,56.0,19,5,4,Won,6509.0,1.0,119.0,119.0,2017-06,2017,6
2017-05-18,20170518,20170216,20170518,Y3ULGUD8,59.0,2,6,4,Won,1079.0,0.9972420391624536,91.0,91.0,2017-05,2017,5
2017-05-29,20170529,20170216,20170529,7350YGG4,63.0,13,6,4,Won,1111.0,0.9976381475844383,102.0,102.0,2017-05,2017,5
2017-05-21,20170521,20170216,20170521,2J16RN99,49.0,20,2,2,Lost,0.0,0.003589833048267316,94.0,94.0,2017-05,2017,5
2017-03-02,20170302,20170216,20170302,BRQRF65L,18.0,20,1,4,Won,462.0,0.8794149248112306,14.0,14.0,2017-03,2017,3
2017-03-04,20170304,20170216,20170304,LB6XW39X,78.0,20,1,4,Won,555.0,0.8878915646841672,16.0,16.0,2017-03,2017,3
2017-03-01,20170301,20170216,20170301,WS9CXY7E,13.0,8,5,4,Won,6719.0,1.0,13.0,13.0,2017-03,2017,3
2017-06-02,20170602,20170216,20170602,CK0MDHHM,22.0,26,4,4,Won,3281.0,0.9999999999742546,106.0,106.0,2017-06,2017,6
2017-05-07,20170507,20170216,20170507,RNUH1SI8,42.0,30,4,4,Won,3398.0,0.9999999999853226,80.0,80.0,2017-05,2017,5
2017-05-14,20170514,20170216,20170514,D54HETSI,36.0,31,2,2,Lost,0.0,0.004281620584485505,87.0,87.0,2017-05,2017,5
2017-03-01,20170301,20170216,20170301,JOQQZ5RH,16.0,7,1,4,Won,608.0,0.9648308395996176,13.0,13.0,2017-03,2017,3
2017-05-17,20170517,20170216,20170517,90V75MDV,29.0,9,2,2,Lost,0.0,0.0023592002982905577,90.0,90.0,2017-05,2017,5
2017-05-30,20170530,20170216,20170530,LIIBOUUQ,18.0,21,6,4,Won,1187.0,0.999330783516495,103.0,103.0,2017-05,2017,5
2017-06-22,20170622,20170216,20170622,UDYSM42B,37.0,12,5,4,Won,5855.0,1.0,126.0,126.0,2017-06,2017,6
2017-05-10,20170510,20170217,20170510,F835LA4P,9.0,10,2,4,Won,5068.0,1.0,82.0,82.0,2017-05,2017,5
2017-06-13,20170613,20170217,20170613,75Q82XU7,27.0,20,6,2,Lost,0.0,0.011049242179515983,116.0,116.0,2017-06,2017,6
2017-06-19,20170619,20170217,20170619,2U6QQHCC,41.0,30,5,4,Won,4066.0,0.9999999999999807,122.0,122.0,2017-06,2017,6
2017-06-07,20170607,20170217,20170607,MMKMJ0WC,39.0,6,2,4,Won,4494.0,0.9999999999999996,110.0,110.0,2017-06,2017,6
2017-05-04,20170504,20170217,20170504,CZIXINO2,24.0,32,1,2,Lost,0.0,0.1903982815694321,76.0,76.0,2017-05,2017,5
2017-05-28,20170528,20170217,20170528,HV7Y6184,50.0,32,2,2,Lost,0.0,0.005882275932985883,100.0,100.0,2017-05,2017,5
2017-05-09,20170509,20170217,20170509,KIHC1QJQ,54.0,32,1,4,Won,540.0,0.9355229328483013,81.0,81.0,2017-05,2017,5
2017-05-14,20170514,20170217,20170514,VBWQO6BM,13.0,9,4,2,Lost,0.0,0.0033395358902498836,86.0,86.0,2017-05,2017,5
2017-05-19,20170519,20170217,20170519,LTZCN1RA,16.0,3,3,4,Won,54.0,0.7368119180737932,91.0,91.0,2017-05,2017,5
2017-05-28,20170528,20170217,20170528,YO32O3T9,47.0,33,2,2,Lost,0.0,0.002805297860199474,100.0,100.0,2017-05,2017,5
2017-05-26,20170526,20170218,20170526,8638OV6W,81.0,13,3,2,Lost,0.0,0.5742606128958303,97.0,97.0,2017-05,2017,5
2017-05-20,20170520,20170218,20170520,TTJXSO57,36.0,10,2,2,Lost,0.0,0.004554981505889775,91.0,91.0,2017-05,2017,5
2017-05-08,20170508,20170218,20170508,K4VP5HK4,2.0,20,4,4,Won,3602.0,0.999999999996666,79.0,79.0,2017-05,2017,5
2017-05-07,20170507,20170218,20170507,10R46CSK,3.0,4,4,4,Won,2904.0,0.9999999982797507,78.0,78.0,2017-05,2017,5
2017-05-31,20170531,20170218,20170531,VBA34LWX,65.0,27,1,4,Won,571.0,0.9469687261916497,102.0,102.0,2017-05,2017,5
2017-05-30,20170530,20170218,20170530,DLJN7WG0,28.0,7,3,2,Lost,0.0,0.5623490420106112,101.0,101.0,2017-05,2017,5
2017-06-18,20170618,20170218,20170618,FJCCTOPN,81.0,21,1,4,Won,492.0,0.9335746616251408,120.0,120.0,2017-06,2017,6
2017-05-27,20170527,20170218,20170527,LR6USOHL,81.0,21,2,4,Won,4545.0,0.9999999999999998,98.0,98.0,2017-05,2017,5
2017-03-25,20170325,20170218,20170325,5VAV2TUY,9.0,3,5,4,Won,5614.0,1.0,35.0,35.0,2017-03,2017,3
2017-06-12,20170612,20170219,20170612,HTD2ME9C,3.0,1,5,4,Won,5370.0,1.0,113.0,113.0,2017-06,2017,6
2017-05-02,20170502,20170219,20170502,GHUCMUPL,82.0,22,1,4,Won,550.0,0.959101437511691,72.0,72.0,2017-05,2017,5
2017-03-02,20170302,20170219,20170302,1LKY3B4X,80.0,19,6,4,Won,1011.0,0.9919935967316278,11.0,11.0,2017-03,2017,3
2017-06-18,20170618,20170219,20170618,7Y5E0RDL,69.0,13,3,4,Won,56.0,0.7286075700071425,119.0,119.0,2017-06,2017,6
2017-03-04,20170304,20170219,20170304,BEQIZZ7W,11.0,10,6,4,Won,1217.0,0.9976080973841036,13.0,13.0,2017-03,2017,3
2017-05-19,20170519,20170219,20170519,44F8ZE41,8.0,20,1,2,Lost,0.0,0.12159820676945572,89.0,89.0,2017-05,2017,5
2017-05-10,20170510,20170219,20170510,YJIH415V,42.0,20,4,4,Won,3222.0,0.9999999998956677,80.0,80.0,2017-05,2017,5
2017-05-14,20170514,20170219,20170514,K3DQJ796,5.0,15,1,2,Lost,0.0,0.12185306068217501,84.0,84.0,2017-05,2017,5
2017-05-05,20170505,20170219,20170505,6QF3D2RI,48.0,15,1,2,Lost,0.0,0.1106291109993301,75.0,75.0,2017-05,2017,5
2017-03-01,20170301,20170219,20170301,G9565UWZ,53.0,15,4,4,Won,3348.0,0.9999999999635982,10.0,10.0,2017-03,2017,3
2017-05-25,20170525,20170219,20170525,RFKIN7FG,13.0,6,1,2,Lost,0.0,0.14068271939252813,95.0,95.0,2017-05,2017,5
2017-03-05,20170305,20170219,20170305,2BWZLXZ8,51.0,32,2,4,Won,4216.0,0.999999999999994,14.0,14.0,2017-03,2017,3
2017-05-28,20170528,20170219,20170528,2QHRL8CW,66.0,5,1,4,Won,404.0,0.9177674688595366,98.0,98.0,2017-05,2017,5
2017-06-08,20170608,20170219,20170608,RFYAI0WA,37.0,14,5,2,Lost,0.0,0.005150663913018344,109.0,109.0,2017-06,2017,6
2017-06-14,20170614,20170219,20170614,WH0DJCGL,81.0,14,3,2,Lost,0.0,0.5393470715657857,115.0,115.0,2017-06,2017,6
2017-03-04,20170304,20170219,20170304,LCW83256,69.0,14,2,4,Won,5260.0,1.0,13.0,13.0,2017-03,2017,3
2017-03-07,20170307,20170219,20170307,IHFM8QXN,42.0,24,6,2,Lost,0.0,0.007988494025380688,16.0,16.0,2017-03,2017,3
2017-05-06,20170506,20170219,20170506,QCY951QA,18.0,12,3,4,Won,51.0,0.7900789827012413,76.0,76.0,2017-05,2017,5
2017-06-25,20170625,20170219,20170625,09BVA55J,61.0,33,1,4,Won,598.0,0.9776763752779256,126.0,126.0,2017-06,2017,6
2017-05-25,20170525,20170220,20170525,2R9HXKXT,44.0,22,6,2,Lost,0.0,0.018125505633431918,94.0,94.0,2017-05,2017,5
2017-05-24,20170524,20170220,20170524,JLK8KCNN,81.0,22,3,4,Won,42.0,0.6469988491404234,93.0,93.0,2017-05,2017,5
2017-06-07,20170607,20170220,20170607,SZQUBIMH,75.0,19,2,4,Won,4689.0,1.0,107.0,107.0,2017-06,2017,6
2017-06-26,20170626,20170220,20170626,8ZYVKQ27,67.0,2,5,4,Won,5154.0,1.0,126.0,126.0,2017-06,2017,6
2017-05-16,20170516,20170220,20170516,25A51PWG,30.0,10,2,2,Lost,0.0,0.0070425272472225625,85.0,85.0,2017-05,2017,5
2017-05-05,20170505,20170220,20170505,4B4XCPHT,82.0,20,2,4,Won,5010.0,1.0,74.0,74.0,2017-05,2017,5
2017-06-14,20170614,20170220,20170614,5JFOA4XC,23.0,8,4,4,Won,3215.0,0.9999999999217033,114.0,114.0,2017-06,2017,6
2017-06-03,20170603,20170220,20170603,N5FOEJZ9,50.0,32,1,2,Lost,0.0,0.13903667785771898,103.0,103.0,2017-06,2017,6
2017-06-26,20170626,20170220,20170626,QTNPGKJ7,35.0,31,2,4,Won,3169.0,0.9999999999098725,126.0,126.0,2017-06,2017,6
2017-06-27,20170627,20170220,20170627,EBRWSMI0,61.0,27,6,2,Lost,0.0,0.018374752523242627,127.0,127.0,2017-06,2017,6
2017-06-03,20170603,20170220,20170603,4PKHDQOQ,25.0,7,5,4,Won,5015.0,1.0,103.0,103.0,2017-06,2017,6
2017-03-01,20170301,20170220,20170301,3Y9SB2QK,14.0,34,1,4,Won,571.0,0.9644553805882495,9.0,9.0,2017-03,2017,3
2017-05-16,20170516,20170220,20170516,5MZ0O77T,8.0,21,2,4,Won,4839.0,1.0,85.0,85.0,2017-05,2017,5
2017-03-05,20170305,20170220,20170305,2EILEDKF,48.0,21,4,4,Won,3315.0,0.9999999999735034,13.0,13.0,2017-03,2017,3
2017-05-24,20170524,20170220,20170524,J4NX9TK5,76.0,3,3,4,Won,60.0,0.7883056131940479,93.0,93.0,2017-05,2017,5
2017-03-04,20170304,20170221,20170304,5ITSLO0E,73.0,1,6,4,Won,999.0,0.9908005084993368,11.0,11.0,2017-03,2017,3
2017-06-11,20170611,20170221,20170611,QGW0TI1U,67.0,10,1,2,Lost,0.0,0.08085474164744906,110.0,110.0,2017-06,2017,6
2017-06-04,20170604,20170221,20170604,WJC5J533,23.0,4,5,4,Won,5401.0,1.0,103.0,103.0,2017-06,2017,6
2017-06-18,20170618,20170221,20170618,XGLMCTLG,60.0,5,1,4,Won,551.0,0.9671343410985201,117.0,117.0,2017-06,2017,6
2017-05-23,20170523,20170221,20170523,X6RLT30X,49.0,21,5,2,Lost,0.0,0.008574006333353694,91.0,91.0,2017-05,2017,5
2017-03-20,20170320,20170221,20170320,IVT0S1N1,22.0,24,1,4,Won,600.0,0.9580970928741289,27.0,27.0,2017-03,2017,3
2017-05-05,20170505,20170221,20170505,JEPGSQC9,5.0,12,5,2,Lost,0.0,0.006383584137011152,73.0,73.0,2017-05,2017,5
2017-05-22,20170522,20170222,20170522,EEDHCEVZ,71.0,22,3,2,Lost,0.0,0.5652731451247719,89.0,89.0,2017-05,2017,5
2017-03-02,20170302,20170222,20170302,NHDTSMX2,69.0,19,2,4,Won,4711.0,0.9999999999999998,8.0,8.0,2017-03,2017,3
2017-06-08,20170608,20170222,20170608,E36CR33F,75.0,13,4,2,Lost,0.0,0.005211931811286897,106.0,106.0,2017-06,2017,6
2017-06-28,20170628,20170222,20170628,PNL17RE9,82.0,13,2,4,Won,5133.0,1.0,126.0,126.0,2017-06,2017,6
2017-05-17,20170517,20170222,20170517,VMEVOJVL,69.0,18,5,2,Lost,0.0,0.004916762503005255,84.0,84.0,2017-05,2017,5
2017-05-15,20170515,20170222,20170515,5EKN0BFN,81.0,18,5,4,Won,4848.0,1.0,82.0,82.0,2017-05,2017,5
2017-03-03,20170303,20170222,20170303,R4LH95QS,49.0,18,2,4,Won,4475.0,0.9999999999999989,9.0,9.0,2017-03,2017,3
2017-03-05,20170305,20170222,20170305,52CROFH2,3.0,10,1,2,Lost,0.0,0.08136927521984463,11.0,11.0,2017-03,2017,3
2017-03-10,20170310,20170222,20170310,REDGEUCP,28.0,10,2,4,Won,3763.0,0.9999999999991374,16.0,16.0,2017-03,2017,3
2017-03-05,20170305,20170222,20170305,6KT5HAR6,59.0,10,2,4,Won,5006.0,1.0,11.0,11.0,2017-03,2017,3
2017-06-15,20170615,20170222,20170615,48AJ0X9E,72.0,8,2,4,Won,4498.0,0.9999999999999993,113.0,113.0,2017-06,2017,6
2017-03-24,20170324,20170222,20170324,RA1UBXY9,76.0,8,2,4,Won,4375.0,0.999999999999998,30.0,30.0,2017-03,2017,3
2017-05-27,20170527,20170222,20170527,WGI2GSKJ,41.0,26,6,2,Lost,0.0,0.015554363450079128,94.0,94.0,2017-05,2017,5
2017-06-04,20170604,20170222,20170604,W4BNO6UL,21.0,26,4,4,Won,3763.0,0.9999999999995242,102.0,102.0,2017-06,2017,6
2017-03-14,20170314,20170222,20170314,S50A0C2S,41.0,32,2,2,Lost,0.0,0.0036336929989639714,20.0,20.0,2017-03,2017,3
2017-05-10,20170510,20170222,20170510,3H80RIHV,65.0,32,5,4,Won,5491.0,1.0,77.0,77.0,2017-05,2017,5
2017-05-22,20170522,20170222,20170522,KATNS4R4,4.0,4,1,2,Lost,0.0,0.0861878736209292,89.0,89.0,2017-05,2017,5
2017-06-17,20170617,20170222,20170617,L5U7OT6O,79.0,27,5,4,Won,5503.0,1.0,115.0,115.0,2017-06,2017,6
2017-05-30,20170530,20170222,20170530,QKVUGRN9,57.0,5,6,2,Lost,0.0,0.01917706206637288,97.0,97.0,2017-05,2017,5
2017-05-15,20170515,20170222,20170515,FNY6F0KF,67.0,5,3,4,Won,58.0,0.5631750199748654,82.0,82.0,2017-05,2017,5
2017-05-27,20170527,20170222,20170527,1W23LEWK,28.0,9,6,4,Won,1051.0,0.9890225228321127,94.0,94.0,2017-05,2017,5
2017-03-07,20170307,20170222,20170307,JHJEQ1U3,13.0,9,5,4,Won,5604.0,1.0,13.0,13.0,2017-03,2017,3
2017-05-15,20170515,20170222,20170515,CPJAA632,78.0,21,4,4,Won,3273.0,0.9999999999628479,82.0,82.0,2017-05,2017,5
2017-05-11,20170511,20170222,20170511,GVC0RLQE,61.0,24,6,2,Lost,0.0,0.02130114149137684,78.0,78.0,2017-05,2017,5
2017-06-02,20170602,20170222,20170602,9OLYBVNE,61.0,33,6,4,Won,1220.0,0.9990682982640251,100.0,100.0,2017-06,2017,6
2017-03-02,20170302,20170222,20170302,R8N49PHN,64.0,33,5,4,Won,5497.0,1.0,8.0,8.0,2017-03,2017,3
2017-06-10,20170610,20170223,20170610,P5EVJUKQ,13.0,1,6,4,Won,1056.0,0.9961807101820376,107.0,107.0,2017-06,2017,6
2017-06-16,20170616,20170223,20170616,XF4648CO,42.0,22,1,2,Lost,0.0,0.11176212376233582,113.0,113.0,2017-06,2017,6
2017-03-12,20170312,20170223,20170312,24UTFDPK,48.0,19,1,4,Won,572.0,0.9416410605071226,17.0,17.0,2017-03,2017,3
2017-05-23,20170523,20170223,20170523,ERYLM04D,25.0,2,4,4,Won,3668.0,0.9999999999987441,89.0,89.0,2017-05,2017,5
2017-03-02,20170302,20170223,20170302,IQ9W1X36,43.0,13,3,4,Won,50.0,0.5568764857328111,7.0,7.0,2017-03,2017,3
2017-05-22,20170522,20170223,20170522,GSR9PIF0,63.0,18,4,4,Won,3509.0,0.9999999999957261,88.0,88.0,2017-05,2017,5
2017-06-28,20170628,20170223,20170628,8477482V,30.0,10,2,4,Won,5643.0,1.0,125.0,125.0,2017-06,2017,6
2017-03-10,20170310,20170223,20170310,VFZOL6CB,14.0,28,3,4,Won,47.0,0.7336922893360552,15.0,15.0,2017-03,2017,3
2017-03-08,20170308,20170223,20170308,75ZOJ3O7,24.0,26,4,4,Won,3312.0,0.9999999999813864,13.0,13.0,2017-03,2017,3
2017-06-23,20170623,20170223,20170623,1QQR82TP,32.0,30,5,2,Lost,0.0,0.010726439483686338,120.0,120.0,2017-06,2017,6
2017-03-11,20170311,20170223,20170311,DR6MQSWL,46.0,32,1,4,Won,480.0,0.8932283110425536,16.0,16.0,2017-03,2017,3
2017-05-06,20170506,20170223,20170506,KAV5TU8X,50.0,32,4,4,Won,3208.0,0.9999999999369842,72.0,72.0,2017-05,2017,5
2017-05-04,20170504,20170223,20170504,UQ86UOWY,79.0,31,1,2,Lost,0.0,0.10520206674593414,70.0,70.0,2017-05,2017,5
2017-05-04,20170504,20170223,20170504,A82DG6R5,42.0,31,5,4,Won,5782.0,1.0,70.0,70.0,2017-05,2017,5
2017-05-23,20170523,20170223,20170523,37FKT2ZP,57.0,4,5,4,Won,5827.0,1.0,89.0,89.0,2017-05,2017,5
2017-06-17,20170617,20170223,20170617,MVXB9PS5,51.0,34,1,2,Lost,0.0,0.16104714016414345,114.0,114.0,2017-06,2017,6
2017-06-16,20170616,20170223,20170616,M2TZSYTN,4.0,5,1,4,Won,516.0,0.9348611084251103,113.0,113.0,2017-06,2017,6
2017-06-06,20170606,20170223,20170606,KGJL5GHX,12.0,5,6,4,Won,956.0,0.9901060337579204,103.0,103.0,2017-06,2017,6
2017-03-15,20170315,20170223,20170315,IF7DSONM,66.0,5,3,4,Won,52.0,0.7805645330562933,20.0,20.0,2017-03,2017,3
2017-05-11,20170511,20170223,20170511,RR4FWSVB,72.0,5,4,4,Won,3025.0,0.9999999995677828,77.0,77.0,2017-05,2017,5
2017-06-10,20170610,20170223,20170610,C5IWM5VJ,71.0,21,2,4,Won,5618.0,1.0,107.0,107.0,2017-06,2017,6
2017-05-09,20170509,20170223,20170509,9WZ3I1TF,74.0,14,2,4,Won,4867.0,1.0,75.0,75.0,2017-05,2017,5
2017-03-14,20170314,20170223,20170314,IO4GTLAB,42.0,33,6,4,Won,929.0,0.964540103041717,19.0,19.0,2017-03,2017,3
2017-06-05,20170605,20170224,20170605,06T2UPDG,15.0,2,3,2,Lost,0.0,0.582049507749176,101.0,101.0,2017-06,2017,6
2017-05-11,20170511,20170224,20170511,9L6ADU5C,78.0,13,4,2,Lost,0.0,0.0034055115967702265,76.0,76.0,2017-05,2017,5
2017-05-05,20170505,20170224,20170505,U185INDA,72.0,10,2,4,Won,5010.0,1.0,70.0,70.0,2017-05,2017,5
2017-05-15,20170515,20170224,20170515,2AGLONC4,7.0,20,2,4,Won,5621.0,1.0,80.0,80.0,2017-05,2017,5
2017-05-02,20170502,20170224,20170502,TBDUMBLA,40.0,20,4,4,Won,3233.0,0.9999999999308717,67.0,67.0,2017-05,2017,5
2017-05-28,20170528,20170224,20170528,0AXGVKN8,1.0,15,3,4,Won,55.0,0.5809766580299983,93.0,93.0,2017-05,2017,5
2017-03-07,20170307,20170224,20170307,TAPNNL1W,5.0,15,4,4,Won,3278.0,0.9999999999525304,11.0,11.0,2017-03,2017,3
2017-03-10,20170310,20170224,20170310,R9ZAKBFE,16.0,8,6,4,Won,1155.0,0.9964939678282492,14.0,14.0,2017-03,2017,3
2017-03-11,20170311,20170224,20170311,Y40ADYX7,32.0,26,4,4,Won,3550.0,0.9999999999975915,15.0,15.0,2017-03,2017,3
2017-05-10,20170510,20170224,20170510,R7GVZT8J,66.0,6,4,2,Lost,0.0,0.010123529115429842,75.0,75.0,2017-05,2017,5
2017-06-16,20170616,20170224,20170616,RSEDY99J,36.0,6,6,4,Won,1055.0,0.9953308426436304,112.0,112.0,2017-06,2017,6
2017-06-20,20170620,20170224,20170620,D5NZQIWU,65.0,27,6,2,Lost,0.0,0.011311307988014047,116.0,116.0,2017-06,2017,6
2017-05-05,20170505,20170224,20170505,Z0BGG6IJ,79.0,27,1,4,Won,595.0,0.9449084097308939,70.0,70.0,2017-05,2017,5
2017-05-06,20170506,20170224,20170506,ZCA1IRGD,76.0,5,4,4,Won,3063.0,0.9999999997518698,71.0,71.0,2017-05,2017,5
2017-05-13,20170513,20170224,20170513,NPB8ZLEO,44.0,24,4,2,Lost,0.0,0.004756775643091772,78.0,78.0,2017-05,2017,5
2017-06-06,20170606,20170224,20170606,HJIO57TA,48.0,12,4,4,Won,3246.0,0.9999999999570568,102.0,102.0,2017-06,2017,6
2017-03-02,20170302,20170225,20170302,U6N053E1,62.0,1,1,4,Won,423.0,0.805124367009862,5.0,5.0,2017-03,2017,3
2017-06-18,20170618,20170225,20170618,MTKCJVFO,37.0,19,1,4,Won,542.0,0.9415306601355314,113.0,113.0,2017-06,2017,6
2017-03-08,20170308,20170225,20170308,KIP060D0,52.0,19,2,4,Won,5040.0,1.0,11.0,11.0,2017-03,2017,3
2017-05-21,20170521,20170225,20170521,YOISPUC6,42.0,13,6,2,Lost,0.0,0.012290264718927267,85.0,85.0,2017-05,2017,5
2017-06-17,20170617,20170225,20170617,2MHTTXX0,57.0,10,5,2,Lost,0.0,0.009771296382246051,112.0,112.0,2017-06,2017,6
2017-05-09,20170509,20170225,20170509,QU4FNKZL,67.0,10,2,4,Won,5423.0,1.0,73.0,73.0,2017-05,2017,5
2017-06-13,20170613,20170225,20170613,GZUKDP7F,9.0,10,4,4,Won,3295.0,0.9999999999763194,108.0,108.0,2017-06,2017,6
2017-06-02,20170602,20170225,20170602,S519S1EK,56.0,20,1,4,Won,568.0,0.9495750720643498,97.0,97.0,2017-06,2017,6
2017-05-26,20170526,20170225,20170526,AL554AUI,78.0,20,1,4,Won,640.0,0.9595353123923861,90.0,90.0,2017-05,2017,5
2017-05-19,20170519,20170225,20170519,MCWDHOBT,55.0,28,2,4,Won,4612.0,0.9999999999999996,83.0,83.0,2017-05,2017,5
2017-05-26,20170526,20170225,20170526,GDZV8N5W,16.0,8,2,2,Lost,0.0,0.004116302766032868,90.0,90.0,2017-05,2017,5
2017-05-26,20170526,20170225,20170526,F4FLJ0WW,32.0,30,6,2,Lost,0.0,0.02134565581445644,90.0,90.0,2017-05,2017,5
2017-05-06,20170506,20170225,20170506,P3VM7655,19.0,6,4,4,Won,3281.0,0.9999999999765679,70.0,70.0,2017-05,2017,5
2017-03-12,20170312,20170225,20170312,5QU60VGE,24.0,32,1,2,Lost,0.0,0.15394396090892948,15.0,15.0,2017-03,2017,3
2017-03-08,20170308,20170225,20170308,3CLBPMYZ,46.0,32,6,2,Lost,0.0,0.011298401813435166,11.0,11.0,2017-03,2017,3
2017-03-11,20170311,20170225,20170311,G17JEA75,58.0,32,3,4,Won,59.0,0.7588352799166906,14.0,14.0,2017-03,2017,3
2017-06-30,20170630,20170225,20170630,BGU0JJ9X,62.0,7,6,4,Won,1081.0,0.9965537751827983,125.0,125.0,2017-06,2017,6
2017-05-09,20170509,20170225,20170509,U02OIJGK,85.0,7,6,4,Won,962.0,0.9779094437170276,73.0,73.0,2017-05,2017,5
2017-03-06,20170306,20170225,20170306,3N7ZXGMF,11.0,9,6,4,Won,1123.0,0.9921839832849844,9.0,9.0,2017-03,2017,3
2017-06-10,20170610,20170225,20170610,0QHI3KG5,78.0,21,4,4,Won,3075.0,0.9999999997973059,105.0,105.0,2017-06,2017,6
2017-05-09,20170509,20170225,20170509,0WWDVOM3,12.0,25,3,4,Won,50.0,0.6890072175373271,73.0,73.0,2017-05,2017,5
2017-03-06,20170306,20170225,20170306,QPPUCKFM,14.0,25,3,4,Won,47.0,0.6855185067119275,9.0,9.0,2017-03,2017,3
2017-03-08,20170308,20170225,20170308,VGE4M1C9,29.0,3,3,2,Lost,0.0,0.4541835468950089,11.0,11.0,2017-03,2017,3
2017-05-17,20170517,20170225,20170517,56XQOTXV,3.0,3,5,4,Won,4494.0,0.9999999999999996,81.0,81.0,2017-05,2017,5
2017-05-06,20170506,20170225,20170506,1JC9DMNJ,36.0,24,3,2,Lost,0.0,0.5458781356811955,70.0,70.0,2017-05,2017,5
2017-03-11,20170311,20170225,20170311,AK2LRFXF,64.0,24,3,4,Won,61.0,0.6825095444670678,14.0,14.0,2017-03,2017,3
2017-05-13,20170513,20170225,20170513,UCK7JRXG,32.0,24,4,4,Won,3418.0,0.9999999999922731,77.0,77.0,2017-05,2017,5
2017-06-02,20170602,20170225,20170602,WM30CUBE,44.0,16,4,4,Won,3336.0,0.9999999999842617,97.0,97.0,2017-06,2017,6
2017-03-16,20170316,20170226,20170316,8DWOWB6Y,3.0,1,1,2,Lost,0.0,0.10056984812867957,18.0,18.0,2017-03,2017,3
2017-03-13,20170313,20170226,20170313,BGNB966A,49.0,22,5,4,Won,4766.0,1.0,15.0,15.0,2017-03,2017,3
2017-06-10,20170610,20170226,20170610,4Q4CLZCH,56.0,13,4,2,Lost,0.0,0.0058233841934755256,104.0,104.0,2017-06,2017,6
2017-05-27,20170527,20170226,20170527,YQ24IWRQ,26.0,18,1,4,Won,592.0,0.9423554145904218,90.0,90.0,2017-05,2017,5
2017-06-01,20170601,20170226,20170601,Z30RS0CL,40.0,20,1,2,Lost,0.0,0.10356717051283419,95.0,95.0,2017-06,2017,6
2017-05-24,20170524,20170226,20170524,FRB34F3W,33.0,28,3,2,Lost,0.0,0.5694887674323204,87.0,87.0,2017-05,2017,5
2017-05-29,20170529,20170226,20170529,CGEHFK9N,73.0,8,2,2,Lost,0.0,0.0047637852202997285,92.0,92.0,2017-05,2017,5
2017-06-08,20170608,20170226,20170608,4A189ZAB,19.0,8,2,4,Won,5142.0,1.0,102.0,102.0,2017-06,2017,6
2017-05-29,20170529,20170226,20170529,0HELH2Q0,10.0,30,6,2,Lost,0.0,0.01809975189821857,92.0,92.0,2017-05,2017,5
2017-05-08,20170508,20170226,20170508,HG5P21RO,30.0,4,4,2,Lost,0.0,0.004036834110033686,71.0,71.0,2017-05,2017,5
2017-06-16,20170616,20170226,20170616,MGP9HCUL,54.0,27,6,2,Lost,0.0,0.007435102012596793,110.0,110.0,2017-06,2017,6
2017-06-26,20170626,20170226,20170626,XX84TIMO,22.0,34,6,2,Lost,0.0,0.015124763559170083,120.0,120.0,2017-06,2017,6
2017-05-03,20170503,20170226,20170503,2JFS8EGS,50.0,34,3,2,Lost,0.0,0.5352751099516926,66.0,66.0,2017-05,2017,5
2017-03-15,20170315,20170226,20170315,GBMHNLRO,19.0,5,1,4,Won,660.0,0.980363365138622,17.0,17.0,2017-03,2017,3
2017-05-26,20170526,20170226,20170526,NAVG0P26,60.0,5,1,4,Won,443.0,0.9085736374898997,89.0,89.0,2017-05,2017,5
2017-05-20,20170520,20170226,20170520,DK955UBP,11.0,9,3,2,Lost,0.0,0.425046381472641,83.0,83.0,2017-05,2017,5
2017-03-03,20170303,20170226,20170303,0OOZE4GN,84.0,14,5,2,Lost,0.0,0.00517852105049343,5.0,5.0,2017-03,2017,3
2017-05-18,20170518,20170226,20170518,3P0T15VX,71.0,14,3,2,Lost,0.0,0.5167299136307442,81.0,81.0,2017-05,2017,5
2017-06-18,20170618,20170226,20170618,GK0A4IQW,16.0,3,3,4,Won,61.0,0.7623737655618171,112.0,112.0,2017-06,2017,6
2017-03-14,20170314,20170226,20170314,UXJSIAVS,79.0,33,5,4,Won,4846.0,1.0,16.0,16.0,2017-03,2017,3
2017-06-04,20170604,20170227,20170604,KR4K652E,15.0,1,1,4,Won,574.0,0.9604964408948916,97.0,97.0,2017-06,2017,6
2017-06-18,20170618,20170227,20170618,J2SR2H1Y,26.0,19,1,2,Lost,0.0,0.08331754088815294,111.0,111.0,2017-06,2017,6
2017-05-22,20170522,20170227,20170522,4U5VTUJL,69.0,19,2,2,Lost,0.0,0.00401312076174404,84.0,84.0,2017-05,2017,5
2017-05-03,20170503,20170227,20170503,VTT447YT,13.0,2,1,4,Won,497.0,0.9234539528128393,65.0,65.0,2017-05,2017,5
2017-05-04,20170504,20170227,20170504,8JJY9B08,78.0,13,1,2,Lost,0.0,0.08994598170352447,66.0,66.0,2017-05,2017,5
2017-05-30,20170530,20170227,20170530,STTAXKIU,44.0,13,5,4,Won,5159.0,1.0,92.0,92.0,2017-05,2017,5
2017-05-02,20170502,20170227,20170502,PX4OW5SC,11.0,10,3,2,Lost,0.0,0.4771441742551942,64.0,64.0,2017-05,2017,5
2017-05-13,20170513,20170227,20170513,87MEZS8G,13.0,10,2,4,Won,4311.0,0.9999999999999969,75.0,75.0,2017-05,2017,5
2017-05-22,20170522,20170227,20170522,SLIWHUIM,26.0,20,1,4,Won,609.0,0.9360511115228038,84.0,84.0,2017-05,2017,5
2017-06-24,20170624,20170227,20170624,XBVFZ1IR,9.0,8,6,4,Won,1008.0,0.9932550746443054,117.0,117.0,2017-06,2017,6
2017-06-22,20170622,20170227,20170622,7B3J333S,85.0,8,2,4,Won,4458.0,0.9999999999999982,115.0,115.0,2017-06,2017,6
2017-05-26,20170526,20170227,20170526,3N9I1WH7,54.0,26,4,4,Won,2964.0,0.9999999993460942,88.0,88.0,2017-05,2017,5
2017-06-04,20170604,20170227,20170604,TMW4J6NA,47.0,30,5,2,Lost,0.0,0.004821290703241939,97.0,97.0,2017-06,2017,6
2017-06-05,20170605,20170227,20170605,ZI1MPYF3,14.0,30,4,4,Won,3813.0,0.9999999999998554,98.0,98.0,2017-06,2017,6
2017-05-27,20170527,20170227,20170527,L6KOBEBZ,60.0,6,1,4,Won,528.0,0.9629169727813186,89.0,89.0,2017-05,2017,5
2017-03-10,20170310,20170227,20170310,Z2S4KUPO,58.0,31,6,4,Won,1173.0,0.9981938822398143,11.0,11.0,2017-03,2017,3
2017-06-19,20170619,20170227,20170619,GIW1PN4L,42.0,31,2,4,Won,3893.0,0.9999999999998477,112.0,112.0,2017-06,2017,6
2017-03-15,20170315,20170227,20170315,E57F5Z2K,65.0,31,2,4,Won,4678.0,0.9999999999999998,16.0,16.0,2017-03,2017,3
2017-06-01,20170601,20170227,20170601,38KKSE72,4.0,4,1,4,Won,530.0,0.9159353287998054,94.0,94.0,2017-06,2017,6
2017-03-14,20170314,20170227,20170314,0GJ586J0,70.0,27,3,2,Lost,0.0,0.4112393186248321,15.0,15.0,2017-03,2017,3
2017-06-27,20170627,20170227,20170627,4V0S4BA3,32.0,27,7,4,Won,29617.0,1.0,120.0,120.0,2017-06,2017,6
2017-05-09,20170509,20170227,20170509,1LTD5TKV,39.0,7,6,4,Won,1028.0,0.9933144809227623,71.0,71.0,2017-05,2017,5
2017-06-28,20170628,20170227,20170628,VBM56CIF,16.0,7,4,4,Won,2863.0,0.9999999989341228,121.0,121.0,2017-06,2017,6
2017-06-28,20170628,20170227,20170628,PDH2NPE1,11.0,5,4,4,Won,4109.0,0.9999999999999734,121.0,121.0,2017-06,2017,6
2017-05-08,20170508,20170227,20170508,OV60VIBB,3.0,9,1,2,Lost,0.0,0.07589406363175817,70.0,70.0,2017-05,2017,5
2017-03-13,20170313,20170227,20170313,2OAIXF3A,42.0,21,6,4,Won,1106.0,0.995769183329079,14.0,14.0,2017-03,2017,3
2017-06-30,20170630,20170227,20170630,FBSEA94D,8.0,14,3,4,Won,53.0,0.7766919725986223,123.0,123.0,2017-06,2017,6
2017-05-14,20170514,20170227,20170514,EOB01PRO,29.0,3,3,4,Won,47.0,0.6268765305533134,76.0,76.0,2017-05,2017,5
2017-05-23,20170523,20170227,20170523,5QC9H4C2,42.0,12,4,4,Won,3749.0,0.9999999999994047,85.0,85.0,2017-05,2017,5
2017-05-27,20170527,20170227,20170527,3HGQ3BOY,52.0,12,4,4,Won,4204.0,0.9999999999999942,89.0,89.0,2017-05,2017,5
2017-06-15,20170615,20170228,20170615,CO6ZPH1W,74.0,19,4,4,Won,3986.0,0.999999999999913,107.0,107.0,2017-06,2017,6
2017-06-05,20170605,20170228,20170605,M3WTE943,18.0,18,2,4,Won,5105.0,1.0,97.0,97.0,2017-06,2017,6
2017-06-22,20170622,20170228,20170622,X914SMX7,28.0,10,1,4,Won,516.0,0.910782099002466,114.0,114.0,2017-06,2017,6
2017-06-02,20170602,20170228,20170602,1MCE2AOV,60.0,10,2,4,Won,4407.0,0.9999999999999991,94.0,94.0,2017-06,2017,6
2017-06-19,20170619,20170228,20170619,8061HKKB,81.0,20,4,4,Won,3087.0,0.9999999996884676,111.0,111.0,2017-06,2017,6
2017-05-15,20170515,20170228,20170515,T1HIH384,38.0,8,5,4,Won,5331.0,1.0,76.0,76.0,2017-05,2017,5
2017-05-05,20170505,20170228,20170505,FM2NX2GB,12.0,26,4,4,Won,4069.0,0.9999999999999809,66.0,66.0,2017-05,2017,5
2017-06-29,20170629,20170228,20170629,SJ45HNHM,35.0,30,1,4,Won,463.0,0.9001270920257274,121.0,121.0,2017-06,2017,6
2017-05-26,20170526,20170228,20170526,NYGZJYCJ,22.0,30,5,4,Won,5625.0,1.0,87.0,87.0,2017-05,2017,5
2017-06-15,20170615,20170228,20170615,6MMFIIGE,60.0,4,1,4,Won,524.0,0.9421105514606243,107.0,107.0,2017-06,2017,6
2017-05-12,20170512,20170228,20170512,IJ817GQJ,10.0,27,1,2,Lost,0.0,0.08830689965842292,73.0,73.0,2017-05,2017,5
2017-05-28,20170528,20170228,20170528,PCRRS6JP,28.0,5,3,2,Lost,0.0,0.4652430685536557,89.0,89.0,2017-05,2017,5
2017-06-01,20170601,20170228,20170601,NKL5SWX3,82.0,21,6,4,Won,1161.0,0.9988147157856411,93.0,93.0,2017-06,2017,6
2017-06-03,20170603,20170228,20170603,WVG1CIHX,49.0,21,5,4,Won,6046.0,1.0,95.0,95.0,2017-06,2017,6
2017-05-18,20170518,20170228,20170518,7GRNFO6D,19.0,3,3,4,Won,49.0,0.7930151172262062,79.0,79.0,2017-05,2017,5
2017-05-28,20170528,20170301,20170528,G0QKNVIJ,13.0,1,3,4,Won,51.0,0.7591565849336197,88.0,88.0,2017-05,2017,5
2017-06-26,20170626,20170301,20170626,6HRIX06M,36.0,1,4,4,Won,3415.0,0.9999999999924669,117.0,117.0,2017-06,2017,6
2017-03-10,20170310,20170301,20170310,AM5YTMH3,42.0,22,6,4,Won,1053.0,0.9914928803249321,9.0,9.0,2017-03,2017,3
2017-05-25,20170525,20170301,20170525,2L5ZWLI7,2.0,19,6,2,Lost,0.0,0.01186837250192468,85.0,85.0,2017-05,2017,5
2017-03-15,20170315,20170301,20170315,6B6Q8C5S,18.0,19,2,4,Won,5068.0,1.0,14.0,14.0,2017-03,2017,3
2017-06-30,20170630,20170301,20170630,DF4KYH5H,48.0,19,2,4,Won,4256.0,0.9999999999999958,121.0,121.0,2017-06,2017,6
2017-05-08,20170508,20170301,20170508,JTDV6H65,73.0,10,4,2,Lost,0.0,0.00458179837207478,68.0,68.0,2017-05,2017,5
2017-03-12,20170312,20170301,20170312,O8JF46GT,28.0,10,1,4,Won,657.0,0.9609207484717851,11.0,11.0,2017-03,2017,3
2017-03-08,20170308,20170301,20170308,RK5Y67V6,66.0,10,3,4,Won,60.0,0.8068190027073661,7.0,7.0,2017-03,2017,3
2017-05-29,20170529,20170301,20170529,COWOZH43,53.0,20,1,2,Lost,0.0,0.07077542698901294,89.0,89.0,2017-05,2017,5
2017-05-10,20170510,20170301,20170510,DGIYD342,36.0,28,5,2,Lost,0.0,0.0052518356517361735,70.0,70.0,2017-05,2017,5
2017-05-05,20170505,20170301,20170505,JSSGVBVS,63.0,15,1,2,Lost,0.0,0.1256512976819977,65.0,65.0,2017-05,2017,5
2017-05-01,20170501,20170301,20170501,V28NVD6A,56.0,15,1,4,Won,629.0,0.9762964032722549,61.0,61.0,2017-05,2017,5
2017-05-23,20170523,20170301,20170523,I1IAVDQM,36.0,8,4,2,Lost,0.0,0.0037603124789555337,83.0,83.0,2017-05,2017,5
2017-06-02,20170602,20170301,20170602,4MC584U5,73.0,8,4,4,Won,4082.0,0.9999999999999751,93.0,93.0,2017-06,2017,6
2017-05-31,20170531,20170301,20170531,MCYLHUCZ,60.0,4,6,4,Won,1044.0,0.9947164380445452,91.0,91.0,2017-05,2017,5
2017-06-11,20170611,20170301,20170611,5E4DTWHV,38.0,7,4,2,Lost,0.0,0.005926041988974759,102.0,102.0,2017-06,2017,6
2017-03-21,20170321,20170301,20170321,1VUBYV53,58.0,34,6,4,Won,1025.0,0.9936925820774443,20.0,20.0,2017-03,2017,3
2017-06-17,20170617,20170301,20170617,W03CXYET,68.0,5,1,4,Won,465.0,0.9142005476802844,108.0,108.0,2017-06,2017,6
2017-06-14,20170614,20170301,20170614,LZVFFQLN,45.0,5,3,4,Won,50.0,0.6869245249160796,105.0,105.0,2017-06,2017,6
2017-03-09,20170309,20170301,20170309,MFV0C5RN,75.0,21,5,4,Won,5548.0,1.0,8.0,8.0,2017-03,2017,3
2017-06-03,20170603,20170301,20170603,A1WZEK7U,42.0,21,4,4,Won,3558.0,0.9999999999975357,94.0,94.0,2017-06,2017,6
2017-03-07,20170307,20170301,20170307,516FJUNB,64.0,25,4,4,Won,3959.0,0.9999999999998874,6.0,6.0,2017-03,2017,3
2017-03-17,20170317,20170301,20170317,PE8DK02A,59.0,3,3,4,Won,49.0,0.743775707334648,16.0,16.0,2017-03,2017,3
2017-06-16,20170616,20170301,20170616,10NTPQUY,76.0,3,3,4,Won,50.0,0.7890760741406486,107.0,107.0,2017-06,2017,6
2017-03-08,20170308,20170301,20170308,X2EXSMPR,77.0,24,1,4,Won,523.0,0.8611386310704426,7.0,7.0,2017-03,2017,3
2017-06-01,20170601,20170301,20170601,JCFQVIEG,83.0,24,6,4,Won,1086.0,0.9967374544909983,92.0,92.0,2017-06,2017,6
2017-03-09,20170309,20170301,20170309,XIWKGJOW,32.0,24,2,4,Won,4445.0,0.9999999999999991,8.0,8.0,2017-03,2017,3
2017-06-24,20170624,20170301,20170624,DHGLWIDZ,74.0,12,2,4,Won,4756.0,1.0,115.0,115.0,2017-06,2017,6
2017-06-19,20170619,20170301,20170619,74VGCEEW,27.0,12,3,4,Won,67.0,0.7609499903763546,110.0,110.0,2017-06,2017,6
2017-06-09,20170609,20170301,20170609,MXTAIS4Q,40.0,16,4,4,Won,3783.0,0.9999999999997389,100.0,100.0,2017-06,2017,6
2017-05-31,20170531,20170301,20170531,YP8QKKEZ,17.0,33,1,2,Lost,0.0,0.09530295392196401,91.0,91.0,2017-05,2017,5
2017-06-27,20170627,20170301,20170627,3TSOEM5K,58.0,33,5,2,Lost,0.0,0.008464293445067005,118.0,118.0,2017-06,2017,6
2017-05-31,20170531,20170302,20170531,G7RCJBVL,19.0,1,4,2,Lost,0.0,0.008423864073018872,90.0,90.0,2017-05,2017,5
2017-03-12,20170312,20170302,20170312,G20IQSA3,13.0,1,1,4,Won,522.0,0.9341495130533417,10.0,10.0,2017-03,2017,3
2017-03-18,20170318,20170302,20170318,Q16BQCEL,43.0,22,6,4,Won,1001.0,0.9855762059874461,16.0,16.0,2017-03,2017,3
2017-05-25,20170525,20170302,20170525,9924I5ZF,3.0,2,5,4,Won,5728.0,1.0,84.0,84.0,2017-05,2017,5
2017-06-19,20170619,20170302,20170619,SLLJT3T1,11.0,10,5,4,Won,4856.0,1.0,109.0,109.0,2017-06,2017,6
2017-05-26,20170526,20170302,20170526,AAEUN73V,9.0,10,2,4,Won,5570.0,1.0,85.0,85.0,2017-05,2017,5
2017-05-26,20170526,20170302,20170526,32LY2D1K,13.0,10,4,4,Won,3647.0,0.9999999999988516,85.0,85.0,2017-05,2017,5
2017-06-11,20170611,20170302,20170611,S2UWELRW,49.0,20,1,4,Won,487.0,0.8954276372210056,101.0,101.0,2017-06,2017,6
2017-06-12,20170612,20170302,20170612,5VQRLIEZ,18.0,20,6,4,Won,1166.0,0.9984983574123988,102.0,102.0,2017-06,2017,6
2017-06-06,20170606,20170302,20170606,6U0CT07B,62.0,6,1,4,Won,595.0,0.9648141266003716,96.0,96.0,2017-06,2017,6
2017-06-04,20170604,20170302,20170604,DFN1V29L,12.0,32,3,4,Won,49.0,0.794988672584078,94.0,94.0,2017-06,2017,6
2017-03-19,20170319,20170302,20170319,VBZ862OS,77.0,31,1,4,Won,599.0,0.9276526944692329,17.0,17.0,2017-03,2017,3
2017-05-15,20170515,20170302,20170515,VFKKSJT2,42.0,31,2,4,Won,4506.0,0.9999999999999993,74.0,74.0,2017-05,2017,5
2017-05-06,20170506,20170302,20170506,FJMFXCTD,70.0,31,2,4,Won,4512.0,0.9999999999999996,65.0,65.0,2017-05,2017,5
2017-05-01,20170501,20170302,20170501,LGLIB8TR,30.0,4,1,2,Lost,0.0,0.11031269686890623,60.0,60.0,2017-05,2017,5
2017-05-06,20170506,20170302,20170506,JREGYB42,50.0,34,6,4,Won,1102.0,0.99587305618195,65.0,65.0,2017-05,2017,5
2017-06-10,20170610,20170302,20170610,9PWM6RYC,58.0,25,1,2,Lost,0.0,0.14404254651459042,100.0,100.0,2017-06,2017,6
2017-05-12,20170512,20170302,20170512,EMUA57Q2,12.0,3,3,4,Won,54.0,0.7909654818963854,71.0,71.0,2017-05,2017,5
2017-03-17,20170317,20170302,20170317,DB3N4CHN,36.0,3,3,4,Won,62.0,0.688428716670844,15.0,15.0,2017-03,2017,3
2017-03-09,20170309,20170302,20170309,OF7GY5F4,71.0,12,3,4,Won,61.0,0.6275128871667217,7.0,7.0,2017-03,2017,3
2017-05-23,20170523,20170302,20170523,CVFJUYPM,64.0,33,2,2,Lost,0.0,0.00453165274886001,82.0,82.0,2017-05,2017,5
2017-03-16,20170316,20170302,20170316,L5807I4N,46.0,33,2,4,Won,4277.0,0.9999999999999927,14.0,14.0,2017-03,2017,3
2017-05-23,20170523,20170303,20170523,Q1ZKBGV5,29.0,1,3,4,Won,46.0,0.6469973116776723,81.0,81.0,2017-05,2017,5
2017-06-22,20170622,20170303,20170622,9JKODCAU,60.0,1,3,4,Won,54.0,0.8334532436350088,111.0,111.0,2017-06,2017,6
2017-06-08,20170608,20170303,20170608,LELWKXDX,18.0,22,5,4,Won,6173.0,1.0,97.0,97.0,2017-06,2017,6
2017-03-21,20170321,20170303,20170321,DA95Q0VE,26.0,19,4,2,Lost,0.0,0.0021239407469433604,18.0,18.0,2017-03,2017,3
2017-06-11,20170611,20170303,20170611,5HMZH1Z9,69.0,18,2,2,Lost,0.0,0.004197096602721518,100.0,100.0,2017-06,2017,6
2017-05-16,20170516,20170303,20170516,05QMFSF0,72.0,10,2,2,Lost,0.0,0.004387738146429725,74.0,74.0,2017-05,2017,5
2017-05-28,20170528,20170303,20170528,JE245P8R,45.0,10,6,4,Won,1149.0,0.9977345937036683,86.0,86.0,2017-05,2017,5
2017-05-04,20170504,20170303,20170504,SFQMEZIW,63.0,15,1,2,Lost,0.0,0.12375565631464608,62.0,62.0,2017-05,2017,5
2017-03-16,20170316,20170303,20170316,B8RR21XP,19.0,6,6,2,Lost,0.0,0.017264952736724317,13.0,13.0,2017-03,2017,3
2017-05-22,20170522,20170303,20170522,U85VV1BU,32.0,31,1,4,Won,568.0,0.9686062539437709,80.0,80.0,2017-05,2017,5
2017-05-30,20170530,20170303,20170530,V6HB68BL,41.0,31,1,4,Won,567.0,0.9513594756102045,88.0,88.0,2017-05,2017,5
2017-03-09,20170309,20170303,20170309,H9JPB7GW,28.0,4,1,4,Won,542.0,0.8513425235778175,6.0,6.0,2017-03,2017,3
2017-05-28,20170528,20170303,20170528,8LFNU39A,13.0,7,1,2,Lost,0.0,0.15774878935419065,86.0,86.0,2017-05,2017,5
2017-03-16,20170316,20170303,20170316,SWPTTVQZ,25.0,7,6,4,Won,1062.0,0.9931134711283377,13.0,13.0,2017-03,2017,3
2017-03-13,20170313,20170303,20170313,GKJLM1UR,21.0,34,6,4,Won,1057.0,0.9898643724514551,10.0,10.0,2017-03,2017,3
2017-06-01,20170601,20170303,20170601,8L1ZHTPL,29.0,5,6,4,Won,1020.0,0.9884821642831498,90.0,90.0,2017-06,2017,6
2017-05-11,20170511,20170303,20170511,4XX690SP,33.0,33,1,4,Won,535.0,0.9212777014748288,69.0,69.0,2017-05,2017,5
2017-06-13,20170613,20170304,20170613,JSDGELLK,11.0,1,1,4,Won,522.0,0.9338119192149049,101.0,101.0,2017-06,2017,6
2017-05-14,20170514,20170304,20170514,LV1754PS,57.0,1,1,4,Won,544.0,0.9681342570920047,71.0,71.0,2017-05,2017,5
2017-06-07,20170607,20170304,20170607,JIYYV11P,28.0,1,4,4,Won,3081.0,0.9999999997536124,95.0,95.0,2017-06,2017,6
2017-05-18,20170518,20170304,20170518,6TB7XA83,15.0,2,3,4,Won,51.0,0.6791076630512165,75.0,75.0,2017-05,2017,5
2017-05-09,20170509,20170304,20170509,U5UM9W8V,82.0,13,6,2,Lost,0.0,0.01858493877073084,66.0,66.0,2017-05,2017,5
2017-05-06,20170506,20170304,20170506,POB32WHJ,1.0,18,6,2,Lost,0.0,0.006626532686349099,63.0,63.0,2017-05,2017,5
2017-03-20,20170320,20170304,20170320,4T8KR12S,68.0,10,6,4,Won,1076.0,0.9951783819486476,16.0,16.0,2017-03,2017,3
2017-05-09,20170509,20170304,20170509,JA0D4V57,79.0,30,4,4,Won,3685.0,0.9999999999991034,66.0,66.0,2017-05,2017,5
2017-05-13,20170513,20170304,20170513,6CKB8I8U,36.0,6,6,2,Lost,0.0,0.01387736758012715,70.0,70.0,2017-05,2017,5
2017-05-18,20170518,20170304,20170518,HKBAON9X,31.0,32,2,4,Won,3997.0,0.9999999999999494,75.0,75.0,2017-05,2017,5
2017-03-18,20170318,20170304,20170318,7S1N6QHI,79.0,32,3,4,Won,51.0,0.6774262572913775,14.0,14.0,2017-03,2017,3
2017-03-21,20170321,20170304,20170321,CHI2T3IH,70.0,32,4,4,Won,3164.0,0.9999999998935907,17.0,17.0,2017-03,2017,3
2017-06-22,20170622,20170304,20170622,X7HK448T,25.0,4,1,4,Won,496.0,0.8733958190615153,110.0,110.0,2017-06,2017,6
2017-05-13,20170513,20170304,20170513,1YYN3PBU,22.0,27,4,2,Lost,0.0,0.002833145360763413,70.0,70.0,2017-05,2017,5
2017-03-26,20170326,20170304,20170326,R4L36Y0P,66.0,7,1,4,Won,579.0,0.9824656378762755,22.0,22.0,2017-03,2017,3
2017-05-20,20170520,20170304,20170520,CPTEPYPZ,77.0,34,1,2,Lost,0.0,0.06754613666750864,77.0,77.0,2017-05,2017,5
2017-05-02,20170502,20170304,20170502,AJJ7VJWA,4.0,9,2,2,Lost,0.0,0.003212163629453684,59.0,59.0,2017-05,2017,5
2017-05-27,20170527,20170304,20170527,8BR6E4S6,73.0,9,2,2,Lost,0.0,0.003973966940465771,84.0,84.0,2017-05,2017,5
2017-06-27,20170627,20170304,20170627,YNKWBEEN,42.0,21,1,4,Won,521.0,0.9501298614689054,115.0,115.0,2017-06,2017,6
2017-03-07,20170307,20170304,20170307,SARVIBLS,27.0,21,4,4,Won,3889.0,0.9999999999998463,3.0,3.0,2017-03,2017,3
2017-03-12,20170312,20170304,20170312,M4ZNQTEQ,56.0,14,4,4,Won,3340.0,0.9999999999738141,8.0,8.0,2017-03,2017,3
2017-03-20,20170320,20170304,20170320,K0GWTWYL,23.0,3,3,2,Lost,0.0,0.5234101883489524,16.0,16.0,2017-03,2017,3
2017-05-11,20170511,20170304,20170511,TCSQO748,10.0,24,2,2,Lost,0.0,0.0052048028768937014,68.0,68.0,2017-05,2017,5
2017-06-11,20170611,20170304,20170611,ITCY8YV0,6.0,33,2,4,Won,5876.0,1.0,99.0,99.0,2017-06,2017,6
2017-05-29,20170529,20170305,20170529,SAUAOZVO,72.0,1,5,4,Won,5092.0,1.0,85.0,85.0,2017-05,2017,5
2017-05-09,20170509,20170305,20170509,1XHLB0Q5,48.0,22,6,2,Lost,0.0,0.013500571011888396,65.0,65.0,2017-05,2017,5
2017-06-08,20170608,20170305,20170608,OJVA8ZEK,1.0,18,6,4,Won,966.0,0.9785162181380401,95.0,95.0,2017-06,2017,6
2017-03-21,20170321,20170305,20170321,UAX3F7D4,53.0,18,5,4,Won,6024.0,1.0,16.0,16.0,2017-03,2017,3
2017-03-14,20170314,20170305,20170314,7PDUWDGT,12.0,18,4,4,Won,3759.0,0.9999999999995062,9.0,9.0,2017-03,2017,3
2017-05-24,20170524,20170305,20170524,QWJ2TRQM,68.0,10,2,2,Lost,0.0,0.0056678018781713526,80.0,80.0,2017-05,2017,5
2017-03-23,20170323,20170305,20170323,3AU5SZ3V,18.0,20,2,4,Won,4443.0,0.9999999999999991,18.0,18.0,2017-03,2017,3
2017-06-28,20170628,20170305,20170628,BVOO33UA,10.0,26,4,4,Won,3397.0,0.999999999993044,115.0,115.0,2017-06,2017,6
2017-03-15,20170315,20170305,20170315,SC7XGQVA,64.0,30,5,2,Lost,0.0,0.0060407027391566025,10.0,10.0,2017-03,2017,3
2017-05-14,20170514,20170305,20170514,UY45Y7AM,70.0,30,3,2,Lost,0.0,0.5995907311793034,70.0,70.0,2017-05,2017,5
2017-05-05,20170505,20170305,20170505,M92Y63Q3,16.0,6,3,4,Won,59.0,0.7045603662632721,61.0,61.0,2017-05,2017,5
2017-05-12,20170512,20170305,20170512,JXAYTFNI,9.0,4,1,2,Lost,0.0,0.09334465319483402,68.0,68.0,2017-05,2017,5
2017-05-21,20170521,20170305,20170521,BMM5D5R4,15.0,4,1,2,Lost,0.0,0.0714119912919906,77.0,77.0,2017-05,2017,5
2017-06-06,20170606,20170305,20170606,PSGTTYUT,57.0,4,1,4,Won,494.0,0.9210813450783668,93.0,93.0,2017-06,2017,6
2017-05-16,20170516,20170305,20170516,JRC2PMKX,11.0,4,6,4,Won,1060.0,0.9893765378367428,72.0,72.0,2017-05,2017,5
2017-05-26,20170526,20170305,20170526,6M5LV1ZE,62.0,7,3,2,Lost,0.0,0.6055050525564424,82.0,82.0,2017-05,2017,5
2017-05-19,20170519,20170305,20170519,IBZQBCSU,75.0,14,3,2,Lost,0.0,0.570257743113358,75.0,75.0,2017-05,2017,5
2017-05-30,20170530,20170305,20170530,YABTM1G5,16.0,3,1,2,Lost,0.0,0.14157448729836491,86.0,86.0,2017-05,2017,5
2017-05-11,20170511,20170305,20170511,FPTH6URQ,22.0,24,1,4,Won,624.0,0.9718697098284544,67.0,67.0,2017-05,2017,5
2017-05-08,20170508,20170305,20170508,S3XE14XP,32.0,24,1,4,Won,565.0,0.9652748477635464,64.0,64.0,2017-05,2017,5
2017-06-14,20170614,20170305,20170614,U6Q0T9KV,44.0,24,1,4,Won,642.0,0.9820554871206625,101.0,101.0,2017-06,2017,6
2017-03-14,20170314,20170305,20170314,HRWHRCH8,2.0,12,3,4,Won,48.0,0.5984179717504373,9.0,9.0,2017-03,2017,3
2017-05-19,20170519,20170305,20170519,8B29CRQL,20.0,12,3,4,Won,60.0,0.6503574959309476,75.0,75.0,2017-05,2017,5
2017-05-18,20170518,20170306,20170518,3KM8WN7L,42.0,22,1,4,Won,522.0,0.9243163451175912,73.0,73.0,2017-05,2017,5
2017-03-18,20170318,20170306,20170318,S0XILDHQ,74.0,19,5,4,Won,4701.0,0.9999999999999998,12.0,12.0,2017-03,2017,3
2017-05-20,20170520,20170306,20170520,ZVR3CS7N,62.0,10,5,2,Lost,0.0,0.005058079501574112,75.0,75.0,2017-05,2017,5
2017-03-13,20170313,20170306,20170313,AZH0INTS,64.0,28,2,4,Won,4987.0,1.0,7.0,7.0,2017-03,2017,3
2017-05-31,20170531,20170306,20170531,9AMJKJX6,38.0,6,1,4,Won,579.0,0.965795601324446,86.0,86.0,2017-05,2017,5
2017-06-29,20170629,20170306,20170629,3NQBMKOK,42.0,31,1,4,Won,494.0,0.9126128910283844,115.0,115.0,2017-06,2017,6
2017-06-11,20170611,20170306,20170611,VBG91TQH,39.0,7,1,4,Won,545.0,0.9555238577135269,97.0,97.0,2017-06,2017,6
2017-06-01,20170601,20170306,20170601,QZE24X2H,79.0,34,1,4,Won,584.0,0.9604022326510923,87.0,87.0,2017-06,2017,6
2017-06-09,20170609,20170306,20170609,WSPBQ5YR,15.0,5,4,4,Won,3714.0,0.999999999999136,95.0,95.0,2017-06,2017,6
2017-05-15,20170515,20170306,20170515,YJJ1BLPQ,23.0,9,4,4,Won,3423.0,0.9999999999830345,70.0,70.0,2017-05,2017,5
2017-03-19,20170319,20170306,20170319,XUGTSB00,59.0,9,4,4,Won,3167.0,0.9999999998739195,13.0,13.0,2017-03,2017,3
2017-05-29,20170529,20170306,20170529,3DKK3JF3,1.0,21,1,2,Lost,0.0,0.09610277510573509,84.0,84.0,2017-05,2017,5
2017-05-29,20170529,20170306,20170529,I0TSIELX,77.0,25,6,4,Won,987.0,0.9794223860500121,84.0,84.0,2017-05,2017,5
2017-06-06,20170606,20170306,20170606,420PORSF,44.0,14,4,2,Lost,0.0,0.004898013302377663,92.0,92.0,2017-06,2017,6
2017-05-21,20170521,20170306,20170521,DVCPCBMJ,16.0,3,4,2,Lost,0.0,0.005052989922710692,76.0,76.0,2017-05,2017,5
2017-05-24,20170524,20170306,20170524,UMZ986GC,19.0,3,4,4,Won,3428.0,0.9999999999949267,79.0,79.0,2017-05,2017,5
2017-05-22,20170522,20170306,20170522,UPQRP36U,27.0,12,3,2,Lost,0.0,0.601636582446899,77.0,77.0,2017-05,2017,5
2017-05-31,20170531,20170306,20170531,RZI9HX5X,36.0,33,6,4,Won,1149.0,0.9969780306946061,86.0,86.0,2017-05,2017,5
2017-06-11,20170611,20170307,20170611,WFJPWN9O,29.0,1,5,4,Won,6023.0,1.0,96.0,96.0,2017-06,2017,6
2017-06-04,20170604,20170307,20170604,2WH4NUR9,7.0,19,1,2,Lost,0.0,0.09673502206049403,89.0,89.0,2017-06,2017,6
2017-03-17,20170317,20170307,20170317,S93L97VV,62.0,2,3,4,Won,47.0,0.6005934893254684,10.0,10.0,2017-03,2017,3
2017-03-10,20170310,20170307,20170310,HRU8FNE1,18.0,13,1,4,Won,542.0,0.9577925470580041,3.0,3.0,2017-03,2017,3
2017-03-16,20170316,20170307,20170316,JDFN8AZI,78.0,13,2,4,Won,4980.0,1.0,9.0,9.0,2017-03,2017,3
2017-05-28,20170528,20170307,20170528,11EK1VP7,25.0,10,2,4,Won,4978.0,1.0,82.0,82.0,2017-05,2017,5
2017-06-10,20170610,20170307,20170610,50HQRWGJ,75.0,20,2,4,Won,5256.0,1.0,95.0,95.0,2017-06,2017,6
2017-06-07,20170607,20170307,20170607,N90VSHI2,36.0,28,2,4,Won,4327.0,0.9999999999999971,92.0,92.0,2017-06,2017,6
2017-05-15,20170515,20170307,20170515,21PRD9FN,20.0,15,2,4,Won,5022.0,1.0,69.0,69.0,2017-05,2017,5
2017-03-11,20170311,20170307,20170311,ITIQJARB,4.0,8,5,4,Won,4887.0,1.0,4.0,4.0,2017-03,2017,3
2017-03-21,20170321,20170307,20170321,EAUV9J9L,66.0,8,4,4,Won,3724.0,0.9999999999995861,14.0,14.0,2017-03,2017,3
2017-03-11,20170311,20170307,20170311,XWEZ1WNK,79.0,30,1,4,Won,535.0,0.9280741774422041,4.0,4.0,2017-03,2017,3
2017-05-24,20170524,20170307,20170524,JTSUYWUD,6.0,31,5,2,Lost,0.0,0.005579269647288564,78.0,78.0,2017-05,2017,5
2017-03-15,20170315,20170307,20170315,CJ5U6GX3,64.0,27,4,4,Won,3969.0,0.9999999999998821,8.0,8.0,2017-03,2017,3
2017-03-13,20170313,20170307,20170313,HDUV7VJN,72.0,5,5,4,Won,6805.0,1.0,6.0,6.0,2017-03,2017,3
2017-06-12,20170612,20170307,20170612,5OCY2XME,39.0,9,6,4,Won,1190.0,0.9977254068946058,97.0,97.0,2017-06,2017,6
2017-05-29,20170529,20170307,20170529,1YB00UYY,12.0,14,5,4,Won,4821.0,1.0,83.0,83.0,2017-05,2017,5
2017-05-06,20170506,20170307,20170506,Y23HQJRG,43.0,12,3,4,Won,53.0,0.6238379350181376,60.0,60.0,2017-05,2017,5
2017-05-22,20170522,20170308,20170522,9HXSC391,75.0,19,4,4,Won,3087.0,0.9999999997990086,75.0,75.0,2017-05,2017,5
2017-06-03,20170603,20170308,20170603,ENOMNCOJ,4.0,2,3,4,Won,59.0,0.7387173993954186,87.0,87.0,2017-06,2017,6
2017-06-02,20170602,20170308,20170602,CG4TWLUR,8.0,13,6,4,Won,857.0,0.9801398059568202,86.0,86.0,2017-06,2017,6
2017-06-27,20170627,20170308,20170627,0FIG6ZP2,48.0,18,6,4,Won,1142.0,0.9976749219016109,111.0,111.0,2017-06,2017,6
2017-05-14,20170514,20170308,20170514,IA62KQBO,26.0,20,1,4,Won,566.0,0.9055184833547165,67.0,67.0,2017-05,2017,5
2017-03-18,20170318,20170308,20170318,C54ZXDLT,78.0,15,4,4,Won,4291.0,0.9999999999999931,10.0,10.0,2017-03,2017,3
2017-06-16,20170616,20170308,20170616,X96MMTCI,58.0,26,6,4,Won,1039.0,0.9969724122506127,100.0,100.0,2017-06,2017,6
2017-05-19,20170519,20170308,20170519,P4RDU8QM,77.0,26,4,4,Won,3151.0,0.9999999998419815,72.0,72.0,2017-05,2017,5
2017-03-24,20170324,20170308,20170324,7C9Q2ZA3,30.0,6,1,4,Won,590.0,0.9720800220818527,16.0,16.0,2017-03,2017,3
2017-03-18,20170318,20170308,20170318,YZ1EYM3Y,59.0,6,4,4,Won,3217.0,0.9999999999459397,10.0,10.0,2017-03,2017,3
2017-03-11,20170311,20170308,20170311,M7J5BV9Q,83.0,32,1,4,Won,597.0,0.9675563602549211,3.0,3.0,2017-03,2017,3
2017-05-11,20170511,20170308,20170511,MDRX39D8,51.0,31,2,4,Won,4918.0,1.0,64.0,64.0,2017-05,2017,5
2017-03-19,20170319,20170308,20170319,7GRFWF1U,61.0,31,2,4,Won,5266.0,1.0,11.0,11.0,2017-03,2017,3
2017-05-14,20170514,20170308,20170514,EHP6OQ69,23.0,4,4,2,Lost,0.0,0.0022612822811191014,67.0,67.0,2017-05,2017,5
2017-05-17,20170517,20170308,20170517,4R1NMA9E,64.0,27,1,2,Lost,0.0,0.09457827448172214,70.0,70.0,2017-05,2017,5
2017-05-07,20170507,20170308,20170507,CDA8Y12G,6.0,27,3,4,Won,61.0,0.5846327704066674,60.0,60.0,2017-05,2017,5
2017-05-31,20170531,20170308,20170531,RYLLRATF,22.0,27,4,4,Won,3470.0,0.999999999991052,84.0,84.0,2017-05,2017,5
2017-06-26,20170626,20170308,20170626,KEF5O2Q6,3.0,5,1,2,Lost,0.0,0.11550211206175806,110.0,110.0,2017-06,2017,6
2017-05-28,20170528,20170308,20170528,Y38ULZPM,51.0,25,3,4,Won,48.0,0.7096709348006931,81.0,81.0,2017-05,2017,5
2017-06-22,20170622,20170308,20170622,YFP8IZ98,1.0,14,3,4,Won,61.0,0.5883712715145917,106.0,106.0,2017-06,2017,6
2017-05-26,20170526,20170308,20170526,U9CDTLZM,6.0,24,3,2,Lost,0.0,0.5717770506921425,79.0,79.0,2017-05,2017,5
2017-05-29,20170529,20170308,20170529,V5AN4BZF,63.0,12,1,2,Lost,0.0,0.1445322012009,82.0,82.0,2017-05,2017,5
2017-06-05,20170605,20170308,20170605,58J6HCYK,79.0,33,1,2,Lost,0.0,0.0950809819141882,89.0,89.0,2017-06,2017,6
2017-05-27,20170527,20170308,20170527,GDGR4C37,55.0,33,6,2,Lost,0.0,0.007108031825843295,80.0,80.0,2017-05,2017,5
2017-05-22,20170522,20170309,20170522,COOYICXU,38.0,1,1,2,Lost,0.0,0.1370750456858809,74.0,74.0,2017-05,2017,5
2017-05-11,20170511,20170309,20170511,UALNIVAY,36.0,1,5,2,Lost,0.0,0.006498810234823708,63.0,63.0,2017-05,2017,5
2017-06-11,20170611,20170309,20170611,E5UW8AGQ,68.0,1,1,4,Won,595.0,0.9770024821207668,94.0,94.0,2017-06,2017,6
2017-06-01,20170601,20170309,20170601,EWA9JFBA,85.0,1,3,4,Won,51.0,0.5674084593229555,84.0,84.0,2017-06,2017,6
2017-06-08,20170608,20170309,20170608,99DK6OHX,53.0,22,3,2,Lost,0.0,0.5340073960516261,91.0,91.0,2017-06,2017,6
2017-05-25,20170525,20170309,20170525,MK57PHV1,42.0,19,2,4,Won,4624.0,0.9999999999999998,77.0,77.0,2017-05,2017,5
2017-05-15,20170515,20170309,20170515,ZGZSYIJV,23.0,10,6,2,Lost,0.0,0.010754712938746172,67.0,67.0,2017-05,2017,5
2017-05-28,20170528,20170309,20170528,6LI7FXQT,4.0,10,3,2,Lost,0.0,0.6036826344266827,80.0,80.0,2017-05,2017,5
2017-06-17,20170617,20170309,20170617,D01U0UR8,25.0,10,1,4,Won,571.0,0.9498701777532135,100.0,100.0,2017-06,2017,6
2017-03-25,20170325,20170309,20170325,9LFX3HBC,47.0,28,4,4,Won,3333.0,0.9999999999589251,16.0,16.0,2017-03,2017,3
2017-05-16,20170516,20170309,20170516,JP3IMU5X,39.0,8,5,4,Won,4853.0,1.0,68.0,68.0,2017-05,2017,5
2017-06-08,20170608,20170309,20170608,5I8WOI8P,72.0,8,3,4,Won,51.0,0.6632316419932136,91.0,91.0,2017-06,2017,6
2017-05-23,20170523,20170309,20170523,7C9BUYV0,10.0,30,1,2,Lost,0.0,0.1440390014479095,75.0,75.0,2017-05,2017,5
2017-06-17,20170617,20170309,20170617,GMVW87C4,10.0,32,2,4,Won,5035.0,1.0,100.0,100.0,2017-06,2017,6
2017-06-01,20170601,20170309,20170601,NY9ARKRE,11.0,7,3,4,Won,51.0,0.6715624686030697,84.0,84.0,2017-06,2017,6
2017-06-09,20170609,20170309,20170609,XO3XXR9X,14.0,34,2,4,Won,4342.0,0.9999999999999987,92.0,92.0,2017-06,2017,6
2017-03-13,20170313,20170309,20170313,8QBIFURM,11.0,3,4,2,Lost,0.0,0.0027469260027837773,4.0,4.0,2017-03,2017,3
2017-06-22,20170622,20170309,20170622,ZWAJWK40,75.0,12,3,4,Won,48.0,0.7341806993766968,105.0,105.0,2017-06,2017,6
2017-05-18,20170518,20170309,20170518,WQ0C723A,42.0,33,5,4,Won,5215.0,1.0,70.0,70.0,2017-05,2017,5
2017-05-12,20170512,20170310,20170512,RCQ32MXL,68.0,1,6,2,Lost,0.0,0.0182754757900701,63.0,63.0,2017-05,2017,5
2017-03-19,20170319,20170310,20170319,396WP6JS,30.0,1,3,4,Won,58.0,0.7685755882291702,9.0,9.0,2017-03,2017,3
2017-03-20,20170320,20170310,20170320,57689GK9,23.0,2,4,4,Won,3587.0,0.9999999999967117,10.0,10.0,2017-03,2017,3
2017-05-29,20170529,20170310,20170529,S2WDGIHL,76.0,2,4,4,Won,2915.0,0.9999999993116107,80.0,80.0,2017-05,2017,5
2017-06-28,20170628,20170310,20170628,8VG88HMH,44.0,18,2,4,Won,4762.0,1.0,110.0,110.0,2017-06,2017,6
2017-06-12,20170612,20170310,20170612,TF7HCU69,27.0,15,6,4,Won,1062.0,0.995168757914525,94.0,94.0,2017-06,2017,6
2017-05-10,20170510,20170310,20170510,0EX7ML4W,23.0,8,5,2,Lost,0.0,0.004055337868293035,61.0,61.0,2017-05,2017,5
2017-05-30,20170530,20170310,20170530,5BSHJG7W,42.0,31,1,2,Lost,0.0,0.09556913338426976,81.0,81.0,2017-05,2017,5
2017-03-20,20170320,20170310,20170320,HW38EMKM,42.0,34,5,2,Lost,0.0,0.003430506923762883,10.0,10.0,2017-03,2017,3
2017-05-29,20170529,20170310,20170529,B5QCN9H7,48.0,12,3,2,Lost,0.0,0.6103075675594949,80.0,80.0,2017-05,2017,5
2017-06-28,20170628,20170310,20170628,X7M4GO0J,82.0,12,6,4,Won,1074.0,0.9972175334797011,110.0,110.0,2017-06,2017,6
2017-05-05,20170505,20170310,20170505,JYI35PPE,51.0,33,3,2,Lost,0.0,0.5754278504417765,56.0,56.0,2017-05,2017,5
2017-05-30,20170530,20170311,20170530,6XHE52MV,38.0,1,3,2,Lost,0.0,0.6396128791566006,80.0,80.0,2017-05,2017,5
2017-03-17,20170317,20170311,20170317,0YN6EALP,62.0,1,3,4,Won,57.0,0.6391882321175745,6.0,6.0,2017-03,2017,3
2017-05-22,20170522,20170311,20170522,A4LUP6W6,84.0,19,1,4,Won,586.0,0.9709797015271923,72.0,72.0,2017-05,2017,5
2017-06-13,20170613,20170311,20170613,KUK2H5MD,60.0,2,6,4,Won,1184.0,0.9990474770598506,94.0,94.0,2017-06,2017,6
2017-05-19,20170519,20170311,20170519,HTW9348H,63.0,20,1,2,Lost,0.0,0.0954482828681513,69.0,69.0,2017-05,2017,5
2017-06-08,20170608,20170311,20170608,A6CE8BHR,47.0,30,6,2,Lost,0.0,0.011095710234292892,89.0,89.0,2017-06,2017,6
2017-06-10,20170610,20170311,20170610,UI1UION3,41.0,30,1,4,Won,526.0,0.9359389105962986,91.0,91.0,2017-06,2017,6
2017-06-12,20170612,20170311,20170612,ZPX96Q40,12.0,30,5,4,Won,5344.0,1.0,93.0,93.0,2017-06,2017,6
2017-05-22,20170522,20170311,20170522,I0CYLPNE,44.0,30,2,4,Won,4125.0,0.9999999999999871,72.0,72.0,2017-05,2017,5
2017-06-06,20170606,20170311,20170606,FGH181PC,14.0,32,1,4,Won,528.0,0.9715459335081932,87.0,87.0,2017-06,2017,6
2017-03-26,20170326,20170311,20170326,8OBC9CQE,64.0,32,4,4,Won,3254.0,0.9999999999605858,15.0,15.0,2017-03,2017,3
2017-05-07,20170507,20170311,20170507,G3KFZ8KX,33.0,31,2,2,Lost,0.0,0.0039701404270008345,57.0,57.0,2017-05,2017,5
2017-05-24,20170524,20170311,20170524,2Y84YR3K,41.0,31,1,4,Won,516.0,0.9193467680434323,74.0,74.0,2017-05,2017,5
2017-03-27,20170327,20170311,20170327,97QHOOWD,79.0,31,1,4,Won,538.0,0.9272935980347538,16.0,16.0,2017-03,2017,3
2017-06-17,20170617,20170311,20170617,YL7XWUYO,11.0,4,1,4,Won,459.0,0.8140659543924772,98.0,98.0,2017-06,2017,6
2017-06-26,20170626,20170311,20170626,VO8TFB31,10.0,34,1,2,Lost,0.0,0.14299824044992834,107.0,107.0,2017-06,2017,6
2017-05-22,20170522,20170311,20170522,Q949MQ5W,70.0,34,2,4,Won,5137.0,1.0,72.0,72.0,2017-05,2017,5
2017-06-04,20170604,20170311,20170604,HZU0L5GS,45.0,5,4,4,Won,3330.0,0.9999999999742146,85.0,85.0,2017-06,2017,6
2017-05-10,20170510,20170311,20170510,8RF8XVYF,13.0,3,1,4,Won,589.0,0.9690140253036921,60.0,60.0,2017-05,2017,5
2017-03-30,20170330,20170311,20170330,ZILYYA1V,32.0,24,3,4,Won,45.0,0.7028565009343688,19.0,19.0,2017-03,2017,3
2017-05-25,20170525,20170312,20170525,NH0WGTR4,25.0,1,3,2,Lost,0.0,0.5678245429430933,74.0,74.0,2017-05,2017,5
2017-06-11,20170611,20170312,20170611,WBJX6O2D,53.0,19,5,4,Won,5664.0,1.0,91.0,91.0,2017-06,2017,6
2017-05-02,20170502,20170312,20170502,1IHNDN80,68.0,2,4,2,Lost,0.0,0.004845652671981419,51.0,51.0,2017-05,2017,5
2017-06-11,20170611,20170312,20170611,T14K7M5G,37.0,13,6,4,Won,1074.0,0.9954110173072805,91.0,91.0,2017-06,2017,6
2017-05-02,20170502,20170312,20170502,XPP2Q5WQ,29.0,10,6,2,Lost,0.0,0.00815500390914638,51.0,51.0,2017-05,2017,5
2017-05-26,20170526,20170312,20170526,FM4LX5O0,73.0,10,2,2,Lost,0.0,0.005191570707295974,75.0,75.0,2017-05,2017,5
2017-03-31,20170331,20170312,20170331,HG07756D,24.0,28,1,4,Won,481.0,0.9223485060620739,19.0,19.0,2017-03,2017,3
2017-06-02,20170602,20170312,20170602,E7YSM99K,46.0,28,6,4,Won,1101.0,0.9960440435453174,82.0,82.0,2017-06,2017,6
2017-06-23,20170623,20170312,20170623,4D1FP59D,76.0,8,1,4,Won,522.0,0.9455337727087685,103.0,103.0,2017-06,2017,6
2017-06-13,20170613,20170312,20170613,TK29F68V,79.0,26,3,4,Won,49.0,0.7467375232552663,93.0,93.0,2017-06,2017,6
2017-06-02,20170602,20170312,20170602,N3H82NHO,51.0,32,2,4,Won,4865.0,1.0,82.0,82.0,2017-06,2017,6
2017-05-22,20170522,20170312,20170522,GTANESSU,39.0,4,6,4,Won,991.0,0.9839843598467187,71.0,71.0,2017-05,2017,5
2017-05-27,20170527,20170312,20170527,LA0O6BHX,19.0,4,5,4,Won,4509.0,0.9999999999999996,76.0,76.0,2017-05,2017,5
2017-05-03,20170503,20170312,20170503,RRKQ0P07,50.0,27,2,4,Won,5169.0,1.0,52.0,52.0,2017-05,2017,5
2017-03-27,20170327,20170312,20170327,J4V3VKQ5,65.0,34,1,4,Won,491.0,0.8957442649684342,15.0,15.0,2017-03,2017,3
2017-06-15,20170615,20170312,20170615,17U8549G,46.0,34,2,4,Won,4281.0,0.9999999999999958,95.0,95.0,2017-06,2017,6
2017-05-08,20170508,20170312,20170508,G281LUYF,23.0,9,6,2,Lost,0.0,0.007390916449840596,57.0,57.0,2017-05,2017,5
2017-05-18,20170518,20170312,20170518,4NAK1XFV,74.0,14,3,2,Lost,0.0,0.454360112811938,67.0,67.0,2017-05,2017,5
2017-06-27,20170627,20170312,20170627,Y34MVXP3,43.0,14,4,4,Won,3443.0,0.9999999999892368,107.0,107.0,2017-06,2017,6
2017-05-29,20170529,20170312,20170529,N8G3G1UF,30.0,3,3,4,Won,60.0,0.8199370452224675,78.0,78.0,2017-05,2017,5
2017-06-20,20170620,20170312,20170620,SDXZB8MC,36.0,3,3,4,Won,53.0,0.7425059347679333,100.0,100.0,2017-06,2017,6
2017-05-26,20170526,20170312,20170526,PFUE2JYB,24.0,24,3,4,Won,56.0,0.7851126932488098,75.0,75.0,2017-05,2017,5
2017-03-17,20170317,20170312,20170317,4A8SFEJ2,61.0,33,1,4,Won,665.0,0.9799363375516335,5.0,5.0,2017-03,2017,3
2017-05-09,20170509,20170313,20170509,HEG8WPQF,38.0,1,6,4,Won,1140.0,0.9976968048153302,57.0,57.0,2017-05,2017,5
2017-05-25,20170525,20170313,20170525,0FST40LV,68.0,1,3,4,Won,52.0,0.7629283608584135,73.0,73.0,2017-05,2017,5
2017-06-08,20170608,20170313,20170608,I7WERQ6B,76.0,1,3,4,Won,52.0,0.7732623034534434,87.0,87.0,2017-06,2017,6
2017-03-24,20170324,20170313,20170324,T7UYHDUN,18.0,22,5,2,Lost,0.0,0.007931907763719763,11.0,11.0,2017-03,2017,3
2017-05-13,20170513,20170313,20170513,V0EIMVES,45.0,2,5,4,Won,5121.0,1.0,61.0,61.0,2017-05,2017,5
2017-03-31,20170331,20170313,20170331,DL4SZAGH,60.0,2,4,4,Won,3611.0,0.9999999999986395,18.0,18.0,2017-03,2017,3
2017-03-24,20170324,20170313,20170324,RVIU1YQ8,48.0,13,3,4,Won,50.0,0.6496080979541557,11.0,11.0,2017-03,2017,3
2017-05-15,20170515,20170313,20170515,ZNSWDHTJ,60.0,10,1,4,Won,618.0,0.9798503993784838,63.0,63.0,2017-05,2017,5
2017-03-17,20170317,20170313,20170317,A2G8VYZY,29.0,10,6,4,Won,1247.0,0.9980610960110718,4.0,4.0,2017-03,2017,3
2017-05-03,20170503,20170313,20170503,Y9B94N72,20.0,15,3,4,Won,55.0,0.5922504324779222,51.0,51.0,2017-05,2017,5
2017-06-17,20170617,20170313,20170617,34MBPHRL,64.0,26,6,4,Won,1157.0,0.9986843234909508,96.0,96.0,2017-06,2017,6
2017-05-22,20170522,20170313,20170522,K73K8IQ3,36.0,31,1,4,Won,537.0,0.9360502148836154,70.0,70.0,2017-05,2017,5
2017-03-30,20170330,20170313,20170330,8L5WBK75,14.0,31,2,4,Won,4955.0,1.0,17.0,17.0,2017-03,2017,3
2017-06-02,20170602,20170313,20170602,Z1RN8D42,64.0,31,2,4,Won,5606.0,1.0,81.0,81.0,2017-06,2017,6
2017-05-11,20170511,20170313,20170511,JV1NCDKP,39.0,5,3,4,Won,57.0,0.6371420996849623,59.0,59.0,2017-05,2017,5
2017-05-20,20170520,20170313,20170520,ECCVMNUZ,70.0,25,3,4,Won,66.0,0.6581642676367168,68.0,68.0,2017-05,2017,5
2017-06-27,20170627,20170313,20170627,A3GVFKYP,14.0,33,2,4,Won,5113.0,1.0,106.0,106.0,2017-06,2017,6
2017-05-22,20170522,20170313,20170522,COTHR6F7,70.0,33,2,4,Won,4595.0,0.9999999999999998,70.0,70.0,2017-05,2017,5
2017-03-21,20170321,20170314,20170321,3OAEEV0S,27.0,19,4,4,Won,3503.0,0.9999999999932114,7.0,7.0,2017-03,2017,3
2017-06-13,20170613,20170314,20170613,RTH5O6ZW,49.0,19,4,4,Won,3600.0,0.9999999999980569,91.0,91.0,2017-06,2017,6
2017-03-19,20170319,20170314,20170319,GH6U8WWN,48.0,18,1,4,Won,425.0,0.800519146268708,5.0,5.0,2017-03,2017,3
2017-06-20,20170620,20170314,20170620,GVNI96XB,19.0,10,2,4,Won,4565.0,0.9999999999999998,98.0,98.0,2017-06,2017,6
2017-05-22,20170522,20170314,20170522,KC324LPK,59.0,10,2,4,Won,4754.0,1.0,69.0,69.0,2017-05,2017,5
2017-05-06,20170506,20170314,20170506,2Y2R082L,15.0,10,3,4,Won,62.0,0.6515634013840294,53.0,53.0,2017-05,2017,5
2017-05-30,20170530,20170314,20170530,HALGOQ5D,2.0,20,2,4,Won,4688.0,0.9999999999999998,77.0,77.0,2017-05,2017,5
2017-03-20,20170320,20170314,20170320,1R38Y0C1,31.0,28,4,4,Won,3386.0,0.9999999999769429,6.0,6.0,2017-03,2017,3
2017-06-06,20170606,20170314,20170606,3QQW8VJ2,78.0,15,2,4,Won,3869.0,0.9999999999997902,84.0,84.0,2017-06,2017,6
2017-03-24,20170324,20170314,20170324,8JS4BWQ7,68.0,8,1,4,Won,615.0,0.9634612127196981,10.0,10.0,2017-03,2017,3
2017-05-18,20170518,20170314,20170518,78TOITP2,23.0,8,3,4,Won,55.0,0.6143120189681293,65.0,65.0,2017-05,2017,5
2017-05-17,20170517,20170314,20170517,BSA76OL5,39.0,7,1,2,Lost,0.0,0.12140332815252051,64.0,64.0,2017-05,2017,5
2017-03-25,20170325,20170314,20170325,YHNBSXPN,35.0,34,6,4,Won,1019.0,0.987602388944638,11.0,11.0,2017-03,2017,3
2017-05-12,20170512,20170314,20170512,TW6D3KT4,6.0,34,4,4,Won,2798.0,0.9999999965846438,59.0,59.0,2017-05,2017,5
2017-06-03,20170603,20170314,20170603,Z8RI8RLU,68.0,5,1,4,Won,502.0,0.9270780502424427,81.0,81.0,2017-06,2017,6
2017-03-16,20170316,20170314,20170316,FT0L8HZZ,39.0,5,4,4,Won,3323.0,0.9999999999588918,2.0,2.0,2017-03,2017,3
2017-06-11,20170611,20170314,20170611,AW0GW33Q,12.0,21,6,2,Lost,0.0,0.026754790053811216,89.0,89.0,2017-06,2017,6
2017-03-30,20170330,20170314,20170330,IJLPV177,50.0,25,3,2,Lost,0.0,0.4563130899064969,16.0,16.0,2017-03,2017,3
2017-05-27,20170527,20170314,20170527,9UVKASFY,50.0,24,5,2,Lost,0.0,0.0057719114593197795,74.0,74.0,2017-05,2017,5
2017-06-21,20170621,20170314,20170621,KKSMEP2A,24.0,24,4,2,Lost,0.0,0.007254912609820424,99.0,99.0,2017-06,2017,6
2017-03-17,20170317,20170314,20170317,E96ZTKHC,61.0,24,1,4,Won,542.0,0.9535379937482419,3.0,3.0,2017-03,2017,3
2017-05-22,20170522,20170314,20170522,RZ08GKZY,22.0,33,2,4,Won,5172.0,1.0,69.0,69.0,2017-05,2017,5
2017-06-24,20170624,20170315,20170624,EK0ZZHKT,48.0,19,4,2,Lost,0.0,0.004564130932237392,101.0,101.0,2017-06,2017,6
2017-03-31,20170331,20170315,20170331,9U6RAS0M,74.0,19,1,4,Won,538.0,0.89571274164449,16.0,16.0,2017-03,2017,3
2017-05-18,20170518,20170315,20170518,3S31RHE5,2.0,19,2,4,Won,4497.0,0.9999999999999993,64.0,64.0,2017-05,2017,5
2017-05-09,20170509,20170315,20170509,GOM8T4Y4,11.0,10,6,4,Won,1178.0,0.9972427881255701,55.0,55.0,2017-05,2017,5
2017-06-21,20170621,20170315,20170621,7Z5AVSH6,73.0,10,2,4,Won,4969.0,1.0,98.0,98.0,2017-06,2017,6
2017-03-20,20170320,20170315,20170320,E7OPE1O8,57.0,10,3,4,Won,60.0,0.7230660400683356,5.0,5.0,2017-03,2017,3
2017-06-05,20170605,20170315,20170605,647E6ED0,19.0,10,4,4,Won,2875.0,0.9999999990859729,82.0,82.0,2017-06,2017,6
2017-05-19,20170519,20170315,20170519,PEX6S873,10.0,28,7,2,Lost,0.0,0.021452369125225388,65.0,65.0,2017-05,2017,5
2017-05-20,20170520,20170315,20170520,M9OTPNII,20.0,15,5,4,Won,6177.0,1.0,66.0,66.0,2017-05,2017,5
2017-06-28,20170628,20170315,20170628,EZRICI17,60.0,8,4,2,Lost,0.0,0.00651532295420424,105.0,105.0,2017-06,2017,6
2017-05-06,20170506,20170315,20170506,BAXENBTS,24.0,31,2,2,Lost,0.0,0.00622532844229858,52.0,52.0,2017-05,2017,5
2017-06-14,20170614,20170315,20170614,086279IX,42.0,31,2,4,Won,4369.0,0.9999999999999978,91.0,91.0,2017-06,2017,6
2017-05-21,20170521,20170315,20170521,6EEC9HQQ,79.0,31,2,4,Won,4878.0,1.0,67.0,67.0,2017-05,2017,5
2017-06-21,20170621,20170315,20170621,MHN0SWM2,28.0,4,5,4,Won,4527.0,0.9999999999999993,98.0,98.0,2017-06,2017,6
2017-05-30,20170530,20170315,20170530,8SKE4TT5,77.0,34,6,2,Lost,0.0,0.007548499711833894,76.0,76.0,2017-05,2017,5
2017-06-03,20170603,20170315,20170603,IGELOJ42,9.0,5,5,4,Won,6102.0,1.0,80.0,80.0,2017-06,2017,6
2017-05-10,20170510,20170315,20170510,0LMA8GMJ,8.0,14,5,4,Won,4983.0,1.0,56.0,56.0,2017-05,2017,5
2017-03-25,20170325,20170315,20170325,E40RN3MN,39.0,3,3,4,Won,47.0,0.6399309756017029,10.0,10.0,2017-03,2017,3
2017-06-11,20170611,20170315,20170611,093R7PK9,83.0,24,3,4,Won,52.0,0.7353552032441489,88.0,88.0,2017-06,2017,6
2017-06-25,20170625,20170315,20170625,I8A9OXP2,27.0,12,2,4,Won,5031.0,1.0,102.0,102.0,2017-06,2017,6
2017-06-06,20170606,20170315,20170606,7IFEKEMG,5.0,12,3,4,Won,53.0,0.7214775649691507,83.0,83.0,2017-06,2017,6
2017-05-02,20170502,20170316,20170502,K2KK9SW2,38.0,1,1,4,Won,550.0,0.9503881194136478,47.0,47.0,2017-05,2017,5
2017-06-06,20170606,20170316,20170606,8SIG4C8X,18.0,22,2,4,Won,5223.0,1.0,82.0,82.0,2017-06,2017,6
2017-05-12,20170512,20170316,20170512,K4ETVW4H,2.0,22,3,4,Won,53.0,0.645372911461468,57.0,57.0,2017-05,2017,5
2017-05-17,20170517,20170316,20170517,YA2NDY1H,7.0,19,2,4,Won,4519.0,0.9999999999999993,62.0,62.0,2017-05,2017,5
2017-06-01,20170601,20170316,20170601,G6DYTQQE,75.0,13,2,4,Won,4833.0,1.0,77.0,77.0,2017-06,2017,6
2017-06-29,20170629,20170316,20170629,RZZ9K7UN,82.0,18,5,4,Won,5407.0,1.0,105.0,105.0,2017-06,2017,6
2017-05-02,20170502,20170316,20170502,3918OU6O,60.0,10,1,2,Lost,0.0,0.14566693091438307,47.0,47.0,2017-05,2017,5
2017-05-08,20170508,20170316,20170508,YZ9ZKK3P,24.0,26,3,4,Won,56.0,0.8035608301838325,53.0,53.0,2017-05,2017,5
2017-05-23,20170523,20170316,20170523,E1921PBZ,24.0,31,1,4,Won,468.0,0.9287855966633826,68.0,68.0,2017-05,2017,5
2017-05-02,20170502,20170316,20170502,0E761F02,42.0,31,1,4,Won,579.0,0.9407768596843564,47.0,47.0,2017-05,2017,5
2017-06-11,20170611,20170316,20170611,HDBNC8W1,73.0,4,4,4,Won,3185.0,0.9999999998915703,87.0,87.0,2017-06,2017,6
2017-06-03,20170603,20170316,20170603,KP6NOWM7,10.0,27,3,4,Won,54.0,0.6407056728300996,79.0,79.0,2017-06,2017,6
2017-06-26,20170626,20170316,20170626,HPYLUU5P,51.0,34,3,4,Won,62.0,0.7821968559234088,102.0,102.0,2017-06,2017,6
2017-05-23,20170523,20170316,20170523,I7AH5FW0,15.0,5,1,2,Lost,0.0,0.08900796022091054,68.0,68.0,2017-05,2017,5
2017-06-25,20170625,20170316,20170625,RSFYKC1F,3.0,5,1,4,Won,619.0,0.970164121362004,101.0,101.0,2017-06,2017,6
2017-05-20,20170520,20170316,20170520,RMW0TRSZ,31.0,25,3,2,Lost,0.0,0.46844609052133457,65.0,65.0,2017-05,2017,5
2017-05-17,20170517,20170316,20170517,GNENBXRW,35.0,25,3,2,Lost,0.0,0.4623453341248399,62.0,62.0,2017-05,2017,5
2017-06-05,20170605,20170316,20170605,L20NI94X,77.0,25,4,2,Lost,0.0,0.0019111299055043886,81.0,81.0,2017-06,2017,6
2017-03-29,20170329,20170316,20170329,CG65AS6X,77.0,24,2,4,Won,4408.0,0.9999999999999971,13.0,13.0,2017-03,2017,3
2017-06-07,20170607,20170316,20170607,9XV6GX8D,10.0,33,1,4,Won,605.0,0.9649555778482364,83.0,83.0,2017-06,2017,6
2017-03-26,20170326,20170317,20170326,IDIMBX0N,28.0,1,5,4,Won,6064.0,1.0,9.0,9.0,2017-03,2017,3
2017-06-17,20170617,20170317,20170617,W75XU368,56.0,19,1,4,Won,641.0,0.9804521237894446,92.0,92.0,2017-06,2017,6
2017-05-17,20170517,20170317,20170517,WIY2Q0Q5,75.0,19,1,4,Won,491.0,0.9097991392338528,61.0,61.0,2017-05,2017,5
2017-05-03,20170503,20170317,20170503,7V1FQBL9,56.0,13,2,2,Lost,0.0,0.005092593800812048,47.0,47.0,2017-05,2017,5
2017-05-27,20170527,20170317,20170527,4PXSBQU8,11.0,10,3,4,Won,47.0,0.6067717686665013,71.0,71.0,2017-05,2017,5
2017-06-25,20170625,20170317,20170625,QRKHWNRB,22.0,28,3,4,Won,63.0,0.7266098271305013,100.0,100.0,2017-06,2017,6
2017-05-18,20170518,20170317,20170518,1YGNHE69,69.0,15,4,4,Won,3291.0,0.9999999999618274,62.0,62.0,2017-05,2017,5
2017-06-10,20170610,20170317,20170610,TAEUD0HP,64.0,26,6,4,Won,1188.0,0.9989388467065544,85.0,85.0,2017-06,2017,6
2017-05-08,20170508,20170317,20170508,72TBO2HA,10.0,31,1,2,Lost,0.0,0.11676925396755901,52.0,52.0,2017-05,2017,5
2017-06-11,20170611,20170317,20170611,FCW4SAAP,61.0,31,1,4,Won,478.0,0.9408120305125424,86.0,86.0,2017-06,2017,6
2017-05-24,20170524,20170317,20170524,DEH0MYSO,33.0,31,3,4,Won,60.0,0.6888667968403279,68.0,68.0,2017-05,2017,5
2017-03-27,20170327,20170317,20170327,PEVJ6O6R,63.0,21,2,4,Won,4064.0,0.999999999999976,10.0,10.0,2017-03,2017,3
2017-03-31,20170331,20170317,20170331,T02CX0BY,52.0,21,4,4,Won,2550.0,0.9999999821980577,14.0,14.0,2017-03,2017,3
2017-05-08,20170508,20170317,20170508,SSX3QRTB,5.0,14,3,2,Lost,0.0,0.5418988648350099,52.0,52.0,2017-05,2017,5
2017-05-10,20170510,20170317,20170510,UBX7TMQG,19.0,3,5,2,Lost,0.0,0.009644405473780189,54.0,54.0,2017-05,2017,5
2017-05-16,20170516,20170317,20170516,RR5AMWPQ,28.0,3,3,2,Lost,0.0,0.5109638421793846,60.0,60.0,2017-05,2017,5
2017-06-21,20170621,20170317,20170621,FHLNW3WH,67.0,3,4,4,Won,3378.0,0.9999999999814202,96.0,96.0,2017-06,2017,6
2017-05-30,20170530,20170317,20170530,IAVMELUO,27.0,16,2,4,Won,6135.0,1.0,74.0,74.0,2017-05,2017,5
2017-06-02,20170602,20170317,20170602,PRMMZX9O,51.0,33,6,4,Won,999.0,0.9913307014904387,77.0,77.0,2017-06,2017,6
2017-06-05,20170605,20170317,20170605,ZZFES7ID,64.0,33,3,4,Won,52.0,0.6752782511192572,80.0,80.0,2017-06,2017,6
2017-05-25,20170525,20170318,20170525,G7PNQB9M,76.0,1,6,2,Lost,0.0,0.019273748740137365,68.0,68.0,2017-05,2017,5
2017-05-24,20170524,20170318,20170524,Z0R5O2VW,20.0,19,5,2,Lost,0.0,0.003981052858964672,67.0,67.0,2017-05,2017,5
2017-06-18,20170618,20170318,20170618,VS0TWECS,56.0,19,1,4,Won,530.0,0.9486512496707095,92.0,92.0,2017-06,2017,6
2017-05-09,20170509,20170318,20170509,XN7EV14M,45.0,2,1,4,Won,538.0,0.939157956339999,52.0,52.0,2017-05,2017,5
2017-03-27,20170327,20170318,20170327,P5BRH80Z,60.0,2,3,4,Won,53.0,0.7424184337721282,9.0,9.0,2017-03,2017,3
2017-06-12,20170612,20170318,20170612,CQVDJR45,62.0,10,2,4,Won,5416.0,1.0,86.0,86.0,2017-06,2017,6
2017-05-27,20170527,20170318,20170527,QUFCX2MF,61.0,28,3,2,Lost,0.0,0.6848527519373183,70.0,70.0,2017-05,2017,5
2017-05-11,20170511,20170318,20170511,RW13VT8T,49.0,15,5,4,Won,4995.0,1.0,54.0,54.0,2017-05,2017,5
2017-06-22,20170622,20170318,20170622,5LJ47CVS,65.0,30,1,2,Lost,0.0,0.14214833026595478,96.0,96.0,2017-06,2017,6
2017-05-26,20170526,20170318,20170526,87XTACKH,4.0,6,6,4,Won,1137.0,0.9976581775958797,69.0,69.0,2017-05,2017,5
2017-03-28,20170328,20170318,20170328,0Z2CQ0MQ,65.0,32,1,4,Won,453.0,0.8837194671788855,10.0,10.0,2017-03,2017,3
2017-05-27,20170527,20170318,20170527,4SK6YLB0,36.0,32,6,4,Won,1065.0,0.9954910818223462,70.0,70.0,2017-05,2017,5
2017-05-04,20170504,20170318,20170504,EVVX3PQ5,64.0,32,2,4,Won,4373.0,0.9999999999999987,47.0,47.0,2017-05,2017,5
2017-06-19,20170619,20170318,20170619,9Y3JDP1B,46.0,32,4,4,Won,2560.0,0.999999981014796,93.0,93.0,2017-06,2017,6
2017-06-04,20170604,20170318,20170604,ACB3QZAY,64.0,31,2,2,Lost,0.0,0.005337659609623485,78.0,78.0,2017-06,2017,6
2017-03-31,20170331,20170318,20170331,COWC9H9T,34.0,27,6,4,Won,1171.0,0.995617887499154,13.0,13.0,2017-03,2017,3
2017-06-22,20170622,20170318,20170622,ZTHMJWYZ,44.0,27,3,4,Won,53.0,0.660687501761318,96.0,96.0,2017-06,2017,6
2017-06-02,20170602,20170318,20170602,MMGWAWBA,73.0,7,5,4,Won,6553.0,1.0,76.0,76.0,2017-06,2017,6
2017-05-07,20170507,20170318,20170507,8LPO6YCO,3.0,7,4,4,Won,3542.0,0.9999999999966867,50.0,50.0,2017-05,2017,5
2017-06-11,20170611,20170318,20170611,CDUIUYY2,23.0,5,4,4,Won,3619.0,0.9999999999977511,85.0,85.0,2017-06,2017,6
2017-05-18,20170518,20170318,20170518,9328IHHL,7.0,16,4,4,Won,3589.0,0.9999999999973532,61.0,61.0,2017-05,2017,5
2017-05-13,20170513,20170318,20170513,ZFB7CBR6,54.0,33,5,4,Won,6262.0,1.0,56.0,56.0,2017-05,2017,5
2017-03-24,20170324,20170319,20170324,6RJE18RW,1.0,19,6,4,Won,1161.0,0.9948227377893674,5.0,5.0,2017-03,2017,3
2017-03-28,20170328,20170319,20170328,GK86H0SK,74.0,19,2,4,Won,4975.0,1.0,9.0,9.0,2017-03,2017,3
2017-03-22,20170322,20170319,20170322,QXU90OP8,84.0,13,1,4,Won,586.0,0.9655999004724716,3.0,3.0,2017-03,2017,3
2017-03-25,20170325,20170319,20170325,NXXSU27K,71.0,13,3,4,Won,41.0,0.5884422553691718,6.0,6.0,2017-03,2017,3
2017-03-21,20170321,20170319,20170321,06YL7WVJ,59.0,10,6,4,Won,929.0,0.9835143256919849,2.0,2.0,2017-03,2017,3
2017-06-04,20170604,20170319,20170604,K4Y8R0FX,68.0,10,3,4,Won,65.0,0.7442533207713155,77.0,77.0,2017-06,2017,6
2017-03-30,20170330,20170319,20170330,F8O0IY28,82.0,20,1,4,Won,574.0,0.9430570284458784,11.0,11.0,2017-03,2017,3
2017-06-26,20170626,20170319,20170626,8T8J06EL,12.0,8,2,2,Lost,0.0,0.006256978738393166,99.0,99.0,2017-06,2017,6
2017-05-09,20170509,20170319,20170509,3AE6GW2D,68.0,8,2,2,Lost,0.0,0.004243318887477047,51.0,51.0,2017-05,2017,5
2017-06-16,20170616,20170319,20170616,T0SEVT4K,46.0,26,4,4,Won,3028.0,0.9999999997244355,89.0,89.0,2017-06,2017,6
2017-03-26,20170326,20170319,20170326,36VPT9RZ,64.0,30,1,4,Won,403.0,0.828905316571703,7.0,7.0,2017-03,2017,3
2017-05-16,20170516,20170319,20170516,R2RL1Y49,65.0,32,1,2,Lost,0.0,0.133945273576741,58.0,58.0,2017-05,2017,5
2017-06-07,20170607,20170319,20170607,7Q7SA3EK,42.0,32,4,4,Won,3290.0,0.9999999999654725,80.0,80.0,2017-06,2017,6
2017-06-23,20170623,20170319,20170623,6JI36HIE,65.0,31,4,2,Lost,0.0,0.004829350012244865,96.0,96.0,2017-06,2017,6
2017-03-29,20170329,20170319,20170329,B5CBSTM5,31.0,31,4,4,Won,3550.0,0.999999999994968,10.0,10.0,2017-03,2017,3
2017-06-23,20170623,20170319,20170623,SNBYNW8H,57.0,5,4,4,Won,3657.0,0.9999999999991582,96.0,96.0,2017-06,2017,6
2017-06-24,20170624,20170319,20170624,IEN6RBZI,84.0,21,6,4,Won,1046.0,0.9970869302947309,97.0,97.0,2017-06,2017,6
2017-05-27,20170527,20170319,20170527,9P026O47,76.0,3,3,4,Won,50.0,0.7590834112372395,69.0,69.0,2017-05,2017,5
2017-03-27,20170327,20170319,20170327,AJLNEUVY,25.0,3,4,4,Won,2871.0,0.9999999979662162,8.0,8.0,2017-03,2017,3
2017-06-04,20170604,20170319,20170604,LJIAOC0Q,5.0,12,3,4,Won,52.0,0.7126051769714563,77.0,77.0,2017-06,2017,6
2017-05-19,20170519,20170320,20170519,2BYD4WQ7,25.0,1,3,2,Lost,0.0,0.5478367088672476,60.0,60.0,2017-05,2017,5
2017-06-12,20170612,20170320,20170612,HP6DSCMH,42.0,22,1,4,Won,564.0,0.9476382155996361,84.0,84.0,2017-06,2017,6
2017-05-23,20170523,20170320,20170523,FM4S93O6,20.0,19,5,2,Lost,0.0,0.00391277824007572,64.0,64.0,2017-05,2017,5
2017-06-02,20170602,20170320,20170602,GGPSSI5Q,26.0,18,4,4,Won,3780.0,0.9999999999992926,74.0,74.0,2017-06,2017,6
2017-06-24,20170624,20170320,20170624,4D95LU0H,15.0,10,1,4,Won,491.0,0.9095242109972186,96.0,96.0,2017-06,2017,6
2017-03-30,20170330,20170320,20170330,KA79LTFF,19.0,10,1,4,Won,604.0,0.9715271841415911,10.0,10.0,2017-03,2017,3
2017-05-27,20170527,20170320,20170527,OBBVVO9O,64.0,28,7,2,Lost,0.0,0.022492560330171895,68.0,68.0,2017-05,2017,5
2017-03-23,20170323,20170320,20170323,83HX5CIJ,65.0,32,1,2,Lost,0.0,0.11023381418416218,3.0,3.0,2017-03,2017,3
2017-06-23,20170623,20170320,20170623,SGV1FR3O,10.0,32,1,4,Won,568.0,0.9706539200192194,95.0,95.0,2017-06,2017,6
2017-06-24,20170624,20170320,20170624,TJ6U9HZ3,64.0,31,1,4,Won,601.0,0.9739597232032898,96.0,96.0,2017-06,2017,6
2017-06-02,20170602,20170320,20170602,1N99TLIA,6.0,34,4,2,Lost,0.0,0.0035329919577387556,74.0,74.0,2017-06,2017,6
2017-05-06,20170506,20170320,20170506,JYE2QFGE,28.0,9,5,4,Won,5616.0,1.0,47.0,47.0,2017-05,2017,5
2017-06-28,20170628,20170320,20170628,IEOMRMWW,84.0,21,2,2,Lost,0.0,0.009488950537812716,100.0,100.0,2017-06,2017,6
2017-05-18,20170518,20170320,20170518,ZW7N89K3,22.0,25,2,2,Lost,0.0,0.003354306003099545,59.0,59.0,2017-05,2017,5
2017-06-21,20170621,20170320,20170621,MIU04JC2,15.0,3,3,2,Lost,0.0,0.6079137966264183,93.0,93.0,2017-06,2017,6
2017-06-12,20170612,20170320,20170612,VF2OKZY5,61.0,24,4,2,Lost,0.0,0.00700786959472375,84.0,84.0,2017-06,2017,6
2017-06-29,20170629,20170320,20170629,QSBKLWSW,53.0,12,1,4,Won,542.0,0.9381131752672598,101.0,101.0,2017-06,2017,6
2017-06-14,20170614,20170320,20170614,0GTJE2VQ,27.0,16,1,4,Won,497.0,0.9268259394531261,86.0,86.0,2017-06,2017,6
2017-05-22,20170522,20170320,20170522,H91G4MYP,41.0,33,2,4,Won,5443.0,1.0,63.0,63.0,2017-05,2017,5
2017-06-16,20170616,20170321,20170616,DDBH2FPP,57.0,1,6,4,Won,1037.0,0.9964809076231242,87.0,87.0,2017-06,2017,6
2017-04-03,20170403,20170321,20170403,N8F2PFQP,2.0,22,6,4,Won,992.0,0.9854340853418291,13.0,13.0,2017-04,2017,4
2017-03-30,20170330,20170321,20170330,WELHHO3U,66.0,2,6,4,Won,966.0,0.9937042919995257,9.0,9.0,2017-03,2017,3
2017-06-26,20170626,20170321,20170626,CUAYGT78,84.0,18,4,2,Lost,0.0,0.005768144893771614,97.0,97.0,2017-06,2017,6
2017-04-01,20170401,20170321,20170401,9KDR9PQX,75.0,15,5,2,Lost,0.0,0.004595491454991243,11.0,11.0,2017-04,2017,4
2017-04-01,20170401,20170321,20170401,8A5HA974,76.0,6,1,2,Lost,0.0,0.11284905800622289,11.0,11.0,2017-04,2017,4
2017-05-11,20170511,20170321,20170511,M1L0IWB6,59.0,6,4,4,Won,3232.0,0.9999999999589684,51.0,51.0,2017-05,2017,5
2017-05-29,20170529,20170321,20170529,I2U6MKUT,26.0,21,1,4,Won,548.0,0.9392078093987144,69.0,69.0,2017-05,2017,5
2017-03-26,20170326,20170321,20170326,RK6UFTI8,56.0,16,4,2,Lost,0.0,0.004076265834317548,5.0,5.0,2017-03,2017,3
2017-05-30,20170530,20170322,20170530,ECOU1XXZ,59.0,1,3,4,Won,52.0,0.7872092386867597,69.0,69.0,2017-05,2017,5
2017-05-28,20170528,20170322,20170528,OTDDPHWJ,28.0,10,2,2,Lost,0.0,0.0029615312026513973,67.0,67.0,2017-05,2017,5
2017-05-23,20170523,20170322,20170523,20N9WSRC,29.0,10,2,2,Lost,0.0,0.0029390230398725235,62.0,62.0,2017-05,2017,5
2017-03-30,20170330,20170322,20170330,IJ4GXGCU,39.0,10,2,4,Won,5109.0,1.0,8.0,8.0,2017-03,2017,3
2017-06-21,20170621,20170322,20170621,U0G8KIPB,11.0,8,3,4,Won,49.0,0.597787498884746,91.0,91.0,2017-06,2017,6
2017-05-03,20170503,20170322,20170503,2YVVZN5L,45.0,6,6,2,Lost,0.0,0.011989555598492114,42.0,42.0,2017-05,2017,5
2017-06-25,20170625,20170322,20170625,TGW7OYMD,42.0,32,1,4,Won,447.0,0.8826880386443968,95.0,95.0,2017-06,2017,6
2017-06-14,20170614,20170322,20170614,XJ9RQU4K,39.0,4,4,4,Won,3430.0,0.9999999999848941,84.0,84.0,2017-06,2017,6
2017-06-18,20170618,20170322,20170618,4TRMURKI,12.0,9,1,2,Lost,0.0,0.12009380693347724,88.0,88.0,2017-06,2017,6
2017-06-10,20170610,20170322,20170610,TJXY9DQG,18.0,21,4,4,Won,3245.0,0.9999999999778222,80.0,80.0,2017-06,2017,6
2017-03-27,20170327,20170322,20170327,DV9ZB9KL,4.0,3,1,2,Lost,0.0,0.10829016691329063,5.0,5.0,2017-03,2017,3
2017-03-26,20170326,20170322,20170326,J712QVSG,59.0,3,3,4,Won,61.0,0.7510443848694998,4.0,4.0,2017-03,2017,3
2017-06-29,20170629,20170322,20170629,LCBVIPRA,31.0,24,3,4,Won,60.0,0.6900074925143518,99.0,99.0,2017-06,2017,6
2017-04-01,20170401,20170322,20170401,88R08IL1,42.0,12,3,2,Lost,0.0,0.4736299331749493,10.0,10.0,2017-04,2017,4
2017-04-01,20170401,20170323,20170401,WNMF0OHM,15.0,1,5,4,Won,5060.0,1.0,9.0,9.0,2017-04,2017,4
2017-04-01,20170401,20170323,20170401,I0D1O3GX,78.0,22,1,2,Lost,0.0,0.07028704854593157,9.0,9.0,2017-04,2017,4
2017-04-01,20170401,20170323,20170401,7LNGJB3S,42.0,19,1,4,Won,585.0,0.9351113933634387,9.0,9.0,2017-04,2017,4
2017-06-11,20170611,20170323,20170611,AVD2WQZY,69.0,13,2,2,Lost,0.0,0.004511954574461639,80.0,80.0,2017-06,2017,6
2017-05-19,20170519,20170323,20170519,UD9V38LV,2.0,20,2,2,Lost,0.0,0.002564538843459867,57.0,57.0,2017-05,2017,5
2017-04-03,20170403,20170323,20170403,JMTO8BPQ,36.0,8,2,2,Lost,0.0,0.0028346889508138315,11.0,11.0,2017-04,2017,4
2017-04-03,20170403,20170323,20170403,06YBVWXZ,12.0,32,2,2,Lost,0.0,0.005564227199501831,11.0,11.0,2017-04,2017,4
2017-04-05,20170405,20170323,20170405,1VCAS7FL,12.0,4,3,2,Lost,0.0,0.4941842239419755,13.0,13.0,2017-04,2017,4
2017-06-15,20170615,20170323,20170615,G2TASA8C,19.0,4,3,2,Lost,0.0,0.5900447180561481,84.0,84.0,2017-06,2017,6
2017-06-05,20170605,20170323,20170605,CRW2CCMB,50.0,27,1,4,Won,572.0,0.9331209918460738,74.0,74.0,2017-06,2017,6
2017-06-08,20170608,20170323,20170608,7FER10E1,31.0,27,3,4,Won,54.0,0.5579030103513503,77.0,77.0,2017-06,2017,6
2017-04-01,20170401,20170323,20170401,K96NUCWR,19.0,5,1,2,Lost,0.0,0.11297307591472203,9.0,9.0,2017-04,2017,4
2017-05-05,20170505,20170323,20170505,SE609QTE,66.0,3,3,4,Won,60.0,0.8492238729347414,43.0,43.0,2017-05,2017,5
2017-04-01,20170401,20170323,20170401,CT9XECID,85.0,3,4,4,Won,3251.0,0.9999999998888143,9.0,9.0,2017-04,2017,4
2017-06-14,20170614,20170323,20170614,SUO8VZQ8,47.0,24,5,4,Won,5930.0,1.0,83.0,83.0,2017-06,2017,6
2017-04-01,20170401,20170323,20170401,9LX9MAPU,49.0,12,6,4,Won,941.0,0.9809932466526448,9.0,9.0,2017-04,2017,4
2017-05-18,20170518,20170324,20170518,PHP5V833,9.0,1,1,2,Lost,0.0,0.14643754261005087,55.0,55.0,2017-05,2017,5
2017-06-06,20170606,20170324,20170606,7XEB6TFB,62.0,1,3,4,Won,56.0,0.6924632880826116,74.0,74.0,2017-06,2017,6
2017-04-04,20170404,20170324,20170404,KV9LW061,11.0,1,4,4,Won,3445.0,0.9999999999874349,11.0,11.0,2017-04,2017,4
2017-03-31,20170331,20170324,20170331,8RZ1A49O,4.0,2,3,4,Won,54.0,0.6628542027271506,7.0,7.0,2017-03,2017,3
2017-03-31,20170331,20170324,20170331,V4EKF9RF,49.0,13,4,4,Won,3498.0,0.9999999999939733,7.0,7.0,2017-03,2017,3
2017-04-02,20170402,20170324,20170402,VJ1EK4A3,75.0,18,1,4,Won,540.0,0.9196907000780588,9.0,9.0,2017-04,2017,4
2017-04-02,20170402,20170324,20170402,65B8HSTW,27.0,18,2,4,Won,4986.0,1.0,9.0,9.0,2017-04,2017,4
2017-04-03,20170403,20170324,20170403,KIJB458K,72.0,10,5,2,Lost,0.0,0.004145385537105185,10.0,10.0,2017-04,2017,4
2017-05-15,20170515,20170324,20170515,8PHJ7N4E,16.0,10,5,4,Won,5214.0,1.0,52.0,52.0,2017-05,2017,5
2017-03-30,20170330,20170324,20170330,EDAJ0YEW,39.0,10,2,4,Won,4794.0,1.0,6.0,6.0,2017-03,2017,3
2017-04-02,20170402,20170324,20170402,9X5HUUJ5,42.0,30,6,2,Lost,0.0,0.008527267242156565,9.0,9.0,2017-04,2017,4
2017-04-03,20170403,20170324,20170403,21S1ETXM,61.0,31,6,2,Lost,0.0,0.015885687990987583,10.0,10.0,2017-04,2017,4
2017-05-27,20170527,20170324,20170527,54JFGNXN,9.0,4,1,4,Won,648.0,0.9716370944886934,64.0,64.0,2017-05,2017,5
2017-06-30,20170630,20170324,20170630,WLXPA3LB,19.0,4,4,4,Won,3040.0,0.9999999997202043,98.0,98.0,2017-06,2017,6
2017-06-30,20170630,20170324,20170630,3WQMBMSN,73.0,7,6,4,Won,1185.0,0.9988870828265676,98.0,98.0,2017-06,2017,6
2017-03-26,20170326,20170324,20170326,XIKWT7HM,23.0,7,3,4,Won,48.0,0.6167729017562388,2.0,2.0,2017-03,2017,3
2017-04-01,20170401,20170324,20170401,J9QQVBQX,41.0,34,6,2,Lost,0.0,0.007935150220295242,8.0,8.0,2017-04,2017,4
2017-06-30,20170630,20170324,20170630,I51MJ7PP,10.0,34,6,4,Won,1021.0,0.9939156222273433,98.0,98.0,2017-06,2017,6
2017-05-26,20170526,20170324,20170526,V690FQG4,61.0,34,6,4,Won,1264.0,0.999429251545941,63.0,63.0,2017-05,2017,5
2017-05-23,20170523,20170324,20170523,OSB9S3PI,85.0,5,3,2,Lost,0.0,0.3606221655930564,60.0,60.0,2017-05,2017,5
2017-06-12,20170612,20170324,20170612,JWRSTAU8,59.0,5,1,4,Won,503.0,0.9375202562601656,80.0,80.0,2017-06,2017,6
2017-04-03,20170403,20170324,20170403,YYAZ4JBY,26.0,21,2,4,Won,4440.0,0.9999999999999984,10.0,10.0,2017-04,2017,4
2017-04-03,20170403,20170324,20170403,8SEGAAT7,38.0,3,6,2,Lost,0.0,0.011946531636200923,10.0,10.0,2017-04,2017,4
2017-04-02,20170402,20170324,20170402,4L36DJTM,57.0,3,3,4,Won,52.0,0.7407412462420752,9.0,9.0,2017-04,2017,4
2017-04-03,20170403,20170324,20170403,7Z3S4XV9,44.0,24,1,2,Lost,0.0,0.09935470626994772,10.0,10.0,2017-04,2017,4
2017-05-05,20170505,20170324,20170505,SQOW8W0G,37.0,12,1,2,Lost,0.0,0.09169487958255033,42.0,42.0,2017-05,2017,5
2017-04-06,20170406,20170324,20170406,W3LGBNI2,27.0,12,3,2,Lost,0.0,0.5225020044172437,13.0,13.0,2017-04,2017,4
2017-03-26,20170326,20170324,20170326,J2B3UZXA,27.0,12,1,4,Won,499.0,0.8989653309201758,2.0,2.0,2017-03,2017,3
2017-04-03,20170403,20170324,20170403,VH78FLDN,10.0,33,2,2,Lost,0.0,0.003043481588431653,10.0,10.0,2017-04,2017,4
2017-03-29,20170329,20170324,20170329,KZKMLY96,12.0,33,6,4,Won,1159.0,0.9972646832841099,5.0,5.0,2017-03,2017,3
2017-04-03,20170403,20170325,20170403,9BGKQZ3H,16.0,1,3,2,Lost,0.0,0.5459307650526439,9.0,9.0,2017-04,2017,4
2017-05-20,20170520,20170325,20170520,H6NJKV4F,2.0,22,5,4,Won,5479.0,1.0,56.0,56.0,2017-05,2017,5
2017-05-19,20170519,20170325,20170519,L69Q015M,84.0,18,2,4,Won,4555.0,0.9999999999999998,55.0,55.0,2017-05,2017,5
2017-04-02,20170402,20170325,20170402,RX3F3VIU,36.0,10,3,2,Lost,0.0,0.4897295988070662,8.0,8.0,2017-04,2017,4
2017-05-25,20170525,20170325,20170525,R5I9AAFG,21.0,28,3,2,Lost,0.0,0.47760745389217424,61.0,61.0,2017-05,2017,5
2017-03-28,20170328,20170325,20170328,JQ3HJFNA,37.0,15,6,4,Won,1026.0,0.988990108629006,3.0,3.0,2017-03,2017,3
2017-04-03,20170403,20170325,20170403,XCC1C1GG,66.0,8,1,4,Won,503.0,0.9466979210105525,9.0,9.0,2017-04,2017,4
2017-06-14,20170614,20170325,20170614,WI1HQSIS,68.0,8,6,4,Won,1144.0,0.9976479226972659,81.0,81.0,2017-06,2017,6
2017-06-16,20170616,20170325,20170616,LCTI4CFV,28.0,8,3,4,Won,55.0,0.5777129650125995,83.0,83.0,2017-06,2017,6
2017-04-06,20170406,20170325,20170406,8GMDSXYY,42.0,27,4,4,Won,3181.0,0.9999999997783087,12.0,12.0,2017-04,2017,4
2017-06-19,20170619,20170325,20170619,QLTDWAEM,62.0,7,3,4,Won,54.0,0.7087269792524113,86.0,86.0,2017-06,2017,6
2017-06-30,20170630,20170325,20170630,UB8M6I5R,64.0,34,2,4,Won,3959.0,0.9999999999999414,97.0,97.0,2017-06,2017,6
2017-05-31,20170531,20170325,20170531,EBTJPEEY,68.0,9,1,4,Won,571.0,0.9484405083973846,67.0,67.0,2017-05,2017,5
2017-04-05,20170405,20170325,20170405,ATW70WX1,18.0,21,2,2,Lost,0.0,0.007513472708277328,11.0,11.0,2017-04,2017,4
2017-04-04,20170404,20170325,20170404,9DBMY3OF,42.0,24,1,2,Lost,0.0,0.0694685247209112,10.0,10.0,2017-04,2017,4
2017-04-03,20170403,20170325,20170403,HRV9DSYF,6.0,24,1,4,Won,545.0,0.9210832654842802,9.0,9.0,2017-04,2017,4
2017-06-21,20170621,20170325,20170621,MNC7Q3JJ,46.0,24,1,4,Won,554.0,0.9492257962094237,88.0,88.0,2017-06,2017,6
2017-04-02,20170402,20170325,20170402,E3WWC6FJ,80.0,12,3,4,Won,68.0,0.7432918881599507,8.0,8.0,2017-04,2017,4
2017-06-16,20170616,20170325,20170616,QKKZQJ46,82.0,12,3,4,Won,52.0,0.7606853663730481,83.0,83.0,2017-06,2017,6
2017-04-04,20170404,20170326,20170404,M52B4VC5,29.0,1,3,2,Lost,0.0,0.4559740512711598,9.0,9.0,2017-04,2017,4
2017-04-04,20170404,20170326,20170404,Z72Y3C3C,19.0,1,3,4,Won,54.0,0.7499431896246118,9.0,9.0,2017-04,2017,4
2017-05-25,20170525,20170326,20170525,FQPPZ9NQ,20.0,19,4,4,Won,3822.0,0.9999999999995706,60.0,60.0,2017-05,2017,5
2017-04-05,20170405,20170326,20170405,DUHS8KVY,71.0,18,6,4,Won,971.0,0.9798671918473084,10.0,10.0,2017-04,2017,4
2017-04-05,20170405,20170326,20170405,M72CT8RN,20.0,18,5,4,Won,6024.0,1.0,10.0,10.0,2017-04,2017,4
2017-04-04,20170404,20170326,20170404,XBFTCRLN,66.0,10,2,4,Won,4820.0,1.0,9.0,9.0,2017-04,2017,4
2017-05-28,20170528,20170326,20170528,3ZILMRQK,43.0,20,5,2,Lost,0.0,0.0030178341880443783,63.0,63.0,2017-05,2017,5
2017-06-25,20170625,20170326,20170625,FZ72CGOI,56.0,15,2,2,Lost,0.0,0.005745688892688902,91.0,91.0,2017-06,2017,6
2017-04-02,20170402,20170326,20170402,72HZ4LDT,26.0,15,4,4,Won,2940.0,0.9999999983641714,7.0,7.0,2017-04,2017,4
2017-04-04,20170404,20170326,20170404,4X3LNCWH,17.0,26,3,4,Won,49.0,0.653460443188729,9.0,9.0,2017-04,2017,4
2017-04-02,20170402,20170326,20170402,CMPFB2PS,13.0,6,1,2,Lost,0.0,0.09894918472650213,7.0,7.0,2017-04,2017,4
2017-05-31,20170531,20170326,20170531,61HW4ELT,24.0,32,6,2,Lost,0.0,0.024327656902334127,66.0,66.0,2017-05,2017,5
2017-05-22,20170522,20170326,20170522,F481S8G3,41.0,32,1,4,Won,545.0,0.94304589905747,57.0,57.0,2017-05,2017,5
2017-06-18,20170618,20170326,20170618,677XNEFB,79.0,27,3,4,Won,58.0,0.6186132814841274,84.0,84.0,2017-06,2017,6
2017-04-03,20170403,20170326,20170403,7L0S5EON,68.0,7,4,2,Lost,0.0,0.004485957639476374,8.0,8.0,2017-04,2017,4
2017-05-12,20170512,20170326,20170512,A3D8MRDX,19.0,9,2,4,Won,4280.0,0.9999999999999956,47.0,47.0,2017-05,2017,5
2017-05-29,20170529,20170326,20170529,YE6R6I1K,74.0,21,4,4,Won,2880.0,0.9999999985030685,64.0,64.0,2017-05,2017,5
2017-04-05,20170405,20170326,20170405,JXUXBANJ,79.0,25,7,4,Won,25288.0,1.0,10.0,10.0,2017-04,2017,4
2017-05-25,20170525,20170326,20170525,UWPUJESS,36.0,3,3,2,Lost,0.0,0.5984168025978635,60.0,60.0,2017-05,2017,5
2017-05-06,20170506,20170326,20170506,HSTXUOVW,35.0,24,3,2,Lost,0.0,0.4914138749532171,41.0,41.0,2017-05,2017,5
2017-04-04,20170404,20170326,20170404,2ZT298DY,32.0,33,1,2,Lost,0.0,0.0927808317902655,9.0,9.0,2017-04,2017,4
2017-05-14,20170514,20170326,20170514,Z769EPTS,36.0,33,1,2,Lost,0.0,0.07545814339389069,49.0,49.0,2017-05,2017,5
2017-05-29,20170529,20170327,20170529,GOIVV4OG,85.0,2,4,4,Won,3267.0,0.9999999999189759,63.0,63.0,2017-05,2017,5
2017-06-09,20170609,20170327,20170609,CJOU1RYX,2.0,18,5,4,Won,5182.0,1.0,74.0,74.0,2017-06,2017,6
2017-04-05,20170405,20170327,20170405,5OVTFUNQ,9.0,10,2,2,Lost,0.0,0.004026587188166344,9.0,9.0,2017-04,2017,4
2017-04-07,20170407,20170327,20170407,0RNYAI6O,67.0,10,3,2,Lost,0.0,0.38538232677922923,11.0,11.0,2017-04,2017,4
2017-05-31,20170531,20170327,20170531,NSI9TMQ1,82.0,15,2,2,Lost,0.0,0.005783006104686752,65.0,65.0,2017-05,2017,5
2017-05-25,20170525,20170327,20170525,2QQD7411,79.0,30,1,4,Won,540.0,0.9439750776066524,59.0,59.0,2017-05,2017,5
2017-05-01,20170501,20170327,20170501,XR57MBVC,24.0,30,4,4,Won,3492.0,0.9999999999961069,35.0,35.0,2017-05,2017,5
2017-06-26,20170626,20170327,20170626,8BY9YRL9,15.0,6,5,4,Won,5991.0,1.0,91.0,91.0,2017-06,2017,6
2017-04-02,20170402,20170327,20170402,7PWQUE7O,47.0,27,1,2,Lost,0.0,0.04290671615873389,6.0,6.0,2017-04,2017,4
2017-04-06,20170406,20170327,20170406,ELCQKUQU,44.0,27,4,2,Lost,0.0,0.0024404907321516098,10.0,10.0,2017-04,2017,4
2017-06-26,20170626,20170327,20170626,CVPH0J04,70.0,27,2,4,Won,4968.0,1.0,91.0,91.0,2017-06,2017,6
2017-05-26,20170526,20170327,20170526,H8CLNRM2,44.0,34,2,4,Won,5006.0,1.0,60.0,60.0,2017-05,2017,5
2017-05-01,20170501,20170327,20170501,MJBD6V39,13.0,5,3,2,Lost,0.0,0.5219727619704938,35.0,35.0,2017-05,2017,5
2017-05-15,20170515,20170327,20170515,GQQ01OO5,84.0,21,5,2,Lost,0.0,0.009661512292037322,49.0,49.0,2017-05,2017,5
2017-04-05,20170405,20170327,20170405,B85LVFR1,49.0,21,2,4,Won,5363.0,1.0,9.0,9.0,2017-04,2017,4
2017-06-28,20170628,20170327,20170628,U8XA7JCO,15.0,3,3,4,Won,49.0,0.7067060532614391,93.0,93.0,2017-06,2017,6
2017-04-03,20170403,20170327,20170403,2GR73FEV,21.0,33,6,2,Lost,0.0,0.005522811344966829,7.0,7.0,2017-04,2017,4
2017-04-03,20170403,20170327,20170403,AV4ZPXE3,17.0,33,4,4,Won,4253.0,0.9999999999999891,7.0,7.0,2017-04,2017,4
2017-04-08,20170408,20170328,20170408,X8QV83G1,11.0,1,3,2,Lost,0.0,0.4760833172612095,11.0,11.0,2017-04,2017,4
2017-06-08,20170608,20170328,20170608,T1ZYZ70B,11.0,1,3,2,Lost,0.0,0.5401217591078555,72.0,72.0,2017-06,2017,6
2017-05-30,20170530,20170328,20170530,RO6QLRCX,56.0,19,1,4,Won,422.0,0.861170331947803,63.0,63.0,2017-05,2017,5
2017-04-06,20170406,20170328,20170406,6FT804V9,36.0,2,1,2,Lost,0.0,0.08958795563259996,9.0,9.0,2017-04,2017,4
2017-04-08,20170408,20170328,20170408,SKTAI2GS,11.0,2,6,4,Won,1056.0,0.9908243604074743,11.0,11.0,2017-04,2017,4
2017-04-07,20170407,20170328,20170407,YIGSYPWD,5.0,13,2,2,Lost,0.0,0.0038891555668214427,10.0,10.0,2017-04,2017,4
2017-05-28,20170528,20170328,20170528,9IP0C0IR,26.0,13,2,2,Lost,0.0,0.0030556970160005976,61.0,61.0,2017-05,2017,5
2017-04-06,20170406,20170328,20170406,E06J9PDT,19.0,10,2,2,Lost,0.0,0.004985213711018173,9.0,9.0,2017-04,2017,4
2017-04-03,20170403,20170328,20170403,3OLESA9M,38.0,10,4,2,Lost,0.0,0.0030178917549169054,6.0,6.0,2017-04,2017,4
2017-04-09,20170409,20170328,20170409,3O7PIS8O,76.0,10,4,4,Won,3665.0,0.9999999999987454,12.0,12.0,2017-04,2017,4
2017-06-03,20170603,20170328,20170603,FAV4HHP4,18.0,20,2,4,Won,4329.0,0.9999999999999976,67.0,67.0,2017-06,2017,6
2017-04-03,20170403,20170328,20170403,LOMFB71Q,23.0,8,3,2,Lost,0.0,0.4200240098162793,6.0,6.0,2017-04,2017,4
2017-04-08,20170408,20170328,20170408,C334XDK8,32.0,26,3,4,Won,58.0,0.7546671899481165,11.0,11.0,2017-04,2017,4
2017-06-26,20170626,20170328,20170626,R707GGNA,79.0,30,5,4,Won,7356.0,1.0,90.0,90.0,2017-06,2017,6
2017-06-25,20170625,20170328,20170625,EP81D4IN,21.0,30,2,4,Won,4066.0,0.9999999999999665,89.0,89.0,2017-06,2017,6
2017-06-06,20170606,20170328,20170606,UWZ7DFKY,12.0,4,3,4,Won,55.0,0.669301294134363,70.0,70.0,2017-06,2017,6
2017-06-27,20170627,20170328,20170627,7SH51ME1,83.0,27,4,4,Won,3738.0,0.9999999999993205,91.0,91.0,2017-06,2017,6
2017-04-04,20170404,20170328,20170404,QPH1YUAN,36.0,34,1,2,Lost,0.0,0.07571997092640902,7.0,7.0,2017-04,2017,4
2017-05-26,20170526,20170328,20170526,7PV7V1RP,46.0,34,4,2,Lost,0.0,0.0035007161627678583,59.0,59.0,2017-05,2017,5
2017-05-15,20170515,20170328,20170515,C2WEF4XH,79.0,34,6,4,Won,888.0,0.9706410829371621,48.0,48.0,2017-05,2017,5
2017-04-07,20170407,20170328,20170407,5G645WYV,4.0,5,5,4,Won,5447.0,1.0,10.0,10.0,2017-04,2017,4
2017-04-05,20170405,20170328,20170405,5M3Z5DS4,29.0,9,5,4,Won,5972.0,1.0,8.0,8.0,2017-04,2017,4
2017-04-02,20170402,20170328,20170402,CR20TBUT,10.0,25,2,4,Won,4855.0,1.0,5.0,5.0,2017-04,2017,4
2017-05-29,20170529,20170328,20170529,M5E8U8HP,78.0,14,4,4,Won,3395.0,0.999999999980324,62.0,62.0,2017-05,2017,5
2017-04-07,20170407,20170328,20170407,9VEB4KWV,5.0,12,3,2,Lost,0.0,0.537151968942875,10.0,10.0,2017-04,2017,4
2017-03-30,20170330,20170328,20170330,9S7VQ79A,32.0,33,6,4,Won,1084.0,0.9946914083285616,2.0,2.0,2017-03,2017,3
2017-06-03,20170603,20170329,20170603,1MQFYGEE,38.0,2,4,4,Won,3670.0,0.9999999999989346,66.0,66.0,2017-06,2017,6
2017-04-02,20170402,20170329,20170402,4G10PCOZ,37.0,18,6,2,Lost,0.0,0.007542926817403553,4.0,4.0,2017-04,2017,4
2017-06-02,20170602,20170329,20170602,DLZYL69K,27.0,18,5,4,Won,5304.0,1.0,65.0,65.0,2017-06,2017,6
2017-04-06,20170406,20170329,20170406,KYQ50DTU,73.0,10,5,2,Lost,0.0,0.004820993736413932,8.0,8.0,2017-04,2017,4
2017-06-16,20170616,20170329,20170616,FRIVBOOA,13.0,10,2,4,Won,3844.0,0.9999999999998053,79.0,79.0,2017-06,2017,6
2017-05-11,20170511,20170329,20170511,7ASDRLM5,1.0,20,1,4,Won,549.0,0.862147779640621,43.0,43.0,2017-05,2017,5
2017-05-20,20170520,20170329,20170520,0HB6OUIN,12.0,8,2,2,Lost,0.0,0.005008552918784208,52.0,52.0,2017-05,2017,5
2017-04-05,20170405,20170329,20170405,UWK0KA56,66.0,8,4,2,Lost,0.0,0.00616324479564233,7.0,7.0,2017-04,2017,4
2017-04-05,20170405,20170329,20170405,CCVCBR83,36.0,6,1,4,Won,553.0,0.9336288351409506,7.0,7.0,2017-04,2017,4
2017-05-05,20170505,20170329,20170505,SV2VJ3VH,54.0,32,6,2,Lost,0.0,0.009709555784242395,37.0,37.0,2017-05,2017,5
2017-04-07,20170407,20170329,20170407,ASL3FJZP,22.0,32,4,4,Won,3523.0,0.9999999999954334,9.0,9.0,2017-04,2017,4
2017-05-20,20170520,20170329,20170520,0S4K915N,44.0,31,1,2,Lost,0.0,0.11661616349765576,52.0,52.0,2017-05,2017,5
2017-06-28,20170628,20170329,20170628,8IJOC37Z,36.0,31,1,4,Won,424.0,0.8507022028112161,91.0,91.0,2017-06,2017,6
2017-06-02,20170602,20170329,20170602,28BIO7F9,45.0,7,1,4,Won,490.0,0.9209225506619079,65.0,65.0,2017-06,2017,6
2017-04-04,20170404,20170329,20170404,9B5T5QTA,44.0,34,2,2,Lost,0.0,0.0036196963086944306,6.0,6.0,2017-04,2017,4
2017-04-07,20170407,20170329,20170407,9ZDFLOKA,33.0,34,3,4,Won,48.0,0.5881299689368057,9.0,9.0,2017-04,2017,4
2017-05-26,20170526,20170329,20170526,8FXUNDUS,36.0,5,4,4,Won,3982.0,0.9999999999999174,58.0,58.0,2017-05,2017,5
2017-06-11,20170611,20170329,20170611,MLC5KY2R,24.0,25,4,2,Lost,0.0,0.004958660601739648,74.0,74.0,2017-06,2017,6
2017-04-06,20170406,20170329,20170406,98YPUABG,65.0,24,5,2,Lost,0.0,0.0046069582843907405,8.0,8.0,2017-04,2017,4
2017-04-09,20170409,20170329,20170409,181X64EU,32.0,24,6,4,Won,1176.0,0.9981960691615833,11.0,11.0,2017-04,2017,4
2017-04-10,20170410,20170329,20170410,XLKL4EI0,2.0,16,1,2,Lost,0.0,0.08218852312641264,12.0,12.0,2017-04,2017,4
2017-04-04,20170404,20170329,20170404,5RUF6451,43.0,16,1,4,Won,589.0,0.9379215050058436,6.0,6.0,2017-04,2017,4
2017-05-16,20170516,20170329,20170516,G67668KN,64.0,33,5,2,Lost,0.0,0.004850571905406025,48.0,48.0,2017-05,2017,5
2017-04-01,20170401,20170330,20170401,4SAUJMOI,75.0,22,1,2,Lost,0.0,0.0894121387594237,2.0,2.0,2017-04,2017,4
2017-04-07,20170407,20170330,20170407,B2H3P25L,78.0,22,5,2,Lost,0.0,0.003468945713879247,8.0,8.0,2017-04,2017,4
2017-04-06,20170406,20170330,20170406,DF19VWL4,71.0,19,2,4,Won,4276.0,0.9999999999999929,7.0,7.0,2017-04,2017,4
2017-04-07,20170407,20170330,20170407,ZIZXHX09,63.0,19,4,4,Won,3390.0,0.9999999999833049,8.0,8.0,2017-04,2017,4
2017-04-11,20170411,20170330,20170411,70GGNRPB,4.0,2,1,2,Lost,0.0,0.09904142584608264,12.0,12.0,2017-04,2017,4
2017-04-09,20170409,20170330,20170409,0VYX8TN3,15.0,2,3,2,Lost,0.0,0.4906964183968015,10.0,10.0,2017-04,2017,4
2017-05-19,20170519,20170330,20170519,JPJ3A9T8,19.0,2,1,4,Won,541.0,0.9605865352189447,50.0,50.0,2017-05,2017,5
2017-06-26,20170626,20170330,20170626,1A86ZD0B,26.0,13,5,4,Won,5189.0,1.0,88.0,88.0,2017-06,2017,6
2017-04-07,20170407,20170330,20170407,PMQ4M2UX,26.0,18,2,2,Lost,0.0,0.0019564555207856322,8.0,8.0,2017-04,2017,4
2017-06-23,20170623,20170330,20170623,OFQCCQ6I,78.0,18,5,4,Won,6920.0,1.0,85.0,85.0,2017-06,2017,6
2017-04-01,20170401,20170330,20170401,3Z2BQVQ7,12.0,10,1,2,Lost,0.0,0.11182385776146672,2.0,2.0,2017-04,2017,4
2017-04-07,20170407,20170330,20170407,57FO8KSQ,39.0,10,6,2,Lost,0.0,0.008821734352330666,8.0,8.0,2017-04,2017,4
2017-05-17,20170517,20170330,20170517,3VQOFPW7,29.0,10,4,2,Lost,0.0,0.00249040692743001,48.0,48.0,2017-05,2017,5
2017-06-20,20170620,20170330,20170620,HMKFBTYR,4.0,10,1,4,Won,600.0,0.9678296859435068,82.0,82.0,2017-06,2017,6
2017-04-11,20170411,20170330,20170411,RMO3I92N,8.0,20,6,2,Lost,0.0,0.010342904809395315,12.0,12.0,2017-04,2017,4
2017-04-01,20170401,20170330,20170401,2AV40FHB,44.0,20,2,2,Lost,0.0,0.0028061420819310637,2.0,2.0,2017-04,2017,4
2017-04-06,20170406,20170330,20170406,OUR875IK,78.0,20,1,4,Won,564.0,0.8920461613559634,7.0,7.0,2017-04,2017,4
2017-04-04,20170404,20170330,20170404,LUFY70BU,32.0,28,7,2,Lost,0.0,0.01908732800779441,5.0,5.0,2017-04,2017,4
2017-05-31,20170531,20170330,20170531,1OUHMFJV,81.0,15,6,4,Won,1037.0,0.9916507892837529,62.0,62.0,2017-05,2017,5
2017-04-01,20170401,20170330,20170401,GMNQUFQZ,36.0,32,1,4,Won,500.0,0.901688158381381,2.0,2.0,2017-04,2017,4
2017-04-07,20170407,20170330,20170407,YWF7W7H8,36.0,4,5,4,Won,5728.0,1.0,8.0,8.0,2017-04,2017,4
2017-04-09,20170409,20170330,20170409,120BESB3,42.0,27,4,2,Lost,0.0,0.0016528835832794616,10.0,10.0,2017-04,2017,4
2017-04-06,20170406,20170330,20170406,HPSSENGT,67.0,7,2,2,Lost,0.0,0.002503269228113674,7.0,7.0,2017-04,2017,4
2017-04-11,20170411,20170330,20170411,8TXOC3S3,62.0,5,4,2,Lost,0.0,0.0023516673078075477,12.0,12.0,2017-04,2017,4
2017-05-20,20170520,20170330,20170520,N55VF08D,23.0,5,3,4,Won,54.0,0.5978413383248945,51.0,51.0,2017-05,2017,5
2017-06-19,20170619,20170330,20170619,265SZR01,77.0,25,1,4,Won,501.0,0.8418759798287466,81.0,81.0,2017-06,2017,6
2017-04-08,20170408,20170330,20170408,NKO2JRRS,74.0,14,5,4,Won,6155.0,1.0,9.0,9.0,2017-04,2017,4
2017-04-08,20170408,20170330,20170408,WW3NDCO2,81.0,14,5,4,Won,4668.0,0.9999999999999998,9.0,9.0,2017-04,2017,4
2017-06-09,20170609,20170330,20170609,DGPI60HG,85.0,3,5,4,Won,5017.0,1.0,71.0,71.0,2017-06,2017,6
2017-04-08,20170408,20170330,20170408,06DUY829,59.0,3,3,4,Won,59.0,0.7439992821832994,9.0,9.0,2017-04,2017,4
2017-04-08,20170408,20170330,20170408,HOG5OE78,21.0,24,2,2,Lost,0.0,0.002423860539029435,9.0,9.0,2017-04,2017,4
2017-04-06,20170406,20170330,20170406,PLM5WEY4,54.0,24,4,4,Won,3316.0,0.9999999999498552,7.0,7.0,2017-04,2017,4
2017-04-10,20170410,20170330,20170410,EWQVZB85,54.0,33,5,4,Won,6227.0,1.0,11.0,11.0,2017-04,2017,4
2017-04-07,20170407,20170331,20170407,SFFFNT6B,73.0,1,3,2,Lost,0.0,0.5763539810416711,7.0,7.0,2017-04,2017,4
2017-06-15,20170615,20170331,20170615,99AAJPQN,12.0,1,3,4,Won,58.0,0.7945635293850469,76.0,76.0,2017-06,2017,6
2017-04-08,20170408,20170331,20170408,JW2FHT1G,15.0,1,4,4,Won,3626.0,0.9999999999978653,8.0,8.0,2017-04,2017,4
2017-04-01,20170401,20170331,20170401,08KE6ZQN,75.0,22,4,4,Won,2819.0,0.9999999969720954,1.0,1.0,2017-04,2017,4
2017-04-01,20170401,20170331,20170401,0WVCRCOU,78.0,19,2,2,Lost,0.0,0.0023634979470596625,1.0,1.0,2017-04,2017,4
2017-04-07,20170407,20170331,20170407,V5QIL0HU,82.0,19,2,2,Lost,0.0,0.004165838391199127,7.0,7.0,2017-04,2017,4
2017-04-02,20170402,20170331,20170402,F52YEFJ8,29.0,8,5,2,Lost,0.0,0.0025132949234326026,2.0,2.0,2017-04,2017,4
2017-04-09,20170409,20170331,20170409,OZDJFUHH,21.0,26,6,4,Won,901.0,0.9682254993288945,9.0,9.0,2017-04,2017,4
2017-06-04,20170604,20170331,20170604,BUPUP2TV,17.0,26,4,4,Won,3438.0,0.9999999999920184,65.0,65.0,2017-06,2017,6
2017-04-08,20170408,20170331,20170408,HTQO5XIW,22.0,30,1,4,Won,589.0,0.9537773438920172,8.0,8.0,2017-04,2017,4
2017-06-20,20170620,20170331,20170620,XCBKZWDX,55.0,32,3,2,Lost,0.0,0.5229052236979828,81.0,81.0,2017-06,2017,6
2017-04-01,20170401,20170331,20170401,W7F056RK,70.0,32,2,4,Won,5073.0,1.0,1.0,1.0,2017-04,2017,4
2017-04-01,20170401,20170331,20170401,9LZICBEV,36.0,31,4,2,Lost,0.0,0.0026729049472344864,1.0,1.0,2017-04,2017,4
2017-04-02,20170402,20170331,20170402,YAKIMBKC,44.0,31,1,4,Won,609.0,0.9613415481879335,2.0,2.0,2017-04,2017,4
2017-04-01,20170401,20170331,20170401,FHU2WQ2K,32.0,31,3,4,Won,55.0,0.6863508675073726,1.0,1.0,2017-04,2017,4
2017-04-12,20170412,20170331,20170412,VF651O1V,21.0,27,3,2,Lost,0.0,0.33793892385806873,12.0,12.0,2017-04,2017,4
2017-04-12,20170412,20170331,20170412,ISHAZTWG,33.0,34,6,2,Lost,0.0,0.009147694319202407,12.0,12.0,2017-04,2017,4
2017-04-10,20170410,20170331,20170410,0XIPT9AX,12.0,34,5,4,Won,5637.0,1.0,10.0,10.0,2017-04,2017,4
2017-04-11,20170411,20170331,20170411,UURLD9W8,54.0,34,5,4,Won,5793.0,1.0,11.0,11.0,2017-04,2017,4
2017-04-12,20170412,20170331,20170412,Y975VCYM,48.0,21,3,2,Lost,0.0,0.5831287901989557,12.0,12.0,2017-04,2017,4
2017-04-05,20170405,20170331,20170405,OPYWK3XE,41.0,25,1,2,Lost,0.0,0.05823374438341574,5.0,5.0,2017-04,2017,4
2017-05-30,20170530,20170331,20170530,2VTBUOXA,14.0,25,4,2,Lost,0.0,0.005571960048857465,60.0,60.0,2017-05,2017,5
2017-04-07,20170407,20170331,20170407,6YEF304L,36.0,25,1,4,Won,520.0,0.8798879226646202,7.0,7.0,2017-04,2017,4
2017-04-02,20170402,20170331,20170402,6AALZVSE,24.0,25,4,4,Won,4080.0,0.9999999999999685,2.0,2.0,2017-04,2017,4
2017-06-30,20170630,20170331,20170630,JF9CTPPZ,38.0,3,1,4,Won,526.0,0.9496879310299107,91.0,91.0,2017-06,2017,6
2017-05-17,20170517,20170331,20170517,LAH7932Y,62.0,3,3,4,Won,57.0,0.6698239044947769,47.0,47.0,2017-05,2017,5
2017-04-09,20170409,20170331,20170409,CLOSEH5L,77.0,24,4,2,Lost,0.0,0.0017607148103259169,9.0,9.0,2017-04,2017,4
2017-06-28,20170628,20170331,20170628,ZT6XPQR0,79.0,24,3,4,Won,54.0,0.7032398262633911,89.0,89.0,2017-06,2017,6
2017-04-12,20170412,20170331,20170412,MUHI7FIM,70.0,24,4,4,Won,3367.0,0.9999999999775002,12.0,12.0,2017-04,2017,4
2017-04-06,20170406,20170331,20170406,1WSLRC69,14.0,33,1,4,Won,430.0,0.8617230264844139,6.0,6.0,2017-04,2017,4
2017-05-05,20170505,20170401,20170505,ZZJ4I52J,36.0,1,1,4,Won,518.0,0.9307007513192611,34.0,34.0,2017-05,2017,5
2017-04-12,20170412,20170401,20170412,IGVGV1O5,74.0,22,6,2,Lost,0.0,0.0075803269529543665,11.0,11.0,2017-04,2017,4
2017-04-11,20170411,20170401,20170411,O5OCDKVH,84.0,13,6,2,Lost,0.0,0.01579833173319281,10.0,10.0,2017-04,2017,4
2017-04-03,20170403,20170401,20170403,TNUCQKW6,48.0,18,2,2,Lost,0.0,0.0030920874091410013,2.0,2.0,2017-04,2017,4
2017-04-08,20170408,20170401,20170408,T4NRIY5R,4.0,10,5,4,Won,5798.0,1.0,7.0,7.0,2017-04,2017,4
2017-04-10,20170410,20170401,20170410,5PA21ZHE,3.0,10,2,4,Won,4685.0,0.9999999999999998,9.0,9.0,2017-04,2017,4
2017-06-17,20170617,20170401,20170617,MCR8YCCY,28.0,10,4,4,Won,3228.0,0.9999999999169813,77.0,77.0,2017-06,2017,6
2017-04-03,20170403,20170401,20170403,N4PVP6C0,37.0,20,1,2,Lost,0.0,0.05678544501897431,2.0,2.0,2017-04,2017,4
2017-06-22,20170622,20170401,20170622,8INCUUGJ,54.0,28,1,4,Won,452.0,0.8494086766398149,82.0,82.0,2017-06,2017,6
2017-04-11,20170411,20170401,20170411,CKSNW8DU,12.0,8,6,2,Lost,0.0,0.012930712824236081,10.0,10.0,2017-04,2017,4
2017-04-08,20170408,20170401,20170408,JFB4WY8C,19.0,6,1,4,Won,565.0,0.963346321181583,7.0,7.0,2017-04,2017,4
2017-06-05,20170605,20170401,20170605,BP7JRV1O,76.0,6,6,4,Won,1184.0,0.9986699177403174,65.0,65.0,2017-06,2017,6
2017-06-22,20170622,20170401,20170622,OREPAY0O,35.0,32,6,4,Won,1150.0,0.9978339427066056,82.0,82.0,2017-06,2017,6
2017-05-24,20170524,20170401,20170524,XBSZ29VJ,64.0,31,6,4,Won,1110.0,0.9970255450345157,53.0,53.0,2017-05,2017,5
2017-04-10,20170410,20170401,20170410,8BRN98H6,85.0,4,4,2,Lost,0.0,0.0010577214576324224,9.0,9.0,2017-04,2017,4
2017-04-06,20170406,20170401,20170406,VZS17M7X,41.0,27,4,4,Won,3817.0,0.9999999999993439,5.0,5.0,2017-04,2017,4
2017-04-10,20170410,20170401,20170410,49USIHDH,60.0,7,4,2,Lost,0.0,0.0061637646756187185,9.0,9.0,2017-04,2017,4
2017-04-06,20170406,20170401,20170406,A89TBOY5,4.0,5,4,2,Lost,0.0,0.0029989724316041052,5.0,5.0,2017-04,2017,4
2017-04-10,20170410,20170401,20170410,26XU4887,36.0,9,1,4,Won,531.0,0.8913859981545548,9.0,9.0,2017-04,2017,4
2017-04-04,20170404,20170401,20170404,QQTQFG9A,71.0,21,5,2,Lost,0.0,0.005191118572187915,3.0,3.0,2017-04,2017,4
2017-04-02,20170402,20170401,20170402,7O00H1TC,52.0,21,4,2,Lost,0.0,0.005698013358664857,1.0,1.0,2017-04,2017,4
2017-04-07,20170407,20170401,20170407,LGTIXQ46,6.0,25,3,4,Won,51.0,0.5491838523785579,6.0,6.0,2017-04,2017,4
2017-05-12,20170512,20170401,20170512,KJBYGG1S,49.0,14,2,4,Won,5106.0,1.0,41.0,41.0,2017-05,2017,5
2017-04-13,20170413,20170401,20170413,IXBUR07V,28.0,3,4,2,Lost,0.0,0.0026641753407800365,12.0,12.0,2017-04,2017,4
2017-04-02,20170402,20170401,20170402,B6UWHOD4,66.0,3,3,4,Won,60.0,0.8313884514119634,1.0,1.0,2017-04,2017,4
2017-04-09,20170409,20170401,20170409,FJ6QV5XK,79.0,24,2,2,Lost,0.0,0.0035055946366584633,8.0,8.0,2017-04,2017,4
2017-04-09,20170409,20170401,20170409,4DUMR5WD,84.0,16,5,2,Lost,0.0,0.006965210164961345,8.0,8.0,2017-04,2017,4
2017-04-02,20170402,20170401,20170402,AW3L4BTT,36.0,33,6,2,Lost,0.0,0.0072353623891687835,1.0,1.0,2017-04,2017,4
2017-06-29,20170629,20170401,20170629,RH805ELL,35.0,33,2,4,Won,5079.0,1.0,89.0,89.0,2017-06,2017,6
2017-06-20,20170620,20170402,20170620,7RI58VF7,68.0,1,1,4,Won,460.0,0.9247987745538158,79.0,79.0,2017-06,2017,6
2017-06-24,20170624,20170402,20170624,R15SXOZA,40.0,22,6,2,Lost,0.0,0.018288862878382314,83.0,83.0,2017-06,2017,6
2017-04-10,20170410,20170402,20170410,H00Y9555,16.0,2,4,4,Won,3343.0,0.9999999999752271,8.0,8.0,2017-04,2017,4
2017-05-28,20170528,20170402,20170528,RJYMI03Q,78.0,13,5,4,Won,5125.0,1.0,56.0,56.0,2017-05,2017,5
2017-04-11,20170411,20170402,20170411,5PJJCTJ9,4.0,10,4,4,Won,3263.0,0.9999999999479168,9.0,9.0,2017-04,2017,4
2017-04-08,20170408,20170402,20170408,J60KKQ4B,21.0,28,6,4,Won,976.0,0.9793075255390442,6.0,6.0,2017-04,2017,4
2017-04-09,20170409,20170402,20170409,X2QRD0DC,56.0,15,2,4,Won,4746.0,1.0,7.0,7.0,2017-04,2017,4
2017-04-03,20170403,20170402,20170403,4KIZ9WJ0,13.0,8,6,2,Lost,0.0,0.009503026164175074,1.0,1.0,2017-04,2017,4
2017-04-11,20170411,20170402,20170411,6RQCLF28,11.0,8,1,4,Won,507.0,0.8608239429303539,9.0,9.0,2017-04,2017,4
2017-04-14,20170414,20170402,20170414,T8WC5X1B,44.0,30,1,2,Lost,0.0,0.11524775755739576,12.0,12.0,2017-04,2017,4
2017-04-09,20170409,20170402,20170409,HO6M5P37,21.0,30,2,4,Won,5693.0,1.0,7.0,7.0,2017-04,2017,4
2017-04-14,20170414,20170402,20170414,0J21WQH1,21.0,32,6,2,Lost,0.0,0.009417166790807927,12.0,12.0,2017-04,2017,4
2017-04-03,20170403,20170402,20170403,N88UFF5K,46.0,31,1,2,Lost,0.0,0.08188183975830769,1.0,1.0,2017-04,2017,4
2017-04-10,20170410,20170402,20170410,OV08QE7X,10.0,31,1,4,Won,488.0,0.9022866187279569,8.0,8.0,2017-04,2017,4
2017-05-20,20170520,20170402,20170520,WJLJIWYS,58.0,31,1,4,Won,605.0,0.9757170532593841,48.0,48.0,2017-05,2017,5
2017-05-15,20170515,20170402,20170515,QJ25CASO,77.0,27,5,2,Lost,0.0,0.0020955284332177457,43.0,43.0,2017-05,2017,5
2017-04-11,20170411,20170402,20170411,GJQXUDI3,25.0,7,6,4,Won,949.0,0.9810148927584574,9.0,9.0,2017-04,2017,4
2017-04-04,20170404,20170402,20170404,OOGOZGGV,22.0,34,6,4,Won,882.0,0.9643230620475021,2.0,2.0,2017-04,2017,4
2017-06-22,20170622,20170402,20170622,C9XJ9KHD,32.0,34,6,4,Won,1096.0,0.9973059589453113,81.0,81.0,2017-06,2017,6
2017-04-10,20170410,20170402,20170410,IWAKTMEB,20.0,21,1,2,Lost,0.0,0.08759555741070395,8.0,8.0,2017-04,2017,4
2017-08-04,20170804,20170402,20170804,AKT5EF0X,20.0,21,1,4,Won,572.0,0.9637974504811134,124.0,124.0,2017-08,2017,8
2017-04-07,20170407,20170402,20170407,89064N0X,7.0,14,4,2,Lost,0.0,0.0023413764104694814,5.0,5.0,2017-04,2017,4
2017-04-12,20170412,20170402,20170412,V7YVW4U0,43.0,14,2,4,Won,3731.0,0.9999999999988916,10.0,10.0,2017-04,2017,4
2017-04-12,20170412,20170402,20170412,TBJ99S41,45.0,3,3,2,Lost,0.0,0.5581090051192659,10.0,10.0,2017-04,2017,4
2017-06-13,20170613,20170402,20170613,QWLH0WD8,36.0,33,6,4,Won,1214.0,0.9981964226045701,72.0,72.0,2017-06,2017,6
2017-04-03,20170403,20170402,20170403,JZTX4MXK,70.0,33,2,4,Won,4444.0,0.9999999999999984,1.0,1.0,2017-04,2017,4
2017-06-27,20170627,20170403,20170627,4AHNCJ2Y,57.0,1,1,4,Won,524.0,0.9653931933786207,85.0,85.0,2017-06,2017,6
2017-05-20,20170520,20170403,20170520,JK75NQBD,8.0,19,6,4,Won,997.0,0.9927229997864212,47.0,47.0,2017-05,2017,5
2017-04-10,20170410,20170403,20170410,U1BDEL90,2.0,13,4,4,Won,2794.0,0.9999999959679846,7.0,7.0,2017-04,2017,4
2017-04-09,20170409,20170403,20170409,A9C9YCSN,57.0,10,3,4,Won,53.0,0.7142426664631544,6.0,6.0,2017-04,2017,4
2017-04-13,20170413,20170403,20170413,524GC3WL,29.0,10,4,4,Won,3141.0,0.999999999762093,10.0,10.0,2017-04,2017,4
2017-04-15,20170415,20170403,20170415,T4ZW6SS4,63.0,20,3,2,Lost,0.0,0.477522930546935,12.0,12.0,2017-04,2017,4
2017-06-26,20170626,20170403,20170626,FH4VP5CL,5.0,20,6,4,Won,1109.0,0.9959249233486153,84.0,84.0,2017-06,2017,6
2017-04-14,20170414,20170403,20170414,K9MMOXUC,40.0,20,5,4,Won,5691.0,1.0,11.0,11.0,2017-04,2017,4
2017-04-07,20170407,20170403,20170407,LV5SEMZQ,50.0,28,3,4,Won,52.0,0.6073589095761377,4.0,4.0,2017-04,2017,4
2017-04-10,20170410,20170403,20170410,50B2JN7F,36.0,8,3,2,Lost,0.0,0.47301442266137034,7.0,7.0,2017-04,2017,4
2017-04-05,20170405,20170403,20170405,JXS3KFKM,3.0,8,1,4,Won,532.0,0.9057813263957178,2.0,2.0,2017-04,2017,4
2017-04-04,20170404,20170403,20170404,QODSAVWU,39.0,8,2,4,Won,5615.0,1.0,1.0,1.0,2017-04,2017,4
2017-04-04,20170404,20170403,20170404,UH3P961U,32.0,30,1,2,Lost,0.0,0.12779706211727726,1.0,1.0,2017-04,2017,4
2017-05-26,20170526,20170403,20170526,3BQTRX5Y,22.0,32,2,2,Lost,0.0,0.005307056629008758,53.0,53.0,2017-05,2017,5
2017-04-12,20170412,20170403,20170412,YTL8VNGT,41.0,32,1,4,Won,565.0,0.9436972529389512,9.0,9.0,2017-04,2017,4
2017-04-11,20170411,20170403,20170411,BL4SKUCN,59.0,4,1,2,Lost,0.0,0.08569521972247927,8.0,8.0,2017-04,2017,4
2017-04-05,20170405,20170403,20170405,W355HYRD,27.0,21,2,2,Lost,0.0,0.004515851345736946,2.0,2.0,2017-04,2017,4
2017-04-14,20170414,20170403,20170414,5UE0TE1R,80.0,21,2,4,Won,3991.0,0.999999999999964,11.0,11.0,2017-04,2017,4
2017-05-20,20170520,20170403,20170520,RFNRVNXJ,43.0,14,2,4,Won,5763.0,1.0,47.0,47.0,2017-05,2017,5
2017-04-14,20170414,20170403,20170414,UTZDDOU7,13.0,3,3,2,Lost,0.0,0.586202345578711,11.0,11.0,2017-04,2017,4
2017-04-11,20170411,20170403,20170411,2ZXKC707,10.0,24,4,2,Lost,0.0,0.003776329211074033,8.0,8.0,2017-04,2017,4
2017-04-15,20170415,20170403,20170415,VNCFE4LQ,41.0,24,1,4,Won,456.0,0.8402581929309283,12.0,12.0,2017-04,2017,4
2017-04-05,20170405,20170403,20170405,28QWFYSP,7.0,16,3,2,Lost,0.0,0.4836824074303474,2.0,2.0,2017-04,2017,4
2017-04-11,20170411,20170404,20170411,VIV0OXU6,16.0,1,1,4,Won,582.0,0.9565789798581427,7.0,7.0,2017-04,2017,4
2017-04-12,20170412,20170404,20170412,KVF0HK8S,16.0,1,3,4,Won,59.0,0.6837700732155892,8.0,8.0,2017-04,2017,4
2017-04-09,20170409,20170404,20170409,JLT2LLR3,18.0,22,4,4,Won,3259.0,0.9999999999666274,5.0,5.0,2017-04,2017,4
2017-05-10,20170510,20170404,20170510,2LF1TSPZ,26.0,13,1,2,Lost,0.0,0.07357214930081142,36.0,36.0,2017-05,2017,5
2017-04-11,20170411,20170404,20170411,FBJHTF91,42.0,13,6,2,Lost,0.0,0.009320438775986232,7.0,7.0,2017-04,2017,4
2017-04-11,20170411,20170404,20170411,Z50GQV8I,75.0,13,1,4,Won,593.0,0.9590551009066075,7.0,7.0,2017-04,2017,4
2017-06-26,20170626,20170404,20170626,O2CPAAF0,56.0,13,2,4,Won,5197.0,1.0,83.0,83.0,2017-06,2017,6
2017-04-15,20170415,20170404,20170415,CEOTU8PX,15.0,10,2,2,Lost,0.0,0.003075440470888404,11.0,11.0,2017-04,2017,4
2017-06-21,20170621,20170404,20170621,2S3DHZFO,45.0,10,2,2,Lost,0.0,0.004619302135830848,78.0,78.0,2017-06,2017,6
2017-04-12,20170412,20170404,20170412,ZE1ZKD7Q,67.0,10,3,2,Lost,0.0,0.39596693160594226,8.0,8.0,2017-04,2017,4
2017-06-18,20170618,20170404,20170618,Y9XOOWHS,23.0,10,4,4,Won,3031.0,0.9999999995985078,75.0,75.0,2017-06,2017,6
2017-04-15,20170415,20170404,20170415,5FIGO7XN,27.0,20,2,2,Lost,0.0,0.0025442126200525416,11.0,11.0,2017-04,2017,4
2017-05-25,20170525,20170404,20170525,EFO8XWXE,82.0,20,2,4,Won,5244.0,1.0,51.0,51.0,2017-05,2017,5
2017-04-10,20170410,20170404,20170410,62R8ERQ0,33.0,28,3,2,Lost,0.0,0.49569971125960255,6.0,6.0,2017-04,2017,4
2017-06-20,20170620,20170404,20170620,HYCELUAD,52.0,15,5,4,Won,5946.0,1.0,77.0,77.0,2017-06,2017,6
2017-04-08,20170408,20170404,20170408,MJZP9WYC,31.0,26,6,2,Lost,0.0,0.010796152268307595,4.0,4.0,2017-04,2017,4
2017-04-11,20170411,20170404,20170411,JNYS6BIJ,46.0,30,5,2,Lost,0.0,0.004741876447935559,7.0,7.0,2017-04,2017,4
2017-06-06,20170606,20170404,20170606,LUT9KYJA,64.0,30,2,4,Won,4335.0,0.999999999999998,63.0,63.0,2017-06,2017,6
2017-04-06,20170406,20170404,20170406,DIWC1AHU,23.0,6,5,2,Lost,0.0,0.003996268289204877,2.0,2.0,2017-04,2017,4
2017-04-06,20170406,20170404,20170406,ILYP3YGW,45.0,6,2,4,Won,5063.0,1.0,2.0,2.0,2017-04,2017,4
2017-04-10,20170410,20170404,20170410,0XC4DR3F,68.0,6,2,4,Won,5032.0,1.0,6.0,6.0,2017-04,2017,4
2017-05-31,20170531,20170404,20170531,3ZM8BJQO,46.0,32,2,4,Won,4398.0,0.9999999999999987,57.0,57.0,2017-05,2017,5
2017-04-06,20170406,20170404,20170406,AM5J5QPK,61.0,32,2,4,Won,4449.0,0.9999999999999993,2.0,2.0,2017-04,2017,4
2017-05-10,20170510,20170404,20170510,DRFUPEOU,6.0,31,5,2,Lost,0.0,0.00465841918206387,36.0,36.0,2017-05,2017,5
2017-04-06,20170406,20170404,20170406,I19TOSXS,73.0,4,1,2,Lost,0.0,0.06761353922457258,2.0,2.0,2017-04,2017,4
2017-04-15,20170415,20170404,20170415,DWO4HD34,39.0,4,4,2,Lost,0.0,0.0020043353701923016,11.0,11.0,2017-04,2017,4
2017-05-31,20170531,20170404,20170531,4YH4JR1Q,25.0,4,3,4,Won,50.0,0.52507495549009,57.0,57.0,2017-05,2017,5
2017-06-03,20170603,20170404,20170603,NUA0OE6Z,32.0,27,1,4,Won,605.0,0.964053030594743,60.0,60.0,2017-06,2017,6
2017-04-08,20170408,20170404,20170408,GDOHDB6U,61.0,27,3,4,Won,57.0,0.6614114725516888,4.0,4.0,2017-04,2017,4
2017-06-10,20170610,20170404,20170610,I58DG1XE,10.0,27,4,4,Won,2882.0,0.9999999983376628,67.0,67.0,2017-06,2017,6
2017-06-05,20170605,20170404,20170605,YA3O04NX,30.0,7,4,4,Won,3011.0,0.9999999997759468,62.0,62.0,2017-06,2017,6
2017-04-11,20170411,20170404,20170411,C2X9D7JO,58.0,34,6,4,Won,1181.0,0.9983439137371835,7.0,7.0,2017-04,2017,4
2017-06-11,20170611,20170404,20170611,SBLP2LJB,3.0,9,6,4,Won,1067.0,0.9927310822191023,68.0,68.0,2017-06,2017,6
2017-04-13,20170413,20170404,20170413,3CWKBXEN,18.0,21,1,2,Lost,0.0,0.18306031310341947,9.0,9.0,2017-04,2017,4
2017-04-09,20170409,20170404,20170409,ZG82F4GH,37.0,21,1,2,Lost,0.0,0.10295686707663694,5.0,5.0,2017-04,2017,4
2017-04-06,20170406,20170404,20170406,64KS4KGN,39.0,3,3,4,Won,54.0,0.646865485554269,2.0,2.0,2017-04,2017,4
2017-06-29,20170629,20170404,20170629,637HKAFD,54.0,33,1,4,Won,564.0,0.9274579572848549,86.0,86.0,2017-06,2017,6
2017-04-06,20170406,20170405,20170406,U9E3G8UT,13.0,1,6,2,Lost,0.0,0.012981825606766677,1.0,1.0,2017-04,2017,4
2017-04-14,20170414,20170405,20170414,FB1AO8SL,3.0,1,3,4,Won,57.0,0.6734861732501705,9.0,9.0,2017-04,2017,4
2017-06-30,20170630,20170405,20170630,79LGX9EX,80.0,19,2,4,Won,5558.0,1.0,86.0,86.0,2017-06,2017,6
2017-04-10,20170410,20170405,20170410,LOAYKUEO,73.0,2,5,2,Lost,0.0,0.005540551540931582,5.0,5.0,2017-04,2017,4
2017-04-07,20170407,20170405,20170407,EM4XNIPW,63.0,13,1,2,Lost,0.0,0.10818204160572088,2.0,2.0,2017-04,2017,4
2017-04-10,20170410,20170405,20170410,E6WG7J0I,8.0,13,6,4,Won,1083.0,0.9963954282784094,5.0,5.0,2017-04,2017,4
2017-04-06,20170406,20170405,20170406,37FL55S0,73.0,10,2,4,Won,5647.0,1.0,1.0,1.0,2017-04,2017,4
2017-08-07,20170807,20170405,20170807,RSXFS096,82.0,20,1,2,Lost,0.0,0.13204285032469973,124.0,124.0,2017-08,2017,8
2017-06-19,20170619,20170405,20170619,5QSU8PQU,63.0,20,2,4,Won,4648.0,0.9999999999999998,75.0,75.0,2017-06,2017,6
2017-04-14,20170414,20170405,20170414,N58V2ML8,56.0,20,3,4,Won,50.0,0.5900689487723108,9.0,9.0,2017-04,2017,4
2017-04-07,20170407,20170405,20170407,SFI9TVH3,36.0,8,4,2,Lost,0.0,0.002629610411134531,2.0,2.0,2017-04,2017,4
2017-05-30,20170530,20170405,20170530,0G65AQVC,42.0,30,1,2,Lost,0.0,0.09726052805962582,55.0,55.0,2017-05,2017,5
2017-04-07,20170407,20170405,20170407,F91QWQ1G,64.0,30,2,2,Lost,0.0,0.004491380201871489,2.0,2.0,2017-04,2017,4
2017-08-07,20170807,20170405,20170807,XEP9GSSY,15.0,6,1,2,Lost,0.0,0.1313621876204389,124.0,124.0,2017-08,2017,8
2017-05-12,20170512,20170405,20170512,0000I7AO,57.0,6,1,4,Won,505.0,0.9442326495949479,37.0,37.0,2017-05,2017,5
2017-04-15,20170415,20170405,20170415,A0VM9Q5M,17.0,31,2,2,Lost,0.0,0.0032987622952314268,10.0,10.0,2017-04,2017,4
2017-04-06,20170406,20170405,20170406,P9SDPJJO,33.0,31,1,4,Won,450.0,0.8385438602935863,1.0,1.0,2017-04,2017,4
2017-05-21,20170521,20170405,20170521,NW6OPA4M,6.0,31,5,4,Won,4983.0,1.0,46.0,46.0,2017-05,2017,5
2017-06-19,20170619,20170405,20170619,ZZQB2NPD,59.0,4,6,4,Won,1140.0,0.9973572933794694,75.0,75.0,2017-06,2017,6
2017-04-07,20170407,20170405,20170407,KG5JIU81,22.0,27,6,2,Lost,0.0,0.006877764450066347,2.0,2.0,2017-04,2017,4
2017-06-22,20170622,20170405,20170622,4XGA0K6N,41.0,27,4,4,Won,3188.0,0.9999999998640499,78.0,78.0,2017-06,2017,6
2017-04-06,20170406,20170405,20170406,MV1LBCP5,63.0,21,1,2,Lost,0.0,0.1295949320740584,1.0,1.0,2017-04,2017,4
2017-08-02,20170802,20170405,20170802,UIFIWKNI,78.0,21,6,4,Won,1091.0,0.9968289615885154,119.0,119.0,2017-08,2017,8
2017-04-12,20170412,20170405,20170412,MBGVOGCY,5.0,21,5,4,Won,5095.0,1.0,7.0,7.0,2017-04,2017,4
2017-08-02,20170802,20170405,20170802,2WQ5FUPR,12.0,21,3,4,Won,51.0,0.8362636738254785,119.0,119.0,2017-08,2017,8
2017-06-19,20170619,20170405,20170619,DA6LGJ66,33.0,25,3,4,Won,62.0,0.6556772871956729,75.0,75.0,2017-06,2017,6
2017-06-28,20170628,20170405,20170628,OJSYLHMZ,83.0,24,1,4,Won,550.0,0.9594084125708773,84.0,84.0,2017-06,2017,6
2017-04-07,20170407,20170405,20170407,QO6CI3P4,27.0,12,3,4,Won,45.0,0.6208411099289213,2.0,2.0,2017-04,2017,4
2017-06-09,20170609,20170406,20170609,HJP5X1MT,19.0,1,1,4,Won,527.0,0.9630005811605922,64.0,64.0,2017-06,2017,6
2017-04-15,20170415,20170406,20170415,JO4MF90Q,43.0,19,1,2,Lost,0.0,0.06658066139827097,9.0,9.0,2017-04,2017,4
2017-05-30,20170530,20170406,20170530,RX95UPUC,78.0,19,6,2,Lost,0.0,0.009609061239411298,54.0,54.0,2017-05,2017,5
2017-04-08,20170408,20170406,20170408,0SMQAD34,16.0,10,4,2,Lost,0.0,0.0030541488892140097,2.0,2.0,2017-04,2017,4
2017-04-14,20170414,20170406,20170414,THMEDL51,60.0,10,3,4,Won,64.0,0.7445863876731985,8.0,8.0,2017-04,2017,4
2017-04-15,20170415,20170406,20170415,94B4785B,56.0,20,4,4,Won,3655.0,0.99999999999812,9.0,9.0,2017-04,2017,4
2017-04-16,20170416,20170406,20170416,SLN6HHLD,4.0,8,3,2,Lost,0.0,0.5006770074965954,10.0,10.0,2017-04,2017,4
2017-04-13,20170413,20170406,20170413,MU3PM8ON,60.0,8,4,2,Lost,0.0,0.004337991209340911,7.0,7.0,2017-04,2017,4
2017-05-21,20170521,20170406,20170521,E6GVZ30Q,24.0,30,1,4,Won,561.0,0.968984239619984,45.0,45.0,2017-05,2017,5
2017-08-06,20170806,20170406,20170806,QVWM8LUB,35.0,31,1,2,Lost,0.0,0.11481168956003668,122.0,122.0,2017-08,2017,8
2017-04-16,20170416,20170406,20170416,7C2HU8OC,22.0,31,6,2,Lost,0.0,0.01040085289008091,10.0,10.0,2017-04,2017,4
2017-04-07,20170407,20170406,20170407,74P8ZFDD,54.0,31,5,4,Won,6154.0,1.0,1.0,1.0,2017-04,2017,4
2017-04-12,20170412,20170406,20170412,MB3376Q1,10.0,31,2,4,Won,4756.0,1.0,6.0,6.0,2017-04,2017,4
2017-04-14,20170414,20170406,20170414,RSAGMF10,68.0,4,1,2,Lost,0.0,0.073788059175124,8.0,8.0,2017-04,2017,4
2017-05-30,20170530,20170406,20170530,3N6VGWVS,30.0,4,3,4,Won,61.0,0.7041539622216458,54.0,54.0,2017-05,2017,5
2017-06-24,20170624,20170406,20170624,KG61YJ92,76.0,5,1,4,Won,575.0,0.9635608785674806,79.0,79.0,2017-06,2017,6
2017-05-22,20170522,20170406,20170522,Z4A1R9CJ,23.0,5,6,4,Won,1147.0,0.9964494306132287,46.0,46.0,2017-05,2017,5
2017-06-12,20170612,20170406,20170612,I6ZWBDU6,25.0,5,4,4,Won,3161.0,0.999999999845695,67.0,67.0,2017-06,2017,6
2017-04-16,20170416,20170406,20170416,3DB2J8UR,39.0,9,1,2,Lost,0.0,0.06175540673836966,10.0,10.0,2017-04,2017,4
2017-04-14,20170414,20170406,20170414,6ER2KL7X,12.0,24,4,2,Lost,0.0,0.004399247019008044,8.0,8.0,2017-04,2017,4
2017-05-04,20170504,20170406,20170504,CBTC7BHL,61.0,24,1,4,Won,525.0,0.9515971411682653,28.0,28.0,2017-05,2017,5
2017-04-12,20170412,20170406,20170412,93JCG10L,14.0,33,2,4,Won,4168.0,0.9999999999999896,6.0,6.0,2017-04,2017,4
2017-04-08,20170408,20170407,20170408,X9BUD48V,76.0,1,1,4,Won,596.0,0.9678096075609519,1.0,1.0,2017-04,2017,4
2017-04-15,20170415,20170407,20170415,TQLJOZBP,84.0,22,3,4,Won,59.0,0.7243236231612594,8.0,8.0,2017-04,2017,4
2017-05-14,20170514,20170407,20170514,9IE6GBXM,52.0,19,2,2,Lost,0.0,0.005195676997661404,37.0,37.0,2017-05,2017,5
2017-04-15,20170415,20170407,20170415,BG2656VA,44.0,13,5,4,Won,5684.0,1.0,8.0,8.0,2017-04,2017,4
2017-04-15,20170415,20170407,20170415,JXBUN5MY,42.0,18,4,2,Lost,0.0,0.0024157165695678157,8.0,8.0,2017-04,2017,4
2017-04-15,20170415,20170407,20170415,7TJEHAED,30.0,10,2,4,Won,4413.0,0.9999999999999989,8.0,8.0,2017-04,2017,4
2017-04-17,20170417,20170407,20170417,QPOE9V6Y,53.0,20,4,2,Lost,0.0,0.0017531159095607223,10.0,10.0,2017-04,2017,4
2017-04-15,20170415,20170407,20170415,ULJM9JGL,75.0,20,4,2,Lost,0.0,0.002433854318962839,8.0,8.0,2017-04,2017,4
2017-04-13,20170413,20170407,20170413,PYY9M6Q4,49.0,20,2,4,Won,4152.0,0.9999999999999769,6.0,6.0,2017-04,2017,4
2017-06-24,20170624,20170407,20170624,WAF692K8,14.0,28,3,4,Won,51.0,0.8010652651836303,78.0,78.0,2017-06,2017,6
2017-04-15,20170415,20170407,20170415,0UDLH6I3,81.0,15,1,2,Lost,0.0,0.07530673889718244,8.0,8.0,2017-04,2017,4
2017-04-18,20170418,20170407,20170418,WUGE2QUO,72.0,8,4,2,Lost,0.0,0.002767112846064742,11.0,11.0,2017-04,2017,4
2017-05-18,20170518,20170407,20170518,XBLA9VO6,65.0,30,6,4,Won,1103.0,0.9965660518576606,41.0,41.0,2017-05,2017,5
2017-04-09,20170409,20170407,20170409,QL7H3WQZ,76.0,6,6,4,Won,1091.0,0.9959951853701188,2.0,2.0,2017-04,2017,4
2017-04-17,20170417,20170407,20170417,DXBLA2BS,85.0,6,6,4,Won,1189.0,0.9959908537620064,10.0,10.0,2017-04,2017,4
2017-06-27,20170627,20170407,20170627,EYW0QD8A,68.0,6,2,4,Won,4534.0,0.9999999999999998,81.0,81.0,2017-06,2017,6
2017-05-12,20170512,20170407,20170512,NXWNJ7U5,31.0,32,1,2,Lost,0.0,0.10125870381566475,35.0,35.0,2017-05,2017,5
2017-04-16,20170416,20170407,20170416,8LVFBGN4,44.0,32,6,2,Lost,0.0,0.014761308929130332,9.0,9.0,2017-04,2017,4
2017-04-16,20170416,20170407,20170416,SUQNORF2,11.0,4,1,2,Lost,0.0,0.04697007927004139,9.0,9.0,2017-04,2017,4
2017-04-13,20170413,20170407,20170413,3M03SX77,12.0,27,1,4,Won,522.0,0.9088529331802307,6.0,6.0,2017-04,2017,4
2017-05-27,20170527,20170407,20170527,C7Y0UUIN,32.0,27,2,4,Won,5012.0,1.0,50.0,50.0,2017-05,2017,5
2017-04-08,20170408,20170407,20170408,DI6H5ERU,58.0,34,6,4,Won,1109.0,0.9967279810700956,1.0,1.0,2017-04,2017,4
2017-04-13,20170413,20170407,20170413,SQZ293C0,28.0,5,5,4,Won,4659.0,0.9999999999999998,6.0,6.0,2017-04,2017,4
2017-04-16,20170416,20170407,20170416,2SGRE4VE,9.0,9,1,2,Lost,0.0,0.08076089001017372,9.0,9.0,2017-04,2017,4
2017-06-13,20170613,20170407,20170613,AMKR98V4,11.0,3,5,2,Lost,0.0,0.005154970916951042,67.0,67.0,2017-06,2017,6
2017-04-09,20170409,20170407,20170409,DESFU690,73.0,3,5,2,Lost,0.0,0.005966356837898426,2.0,2.0,2017-04,2017,4
2017-05-30,20170530,20170407,20170530,V8HMIE7M,45.0,3,3,2,Lost,0.0,0.6068619940616793,53.0,53.0,2017-05,2017,5
2017-04-12,20170412,20170407,20170412,91JBU17E,57.0,3,4,2,Lost,0.0,0.005592764122610197,5.0,5.0,2017-04,2017,4
2017-04-16,20170416,20170407,20170416,4MMQZHCK,44.0,24,4,2,Lost,0.0,0.0037925551785632783,9.0,9.0,2017-04,2017,4
2017-04-13,20170413,20170407,20170413,RSKU2ZHM,24.0,33,4,2,Lost,0.0,0.003872215539615141,6.0,6.0,2017-04,2017,4
2017-04-15,20170415,20170408,20170415,8LTQ9ESQ,15.0,1,4,2,Lost,0.0,0.0033449161002508,7.0,7.0,2017-04,2017,4
2017-04-15,20170415,20170408,20170415,EBBIJKLT,66.0,1,6,4,Won,1142.0,0.9988237275977996,7.0,7.0,2017-04,2017,4
2017-05-27,20170527,20170408,20170527,8RIKWACO,81.0,13,1,4,Won,491.0,0.8988196084754905,49.0,49.0,2017-05,2017,5
2017-04-18,20170418,20170408,20170418,U3394VAL,23.0,10,2,2,Lost,0.0,0.0029267237313750317,10.0,10.0,2017-04,2017,4
2017-04-14,20170414,20170408,20170414,G58AHYTW,16.0,10,3,2,Lost,0.0,0.5090626665858057,6.0,6.0,2017-04,2017,4
2017-04-09,20170409,20170408,20170409,KK7L97V7,25.0,10,2,4,Won,5678.0,1.0,1.0,1.0,2017-04,2017,4
2017-04-16,20170416,20170408,20170416,GWRPJWRO,5.0,20,2,2,Lost,0.0,0.002697918442703259,8.0,8.0,2017-04,2017,4
2017-06-14,20170614,20170408,20170614,GNKFTK7J,69.0,20,1,4,Won,547.0,0.9192479523145642,67.0,67.0,2017-06,2017,6
2017-04-16,20170416,20170408,20170416,UEL6CAP9,74.0,15,1,2,Lost,0.0,0.06410898801034616,8.0,8.0,2017-04,2017,4
2017-05-25,20170525,20170408,20170525,2FEA30KT,64.0,26,6,4,Won,935.0,0.9885815888738997,47.0,47.0,2017-05,2017,5
2017-04-10,20170410,20170408,20170410,P2VXL7MO,61.0,26,5,4,Won,4761.0,1.0,2.0,2.0,2017-04,2017,4
2017-04-14,20170414,20170408,20170414,YT7QY06V,51.0,26,4,4,Won,3224.0,0.999999999954968,6.0,6.0,2017-04,2017,4
2017-04-17,20170417,20170408,20170417,L66MAMK5,70.0,32,1,4,Won,501.0,0.9162609075302203,9.0,9.0,2017-04,2017,4
2017-04-17,20170417,20170408,20170417,RGYBSSEK,67.0,4,4,4,Won,3532.0,0.9999999999882678,9.0,9.0,2017-04,2017,4
2017-04-12,20170412,20170408,20170412,5KC9ZGBX,77.0,34,2,4,Won,4320.0,0.9999999999999931,4.0,4.0,2017-04,2017,4
2017-04-10,20170410,20170408,20170410,AYIPNQFR,28.0,5,3,2,Lost,0.0,0.38439048570537765,2.0,2.0,2017-04,2017,4
2017-06-11,20170611,20170408,20170611,Q1MP64HG,84.0,21,6,4,Won,1123.0,0.9983399547698373,64.0,64.0,2017-06,2017,6
2017-04-09,20170409,20170408,20170409,XGD6BFD6,78.0,14,2,4,Won,5217.0,1.0,1.0,1.0,2017-04,2017,4
2017-05-27,20170527,20170408,20170527,1IH166HI,11.0,3,3,2,Lost,0.0,0.5330897647929472,49.0,49.0,2017-05,2017,5
2017-06-10,20170610,20170408,20170610,BK85705L,46.0,24,1,4,Won,595.0,0.9613678195476638,63.0,63.0,2017-06,2017,6
2017-04-16,20170416,20170408,20170416,77MKNCO3,44.0,24,5,4,Won,5848.0,1.0,8.0,8.0,2017-04,2017,4
2017-04-09,20170409,20170408,20170409,OB7TAJOZ,22.0,33,1,2,Lost,0.0,0.06943316114520195,1.0,1.0,2017-04,2017,4
2017-04-13,20170413,20170408,20170413,DU0E2LMZ,54.0,33,3,2,Lost,0.0,0.37284386940335923,5.0,5.0,2017-04,2017,4
2017-04-17,20170417,20170408,20170417,1B4CL153,77.0,33,5,4,Won,5884.0,1.0,9.0,9.0,2017-04,2017,4
2017-06-02,20170602,20170409,20170602,93X2W24Q,3.0,1,4,4,Won,3666.0,0.9999999999989257,54.0,54.0,2017-06,2017,6
2017-04-18,20170418,20170409,20170418,U0E9CRX5,81.0,22,1,2,Lost,0.0,0.07834026307461849,9.0,9.0,2017-04,2017,4
2017-04-20,20170420,20170409,20170420,I7KV29LC,44.0,19,1,4,Won,598.0,0.962631496650805,11.0,11.0,2017-04,2017,4
2017-04-16,20170416,20170409,20170416,NNM6GN1J,37.0,19,4,4,Won,3275.0,0.999999999941019,7.0,7.0,2017-04,2017,4
2017-04-10,20170410,20170409,20170410,D1UDLFVY,25.0,2,1,2,Lost,0.0,0.07478979354260863,1.0,1.0,2017-04,2017,4
2017-04-18,20170418,20170409,20170418,M8WP93D4,39.0,2,1,2,Lost,0.0,0.09024468930156593,9.0,9.0,2017-04,2017,4
2017-04-20,20170420,20170409,20170420,3GPAFD3X,85.0,2,3,2,Lost,0.0,0.3661221817960969,11.0,11.0,2017-04,2017,4
2017-05-30,20170530,20170409,20170530,XUQ7RS1Q,2.0,18,2,2,Lost,0.0,0.0033096995487328943,51.0,51.0,2017-05,2017,5
2017-04-18,20170418,20170409,20170418,UFGI9P05,59.0,10,2,4,Won,4978.0,1.0,9.0,9.0,2017-04,2017,4
2017-05-29,20170529,20170409,20170529,RDQZ245F,14.0,28,3,4,Won,56.0,0.7898697616150786,50.0,50.0,2017-05,2017,5
2017-04-14,20170414,20170409,20170414,JA2CDNVM,38.0,8,4,4,Won,3077.0,0.9999999996656521,5.0,5.0,2017-04,2017,4
2017-04-17,20170417,20170409,20170417,R0XAJA2I,36.0,26,6,4,Won,974.0,0.9875609378094825,8.0,8.0,2017-04,2017,4
2017-04-10,20170410,20170409,20170410,BU1B6PHK,10.0,32,6,4,Won,915.0,0.9817864651587891,1.0,1.0,2017-04,2017,4
2017-08-12,20170812,20170409,20170812,C3918FWQ,64.0,31,6,2,Lost,0.0,0.01982519013337512,125.0,125.0,2017-08,2017,8
2017-04-16,20170416,20170409,20170416,8GBXTWXE,6.0,31,4,2,Lost,0.0,0.0029172129443985977,7.0,7.0,2017-04,2017,4
2017-06-20,20170620,20170409,20170620,Z29AX2KB,12.0,31,6,4,Won,983.0,0.9922783699702057,72.0,72.0,2017-06,2017,6
2017-04-10,20170410,20170409,20170410,E733YMVH,38.0,7,6,4,Won,1204.0,0.9984360994420609,1.0,1.0,2017-04,2017,4
2017-04-16,20170416,20170409,20170416,Y35ES8UY,12.0,5,5,2,Lost,0.0,0.005732960401057524,7.0,7.0,2017-04,2017,4
2017-04-10,20170410,20170409,20170410,QDRYCR05,45.0,9,6,4,Won,970.0,0.977568205380479,1.0,1.0,2017-04,2017,4
2017-04-16,20170416,20170409,20170416,TYWS7KJR,2.0,21,1,4,Won,575.0,0.9524067857344213,7.0,7.0,2017-04,2017,4
2017-06-18,20170618,20170409,20170618,X22G55Y5,26.0,14,5,4,Won,5986.0,1.0,70.0,70.0,2017-06,2017,6
2017-04-21,20170421,20170409,20170421,X7FZMKZW,23.0,3,6,2,Lost,0.0,0.010532780558043419,12.0,12.0,2017-04,2017,4
2017-06-16,20170616,20170409,20170616,72WE0PUH,58.0,24,3,4,Won,64.0,0.7836730945060965,68.0,68.0,2017-06,2017,6
2017-04-15,20170415,20170409,20170415,HLGGWYP1,61.0,33,1,2,Lost,0.0,0.11149486708967524,6.0,6.0,2017-04,2017,4
2017-06-26,20170626,20170409,20170626,RU3OP2BA,41.0,33,4,4,Won,3070.0,0.9999999996565192,78.0,78.0,2017-06,2017,6
2017-04-11,20170411,20170410,20170411,YXOM4S7G,23.0,1,3,2,Lost,0.0,0.5064175765773005,1.0,1.0,2017-04,2017,4
2017-04-11,20170411,20170410,20170411,JPH5WS60,37.0,22,1,2,Lost,0.0,0.07967497609718358,1.0,1.0,2017-04,2017,4
2017-04-17,20170417,20170410,20170417,O1TDG6YN,49.0,19,6,2,Lost,0.0,0.010167103158823293,7.0,7.0,2017-04,2017,4
2017-04-20,20170420,20170410,20170420,4INFXLM5,57.0,2,3,2,Lost,0.0,0.6359267070735768,10.0,10.0,2017-04,2017,4
2017-04-18,20170418,20170410,20170418,LIZMTGH2,39.0,2,4,4,Won,3409.0,0.9999999999851679,8.0,8.0,2017-04,2017,4
2017-06-11,20170611,20170410,20170611,04LU4OPA,1.0,18,5,4,Won,5721.0,1.0,62.0,62.0,2017-06,2017,6
2017-06-28,20170628,20170410,20170628,T1I8GE75,26.0,18,2,4,Won,5039.0,1.0,79.0,79.0,2017-06,2017,6
2017-04-11,20170411,20170410,20170411,2HU581DM,78.0,18,2,4,Won,5000.0,1.0,1.0,1.0,2017-04,2017,4
2017-04-18,20170418,20170410,20170418,75S7S74S,36.0,10,1,2,Lost,0.0,0.08643174778788701,8.0,8.0,2017-04,2017,4
2017-04-18,20170418,20170410,20170418,VTVF5TBV,11.0,10,2,2,Lost,0.0,0.0025733052684999047,8.0,8.0,2017-04,2017,4
2017-04-16,20170416,20170410,20170416,6AC2ATXU,30.0,10,5,4,Won,4955.0,1.0,6.0,6.0,2017-04,2017,4
2017-04-17,20170417,20170410,20170417,F4J6AVPQ,12.0,10,2,4,Won,5065.0,1.0,7.0,7.0,2017-04,2017,4
2017-04-17,20170417,20170410,20170417,NFTSU7RW,29.0,10,2,4,Won,4343.0,0.9999999999999956,7.0,7.0,2017-04,2017,4
2017-04-20,20170420,20170410,20170420,NCUXZU3S,66.0,10,2,4,Won,3892.0,0.9999999999999252,10.0,10.0,2017-04,2017,4
2017-04-20,20170420,20170410,20170420,YGNVLLUR,76.0,8,1,2,Lost,0.0,0.0977367662390904,10.0,10.0,2017-04,2017,4
2017-04-11,20170411,20170410,20170411,O08NQM1J,10.0,30,4,2,Lost,0.0,0.003978108844178874,1.0,1.0,2017-04,2017,4
2017-06-27,20170627,20170410,20170627,5OJ4IRW4,13.0,6,6,4,Won,1115.0,0.9974055009804772,78.0,78.0,2017-06,2017,6
2017-04-16,20170416,20170410,20170416,ZLY8SZXO,42.0,32,1,4,Won,533.0,0.9194654158959175,6.0,6.0,2017-04,2017,4
2017-04-13,20170413,20170410,20170413,DCC85LZO,10.0,32,6,4,Won,1290.0,0.9993723692166812,3.0,3.0,2017-04,2017,4
2017-04-12,20170412,20170410,20170412,ZVWUL0LL,36.0,31,1,2,Lost,0.0,0.08078374609874384,2.0,2.0,2017-04,2017,4
2017-06-13,20170613,20170410,20170613,4R5LIB5F,33.0,31,6,2,Lost,0.0,0.012353081176672338,64.0,64.0,2017-06,2017,6
2017-04-12,20170412,20170410,20170412,P010EEZF,19.0,4,3,2,Lost,0.0,0.5119578920036203,2.0,2.0,2017-04,2017,4
2017-06-02,20170602,20170410,20170602,7AL9GWK6,11.0,4,6,4,Won,1047.0,0.9868824604542209,53.0,53.0,2017-06,2017,6
2017-04-18,20170418,20170410,20170418,RHXY2M2W,30.0,4,3,4,Won,47.0,0.6278894165581332,8.0,8.0,2017-04,2017,4
2017-04-21,20170421,20170410,20170421,R7SESFM0,12.0,7,1,2,Lost,0.0,0.1493407828325668,11.0,11.0,2017-04,2017,4
2017-06-09,20170609,20170410,20170609,X501NN9P,57.0,7,2,4,Won,4413.0,0.9999999999999993,60.0,60.0,2017-06,2017,6
2017-06-26,20170626,20170410,20170626,AUDYTWRK,36.0,34,6,4,Won,950.0,0.9847578890193064,77.0,77.0,2017-06,2017,6
2017-04-16,20170416,20170410,20170416,EUKD4Z0V,56.0,21,2,2,Lost,0.0,0.005533368768241612,6.0,6.0,2017-04,2017,4
2017-04-20,20170420,20170410,20170420,KPUHKYWU,71.0,21,2,4,Won,4136.0,0.9999999999999836,10.0,10.0,2017-04,2017,4
2017-04-18,20170418,20170410,20170418,B0KF3NFK,60.0,3,3,4,Won,62.0,0.7754174416424372,8.0,8.0,2017-04,2017,4
2017-04-18,20170418,20170410,20170418,70M5V003,41.0,24,3,2,Lost,0.0,0.47820994382182874,8.0,8.0,2017-04,2017,4
2017-04-11,20170411,20170410,20170411,OC66D0JA,32.0,33,1,4,Won,467.0,0.8740563802021788,1.0,1.0,2017-04,2017,4
2017-06-11,20170611,20170411,20170611,KE7SZLG7,27.0,22,6,4,Won,1075.0,0.9952863235600874,61.0,61.0,2017-06,2017,6
2017-04-19,20170419,20170411,20170419,XYZ39YT2,3.0,2,3,2,Lost,0.0,0.5270368964067204,8.0,8.0,2017-04,2017,4
2017-04-13,20170413,20170411,20170413,O4LNS6IC,52.0,18,3,4,Won,52.0,0.6712656780355843,2.0,2.0,2017-04,2017,4
2017-04-19,20170419,20170411,20170419,UKIM9XIZ,38.0,10,2,2,Lost,0.0,0.0035341969511377062,8.0,8.0,2017-04,2017,4
2017-04-12,20170412,20170411,20170412,5Z0ACVAM,38.0,10,2,2,Lost,0.0,0.003394318504067376,1.0,1.0,2017-04,2017,4
2017-04-18,20170418,20170411,20170418,DIAR4IM7,12.0,10,2,4,Won,4837.0,1.0,7.0,7.0,2017-04,2017,4
2017-04-18,20170418,20170411,20170418,30YWHJV8,56.0,20,6,2,Lost,0.0,0.008801487456328434,7.0,7.0,2017-04,2017,4
2017-06-22,20170622,20170411,20170622,ABXW1X4U,22.0,28,1,2,Lost,0.0,0.11220871965597258,72.0,72.0,2017-06,2017,6
2017-04-13,20170413,20170411,20170413,SZ1H1L8I,77.0,28,6,4,Won,1163.0,0.9949395177893102,2.0,2.0,2017-04,2017,4
2017-04-21,20170421,20170411,20170421,IR03B656,60.0,8,1,2,Lost,0.0,0.11961463763279886,10.0,10.0,2017-04,2017,4
2017-06-10,20170610,20170411,20170610,6NZROTHF,58.0,30,5,2,Lost,0.0,0.009073464035834573,60.0,60.0,2017-06,2017,6
2017-04-13,20170413,20170411,20170413,IFIIB8Y6,44.0,32,1,2,Lost,0.0,0.11990116265273686,2.0,2.0,2017-04,2017,4
2017-04-13,20170413,20170411,20170413,R2CS85YJ,34.0,31,1,2,Lost,0.0,0.0729824842109578,2.0,2.0,2017-04,2017,4
2017-04-18,20170418,20170411,20170418,8EAINY61,64.0,31,1,2,Lost,0.0,0.10501205272992394,7.0,7.0,2017-04,2017,4
2017-04-18,20170418,20170411,20170418,T23MHC9C,17.0,31,1,4,Won,568.0,0.9381932163071619,7.0,7.0,2017-04,2017,4
2017-06-19,20170619,20170411,20170619,D30QC4EE,58.0,31,2,4,Won,5063.0,1.0,69.0,69.0,2017-06,2017,6
2017-04-21,20170421,20170411,20170421,JHIX3ODA,15.0,5,4,2,Lost,0.0,0.002537575739971965,10.0,10.0,2017-04,2017,4
2017-06-06,20170606,20170411,20170606,BPUE8GTU,60.0,5,3,4,Won,46.0,0.7285632461620292,56.0,56.0,2017-06,2017,6
2017-04-12,20170412,20170411,20170412,2DOJKFNW,15.0,9,4,2,Lost,0.0,0.0019368610064654898,1.0,1.0,2017-04,2017,4
2017-04-12,20170412,20170411,20170412,0PSKGNYE,30.0,9,1,4,Won,504.0,0.9079375477735656,1.0,1.0,2017-04,2017,4
2017-04-13,20170413,20170411,20170413,J75N0QYA,30.0,9,3,4,Won,55.0,0.6532309823209954,2.0,2.0,2017-04,2017,4
2017-06-17,20170617,20170411,20170617,SDS8SAZC,35.0,25,2,4,Won,4760.0,1.0,67.0,67.0,2017-06,2017,6
2017-04-21,20170421,20170411,20170421,1426E8W6,9.0,3,1,2,Lost,0.0,0.12803348475875703,10.0,10.0,2017-04,2017,4
2017-04-18,20170418,20170411,20170418,3BFBN8JW,25.0,3,4,2,Lost,0.0,0.002984565739127667,7.0,7.0,2017-04,2017,4
2017-06-21,20170621,20170411,20170621,W1GERPB9,21.0,24,2,4,Won,4653.0,0.9999999999999998,71.0,71.0,2017-06,2017,6
2017-04-22,20170422,20170411,20170422,922DHXBA,53.0,12,3,2,Lost,0.0,0.4645416165196868,11.0,11.0,2017-04,2017,4
2017-04-12,20170412,20170411,20170412,L36WU4AH,48.0,12,3,4,Won,55.0,0.6447995238393772,1.0,1.0,2017-04,2017,4
2017-04-18,20170418,20170412,20170418,2K8H292S,60.0,1,1,2,Lost,0.0,0.15397191386668538,6.0,6.0,2017-04,2017,4
2017-04-22,20170422,20170412,20170422,XNHGOHPW,44.0,22,4,4,Won,3223.0,0.9999999999389086,10.0,10.0,2017-04,2017,4
2017-04-17,20170417,20170412,20170417,GAM8C5ET,2.0,19,5,2,Lost,0.0,0.003686916114809892,5.0,5.0,2017-04,2017,4
2017-04-19,20170419,20170412,20170419,BHT7UEDJ,81.0,19,1,4,Won,553.0,0.9183329946282842,7.0,7.0,2017-04,2017,4
2017-04-14,20170414,20170412,20170414,7PAVX9CP,27.0,19,6,4,Won,1114.0,0.9954103169871107,2.0,2.0,2017-04,2017,4
2017-04-20,20170420,20170412,20170420,IVW8MQGN,15.0,2,4,4,Won,3785.0,0.9999999999994711,8.0,8.0,2017-04,2017,4
2017-04-14,20170414,20170412,20170414,1VHUPB8X,68.0,10,6,2,Lost,0.0,0.011900250872913016,2.0,2.0,2017-04,2017,4
2017-06-28,20170628,20170412,20170628,G5FN7I7T,30.0,10,4,2,Lost,0.0,0.006661805974158234,77.0,77.0,2017-06,2017,6
2017-04-13,20170413,20170412,20170413,OHVPXBSR,80.0,20,2,4,Won,5316.0,1.0,1.0,1.0,2017-04,2017,4
2017-04-16,20170416,20170412,20170416,GHY9QZKG,32.0,26,3,2,Lost,0.0,0.6509240821144157,4.0,4.0,2017-04,2017,4
2017-04-24,20170424,20170412,20170424,M9RGVU1F,9.0,6,2,2,Lost,0.0,0.0047829843168904216,12.0,12.0,2017-04,2017,4
2017-06-23,20170623,20170412,20170623,JBBJL4C2,19.0,6,1,4,Won,531.0,0.9624101160198644,72.0,72.0,2017-06,2017,6
2017-06-16,20170616,20170412,20170616,HMI6RBK9,57.0,6,1,4,Won,544.0,0.9642192476307988,65.0,65.0,2017-06,2017,6
2017-04-13,20170413,20170412,20170413,2EKGLB0Q,79.0,32,1,4,Won,478.0,0.8950635857258733,1.0,1.0,2017-04,2017,4
2017-04-22,20170422,20170412,20170422,NBYPJR21,24.0,32,2,4,Won,5672.0,1.0,10.0,10.0,2017-04,2017,4
2017-04-19,20170419,20170412,20170419,HYPZOTY8,32.0,32,3,4,Won,51.0,0.7416450037601395,7.0,7.0,2017-04,2017,4
2017-04-19,20170419,20170412,20170419,31I0SB7T,44.0,32,4,4,Won,3141.0,0.9999999998837015,7.0,7.0,2017-04,2017,4
2017-04-13,20170413,20170412,20170413,UIDAJBAI,17.0,31,2,2,Lost,0.0,0.003131816621927025,1.0,1.0,2017-04,2017,4
2017-04-16,20170416,20170412,20170416,VO3C2LE4,34.0,31,3,2,Lost,0.0,0.46221573284238576,4.0,4.0,2017-04,2017,4
2017-04-13,20170413,20170412,20170413,UC7JT39Q,31.0,27,3,2,Lost,0.0,0.3693989918679575,1.0,1.0,2017-04,2017,4
2017-04-13,20170413,20170412,20170413,F1LLBOUV,11.0,7,6,2,Lost,0.0,0.009080515442549505,1.0,1.0,2017-04,2017,4
2017-04-14,20170414,20170412,20170414,7H9J8W50,36.0,7,5,2,Lost,0.0,0.005238018129558095,2.0,2.0,2017-04,2017,4
2017-04-22,20170422,20170412,20170422,8O03S3U3,13.0,5,5,2,Lost,0.0,0.004506281114128662,10.0,10.0,2017-04,2017,4
2017-06-21,20170621,20170412,20170621,TGQN6HTN,42.0,21,5,4,Won,5393.0,1.0,70.0,70.0,2017-06,2017,6
2017-04-19,20170419,20170412,20170419,CPJK2600,67.0,3,3,2,Lost,0.0,0.4400698990519428,7.0,7.0,2017-04,2017,4
2017-04-19,20170419,20170412,20170419,TLXS1NB8,33.0,24,5,2,Lost,0.0,0.004390816821228422,7.0,7.0,2017-04,2017,4
2017-06-06,20170606,20170412,20170606,TRR34NSR,36.0,24,1,4,Won,638.0,0.9716501733445276,55.0,55.0,2017-06,2017,6
2017-04-23,20170423,20170412,20170423,F2KINGVU,41.0,24,3,4,Won,50.0,0.5938821608864017,11.0,11.0,2017-04,2017,4
2017-04-18,20170418,20170412,20170418,Q169CIK6,5.0,12,4,2,Lost,0.0,0.003634167618823181,6.0,6.0,2017-04,2017,4
2017-04-22,20170422,20170412,20170422,1QWG9VM6,35.0,33,2,4,Won,4272.0,0.9999999999999911,10.0,10.0,2017-04,2017,4
2017-04-15,20170415,20170413,20170415,8OHCCD42,4.0,1,6,2,Lost,0.0,0.012680521068201264,2.0,2.0,2017-04,2017,4
2017-04-15,20170415,20170413,20170415,QBCK25DV,38.0,1,3,4,Won,58.0,0.6800754145391189,2.0,2.0,2017-04,2017,4
2017-04-14,20170414,20170413,20170414,8IEVY30X,52.0,22,6,4,Won,1088.0,0.9961016045291996,1.0,1.0,2017-04,2017,4
2017-04-23,20170423,20170413,20170423,6444O6DK,18.0,13,1,2,Lost,0.0,0.15438023088668074,10.0,10.0,2017-04,2017,4
2017-04-18,20170418,20170413,20170418,GNL7T2JP,63.0,13,2,2,Lost,0.0,0.0043657490221884,5.0,5.0,2017-04,2017,4
2017-04-20,20170420,20170413,20170420,V9YR14KW,56.0,18,1,2,Lost,0.0,0.09558818180540754,7.0,7.0,2017-04,2017,4
2017-05-13,20170513,20170413,20170513,24LP4J8U,42.0,18,2,2,Lost,0.0,0.002845328384720729,30.0,30.0,2017-05,2017,5
2017-04-20,20170420,20170413,20170420,37LTMWB0,3.0,10,1,2,Lost,0.0,0.08535976007287317,7.0,7.0,2017-04,2017,4
2017-04-14,20170414,20170413,20170414,8BH9RNZI,29.0,10,2,2,Lost,0.0,0.002306409852085759,1.0,1.0,2017-04,2017,4
2017-04-19,20170419,20170413,20170419,2ZU519Y6,16.0,10,6,4,Won,1327.0,0.9993574632928285,6.0,6.0,2017-04,2017,4
2017-06-27,20170627,20170413,20170627,ZESI2PFU,19.0,10,6,4,Won,923.0,0.9884041192665862,75.0,75.0,2017-06,2017,6
2017-04-23,20170423,20170413,20170423,X8T4XLTY,62.0,10,6,4,Won,1058.0,0.9918052385904069,10.0,10.0,2017-04,2017,4
2017-04-21,20170421,20170413,20170421,OS2CD01K,68.0,10,5,4,Won,5220.0,1.0,8.0,8.0,2017-04,2017,4
2017-04-19,20170419,20170413,20170419,JNKDEAG9,12.0,8,5,2,Lost,0.0,0.005581992163813896,6.0,6.0,2017-04,2017,4
2017-04-22,20170422,20170413,20170422,7MGVL7FC,59.0,8,3,4,Won,55.0,0.6862163401486522,9.0,9.0,2017-04,2017,4
2017-04-20,20170420,20170413,20170420,IFJ2AE9R,14.0,26,4,2,Lost,0.0,0.007372088746903281,7.0,7.0,2017-04,2017,4
2017-06-23,20170623,20170413,20170623,HEDUIEUN,35.0,26,3,4,Won,62.0,0.7213326812136515,71.0,71.0,2017-06,2017,6
2017-04-20,20170420,20170413,20170420,D3OST43E,31.0,30,6,4,Won,996.0,0.9867943428138511,7.0,7.0,2017-04,2017,4
2017-06-09,20170609,20170413,20170609,9537WTHG,58.0,32,1,2,Lost,0.0,0.17718257033031426,57.0,57.0,2017-06,2017,6
2017-04-22,20170422,20170413,20170422,6PMHI9G4,36.0,32,1,4,Won,543.0,0.9373435353619299,9.0,9.0,2017-04,2017,4
2017-04-19,20170419,20170413,20170419,H3ITKE4I,35.0,31,2,2,Lost,0.0,0.002847595393553873,6.0,6.0,2017-04,2017,4
2017-04-21,20170421,20170413,20170421,4RPUMZ9M,79.0,31,2,2,Lost,0.0,0.0034524914262432185,8.0,8.0,2017-04,2017,4
2017-08-16,20170816,20170413,20170816,U9RFE81I,76.0,5,3,2,Lost,0.0,0.656963469406126,125.0,125.0,2017-08,2017,8
2017-06-16,20170616,20170413,20170616,4T2XENE2,62.0,9,6,2,Lost,0.0,0.0079381949690503,64.0,64.0,2017-06,2017,6
2017-05-26,20170526,20170413,20170526,LIFA0JYO,23.0,3,3,2,Lost,0.0,0.5536148573964449,43.0,43.0,2017-05,2017,5
2017-04-22,20170422,20170413,20170422,JQ8V4I1K,4.0,3,3,4,Won,56.0,0.692323479672068,9.0,9.0,2017-04,2017,4
2017-04-20,20170420,20170413,20170420,N5CCEEOY,42.0,24,5,2,Lost,0.0,0.003601603344656912,7.0,7.0,2017-04,2017,4
2017-04-23,20170423,20170413,20170423,C0SNGBJU,6.0,24,4,2,Lost,0.0,0.0030138438617116174,10.0,10.0,2017-04,2017,4
2017-06-10,20170610,20170413,20170610,VN6JB8HU,69.0,12,6,4,Won,1145.0,0.9972900863962958,58.0,58.0,2017-06,2017,6
2017-04-26,20170426,20170413,20170426,JK4IB77I,63.0,16,2,2,Lost,0.0,0.00460824063561904,13.0,13.0,2017-04,2017,4
2017-04-19,20170419,20170414,20170419,XMEYATKB,82.0,19,5,2,Lost,0.0,0.005701833733750458,5.0,5.0,2017-04,2017,4
2017-04-22,20170422,20170414,20170422,IUDDK8Q0,7.0,19,2,2,Lost,0.0,0.0027812444834976074,8.0,8.0,2017-04,2017,4
2017-04-19,20170419,20170414,20170419,YQXAY03C,74.0,19,4,2,Lost,0.0,0.002101558847080738,5.0,5.0,2017-04,2017,4
2017-04-23,20170423,20170414,20170423,QKQ5N9Z1,48.0,13,6,4,Won,1033.0,0.9921336752716158,9.0,9.0,2017-04,2017,4
2017-04-20,20170420,20170414,20170420,RZRRMWTH,71.0,18,4,2,Lost,0.0,0.00250351589534932,6.0,6.0,2017-04,2017,4
2017-04-15,20170415,20170414,20170415,JS9SCCJ3,30.0,10,6,2,Lost,0.0,0.015163627650838925,1.0,1.0,2017-04,2017,4
2017-04-16,20170416,20170414,20170416,WOBZWEPI,73.0,10,2,2,Lost,0.0,0.0038035787481824354,2.0,2.0,2017-04,2017,4
2017-08-14,20170814,20170414,20170814,HBIQF55L,9.0,10,2,4,Won,4359.0,0.9999999999999987,122.0,122.0,2017-08,2017,8
2017-06-02,20170602,20170414,20170602,V5XB0UPL,76.0,10,2,4,Won,4575.0,0.9999999999999998,49.0,49.0,2017-06,2017,6
2017-04-22,20170422,20170414,20170422,QW9JMUTD,23.0,10,3,4,Won,53.0,0.5867679308958076,8.0,8.0,2017-04,2017,4
2017-04-16,20170416,20170414,20170416,7ODLTF4W,41.0,28,1,4,Won,597.0,0.9443945856010609,2.0,2.0,2017-04,2017,4
2017-06-16,20170616,20170414,20170616,RUCPPMPY,83.0,28,4,4,Won,3179.0,0.9999999999188696,63.0,63.0,2017-06,2017,6
2017-06-16,20170616,20170414,20170616,SJHD5TFA,29.0,8,1,2,Lost,0.0,0.06959767508467712,63.0,63.0,2017-06,2017,6
2017-04-15,20170415,20170414,20170415,2B0QVPBT,66.0,8,3,4,Won,57.0,0.7787321526863994,1.0,1.0,2017-04,2017,4
2017-04-15,20170415,20170414,20170415,YIZ1VQ3U,36.0,26,4,2,Lost,0.0,0.003668065210888191,1.0,1.0,2017-04,2017,4
2017-04-24,20170424,20170414,20170424,FMNSL9TP,61.0,26,4,4,Won,2997.0,0.9999999997162183,10.0,10.0,2017-04,2017,4
2017-05-29,20170529,20170414,20170529,8ZU8D508,22.0,30,1,4,Won,545.0,0.945772267468442,45.0,45.0,2017-05,2017,5
2017-04-25,20170425,20170414,20170425,NVDVFYGE,85.0,6,1,4,Won,565.0,0.8960797079635202,11.0,11.0,2017-04,2017,4
2017-04-24,20170424,20170414,20170424,QQH0YV1W,73.0,6,3,4,Won,54.0,0.6844182890861114,10.0,10.0,2017-04,2017,4
2017-04-15,20170415,20170414,20170415,IUNX2OMX,41.0,32,1,2,Lost,0.0,0.09021929544869327,1.0,1.0,2017-04,2017,4
2017-04-21,20170421,20170414,20170421,6WODV6KD,70.0,32,2,4,Won,4991.0,1.0,7.0,7.0,2017-04,2017,4
2017-04-19,20170419,20170414,20170419,RTZFPWVN,36.0,34,5,2,Lost,0.0,0.003973723795534023,5.0,5.0,2017-04,2017,4
2017-04-16,20170416,20170414,20170416,VYDCTUAU,6.0,34,4,2,Lost,0.0,0.0027306265444669866,2.0,2.0,2017-04,2017,4
2017-06-16,20170616,20170414,20170616,KYFONJP5,63.0,14,2,4,Won,5546.0,1.0,63.0,63.0,2017-06,2017,6
2017-04-20,20170420,20170414,20170420,ANXSK3QV,36.0,24,3,4,Won,59.0,0.6262920865431101,6.0,6.0,2017-04,2017,4
2017-04-23,20170423,20170415,20170423,7I6OHUE4,67.0,1,6,2,Lost,0.0,0.007716678163227429,8.0,8.0,2017-04,2017,4
2017-04-20,20170420,20170415,20170420,AY9NWO78,67.0,1,3,2,Lost,0.0,0.4385100024848913,5.0,5.0,2017-04,2017,4
2017-04-16,20170416,20170415,20170416,BEP06EN5,67.0,1,5,4,Won,5082.0,1.0,1.0,1.0,2017-04,2017,4
2017-04-24,20170424,20170415,20170424,8H95X3AP,40.0,22,5,4,Won,5293.0,1.0,9.0,9.0,2017-04,2017,4
2017-06-27,20170627,20170415,20170627,P7LVKDC9,36.0,2,6,4,Won,1163.0,0.9980410967659787,73.0,73.0,2017-06,2017,6
2017-04-16,20170416,20170415,20170416,QRVHBQSF,26.0,20,3,4,Won,49.0,0.42924515806603963,1.0,1.0,2017-04,2017,4
2017-05-01,20170501,20170415,20170501,8KH8XJRE,18.0,15,3,4,Won,53.0,0.7419850435360015,16.0,16.0,2017-05,2017,5
2017-04-16,20170416,20170415,20170416,YZ4AIQQR,3.0,8,4,2,Lost,0.0,0.002594044857286566,1.0,1.0,2017-04,2017,4
2017-06-12,20170612,20170415,20170612,R8CW1D6X,30.0,8,4,2,Lost,0.0,0.005284508541944582,58.0,58.0,2017-06,2017,6
2017-04-24,20170424,20170415,20170424,68KYNPDQ,47.0,26,6,2,Lost,0.0,0.009497304678596547,9.0,9.0,2017-04,2017,4
2017-04-21,20170421,20170415,20170421,9B0HGLRU,21.0,32,1,2,Lost,0.0,0.0799915270822472,6.0,6.0,2017-04,2017,4
2017-08-07,20170807,20170415,20170807,TN59K8NP,70.0,31,1,2,Lost,0.0,0.12882649170677363,114.0,114.0,2017-08,2017,8
2017-04-17,20170417,20170415,20170417,3OBMD08T,11.0,5,4,2,Lost,0.0,0.0020626248824573497,2.0,2.0,2017-04,2017,4
2017-05-19,20170519,20170415,20170519,5FWBETTO,23.0,3,4,4,Won,3641.0,0.9999999999983373,34.0,34.0,2017-05,2017,5
2017-04-17,20170417,20170415,20170417,UDTQF84C,12.0,12,1,2,Lost,0.0,0.12746646667296974,2.0,2.0,2017-04,2017,4
2017-05-23,20170523,20170415,20170523,35IRGXY3,12.0,33,1,4,Won,501.0,0.9154919845116335,38.0,38.0,2017-05,2017,5
2017-04-20,20170420,20170415,20170420,YHRVQVPV,44.0,33,5,4,Won,4687.0,0.9999999999999998,5.0,5.0,2017-04,2017,4
2017-06-23,20170623,20170416,20170623,0PGJNCD7,15.0,1,1,4,Won,626.0,0.9737815789970147,68.0,68.0,2017-06,2017,6
2017-08-03,20170803,20170416,20170803,7X7YIWJO,23.0,1,1,4,Won,489.0,0.9226496373210488,109.0,109.0,2017-08,2017,8
2017-04-27,20170427,20170416,20170427,2IO3IJPO,82.0,19,2,4,Won,4852.0,1.0,11.0,11.0,2017-04,2017,4
2017-06-28,20170628,20170416,20170628,WCSJBX3N,76.0,2,4,2,Lost,0.0,0.005716604951004291,73.0,73.0,2017-06,2017,6
2017-06-06,20170606,20170416,20170606,FCNYDFK3,8.0,18,6,4,Won,1192.0,0.9986195908403318,51.0,51.0,2017-06,2017,6
2017-04-17,20170417,20170416,20170417,3Y26MZHI,18.0,18,2,4,Won,5104.0,1.0,1.0,1.0,2017-04,2017,4
2017-08-09,20170809,20170416,20170809,P0BMLVSL,11.0,10,2,4,Won,5820.0,1.0,115.0,115.0,2017-08,2017,8
2017-08-05,20170805,20170416,20170805,QK5BW61U,1.0,20,4,4,Won,3012.0,0.9999999991473949,111.0,111.0,2017-08,2017,8
2017-04-22,20170422,20170416,20170422,J3SZACNW,69.0,15,5,2,Lost,0.0,0.0041253905894632955,6.0,6.0,2017-04,2017,4
2017-04-18,20170418,20170416,20170418,5SNTPPOV,49.0,15,2,2,Lost,0.0,0.0034889557908832974,2.0,2.0,2017-04,2017,4
2017-04-23,20170423,20170416,20170423,D7F2AWWW,44.0,15,2,4,Won,3930.0,0.9999999999998976,7.0,7.0,2017-04,2017,4
2017-04-22,20170422,20170416,20170422,FUL5V96O,16.0,8,6,4,Won,1055.0,0.9916661474932342,6.0,6.0,2017-04,2017,4
2017-04-22,20170422,20170416,20170422,BWIWI1PC,6.0,26,4,2,Lost,0.0,0.0037422056940119887,6.0,6.0,2017-04,2017,4
2017-04-24,20170424,20170416,20170424,GYBIACTC,62.0,6,1,4,Won,538.0,0.9203694243550113,8.0,8.0,2017-04,2017,4
2017-04-23,20170423,20170416,20170423,VD6BP6T2,16.0,6,3,4,Won,68.0,0.6786540062389912,7.0,7.0,2017-04,2017,4
2017-04-23,20170423,20170416,20170423,QA9XE19H,51.0,31,4,2,Lost,0.0,0.004342878703749138,7.0,7.0,2017-04,2017,4
2017-04-28,20170428,20170416,20170428,8ZYPSX66,51.0,34,1,4,Won,572.0,0.9579517249870424,12.0,12.0,2017-04,2017,4
2017-04-24,20170424,20170416,20170424,0AN86YDG,34.0,34,6,4,Won,1234.0,0.9981867014060704,8.0,8.0,2017-04,2017,4
2017-04-18,20170418,20170416,20170418,VKXZ36VE,59.0,5,1,2,Lost,0.0,0.10806997752757706,2.0,2.0,2017-04,2017,4
2017-04-17,20170417,20170416,20170417,OJYFSZ2O,39.0,3,3,2,Lost,0.0,0.5283753702763678,1.0,1.0,2017-04,2017,4
2017-05-04,20170504,20170416,20170504,YGL1F8K1,55.0,24,3,4,Won,56.0,0.5362940340122135,18.0,18.0,2017-05,2017,5
2017-05-03,20170503,20170416,20170503,C1WGTTYF,81.0,12,3,2,Lost,0.0,0.48452656371994435,17.0,17.0,2017-05,2017,5
2017-04-25,20170425,20170416,20170425,1OZWGQK9,17.0,33,3,2,Lost,0.0,0.4411786421335757,9.0,9.0,2017-04,2017,4
2017-04-26,20170426,20170417,20170426,EXICVP8C,76.0,1,3,4,Won,52.0,0.7178194999951231,9.0,9.0,2017-04,2017,4
2017-04-24,20170424,20170417,20170424,DLXFY70W,11.0,1,4,4,Won,3668.0,0.9999999999983746,7.0,7.0,2017-04,2017,4
2017-04-19,20170419,20170417,20170419,GO7UM9AV,56.0,22,1,2,Lost,0.0,0.10565840456689742,2.0,2.0,2017-04,2017,4
2017-08-04,20170804,20170417,20170804,F5ITRBMX,84.0,22,4,4,Won,3138.0,0.9999999999208962,109.0,109.0,2017-08,2017,8
2017-04-19,20170419,20170417,20170419,8KFFRJSS,13.0,2,3,2,Lost,0.0,0.5509100703054517,2.0,2.0,2017-04,2017,4
2017-04-18,20170418,20170417,20170418,38VRB2P1,52.0,13,1,2,Lost,0.0,0.12454579975392856,1.0,1.0,2017-04,2017,4
2017-04-21,20170421,20170417,20170421,9CGD5QSZ,82.0,13,1,2,Lost,0.0,0.12266617255383848,4.0,4.0,2017-04,2017,4
2017-06-01,20170601,20170417,20170601,UPZRAO84,40.0,13,2,4,Won,5032.0,1.0,45.0,45.0,2017-06,2017,6
2017-04-20,20170420,20170417,20170420,BPCWRG9P,56.0,18,6,4,Won,1310.0,0.9993033881090925,3.0,3.0,2017-04,2017,4
2017-06-27,20170627,20170417,20170627,JE5085VJ,49.0,18,5,4,Won,5076.0,1.0,71.0,71.0,2017-06,2017,6
2017-06-19,20170619,20170417,20170619,P5MLWDXX,75.0,18,4,4,Won,3641.0,0.9999999999984541,63.0,63.0,2017-06,2017,6
2017-04-18,20170418,20170417,20170418,IJ7AUTVC,13.0,10,2,2,Lost,0.0,0.0036365687012580787,1.0,1.0,2017-04,2017,4
2017-04-25,20170425,20170417,20170425,84T104O7,76.0,10,6,4,Won,1170.0,0.9979091561846286,8.0,8.0,2017-04,2017,4
2017-05-01,20170501,20170417,20170501,0GXXCA37,16.0,10,2,4,Won,4226.0,0.9999999999999911,14.0,14.0,2017-05,2017,5
2017-04-18,20170418,20170417,20170418,9PCWAYWC,33.0,28,4,2,Lost,0.0,0.002878966511133836,1.0,1.0,2017-04,2017,4
2017-04-24,20170424,20170417,20170424,OJ0C7S3T,28.0,8,2,4,Won,4784.0,1.0,7.0,7.0,2017-04,2017,4
2017-04-25,20170425,20170417,20170425,3VMC6PGJ,22.0,26,6,2,Lost,0.0,0.013238136311651884,8.0,8.0,2017-04,2017,4
2017-04-19,20170419,20170417,20170419,E2MWXGNG,6.0,26,4,2,Lost,0.0,0.0036568590468952747,2.0,2.0,2017-04,2017,4
2017-08-12,20170812,20170417,20170812,QZ2E9TSL,31.0,30,4,2,Lost,0.0,0.0045924155245638705,117.0,117.0,2017-08,2017,8
2017-04-24,20170424,20170417,20170424,L3AYCTGW,32.0,30,2,4,Won,5451.0,1.0,7.0,7.0,2017-04,2017,4
2017-04-19,20170419,20170417,20170419,IZ02GW0R,22.0,32,1,4,Won,527.0,0.9307938734357748,2.0,2.0,2017-04,2017,4
2017-04-25,20170425,20170417,20170425,5AI9WG6M,79.0,31,5,2,Lost,0.0,0.004496084599811308,8.0,8.0,2017-04,2017,4
2017-04-19,20170419,20170417,20170419,Q1DFFYB5,79.0,31,5,2,Lost,0.0,0.004343263537961404,2.0,2.0,2017-04,2017,4
2017-04-18,20170418,20170417,20170418,XWZG5VPL,61.0,31,2,2,Lost,0.0,0.005453274008147559,1.0,1.0,2017-04,2017,4
2017-04-19,20170419,20170417,20170419,30FHAEJZ,21.0,31,5,4,Won,5408.0,1.0,2.0,2.0,2017-04,2017,4
2017-05-02,20170502,20170417,20170502,AZOXWEKL,13.0,4,6,2,Lost,0.0,0.007507824988348442,15.0,15.0,2017-05,2017,5
2017-04-24,20170424,20170417,20170424,2NKZR4IM,39.0,4,5,2,Lost,0.0,0.0027775625365025476,7.0,7.0,2017-04,2017,4
2017-06-23,20170623,20170417,20170623,3PPB3Q04,45.0,4,3,4,Won,48.0,0.5788711444694332,67.0,67.0,2017-06,2017,6
2017-04-24,20170424,20170417,20170424,610UUEAG,54.0,27,1,4,Won,527.0,0.8480903787739762,7.0,7.0,2017-04,2017,4
2017-04-23,20170423,20170417,20170423,FIYSM4E1,15.0,7,6,4,Won,1160.0,0.9973622491914818,6.0,6.0,2017-04,2017,4
2017-06-06,20170606,20170417,20170606,BCUR8B2A,38.0,9,1,4,Won,491.0,0.874313129962731,50.0,50.0,2017-06,2017,6
2017-04-19,20170419,20170417,20170419,8PGDRAH2,74.0,21,1,4,Won,555.0,0.9291624274670509,2.0,2.0,2017-04,2017,4
2017-04-27,20170427,20170417,20170427,G1C9IG0T,47.0,25,3,2,Lost,0.0,0.37916171982509067,10.0,10.0,2017-04,2017,4
2017-04-23,20170423,20170417,20170423,G4B4Z525,39.0,3,3,4,Won,62.0,0.6682825074141668,6.0,6.0,2017-04,2017,4
2017-04-26,20170426,20170417,20170426,J9SE3QJD,26.0,12,3,2,Lost,0.0,0.429459628773474,9.0,9.0,2017-04,2017,4
2017-04-25,20170425,20170417,20170425,JORFI81C,44.0,12,3,4,Won,56.0,0.6982579749801074,8.0,8.0,2017-04,2017,4
2017-04-23,20170423,20170417,20170423,GET2JILL,71.0,16,4,4,Won,3490.0,0.9999999999924607,6.0,6.0,2017-04,2017,4
2017-06-24,20170624,20170417,20170624,E3HJPDFZ,79.0,33,2,2,Lost,0.0,0.003503915478488066,68.0,68.0,2017-06,2017,6
2017-04-24,20170424,20170418,20170424,Q22714T0,3.0,1,3,2,Lost,0.0,0.5482885558116132,6.0,6.0,2017-04,2017,4
2017-04-25,20170425,20170418,20170425,FCGE8U5M,3.0,1,3,4,Won,51.0,0.6589077876553007,7.0,7.0,2017-04,2017,4
2017-06-20,20170620,20170418,20170620,ROQBT7TM,12.0,1,3,4,Won,54.0,0.7863799060211427,63.0,63.0,2017-06,2017,6
2017-04-27,20170427,20170418,20170427,WLFLY0BD,13.0,1,3,4,Won,56.0,0.6996910492106636,9.0,9.0,2017-04,2017,4
2017-05-27,20170527,20170418,20170527,8S649LDO,42.0,22,2,2,Lost,0.0,0.0034469198255444138,39.0,39.0,2017-05,2017,5
2017-08-04,20170804,20170418,20170804,JR7SC0S2,27.0,19,4,4,Won,3808.0,0.9999999999997089,108.0,108.0,2017-08,2017,8
2017-05-04,20170504,20170418,20170504,MFGCEDXE,80.0,13,5,2,Lost,0.0,0.007259055684914855,16.0,16.0,2017-05,2017,5
2017-05-03,20170503,20170418,20170503,Y9Y4TXD9,44.0,13,4,4,Won,3041.0,0.9999999996947411,15.0,15.0,2017-05,2017,5
2017-04-25,20170425,20170418,20170425,ZKOGIB6R,78.0,20,1,2,Lost,0.0,0.052100967429240135,7.0,7.0,2017-04,2017,4
2017-04-30,20170430,20170418,20170430,Z353E8FR,12.0,15,4,2,Lost,0.0,0.0047181447765388155,12.0,12.0,2017-04,2017,4
2017-05-04,20170504,20170418,20170504,IKJSXBY0,39.0,8,2,2,Lost,0.0,0.002802900311832455,16.0,16.0,2017-05,2017,5
2017-04-23,20170423,20170418,20170423,5SYJS0HS,32.0,26,5,2,Lost,0.0,0.007984721276842629,5.0,5.0,2017-04,2017,4
2017-04-20,20170420,20170418,20170420,UXOQQR39,31.0,30,6,2,Lost,0.0,0.009222401528713372,2.0,2.0,2017-04,2017,4
2017-04-29,20170429,20170418,20170429,J5DF2ZO1,42.0,30,3,4,Won,44.0,0.5842316141517364,11.0,11.0,2017-04,2017,4
2017-04-24,20170424,20170418,20170424,HGF361RQ,77.0,32,5,2,Lost,0.0,0.003172409199665426,6.0,6.0,2017-04,2017,4
2017-04-24,20170424,20170418,20170424,9B8SPYAF,17.0,32,1,4,Won,552.0,0.9416423652929929,6.0,6.0,2017-04,2017,4
2017-04-26,20170426,20170418,20170426,VTLI5HIE,51.0,31,1,4,Won,474.0,0.9053714376792538,8.0,8.0,2017-04,2017,4
2017-04-22,20170422,20170418,20170422,N60UJ28O,77.0,31,6,4,Won,1158.0,0.9948886470199888,4.0,4.0,2017-04,2017,4
2017-04-19,20170419,20170418,20170419,R102IPTH,22.0,31,5,4,Won,5839.0,1.0,1.0,1.0,2017-04,2017,4
2017-08-06,20170806,20170418,20170806,C9O4E52T,64.0,31,2,4,Won,4554.0,0.9999999999999998,110.0,110.0,2017-08,2017,8
2017-04-24,20170424,20170418,20170424,CJP7LWRK,77.0,31,2,4,Won,5078.0,1.0,6.0,6.0,2017-04,2017,4
2017-04-26,20170426,20170418,20170426,NHE1CETW,28.0,4,6,2,Lost,0.0,0.004704628724664239,8.0,8.0,2017-04,2017,4
2017-06-04,20170604,20170418,20170604,1O1GVZEU,10.0,27,1,4,Won,561.0,0.9332740392607319,47.0,47.0,2017-06,2017,6
2017-04-22,20170422,20170418,20170422,2OQB2KPY,24.0,34,6,2,Lost,0.0,0.014942273772871061,4.0,4.0,2017-04,2017,4
2017-05-22,20170522,20170418,20170522,KK4VW0ZM,59.0,9,4,2,Lost,0.0,0.003630222134032932,34.0,34.0,2017-05,2017,5
2017-04-19,20170419,20170418,20170419,JHLG51ZI,38.0,9,4,4,Won,3392.0,0.9999999999755005,1.0,1.0,2017-04,2017,4
2017-04-20,20170420,20170418,20170420,TS4CB9TH,21.0,24,2,4,Won,5040.0,1.0,2.0,2.0,2017-04,2017,4
2017-04-24,20170424,20170418,20170424,BH40KWV5,32.0,33,2,2,Lost,0.0,0.003783977263627524,6.0,6.0,2017-04,2017,4
2017-04-25,20170425,20170418,20170425,MMVHAEI3,58.0,33,4,2,Lost,0.0,0.003692385026205972,7.0,7.0,2017-04,2017,4
2017-04-25,20170425,20170418,20170425,PGRIPWHY,65.0,33,5,4,Won,5853.0,1.0,7.0,7.0,2017-04,2017,4
2017-04-25,20170425,20170419,20170425,0VXUZU7P,62.0,1,3,4,Won,49.0,0.625606480144134,6.0,6.0,2017-04,2017,4
2017-04-29,20170429,20170419,20170429,7B21SGQ8,27.0,22,6,4,Won,1080.0,0.9945075261884224,10.0,10.0,2017-04,2017,4
2017-04-28,20170428,20170419,20170428,I6TVFB6J,28.0,2,1,2,Lost,0.0,0.06837944575738764,9.0,9.0,2017-04,2017,4
2017-04-20,20170420,20170419,20170420,PHAFVDFO,45.0,2,3,4,Won,55.0,0.6420851827852533,1.0,1.0,2017-04,2017,4
2017-05-22,20170522,20170419,20170522,I6O855AE,1.0,18,6,4,Won,1282.0,0.9983629303500644,33.0,33.0,2017-05,2017,5
2017-04-20,20170420,20170419,20170420,OUIK8VX3,47.0,28,7,4,Won,23746.0,1.0,1.0,1.0,2017-04,2017,4
2017-04-28,20170428,20170419,20170428,RYO875D0,48.0,15,1,2,Lost,0.0,0.09158262925802566,9.0,9.0,2017-04,2017,4
2017-05-01,20170501,20170419,20170501,O5S6WEM7,17.0,30,1,2,Lost,0.0,0.09095765720200366,12.0,12.0,2017-05,2017,5
2017-08-16,20170816,20170419,20170816,DJ2FHO68,31.0,32,1,2,Lost,0.0,0.13682961816967382,119.0,119.0,2017-08,2017,8
2017-04-21,20170421,20170419,20170421,5LHNRZD3,68.0,4,4,2,Lost,0.0,0.0025044330333339874,2.0,2.0,2017-04,2017,4
2017-04-27,20170427,20170419,20170427,URIKPDOJ,10.0,34,6,2,Lost,0.0,0.011505444632506903,8.0,8.0,2017-04,2017,4
2017-04-21,20170421,20170419,20170421,U1J4YN0I,9.0,9,1,2,Lost,0.0,0.07780314022864461,2.0,2.0,2017-04,2017,4
2017-04-20,20170420,20170419,20170420,QBUJF4I7,53.0,21,3,2,Lost,0.0,0.5081090652209722,1.0,1.0,2017-04,2017,4
2017-04-27,20170427,20170419,20170427,99QIJAAP,53.0,21,3,4,Won,61.0,0.6506331098595245,8.0,8.0,2017-04,2017,4
2017-04-30,20170430,20170419,20170430,K127AFNP,41.0,25,3,2,Lost,0.0,0.4236090566007715,11.0,11.0,2017-04,2017,4
2017-04-28,20170428,20170419,20170428,4K7PRO1B,32.0,25,1,4,Won,600.0,0.9605873020703806,9.0,9.0,2017-04,2017,4
2017-04-20,20170420,20170419,20170420,AYB7DWUH,53.0,14,5,4,Won,5805.0,1.0,1.0,1.0,2017-04,2017,4
2017-06-27,20170627,20170419,20170627,6CKXLPAR,36.0,3,3,4,Won,58.0,0.728375317167467,69.0,69.0,2017-06,2017,6
2017-08-03,20170803,20170419,20170803,FQ2F717F,62.0,3,3,4,Won,52.0,0.7152352053652198,106.0,106.0,2017-08,2017,8
2017-04-21,20170421,20170419,20170421,2SBP68CP,27.0,12,3,2,Lost,0.0,0.5220413541011959,2.0,2.0,2017-04,2017,4
2017-06-16,20170616,20170420,20170616,LPGOTIM2,63.0,22,3,4,Won,55.0,0.7186721447868593,57.0,57.0,2017-06,2017,6
2017-08-10,20170810,20170420,20170810,LW8485Y2,1.0,19,6,4,Won,1161.0,0.9966590405855946,112.0,112.0,2017-08,2017,8
2017-04-25,20170425,20170420,20170425,UKLAKXP2,56.0,19,2,4,Won,5091.0,1.0,5.0,5.0,2017-04,2017,4
2017-04-22,20170422,20170420,20170422,4LLWRSBJ,18.0,19,3,4,Won,59.0,0.7379586341457613,2.0,2.0,2017-04,2017,4
2017-05-01,20170501,20170420,20170501,YYJILFBU,56.0,13,5,2,Lost,0.0,0.0057300941936311005,11.0,11.0,2017-05,2017,5
2017-04-22,20170422,20170420,20170422,AWVSWBQV,52.0,18,1,2,Lost,0.0,0.10595749899461712,2.0,2.0,2017-04,2017,4
2017-04-30,20170430,20170420,20170430,VORZHQ40,30.0,10,2,2,Lost,0.0,0.005426856593690845,10.0,10.0,2017-04,2017,4
2017-04-28,20170428,20170420,20170428,5QD09R7U,60.0,10,1,4,Won,549.0,0.9550016837779611,8.0,8.0,2017-04,2017,4
2017-04-24,20170424,20170420,20170424,ETISD84I,81.0,20,6,2,Lost,0.0,0.005993175511979801,4.0,4.0,2017-04,2017,4
2017-06-28,20170628,20170420,20170628,K0T5LJ3E,54.0,28,7,4,Won,24949.0,1.0,69.0,69.0,2017-06,2017,6
2017-05-02,20170502,20170420,20170502,D5YLWCFW,28.0,8,6,2,Lost,0.0,0.006004800776902248,12.0,12.0,2017-05,2017,5
2017-05-09,20170509,20170420,20170509,ZALE38AC,51.0,30,2,2,Lost,0.0,0.005375330215537579,19.0,19.0,2017-05,2017,5
2017-05-02,20170502,20170420,20170502,T7MVQ9SX,21.0,30,5,4,Won,4985.0,1.0,12.0,12.0,2017-05,2017,5
2017-04-22,20170422,20170420,20170422,GTEFJL6U,72.0,6,1,2,Lost,0.0,0.09112066210700265,2.0,2.0,2017-04,2017,4
2017-04-29,20170429,20170420,20170429,D7MYDHMF,13.0,6,1,4,Won,657.0,0.9775981708848814,9.0,9.0,2017-04,2017,4
2017-06-30,20170630,20170420,20170630,XAE858UJ,68.0,6,1,4,Won,628.0,0.979686819549327,71.0,71.0,2017-06,2017,6
2017-06-15,20170615,20170420,20170615,WTCU9X9M,13.0,6,6,4,Won,1183.0,0.9984001579283388,56.0,56.0,2017-06,2017,6
2017-08-03,20170803,20170420,20170803,0IF5FH68,16.0,6,5,4,Won,5203.0,1.0,105.0,105.0,2017-08,2017,8
2017-04-27,20170427,20170420,20170427,QUGPSHY8,30.0,6,3,4,Won,56.0,0.7475363793193615,7.0,7.0,2017-04,2017,4
2017-04-28,20170428,20170420,20170428,QNFO4GX8,6.0,32,1,4,Won,502.0,0.9106687210221384,8.0,8.0,2017-04,2017,4
2017-06-25,20170625,20170420,20170625,H1NFMTJ4,77.0,31,1,4,Won,527.0,0.8912914191552176,66.0,66.0,2017-06,2017,6
2017-04-21,20170421,20170420,20170421,AUJ21SKT,77.0,27,3,2,Lost,0.0,0.28707942941644127,1.0,1.0,2017-04,2017,4
2017-04-28,20170428,20170420,20170428,XIXNILOP,23.0,7,3,4,Won,64.0,0.6610830204313503,8.0,8.0,2017-04,2017,4
2017-04-27,20170427,20170420,20170427,M645P7NW,61.0,34,1,4,Won,579.0,0.9657266482249087,7.0,7.0,2017-04,2017,4
2017-04-30,20170430,20170420,20170430,UPAGB68Z,47.0,34,5,4,Won,5958.0,1.0,10.0,10.0,2017-04,2017,4
2017-05-27,20170527,20170420,20170527,7TCCYDR3,61.0,34,2,4,Won,4543.0,0.9999999999999998,37.0,37.0,2017-05,2017,5
2017-04-22,20170422,20170420,20170422,H5662N5X,38.0,5,1,2,Lost,0.0,0.0801060063207183,2.0,2.0,2017-04,2017,4
2017-05-02,20170502,20170420,20170502,07BT6PBZ,73.0,5,3,4,Won,58.0,0.6405565596966813,12.0,12.0,2017-05,2017,5
2017-04-21,20170421,20170420,20170421,N7FJ13VQ,56.0,21,6,2,Lost,0.0,0.015814677323680793,1.0,1.0,2017-04,2017,4
2017-04-27,20170427,20170420,20170427,9UYDTR0R,75.0,21,5,2,Lost,0.0,0.006409231327271484,7.0,7.0,2017-04,2017,4
2017-06-24,20170624,20170420,20170624,JOLRMB6X,2.0,14,6,4,Won,1036.0,0.991227029186899,65.0,65.0,2017-06,2017,6
2017-04-27,20170427,20170420,20170427,K8DHOJWM,28.0,3,5,4,Won,4878.0,1.0,7.0,7.0,2017-04,2017,4
2017-04-28,20170428,20170420,20170428,NKBIYNK5,22.0,24,1,2,Lost,0.0,0.09082182159230116,8.0,8.0,2017-04,2017,4
2017-05-05,20170505,20170421,20170505,8MXI6J6N,68.0,1,6,2,Lost,0.0,0.014693008732863512,14.0,14.0,2017-05,2017,5
2017-08-21,20170821,20170421,20170821,HRLYABOS,8.0,19,6,4,Won,1033.0,0.9960457021824914,122.0,122.0,2017-08,2017,8
2017-06-12,20170612,20170421,20170612,BTLXFPUB,81.0,18,5,4,Won,5343.0,1.0,52.0,52.0,2017-06,2017,6
2017-04-30,20170430,20170421,20170430,W7GVZL28,13.0,10,6,2,Lost,0.0,0.01123658982179882,9.0,9.0,2017-04,2017,4
2017-04-27,20170427,20170421,20170427,HK1JJKQL,66.0,10,2,2,Lost,0.0,0.008011076093735189,6.0,6.0,2017-04,2017,4
2017-08-10,20170810,20170421,20170810,D5TGHX3Y,66.0,10,2,2,Lost,0.0,0.012078744810294632,111.0,111.0,2017-08,2017,8
2017-04-26,20170426,20170421,20170426,HBXLK0B6,23.0,10,4,4,Won,3269.0,0.999999999935774,5.0,5.0,2017-04,2017,4
2017-05-07,20170507,20170421,20170507,PZ6TGFY6,63.0,20,1,2,Lost,0.0,0.07629101095082388,16.0,16.0,2017-05,2017,5
2017-04-27,20170427,20170421,20170427,ETADSAC3,1.0,20,2,4,Won,4605.0,0.9999999999999993,6.0,6.0,2017-04,2017,4
2017-06-12,20170612,20170421,20170612,8W206MO5,49.0,15,5,4,Won,4908.0,1.0,52.0,52.0,2017-06,2017,6
2017-04-30,20170430,20170421,20170430,Z9SY11HK,46.0,26,4,4,Won,3303.0,0.9999999999685254,9.0,9.0,2017-04,2017,4
2017-04-22,20170422,20170421,20170422,6YIW81M9,15.0,6,4,2,Lost,0.0,0.002928164509539252,1.0,1.0,2017-04,2017,4
2017-05-02,20170502,20170421,20170502,0XI051FP,59.0,6,4,2,Lost,0.0,0.004803132558813654,11.0,11.0,2017-05,2017,5
2017-04-22,20170422,20170421,20170422,TBPGQYF8,68.0,6,3,4,Won,55.0,0.6879056885983341,1.0,1.0,2017-04,2017,4
2017-06-29,20170629,20170421,20170629,7CC38V2J,47.0,32,1,4,Won,531.0,0.9298625369624824,69.0,69.0,2017-06,2017,6
2017-05-04,20170504,20170421,20170504,PC2V729V,51.0,32,1,4,Won,557.0,0.9607101534481791,13.0,13.0,2017-05,2017,5
2017-06-12,20170612,20170421,20170612,7AOZ2F9R,36.0,4,1,4,Won,489.0,0.8589493612553829,52.0,52.0,2017-06,2017,6
2017-05-29,20170529,20170421,20170529,7I7BZHHT,62.0,7,4,2,Lost,0.0,0.0038122250841006343,38.0,38.0,2017-05,2017,5
2017-05-06,20170506,20170421,20170506,79DYTU8Y,68.0,5,3,4,Won,60.0,0.6620497017877225,15.0,15.0,2017-05,2017,5
2017-06-04,20170604,20170421,20170604,V4HYSJS2,2.0,21,4,4,Won,2887.0,0.9999999987424655,44.0,44.0,2017-06,2017,6
2017-05-02,20170502,20170421,20170502,1L6M83Q5,20.0,21,4,4,Won,3214.0,0.9999999999091536,11.0,11.0,2017-05,2017,5
2017-04-23,20170423,20170421,20170423,POFA8BWL,1.0,14,4,4,Won,3850.0,0.9999999999994365,2.0,2.0,2017-04,2017,4
2017-06-09,20170609,20170421,20170609,AKXBF6IQ,30.0,3,3,4,Won,54.0,0.7871121224165532,49.0,49.0,2017-06,2017,6
2017-04-29,20170429,20170421,20170429,VD94D677,34.0,24,3,2,Lost,0.0,0.47179194303911876,8.0,8.0,2017-04,2017,4
2017-08-12,20170812,20170421,20170812,EBUJQ571,54.0,24,2,4,Won,5040.0,1.0,113.0,113.0,2017-08,2017,8
2017-04-22,20170422,20170421,20170422,Z2M1XXEK,40.0,16,5,4,Won,6263.0,1.0,1.0,1.0,2017-04,2017,4
2017-05-02,20170502,20170421,20170502,RBOI8DLQ,61.0,33,2,2,Lost,0.0,0.004353520241326805,11.0,11.0,2017-05,2017,5
2017-04-23,20170423,20170421,20170423,OI6UHCTN,6.0,33,1,4,Won,570.0,0.920718219683542,2.0,2.0,2017-04,2017,4
2017-04-29,20170429,20170421,20170429,LTOKXFP1,14.0,33,2,4,Won,4633.0,0.9999999999999998,8.0,8.0,2017-04,2017,4
2017-04-29,20170429,20170422,20170429,JV6PZSN6,18.0,22,5,2,Lost,0.0,0.007856697789372435,7.0,7.0,2017-04,2017,4
2017-05-08,20170508,20170422,20170508,9EGAFG1B,43.0,19,2,2,Lost,0.0,0.0025081266799431606,16.0,16.0,2017-05,2017,5
2017-04-28,20170428,20170422,20170428,VPSJHIAA,71.0,19,2,4,Won,4891.0,1.0,6.0,6.0,2017-04,2017,4
2017-04-29,20170429,20170422,20170429,MJF4D19K,68.0,10,5,4,Won,5858.0,1.0,7.0,7.0,2017-04,2017,4
2017-05-24,20170524,20170422,20170524,JR4WED6G,60.0,10,2,4,Won,4939.0,1.0,32.0,32.0,2017-05,2017,5
2017-08-12,20170812,20170422,20170812,GC4YH9D0,38.0,6,1,4,Won,570.0,0.9653477954747742,112.0,112.0,2017-08,2017,8
2017-04-29,20170429,20170422,20170429,2ZUL1AAV,21.0,31,4,2,Lost,0.0,0.0023056991730437747,7.0,7.0,2017-04,2017,4
2017-04-30,20170430,20170422,20170430,8CUN8O4Z,79.0,31,1,4,Won,500.0,0.8976303717808904,8.0,8.0,2017-04,2017,4
2017-04-23,20170423,20170422,20170423,AMX2BM39,42.0,31,4,4,Won,3546.0,0.9999999999942562,1.0,1.0,2017-04,2017,4
2017-04-30,20170430,20170422,20170430,FK3NS3EW,14.0,27,1,4,Won,525.0,0.9323260612705148,8.0,8.0,2017-04,2017,4
2017-04-27,20170427,20170422,20170427,3AB31BUU,13.0,5,6,4,Won,1024.0,0.9901586326633944,5.0,5.0,2017-04,2017,4
2017-04-30,20170430,20170422,20170430,ZQ7TYNUV,68.0,9,5,4,Won,6384.0,1.0,8.0,8.0,2017-04,2017,4
2017-05-08,20170508,20170422,20170508,2PCPSBP9,1.0,21,1,2,Lost,0.0,0.07088850241877052,16.0,16.0,2017-05,2017,5
2017-06-24,20170624,20170422,20170624,E223LSRZ,20.0,21,1,4,Won,587.0,0.959306596846297,63.0,63.0,2017-06,2017,6
2017-04-28,20170428,20170422,20170428,SW75F1Q1,46.0,25,3,4,Won,55.0,0.565302453718326,6.0,6.0,2017-04,2017,4
2017-04-30,20170430,20170422,20170430,0Z6MNUF2,79.0,25,4,4,Won,3242.0,0.9999999999157769,8.0,8.0,2017-04,2017,4
2017-05-26,20170526,20170422,20170526,HWD8ELR9,85.0,3,5,4,Won,5558.0,1.0,34.0,34.0,2017-05,2017,5
2017-04-28,20170428,20170422,20170428,XJI41C0L,64.0,24,2,4,Won,4869.0,1.0,6.0,6.0,2017-04,2017,4
2017-04-29,20170429,20170422,20170429,9FWCMMM3,36.0,24,4,4,Won,3661.0,0.9999999999983507,7.0,7.0,2017-04,2017,4
2017-04-29,20170429,20170422,20170429,XPDLW6F0,42.0,33,2,4,Won,5456.0,1.0,7.0,7.0,2017-04,2017,4
2017-08-26,20170826,20170423,20170826,NCL2AJUL,29.0,1,3,2,Lost,0.0,0.5899317582515529,125.0,125.0,2017-08,2017,8
2017-04-24,20170424,20170423,20170424,1E2LYCWP,56.0,22,2,2,Lost,0.0,0.004155425683216814,1.0,1.0,2017-04,2017,4
2017-04-30,20170430,20170423,20170430,NZPZ87IX,26.0,19,1,2,Lost,0.0,0.05841798944067063,7.0,7.0,2017-04,2017,4
2017-08-20,20170820,20170423,20170820,SDJDM8RI,74.0,19,4,2,Lost,0.0,0.003347663351180527,119.0,119.0,2017-08,2017,8
2017-04-30,20170430,20170423,20170430,O64JQPJ2,49.0,13,2,2,Lost,0.0,0.003908860426311094,7.0,7.0,2017-04,2017,4
2017-04-24,20170424,20170423,20170424,I18DIO6O,84.0,13,5,4,Won,5780.0,1.0,1.0,1.0,2017-04,2017,4
2017-04-30,20170430,20170423,20170430,8W464DG6,82.0,13,2,4,Won,5787.0,1.0,7.0,7.0,2017-04,2017,4
2017-04-25,20170425,20170423,20170425,FI5OA7O6,5.0,18,2,4,Won,5149.0,1.0,2.0,2.0,2017-04,2017,4
2017-08-26,20170826,20170423,20170826,AT6SDVJ5,26.0,20,6,2,Lost,0.0,0.007939948737482211,125.0,125.0,2017-08,2017,8
2017-06-03,20170603,20170423,20170603,YDBPPU6J,2.0,20,2,4,Won,5100.0,1.0,41.0,41.0,2017-06,2017,6
2017-04-30,20170430,20170423,20170430,L6PCVRJS,75.0,20,2,4,Won,4810.0,1.0,7.0,7.0,2017-04,2017,4
2017-05-04,20170504,20170423,20170504,UO6R0X7G,32.0,28,3,2,Lost,0.0,0.5832979291841828,11.0,11.0,2017-05,2017,5
2017-08-01,20170801,20170423,20170801,PC38XXQN,6.0,28,4,2,Lost,0.0,0.004020582785137475,100.0,100.0,2017-08,2017,8
2017-04-24,20170424,20170423,20170424,7EBT21IA,3.0,8,1,4,Won,560.0,0.9247930624979606,1.0,1.0,2017-04,2017,4
2017-05-02,20170502,20170423,20170502,M7W3E298,38.0,8,2,4,Won,4916.0,1.0,9.0,9.0,2017-05,2017,5
2017-06-11,20170611,20170423,20170611,MCRDLBIE,51.0,30,3,4,Won,45.0,0.7361403448051241,49.0,49.0,2017-06,2017,6
2017-04-25,20170425,20170423,20170425,JW4K9O5H,44.0,32,6,2,Lost,0.0,0.014183402280630595,2.0,2.0,2017-04,2017,4
2017-04-24,20170424,20170423,20170424,FX54MQFC,31.0,32,1,4,Won,592.0,0.9523379083017804,1.0,1.0,2017-04,2017,4
2017-04-29,20170429,20170423,20170429,A2C5O4EN,17.0,31,1,4,Won,529.0,0.9139810941793898,6.0,6.0,2017-04,2017,4
2017-04-26,20170426,20170423,20170426,79G6725X,41.0,31,2,4,Won,5415.0,1.0,3.0,3.0,2017-04,2017,4
2017-05-02,20170502,20170423,20170502,GM6C1UK3,68.0,4,5,2,Lost,0.0,0.00352357464358036,9.0,9.0,2017-05,2017,5
2017-06-15,20170615,20170423,20170615,6VET70WX,4.0,4,1,4,Won,518.0,0.8972192318174398,53.0,53.0,2017-06,2017,6
2017-08-11,20170811,20170423,20170811,UQO59R6N,76.0,4,3,4,Won,52.0,0.6768524201333467,110.0,110.0,2017-08,2017,8
2017-04-24,20170424,20170423,20170424,HEOTZFII,46.0,27,3,2,Lost,0.0,0.39911950788017514,1.0,1.0,2017-04,2017,4
2017-06-25,20170625,20170423,20170625,8V4PEF5D,25.0,5,3,4,Won,51.0,0.5956394371940894,63.0,63.0,2017-06,2017,6
2017-04-24,20170424,20170423,20170424,7RJMI3GC,28.0,9,1,4,Won,554.0,0.871086741536189,1.0,1.0,2017-04,2017,4
2017-09-01,20170901,20170423,20170901,2ZEFCKS3,60.0,9,2,4,Won,4835.0,1.0,131.0,131.0,2017-09,2017,9
2017-04-24,20170424,20170423,20170424,3EGE42CM,52.0,21,4,2,Lost,0.0,0.005698013358664857,1.0,1.0,2017-04,2017,4
2017-04-30,20170430,20170423,20170430,APWT2PFU,6.0,25,3,4,Won,59.0,0.5683554257624367,7.0,7.0,2017-04,2017,4
2017-05-06,20170506,20170423,20170506,SUT0ZGFM,37.0,14,4,2,Lost,0.0,0.002478892360026791,13.0,13.0,2017-05,2017,5
2017-05-05,20170505,20170423,20170505,PTCP8RP4,85.0,3,3,2,Lost,0.0,0.37764822824557687,12.0,12.0,2017-05,2017,5
2017-08-06,20170806,20170423,20170806,QRFKRSKS,19.0,3,4,2,Lost,0.0,0.008412041934477931,105.0,105.0,2017-08,2017,8
2017-08-13,20170813,20170423,20170813,J82TWNI7,54.0,24,2,2,Lost,0.0,0.00383890428664914,112.0,112.0,2017-08,2017,8
2017-04-30,20170430,20170423,20170430,DSIX9DGZ,51.0,24,3,2,Lost,0.0,0.5942940703718377,7.0,7.0,2017-04,2017,4
2017-05-08,20170508,20170423,20170508,64WCPKZ1,78.0,12,5,4,Won,5813.0,1.0,15.0,15.0,2017-05,2017,5
2017-05-01,20170501,20170423,20170501,D3G7ER0D,53.0,16,2,4,Won,5414.0,1.0,8.0,8.0,2017-05,2017,5
2017-04-28,20170428,20170423,20170428,LITG1BL1,77.0,33,5,2,Lost,0.0,0.00201993550286436,5.0,5.0,2017-04,2017,4
2017-04-25,20170425,20170424,20170425,7FKONHLX,59.0,1,3,4,Won,62.0,0.7529892472585188,1.0,1.0,2017-04,2017,4
2017-08-04,20170804,20170424,20170804,S439SXI1,56.0,13,2,4,Won,4505.0,0.9999999999999996,102.0,102.0,2017-08,2017,8
2017-04-30,20170430,20170424,20170430,SG1T9M5F,39.0,10,2,2,Lost,0.0,0.0031383966896740205,6.0,6.0,2017-04,2017,4
2017-05-06,20170506,20170424,20170506,SLP4PTFK,45.0,10,6,4,Won,1020.0,0.9896510806352573,12.0,12.0,2017-05,2017,5
2017-04-29,20170429,20170424,20170429,X3S5O9LJ,16.0,10,5,4,Won,5029.0,1.0,5.0,5.0,2017-04,2017,4
2017-08-15,20170815,20170424,20170815,ZA6AJ0N1,62.0,10,2,4,Won,5191.0,1.0,113.0,113.0,2017-08,2017,8
2017-05-06,20170506,20170424,20170506,QGBMWIO6,84.0,15,1,2,Lost,0.0,0.11860401906659913,12.0,12.0,2017-05,2017,5
2017-05-03,20170503,20170424,20170503,T361XRAQ,19.0,8,2,2,Lost,0.0,0.00447068747686469,9.0,9.0,2017-05,2017,5
2017-05-05,20170505,20170424,20170505,GWRN1R49,61.0,30,4,4,Won,3042.0,0.9999999997710818,11.0,11.0,2017-05,2017,5
2017-04-26,20170426,20170424,20170426,Q0KYIEKA,29.0,6,1,4,Won,580.0,0.9299502845433417,2.0,2.0,2017-04,2017,4
2017-09-03,20170903,20170424,20170903,2K7R3QHZ,50.0,31,1,4,Won,616.0,0.9747939818347386,132.0,132.0,2017-09,2017,9
2017-04-29,20170429,20170424,20170429,WUWOHRX2,41.0,27,6,4,Won,788.0,0.8778991776379208,5.0,5.0,2017-04,2017,4
2017-04-26,20170426,20170424,20170426,2OPR77CI,42.0,34,1,2,Lost,0.0,0.06710601313944353,2.0,2.0,2017-04,2017,4
2017-04-25,20170425,20170424,20170425,EO481IOJ,75.0,21,2,4,Won,4980.0,1.0,1.0,1.0,2017-04,2017,4
2017-08-10,20170810,20170424,20170810,1VIKWVHD,33.0,24,1,2,Lost,0.0,0.1234765209736394,108.0,108.0,2017-08,2017,8
2017-08-04,20170804,20170424,20170804,UOXKC4UG,5.0,12,4,4,Won,2981.0,0.9999999995716533,102.0,102.0,2017-08,2017,8
2017-04-30,20170430,20170424,20170430,RDF2R9F8,24.0,33,1,2,Lost,0.0,0.10645218345085995,6.0,6.0,2017-04,2017,4
2017-04-27,20170427,20170424,20170427,196BHHOS,33.0,33,5,2,Lost,0.0,0.0033405950588181713,3.0,3.0,2017-04,2017,4
2017-04-27,20170427,20170425,20170427,EYZ1MNSS,82.0,22,1,4,Won,560.0,0.9530950577357874,2.0,2.0,2017-04,2017,4
2017-05-10,20170510,20170425,20170510,KFVI73X6,18.0,19,4,4,Won,3844.0,0.9999999999998148,15.0,15.0,2017-05,2017,5
2017-05-06,20170506,20170425,20170506,88R4UBAN,7.0,13,1,4,Won,562.0,0.931407135085387,11.0,11.0,2017-05,2017,5
2017-05-01,20170501,20170425,20170501,08EX3XKE,71.0,18,3,4,Won,51.0,0.5558521138412783,6.0,6.0,2017-05,2017,5
2017-06-20,20170620,20170425,20170620,4DK84UMX,23.0,10,6,4,Won,984.0,0.9863736298227438,56.0,56.0,2017-06,2017,6
2017-06-07,20170607,20170425,20170607,735GFCU0,30.0,10,2,4,Won,4923.0,1.0,43.0,43.0,2017-06,2017,6
2017-08-03,20170803,20170425,20170803,2L8LJJRJ,22.0,30,1,2,Lost,0.0,0.13338119021623068,100.0,100.0,2017-08,2017,8
2017-04-27,20170427,20170425,20170427,2EO70V27,70.0,31,2,2,Lost,0.0,0.003321075394705922,2.0,2.0,2017-04,2017,4
2017-08-16,20170816,20170425,20170816,7KU6B599,36.0,4,1,2,Lost,0.0,0.088127163714881,113.0,113.0,2017-08,2017,8
2017-05-02,20170502,20170425,20170502,PNBSQPBR,45.0,7,4,2,Lost,0.0,0.0036764303111937666,7.0,7.0,2017-05,2017,5
2017-04-26,20170426,20170425,20170426,S87Y1DOY,79.0,34,6,4,Won,1113.0,0.9953251584839962,1.0,1.0,2017-04,2017,4
2017-05-11,20170511,20170425,20170511,EUE812O3,73.0,9,5,4,Won,6039.0,1.0,16.0,16.0,2017-05,2017,5
2017-06-04,20170604,20170425,20170604,OBE9NAIO,48.0,21,1,4,Won,538.0,0.9490694976670345,40.0,40.0,2017-06,2017,6
2017-04-27,20170427,20170425,20170427,7CTCDP9S,29.0,3,4,2,Lost,0.0,0.0025686827058163447,2.0,2.0,2017-04,2017,4
2017-05-22,20170522,20170425,20170522,XE84LNAS,34.0,24,2,4,Won,4364.0,0.9999999999999971,27.0,27.0,2017-05,2017,5
2017-08-07,20170807,20170425,20170807,QRW4NKCY,46.0,33,1,2,Lost,0.0,0.09536301724874267,104.0,104.0,2017-08,2017,8
2017-04-27,20170427,20170425,20170427,RD0L0NJG,58.0,33,1,4,Won,464.0,0.8776923375240187,2.0,2.0,2017-04,2017,4
2017-08-01,20170801,20170426,20170801,PEPOKEFV,9.0,1,6,2,Lost,0.0,0.020821710582599285,97.0,97.0,2017-08,2017,8
2017-08-01,20170801,20170426,20170801,M16WB7N8,76.0,1,5,2,Lost,0.0,0.00929450147878957,97.0,97.0,2017-08,2017,8
2017-06-30,20170630,20170426,20170630,JHVY8I1M,36.0,1,6,4,Won,1073.0,0.9958247031620818,65.0,65.0,2017-06,2017,6
2017-04-28,20170428,20170426,20170428,E59MLGMH,74.0,22,1,2,Lost,0.0,0.06424439279433178,2.0,2.0,2017-04,2017,4
2017-05-01,20170501,20170426,20170501,VGIIK8MS,20.0,22,6,2,Lost,0.0,0.007276131762503879,5.0,5.0,2017-05,2017,5
2017-08-09,20170809,20170426,20170809,BTM58SCH,48.0,19,2,2,Lost,0.0,0.004910342072031204,105.0,105.0,2017-08,2017,8
2017-08-04,20170804,20170426,20170804,HVVED5ZC,20.0,13,3,2,Lost,0.0,0.5409527043814945,100.0,100.0,2017-08,2017,8
2017-08-09,20170809,20170426,20170809,HE5988NI,29.0,10,6,2,Lost,0.0,0.010238258651000134,105.0,105.0,2017-08,2017,8
2017-05-11,20170511,20170426,20170511,N5QER189,60.0,10,6,4,Won,1055.0,0.9952843625907715,15.0,15.0,2017-05,2017,5
2017-04-28,20170428,20170426,20170428,AEMTQ0GH,22.0,28,3,4,Won,43.0,0.595945807776174,2.0,2.0,2017-04,2017,4
2017-05-04,20170504,20170426,20170504,3KSHTB4P,36.0,30,1,2,Lost,0.0,0.08808906157648147,8.0,8.0,2017-05,2017,5
2017-04-28,20170428,20170426,20170428,XPJQBSLV,31.0,30,3,4,Won,49.0,0.5964786486423006,2.0,2.0,2017-04,2017,4
2017-04-28,20170428,20170426,20170428,ZZI8GUEM,50.0,32,6,2,Lost,0.0,0.011706749312128997,2.0,2.0,2017-04,2017,4
2017-04-28,20170428,20170426,20170428,HBWY3B48,79.0,32,2,2,Lost,0.0,0.004114602358709429,2.0,2.0,2017-04,2017,4
2017-08-08,20170808,20170426,20170808,ZBAMKTFX,46.0,31,2,4,Won,4901.0,1.0,104.0,104.0,2017-08,2017,8
2017-04-27,20170427,20170426,20170427,SICU0A7Z,66.0,4,1,4,Won,517.0,0.9398031356615433,1.0,1.0,2017-04,2017,4
2017-06-13,20170613,20170426,20170613,H7GBGRSO,25.0,7,6,4,Won,1105.0,0.9958388325042951,48.0,48.0,2017-06,2017,6
2017-05-10,20170510,20170426,20170510,RLAGB32O,50.0,34,1,4,Won,556.0,0.9300821541302914,14.0,14.0,2017-05,2017,5
2017-08-16,20170816,20170426,20170816,NYLCZ28K,73.0,5,4,4,Won,3025.0,0.9999999996937985,112.0,112.0,2017-08,2017,8
2017-06-05,20170605,20170426,20170605,3LO8XJBY,12.0,9,3,4,Won,54.0,0.658595590758299,40.0,40.0,2017-06,2017,6
2017-04-28,20170428,20170426,20170428,YMMQA65I,12.0,25,3,4,Won,53.0,0.6418490551479793,2.0,2.0,2017-04,2017,4
2017-04-27,20170427,20170426,20170427,I8A539VV,51.0,24,2,4,Won,4735.0,1.0,1.0,1.0,2017-04,2017,4
2017-04-29,20170429,20170427,20170429,DJF1XMC4,44.0,22,1,4,Won,584.0,0.9589050781131244,2.0,2.0,2017-04,2017,4
2017-05-12,20170512,20170427,20170512,NCDZRUZD,74.0,19,2,2,Lost,0.0,0.0023096944936604044,15.0,15.0,2017-05,2017,5
2017-04-28,20170428,20170427,20170428,UXNB9OIB,44.0,18,2,4,Won,5676.0,1.0,1.0,1.0,2017-04,2017,4
2017-04-29,20170429,20170427,20170429,XWW6KUG0,45.0,10,1,2,Lost,0.0,0.08480524454064645,2.0,2.0,2017-04,2017,4
2017-04-29,20170429,20170427,20170429,ZXUNLSOB,62.0,10,2,2,Lost,0.0,0.0028449969903548956,2.0,2.0,2017-04,2017,4
2017-05-06,20170506,20170427,20170506,MZILPLUE,23.0,10,2,4,Won,4727.0,0.9999999999999998,9.0,9.0,2017-05,2017,5
2017-08-11,20170811,20170427,20170811,MUYUSTKF,27.0,15,5,2,Lost,0.0,0.006578521099059645,106.0,106.0,2017-08,2017,8
2017-08-01,20170801,20170427,20170801,7QIU2BCK,15.0,8,6,4,Won,821.0,0.9464104909869147,96.0,96.0,2017-08,2017,8
2017-05-17,20170517,20170427,20170517,F749HRQ5,31.0,30,6,2,Lost,0.0,0.009747668859010294,20.0,20.0,2017-05,2017,5
2017-08-07,20170807,20170427,20170807,5ICV1IBY,19.0,4,6,4,Won,999.0,0.9918014425957686,102.0,102.0,2017-08,2017,8
2017-08-05,20170805,20170427,20170805,H1O491SG,15.0,4,3,4,Won,54.0,0.5865127719424205,100.0,100.0,2017-08,2017,8
2017-08-06,20170806,20170427,20170806,ODIX25WY,13.0,7,1,2,Lost,0.0,0.15825817376077544,101.0,101.0,2017-08,2017,8
2017-05-10,20170510,20170427,20170510,IRBQH4FY,30.0,9,4,4,Won,3397.0,0.9999999999849214,13.0,13.0,2017-05,2017,5
2017-05-15,20170515,20170427,20170515,ZKVVWZ8T,63.0,14,1,4,Won,574.0,0.9479512817141594,18.0,18.0,2017-05,2017,5
2017-05-09,20170509,20170427,20170509,ZTT02VDQ,38.0,3,3,2,Lost,0.0,0.5588795796480314,12.0,12.0,2017-05,2017,5
2017-08-15,20170815,20170427,20170815,SAGXC5PF,30.0,3,3,4,Won,59.0,0.8332956039388775,110.0,110.0,2017-08,2017,8
2017-04-29,20170429,20170427,20170429,J5QLUH5O,73.0,3,3,4,Won,60.0,0.705853490988334,2.0,2.0,2017-04,2017,4
2017-04-29,20170429,20170427,20170429,GIIKA5B9,47.0,24,1,2,Lost,0.0,0.0641613209718513,2.0,2.0,2017-04,2017,4
2017-05-15,20170515,20170427,20170515,WX8KQPCM,83.0,24,1,4,Won,573.0,0.9541701044454733,18.0,18.0,2017-05,2017,5
2017-05-17,20170517,20170427,20170517,0CSJCW8I,24.0,24,2,4,Won,4406.0,0.9999999999999989,20.0,20.0,2017-05,2017,5
2017-04-28,20170428,20170427,20170428,0WRMY7IX,56.0,12,6,4,Won,1146.0,0.9973960165944888,1.0,1.0,2017-04,2017,4
2017-05-13,20170513,20170427,20170513,N6185PK0,43.0,16,1,4,Won,525.0,0.9012202181757061,16.0,16.0,2017-05,2017,5
2017-04-29,20170429,20170428,20170429,FQ4QOS8U,19.0,1,1,2,Lost,0.0,0.14794688531287298,1.0,1.0,2017-04,2017,4
2017-09-06,20170906,20170428,20170906,XW9U35NQ,62.0,1,6,2,Lost,0.0,0.01675729519953078,131.0,131.0,2017-09,2017,9
2017-08-14,20170814,20170428,20170814,066V2ZGP,57.0,1,4,4,Won,3334.0,0.9999999999889226,108.0,108.0,2017-08,2017,8
2017-05-12,20170512,20170428,20170512,YUH42UOF,37.0,19,1,2,Lost,0.0,0.07593334103701894,14.0,14.0,2017-05,2017,5
2017-04-30,20170430,20170428,20170430,XZF4GG94,18.0,18,6,2,Lost,0.0,0.015017167059723897,2.0,2.0,2017-04,2017,4
2017-04-29,20170429,20170428,20170429,QAKLPDKQ,26.0,20,2,2,Lost,0.0,0.0015905564856444503,1.0,1.0,2017-04,2017,4
2017-06-18,20170618,20170428,20170618,731TOWDY,46.0,28,7,4,Won,27385.0,1.0,51.0,51.0,2017-06,2017,6
2017-08-15,20170815,20170428,20170815,KOI7M0RU,45.0,6,1,2,Lost,0.0,0.1348469923492673,109.0,109.0,2017-08,2017,8
2017-04-29,20170429,20170428,20170429,KXY0TY2K,47.0,27,6,2,Lost,0.0,0.0048688546450198185,1.0,1.0,2017-04,2017,4
2017-08-14,20170814,20170428,20170814,UNSJJUY4,76.0,5,1,4,Won,599.0,0.9724082904936705,108.0,108.0,2017-08,2017,8
2017-05-03,20170503,20170428,20170503,XNO6DQPU,49.0,14,3,4,Won,64.0,0.6210948665487601,5.0,5.0,2017-05,2017,5
2017-05-06,20170506,20170428,20170506,A2HLNPEL,61.0,24,2,2,Lost,0.0,0.005494432833357077,8.0,8.0,2017-05,2017,5
2017-05-14,20170514,20170428,20170514,NENHRB3K,47.0,24,4,2,Lost,0.0,0.0023062567589213477,16.0,16.0,2017-05,2017,5
2017-06-10,20170610,20170428,20170610,PE3CL3ME,43.0,12,3,2,Lost,0.0,0.48603630900982464,43.0,43.0,2017-06,2017,6
2017-05-15,20170515,20170429,20170515,IE6TPFU9,62.0,1,6,4,Won,918.0,0.9762296685825151,16.0,16.0,2017-05,2017,5
2017-05-04,20170504,20170429,20170504,WWTJ5PNC,8.0,18,3,4,Won,60.0,0.6915429431932874,5.0,5.0,2017-05,2017,5
2017-05-10,20170510,20170429,20170510,DH9CHQ02,52.0,20,2,2,Lost,0.0,0.003351027408490636,11.0,11.0,2017-05,2017,5
2017-05-06,20170506,20170429,20170506,S2ZN5NLA,27.0,20,1,4,Won,519.0,0.8770194048503774,7.0,7.0,2017-05,2017,5
2017-05-04,20170504,20170429,20170504,NEM0GXXH,61.0,30,5,4,Won,4956.0,1.0,5.0,5.0,2017-05,2017,5
2017-05-17,20170517,20170429,20170517,E8LO9APO,73.0,4,1,2,Lost,0.0,0.07046330009387507,18.0,18.0,2017-05,2017,5
2017-08-08,20170808,20170429,20170808,EQZGV36H,57.0,4,5,4,Won,5913.0,1.0,101.0,101.0,2017-08,2017,8
2017-05-31,20170531,20170429,20170531,FZ1TTF0X,4.0,5,1,2,Lost,0.0,0.09313760134089419,32.0,32.0,2017-05,2017,5
2017-08-21,20170821,20170429,20170821,DG6RIZ6R,34.0,25,6,4,Won,1210.0,0.9982209542928383,114.0,114.0,2017-08,2017,8
2017-04-30,20170430,20170429,20170430,DH6L7VA6,46.0,24,4,2,Lost,0.0,0.0029462358893013857,1.0,1.0,2017-04,2017,4
2017-08-10,20170810,20170430,20170810,9SBO74M5,28.0,2,4,4,Won,3139.0,0.9999999998398157,102.0,102.0,2017-08,2017,8
2017-08-11,20170811,20170430,20170811,WHHVN372,37.0,13,1,4,Won,527.0,0.9393757028340185,103.0,103.0,2017-08,2017,8
2017-05-04,20170504,20170430,20170504,PJKAJVUG,19.0,10,1,2,Lost,0.0,0.12194248022815272,4.0,4.0,2017-05,2017,5
2017-08-12,20170812,20170430,20170812,FWTNRN0L,46.0,26,5,4,Won,5408.0,1.0,104.0,104.0,2017-08,2017,8
2017-08-12,20170812,20170430,20170812,TTNORNQI,34.0,26,3,4,Won,62.0,0.7403679380316012,104.0,104.0,2017-08,2017,8
2017-05-13,20170513,20170430,20170513,BGQ2F0HA,16.0,6,1,4,Won,586.0,0.9532968736901718,13.0,13.0,2017-05,2017,5
2017-05-01,20170501,20170430,20170501,CY33L07I,50.0,32,2,2,Lost,0.0,0.003760774509532751,1.0,1.0,2017-05,2017,5
2017-08-06,20170806,20170430,20170806,JGXLR3H3,47.0,31,1,4,Won,532.0,0.9208574673922866,98.0,98.0,2017-08,2017,8
2017-08-13,20170813,20170430,20170813,ZNFFFJ1T,51.0,31,1,4,Won,585.0,0.9740565720827669,105.0,105.0,2017-08,2017,8
2017-08-11,20170811,20170430,20170811,T5JO33V3,59.0,4,1,4,Won,583.0,0.9621355350927348,103.0,103.0,2017-08,2017,8
2017-09-02,20170902,20170430,20170902,V7Y78MPU,57.0,7,1,4,Won,433.0,0.9322950562975052,125.0,125.0,2017-09,2017,9
2017-05-06,20170506,20170430,20170506,CNO8JPLA,12.0,9,1,4,Won,557.0,0.934355072301503,6.0,6.0,2017-05,2017,5
2017-05-09,20170509,20170430,20170509,Y5OTY9O5,53.0,21,2,4,Won,4704.0,0.9999999999999998,9.0,9.0,2017-05,2017,5
2017-08-12,20170812,20170430,20170812,I81SUA2R,56.0,14,2,4,Won,5182.0,1.0,104.0,104.0,2017-08,2017,8
2017-05-13,20170513,20170430,20170513,2UHH7PD3,47.0,33,2,4,Won,5311.0,1.0,13.0,13.0,2017-05,2017,5
2017-05-18,20170518,20170501,20170518,AZZEZKBN,12.0,1,5,2,Lost,0.0,0.008244579963968003,17.0,17.0,2017-05,2017,5
2017-08-28,20170828,20170501,20170828,443ATESI,29.0,1,3,4,Won,64.0,0.7244485131613411,119.0,119.0,2017-08,2017,8
2017-08-23,20170823,20170501,20170823,4UN65HWV,76.0,10,6,4,Won,878.0,0.982417546395959,114.0,114.0,2017-08,2017,8
2017-05-02,20170502,20170501,20170502,E5NRH4BP,28.0,10,3,4,Won,59.0,0.5423062964297949,1.0,1.0,2017-05,2017,5
2017-05-20,20170520,20170501,20170520,NK438B9U,84.0,20,1,2,Lost,0.0,0.0966161003574719,19.0,19.0,2017-05,2017,5
2017-08-07,20170807,20170501,20170807,KCTYAQOR,68.0,8,2,2,Lost,0.0,0.005446911194938919,98.0,98.0,2017-08,2017,8
2017-08-20,20170820,20170501,20170820,RCNTHN0E,64.0,30,3,4,Won,65.0,0.802142397122147,111.0,111.0,2017-08,2017,8
2017-08-11,20170811,20170501,20170811,ZIFDD41D,36.0,6,1,4,Won,543.0,0.9541018886998482,102.0,102.0,2017-08,2017,8
2017-06-12,20170612,20170501,20170612,A5BVV5P8,61.0,31,1,2,Lost,0.0,0.15896684805757375,42.0,42.0,2017-06,2017,6
2017-05-10,20170510,20170501,20170510,JQNSK78U,12.0,5,5,2,Lost,0.0,0.005878005766853575,9.0,9.0,2017-05,2017,5
2017-05-07,20170507,20170501,20170507,C3OOZUTI,76.0,5,5,2,Lost,0.0,0.00504884262784276,6.0,6.0,2017-05,2017,5
2017-05-08,20170508,20170501,20170508,FI0I7E73,59.0,5,4,4,Won,3971.0,0.9999999999999263,7.0,7.0,2017-05,2017,5
2017-05-16,20170516,20170501,20170516,523458T9,62.0,9,1,4,Won,554.0,0.9030091739220487,15.0,15.0,2017-05,2017,5
2017-06-26,20170626,20170501,20170626,7FY0HBH7,10.0,24,4,2,Lost,0.0,0.004810792044739113,56.0,56.0,2017-06,2017,6
2017-06-16,20170616,20170501,20170616,GAIFPSU2,21.0,24,6,4,Won,1273.0,0.9988477748651761,46.0,46.0,2017-06,2017,6
2017-05-11,20170511,20170502,20170511,GBSK2HX8,13.0,1,6,4,Won,1300.0,0.9994046461687472,9.0,9.0,2017-05,2017,5
2017-05-21,20170521,20170502,20170521,59FN87JP,49.0,22,5,2,Lost,0.0,0.005269466154016231,19.0,19.0,2017-05,2017,5
2017-08-14,20170814,20170502,20170814,OJ92D9QU,12.0,28,3,2,Lost,0.0,0.682475068613265,104.0,104.0,2017-08,2017,8
2017-05-10,20170510,20170502,20170510,GYKFAK7W,65.0,26,4,4,Won,3527.0,0.9999999999963083,8.0,8.0,2017-05,2017,5
2017-05-06,20170506,20170502,20170506,GXBV5VYA,60.0,6,1,4,Won,526.0,0.949417460834097,4.0,4.0,2017-05,2017,5
2017-06-10,20170610,20170502,20170610,VXWUALY5,12.0,32,3,2,Lost,0.0,0.6725283585169566,39.0,39.0,2017-06,2017,6
2017-08-07,20170807,20170502,20170807,IUDG3PF0,39.0,4,1,2,Lost,0.0,0.0815613728995779,97.0,97.0,2017-08,2017,8
2017-06-22,20170622,20170502,20170622,DNUTJO70,36.0,27,1,4,Won,569.0,0.9286448558238167,51.0,51.0,2017-06,2017,6
2017-05-14,20170514,20170502,20170514,I631R5DT,61.0,34,5,4,Won,6310.0,1.0,12.0,12.0,2017-05,2017,5
2017-05-10,20170510,20170502,20170510,V9XJAZPC,29.0,5,4,2,Lost,0.0,0.0020199377673351744,8.0,8.0,2017-05,2017,5
2017-05-17,20170517,20170502,20170517,OJPTGB57,44.0,21,6,4,Won,1135.0,0.9979892811671036,15.0,15.0,2017-05,2017,5
2017-08-19,20170819,20170502,20170819,QYTGB5LA,15.0,3,5,4,Won,5145.0,1.0,109.0,109.0,2017-08,2017,8
2017-08-09,20170809,20170502,20170809,UCNEMT8P,9.0,3,3,4,Won,54.0,0.7908581912170575,99.0,99.0,2017-08,2017,8
2017-05-17,20170517,20170502,20170517,7DDJHUWU,61.0,24,2,2,Lost,0.0,0.006083013910824771,15.0,15.0,2017-05,2017,5
2017-08-01,20170801,20170503,20170801,KOFE244J,11.0,1,3,4,Won,53.0,0.6833091908943305,90.0,90.0,2017-08,2017,8
2017-05-13,20170513,20170503,20170513,D3JR6WFQ,74.0,22,1,4,Won,511.0,0.878578684468642,10.0,10.0,2017-05,2017,5
2017-08-25,20170825,20170503,20170825,OJMME9V9,44.0,22,5,4,Won,5747.0,1.0,114.0,114.0,2017-08,2017,8
2017-08-01,20170801,20170503,20170801,79IN4OVP,1.0,19,1,2,Lost,0.0,0.07137928521170103,90.0,90.0,2017-08,2017,8
2017-08-08,20170808,20170503,20170808,2NPSMBLK,11.0,10,2,2,Lost,0.0,0.0037732133285925235,97.0,97.0,2017-08,2017,8
2017-08-11,20170811,20170503,20170811,NLKPA1KP,38.0,10,1,4,Won,596.0,0.9695199237691394,100.0,100.0,2017-08,2017,8
2017-05-14,20170514,20170503,20170514,38EYB40T,13.0,6,3,4,Won,60.0,0.691725772903133,11.0,11.0,2017-05,2017,5
2017-05-04,20170504,20170503,20170504,3FZVCDW0,24.0,32,2,4,Won,4372.0,0.9999999999999987,1.0,1.0,2017-05,2017,5
2017-05-08,20170508,20170503,20170508,2NTWE1G4,77.0,31,2,4,Won,4604.0,0.9999999999999996,5.0,5.0,2017-05,2017,5
2017-05-13,20170513,20170503,20170513,SHGSBZU8,32.0,27,4,2,Lost,0.0,0.003152502050271366,10.0,10.0,2017-05,2017,5
2017-05-08,20170508,20170503,20170508,AETY0W6G,2.0,21,2,4,Won,4859.0,1.0,5.0,5.0,2017-05,2017,5
2017-08-03,20170803,20170503,20170803,A7F5O29R,83.0,24,4,4,Won,3718.0,0.9999999999994651,92.0,92.0,2017-08,2017,8
2017-05-19,20170519,20170503,20170519,MIYAP26S,69.0,12,4,2,Lost,0.0,0.0033288270983750125,16.0,16.0,2017-05,2017,5
2017-05-30,20170530,20170503,20170530,IEZCZAKT,36.0,33,1,4,Won,493.0,0.8728572423747581,27.0,27.0,2017-05,2017,5
2017-06-04,20170604,20170504,20170604,PDMWTS8O,16.0,1,3,4,Won,54.0,0.6952087713147299,31.0,31.0,2017-06,2017,6
2017-06-09,20170609,20170504,20170609,OPEICJES,45.0,1,3,4,Won,52.0,0.6947468857384261,36.0,36.0,2017-06,2017,6
2017-06-23,20170623,20170504,20170623,10UN7LA8,57.0,1,4,4,Won,3813.0,0.9999999999998224,50.0,50.0,2017-06,2017,6
2017-08-04,20170804,20170504,20170804,C2W2VHJY,75.0,18,2,2,Lost,0.0,0.004739433055582439,92.0,92.0,2017-08,2017,8
2017-08-12,20170812,20170504,20170812,Z032GGRE,19.0,10,2,4,Won,4935.0,1.0,100.0,100.0,2017-08,2017,8
2017-08-17,20170817,20170504,20170817,I8WTUMTA,11.0,10,4,4,Won,3560.0,0.9999999999966334,105.0,105.0,2017-08,2017,8
2017-05-20,20170520,20170504,20170520,P05J08B4,3.0,6,2,2,Lost,0.0,0.0038731468437445704,16.0,16.0,2017-05,2017,5
2017-08-25,20170825,20170504,20170825,GVCMT0GZ,67.0,6,2,2,Lost,0.0,0.003802492000967038,113.0,113.0,2017-08,2017,8
2017-05-10,20170510,20170504,20170510,58SGEGN8,59.0,4,1,2,Lost,0.0,0.085850100975434,6.0,6.0,2017-05,2017,5
2017-08-20,20170820,20170504,20170820,LZLXBQ0I,3.0,4,6,2,Lost,0.0,0.010356535574387496,108.0,108.0,2017-08,2017,8
2017-08-27,20170827,20170504,20170827,1L2S3CMT,85.0,4,4,2,Lost,0.0,0.0017122618884223332,115.0,115.0,2017-08,2017,8
2017-08-25,20170825,20170504,20170825,CE852VBF,66.0,9,6,2,Lost,0.0,0.027602425770902862,113.0,113.0,2017-08,2017,8
2017-08-05,20170805,20170504,20170805,KTX7ETCE,28.0,9,1,4,Won,528.0,0.8887432611141775,93.0,93.0,2017-08,2017,8
2017-06-20,20170620,20170504,20170620,JEPAVEO7,66.0,9,6,4,Won,1188.0,0.9989330761076752,47.0,47.0,2017-06,2017,6
2017-09-15,20170915,20170504,20170915,4T9CQH5J,78.0,21,5,2,Lost,0.0,0.008244583486647215,134.0,134.0,2017-09,2017,9
2017-05-10,20170510,20170504,20170510,51T70SQX,19.0,3,4,2,Lost,0.0,0.005846276472598883,6.0,6.0,2017-05,2017,5
2017-08-09,20170809,20170504,20170809,SUYF0EN7,3.0,3,1,4,Won,590.0,0.971081651132526,97.0,97.0,2017-08,2017,8
2017-08-14,20170814,20170504,20170814,S2D060YF,79.0,24,1,4,Won,578.0,0.9644696938016905,102.0,102.0,2017-08,2017,8
2017-08-06,20170806,20170504,20170806,DE5WRZ6B,27.0,12,2,2,Lost,0.0,0.005342363037138444,94.0,94.0,2017-08,2017,8
2017-05-09,20170509,20170504,20170509,N6CXTO48,47.0,33,1,2,Lost,0.0,0.052134462661898376,5.0,5.0,2017-05,2017,5
2017-08-15,20170815,20170505,20170815,4Z7B0OQB,4.0,1,4,2,Lost,0.0,0.006170285999525463,102.0,102.0,2017-08,2017,8
2017-08-05,20170805,20170505,20170805,70TRVHOM,18.0,19,2,4,Won,4697.0,1.0,92.0,92.0,2017-08,2017,8
2017-08-13,20170813,20170505,20170813,0G0S9TB8,52.0,20,2,2,Lost,0.0,0.005153502353860985,100.0,100.0,2017-08,2017,8
2017-05-30,20170530,20170505,20170530,U43RA5W8,52.0,20,2,2,Lost,0.0,0.003863729135816765,25.0,25.0,2017-05,2017,5
2017-08-26,20170826,20170505,20170826,SOE904XE,43.0,20,6,4,Won,1161.0,0.9967915564865001,113.0,113.0,2017-08,2017,8
2017-05-06,20170506,20170505,20170506,C64JTLGO,75.0,20,6,4,Won,1101.0,0.9935562925728382,1.0,1.0,2017-05,2017,5
2017-08-12,20170812,20170505,20170812,F9XJYM9F,38.0,6,1,4,Won,511.0,0.9417413142443187,99.0,99.0,2017-08,2017,8
2017-08-01,20170801,20170505,20170801,XWN6WWOD,12.0,6,3,4,Won,57.0,0.7927339125262975,88.0,88.0,2017-08,2017,8
2017-05-12,20170512,20170505,20170512,17MPPMM0,77.0,32,3,2,Lost,0.0,0.4305413237236802,7.0,7.0,2017-05,2017,5
2017-05-21,20170521,20170505,20170521,FV6PHMQW,64.0,32,1,4,Won,635.0,0.9791088010423203,16.0,16.0,2017-05,2017,5
2017-08-16,20170816,20170505,20170816,NX2K0HQ9,50.0,32,2,4,Won,4352.0,0.9999999999999984,103.0,103.0,2017-08,2017,8
2017-05-16,20170516,20170505,20170516,T5GZDRDE,79.0,31,3,2,Lost,0.0,0.5204834351389648,11.0,11.0,2017-05,2017,5
2017-05-10,20170510,20170505,20170510,91G2ZW58,57.0,4,5,2,Lost,0.0,0.004507099833675416,5.0,5.0,2017-05,2017,5
2017-05-08,20170508,20170505,20170508,H2PEIFZH,16.0,4,4,4,Won,3952.0,0.999999999999829,3.0,3.0,2017-05,2017,5
2017-05-06,20170506,20170505,20170506,V8M89S4W,42.0,27,1,4,Won,560.0,0.8890399052049782,1.0,1.0,2017-05,2017,5
2017-05-08,20170508,20170505,20170508,5QR02PQI,4.0,7,6,2,Lost,0.0,0.013261904010029326,3.0,3.0,2017-05,2017,5
2017-09-18,20170918,20170505,20170918,WB974HS4,25.0,9,6,4,Won,984.0,0.986297383711063,136.0,136.0,2017-09,2017,9
2017-05-11,20170511,20170505,20170511,L6VDDXFV,75.0,21,4,2,Lost,0.0,0.004559309035714958,6.0,6.0,2017-05,2017,5
2017-05-14,20170514,20170505,20170514,B0MOQZVN,65.0,24,1,4,Won,579.0,0.952012425631323,9.0,9.0,2017-05,2017,5
2017-08-10,20170810,20170505,20170810,09C4GR2W,34.0,24,6,4,Won,1151.0,0.9975288033180764,97.0,97.0,2017-08,2017,8
2017-08-25,20170825,20170505,20170825,6YN4FZHL,20.0,12,6,4,Won,881.0,0.9727209289186186,112.0,112.0,2017-08,2017,8
2017-08-17,20170817,20170505,20170817,45CION64,74.0,12,3,4,Won,59.0,0.6718515595274397,104.0,104.0,2017-08,2017,8
2017-05-12,20170512,20170505,20170512,BSQRXW4X,54.0,33,1,4,Won,608.0,0.9306655542641077,7.0,7.0,2017-05,2017,5
2017-05-09,20170509,20170506,20170509,PYEQPW42,19.0,1,5,4,Won,4784.0,1.0,3.0,3.0,2017-05,2017,5
2017-05-22,20170522,20170506,20170522,5NW73ZRY,1.0,22,4,4,Won,3370.0,0.9999999999668392,16.0,16.0,2017-05,2017,5
2017-05-24,20170524,20170506,20170524,0P8NFYML,2.0,19,3,2,Lost,0.0,0.4851646626953575,18.0,18.0,2017-05,2017,5
2017-09-10,20170910,20170506,20170910,1Y9KPBXY,25.0,10,6,2,Lost,0.0,0.013270044242401044,127.0,127.0,2017-09,2017,9
2017-08-17,20170817,20170506,20170817,0AR9HD16,25.0,10,1,4,Won,526.0,0.929647405410919,103.0,103.0,2017-08,2017,8
2017-05-12,20170512,20170506,20170512,Q72BVH8T,49.0,20,6,2,Lost,0.0,0.0076869739201697596,6.0,6.0,2017-05,2017,5
2017-06-29,20170629,20170506,20170629,OH7VVUY0,36.0,8,2,4,Won,5028.0,1.0,54.0,54.0,2017-06,2017,6
2017-05-23,20170523,20170506,20170523,4DPSFUEC,12.0,6,1,2,Lost,0.0,0.13987629118691142,17.0,17.0,2017-05,2017,5
2017-05-18,20170518,20170506,20170518,BB7JH1C4,39.0,6,2,2,Lost,0.0,0.00361548359485621,12.0,12.0,2017-05,2017,5
2017-05-18,20170518,20170506,20170518,FLJCJ7IE,11.0,4,1,2,Lost,0.0,0.048373750037754584,12.0,12.0,2017-05,2017,5
2017-05-20,20170520,20170506,20170520,7T109BBY,15.0,4,1,2,Lost,0.0,0.056987714810241494,14.0,14.0,2017-05,2017,5
2017-05-23,20170523,20170506,20170523,4JVY843T,68.0,4,4,2,Lost,0.0,0.0027681720455718043,17.0,17.0,2017-05,2017,5
2017-05-22,20170522,20170506,20170522,INI33ALF,28.0,5,1,4,Won,569.0,0.9140875682256113,16.0,16.0,2017-05,2017,5
2017-05-26,20170526,20170506,20170526,D3M1KUQ2,11.0,9,3,2,Lost,0.0,0.38194475925045374,20.0,20.0,2017-05,2017,5
2017-08-02,20170802,20170506,20170802,NOO83M87,27.0,14,5,2,Lost,0.0,0.00564087187606846,88.0,88.0,2017-08,2017,8
2017-08-09,20170809,20170506,20170809,8G9Q7NXD,42.0,14,3,4,Won,51.0,0.6456948799515174,95.0,95.0,2017-08,2017,8
2017-08-30,20170830,20170507,20170830,IRCBYH9Z,15.0,1,6,2,Lost,0.0,0.017489367643066297,115.0,115.0,2017-08,2017,8
2017-05-21,20170521,20170507,20170521,559PYA0L,8.0,19,4,4,Won,4287.0,0.9999999999999962,14.0,14.0,2017-05,2017,5
2017-05-15,20170515,20170507,20170515,237L2CSV,52.0,13,2,4,Won,3960.0,0.9999999999999372,8.0,8.0,2017-05,2017,5
2017-05-09,20170509,20170507,20170509,AS7MJ0S1,44.0,20,2,2,Lost,0.0,0.003025201314256835,2.0,2.0,2017-05,2017,5
2017-09-02,20170902,20170507,20170902,INAEAAI9,11.0,6,6,4,Won,1093.0,0.9959899372644074,118.0,118.0,2017-09,2017,9
2017-08-10,20170810,20170507,20170810,1XNXJUQM,76.0,6,6,4,Won,1194.0,0.9989417773389663,95.0,95.0,2017-08,2017,8
2017-08-14,20170814,20170507,20170814,Z64MQTF2,57.0,6,2,4,Won,5310.0,1.0,99.0,99.0,2017-08,2017,8
2017-08-04,20170804,20170507,20170804,BM0QXHMH,6.0,32,6,2,Lost,0.0,0.016215638374708203,89.0,89.0,2017-08,2017,8
2017-05-20,20170520,20170507,20170520,ARY1F1KN,21.0,31,6,2,Lost,0.0,0.007788701113154637,13.0,13.0,2017-05,2017,5
2017-08-03,20170803,20170507,20170803,XPCDFUDY,36.0,4,1,2,Lost,0.0,0.08168928794304417,88.0,88.0,2017-08,2017,8
2017-08-08,20170808,20170507,20170808,VDOUNMRC,31.0,34,6,4,Won,1222.0,0.9985979765465055,93.0,93.0,2017-08,2017,8
2017-08-05,20170805,20170507,20170805,TEKCKT3V,38.0,5,6,4,Won,901.0,0.978036263195212,90.0,90.0,2017-08,2017,8
2017-08-26,20170826,20170507,20170826,1WJT7CM8,52.0,21,4,2,Lost,0.0,0.00941106555980953,111.0,111.0,2017-08,2017,8
2017-08-01,20170801,20170507,20170801,96A1GDXO,42.0,21,5,4,Won,5601.0,1.0,86.0,86.0,2017-08,2017,8
2017-08-05,20170805,20170507,20170805,AAU2IQFW,18.0,16,6,4,Won,995.0,0.995245370868884,90.0,90.0,2017-08,2017,8
2017-08-05,20170805,20170507,20170805,PRHL94PK,78.0,16,4,4,Won,3666.0,0.9999999999987852,90.0,90.0,2017-08,2017,8
2017-05-18,20170518,20170508,20170518,3WC1FUFP,85.0,1,6,2,Lost,0.0,0.006238097587583966,10.0,10.0,2017-05,2017,5
2017-05-19,20170519,20170508,20170519,SHG8Y43V,62.0,1,3,4,Won,56.0,0.6499675829965467,11.0,11.0,2017-05,2017,5
2017-05-17,20170517,20170508,20170517,1O2ZN81M,37.0,19,6,4,Won,1372.0,0.999514960641963,9.0,9.0,2017-05,2017,5
2017-08-01,20170801,20170508,20170801,J6T6BTJI,7.0,18,4,4,Won,3282.0,0.999999999954654,85.0,85.0,2017-08,2017,8
2017-08-06,20170806,20170508,20170806,0WO582AV,19.0,10,2,2,Lost,0.0,0.007414903021191377,90.0,90.0,2017-08,2017,8
2017-08-18,20170818,20170508,20170818,JTTLDM4E,14.0,28,3,4,Won,43.0,0.8061514640597488,102.0,102.0,2017-08,2017,8
2017-09-05,20170905,20170508,20170905,8KQH5XI1,51.0,28,3,4,Won,54.0,0.7864309979944927,120.0,120.0,2017-09,2017,9
2017-08-21,20170821,20170508,20170821,1Q5XFO8D,66.0,6,1,2,Lost,0.0,0.27972193973472514,105.0,105.0,2017-08,2017,8
2017-05-16,20170516,20170508,20170516,A3PNPLTG,10.0,32,1,4,Won,575.0,0.96195117196273,8.0,8.0,2017-05,2017,5
2017-08-10,20170810,20170508,20170810,03CWYGC9,36.0,32,6,4,Won,768.0,0.9449359984308506,94.0,94.0,2017-08,2017,8
2017-09-12,20170912,20170508,20170912,FSEF5ZR9,64.0,32,2,4,Won,4426.0,0.9999999999999993,127.0,127.0,2017-09,2017,9
2017-05-10,20170510,20170508,20170510,N23C5EKK,3.0,4,1,2,Lost,0.0,0.05838728499961897,2.0,2.0,2017-05,2017,5
2017-08-20,20170820,20170508,20170820,S9K81CWS,45.0,4,1,4,Won,553.0,0.9347898903297456,104.0,104.0,2017-08,2017,8
2017-05-20,20170520,20170508,20170520,PJ00PLEU,11.0,7,5,2,Lost,0.0,0.004322497396488434,12.0,12.0,2017-05,2017,5
2017-08-05,20170805,20170508,20170805,3F8AA8RT,33.0,34,6,2,Lost,0.0,0.01327171775197563,89.0,89.0,2017-08,2017,8
2017-09-18,20170918,20170508,20170918,4NAHJMYM,83.0,34,5,4,Won,4786.0,1.0,133.0,133.0,2017-09,2017,9
2017-05-23,20170523,20170508,20170523,6KVOMBDJ,60.0,5,4,2,Lost,0.0,0.004701871966601592,15.0,15.0,2017-05,2017,5
2017-05-17,20170517,20170508,20170517,TFS5SYN2,71.0,21,2,2,Lost,0.0,0.004183260214882774,9.0,9.0,2017-05,2017,5
2017-08-02,20170802,20170508,20170802,N7KJ821I,38.0,3,5,2,Lost,0.0,0.007621726701284658,86.0,86.0,2017-08,2017,8
2017-08-19,20170819,20170508,20170819,YCKKT5ME,59.0,3,3,2,Lost,0.0,0.7331596375063554,103.0,103.0,2017-08,2017,8
2017-05-16,20170516,20170508,20170516,HI2E8TBI,15.0,3,5,4,Won,5338.0,1.0,8.0,8.0,2017-05,2017,5
2017-05-15,20170515,20170508,20170515,Q54L8P6I,61.0,33,1,2,Lost,0.0,0.1134254382052647,7.0,7.0,2017-05,2017,5
2017-08-31,20170831,20170509,20170831,XSB7IN6X,67.0,1,6,4,Won,996.0,0.9899238282271235,114.0,114.0,2017-08,2017,8
2017-05-20,20170520,20170509,20170520,FQW15KC4,27.0,19,4,2,Lost,0.0,0.0031633019375003324,11.0,11.0,2017-05,2017,5
2017-08-09,20170809,20170509,20170809,G17H7YXA,19.0,2,3,4,Won,63.0,0.8165647234197555,92.0,92.0,2017-08,2017,8
2017-08-17,20170817,20170509,20170817,XOE5EU8U,53.0,18,6,2,Lost,0.0,0.010439781742619728,100.0,100.0,2017-08,2017,8
2017-05-19,20170519,20170509,20170519,WEB7LYK0,38.0,10,6,4,Won,1075.0,0.9942077605514148,10.0,10.0,2017-05,2017,5
2017-05-24,20170524,20170509,20170524,N4Z3QYK7,76.0,10,2,4,Won,5033.0,1.0,15.0,15.0,2017-05,2017,5
2017-06-26,20170626,20170509,20170626,JECCHO49,60.0,10,4,4,Won,3249.0,0.9999999999666249,48.0,48.0,2017-06,2017,6
2017-08-14,20170814,20170509,20170814,QUOU67L5,29.0,8,6,4,Won,1015.0,0.9885002791248921,97.0,97.0,2017-08,2017,8
2017-06-27,20170627,20170509,20170627,SSZHMEE3,66.0,6,1,2,Lost,0.0,0.2362285922521186,49.0,49.0,2017-06,2017,6
2017-05-16,20170516,20170509,20170516,WUE92JFJ,30.0,6,6,4,Won,1100.0,0.9971735534313934,7.0,7.0,2017-05,2017,5
2017-09-13,20170913,20170509,20170913,EYNZMBI0,6.0,32,5,4,Won,4755.0,1.0,127.0,127.0,2017-09,2017,9
2017-08-08,20170808,20170509,20170808,LPOOKZCQ,42.0,31,1,2,Lost,0.0,0.09879026112073129,91.0,91.0,2017-08,2017,8
2017-05-19,20170519,20170509,20170519,OCHUEK3V,44.0,27,6,2,Lost,0.0,0.008465852885752597,10.0,10.0,2017-05,2017,5
2017-06-30,20170630,20170509,20170630,DU0DYV80,31.0,27,2,2,Lost,0.0,0.0024960654238206518,52.0,52.0,2017-06,2017,6
2017-05-10,20170510,20170509,20170510,3C5KXGO6,41.0,27,1,4,Won,541.0,0.87960311194699,1.0,1.0,2017-05,2017,5
2017-06-02,20170602,20170509,20170602,95532CI0,35.0,27,2,4,Won,4815.0,1.0,24.0,24.0,2017-06,2017,6
2017-05-12,20170512,20170509,20170512,Q0MRZHN7,44.0,34,3,4,Won,57.0,0.6613711103131493,3.0,3.0,2017-05,2017,5
2017-05-20,20170520,20170509,20170520,WAN7I53E,59.0,9,6,2,Lost,0.0,0.010861323687161707,11.0,11.0,2017-05,2017,5
2017-08-22,20170822,20170509,20170822,6C1DLYBH,59.0,9,3,2,Lost,0.0,0.6258574629809005,105.0,105.0,2017-08,2017,8
2017-05-17,20170517,20170509,20170517,ZC3UEHXG,53.0,21,5,4,Won,5406.0,1.0,8.0,8.0,2017-05,2017,5
2017-06-21,20170621,20170509,20170621,HJBVO8T4,21.0,24,1,2,Lost,0.0,0.07881762272749007,43.0,43.0,2017-06,2017,6
2017-08-04,20170804,20170509,20170804,5CJQB25J,77.0,24,4,2,Lost,0.0,0.002577949027350525,87.0,87.0,2017-08,2017,8
2017-05-20,20170520,20170509,20170520,O22S564Y,32.0,33,5,4,Won,5042.0,1.0,11.0,11.0,2017-05,2017,5
2017-05-23,20170523,20170509,20170523,UO62J3M0,58.0,33,2,4,Won,3969.0,0.9999999999999274,14.0,14.0,2017-05,2017,5
2017-08-21,20170821,20170510,20170821,KLZ95C62,15.0,1,3,2,Lost,0.0,0.6292017241469511,103.0,103.0,2017-08,2017,8
2017-08-04,20170804,20170510,20170804,ROBBKT4T,39.0,1,3,4,Won,59.0,0.733121371301149,86.0,86.0,2017-08,2017,8
2017-05-16,20170516,20170510,20170516,FPTY1B79,69.0,19,1,4,Won,629.0,0.9614639445605453,6.0,6.0,2017-05,2017,5
2017-05-16,20170516,20170510,20170516,AP3405RD,19.0,2,3,4,Won,57.0,0.7476728228773041,6.0,6.0,2017-05,2017,5
2017-05-14,20170514,20170510,20170514,AVZ1BG3K,44.0,13,4,2,Lost,0.0,0.0042607437013232104,4.0,4.0,2017-05,2017,5
2017-08-06,20170806,20170510,20170806,FXLA39YR,63.0,13,2,4,Won,4861.0,1.0,88.0,88.0,2017-08,2017,8
2017-09-03,20170903,20170510,20170903,Q9GJ1LJT,56.0,18,4,2,Lost,0.0,0.005387135826479247,116.0,116.0,2017-09,2017,9
2017-08-01,20170801,20170510,20170801,P9VFKNR0,19.0,10,2,2,Lost,0.0,0.007122529642190605,83.0,83.0,2017-08,2017,8
2017-05-30,20170530,20170510,20170530,WQ5WIP35,85.0,10,6,4,Won,980.0,0.9737215542746949,20.0,20.0,2017-05,2017,5
2017-05-17,20170517,20170510,20170517,X5YVW7O5,74.0,20,5,2,Lost,0.0,0.0022885516569868007,7.0,7.0,2017-05,2017,5
2017-05-22,20170522,20170510,20170522,DWCDI7Q2,84.0,20,4,2,Lost,0.0,0.003339894977278629,12.0,12.0,2017-05,2017,5
2017-08-24,20170824,20170510,20170824,XH01XH1F,42.0,15,2,2,Lost,0.0,0.00450097522991654,106.0,106.0,2017-08,2017,8
2017-08-10,20170810,20170510,20170810,U48PDN1F,9.0,8,2,4,Won,5361.0,1.0,92.0,92.0,2017-08,2017,8
2017-08-11,20170811,20170510,20170811,QO0MQUOY,46.0,30,4,2,Lost,0.0,0.004819809400609228,93.0,93.0,2017-08,2017,8
2017-08-25,20170825,20170510,20170825,UMMMBBS6,32.0,32,1,2,Lost,0.0,0.20825480236698396,107.0,107.0,2017-08,2017,8
2017-09-14,20170914,20170510,20170914,53ZXALR1,22.0,31,6,4,Won,1220.0,0.9990127062455479,127.0,127.0,2017-09,2017,9
2017-05-22,20170522,20170510,20170522,VQUCVSOL,17.0,27,3,2,Lost,0.0,0.41572497204615155,12.0,12.0,2017-05,2017,5
2017-05-16,20170516,20170510,20170516,2NN7T8LG,64.0,27,4,2,Lost,0.0,0.002655797126968901,6.0,6.0,2017-05,2017,5
2017-09-04,20170904,20170510,20170904,SLCWM9BH,61.0,27,1,4,Won,464.0,0.9189010915888333,117.0,117.0,2017-09,2017,9
2017-05-24,20170524,20170510,20170524,974QGNBZ,28.0,7,4,4,Won,3604.0,0.9999999999970788,14.0,14.0,2017-05,2017,5
2017-08-21,20170821,20170510,20170821,T8E8EDZS,23.0,5,1,4,Won,529.0,0.9290048695762428,103.0,103.0,2017-08,2017,8
2017-09-19,20170919,20170510,20170919,9C2RRH1Q,72.0,9,6,2,Lost,0.0,0.012256713138381751,132.0,132.0,2017-09,2017,9
2017-05-18,20170518,20170510,20170518,H26RG9KC,33.0,25,4,2,Lost,0.0,0.002490404395630667,8.0,8.0,2017-05,2017,5
2017-05-12,20170512,20170510,20170512,R034IT17,8.0,14,3,4,Won,54.0,0.6875721160917807,2.0,2.0,2017-05,2017,5
2017-05-28,20170528,20170510,20170528,H6CG7TPM,1.0,12,6,4,Won,1022.0,0.9854502397280236,18.0,18.0,2017-05,2017,5
2017-08-03,20170803,20170511,20170803,KV1EXWQG,59.0,1,6,2,Lost,0.0,0.023641764072432663,84.0,84.0,2017-08,2017,8
2017-05-26,20170526,20170511,20170526,P4GX3HZH,19.0,1,3,4,Won,52.0,0.7668188563118974,15.0,15.0,2017-05,2017,5
2017-08-11,20170811,20170511,20170811,GACP1E2I,4.0,10,2,4,Won,5037.0,1.0,92.0,92.0,2017-08,2017,8
2017-06-29,20170629,20170511,20170629,ASW97JK3,29.0,10,2,4,Won,4709.0,0.9999999999999998,49.0,49.0,2017-06,2017,6
2017-05-20,20170520,20170511,20170520,XBYJ3NUR,73.0,10,3,4,Won,60.0,0.6774762059414688,9.0,9.0,2017-05,2017,5
2017-08-24,20170824,20170511,20170824,4Q2GV039,66.0,10,4,4,Won,3766.0,0.9999999999998335,105.0,105.0,2017-08,2017,8
2017-08-11,20170811,20170511,20170811,ZA1YVJQC,18.0,15,4,4,Won,3552.0,0.9999999999982907,92.0,92.0,2017-08,2017,8
2017-09-02,20170902,20170511,20170902,59XUUWAQ,6.0,32,3,2,Lost,0.0,0.6497172043929855,114.0,114.0,2017-09,2017,9
2017-08-03,20170803,20170511,20170803,GGXEKX47,34.0,32,4,2,Lost,0.0,0.004451571525881594,84.0,84.0,2017-08,2017,8
2017-05-30,20170530,20170511,20170530,N00L26DN,42.0,31,2,2,Lost,0.0,0.002958170005599112,19.0,19.0,2017-05,2017,5
2017-08-03,20170803,20170511,20170803,8JP05QQR,21.0,27,4,2,Lost,0.0,0.0021796093559405087,84.0,84.0,2017-08,2017,8
2017-05-22,20170522,20170511,20170522,0BG8WJSX,24.0,34,1,2,Lost,0.0,0.13165574582680106,11.0,11.0,2017-05,2017,5
2017-05-25,20170525,20170511,20170525,ZQVUQ5CJ,73.0,5,1,4,Won,472.0,0.8805341022209188,14.0,14.0,2017-05,2017,5
2017-05-20,20170520,20170511,20170520,ZFVG8LP2,10.0,24,3,4,Won,56.0,0.6790237457051073,9.0,9.0,2017-05,2017,5
2017-06-16,20170616,20170511,20170616,P2ST849C,53.0,12,3,4,Won,57.0,0.617936182279685,36.0,36.0,2017-06,2017,6
2017-08-04,20170804,20170511,20170804,6CPBVF9F,49.0,16,4,2,Lost,0.0,0.00497976855138864,85.0,85.0,2017-08,2017,8
2017-08-17,20170817,20170511,20170817,6ID18IJX,51.0,33,6,4,Won,776.0,0.9469216102233461,98.0,98.0,2017-08,2017,8
2017-05-23,20170523,20170512,20170523,WSPM5X5V,30.0,1,3,2,Lost,0.0,0.671968695765825,11.0,11.0,2017-05,2017,5
2017-06-10,20170610,20170512,20170610,7SF3PMMY,11.0,2,3,4,Won,61.0,0.6194813815031689,29.0,29.0,2017-06,2017,6
2017-05-27,20170527,20170512,20170527,CZF82O5B,36.0,2,4,4,Won,3831.0,0.9999999999997014,15.0,15.0,2017-05,2017,5
2017-08-24,20170824,20170512,20170824,BLLYPR3S,69.0,13,4,2,Lost,0.0,0.004890819526563039,104.0,104.0,2017-08,2017,8
2017-08-09,20170809,20170512,20170809,6VLA3FDQ,57.0,8,3,4,Won,52.0,0.7564442417295079,89.0,89.0,2017-08,2017,8
2017-08-01,20170801,20170512,20170801,YL98GKZF,31.0,30,2,2,Lost,0.0,0.004319507445143908,81.0,81.0,2017-08,2017,8
2017-05-20,20170520,20170512,20170520,G43QQLLF,15.0,6,4,2,Lost,0.0,0.003090366870147239,8.0,8.0,2017-05,2017,5
2017-05-20,20170520,20170512,20170520,1DZNTUSA,47.0,32,2,2,Lost,0.0,0.003098487546517218,8.0,8.0,2017-05,2017,5
2017-08-03,20170803,20170512,20170803,G5Z0FWAX,44.0,31,2,2,Lost,0.0,0.005463999374009318,83.0,83.0,2017-08,2017,8
2017-06-22,20170622,20170512,20170622,Z3FOWY9N,61.0,31,5,4,Won,5698.0,1.0,41.0,41.0,2017-06,2017,6
2017-05-22,20170522,20170512,20170522,S4OLFL40,59.0,4,1,4,Won,595.0,0.9530867500618027,10.0,10.0,2017-05,2017,5
2017-08-12,20170812,20170512,20170812,LPY6VIZV,11.0,7,5,2,Lost,0.0,0.0059328185134907814,92.0,92.0,2017-08,2017,8
2017-08-23,20170823,20170512,20170823,QQ96SPTU,51.0,34,6,4,Won,1144.0,0.9983742501962504,103.0,103.0,2017-08,2017,8
2017-09-15,20170915,20170512,20170915,5YLCW6L5,23.0,5,3,4,Won,61.0,0.695124781620145,126.0,126.0,2017-09,2017,9
2017-05-24,20170524,20170512,20170524,IQ8MEPW9,1.0,21,2,2,Lost,0.0,0.002809447460804914,12.0,12.0,2017-05,2017,5
2017-08-13,20170813,20170512,20170813,AZX4XC81,44.0,21,4,2,Lost,0.0,0.007592561443654213,93.0,93.0,2017-08,2017,8
2017-05-15,20170515,20170512,20170515,GO4G2L4X,56.0,21,4,4,Won,3510.0,0.9999999999962217,3.0,3.0,2017-05,2017,5
2017-08-04,20170804,20170512,20170804,9HKP3RBS,44.0,14,1,4,Won,513.0,0.9373299543674806,84.0,84.0,2017-08,2017,8
2017-08-14,20170814,20170512,20170814,ER3G544S,72.0,3,4,2,Lost,0.0,0.00533688759504158,94.0,94.0,2017-08,2017,8
2017-08-11,20170811,20170512,20170811,YQFF7GFK,38.0,3,6,4,Won,1083.0,0.9967592084317402,91.0,91.0,2017-08,2017,8
2017-05-26,20170526,20170512,20170526,1D1EJE8U,61.0,24,1,2,Lost,0.0,0.14623616600308517,14.0,14.0,2017-05,2017,5
2017-08-23,20170823,20170512,20170823,5BAGWGAG,12.0,24,5,4,Won,5987.0,1.0,103.0,103.0,2017-08,2017,8
2017-06-28,20170628,20170513,20170628,V1ROZMCX,15.0,1,6,4,Won,1041.0,0.9935372695684954,46.0,46.0,2017-06,2017,6
2017-08-04,20170804,20170513,20170804,CEQ3J96G,25.0,1,3,4,Won,54.0,0.6877852548531699,83.0,83.0,2017-08,2017,8
2017-06-01,20170601,20170513,20170601,P96S0ATV,48.0,22,4,4,Won,2677.0,0.9999999900930833,19.0,19.0,2017-06,2017,6
2017-05-27,20170527,20170513,20170527,GXKR6EG9,60.0,2,4,4,Won,3558.0,0.9999999999978171,14.0,14.0,2017-05,2017,5
2017-08-08,20170808,20170513,20170808,XA4PGIHG,69.0,13,1,2,Lost,0.0,0.12011285101742251,87.0,87.0,2017-08,2017,8
2017-08-20,20170820,20170513,20170820,INBSL1I4,56.0,13,6,4,Won,866.0,0.9798953993599284,99.0,99.0,2017-08,2017,8
2017-08-24,20170824,20170513,20170824,4N2KE2ER,12.0,10,6,4,Won,987.0,0.9937921371329357,103.0,103.0,2017-08,2017,8
2017-08-15,20170815,20170513,20170815,UJSFG18F,19.0,10,4,4,Won,3290.0,0.9999999999801692,94.0,94.0,2017-08,2017,8
2017-08-09,20170809,20170513,20170809,R9TWUEAT,78.0,20,5,2,Lost,0.0,0.00355517441318255,88.0,88.0,2017-08,2017,8
2017-05-19,20170519,20170513,20170519,3K97S8L9,18.0,20,4,2,Lost,0.0,0.0038725538063794957,6.0,6.0,2017-05,2017,5
2017-05-17,20170517,20170513,20170517,QWR1O5R9,49.0,20,4,2,Lost,0.0,0.002360301405212156,4.0,4.0,2017-05,2017,5
2017-09-13,20170913,20170513,20170913,0MZIJDPM,22.0,28,3,4,Won,54.0,0.7327235686243164,123.0,123.0,2017-09,2017,9
2017-05-17,20170517,20170513,20170517,FNQYVW3T,64.0,26,5,4,Won,4627.0,0.9999999999999998,4.0,4.0,2017-05,2017,5
2017-08-22,20170822,20170513,20170822,CO6JN5NH,33.0,30,1,2,Lost,0.0,0.1363641500315924,101.0,101.0,2017-08,2017,8
2017-09-06,20170906,20170513,20170906,D6XIVDQF,11.0,6,2,4,Won,5625.0,1.0,116.0,116.0,2017-09,2017,9
2017-05-15,20170515,20170513,20170515,CQXYCHKN,28.0,4,1,2,Lost,0.0,0.04198132574001277,2.0,2.0,2017-05,2017,5
2017-08-23,20170823,20170513,20170823,TWXUDY78,64.0,27,3,4,Won,57.0,0.6892729230485963,102.0,102.0,2017-08,2017,8
2017-08-24,20170824,20170513,20170824,OPL7DH0Q,19.0,9,6,2,Lost,0.0,0.017078985705040274,103.0,103.0,2017-08,2017,8
2017-08-01,20170801,20170513,20170801,5VKRCTJE,64.0,25,6,4,Won,1032.0,0.9930592588192974,80.0,80.0,2017-08,2017,8
2017-05-17,20170517,20170513,20170517,7DDD3NZ2,53.0,14,1,4,Won,567.0,0.915146698808075,4.0,4.0,2017-05,2017,5
2017-05-19,20170519,20170513,20170519,QL97HH1Y,19.0,3,3,4,Won,58.0,0.76621743987121,6.0,6.0,2017-05,2017,5
2017-08-25,20170825,20170514,20170825,9KN4MG14,30.0,1,5,2,Lost,0.0,0.012789672521823047,103.0,103.0,2017-08,2017,8
2017-05-22,20170522,20170514,20170522,4V3TLIGG,60.0,1,3,4,Won,50.0,0.7595079899496043,8.0,8.0,2017-05,2017,5
2017-08-02,20170802,20170514,20170802,BWRNVTNR,49.0,19,1,2,Lost,0.0,0.1151652469681641,80.0,80.0,2017-08,2017,8
2017-06-01,20170601,20170514,20170601,0H4AHJRI,8.0,18,1,2,Lost,0.0,0.11686503062646768,18.0,18.0,2017-06,2017,6
2017-06-24,20170624,20170514,20170624,S9WJ9NAS,30.0,10,3,4,Won,59.0,0.7651106051451854,41.0,41.0,2017-06,2017,6
2017-08-14,20170814,20170514,20170814,BCA3ICIO,74.0,20,5,2,Lost,0.0,0.0032355519842058177,92.0,92.0,2017-08,2017,8
2017-08-06,20170806,20170514,20170806,F914VHA3,7.0,20,1,4,Won,525.0,0.9000720251469474,84.0,84.0,2017-08,2017,8
2017-08-02,20170802,20170514,20170802,1CZU97OX,64.0,30,5,4,Won,5525.0,1.0,80.0,80.0,2017-08,2017,8
2017-05-28,20170528,20170514,20170528,4BPA17HF,83.0,34,1,4,Won,628.0,0.9711620252688786,14.0,14.0,2017-05,2017,5
2017-05-22,20170522,20170514,20170522,LAOGNZOU,36.0,34,6,4,Won,902.0,0.9691448817351359,8.0,8.0,2017-05,2017,5
2017-06-07,20170607,20170514,20170607,V3KGPHH9,66.0,9,6,4,Won,1064.0,0.996290134094174,24.0,24.0,2017-06,2017,6
2017-08-20,20170820,20170514,20170820,RNH95U0V,84.0,21,5,4,Won,6346.0,1.0,98.0,98.0,2017-08,2017,8
2017-05-24,20170524,20170514,20170524,ZJ1BOSNL,78.0,21,4,4,Won,3089.0,0.9999999997548401,10.0,10.0,2017-05,2017,5
2017-05-18,20170518,20170514,20170518,0X1AY1FM,65.0,25,4,4,Won,3484.0,0.9999999999910232,4.0,4.0,2017-05,2017,5
2017-08-24,20170824,20170514,20170824,D821LEQV,39.0,3,3,2,Lost,0.0,0.6380780191692434,102.0,102.0,2017-08,2017,8
2017-08-06,20170806,20170514,20170806,B1O27MFD,60.0,3,3,2,Lost,0.0,0.7290842474726621,84.0,84.0,2017-08,2017,8
2017-05-16,20170516,20170514,20170516,UOUG01WG,3.0,3,3,4,Won,68.0,0.6879933515537677,2.0,2.0,2017-05,2017,5
2017-08-16,20170816,20170514,20170816,3X2HOUYU,21.0,24,1,4,Won,575.0,0.9485267395673471,94.0,94.0,2017-08,2017,8
2017-05-17,20170517,20170514,20170517,V135X5B7,78.0,12,4,4,Won,3720.0,0.9999999999988978,3.0,3.0,2017-05,2017,5
2017-05-27,20170527,20170514,20170527,WUXGF870,36.0,33,5,2,Lost,0.0,0.00346072015827814,13.0,13.0,2017-05,2017,5
2017-06-27,20170627,20170515,20170627,ENE1HNL3,7.0,19,6,4,Won,1078.0,0.9937867366453261,43.0,43.0,2017-06,2017,6
2017-05-23,20170523,20170515,20170523,C8SWZNON,69.0,19,2,4,Won,3717.0,0.9999999999990439,8.0,8.0,2017-05,2017,5
2017-05-30,20170530,20170515,20170530,EXMA7FRC,36.0,2,6,4,Won,1129.0,0.9966712867161456,15.0,15.0,2017-05,2017,5
2017-09-15,20170915,20170515,20170915,8H1VRXAK,74.0,18,1,4,Won,536.0,0.9258567959116382,123.0,123.0,2017-09,2017,9
2017-06-25,20170625,20170515,20170625,10QXTLQX,1.0,18,2,4,Won,5857.0,1.0,41.0,41.0,2017-06,2017,6
2017-09-08,20170908,20170515,20170908,5BRZKG6Y,6.0,26,3,2,Lost,0.0,0.6624413470463636,116.0,116.0,2017-09,2017,9
2017-05-25,20170525,20170515,20170525,BHV4K3VV,79.0,31,1,4,Won,549.0,0.9332169130384254,10.0,10.0,2017-05,2017,5
2017-09-07,20170907,20170515,20170907,BOHWQ1B3,68.0,4,3,4,Won,61.0,0.6979523762123244,115.0,115.0,2017-09,2017,9
2017-08-07,20170807,20170515,20170807,K4KNZQY6,61.0,27,5,2,Lost,0.0,0.0069465274497699575,84.0,84.0,2017-08,2017,8
2017-08-10,20170810,20170515,20170810,9WUD1Q5D,72.0,7,3,2,Lost,0.0,0.6374536727088101,87.0,87.0,2017-08,2017,8
2017-08-21,20170821,20170515,20170821,KAPP0SBT,9.0,7,4,2,Lost,0.0,0.007163743342687175,98.0,98.0,2017-08,2017,8
2017-08-13,20170813,20170515,20170813,XSWTUMGY,21.0,34,1,2,Lost,0.0,0.08821297015325547,90.0,90.0,2017-08,2017,8
2017-09-10,20170910,20170515,20170910,KS9B13NQ,6.0,34,6,4,Won,1101.0,0.9965724409322557,118.0,118.0,2017-09,2017,9
2017-08-11,20170811,20170515,20170811,S983P5KR,38.0,9,1,2,Lost,0.0,0.09170633399908176,88.0,88.0,2017-08,2017,8
2017-06-27,20170627,20170515,20170627,K0ZYCW3U,19.0,9,1,4,Won,603.0,0.9667598284028837,43.0,43.0,2017-06,2017,6
2017-09-05,20170905,20170515,20170905,SFCT64YG,38.0,9,1,4,Won,545.0,0.9374516684926775,113.0,113.0,2017-09,2017,9
2017-05-30,20170530,20170515,20170530,DUM5AP8P,75.0,21,4,2,Lost,0.0,0.004801982549248309,15.0,15.0,2017-05,2017,5
2017-05-26,20170526,20170515,20170526,RNV54AZ7,80.0,14,5,2,Lost,0.0,0.006164305612525163,11.0,11.0,2017-05,2017,5
2017-08-25,20170825,20170515,20170825,AVNVFAIR,21.0,24,6,4,Won,959.0,0.9847416396040906,102.0,102.0,2017-08,2017,8
2017-06-03,20170603,20170515,20170603,TEJBT5CP,44.0,24,6,4,Won,1208.0,0.99849281462066,19.0,19.0,2017-06,2017,6
2017-08-19,20170819,20170515,20170819,UFALPP82,32.0,24,2,4,Won,4246.0,0.9999999999999964,96.0,96.0,2017-08,2017,8
2017-09-26,20170926,20170515,20170926,NHA6MNJF,84.0,12,4,4,Won,3061.0,0.9999999998685161,134.0,134.0,2017-09,2017,9
2017-06-21,20170621,20170515,20170621,S3UOGUU5,58.0,33,2,2,Lost,0.0,0.004615061229159744,37.0,37.0,2017-06,2017,6
2017-08-13,20170813,20170516,20170813,TSRHYEOQ,12.0,19,2,2,Lost,0.0,0.006731177550673525,89.0,89.0,2017-08,2017,8
2017-08-13,20170813,20170516,20170813,K44WX2BT,48.0,20,4,4,Won,3351.0,0.9999999999755438,89.0,89.0,2017-08,2017,8
2017-05-30,20170530,20170516,20170530,XD6R8R5B,36.0,26,4,4,Won,3153.0,0.9999999998812732,14.0,14.0,2017-05,2017,5
2017-05-20,20170520,20170516,20170520,CEGQ4V9F,44.0,30,6,2,Lost,0.0,0.013138094354808198,4.0,4.0,2017-05,2017,5
2017-05-27,20170527,20170516,20170527,58DMWXXI,41.0,30,5,2,Lost,0.0,0.004431321970432827,11.0,11.0,2017-05,2017,5
2017-08-22,20170822,20170516,20170822,8GYJOE85,36.0,32,1,2,Lost,0.0,0.142285275629273,98.0,98.0,2017-08,2017,8
2017-06-06,20170606,20170516,20170606,KJP1JFKX,36.0,32,1,4,Won,533.0,0.9340200919152014,21.0,21.0,2017-06,2017,6
2017-08-24,20170824,20170516,20170824,LGK00C12,4.0,4,1,2,Lost,0.0,0.09476829768870255,100.0,100.0,2017-08,2017,8
2017-06-01,20170601,20170516,20170601,1F950BGI,28.0,4,3,4,Won,56.0,0.4471347191693749,16.0,16.0,2017-06,2017,6
2017-05-24,20170524,20170516,20170524,1KV8WY84,67.0,7,6,2,Lost,0.0,0.008026114761782482,8.0,8.0,2017-05,2017,5
2017-08-04,20170804,20170516,20170804,FN080GSV,24.0,34,1,4,Won,522.0,0.9554263691111327,80.0,80.0,2017-08,2017,8
2017-08-20,20170820,20170516,20170820,XR3BL1JL,32.0,25,3,4,Won,54.0,0.7372674520468305,96.0,96.0,2017-08,2017,8
2017-05-27,20170527,20170516,20170527,YD38G676,35.0,24,4,2,Lost,0.0,0.0027713464351415435,11.0,11.0,2017-05,2017,5
2017-09-07,20170907,20170516,20170907,4AS1VXQM,58.0,24,2,4,Won,5154.0,1.0,114.0,114.0,2017-09,2017,9
2017-08-16,20170816,20170516,20170816,UW6FSSDK,1.0,12,3,2,Lost,0.0,0.4825542599447245,92.0,92.0,2017-08,2017,8
2017-09-16,20170916,20170516,20170916,GYC77KNM,27.0,16,4,4,Won,3483.0,0.9999999999957179,123.0,123.0,2017-09,2017,9
2017-05-25,20170525,20170517,20170525,HS58SPS7,8.0,19,3,2,Lost,0.0,0.6005722499759374,8.0,8.0,2017-05,2017,5
2017-08-11,20170811,20170517,20170811,5BGYQS4R,23.0,10,6,4,Won,1110.0,0.9961456290316278,86.0,86.0,2017-08,2017,8
2017-05-27,20170527,20170517,20170527,YMS8IG4L,74.0,20,1,4,Won,441.0,0.7271414314572616,10.0,10.0,2017-05,2017,5
2017-08-08,20170808,20170517,20170808,NISR8D1V,36.0,28,1,4,Won,553.0,0.9457441700265787,83.0,83.0,2017-08,2017,8
2017-06-04,20170604,20170517,20170604,T4MF2SMF,61.0,26,4,4,Won,3624.0,0.999999999999005,18.0,18.0,2017-06,2017,6
2017-05-31,20170531,20170517,20170531,G6PDDHMN,28.0,6,1,2,Lost,0.0,0.07102689746076352,14.0,14.0,2017-05,2017,5
2017-08-22,20170822,20170517,20170822,S2GG93I6,22.0,32,2,2,Lost,0.0,0.006294998546808526,97.0,97.0,2017-08,2017,8
2017-08-08,20170808,20170517,20170808,I99AI8C5,15.0,4,3,2,Lost,0.0,0.45688495850506,83.0,83.0,2017-08,2017,8
2017-08-12,20170812,20170517,20170812,8W87JE97,44.0,27,2,2,Lost,0.0,0.003865564726049308,87.0,87.0,2017-08,2017,8
2017-08-18,20170818,20170517,20170818,RQM0PS59,41.0,27,3,2,Lost,0.0,0.47188345996463565,93.0,93.0,2017-08,2017,8
2017-08-18,20170818,20170517,20170818,483NKH0E,54.0,27,2,4,Won,4644.0,0.9999999999999998,93.0,93.0,2017-08,2017,8
2017-05-29,20170529,20170517,20170529,G6QI40AT,74.0,14,3,2,Lost,0.0,0.4066574186687277,12.0,12.0,2017-05,2017,5
2017-09-20,20170920,20170517,20170920,UQY5TEE8,11.0,3,3,4,Won,51.0,0.7121618969822081,126.0,126.0,2017-09,2017,9
2017-09-08,20170908,20170517,20170908,AXHNVQPQ,31.0,24,2,4,Won,4573.0,0.9999999999999998,114.0,114.0,2017-09,2017,9
2017-08-01,20170801,20170517,20170801,N2KXGJO3,63.0,12,4,4,Won,3033.0,0.9999999997302365,76.0,76.0,2017-08,2017,8
2017-05-26,20170526,20170517,20170526,DDP76LIP,35.0,33,3,2,Lost,0.0,0.4140626891118961,9.0,9.0,2017-05,2017,5
2017-05-24,20170524,20170518,20170524,43AH1M09,76.0,1,3,2,Lost,0.0,0.6134828370047174,6.0,6.0,2017-05,2017,5
2017-06-02,20170602,20170518,20170602,852ZZB90,59.0,1,3,4,Won,58.0,0.7549054029549632,15.0,15.0,2017-06,2017,6
2017-09-15,20170915,20170518,20170915,V2GGEAOC,68.0,1,3,4,Won,51.0,0.7961553714408375,120.0,120.0,2017-09,2017,9
2017-08-02,20170802,20170518,20170802,0Y8HO91H,48.0,19,2,4,Won,4873.0,1.0,76.0,76.0,2017-08,2017,8
2017-06-07,20170607,20170518,20170607,PNUBACZM,39.0,10,2,4,Won,4606.0,0.9999999999999998,20.0,20.0,2017-06,2017,6
2017-09-05,20170905,20170518,20170905,DPT11UGS,40.0,20,6,4,Won,995.0,0.9907513799404426,110.0,110.0,2017-09,2017,9
2017-08-10,20170810,20170518,20170810,GQFRHJF6,74.0,20,2,4,Won,4581.0,0.9999999999999996,84.0,84.0,2017-08,2017,8
2017-08-14,20170814,20170518,20170814,S8ALJKKH,48.0,15,2,4,Won,4671.0,0.9999999999999998,88.0,88.0,2017-08,2017,8
2017-09-10,20170910,20170518,20170910,L71FBIF7,4.0,7,3,2,Lost,0.0,0.6840670779295975,115.0,115.0,2017-09,2017,9
2017-06-11,20170611,20170518,20170611,HU6IS6Q2,16.0,7,5,4,Won,5241.0,1.0,24.0,24.0,2017-06,2017,6
2017-05-22,20170522,20170518,20170522,UXFEJC9Q,50.0,34,6,4,Won,1082.0,0.993798000498384,4.0,4.0,2017-05,2017,5
2017-06-05,20170605,20170518,20170605,D4Z6IL8W,60.0,9,1,4,Won,616.0,0.9664470748527794,18.0,18.0,2017-06,2017,6
2017-08-14,20170814,20170518,20170814,5FG7S674,82.0,14,3,2,Lost,0.0,0.638499585342986,88.0,88.0,2017-08,2017,8
2017-05-24,20170524,20170518,20170524,KJXB9Q7O,23.0,3,3,2,Lost,0.0,0.5157260948606835,6.0,6.0,2017-05,2017,5
2017-06-25,20170625,20170518,20170625,KN3H2R4V,79.0,33,1,2,Lost,0.0,0.08130908888260564,38.0,38.0,2017-06,2017,6
2017-05-23,20170523,20170518,20170523,20QTAZ1L,47.0,33,3,2,Lost,0.0,0.3724694469947673,5.0,5.0,2017-05,2017,5
2017-06-03,20170603,20170518,20170603,NJCI3Y9S,12.0,33,2,4,Won,4642.0,0.9999999999999998,16.0,16.0,2017-06,2017,6
2017-06-27,20170627,20170519,20170627,OATOYNX2,4.0,1,3,4,Won,63.0,0.7346176539064404,39.0,39.0,2017-06,2017,6
2017-05-20,20170520,20170519,20170520,GAH11YHT,44.0,22,4,2,Lost,0.0,0.003991695693773401,1.0,1.0,2017-05,2017,5
2017-06-01,20170601,20170519,20170601,FT8227WB,82.0,19,6,2,Lost,0.0,0.013056290385213836,13.0,13.0,2017-06,2017,6
2017-08-19,20170819,20170519,20170819,0XHTFQE8,2.0,19,6,4,Won,1131.0,0.9969017917887482,92.0,92.0,2017-08,2017,8
2017-09-04,20170904,20170519,20170904,6I76NXTK,26.0,13,1,4,Won,503.0,0.9070644437890754,108.0,108.0,2017-09,2017,9
2017-08-03,20170803,20170519,20170803,0FLFT1R4,48.0,13,1,4,Won,516.0,0.9364374938142657,76.0,76.0,2017-08,2017,8
2017-09-01,20170901,20170519,20170901,QX4VN0WB,49.0,18,1,4,Won,592.0,0.9652058446451766,105.0,105.0,2017-09,2017,9
2017-08-27,20170827,20170519,20170827,14V0RQBV,72.0,10,2,2,Lost,0.0,0.00499057051875926,100.0,100.0,2017-08,2017,8
2017-09-11,20170911,20170519,20170911,2G82J8WD,76.0,10,2,4,Won,4914.0,1.0,115.0,115.0,2017-09,2017,9
2017-06-01,20170601,20170519,20170601,00KY25OA,12.0,20,1,4,Won,564.0,0.9418415672996887,13.0,13.0,2017-06,2017,6
2017-05-27,20170527,20170519,20170527,QDDD0L2Y,42.0,28,3,2,Lost,0.0,0.4523949538424147,8.0,8.0,2017-05,2017,5
2017-06-01,20170601,20170519,20170601,6TN4T6HN,31.0,26,6,4,Won,964.0,0.9848346827055761,13.0,13.0,2017-06,2017,6
2017-09-09,20170909,20170519,20170909,VA2JJZXD,60.0,6,2,2,Lost,0.0,0.009011690418409895,113.0,113.0,2017-09,2017,9
2017-06-02,20170602,20170519,20170602,MQY3YOQS,25.0,6,1,4,Won,583.0,0.9409882283800495,14.0,14.0,2017-06,2017,6
2017-08-15,20170815,20170519,20170815,3YWITFR5,59.0,4,1,4,Won,440.0,0.8725244696987142,88.0,88.0,2017-08,2017,8
2017-08-31,20170831,20170519,20170831,BEKQZ411,38.0,5,3,4,Won,58.0,0.7148192361352376,104.0,104.0,2017-08,2017,8
2017-05-26,20170526,20170519,20170526,PK0T5N02,37.0,21,6,4,Won,1093.0,0.9957084659784013,7.0,7.0,2017-05,2017,5
2017-08-12,20170812,20170519,20170812,DTSCBNCX,18.0,12,6,2,Lost,0.0,0.02490415422274311,85.0,85.0,2017-08,2017,8
2017-08-01,20170801,20170520,20170801,TUDKP25E,57.0,1,4,2,Lost,0.0,0.007296343552772117,73.0,73.0,2017-08,2017,8
2017-05-27,20170527,20170520,20170527,E1OBRLYZ,82.0,22,1,4,Won,529.0,0.9413187176652159,7.0,7.0,2017-05,2017,5
2017-05-24,20170524,20170520,20170524,913RPKAD,69.0,19,2,4,Won,4839.0,1.0,4.0,4.0,2017-05,2017,5
2017-09-27,20170927,20170520,20170927,NJC209SC,9.0,10,2,4,Won,5961.0,1.0,130.0,130.0,2017-09,2017,9
2017-08-09,20170809,20170520,20170809,MMUC1AXI,30.0,10,2,4,Won,5647.0,1.0,81.0,81.0,2017-08,2017,8
2017-08-18,20170818,20170520,20170818,X66G66ZA,72.0,10,3,4,Won,56.0,0.7041292727304562,90.0,90.0,2017-08,2017,8
2017-08-05,20170805,20170520,20170805,PI2PHSBE,82.0,20,1,2,Lost,0.0,0.1097528117655233,77.0,77.0,2017-08,2017,8
2017-08-06,20170806,20170520,20170806,CYKC7RXH,42.0,20,2,2,Lost,0.0,0.0027508617320644094,78.0,78.0,2017-08,2017,8
2017-08-18,20170818,20170520,20170818,WXRWSVTT,42.0,15,1,4,Won,492.0,0.9066001828375112,90.0,90.0,2017-08,2017,8
2017-08-31,20170831,20170520,20170831,81NOKKSW,67.0,8,3,4,Won,68.0,0.6189788221196729,103.0,103.0,2017-08,2017,8
2017-09-14,20170914,20170520,20170914,CP3JY4PE,34.0,26,4,4,Won,3728.0,0.9999999999994984,117.0,117.0,2017-09,2017,9
2017-09-13,20170913,20170520,20170913,K2683261,55.0,32,6,4,Won,1082.0,0.9954218762655365,116.0,116.0,2017-09,2017,9
2017-08-21,20170821,20170520,20170821,MPCJV2LA,35.0,31,6,2,Lost,0.0,0.012169383471469937,93.0,93.0,2017-08,2017,8
2017-08-05,20170805,20170520,20170805,0DDBDPJU,25.0,4,1,4,Won,557.0,0.9102140571470219,77.0,77.0,2017-08,2017,8
2017-08-09,20170809,20170520,20170809,RXIQFV8D,19.0,9,3,4,Won,60.0,0.7284166520974756,81.0,81.0,2017-08,2017,8
2017-05-25,20170525,20170520,20170525,5RGYU88R,62.0,3,5,4,Won,5046.0,1.0,5.0,5.0,2017-05,2017,5
2017-08-04,20170804,20170520,20170804,F3P73EG4,30.0,3,3,4,Won,53.0,0.8053674490211881,76.0,76.0,2017-08,2017,8
2017-06-10,20170610,20170520,20170610,CRLWCEMY,66.0,3,4,4,Won,2807.0,0.9999999988597146,21.0,21.0,2017-06,2017,6
2017-08-23,20170823,20170520,20170823,3590U14O,54.0,24,2,2,Lost,0.0,0.003701522513649,95.0,95.0,2017-08,2017,8
2017-05-30,20170530,20170520,20170530,CFOYAHQ1,55.0,33,2,2,Lost,0.0,0.0018139308429542947,10.0,10.0,2017-05,2017,5
2017-08-11,20170811,20170521,20170811,IQ5ASHI1,4.0,1,1,4,Won,475.0,0.9240617291968103,82.0,82.0,2017-08,2017,8
2017-08-03,20170803,20170521,20170803,G378ZBNC,59.0,1,4,4,Won,3031.0,0.999999999797212,74.0,74.0,2017-08,2017,8
2017-08-09,20170809,20170521,20170809,6ZVC87CV,52.0,22,3,4,Won,53.0,0.76557241553469,80.0,80.0,2017-08,2017,8
2017-06-04,20170604,20170521,20170604,4Y1DYANE,78.0,19,6,4,Won,1112.0,0.9942458211910099,14.0,14.0,2017-06,2017,6
2017-09-11,20170911,20170521,20170911,PGYBGBU3,80.0,18,2,4,Won,4491.0,0.9999999999999996,113.0,113.0,2017-09,2017,9
2017-06-06,20170606,20170521,20170606,GQPQ6XBD,6.0,28,1,4,Won,562.0,0.9333343719619728,16.0,16.0,2017-06,2017,6
2017-06-04,20170604,20170521,20170604,G4KL8QWY,58.0,30,1,4,Won,593.0,0.9709779592728698,14.0,14.0,2017-06,2017,6
2017-08-30,20170830,20170521,20170830,GIVVPRQQ,36.0,6,2,4,Won,4606.0,0.9999999999999998,101.0,101.0,2017-08,2017,8
2017-08-11,20170811,20170521,20170811,JF178AXO,22.0,32,6,4,Won,1100.0,0.9970950980284587,82.0,82.0,2017-08,2017,8
2017-08-18,20170818,20170521,20170818,43NBMRFY,61.0,32,6,4,Won,1198.0,0.9992915117242765,89.0,89.0,2017-08,2017,8
2017-08-20,20170820,20170521,20170820,UQ67214Z,19.0,4,4,4,Won,3250.0,0.9999999999571392,91.0,91.0,2017-08,2017,8
2017-09-05,20170905,20170521,20170905,HDITQL1S,73.0,7,4,4,Won,2785.0,0.9999999980441052,107.0,107.0,2017-09,2017,9
2017-08-11,20170811,20170521,20170811,1WPONGOS,61.0,34,3,4,Won,49.0,0.7775360020699994,82.0,82.0,2017-08,2017,8
2017-05-25,20170525,20170521,20170525,UF0S02A4,38.0,5,4,2,Lost,0.0,0.002905265588228266,4.0,4.0,2017-05,2017,5
2017-09-15,20170915,20170521,20170915,ZG1DFNPW,4.0,5,1,4,Won,547.0,0.9528723670306698,117.0,117.0,2017-09,2017,9
2017-08-01,20170801,20170521,20170801,SS9FXCS2,4.0,9,3,4,Won,57.0,0.6331189575559992,72.0,72.0,2017-08,2017,8
2017-08-08,20170808,20170521,20170808,SHE8LB0Y,21.0,25,3,2,Lost,0.0,0.4486681837103917,79.0,79.0,2017-08,2017,8
2017-08-06,20170806,20170521,20170806,9D6NTQ16,79.0,25,3,2,Lost,0.0,0.52408330393919,77.0,77.0,2017-08,2017,8
2017-05-23,20170523,20170521,20170523,59N6QWQM,65.0,24,4,2,Lost,0.0,0.0033846644550858474,2.0,2.0,2017-05,2017,5
2017-08-05,20170805,20170521,20170805,ZHKJIJA1,10.0,24,1,4,Won,572.0,0.9629019928226671,76.0,76.0,2017-08,2017,8
2017-06-10,20170610,20170521,20170610,SDL8MJ4R,52.0,12,3,4,Won,48.0,0.7138434013694195,20.0,20.0,2017-06,2017,6
2017-05-31,20170531,20170522,20170531,G86OKJFV,39.0,1,5,2,Lost,0.0,0.00510525392346925,9.0,9.0,2017-05,2017,5
2017-09-08,20170908,20170522,20170908,HUCB9WIQ,13.0,10,4,2,Lost,0.0,0.0052073981775546865,109.0,109.0,2017-09,2017,9
2017-06-06,20170606,20170522,20170606,R8CMI00I,42.0,15,1,4,Won,555.0,0.9242853195626984,15.0,15.0,2017-06,2017,6
2017-09-02,20170902,20170522,20170902,T7HHH8HK,44.0,15,1,4,Won,476.0,0.9273241016065332,103.0,103.0,2017-09,2017,9
2017-06-14,20170614,20170522,20170614,407NLHJH,46.0,30,6,4,Won,1090.0,0.9952420100809785,23.0,23.0,2017-06,2017,6
2017-09-25,20170925,20170522,20170925,KD63LC6D,12.0,31,1,4,Won,584.0,0.9768767794631882,126.0,126.0,2017-09,2017,9
2017-08-14,20170814,20170522,20170814,TB27K4GC,24.0,27,7,4,Won,24745.0,1.0,84.0,84.0,2017-08,2017,8
2017-05-25,20170525,20170522,20170525,VN8YFKTN,12.0,21,2,2,Lost,0.0,0.006631211970978784,3.0,3.0,2017-05,2017,5
2017-05-27,20170527,20170522,20170527,NFFS1KSK,84.0,21,1,4,Won,512.0,0.9487405045886704,5.0,5.0,2017-05,2017,5
2017-06-07,20170607,20170522,20170607,V1T47SKL,83.0,24,3,4,Won,60.0,0.6901458008897894,16.0,16.0,2017-06,2017,6
2017-09-07,20170907,20170522,20170907,LFPY1Z14,36.0,33,2,2,Lost,0.0,0.0037917451923123575,108.0,108.0,2017-09,2017,9
2017-08-08,20170808,20170522,20170808,M6IGBW79,14.0,33,6,4,Won,1088.0,0.9971269389657553,78.0,78.0,2017-08,2017,8
2017-05-26,20170526,20170523,20170526,2QGI573A,71.0,13,1,4,Won,463.0,0.8563815698232864,3.0,3.0,2017-05,2017,5
2017-08-24,20170824,20170523,20170824,QW4QPPSY,27.0,20,6,4,Won,877.0,0.9661868066601861,93.0,93.0,2017-08,2017,8
2017-08-24,20170824,20170523,20170824,99L2TNR5,36.0,8,4,4,Won,3339.0,0.9999999999771165,93.0,93.0,2017-08,2017,8
2017-05-28,20170528,20170523,20170528,J8Y1OGY2,23.0,6,3,2,Lost,0.0,0.490908938003207,5.0,5.0,2017-05,2017,5
2017-08-20,20170820,20170523,20170820,7SJD7M9K,25.0,6,2,4,Won,4180.0,0.9999999999999889,89.0,89.0,2017-08,2017,8
2017-08-02,20170802,20170523,20170802,OKNOWHS3,46.0,31,6,2,Lost,0.0,0.012235134029713827,71.0,71.0,2017-08,2017,8
2017-05-26,20170526,20170523,20170526,VO8WTDHE,35.0,27,1,2,Lost,0.0,0.05237312246360522,3.0,3.0,2017-05,2017,5
2017-08-14,20170814,20170523,20170814,5FX5TX9L,35.0,27,5,4,Won,4642.0,0.9999999999999998,83.0,83.0,2017-08,2017,8
2017-09-13,20170913,20170523,20170913,TLT4JJ0U,76.0,7,4,2,Lost,0.0,0.007488029652735101,113.0,113.0,2017-09,2017,9
2017-09-08,20170908,20170523,20170908,RA77E84P,29.0,9,1,4,Won,578.0,0.9300659647945497,108.0,108.0,2017-09,2017,9
2017-08-11,20170811,20170523,20170811,7U225819,30.0,3,4,4,Won,3285.0,0.9999999999816733,80.0,80.0,2017-08,2017,8
2017-08-12,20170812,20170523,20170812,075SHVO3,54.0,24,3,2,Lost,0.0,0.5099762423177179,81.0,81.0,2017-08,2017,8
2017-08-29,20170829,20170523,20170829,HHNFD7DX,78.0,12,6,2,Lost,0.0,0.012640511902581121,98.0,98.0,2017-08,2017,8
2017-05-31,20170531,20170523,20170531,PA55AGYL,10.0,33,2,4,Won,5212.0,1.0,8.0,8.0,2017-05,2017,5
2017-09-24,20170924,20170524,20170924,V93ZA48C,20.0,19,1,4,Won,614.0,0.9654258822745112,123.0,123.0,2017-09,2017,9
2017-09-13,20170913,20170524,20170913,TR3TXXHF,8.0,19,5,4,Won,5778.0,1.0,112.0,112.0,2017-09,2017,9
2017-09-10,20170910,20170524,20170910,SURL8H49,8.0,20,4,4,Won,3521.0,0.9999999999965381,109.0,109.0,2017-09,2017,9
2017-09-21,20170921,20170524,20170921,POXC3DA1,43.0,15,5,2,Lost,0.0,0.005444835249548714,120.0,120.0,2017-09,2017,9
2017-08-06,20170806,20170524,20170806,KMGXUADZ,60.0,8,2,4,Won,5109.0,1.0,74.0,74.0,2017-08,2017,8
2017-06-20,20170620,20170524,20170620,X5IZZ69D,17.0,30,1,2,Lost,0.0,0.09960615351648885,27.0,27.0,2017-06,2017,6
2017-09-18,20170918,20170524,20170918,X58FLJ8K,47.0,30,5,4,Won,5190.0,1.0,117.0,117.0,2017-09,2017,9
2017-08-22,20170822,20170524,20170822,IDBXD4OU,61.0,31,1,2,Lost,0.0,0.18473051443540417,90.0,90.0,2017-08,2017,8
2017-08-13,20170813,20170524,20170813,TDNJDFU6,83.0,31,2,2,Lost,0.0,0.005536117941430895,81.0,81.0,2017-08,2017,8
2017-08-14,20170814,20170524,20170814,KIMUGBN5,19.0,4,4,2,Lost,0.0,0.004400551089701857,82.0,82.0,2017-08,2017,8
2017-09-27,20170927,20170524,20170927,7U81B9AQ,32.0,34,6,4,Won,940.0,0.9908777288961246,126.0,126.0,2017-09,2017,9
2017-08-26,20170826,20170524,20170826,WGSS08LF,15.0,9,2,2,Lost,0.0,0.003164413576308106,94.0,94.0,2017-08,2017,8
2017-08-06,20170806,20170524,20170806,WC8KQJV9,32.0,25,1,4,Won,647.0,0.9793939946884795,74.0,74.0,2017-08,2017,8
2017-08-17,20170817,20170524,20170817,FENOSL5C,12.0,24,5,4,Won,6206.0,1.0,85.0,85.0,2017-08,2017,8
2017-09-10,20170910,20170524,20170910,PQ3CLZ2N,48.0,12,4,4,Won,3158.0,0.9999999999126004,109.0,109.0,2017-09,2017,9
2017-08-19,20170819,20170524,20170819,N4ZJ2PJT,20.0,16,4,4,Won,2699.0,0.9999999919876729,87.0,87.0,2017-08,2017,8
2017-08-13,20170813,20170525,20170813,32A5TJ6D,16.0,1,3,2,Lost,0.0,0.628505866630128,80.0,80.0,2017-08,2017,8
2017-08-04,20170804,20170525,20170804,HZCF65PU,56.0,22,6,4,Won,1302.0,0.9994994373657571,71.0,71.0,2017-08,2017,8
2017-06-27,20170627,20170525,20170627,TCTLOMKP,5.0,19,4,4,Won,2993.0,0.9999999994562083,33.0,33.0,2017-06,2017,6
2017-06-05,20170605,20170525,20170605,O0NCMYX9,3.0,2,1,4,Won,460.0,0.8642554906086374,11.0,11.0,2017-06,2017,6
2017-09-25,20170925,20170525,20170925,HELQUZNO,44.0,13,1,4,Won,616.0,0.9821348103193158,123.0,123.0,2017-09,2017,9
2017-08-07,20170807,20170525,20170807,V7DHDF8V,62.0,10,4,2,Lost,0.0,0.003474400720633866,74.0,74.0,2017-08,2017,8
2017-08-14,20170814,20170525,20170814,A3OROHUS,29.0,10,2,4,Won,4270.0,0.9999999999999936,81.0,81.0,2017-08,2017,8
2017-08-21,20170821,20170525,20170821,CXYWGOPF,52.0,20,2,2,Lost,0.0,0.004809310256082592,88.0,88.0,2017-08,2017,8
2017-08-22,20170822,20170525,20170822,DLQTM07N,73.0,8,2,4,Won,4787.0,1.0,89.0,89.0,2017-08,2017,8
2017-08-28,20170828,20170525,20170828,SUXDAQNV,67.0,6,1,2,Lost,0.0,0.08826696257028825,95.0,95.0,2017-08,2017,8
2017-05-31,20170531,20170525,20170531,ZT2NKCV5,36.0,6,3,4,Won,55.0,0.6482373427010388,6.0,6.0,2017-05,2017,5
2017-08-09,20170809,20170525,20170809,I4YPNNTU,25.0,6,4,4,Won,3808.0,0.9999999999996305,76.0,76.0,2017-08,2017,8
2017-09-23,20170923,20170525,20170923,KOYW9WIV,60.0,4,1,4,Won,483.0,0.9270604548534186,121.0,121.0,2017-09,2017,9
2017-09-16,20170916,20170525,20170916,JRAAPD3L,76.0,4,4,4,Won,3727.0,0.9999999999993365,114.0,114.0,2017-09,2017,9
2017-08-14,20170814,20170525,20170814,21JDZDNJ,22.0,27,2,4,Won,4738.0,1.0,81.0,81.0,2017-08,2017,8
2017-08-04,20170804,20170525,20170804,EP0H3SJO,59.0,7,6,4,Won,1275.0,0.9995483228540455,71.0,71.0,2017-08,2017,8
2017-08-19,20170819,20170525,20170819,GIP11NY3,73.0,7,4,4,Won,3428.0,0.9999999999935352,86.0,86.0,2017-08,2017,8
2017-09-11,20170911,20170525,20170911,7X1D49TU,13.0,5,3,2,Lost,0.0,0.609898289303255,109.0,109.0,2017-09,2017,9
2017-06-07,20170607,20170525,20170607,PDXFONE0,49.0,21,2,4,Won,5420.0,1.0,13.0,13.0,2017-06,2017,6
2017-08-28,20170828,20170525,20170828,77WSI0TH,14.0,25,3,2,Lost,0.0,0.6896142824734858,95.0,95.0,2017-08,2017,8
2017-06-11,20170611,20170525,20170611,DJDVV89L,19.0,3,3,4,Won,59.0,0.7705592607085657,17.0,17.0,2017-06,2017,6
2017-08-15,20170815,20170526,20170815,CYSF0YQN,19.0,1,6,2,Lost,0.0,0.02491659313191898,81.0,81.0,2017-08,2017,8
2017-08-19,20170819,20170526,20170819,HEK08UMI,57.0,1,4,2,Lost,0.0,0.00781712922172682,85.0,85.0,2017-08,2017,8
2017-09-15,20170915,20170526,20170915,GRRY4DQR,63.0,22,1,4,Won,561.0,0.9660186555571864,112.0,112.0,2017-09,2017,9
2017-08-10,20170810,20170526,20170810,S3JAC8GQ,81.0,22,6,4,Won,1354.0,0.9995591400498484,76.0,76.0,2017-08,2017,8
2017-09-18,20170918,20170526,20170918,E3JP7HCX,71.0,19,3,4,Won,44.0,0.6731025762681134,115.0,115.0,2017-09,2017,9
2017-09-18,20170918,20170526,20170918,FF5G00YD,49.0,13,1,4,Won,560.0,0.9637813647831054,115.0,115.0,2017-09,2017,9
2017-06-09,20170609,20170526,20170609,5975TDTI,18.0,13,2,4,Won,5324.0,1.0,14.0,14.0,2017-06,2017,6
2017-09-23,20170923,20170526,20170923,GZU4ZSFE,22.0,32,2,4,Won,4924.0,1.0,120.0,120.0,2017-09,2017,9
2017-08-07,20170807,20170526,20170807,E4KL4NGF,31.0,31,1,4,Won,571.0,0.9468746163350568,73.0,73.0,2017-08,2017,8
2017-08-12,20170812,20170526,20170812,QCH2R1VO,44.0,31,4,4,Won,4022.0,0.9999999999999609,78.0,78.0,2017-08,2017,8
2017-08-12,20170812,20170526,20170812,SH6F6COK,60.0,4,1,2,Lost,0.0,0.11876695806525975,78.0,78.0,2017-08,2017,8
2017-08-22,20170822,20170526,20170822,KOJ4SQ1T,34.0,34,3,2,Lost,0.0,0.5414618377920066,88.0,88.0,2017-08,2017,8
2017-06-12,20170612,20170526,20170612,DMUQAWQH,22.0,34,6,4,Won,1030.0,0.9908126049240218,17.0,17.0,2017-06,2017,6
2017-08-09,20170809,20170526,20170809,C2RL3DUQ,4.0,5,4,2,Lost,0.0,0.00394036093321797,75.0,75.0,2017-08,2017,8
2017-05-31,20170531,20170526,20170531,2LTS2CL8,68.0,9,3,2,Lost,0.0,0.4794816717906693,5.0,5.0,2017-05,2017,5
2017-09-09,20170909,20170526,20170909,113O9JCA,11.0,3,3,2,Lost,0.0,0.5820615995425024,106.0,106.0,2017-09,2017,9
2017-08-03,20170803,20170526,20170803,54XWHO19,35.0,24,1,2,Lost,0.0,0.09345362969156497,69.0,69.0,2017-08,2017,8
2017-09-21,20170921,20170526,20170921,09RN3MHV,42.0,24,2,4,Won,5074.0,1.0,118.0,118.0,2017-09,2017,9
2017-09-23,20170923,20170526,20170923,YW14K7PE,75.0,16,5,4,Won,5198.0,1.0,120.0,120.0,2017-09,2017,9
2017-09-06,20170906,20170526,20170906,9UYUV724,22.0,33,5,2,Lost,0.0,0.005184600971594534,103.0,103.0,2017-09,2017,9
2017-08-24,20170824,20170527,20170824,UZI6MKVR,3.0,1,3,2,Lost,0.0,0.6325014813775031,89.0,89.0,2017-08,2017,8
2017-09-03,20170903,20170527,20170903,N1H9ILZ9,13.0,1,1,4,Won,576.0,0.9703253699535286,99.0,99.0,2017-09,2017,9
2017-08-21,20170821,20170527,20170821,V8RYC18P,66.0,1,3,4,Won,57.0,0.8737505152181512,86.0,86.0,2017-08,2017,8
2017-08-14,20170814,20170527,20170814,5OQELHMF,44.0,19,2,2,Lost,0.0,0.005448597370738708,79.0,79.0,2017-08,2017,8
2017-06-05,20170605,20170527,20170605,NCF4DT7H,12.0,2,4,2,Lost,0.0,0.004812143464633924,9.0,9.0,2017-06,2017,6
2017-08-18,20170818,20170527,20170818,L9WWFYQW,11.0,10,2,2,Lost,0.0,0.0034804926260010487,83.0,83.0,2017-08,2017,8
2017-08-22,20170822,20170527,20170822,AR2T4LAR,62.0,10,2,4,Won,4432.0,0.9999999999999989,87.0,87.0,2017-08,2017,8
2017-09-02,20170902,20170527,20170902,GPC8PLM7,43.0,20,1,4,Won,481.0,0.8498243139520333,98.0,98.0,2017-09,2017,9
2017-08-22,20170822,20170527,20170822,YA822MOB,79.0,30,5,2,Lost,0.0,0.006923434643299491,87.0,87.0,2017-08,2017,8
2017-08-28,20170828,20170527,20170828,JBCQ1ODR,51.0,30,2,4,Won,5293.0,1.0,93.0,93.0,2017-08,2017,8
2017-08-06,20170806,20170527,20170806,M26BSX5S,11.0,6,2,2,Lost,0.0,0.003565571240992545,71.0,71.0,2017-08,2017,8
2017-08-17,20170817,20170527,20170817,PLYYX5CD,36.0,6,5,4,Won,5769.0,1.0,82.0,82.0,2017-08,2017,8
2017-09-02,20170902,20170527,20170902,JP2EY6QU,29.0,6,2,4,Won,4929.0,1.0,98.0,98.0,2017-09,2017,9
2017-08-05,20170805,20170527,20170805,48INT6OA,60.0,6,2,4,Won,4924.0,1.0,70.0,70.0,2017-08,2017,8
2017-08-14,20170814,20170527,20170814,EVDMSM4N,6.0,32,6,2,Lost,0.0,0.015317530301013578,79.0,79.0,2017-08,2017,8
2017-08-04,20170804,20170527,20170804,9FH4OP4U,22.0,31,5,4,Won,5312.0,1.0,69.0,69.0,2017-08,2017,8
2017-06-07,20170607,20170527,20170607,N128I4H8,50.0,31,3,4,Won,66.0,0.6436738007701079,11.0,11.0,2017-06,2017,6
2017-06-18,20170618,20170527,20170618,8NKLCSES,72.0,7,6,4,Won,1115.0,0.9966327091343455,22.0,22.0,2017-06,2017,6
2017-08-23,20170823,20170527,20170823,1ZMWMU21,13.0,7,4,4,Won,3407.0,0.9999999999919713,88.0,88.0,2017-08,2017,8
2017-09-03,20170903,20170527,20170903,R617R51D,9.0,9,1,4,Won,540.0,0.9409309051300367,99.0,99.0,2017-09,2017,9
2017-09-04,20170904,20170527,20170904,W8E2YLNY,1.0,21,6,4,Won,1095.0,0.9954421764704684,100.0,100.0,2017-09,2017,9
2017-08-23,20170823,20170527,20170823,TX9VFL4J,63.0,21,6,4,Won,1019.0,0.99545176781132,88.0,88.0,2017-08,2017,8
2017-05-30,20170530,20170527,20170530,5ELX1QYM,33.0,24,6,2,Lost,0.0,0.009862327673683077,3.0,3.0,2017-05,2017,5
2017-08-17,20170817,20170527,20170817,RTQVKK41,61.0,24,2,2,Lost,0.0,0.007743509831399081,82.0,82.0,2017-08,2017,8
2017-09-14,20170914,20170527,20170914,9DEDEQ5O,33.0,24,2,4,Won,4477.0,0.9999999999999993,110.0,110.0,2017-09,2017,9
2017-06-02,20170602,20170527,20170602,Z8JLMCOM,35.0,24,2,4,Won,4644.0,0.9999999999999998,6.0,6.0,2017-06,2017,6
2017-08-20,20170820,20170528,20170820,1O58TWRZ,23.0,1,1,2,Lost,0.0,0.11879696011247763,84.0,84.0,2017-08,2017,8
2017-06-13,20170613,20170528,20170613,RHOZIG9P,9.0,1,6,2,Lost,0.0,0.015348983879244472,16.0,16.0,2017-06,2017,6
2017-06-08,20170608,20170528,20170608,52Q1PYGW,84.0,22,6,4,Won,940.0,0.9859205376285982,11.0,11.0,2017-06,2017,6
2017-06-07,20170607,20170528,20170607,56ZJUSNG,1.0,18,2,4,Won,5378.0,1.0,10.0,10.0,2017-06,2017,6
2017-06-15,20170615,20170528,20170615,Y92RU9V8,42.0,18,2,4,Won,4712.0,0.9999999999999998,18.0,18.0,2017-06,2017,6
2017-08-25,20170825,20170528,20170825,SXV6VZVC,4.0,10,6,4,Won,1118.0,0.9972252823410991,89.0,89.0,2017-08,2017,8
2017-08-11,20170811,20170528,20170811,BGY307FC,26.0,20,5,4,Won,5695.0,1.0,75.0,75.0,2017-08,2017,8
2017-08-05,20170805,20170528,20170805,BAN0BVHW,80.0,20,2,4,Won,4462.0,0.9999999999999991,69.0,69.0,2017-08,2017,8
2017-08-30,20170830,20170528,20170830,GV9G96Z1,56.0,15,2,2,Lost,0.0,0.006005419273474488,94.0,94.0,2017-08,2017,8
2017-08-28,20170828,20170528,20170828,Z75R686C,64.0,26,4,4,Won,3701.0,0.9999999999995135,92.0,92.0,2017-08,2017,8
2017-06-08,20170608,20170528,20170608,12GLKKV4,41.0,27,6,4,Won,941.0,0.9660833058446183,11.0,11.0,2017-06,2017,6
2017-06-05,20170605,20170528,20170605,VDD7H92Q,35.0,34,6,4,Won,1171.0,0.9966880094723577,8.0,8.0,2017-06,2017,6
2017-08-28,20170828,20170528,20170828,83JP1K4E,58.0,25,7,4,Won,24899.0,1.0,92.0,92.0,2017-08,2017,8
2017-09-21,20170921,20170528,20170921,ME3H0RUJ,58.0,25,4,4,Won,3418.0,0.9999999999925364,116.0,116.0,2017-09,2017,9
2017-06-08,20170608,20170528,20170608,W8E76HJG,36.0,24,1,4,Won,537.0,0.9192885875580622,11.0,11.0,2017-06,2017,6
2017-08-04,20170804,20170528,20170804,IMB2N710,58.0,33,6,4,Won,1053.0,0.9948988294193117,68.0,68.0,2017-08,2017,8
2017-06-11,20170611,20170529,20170611,OJBBZHM4,28.0,1,1,4,Won,497.0,0.874957779363145,13.0,13.0,2017-06,2017,6
2017-09-13,20170913,20170529,20170913,2PQORQGO,82.0,22,5,4,Won,5714.0,1.0,107.0,107.0,2017-09,2017,9
2017-08-29,20170829,20170529,20170829,I3RW4OMF,4.0,2,1,4,Won,611.0,0.9754779563399932,92.0,92.0,2017-08,2017,8
2017-06-11,20170611,20170529,20170611,LG8ZAMCB,53.0,13,2,4,Won,5642.0,1.0,13.0,13.0,2017-06,2017,6
2017-06-11,20170611,20170529,20170611,XJ8UTM6B,74.0,13,2,4,Won,5081.0,1.0,13.0,13.0,2017-06,2017,6
2017-08-02,20170802,20170529,20170802,CVGTFBZE,9.0,10,2,4,Won,3985.0,0.9999999999999487,65.0,65.0,2017-08,2017,8
2017-06-11,20170611,20170529,20170611,RW02HG5P,7.0,20,4,4,Won,3313.0,0.9999999999405955,13.0,13.0,2017-06,2017,6
2017-06-11,20170611,20170529,20170611,7W8CQJ2Z,54.0,28,4,4,Won,3850.0,0.9999999999995988,13.0,13.0,2017-06,2017,6
2017-08-06,20170806,20170529,20170806,M03IHS3P,62.0,8,6,4,Won,917.0,0.9737788243116585,69.0,69.0,2017-08,2017,8
2017-08-08,20170808,20170529,20170808,GX3SHSEA,68.0,8,3,4,Won,56.0,0.701946127880103,71.0,71.0,2017-08,2017,8
2017-08-18,20170818,20170529,20170818,9KTHISLX,47.0,30,4,2,Lost,0.0,0.003389227396037301,81.0,81.0,2017-08,2017,8
2017-08-07,20170807,20170529,20170807,Q808L4HZ,51.0,30,2,4,Won,5194.0,1.0,70.0,70.0,2017-08,2017,8
2017-08-29,20170829,20170529,20170829,IWQP4M72,4.0,6,6,2,Lost,0.0,0.01689085947328824,92.0,92.0,2017-08,2017,8
2017-08-17,20170817,20170529,20170817,3GOXMQPF,31.0,31,6,4,Won,1002.0,0.9895538392689108,80.0,80.0,2017-08,2017,8
2017-08-17,20170817,20170529,20170817,1WZ5N86Q,36.0,31,5,4,Won,6042.0,1.0,80.0,80.0,2017-08,2017,8
2017-06-15,20170615,20170529,20170615,C3QK8M7F,65.0,27,5,4,Won,4423.0,0.9999999999999984,17.0,17.0,2017-06,2017,6
2017-08-18,20170818,20170529,20170818,9BXXDYH9,34.0,27,3,4,Won,45.0,0.5491177852178372,81.0,81.0,2017-08,2017,8
2017-08-29,20170829,20170529,20170829,4X3H9YD5,42.0,25,7,4,Won,25791.0,1.0,92.0,92.0,2017-08,2017,8
2017-06-17,20170617,20170529,20170617,K83L4L0I,49.0,14,4,4,Won,2918.0,0.9999999987078871,19.0,19.0,2017-06,2017,6
2017-09-19,20170919,20170529,20170919,E9C7WXQL,68.0,3,6,4,Won,959.0,0.9923077019186829,113.0,113.0,2017-09,2017,9
2017-06-06,20170606,20170529,20170606,AAVJHH3M,33.0,33,2,4,Won,5532.0,1.0,8.0,8.0,2017-06,2017,6
2017-08-07,20170807,20170530,20170807,NEVHU7GV,52.0,22,6,2,Lost,0.0,0.018273475961662268,69.0,69.0,2017-08,2017,8
2017-06-06,20170606,20170530,20170606,POLWB0UX,78.0,13,2,4,Won,4687.0,0.9999999999999998,7.0,7.0,2017-06,2017,6
2017-06-21,20170621,20170530,20170621,ZSHK2ZXD,15.0,10,1,4,Won,602.0,0.9526581703464821,22.0,22.0,2017-06,2017,6
2017-08-10,20170810,20170530,20170810,PF7GFMLQ,12.0,20,1,4,Won,595.0,0.9647223218841293,72.0,72.0,2017-08,2017,8
2017-09-06,20170906,20170530,20170906,LKMZWCKQ,25.0,8,2,2,Lost,0.0,0.003390219338115549,99.0,99.0,2017-09,2017,9
2017-08-05,20170805,20170530,20170805,3D6ZHLF0,83.0,32,1,2,Lost,0.0,0.15140786999002434,67.0,67.0,2017-08,2017,8
2017-09-03,20170903,20170530,20170903,3R8PJCCW,6.0,31,4,4,Won,2868.0,0.9999999984835672,96.0,96.0,2017-09,2017,9
2017-06-03,20170603,20170530,20170603,CPWTJ2WC,23.0,7,4,4,Won,3236.0,0.9999999999276643,4.0,4.0,2017-06,2017,6
2017-05-31,20170531,20170530,20170531,QZLWUJEJ,26.0,21,2,2,Lost,0.0,0.003016390174489458,1.0,1.0,2017-05,2017,5
2017-08-15,20170815,20170530,20170815,NDVZAHYA,31.0,24,1,4,Won,524.0,0.9238674528047851,77.0,77.0,2017-08,2017,8
2017-08-15,20170815,20170530,20170815,1R8VKE8O,31.0,24,5,4,Won,5631.0,1.0,77.0,77.0,2017-08,2017,8
2017-08-22,20170822,20170530,20170822,LNX7ULEG,65.0,33,5,4,Won,5572.0,1.0,84.0,84.0,2017-08,2017,8
2017-06-05,20170605,20170530,20170605,42N0IWF8,12.0,33,2,4,Won,5644.0,1.0,6.0,6.0,2017-06,2017,6
2017-08-05,20170805,20170531,20170805,N60TC14O,85.0,2,5,2,Lost,0.0,0.0029799061841375863,66.0,66.0,2017-08,2017,8
2017-06-16,20170616,20170531,20170616,V6YYDG56,18.0,18,5,2,Lost,0.0,0.006954200324357878,16.0,16.0,2017-06,2017,6
2017-06-04,20170604,20170531,20170604,S1AU0IZX,38.0,10,2,4,Won,4192.0,0.9999999999999876,4.0,4.0,2017-06,2017,6
2017-09-05,20170905,20170531,20170905,GFXKHCEM,21.0,28,3,2,Lost,0.0,0.5123280917599932,97.0,97.0,2017-09,2017,9
2017-08-26,20170826,20170531,20170826,YH2NHVXC,6.0,28,4,2,Lost,0.0,0.0039671822488399865,87.0,87.0,2017-08,2017,8
2017-06-10,20170610,20170531,20170610,JSNPH01N,65.0,28,3,4,Won,56.0,0.6409325435538367,10.0,10.0,2017-06,2017,6
2017-08-05,20170805,20170531,20170805,CQDULMXS,27.0,15,1,4,Won,607.0,0.966002908069481,66.0,66.0,2017-08,2017,8
2017-06-09,20170609,20170531,20170609,VKM187MX,12.0,8,3,4,Won,48.0,0.6644124021763984,9.0,9.0,2017-06,2017,6
2017-08-18,20170818,20170531,20170818,4IUJNFPF,64.0,30,1,2,Lost,0.0,0.14815920573537797,79.0,79.0,2017-08,2017,8
2017-08-23,20170823,20170531,20170823,ZE7PM90V,6.0,30,1,4,Won,570.0,0.9584972205939785,84.0,84.0,2017-08,2017,8
2017-06-04,20170604,20170531,20170604,CAAYFKK8,64.0,30,6,4,Won,1056.0,0.9943296918992942,4.0,4.0,2017-06,2017,6
2017-09-03,20170903,20170531,20170903,NQZNAEYQ,47.0,32,1,4,Won,560.0,0.9484864220206223,95.0,95.0,2017-09,2017,9
2017-08-03,20170803,20170531,20170803,J47DPNB5,54.0,31,5,2,Lost,0.0,0.003970351200497893,64.0,64.0,2017-08,2017,8
2017-06-21,20170621,20170531,20170621,37B8ES7X,34.0,31,1,4,Won,588.0,0.9439680165250885,21.0,21.0,2017-06,2017,6
2017-09-02,20170902,20170531,20170902,KYABDCKE,79.0,31,2,4,Won,4356.0,0.999999999999998,94.0,94.0,2017-09,2017,9
2017-08-15,20170815,20170531,20170815,3CP9VXC1,46.0,31,3,4,Won,69.0,0.7079472794438788,76.0,76.0,2017-08,2017,8
2017-08-02,20170802,20170531,20170802,9XGT3451,57.0,4,1,4,Won,505.0,0.9175519003737854,63.0,63.0,2017-08,2017,8
2017-09-23,20170923,20170531,20170923,AG0H8IAZ,65.0,27,1,4,Won,510.0,0.9169157926481569,115.0,115.0,2017-09,2017,9
2017-09-23,20170923,20170531,20170923,28FTXKAB,83.0,27,4,4,Won,3722.0,0.9999999999993026,115.0,115.0,2017-09,2017,9
2017-08-02,20170802,20170531,20170802,ROUOR5L0,24.0,34,6,4,Won,1145.0,0.9982107127952173,63.0,63.0,2017-08,2017,8
2017-08-27,20170827,20170531,20170827,QPMZ5RG0,68.0,5,3,4,Won,53.0,0.7209245800834522,88.0,88.0,2017-08,2017,8
2017-06-15,20170615,20170531,20170615,2PMIYAFN,42.0,21,6,4,Won,1120.0,0.9964368377534079,15.0,15.0,2017-06,2017,6
2017-09-22,20170922,20170531,20170922,CRWE8FRT,37.0,21,4,4,Won,3404.0,0.9999999999915117,114.0,114.0,2017-09,2017,9
2017-06-08,20170608,20170531,20170608,FC1LS6PY,85.0,3,4,2,Lost,0.0,0.0018139385707861874,8.0,8.0,2017-06,2017,6
2017-06-13,20170613,20170531,20170613,6FI9HAX7,59.0,3,3,4,Won,46.0,0.7310885209145797,13.0,13.0,2017-06,2017,6
2017-06-14,20170614,20170531,20170614,JL86Q0B4,71.0,16,3,4,Won,53.0,0.6221369328458735,14.0,14.0,2017-06,2017,6
2017-08-20,20170820,20170531,20170820,Y2A8EUBM,64.0,33,1,2,Lost,0.0,0.11090021897380618,81.0,81.0,2017-08,2017,8
2017-06-05,20170605,20170531,20170605,C2MKJA8V,12.0,33,2,4,Won,4988.0,1.0,5.0,5.0,2017-06,2017,6
2017-08-12,20170812,20170531,20170812,IJ4Y77D9,58.0,33,3,4,Won,53.0,0.7173147027353466,73.0,73.0,2017-08,2017,8
2017-06-08,20170608,20170601,20170608,CGCPVYNI,39.0,1,1,4,Won,523.0,0.9246844749125164,7.0,7.0,2017-06,2017,6
2017-06-11,20170611,20170601,20170611,ST8ZOXKI,36.0,1,3,4,Won,63.0,0.6939690191465885,10.0,10.0,2017-06,2017,6
2017-08-28,20170828,20170601,20170828,P07OGZ3F,66.0,1,3,4,Won,54.0,0.8787827519626171,88.0,88.0,2017-08,2017,8
2017-09-07,20170907,20170601,20170907,0DLEXLEV,80.0,22,5,4,Won,6117.0,1.0,98.0,98.0,2017-09,2017,9
2017-06-09,20170609,20170601,20170609,27UN3UX8,52.0,19,5,4,Won,5112.0,1.0,8.0,8.0,2017-06,2017,6
2017-09-03,20170903,20170601,20170903,NR5D7201,42.0,13,4,4,Won,3527.0,0.9999999999961393,94.0,94.0,2017-09,2017,9
2017-06-11,20170611,20170601,20170611,LKBS2IJC,45.0,10,5,2,Lost,0.0,0.0045971424462615245,10.0,10.0,2017-06,2017,6
2017-08-24,20170824,20170601,20170824,MFO940S8,23.0,10,3,2,Lost,0.0,0.560762258832375,84.0,84.0,2017-08,2017,8
2017-08-07,20170807,20170601,20170807,5O0597PP,76.0,10,4,2,Lost,0.0,0.005159996253803082,67.0,67.0,2017-08,2017,8
2017-06-14,20170614,20170601,20170614,C4FEG98K,38.0,10,1,4,Won,565.0,0.944566589677754,13.0,13.0,2017-06,2017,6
2017-06-09,20170609,20170601,20170609,EKH5O1HH,59.0,10,4,4,Won,3771.0,0.9999999999996054,8.0,8.0,2017-06,2017,6
2017-08-09,20170809,20170601,20170809,BZ9C1LQT,21.0,28,4,2,Lost,0.0,0.0030065477879605263,69.0,69.0,2017-08,2017,8
2017-09-02,20170902,20170601,20170902,ZT6D57ED,62.0,8,5,4,Won,6274.0,1.0,93.0,93.0,2017-09,2017,9
2017-08-03,20170803,20170601,20170803,NKERMTB8,54.0,26,4,2,Lost,0.0,0.0038210283762781217,63.0,63.0,2017-08,2017,8
2017-08-17,20170817,20170601,20170817,Q67320CY,70.0,26,4,4,Won,3480.0,0.9999999999955729,77.0,77.0,2017-08,2017,8
2017-08-16,20170816,20170601,20170816,K5NFTQRI,21.0,30,5,4,Won,5770.0,1.0,76.0,76.0,2017-08,2017,8
2017-09-12,20170912,20170601,20170912,IJ7B896N,36.0,31,4,2,Lost,0.0,0.004553347761214149,103.0,103.0,2017-09,2017,9
2017-08-29,20170829,20170601,20170829,8KBVRQHD,67.0,4,5,2,Lost,0.0,0.0028222716729615774,89.0,89.0,2017-08,2017,8
2017-08-01,20170801,20170601,20170801,AGZ87JFX,57.0,5,1,2,Lost,0.0,0.14275929962570946,61.0,61.0,2017-08,2017,8
2017-09-21,20170921,20170601,20170921,OBGCQ1BK,16.0,9,1,2,Lost,0.0,0.10273634345926969,112.0,112.0,2017-09,2017,9
2017-09-25,20170925,20170601,20170925,K05LLUU4,59.0,9,1,2,Lost,0.0,0.14343720261415593,116.0,116.0,2017-09,2017,9
2017-06-12,20170612,20170601,20170612,9WISPXZW,44.0,21,1,4,Won,562.0,0.9640837090177952,11.0,11.0,2017-06,2017,6
2017-08-03,20170803,20170601,20170803,4ZGA57SX,49.0,14,2,4,Won,4686.0,0.9999999999999998,63.0,63.0,2017-08,2017,8
2017-08-22,20170822,20170601,20170822,6ONKN1IM,51.0,24,4,2,Lost,0.0,0.006338073878606426,82.0,82.0,2017-08,2017,8
2017-09-02,20170902,20170601,20170902,JVIIWJDL,53.0,12,3,4,Won,38.0,0.6357142408826794,93.0,93.0,2017-09,2017,9
2017-08-05,20170805,20170601,20170805,W8M8XI8Y,24.0,33,4,4,Won,3184.0,0.9999999999291731,65.0,65.0,2017-08,2017,8
2017-09-17,20170917,20170602,20170917,MELHF0ZP,60.0,1,5,4,Won,5373.0,1.0,107.0,107.0,2017-09,2017,9
2017-09-05,20170905,20170602,20170905,6SV2WYK4,7.0,22,6,4,Won,1239.0,0.9989101531962961,95.0,95.0,2017-09,2017,9
2017-06-18,20170618,20170602,20170618,6JEAYHOE,39.0,2,4,2,Lost,0.0,0.003451235807676524,16.0,16.0,2017-06,2017,6
2017-06-12,20170612,20170602,20170612,IKQSEYPT,68.0,2,3,4,Won,52.0,0.6993548724466995,10.0,10.0,2017-06,2017,6
2017-09-19,20170919,20170602,20170919,ZN0FWO0L,26.0,13,1,4,Won,651.0,0.975339714436945,109.0,109.0,2017-09,2017,9
2017-08-02,20170802,20170602,20170802,CPL37MZC,15.0,10,5,4,Won,6026.0,1.0,61.0,61.0,2017-08,2017,8
2017-09-05,20170905,20170602,20170905,GM68OLDH,33.0,30,5,4,Won,5569.0,1.0,95.0,95.0,2017-09,2017,9
2017-08-25,20170825,20170602,20170825,W604BPPE,19.0,6,1,2,Lost,0.0,0.19177674231362252,84.0,84.0,2017-08,2017,8
2017-09-04,20170904,20170602,20170904,GIJ14130,36.0,6,1,4,Won,519.0,0.9418949974741117,94.0,94.0,2017-09,2017,9
2017-09-05,20170905,20170602,20170905,CUA83384,61.0,32,1,4,Won,558.0,0.9778917656020945,95.0,95.0,2017-09,2017,9
2017-09-05,20170905,20170602,20170905,ZGQI86AQ,65.0,31,1,4,Won,523.0,0.9445391027792805,95.0,95.0,2017-09,2017,9
2017-08-20,20170820,20170602,20170820,L8NLCWFS,61.0,31,2,4,Won,4869.0,1.0,79.0,79.0,2017-08,2017,8
2017-08-02,20170802,20170602,20170802,UPHLXZ3M,25.0,4,3,2,Lost,0.0,0.4139841378357515,61.0,61.0,2017-08,2017,8
2017-08-09,20170809,20170602,20170809,JDFQYP5L,66.0,4,1,4,Won,588.0,0.9759974893592507,68.0,68.0,2017-08,2017,8
2017-08-21,20170821,20170602,20170821,06AIY3IS,12.0,7,5,4,Won,5712.0,1.0,80.0,80.0,2017-08,2017,8
2017-08-29,20170829,20170602,20170829,4LQAN2JX,31.0,34,6,4,Won,1046.0,0.9934239665492881,88.0,88.0,2017-08,2017,8
2017-08-17,20170817,20170602,20170817,84QGC91P,64.0,34,3,4,Won,54.0,0.7339082738100459,76.0,76.0,2017-08,2017,8
2017-08-12,20170812,20170602,20170812,98MASV7P,78.0,21,2,4,Won,4933.0,1.0,71.0,71.0,2017-08,2017,8
2017-09-26,20170926,20170602,20170926,QFBBRJL5,74.0,21,3,4,Won,60.0,0.739041543870446,116.0,116.0,2017-09,2017,9
2017-09-12,20170912,20170602,20170912,XCGW5K0N,63.0,12,1,4,Won,572.0,0.9700177438159139,102.0,102.0,2017-09,2017,9
2017-08-30,20170830,20170602,20170830,UUF8Z53N,12.0,12,3,4,Won,55.0,0.7996760043475677,89.0,89.0,2017-08,2017,8
2017-08-22,20170822,20170602,20170822,J6MIKNYJ,78.0,12,3,4,Won,51.0,0.6661795872006331,81.0,81.0,2017-08,2017,8
2017-08-24,20170824,20170603,20170824,3W4AWYSK,75.0,19,5,2,Lost,0.0,0.006581980015115232,82.0,82.0,2017-08,2017,8
2017-08-31,20170831,20170603,20170831,VBN5T6F8,53.0,19,3,4,Won,59.0,0.6604572148763211,89.0,89.0,2017-08,2017,8
2017-06-06,20170606,20170603,20170606,W1J3L0EU,2.0,18,2,4,Won,4492.0,0.9999999999999989,3.0,3.0,2017-06,2017,6
2017-08-03,20170803,20170603,20170803,45CMXP2K,73.0,10,1,2,Lost,0.0,0.12364136177825029,61.0,61.0,2017-08,2017,8
2017-08-29,20170829,20170603,20170829,6OJAC85F,11.0,10,2,2,Lost,0.0,0.0037880632600826463,87.0,87.0,2017-08,2017,8
2017-08-27,20170827,20170603,20170827,K94WM7M4,81.0,20,4,2,Lost,0.0,0.0027698856471850505,85.0,85.0,2017-08,2017,8
2017-08-12,20170812,20170603,20170812,31KRB7R2,54.0,30,1,2,Lost,0.0,0.0955303315399346,70.0,70.0,2017-08,2017,8
2017-08-06,20170806,20170603,20170806,5PG1KSKD,21.0,30,2,2,Lost,0.0,0.0036244973301318407,64.0,64.0,2017-08,2017,8
2017-06-22,20170622,20170603,20170622,LDAXEBR0,73.0,6,1,4,Won,639.0,0.9767579284961487,19.0,19.0,2017-06,2017,6
2017-06-21,20170621,20170603,20170621,NGTMVX1C,29.0,6,6,4,Won,1040.0,0.990014402013644,18.0,18.0,2017-06,2017,6
2017-09-12,20170912,20170603,20170912,SFBHZLHK,23.0,6,2,4,Won,4138.0,0.999999999999986,101.0,101.0,2017-09,2017,9
2017-08-07,20170807,20170603,20170807,13PPMGNM,54.0,32,6,2,Lost,0.0,0.011866082527868563,65.0,65.0,2017-08,2017,8
2017-09-23,20170923,20170603,20170923,6GY8Q8F0,25.0,4,3,4,Won,54.0,0.5951554961775725,112.0,112.0,2017-09,2017,9
2017-09-14,20170914,20170603,20170914,5JIXFMFY,38.0,4,4,4,Won,3438.0,0.9999999999891425,103.0,103.0,2017-09,2017,9
2017-08-05,20170805,20170603,20170805,JBY30BSR,24.0,27,2,2,Lost,0.0,0.00477592524274082,63.0,63.0,2017-08,2017,8
2017-08-05,20170805,20170603,20170805,69XL3JMB,39.0,7,6,4,Won,1017.0,0.9930242088566247,63.0,63.0,2017-08,2017,8
2017-09-19,20170919,20170603,20170919,DYWMK8OF,64.0,25,4,4,Won,3314.0,0.9999999999770408,108.0,108.0,2017-09,2017,9
2017-08-12,20170812,20170603,20170812,GG8XQD8Z,9.0,3,3,2,Lost,0.0,0.6765977439171342,70.0,70.0,2017-08,2017,8
2017-08-24,20170824,20170603,20170824,URT8A7OQ,57.0,3,3,4,Won,51.0,0.8108907501981423,82.0,82.0,2017-08,2017,8
2017-09-10,20170910,20170603,20170910,LGO0XF4X,42.0,24,3,4,Won,50.0,0.6666515284314983,99.0,99.0,2017-09,2017,9
2017-06-09,20170609,20170603,20170609,Y46OEBEH,81.0,12,3,4,Won,54.0,0.6072268375343758,6.0,6.0,2017-06,2017,6
2017-08-18,20170818,20170604,20170818,G54JJCMX,62.0,1,5,2,Lost,0.0,0.006377484657883677,75.0,75.0,2017-08,2017,8
2017-09-16,20170916,20170604,20170916,BPQ0358T,57.0,1,4,2,Lost,0.0,0.008836010375547544,104.0,104.0,2017-09,2017,9
2017-09-05,20170905,20170604,20170905,EPH7L4K0,12.0,22,2,2,Lost,0.0,0.007551663798047833,93.0,93.0,2017-09,2017,9
2017-08-16,20170816,20170604,20170816,SMU4542Q,36.0,2,6,2,Lost,0.0,0.014718415037300165,73.0,73.0,2017-08,2017,8
2017-06-17,20170617,20170604,20170617,E884CL8B,52.0,18,2,4,Won,4942.0,1.0,13.0,13.0,2017-06,2017,6
2017-08-06,20170806,20170604,20170806,4K8N65EM,37.0,20,3,2,Lost,0.0,0.46317045615646657,63.0,63.0,2017-08,2017,8
2017-06-14,20170614,20170604,20170614,KVTBYOVD,42.0,20,2,4,Won,4612.0,0.9999999999999996,10.0,10.0,2017-06,2017,6
2017-06-20,20170620,20170604,20170620,ZA6CBQAL,84.0,20,2,4,Won,4308.0,0.9999999999999962,16.0,16.0,2017-06,2017,6
2017-09-04,20170904,20170604,20170904,Y6YZXVTF,48.0,20,4,4,Won,2876.0,0.9999999982974546,92.0,92.0,2017-09,2017,9
2017-08-30,20170830,20170604,20170830,SHETLR3T,76.0,8,5,4,Won,4990.0,1.0,87.0,87.0,2017-08,2017,8
2017-09-29,20170929,20170604,20170929,EL03YRD0,61.0,26,6,2,Lost,0.0,0.03532737238623514,117.0,117.0,2017-09,2017,9
2017-09-09,20170909,20170604,20170909,3KZUBSRU,65.0,26,6,4,Won,1024.0,0.995330788119939,97.0,97.0,2017-09,2017,9
2017-09-16,20170916,20170604,20170916,FA6JQ4V2,47.0,32,3,4,Won,53.0,0.6992783840949564,104.0,104.0,2017-09,2017,9
2017-09-17,20170917,20170604,20170917,N7WUBQR0,64.0,31,6,2,Lost,0.0,0.019055274545920327,105.0,105.0,2017-09,2017,9
2017-09-01,20170901,20170604,20170901,9KJ89VHI,41.0,31,1,4,Won,525.0,0.9304549899546417,89.0,89.0,2017-09,2017,9
2017-08-27,20170827,20170604,20170827,N3CN7GCZ,50.0,31,3,4,Won,60.0,0.7161073794300075,84.0,84.0,2017-08,2017,8
2017-06-08,20170608,20170604,20170608,KAHKF9H1,61.0,27,6,4,Won,967.0,0.986044647926353,4.0,4.0,2017-06,2017,6
2017-08-14,20170814,20170604,20170814,P4UJ64QM,58.0,34,1,2,Lost,0.0,0.15768101244732258,71.0,71.0,2017-08,2017,8
2017-06-14,20170614,20170604,20170614,IHF5GR01,37.0,21,1,4,Won,524.0,0.9312506690863341,10.0,10.0,2017-06,2017,6
2017-09-10,20170910,20170604,20170910,81DUFIPO,41.0,25,3,4,Won,57.0,0.6435508269822695,98.0,98.0,2017-09,2017,9
2017-06-20,20170620,20170604,20170620,58K44TMD,8.0,14,4,2,Lost,0.0,0.0044793972376511995,16.0,16.0,2017-06,2017,6
2017-06-13,20170613,20170604,20170613,EEBOSTAA,76.0,3,5,4,Won,5056.0,1.0,9.0,9.0,2017-06,2017,6
2017-06-08,20170608,20170604,20170608,9DDHZUZB,44.0,24,1,4,Won,600.0,0.9626163077167814,4.0,4.0,2017-06,2017,6
2017-09-26,20170926,20170605,20170926,IWLEND3K,20.0,19,1,4,Won,633.0,0.9708116661742386,113.0,113.0,2017-09,2017,9
2017-08-27,20170827,20170605,20170827,VICY80KW,75.0,19,2,4,Won,4994.0,1.0,83.0,83.0,2017-08,2017,8
2017-06-10,20170610,20170605,20170610,H35AXY3M,42.0,13,6,4,Won,899.0,0.9688801213839737,5.0,5.0,2017-06,2017,6
2017-08-06,20170806,20170605,20170806,1UHFKBP6,62.0,10,2,2,Lost,0.0,0.0037529460404486974,62.0,62.0,2017-08,2017,8
2017-08-25,20170825,20170605,20170825,VF7DWQIH,15.0,10,5,4,Won,5421.0,1.0,81.0,81.0,2017-08,2017,8
2017-08-23,20170823,20170605,20170823,C7NW3JB2,28.0,10,2,4,Won,5223.0,1.0,79.0,79.0,2017-08,2017,8
2017-06-18,20170618,20170605,20170618,SUABQAC0,60.0,10,2,4,Won,4794.0,1.0,13.0,13.0,2017-06,2017,6
2017-09-06,20170906,20170605,20170906,6JWA8DFJ,72.0,10,2,4,Won,4903.0,1.0,93.0,93.0,2017-09,2017,9
2017-08-13,20170813,20170605,20170813,OEBJXZN6,19.0,10,4,4,Won,3625.0,0.9999999999989426,69.0,69.0,2017-08,2017,8
2017-08-28,20170828,20170605,20170828,QMUBRAT2,29.0,8,1,2,Lost,0.0,0.07986306458865965,84.0,84.0,2017-08,2017,8
2017-08-03,20170803,20170605,20170803,W5P1OLUL,60.0,6,1,4,Won,554.0,0.968310570818963,59.0,59.0,2017-08,2017,8
2017-09-03,20170903,20170605,20170903,JP4H1WG4,64.0,32,1,2,Lost,0.0,0.17234022164515939,90.0,90.0,2017-09,2017,9
2017-06-11,20170611,20170605,20170611,580XZTEO,70.0,32,1,2,Lost,0.0,0.10856132756010826,6.0,6.0,2017-06,2017,6
2017-09-05,20170905,20170605,20170905,MASS6JEE,35.0,31,2,4,Won,5039.0,1.0,92.0,92.0,2017-09,2017,9
2017-08-30,20170830,20170605,20170830,XNC9UMYH,22.0,27,6,4,Won,1169.0,0.9974333868007657,86.0,86.0,2017-08,2017,8
2017-09-19,20170919,20170605,20170919,AUEAKRQV,72.0,7,2,4,Won,5055.0,1.0,106.0,106.0,2017-09,2017,9
2017-06-22,20170622,20170605,20170622,08Q8A6M9,62.0,7,3,4,Won,60.0,0.6746407699253972,17.0,17.0,2017-06,2017,6
2017-08-27,20170827,20170605,20170827,6F8IL0XV,12.0,34,6,2,Lost,0.0,0.019164780097041492,83.0,83.0,2017-08,2017,8
2017-09-08,20170908,20170605,20170908,NTHLG5DT,31.0,34,1,4,Won,595.0,0.9608354195399781,95.0,95.0,2017-09,2017,9
2017-06-21,20170621,20170605,20170621,Y5OZ7VOF,54.0,34,4,4,Won,3227.0,0.9999999998977598,16.0,16.0,2017-06,2017,6
2017-06-11,20170611,20170605,20170611,9HLQVY37,45.0,5,6,2,Lost,0.0,0.009207348233030052,6.0,6.0,2017-06,2017,6
2017-08-14,20170814,20170605,20170814,8C3LOLPY,59.0,5,6,2,Lost,0.0,0.017387939615220616,70.0,70.0,2017-08,2017,8
2017-09-20,20170920,20170605,20170920,QMJHLT1V,36.0,5,3,4,Won,59.0,0.7119840350602512,107.0,107.0,2017-09,2017,9
2017-09-26,20170926,20170605,20170926,Q5JU0LZJ,38.0,9,1,4,Won,479.0,0.8980011503057939,113.0,113.0,2017-09,2017,9
2017-09-14,20170914,20170605,20170914,IRODLEGG,29.0,9,4,4,Won,3449.0,0.9999999999863722,101.0,101.0,2017-09,2017,9
2017-09-24,20170924,20170605,20170924,HTA6XLY3,48.0,21,3,4,Won,54.0,0.792280084550579,111.0,111.0,2017-09,2017,9
2017-08-14,20170814,20170605,20170814,XW7J3TI2,35.0,24,4,2,Lost,0.0,0.0035860943728903837,70.0,70.0,2017-08,2017,8
2017-09-01,20170901,20170605,20170901,1BV5JLZV,17.0,24,3,4,Won,59.0,0.7079300167091713,88.0,88.0,2017-09,2017,9
2017-08-01,20170801,20170605,20170801,84D18IA1,1.0,12,3,2,Lost,0.0,0.44754493667432915,57.0,57.0,2017-08,2017,8
2017-09-27,20170927,20170605,20170927,41IM8V9E,24.0,33,1,2,Lost,0.0,0.16520226483203046,114.0,114.0,2017-09,2017,9
2017-09-27,20170927,20170606,20170927,NXFAXN16,68.0,1,3,4,Won,55.0,0.8052972054668248,113.0,113.0,2017-09,2017,9
2017-08-09,20170809,20170606,20170809,FXXEZ5U2,37.0,19,4,4,Won,3042.0,0.9999999996301265,64.0,64.0,2017-08,2017,8
2017-08-11,20170811,20170606,20170811,3F81XLI7,26.0,13,2,4,Won,4230.0,0.9999999999999909,66.0,66.0,2017-08,2017,8
2017-08-15,20170815,20170606,20170815,ID4LC9V5,37.0,18,6,4,Won,979.0,0.9866611903824809,70.0,70.0,2017-08,2017,8
2017-06-17,20170617,20170606,20170617,IPQFYK0E,84.0,18,6,4,Won,1064.0,0.9949640502190865,11.0,11.0,2017-06,2017,6
2017-08-20,20170820,20170606,20170820,UU0F81HS,78.0,18,2,4,Won,5166.0,1.0,75.0,75.0,2017-08,2017,8
2017-08-23,20170823,20170606,20170823,7SBDZJF4,5.0,20,6,4,Won,1036.0,0.9921106519664505,78.0,78.0,2017-08,2017,8
2017-08-06,20170806,20170606,20170806,7UI7YX03,36.0,28,2,4,Won,4330.0,0.9999999999999969,61.0,61.0,2017-08,2017,8
2017-09-13,20170913,20170606,20170913,BNYWSG6W,36.0,8,4,4,Won,3598.0,0.9999999999978793,99.0,99.0,2017-09,2017,9
2017-08-16,20170816,20170606,20170816,RC1YCAEP,32.0,30,1,4,Won,431.0,0.9083137956040042,71.0,71.0,2017-08,2017,8
2017-08-28,20170828,20170606,20170828,H6TY7RBJ,25.0,6,6,2,Lost,0.0,0.01261980382563635,83.0,83.0,2017-08,2017,8
2017-06-17,20170617,20170606,20170617,MU6NOSH1,25.0,6,1,4,Won,624.0,0.9601729206015494,11.0,11.0,2017-06,2017,6
2017-06-11,20170611,20170606,20170611,OFIORN0G,23.0,6,6,4,Won,1140.0,0.9963442853097333,5.0,5.0,2017-06,2017,6
2017-09-17,20170917,20170606,20170917,PMHOZRJN,12.0,32,3,4,Won,62.0,0.8270688390557013,103.0,103.0,2017-09,2017,9
2017-08-01,20170801,20170606,20170801,7Z3Q8UYS,21.0,31,1,2,Lost,0.0,0.0806678162719581,56.0,56.0,2017-08,2017,8
2017-09-15,20170915,20170606,20170915,YT9PLSVL,68.0,4,1,4,Won,584.0,0.9587274549905946,101.0,101.0,2017-09,2017,9
2017-09-09,20170909,20170606,20170909,BQINW2LB,47.0,27,3,2,Lost,0.0,0.43369356419566074,95.0,95.0,2017-09,2017,9
2017-08-19,20170819,20170606,20170819,BLFMYCVF,32.0,27,3,4,Won,57.0,0.6995709169630496,74.0,74.0,2017-08,2017,8
2017-08-05,20170805,20170606,20170805,379SDV6Y,67.0,9,6,4,Won,1267.0,0.998096221872422,60.0,60.0,2017-08,2017,8
2017-06-11,20170611,20170606,20170611,FE2AE2YO,74.0,21,2,2,Lost,0.0,0.0032922851741043983,5.0,5.0,2017-06,2017,6
2017-09-16,20170916,20170606,20170916,2756CEOQ,55.0,24,3,4,Won,55.0,0.6348920399485073,102.0,102.0,2017-09,2017,9
2017-09-10,20170910,20170606,20170910,Z4CFFZAW,53.0,12,3,4,Won,63.0,0.6897863489818444,96.0,96.0,2017-09,2017,9
2017-09-05,20170905,20170606,20170905,I967JINR,18.0,16,2,4,Won,3961.0,0.9999999999999643,91.0,91.0,2017-09,2017,9
2017-08-26,20170826,20170606,20170826,IE18U4NO,81.0,16,3,4,Won,45.0,0.6730492140270563,81.0,81.0,2017-08,2017,8
2017-08-20,20170820,20170607,20170820,JNIMHE7Y,76.0,1,3,4,Won,61.0,0.7894288440491677,74.0,74.0,2017-08,2017,8
2017-09-08,20170908,20170607,20170908,KUKJQX9Y,8.0,19,4,2,Lost,0.0,0.006479183313610347,93.0,93.0,2017-09,2017,9
2017-08-31,20170831,20170607,20170831,QCIG6H19,39.0,10,6,4,Won,1114.0,0.9967952711706233,85.0,85.0,2017-08,2017,8
2017-08-05,20170805,20170607,20170805,R7IIOFBH,42.0,15,1,4,Won,566.0,0.9438009582700244,59.0,59.0,2017-08,2017,8
2017-08-20,20170820,20170607,20170820,Q7ST5E1W,15.0,8,4,2,Lost,0.0,0.0033547821826052835,74.0,74.0,2017-08,2017,8
2017-06-21,20170621,20170607,20170621,6MTURF7Q,33.0,26,3,4,Won,56.0,0.6982777123474482,14.0,14.0,2017-06,2017,6
2017-06-18,20170618,20170607,20170618,MWT1ZV0Y,59.0,6,1,4,Won,627.0,0.9782431046313567,11.0,11.0,2017-06,2017,6
2017-08-16,20170816,20170607,20170816,B7Q6Q7S2,14.0,27,6,4,Won,1101.0,0.9971200634431115,70.0,70.0,2017-08,2017,8
2017-09-17,20170917,20170607,20170917,3DYZN86H,36.0,27,4,4,Won,2979.0,0.9999999992716535,102.0,102.0,2017-09,2017,9
2017-09-04,20170904,20170607,20170904,QYKTG5QA,39.0,7,4,2,Lost,0.0,0.005144618432689077,89.0,89.0,2017-09,2017,9
2017-08-05,20170805,20170607,20170805,67CKCI5G,27.0,21,2,2,Lost,0.0,0.005851941956371479,59.0,59.0,2017-08,2017,8
2017-06-17,20170617,20170607,20170617,2O1IK8VR,76.0,3,4,4,Won,3662.0,0.9999999999990108,10.0,10.0,2017-06,2017,6
2017-08-22,20170822,20170607,20170822,N8NQK8K7,14.0,33,2,2,Lost,0.0,0.006832291250242826,76.0,76.0,2017-08,2017,8
2017-08-17,20170817,20170607,20170817,V93EX6XU,50.0,33,2,4,Won,5185.0,1.0,71.0,71.0,2017-08,2017,8
2017-06-24,20170624,20170608,20170624,5QNUZYIL,74.0,22,4,4,Won,3681.0,0.9999999999983455,16.0,16.0,2017-06,2017,6
2017-06-18,20170618,20170608,20170618,WX63AIMZ,19.0,2,3,4,Won,59.0,0.7578528928891826,10.0,10.0,2017-06,2017,6
2017-09-13,20170913,20170608,20170913,09P7O0LQ,23.0,2,3,4,Won,60.0,0.7122768389251084,97.0,97.0,2017-09,2017,9
2017-08-05,20170805,20170608,20170805,GYS3APR7,7.0,13,1,4,Won,602.0,0.9615552196514969,58.0,58.0,2017-08,2017,8
2017-08-12,20170812,20170608,20170812,9VF00HWL,78.0,13,1,4,Won,515.0,0.918056842589708,65.0,65.0,2017-08,2017,8
2017-08-25,20170825,20170608,20170825,UTJGDR3K,68.0,10,2,2,Lost,0.0,0.005834075355574762,78.0,78.0,2017-08,2017,8
2017-06-21,20170621,20170608,20170621,MD0SRXG4,59.0,10,5,4,Won,5175.0,1.0,13.0,13.0,2017-06,2017,6
2017-08-27,20170827,20170608,20170827,E0ITYYTG,1.0,20,2,2,Lost,0.0,0.0020473543607341083,80.0,80.0,2017-08,2017,8
2017-08-28,20170828,20170608,20170828,PGK5K24U,56.0,20,2,4,Won,4780.0,1.0,81.0,81.0,2017-08,2017,8
2017-08-11,20170811,20170608,20170811,X46ZXX2S,29.0,6,6,2,Lost,0.0,0.010037759446705175,64.0,64.0,2017-08,2017,8
2017-06-16,20170616,20170608,20170616,4QP55BTO,29.0,6,1,4,Won,614.0,0.9504375609077383,8.0,8.0,2017-06,2017,6
2017-09-13,20170913,20170608,20170913,G6X1B2K5,57.0,6,1,4,Won,532.0,0.9661052431650133,97.0,97.0,2017-09,2017,9
2017-08-27,20170827,20170608,20170827,0YCAS0B9,23.0,6,5,4,Won,6096.0,1.0,80.0,80.0,2017-08,2017,8
2017-08-17,20170817,20170608,20170817,6UZVABQR,36.0,31,1,4,Won,486.0,0.9059661571120508,70.0,70.0,2017-08,2017,8
2017-08-17,20170817,20170608,20170817,9NTDQ8ZC,25.0,4,1,4,Won,566.0,0.9182302512867301,70.0,70.0,2017-08,2017,8
2017-06-22,20170622,20170608,20170622,FCCI80H2,64.0,27,3,2,Lost,0.0,0.48320845671373497,14.0,14.0,2017-06,2017,6
2017-06-16,20170616,20170608,20170616,ALQRAPZR,33.0,27,6,4,Won,923.0,0.9661740714360866,8.0,8.0,2017-06,2017,6
2017-09-30,20170930,20170608,20170930,7SPRU76Q,36.0,27,2,4,Won,4744.0,1.0,114.0,114.0,2017-09,2017,9
2017-08-19,20170819,20170608,20170819,JEMEGXUG,76.0,7,1,4,Won,517.0,0.9552205433707098,72.0,72.0,2017-08,2017,8
2017-06-14,20170614,20170608,20170614,GVHIFUN1,85.0,7,6,4,Won,881.0,0.9464771449363533,6.0,6.0,2017-06,2017,6
2017-06-24,20170624,20170608,20170624,RBB3C85Q,30.0,7,2,4,Won,4272.0,0.9999999999999971,16.0,16.0,2017-06,2017,6
2017-08-26,20170826,20170608,20170826,WFP9J5J7,24.0,34,2,2,Lost,0.0,0.007294893185343965,79.0,79.0,2017-08,2017,8
2017-09-02,20170902,20170608,20170902,8I4915WD,47.0,34,6,4,Won,805.0,0.9328288891689057,86.0,86.0,2017-09,2017,9
2017-08-18,20170818,20170608,20170818,L831D7DF,25.0,3,3,2,Lost,0.0,0.572247841369572,71.0,71.0,2017-08,2017,8
2017-09-13,20170913,20170608,20170913,839DCVT2,11.0,3,3,4,Won,55.0,0.6975901430582988,97.0,97.0,2017-09,2017,9
2017-06-15,20170615,20170608,20170615,EJ0EF8S1,70.0,24,1,4,Won,507.0,0.9060713119442844,7.0,7.0,2017-06,2017,6
2017-09-08,20170908,20170608,20170908,0ORRC53X,24.0,33,1,4,Won,520.0,0.9493786470302922,92.0,92.0,2017-09,2017,9
2017-08-15,20170815,20170609,20170815,3QTN3F5T,39.0,1,4,4,Won,3470.0,0.9999999999940776,67.0,67.0,2017-08,2017,8
2017-08-14,20170814,20170609,20170814,SY6BWRRO,75.0,22,2,2,Lost,0.0,0.00498926523278753,66.0,66.0,2017-08,2017,8
2017-08-22,20170822,20170609,20170822,JW5SYMNS,84.0,19,6,4,Won,1176.0,0.9986725527785251,74.0,74.0,2017-08,2017,8
2017-08-26,20170826,20170609,20170826,VP2CW520,73.0,10,6,2,Lost,0.0,0.016174579741103846,78.0,78.0,2017-08,2017,8
2017-08-02,20170802,20170609,20170802,2F0RUQ0B,84.0,20,2,4,Won,4517.0,0.9999999999999996,54.0,54.0,2017-08,2017,8
2017-08-16,20170816,20170609,20170816,XUP62FUM,58.0,30,5,4,Won,5125.0,1.0,68.0,68.0,2017-08,2017,8
2017-06-19,20170619,20170609,20170619,MUIT1E0M,42.0,32,2,4,Won,5339.0,1.0,10.0,10.0,2017-06,2017,6
2017-08-19,20170819,20170609,20170819,D7XNUYJD,55.0,31,2,2,Lost,0.0,0.003005292517956529,71.0,71.0,2017-08,2017,8
2017-06-26,20170626,20170609,20170626,ORG6MXKF,12.0,27,6,4,Won,1135.0,0.9965228670039324,17.0,17.0,2017-06,2017,6
2017-09-05,20170905,20170609,20170905,VS4UFFLH,42.0,34,3,4,Won,52.0,0.6444515350895114,88.0,88.0,2017-09,2017,9
2017-08-04,20170804,20170609,20170804,VUYQCXTY,4.0,5,6,4,Won,1017.0,0.9913755941210567,56.0,56.0,2017-08,2017,8
2017-06-27,20170627,20170609,20170627,YFJKP42F,11.0,5,4,4,Won,3681.0,0.9999999999982274,18.0,18.0,2017-06,2017,6
2017-08-04,20170804,20170609,20170804,OES8ZX7B,60.0,9,6,2,Lost,0.0,0.014135009682367675,56.0,56.0,2017-08,2017,8
2017-09-22,20170922,20170609,20170922,V9FD3EYK,49.0,21,2,4,Won,4370.0,0.9999999999999989,105.0,105.0,2017-09,2017,9
2017-06-14,20170614,20170610,20170614,3C9CWV6J,40.0,19,4,4,Won,3772.0,0.9999999999995219,4.0,4.0,2017-06,2017,6
2017-06-28,20170628,20170610,20170628,NDGQ0H91,69.0,19,4,4,Won,2871.0,0.9999999980398022,18.0,18.0,2017-06,2017,6
2017-08-04,20170804,20170610,20170804,OU9O62Y7,9.0,2,5,4,Won,4749.0,1.0,55.0,55.0,2017-08,2017,8
2017-08-27,20170827,20170610,20170827,LFQCLMMG,26.0,13,3,2,Lost,0.0,0.5169051992669397,78.0,78.0,2017-08,2017,8
2017-08-26,20170826,20170610,20170826,3ZG0719M,59.0,10,6,4,Won,1075.0,0.9969225948491783,77.0,77.0,2017-08,2017,8
2017-09-21,20170921,20170610,20170921,EMIAKHPF,43.0,20,5,4,Won,5051.0,1.0,103.0,103.0,2017-09,2017,9
2017-06-17,20170617,20170610,20170617,MKEVYIDI,39.0,6,6,4,Won,834.0,0.9507000323642673,7.0,7.0,2017-06,2017,6
2017-08-07,20170807,20170610,20170807,IFNT8NLL,33.0,32,3,2,Lost,0.0,0.6103010953420417,58.0,58.0,2017-08,2017,8
2017-09-19,20170919,20170610,20170919,EWRVDN3U,72.0,7,4,2,Lost,0.0,0.005809904215376339,101.0,101.0,2017-09,2017,9
2017-06-19,20170619,20170610,20170619,WEGC0W05,57.0,7,3,4,Won,54.0,0.7663975996594291,9.0,9.0,2017-06,2017,6
2017-09-07,20170907,20170610,20170907,HZ283240,68.0,9,1,2,Lost,0.0,0.10852717746506976,89.0,89.0,2017-09,2017,9
2017-06-21,20170621,20170610,20170621,3J1W4LM0,16.0,9,1,4,Won,527.0,0.8942358279521136,11.0,11.0,2017-06,2017,6
2017-06-12,20170612,20170610,20170612,1RIY3IBH,29.0,9,4,4,Won,2724.0,0.9999999857611397,2.0,2.0,2017-06,2017,6
2017-06-21,20170621,20170610,20170621,6NZH6X7G,2.0,21,5,2,Lost,0.0,0.0054891678020155465,11.0,11.0,2017-06,2017,6
2017-09-05,20170905,20170610,20170905,DJ2GWNGZ,43.0,21,1,4,Won,551.0,0.952077914743027,87.0,87.0,2017-09,2017,9
2017-06-21,20170621,20170610,20170621,S02S3TVE,55.0,24,6,4,Won,1118.0,0.9939947005092002,11.0,11.0,2017-06,2017,6
2017-08-23,20170823,20170610,20170823,34YT99YN,14.0,24,5,4,Won,6094.0,1.0,74.0,74.0,2017-08,2017,8
2017-08-22,20170822,20170610,20170822,N33B6LND,27.0,16,3,2,Lost,0.0,0.6128934025263963,73.0,73.0,2017-08,2017,8
2017-08-06,20170806,20170610,20170806,C7NBDKVV,50.0,33,1,4,Won,556.0,0.9319540640410208,57.0,57.0,2017-08,2017,8
2017-09-16,20170916,20170611,20170916,9YVSYSE8,29.0,1,1,2,Lost,0.0,0.10892461907872188,97.0,97.0,2017-09,2017,9
2017-09-13,20170913,20170611,20170913,VUF34IPC,57.0,1,3,4,Won,49.0,0.8121813496135448,94.0,94.0,2017-09,2017,9
2017-09-11,20170911,20170611,20170911,ONUWPAJM,63.0,19,6,2,Lost,0.0,0.016602478189337647,92.0,92.0,2017-09,2017,9
2017-09-25,20170925,20170611,20170925,A50JWKFS,68.0,2,6,4,Won,1001.0,0.9943317464404918,106.0,106.0,2017-09,2017,9
2017-09-16,20170916,20170611,20170916,JP72AC6I,71.0,13,4,4,Won,3777.0,0.9999999999996183,97.0,97.0,2017-09,2017,9
2017-08-17,20170817,20170611,20170817,9SZTURAF,37.0,18,6,4,Won,892.0,0.9707866343379999,67.0,67.0,2017-08,2017,8
2017-06-19,20170619,20170611,20170619,LB8UE159,40.0,18,5,4,Won,5353.0,1.0,8.0,8.0,2017-06,2017,6
2017-06-24,20170624,20170611,20170624,QYWZZ16B,3.0,10,2,4,Won,4410.0,0.9999999999999984,13.0,13.0,2017-06,2017,6
2017-09-03,20170903,20170611,20170903,IJNOVBGU,45.0,10,4,4,Won,3768.0,0.999999999999563,84.0,84.0,2017-09,2017,9
2017-08-29,20170829,20170611,20170829,KYL4UFG5,7.0,20,1,2,Lost,0.0,0.07635827017823749,79.0,79.0,2017-08,2017,8
2017-08-10,20170810,20170611,20170810,QFBITAKR,41.0,30,1,4,Won,507.0,0.9183573948552649,60.0,60.0,2017-08,2017,8
2017-09-20,20170920,20170611,20170920,VSZ4UVVN,85.0,6,6,4,Won,1144.0,0.996007485163959,101.0,101.0,2017-09,2017,9
2017-09-22,20170922,20170611,20170922,31C5DVJT,10.0,31,3,4,Won,44.0,0.7386345959598043,103.0,103.0,2017-09,2017,9
2017-06-27,20170627,20170611,20170627,EG3KHGPL,73.0,4,4,4,Won,3470.0,0.999999999989543,16.0,16.0,2017-06,2017,6
2017-09-26,20170926,20170611,20170926,LSJ2A8ZX,10.0,27,7,4,Won,29166.0,1.0,107.0,107.0,2017-09,2017,9
2017-08-10,20170810,20170611,20170810,9D06AK8T,42.0,27,6,4,Won,1045.0,0.9885174783549147,60.0,60.0,2017-08,2017,8
2017-09-12,20170912,20170611,20170912,PPXIWYMT,21.0,34,6,4,Won,951.0,0.9820854477302298,93.0,93.0,2017-09,2017,9
2017-08-20,20170820,20170611,20170820,YWKJW726,66.0,3,3,4,Won,43.0,0.8547720311405547,70.0,70.0,2017-08,2017,8
2017-06-15,20170615,20170611,20170615,ZVT9J7V1,85.0,3,3,4,Won,55.0,0.5061012646316553,4.0,4.0,2017-06,2017,6
2017-08-17,20170817,20170612,20170817,NOBIC0PD,42.0,19,2,4,Won,4294.0,0.9999999999999956,66.0,66.0,2017-08,2017,8
2017-08-29,20170829,20170612,20170829,UKECBJV5,68.0,2,5,4,Won,4961.0,1.0,78.0,78.0,2017-08,2017,8
2017-08-18,20170818,20170612,20170818,UWVT8M2Y,40.0,13,1,2,Lost,0.0,0.14774961133067796,67.0,67.0,2017-08,2017,8
2017-09-23,20170923,20170612,20170923,FU00L2Y2,52.0,18,2,4,Won,4506.0,0.9999999999999996,103.0,103.0,2017-09,2017,9
2017-06-26,20170626,20170612,20170626,518D68L9,82.0,20,2,2,Lost,0.0,0.0035505477056429775,14.0,14.0,2017-06,2017,6
2017-08-22,20170822,20170612,20170822,AOZKTGZG,64.0,28,1,4,Won,608.0,0.9735467262516263,71.0,71.0,2017-08,2017,8
2017-09-20,20170920,20170612,20170920,TKN1L8EX,81.0,15,6,4,Won,851.0,0.9649734025429961,100.0,100.0,2017-09,2017,9
2017-09-20,20170920,20170612,20170920,9GQ6HQLK,38.0,8,6,4,Won,1143.0,0.9975858626831245,100.0,100.0,2017-09,2017,9
2017-06-25,20170625,20170612,20170625,0RL4RHQJ,29.0,8,5,4,Won,6365.0,1.0,13.0,13.0,2017-06,2017,6
2017-08-21,20170821,20170612,20170821,ZE9WX1Q9,21.0,26,3,4,Won,54.0,0.683094201661051,70.0,70.0,2017-08,2017,8
2017-08-14,20170814,20170612,20170814,QY6MB3QJ,70.0,31,1,2,Lost,0.0,0.11076505625161553,63.0,63.0,2017-08,2017,8
2017-06-29,20170629,20170612,20170629,RUYLZD4O,65.0,31,2,4,Won,4798.0,1.0,17.0,17.0,2017-06,2017,6
2017-08-29,20170829,20170612,20170829,BOVKZHAZ,17.0,27,3,2,Lost,0.0,0.4896822964758898,78.0,78.0,2017-08,2017,8
2017-06-25,20170625,20170612,20170625,3X5BD9NU,21.0,27,2,4,Won,4733.0,0.9999999999999998,13.0,13.0,2017-06,2017,6
2017-08-29,20170829,20170612,20170829,YT8YYRTU,10.0,34,6,4,Won,1250.0,0.9991995722954414,78.0,78.0,2017-08,2017,8
2017-09-01,20170901,20170612,20170901,6V7OMXY5,22.0,34,5,4,Won,5966.0,1.0,81.0,81.0,2017-09,2017,9
2017-09-10,20170910,20170612,20170910,0TR3RU8A,16.0,9,3,4,Won,61.0,0.6531844662048522,90.0,90.0,2017-09,2017,9
2017-09-20,20170920,20170612,20170920,GTOKTXRA,61.0,24,3,4,Won,48.0,0.8042040702632774,100.0,100.0,2017-09,2017,9
2017-09-21,20170921,20170612,20170921,PBJ01MRE,81.0,12,3,4,Won,53.0,0.6967339439390914,101.0,101.0,2017-09,2017,9
2017-06-20,20170620,20170612,20170620,L2NXQFPN,10.0,33,3,2,Lost,0.0,0.5004791675212426,8.0,8.0,2017-06,2017,6
2017-08-18,20170818,20170612,20170818,0XWCTQL2,17.0,33,3,4,Won,51.0,0.6198273608810265,67.0,67.0,2017-08,2017,8
2017-09-04,20170904,20170612,20170904,SY72RAK2,10.0,33,4,4,Won,3314.0,0.999999999972427,84.0,84.0,2017-09,2017,9
2017-08-20,20170820,20170613,20170820,38YQ4771,73.0,1,4,2,Lost,0.0,0.005777686573621549,68.0,68.0,2017-08,2017,8
2017-09-25,20170925,20170613,20170925,K7FBRQCA,28.0,1,3,4,Won,64.0,0.7051741440637768,104.0,104.0,2017-09,2017,9
2017-06-24,20170624,20170613,20170624,F4V2FXK0,39.0,1,3,4,Won,58.0,0.6738683173318095,11.0,11.0,2017-06,2017,6
2017-08-22,20170822,20170613,20170822,FZNEISTX,49.0,19,6,2,Lost,0.0,0.013611684534921922,70.0,70.0,2017-08,2017,8
2017-08-04,20170804,20170613,20170804,S34T8KPW,48.0,19,5,4,Won,4598.0,0.9999999999999998,52.0,52.0,2017-08,2017,8
2017-06-19,20170619,20170613,20170619,5F40OSXS,49.0,19,4,4,Won,3424.0,0.9999999999871363,6.0,6.0,2017-06,2017,6
2017-09-30,20170930,20170613,20170930,AILF7GOP,74.0,19,4,4,Won,3399.0,0.9999999999847218,109.0,109.0,2017-09,2017,9
2017-09-07,20170907,20170613,20170907,LMJINVRQ,2.0,18,6,2,Lost,0.0,0.011151799728513937,86.0,86.0,2017-09,2017,9
2017-09-04,20170904,20170613,20170904,MHPI0ZW1,45.0,10,1,2,Lost,0.0,0.1163354977839593,83.0,83.0,2017-09,2017,9
2017-08-16,20170816,20170613,20170816,WJ81WITC,3.0,10,5,2,Lost,0.0,0.005577146223263269,64.0,64.0,2017-08,2017,8
2017-09-10,20170910,20170613,20170910,AIAX4W1O,73.0,10,2,4,Won,5322.0,1.0,89.0,89.0,2017-09,2017,9
2017-08-28,20170828,20170613,20170828,DFSRHCXU,18.0,20,1,4,Won,496.0,0.9344826831820038,76.0,76.0,2017-08,2017,8
2017-08-27,20170827,20170613,20170827,1VFUCUWA,8.0,15,4,4,Won,3279.0,0.9999999999760985,75.0,75.0,2017-08,2017,8
2017-09-28,20170928,20170613,20170928,3IIDRUGI,62.0,8,3,2,Lost,0.0,0.5557742187355389,107.0,107.0,2017-09,2017,9
2017-06-27,20170627,20170613,20170627,3VLKZISJ,61.0,30,3,4,Won,68.0,0.7912531208192634,14.0,14.0,2017-06,2017,6
2017-08-23,20170823,20170613,20170823,2GN2TRVV,73.0,6,1,2,Lost,0.0,0.14102592338606063,71.0,71.0,2017-08,2017,8
2017-08-21,20170821,20170613,20170821,9C9GO9XO,25.0,9,6,2,Lost,0.0,0.007728088266047984,69.0,69.0,2017-08,2017,8
2017-06-15,20170615,20170613,20170615,ULES5Z21,4.0,3,3,4,Won,59.0,0.6952077963439885,2.0,2.0,2017-06,2017,6
2017-06-26,20170626,20170613,20170626,IITSDWWL,21.0,24,4,4,Won,3205.0,0.9999999998801496,13.0,13.0,2017-06,2017,6
2017-06-27,20170627,20170613,20170627,8GYH6R9J,49.0,16,1,2,Lost,0.0,0.106455915187173,14.0,14.0,2017-06,2017,6
2017-06-23,20170623,20170614,20170623,8X890G2T,29.0,1,3,4,Won,55.0,0.6004291013861922,9.0,9.0,2017-06,2017,6
2017-09-17,20170917,20170614,20170917,74YVUL52,8.0,19,1,2,Lost,0.0,0.16818609828552114,95.0,95.0,2017-09,2017,9
2017-09-02,20170902,20170614,20170902,HH4I6PAY,26.0,13,1,4,Won,525.0,0.9149785128326103,80.0,80.0,2017-09,2017,9
2017-08-25,20170825,20170614,20170825,TAGD6XU9,39.0,10,4,4,Won,3455.0,0.9999999999920177,72.0,72.0,2017-08,2017,8
2017-06-25,20170625,20170614,20170625,IIREXAQX,22.0,28,4,4,Won,3110.0,0.9999999997854572,11.0,11.0,2017-06,2017,6
2017-06-27,20170627,20170614,20170627,8GISH3I9,43.0,15,3,2,Lost,0.0,0.45778008020248423,13.0,13.0,2017-06,2017,6
2017-09-11,20170911,20170614,20170911,6M89XBL0,61.0,26,5,4,Won,5053.0,1.0,89.0,89.0,2017-09,2017,9
2017-06-28,20170628,20170614,20170628,YT2QLCVS,34.0,26,4,4,Won,3539.0,0.9999999999959441,14.0,14.0,2017-06,2017,6
2017-08-23,20170823,20170614,20170823,4ICL09BD,60.0,6,1,4,Won,580.0,0.9762744233096515,70.0,70.0,2017-08,2017,8
2017-06-20,20170620,20170614,20170620,YWWVWOO4,58.0,32,4,2,Lost,0.0,0.005883667879589365,6.0,6.0,2017-06,2017,6
2017-06-17,20170617,20170614,20170617,8TTFFCIK,76.0,4,4,4,Won,3468.0,0.9999999999894515,3.0,3.0,2017-06,2017,6
2017-09-19,20170919,20170614,20170919,OG13XT4P,59.0,9,3,4,Won,54.0,0.7246415142092115,97.0,97.0,2017-09,2017,9
2017-06-27,20170627,20170614,20170627,ZYRRGSQK,7.0,21,4,2,Lost,0.0,0.0037843187053976275,13.0,13.0,2017-06,2017,6
2017-08-11,20170811,20170614,20170811,0LDX9VLO,62.0,3,3,2,Lost,0.0,0.574163416553863,58.0,58.0,2017-08,2017,8
2017-08-20,20170820,20170614,20170820,XFFFWJQH,27.0,12,3,2,Lost,0.0,0.5974997169615288,67.0,67.0,2017-08,2017,8
2017-06-28,20170628,20170615,20170628,KRSNQKC6,84.0,22,5,4,Won,6040.0,1.0,13.0,13.0,2017-06,2017,6
2017-09-01,20170901,20170615,20170901,YY39ZQNV,71.0,19,2,4,Won,5857.0,1.0,78.0,78.0,2017-09,2017,9
2017-06-25,20170625,20170615,20170625,YHVY1LHH,15.0,2,4,4,Won,3785.0,0.9999999999994913,10.0,10.0,2017-06,2017,6
2017-09-19,20170919,20170615,20170919,2BG4ZR42,81.0,13,6,2,Lost,0.0,0.01366577635468819,96.0,96.0,2017-09,2017,9
2017-06-26,20170626,20170615,20170626,QQCIN1M4,37.0,18,1,4,Won,420.0,0.7819322555997416,11.0,11.0,2017-06,2017,6
2017-06-20,20170620,20170615,20170620,KIMW6PXN,78.0,18,2,4,Won,4939.0,1.0,5.0,5.0,2017-06,2017,6
2017-06-30,20170630,20170615,20170630,AKFNIQR0,62.0,10,2,4,Won,4564.0,0.9999999999999996,15.0,15.0,2017-06,2017,6
2017-09-09,20170909,20170615,20170909,D5LEL3HF,57.0,10,4,4,Won,2683.0,0.9999999950514513,86.0,86.0,2017-09,2017,9
2017-06-30,20170630,20170615,20170630,6X4EEUGA,10.0,28,7,4,Won,25464.0,1.0,15.0,15.0,2017-06,2017,6
2017-09-09,20170909,20170615,20170909,KTSB1KYT,36.0,6,1,4,Won,460.0,0.9010070313769603,86.0,86.0,2017-09,2017,9
2017-06-28,20170628,20170615,20170628,RB7IA4JX,60.0,6,1,4,Won,546.0,0.959992223749495,13.0,13.0,2017-06,2017,6
2017-09-25,20170925,20170615,20170925,M4HY664H,13.0,6,6,4,Won,918.0,0.986573106129858,102.0,102.0,2017-09,2017,9
2017-06-29,20170629,20170615,20170629,D2C191IK,16.0,4,4,2,Lost,0.0,0.0022714382876938112,14.0,14.0,2017-06,2017,6
2017-08-02,20170802,20170615,20170802,I2V3EPW7,72.0,4,4,4,Won,3018.0,0.9999999993422699,48.0,48.0,2017-08,2017,8
2017-08-24,20170824,20170615,20170824,RB8LSFVK,65.0,27,3,4,Won,52.0,0.6244692295014107,70.0,70.0,2017-08,2017,8
2017-08-04,20170804,20170615,20170804,7SYJDW4L,5.0,21,3,4,Won,50.0,0.741755357258,50.0,50.0,2017-08,2017,8
2017-09-13,20170913,20170615,20170913,O7E0302B,78.0,14,1,4,Won,524.0,0.9165366828640705,90.0,90.0,2017-09,2017,9
2017-06-29,20170629,20170615,20170629,U11XXNCF,78.0,14,4,4,Won,3306.0,0.9999999999495566,14.0,14.0,2017-06,2017,6
2017-06-22,20170622,20170615,20170622,73FYEJQV,35.0,24,3,4,Won,54.0,0.5967449965229259,7.0,7.0,2017-06,2017,6
2017-06-28,20170628,20170615,20170628,C4CQ8FZL,36.0,24,3,4,Won,53.0,0.6294798537653983,13.0,13.0,2017-06,2017,6
2017-08-29,20170829,20170615,20170829,OJ1WKIVY,82.0,16,1,4,Won,514.0,0.9528876832246699,75.0,75.0,2017-08,2017,8
2017-06-25,20170625,20170616,20170625,N9ZXCBTU,44.0,18,6,4,Won,985.0,0.988310269287007,9.0,9.0,2017-06,2017,6
2017-08-11,20170811,20170616,20170811,RLHNJZBW,13.0,10,2,4,Won,5843.0,1.0,56.0,56.0,2017-08,2017,8
2017-09-17,20170917,20170616,20170917,GKHTT70P,28.0,10,2,4,Won,4577.0,0.9999999999999996,93.0,93.0,2017-09,2017,9
2017-06-24,20170624,20170616,20170624,GL8PN4LQ,39.0,10,4,4,Won,3323.0,0.9999999999655724,8.0,8.0,2017-06,2017,6
2017-08-31,20170831,20170616,20170831,TTVQT1YD,2.0,20,4,2,Lost,0.0,0.0027379864788418294,76.0,76.0,2017-08,2017,8
2017-09-17,20170917,20170616,20170917,NOHEK8PU,52.0,20,1,4,Won,483.0,0.9163322726501101,93.0,93.0,2017-09,2017,9
2017-08-22,20170822,20170616,20170822,56AN1DXW,37.0,15,1,2,Lost,0.0,0.10237261360625909,67.0,67.0,2017-08,2017,8
2017-09-18,20170918,20170616,20170918,WB44DF28,75.0,15,2,4,Won,5206.0,1.0,94.0,94.0,2017-09,2017,9
2017-09-04,20170904,20170616,20170904,DJ60T39C,23.0,8,4,4,Won,3621.0,0.9999999999977705,80.0,80.0,2017-09,2017,9
2017-06-25,20170625,20170616,20170625,52H2CE10,22.0,32,2,4,Won,4756.0,1.0,9.0,9.0,2017-06,2017,6
2017-08-29,20170829,20170616,20170829,PVDGIYSB,39.0,4,6,2,Lost,0.0,0.008657227769966799,74.0,74.0,2017-08,2017,8
2017-06-24,20170624,20170616,20170624,F57Z7KJF,66.0,4,4,4,Won,3228.0,0.9999999999532379,8.0,8.0,2017-06,2017,6
2017-09-17,20170917,20170616,20170917,ZGSQMEQ9,4.0,9,6,4,Won,1063.0,0.993974233279323,93.0,93.0,2017-09,2017,9
2017-08-19,20170819,20170616,20170819,FM1RH52B,80.0,21,6,2,Lost,0.0,0.02591928028978438,64.0,64.0,2017-08,2017,8
2017-06-27,20170627,20170616,20170627,3NM7A8SX,51.0,33,4,4,Won,4234.0,0.9999999999999922,11.0,11.0,2017-06,2017,6
2017-09-16,20170916,20170617,20170916,1XWQZ1F8,56.0,19,6,4,Won,1198.0,0.9987873266060054,91.0,91.0,2017-09,2017,9
2017-09-09,20170909,20170617,20170909,LXGNXNX1,69.0,13,2,4,Won,4960.0,1.0,84.0,84.0,2017-09,2017,9
2017-08-22,20170822,20170617,20170822,YQK2K6U5,3.0,10,1,4,Won,576.0,0.9561914733437975,66.0,66.0,2017-08,2017,8
2017-08-25,20170825,20170617,20170825,FROU0UKW,29.0,10,5,4,Won,5614.0,1.0,69.0,69.0,2017-08,2017,8
2017-08-30,20170830,20170617,20170830,SD8JJSKT,68.0,10,4,4,Won,3422.0,0.9999999999919376,74.0,74.0,2017-08,2017,8
2017-06-24,20170624,20170617,20170624,LCWP23CI,24.0,30,5,4,Won,5306.0,1.0,7.0,7.0,2017-06,2017,6
2017-09-06,20170906,20170617,20170906,XQ4FN1KA,31.0,31,2,2,Lost,0.0,0.003931365914085166,81.0,81.0,2017-09,2017,9
2017-09-19,20170919,20170617,20170919,9BTSKY01,38.0,4,3,4,Won,60.0,0.6459014993333002,94.0,94.0,2017-09,2017,9
2017-08-15,20170815,20170617,20170815,CQZSFN7C,44.0,27,7,2,Lost,0.0,0.015318263555882285,59.0,59.0,2017-08,2017,8
2017-08-16,20170816,20170617,20170816,81LMZHD1,4.0,5,5,4,Won,5018.0,1.0,60.0,60.0,2017-08,2017,8
2017-09-17,20170917,20170617,20170917,1J5Y9X1H,34.0,24,4,4,Won,3295.0,0.9999999999659017,92.0,92.0,2017-09,2017,9
2017-08-29,20170829,20170618,20170829,6LC0XB2D,60.0,1,3,4,Won,61.0,0.8229483503001754,72.0,72.0,2017-08,2017,8
2017-07-01,20170701,20170618,20170701,YKC8JUSY,49.0,22,5,2,Lost,0.0,0.0049176038567032235,13.0,13.0,2017-07,2017,7
2017-09-23,20170923,20170618,20170923,PAQTBHVA,81.0,19,3,4,Won,59.0,0.6807170487422143,97.0,97.0,2017-09,2017,9
2017-06-26,20170626,20170618,20170626,JRWBU9BS,49.0,18,2,4,Won,3720.0,0.9999999999991345,8.0,8.0,2017-06,2017,6
2017-08-15,20170815,20170618,20170815,DXF00KY4,39.0,10,4,2,Lost,0.0,0.003631916265055715,58.0,58.0,2017-08,2017,8
2017-08-16,20170816,20170618,20170816,K6ZDH79M,25.0,10,2,4,Won,5088.0,1.0,59.0,59.0,2017-08,2017,8
2017-06-28,20170628,20170618,20170628,GKL9QV5B,61.0,28,5,4,Won,6666.0,1.0,10.0,10.0,2017-06,2017,6
2017-08-02,20170802,20170618,20170802,1V3IQVOF,59.0,8,6,2,Lost,0.0,0.014770927576432115,45.0,45.0,2017-08,2017,8
2017-06-23,20170623,20170618,20170623,BH7EXL5M,39.0,8,2,4,Won,5115.0,1.0,5.0,5.0,2017-06,2017,6
2017-08-21,20170821,20170618,20170821,K0HLZM4Q,66.0,6,1,2,Lost,0.0,0.24575919022899848,64.0,64.0,2017-08,2017,8
2017-07-01,20170701,20170618,20170701,BTNSR87A,39.0,6,6,4,Won,1149.0,0.9969208262499233,13.0,13.0,2017-07,2017,7
2017-09-15,20170915,20170618,20170915,L58MN75X,4.0,6,2,4,Won,5220.0,1.0,89.0,89.0,2017-09,2017,9
2017-06-22,20170622,20170618,20170622,SWV0JUQJ,66.0,6,3,4,Won,60.0,0.8244031598070167,4.0,4.0,2017-06,2017,6
2017-06-22,20170622,20170618,20170622,910IXBKP,47.0,32,1,4,Won,551.0,0.924972663869454,4.0,4.0,2017-06,2017,6
2017-09-28,20170928,20170618,20170928,NTNYA5PE,10.0,27,1,4,Won,505.0,0.9191948642343514,102.0,102.0,2017-09,2017,9
2017-09-03,20170903,20170618,20170903,AHRCT8IP,76.0,7,1,2,Lost,0.0,0.16645516177250863,77.0,77.0,2017-09,2017,9
2017-08-21,20170821,20170618,20170821,ESH4HX52,29.0,7,5,4,Won,5472.0,1.0,64.0,64.0,2017-08,2017,8
2017-06-21,20170621,20170618,20170621,P8LGQH9G,28.0,9,2,2,Lost,0.0,0.0017041908203640436,3.0,3.0,2017-06,2017,6
2017-08-29,20170829,20170618,20170829,VT1LZKEY,21.0,24,1,2,Lost,0.0,0.08904387982022016,72.0,72.0,2017-08,2017,8
2017-08-28,20170828,20170619,20170828,0WC2J3UP,25.0,1,1,2,Lost,0.0,0.11024266667759716,70.0,70.0,2017-08,2017,8
2017-08-24,20170824,20170619,20170824,VWSFZUNS,36.0,1,5,4,Won,5271.0,1.0,66.0,66.0,2017-08,2017,8
2017-08-23,20170823,20170619,20170823,F3UB81V7,5.0,22,3,4,Won,49.0,0.705604157762034,65.0,65.0,2017-08,2017,8
2017-06-30,20170630,20170619,20170630,SEX08VFB,53.0,19,4,2,Lost,0.0,0.002419399663144673,11.0,11.0,2017-06,2017,6
2017-09-21,20170921,20170619,20170921,FLANUQCV,37.0,13,6,4,Won,1236.0,0.9989883439085754,94.0,94.0,2017-09,2017,9
2017-06-21,20170621,20170619,20170621,8MKXIQQK,82.0,18,2,4,Won,5388.0,1.0,2.0,2.0,2017-06,2017,6
2017-08-27,20170827,20170619,20170827,NDMY5PPT,13.0,10,2,2,Lost,0.0,0.005022117280626324,69.0,69.0,2017-08,2017,8
2017-09-26,20170926,20170619,20170926,E4H6CBPJ,25.0,10,2,4,Won,5449.0,1.0,99.0,99.0,2017-09,2017,9
2017-06-25,20170625,20170619,20170625,1FAMR9UR,25.0,10,2,4,Won,5030.0,1.0,6.0,6.0,2017-06,2017,6
2017-08-22,20170822,20170619,20170822,SYJKN818,36.0,10,2,4,Won,5195.0,1.0,64.0,64.0,2017-08,2017,8
2017-06-25,20170625,20170619,20170625,VMTPCY5G,12.0,26,3,4,Won,55.0,0.7558628404845689,6.0,6.0,2017-06,2017,6
2017-09-29,20170929,20170619,20170929,CV0BDYMP,21.0,26,3,4,Won,62.0,0.7265085425731969,102.0,102.0,2017-09,2017,9
2017-08-19,20170819,20170619,20170819,7DI7A7G7,70.0,30,1,4,Won,459.0,0.89506179146503,61.0,61.0,2017-08,2017,8
2017-08-25,20170825,20170619,20170825,WE7YS7HD,79.0,32,1,2,Lost,0.0,0.13649121393985542,67.0,67.0,2017-08,2017,8
2017-08-07,20170807,20170619,20170807,4DLOXD13,79.0,32,6,4,Won,1097.0,0.9965760019938094,49.0,49.0,2017-08,2017,8
2017-09-29,20170929,20170619,20170929,XN63KZRZ,54.0,32,5,4,Won,5033.0,1.0,102.0,102.0,2017-09,2017,9
2017-09-22,20170922,20170619,20170922,WSG25BZ9,6.0,31,2,4,Won,4966.0,1.0,95.0,95.0,2017-09,2017,9
2017-06-24,20170624,20170619,20170624,6GL2LRUH,24.0,31,3,4,Won,52.0,0.726391506434922,5.0,5.0,2017-06,2017,6
2017-06-27,20170627,20170619,20170627,K0G1IB3Q,17.0,27,3,4,Won,54.0,0.5339292258569993,8.0,8.0,2017-06,2017,6
2017-09-12,20170912,20170619,20170912,UYJDOT4Q,65.0,34,5,4,Won,5816.0,1.0,85.0,85.0,2017-09,2017,9
2017-09-03,20170903,20170619,20170903,VOSSIXSY,12.0,34,3,4,Won,53.0,0.7464042001034584,76.0,76.0,2017-09,2017,9
2017-08-15,20170815,20170619,20170815,ILUMUKG8,54.0,34,4,4,Won,3994.0,0.9999999999999105,57.0,57.0,2017-08,2017,8
2017-06-28,20170628,20170619,20170628,DYUWF61W,76.0,5,5,2,Lost,0.0,0.0052065682656498155,9.0,9.0,2017-06,2017,6
2017-09-04,20170904,20170619,20170904,NUNQGOUW,67.0,5,3,4,Won,57.0,0.5671733882942821,77.0,77.0,2017-09,2017,9
2017-07-02,20170702,20170619,20170702,CKT1GTY2,12.0,21,3,2,Lost,0.0,0.674829231592681,13.0,13.0,2017-07,2017,7
2017-08-05,20170805,20170619,20170805,FUHP1IXR,61.0,25,4,4,Won,3752.0,0.9999999999995557,47.0,47.0,2017-08,2017,8
2017-09-21,20170921,20170619,20170921,TJEEFJG8,12.0,14,2,4,Won,4759.0,1.0,94.0,94.0,2017-09,2017,9
2017-08-24,20170824,20170619,20170824,ABRQIWS9,67.0,3,1,4,Won,555.0,0.9337767755292689,66.0,66.0,2017-08,2017,8
2017-06-24,20170624,20170619,20170624,B3K4Z5L0,74.0,12,1,2,Lost,0.0,0.0686402385252041,5.0,5.0,2017-06,2017,6
2017-09-20,20170920,20170619,20170920,IVCON5CU,44.0,33,6,4,Won,1213.0,0.9986882899070757,93.0,93.0,2017-09,2017,9
2017-09-08,20170908,20170619,20170908,RQXFD7FW,65.0,33,2,4,Won,4428.0,0.9999999999999987,81.0,81.0,2017-09,2017,9
2017-07-02,20170702,20170620,20170702,LUP7FYS5,78.0,22,5,2,Lost,0.0,0.0036966914117792663,12.0,12.0,2017-07,2017,7
2017-08-08,20170808,20170620,20170808,REVQ7DSW,44.0,19,2,2,Lost,0.0,0.004874884365338615,49.0,49.0,2017-08,2017,8
2017-06-27,20170627,20170620,20170627,YSNODM63,68.0,2,5,2,Lost,0.0,0.006107436209206121,7.0,7.0,2017-06,2017,6
2017-09-21,20170921,20170620,20170921,PN3T4FUG,78.0,13,1,2,Lost,0.0,0.10873027399450952,93.0,93.0,2017-09,2017,9
2017-06-25,20170625,20170620,20170625,AQ3HBL9S,40.0,18,2,2,Lost,0.0,0.00390856490187243,5.0,5.0,2017-06,2017,6
2017-08-25,20170825,20170620,20170825,VE4LZ8F5,42.0,18,3,4,Won,62.0,0.6461419948750701,66.0,66.0,2017-08,2017,8
2017-09-11,20170911,20170620,20170911,Q5R1PYJS,4.0,10,2,2,Lost,0.0,0.005038078218155391,83.0,83.0,2017-09,2017,9
2017-08-09,20170809,20170620,20170809,5AOWZ6AG,63.0,20,4,4,Won,3546.0,0.9999999999956688,50.0,50.0,2017-08,2017,8
2017-08-20,20170820,20170620,20170820,3AIA6RL3,36.0,6,6,4,Won,1132.0,0.99729636770653,61.0,61.0,2017-08,2017,8
2017-08-13,20170813,20170620,20170813,OXPNURPT,10.0,32,1,2,Lost,0.0,0.14675231113391962,54.0,54.0,2017-08,2017,8
2017-08-19,20170819,20170620,20170819,9TRVSW35,12.0,34,3,4,Won,57.0,0.7448196626315899,60.0,60.0,2017-08,2017,8
2017-06-23,20170623,20170620,20170623,GTH3VIDW,21.0,34,3,4,Won,61.0,0.5613647063794435,3.0,3.0,2017-06,2017,6
2017-07-01,20170701,20170620,20170701,WFNKJ2LT,55.0,34,3,4,Won,57.0,0.5220746386134913,11.0,11.0,2017-07,2017,7
2017-09-14,20170914,20170620,20170914,P7GCDFU8,48.0,21,1,4,Won,649.0,0.9847662346124706,86.0,86.0,2017-09,2017,9
2017-08-15,20170815,20170620,20170815,O22J2QPD,20.0,14,2,2,Lost,0.0,0.0027853354064721293,56.0,56.0,2017-08,2017,8
2017-07-01,20170701,20170620,20170701,ACOJBA02,23.0,3,5,4,Won,4813.0,1.0,11.0,11.0,2017-07,2017,7
2017-06-23,20170623,20170620,20170623,2FGEGLVU,17.0,24,3,2,Lost,0.0,0.5018141207497432,3.0,3.0,2017-06,2017,6
2017-07-01,20170701,20170620,20170701,FQB53DQH,6.0,24,3,4,Won,51.0,0.6090384576116475,11.0,11.0,2017-07,2017,7
2017-09-13,20170913,20170620,20170913,1C2V9RAO,32.0,24,4,4,Won,3241.0,0.9999999999656439,85.0,85.0,2017-09,2017,9
2017-08-04,20170804,20170620,20170804,MNTTYFR6,37.0,12,3,2,Lost,0.0,0.5358539241028263,45.0,45.0,2017-08,2017,8
2017-09-12,20170912,20170620,20170912,7FN6LV2E,69.0,12,1,4,Won,592.0,0.9647621635011423,84.0,84.0,2017-09,2017,9
2017-09-20,20170920,20170620,20170920,V8I2CE9V,84.0,16,1,4,Won,506.0,0.9540826071126022,92.0,92.0,2017-09,2017,9
2017-09-25,20170925,20170620,20170925,1FXXXLJY,46.0,33,1,2,Lost,0.0,0.09841335499612103,97.0,97.0,2017-09,2017,9
2017-09-06,20170906,20170621,20170906,NYI5VMXK,11.0,1,4,4,Won,3571.0,0.9999999999970817,77.0,77.0,2017-09,2017,9
2017-08-30,20170830,20170621,20170830,OJ1NQRDS,71.0,19,1,2,Lost,0.0,0.09950007902014518,70.0,70.0,2017-08,2017,8
2017-07-03,20170703,20170621,20170703,Z9W748SJ,40.0,19,3,4,Won,60.0,0.6832757717325323,12.0,12.0,2017-07,2017,7
2017-09-15,20170915,20170621,20170915,LWX9V7HI,44.0,19,3,4,Won,59.0,0.7491846139769899,86.0,86.0,2017-09,2017,9
2017-06-25,20170625,20170621,20170625,PAQOPSR0,63.0,13,1,4,Won,551.0,0.9471990357313768,4.0,4.0,2017-06,2017,6
2017-07-01,20170701,20170621,20170701,AFQG21L7,25.0,10,2,2,Lost,0.0,0.0026852478662010766,10.0,10.0,2017-07,2017,7
2017-07-02,20170702,20170621,20170702,RQJKAR7E,39.0,10,2,2,Lost,0.0,0.003162804813283827,11.0,11.0,2017-07,2017,7
2017-07-01,20170701,20170621,20170701,6BV9IARK,39.0,10,2,4,Won,4826.0,1.0,10.0,10.0,2017-07,2017,7
2017-09-30,20170930,20170621,20170930,NTGU3NYS,33.0,28,3,4,Won,58.0,0.718471666228494,101.0,101.0,2017-09,2017,9
2017-06-26,20170626,20170621,20170626,3F5AAJZB,27.0,15,2,4,Won,5622.0,1.0,5.0,5.0,2017-06,2017,6
2017-07-02,20170702,20170621,20170702,RJH0CL3Z,36.0,8,3,2,Lost,0.0,0.47350865298328587,11.0,11.0,2017-07,2017,7
2017-08-27,20170827,20170621,20170827,EK0KWGQX,19.0,8,4,4,Won,3177.0,0.9999999999318678,67.0,67.0,2017-08,2017,8
2017-08-11,20170811,20170621,20170811,K33NPCAY,21.0,32,3,4,Won,56.0,0.6527644926182474,51.0,51.0,2017-08,2017,8
2017-09-22,20170922,20170621,20170922,1LLRNE8G,42.0,34,6,4,Won,990.0,0.988304201815063,93.0,93.0,2017-09,2017,9
2017-09-30,20170930,20170621,20170930,EFWND7VS,76.0,9,1,4,Won,587.0,0.963403159053521,101.0,101.0,2017-09,2017,9
2017-06-27,20170627,20170621,20170627,IR2D4ZG5,5.0,14,5,4,Won,6229.0,1.0,6.0,6.0,2017-06,2017,6
2017-08-02,20170802,20170621,20170802,BYBZJBC9,76.0,3,3,2,Lost,0.0,0.6415573906626558,42.0,42.0,2017-08,2017,8
2017-09-23,20170923,20170621,20170923,BO8DSRV7,77.0,24,6,4,Won,1027.0,0.9891326440267637,94.0,94.0,2017-09,2017,9
2017-06-23,20170623,20170621,20170623,LD1HNIUL,61.0,24,4,4,Won,3559.0,0.9999999999976579,2.0,2.0,2017-06,2017,6
2017-08-28,20170828,20170621,20170828,RX39Z0P1,33.0,33,1,4,Won,506.0,0.903241520054368,68.0,68.0,2017-08,2017,8
2017-07-03,20170703,20170622,20170703,PFHUAJ47,30.0,1,3,2,Lost,0.0,0.6642687397245577,11.0,11.0,2017-07,2017,7
2017-08-11,20170811,20170622,20170811,CKJZ86N6,28.0,1,4,2,Lost,0.0,0.003111862419177982,50.0,50.0,2017-08,2017,8
2017-09-12,20170912,20170622,20170912,ASC1OWNE,66.0,1,5,4,Won,6250.0,1.0,82.0,82.0,2017-09,2017,9
2017-09-12,20170912,20170622,20170912,WCEPUBH5,36.0,2,4,4,Won,3510.0,0.9999999999958482,82.0,82.0,2017-09,2017,9
2017-09-11,20170911,20170622,20170911,VMIMPP6H,74.0,18,6,4,Won,1078.0,0.9931193979657593,81.0,81.0,2017-09,2017,9
2017-07-02,20170702,20170622,20170702,B0XO4WY7,48.0,20,1,4,Won,553.0,0.911641771559917,10.0,10.0,2017-07,2017,7
2017-08-27,20170827,20170622,20170827,VYPIKMKO,72.0,6,1,4,Won,612.0,0.9709038360355277,66.0,66.0,2017-08,2017,8
2017-06-26,20170626,20170622,20170626,VCD47XNB,25.0,6,6,4,Won,1033.0,0.9897895178993552,4.0,4.0,2017-06,2017,6
2017-09-13,20170913,20170622,20170913,8QH99OEZ,38.0,6,6,4,Won,1051.0,0.9951043526614369,83.0,83.0,2017-09,2017,9
2017-09-22,20170922,20170622,20170922,1DMERFNB,79.0,31,1,4,Won,628.0,0.9756702190198092,92.0,92.0,2017-09,2017,9
2017-09-04,20170904,20170622,20170904,FR8FT0ZX,33.0,27,5,4,Won,4916.0,1.0,74.0,74.0,2017-09,2017,9
2017-09-28,20170928,20170622,20170928,DG7LABPD,66.0,7,4,4,Won,3590.0,0.9999999999993299,98.0,98.0,2017-09,2017,9
2017-08-16,20170816,20170622,20170816,ZMYUFTS9,16.0,5,4,4,Won,3207.0,0.9999999999162255,55.0,55.0,2017-08,2017,8
2017-09-21,20170921,20170622,20170921,P60EK5NN,85.0,5,4,4,Won,2739.0,0.9999999902170763,91.0,91.0,2017-09,2017,9
2017-07-03,20170703,20170622,20170703,YRYMSUE3,30.0,9,1,4,Won,557.0,0.9428002216044902,11.0,11.0,2017-07,2017,7
2017-06-30,20170630,20170622,20170630,UZOTC90C,80.0,21,2,4,Won,5302.0,1.0,8.0,8.0,2017-06,2017,6
2017-08-26,20170826,20170622,20170826,5AAN00N1,16.0,3,3,2,Lost,0.0,0.6214164279659433,65.0,65.0,2017-08,2017,8
2017-07-01,20170701,20170622,20170701,JFHKBG40,85.0,3,4,4,Won,3465.0,0.9999999999844349,9.0,9.0,2017-07,2017,7
2017-09-06,20170906,20170622,20170906,RJD0D0GD,83.0,33,2,4,Won,4356.0,0.9999999999999978,76.0,76.0,2017-09,2017,9
2017-09-21,20170921,20170623,20170921,L9IXFTIL,27.0,22,2,4,Won,5301.0,1.0,90.0,90.0,2017-09,2017,9
2017-07-04,20170704,20170623,20170704,HPBCTTV3,57.0,2,4,2,Lost,0.0,0.005173852790520278,11.0,11.0,2017-07,2017,7
2017-07-05,20170705,20170623,20170705,48FB5MD2,73.0,2,3,4,Won,66.0,0.7056178600937244,12.0,12.0,2017-07,2017,7
2017-07-03,20170703,20170623,20170703,EJZM1INM,75.0,13,1,2,Lost,0.0,0.10103918250378903,10.0,10.0,2017-07,2017,7
2017-07-01,20170701,20170623,20170701,FKNT3I12,1.0,13,2,2,Lost,0.0,0.0021491574163685604,8.0,8.0,2017-07,2017,7
2017-07-01,20170701,20170623,20170701,BLY5FD3N,40.0,13,5,4,Won,5640.0,1.0,8.0,8.0,2017-07,2017,7
2017-08-30,20170830,20170623,20170830,LXLU6LFC,43.0,18,4,2,Lost,0.0,0.002865754061649009,68.0,68.0,2017-08,2017,8
2017-09-28,20170928,20170623,20170928,A60QAIT3,42.0,18,6,4,Won,1291.0,0.9992272001961116,97.0,97.0,2017-09,2017,9
2017-09-27,20170927,20170623,20170927,RQ3BV2I5,49.0,18,2,4,Won,3729.0,0.9999999999994456,96.0,96.0,2017-09,2017,9
2017-08-23,20170823,20170623,20170823,W8CSV90F,73.0,10,2,2,Lost,0.0,0.004987100474081329,61.0,61.0,2017-08,2017,8
2017-07-03,20170703,20170623,20170703,0W6S0ODT,13.0,8,3,4,Won,49.0,0.6111146610240773,10.0,10.0,2017-07,2017,7
2017-07-03,20170703,20170623,20170703,408AHOYL,64.0,26,4,2,Lost,0.0,0.004900902088531041,10.0,10.0,2017-07,2017,7
2017-09-12,20170912,20170623,20170912,557JX4BM,55.0,26,6,4,Won,1099.0,0.9956744151372411,81.0,81.0,2017-09,2017,9
2017-07-04,20170704,20170623,20170704,QPZFP9WT,46.0,31,2,2,Lost,0.0,0.00327602647116184,11.0,11.0,2017-07,2017,7
2017-07-03,20170703,20170623,20170703,L5T284M7,12.0,4,4,2,Lost,0.0,0.0030146106385709145,10.0,10.0,2017-07,2017,7
2017-09-22,20170922,20170623,20170922,G17TENJ4,45.0,7,4,2,Lost,0.0,0.00556707899740246,91.0,91.0,2017-09,2017,9
2017-07-02,20170702,20170623,20170702,VRSTX620,12.0,9,6,4,Won,932.0,0.9786721329233274,9.0,9.0,2017-07,2017,7
2017-07-01,20170701,20170623,20170701,Y9VWZ93C,63.0,21,1,2,Lost,0.0,0.13179327746631414,8.0,8.0,2017-07,2017,7
2017-07-04,20170704,20170623,20170704,Y6IIUECA,18.0,21,6,4,Won,880.0,0.984701954462746,11.0,11.0,2017-07,2017,7
2017-09-18,20170918,20170623,20170918,LXWQDEU3,26.0,21,2,4,Won,4801.0,1.0,87.0,87.0,2017-09,2017,9
2017-07-01,20170701,20170623,20170701,P1E4KWF7,44.0,14,3,4,Won,59.0,0.6612976251501115,8.0,8.0,2017-07,2017,7
2017-07-05,20170705,20170623,20170705,BN84DD6H,23.0,3,3,2,Lost,0.0,0.5157279581057053,12.0,12.0,2017-07,2017,7
2017-09-29,20170929,20170623,20170929,R8MZ10BW,59.0,3,3,4,Won,52.0,0.8120219343863152,98.0,98.0,2017-09,2017,9
2017-09-21,20170921,20170623,20170921,PI8RROK0,66.0,3,4,4,Won,2949.0,0.9999999997684212,90.0,90.0,2017-09,2017,9
2017-07-06,20170706,20170623,20170706,GID40O2B,17.0,24,2,2,Lost,0.0,0.0033368258028840356,13.0,13.0,2017-07,2017,7
2017-08-15,20170815,20170623,20170815,KDRIBXNQ,44.0,12,3,4,Won,50.0,0.7263305045202908,53.0,53.0,2017-08,2017,8
2017-06-30,20170630,20170623,20170630,TCK6V290,56.0,12,4,4,Won,3863.0,0.9999999999998082,7.0,7.0,2017-06,2017,6
2017-07-04,20170704,20170623,20170704,VFZ5GB3W,31.0,33,1,2,Lost,0.0,0.06054348067223512,11.0,11.0,2017-07,2017,7
2017-07-02,20170702,20170624,20170702,UKSS5YPE,66.0,1,3,4,Won,64.0,0.8397118178631224,8.0,8.0,2017-07,2017,7
2017-07-03,20170703,20170624,20170703,RDDUG8VD,74.0,13,6,2,Lost,0.0,0.007696899757265547,9.0,9.0,2017-07,2017,7
2017-08-22,20170822,20170624,20170822,Z3QJESWJ,43.0,13,5,4,Won,5038.0,1.0,59.0,59.0,2017-08,2017,8
2017-07-02,20170702,20170624,20170702,PYIQ65W0,84.0,13,2,4,Won,5088.0,1.0,8.0,8.0,2017-07,2017,7
2017-08-14,20170814,20170624,20170814,RGRUF328,67.0,8,3,4,Won,48.0,0.5165099461316477,51.0,51.0,2017-08,2017,8
2017-07-04,20170704,20170624,20170704,TLSSOOVB,14.0,26,6,2,Lost,0.0,0.023386136486355933,10.0,10.0,2017-07,2017,7
2017-09-08,20170908,20170624,20170908,2YBEN3MV,33.0,31,6,2,Lost,0.0,0.012956396326895072,76.0,76.0,2017-09,2017,9
2017-09-30,20170930,20170624,20170930,EFA9E6WV,47.0,31,5,4,Won,5056.0,1.0,98.0,98.0,2017-09,2017,9
2017-07-02,20170702,20170624,20170702,YTSX7IW3,6.0,27,3,4,Won,59.0,0.5279044777472375,8.0,8.0,2017-07,2017,7
2017-08-20,20170820,20170624,20170820,86DMJ7GA,10.0,34,6,2,Lost,0.0,0.014214833658447595,57.0,57.0,2017-08,2017,8
2017-08-21,20170821,20170624,20170821,CMD0758L,22.0,34,1,4,Won,562.0,0.9488465850809129,58.0,58.0,2017-08,2017,8
2017-09-10,20170910,20170624,20170910,CM5MFWCO,11.0,5,3,4,Won,63.0,0.624495534900396,78.0,78.0,2017-09,2017,9
2017-07-05,20170705,20170624,20170705,0MNAGD91,3.0,5,4,4,Won,3355.0,0.9999999999718414,11.0,11.0,2017-07,2017,7
2017-07-05,20170705,20170624,20170705,9S749GJD,7.0,12,4,2,Lost,0.0,0.002827987301456529,11.0,11.0,2017-07,2017,7
2017-09-17,20170917,20170624,20170917,LBZY9VUG,48.0,12,3,4,Won,55.0,0.7240827287067336,85.0,85.0,2017-09,2017,9
2017-09-23,20170923,20170624,20170923,6UUTR15S,51.0,33,5,4,Won,4059.0,0.9999999999999805,91.0,91.0,2017-09,2017,9
2017-07-04,20170704,20170625,20170704,DVPYKS4A,8.0,19,4,2,Lost,0.0,0.004397194394468237,9.0,9.0,2017-07,2017,7
2017-08-09,20170809,20170625,20170809,9SRU5CI6,11.0,2,6,4,Won,1128.0,0.9960062727081426,45.0,45.0,2017-08,2017,8
2017-07-01,20170701,20170625,20170701,GZ5M7MIQ,13.0,10,6,2,Lost,0.0,0.010816356187326272,6.0,6.0,2017-07,2017,7
2017-07-08,20170708,20170625,20170708,CM2GVLV6,59.0,10,5,4,Won,5536.0,1.0,13.0,13.0,2017-07,2017,7
2017-09-03,20170903,20170625,20170903,NZB45UZX,28.0,10,2,4,Won,4964.0,1.0,70.0,70.0,2017-09,2017,9
2017-07-03,20170703,20170625,20170703,T2J83GFD,16.0,10,3,4,Won,54.0,0.6254007336695807,8.0,8.0,2017-07,2017,7
2017-08-02,20170802,20170625,20170802,28S2Z15A,59.0,10,3,4,Won,56.0,0.7335912570444703,38.0,38.0,2017-08,2017,8
2017-07-02,20170702,20170625,20170702,WOJBLO4B,75.0,20,5,2,Lost,0.0,0.003359451436996638,7.0,7.0,2017-07,2017,7
2017-08-19,20170819,20170625,20170819,788SW6EX,27.0,20,2,2,Lost,0.0,0.0030604701326258405,55.0,55.0,2017-08,2017,8
2017-07-05,20170705,20170625,20170705,EUOA0E47,84.0,20,4,4,Won,3423.0,0.9999999999868474,10.0,10.0,2017-07,2017,7
2017-09-13,20170913,20170625,20170913,S9ZUMLSY,41.0,28,3,2,Lost,0.0,0.5431893335393176,80.0,80.0,2017-09,2017,9
2017-07-07,20170707,20170625,20170707,0UCQUW6U,74.0,15,4,2,Lost,0.0,0.0022345538596467264,12.0,12.0,2017-07,2017,7
2017-07-03,20170703,20170625,20170703,07FRJ44N,9.0,8,5,2,Lost,0.0,0.0048026346420509645,8.0,8.0,2017-07,2017,7
2017-09-14,20170914,20170625,20170914,NMN9DVEV,57.0,8,6,4,Won,1102.0,0.9973255818089443,81.0,81.0,2017-09,2017,9
2017-09-22,20170922,20170625,20170922,95V8BLR2,32.0,32,1,4,Won,519.0,0.9624456238066101,89.0,89.0,2017-09,2017,9
2017-07-02,20170702,20170625,20170702,BDGB4NS0,35.0,31,5,2,Lost,0.0,0.003652607282640898,7.0,7.0,2017-07,2017,7
2017-08-27,20170827,20170625,20170827,SPHS260Y,35.0,31,3,2,Lost,0.0,0.5295540187795493,63.0,63.0,2017-08,2017,8
2017-08-27,20170827,20170625,20170827,O9L7KMPU,39.0,4,6,2,Lost,0.0,0.008127465051045026,63.0,63.0,2017-08,2017,8
2017-07-04,20170704,20170625,20170704,FGES2PQ2,4.0,4,4,2,Lost,0.0,0.0022468153892705946,9.0,9.0,2017-07,2017,7
2017-07-03,20170703,20170625,20170703,81DXTTI5,39.0,4,5,4,Won,5536.0,1.0,8.0,8.0,2017-07,2017,7
2017-08-14,20170814,20170625,20170814,JGG9CO2Y,3.0,7,5,2,Lost,0.0,0.0063938589028092975,50.0,50.0,2017-08,2017,8
2017-07-02,20170702,20170625,20170702,95B6AKI1,76.0,7,6,4,Won,839.0,0.9671186941267944,7.0,7.0,2017-07,2017,7
2017-09-06,20170906,20170625,20170906,N1G2CFCB,14.0,34,1,4,Won,500.0,0.9521244029450873,73.0,73.0,2017-09,2017,9
2017-09-24,20170924,20170625,20170924,40VSPND6,57.0,5,4,4,Won,3679.0,0.9999999999993174,91.0,91.0,2017-09,2017,9
2017-07-05,20170705,20170625,20170705,QWYRCDA8,73.0,9,6,2,Lost,0.0,0.00837594490641274,10.0,10.0,2017-07,2017,7
2017-07-04,20170704,20170625,20170704,00ZD3M4J,56.0,21,2,2,Lost,0.0,0.005512462062434852,9.0,9.0,2017-07,2017,7
2017-08-07,20170807,20170625,20170807,CJZFFC91,11.0,3,3,2,Lost,0.0,0.5191518085614719,43.0,43.0,2017-08,2017,8
2017-07-04,20170704,20170625,20170704,3PD8YBPK,61.0,24,1,2,Lost,0.0,0.13846429692295495,9.0,9.0,2017-07,2017,7
2017-07-02,20170702,20170625,20170702,KBG5R0WH,6.0,24,5,2,Lost,0.0,0.004111411967323751,7.0,7.0,2017-07,2017,7
2017-06-30,20170630,20170625,20170630,7RPM84Y4,32.0,24,4,4,Won,3815.0,0.99999999999973,5.0,5.0,2017-06,2017,6
2017-06-27,20170627,20170625,20170627,LFN6XPK7,70.0,24,4,4,Won,2753.0,0.9999999945298692,2.0,2.0,2017-06,2017,6
2017-07-02,20170702,20170625,20170702,18LZY55R,78.0,12,3,4,Won,60.0,0.5967219265975797,7.0,7.0,2017-07,2017,7
2017-07-02,20170702,20170625,20170702,E88W1Z0H,42.0,33,1,2,Lost,0.0,0.05610161602724378,7.0,7.0,2017-07,2017,7
2017-07-03,20170703,20170625,20170703,UQALCAIV,58.0,33,6,4,Won,1137.0,0.996956651500019,8.0,8.0,2017-07,2017,7
2017-07-04,20170704,20170626,20170704,6E2Y3HKI,80.0,22,5,4,Won,5201.0,1.0,8.0,8.0,2017-07,2017,7
2017-09-27,20170927,20170626,20170927,YWKFH7VT,49.0,19,1,2,Lost,0.0,0.12452917948728764,93.0,93.0,2017-09,2017,9
2017-07-03,20170703,20170626,20170703,MF4299DQ,7.0,19,4,2,Lost,0.0,0.0024872966806448473,7.0,7.0,2017-07,2017,7
2017-07-06,20170706,20170626,20170706,ZRZI054E,72.0,2,1,4,Won,612.0,0.9620712824334162,10.0,10.0,2017-07,2017,7
2017-09-11,20170911,20170626,20170911,CN69EYQ1,18.0,13,5,4,Won,4905.0,1.0,77.0,77.0,2017-09,2017,9
2017-07-07,20170707,20170626,20170707,KX80WC22,71.0,18,3,2,Lost,0.0,0.45549633743125273,11.0,11.0,2017-07,2017,7
2017-07-03,20170703,20170626,20170703,YQ6VELF1,68.0,10,2,2,Lost,0.0,0.004066362277407439,7.0,7.0,2017-07,2017,7
2017-08-31,20170831,20170626,20170831,NX4ODZY2,68.0,10,6,4,Won,1028.0,0.9941268560348809,66.0,66.0,2017-08,2017,8
2017-09-12,20170912,20170626,20170912,L2QMWU4H,11.0,10,5,4,Won,4430.0,0.9999999999999989,78.0,78.0,2017-09,2017,9
2017-09-18,20170918,20170626,20170918,0MPEK4ZA,18.0,20,6,2,Lost,0.0,0.01703693542465387,84.0,84.0,2017-09,2017,9
2017-07-09,20170709,20170626,20170709,TP0SU68U,53.0,20,6,2,Lost,0.0,0.005630564752636035,13.0,13.0,2017-07,2017,7
2017-07-03,20170703,20170626,20170703,8U7LNL7U,81.0,20,2,2,Lost,0.0,0.0020164294981911586,7.0,7.0,2017-07,2017,7
2017-07-06,20170706,20170626,20170706,XVYL67FL,5.0,20,1,4,Won,541.0,0.9074682408943726,10.0,10.0,2017-07,2017,7
2017-07-05,20170705,20170626,20170705,AIN2RE2H,34.0,28,2,2,Lost,0.0,0.0027779203917035118,9.0,9.0,2017-07,2017,7
2017-07-02,20170702,20170626,20170702,G1303HIC,9.0,8,2,4,Won,5081.0,1.0,6.0,6.0,2017-07,2017,7
2017-06-28,20170628,20170626,20170628,HVDQ4EEA,57.0,8,4,4,Won,3478.0,0.9999999999938398,2.0,2.0,2017-06,2017,6
2017-09-15,20170915,20170626,20170915,2RB900SL,41.0,30,2,4,Won,5541.0,1.0,81.0,81.0,2017-09,2017,9
2017-07-03,20170703,20170626,20170703,AUS25SFH,9.0,6,1,4,Won,504.0,0.9230370134174731,7.0,7.0,2017-07,2017,7
2017-08-10,20170810,20170626,20170810,O6DSGX6P,4.0,4,1,2,Lost,0.0,0.0749295774648364,45.0,45.0,2017-08,2017,8
2017-07-03,20170703,20170626,20170703,2MBFRRGW,19.0,4,1,2,Lost,0.0,0.08922482594756044,7.0,7.0,2017-07,2017,7
2017-08-24,20170824,20170626,20170824,Q3HYAWDW,31.0,27,4,4,Won,3838.0,0.999999999999565,59.0,59.0,2017-08,2017,8
2017-08-26,20170826,20170626,20170826,94TA0AWF,62.0,7,5,4,Won,5217.0,1.0,61.0,61.0,2017-08,2017,8
2017-07-05,20170705,20170626,20170705,G1XX0IB4,68.0,7,5,4,Won,4181.0,0.9999999999999931,9.0,9.0,2017-07,2017,7
2017-07-06,20170706,20170626,20170706,VIMY08JH,35.0,34,1,4,Won,518.0,0.8913438915427475,10.0,10.0,2017-07,2017,7
2017-09-17,20170917,20170626,20170917,WPTNE0QN,68.0,5,1,4,Won,533.0,0.9465367453028307,83.0,83.0,2017-09,2017,9
2017-08-03,20170803,20170626,20170803,DLGW8Y7B,64.0,25,4,4,Won,3855.0,0.9999999999997478,38.0,38.0,2017-08,2017,8
2017-07-07,20170707,20170626,20170707,YSOUU0T0,55.0,24,1,2,Lost,0.0,0.06005242109396127,11.0,11.0,2017-07,2017,7
2017-07-04,20170704,20170626,20170704,HM4TKVET,50.0,33,1,4,Won,617.0,0.9493374428145184,8.0,8.0,2017-07,2017,7
2017-07-06,20170706,20170627,20170706,Q81Q0PJK,76.0,1,6,4,Won,991.0,0.9912903231984524,9.0,9.0,2017-07,2017,7
2017-08-24,20170824,20170627,20170824,3BEPEWRS,53.0,19,2,2,Lost,0.0,0.0031372896826421487,58.0,58.0,2017-08,2017,8
2017-08-01,20170801,20170627,20170801,Y5HR9J3G,16.0,2,1,4,Won,513.0,0.9218054435173042,35.0,35.0,2017-08,2017,8
2017-07-07,20170707,20170627,20170707,STYLQ47K,26.0,13,5,4,Won,5121.0,1.0,10.0,10.0,2017-07,2017,7
2017-07-01,20170701,20170627,20170701,W07JMUG9,42.0,18,4,2,Lost,0.0,0.002311209031599806,4.0,4.0,2017-07,2017,7
2017-07-06,20170706,20170627,20170706,L8CG1IQO,12.0,10,1,2,Lost,0.0,0.12014456422891417,9.0,9.0,2017-07,2017,7
2017-07-06,20170706,20170627,20170706,6CFONO4W,85.0,10,2,4,Won,4635.0,0.9999999999999996,9.0,9.0,2017-07,2017,7
2017-09-08,20170908,20170627,20170908,AMGC18DS,84.0,20,5,2,Lost,0.0,0.0059026592684194275,73.0,73.0,2017-09,2017,9
2017-09-20,20170920,20170627,20170920,RKT3WVBC,40.0,15,1,4,Won,470.0,0.9203688286986226,85.0,85.0,2017-09,2017,9
2017-09-01,20170901,20170627,20170901,H5ZSM3IR,39.0,8,3,2,Lost,0.0,0.515486431009698,66.0,66.0,2017-09,2017,9
2017-09-17,20170917,20170627,20170917,07WKR17A,73.0,8,5,4,Won,6193.0,1.0,82.0,82.0,2017-09,2017,9
2017-09-16,20170916,20170627,20170916,7GM1XD9W,22.0,30,2,4,Won,4277.0,0.9999999999999962,81.0,81.0,2017-09,2017,9
2017-07-07,20170707,20170627,20170707,QM6GJ78P,6.0,32,3,4,Won,59.0,0.669293776495478,10.0,10.0,2017-07,2017,7
2017-09-08,20170908,20170627,20170908,L582YMSV,77.0,31,2,2,Lost,0.0,0.0025836714433963006,73.0,73.0,2017-09,2017,9
2017-07-06,20170706,20170627,20170706,EQS3UNXX,12.0,27,1,2,Lost,0.0,0.0831036727292877,9.0,9.0,2017-07,2017,7
2017-07-05,20170705,20170627,20170705,DZR5L7XQ,33.0,27,2,2,Lost,0.0,0.002259081268717541,8.0,8.0,2017-07,2017,7
2017-07-02,20170702,20170627,20170702,DQ0DSK7P,29.0,7,6,4,Won,1176.0,0.9970457496913819,5.0,5.0,2017-07,2017,7
2017-07-08,20170708,20170627,20170708,CGEXH2QO,23.0,5,5,2,Lost,0.0,0.0033913776059453365,11.0,11.0,2017-07,2017,7
2017-07-05,20170705,20170627,20170705,MIX6JTSN,67.0,5,1,4,Won,541.0,0.8747458335954246,8.0,8.0,2017-07,2017,7
2017-07-01,20170701,20170627,20170701,9KYX5G9K,16.0,9,5,4,Won,4766.0,1.0,4.0,4.0,2017-07,2017,7
2017-09-06,20170906,20170627,20170906,FG29YOWT,40.0,21,4,2,Lost,0.0,0.006764097570480525,71.0,71.0,2017-09,2017,9
2017-07-01,20170701,20170627,20170701,KWYKKVJC,75.0,21,2,4,Won,4785.0,1.0,4.0,4.0,2017-07,2017,7
2017-09-12,20170912,20170627,20170912,T7TDUK3T,57.0,3,4,4,Won,3046.0,0.9999999998350617,77.0,77.0,2017-09,2017,9
2017-07-04,20170704,20170627,20170704,42YPT5L7,59.0,3,4,4,Won,3548.0,0.9999999999974314,7.0,7.0,2017-07,2017,7
2017-07-06,20170706,20170627,20170706,99I4V65G,58.0,24,4,2,Lost,0.0,0.004697040009360794,9.0,9.0,2017-07,2017,7
2017-07-07,20170707,20170627,20170707,ACZQMAR4,58.0,24,4,4,Won,3615.0,0.9999999999984244,10.0,10.0,2017-07,2017,7
2017-09-11,20170911,20170628,20170911,TP9IE6PV,28.0,1,1,4,Won,631.0,0.9685418363330159,75.0,75.0,2017-09,2017,9
2017-07-01,20170701,20170628,20170701,E5CD0W5M,42.0,19,1,2,Lost,0.0,0.06980132822242102,3.0,3.0,2017-07,2017,7
2017-08-11,20170811,20170628,20170811,HKH717ED,36.0,2,1,2,Lost,0.0,0.10681651249452732,44.0,44.0,2017-08,2017,8
2017-07-07,20170707,20170628,20170707,DAW2JTP5,28.0,2,3,2,Lost,0.0,0.43677084632417484,9.0,9.0,2017-07,2017,7
2017-08-14,20170814,20170628,20170814,HBMOSBAK,48.0,18,2,2,Lost,0.0,0.003740613919530219,47.0,47.0,2017-08,2017,8
2017-07-07,20170707,20170628,20170707,V0V6O05H,12.0,10,2,2,Lost,0.0,0.0048275706664399065,9.0,9.0,2017-07,2017,7
2017-07-06,20170706,20170628,20170706,3DY60YA7,66.0,10,2,2,Lost,0.0,0.007935180182648525,8.0,8.0,2017-07,2017,7
2017-07-07,20170707,20170628,20170707,8H19L55Y,68.0,10,2,4,Won,4162.0,0.9999999999999869,9.0,9.0,2017-07,2017,7
2017-09-29,20170929,20170628,20170929,TPNU79C1,72.0,10,3,4,Won,54.0,0.7068148368632154,93.0,93.0,2017-09,2017,9
2017-07-02,20170702,20170628,20170702,TFQR150O,40.0,20,2,4,Won,5064.0,1.0,4.0,4.0,2017-07,2017,7
2017-07-07,20170707,20170628,20170707,9MM27P8C,42.0,28,4,2,Lost,0.0,0.0024208072937574893,9.0,9.0,2017-07,2017,7
2017-08-29,20170829,20170628,20170829,MMWD47ZY,45.0,8,6,2,Lost,0.0,0.011296236100444534,62.0,62.0,2017-08,2017,8
2017-07-09,20170709,20170628,20170709,JFIBKWMQ,45.0,8,3,2,Lost,0.0,0.4769895683042684,11.0,11.0,2017-07,2017,7
2017-07-07,20170707,20170628,20170707,6FUPOO3I,13.0,8,4,4,Won,3865.0,0.9999999999997407,9.0,9.0,2017-07,2017,7
2017-09-14,20170914,20170628,20170914,29VR6EL4,44.0,26,4,2,Lost,0.0,0.006375745763799703,78.0,78.0,2017-09,2017,9
2017-07-04,20170704,20170628,20170704,L45N3D2E,54.0,30,2,2,Lost,0.0,0.002711236013471001,6.0,6.0,2017-07,2017,7
2017-08-10,20170810,20170628,20170810,K1OBT27J,77.0,30,1,4,Won,553.0,0.9121358298013816,43.0,43.0,2017-08,2017,8
2017-07-03,20170703,20170628,20170703,OZL7CDMQ,23.0,6,6,2,Lost,0.0,0.009032292445988936,5.0,5.0,2017-07,2017,7
2017-07-05,20170705,20170628,20170705,LZ6PSZ4T,19.0,6,4,2,Lost,0.0,0.0051760216173080235,7.0,7.0,2017-07,2017,7
2017-09-02,20170902,20170628,20170902,5CFCTZ5K,59.0,6,1,4,Won,501.0,0.94509459524007,66.0,66.0,2017-09,2017,9
2017-09-27,20170927,20170628,20170927,EG5M02ZV,41.0,31,1,4,Won,539.0,0.9388453975914944,91.0,91.0,2017-09,2017,9
2017-07-04,20170704,20170628,20170704,5UKQ16DK,64.0,31,6,4,Won,1028.0,0.9920918611946103,6.0,6.0,2017-07,2017,7
2017-09-13,20170913,20170628,20170913,C9M5B1N6,50.0,31,2,4,Won,3951.0,0.9999999999999178,77.0,77.0,2017-09,2017,9
2017-08-11,20170811,20170628,20170811,ZS4PKX65,23.0,4,1,4,Won,560.0,0.9071411842582485,44.0,44.0,2017-08,2017,8
2017-07-05,20170705,20170628,20170705,PYLS9RJH,32.0,27,5,2,Lost,0.0,0.004242703316537864,7.0,7.0,2017-07,2017,7
2017-08-24,20170824,20170628,20170824,X2ZONP2D,3.0,5,5,2,Lost,0.0,0.004840119473075569,57.0,57.0,2017-08,2017,8
2017-09-30,20170930,20170628,20170930,Y5CP83V4,39.0,5,1,4,Won,530.0,0.9330897424912769,94.0,94.0,2017-09,2017,9
2017-07-02,20170702,20170628,20170702,9Y2HDGST,19.0,3,1,4,Won,462.0,0.9166057306172266,4.0,4.0,2017-07,2017,7
2017-09-07,20170907,20170628,20170907,7R0G2LC1,6.0,24,6,4,Won,1211.0,0.9985057363511066,71.0,71.0,2017-09,2017,9
2017-07-03,20170703,20170628,20170703,8FX574BJ,61.0,24,2,4,Won,4264.0,0.999999999999996,5.0,5.0,2017-07,2017,7
2017-09-09,20170909,20170628,20170909,AU5Q1XCW,22.0,24,4,4,Won,3104.0,0.9999999998241309,73.0,73.0,2017-09,2017,9
2017-09-30,20170930,20170628,20170930,CUMYWQYP,27.0,12,3,4,Won,56.0,0.7324237595677013,94.0,94.0,2017-09,2017,9
2017-07-10,20170710,20170629,20170710,29ZDUK49,3.0,1,6,4,Won,1047.0,0.9932762207121715,11.0,11.0,2017-07,2017,7
2017-07-08,20170708,20170629,20170708,VLVP8FPJ,40.0,19,4,2,Lost,0.0,0.003722401273504626,9.0,9.0,2017-07,2017,7
2017-07-06,20170706,20170629,20170706,SNGS64S7,67.0,10,2,2,Lost,0.0,0.002096220628863316,7.0,7.0,2017-07,2017,7
2017-07-08,20170708,20170629,20170708,CMCVD0N8,76.0,10,2,4,Won,5321.0,1.0,9.0,9.0,2017-07,2017,7
2017-07-06,20170706,20170629,20170706,NNKWGFDH,29.0,10,3,4,Won,57.0,0.543126658667031,7.0,7.0,2017-07,2017,7
2017-07-08,20170708,20170629,20170708,YC6QEUJN,42.0,15,6,4,Won,950.0,0.9778373341234281,9.0,9.0,2017-07,2017,7
2017-09-07,20170907,20170629,20170907,794XWMYE,49.0,15,3,4,Won,61.0,0.7081436509468594,70.0,70.0,2017-09,2017,9
2017-07-08,20170708,20170629,20170708,FHK0BBGK,78.0,15,3,4,Won,62.0,0.5885537878495107,9.0,9.0,2017-07,2017,7
2017-07-07,20170707,20170629,20170707,461LIUS7,39.0,8,6,4,Won,1105.0,0.994167478580667,8.0,8.0,2017-07,2017,7
2017-09-02,20170902,20170629,20170902,Y9SCLUH8,59.0,6,6,4,Won,835.0,0.9733275645568722,65.0,65.0,2017-09,2017,9
2017-08-28,20170828,20170629,20170828,J75Y9C75,58.0,32,6,4,Won,1104.0,0.9979632633372496,60.0,60.0,2017-08,2017,8
2017-09-12,20170912,20170629,20170912,PUP6JDT9,42.0,32,4,4,Won,3464.0,0.999999999992869,75.0,75.0,2017-09,2017,9
2017-07-06,20170706,20170629,20170706,88AA2RK1,65.0,31,1,2,Lost,0.0,0.09248494643396049,7.0,7.0,2017-07,2017,7
2017-08-31,20170831,20170629,20170831,4F222JU9,62.0,4,3,2,Lost,0.0,0.43712139150729906,63.0,63.0,2017-08,2017,8
2017-07-06,20170706,20170629,20170706,CBYRECX6,68.0,4,4,2,Lost,0.0,0.0025239231408301067,7.0,7.0,2017-07,2017,7
2017-07-10,20170710,20170629,20170710,QXT65QTI,36.0,27,1,2,Lost,0.0,0.058875348928069254,11.0,11.0,2017-07,2017,7
2017-07-06,20170706,20170629,20170706,8RTR1VMP,12.0,27,3,2,Lost,0.0,0.49156716509348136,7.0,7.0,2017-07,2017,7
2017-07-06,20170706,20170629,20170706,T7RA32XV,64.0,27,3,2,Lost,0.0,0.4610801173894277,7.0,7.0,2017-07,2017,7
2017-07-10,20170710,20170629,20170710,8IYVJKT4,14.0,34,2,2,Lost,0.0,0.006007978148748247,11.0,11.0,2017-07,2017,7
2017-07-06,20170706,20170629,20170706,G087QT6R,60.0,5,4,4,Won,3676.0,0.9999999999990083,7.0,7.0,2017-07,2017,7
2017-07-08,20170708,20170629,20170708,JT1UUOXN,45.0,9,2,2,Lost,0.0,0.0024297438642664764,9.0,9.0,2017-07,2017,7
2017-08-09,20170809,20170629,20170809,PUTILZZG,73.0,9,1,4,Won,568.0,0.9379604149226728,41.0,41.0,2017-08,2017,8
2017-07-09,20170709,20170629,20170709,QU7MSL36,56.0,21,2,4,Won,4837.0,1.0,10.0,10.0,2017-07,2017,7
2017-08-19,20170819,20170629,20170819,FEGSJ8QI,65.0,25,2,4,Won,4936.0,1.0,51.0,51.0,2017-08,2017,8
2017-09-03,20170903,20170629,20170903,1SKIPYI7,34.0,25,3,4,Won,55.0,0.5894826540134801,66.0,66.0,2017-09,2017,9
2017-07-10,20170710,20170629,20170710,66Q03Q2P,45.0,3,1,4,Won,466.0,0.8841461845577921,11.0,11.0,2017-07,2017,7
2017-07-05,20170705,20170629,20170705,Z1NWKS9A,24.0,24,3,2,Lost,0.0,0.6180632646026306,6.0,6.0,2017-07,2017,7
2017-07-04,20170704,20170629,20170704,ZZCKQ2JV,51.0,24,2,4,Won,4856.0,1.0,5.0,5.0,2017-07,2017,7
2017-07-08,20170708,20170629,20170708,F3G00C56,54.0,24,4,4,Won,3562.0,0.999999999994797,9.0,9.0,2017-07,2017,7
2017-07-09,20170709,20170629,20170709,9824T94P,49.0,12,2,4,Won,5159.0,1.0,10.0,10.0,2017-07,2017,7
2017-07-11,20170711,20170629,20170711,B8TD9HCN,43.0,12,4,4,Won,3172.0,0.999999999843743,12.0,12.0,2017-07,2017,7
2017-09-10,20170910,20170629,20170910,PEFTXK4Q,43.0,16,4,4,Won,3350.0,0.9999999999763436,73.0,73.0,2017-09,2017,9
2017-07-10,20170710,20170629,20170710,LUIEQRMQ,32.0,33,1,4,Won,595.0,0.9579419040858088,11.0,11.0,2017-07,2017,7
2017-09-27,20170927,20170630,20170927,8QOUXQEV,3.0,1,1,4,Won,560.0,0.9614500817318626,89.0,89.0,2017-09,2017,9
2017-07-02,20170702,20170630,20170702,6SC26SGG,80.0,22,6,4,Won,1167.0,0.998175029692472,2.0,2.0,2017-07,2017,7
2017-07-10,20170710,20170630,20170710,GITEQ8VZ,37.0,19,5,2,Lost,0.0,0.0038061250443570255,10.0,10.0,2017-07,2017,7
2017-09-26,20170926,20170630,20170926,2Y9R7T2W,2.0,19,4,4,Won,3280.0,0.9999999999593412,88.0,88.0,2017-09,2017,9
2017-09-15,20170915,20170630,20170915,8U5GBXK1,28.0,2,4,4,Won,3427.0,0.9999999999871374,77.0,77.0,2017-09,2017,9
2017-07-12,20170712,20170630,20170712,THI3LNT0,63.0,13,1,2,Lost,0.0,0.11177574495946531,12.0,12.0,2017-07,2017,7
2017-07-08,20170708,20170630,20170708,KTLIR2ZX,56.0,18,6,2,Lost,0.0,0.010871799989975365,8.0,8.0,2017-07,2017,7
2017-09-27,20170927,20170630,20170927,G2EECJNG,40.0,18,6,4,Won,940.0,0.9872337890267135,89.0,89.0,2017-09,2017,9
2017-09-29,20170929,20170630,20170929,UZN5JBF3,76.0,10,1,4,Won,565.0,0.9656190211629732,91.0,91.0,2017-09,2017,9
2017-07-06,20170706,20170630,20170706,2CZVRGQ4,13.0,10,2,4,Won,4749.0,1.0,6.0,6.0,2017-07,2017,7
2017-07-09,20170709,20170630,20170709,K5D2IP27,46.0,28,3,4,Won,51.0,0.6040491968012831,9.0,9.0,2017-07,2017,7
2017-08-28,20170828,20170630,20170828,PTKOWYW6,67.0,8,3,2,Lost,0.0,0.42079417917286277,59.0,59.0,2017-08,2017,8
2017-07-08,20170708,20170630,20170708,G3DIX74Y,79.0,30,2,2,Lost,0.0,0.003764844017527221,8.0,8.0,2017-07,2017,7
2017-07-07,20170707,20170630,20170707,4F8MNVNP,76.0,6,1,2,Lost,0.0,0.11461331893488486,7.0,7.0,2017-07,2017,7
2017-07-01,20170701,20170630,20170701,7UL8T1BZ,17.0,27,3,2,Lost,0.0,0.3920377739580427,1.0,1.0,2017-07,2017,7
2017-07-09,20170709,20170630,20170709,4HP16LRH,45.0,7,4,4,Won,3699.0,0.9999999999990843,9.0,9.0,2017-07,2017,7
2017-07-07,20170707,20170630,20170707,MNTHSHH6,10.0,34,5,4,Won,5909.0,1.0,7.0,7.0,2017-07,2017,7
2017-11-01,20171101,20170630,20171101,Q7C5MJ4W,12.0,5,1,2,Lost,0.0,0.1651503553205047,124.0,124.0,2017-11,2017,11
2017-07-01,20170701,20170630,20170701,ON9H54WD,19.0,9,2,2,Lost,0.0,0.0036024565353948816,1.0,1.0,2017-07,2017,7
2017-07-07,20170707,20170630,20170707,8M3H9UME,12.0,21,5,2,Lost,0.0,0.008528924530154402,7.0,7.0,2017-07,2017,7
2017-09-19,20170919,20170630,20170919,5J1C46RJ,48.0,21,5,4,Won,5927.0,1.0,81.0,81.0,2017-09,2017,9
2017-09-18,20170918,20170630,20170918,0BSYDRMT,7.0,21,3,4,Won,60.0,0.7332325837198315,80.0,80.0,2017-09,2017,9
2017-07-11,20170711,20170630,20170711,NKERC6IA,82.0,21,4,4,Won,3351.0,0.9999999999859923,11.0,11.0,2017-07,2017,7
2017-07-09,20170709,20170630,20170709,H6AN87LE,50.0,25,3,4,Won,64.0,0.5872274746031582,9.0,9.0,2017-07,2017,7
2017-07-02,20170702,20170630,20170702,1SSFC7XZ,18.0,14,4,2,Lost,0.0,0.004549641941106048,2.0,2.0,2017-07,2017,7
2017-07-11,20170711,20170630,20170711,0XK80WX8,15.0,3,3,4,Won,47.0,0.6280734707995703,11.0,11.0,2017-07,2017,7
2017-07-01,20170701,20170630,20170701,X4ARE2PT,19.0,3,3,4,Won,53.0,0.7461936720445488,1.0,1.0,2017-07,2017,7
2017-07-12,20170712,20170630,20170712,KCIFANLK,79.0,24,1,2,Lost,0.0,0.09026611132577726,12.0,12.0,2017-07,2017,7
2017-09-23,20170923,20170630,20170923,J7U29ZM5,1.0,12,1,2,Lost,0.0,0.07759147818664869,85.0,85.0,2017-09,2017,9
2017-08-15,20170815,20170701,20170815,3KVXBQ5V,1.0,22,6,2,Lost,0.0,0.007604130532140947,45.0,45.0,2017-08,2017,8
2017-07-11,20170711,20170701,20170711,7T9J42UX,29.0,2,5,4,Won,4391.0,0.999999999999998,10.0,10.0,2017-07,2017,7
2017-07-11,20170711,20170701,20170711,2J649YC5,67.0,10,6,4,Won,1308.0,0.9988561057660928,10.0,10.0,2017-07,2017,7
2017-09-23,20170923,20170701,20170923,9N66Q1VO,57.0,10,2,4,Won,4888.0,1.0,84.0,84.0,2017-09,2017,9
2017-09-25,20170925,20170701,20170925,ZWXKCHOO,12.0,20,1,4,Won,535.0,0.9490762898886369,86.0,86.0,2017-09,2017,9
2017-11-03,20171103,20170701,20171103,I8OUZNDS,14.0,28,5,2,Lost,0.0,0.013375910760765117,125.0,125.0,2017-11,2017,11
2017-09-16,20170916,20170701,20170916,CJZLM3WA,2.0,15,3,2,Lost,0.0,0.5633792262723082,77.0,77.0,2017-09,2017,9
2017-07-06,20170706,20170701,20170706,4QTD5X53,39.0,8,4,4,Won,3252.0,0.9999999999259668,5.0,5.0,2017-07,2017,7
2017-07-03,20170703,20170701,20170703,LQXWWZGN,36.0,6,1,2,Lost,0.0,0.09462966744542589,2.0,2.0,2017-07,2017,7
2017-08-27,20170827,20170701,20170827,NT510FGZ,72.0,6,3,2,Lost,0.0,0.5961622240340315,57.0,57.0,2017-08,2017,8
2017-07-11,20170711,20170701,20170711,2IQ0ZY9W,62.0,6,1,4,Won,574.0,0.9439343194460875,10.0,10.0,2017-07,2017,7
2017-08-11,20170811,20170701,20170811,N3TUSU37,11.0,6,6,4,Won,1012.0,0.9891459571068062,41.0,41.0,2017-08,2017,8
2017-07-07,20170707,20170701,20170707,O6LVMQ5R,14.0,31,1,4,Won,576.0,0.9701649450944282,6.0,6.0,2017-07,2017,7
2017-07-03,20170703,20170701,20170703,072ELFQF,39.0,4,4,2,Lost,0.0,0.001981578039855087,2.0,2.0,2017-07,2017,7
2017-07-03,20170703,20170701,20170703,CDFKC6E0,65.0,27,3,2,Lost,0.0,0.4395810682084316,2.0,2.0,2017-07,2017,7
2017-07-08,20170708,20170701,20170708,Z005FB1N,36.0,27,4,2,Lost,0.0,0.002117243703704824,7.0,7.0,2017-07,2017,7
2017-07-12,20170712,20170701,20170712,LYAFXO9B,41.0,27,1,4,Won,592.0,0.9263929601943858,11.0,11.0,2017-07,2017,7
2017-07-09,20170709,20170701,20170709,SNY2UWJ2,17.0,27,2,4,Won,4859.0,1.0,8.0,8.0,2017-07,2017,7
2017-07-02,20170702,20170701,20170702,UFIAFP10,33.0,27,3,4,Won,50.0,0.5242111124212119,1.0,1.0,2017-07,2017,7
2017-09-30,20170930,20170701,20170930,MG7CZFIG,44.0,27,4,4,Won,3225.0,0.9999999999364613,91.0,91.0,2017-09,2017,9
2017-07-09,20170709,20170701,20170709,H4U50AEW,66.0,7,5,4,Won,5422.0,1.0,8.0,8.0,2017-07,2017,7
2017-07-11,20170711,20170701,20170711,8PU9FIQS,16.0,7,4,4,Won,3657.0,0.9999999999987674,10.0,10.0,2017-07,2017,7
2017-07-07,20170707,20170701,20170707,FBQN3UM3,21.0,34,6,2,Lost,0.0,0.0074060950691429185,6.0,6.0,2017-07,2017,7
2017-07-10,20170710,20170701,20170710,MJ12SZ89,32.0,34,5,4,Won,4974.0,1.0,9.0,9.0,2017-07,2017,7
2017-08-07,20170807,20170701,20170807,B6F9PSRN,47.0,34,2,4,Won,4689.0,0.9999999999999998,37.0,37.0,2017-08,2017,8
2017-07-10,20170710,20170701,20170710,RLDIPPFT,72.0,9,6,2,Lost,0.0,0.007530933576078226,9.0,9.0,2017-07,2017,7
2017-07-12,20170712,20170701,20170712,TKKSOBRC,76.0,9,3,4,Won,50.0,0.6117949078764817,11.0,11.0,2017-07,2017,7
2017-07-03,20170703,20170701,20170703,FCWU08BA,49.0,21,2,2,Lost,0.0,0.004877720016172032,2.0,2.0,2017-07,2017,7
2017-08-23,20170823,20170701,20170823,AX63HIS9,42.0,21,2,4,Won,4611.0,0.9999999999999998,53.0,53.0,2017-08,2017,8
2017-07-13,20170713,20170701,20170713,1F8MPXZQ,66.0,3,4,2,Lost,0.0,0.009552842593448654,12.0,12.0,2017-07,2017,7
2017-07-11,20170711,20170701,20170711,YY3ACGA2,42.0,24,1,4,Won,571.0,0.9337211645143404,10.0,10.0,2017-07,2017,7
2017-07-03,20170703,20170701,20170703,6MQA3YYW,74.0,12,3,2,Lost,0.0,0.4420536572016609,2.0,2.0,2017-07,2017,7
2017-08-06,20170806,20170701,20170806,IM5AGXLX,2.0,16,5,2,Lost,0.0,0.0050056096514279995,36.0,36.0,2017-08,2017,8
2017-07-10,20170710,20170702,20170710,313EIVW4,4.0,1,6,2,Lost,0.0,0.013659957164346172,8.0,8.0,2017-07,2017,7
2017-07-13,20170713,20170702,20170713,NNAYAA7T,66.0,1,4,2,Lost,0.0,0.009547697889552453,11.0,11.0,2017-07,2017,7
2017-07-09,20170709,20170702,20170709,019I751P,67.0,1,6,4,Won,1180.0,0.9969681671078943,7.0,7.0,2017-07,2017,7
2017-09-17,20170917,20170702,20170917,5TRALM9T,75.0,22,5,2,Lost,0.0,0.007012155198969277,77.0,77.0,2017-09,2017,9
2017-07-03,20170703,20170702,20170703,LWC0UJWD,5.0,19,1,2,Lost,0.0,0.09237043941079595,1.0,1.0,2017-07,2017,7
2017-07-04,20170704,20170702,20170704,PI0FYKXU,81.0,19,5,4,Won,5274.0,1.0,2.0,2.0,2017-07,2017,7
2017-07-04,20170704,20170702,20170704,I7QSO0VZ,60.0,2,1,4,Won,480.0,0.9265961889659531,2.0,2.0,2017-07,2017,7
2017-07-08,20170708,20170702,20170708,5AU1SJA7,52.0,13,2,4,Won,4830.0,1.0,6.0,6.0,2017-07,2017,7
2017-07-03,20170703,20170702,20170703,S9N98QU9,7.0,18,5,2,Lost,0.0,0.0034089147594940474,1.0,1.0,2017-07,2017,7
2017-07-04,20170704,20170702,20170704,A9Q7ERA4,23.0,10,5,4,Won,5333.0,1.0,2.0,2.0,2017-07,2017,7
2017-07-11,20170711,20170702,20170711,RY8Z6RH2,12.0,28,4,2,Lost,0.0,0.004433430356393255,9.0,9.0,2017-07,2017,7
2017-08-24,20170824,20170702,20170824,9J8O59QW,66.0,8,5,2,Lost,0.0,0.01198233726650932,53.0,53.0,2017-08,2017,8
2017-07-03,20170703,20170702,20170703,KWVYR0LQ,11.0,8,4,2,Lost,0.0,0.002091271649808839,1.0,1.0,2017-07,2017,7
2017-09-16,20170916,20170702,20170916,0D95JSVW,35.0,30,5,4,Won,6192.0,1.0,76.0,76.0,2017-09,2017,9
2017-08-16,20170816,20170702,20170816,74JAOLQU,58.0,32,1,2,Lost,0.0,0.18003911956876023,45.0,45.0,2017-08,2017,8
2017-08-11,20170811,20170702,20170811,CMLYDJFN,54.0,32,1,4,Won,490.0,0.8958448129725073,40.0,40.0,2017-08,2017,8
2017-07-04,20170704,20170702,20170704,TFQEGZ1X,59.0,4,1,2,Lost,0.0,0.0861606245808274,2.0,2.0,2017-07,2017,7
2017-07-09,20170709,20170702,20170709,5COSD90U,44.0,27,1,2,Lost,0.0,0.07547756564443768,7.0,7.0,2017-07,2017,7
2017-09-23,20170923,20170702,20170923,6TBAKLMX,25.0,9,6,4,Won,1157.0,0.9964941927685048,83.0,83.0,2017-09,2017,9
2017-08-31,20170831,20170702,20170831,B50V1XGA,21.0,24,4,2,Lost,0.0,0.003155192636817166,60.0,60.0,2017-08,2017,8
2017-07-03,20170703,20170702,20170703,SOW7H1RP,47.0,24,4,2,Lost,0.0,0.002311102998710544,1.0,1.0,2017-07,2017,7
2017-07-13,20170713,20170702,20170713,OHJGW03I,80.0,12,3,4,Won,55.0,0.7438429638246812,11.0,11.0,2017-07,2017,7
2017-07-06,20170706,20170702,20170706,R6KPUAH7,70.0,33,4,2,Lost,0.0,0.0025404175800914355,4.0,4.0,2017-07,2017,7
2017-08-26,20170826,20170702,20170826,AJQC76NI,17.0,33,2,4,Won,4655.0,0.9999999999999998,55.0,55.0,2017-08,2017,8
2017-08-26,20170826,20170703,20170826,PH5GSB37,48.0,22,2,4,Won,5833.0,1.0,54.0,54.0,2017-08,2017,8
2017-09-23,20170923,20170703,20170923,9OLZU3WB,12.0,2,3,4,Won,47.0,0.7847940383957712,82.0,82.0,2017-09,2017,9
2017-08-31,20170831,20170703,20170831,JDXET5H9,76.0,2,3,4,Won,51.0,0.7520215798801663,59.0,59.0,2017-08,2017,8
2017-07-04,20170704,20170703,20170704,8RE1600O,38.0,10,2,2,Lost,0.0,0.0035346770860314666,1.0,1.0,2017-07,2017,7
2017-07-12,20170712,20170703,20170712,NGMC9NSG,30.0,10,4,2,Lost,0.0,0.0051627135489090365,9.0,9.0,2017-07,2017,7
2017-09-25,20170925,20170703,20170925,G6FKELQV,37.0,20,1,2,Lost,0.0,0.08384536653940054,84.0,84.0,2017-09,2017,9
2017-09-10,20170910,20170703,20170910,IKNMU8HM,56.0,20,5,2,Lost,0.0,0.005244623749111765,69.0,69.0,2017-09,2017,9
2017-07-12,20170712,20170703,20170712,AHIDE6VS,42.0,20,1,4,Won,540.0,0.8885181040756794,9.0,9.0,2017-07,2017,7
2017-07-04,20170704,20170703,20170704,YZJLPVJG,44.0,20,5,4,Won,4915.0,1.0,1.0,1.0,2017-07,2017,7
2017-07-04,20170704,20170703,20170704,GOSCKNUX,58.0,30,5,2,Lost,0.0,0.00740901636119972,1.0,1.0,2017-07,2017,7
2017-07-05,20170705,20170703,20170705,GC3IVG7S,64.0,30,5,2,Lost,0.0,0.006088324761109995,2.0,2.0,2017-07,2017,7
2017-07-10,20170710,20170703,20170710,S81YI4QH,70.0,30,5,2,Lost,0.0,0.005161881490351342,7.0,7.0,2017-07,2017,7
2017-09-27,20170927,20170703,20170927,M3MJY0CK,47.0,30,5,4,Won,6693.0,1.0,86.0,86.0,2017-09,2017,9
2017-07-05,20170705,20170703,20170705,H2HNTSIP,36.0,6,4,4,Won,3101.0,0.999999999776364,2.0,2.0,2017-07,2017,7
2017-08-15,20170815,20170703,20170815,8APZZ20T,79.0,32,6,2,Lost,0.0,0.01521892865198946,43.0,43.0,2017-08,2017,8
2017-09-02,20170902,20170703,20170902,RABLXW5E,35.0,32,3,4,Won,56.0,0.6974209033775088,61.0,61.0,2017-09,2017,9
2017-07-12,20170712,20170703,20170712,TJTOVN5K,10.0,31,6,4,Won,935.0,0.9827626720309283,9.0,9.0,2017-07,2017,7
2017-07-13,20170713,20170703,20170713,1IG94UUQ,64.0,31,6,4,Won,1133.0,0.9971616024728541,10.0,10.0,2017-07,2017,7
2017-08-12,20170812,20170703,20170812,MN8UHP5B,79.0,31,2,4,Won,4904.0,1.0,40.0,40.0,2017-08,2017,8
2017-09-23,20170923,20170703,20170923,D7JDQB12,4.0,4,4,4,Won,2857.0,0.9999999979354608,82.0,82.0,2017-09,2017,9
2017-09-02,20170902,20170703,20170902,GWI45VGH,19.0,4,4,4,Won,3118.0,0.9999999998449203,61.0,61.0,2017-09,2017,9
2017-07-11,20170711,20170703,20170711,G3TZD0CB,25.0,7,6,4,Won,1204.0,0.9981192858561818,8.0,8.0,2017-07,2017,7
2017-07-09,20170709,20170703,20170709,1PAPS9QO,79.0,34,4,2,Lost,0.0,0.0031459375103790707,6.0,6.0,2017-07,2017,7
2017-09-06,20170906,20170703,20170906,WXCEZ7JY,13.0,5,1,4,Won,376.0,0.789219141056356,65.0,65.0,2017-09,2017,9
2017-11-02,20171102,20170703,20171102,WR45SVGN,72.0,3,1,4,Won,511.0,0.9494795891407208,122.0,122.0,2017-11,2017,11
2017-07-14,20170714,20170703,20170714,WAFSPTW6,47.0,24,1,4,Won,491.0,0.8618329050543367,11.0,11.0,2017-07,2017,7
2017-07-16,20170716,20170703,20170716,5FYPINRL,20.0,12,3,2,Lost,0.0,0.46819284957909246,13.0,13.0,2017-07,2017,7
2017-07-12,20170712,20170703,20170712,VLPSQ076,2.0,16,4,2,Lost,0.0,0.0031714336940847176,9.0,9.0,2017-07,2017,7
2017-09-07,20170907,20170703,20170907,3AX6QBR3,18.0,16,4,4,Won,3101.0,0.9999999999028726,66.0,66.0,2017-09,2017,9
2017-08-22,20170822,20170703,20170822,ZY3AVAK0,79.0,33,3,2,Lost,0.0,0.5126554197730452,50.0,50.0,2017-08,2017,8
2017-07-14,20170714,20170704,20170714,FVCL72VU,9.0,1,5,2,Lost,0.0,0.007069250814807797,10.0,10.0,2017-07,2017,7
2017-07-06,20170706,20170704,20170706,24OSGLGF,19.0,1,3,4,Won,56.0,0.7646374202893772,2.0,2.0,2017-07,2017,7
2017-09-11,20170911,20170704,20170911,31NQQEEO,53.0,19,1,2,Lost,0.0,0.08734357207544605,69.0,69.0,2017-09,2017,9
2017-07-12,20170712,20170704,20170712,ADRU5BLP,38.0,10,6,2,Lost,0.0,0.010861718165639836,8.0,8.0,2017-07,2017,7
2017-09-05,20170905,20170704,20170905,AUPXRV8O,59.0,10,6,4,Won,1300.0,0.9995640639288588,63.0,63.0,2017-09,2017,9
2017-07-05,20170705,20170704,20170705,CI00UV0Y,60.0,10,2,4,Won,4544.0,0.9999999999999998,1.0,1.0,2017-07,2017,7
2017-07-05,20170705,20170704,20170705,VH3C0A8F,49.0,20,1,2,Lost,0.0,0.06822255474405557,1.0,1.0,2017-07,2017,7
2017-09-26,20170926,20170704,20170926,1E5MFGR7,56.0,20,1,2,Lost,0.0,0.11045467788268558,84.0,84.0,2017-09,2017,9
2017-09-23,20170923,20170704,20170923,TS2JEK3E,2.0,20,1,4,Won,531.0,0.9125391773298803,81.0,81.0,2017-09,2017,9
2017-07-13,20170713,20170704,20170713,4R0TB2CL,8.0,20,2,4,Won,4669.0,0.9999999999999998,9.0,9.0,2017-07,2017,7
2017-11-03,20171103,20170704,20171103,5OJ3QR1W,38.0,8,3,2,Lost,0.0,0.6127815099394454,122.0,122.0,2017-11,2017,11
2017-07-06,20170706,20170704,20170706,R162LSFR,32.0,32,2,2,Lost,0.0,0.006006473844672078,2.0,2.0,2017-07,2017,7
2017-07-11,20170711,20170704,20170711,X7J3O7TC,14.0,31,1,2,Lost,0.0,0.1551045390097726,7.0,7.0,2017-07,2017,7
2017-07-10,20170710,20170704,20170710,Q7RV0YW6,33.0,31,6,2,Lost,0.0,0.010151148691373317,6.0,6.0,2017-07,2017,7
2017-09-19,20170919,20170704,20170919,S5E8MBO3,54.0,27,1,2,Lost,0.0,0.06459992239061864,77.0,77.0,2017-09,2017,9
2017-07-11,20170711,20170704,20170711,QE6A49LE,36.0,5,3,2,Lost,0.0,0.48841746354283744,7.0,7.0,2017-07,2017,7
2017-09-25,20170925,20170704,20170925,XGMMHWZC,16.0,5,1,4,Won,475.0,0.9019713611628686,83.0,83.0,2017-09,2017,9
2017-07-05,20170705,20170704,20170705,7MK55ULJ,59.0,5,6,4,Won,1102.0,0.9962852200058089,1.0,1.0,2017-07,2017,7
2017-07-09,20170709,20170704,20170709,0VZIDVCC,85.0,5,3,4,Won,55.0,0.43895220440359944,5.0,5.0,2017-07,2017,7
2017-07-15,20170715,20170704,20170715,D1XYQH35,73.0,9,1,2,Lost,0.0,0.0788317991707178,11.0,11.0,2017-07,2017,7
2017-07-06,20170706,20170704,20170706,XAR2VX09,62.0,3,3,2,Lost,0.0,0.5211834002728866,2.0,2.0,2017-07,2017,7
2017-07-05,20170705,20170704,20170705,YTQH4YM9,9.0,3,3,4,Won,63.0,0.7341349943439548,1.0,1.0,2017-07,2017,7
2017-07-12,20170712,20170704,20170712,KMLW6GXY,42.0,24,4,2,Lost,0.0,0.0026606734761184365,8.0,8.0,2017-07,2017,7
2017-07-14,20170714,20170704,20170714,IG734VZK,55.0,24,5,4,Won,5971.0,1.0,10.0,10.0,2017-07,2017,7
2017-08-27,20170827,20170704,20170827,W3C2KLXD,26.0,16,5,4,Won,5710.0,1.0,54.0,54.0,2017-08,2017,8
2017-07-09,20170709,20170704,20170709,8Z1SIQSI,58.0,33,2,2,Lost,0.0,0.004136880620755723,5.0,5.0,2017-07,2017,7
2017-09-21,20170921,20170704,20170921,IZJR1WDM,54.0,33,3,4,Won,52.0,0.5794060773263158,79.0,79.0,2017-09,2017,9
2017-08-28,20170828,20170705,20170828,5MRPZ44K,16.0,1,1,4,Won,522.0,0.9435887809247189,54.0,54.0,2017-08,2017,8
2017-07-12,20170712,20170705,20170712,W0LFL18P,40.0,19,6,2,Lost,0.0,0.01255640702172407,7.0,7.0,2017-07,2017,7
2017-07-13,20170713,20170705,20170713,5H9ELV2H,81.0,19,5,2,Lost,0.0,0.003751912673634662,8.0,8.0,2017-07,2017,7
2017-07-14,20170714,20170705,20170714,KDDN1E4O,2.0,19,6,4,Won,1109.0,0.9948691158626515,9.0,9.0,2017-07,2017,7
2017-07-06,20170706,20170705,20170706,S8JALB62,71.0,19,4,4,Won,3508.0,0.9999999999927449,1.0,1.0,2017-07,2017,7
2017-07-14,20170714,20170705,20170714,2HPCHBIL,7.0,13,5,2,Lost,0.0,0.004306992906820239,9.0,9.0,2017-07,2017,7
2017-07-16,20170716,20170705,20170716,Q9JV7YXX,56.0,18,6,2,Lost,0.0,0.011757334633447221,11.0,11.0,2017-07,2017,7
2017-08-29,20170829,20170705,20170829,J3N73B00,36.0,10,2,4,Won,4346.0,0.9999999999999976,55.0,55.0,2017-08,2017,8
2017-07-06,20170706,20170705,20170706,STG85Q0N,43.0,20,1,2,Lost,0.0,0.05040285951467387,1.0,1.0,2017-07,2017,7
2017-07-09,20170709,20170705,20170709,VMI5QYS3,78.0,20,2,2,Lost,0.0,0.0019946647508867323,4.0,4.0,2017-07,2017,7
2017-08-10,20170810,20170705,20170810,09W047QT,74.0,20,2,4,Won,4565.0,0.9999999999999993,36.0,36.0,2017-08,2017,8
2017-09-29,20170929,20170705,20170929,VXOZC2CN,75.0,15,6,4,Won,1319.0,0.9995713101578423,86.0,86.0,2017-09,2017,9
2017-07-06,20170706,20170705,20170706,JAMW5SWB,36.0,30,2,4,Won,5157.0,1.0,1.0,1.0,2017-07,2017,7
2017-07-06,20170706,20170705,20170706,WCKKFSVL,19.0,6,4,2,Lost,0.0,0.005317448727424875,1.0,1.0,2017-07,2017,7
2017-07-17,20170717,20170705,20170717,GVCWDG9Y,29.0,6,2,4,Won,4213.0,0.9999999999999878,12.0,12.0,2017-07,2017,7
2017-07-12,20170712,20170705,20170712,UEXJN3Y6,44.0,32,6,4,Won,1230.0,0.998988590542914,7.0,7.0,2017-07,2017,7
2017-07-15,20170715,20170705,20170715,MCQGU5EA,70.0,31,1,4,Won,443.0,0.8463598490630988,10.0,10.0,2017-07,2017,7
2017-09-26,20170926,20170705,20170926,M0IN22XH,83.0,31,6,4,Won,1043.0,0.9953681310363262,83.0,83.0,2017-09,2017,9
2017-07-07,20170707,20170705,20170707,8HWWW76K,15.0,4,1,2,Lost,0.0,0.054753426771813565,2.0,2.0,2017-07,2017,7
2017-08-23,20170823,20170705,20170823,707CQDQK,34.0,27,3,2,Lost,0.0,0.4330608797723437,49.0,49.0,2017-08,2017,8
2017-07-13,20170713,20170705,20170713,4PTCB3CS,29.0,7,4,2,Lost,0.0,0.0028571326251719802,8.0,8.0,2017-07,2017,7
2017-08-08,20170808,20170705,20170808,IEB855X8,11.0,7,4,4,Won,3458.0,0.9999999999909703,34.0,34.0,2017-08,2017,8
2017-07-13,20170713,20170705,20170713,IDA8D96H,83.0,34,5,2,Lost,0.0,0.00541180673032648,8.0,8.0,2017-07,2017,7
2017-07-07,20170707,20170705,20170707,DLQNAOWB,55.0,25,3,2,Lost,0.0,0.3542860062674027,2.0,2.0,2017-07,2017,7
2017-07-14,20170714,20170705,20170714,R9V8QAPK,42.0,14,3,4,Won,58.0,0.5835199475593014,9.0,9.0,2017-07,2017,7
2017-07-10,20170710,20170705,20170710,P6KXSJPD,11.0,3,3,2,Lost,0.0,0.4916942353690336,5.0,5.0,2017-07,2017,7
2017-07-06,20170706,20170705,20170706,KM0RKC4Q,36.0,24,1,2,Lost,0.0,0.08458987750892562,1.0,1.0,2017-07,2017,7
2017-07-17,20170717,20170705,20170717,58TUIJ6D,10.0,33,2,2,Lost,0.0,0.003409977926206389,12.0,12.0,2017-07,2017,7
2017-09-20,20170920,20170705,20170920,BXOIQHTS,79.0,33,1,4,Won,658.0,0.975882522343231,77.0,77.0,2017-09,2017,9
2017-07-16,20170716,20170706,20170716,CC3B5DSU,73.0,1,5,2,Lost,0.0,0.006538957721962262,10.0,10.0,2017-07,2017,7
2017-07-07,20170707,20170706,20170707,GLM4XZLI,20.0,19,5,2,Lost,0.0,0.0031615545451293544,1.0,1.0,2017-07,2017,7
2017-09-01,20170901,20170706,20170901,K8VBNOW9,56.0,19,5,4,Won,4791.0,1.0,57.0,57.0,2017-09,2017,9
2017-07-08,20170708,20170706,20170708,3GEDSDVN,38.0,2,1,4,Won,590.0,0.9571285320519514,2.0,2.0,2017-07,2017,7
2017-07-14,20170714,20170706,20170714,R0ZYAJFM,39.0,2,5,4,Won,5629.0,1.0,8.0,8.0,2017-07,2017,7
2017-07-15,20170715,20170706,20170715,R8X2RVQ2,75.0,13,2,2,Lost,0.0,0.004205291888465786,9.0,9.0,2017-07,2017,7
2017-07-18,20170718,20170706,20170718,DFG6OP8T,48.0,18,5,2,Lost,0.0,0.00444242309238563,12.0,12.0,2017-07,2017,7
2017-07-07,20170707,20170706,20170707,JB4MECWM,78.0,18,2,2,Lost,0.0,0.0024629663988104495,1.0,1.0,2017-07,2017,7
2017-09-12,20170912,20170706,20170912,CDGA1SD7,68.0,10,2,4,Won,4323.0,0.9999999999999978,68.0,68.0,2017-09,2017,9
2017-07-12,20170712,20170706,20170712,SBILEY2W,73.0,10,2,4,Won,5085.0,1.0,6.0,6.0,2017-07,2017,7
2017-07-17,20170717,20170706,20170717,JMTKEPXF,84.0,20,4,4,Won,2996.0,0.9999999994269257,11.0,11.0,2017-07,2017,7
2017-07-14,20170714,20170706,20170714,937CNF5D,12.0,15,2,4,Won,4682.0,1.0,8.0,8.0,2017-07,2017,7
2017-07-14,20170714,20170706,20170714,EQ399D3M,65.0,26,4,4,Won,3250.0,0.9999999999565607,8.0,8.0,2017-07,2017,7
2017-07-12,20170712,20170706,20170712,DOVNGYN4,33.0,32,1,2,Lost,0.0,0.10706393112806117,6.0,6.0,2017-07,2017,7
2017-07-16,20170716,20170706,20170716,A0IS9TWV,42.0,31,2,2,Lost,0.0,0.002885357455374365,10.0,10.0,2017-07,2017,7
2017-09-06,20170906,20170706,20170906,E7TDBIDS,42.0,31,2,4,Won,5323.0,1.0,62.0,62.0,2017-09,2017,9
2017-07-07,20170707,20170706,20170707,TIFPUXSQ,12.0,7,1,2,Lost,0.0,0.14716500569095087,1.0,1.0,2017-07,2017,7
2017-07-07,20170707,20170706,20170707,LXDCC260,25.0,7,5,4,Won,5966.0,1.0,1.0,1.0,2017-07,2017,7
2017-07-16,20170716,20170706,20170716,1Z72JRDI,46.0,34,4,4,Won,3452.0,0.9999999999894611,10.0,10.0,2017-07,2017,7
2017-07-17,20170717,20170706,20170717,XTBADYHW,72.0,5,3,2,Lost,0.0,0.4939560166921147,11.0,11.0,2017-07,2017,7
2017-07-13,20170713,20170706,20170713,PPDU7OWD,66.0,5,4,2,Lost,0.0,0.0069680512318369015,7.0,7.0,2017-07,2017,7
2017-07-11,20170711,20170706,20170711,CJ05Q2G5,46.0,25,1,2,Lost,0.0,0.07069629862945656,5.0,5.0,2017-07,2017,7
2017-07-13,20170713,20170706,20170713,MON3JWUF,22.0,24,1,4,Won,583.0,0.9515194724479404,7.0,7.0,2017-07,2017,7
2017-07-16,20170716,20170706,20170716,SFMKU2FV,52.0,12,3,2,Lost,0.0,0.6223958960770795,10.0,10.0,2017-07,2017,7
2017-07-13,20170713,20170706,20170713,9FH2VYQQ,32.0,33,6,2,Lost,0.0,0.011690026716987037,7.0,7.0,2017-07,2017,7
2017-09-27,20170927,20170706,20170927,PMVKMS6A,41.0,33,1,4,Won,507.0,0.9022865267110007,83.0,83.0,2017-09,2017,9
2017-07-15,20170715,20170707,20170715,E62A05BH,38.0,1,1,2,Lost,0.0,0.11193723795844303,8.0,8.0,2017-07,2017,7
2017-07-13,20170713,20170707,20170713,U3GCADFV,57.0,1,3,2,Lost,0.0,0.6620212709715804,6.0,6.0,2017-07,2017,7
2017-07-09,20170709,20170707,20170709,611J0LEK,2.0,22,1,4,Won,574.0,0.9393573499777332,2.0,2.0,2017-07,2017,7
2017-09-07,20170907,20170707,20170907,ZWA2ES4F,53.0,19,3,4,Won,48.0,0.6043458069765962,62.0,62.0,2017-09,2017,9
2017-07-17,20170717,20170707,20170717,LNT5B9XY,67.0,2,3,2,Lost,0.0,0.4317562415189612,10.0,10.0,2017-07,2017,7
2017-07-15,20170715,20170707,20170715,CPQ348W9,39.0,2,1,4,Won,458.0,0.8635594732992863,8.0,8.0,2017-07,2017,7
2017-09-18,20170918,20170707,20170918,UZ0MRAFU,11.0,2,5,4,Won,5455.0,1.0,73.0,73.0,2017-09,2017,9
2017-07-14,20170714,20170707,20170714,VFO5EK6R,63.0,13,1,2,Lost,0.0,0.11508286920481405,7.0,7.0,2017-07,2017,7
2017-09-17,20170917,20170707,20170917,GE5SORJX,42.0,13,5,4,Won,5666.0,1.0,72.0,72.0,2017-09,2017,9
2017-07-09,20170709,20170707,20170709,03O9FNTZ,7.0,18,6,4,Won,1107.0,0.9940158295455936,2.0,2.0,2017-07,2017,7
2017-07-08,20170708,20170707,20170708,FIQIRK37,1.0,18,2,4,Won,4089.0,0.9999999999999423,1.0,1.0,2017-07,2017,7
2017-09-08,20170908,20170707,20170908,M6J6VNVQ,52.0,20,1,4,Won,498.0,0.9180883908438532,63.0,63.0,2017-09,2017,9
2017-09-07,20170907,20170707,20170907,S767XDO3,35.0,28,4,2,Lost,0.0,0.0033396880590440743,62.0,62.0,2017-09,2017,9
2017-07-11,20170711,20170707,20170711,ZPKCSV3R,19.0,6,3,4,Won,64.0,0.7618928068447548,4.0,4.0,2017-07,2017,7
2017-07-09,20170709,20170707,20170709,CLA3RTMS,77.0,32,4,2,Lost,0.0,0.002276639513968819,2.0,2.0,2017-07,2017,7
2017-07-09,20170709,20170707,20170709,OJWV4RT2,44.0,31,1,2,Lost,0.0,0.10307163513355905,2.0,2.0,2017-07,2017,7
2017-07-09,20170709,20170707,20170709,PMQCN4PR,24.0,31,1,4,Won,565.0,0.9611960528165433,2.0,2.0,2017-07,2017,7
2017-07-17,20170717,20170707,20170717,CBIFB5BB,42.0,31,1,4,Won,579.0,0.9371428856020402,10.0,10.0,2017-07,2017,7
2017-09-11,20170911,20170707,20170911,BSVZWUXR,36.0,4,3,4,Won,56.0,0.6013361656521993,66.0,66.0,2017-09,2017,9
2017-09-05,20170905,20170707,20170905,PU2UJDTV,61.0,27,2,4,Won,4063.0,0.9999999999999736,60.0,60.0,2017-09,2017,9
2017-07-17,20170717,20170707,20170717,LN9NU0A8,38.0,7,6,4,Won,1193.0,0.9984263672342077,10.0,10.0,2017-07,2017,7
2017-07-15,20170715,20170707,20170715,KD27RNU9,62.0,5,1,2,Lost,0.0,0.07253441693881894,8.0,8.0,2017-07,2017,7
2017-07-11,20170711,20170707,20170711,FN50OJHN,3.0,9,6,4,Won,1088.0,0.9924041199661257,4.0,4.0,2017-07,2017,7
2017-09-17,20170917,20170707,20170917,YA68AAQK,78.0,21,6,2,Lost,0.0,0.014761598765361976,72.0,72.0,2017-09,2017,9
2017-09-11,20170911,20170707,20170911,90K2ZTKB,77.0,25,3,4,Won,58.0,0.5201568218980666,66.0,66.0,2017-09,2017,9
2017-07-09,20170709,20170707,20170709,1M0THQSZ,31.0,24,4,2,Lost,0.0,0.0027224734056732424,2.0,2.0,2017-07,2017,7
2017-07-13,20170713,20170707,20170713,Y1GEH2EG,33.0,24,5,4,Won,4466.0,0.9999999999999993,6.0,6.0,2017-07,2017,7
2017-07-14,20170714,20170707,20170714,593L4BNI,43.0,12,1,2,Lost,0.0,0.07545225739065288,7.0,7.0,2017-07,2017,7
2017-07-15,20170715,20170707,20170715,83EZC8YK,78.0,12,4,2,Lost,0.0,0.002782249311796889,8.0,8.0,2017-07,2017,7
2017-11-06,20171106,20170708,20171106,4MTCQ31T,30.0,1,3,4,Won,55.0,0.8432696690680545,121.0,121.0,2017-11,2017,11
2017-07-15,20170715,20170708,20170715,TJYNW3C7,20.0,19,6,2,Lost,0.0,0.007432227145989883,7.0,7.0,2017-07,2017,7
2017-07-16,20170716,20170708,20170716,COGZW25D,44.0,19,6,4,Won,861.0,0.9674064106904644,8.0,8.0,2017-07,2017,7
2017-07-09,20170709,20170708,20170709,O83AR1CC,56.0,13,4,2,Lost,0.0,0.004170998961647373,1.0,1.0,2017-07,2017,7
2017-07-19,20170719,20170708,20170719,BOG3D6D7,74.0,13,2,4,Won,5137.0,1.0,11.0,11.0,2017-07,2017,7
2017-07-16,20170716,20170708,20170716,J03H7OQF,3.0,10,3,4,Won,54.0,0.6316771679901863,8.0,8.0,2017-07,2017,7
2017-07-14,20170714,20170708,20170714,DJXM9LIW,43.0,20,6,4,Won,1020.0,0.9824085588080465,6.0,6.0,2017-07,2017,7
2017-09-28,20170928,20170708,20170928,6XH71PH8,80.0,20,6,4,Won,1136.0,0.9977279600861517,82.0,82.0,2017-09,2017,9
2017-07-14,20170714,20170708,20170714,AW1U6QKR,44.0,20,3,4,Won,55.0,0.6138795091405866,6.0,6.0,2017-07,2017,7
2017-09-09,20170909,20170708,20170909,MAVEITJH,34.0,28,2,4,Won,5097.0,1.0,63.0,63.0,2017-09,2017,9
2017-07-09,20170709,20170708,20170709,GUJNYTXN,43.0,15,1,4,Won,483.0,0.8509345379399529,1.0,1.0,2017-07,2017,7
2017-08-29,20170829,20170708,20170829,ELLLRB7A,83.0,30,1,4,Won,587.0,0.9704633434230446,52.0,52.0,2017-08,2017,8
2017-07-16,20170716,20170708,20170716,F4EHCQIC,42.0,30,5,4,Won,5284.0,1.0,8.0,8.0,2017-07,2017,7
2017-07-09,20170709,20170708,20170709,EHC9KQDN,62.0,6,1,2,Lost,0.0,0.08368824365446792,1.0,1.0,2017-07,2017,7
2017-09-12,20170912,20170708,20170912,MBLFZPU2,76.0,6,1,2,Lost,0.0,0.14961390046495357,66.0,66.0,2017-09,2017,9
2017-09-28,20170928,20170708,20170928,L0SOZL9A,79.0,31,4,2,Lost,0.0,0.004596996920025913,82.0,82.0,2017-09,2017,9
2017-07-09,20170709,20170708,20170709,00XBYXIB,33.0,31,6,4,Won,993.0,0.9869498778183493,1.0,1.0,2017-07,2017,7
2017-07-15,20170715,20170708,20170715,ASN7OCWQ,34.0,27,1,2,Lost,0.0,0.055045155465490866,7.0,7.0,2017-07,2017,7
2017-09-19,20170919,20170708,20170919,SHS9HQX4,24.0,34,2,4,Won,4642.0,1.0,73.0,73.0,2017-09,2017,9
2017-07-17,20170717,20170708,20170717,JYEQFGS5,74.0,21,2,2,Lost,0.0,0.0034149687280060023,9.0,9.0,2017-07,2017,7
2017-07-15,20170715,20170708,20170715,S9DVJGUO,42.0,21,2,4,Won,4530.0,0.9999999999999996,7.0,7.0,2017-07,2017,7
2017-07-10,20170710,20170708,20170710,0YPN92QB,79.0,25,3,2,Lost,0.0,0.45863848402874413,2.0,2.0,2017-07,2017,7
2017-07-09,20170709,20170708,20170709,UIA0FO51,78.0,14,4,4,Won,3569.0,0.9999999999949662,1.0,1.0,2017-07,2017,7
2017-08-31,20170831,20170708,20170831,48J7F1A2,36.0,24,4,4,Won,3276.0,0.9999999999595501,54.0,54.0,2017-08,2017,8
2017-07-10,20170710,20170708,20170710,SFIMNCPZ,49.0,12,4,2,Lost,0.0,0.0035557629354242004,2.0,2.0,2017-07,2017,7
2017-07-16,20170716,20170708,20170716,57NT8T8S,24.0,33,1,2,Lost,0.0,0.11152417784234302,8.0,8.0,2017-07,2017,7
2017-07-16,20170716,20170708,20170716,7GLF1GBJ,33.0,33,6,2,Lost,0.0,0.008127555742795533,8.0,8.0,2017-07,2017,7
2017-07-17,20170717,20170708,20170717,YST07PM6,17.0,33,5,2,Lost,0.0,0.0035163070451520915,9.0,9.0,2017-07,2017,7
2017-07-15,20170715,20170708,20170715,HPU7RQG6,58.0,33,5,2,Lost,0.0,0.0054486108080366615,7.0,7.0,2017-07,2017,7
2017-11-09,20171109,20170708,20171109,6Z1XK6YR,35.0,33,2,2,Lost,0.0,0.00381981196572834,124.0,124.0,2017-11,2017,11
2017-07-17,20170717,20170708,20170717,045D5MZO,42.0,33,5,4,Won,5576.0,1.0,9.0,9.0,2017-07,2017,7
2017-09-16,20170916,20170709,20170916,K1UREXI5,28.0,1,1,4,Won,460.0,0.8716495121045298,69.0,69.0,2017-09,2017,9
2017-07-16,20170716,20170709,20170716,M7Y1LHHA,81.0,22,1,4,Won,457.0,0.8423640033329644,7.0,7.0,2017-07,2017,7
2017-07-15,20170715,20170709,20170715,WP6SUIMC,63.0,19,4,2,Lost,0.0,0.003701013871160305,6.0,6.0,2017-07,2017,7
2017-07-10,20170710,20170709,20170710,SGI5I4X1,27.0,13,1,4,Won,665.0,0.9770122284900736,1.0,1.0,2017-07,2017,7
2017-07-15,20170715,20170709,20170715,U07VUUGP,81.0,13,6,4,Won,1122.0,0.9957378707745694,6.0,6.0,2017-07,2017,7
2017-07-18,20170718,20170709,20170718,SEC6K7X2,74.0,13,5,4,Won,5578.0,1.0,9.0,9.0,2017-07,2017,7
2017-09-08,20170908,20170709,20170908,MXVBWIE5,60.0,10,1,4,Won,460.0,0.9245063346159322,61.0,61.0,2017-09,2017,9
2017-08-31,20170831,20170709,20170831,794F5VJB,20.0,20,6,4,Won,1133.0,0.9946647133284583,53.0,53.0,2017-08,2017,8
2017-09-18,20170918,20170709,20170918,TNEB1XNK,27.0,20,6,4,Won,1194.0,0.997877020540385,71.0,71.0,2017-09,2017,9
2017-09-16,20170916,20170709,20170916,P60PIE95,80.0,20,5,4,Won,5861.0,1.0,69.0,69.0,2017-09,2017,9
2017-07-17,20170717,20170709,20170717,QKOAWRXD,19.0,8,1,2,Lost,0.0,0.12077933489891204,8.0,8.0,2017-07,2017,7
2017-08-28,20170828,20170709,20170828,NC7V5K1T,66.0,8,6,4,Won,1194.0,0.9992062596625757,50.0,50.0,2017-08,2017,8
2017-07-11,20170711,20170709,20170711,XTAPYDDI,25.0,8,2,4,Won,4440.0,0.9999999999999982,2.0,2.0,2017-07,2017,7
2017-07-19,20170719,20170709,20170719,0CTHPQGT,9.0,6,3,4,Won,53.0,0.7077175304682072,10.0,10.0,2017-07,2017,7
2017-07-14,20170714,20170709,20170714,N9KFOKLS,65.0,32,1,2,Lost,0.0,0.11685414457329474,5.0,5.0,2017-07,2017,7
2017-07-13,20170713,20170709,20170713,02SSRMSA,38.0,4,6,4,Won,1192.0,0.9969727967938017,4.0,4.0,2017-07,2017,7
2017-09-01,20170901,20170709,20170901,HBJPBF3P,13.0,7,3,4,Won,54.0,0.742406512958704,54.0,54.0,2017-09,2017,9
2017-07-13,20170713,20170709,20170713,E6D2DBXF,59.0,5,4,2,Lost,0.0,0.004148234609799095,4.0,4.0,2017-07,2017,7
2017-07-18,20170718,20170709,20170718,OUMM04QV,76.0,5,5,4,Won,4651.0,0.9999999999999998,9.0,9.0,2017-07,2017,7
2017-07-19,20170719,20170709,20170719,TZQWGMG7,57.0,9,5,2,Lost,0.0,0.005124010436782027,10.0,10.0,2017-07,2017,7
2017-09-24,20170924,20170709,20170924,66KFPHBT,3.0,9,5,4,Won,5944.0,1.0,77.0,77.0,2017-09,2017,9
2017-07-17,20170717,20170709,20170717,WL4TLMUC,27.0,21,4,2,Lost,0.0,0.004472722205273148,8.0,8.0,2017-07,2017,7
2017-07-17,20170717,20170709,20170717,HXMJ5048,33.0,24,4,2,Lost,0.0,0.003244373880016724,8.0,8.0,2017-07,2017,7
2017-07-17,20170717,20170710,20170717,6178B4JM,16.0,1,6,4,Won,962.0,0.9866681822825801,7.0,7.0,2017-07,2017,7
2017-07-21,20170721,20170710,20170721,WC7KCJ2N,63.0,22,6,4,Won,1063.0,0.9947888262077732,11.0,11.0,2017-07,2017,7
2017-07-23,20170723,20170710,20170723,5GBVA3ZZ,82.0,19,4,2,Lost,0.0,0.004388063425378432,13.0,13.0,2017-07,2017,7
2017-07-23,20170723,20170710,20170723,B7WWPCO6,30.0,2,1,2,Lost,0.0,0.15186539042058292,13.0,13.0,2017-07,2017,7
2017-07-12,20170712,20170710,20170712,152DN1FE,9.0,10,6,2,Lost,0.0,0.012625232148752772,2.0,2.0,2017-07,2017,7
2017-07-17,20170717,20170710,20170717,3NJHQZT6,68.0,10,3,2,Lost,0.0,0.5688501904260272,7.0,7.0,2017-07,2017,7
2017-09-03,20170903,20170710,20170903,9GOWJ93R,16.0,10,4,4,Won,2572.0,0.9999999773894953,55.0,55.0,2017-09,2017,9
2017-07-11,20170711,20170710,20170711,QAB3H9H5,29.0,8,2,2,Lost,0.0,0.002124486111434201,1.0,1.0,2017-07,2017,7
2017-07-18,20170718,20170710,20170718,9B9VDAFU,76.0,8,2,4,Won,4631.0,0.9999999999999998,8.0,8.0,2017-07,2017,7
2017-07-19,20170719,20170710,20170719,L9F6QP4P,39.0,8,4,4,Won,3230.0,0.9999999999118263,9.0,9.0,2017-07,2017,7
2017-07-19,20170719,20170710,20170719,1D5AYQO6,12.0,26,3,4,Won,59.0,0.7679979866821425,9.0,9.0,2017-07,2017,7
2017-11-03,20171103,20170710,20171103,6WR7JQ3C,46.0,30,4,4,Won,3624.0,0.9999999999987268,116.0,116.0,2017-11,2017,11
2017-11-11,20171111,20170710,20171111,Y2XXRYMX,46.0,32,6,2,Lost,0.0,0.01994478690308109,124.0,124.0,2017-11,2017,11
2017-07-12,20170712,20170710,20170712,Z9DK5289,31.0,32,2,2,Lost,0.0,0.0036010347989862425,2.0,2.0,2017-07,2017,7
2017-09-22,20170922,20170710,20170922,MN34I4DD,35.0,32,5,4,Won,5848.0,1.0,74.0,74.0,2017-09,2017,9
2017-07-11,20170711,20170710,20170711,9CQ6TMET,14.0,32,3,4,Won,42.0,0.7751547550423848,1.0,1.0,2017-07,2017,7
2017-07-12,20170712,20170710,20170712,N54HHLC4,70.0,31,5,2,Lost,0.0,0.00450379166650144,2.0,2.0,2017-07,2017,7
2017-07-17,20170717,20170710,20170717,TPP1IGKV,50.0,31,2,2,Lost,0.0,0.0034479098463802947,7.0,7.0,2017-07,2017,7
2017-08-29,20170829,20170710,20170829,9USDNUBL,35.0,27,5,2,Lost,0.0,0.0032787559720044014,50.0,50.0,2017-08,2017,8
2017-07-12,20170712,20170710,20170712,Q82O5QTN,57.0,7,4,2,Lost,0.0,0.005904842288735201,2.0,2.0,2017-07,2017,7
2017-07-21,20170721,20170710,20170721,2HVDAY4L,9.0,5,3,2,Lost,0.0,0.5541800842559228,11.0,11.0,2017-07,2017,7
2017-07-19,20170719,20170710,20170719,0FGWN6O0,39.0,5,1,4,Won,588.0,0.9439241147517207,9.0,9.0,2017-07,2017,7
2017-07-18,20170718,20170710,20170718,FQXZBTEG,82.0,21,6,2,Lost,0.0,0.01905950930907912,8.0,8.0,2017-07,2017,7
2017-07-17,20170717,20170710,20170717,8IGYTN3H,80.0,21,3,4,Won,54.0,0.7801064932250229,7.0,7.0,2017-07,2017,7
2017-09-06,20170906,20170710,20170906,OTNZ5ZCN,64.0,24,2,4,Won,5099.0,1.0,58.0,58.0,2017-09,2017,9
2017-07-15,20170715,20170710,20170715,7O2ISWVB,54.0,33,5,2,Lost,0.0,0.00265017140223499,5.0,5.0,2017-07,2017,7
2017-07-21,20170721,20170711,20170721,QUAD5082,44.0,22,4,2,Lost,0.0,0.004319308267339348,10.0,10.0,2017-07,2017,7
2017-09-16,20170916,20170711,20170916,P6H45Y25,62.0,2,1,2,Lost,0.0,0.10850788275477459,67.0,67.0,2017-09,2017,9
2017-07-13,20170713,20170711,20170713,28EVFB8G,73.0,2,6,2,Lost,0.0,0.012837147068477368,2.0,2.0,2017-07,2017,7
2017-07-13,20170713,20170711,20170713,VV5LDD24,63.0,13,4,2,Lost,0.0,0.004105427065091519,2.0,2.0,2017-07,2017,7
2017-08-18,20170818,20170711,20170818,SF3KBDJF,63.0,18,2,2,Lost,0.0,0.004343999138409686,38.0,38.0,2017-08,2017,8
2017-07-19,20170719,20170711,20170719,DKUVKTIT,37.0,18,5,4,Won,4881.0,1.0,8.0,8.0,2017-07,2017,7
2017-11-09,20171109,20170711,20171109,OYUUU6B9,4.0,10,1,2,Lost,0.0,0.14642607677650235,121.0,121.0,2017-11,2017,11
2017-07-12,20170712,20170711,20170712,IIVNXACR,11.0,10,2,2,Lost,0.0,0.002573655199546639,1.0,1.0,2017-07,2017,7
2017-07-18,20170718,20170711,20170718,OWBGBQ4G,66.0,10,2,2,Lost,0.0,0.00838876356970433,7.0,7.0,2017-07,2017,7
2017-07-12,20170712,20170711,20170712,X2EH33CU,28.0,8,4,4,Won,2878.0,0.9999999970368172,1.0,1.0,2017-07,2017,7
2017-07-12,20170712,20170711,20170712,GNT6EM5M,77.0,26,3,2,Lost,0.0,0.4396820460183494,1.0,1.0,2017-07,2017,7
2017-09-08,20170908,20170711,20170908,U3ZMURXR,24.0,26,4,4,Won,3121.0,0.9999999999220033,59.0,59.0,2017-09,2017,9
2017-07-12,20170712,20170711,20170712,4UTOXXV4,31.0,30,5,2,Lost,0.0,0.004209032172448725,1.0,1.0,2017-07,2017,7
2017-07-18,20170718,20170711,20170718,KHWG1W75,32.0,30,3,4,Won,57.0,0.7400896491845848,7.0,7.0,2017-07,2017,7
2017-07-12,20170712,20170711,20170712,MWAW08I7,73.0,6,1,4,Won,576.0,0.9560924667115782,1.0,1.0,2017-07,2017,7
2017-07-18,20170718,20170711,20170718,0QV1LRME,45.0,6,6,4,Won,1258.0,0.9989475969132662,7.0,7.0,2017-07,2017,7
2017-08-22,20170822,20170711,20170822,63GAY8GB,64.0,32,6,2,Lost,0.0,0.018254426765187733,42.0,42.0,2017-08,2017,8
2017-09-29,20170929,20170711,20170929,GXHAIS33,17.0,31,1,2,Lost,0.0,0.11669993647557596,80.0,80.0,2017-09,2017,9
2017-07-20,20170720,20170711,20170720,VBRZZAP8,36.0,31,1,4,Won,491.0,0.8876856873487686,9.0,9.0,2017-07,2017,7
2017-08-23,20170823,20170711,20170823,JR76K5YA,70.0,27,1,4,Won,494.0,0.8740374455459249,43.0,43.0,2017-08,2017,8
2017-07-20,20170720,20170711,20170720,Z3TX2K6F,14.0,34,2,2,Lost,0.0,0.006315671005301209,9.0,9.0,2017-07,2017,7
2017-09-19,20170919,20170711,20170919,RGUC0V54,83.0,34,6,4,Won,882.0,0.9783088823451354,70.0,70.0,2017-09,2017,9
2017-07-20,20170720,20170711,20170720,M93A8LTF,44.0,21,6,4,Won,1076.0,0.9965597230931366,9.0,9.0,2017-07,2017,7
2017-07-18,20170718,20170711,20170718,CQW6TYOX,10.0,25,7,2,Lost,0.0,0.014706074473964305,7.0,7.0,2017-07,2017,7
2017-09-21,20170921,20170711,20170921,P7H8UY1P,14.0,25,3,2,Lost,0.0,0.677117177559146,72.0,72.0,2017-09,2017,9
2017-07-19,20170719,20170711,20170719,6XLFG3VK,83.0,25,3,4,Won,57.0,0.6375520809343471,8.0,8.0,2017-07,2017,7
2017-07-13,20170713,20170711,20170713,9ZPY98PB,50.0,24,1,2,Lost,0.0,0.08765172849683486,2.0,2.0,2017-07,2017,7
2017-11-05,20171105,20170711,20171105,YRXDI9E8,10.0,24,4,2,Lost,0.0,0.006079878163070215,117.0,117.0,2017-11,2017,11
2017-07-12,20170712,20170711,20170712,1JB82QZ0,65.0,24,4,2,Lost,0.0,0.00345733931703265,1.0,1.0,2017-07,2017,7
2017-08-31,20170831,20170712,20170831,G5GPTVMU,4.0,1,6,2,Lost,0.0,0.016550143559533242,50.0,50.0,2017-08,2017,8
2017-09-28,20170928,20170712,20170928,856VG3CS,56.0,22,6,4,Won,1100.0,0.9972616253311944,78.0,78.0,2017-09,2017,9
2017-09-18,20170918,20170712,20170918,J80ZEYYM,18.0,19,4,4,Won,3630.0,0.9999999999990583,68.0,68.0,2017-09,2017,9
2017-07-23,20170723,20170712,20170723,T51ULXCZ,4.0,10,2,2,Lost,0.0,0.003895234112226044,11.0,11.0,2017-07,2017,7
2017-07-21,20170721,20170712,20170721,3S73ZUQH,3.0,10,4,2,Lost,0.0,0.0031982030121646904,9.0,9.0,2017-07,2017,7
2017-09-27,20170927,20170712,20170927,JUU6C7NO,52.0,20,6,2,Lost,0.0,0.014326779655935047,77.0,77.0,2017-09,2017,9
2017-09-28,20170928,20170712,20170928,8SNDBWPP,48.0,20,5,2,Lost,0.0,0.0047007935667075906,78.0,78.0,2017-09,2017,9
2017-07-13,20170713,20170712,20170713,0PH153YF,12.0,8,2,2,Lost,0.0,0.004337733977694479,1.0,1.0,2017-07,2017,7
2017-07-25,20170725,20170712,20170725,YNYZNOWR,10.0,26,4,2,Lost,0.0,0.005141435509606669,13.0,13.0,2017-07,2017,7
2017-07-23,20170723,20170712,20170723,HUNM56HY,70.0,26,4,4,Won,3741.0,0.9999999999994449,11.0,11.0,2017-07,2017,7
2017-07-14,20170714,20170712,20170714,SIONXEMH,79.0,26,4,4,Won,2905.0,0.9999999989236825,2.0,2.0,2017-07,2017,7
2017-07-25,20170725,20170712,20170725,JX08Z5L5,64.0,30,6,2,Lost,0.0,0.014668512688414978,13.0,13.0,2017-07,2017,7
2017-09-14,20170914,20170712,20170914,BUJ1TX7Y,24.0,34,6,4,Won,1023.0,0.9950706246407716,64.0,64.0,2017-09,2017,9
2017-09-24,20170924,20170712,20170924,6C70OX62,79.0,34,4,4,Won,3257.0,0.9999999999558826,74.0,74.0,2017-09,2017,9
2017-07-20,20170720,20170712,20170720,V9WVYEE9,11.0,5,5,2,Lost,0.0,0.0031533726195897703,8.0,8.0,2017-07,2017,7
2017-08-20,20170820,20170712,20170820,3N6BHLN6,68.0,9,6,4,Won,960.0,0.983770505664802,39.0,39.0,2017-08,2017,8
2017-07-14,20170714,20170712,20170714,SQWCQRGY,63.0,21,2,2,Lost,0.0,0.005510320604857128,2.0,2.0,2017-07,2017,7
2017-07-18,20170718,20170712,20170718,32K5LEDV,63.0,21,5,4,Won,5538.0,1.0,6.0,6.0,2017-07,2017,7
2017-07-23,20170723,20170713,20170723,XW1ONOVO,42.0,22,4,4,Won,3420.0,0.9999999999852738,10.0,10.0,2017-07,2017,7
2017-07-19,20170719,20170713,20170719,100W6J9A,73.0,10,2,2,Lost,0.0,0.0040532046555707075,6.0,6.0,2017-07,2017,7
2017-07-16,20170716,20170713,20170716,YYRYSVOO,4.0,10,2,4,Won,5382.0,1.0,3.0,3.0,2017-07,2017,7
2017-07-24,20170724,20170713,20170724,P7AX4B3N,65.0,28,3,2,Lost,0.0,0.5390994103534696,11.0,11.0,2017-07,2017,7
2017-07-18,20170718,20170713,20170718,GC1TSADL,22.0,28,2,4,Won,5703.0,1.0,5.0,5.0,2017-07,2017,7
2017-09-30,20170930,20170713,20170930,QF1I965E,49.0,15,4,4,Won,3340.0,0.9999999999813007,79.0,79.0,2017-09,2017,9
2017-07-15,20170715,20170713,20170715,P93UCMW8,36.0,26,4,2,Lost,0.0,0.0038417915442498164,2.0,2.0,2017-07,2017,7
2017-08-09,20170809,20170713,20170809,YKBRF0NG,50.0,31,6,4,Won,1014.0,0.9901864749065441,27.0,27.0,2017-08,2017,8
2017-07-19,20170719,20170713,20170719,OP2DIRC2,38.0,4,1,4,Won,536.0,0.8960598435722595,6.0,6.0,2017-07,2017,7
2017-07-14,20170714,20170713,20170714,VIHXI2JA,44.0,27,6,2,Lost,0.0,0.008258596852877501,1.0,1.0,2017-07,2017,7
2017-07-24,20170724,20170713,20170724,IC4J0BIZ,11.0,9,1,4,Won,550.0,0.8873244295965336,11.0,11.0,2017-07,2017,7
2017-09-28,20170928,20170713,20170928,BNMJAOF4,30.0,9,1,4,Won,469.0,0.9135567010886128,77.0,77.0,2017-09,2017,9
2017-07-14,20170714,20170713,20170714,VSWHUBD0,59.0,9,1,4,Won,585.0,0.9511670823871899,1.0,1.0,2017-07,2017,7
2017-08-29,20170829,20170713,20170829,7ZWN0JO9,62.0,9,6,4,Won,943.0,0.9745998778531657,47.0,47.0,2017-08,2017,8
2017-07-21,20170721,20170713,20170721,KLPVD6LR,5.0,21,1,2,Lost,0.0,0.12936894672464969,8.0,8.0,2017-07,2017,7
2017-08-01,20170801,20170713,20170801,U3M8XTMY,56.0,21,6,4,Won,1319.0,0.9996039979406925,19.0,19.0,2017-08,2017,8
2017-07-22,20170722,20170713,20170722,P89VI9EN,8.0,21,2,4,Won,5873.0,1.0,9.0,9.0,2017-07,2017,7
2017-08-28,20170828,20170713,20170828,SPUXDRGN,42.0,24,4,2,Lost,0.0,0.0031575149015244624,46.0,46.0,2017-08,2017,8
2017-07-15,20170715,20170713,20170715,PDIYRBQJ,47.0,33,6,2,Lost,0.0,0.00583123263478331,2.0,2.0,2017-07,2017,7
2017-07-17,20170717,20170714,20170717,185PGG0J,73.0,1,3,4,Won,44.0,0.686339300951513,3.0,3.0,2017-07,2017,7
2017-07-26,20170726,20170714,20170726,QQ5LW9HV,56.0,22,4,2,Lost,0.0,0.004236084478132998,12.0,12.0,2017-07,2017,7
2017-09-14,20170914,20170714,20170914,8EF4D82U,49.0,22,2,4,Won,3834.0,0.9999999999997857,62.0,62.0,2017-09,2017,9
2017-07-21,20170721,20170714,20170721,GFMLCHB0,81.0,19,6,2,Lost,0.0,0.008465968227243827,7.0,7.0,2017-07,2017,7
2017-07-15,20170715,20170714,20170715,TFS537LA,40.0,19,5,2,Lost,0.0,0.005357193467925205,1.0,1.0,2017-07,2017,7
2017-07-16,20170716,20170714,20170716,2X86737Q,38.0,2,5,4,Won,5537.0,1.0,2.0,2.0,2017-07,2017,7
2017-09-15,20170915,20170714,20170915,HSZOPWWT,20.0,13,1,4,Won,530.0,0.9225310616181679,63.0,63.0,2017-09,2017,9
2017-09-23,20170923,20170714,20170923,1KVGSF08,44.0,13,5,4,Won,4989.0,1.0,71.0,71.0,2017-09,2017,9
2017-07-25,20170725,20170714,20170725,UDFMSH1S,68.0,10,5,2,Lost,0.0,0.005761475553286144,11.0,11.0,2017-07,2017,7
2017-07-26,20170726,20170714,20170726,516C0X9F,67.0,10,6,4,Won,1144.0,0.9950731917124574,12.0,12.0,2017-07,2017,7
2017-07-15,20170715,20170714,20170715,DPAEMTHC,44.0,20,1,2,Lost,0.0,0.08025261926931741,1.0,1.0,2017-07,2017,7
2017-09-08,20170908,20170714,20170908,A6T69X6T,77.0,28,4,2,Lost,0.0,0.002235776347784822,56.0,56.0,2017-09,2017,9
2017-07-15,20170715,20170714,20170715,DDD515FB,77.0,26,4,4,Won,3362.0,0.9999999999692943,1.0,1.0,2017-07,2017,7
2017-07-25,20170725,20170714,20170725,6GKGGY0U,33.0,30,2,2,Lost,0.0,0.003940882636736629,11.0,11.0,2017-07,2017,7
2017-07-21,20170721,20170714,20170721,8M6TB2ZX,32.0,30,5,4,Won,5013.0,1.0,7.0,7.0,2017-07,2017,7
2017-07-15,20170715,20170714,20170715,BABQISCH,35.0,32,1,2,Lost,0.0,0.09125900865578215,1.0,1.0,2017-07,2017,7
2017-07-16,20170716,20170714,20170716,T46KPPNB,6.0,31,6,2,Lost,0.0,0.009490037741698843,2.0,2.0,2017-07,2017,7
2017-08-27,20170827,20170714,20170827,9CE6F4NZ,55.0,31,1,4,Won,431.0,0.7886295949054462,44.0,44.0,2017-08,2017,8
2017-07-24,20170724,20170714,20170724,Z9KNL9A1,34.0,31,2,4,Won,5161.0,1.0,10.0,10.0,2017-07,2017,7
2017-07-16,20170716,20170714,20170716,7JBR36G8,28.0,4,1,4,Won,579.0,0.8917885622792578,2.0,2.0,2017-07,2017,7
2017-07-24,20170724,20170714,20170724,EYTBRK2B,76.0,4,4,4,Won,3411.0,0.9999999999833107,10.0,10.0,2017-07,2017,7
2017-09-11,20170911,20170714,20170911,KFXZNC4N,77.0,27,3,2,Lost,0.0,0.3475681655907577,59.0,59.0,2017-09,2017,9
2017-07-15,20170715,20170714,20170715,SJ62BMK5,55.0,27,4,4,Won,3973.0,0.9999999999997902,1.0,1.0,2017-07,2017,7
2017-11-09,20171109,20170714,20171109,YDJV1DFE,59.0,9,4,2,Lost,0.0,0.005310609655226431,118.0,118.0,2017-11,2017,11
2017-07-15,20170715,20170714,20170715,GHDAXC7T,81.0,21,6,4,Won,1029.0,0.9918266778729476,1.0,1.0,2017-07,2017,7
2017-07-23,20170723,20170714,20170723,FQQ2JJZ1,27.0,14,3,4,Won,59.0,0.6282035417841237,9.0,9.0,2017-07,2017,7
2017-07-22,20170722,20170714,20170722,NCJJBWU3,29.0,3,3,2,Lost,0.0,0.47873732265621005,8.0,8.0,2017-07,2017,7
2017-09-29,20170929,20170714,20170929,8SGMUWET,32.0,24,1,4,Won,534.0,0.959901444343857,77.0,77.0,2017-09,2017,9
2017-07-15,20170715,20170714,20170715,3KVS08NL,40.0,12,3,4,Won,48.0,0.6823521230835227,1.0,1.0,2017-07,2017,7
2017-07-25,20170725,20170714,20170725,CLIIR1T0,24.0,33,3,4,Won,57.0,0.6971409539600579,11.0,11.0,2017-07,2017,7
2017-07-17,20170717,20170715,20170717,PHXX81YF,20.0,18,5,2,Lost,0.0,0.0029917350236166955,2.0,2.0,2017-07,2017,7
2017-11-11,20171111,20170715,20171111,6K7LDRKR,66.0,10,5,4,Won,4009.0,0.9999999999999876,119.0,119.0,2017-11,2017,11
2017-09-03,20170903,20170715,20170903,J6UOUH6Y,15.0,10,4,4,Won,3255.0,0.9999999999431826,50.0,50.0,2017-09,2017,9
2017-07-25,20170725,20170715,20170725,2EYTB3PX,12.0,20,4,4,Won,3724.0,0.9999999999991991,10.0,10.0,2017-07,2017,7
2017-07-16,20170716,20170715,20170716,1U945R0D,14.0,28,4,2,Lost,0.0,0.005620212779476841,1.0,1.0,2017-07,2017,7
2017-07-24,20170724,20170715,20170724,FX4D649Y,21.0,26,6,2,Lost,0.0,0.010074238833556815,9.0,9.0,2017-07,2017,7
2017-08-26,20170826,20170715,20170826,4QBSY3CB,31.0,30,6,2,Lost,0.0,0.011510567951283107,42.0,42.0,2017-08,2017,8
2017-11-04,20171104,20170715,20171104,ZWVRS27V,60.0,6,3,2,Lost,0.0,0.738347490619312,112.0,112.0,2017-11,2017,11
2017-07-22,20170722,20170715,20170722,8BBXNESQ,46.0,31,5,2,Lost,0.0,0.004434010774600571,7.0,7.0,2017-07,2017,7
2017-07-16,20170716,20170715,20170716,3JJ7YI88,30.0,4,3,2,Lost,0.0,0.5250830856486485,1.0,1.0,2017-07,2017,7
2017-07-17,20170717,20170715,20170717,AKMDEG3I,22.0,27,4,2,Lost,0.0,0.0022235735489341737,2.0,2.0,2017-07,2017,7
2017-08-27,20170827,20170715,20170827,568NS3GO,10.0,27,4,4,Won,2791.0,0.9999999960369483,43.0,43.0,2017-08,2017,8
2017-09-02,20170902,20170715,20170902,TQLO6QP6,9.0,9,4,4,Won,3501.0,0.999999999993896,49.0,49.0,2017-09,2017,9
2017-07-27,20170727,20170715,20170727,DLVEVD9O,80.0,21,5,2,Lost,0.0,0.00954879551288896,12.0,12.0,2017-07,2017,7
2017-07-16,20170716,20170715,20170716,C75RV9DY,26.0,21,1,4,Won,555.0,0.9280875326970214,1.0,1.0,2017-07,2017,7
2017-07-23,20170723,20170715,20170723,EUQCW0ZA,47.0,25,1,4,Won,650.0,0.9528327887111759,8.0,8.0,2017-07,2017,7
2017-07-26,20170726,20170715,20170726,CEOMZE9H,50.0,24,1,2,Lost,0.0,0.09190873026877817,11.0,11.0,2017-07,2017,7
2017-07-21,20170721,20170715,20170721,TT5QRQTF,44.0,24,3,4,Won,61.0,0.6905157619988458,6.0,6.0,2017-07,2017,7
2017-07-17,20170717,20170715,20170717,5NXD4U83,51.0,24,3,4,Won,54.0,0.7066847767055755,2.0,2.0,2017-07,2017,7
2017-07-22,20170722,20170715,20170722,1IL51ZIW,12.0,12,3,2,Lost,0.0,0.6282709888845297,7.0,7.0,2017-07,2017,7
2017-07-23,20170723,20170715,20170723,CM33NN0P,63.0,16,4,2,Lost,0.0,0.0042838512133282275,8.0,8.0,2017-07,2017,7
2017-07-24,20170724,20170716,20170724,P3QQIMTA,60.0,1,1,2,Lost,0.0,0.1609003247944545,8.0,8.0,2017-07,2017,7
2017-07-17,20170717,20170716,20170717,WB1CQNJU,25.0,1,4,2,Lost,0.0,0.003017990753729923,1.0,1.0,2017-07,2017,7
2017-07-25,20170725,20170716,20170725,OQYDQCTM,57.0,1,3,4,Won,59.0,0.7721598314172908,9.0,9.0,2017-07,2017,7
2017-07-28,20170728,20170716,20170728,M1VNX1D7,1.0,19,2,4,Won,5318.0,1.0,12.0,12.0,2017-07,2017,7
2017-09-30,20170930,20170716,20170930,TWO2Q99P,13.0,2,5,4,Won,5753.0,1.0,76.0,76.0,2017-09,2017,9
2017-07-24,20170724,20170716,20170724,72UVDOKU,45.0,2,3,4,Won,62.0,0.6744964899524388,8.0,8.0,2017-07,2017,7
2017-08-12,20170812,20170716,20170812,DMSQ0TSG,39.0,2,4,4,Won,3146.0,0.9999999998572895,27.0,27.0,2017-08,2017,8
2017-07-18,20170718,20170716,20170718,FEWIDJGH,60.0,10,1,4,Won,538.0,0.9508293892749394,2.0,2.0,2017-07,2017,7
2017-09-18,20170918,20170716,20170918,AUZM3MLU,3.0,10,6,4,Won,1071.0,0.9949882364510597,64.0,64.0,2017-09,2017,9
2017-07-17,20170717,20170716,20170717,GS2CLR52,3.0,10,2,4,Won,4488.0,0.9999999999999991,1.0,1.0,2017-07,2017,7
2017-08-02,20170802,20170716,20170802,HYP3SXPV,39.0,10,4,4,Won,2837.0,0.9999999973178499,17.0,17.0,2017-08,2017,8
2017-09-30,20170930,20170716,20170930,9G93P7SV,42.0,20,4,4,Won,3593.0,0.9999999999966245,76.0,76.0,2017-09,2017,9
2017-09-28,20170928,20170716,20170928,7XSAHM67,36.0,28,1,4,Won,583.0,0.9589669303480833,74.0,74.0,2017-09,2017,9
2017-07-25,20170725,20170716,20170725,N7MDRJ01,39.0,6,1,2,Lost,0.0,0.09349763076397227,9.0,9.0,2017-07,2017,7
2017-07-28,20170728,20170716,20170728,4ID56TXX,28.0,6,4,2,Lost,0.0,0.002527390062583884,12.0,12.0,2017-07,2017,7
2017-07-23,20170723,20170716,20170723,ZOX0FW5W,61.0,32,2,2,Lost,0.0,0.007247450847713005,7.0,7.0,2017-07,2017,7
2017-07-22,20170722,20170716,20170722,4SFRUL8J,46.0,32,4,2,Lost,0.0,0.003837293055199215,6.0,6.0,2017-07,2017,7
2017-07-21,20170721,20170716,20170721,UB2UAI38,64.0,32,6,4,Won,1109.0,0.9970635928438015,5.0,5.0,2017-07,2017,7
2017-07-23,20170723,20170716,20170723,B00OD1IF,83.0,32,6,4,Won,1106.0,0.9969949299836183,7.0,7.0,2017-07,2017,7
2017-07-24,20170724,20170716,20170724,OGO6SNTQ,55.0,31,5,2,Lost,0.0,0.003037102898932908,8.0,8.0,2017-07,2017,7
2017-07-26,20170726,20170716,20170726,I6ZC5V1K,46.0,31,5,4,Won,5008.0,1.0,10.0,10.0,2017-07,2017,7
2017-07-19,20170719,20170716,20170719,1N3G9WG2,79.0,31,2,4,Won,5621.0,1.0,3.0,3.0,2017-07,2017,7
2017-07-17,20170717,20170716,20170717,JHNXPUNX,57.0,4,1,4,Won,550.0,0.9326082370786507,1.0,1.0,2017-07,2017,7
2017-09-03,20170903,20170716,20170903,NPHD3ZTC,57.0,5,1,4,Won,574.0,0.96498091029556,49.0,49.0,2017-09,2017,9
2017-07-24,20170724,20170716,20170724,06KTPHYC,36.0,25,4,2,Lost,0.0,0.0024684194231413365,8.0,8.0,2017-07,2017,7
2017-07-25,20170725,20170716,20170725,YCA44Q4U,43.0,16,3,4,Won,52.0,0.5943800825590503,9.0,9.0,2017-07,2017,7
2017-09-15,20170915,20170716,20170915,FR4GTSEQ,77.0,33,1,4,Won,477.0,0.8068829786918996,61.0,61.0,2017-09,2017,9
2017-07-26,20170726,20170717,20170726,S46ZLF3G,3.0,1,1,2,Lost,0.0,0.10650355534650396,9.0,9.0,2017-07,2017,7
2017-07-22,20170722,20170717,20170722,WHZEK68G,68.0,1,3,2,Lost,0.0,0.6125485062847049,5.0,5.0,2017-07,2017,7
2017-07-28,20170728,20170717,20170728,DAJBIHBZ,63.0,19,4,2,Lost,0.0,0.0038092923787227525,11.0,11.0,2017-07,2017,7
2017-07-20,20170720,20170717,20170720,P6BJ24ZP,56.0,19,6,4,Won,1202.0,0.9983389807344586,3.0,3.0,2017-07,2017,7
2017-08-05,20170805,20170717,20170805,XORHQFNJ,25.0,2,4,2,Lost,0.0,0.0028966442339459883,19.0,19.0,2017-08,2017,8
2017-11-03,20171103,20170717,20171103,ZFRPQV2M,25.0,2,3,4,Won,51.0,0.6889148972146247,109.0,109.0,2017-11,2017,11
2017-07-18,20170718,20170717,20170718,RVRBCZAI,42.0,18,6,2,Lost,0.0,0.0077776650932056286,1.0,1.0,2017-07,2017,7
2017-07-18,20170718,20170717,20170718,2897DN4S,23.0,10,6,2,Lost,0.0,0.008552832464475083,1.0,1.0,2017-07,2017,7
2017-07-28,20170728,20170717,20170728,1DIL2X16,60.0,10,2,2,Lost,0.0,0.005685457026571757,11.0,11.0,2017-07,2017,7
2017-09-16,20170916,20170717,20170916,BMQEY089,62.0,10,6,4,Won,1203.0,0.9982388794187448,61.0,61.0,2017-09,2017,9
2017-07-19,20170719,20170717,20170719,CYOJ4G39,39.0,10,2,4,Won,5673.0,1.0,2.0,2.0,2017-07,2017,7
2017-09-08,20170908,20170717,20170908,5IOG6X00,27.0,20,5,4,Won,6205.0,1.0,53.0,53.0,2017-09,2017,9
2017-08-03,20170803,20170717,20170803,QG6BCBXM,65.0,28,5,2,Lost,0.0,0.00492776652834814,17.0,17.0,2017-08,2017,8
2017-07-24,20170724,20170717,20170724,CAXTE48L,10.0,26,4,4,Won,3363.0,0.9999999999855353,7.0,7.0,2017-07,2017,7
2017-11-03,20171103,20170717,20171103,OO3BM7A9,44.0,26,4,4,Won,3700.0,0.9999999999995306,109.0,109.0,2017-11,2017,11
2017-11-01,20171101,20170717,20171101,NYPU55W4,42.0,30,2,2,Lost,0.0,0.004638564925931188,107.0,107.0,2017-11,2017,11
2017-09-23,20170923,20170717,20170923,VE334W2U,11.0,6,1,4,Won,546.0,0.9355608256887535,68.0,68.0,2017-09,2017,9
2017-07-24,20170724,20170717,20170724,AX7WS66G,72.0,6,1,4,Won,617.0,0.9651479159458884,7.0,7.0,2017-07,2017,7
2017-07-26,20170726,20170717,20170726,OB8UCQ17,76.0,6,1,4,Won,490.0,0.9196670784442496,9.0,9.0,2017-07,2017,7
2017-07-19,20170719,20170717,20170719,BV4JZ4G8,44.0,32,1,2,Lost,0.0,0.12425852327119868,2.0,2.0,2017-07,2017,7
2017-07-21,20170721,20170717,20170721,8CV5MZWW,50.0,32,1,2,Lost,0.0,0.10568977599607687,4.0,4.0,2017-07,2017,7
2017-07-26,20170726,20170717,20170726,3L965RUK,42.0,31,4,4,Won,3665.0,0.9999999999981952,9.0,9.0,2017-07,2017,7
2017-07-24,20170724,20170717,20170724,RZ8HI1Y5,76.0,4,6,2,Lost,0.0,0.008855594045870508,7.0,7.0,2017-07,2017,7
2017-07-18,20170718,20170717,20170718,IYKSBD0U,35.0,27,4,2,Lost,0.0,0.0018282179763676218,1.0,1.0,2017-07,2017,7
2017-07-26,20170726,20170717,20170726,YVGDC8L2,57.0,7,3,4,Won,53.0,0.7672121996815869,9.0,9.0,2017-07,2017,7
2017-09-28,20170928,20170717,20170928,JZU0JH07,24.0,34,6,2,Lost,0.0,0.020939401008474474,73.0,73.0,2017-09,2017,9
2017-11-13,20171113,20170717,20171113,ZEWNPF3K,64.0,34,6,4,Won,1075.0,0.9967966627923492,119.0,119.0,2017-11,2017,11
2017-07-25,20170725,20170717,20170725,6T64JWH9,65.0,34,2,4,Won,4683.0,0.9999999999999998,8.0,8.0,2017-07,2017,7
2017-07-27,20170727,20170717,20170727,E7RTG575,67.0,9,6,4,Won,1114.0,0.9910403050548408,10.0,10.0,2017-07,2017,7
2017-11-17,20171117,20170717,20171117,I9U5PCM3,2.0,21,2,4,Won,5452.0,1.0,123.0,123.0,2017-11,2017,11
2017-09-07,20170907,20170717,20170907,H1Y2W48V,34.0,25,2,4,Won,5561.0,1.0,52.0,52.0,2017-09,2017,9
2017-07-25,20170725,20170717,20170725,YFNRXR7X,56.0,14,3,4,Won,57.0,0.6641409116273743,8.0,8.0,2017-07,2017,7
2017-08-03,20170803,20170717,20170803,9MZPL59I,68.0,3,3,2,Lost,0.0,0.6163255455178268,17.0,17.0,2017-08,2017,8
2017-09-22,20170922,20170717,20170922,1RL933VJ,42.0,24,2,2,Lost,0.0,0.00369717120544146,67.0,67.0,2017-09,2017,9
2017-07-29,20170729,20170717,20170729,GAE0E4RI,10.0,24,4,2,Lost,0.0,0.004024173976762933,12.0,12.0,2017-07,2017,7
2017-07-18,20170718,20170717,20170718,VBN56JMP,32.0,24,1,4,Won,496.0,0.923449711888757,1.0,1.0,2017-07,2017,7
2017-09-17,20170917,20170717,20170917,7ITUU2YO,47.0,24,2,4,Won,5054.0,1.0,62.0,62.0,2017-09,2017,9
2017-07-18,20170718,20170717,20170718,NDLX894H,7.0,12,3,2,Lost,0.0,0.4849741871363292,1.0,1.0,2017-07,2017,7
2017-08-20,20170820,20170717,20170820,6ALH2N0I,27.0,12,3,4,Won,55.0,0.6815114876912337,34.0,34.0,2017-08,2017,8
2017-07-26,20170726,20170717,20170726,G8XGVIG2,47.0,33,6,2,Lost,0.0,0.006070923550622494,9.0,9.0,2017-07,2017,7
2017-07-27,20170727,20170717,20170727,HCR2GJ3O,77.0,33,2,2,Lost,0.0,0.0016617495329394052,10.0,10.0,2017-07,2017,7
2017-09-21,20170921,20170717,20170921,QABD6SAS,64.0,33,6,4,Won,1064.0,0.9946882659047095,66.0,66.0,2017-09,2017,9
2017-07-28,20170728,20170717,20170728,GUJCRHYU,32.0,33,2,4,Won,5268.0,1.0,11.0,11.0,2017-07,2017,7
2017-07-27,20170727,20170718,20170727,SHKTBB71,12.0,1,3,4,Won,54.0,0.7554421764409668,9.0,9.0,2017-07,2017,7
2017-07-28,20170728,20170718,20170728,G0L0B1QC,53.0,19,4,4,Won,3407.0,0.9999999999801172,10.0,10.0,2017-07,2017,7
2017-08-05,20170805,20170718,20170805,3YC624RD,8.0,18,1,2,Lost,0.0,0.11969181430784448,18.0,18.0,2017-08,2017,8
2017-08-30,20170830,20170718,20170830,715TBGPE,60.0,10,2,2,Lost,0.0,0.006514608960483746,43.0,43.0,2017-08,2017,8
2017-07-26,20170726,20170718,20170726,1Q3JQFAU,15.0,10,3,2,Lost,0.0,0.48958287702157643,8.0,8.0,2017-07,2017,7
2017-07-19,20170719,20170718,20170719,O3K5RKMI,73.0,10,6,4,Won,752.0,0.9107340475014668,1.0,1.0,2017-07,2017,7
2017-09-03,20170903,20170718,20170903,75P6HFA0,67.0,10,4,4,Won,3727.0,0.9999999999988378,47.0,47.0,2017-09,2017,9
2017-07-31,20170731,20170718,20170731,NE0XCH5E,12.0,28,3,2,Lost,0.0,0.6011626343253469,13.0,13.0,2017-07,2017,7
2017-07-28,20170728,20170718,20170728,W01768VM,83.0,28,1,4,Won,532.0,0.9352906809006739,10.0,10.0,2017-07,2017,7
2017-07-30,20170730,20170718,20170730,38CPLDAR,78.0,15,5,2,Lost,0.0,0.0037893318744028053,12.0,12.0,2017-07,2017,7
2017-07-23,20170723,20170718,20170723,TZRNKT72,36.0,8,5,2,Lost,0.0,0.003950058797142661,5.0,5.0,2017-07,2017,7
2017-08-07,20170807,20170718,20170807,4LXAW8CH,38.0,8,5,2,Lost,0.0,0.004330527080281819,20.0,20.0,2017-08,2017,8
2017-09-27,20170927,20170718,20170927,GOGIZWW6,12.0,8,4,4,Won,3139.0,0.9999999999005549,71.0,71.0,2017-09,2017,9
2017-07-28,20170728,20170718,20170728,DOPOI0R5,24.0,26,4,4,Won,3403.0,0.9999999999925635,10.0,10.0,2017-07,2017,7
2017-07-27,20170727,20170718,20170727,69V1WQLK,55.0,30,5,4,Won,5440.0,1.0,9.0,9.0,2017-07,2017,7
2017-07-26,20170726,20170718,20170726,FEDXQCKJ,29.0,7,5,4,Won,5698.0,1.0,8.0,8.0,2017-07,2017,7
2017-07-19,20170719,20170718,20170719,RSP75BOI,68.0,5,5,2,Lost,0.0,0.004914545096828759,1.0,1.0,2017-07,2017,7
2017-07-28,20170728,20170718,20170728,CKDPWHTZ,28.0,5,1,4,Won,563.0,0.9091238433987492,10.0,10.0,2017-07,2017,7
2017-07-28,20170728,20170718,20170728,ECBFFQL0,66.0,9,1,2,Lost,0.0,0.14954726800729146,10.0,10.0,2017-07,2017,7
2017-07-26,20170726,20170718,20170726,Z8HW4Z9W,42.0,14,1,2,Lost,0.0,0.07114942367946733,8.0,8.0,2017-07,2017,7
2017-07-25,20170725,20170718,20170725,0KVZKA5T,44.0,24,3,2,Lost,0.0,0.564503542243608,7.0,7.0,2017-07,2017,7
2017-07-27,20170727,20170718,20170727,944H7LRC,65.0,24,5,4,Won,4673.0,1.0,9.0,9.0,2017-07,2017,7
2017-07-28,20170728,20170718,20170728,F0OWRRLN,44.0,24,4,4,Won,3405.0,0.999999999987593,10.0,10.0,2017-07,2017,7
2017-11-15,20171115,20170718,20171115,P4RLJHR3,74.0,12,1,4,Won,566.0,0.9512520487450848,120.0,120.0,2017-11,2017,11
2017-11-06,20171106,20170718,20171106,M10S36W3,44.0,16,5,4,Won,5559.0,1.0,111.0,111.0,2017-11,2017,11
2017-07-25,20170725,20170718,20170725,HT8UEA0H,61.0,33,2,2,Lost,0.0,0.0046481649837577564,7.0,7.0,2017-07,2017,7
2017-09-16,20170916,20170718,20170916,GR6C7GQ9,32.0,33,2,4,Won,4797.0,1.0,60.0,60.0,2017-09,2017,9
2017-07-30,20170730,20170719,20170730,G11DEJSL,19.0,1,3,2,Lost,0.0,0.6740376341385357,11.0,11.0,2017-07,2017,7
2017-07-25,20170725,20170719,20170725,BP45IP77,3.0,1,3,4,Won,53.0,0.6706876626779694,6.0,6.0,2017-07,2017,7
2017-09-27,20170927,20170719,20170927,3XJI7AD8,84.0,19,4,2,Lost,0.0,0.005810497268799136,70.0,70.0,2017-09,2017,9
2017-07-30,20170730,20170719,20170730,XP7YG96H,18.0,13,6,4,Won,955.0,0.990902220006598,11.0,11.0,2017-07,2017,7
2017-07-30,20170730,20170719,20170730,GP4JNSJY,80.0,18,5,2,Lost,0.0,0.006389683601195079,11.0,11.0,2017-07,2017,7
2017-07-22,20170722,20170719,20170722,EBVL81O5,3.0,10,2,2,Lost,0.0,0.003362631147275928,3.0,3.0,2017-07,2017,7
2017-08-03,20170803,20170719,20170803,NDHQMBA0,29.0,10,6,4,Won,1060.0,0.9903464702724238,15.0,15.0,2017-08,2017,8
2017-07-26,20170726,20170719,20170726,XV03TJV1,30.0,10,2,4,Won,5401.0,1.0,7.0,7.0,2017-07,2017,7
2017-07-26,20170726,20170719,20170726,FQ5A489H,42.0,15,5,4,Won,4895.0,1.0,7.0,7.0,2017-07,2017,7
2017-07-21,20170721,20170719,20170721,3PZ6Y6AJ,73.0,8,5,4,Won,4907.0,1.0,2.0,2.0,2017-07,2017,7
2017-07-29,20170729,20170719,20170729,564Y2IOV,79.0,26,4,2,Lost,0.0,0.004310706389293386,10.0,10.0,2017-07,2017,7
2017-09-30,20170930,20170719,20170930,W7VULS00,70.0,26,6,4,Won,1170.0,0.9985335656981885,73.0,73.0,2017-09,2017,9
2017-07-28,20170728,20170719,20170728,PLW3NMLJ,22.0,26,4,4,Won,2718.0,0.9999999944883511,9.0,9.0,2017-07,2017,7
2017-08-30,20170830,20170719,20170830,MMVGTXDB,55.0,30,3,2,Lost,0.0,0.47849759808772907,42.0,42.0,2017-08,2017,8
2017-11-04,20171104,20170719,20171104,6UCZ36IC,42.0,32,1,2,Lost,0.0,0.12756596510481952,108.0,108.0,2017-11,2017,11
2017-07-30,20170730,20170719,20170730,4IC989F8,33.0,31,1,2,Lost,0.0,0.09087574793280703,11.0,11.0,2017-07,2017,7
2017-07-21,20170721,20170719,20170721,Y5FM7TJT,54.0,31,3,2,Lost,0.0,0.43516800685101886,2.0,2.0,2017-07,2017,7
2017-08-08,20170808,20170719,20170808,OB3K0SVW,32.0,31,1,4,Won,624.0,0.9755952711123321,20.0,20.0,2017-08,2017,8
2017-07-30,20170730,20170719,20170730,WWOCI25Z,39.0,4,5,2,Lost,0.0,0.0029600518809416022,11.0,11.0,2017-07,2017,7
2017-08-02,20170802,20170719,20170802,1UFFP5T3,9.0,4,4,2,Lost,0.0,0.0027153242856253344,14.0,14.0,2017-08,2017,8
2017-07-29,20170729,20170719,20170729,ALMZ6ZUI,28.0,4,1,4,Won,537.0,0.8553941302563168,10.0,10.0,2017-07,2017,7
2017-07-30,20170730,20170719,20170730,B4UIGJRX,19.0,4,6,4,Won,1089.0,0.9950937877269248,11.0,11.0,2017-07,2017,7
2017-07-27,20170727,20170719,20170727,ZCAEQT06,11.0,4,4,4,Won,3352.0,0.9999999999521303,8.0,8.0,2017-07,2017,7
2017-11-01,20171101,20170719,20171101,XBO6IN0E,58.0,27,2,2,Lost,0.0,0.005310364074534883,105.0,105.0,2017-11,2017,11
2017-07-23,20170723,20170719,20170723,U1SBKB0U,64.0,27,1,4,Won,535.0,0.9108047188648906,4.0,4.0,2017-07,2017,7
2017-09-25,20170925,20170719,20170925,8S7IAR2D,57.0,7,1,4,Won,571.0,0.9763324593498967,68.0,68.0,2017-09,2017,9
2017-09-29,20170929,20170719,20170929,RWQKOD1W,10.0,34,4,4,Won,3535.0,0.9999999999968814,72.0,72.0,2017-09,2017,9
2017-07-27,20170727,20170719,20170727,6TOOTFQV,4.0,5,4,4,Won,3985.0,0.9999999999999161,8.0,8.0,2017-07,2017,7
2017-07-21,20170721,20170719,20170721,I776MNA8,48.0,14,4,4,Won,3568.0,0.9999999999961178,2.0,2.0,2017-07,2017,7
2017-07-29,20170729,20170719,20170729,VG17J29L,4.0,3,3,2,Lost,0.0,0.5874857066936876,10.0,10.0,2017-07,2017,7
2017-07-27,20170727,20170719,20170727,F7R8ICT8,25.0,3,3,4,Won,65.0,0.6505101321196944,8.0,8.0,2017-07,2017,7
2017-07-25,20170725,20170719,20170725,KULR6FMD,25.0,3,3,4,Won,47.0,0.610103019115402,6.0,6.0,2017-07,2017,7
2017-11-11,20171111,20170720,20171111,KOG75BRP,59.0,1,6,2,Lost,0.0,0.027429687918962116,114.0,114.0,2017-11,2017,11
2017-07-21,20170721,20170720,20170721,SV3T5L5N,59.0,1,6,4,Won,1160.0,0.9983543798871016,1.0,1.0,2017-07,2017,7
2017-08-23,20170823,20170720,20170823,THRXY3SV,66.0,1,5,4,Won,5847.0,1.0,34.0,34.0,2017-08,2017,8
2017-07-30,20170730,20170720,20170730,9BFHDZOK,42.0,22,4,2,Lost,0.0,0.0029271390880087843,10.0,10.0,2017-07,2017,7
2017-09-20,20170920,20170720,20170920,IHOU09D6,80.0,22,6,4,Won,1029.0,0.9953917906783899,62.0,62.0,2017-09,2017,9
2017-07-21,20170721,20170720,20170721,BJWS06GX,52.0,13,5,2,Lost,0.0,0.006815197441916052,1.0,1.0,2017-07,2017,7
2017-07-31,20170731,20170720,20170731,4IVW7F68,18.0,13,2,2,Lost,0.0,0.006748168423954313,11.0,11.0,2017-07,2017,7
2017-11-09,20171109,20170720,20171109,ROSYV895,44.0,18,4,2,Lost,0.0,0.005578330172768141,112.0,112.0,2017-11,2017,11
2017-07-28,20170728,20170720,20170728,3V7Q3G52,25.0,10,2,2,Lost,0.0,0.002823253606490076,8.0,8.0,2017-07,2017,7
2017-07-28,20170728,20170720,20170728,4U3OSLNM,30.0,10,2,2,Lost,0.0,0.005586101289813786,8.0,8.0,2017-07,2017,7
2017-08-04,20170804,20170720,20170804,LX4D50OF,57.0,10,2,2,Lost,0.0,0.005311381155822533,15.0,15.0,2017-08,2017,8
2017-07-28,20170728,20170720,20170728,CWBHL1S7,66.0,10,2,2,Lost,0.0,0.008437056596576039,8.0,8.0,2017-07,2017,7
2017-07-23,20170723,20170720,20170723,FCBBJJIJ,4.0,10,4,2,Lost,0.0,0.0034174231469796105,3.0,3.0,2017-07,2017,7
2017-08-17,20170817,20170720,20170817,1D1L6FJX,73.0,10,2,4,Won,5058.0,1.0,28.0,28.0,2017-08,2017,8
2017-09-21,20170921,20170720,20170921,L2P99XIG,27.0,20,6,2,Lost,0.0,0.009595906045851425,63.0,63.0,2017-09,2017,9
2017-09-27,20170927,20170720,20170927,DEN2BPRR,63.0,20,2,2,Lost,0.0,0.003941861253163462,69.0,69.0,2017-09,2017,9
2017-07-28,20170728,20170720,20170728,1QGOH13Z,81.0,20,2,2,Lost,0.0,0.0021571973090306145,8.0,8.0,2017-07,2017,7
2017-11-14,20171114,20170720,20171114,PCTOIQZA,57.0,8,4,4,Won,3552.0,0.9999999999980533,117.0,117.0,2017-11,2017,11
2017-11-08,20171108,20170720,20171108,8AK1G9IT,42.0,26,5,4,Won,5526.0,1.0,111.0,111.0,2017-11,2017,11
2017-07-26,20170726,20170720,20170726,AEMGFUYH,54.0,31,2,4,Won,4428.0,0.999999999999998,6.0,6.0,2017-07,2017,7
2017-07-27,20170727,20170720,20170727,6GLF0PU0,64.0,34,1,4,Won,523.0,0.9286669889729207,7.0,7.0,2017-07,2017,7
2017-07-22,20170722,20170720,20170722,908W84Y6,49.0,21,6,2,Lost,0.0,0.014361927749669061,2.0,2.0,2017-07,2017,7
2017-07-30,20170730,20170720,20170730,48CVYAIE,56.0,21,5,2,Lost,0.0,0.007672313988335559,10.0,10.0,2017-07,2017,7
2017-07-31,20170731,20170720,20170731,ULY6LFT1,49.0,14,2,4,Won,5392.0,1.0,11.0,11.0,2017-07,2017,7
2017-07-27,20170727,20170720,20170727,IYDR200I,24.0,24,1,2,Lost,0.0,0.13826320421668636,7.0,7.0,2017-07,2017,7
2017-07-28,20170728,20170720,20170728,2QHB4SYK,82.0,12,3,4,Won,55.0,0.7207746808793751,8.0,8.0,2017-07,2017,7
2017-11-06,20171106,20170721,20171106,JNDSA5B4,73.0,1,1,2,Lost,0.0,0.17124103834917276,108.0,108.0,2017-11,2017,11
2017-11-20,20171120,20170721,20171120,L3DT2WVO,27.0,22,2,4,Won,4197.0,0.9999999999999933,122.0,122.0,2017-11,2017,11
2017-09-18,20170918,20170721,20170918,OCMCRBJR,49.0,22,4,4,Won,3830.0,0.9999999999997538,59.0,59.0,2017-09,2017,9
2017-07-30,20170730,20170721,20170730,II0SKLFO,20.0,19,1,4,Won,494.0,0.8593632995571222,9.0,9.0,2017-07,2017,7
2017-07-22,20170722,20170721,20170722,LIYJSU0E,44.0,18,5,4,Won,5118.0,1.0,1.0,1.0,2017-07,2017,7
2017-07-28,20170728,20170721,20170728,SEDTNUD7,72.0,10,6,4,Won,1000.0,0.9881739941671865,7.0,7.0,2017-07,2017,7
2017-07-26,20170726,20170721,20170726,9UO306XU,13.0,10,2,4,Won,5347.0,1.0,5.0,5.0,2017-07,2017,7
2017-07-22,20170722,20170721,20170722,GN16L9RW,26.0,20,1,2,Lost,0.0,0.0446207674927573,1.0,1.0,2017-07,2017,7
2017-07-29,20170729,20170721,20170729,GVRA1VJJ,69.0,20,1,2,Lost,0.0,0.06333348968042717,8.0,8.0,2017-07,2017,7
2017-08-23,20170823,20170721,20170823,TBXMDI2Q,56.0,20,5,4,Won,5340.0,1.0,33.0,33.0,2017-08,2017,8
2017-11-17,20171117,20170721,20171117,L6CE1E4L,68.0,8,1,2,Lost,0.0,0.1456247584892276,119.0,119.0,2017-11,2017,11
2017-07-31,20170731,20170721,20170731,RNCYPVJO,66.0,8,4,4,Won,2970.0,0.9999999996454276,10.0,10.0,2017-07,2017,7
2017-07-28,20170728,20170721,20170728,9UTOQBAH,58.0,30,2,2,Lost,0.0,0.005893201992829049,7.0,7.0,2017-07,2017,7
2017-07-30,20170730,20170721,20170730,PAUXUGK3,65.0,31,6,4,Won,997.0,0.9891474058650499,9.0,9.0,2017-07,2017,7
2017-07-29,20170729,20170721,20170729,HWY9HTK2,25.0,4,6,2,Lost,0.0,0.0056467824541934,8.0,8.0,2017-07,2017,7
2017-07-30,20170730,20170721,20170730,983QHALZ,66.0,4,4,2,Lost,0.0,0.005275765731459042,9.0,9.0,2017-07,2017,7
2017-07-30,20170730,20170721,20170730,P5B6BZWO,23.0,5,1,4,Won,526.0,0.8977328903087382,9.0,9.0,2017-07,2017,7
2017-07-28,20170728,20170721,20170728,F7ZPP0C4,11.0,9,5,2,Lost,0.0,0.00252105274576778,7.0,7.0,2017-07,2017,7
2017-07-30,20170730,20170721,20170730,N0UCNVKJ,19.0,9,1,4,Won,418.0,0.8297945488218845,9.0,9.0,2017-07,2017,7
2017-07-28,20170728,20170721,20170728,5OAWTEIU,68.0,9,3,4,Won,54.0,0.6088407368209338,7.0,7.0,2017-07,2017,7
2017-09-07,20170907,20170721,20170907,55NG8O95,34.0,25,1,4,Won,622.0,0.9544538645402914,48.0,48.0,2017-09,2017,9
2017-08-23,20170823,20170721,20170823,DL3Q5HAD,74.0,14,5,4,Won,4930.0,1.0,33.0,33.0,2017-08,2017,8
2017-07-28,20170728,20170721,20170728,0T9EBKZL,62.0,3,3,4,Won,51.0,0.6393659440257399,7.0,7.0,2017-07,2017,7
2017-07-30,20170730,20170721,20170730,6KOHYTT4,3.0,3,4,4,Won,3167.0,0.999999999891146,9.0,9.0,2017-07,2017,7
2017-09-27,20170927,20170721,20170927,3L8ECZK8,29.0,3,4,4,Won,3038.0,0.9999999996232543,68.0,68.0,2017-09,2017,9
2017-09-24,20170924,20170721,20170924,JAH8NGC2,77.0,24,4,4,Won,2851.0,0.9999999970525844,65.0,65.0,2017-09,2017,9
2017-11-18,20171118,20170721,20171118,93818DZF,14.0,33,1,2,Lost,0.0,0.18694003940876486,120.0,120.0,2017-11,2017,11
2017-07-22,20170722,20170721,20170722,7B3DXNZL,17.0,33,2,4,Won,5283.0,1.0,1.0,1.0,2017-07,2017,7
2017-07-23,20170723,20170721,20170723,DZAFN4I1,17.0,33,3,4,Won,49.0,0.5509833112145577,2.0,2.0,2017-07,2017,7
2017-07-29,20170729,20170722,20170729,RZYCBSQN,12.0,1,6,2,Lost,0.0,0.018050191347307076,7.0,7.0,2017-07,2017,7
2017-11-03,20171103,20170722,20171103,84BIAFGY,67.0,1,4,2,Lost,0.0,0.0035834167420464563,104.0,104.0,2017-11,2017,11
2017-09-12,20170912,20170722,20170912,YQACOZV4,78.0,19,6,2,Lost,0.0,0.00942806356981302,52.0,52.0,2017-09,2017,9
2017-07-27,20170727,20170722,20170727,DNIX6FCG,27.0,19,3,2,Lost,0.0,0.5101724555080003,5.0,5.0,2017-07,2017,7
2017-07-23,20170723,20170722,20170723,6U7RD3TG,37.0,19,4,4,Won,3684.0,0.9999999999985212,1.0,1.0,2017-07,2017,7
2017-11-23,20171123,20170722,20171123,610D6711,63.0,19,4,4,Won,2986.0,0.9999999996460021,124.0,124.0,2017-11,2017,11
2017-07-23,20170723,20170722,20170723,3Z5NBGAT,66.0,2,3,4,Won,50.0,0.81066612694822,1.0,1.0,2017-07,2017,7
2017-08-02,20170802,20170722,20170802,WNRDPS5I,20.0,13,2,2,Lost,0.0,0.0027819766264388923,11.0,11.0,2017-08,2017,8
2017-07-29,20170729,20170722,20170729,ZUSDWKSM,26.0,13,2,2,Lost,0.0,0.0026003038217062915,7.0,7.0,2017-07,2017,7
2017-07-24,20170724,20170722,20170724,NK1TQTYO,68.0,10,2,2,Lost,0.0,0.004201749526028768,2.0,2.0,2017-07,2017,7
2017-07-29,20170729,20170722,20170729,676KO0LG,30.0,10,6,4,Won,927.0,0.9858348134432748,7.0,7.0,2017-07,2017,7
2017-09-05,20170905,20170722,20170905,D6PFP040,15.0,10,2,4,Won,5113.0,1.0,45.0,45.0,2017-09,2017,9
2017-07-23,20170723,20170722,20170723,MHMD41XY,6.0,28,3,4,Won,51.0,0.6007379230118943,1.0,1.0,2017-07,2017,7
2017-09-14,20170914,20170722,20170914,LRLER1XS,24.0,26,3,4,Won,64.0,0.8235641254854209,54.0,54.0,2017-09,2017,9
2017-11-05,20171105,20170722,20171105,4RWE00T8,60.0,6,1,2,Lost,0.0,0.2016382997105662,106.0,106.0,2017-11,2017,11
2017-07-24,20170724,20170722,20170724,P3XN6SXX,16.0,6,6,2,Lost,0.0,0.011213968345659972,2.0,2.0,2017-07,2017,7
2017-11-12,20171112,20170722,20171112,L65X2CDL,36.0,6,2,2,Lost,0.0,0.005786535119352684,113.0,113.0,2017-11,2017,11
2017-07-23,20170723,20170722,20170723,12HRYJQH,44.0,31,1,4,Won,442.0,0.859077598375187,1.0,1.0,2017-07,2017,7
2017-07-30,20170730,20170722,20170730,5ZA8MURX,21.0,27,2,2,Lost,0.0,0.0018157930901481737,8.0,8.0,2017-07,2017,7
2017-09-30,20170930,20170722,20170930,Y7AC2LSL,6.0,27,4,4,Won,3015.0,0.9999999993986748,70.0,70.0,2017-09,2017,9
2017-07-24,20170724,20170722,20170724,ME2X1TEG,9.0,7,4,2,Lost,0.0,0.004891580140547469,2.0,2.0,2017-07,2017,7
2017-07-23,20170723,20170722,20170723,30KP0JMN,77.0,34,5,2,Lost,0.0,0.002506004309850174,1.0,1.0,2017-07,2017,7
2017-07-23,20170723,20170722,20170723,BG156UAV,12.0,5,4,2,Lost,0.0,0.004069971664449797,1.0,1.0,2017-07,2017,7
2017-07-23,20170723,20170722,20170723,S7T5AHQH,66.0,5,6,4,Won,1174.0,0.998823072981092,1.0,1.0,2017-07,2017,7
2017-09-28,20170928,20170722,20170928,48UPZJ45,57.0,9,4,4,Won,3696.0,0.9999999999992173,68.0,68.0,2017-09,2017,9
2017-07-30,20170730,20170722,20170730,T0SO96YG,49.0,21,1,2,Lost,0.0,0.12499645293172196,8.0,8.0,2017-07,2017,7
2017-11-03,20171103,20170722,20171103,YCQABCDI,2.0,21,4,4,Won,3252.0,0.999999999964791,104.0,104.0,2017-11,2017,11
2017-11-04,20171104,20170722,20171104,8JZ4R9BW,28.0,3,3,2,Lost,0.0,0.5651335304126183,105.0,105.0,2017-11,2017,11
2017-07-23,20170723,20170722,20170723,PTFOEUO4,29.0,3,3,2,Lost,0.0,0.4686348650327029,1.0,1.0,2017-07,2017,7
2017-07-23,20170723,20170722,20170723,ZCCBTBIQ,17.0,24,2,2,Lost,0.0,0.003311529102483719,1.0,1.0,2017-07,2017,7
2017-09-23,20170923,20170722,20170923,1TJ6WP5R,36.0,24,3,4,Won,65.0,0.6993921044888957,63.0,63.0,2017-09,2017,9
2017-09-05,20170905,20170723,20170905,WHF75273,80.0,19,6,4,Won,904.0,0.9831638039976486,44.0,44.0,2017-09,2017,9
2017-07-24,20170724,20170723,20170724,AH58AQ3B,72.0,2,1,4,Won,541.0,0.9311361408773227,1.0,1.0,2017-07,2017,7
2017-07-25,20170725,20170723,20170725,292W4P09,43.0,13,1,4,Won,630.0,0.9591257755157572,2.0,2.0,2017-07,2017,7
2017-07-30,20170730,20170723,20170730,MG0LTCCE,78.0,18,6,4,Won,1231.0,0.9979675522313044,7.0,7.0,2017-07,2017,7
2017-11-20,20171120,20170723,20171120,ANNUH4KM,16.0,10,1,4,Won,556.0,0.9596016153953117,120.0,120.0,2017-11,2017,11
2017-07-31,20170731,20170723,20170731,L3V8UK9H,66.0,10,6,4,Won,1070.0,0.9974019353224983,8.0,8.0,2017-07,2017,7
2017-07-25,20170725,20170723,20170725,2CRE26AC,51.0,28,3,4,Won,57.0,0.7042576628720177,2.0,2.0,2017-07,2017,7
2017-07-31,20170731,20170723,20170731,3J1LNCA4,35.0,26,6,2,Lost,0.0,0.011418365426511758,8.0,8.0,2017-07,2017,7
2017-07-25,20170725,20170723,20170725,4PDYHVX1,41.0,30,5,4,Won,4824.0,1.0,2.0,2.0,2017-07,2017,7
2017-11-19,20171119,20170723,20171119,BICJY3FZ,68.0,6,5,4,Won,6049.0,1.0,119.0,119.0,2017-11,2017,11
2017-07-28,20170728,20170723,20170728,4P12PLQA,17.0,32,3,4,Won,58.0,0.6791314655836488,5.0,5.0,2017-07,2017,7
2017-08-20,20170820,20170723,20170820,4942W0E7,44.0,32,4,4,Won,3335.0,0.9999999999818865,28.0,28.0,2017-08,2017,8
2017-07-30,20170730,20170723,20170730,TGTJ0NBT,17.0,31,6,2,Lost,0.0,0.00997022531048341,7.0,7.0,2017-07,2017,7
2017-11-07,20171107,20170723,20171107,W8W6N0LL,42.0,27,2,2,Lost,0.0,0.00287841256798828,107.0,107.0,2017-11,2017,11
2017-07-25,20170725,20170723,20170725,SEF4LOIS,19.0,7,6,2,Lost,0.0,0.019335209980582777,2.0,2.0,2017-07,2017,7
2017-08-07,20170807,20170723,20170807,BNIU5YZ2,72.0,7,6,4,Won,1006.0,0.9909518510749188,15.0,15.0,2017-08,2017,8
2017-08-02,20170802,20170723,20170802,CPK36NED,68.0,7,4,4,Won,3367.0,0.9999999999855278,10.0,10.0,2017-08,2017,8
2017-11-10,20171110,20170723,20171110,VYWQ3U5S,24.0,34,1,2,Lost,0.0,0.18553401219300972,110.0,110.0,2017-11,2017,11
2017-07-28,20170728,20170723,20170728,HDWQM6JT,65.0,34,6,2,Lost,0.0,0.010784740227275625,5.0,5.0,2017-07,2017,7
2017-08-06,20170806,20170723,20170806,T0MUE2H7,67.0,5,3,2,Lost,0.0,0.37821313368675746,14.0,14.0,2017-08,2017,8
2017-07-25,20170725,20170723,20170725,ZDRRL61D,9.0,9,6,2,Lost,0.0,0.009194173782494767,2.0,2.0,2017-07,2017,7
2017-07-31,20170731,20170723,20170731,YRWX35AS,52.0,21,2,2,Lost,0.0,0.0067214574283584304,8.0,8.0,2017-07,2017,7
2017-07-31,20170731,20170723,20170731,YT5I3AUS,78.0,21,1,4,Won,494.0,0.9018639639852708,8.0,8.0,2017-07,2017,7
2017-07-30,20170730,20170723,20170730,IS8Z2CQA,52.0,21,2,4,Won,4434.0,0.9999999999999993,7.0,7.0,2017-07,2017,7
2017-07-28,20170728,20170723,20170728,LPR6G7AE,73.0,3,3,2,Lost,0.0,0.5971234575372154,5.0,5.0,2017-07,2017,7
2017-09-05,20170905,20170723,20170905,CJAQVPDP,85.0,3,4,2,Lost,0.0,0.002186626083466659,44.0,44.0,2017-09,2017,9
2017-09-01,20170901,20170723,20170901,757V8R2Z,37.0,12,3,4,Won,54.0,0.648886183844173,40.0,40.0,2017-09,2017,9
2017-08-06,20170806,20170723,20170806,7KUYF1U3,42.0,12,3,4,Won,48.0,0.5995718523204464,14.0,14.0,2017-08,2017,8
2017-09-12,20170912,20170723,20170912,7QE84GCH,20.0,12,4,4,Won,2855.0,0.9999999976835041,51.0,51.0,2017-09,2017,9
2017-07-30,20170730,20170723,20170730,1WA46LC9,43.0,16,1,4,Won,538.0,0.9140928745823261,7.0,7.0,2017-07,2017,7
2017-09-29,20170929,20170723,20170929,L9CJZZ59,41.0,33,5,2,Lost,0.0,0.004077693408766701,68.0,68.0,2017-09,2017,9
2017-09-03,20170903,20170724,20170903,JWUWBI4D,25.0,1,5,2,Lost,0.0,0.0048934774483691094,41.0,41.0,2017-09,2017,9
2017-07-26,20170726,20170724,20170726,GHB3UIDV,84.0,13,1,4,Won,458.0,0.9030345761833005,2.0,2.0,2017-07,2017,7
2017-08-07,20170807,20170724,20170807,23R03LTJ,76.0,10,6,4,Won,996.0,0.9903357052281985,14.0,14.0,2017-08,2017,8
2017-07-31,20170731,20170724,20170731,AHUTOSMS,28.0,10,2,4,Won,4772.0,1.0,7.0,7.0,2017-07,2017,7
2017-07-26,20170726,20170724,20170726,2T3QDLXY,37.0,20,2,4,Won,4490.0,0.9999999999999987,2.0,2.0,2017-07,2017,7
2017-11-02,20171102,20170724,20171102,J5DVK5F3,27.0,20,4,4,Won,3260.0,0.9999999999461431,101.0,101.0,2017-11,2017,11
2017-08-06,20170806,20170724,20170806,M3PCMYJ0,17.0,28,1,4,Won,584.0,0.9462245711647792,13.0,13.0,2017-08,2017,8
2017-07-30,20170730,20170724,20170730,H5RRJOD9,42.0,28,4,4,Won,3371.0,0.9999999999735176,6.0,6.0,2017-07,2017,7
2017-09-27,20170927,20170724,20170927,BUQ655AB,12.0,8,2,4,Won,4868.0,1.0,65.0,65.0,2017-09,2017,9
2017-08-07,20170807,20170724,20170807,QDNA6HW3,57.0,8,4,4,Won,3271.0,0.9999999999616829,14.0,14.0,2017-08,2017,8
2017-07-25,20170725,20170724,20170725,T0VHKKCN,73.0,6,2,2,Lost,0.0,0.004323200502110319,1.0,1.0,2017-07,2017,7
2017-08-28,20170828,20170724,20170828,7R0TEEHW,12.0,4,3,2,Lost,0.0,0.5394946386494942,35.0,35.0,2017-08,2017,8
2017-07-25,20170725,20170724,20170725,CA3BRUJO,45.0,7,6,4,Won,1171.0,0.9978983215561803,1.0,1.0,2017-07,2017,7
2017-07-25,20170725,20170724,20170725,U5K1Y35J,38.0,5,3,4,Won,58.0,0.6211847168823235,1.0,1.0,2017-07,2017,7
2017-11-06,20171106,20170724,20171106,Y7TVU9AY,68.0,9,1,2,Lost,0.0,0.11425703412341241,105.0,105.0,2017-11,2017,11
2017-07-26,20170726,20170724,20170726,ZNZCBGN7,80.0,14,2,2,Lost,0.0,0.004618987661092644,2.0,2.0,2017-07,2017,7
2017-07-25,20170725,20170724,20170725,IT2UBEW4,84.0,14,3,4,Won,59.0,0.6935594125408749,1.0,1.0,2017-07,2017,7
2017-07-31,20170731,20170724,20170731,X19CKKZ1,36.0,3,3,4,Won,50.0,0.6665698535512088,7.0,7.0,2017-07,2017,7
2017-11-21,20171121,20170724,20171121,DZOLKFK6,35.0,24,5,2,Lost,0.0,0.006240342593015241,120.0,120.0,2017-11,2017,11
2017-07-30,20170730,20170724,20170730,H5E0GSHQ,43.0,12,3,2,Lost,0.0,0.46683761864653983,6.0,6.0,2017-07,2017,7
2017-08-03,20170803,20170725,20170803,CBPVAIQ7,53.0,22,1,2,Lost,0.0,0.07132982236230609,9.0,9.0,2017-08,2017,8
2017-08-01,20170801,20170725,20170801,JND57DH5,40.0,22,3,4,Won,48.0,0.6736273191267919,7.0,7.0,2017-08,2017,8
2017-08-21,20170821,20170725,20170821,8PUH80YZ,8.0,19,1,4,Won,511.0,0.9379497976607265,27.0,27.0,2017-08,2017,8
2017-07-29,20170729,20170725,20170729,22WVAXR2,48.0,19,6,4,Won,1311.0,0.9992709808740144,4.0,4.0,2017-07,2017,7
2017-07-27,20170727,20170725,20170727,MA9SBSLE,19.0,2,3,2,Lost,0.0,0.6404503521921114,2.0,2.0,2017-07,2017,7
2017-08-02,20170802,20170725,20170802,PKRDEUWE,42.0,13,1,2,Lost,0.0,0.08166165598415397,8.0,8.0,2017-08,2017,8
2017-07-27,20170727,20170725,20170727,LJ5FQGLZ,56.0,18,5,4,Won,6100.0,1.0,2.0,2.0,2017-07,2017,7
2017-08-01,20170801,20170725,20170801,KMJMLQ4P,63.0,18,3,4,Won,61.0,0.6572477328596115,7.0,7.0,2017-08,2017,8
2017-11-13,20171113,20170725,20171113,94E71JAP,39.0,10,6,2,Lost,0.0,0.014542513482727809,111.0,111.0,2017-11,2017,11
2017-08-08,20170808,20170725,20170808,VBVO5X8W,15.0,10,2,2,Lost,0.0,0.0031054691527118124,14.0,14.0,2017-08,2017,8
2017-08-03,20170803,20170725,20170803,6UUZ4IJ5,59.0,10,1,4,Won,528.0,0.941312248689341,9.0,9.0,2017-08,2017,8
2017-07-31,20170731,20170725,20170731,6EXXL6M4,66.0,10,1,4,Won,581.0,0.9778378281312643,6.0,6.0,2017-07,2017,7
2017-09-29,20170929,20170725,20170929,L9BTE2RA,72.0,10,5,4,Won,5947.0,1.0,66.0,66.0,2017-09,2017,9
2017-08-02,20170802,20170725,20170802,EVU2E5ZZ,27.0,20,4,2,Lost,0.0,0.0022797475133635864,8.0,8.0,2017-08,2017,8
2017-11-05,20171105,20170725,20171105,PBTSZ2Q2,39.0,8,2,2,Lost,0.0,0.0041734677049147535,103.0,103.0,2017-11,2017,11
2017-12-02,20171202,20170725,20171202,D28ANNYX,33.0,32,1,4,Won,508.0,0.9491262292646675,130.0,130.0,2017-12,2017,12
2017-07-31,20170731,20170725,20170731,30OFYJUN,19.0,4,1,2,Lost,0.0,0.09388527543299169,6.0,6.0,2017-07,2017,7
2017-07-30,20170730,20170725,20170730,10ICDVM2,45.0,4,1,4,Won,537.0,0.8925995235976232,5.0,5.0,2017-07,2017,7
2017-11-27,20171127,20170725,20171127,KUAZF4E7,6.0,27,6,2,Lost,0.0,0.010988263745876347,125.0,125.0,2017-11,2017,11
2017-07-27,20170727,20170725,20170727,IVANA47K,9.0,7,6,4,Won,1031.0,0.99415218792367,2.0,2.0,2017-07,2017,7
2017-11-03,20171103,20170725,20171103,4KP2GEFF,15.0,9,6,4,Won,1077.0,0.9936108961219633,101.0,101.0,2017-11,2017,11
2017-11-04,20171104,20170725,20171104,WOB1ULFR,19.0,3,4,4,Won,3306.0,0.9999999999861136,102.0,102.0,2017-11,2017,11
2017-07-26,20170726,20170725,20170726,7IKDD9UG,5.0,12,1,4,Won,491.0,0.9036455509330884,1.0,1.0,2017-07,2017,7
2017-12-02,20171202,20170726,20171202,59SUBXGP,68.0,1,3,4,Won,53.0,0.8039803047462032,129.0,129.0,2017-12,2017,12
2017-09-27,20170927,20170726,20170927,TFL3C3JS,37.0,19,5,4,Won,5228.0,1.0,63.0,63.0,2017-09,2017,9
2017-07-31,20170731,20170726,20170731,EM3NYEYC,16.0,2,5,2,Lost,0.0,0.005043468986142175,5.0,5.0,2017-07,2017,7
2017-11-17,20171117,20170726,20171117,KPFV2AAL,68.0,10,2,2,Lost,0.0,0.00660836251456711,114.0,114.0,2017-11,2017,11
2017-07-27,20170727,20170726,20170727,V2JOV5MF,16.0,10,2,4,Won,4677.0,0.9999999999999998,1.0,1.0,2017-07,2017,7
2017-09-29,20170929,20170726,20170929,DEVXF86R,1.0,20,6,2,Lost,0.0,0.005635820083207754,65.0,65.0,2017-09,2017,9
2017-09-26,20170926,20170726,20170926,VA9AGU75,42.0,20,2,2,Lost,0.0,0.002703974974330177,62.0,62.0,2017-09,2017,9
2017-07-28,20170728,20170726,20170728,0MKW8IPC,78.0,20,1,4,Won,554.0,0.8904538076264837,2.0,2.0,2017-07,2017,7
2017-09-23,20170923,20170726,20170923,P8P9MKJL,15.0,8,5,4,Won,5548.0,1.0,59.0,59.0,2017-09,2017,9
2017-07-28,20170728,20170726,20170728,S7PY8R2V,25.0,8,4,4,Won,3809.0,0.9999999999994122,2.0,2.0,2017-07,2017,7
2017-07-30,20170730,20170726,20170730,75WYC9TY,29.0,6,1,2,Lost,0.0,0.07040323269605356,4.0,4.0,2017-07,2017,7
2017-08-10,20170810,20170726,20170810,CEWDZ3ZD,61.0,31,3,4,Won,53.0,0.7427850188247843,15.0,15.0,2017-08,2017,8
2017-07-30,20170730,20170726,20170730,F56MSU4B,3.0,4,4,2,Lost,0.0,0.0020986586242073206,4.0,4.0,2017-07,2017,7
2017-07-28,20170728,20170726,20170728,BR18O9U1,59.0,7,6,4,Won,1044.0,0.9954863271727654,2.0,2.0,2017-07,2017,7
2017-07-30,20170730,20170726,20170730,88CM27UB,42.0,34,2,2,Lost,0.0,0.0026852549348018325,4.0,4.0,2017-07,2017,7
2017-08-06,20170806,20170726,20170806,BE0RAJF5,22.0,24,2,2,Lost,0.0,0.003570739372800384,11.0,11.0,2017-08,2017,8
2017-07-28,20170728,20170726,20170728,KO7UWLAU,78.0,16,4,4,Won,3596.0,0.9999999999968037,2.0,2.0,2017-07,2017,7
2017-07-27,20170727,20170726,20170727,4SJGBWQL,36.0,33,6,2,Lost,0.0,0.007533351503756027,1.0,1.0,2017-07,2017,7
2017-12-01,20171201,20170726,20171201,AWFSNZ2U,64.0,33,6,4,Won,1091.0,0.9966302150499384,128.0,128.0,2017-12,2017,12
2017-09-26,20170926,20170726,20170926,S3E48VE0,54.0,33,2,4,Won,6000.0,1.0,62.0,62.0,2017-09,2017,9
2017-07-29,20170729,20170727,20170729,SCR1IKLQ,4.0,1,5,4,Won,5068.0,1.0,2.0,2.0,2017-07,2017,7
2017-07-29,20170729,20170727,20170729,IF8PILJR,29.0,1,3,4,Won,46.0,0.5742722925017179,2.0,2.0,2017-07,2017,7
2017-12-12,20171212,20170727,20171212,2K52EH11,75.0,19,4,2,Lost,0.0,0.0056293941866215344,138.0,138.0,2017-12,2017,12
2017-08-02,20170802,20170727,20170802,HTY5G7DI,62.0,2,4,4,Won,3025.0,0.9999999994838487,6.0,6.0,2017-08,2017,8
2017-07-29,20170729,20170727,20170729,TX88GTDE,20.0,13,6,2,Lost,0.0,0.008193801032587194,2.0,2.0,2017-07,2017,7
2017-08-09,20170809,20170727,20170809,2GQH9FKJ,15.0,10,2,4,Won,4790.0,1.0,13.0,13.0,2017-08,2017,8
2017-08-23,20170823,20170727,20170823,MW3K8553,85.0,10,2,4,Won,4861.0,1.0,27.0,27.0,2017-08,2017,8
2017-09-15,20170915,20170727,20170915,E41SDK40,9.0,8,1,2,Lost,0.0,0.11374854990480367,50.0,50.0,2017-09,2017,9
2017-09-15,20170915,20170727,20170915,RDFUGEA2,36.0,30,1,4,Won,586.0,0.959727798525128,50.0,50.0,2017-09,2017,9
2017-08-10,20170810,20170727,20170810,I8TEUO2C,61.0,32,1,4,Won,514.0,0.9541194962197769,14.0,14.0,2017-08,2017,8
2017-07-28,20170728,20170727,20170728,BY1TB6D2,44.0,27,2,4,Won,4209.0,0.9999999999999873,1.0,1.0,2017-07,2017,7
2017-08-01,20170801,20170727,20170801,2AMVTZLM,28.0,7,3,2,Lost,0.0,0.464877294951434,5.0,5.0,2017-08,2017,8
2017-08-07,20170807,20170727,20170807,8IOAX81S,16.0,7,6,4,Won,965.0,0.9870308103777096,11.0,11.0,2017-08,2017,8
2017-07-28,20170728,20170727,20170728,EYWL3H5G,51.0,25,5,2,Lost,0.0,0.004959112147752867,1.0,1.0,2017-07,2017,7
2017-08-06,20170806,20170727,20170806,YUGFGRUT,34.0,24,1,4,Won,651.0,0.9667462943393434,10.0,10.0,2017-08,2017,8
2017-08-03,20170803,20170728,20170803,O6B0YK1X,13.0,1,4,2,Lost,0.0,0.004134167745595108,6.0,6.0,2017-08,2017,8
2017-11-07,20171107,20170728,20171107,NLWICKPS,74.0,19,6,2,Lost,0.0,0.010157028199758557,102.0,102.0,2017-11,2017,11
2017-11-11,20171111,20170728,20171111,Z6FPHRV7,26.0,13,1,4,Won,550.0,0.938006553562583,106.0,106.0,2017-11,2017,11
2017-07-29,20170729,20170728,20170729,LJ59Y2TK,59.0,10,2,2,Lost,0.0,0.004911298506163925,1.0,1.0,2017-07,2017,7
2017-08-23,20170823,20170728,20170823,80S3ED8B,13.0,10,1,4,Won,589.0,0.9593477909016045,26.0,26.0,2017-08,2017,8
2017-07-30,20170730,20170728,20170730,2IKGOPW1,38.0,10,2,4,Won,4387.0,0.999999999999998,2.0,2.0,2017-07,2017,7
2017-07-30,20170730,20170728,20170730,7Y10BR02,68.0,10,2,4,Won,4555.0,0.9999999999999996,2.0,2.0,2017-07,2017,7
2017-08-06,20170806,20170728,20170806,4L8RQVL9,48.0,20,2,2,Lost,0.0,0.0025435798498722167,9.0,9.0,2017-08,2017,8
2017-07-29,20170729,20170728,20170729,9T954T67,33.0,28,1,4,Won,514.0,0.9038357556875741,1.0,1.0,2017-07,2017,7
2017-07-29,20170729,20170728,20170729,CEOEM2MY,50.0,26,6,2,Lost,0.0,0.012665526853730595,1.0,1.0,2017-07,2017,7
2017-07-29,20170729,20170728,20170729,I5FVCO24,9.0,6,2,4,Won,4671.0,0.9999999999999998,1.0,1.0,2017-07,2017,7
2017-07-29,20170729,20170728,20170729,WTG4IAG0,46.0,32,3,2,Lost,0.0,0.5531002869468001,1.0,1.0,2017-07,2017,7
2017-11-15,20171115,20170728,20171115,NFKUICVA,64.0,32,1,4,Won,518.0,0.9597954458266305,110.0,110.0,2017-11,2017,11
2017-07-29,20170729,20170728,20170729,8UCQBI6J,9.0,7,2,4,Won,4172.0,0.9999999999999907,1.0,1.0,2017-07,2017,7
2017-08-10,20170810,20170728,20170810,Q8Q4R3SW,15.0,5,5,2,Lost,0.0,0.0036329674029944733,13.0,13.0,2017-08,2017,8
2017-08-10,20170810,20170728,20170810,BZNGP0DN,48.0,21,3,4,Won,53.0,0.7052680902619777,13.0,13.0,2017-08,2017,8
2017-11-27,20171127,20170728,20171127,Z31RDLIF,27.0,14,4,2,Lost,0.0,0.004741741398615836,122.0,122.0,2017-11,2017,11
2017-08-19,20170819,20170728,20170819,E4KNZB95,4.0,3,3,4,Won,53.0,0.7009128655092611,22.0,22.0,2017-08,2017,8
2017-08-03,20170803,20170728,20170803,PJDA3RWU,12.0,3,3,4,Won,60.0,0.7523052824959218,6.0,6.0,2017-08,2017,8
2017-11-01,20171101,20170728,20171101,YUORNX7C,38.0,3,3,4,Won,53.0,0.7494339889733299,96.0,96.0,2017-11,2017,11
2017-07-29,20170729,20170728,20170729,0WJLKMUA,1.0,12,2,2,Lost,0.0,0.0021482974310357943,1.0,1.0,2017-07,2017,7
2017-12-02,20171202,20170728,20171202,7XP06LUZ,81.0,16,3,2,Lost,0.0,0.6111434629845182,127.0,127.0,2017-12,2017,12
2017-07-30,20170730,20170728,20170730,5BT0Y4MB,33.0,33,1,2,Lost,0.0,0.06971748109125751,2.0,2.0,2017-07,2017,7
2017-08-05,20170805,20170729,20170805,WCCEBK6E,39.0,1,5,4,Won,4603.0,0.9999999999999998,7.0,7.0,2017-08,2017,8
2017-09-05,20170905,20170729,20170905,5SCMRQ9N,23.0,2,1,4,Won,610.0,0.9607114666186347,38.0,38.0,2017-09,2017,9
2017-08-06,20170806,20170729,20170806,A3I4JHP0,44.0,18,6,4,Won,1189.0,0.9980389340481759,8.0,8.0,2017-08,2017,8
2017-07-30,20170730,20170729,20170730,DOVFYIIO,48.0,20,2,2,Lost,0.0,0.0025485769361793193,1.0,1.0,2017-07,2017,7
2017-07-31,20170731,20170729,20170731,BC53PQMQ,69.0,20,5,4,Won,5480.0,1.0,2.0,2.0,2017-07,2017,7
2017-11-02,20171102,20170729,20171102,AU1OZUN8,65.0,28,3,4,Won,56.0,0.7230296053129509,96.0,96.0,2017-11,2017,11
2017-08-02,20170802,20170729,20170802,09GK47AY,52.0,15,6,2,Lost,0.0,0.013741832567355184,4.0,4.0,2017-08,2017,8
2017-09-16,20170916,20170729,20170916,D6CRJSEP,84.0,15,6,4,Won,983.0,0.9918178317932642,49.0,49.0,2017-09,2017,9
2017-08-16,20170816,20170729,20170816,5G9WEZTP,48.0,15,2,4,Won,5319.0,1.0,18.0,18.0,2017-08,2017,8
2017-08-08,20170808,20170729,20170808,KRK5YFGW,44.0,30,2,4,Won,4941.0,1.0,10.0,10.0,2017-08,2017,8
2017-08-02,20170802,20170729,20170802,GJQFUUWI,70.0,30,4,4,Won,3260.0,0.9999999999467188,4.0,4.0,2017-08,2017,8
2017-08-03,20170803,20170729,20170803,7SO4NKFP,36.0,32,6,2,Lost,0.0,0.011439413804025737,5.0,5.0,2017-08,2017,8
2017-07-31,20170731,20170729,20170731,VZ1ETER5,32.0,32,5,4,Won,4842.0,1.0,2.0,2.0,2017-07,2017,7
2017-09-29,20170929,20170729,20170929,YOFRJU68,6.0,32,4,4,Won,3463.0,0.9999999999937488,62.0,62.0,2017-09,2017,9
2017-08-01,20170801,20170729,20170801,F9V6EWDG,45.0,4,1,2,Lost,0.0,0.058742200164728954,3.0,3.0,2017-08,2017,8
2017-07-30,20170730,20170729,20170730,5EFR0VAZ,51.0,34,1,2,Lost,0.0,0.11468698259968078,1.0,1.0,2017-07,2017,7
2017-08-08,20170808,20170729,20170808,4MTIOMFQ,49.0,21,2,4,Won,4252.0,0.9999999999999951,10.0,10.0,2017-08,2017,8
2017-09-04,20170904,20170729,20170904,J096XFZG,84.0,14,2,4,Won,4906.0,1.0,37.0,37.0,2017-09,2017,9
2017-08-10,20170810,20170729,20170810,4U2Z53VS,38.0,3,3,2,Lost,0.0,0.5688782525932304,12.0,12.0,2017-08,2017,8
2017-08-07,20170807,20170730,20170807,6YMJLH2F,23.0,1,5,2,Lost,0.0,0.00452984905371558,8.0,8.0,2017-08,2017,8
2017-11-18,20171118,20170730,20171118,D6U1NYBU,74.0,13,4,4,Won,3113.0,0.9999999998195135,111.0,111.0,2017-11,2017,11
2017-08-10,20170810,20170730,20170810,9Q2SYGPP,7.0,18,6,4,Won,1097.0,0.993480907316245,11.0,11.0,2017-08,2017,8
2017-08-05,20170805,20170730,20170805,EY73E4ZB,36.0,10,4,2,Lost,0.0,0.0030191797713810917,6.0,6.0,2017-08,2017,8
2017-12-04,20171204,20170730,20171204,KQLS98VW,12.0,10,6,4,Won,1245.0,0.999428460890227,127.0,127.0,2017-12,2017,12
2017-08-04,20170804,20170730,20170804,LKQL4GRO,62.0,10,6,4,Won,1160.0,0.9965886602364414,5.0,5.0,2017-08,2017,8
2017-07-31,20170731,20170730,20170731,4DKUZ8JE,4.0,10,3,4,Won,53.0,0.6436288536677311,1.0,1.0,2017-07,2017,7
2017-08-11,20170811,20170730,20170811,V3QM4V7G,37.0,20,2,2,Lost,0.0,0.002243987763206106,12.0,12.0,2017-08,2017,8
2017-08-06,20170806,20170730,20170806,LZWH2OGW,25.0,8,4,2,Lost,0.0,0.0021737060344737035,7.0,7.0,2017-08,2017,8
2017-07-31,20170731,20170730,20170731,R7JSQI5U,51.0,26,4,2,Lost,0.0,0.005634049712444815,1.0,1.0,2017-07,2017,7
2017-09-10,20170910,20170730,20170910,S5NZI5UN,10.0,30,2,4,Won,5031.0,1.0,42.0,42.0,2017-09,2017,9
2017-07-31,20170731,20170730,20170731,XQQ3JS90,57.0,6,2,4,Won,5741.0,1.0,1.0,1.0,2017-07,2017,7
2017-08-09,20170809,20170730,20170809,5SED9K1C,55.0,32,6,4,Won,1038.0,0.9894839824004116,10.0,10.0,2017-08,2017,8
2017-08-05,20170805,20170730,20170805,810GB47D,12.0,31,1,2,Lost,0.0,0.11569096642014508,6.0,6.0,2017-08,2017,8
2017-11-20,20171120,20170730,20171120,GZCWRMIR,41.0,31,1,2,Lost,0.0,0.11651122398509615,113.0,113.0,2017-11,2017,11
2017-08-09,20170809,20170730,20170809,PST4NDK4,25.0,4,1,4,Won,502.0,0.8259478214428275,10.0,10.0,2017-08,2017,8
2017-07-31,20170731,20170730,20170731,8U9DLK26,50.0,34,2,4,Won,4913.0,1.0,1.0,1.0,2017-07,2017,7
2017-09-19,20170919,20170730,20170919,DDWSCXZA,60.0,5,4,4,Won,3457.0,0.999999999994291,51.0,51.0,2017-09,2017,9
2017-08-08,20170808,20170730,20170808,T2UA7F7Z,53.0,21,5,4,Won,5204.0,1.0,9.0,9.0,2017-08,2017,8
2017-08-07,20170807,20170730,20170807,FOGOYZ75,56.0,14,4,4,Won,3019.0,0.9999999995324267,8.0,8.0,2017-08,2017,8
2017-08-18,20170818,20170730,20170818,I9IJS5BM,69.0,14,4,4,Won,3453.0,0.9999999999884894,19.0,19.0,2017-08,2017,8
2017-11-13,20171113,20170730,20171113,2HU8CPJ3,46.0,24,4,4,Won,3464.0,0.9999999999937548,106.0,106.0,2017-11,2017,11
2017-08-19,20170819,20170730,20170819,M2UI5MKB,81.0,12,4,4,Won,2937.0,0.9999999988924473,20.0,20.0,2017-08,2017,8
2017-08-15,20170815,20170730,20170815,HWVR6IJ7,42.0,16,1,4,Won,463.0,0.8581807480872485,16.0,16.0,2017-08,2017,8
2017-09-11,20170911,20170731,20170911,V0XFS245,7.0,22,2,4,Won,4096.0,0.9999999999999716,42.0,42.0,2017-09,2017,9
2017-08-04,20170804,20170731,20170804,BBGCBEUY,54.0,27,6,2,Lost,0.0,0.004991006505312092,4.0,4.0,2017-08,2017,8
2017-11-23,20171123,20170731,20171123,6PHF576T,79.0,27,2,2,Lost,0.0,0.0037995454678091288,115.0,115.0,2017-11,2017,11
2017-08-10,20170810,20170731,20170810,XN43RX9C,70.0,27,4,4,Won,3187.0,0.9999999998397691,10.0,10.0,2017-08,2017,8
2017-11-02,20171102,20170731,20171102,DOU4T9EI,9.0,5,3,2,Lost,0.0,0.623621020216592,94.0,94.0,2017-11,2017,11
2017-11-10,20171110,20170731,20171110,XUU1PPTJ,57.0,5,5,4,Won,5234.0,1.0,102.0,102.0,2017-11,2017,11
2017-09-28,20170928,20170731,20170928,KZMZH8L6,84.0,21,5,4,Won,6180.0,1.0,59.0,59.0,2017-09,2017,9
2017-08-10,20170810,20170731,20170810,7WU2BQ2P,38.0,3,3,4,Won,53.0,0.6775590653434228,10.0,10.0,2017-08,2017,8
2017-08-05,20170805,20170731,20170805,5B4H3E7V,44.0,24,3,2,Lost,0.0,0.5497354010708662,5.0,5.0,2017-08,2017,8
2017-08-12,20170812,20170731,20170812,6YCDG16T,10.0,24,4,4,Won,3687.0,0.9999999999989837,12.0,12.0,2017-08,2017,8
2017-08-20,20170820,20170731,20170820,BVKAXY66,44.0,33,2,4,Won,6069.0,1.0,20.0,20.0,2017-08,2017,8
2017-08-11,20170811,20170801,20170811,D9VTKEEH,28.0,1,6,2,Lost,0.0,0.008988327112282491,10.0,10.0,2017-08,2017,8
2017-08-16,20170816,20170801,20170816,7CYRCTXI,45.0,1,4,4,Won,3452.0,0.9999999999922298,15.0,15.0,2017-08,2017,8
2017-08-09,20170809,20170801,20170809,IH4M0XTK,43.0,19,4,4,Won,3156.0,0.9999999998096643,8.0,8.0,2017-08,2017,8
2017-08-14,20170814,20170801,20170814,L9AZZGNK,27.0,18,1,2,Lost,0.0,0.08791540935356408,13.0,13.0,2017-08,2017,8
2017-11-23,20171123,20170801,20171123,MLPVWTC2,67.0,10,4,2,Lost,0.0,0.0033328845525188956,114.0,114.0,2017-11,2017,11
2017-08-06,20170806,20170801,20170806,6BBYA0L3,58.0,26,6,4,Won,1157.0,0.9985304568819852,5.0,5.0,2017-08,2017,8
2017-11-22,20171122,20170801,20171122,S3J60BK0,54.0,30,6,4,Won,1040.0,0.9938762917161389,113.0,113.0,2017-11,2017,11
2017-12-16,20171216,20170801,20171216,IKIJHQPN,68.0,6,3,4,Won,49.0,0.7997552309662469,137.0,137.0,2017-12,2017,12
2017-09-19,20170919,20170801,20170919,OJ9KBQML,38.0,4,1,4,Won,454.0,0.8362493560946713,49.0,49.0,2017-09,2017,9
2017-11-18,20171118,20170801,20171118,W66UPKL4,83.0,27,6,4,Won,1106.0,0.9966046987293611,109.0,109.0,2017-11,2017,11
2017-08-08,20170808,20170801,20170808,2S7CMLRJ,32.0,34,6,4,Won,1143.0,0.9976693867764914,7.0,7.0,2017-08,2017,8
2017-11-06,20171106,20170801,20171106,18KMXL8N,41.0,34,5,4,Won,4434.0,0.9999999999999991,97.0,97.0,2017-11,2017,11
2017-09-26,20170926,20170801,20170926,K44PIQTN,58.0,24,6,4,Won,1193.0,0.9989436376220101,56.0,56.0,2017-09,2017,9
2017-08-21,20170821,20170801,20170821,NWQHHVEM,32.0,24,2,4,Won,5049.0,1.0,20.0,20.0,2017-08,2017,8
2017-08-19,20170819,20170801,20170819,ZJ76J97A,44.0,24,2,4,Won,5300.0,1.0,18.0,18.0,2017-08,2017,8
2017-11-20,20171120,20170801,20171120,4Q1A27SA,64.0,24,4,4,Won,3597.0,0.9999999999986438,111.0,111.0,2017-11,2017,11
2017-11-11,20171111,20170801,20171111,GVOKY9KD,78.0,12,2,2,Lost,0.0,0.00456941338670062,102.0,102.0,2017-11,2017,11
2017-08-06,20170806,20170801,20170806,FOQK8G8Y,65.0,33,1,4,Won,606.0,0.9524299632321073,5.0,5.0,2017-08,2017,8
2017-11-09,20171109,20170802,20171109,OEUK1UW5,12.0,13,6,4,Won,1123.0,0.9983828627157926,99.0,99.0,2017-11,2017,11
2017-08-12,20170812,20170802,20170812,LF45YLLR,37.0,13,2,4,Won,5205.0,1.0,10.0,10.0,2017-08,2017,8
2017-11-01,20171101,20170802,20171101,RYYTO9Z5,80.0,18,1,4,Won,592.0,0.9754976316015244,91.0,91.0,2017-11,2017,11
2017-08-14,20170814,20170802,20170814,R9VR53F3,74.0,18,5,4,Won,6284.0,1.0,12.0,12.0,2017-08,2017,8
2017-11-07,20171107,20170802,20171107,D5H30X5X,76.0,8,3,2,Lost,0.0,0.6385651254564644,97.0,97.0,2017-11,2017,11
2017-08-10,20170810,20170802,20170810,FLXN0TBT,46.0,26,4,2,Lost,0.0,0.004114177004320962,8.0,8.0,2017-08,2017,8
2017-11-02,20171102,20170802,20171102,U8H8VGI0,47.0,30,2,2,Lost,0.0,0.004092962940887815,92.0,92.0,2017-11,2017,11
2017-08-05,20170805,20170802,20170805,R1X6U9CU,42.0,30,5,4,Won,4231.0,0.9999999999999929,3.0,3.0,2017-08,2017,8
2017-08-13,20170813,20170802,20170813,IT1XRUTD,76.0,4,5,2,Lost,0.0,0.0040482178498383965,11.0,11.0,2017-08,2017,8
2017-08-13,20170813,20170802,20170813,VTSKKTQO,85.0,4,4,2,Lost,0.0,0.0011295691569176924,11.0,11.0,2017-08,2017,8
2017-11-23,20171123,20170802,20171123,3Z2AMU5T,43.0,21,4,2,Lost,0.0,0.005412624243707831,113.0,113.0,2017-11,2017,11
2017-08-10,20170810,20170802,20170810,R0O1UYNW,7.0,12,3,4,Won,53.0,0.6155812154437967,8.0,8.0,2017-08,2017,8
2017-08-16,20170816,20170803,20170816,G44S6CLC,9.0,1,3,4,Won,52.0,0.7320398334689835,13.0,13.0,2017-08,2017,8
2017-08-22,20170822,20170803,20170822,IMLB4653,27.0,22,6,4,Won,938.0,0.9824932647827472,19.0,19.0,2017-08,2017,8
2017-08-08,20170808,20170803,20170808,ZE6HA778,38.0,10,4,2,Lost,0.0,0.0033684888093221104,5.0,5.0,2017-08,2017,8
2017-09-13,20170913,20170803,20170913,6KPKOR79,5.0,20,6,4,Won,1050.0,0.9920095088156311,41.0,41.0,2017-09,2017,9
2017-08-11,20170811,20170803,20170811,D42GA3LC,75.0,20,4,4,Won,3440.0,0.9999999999859797,8.0,8.0,2017-08,2017,8
2017-08-15,20170815,20170803,20170815,58J528HO,60.0,8,2,2,Lost,0.0,0.005128481115177962,12.0,12.0,2017-08,2017,8
2017-11-09,20171109,20170803,20171109,PBVC1VI7,44.0,31,6,2,Lost,0.0,0.01821511986823031,98.0,98.0,2017-11,2017,11
2017-08-21,20170821,20170803,20170821,U4BPFJC5,38.0,9,6,4,Won,1126.0,0.9953705950711677,18.0,18.0,2017-08,2017,8
2017-08-14,20170814,20170803,20170814,MJ3XHBY0,18.0,21,2,4,Won,3963.0,0.9999999999999616,11.0,11.0,2017-08,2017,8
2017-08-11,20170811,20170803,20170811,LT75S3LM,43.0,21,2,4,Won,5401.0,1.0,8.0,8.0,2017-08,2017,8
2017-08-20,20170820,20170803,20170820,B28O6RVD,63.0,14,4,2,Lost,0.0,0.0037270400567731006,17.0,17.0,2017-08,2017,8
2017-12-02,20171202,20170803,20171202,O9MGYBG4,63.0,14,6,4,Won,965.0,0.9907866425906582,121.0,121.0,2017-12,2017,12
2017-11-01,20171101,20170803,20171101,FLH1KDV2,36.0,3,1,4,Won,534.0,0.9533834862910233,90.0,90.0,2017-11,2017,11
2017-11-21,20171121,20170803,20171121,GVSAAKF4,48.0,16,3,4,Won,50.0,0.7542386125347937,110.0,110.0,2017-11,2017,11
2017-08-11,20170811,20170804,20170811,R6F1053X,44.0,20,2,4,Won,5186.0,1.0,7.0,7.0,2017-08,2017,8
2017-11-04,20171104,20170804,20171104,OB2PHGFR,41.0,28,4,4,Won,3308.0,0.9999999999700926,92.0,92.0,2017-11,2017,11
2017-12-07,20171207,20170804,20171207,Y2X0X0WQ,23.0,8,4,4,Won,3367.0,0.9999999999827494,125.0,125.0,2017-12,2017,12
2017-08-08,20170808,20170804,20170808,DZ47F0UT,46.0,31,6,2,Lost,0.0,0.010016048611148682,4.0,4.0,2017-08,2017,8
2017-09-16,20170916,20170804,20170916,7WYZ9HMC,61.0,31,1,4,Won,518.0,0.954406764404978,43.0,43.0,2017-09,2017,9
2017-08-10,20170810,20170804,20170810,RG8P75PG,37.0,21,2,2,Lost,0.0,0.004310839557690864,6.0,6.0,2017-08,2017,8
2017-09-11,20170911,20170804,20170911,P0YQ3HNN,42.0,21,6,4,Won,1128.0,0.9972111337598754,38.0,38.0,2017-09,2017,9
2017-12-16,20171216,20170804,20171216,TGI9B9AD,5.0,21,5,4,Won,6318.0,1.0,134.0,134.0,2017-12,2017,12
2017-11-26,20171126,20170805,20171126,WA58C7SV,9.0,1,4,2,Lost,0.0,0.00792235759554773,113.0,113.0,2017-11,2017,11
2017-09-19,20170919,20170805,20170919,EFUIZFRA,52.0,18,2,4,Won,4935.0,1.0,45.0,45.0,2017-09,2017,9
2017-12-20,20171220,20170805,20171220,D4ZMTQLE,62.0,10,6,4,Won,1013.0,0.9932231168991063,137.0,137.0,2017-12,2017,12
2017-12-20,20171220,20170805,20171220,QFXZT1TV,80.0,20,1,4,Won,573.0,0.9707591344437312,137.0,137.0,2017-12,2017,12
2017-12-04,20171204,20170805,20171204,3Q8GSOKD,81.0,20,1,4,Won,535.0,0.9233741536049073,121.0,121.0,2017-12,2017,12
2017-11-29,20171129,20170805,20171129,7CC4DUSQ,21.0,28,4,2,Lost,0.0,0.003860697402195084,116.0,116.0,2017-11,2017,11
2017-11-02,20171102,20170805,20171102,G2KW3DWD,12.0,4,6,4,Won,1080.0,0.9958424538558454,89.0,89.0,2017-11,2017,11
2017-12-14,20171214,20170805,20171214,IK72767Q,23.0,7,1,4,Won,609.0,0.9773852380382981,131.0,131.0,2017-12,2017,12
2017-11-11,20171111,20170805,20171111,0F9GSZRO,4.0,5,1,2,Lost,0.0,0.12606793274875794,98.0,98.0,2017-11,2017,11
2017-08-15,20170815,20170805,20170815,BEELPVP0,62.0,5,3,2,Lost,0.0,0.4639342403338267,10.0,10.0,2017-08,2017,8
2017-11-08,20171108,20170805,20171108,2DOZJ7GT,30.0,3,4,2,Lost,0.0,0.00894801207880342,95.0,95.0,2017-11,2017,11
2017-11-09,20171109,20170805,20171109,1V1L46NV,60.0,3,1,4,Won,563.0,0.9778403912864029,96.0,96.0,2017-11,2017,11
2017-11-07,20171107,20170805,20171107,SGYL0QMJ,54.0,33,2,2,Lost,0.0,0.002983422409219206,94.0,94.0,2017-11,2017,11
2017-11-29,20171129,20170806,20171129,XNOQAL9G,3.0,1,3,2,Lost,0.0,0.6757128411185374,115.0,115.0,2017-11,2017,11
2017-11-04,20171104,20170806,20171104,2PP30ME4,44.0,13,6,2,Lost,0.0,0.020117363211005934,90.0,90.0,2017-11,2017,11
2017-12-01,20171201,20170806,20171201,UADVV91I,7.0,13,3,4,Won,59.0,0.7279841880401382,117.0,117.0,2017-12,2017,12
2017-11-14,20171114,20170806,20171114,E9PMCMA3,18.0,13,3,4,Won,54.0,0.8312290568427896,100.0,100.0,2017-11,2017,11
2017-11-08,20171108,20170806,20171108,EGW6AN01,18.0,18,4,2,Lost,0.0,0.007275237491562896,94.0,94.0,2017-11,2017,11
2017-08-14,20170814,20170806,20170814,NI5XQR33,9.0,10,6,2,Lost,0.0,0.01324156326282952,8.0,8.0,2017-08,2017,8
2017-08-11,20170811,20170806,20170811,QYUZ3KVU,49.0,20,4,4,Won,3114.0,0.9999999997262305,5.0,5.0,2017-08,2017,8
2017-08-17,20170817,20170806,20170817,5TOZM59X,58.0,28,3,4,Won,60.0,0.737561515643354,11.0,11.0,2017-08,2017,8
2017-11-08,20171108,20170806,20171108,XWOG5DC0,20.0,15,1,2,Lost,0.0,0.09691948177722234,94.0,94.0,2017-11,2017,11
2017-08-27,20170827,20170806,20170827,IQAFSIV4,42.0,15,1,4,Won,422.0,0.8067496392845735,21.0,21.0,2017-08,2017,8
2017-09-20,20170920,20170806,20170920,EETBBG75,44.0,15,4,4,Won,3971.0,0.9999999999999385,45.0,45.0,2017-09,2017,9
2017-11-04,20171104,20170806,20171104,STYAF310,22.0,32,6,2,Lost,0.0,0.018486240779825868,90.0,90.0,2017-11,2017,11
2017-12-18,20171218,20170806,20171218,6W7QAH1B,44.0,32,1,4,Won,510.0,0.9616065283927198,134.0,134.0,2017-12,2017,12
2017-11-19,20171119,20170806,20171119,KXLD5YKX,61.0,32,4,4,Won,4032.0,0.9999999999999831,105.0,105.0,2017-11,2017,11
2017-12-10,20171210,20170806,20171210,ESYGBBLP,19.0,4,1,2,Lost,0.0,0.14779864665073708,126.0,126.0,2017-12,2017,12
2017-08-12,20170812,20170806,20170812,ZDSAVCDQ,56.0,14,3,4,Won,52.0,0.6544797062440396,6.0,6.0,2017-08,2017,8
2017-12-08,20171208,20170807,20171208,QRWC159J,69.0,22,4,2,Lost,0.0,0.005162023172704262,123.0,123.0,2017-12,2017,12
2017-11-17,20171117,20170807,20171117,TXPUCPT8,29.0,2,4,4,Won,3684.0,0.99999999999895,102.0,102.0,2017-11,2017,11
2017-12-19,20171219,20170807,20171219,2ZVWE5NE,69.0,13,6,2,Lost,0.0,0.018434448396293556,134.0,134.0,2017-12,2017,12
2017-11-19,20171119,20170807,20171119,4335LVQT,84.0,13,5,4,Won,4648.0,1.0,104.0,104.0,2017-11,2017,11
2017-12-05,20171205,20170807,20171205,MJ0RRDLN,27.0,13,2,4,Won,4639.0,0.9999999999999998,120.0,120.0,2017-12,2017,12
2017-08-18,20170818,20170807,20170818,QAJPUEN2,3.0,10,2,2,Lost,0.0,0.0035693449971280497,11.0,11.0,2017-08,2017,8
2017-09-17,20170917,20170807,20170917,4XLLUO6J,38.0,10,5,4,Won,6360.0,1.0,41.0,41.0,2017-09,2017,9
2017-12-19,20171219,20170807,20171219,5R408EB5,64.0,28,6,2,Lost,0.0,0.021503113063174265,134.0,134.0,2017-12,2017,12
2017-09-22,20170922,20170807,20170922,FB0Q3FYP,38.0,8,2,4,Won,4722.0,1.0,46.0,46.0,2017-09,2017,9
2017-08-26,20170826,20170807,20170826,JZ2VUXZQ,58.0,26,6,2,Lost,0.0,0.021711172761593563,19.0,19.0,2017-08,2017,8
2017-08-17,20170817,20170807,20170817,RB54V758,70.0,30,4,4,Won,3039.0,0.9999999996466313,10.0,10.0,2017-08,2017,8
2017-11-01,20171101,20170807,20171101,38C7HEG6,60.0,6,6,4,Won,1080.0,0.9976228387135083,86.0,86.0,2017-11,2017,11
2017-11-24,20171124,20170807,20171124,FNXCNUR1,6.0,32,6,2,Lost,0.0,0.018909699517890226,109.0,109.0,2017-11,2017,11
2017-12-13,20171213,20170807,20171213,DSPMSOTB,29.0,4,4,4,Won,3063.0,0.9999999995872064,128.0,128.0,2017-12,2017,12
2017-11-17,20171117,20170807,20171117,AOVU3VUJ,44.0,27,1,2,Lost,0.0,0.11038957776099666,102.0,102.0,2017-11,2017,11
2017-08-13,20170813,20170807,20170813,6DUFMKIG,41.0,24,3,2,Lost,0.0,0.488856708621772,6.0,6.0,2017-08,2017,8
2017-11-04,20171104,20170807,20171104,R2DID6L7,1.0,12,3,4,Won,52.0,0.6038092498015606,89.0,89.0,2017-11,2017,11
2017-11-09,20171109,20170807,20171109,WHS3UZHR,7.0,12,3,4,Won,51.0,0.6912261653192888,94.0,94.0,2017-11,2017,11
2017-11-27,20171127,20170807,20171127,5UFQONQU,12.0,33,2,4,Won,4480.0,0.9999999999999996,112.0,112.0,2017-11,2017,11
2017-08-18,20170818,20170808,20170818,RRQIGS7E,15.0,1,3,4,Won,53.0,0.657638895822169,10.0,10.0,2017-08,2017,8
2017-08-27,20170827,20170808,20170827,1VFRN1GB,78.0,19,1,4,Won,582.0,0.9398673144189554,19.0,19.0,2017-08,2017,8
2017-11-01,20171101,20170808,20171101,AHXFADIU,9.0,2,5,2,Lost,0.0,0.008670703080384019,85.0,85.0,2017-11,2017,11
2017-11-08,20171108,20170808,20171108,PWKFVQFA,76.0,2,4,4,Won,3354.0,0.9999999999878735,92.0,92.0,2017-11,2017,11
2017-08-09,20170809,20170808,20170809,8CAXVCDF,20.0,18,4,2,Lost,0.0,0.0021261077426199763,1.0,1.0,2017-08,2017,8
2017-12-22,20171222,20170808,20171222,0SIWRBDT,44.0,18,6,4,Won,1135.0,0.9982669546135676,136.0,136.0,2017-12,2017,12
2017-08-11,20170811,20170808,20170811,VQB0ZCYJ,37.0,20,2,4,Won,4859.0,1.0,3.0,3.0,2017-08,2017,8
2017-08-17,20170817,20170808,20170817,6IMKESNY,72.0,6,6,4,Won,1085.0,0.9950784580495688,9.0,9.0,2017-08,2017,8
2017-09-24,20170924,20170808,20170924,18N5WD04,64.0,31,3,2,Lost,0.0,0.6162140654651532,47.0,47.0,2017-09,2017,9
2017-11-13,20171113,20170808,20171113,R26IBPEJ,23.0,4,1,2,Lost,0.0,0.07771137730276308,97.0,97.0,2017-11,2017,11
2017-11-07,20171107,20170808,20171107,TCBW39GW,85.0,7,6,4,Won,1196.0,0.997719904598873,91.0,91.0,2017-11,2017,11
2017-08-19,20170819,20170808,20170819,F9QHNS68,76.0,7,5,4,Won,5572.0,1.0,11.0,11.0,2017-08,2017,8
2017-11-06,20171106,20170808,20171106,7DA7E2K7,41.0,34,4,4,Won,3415.0,0.9999999999882845,90.0,90.0,2017-11,2017,11
2017-08-15,20170815,20170808,20170815,GTH7MXLG,62.0,3,3,2,Lost,0.0,0.5317778454218944,7.0,7.0,2017-08,2017,8
2017-12-05,20171205,20170809,20171205,2QISWUQ9,43.0,19,1,2,Lost,0.0,0.10448645161173288,118.0,118.0,2017-12,2017,12
2017-11-12,20171112,20170809,20171112,8CJ0DC9P,75.0,18,6,2,Lost,0.0,0.014780135127758762,95.0,95.0,2017-11,2017,11
2017-09-24,20170924,20170809,20170924,S0WEFDP2,56.0,18,6,4,Won,1176.0,0.9981992577192534,46.0,46.0,2017-09,2017,9
2017-11-02,20171102,20170809,20171102,PXXIJWXD,68.0,10,2,4,Won,4313.0,0.9999999999999976,85.0,85.0,2017-11,2017,11
2017-09-15,20170915,20170809,20170915,AQFXE1TA,44.0,20,2,4,Won,4662.0,0.9999999999999998,37.0,37.0,2017-09,2017,9
2017-08-12,20170812,20170809,20170812,N4JDVO8F,64.0,28,1,2,Lost,0.0,0.1057379216442783,3.0,3.0,2017-08,2017,8
2017-11-18,20171118,20170809,20171118,GXJF1O6U,10.0,28,4,2,Lost,0.0,0.005674184609751681,101.0,101.0,2017-11,2017,11
2017-11-20,20171120,20170809,20171120,UZTMM5MG,78.0,15,2,2,Lost,0.0,0.004314672168419287,103.0,103.0,2017-11,2017,11
2017-11-07,20171107,20170809,20171107,XMVJ5X59,56.0,15,4,4,Won,2715.0,0.9999999956461281,90.0,90.0,2017-11,2017,11
2017-11-19,20171119,20170809,20171119,AJ3CFCFA,35.0,26,6,2,Lost,0.0,0.017154973992301037,102.0,102.0,2017-11,2017,11
2017-12-19,20171219,20170809,20171219,SX73M3HS,36.0,30,1,4,Won,511.0,0.9472428302556335,132.0,132.0,2017-12,2017,12
2017-12-08,20171208,20170809,20171208,YDUL6H8V,32.0,27,6,4,Won,1017.0,0.9936876503783036,121.0,121.0,2017-12,2017,12
2017-08-20,20170820,20170809,20170820,DY5RYWTV,46.0,34,6,2,Lost,0.0,0.010047670325740473,11.0,11.0,2017-08,2017,8
2017-08-10,20170810,20170809,20170810,3F9NDPA0,44.0,34,6,4,Won,1102.0,0.995824451119466,1.0,1.0,2017-08,2017,8
2017-12-04,20171204,20170809,20171204,UMKU4ZGE,42.0,34,3,4,Won,67.0,0.7060783639588153,117.0,117.0,2017-12,2017,12
2017-09-09,20170909,20170809,20170909,56SRDF1B,28.0,5,3,4,Won,59.0,0.558167219311628,31.0,31.0,2017-09,2017,9
2017-11-25,20171125,20170809,20171125,ID7F5VGK,16.0,9,5,2,Lost,0.0,0.005295513517758037,108.0,108.0,2017-11,2017,11
2017-12-09,20171209,20170809,20171209,6UQTAD4C,36.0,9,1,4,Won,569.0,0.95083446726747,122.0,122.0,2017-12,2017,12
2017-12-13,20171213,20170809,20171213,HT17GEXI,78.0,21,1,4,Won,517.0,0.9492422050830011,126.0,126.0,2017-12,2017,12
2017-11-03,20171103,20170809,20171103,5Q2BP80H,40.0,16,1,2,Lost,0.0,0.16035954333744792,86.0,86.0,2017-11,2017,11
2017-08-22,20170822,20170810,20170822,JVKP9OCT,20.0,22,6,4,Won,1171.0,0.9968696947604782,12.0,12.0,2017-08,2017,8
2017-08-22,20170822,20170810,20170822,COJKCSVG,43.0,13,1,2,Lost,0.0,0.08005537439865597,12.0,12.0,2017-08,2017,8
2017-08-20,20170820,20170810,20170820,533RTCAL,18.0,13,6,4,Won,1143.0,0.9983244223616282,10.0,10.0,2017-08,2017,8
2017-12-07,20171207,20170810,20171207,NUBMO8S7,42.0,18,2,4,Won,5315.0,1.0,119.0,119.0,2017-12,2017,12
2017-08-12,20170812,20170810,20170812,DNL2IICB,11.0,10,4,2,Lost,0.0,0.0024104154117476203,2.0,2.0,2017-08,2017,8
2017-08-16,20170816,20170810,20170816,X7V78ZY0,61.0,28,3,4,Won,49.0,0.7331920315420805,6.0,6.0,2017-08,2017,8
2017-11-06,20171106,20170810,20171106,5GEBBVQQ,8.0,15,5,2,Lost,0.0,0.009544866894370833,88.0,88.0,2017-11,2017,11
2017-08-13,20170813,20170810,20170813,DMN53GAI,41.0,26,4,4,Won,3511.0,0.9999999999947253,3.0,3.0,2017-08,2017,8
2017-11-23,20171123,20170810,20171123,B7VEJNPV,11.0,6,2,2,Lost,0.0,0.00451704029851185,105.0,105.0,2017-11,2017,11
2017-11-20,20171120,20170810,20171120,CR13KZ71,79.0,31,2,2,Lost,0.0,0.005423066445992009,102.0,102.0,2017-11,2017,11
2017-08-27,20170827,20170810,20170827,C23N9DE9,11.0,7,6,4,Won,1108.0,0.9956090351153505,17.0,17.0,2017-08,2017,8
2017-11-07,20171107,20170810,20171107,FW7QS11M,31.0,34,3,2,Lost,0.0,0.5541641925524095,89.0,89.0,2017-11,2017,11
2017-11-03,20171103,20170810,20171103,ZRBHYBW9,34.0,34,3,2,Lost,0.0,0.5472391028812451,85.0,85.0,2017-11,2017,11
2017-09-16,20170916,20170810,20170916,JLK580ND,66.0,9,1,2,Lost,0.0,0.16567728152473485,37.0,37.0,2017-09,2017,9
2017-08-25,20170825,20170810,20170825,GN9SQ77J,38.0,9,5,4,Won,5671.0,1.0,15.0,15.0,2017-08,2017,8
2017-09-09,20170909,20170810,20170909,1S09GEOL,8.0,14,1,2,Lost,0.0,0.1277100622945493,30.0,30.0,2017-09,2017,9
2017-09-24,20170924,20170810,20170924,W0TOD23Z,4.0,3,1,4,Won,546.0,0.9550183330884626,45.0,45.0,2017-09,2017,9
2017-12-06,20171206,20170810,20171206,2SI35CTV,31.0,24,3,4,Won,57.0,0.7114916283842702,118.0,118.0,2017-12,2017,12
2017-09-28,20170928,20170810,20170928,58CZCKFN,17.0,24,4,4,Won,3195.0,0.9999999999158811,49.0,49.0,2017-09,2017,9
2017-11-06,20171106,20170810,20171106,3E6J4YRT,84.0,12,1,2,Lost,0.0,0.17585502527255334,88.0,88.0,2017-11,2017,11
2017-11-06,20171106,20170811,20171106,L4QYOBFW,29.0,1,3,2,Lost,0.0,0.5612390063565706,87.0,87.0,2017-11,2017,11
2017-08-23,20170823,20170811,20170823,DSC7UB3W,29.0,1,3,2,Lost,0.0,0.48921483998696935,12.0,12.0,2017-08,2017,8
2017-08-18,20170818,20170811,20170818,ZHXBOIJ6,19.0,1,3,4,Won,46.0,0.7559857628599043,7.0,7.0,2017-08,2017,8
2017-11-07,20171107,20170811,20171107,FBVCN3BA,68.0,1,3,4,Won,65.0,0.8009263573682579,88.0,88.0,2017-11,2017,11
2017-08-24,20170824,20170811,20170824,52FDATJV,10.0,30,2,2,Lost,0.0,0.004896886183968748,13.0,13.0,2017-08,2017,8
2017-11-11,20171111,20170811,20171111,KJGZN9D4,57.0,6,1,4,Won,526.0,0.964228862954809,92.0,92.0,2017-11,2017,11
2017-11-10,20171110,20170811,20171110,MITXNS42,28.0,6,2,4,Won,4809.0,1.0,91.0,91.0,2017-11,2017,11
2017-08-14,20170814,20170811,20170814,ORJRH2SQ,33.0,27,6,4,Won,1105.0,0.9932259697943291,3.0,3.0,2017-08,2017,8
2017-08-17,20170817,20170811,20170817,GFU8P2SC,4.0,3,3,2,Lost,0.0,0.5851565164751301,6.0,6.0,2017-08,2017,8
2017-08-16,20170816,20170811,20170816,SBCNMFUN,70.0,24,3,4,Won,56.0,0.6463171041039733,5.0,5.0,2017-08,2017,8
2017-11-09,20171109,20170811,20171109,JCIKEHD8,40.0,12,6,2,Lost,0.0,0.019644284807491474,90.0,90.0,2017-11,2017,11
2017-11-29,20171129,20170811,20171129,GVZMMURY,35.0,33,2,2,Lost,0.0,0.003747393116065686,110.0,110.0,2017-11,2017,11
2017-08-24,20170824,20170812,20170824,0PUDG8KY,81.0,19,1,2,Lost,0.0,0.0777965451118358,12.0,12.0,2017-08,2017,8
2017-11-10,20171110,20170812,20171110,XTCCGBYM,26.0,19,2,4,Won,4161.0,0.9999999999999831,90.0,90.0,2017-11,2017,11
2017-11-23,20171123,20170812,20171123,0UB5IQXA,11.0,2,3,4,Won,65.0,0.7100915409582842,103.0,103.0,2017-11,2017,11
2017-08-13,20170813,20170812,20170813,EIS1B0GM,74.0,13,2,2,Lost,0.0,0.0026790347380763863,1.0,1.0,2017-08,2017,8
2017-09-03,20170903,20170812,20170903,ASVOOKMY,81.0,13,1,4,Won,524.0,0.9152126660438726,22.0,22.0,2017-09,2017,9
2017-11-01,20171101,20170812,20171101,WAPSW48Y,59.0,10,2,2,Lost,0.0,0.00683082495504295,81.0,81.0,2017-11,2017,11
2017-11-20,20171120,20170812,20171120,J6TNURHV,38.0,10,1,4,Won,481.0,0.9216984120642817,100.0,100.0,2017-11,2017,11
2017-11-11,20171111,20170812,20171111,9PG07FPP,73.0,10,1,4,Won,520.0,0.9464914559643643,91.0,91.0,2017-11,2017,11
2017-11-04,20171104,20170812,20171104,U3HKMX4U,11.0,10,2,4,Won,4582.0,0.9999999999999996,84.0,84.0,2017-11,2017,11
2017-08-21,20170821,20170812,20170821,A7YPY8KI,21.0,28,3,4,Won,53.0,0.5623104213296,9.0,9.0,2017-08,2017,8
2017-12-03,20171203,20170812,20171203,IFTZ75Z9,46.0,31,6,2,Lost,0.0,0.015434234008771914,113.0,113.0,2017-12,2017,12
2017-09-12,20170912,20170812,20170912,E8QYYAGE,66.0,4,1,2,Lost,0.0,0.15133553558469867,31.0,31.0,2017-09,2017,9
2017-09-22,20170922,20170812,20170922,XE0H6MOP,36.0,34,1,4,Won,559.0,0.9422607539999435,41.0,41.0,2017-09,2017,9
2017-08-17,20170817,20170812,20170817,R0YCRJVQ,39.0,5,4,2,Lost,0.0,0.0027334183349061515,5.0,5.0,2017-08,2017,8
2017-11-29,20171129,20170812,20171129,3OA6FZUD,73.0,3,4,4,Won,3165.0,0.9999999999402438,109.0,109.0,2017-11,2017,11
2017-11-14,20171114,20170812,20171114,SUOT8GB6,6.0,24,4,4,Won,3779.0,0.9999999999996192,94.0,94.0,2017-11,2017,11
2017-11-12,20171112,20170812,20171112,Q3TDGMAR,18.0,12,3,4,Won,48.0,0.8134147745162668,92.0,92.0,2017-11,2017,11
2017-11-02,20171102,20170813,20171102,HQ2QSZUP,68.0,1,3,4,Won,50.0,0.7714655364134556,81.0,81.0,2017-11,2017,11
2017-11-22,20171122,20170813,20171122,V01XCOAS,74.0,22,3,2,Lost,0.0,0.5455184236159205,101.0,101.0,2017-11,2017,11
2017-11-24,20171124,20170813,20171124,O35V5CTW,78.0,19,4,2,Lost,0.0,0.00380135289616371,103.0,103.0,2017-11,2017,11
2017-08-22,20170822,20170813,20170822,AIU1UWJZ,84.0,13,2,4,Won,4498.0,0.9999999999999996,9.0,9.0,2017-08,2017,8
2017-09-01,20170901,20170813,20170901,C205FMDE,82.0,13,3,4,Won,59.0,0.7378768047428759,19.0,19.0,2017-09,2017,9
2017-08-17,20170817,20170813,20170817,KLIOLWPC,71.0,18,2,2,Lost,0.0,0.0028434672704085134,4.0,4.0,2017-08,2017,8
2017-11-05,20171105,20170813,20171105,OF5AZQID,19.0,10,2,4,Won,4810.0,1.0,84.0,84.0,2017-11,2017,11
2017-11-07,20171107,20170813,20171107,8H0UQYXW,42.0,30,4,4,Won,3972.0,0.9999999999999254,86.0,86.0,2017-11,2017,11
2017-08-24,20170824,20170813,20170824,ZW2GDFKC,41.0,31,3,2,Lost,0.0,0.4922624819455427,11.0,11.0,2017-08,2017,8
2017-08-18,20170818,20170813,20170818,96MOALT0,44.0,31,1,4,Won,573.0,0.9536051061769467,5.0,5.0,2017-08,2017,8
2017-11-18,20171118,20170813,20171118,714B6OB2,21.0,27,5,2,Lost,0.0,0.0034693335567036747,97.0,97.0,2017-11,2017,11
2017-08-21,20170821,20170813,20170821,W6OX0S1Q,32.0,27,2,2,Lost,0.0,0.0035322360311891565,8.0,8.0,2017-08,2017,8
2017-11-28,20171128,20170813,20171128,B5WZQP1F,83.0,27,2,4,Won,5540.0,1.0,107.0,107.0,2017-11,2017,11
2017-11-25,20171125,20170813,20171125,CYBWWANG,45.0,7,3,2,Lost,0.0,0.6722449182615637,104.0,104.0,2017-11,2017,11
2017-08-24,20170824,20170813,20170824,4BUQW2T0,10.0,34,6,4,Won,1130.0,0.9969380513864485,11.0,11.0,2017-08,2017,8
2017-11-02,20171102,20170813,20171102,ZHOK77B4,84.0,21,2,4,Won,4743.0,1.0,81.0,81.0,2017-11,2017,11
2017-08-29,20170829,20170813,20170829,TP4SDOPW,56.0,21,4,4,Won,3732.0,0.9999999999995435,16.0,16.0,2017-08,2017,8
2017-11-26,20171126,20170813,20171126,BUZMB3Q4,24.0,24,3,4,Won,59.0,0.8199287401786782,105.0,105.0,2017-11,2017,11
2017-11-07,20171107,20170813,20171107,92VGMPKP,32.0,33,2,2,Lost,0.0,0.005482531326881664,86.0,86.0,2017-11,2017,11
2017-11-15,20171115,20170813,20171115,JTXYATXL,44.0,33,1,4,Won,510.0,0.930256968704636,94.0,94.0,2017-11,2017,11
2017-08-20,20170820,20170814,20170820,DCOMI70R,38.0,1,5,2,Lost,0.0,0.005815008019779065,6.0,6.0,2017-08,2017,8
2017-08-22,20170822,20170814,20170822,5OOZTQK7,26.0,19,4,2,Lost,0.0,0.002144974751422203,8.0,8.0,2017-08,2017,8
2017-08-30,20170830,20170814,20170830,P2PVED7R,42.0,19,6,4,Won,907.0,0.9699329436988899,16.0,16.0,2017-08,2017,8
2017-12-21,20171221,20170814,20171221,LFMMI05H,1.0,19,5,4,Won,5881.0,1.0,129.0,129.0,2017-12,2017,12
2017-11-09,20171109,20170814,20171109,99NDUEKO,3.0,2,5,2,Lost,0.0,0.006853358909586969,87.0,87.0,2017-11,2017,11
2017-11-04,20171104,20170814,20171104,2ICN8RJP,60.0,10,2,4,Won,3902.0,0.9999999999999252,82.0,82.0,2017-11,2017,11
2017-11-29,20171129,20170814,20171129,YKMHSGNU,79.0,26,4,2,Lost,0.0,0.006613009890165577,107.0,107.0,2017-11,2017,11
2017-11-10,20171110,20170814,20171110,N0XWYRBU,32.0,32,5,4,Won,6186.0,1.0,88.0,88.0,2017-11,2017,11
2017-08-24,20170824,20170814,20170824,HY9VGF58,54.0,31,6,4,Won,1094.0,0.9934113144748757,10.0,10.0,2017-08,2017,8
2017-08-28,20170828,20170814,20170828,EPC4NBJ5,31.0,34,6,2,Lost,0.0,0.009025726052479416,14.0,14.0,2017-08,2017,8
2017-11-30,20171130,20170814,20171130,MVU1OZVS,57.0,3,3,4,Won,53.0,0.8324576118616802,108.0,108.0,2017-11,2017,11
2017-08-19,20170819,20170814,20170819,1BAF1ZYL,54.0,24,1,4,Won,551.0,0.9140747262064305,5.0,5.0,2017-08,2017,8
2017-08-18,20170818,20170814,20170818,UV45XZWJ,6.0,33,3,2,Lost,0.0,0.442255693711354,4.0,4.0,2017-08,2017,8
2017-09-27,20170927,20170815,20170927,3HTSMIGI,3.0,1,6,2,Lost,0.0,0.01458751741728078,43.0,43.0,2017-09,2017,9
2017-11-15,20171115,20170815,20171115,B5GG52AB,38.0,1,5,2,Lost,0.0,0.008256513770596502,92.0,92.0,2017-11,2017,11
2017-11-05,20171105,20170815,20171105,MTBQF6FE,29.0,1,3,4,Won,57.0,0.6748308437673959,82.0,82.0,2017-11,2017,11
2017-08-25,20170825,20170815,20170825,3S3O03ZV,27.0,19,1,4,Won,552.0,0.9353047377856781,10.0,10.0,2017-08,2017,8
2017-08-28,20170828,20170815,20170828,62TFLOG6,12.0,13,4,2,Lost,0.0,0.005451008826488286,13.0,13.0,2017-08,2017,8
2017-09-01,20170901,20170815,20170901,94JT388Y,71.0,13,5,4,Won,4520.0,0.9999999999999996,17.0,17.0,2017-09,2017,9
2017-11-09,20171109,20170815,20171109,AKC9GNVA,74.0,13,2,4,Won,5868.0,1.0,86.0,86.0,2017-11,2017,11
2017-08-22,20170822,20170815,20170822,0R1F3OIN,5.0,18,4,4,Won,2682.0,0.9999999899069568,7.0,7.0,2017-08,2017,8
2017-12-03,20171203,20170815,20171203,WDUOD19F,19.0,10,6,2,Lost,0.0,0.02414632067284442,110.0,110.0,2017-12,2017,12
2017-11-20,20171120,20170815,20171120,SFXFXRYV,59.0,10,2,2,Lost,0.0,0.007488794162735072,97.0,97.0,2017-11,2017,11
2017-08-25,20170825,20170815,20170825,ANZJNT1Q,60.0,10,6,4,Won,1104.0,0.9971754577411731,10.0,10.0,2017-08,2017,8
2017-11-09,20171109,20170815,20171109,MX3QZ682,29.0,10,2,4,Won,5107.0,1.0,86.0,86.0,2017-11,2017,11
2017-11-25,20171125,20170815,20171125,WMJDLTEF,52.0,20,1,4,Won,533.0,0.948953346995749,102.0,102.0,2017-11,2017,11
2017-12-11,20171211,20170815,20171211,3XUKEIQF,56.0,20,5,4,Won,5454.0,1.0,118.0,118.0,2017-12,2017,12
2017-09-05,20170905,20170815,20170905,GBQ8OLNP,76.0,8,5,2,Lost,0.0,0.005349607536458216,21.0,21.0,2017-09,2017,9
2017-11-01,20171101,20170815,20171101,Y69M70YC,15.0,8,2,2,Lost,0.0,0.003658665642050297,78.0,78.0,2017-11,2017,11
2017-09-03,20170903,20170815,20170903,3UOIHNKR,55.0,30,5,4,Won,5533.0,1.0,19.0,19.0,2017-09,2017,9
2017-11-12,20171112,20170815,20171112,5WVY52IX,67.0,6,3,4,Won,57.0,0.6370453615432672,89.0,89.0,2017-11,2017,11
2017-08-23,20170823,20170815,20170823,3K3LQ0H5,61.0,32,1,4,Won,557.0,0.9691938268695998,8.0,8.0,2017-08,2017,8
2017-11-12,20171112,20170815,20171112,3THRXZLP,61.0,27,6,2,Lost,0.0,0.016813498740176156,89.0,89.0,2017-11,2017,11
2017-08-26,20170826,20170815,20170826,H45TYGRR,21.0,27,4,4,Won,3271.0,0.9999999999041274,11.0,11.0,2017-08,2017,8
2017-08-27,20170827,20170815,20170827,E4A92U26,39.0,7,5,2,Lost,0.0,0.005550702850324977,12.0,12.0,2017-08,2017,8
2017-11-10,20171110,20170815,20171110,JNYA5ZHI,11.0,5,3,2,Lost,0.0,0.5052562558165423,87.0,87.0,2017-11,2017,11
2017-12-18,20171218,20170815,20171218,DCNA3CA1,62.0,5,1,4,Won,716.0,0.9877720021226923,125.0,125.0,2017-12,2017,12
2017-09-03,20170903,20170815,20170903,484WREJQ,82.0,21,6,4,Won,1024.0,0.995041439136754,19.0,19.0,2017-09,2017,9
2017-08-23,20170823,20170815,20170823,6H1MBBVR,49.0,21,2,4,Won,4545.0,0.9999999999999996,8.0,8.0,2017-08,2017,8
2017-11-17,20171117,20170815,20171117,2TI1UFAA,1.0,14,3,2,Lost,0.0,0.4518182688285736,94.0,94.0,2017-11,2017,11
2017-08-23,20170823,20170815,20170823,BJWKG319,22.0,24,2,2,Lost,0.0,0.003732493830079813,8.0,8.0,2017-08,2017,8
2017-11-23,20171123,20170815,20171123,IDYA1X6O,18.0,12,3,4,Won,55.0,0.8294380136533713,100.0,100.0,2017-11,2017,11
2017-08-29,20170829,20170816,20170829,U83R2K8I,73.0,1,3,4,Won,53.0,0.7181864754517202,13.0,13.0,2017-08,2017,8
2017-11-26,20171126,20170816,20171126,PH1IKJ0W,42.0,22,2,4,Won,4732.0,1.0,102.0,102.0,2017-11,2017,11
2017-11-16,20171116,20170816,20171116,8BP0QGNP,82.0,19,1,4,Won,578.0,0.9713853441555365,92.0,92.0,2017-11,2017,11
2017-08-23,20170823,20170816,20170823,BIH4D0JL,6.0,32,1,4,Won,557.0,0.9460953129385077,7.0,7.0,2017-08,2017,8
2017-09-04,20170904,20170816,20170904,M49ZMLGL,24.0,32,3,4,Won,57.0,0.7845020577810627,19.0,19.0,2017-09,2017,9
2017-08-26,20170826,20170816,20170826,OQAXHZXD,42.0,27,1,2,Lost,0.0,0.05391170110104819,10.0,10.0,2017-08,2017,8
2017-09-24,20170924,20170816,20170924,FRRJMFIJ,42.0,14,1,4,Won,501.0,0.8892816500419272,39.0,39.0,2017-09,2017,9
2017-08-29,20170829,20170816,20170829,QROXE17S,57.0,3,6,4,Won,1084.0,0.9971223239096638,13.0,13.0,2017-08,2017,8
2017-09-02,20170902,20170816,20170902,H3ZR0CQW,19.0,3,3,4,Won,56.0,0.772966552094205,17.0,17.0,2017-09,2017,9
2017-11-13,20171113,20170816,20171113,9LY4MLGO,64.0,33,1,2,Lost,0.0,0.11977039177279511,89.0,89.0,2017-11,2017,11
2017-11-22,20171122,20170817,20171122,X2GXIKND,36.0,1,5,4,Won,5468.0,1.0,97.0,97.0,2017-11,2017,11
2017-11-19,20171119,20170817,20171119,KP1L9SXH,82.0,19,1,4,Won,567.0,0.9688533771819566,94.0,94.0,2017-11,2017,11
2017-11-05,20171105,20170817,20171105,84OTUTQX,27.0,13,6,2,Lost,0.0,0.015429454101816148,80.0,80.0,2017-11,2017,11
2017-11-19,20171119,20170817,20171119,DVAOMCYK,19.0,10,6,4,Won,1029.0,0.9959907140256763,94.0,94.0,2017-11,2017,11
2017-11-08,20171108,20170817,20171108,9LJAADWH,21.0,31,1,4,Won,430.0,0.8279035189375827,83.0,83.0,2017-11,2017,11
2017-11-17,20171117,20170817,20171117,8BGC94TT,42.0,34,2,4,Won,5316.0,1.0,92.0,92.0,2017-11,2017,11
2017-08-28,20170828,20170817,20170828,P8GXMSXL,59.0,5,4,2,Lost,0.0,0.004377724638648753,11.0,11.0,2017-08,2017,8
2017-09-04,20170904,20170817,20170904,HIOHPBO1,42.0,14,4,4,Won,3913.0,0.9999999999997997,18.0,18.0,2017-09,2017,9
2017-08-24,20170824,20170817,20170824,ESU5NGML,85.0,3,1,2,Lost,0.0,0.05706838267716164,7.0,7.0,2017-08,2017,8
2017-08-20,20170820,20170817,20170820,7NDOEFEB,72.0,3,3,2,Lost,0.0,0.5577974302678573,3.0,3.0,2017-08,2017,8
2017-08-18,20170818,20170817,20170818,H5SSSZ11,12.0,24,4,2,Lost,0.0,0.004459614590064579,1.0,1.0,2017-08,2017,8
2017-11-11,20171111,20170817,20171111,IZ8DDEIO,54.0,24,4,2,Lost,0.0,0.0033622449180617043,86.0,86.0,2017-11,2017,11
2017-09-03,20170903,20170817,20170903,5A4Q7X1W,36.0,33,1,4,Won,655.0,0.9650607592554841,17.0,17.0,2017-09,2017,9
2017-08-31,20170831,20170817,20170831,UGXAZ29V,34.0,33,3,4,Won,46.0,0.5346010783238144,14.0,14.0,2017-08,2017,8
2017-08-26,20170826,20170818,20170826,RMUIMYJU,1.0,22,5,2,Lost,0.0,0.00287703680936049,8.0,8.0,2017-08,2017,8
2017-08-24,20170824,20170818,20170824,CYIMFEWC,15.0,2,4,2,Lost,0.0,0.003186558158660237,6.0,6.0,2017-08,2017,8
2017-08-31,20170831,20170818,20170831,DHVOS14H,2.0,13,4,2,Lost,0.0,0.0032635431032606017,13.0,13.0,2017-08,2017,8
2017-11-04,20171104,20170818,20171104,58CABL04,63.0,13,5,4,Won,6372.0,1.0,78.0,78.0,2017-11,2017,11
2017-11-13,20171113,20170818,20171113,0WERZ67T,76.0,10,6,4,Won,986.0,0.9924544516779404,87.0,87.0,2017-11,2017,11
2017-09-01,20170901,20170818,20170901,ENGMZL6Y,3.0,10,2,4,Won,4817.0,1.0,14.0,14.0,2017-09,2017,9
2017-08-31,20170831,20170818,20170831,15PJZKNT,66.0,8,2,2,Lost,0.0,0.007789530641262016,13.0,13.0,2017-08,2017,8
2017-08-20,20170820,20170818,20170820,ZA2MIHIM,33.0,26,5,4,Won,6529.0,1.0,2.0,2.0,2017-08,2017,8
2017-08-25,20170825,20170818,20170825,0GYOOM2R,62.0,6,2,2,Lost,0.0,0.0033935437603801934,7.0,7.0,2017-08,2017,8
2017-11-14,20171114,20170818,20171114,0SSUR0IY,36.0,31,1,2,Lost,0.0,0.11665309163591965,88.0,88.0,2017-11,2017,11
2017-11-14,20171114,20170818,20171114,1IY7Y42E,12.0,31,5,4,Won,4454.0,0.9999999999999996,88.0,88.0,2017-11,2017,11
2017-09-14,20170914,20170818,20170914,M0PGP5H2,10.0,27,6,4,Won,1002.0,0.9871917934600261,27.0,27.0,2017-09,2017,9
2017-11-04,20171104,20170818,20171104,PJ21R88K,33.0,27,3,4,Won,63.0,0.6291008322386509,78.0,78.0,2017-11,2017,11
2017-12-30,20171230,20170818,20171230,E3L02XMN,59.0,7,1,4,Won,580.0,0.9829398126163537,134.0,134.0,2017-12,2017,12
2017-12-07,20171207,20170818,20171207,S3HMUXS1,75.0,12,3,4,Won,49.0,0.746334354725891,111.0,111.0,2017-12,2017,12
2017-12-03,20171203,20170819,20171203,5HKITTHD,49.0,22,5,4,Won,5703.0,1.0,106.0,106.0,2017-12,2017,12
2017-08-26,20170826,20170819,20170826,AZ8ACKLD,53.0,19,3,2,Lost,0.0,0.44606828437299534,7.0,7.0,2017-08,2017,8
2017-08-22,20170822,20170819,20170822,ZN5CVY5V,23.0,10,1,2,Lost,0.0,0.07729072038056478,3.0,3.0,2017-08,2017,8
2017-08-26,20170826,20170819,20170826,G62CPKZO,19.0,10,4,2,Lost,0.0,0.0050825484925175754,7.0,7.0,2017-08,2017,8
2017-11-11,20171111,20170819,20171111,ONN55X1O,42.0,20,2,2,Lost,0.0,0.0029656404411324616,84.0,84.0,2017-11,2017,11
2017-12-01,20171201,20170819,20171201,8N3GXBI5,25.0,6,6,4,Won,1148.0,0.9975803437070827,104.0,104.0,2017-12,2017,12
2017-08-25,20170825,20170819,20170825,IUKIZFB7,64.0,32,1,2,Lost,0.0,0.1319912641748779,6.0,6.0,2017-08,2017,8
2017-08-28,20170828,20170819,20170828,TLJAFLON,41.0,31,1,2,Lost,0.0,0.0815643337024112,9.0,9.0,2017-08,2017,8
2017-11-26,20171126,20170819,20171126,9J2JZGFJ,34.0,31,6,2,Lost,0.0,0.013139929858383529,99.0,99.0,2017-11,2017,11
2017-12-24,20171224,20170819,20171224,ON2ZRW1X,36.0,31,2,4,Won,4009.0,0.9999999999999614,127.0,127.0,2017-12,2017,12
2017-11-02,20171102,20170819,20171102,TXUDSYGY,57.0,4,4,4,Won,3024.0,0.9999999996462292,75.0,75.0,2017-11,2017,11
2017-11-20,20171120,20170819,20171120,H7P5O25G,25.0,5,4,2,Lost,0.0,0.0033573375452095764,93.0,93.0,2017-11,2017,11
2017-11-11,20171111,20170819,20171111,SKU6MLKY,78.0,14,3,2,Lost,0.0,0.5131251505862733,84.0,84.0,2017-11,2017,11
2017-11-27,20171127,20170819,20171127,SYSPNKUR,17.0,24,2,4,Won,5058.0,1.0,100.0,100.0,2017-11,2017,11
2017-11-25,20171125,20170819,20171125,O8E9L7VK,10.0,33,1,2,Lost,0.0,0.12200803196702381,98.0,98.0,2017-11,2017,11
2017-09-02,20170902,20170820,20170902,IX65TNEI,52.0,22,2,2,Lost,0.0,0.005166864556943417,13.0,13.0,2017-09,2017,9
2017-09-11,20170911,20170820,20170911,2GVXOWDF,7.0,19,1,4,Won,566.0,0.9330883239562233,22.0,22.0,2017-09,2017,9
2017-11-02,20171102,20170820,20171102,R2DKRFDD,18.0,19,1,4,Won,578.0,0.9747323094892872,74.0,74.0,2017-11,2017,11
2017-08-30,20170830,20170820,20170830,F3FJ3DYK,72.0,10,1,4,Won,620.0,0.9639237499859026,10.0,10.0,2017-08,2017,8
2017-09-03,20170903,20170820,20170903,W3W3KPBH,23.0,10,2,4,Won,4310.0,0.9999999999999953,14.0,14.0,2017-09,2017,9
2017-08-21,20170821,20170820,20170821,PVYIL0X4,61.0,26,4,4,Won,3448.0,0.9999999999951055,1.0,1.0,2017-08,2017,8
2017-11-28,20171128,20170820,20171128,KY42W3FG,35.0,30,1,2,Lost,0.0,0.12354544010372707,100.0,100.0,2017-11,2017,11
2017-11-19,20171119,20170820,20171119,05915PPX,77.0,32,4,4,Won,3517.0,0.9999999999946081,91.0,91.0,2017-11,2017,11
2017-12-25,20171225,20170820,20171225,87TZLMU7,42.0,34,2,4,Won,3854.0,0.9999999999998102,127.0,127.0,2017-12,2017,12
2017-12-17,20171217,20170820,20171217,P858PP0L,66.0,5,4,4,Won,3894.0,0.9999999999999458,119.0,119.0,2017-12,2017,12
2017-12-22,20171222,20170820,20171222,O916VMU7,58.0,24,4,4,Won,2833.0,0.9999999989583135,124.0,124.0,2017-12,2017,12
2017-09-06,20170906,20170820,20170906,0SPX7FIJ,75.0,12,4,2,Lost,0.0,0.003825028751843465,17.0,17.0,2017-09,2017,9
2017-11-03,20171103,20170821,20171103,KEE51TPD,16.0,1,3,4,Won,54.0,0.7345076478537769,74.0,74.0,2017-11,2017,11
2017-11-27,20171127,20170821,20171127,8RR4WXXZ,11.0,10,6,2,Lost,0.0,0.011657036322155557,98.0,98.0,2017-11,2017,11
2017-11-12,20171112,20170821,20171112,IYU5CGUM,25.0,10,1,4,Won,509.0,0.913188482949173,83.0,83.0,2017-11,2017,11
2017-12-06,20171206,20170821,20171206,669805IQ,73.0,8,4,4,Won,3436.0,0.9999999999924469,107.0,107.0,2017-12,2017,12
2017-11-27,20171127,20170821,20171127,A3JRUDX3,55.0,26,4,4,Won,3514.0,0.9999999999954658,98.0,98.0,2017-11,2017,11
2017-12-30,20171230,20170821,20171230,NY197B1A,57.0,6,1,4,Won,611.0,0.985747762791257,131.0,131.0,2017-12,2017,12
2017-11-08,20171108,20170821,20171108,6AD8WNA2,17.0,31,3,4,Won,58.0,0.6976308957927686,79.0,79.0,2017-11,2017,11
2017-11-17,20171117,20170821,20171117,TKENIGRA,23.0,4,4,2,Lost,0.0,0.0026029516004115382,88.0,88.0,2017-11,2017,11
2017-12-13,20171213,20170821,20171213,R9ZOFUBX,68.0,4,1,4,Won,513.0,0.9282861167618798,114.0,114.0,2017-12,2017,12
2017-08-29,20170829,20170821,20170829,8BZLOF0K,51.0,27,6,2,Lost,0.0,0.010239750427609478,8.0,8.0,2017-08,2017,8
2017-11-03,20171103,20170821,20171103,0VFBWUG5,11.0,5,6,2,Lost,0.0,0.009184485891610392,74.0,74.0,2017-11,2017,11
2017-09-08,20170908,20170821,20170908,696VNI6G,73.0,3,3,4,Won,54.0,0.7150220010628556,18.0,18.0,2017-09,2017,9
2017-12-23,20171223,20170821,20171223,1I1K838F,50.0,24,1,4,Won,547.0,0.9571313143457019,124.0,124.0,2017-12,2017,12
2017-12-08,20171208,20170821,20171208,LHIM2BGF,80.0,12,4,2,Lost,0.0,0.007826612587294253,109.0,109.0,2017-12,2017,12
2017-08-26,20170826,20170821,20170826,2O7MVJ1T,26.0,12,1,4,Won,592.0,0.9367250124931812,5.0,5.0,2017-08,2017,8
2017-12-11,20171211,20170821,20171211,HDW4BXVN,71.0,16,4,2,Lost,0.0,0.004886420528180403,112.0,112.0,2017-12,2017,12
2017-12-05,20171205,20170822,20171205,V9ORUWY8,26.0,19,4,2,Lost,0.0,0.0030974877218862495,105.0,105.0,2017-12,2017,12
2017-11-06,20171106,20170822,20171106,NNLNVB7E,71.0,13,5,4,Won,5529.0,1.0,76.0,76.0,2017-11,2017,11
2017-09-02,20170902,20170822,20170902,W3CLJLES,27.0,13,2,4,Won,5002.0,1.0,11.0,11.0,2017-09,2017,9
2017-09-01,20170901,20170822,20170901,4ELXMIIO,74.0,20,1,2,Lost,0.0,0.04763203317403477,10.0,10.0,2017-09,2017,9
2017-11-01,20171101,20170822,20171101,4CFMS9QT,84.0,20,2,2,Lost,0.0,0.004604700442341493,71.0,71.0,2017-11,2017,11
2017-12-20,20171220,20170822,20171220,YVJ3V0ZI,33.0,30,1,4,Won,476.0,0.9268624029555095,120.0,120.0,2017-12,2017,12
2017-11-18,20171118,20170822,20171118,Q1CFR580,14.0,27,3,4,Won,56.0,0.7602953173211306,88.0,88.0,2017-11,2017,11
2017-08-31,20170831,20170822,20170831,4S6FW9VM,39.0,7,5,2,Lost,0.0,0.005455656356227904,9.0,9.0,2017-08,2017,8
2017-12-01,20171201,20170822,20171201,PA3EXPCW,44.0,34,6,2,Lost,0.0,0.01703384237926832,101.0,101.0,2017-12,2017,12
2017-11-30,20171130,20170822,20171130,MPVD0JVF,64.0,34,1,4,Won,601.0,0.9752847421914044,100.0,100.0,2017-11,2017,11
2017-12-28,20171228,20170822,20171228,KZQGC4TA,17.0,34,6,4,Won,1005.0,0.9928121066770081,128.0,128.0,2017-12,2017,12
2017-11-11,20171111,20170822,20171111,FKOA9EF9,76.0,5,5,4,Won,4731.0,1.0,81.0,81.0,2017-11,2017,11
2017-11-10,20171110,20170822,20171110,Y7TVYRAX,8.0,21,5,2,Lost,0.0,0.012216653055988966,80.0,80.0,2017-11,2017,11
2017-09-02,20170902,20170822,20170902,04YBYVPV,26.0,21,2,4,Won,4649.0,0.9999999999999998,11.0,11.0,2017-09,2017,9
2017-09-01,20170901,20170822,20170901,2UZXS1I2,74.0,14,2,4,Won,4787.0,1.0,10.0,10.0,2017-09,2017,9
2017-12-22,20171222,20170822,20171222,KU7COUGK,71.0,16,4,4,Won,2994.0,0.9999999996161069,122.0,122.0,2017-12,2017,12
2017-11-08,20171108,20170823,20171108,23K5J6JP,25.0,1,4,2,Lost,0.0,0.004104903277662053,77.0,77.0,2017-11,2017,11
2017-11-14,20171114,20170823,20171114,X7DYUDEB,12.0,1,3,4,Won,58.0,0.8116773019217889,83.0,83.0,2017-11,2017,11
2017-11-13,20171113,20170823,20171113,EMGB7S71,3.0,2,6,4,Won,1074.0,0.9958594746195585,82.0,82.0,2017-11,2017,11
2017-08-26,20170826,20170823,20170826,EWAMDI1N,39.0,2,3,4,Won,54.0,0.6395596763451229,3.0,3.0,2017-08,2017,8
2017-11-01,20171101,20170823,20171101,5D8MX6L9,26.0,18,1,2,Lost,0.0,0.07129110815613054,70.0,70.0,2017-11,2017,11
2017-12-03,20171203,20170823,20171203,Q9BUCL60,26.0,18,6,4,Won,1054.0,0.9918819000983712,102.0,102.0,2017-12,2017,12
2017-11-14,20171114,20170823,20171114,AEZIAPTN,3.0,10,2,4,Won,4833.0,1.0,83.0,83.0,2017-11,2017,11
2017-12-20,20171220,20170823,20171220,IAW2UHNH,19.0,10,2,4,Won,4744.0,1.0,119.0,119.0,2017-12,2017,12
2017-11-03,20171103,20170823,20171103,1397M445,56.0,15,4,2,Lost,0.0,0.005062582233913794,72.0,72.0,2017-11,2017,11
2017-11-29,20171129,20170823,20171129,5IMH88MT,46.0,30,1,4,Won,508.0,0.9389346012236931,98.0,98.0,2017-11,2017,11
2017-11-19,20171119,20170823,20171119,I86DM1B9,30.0,6,3,4,Won,57.0,0.8134826487416879,88.0,88.0,2017-11,2017,11
2017-09-13,20170913,20170823,20170913,HTZD5YGO,41.0,31,6,2,Lost,0.0,0.009488672032305617,21.0,21.0,2017-09,2017,9
2017-11-15,20171115,20170823,20171115,FBEP7939,61.0,31,2,4,Won,5280.0,1.0,84.0,84.0,2017-11,2017,11
2017-08-25,20170825,20170823,20170825,NH44FYAA,70.0,31,3,4,Won,62.0,0.6511711919202648,2.0,2.0,2017-08,2017,8
2017-11-07,20171107,20170823,20171107,Z6AO7S3R,36.0,4,4,2,Lost,0.0,0.0028122149515961755,76.0,76.0,2017-11,2017,11
2017-11-21,20171121,20170823,20171121,8V3XDZ0D,38.0,4,1,4,Won,528.0,0.9196206808521408,90.0,90.0,2017-11,2017,11
2017-08-27,20170827,20170823,20170827,18T73EHS,46.0,34,6,4,Won,993.0,0.986664402785655,4.0,4.0,2017-08,2017,8
2017-09-10,20170910,20170823,20170910,RKTTVMMP,79.0,34,6,4,Won,1121.0,0.9960779182751898,18.0,18.0,2017-09,2017,9
2017-12-03,20171203,20170823,20171203,UDXG59P0,22.0,34,5,4,Won,5110.0,1.0,102.0,102.0,2017-12,2017,12
2017-12-13,20171213,20170823,20171213,VMOGUQA7,13.0,5,3,4,Won,51.0,0.72388102955867,112.0,112.0,2017-12,2017,12
2017-09-05,20170905,20170823,20170905,0L3VYSKY,39.0,9,1,2,Lost,0.0,0.06311931608650423,13.0,13.0,2017-09,2017,9
2017-12-31,20171231,20170823,20171231,PG5S1KYF,42.0,14,5,2,Lost,0.0,0.005971193728074634,130.0,130.0,2017-12,2017,12
2017-11-28,20171128,20170823,20171128,LVF6FP4A,63.0,14,4,2,Lost,0.0,0.005116667004513007,97.0,97.0,2017-11,2017,11
2017-09-05,20170905,20170823,20170905,RGZHQ2MJ,85.0,3,3,2,Lost,0.0,0.3918505320384269,13.0,13.0,2017-09,2017,9
2017-12-08,20171208,20170823,20171208,3THBBYXS,26.0,12,1,4,Won,542.0,0.93353964113675,107.0,107.0,2017-12,2017,12
2017-12-21,20171221,20170823,20171221,XHDAW1SQ,80.0,12,1,4,Won,576.0,0.9786796240756372,120.0,120.0,2017-12,2017,12
2017-08-31,20170831,20170823,20170831,GIO029D3,18.0,16,5,2,Lost,0.0,0.008815570761591032,8.0,8.0,2017-08,2017,8
2017-11-28,20171128,20170824,20171128,ZVXINY4O,84.0,20,2,2,Lost,0.0,0.00531794772284031,96.0,96.0,2017-11,2017,11
2017-12-24,20171224,20170824,20171224,M9N3HWGC,83.0,30,1,2,Lost,0.0,0.18011467510638443,122.0,122.0,2017-12,2017,12
2017-08-30,20170830,20170824,20170830,H56FMPGG,36.0,30,1,4,Won,551.0,0.9376996668296836,6.0,6.0,2017-08,2017,8
2017-09-10,20170910,20170824,20170910,IH4O3JXV,64.0,32,1,4,Won,597.0,0.970789182642924,17.0,17.0,2017-09,2017,9
2017-11-13,20171113,20170824,20171113,B6L071P2,47.0,31,6,4,Won,948.0,0.981167379565281,81.0,81.0,2017-11,2017,11
2017-12-18,20171218,20170824,20171218,3ISHFT20,83.0,31,3,4,Won,62.0,0.7821440586574636,116.0,116.0,2017-12,2017,12
2017-12-08,20171208,20170824,20171208,OBFCOV33,61.0,27,4,4,Won,4139.0,0.999999999999988,106.0,106.0,2017-12,2017,12
2017-11-03,20171103,20170824,20171103,78OETKRD,15.0,7,5,4,Won,6322.0,1.0,71.0,71.0,2017-11,2017,11
2017-08-31,20170831,20170824,20170831,6IJNBKST,44.0,34,1,2,Lost,0.0,0.10354957029581477,7.0,7.0,2017-08,2017,8
2017-08-31,20170831,20170824,20170831,RM4HCA1W,23.0,9,3,2,Lost,0.0,0.4016893165286591,7.0,7.0,2017-08,2017,8
2017-09-02,20170902,20170824,20170902,Y1FWLR93,42.0,21,5,4,Won,5415.0,1.0,9.0,9.0,2017-09,2017,9
2017-11-17,20171117,20170824,20171117,ORUHS3Q2,65.0,25,1,4,Won,432.0,0.8535391145589666,85.0,85.0,2017-11,2017,11
2017-08-30,20170830,20170824,20170830,9RLSCMM9,12.0,25,3,4,Won,53.0,0.6594328751526122,6.0,6.0,2017-08,2017,8
2017-09-03,20170903,20170824,20170903,3QS2B6IN,60.0,3,3,4,Won,57.0,0.7705961658623075,10.0,10.0,2017-09,2017,9
2017-12-09,20171209,20170824,20171209,XCB9CPID,68.0,3,3,4,Won,56.0,0.7969891463949258,107.0,107.0,2017-12,2017,12
2017-09-03,20170903,20170824,20170903,7EJJ9KVZ,20.0,12,3,4,Won,55.0,0.5781978222261338,10.0,10.0,2017-09,2017,9
2017-08-25,20170825,20170824,20170825,M4MOGAS4,1.0,12,4,4,Won,3146.0,0.9999999997461826,1.0,1.0,2017-08,2017,8
2017-11-03,20171103,20170825,20171103,ZNU9YDS9,66.0,1,3,4,Won,67.0,0.8778844009495625,70.0,70.0,2017-11,2017,11
2017-11-03,20171103,20170825,20171103,V3VJRFBV,42.0,19,1,2,Lost,0.0,0.09352526021332942,70.0,70.0,2017-11,2017,11
2017-12-04,20171204,20170825,20171204,PDI7F0LR,26.0,19,4,4,Won,2613.0,0.9999999797237449,101.0,101.0,2017-12,2017,12
2017-11-02,20171102,20170825,20171102,KJ93MS4W,80.0,13,6,4,Won,977.0,0.9930451916301216,69.0,69.0,2017-11,2017,11
2017-11-25,20171125,20170825,20171125,5R1XNYTM,8.0,18,4,2,Lost,0.0,0.006227626797654738,92.0,92.0,2017-11,2017,11
2017-09-07,20170907,20170825,20170907,PRQ96EWX,27.0,18,2,4,Won,4445.0,0.9999999999999987,13.0,13.0,2017-09,2017,9
2017-11-18,20171118,20170825,20171118,RUN3Z87A,18.0,20,6,2,Lost,0.0,0.017596669533242213,85.0,85.0,2017-11,2017,11
2017-12-29,20171229,20170825,20171229,9RGQ8HED,84.0,15,3,4,Won,54.0,0.8066261832708148,126.0,126.0,2017-12,2017,12
2017-12-01,20171201,20170825,20171201,RSSYISWE,46.0,26,4,4,Won,3331.0,0.9999999999832077,98.0,98.0,2017-12,2017,12
2017-09-05,20170905,20170825,20170905,67ORNLJ3,19.0,6,1,4,Won,474.0,0.9226704586561126,11.0,11.0,2017-09,2017,9
2017-08-31,20170831,20170825,20170831,M28Z11DC,6.0,32,6,2,Lost,0.0,0.012123371375299247,6.0,6.0,2017-08,2017,8
2017-11-13,20171113,20170825,20171113,DIVKSHY7,12.0,32,6,4,Won,994.0,0.9946112770390696,80.0,80.0,2017-11,2017,11
2017-11-23,20171123,20170825,20171123,RLTHGLLJ,64.0,32,5,4,Won,4773.0,1.0,90.0,90.0,2017-11,2017,11
2017-11-25,20171125,20170825,20171125,EC8A1L94,15.0,4,3,2,Lost,0.0,0.4799786733908599,92.0,92.0,2017-11,2017,11
2017-08-30,20170830,20170825,20170830,OO4Z7LB9,66.0,9,6,2,Lost,0.0,0.01795832713252234,5.0,5.0,2017-08,2017,8
2017-11-22,20171122,20170825,20171122,PWOX6RY8,57.0,9,3,4,Won,63.0,0.7456083839705427,89.0,89.0,2017-11,2017,11
2017-09-13,20170913,20170825,20170913,0VG9PGMI,35.0,25,5,4,Won,6391.0,1.0,19.0,19.0,2017-09,2017,9
2017-12-15,20171215,20170825,20171215,LKFYC5X3,20.0,14,3,4,Won,58.0,0.6484569581944991,112.0,112.0,2017-12,2017,12
2017-12-04,20171204,20170825,20171204,984H5OG0,23.0,3,3,4,Won,54.0,0.7203708900732216,101.0,101.0,2017-12,2017,12
2017-11-22,20171122,20170825,20171122,AB39AL3A,54.0,24,5,2,Lost,0.0,0.004848533295094633,89.0,89.0,2017-11,2017,11
2017-11-21,20171121,20170825,20171121,1SKGHPHL,58.0,24,5,4,Won,5129.0,1.0,88.0,88.0,2017-11,2017,11
2017-08-30,20170830,20170825,20170830,YTMPHIQY,26.0,12,4,2,Lost,0.0,0.0023422616859147733,5.0,5.0,2017-08,2017,8
2017-11-19,20171119,20170825,20171119,6HE07D76,35.0,33,1,4,Won,454.0,0.8456125642720924,86.0,86.0,2017-11,2017,11
2017-11-02,20171102,20170826,20171102,64CTQ6C5,4.0,1,5,4,Won,6659.0,1.0,68.0,68.0,2017-11,2017,11
2017-09-08,20170908,20170826,20170908,5J4Z0RYC,5.0,19,1,4,Won,572.0,0.9476685049779011,13.0,13.0,2017-09,2017,9
2017-11-19,20171119,20170826,20171119,ERWWQ79N,8.0,13,6,4,Won,1046.0,0.9965348336543332,85.0,85.0,2017-11,2017,11
2017-12-01,20171201,20170826,20171201,08O63ECM,27.0,20,4,4,Won,3281.0,0.9999999999549856,97.0,97.0,2017-12,2017,12
2017-09-05,20170905,20170826,20170905,AMGF31TA,67.0,8,3,2,Lost,0.0,0.3710321162447343,10.0,10.0,2017-09,2017,9
2017-09-10,20170910,20170826,20170910,DUJ52ZYK,64.0,26,4,4,Won,3462.0,0.9999999999943123,15.0,15.0,2017-09,2017,9
2017-09-06,20170906,20170826,20170906,N2C3ASJ9,61.0,30,5,4,Won,6029.0,1.0,11.0,11.0,2017-09,2017,9
2017-12-04,20171204,20170826,20171204,62WFO2I3,24.0,32,1,4,Won,566.0,0.9784851069460946,100.0,100.0,2017-12,2017,12
2017-11-08,20171108,20170826,20171108,55O18ALO,21.0,31,2,2,Lost,0.0,0.003375639762043196,74.0,74.0,2017-11,2017,11
2017-11-12,20171112,20170826,20171112,ZTUJ5KQ8,62.0,5,3,2,Lost,0.0,0.526051853899177,78.0,78.0,2017-11,2017,11
2017-11-13,20171113,20170826,20171113,ZQHJNTDK,39.0,5,6,4,Won,1042.0,0.9928553349340992,79.0,79.0,2017-11,2017,11
2017-11-07,20171107,20170826,20171107,K0IV66AV,2.0,21,1,4,Won,539.0,0.9509133136974752,73.0,73.0,2017-11,2017,11
2017-11-16,20171116,20170826,20171116,KJ4NAGS5,42.0,25,3,4,Won,56.0,0.6076943706801864,82.0,82.0,2017-11,2017,11
2017-11-28,20171128,20170826,20171128,70A4A2GV,30.0,3,3,4,Won,60.0,0.8358998909825844,94.0,94.0,2017-11,2017,11
2017-08-27,20170827,20170826,20170827,6TND1V4T,61.0,24,3,2,Lost,0.0,0.6410028174791802,1.0,1.0,2017-08,2017,8
2017-11-04,20171104,20170826,20171104,43FW6W9O,70.0,24,4,4,Won,3966.0,0.9999999999999245,70.0,70.0,2017-11,2017,11
2017-08-27,20170827,20170826,20170827,QB4FISNE,7.0,12,3,2,Lost,0.0,0.48836008054963215,1.0,1.0,2017-08,2017,8
2017-11-23,20171123,20170826,20171123,41S0S9KP,74.0,16,1,4,Won,471.0,0.8837471837956873,89.0,89.0,2017-11,2017,11
2017-09-05,20170905,20170827,20170905,JESVHYTG,9.0,1,1,4,Won,597.0,0.9694855879887527,9.0,9.0,2017-09,2017,9
2017-11-14,20171114,20170827,20171114,P3HO0L6P,12.0,1,3,4,Won,53.0,0.8010390356263375,79.0,79.0,2017-11,2017,11
2017-09-13,20170913,20170827,20170913,6GDZDVTV,19.0,1,3,4,Won,59.0,0.7785741988783862,17.0,17.0,2017-09,2017,9
2017-12-08,20171208,20170827,20171208,Y5A5G2L5,8.0,19,1,4,Won,606.0,0.9797514831567354,103.0,103.0,2017-12,2017,12
2017-11-20,20171120,20170827,20171120,PG4UQI8B,42.0,20,6,2,Lost,0.0,0.008815196818425923,85.0,85.0,2017-11,2017,11
2017-11-25,20171125,20170827,20171125,M40Z4KWL,84.0,20,2,4,Won,5305.0,1.0,90.0,90.0,2017-11,2017,11
2017-11-02,20171102,20170827,20171102,BB46B5C7,83.0,26,6,2,Lost,0.0,0.02011134685629233,67.0,67.0,2017-11,2017,11
2017-11-16,20171116,20170827,20171116,TPJNVDPH,42.0,32,1,2,Lost,0.0,0.11741662403416156,81.0,81.0,2017-11,2017,11
2017-09-09,20170909,20170827,20170909,FMMAQM87,33.0,32,1,4,Won,596.0,0.9625776533149427,13.0,13.0,2017-09,2017,9
2017-11-04,20171104,20170827,20171104,46UITTY6,64.0,31,1,4,Won,545.0,0.9538810440040996,69.0,69.0,2017-11,2017,11
2017-08-29,20170829,20170827,20170829,KK5YBPU6,46.0,27,1,4,Won,548.0,0.9005066258768062,2.0,2.0,2017-08,2017,8
2017-12-15,20171215,20170827,20171215,A7FCLQ42,23.0,7,4,2,Lost,0.0,0.005181599119495857,110.0,110.0,2017-12,2017,12
2017-09-21,20170921,20170827,20170921,G2C5RKTN,74.0,21,1,4,Won,415.0,0.8105050321851358,25.0,25.0,2017-09,2017,9
2017-08-28,20170828,20170827,20170828,UNSJB0L7,64.0,24,2,4,Won,3754.0,0.999999999999504,1.0,1.0,2017-08,2017,8
2017-11-29,20171129,20170827,20171129,UJT04PL7,55.0,33,1,4,Won,498.0,0.8687590446292832,94.0,94.0,2017-11,2017,11
2017-12-21,20171221,20170828,20171221,DCIFTBM0,12.0,22,1,4,Won,489.0,0.9509757198514979,115.0,115.0,2017-12,2017,12
2017-09-05,20170905,20170828,20170905,BTZ06Z6O,52.0,22,6,4,Won,1022.0,0.9932797783716278,8.0,8.0,2017-09,2017,9
2017-11-07,20171107,20170828,20171107,S9CGS0IX,1.0,13,5,2,Lost,0.0,0.0037579670707640535,71.0,71.0,2017-11,2017,11
2017-09-11,20170911,20170828,20170911,ZTYHMEQY,9.0,10,1,4,Won,525.0,0.9338395727342221,14.0,14.0,2017-09,2017,9
2017-09-07,20170907,20170828,20170907,IOTAHMQX,11.0,10,6,4,Won,1252.0,0.9983611885085368,10.0,10.0,2017-09,2017,9
2017-11-25,20171125,20170828,20171125,01DZ14Y0,15.0,8,4,2,Lost,0.0,0.003581642564192108,89.0,89.0,2017-11,2017,11
2017-09-11,20170911,20170828,20170911,1T91NEIV,13.0,8,3,4,Won,63.0,0.6520882117723026,14.0,14.0,2017-09,2017,9
2017-11-11,20171111,20170828,20171111,41B62CUB,41.0,26,3,2,Lost,0.0,0.6107272973782552,75.0,75.0,2017-11,2017,11
2017-12-28,20171228,20170828,20171228,G0QOVMMS,83.0,32,1,4,Won,474.0,0.9454268490629735,122.0,122.0,2017-12,2017,12
2017-11-19,20171119,20170828,20171119,FG79OR5X,77.0,32,6,4,Won,1132.0,0.996369615824329,83.0,83.0,2017-11,2017,11
2017-09-14,20170914,20170828,20170914,QY4ZMI2F,76.0,4,6,2,Lost,0.0,0.009061236392384658,17.0,17.0,2017-09,2017,9
2017-11-12,20171112,20170828,20171112,VY0QPLGN,15.0,4,6,4,Won,1215.0,0.9978339718950475,76.0,76.0,2017-11,2017,11
2017-09-27,20170927,20170828,20170927,XP1PQSPC,42.0,27,6,4,Won,1081.0,0.9908155161947603,30.0,30.0,2017-09,2017,9
2017-11-07,20171107,20170828,20171107,K3KT8S1F,65.0,27,3,4,Won,49.0,0.6144801367820973,71.0,71.0,2017-11,2017,11
2017-09-14,20170914,20170828,20170914,5CIT07UC,36.0,34,1,4,Won,653.0,0.9706647902932533,17.0,17.0,2017-09,2017,9
2017-11-30,20171130,20170828,20171130,VIZ9ZLVT,60.0,5,6,2,Lost,0.0,0.02130219344956741,94.0,94.0,2017-11,2017,11
2017-11-27,20171127,20170828,20171127,9ZY0QQ8Q,28.0,5,4,2,Lost,0.0,0.0028783703465908605,91.0,91.0,2017-11,2017,11
2017-09-13,20170913,20170828,20170913,0WGCUB3L,60.0,9,6,4,Won,1105.0,0.9960944212134534,16.0,16.0,2017-09,2017,9
2017-09-21,20170921,20170828,20170921,QCN2DZQQ,71.0,21,6,4,Won,948.0,0.9856005021481801,24.0,24.0,2017-09,2017,9
2017-09-10,20170910,20170828,20170910,ZAY2J4I5,83.0,24,4,2,Lost,0.0,0.004001552646348062,13.0,13.0,2017-09,2017,9
2017-11-11,20171111,20170828,20171111,J25NMK6Q,7.0,12,3,2,Lost,0.0,0.5589698252098497,75.0,75.0,2017-11,2017,11
2017-09-05,20170905,20170829,20170905,DZHIAZ5H,68.0,1,6,2,Lost,0.0,0.014892516967556413,7.0,7.0,2017-09,2017,9
2017-12-03,20171203,20170829,20171203,233HYDSP,30.0,1,3,4,Won,44.0,0.8104000732991057,96.0,96.0,2017-12,2017,12
2017-11-15,20171115,20170829,20171115,EXXFSC3O,53.0,19,2,4,Won,4343.0,0.9999999999999969,78.0,78.0,2017-11,2017,11
2017-09-13,20170913,20170829,20170913,U68B4UQU,73.0,2,5,4,Won,5096.0,1.0,15.0,15.0,2017-09,2017,9
2017-09-30,20170930,20170829,20170930,73EBDWP4,76.0,2,5,4,Won,4994.0,1.0,32.0,32.0,2017-09,2017,9
2017-12-01,20171201,20170829,20171201,FQQ3XQNG,18.0,13,6,4,Won,1251.0,0.9995264760645275,94.0,94.0,2017-12,2017,12
2017-11-11,20171111,20170829,20171111,C4KZVTYR,27.0,20,1,4,Won,602.0,0.9550766151030877,74.0,74.0,2017-11,2017,11
2017-09-08,20170908,20170829,20170908,HWXJWHGI,69.0,20,1,4,Won,600.0,0.9359302149298039,10.0,10.0,2017-09,2017,9
2017-09-09,20170909,20170829,20170909,W36MU0PW,80.0,20,1,4,Won,595.0,0.9575430145724776,11.0,11.0,2017-09,2017,9
2017-11-25,20171125,20170829,20171125,OWEMO7RD,65.0,28,3,2,Lost,0.0,0.615664985951605,88.0,88.0,2017-11,2017,11
2017-11-01,20171101,20170829,20171101,9XU06EA8,11.0,8,2,2,Lost,0.0,0.0028732570218138846,64.0,64.0,2017-11,2017,11
2017-12-31,20171231,20170829,20171231,DC2NI04U,36.0,26,4,4,Won,3064.0,0.9999999998370757,124.0,124.0,2017-12,2017,12
2017-11-16,20171116,20170829,20171116,BO2XRLBS,59.0,5,3,2,Lost,0.0,0.6509621020781406,79.0,79.0,2017-11,2017,11
2017-11-28,20171128,20170829,20171128,V9YY2XIE,85.0,9,4,2,Lost,0.0,0.001669346110119563,91.0,91.0,2017-11,2017,11
2017-12-25,20171225,20170829,20171225,J3K9EXW0,1.0,21,5,4,Won,5790.0,1.0,118.0,118.0,2017-12,2017,12
2017-09-05,20170905,20170829,20170905,N9KFQCOH,75.0,14,2,4,Won,5688.0,1.0,7.0,7.0,2017-09,2017,9
2017-11-02,20171102,20170829,20171102,GSPDR7BH,9.0,3,1,4,Won,672.0,0.9873301255483995,65.0,65.0,2017-11,2017,11
2017-12-08,20171208,20170829,20171208,MB0XTICR,4.0,3,3,4,Won,62.0,0.7787982690571716,101.0,101.0,2017-12,2017,12
2017-12-19,20171219,20170829,20171219,04SQ7RNY,21.0,24,2,4,Won,4577.0,0.9999999999999998,112.0,112.0,2017-12,2017,12
2017-11-19,20171119,20170830,20171119,WIHGFD8B,25.0,1,3,2,Lost,0.0,0.5824868061208298,81.0,81.0,2017-11,2017,11
2017-12-26,20171226,20170830,20171226,O3Q5B86F,76.0,1,6,4,Won,1118.0,0.9983254868281248,118.0,118.0,2017-12,2017,12
2017-09-08,20170908,20170830,20170908,PE3P7M7S,67.0,1,3,4,Won,55.0,0.5687497998406041,9.0,9.0,2017-09,2017,9
2017-12-21,20171221,20170830,20171221,401BY1PW,26.0,22,2,4,Won,5052.0,1.0,113.0,113.0,2017-12,2017,12
2017-09-04,20170904,20170830,20170904,9RQ8FZYQ,84.0,22,2,4,Won,4023.0,0.9999999999999623,5.0,5.0,2017-09,2017,9
2017-09-08,20170908,20170830,20170908,G7NU2YCG,40.0,19,3,4,Won,57.0,0.6795301207049183,9.0,9.0,2017-09,2017,9
2017-11-23,20171123,20170830,20171123,R9RWFEEJ,27.0,13,3,4,Won,59.0,0.7370445842891261,85.0,85.0,2017-11,2017,11
2017-11-18,20171118,20170830,20171118,WV2OG7C3,78.0,18,3,2,Lost,0.0,0.509595305458975,80.0,80.0,2017-11,2017,11
2017-09-07,20170907,20170830,20170907,LDIBOTNO,43.0,18,2,4,Won,5544.0,1.0,8.0,8.0,2017-09,2017,9
2017-11-15,20171115,20170830,20171115,FC4ZD68R,76.0,10,2,2,Lost,0.0,0.0058241845777594866,77.0,77.0,2017-11,2017,11
2017-08-31,20170831,20170830,20170831,YH6ST9KT,73.0,10,3,2,Lost,0.0,0.5490125501374862,1.0,1.0,2017-08,2017,8
2017-09-18,20170918,20170830,20170918,9S8E95EI,12.0,10,2,4,Won,4598.0,0.9999999999999998,19.0,19.0,2017-09,2017,9
2017-09-10,20170910,20170830,20170910,RLHNEVYY,13.0,10,2,4,Won,5008.0,1.0,11.0,11.0,2017-09,2017,9
2017-12-09,20171209,20170830,20171209,OFP1MLFY,67.0,10,2,4,Won,3932.0,0.9999999999998659,101.0,101.0,2017-12,2017,12
2017-12-29,20171229,20170830,20171229,CQELCLO0,81.0,20,6,4,Won,1166.0,0.9973183232236998,121.0,121.0,2017-12,2017,12
2017-12-06,20171206,20170830,20171206,L351AATH,59.0,8,6,2,Lost,0.0,0.018654326666569476,98.0,98.0,2017-12,2017,12
2017-09-06,20170906,20170830,20170906,VBKF5FPB,14.0,26,6,4,Won,1195.0,0.9991159059063786,7.0,7.0,2017-09,2017,9
2017-11-04,20171104,20170830,20171104,68YAXBZN,77.0,30,3,2,Lost,0.0,0.4638092874768447,66.0,66.0,2017-11,2017,11
2017-12-23,20171223,20170830,20171223,EFB0NFP3,28.0,6,1,4,Won,551.0,0.9436915791837773,115.0,115.0,2017-12,2017,12
2017-09-08,20170908,20170830,20170908,CB0NZYB2,29.0,6,1,4,Won,623.0,0.9534377513374027,9.0,9.0,2017-09,2017,9
2017-11-16,20171116,20170830,20171116,QKUULSVC,42.0,31,2,2,Lost,0.0,0.003747738892571342,78.0,78.0,2017-11,2017,11
2017-11-05,20171105,20170830,20171105,8838GIT9,54.0,31,3,2,Lost,0.0,0.4960515333977159,67.0,67.0,2017-11,2017,11
2017-09-10,20170910,20170830,20170910,5DOARVYO,28.0,4,3,2,Lost,0.0,0.3308347382384993,11.0,11.0,2017-09,2017,9
2017-09-19,20170919,20170830,20170919,0N2VYY6Z,46.0,27,1,2,Lost,0.0,0.06464839818759684,20.0,20.0,2017-09,2017,9
2017-09-15,20170915,20170830,20170915,LWCKCV0M,77.0,27,2,4,Won,4592.0,0.9999999999999991,16.0,16.0,2017-09,2017,9
2017-12-22,20171222,20170830,20171222,L40FW06K,12.0,7,1,4,Won,555.0,0.9761380279319629,114.0,114.0,2017-12,2017,12
2017-11-14,20171114,20170830,20171114,XXXM7BMA,19.0,7,4,4,Won,3703.0,0.9999999999995868,76.0,76.0,2017-11,2017,11
2017-12-13,20171213,20170830,20171213,F7S1OPQS,61.0,34,6,4,Won,942.0,0.9917156895805677,105.0,105.0,2017-12,2017,12
2017-12-08,20171208,20170830,20171208,U5JFEXOI,34.0,34,5,4,Won,6489.0,1.0,100.0,100.0,2017-12,2017,12
2017-11-20,20171120,20170830,20171120,HR3DH6DX,9.0,9,2,2,Lost,0.0,0.004331114169749561,82.0,82.0,2017-11,2017,11
2017-11-17,20171117,20170830,20171117,9EICLJHY,70.0,25,3,4,Won,63.0,0.6706876710054316,79.0,79.0,2017-11,2017,11
2017-12-08,20171208,20170830,20171208,01FNZW2T,8.0,14,2,4,Won,3974.0,0.9999999999999563,100.0,100.0,2017-12,2017,12
2017-11-16,20171116,20170830,20171116,3CS2IXT0,13.0,3,3,4,Won,66.0,0.7754555703946937,78.0,78.0,2017-11,2017,11
2017-12-14,20171214,20170830,20171214,O9MHRAK6,24.0,24,1,4,Won,532.0,0.9661226595679859,106.0,106.0,2017-12,2017,12
2017-12-21,20171221,20170830,20171221,KPW4J1CR,14.0,33,1,4,Won,503.0,0.9538612146753116,113.0,113.0,2017-12,2017,12
2017-11-24,20171124,20170831,20171124,KAPPUUYY,85.0,1,1,4,Won,594.0,0.9454143258329681,85.0,85.0,2017-11,2017,11
2017-09-02,20170902,20170831,20170902,WRLAVDPH,26.0,19,2,4,Won,4958.0,1.0,2.0,2.0,2017-09,2017,9
2017-11-30,20171130,20170831,20171130,1W5FOS69,49.0,19,2,4,Won,4201.0,0.9999999999999925,91.0,91.0,2017-11,2017,11
2017-09-13,20170913,20170831,20170913,GFBJXXI1,68.0,2,3,2,Lost,0.0,0.5920725833357048,13.0,13.0,2017-09,2017,9
2017-11-13,20171113,20170831,20171113,2HYR0Q4Y,56.0,13,4,2,Lost,0.0,0.005573707617023623,74.0,74.0,2017-11,2017,11
2017-11-06,20171106,20170831,20171106,XVM3UK16,49.0,18,5,2,Lost,0.0,0.005447408976727665,67.0,67.0,2017-11,2017,11
2017-09-10,20170910,20170831,20170910,CDAMI76Z,23.0,10,5,4,Won,5293.0,1.0,10.0,10.0,2017-09,2017,9
2017-11-26,20171126,20170831,20171126,6M77EGH7,26.0,20,4,4,Won,4456.0,0.9999999999999982,87.0,87.0,2017-11,2017,11
2017-11-18,20171118,20170831,20171118,9CLDDA0W,51.0,26,6,2,Lost,0.0,0.024638361578602344,79.0,79.0,2017-11,2017,11
2017-11-18,20171118,20170831,20171118,8CQ2I2P2,29.0,6,2,2,Lost,0.0,0.0036291182043403144,79.0,79.0,2017-11,2017,11
2017-12-20,20171220,20170831,20171220,GEFQNRF3,29.0,6,1,4,Won,525.0,0.9297693655819226,111.0,111.0,2017-12,2017,12
2017-09-16,20170916,20170831,20170916,PCQUKUM5,19.0,7,5,4,Won,4809.0,1.0,16.0,16.0,2017-09,2017,9
2017-12-17,20171217,20170831,20171217,MZ987882,76.0,5,6,4,Won,1374.0,0.999761683432091,108.0,108.0,2017-12,2017,12
2017-11-08,20171108,20170831,20171108,02EC1993,62.0,5,3,4,Won,57.0,0.6376248538325922,69.0,69.0,2017-11,2017,11
2017-09-15,20170915,20170831,20170915,UQCPNZO1,85.0,3,1,4,Won,552.0,0.8966021733757036,15.0,15.0,2017-09,2017,9
2017-09-03,20170903,20170831,20170903,0NP0XPLQ,72.0,3,3,4,Won,59.0,0.6714637531669269,3.0,3.0,2017-09,2017,9
2017-09-30,20170930,20170831,20170930,S2WRH3QA,3.0,3,4,4,Won,4011.0,0.9999999999999498,30.0,30.0,2017-09,2017,9
2017-12-20,20171220,20170831,20171220,QJV1UWL5,58.0,24,3,4,Won,54.0,0.8027872395201933,111.0,111.0,2017-12,2017,12
2017-09-07,20170907,20170831,20170907,GNAX12Z6,33.0,24,4,4,Won,3337.0,0.9999999999708125,7.0,7.0,2017-09,2017,9
2017-09-22,20170922,20170831,20170922,62NZ0THZ,80.0,12,3,4,Won,60.0,0.7576760837472463,22.0,22.0,2017-09,2017,9
2017-11-19,20171119,20170831,20171119,PSKWV2JJ,6.0,33,6,4,Won,1011.0,0.9893661988668293,80.0,80.0,2017-11,2017,11
2017-12-03,20171203,20170901,20171203,05HLE3JL,66.0,1,1,4,Won,514.0,0.977301109131904,93.0,93.0,2017-12,2017,12
2017-11-13,20171113,20170901,20171113,CAF97SA2,68.0,1,6,4,Won,1060.0,0.9966419763817234,73.0,73.0,2017-11,2017,11
2017-11-08,20171108,20170901,20171108,AAFPTXEB,73.0,1,3,4,Won,58.0,0.7713348246906806,68.0,68.0,2017-11,2017,11
2017-12-01,20171201,20170901,20171201,D74OAJB4,39.0,2,4,2,Lost,0.0,0.00479408613665263,91.0,91.0,2017-12,2017,12
2017-09-17,20170917,20170901,20170917,CQDL6WZX,39.0,10,2,2,Lost,0.0,0.0035571117634902658,16.0,16.0,2017-09,2017,9
2017-09-12,20170912,20170901,20170912,VAV3N62C,9.0,10,2,4,Won,4375.0,0.9999999999999982,11.0,11.0,2017-09,2017,9
2017-12-04,20171204,20170901,20171204,OK7R7I2A,60.0,10,2,4,Won,4819.0,1.0,94.0,94.0,2017-12,2017,12
2017-11-04,20171104,20170901,20171104,IOMVIZR8,66.0,8,2,4,Won,5729.0,1.0,64.0,64.0,2017-11,2017,11
2017-11-06,20171106,20170901,20171106,BTT2TM8O,76.0,8,4,4,Won,3447.0,0.9999999999928604,66.0,66.0,2017-11,2017,11
2017-11-13,20171113,20170901,20171113,FYNL84HO,17.0,30,5,4,Won,6101.0,1.0,73.0,73.0,2017-11,2017,11
2017-09-18,20170918,20170901,20170918,ZBB9CDO4,41.0,32,6,4,Won,1088.0,0.9954628791663367,17.0,17.0,2017-09,2017,9
2017-09-17,20170917,20170901,20170917,IV5UVG0R,70.0,32,5,4,Won,5431.0,1.0,16.0,16.0,2017-09,2017,9
2017-12-13,20171213,20170901,20171213,TDHFX8SC,36.0,32,3,4,Won,50.0,0.7531262458007654,103.0,103.0,2017-12,2017,12
2017-11-25,20171125,20170901,20171125,7OXU784Y,44.0,32,3,4,Won,62.0,0.8013796295819716,85.0,85.0,2017-11,2017,11
2017-11-29,20171129,20170901,20171129,MA6F51AR,83.0,31,3,4,Won,57.0,0.7662086037812671,89.0,89.0,2017-11,2017,11
2017-09-14,20170914,20170901,20170914,WDT43Q6O,85.0,9,6,4,Won,1098.0,0.9874722251159129,13.0,13.0,2017-09,2017,9
2017-11-16,20171116,20170901,20171116,XKYHE3OH,74.0,14,6,4,Won,975.0,0.9836387837652739,76.0,76.0,2017-11,2017,11
2017-11-05,20171105,20170901,20171105,R65NL57V,56.0,14,3,4,Won,56.0,0.7177499407881817,65.0,65.0,2017-11,2017,11
2017-09-14,20170914,20170901,20170914,AKBRVLRZ,29.0,3,3,4,Won,63.0,0.6313018807804548,13.0,13.0,2017-09,2017,9
2017-09-11,20170911,20170901,20170911,8FZ7CWPP,39.0,3,3,4,Won,61.0,0.6861868410401434,10.0,10.0,2017-09,2017,9
2017-12-03,20171203,20170901,20171203,EQPGDVWK,46.0,33,1,4,Won,614.0,0.9653476187101819,93.0,93.0,2017-12,2017,12
2017-11-04,20171104,20170902,20171104,I819UEG6,30.0,1,3,2,Lost,0.0,0.7262714253306678,63.0,63.0,2017-11,2017,11
2017-12-13,20171213,20170902,20171213,TXZTEEUJ,3.0,10,2,2,Lost,0.0,0.0052918589657659516,102.0,102.0,2017-12,2017,12
2017-09-17,20170917,20170902,20170917,XO8TRDKK,1.0,15,3,4,Won,57.0,0.5331875519945858,15.0,15.0,2017-09,2017,9
2017-12-04,20171204,20170902,20171204,74YNCNQM,16.0,8,3,4,Won,58.0,0.7030141112919136,93.0,93.0,2017-12,2017,12
2017-12-20,20171220,20170902,20171220,I5QVV9C5,35.0,26,6,2,Lost,0.0,0.01809095541658513,109.0,109.0,2017-12,2017,12
2017-12-15,20171215,20170902,20171215,SS0ZF7SG,32.0,26,4,4,Won,3482.0,0.9999999999973426,104.0,104.0,2017-12,2017,12
2017-11-05,20171105,20170902,20171105,2GRNCODO,35.0,30,5,2,Lost,0.0,0.005606530278238416,64.0,64.0,2017-11,2017,11
2017-11-11,20171111,20170902,20171111,2UNAJCGN,64.0,30,5,2,Lost,0.0,0.008400127672767285,70.0,70.0,2017-11,2017,11
2017-11-24,20171124,20170902,20171124,ZP5Q4YUJ,55.0,30,1,4,Won,529.0,0.9249203628426712,83.0,83.0,2017-11,2017,11
2017-11-24,20171124,20170902,20171124,7XL4JYSB,6.0,31,4,2,Lost,0.0,0.004394356291494083,83.0,83.0,2017-11,2017,11
2017-11-08,20171108,20170902,20171108,HEZ8H6MK,55.0,31,1,4,Won,505.0,0.8903665345716413,67.0,67.0,2017-11,2017,11
2017-12-27,20171227,20170902,20171227,50AWO49B,65.0,27,1,4,Won,456.0,0.8832493023087474,116.0,116.0,2017-12,2017,12
2017-12-13,20171213,20170902,20171213,CID4Y877,4.0,7,6,2,Lost,0.0,0.02131040456343599,102.0,102.0,2017-12,2017,12
2017-11-29,20171129,20170902,20171129,T20CPZ52,66.0,7,6,2,Lost,0.0,0.04457560507173724,88.0,88.0,2017-11,2017,11
2017-11-11,20171111,20170902,20171111,HVF0VLJ3,29.0,3,1,2,Lost,0.0,0.10207461396834969,70.0,70.0,2017-11,2017,11
2017-11-30,20171130,20170902,20171130,A86ZEF94,36.0,3,3,2,Lost,0.0,0.6565765974656936,89.0,89.0,2017-11,2017,11
2017-09-16,20170916,20170902,20170916,8OMML4E8,47.0,24,1,4,Won,555.0,0.9206290825415354,14.0,14.0,2017-09,2017,9
2017-09-23,20170923,20170902,20170923,283Y9ULR,44.0,24,3,4,Won,47.0,0.6879399940650986,21.0,21.0,2017-09,2017,9
2017-12-04,20171204,20170902,20171204,C0LNV4PU,24.0,33,1,4,Won,585.0,0.9724210116288439,93.0,93.0,2017-12,2017,12
2017-09-06,20170906,20170903,20170906,YB6UP71G,4.0,1,3,4,Won,64.0,0.7152994122554945,3.0,3.0,2017-09,2017,9
2017-11-21,20171121,20170903,20171121,A30VAQHM,38.0,1,3,4,Won,58.0,0.7633406079612269,79.0,79.0,2017-11,2017,11
2017-09-08,20170908,20170903,20170908,ZH2TBHVZ,27.0,20,1,4,Won,635.0,0.9574138243802973,5.0,5.0,2017-09,2017,9
2017-09-13,20170913,20170903,20170913,UKJO54QY,18.0,20,2,4,Won,5626.0,1.0,10.0,10.0,2017-09,2017,9
2017-12-14,20171214,20170903,20171214,9868N4GB,78.0,20,4,4,Won,3595.0,0.9999999999968889,102.0,102.0,2017-12,2017,12
2017-11-04,20171104,20170903,20171104,L5UKY73S,73.0,8,2,2,Lost,0.0,0.004621257366293773,62.0,62.0,2017-11,2017,11
2017-12-02,20171202,20170903,20171202,7DDPLMQ5,38.0,8,2,4,Won,4981.0,1.0,90.0,90.0,2017-12,2017,12
2017-09-14,20170914,20170903,20170914,4KVZVHNN,35.0,30,1,4,Won,524.0,0.9167277054125196,11.0,11.0,2017-09,2017,9
2017-12-06,20171206,20170903,20171206,ULWQ61OZ,50.0,30,3,4,Won,54.0,0.7368413402844805,94.0,94.0,2017-12,2017,12
2017-09-16,20170916,20170903,20170916,FKU9TS06,25.0,6,2,4,Won,5080.0,1.0,13.0,13.0,2017-09,2017,9
2017-12-12,20171212,20170903,20171212,OPFBXGFV,61.0,27,3,4,Won,50.0,0.747492363213532,100.0,100.0,2017-12,2017,12
2017-09-09,20170909,20170903,20170909,UCV49FYZ,50.0,34,5,4,Won,6656.0,1.0,6.0,6.0,2017-09,2017,9
2017-09-10,20170910,20170903,20170910,F58R70DY,18.0,21,2,4,Won,4641.0,1.0,7.0,7.0,2017-09,2017,9
2017-11-10,20171110,20170903,20171110,1H2PVLZ3,77.0,25,7,4,Won,26186.0,1.0,68.0,68.0,2017-11,2017,11
2017-09-14,20170914,20170903,20170914,DV6WD759,51.0,24,4,4,Won,4251.0,0.9999999999999949,11.0,11.0,2017-09,2017,9
2017-09-11,20170911,20170903,20170911,SBC67V5T,26.0,12,3,4,Won,51.0,0.5589260432361355,8.0,8.0,2017-09,2017,9
2017-11-09,20171109,20170903,20171109,IDGLZJRX,27.0,12,3,4,Won,62.0,0.7297937139345357,67.0,67.0,2017-11,2017,11
2017-11-01,20171101,20170903,20171101,VYG4BHEE,31.0,33,1,2,Lost,0.0,0.07786716060041786,59.0,59.0,2017-11,2017,11
2017-11-12,20171112,20170904,20171112,YFTW9Z69,66.0,1,4,2,Lost,0.0,0.012424904086340489,69.0,69.0,2017-11,2017,11
2017-11-21,20171121,20170904,20171121,92IDH7MB,62.0,1,3,4,Won,58.0,0.7275865924810012,78.0,78.0,2017-11,2017,11
2017-11-11,20171111,20170904,20171111,NR1JSUPQ,20.0,22,6,4,Won,973.0,0.9855587812341334,68.0,68.0,2017-11,2017,11
2017-09-13,20170913,20170904,20170913,ZNOARPNW,43.0,22,5,4,Won,4954.0,1.0,9.0,9.0,2017-09,2017,9
2017-09-06,20170906,20170904,20170906,FNKZKHTJ,12.0,19,2,4,Won,5113.0,1.0,2.0,2.0,2017-09,2017,9
2017-12-26,20171226,20170904,20171226,UAVOPRPV,78.0,13,5,4,Won,4631.0,0.9999999999999998,113.0,113.0,2017-12,2017,12
2017-11-01,20171101,20170904,20171101,VMUTS9GK,12.0,18,5,4,Won,5807.0,1.0,58.0,58.0,2017-11,2017,11
2017-11-30,20171130,20170904,20171130,SZPU1DSR,36.0,10,6,2,Lost,0.0,0.015105251061054542,87.0,87.0,2017-11,2017,11
2017-12-14,20171214,20170904,20171214,9EGLQG3N,85.0,8,1,4,Won,640.0,0.9550608911606766,101.0,101.0,2017-12,2017,12
2017-11-25,20171125,20170904,20171125,BL23633Z,45.0,8,4,4,Won,3830.0,0.9999999999997382,82.0,82.0,2017-11,2017,11
2017-12-28,20171228,20170904,20171228,87G25M68,10.0,30,5,4,Won,5285.0,1.0,115.0,115.0,2017-12,2017,12
2017-11-19,20171119,20170904,20171119,8F3RA844,3.0,6,2,2,Lost,0.0,0.00524714246961366,76.0,76.0,2017-11,2017,11
2017-11-18,20171118,20170904,20171118,VJ1FT11H,77.0,32,1,2,Lost,0.0,0.09053805673478765,75.0,75.0,2017-11,2017,11
2017-12-31,20171231,20170904,20171231,TKI8MEZZ,16.0,5,6,4,Won,975.0,0.9905438942401155,118.0,118.0,2017-12,2017,12
2017-12-13,20171213,20170904,20171213,QSHP9AHU,25.0,5,6,4,Won,847.0,0.9591606257165658,100.0,100.0,2017-12,2017,12
2017-12-15,20171215,20170904,20171215,MIDW7Q49,57.0,9,4,4,Won,2814.0,0.9999999981637877,102.0,102.0,2017-12,2017,12
2017-11-06,20171106,20170904,20171106,PW7QNSFG,47.0,25,4,4,Won,3275.0,0.9999999999346423,63.0,63.0,2017-11,2017,11
2017-12-26,20171226,20170904,20171226,WGYE40NI,3.0,3,3,4,Won,41.0,0.75021796579262,113.0,113.0,2017-12,2017,12
2017-11-19,20171119,20170904,20171119,HLX6W646,14.0,24,5,4,Won,5185.0,1.0,76.0,76.0,2017-11,2017,11
2017-09-15,20170915,20170904,20170915,6VMQQKLJ,14.0,24,2,4,Won,5191.0,1.0,11.0,11.0,2017-09,2017,9
2017-11-07,20171107,20170904,20171107,FYS6IZO4,49.0,12,3,4,Won,59.0,0.7282978824855342,64.0,64.0,2017-11,2017,11
2017-12-08,20171208,20170904,20171208,7OSD4T24,63.0,12,3,4,Won,54.0,0.7675943215936593,95.0,95.0,2017-12,2017,12
2017-11-17,20171117,20170905,20171117,H29A7E6X,40.0,13,6,4,Won,1076.0,0.9968479472481503,73.0,73.0,2017-11,2017,11
2017-11-20,20171120,20170905,20171120,IDN254QN,56.0,18,1,4,Won,490.0,0.9263751673894844,76.0,76.0,2017-11,2017,11
2017-11-24,20171124,20170905,20171124,W3U1N1RV,15.0,10,5,2,Lost,0.0,0.005792298593040922,80.0,80.0,2017-11,2017,11
2017-09-13,20170913,20170905,20170913,5LPKNEEI,3.0,10,2,2,Lost,0.0,0.00355580598791393,8.0,8.0,2017-09,2017,9
2017-12-10,20171210,20170905,20171210,073UCD9F,3.0,8,3,2,Lost,0.0,0.5798703944589733,96.0,96.0,2017-12,2017,12
2017-11-13,20171113,20170905,20171113,DCZOTU5X,44.0,31,1,2,Lost,0.0,0.1364447373211368,69.0,69.0,2017-11,2017,11
2017-12-27,20171227,20170905,20171227,KUJ5M6J3,46.0,31,2,4,Won,5663.0,1.0,113.0,113.0,2017-12,2017,12
2017-11-06,20171106,20170905,20171106,YGUOEIEG,36.0,27,6,2,Lost,0.0,0.00873137579374254,62.0,62.0,2017-11,2017,11
2017-11-26,20171126,20170905,20171126,CRL6IB5Z,60.0,9,6,2,Lost,0.0,0.017062050957336757,82.0,82.0,2017-11,2017,11
2017-09-16,20170916,20170905,20170916,STVHD67J,19.0,9,6,4,Won,1166.0,0.9977735479630645,11.0,11.0,2017-09,2017,9
2017-09-14,20170914,20170905,20170914,I3TDKU30,50.0,25,3,2,Lost,0.0,0.46645091959197144,9.0,9.0,2017-09,2017,9
2017-09-15,20170915,20170905,20170915,YUVNXSSD,45.0,3,3,2,Lost,0.0,0.5747498633333518,10.0,10.0,2017-09,2017,9
2017-11-26,20171126,20170905,20171126,AZJXZFMR,57.0,3,3,2,Lost,0.0,0.7383837022062618,82.0,82.0,2017-11,2017,11
2017-12-04,20171204,20170905,20171204,2WPEOPIF,47.0,24,1,4,Won,491.0,0.8975413383643179,90.0,90.0,2017-12,2017,12
2017-11-07,20171107,20170905,20171107,XMCRTC2K,33.0,24,5,4,Won,5532.0,1.0,63.0,63.0,2017-11,2017,11
2017-11-14,20171114,20170905,20171114,ZDVZB8PX,6.0,24,4,4,Won,3930.0,0.9999999999998943,70.0,70.0,2017-11,2017,11
2017-11-21,20171121,20170905,20171121,5JS6JI3P,46.0,24,4,4,Won,2689.0,0.9999999930307504,77.0,77.0,2017-11,2017,11
2017-11-19,20171119,20170906,20171119,8DPUST4Y,11.0,10,2,4,Won,5987.0,1.0,74.0,74.0,2017-11,2017,11
2017-12-30,20171230,20170906,20171230,L1QNLM08,73.0,10,2,4,Won,5141.0,1.0,115.0,115.0,2017-12,2017,12
2017-09-13,20170913,20170906,20170913,S4YQYJPM,11.0,10,3,4,Won,48.0,0.5622109605567217,7.0,7.0,2017-09,2017,9
2017-11-03,20171103,20170906,20171103,6BQMENQR,56.0,20,2,2,Lost,0.0,0.0038838957454678477,58.0,58.0,2017-11,2017,11
2017-09-20,20170920,20170906,20170920,XAS0EL71,78.0,20,4,4,Won,3206.0,0.9999999998516371,14.0,14.0,2017-09,2017,9
2017-11-29,20171129,20170906,20171129,GQNM1QP8,46.0,28,3,4,Won,61.0,0.7188778898594501,84.0,84.0,2017-11,2017,11
2017-12-04,20171204,20170906,20171204,9CK2HTJP,1.0,15,6,2,Lost,0.0,0.008808815725065882,89.0,89.0,2017-12,2017,12
2017-11-22,20171122,20170906,20171122,J96E49Z1,45.0,8,2,4,Won,5078.0,1.0,77.0,77.0,2017-11,2017,11
2017-11-19,20171119,20170906,20171119,X96KGPI8,67.0,6,1,2,Lost,0.0,0.08674372354437344,74.0,74.0,2017-11,2017,11
2017-11-07,20171107,20170906,20171107,JJDL1F8R,68.0,6,1,4,Won,532.0,0.9538164213174082,62.0,62.0,2017-11,2017,11
2017-09-15,20170915,20170906,20170915,0J24X1Y0,47.0,32,3,4,Won,56.0,0.6239612843155731,9.0,9.0,2017-09,2017,9
2017-12-09,20171209,20170906,20171209,SEYFLN8Y,61.0,27,6,4,Won,1182.0,0.9986538811339565,94.0,94.0,2017-12,2017,12
2017-12-20,20171220,20170906,20171220,EID3MR9L,25.0,7,5,4,Won,5788.0,1.0,105.0,105.0,2017-12,2017,12
2017-09-13,20170913,20170906,20170913,ID2VJE8V,68.0,3,3,2,Lost,0.0,0.6204543029182321,7.0,7.0,2017-09,2017,9
2017-09-12,20170912,20170906,20170912,T3W0Z8KP,9.0,3,3,4,Won,61.0,0.7414963964554988,6.0,6.0,2017-09,2017,9
2017-12-16,20171216,20170906,20171216,2WZU46RL,61.0,24,2,4,Won,5115.0,1.0,101.0,101.0,2017-12,2017,12
2017-09-15,20170915,20170906,20170915,576N6HHJ,79.0,24,2,4,Won,5227.0,1.0,9.0,9.0,2017-09,2017,9
2017-12-06,20171206,20170906,20171206,WOS93VI5,81.0,16,6,4,Won,1144.0,0.9976098089248232,91.0,91.0,2017-12,2017,12
2017-11-18,20171118,20170907,20171118,RKI7OEP9,67.0,1,3,2,Lost,0.0,0.5279363749603269,72.0,72.0,2017-11,2017,11
2017-12-12,20171212,20170907,20171212,D9CS7EIY,59.0,1,6,4,Won,1249.0,0.9995198899513195,96.0,96.0,2017-12,2017,12
2017-12-03,20171203,20170907,20171203,J1VGTXQS,69.0,22,6,4,Won,1106.0,0.9967250212612393,87.0,87.0,2017-12,2017,12
2017-11-18,20171118,20170907,20171118,T87FD71P,8.0,19,6,4,Won,1251.0,0.9993676062278747,72.0,72.0,2017-11,2017,11
2017-11-18,20171118,20170907,20171118,P4PX93RN,56.0,13,2,2,Lost,0.0,0.006376011178437927,72.0,72.0,2017-11,2017,11
2017-09-18,20170918,20170907,20170918,RLJI4F93,20.0,13,2,4,Won,4975.0,1.0,11.0,11.0,2017-09,2017,9
2017-09-17,20170917,20170907,20170917,AE306TJU,74.0,13,3,4,Won,54.0,0.5861750260702936,10.0,10.0,2017-09,2017,9
2017-11-09,20171109,20170907,20171109,D3BO9JDM,59.0,10,2,4,Won,3975.0,0.9999999999999556,63.0,63.0,2017-11,2017,11
2017-09-12,20170912,20170907,20170912,DPDUK8RG,11.0,10,4,4,Won,2969.0,0.9999999989963253,5.0,5.0,2017-09,2017,9
2017-09-13,20170913,20170907,20170913,AR35V2L2,69.0,15,1,4,Won,558.0,0.9354980525559959,6.0,6.0,2017-09,2017,9
2017-11-29,20171129,20170907,20171129,FAKATVRQ,39.0,8,2,2,Lost,0.0,0.004206369133718348,83.0,83.0,2017-11,2017,11
2017-09-18,20170918,20170907,20170918,9SU2A73Y,3.0,6,1,4,Won,585.0,0.9559186202237772,11.0,11.0,2017-09,2017,9
2017-12-17,20171217,20170907,20171217,98R4AZA8,54.0,31,1,4,Won,566.0,0.948267270119674,101.0,101.0,2017-12,2017,12
2017-11-16,20171116,20170907,20171116,9FE75D1D,61.0,27,2,4,Won,4722.0,1.0,70.0,70.0,2017-11,2017,11
2017-12-11,20171211,20170907,20171211,S5NVSXEX,12.0,5,6,4,Won,1033.0,0.995483771691207,95.0,95.0,2017-12,2017,12
2017-12-19,20171219,20170907,20171219,C6F5DTFR,19.0,9,1,4,Won,587.0,0.9715632517617275,103.0,103.0,2017-12,2017,12
2017-11-27,20171127,20170907,20171127,R4X2MOO1,63.0,21,5,2,Lost,0.0,0.01053390904149277,81.0,81.0,2017-11,2017,11
2017-11-02,20171102,20170907,20171102,8FULX0EA,25.0,3,3,4,Won,62.0,0.6905539736478546,56.0,56.0,2017-11,2017,11
2017-12-12,20171212,20170907,20171212,WA5NRVIG,45.0,3,3,4,Won,54.0,0.7577077549259154,96.0,96.0,2017-12,2017,12
2017-11-03,20171103,20170907,20171103,XO7D3NYR,12.0,24,1,4,Won,499.0,0.939650906989468,57.0,57.0,2017-11,2017,11
2017-11-17,20171117,20170907,20171117,ZN8LHN9B,84.0,16,5,2,Lost,0.0,0.009718857217584694,71.0,71.0,2017-11,2017,11
2017-11-26,20171126,20170907,20171126,BFH34LVO,22.0,33,1,4,Won,458.0,0.8758894252717583,80.0,80.0,2017-11,2017,11
2017-11-30,20171130,20170907,20171130,QHVGK8DM,12.0,33,3,4,Won,61.0,0.7480336131033072,84.0,84.0,2017-11,2017,11
2017-12-17,20171217,20170908,20171217,BALJ5E9J,73.0,1,3,2,Lost,0.0,0.6965591660710356,100.0,100.0,2017-12,2017,12
2017-09-24,20170924,20170908,20170924,3Y6REURA,25.0,1,5,4,Won,5600.0,1.0,16.0,16.0,2017-09,2017,9
2017-11-19,20171119,20170908,20171119,3UI5JBOA,74.0,22,5,2,Lost,0.0,0.0046115385108499805,72.0,72.0,2017-11,2017,11
2017-12-17,20171217,20170908,20171217,8AKZH8QS,84.0,22,6,4,Won,1259.0,0.9994957881391587,100.0,100.0,2017-12,2017,12
2017-09-14,20170914,20170908,20170914,FAS1KT97,84.0,22,6,4,Won,1114.0,0.997235174725531,6.0,6.0,2017-09,2017,9
2017-11-25,20171125,20170908,20171125,RAPX57I3,43.0,22,3,4,Won,57.0,0.668401624035828,78.0,78.0,2017-11,2017,11
2017-11-25,20171125,20170908,20171125,UZ4JMG8Z,18.0,19,6,2,Lost,0.0,0.0238673866881341,78.0,78.0,2017-11,2017,11
2017-11-17,20171117,20170908,20171117,PV411N8I,62.0,2,3,2,Lost,0.0,0.5786292986341349,70.0,70.0,2017-11,2017,11
2017-12-30,20171230,20170908,20171230,C58775JM,7.0,13,2,2,Lost,0.0,0.005356738730042244,113.0,113.0,2017-12,2017,12
2017-09-19,20170919,20170908,20170919,A2PIOJWL,2.0,18,2,2,Lost,0.0,0.002949696905074787,11.0,11.0,2017-09,2017,9
2017-09-10,20170910,20170908,20170910,SSEOGPPI,25.0,10,4,4,Won,3346.0,0.9999999999673983,2.0,2.0,2017-09,2017,9
2017-09-18,20170918,20170908,20170918,5MFY1D4C,42.0,20,1,2,Lost,0.0,0.060076570009622146,10.0,10.0,2017-09,2017,9
2017-09-22,20170922,20170908,20170922,PQLMEIG0,42.0,20,1,2,Lost,0.0,0.06139754114575292,14.0,14.0,2017-09,2017,9
2017-09-16,20170916,20170908,20170916,6CV2KEKP,52.0,20,4,2,Lost,0.0,0.003396910171447328,8.0,8.0,2017-09,2017,9
2017-11-25,20171125,20170908,20171125,FQD0IJBC,33.0,28,1,2,Lost,0.0,0.11837262330333716,78.0,78.0,2017-11,2017,11
2017-11-04,20171104,20170908,20171104,E28C318S,51.0,30,1,4,Won,546.0,0.9633565582503596,57.0,57.0,2017-11,2017,11
2017-11-04,20171104,20170908,20171104,6BUW3ZVC,4.0,6,1,2,Lost,0.0,0.12830379330356698,57.0,57.0,2017-11,2017,11
2017-11-14,20171114,20170908,20171114,ZW5XV2QY,10.0,32,1,2,Lost,0.0,0.16186913849340237,67.0,67.0,2017-11,2017,11
2017-11-24,20171124,20170908,20171124,MOSX49BG,24.0,32,1,4,Won,596.0,0.983112615415589,77.0,77.0,2017-11,2017,11
2017-12-21,20171221,20170908,20171221,BDEP8ZEH,65.0,31,6,2,Lost,0.0,0.017531708409903247,104.0,104.0,2017-12,2017,12
2017-12-08,20171208,20170908,20171208,WSKZBAYI,21.0,31,6,4,Won,1171.0,0.9976476460173778,91.0,91.0,2017-12,2017,12
2017-12-03,20171203,20170908,20171203,19H5KFIC,29.0,7,6,4,Won,1021.0,0.9921543497462885,86.0,86.0,2017-12,2017,12
2017-11-17,20171117,20170908,20171117,7PCCI1U2,42.0,21,4,2,Lost,0.0,0.004996110298715932,70.0,70.0,2017-11,2017,11
2017-12-02,20171202,20170908,20171202,8XXD2LMP,18.0,14,5,2,Lost,0.0,0.00982100499421762,85.0,85.0,2017-12,2017,12
2017-11-04,20171104,20170908,20171104,USNQY75J,21.0,33,3,2,Lost,0.0,0.4392868349871277,57.0,57.0,2017-11,2017,11
2017-12-14,20171214,20170908,20171214,EI7DU48C,42.0,33,4,2,Lost,0.0,0.0030783349817899773,97.0,97.0,2017-12,2017,12
2017-09-22,20170922,20170909,20170922,1A1BI5VB,49.0,22,2,4,Won,4609.0,0.9999999999999998,13.0,13.0,2017-09,2017,9
2017-11-21,20171121,20170909,20171121,UYJVA76O,81.0,19,6,2,Lost,0.0,0.011537200145438043,73.0,73.0,2017-11,2017,11
2017-09-22,20170922,20170909,20170922,DR2H05BG,4.0,2,1,4,Won,600.0,0.9653133427888212,13.0,13.0,2017-09,2017,9
2017-09-13,20170913,20170909,20170913,M765WQ4W,44.0,13,2,4,Won,5067.0,1.0,4.0,4.0,2017-09,2017,9
2017-12-05,20171205,20170909,20171205,2PXZ68OA,62.0,10,2,4,Won,5127.0,1.0,87.0,87.0,2017-12,2017,12
2017-12-26,20171226,20170909,20171226,TDVM9PDL,26.0,20,1,4,Won,547.0,0.9136893735018545,108.0,108.0,2017-12,2017,12
2017-09-27,20170927,20170909,20170927,LBYGH8WS,56.0,15,5,2,Lost,0.0,0.0061518823680865925,18.0,18.0,2017-09,2017,9
2017-11-30,20171130,20170909,20171130,OBCBK0XR,22.0,32,4,2,Lost,0.0,0.005875555968213514,82.0,82.0,2017-11,2017,11
2017-12-14,20171214,20170909,20171214,IX8AYR6F,22.0,32,1,4,Won,582.0,0.9723723247187408,96.0,96.0,2017-12,2017,12
2017-09-25,20170925,20170909,20170925,4LVXK5H1,41.0,32,6,4,Won,1047.0,0.9934141206921016,16.0,16.0,2017-09,2017,9
2017-11-21,20171121,20170909,20171121,O5CWW9P3,25.0,4,3,2,Lost,0.0,0.44092949147674604,73.0,73.0,2017-11,2017,11
2017-11-15,20171115,20170909,20171115,DPXZ0ONG,23.0,9,2,2,Lost,0.0,0.0028706150089308374,67.0,67.0,2017-11,2017,11
2017-09-24,20170924,20170909,20170924,2LOQKW1C,16.0,9,1,4,Won,568.0,0.9287391042974797,15.0,15.0,2017-09,2017,9
2017-11-27,20171127,20170909,20171127,MA1LQG9S,38.0,9,5,4,Won,6255.0,1.0,79.0,79.0,2017-11,2017,11
2017-12-03,20171203,20170909,20171203,YR4EFQ4C,8.0,21,2,4,Won,4647.0,1.0,85.0,85.0,2017-12,2017,12
2017-11-08,20171108,20170909,20171108,KB7DTUXO,75.0,14,2,4,Won,5042.0,1.0,60.0,60.0,2017-11,2017,11
2017-12-31,20171231,20170909,20171231,JMQRT3TC,19.0,3,3,4,Won,57.0,0.8464310818628136,113.0,113.0,2017-12,2017,12
2017-12-07,20171207,20170909,20171207,XETHS437,60.0,3,3,4,Won,53.0,0.8249164398789721,89.0,89.0,2017-12,2017,12
2017-12-12,20171212,20170909,20171212,6EYTZB6F,45.0,3,4,4,Won,3811.0,0.9999999999997771,94.0,94.0,2017-12,2017,12
2017-12-12,20171212,20170909,20171212,DXY9EZ55,36.0,24,1,4,Won,456.0,0.8949235586472075,94.0,94.0,2017-12,2017,12
2017-12-19,20171219,20170909,20171219,ESZPH44N,49.0,12,2,2,Lost,0.0,0.006088744317278123,101.0,101.0,2017-12,2017,12
2017-12-05,20171205,20170910,20171205,ITDTMROU,78.0,19,4,4,Won,3371.0,0.9999999999808333,86.0,86.0,2017-12,2017,12
2017-11-29,20171129,20170910,20171129,IFO74RWI,73.0,2,6,4,Won,1151.0,0.9983345166296573,80.0,80.0,2017-11,2017,11
2017-12-25,20171225,20170910,20171225,4O6T16XI,62.0,2,4,4,Won,3748.0,0.9999999999995361,106.0,106.0,2017-12,2017,12
2017-09-15,20170915,20170910,20170915,SUPA1RHK,74.0,13,5,4,Won,5717.0,1.0,5.0,5.0,2017-09,2017,9
2017-09-15,20170915,20170910,20170915,MDHD11QD,18.0,13,2,4,Won,5027.0,1.0,5.0,5.0,2017-09,2017,9
2017-12-13,20171213,20170910,20171213,PERK5YXJ,40.0,18,6,4,Won,1111.0,0.997417263240092,94.0,94.0,2017-12,2017,12
2017-09-17,20170917,20170910,20170917,MUUNQNG2,4.0,10,6,4,Won,1159.0,0.9974717193752244,7.0,7.0,2017-09,2017,9
2017-11-06,20171106,20170910,20171106,J1SCD7QL,57.0,10,4,4,Won,3251.0,0.9999999999676992,57.0,57.0,2017-11,2017,11
2017-11-01,20171101,20170910,20171101,9LILLW96,8.0,15,5,2,Lost,0.0,0.008254287535615702,52.0,52.0,2017-11,2017,11
2017-12-07,20171207,20170910,20171207,R0DKB8FJ,28.0,8,4,2,Lost,0.0,0.002807886192149671,88.0,88.0,2017-12,2017,12
2017-12-18,20171218,20170910,20171218,S5R9O6TL,11.0,8,6,4,Won,1083.0,0.994517765468846,99.0,99.0,2017-12,2017,12
2017-11-08,20171108,20170910,20171108,N78A330G,4.0,8,3,4,Won,54.0,0.6777508791429185,59.0,59.0,2017-11,2017,11
2017-12-29,20171229,20170910,20171229,ZHI12PI4,6.0,26,4,4,Won,3302.0,0.9999999999803142,110.0,110.0,2017-12,2017,12
2017-11-25,20171125,20170910,20171125,38ZR3URJ,31.0,30,1,4,Won,552.0,0.9496699951055639,76.0,76.0,2017-11,2017,11
2017-11-16,20171116,20170910,20171116,6DJ817MW,64.0,30,1,4,Won,468.0,0.9237795412350438,67.0,67.0,2017-11,2017,11
2017-11-17,20171117,20170910,20171117,9HCLI5PO,15.0,6,1,2,Lost,0.0,0.11417076426609897,68.0,68.0,2017-11,2017,11
2017-12-04,20171204,20170910,20171204,PRY70ISY,36.0,6,1,2,Lost,0.0,0.13060561785865474,85.0,85.0,2017-12,2017,12
2017-09-27,20170927,20170910,20170927,CS2ZS0B4,58.0,32,5,2,Lost,0.0,0.009238065447584846,17.0,17.0,2017-09,2017,9
2017-11-12,20171112,20170910,20171112,R7LGVRHC,41.0,32,2,4,Won,4467.0,0.9999999999999993,63.0,63.0,2017-11,2017,11
2017-12-05,20171205,20170910,20171205,3KLVZN6M,10.0,31,1,4,Won,538.0,0.9546637566712017,86.0,86.0,2017-12,2017,12
2017-12-12,20171212,20170910,20171212,WGSLK719,79.0,31,4,4,Won,3021.0,0.9999999996748918,93.0,93.0,2017-12,2017,12
2017-11-12,20171112,20170910,20171112,0MMDQ1OR,11.0,4,1,4,Won,511.0,0.8666332580133858,63.0,63.0,2017-11,2017,11
2017-09-21,20170921,20170910,20170921,SMQV0BRI,6.0,34,5,4,Won,5832.0,1.0,11.0,11.0,2017-09,2017,9
2017-09-30,20170930,20170910,20170930,X56STCJP,38.0,3,5,2,Lost,0.0,0.006355075613934807,20.0,20.0,2017-09,2017,9
2017-11-24,20171124,20170910,20171124,K214R7RK,13.0,3,4,2,Lost,0.0,0.005992120365972367,75.0,75.0,2017-11,2017,11
2017-11-27,20171127,20170910,20171127,NR9UD54C,76.0,3,3,4,Won,50.0,0.7826339122373035,78.0,78.0,2017-11,2017,11
2017-11-24,20171124,20170910,20171124,GTXI4PAR,61.0,24,4,2,Lost,0.0,0.007568291815110613,75.0,75.0,2017-11,2017,11
2017-11-22,20171122,20170910,20171122,T94JAB4C,54.0,24,3,4,Won,58.0,0.6497541090254608,73.0,73.0,2017-11,2017,11
2017-11-24,20171124,20170910,20171124,8YOOE8I5,74.0,12,1,2,Lost,0.0,0.09462455647418211,75.0,75.0,2017-11,2017,11
2017-09-27,20170927,20170910,20170927,8G2OTKLL,49.0,12,3,4,Won,66.0,0.7054655874104502,17.0,17.0,2017-09,2017,9
2017-09-13,20170913,20170911,20170913,LW0Z6TMR,23.0,1,1,2,Lost,0.0,0.09283319934865036,2.0,2.0,2017-09,2017,9
2017-11-14,20171114,20170911,20171114,R3NAMX4P,72.0,1,5,2,Lost,0.0,0.007079112552741564,64.0,64.0,2017-11,2017,11
2017-11-17,20171117,20170911,20171117,VYJ20GOM,9.0,1,3,4,Won,44.0,0.7618079645861137,67.0,67.0,2017-11,2017,11
2017-12-30,20171230,20170911,20171230,GIWI7CWJ,44.0,22,6,4,Won,1140.0,0.9984263007734095,110.0,110.0,2017-12,2017,12
2017-09-21,20170921,20170911,20170921,VTO3SNNX,82.0,19,5,4,Won,5245.0,1.0,10.0,10.0,2017-09,2017,9
2017-12-04,20171204,20170911,20171204,OVPNOM6O,30.0,2,5,4,Won,5520.0,1.0,84.0,84.0,2017-12,2017,12
2017-11-19,20171119,20170911,20171119,6KM4E0V1,38.0,10,5,2,Lost,0.0,0.006354412015795802,69.0,69.0,2017-11,2017,11
2017-11-14,20171114,20170911,20171114,QWIPE5FB,59.0,10,2,2,Lost,0.0,0.006587080173558129,64.0,64.0,2017-11,2017,11
2017-12-23,20171223,20170911,20171223,BZPU6P5P,80.0,15,3,2,Lost,0.0,0.715574920067268,103.0,103.0,2017-12,2017,12
2017-09-20,20170920,20170911,20170920,ZCFAVNF3,68.0,8,3,4,Won,53.0,0.6614406427967233,9.0,9.0,2017-09,2017,9
2017-12-10,20171210,20170911,20171210,RDMKSDT0,55.0,32,5,4,Won,4872.0,1.0,90.0,90.0,2017-12,2017,12
2017-11-24,20171124,20170911,20171124,QPCY8RU0,17.0,31,1,2,Lost,0.0,0.11591594353176685,74.0,74.0,2017-11,2017,11
2017-09-21,20170921,20170911,20170921,Y93GK95W,35.0,27,4,4,Won,3138.0,0.9999999997242313,10.0,10.0,2017-09,2017,9
2017-09-28,20170928,20170911,20170928,ZPB5KNCD,24.0,34,1,2,Lost,0.0,0.14216172591403523,17.0,17.0,2017-09,2017,9
2017-12-03,20171203,20170911,20171203,ZDAJ4PFJ,4.0,5,1,4,Won,513.0,0.9312700407091541,83.0,83.0,2017-12,2017,12
2017-12-28,20171228,20170911,20171228,7VHJG9J1,40.0,21,6,2,Lost,0.0,0.02765320756786661,108.0,108.0,2017-12,2017,12
2017-12-18,20171218,20170911,20171218,EHPG1PNC,42.0,12,1,4,Won,644.0,0.9782126823105644,98.0,98.0,2017-12,2017,12
2017-11-14,20171114,20170911,20171114,3CJMQNT0,47.0,33,2,2,Lost,0.0,0.0026285532809248884,64.0,64.0,2017-11,2017,11
2017-09-19,20170919,20170911,20170919,1MTLDVU8,51.0,33,1,4,Won,560.0,0.9460383160277198,8.0,8.0,2017-09,2017,9
2017-12-06,20171206,20170912,20171206,4Z7LYTKN,73.0,1,5,2,Lost,0.0,0.008951244243775733,85.0,85.0,2017-12,2017,12
2017-11-27,20171127,20170912,20171127,MX0QEMEB,67.0,1,4,2,Lost,0.0,0.003448795067409521,76.0,76.0,2017-11,2017,11
2017-12-26,20171226,20170912,20171226,Y25T06D2,15.0,1,6,4,Won,866.0,0.9772422057893085,105.0,105.0,2017-12,2017,12
2017-09-19,20170919,20170912,20170919,JY5LPMSJ,56.0,22,6,2,Lost,0.0,0.013557083107278257,7.0,7.0,2017-09,2017,9
2017-12-01,20171201,20170912,20171201,YND6FAFG,42.0,13,3,2,Lost,0.0,0.5759395422098377,80.0,80.0,2017-12,2017,12
2017-11-15,20171115,20170912,20171115,D4PEXI47,38.0,10,2,2,Lost,0.0,0.004742981309529158,64.0,64.0,2017-11,2017,11
2017-12-16,20171216,20170912,20171216,WRSA8PVU,23.0,10,1,4,Won,626.0,0.9721894960123093,95.0,95.0,2017-12,2017,12
2017-12-03,20171203,20170912,20171203,965CJ4YG,72.0,10,2,4,Won,4079.0,0.9999999999999758,82.0,82.0,2017-12,2017,12
2017-12-05,20171205,20170912,20171205,ML5QMJPM,44.0,15,4,4,Won,3497.0,0.9999999999962088,84.0,84.0,2017-12,2017,12
2017-11-16,20171116,20170912,20171116,EWEW7ZMQ,53.0,15,4,4,Won,3072.0,0.9999999996972235,65.0,65.0,2017-11,2017,11
2017-12-15,20171215,20170912,20171215,JY8W2PKW,28.0,8,4,2,Lost,0.0,0.0029068415459813143,94.0,94.0,2017-12,2017,12
2017-11-26,20171126,20170912,20171126,JFBWABB1,46.0,26,4,4,Won,3473.0,0.9999999999952112,75.0,75.0,2017-11,2017,11
2017-09-19,20170919,20170912,20170919,A0Z6FYRO,13.0,6,1,4,Won,530.0,0.9364002994102495,7.0,7.0,2017-09,2017,9
2017-12-16,20171216,20170912,20171216,51AC0Q99,30.0,6,6,4,Won,1066.0,0.9974745123846893,95.0,95.0,2017-12,2017,12
2017-12-18,20171218,20170912,20171218,897MKBP9,9.0,6,3,4,Won,64.0,0.7972531177386009,97.0,97.0,2017-12,2017,12
2017-12-25,20171225,20170912,20171225,Y5IRSKVA,57.0,6,3,4,Won,59.0,0.8254942916620898,104.0,104.0,2017-12,2017,12
2017-11-30,20171130,20170912,20171130,QS440NN9,32.0,31,6,4,Won,1077.0,0.9970897048602286,79.0,79.0,2017-11,2017,11
2017-11-21,20171121,20170912,20171121,JOKH5C6I,70.0,31,2,4,Won,4999.0,1.0,70.0,70.0,2017-11,2017,11
2017-09-21,20170921,20170912,20170921,1MZ8GDLF,3.0,7,3,4,Won,72.0,0.7216784236991466,9.0,9.0,2017-09,2017,9
2017-09-20,20170920,20170912,20170920,64SDWSQH,42.0,34,5,4,Won,4870.0,1.0,8.0,8.0,2017-09,2017,9
2017-09-20,20170920,20170912,20170920,XS7CNY5H,37.0,21,6,2,Lost,0.0,0.0130260590111314,8.0,8.0,2017-09,2017,9
2017-12-18,20171218,20170912,20171218,U0SS8E43,82.0,21,2,2,Lost,0.0,0.009632510936191023,97.0,97.0,2017-12,2017,12
2017-09-26,20170926,20170912,20170926,2MH79C2B,45.0,3,3,4,Won,54.0,0.6921713678860871,14.0,14.0,2017-09,2017,9
2017-12-09,20171209,20170912,20171209,3YZFYEMI,72.0,3,3,4,Won,50.0,0.7394085757325576,88.0,88.0,2017-12,2017,12
2017-11-01,20171101,20170912,20171101,BPPV8ZSB,77.0,24,3,2,Lost,0.0,0.4332537254734453,50.0,50.0,2017-11,2017,11
2017-09-15,20170915,20170912,20170915,DRJG2FVR,37.0,12,5,2,Lost,0.0,0.004436868946695993,3.0,3.0,2017-09,2017,9
2017-11-20,20171120,20170912,20171120,SWXO4J19,44.0,33,6,4,Won,1029.0,0.9928220212106815,69.0,69.0,2017-11,2017,11
2017-11-25,20171125,20170913,20171125,07DPEL0B,9.0,1,1,4,Won,629.0,0.9834106641055781,73.0,73.0,2017-11,2017,11
2017-09-24,20170924,20170913,20170924,7GDRCAJR,40.0,19,1,4,Won,600.0,0.965511624296052,11.0,11.0,2017-09,2017,9
2017-11-03,20171103,20170913,20171103,EJ8YBRD3,44.0,13,1,2,Lost,0.0,0.14163717654853478,51.0,51.0,2017-11,2017,11
2017-09-18,20170918,20170913,20170918,G7HADWB0,43.0,13,2,4,Won,4535.0,0.9999999999999993,5.0,5.0,2017-09,2017,9
2017-11-29,20171129,20170913,20171129,M3IFAMV2,52.0,20,4,2,Lost,0.0,0.004593078214812819,77.0,77.0,2017-11,2017,11
2017-09-19,20170919,20170913,20170919,65AT4VFM,14.0,28,3,2,Lost,0.0,0.6640948234597082,6.0,6.0,2017-09,2017,9
2017-09-29,20170929,20170913,20170929,H6SE0L31,13.0,8,2,4,Won,4805.0,1.0,16.0,16.0,2017-09,2017,9
2017-11-17,20171117,20170913,20171117,ZQC7YA4X,42.0,32,2,2,Lost,0.0,0.004561975537097421,65.0,65.0,2017-11,2017,11
2017-12-12,20171212,20170913,20171212,J9V49YC3,46.0,31,5,4,Won,5158.0,1.0,90.0,90.0,2017-12,2017,12
2017-11-21,20171121,20170913,20171121,H3ZS0FBT,9.0,7,1,4,Won,477.0,0.938053319807026,69.0,69.0,2017-11,2017,11
2017-11-16,20171116,20170913,20171116,GIIHTQGY,47.0,34,5,4,Won,4972.0,1.0,64.0,64.0,2017-11,2017,11
2017-11-30,20171130,20170913,20171130,0LTBCZHI,73.0,9,4,4,Won,3902.0,0.9999999999998528,78.0,78.0,2017-11,2017,11
2017-12-14,20171214,20170913,20171214,8U0BUWUQ,56.0,21,6,4,Won,1176.0,0.9989933996939959,92.0,92.0,2017-12,2017,12
2017-12-14,20171214,20170913,20171214,ROD5WJDM,80.0,21,2,4,Won,4140.0,0.9999999999999936,92.0,92.0,2017-12,2017,12
2017-11-30,20171130,20170913,20171130,86GSJWQW,31.0,25,3,4,Won,54.0,0.6262284666784578,78.0,78.0,2017-11,2017,11
2017-11-29,20171129,20170913,20171129,B7BT5DB8,14.0,24,3,4,Won,51.0,0.8166205661852175,77.0,77.0,2017-11,2017,11
2017-09-21,20170921,20170913,20170921,NJTWATVH,46.0,33,1,4,Won,518.0,0.8924592511150137,8.0,8.0,2017-09,2017,9
2017-12-06,20171206,20170913,20171206,ZLIQCT7V,65.0,33,1,4,Won,505.0,0.9178956719572595,84.0,84.0,2017-12,2017,12
2017-09-18,20170918,20170914,20170918,0U0GUDIX,66.0,1,5,4,Won,5421.0,1.0,4.0,4.0,2017-09,2017,9
2017-11-23,20171123,20170914,20171123,MN4ZHCUZ,42.0,19,2,4,Won,3822.0,0.9999999999997022,70.0,70.0,2017-11,2017,11
2017-11-20,20171120,20170914,20171120,06H63NKF,13.0,10,2,2,Lost,0.0,0.005169547111353106,67.0,67.0,2017-11,2017,11
2017-12-17,20171217,20170914,20171217,GBRQN296,52.0,20,4,4,Won,3331.0,0.9999999999801521,94.0,94.0,2017-12,2017,12
2017-11-27,20171127,20170914,20171127,RBHXB5V5,83.0,26,3,2,Lost,0.0,0.6990930358795578,74.0,74.0,2017-11,2017,11
2017-12-20,20171220,20170914,20171220,59O0CDJE,51.0,30,1,4,Won,504.0,0.9558314029932555,97.0,97.0,2017-12,2017,12
2017-12-10,20171210,20170914,20171210,RU9Y6GR1,54.0,30,6,4,Won,1117.0,0.996478381007693,87.0,87.0,2017-12,2017,12
2017-12-07,20171207,20170914,20171207,GIZAD3ZN,47.0,30,2,4,Won,5230.0,1.0,84.0,84.0,2017-12,2017,12
2017-09-16,20170916,20170914,20170916,6CXJOT2A,21.0,32,2,4,Won,4844.0,1.0,2.0,2.0,2017-09,2017,9
2017-09-23,20170923,20170914,20170923,Y9NTV3K5,46.0,32,4,4,Won,3596.0,0.9999999999977969,9.0,9.0,2017-09,2017,9
2017-09-30,20170930,20170914,20170930,GPVQIS5U,54.0,31,2,2,Lost,0.0,0.002818009365703819,16.0,16.0,2017-09,2017,9
2017-11-01,20171101,20170914,20171101,LI9RCAQ6,61.0,31,2,4,Won,4593.0,0.9999999999999998,48.0,48.0,2017-11,2017,11
2017-12-12,20171212,20170914,20171212,DT8SWPLT,15.0,4,1,4,Won,545.0,0.9199055394702372,89.0,89.0,2017-12,2017,12
2017-11-08,20171108,20170914,20171108,URRBXP0V,57.0,4,4,4,Won,3362.0,0.9999999999821614,55.0,55.0,2017-11,2017,11
2017-12-14,20171214,20170914,20171214,CNAQ6R7T,4.0,7,6,4,Won,1086.0,0.9972152853850624,91.0,91.0,2017-12,2017,12
2017-09-28,20170928,20170914,20170928,FBYWCLLS,1.0,21,1,2,Lost,0.0,0.07808521131427586,14.0,14.0,2017-09,2017,9
2017-12-31,20171231,20170914,20171231,ZJAIST7C,44.0,14,2,4,Won,5153.0,1.0,108.0,108.0,2017-12,2017,12
2017-11-29,20171129,20170914,20171129,8EQRW9H5,45.0,3,3,2,Lost,0.0,0.6426249151686233,76.0,76.0,2017-11,2017,11
2017-11-15,20171115,20170914,20171115,F0KWRLK1,44.0,24,2,4,Won,5348.0,1.0,62.0,62.0,2017-11,2017,11
2017-11-05,20171105,20170914,20171105,HHP6R0IX,24.0,33,2,4,Won,5170.0,1.0,52.0,52.0,2017-11,2017,11
2017-09-25,20170925,20170914,20170925,XMRZQ8PR,61.0,33,2,4,Won,4050.0,0.9999999999999696,11.0,11.0,2017-09,2017,9
2017-12-07,20171207,20170915,20171207,77JIGDNZ,8.0,18,6,2,Lost,0.0,0.01914190544390605,83.0,83.0,2017-12,2017,12
2017-09-29,20170929,20170915,20170929,DK6L8Y0Y,75.0,18,6,4,Won,1221.0,0.9984625793682906,14.0,14.0,2017-09,2017,9
2017-11-16,20171116,20170915,20171116,KA6SVT1C,72.0,10,4,2,Lost,0.0,0.004079360845027144,62.0,62.0,2017-11,2017,11
2017-12-09,20171209,20170915,20171209,8ARRIREI,76.0,10,5,4,Won,5669.0,1.0,85.0,85.0,2017-12,2017,12
2017-12-19,20171219,20170915,20171219,W3LRLMKP,23.0,8,5,4,Won,5385.0,1.0,95.0,95.0,2017-12,2017,12
2017-12-27,20171227,20170915,20171227,HQKUH8XA,36.0,27,1,2,Lost,0.0,0.09154126114353166,103.0,103.0,2017-12,2017,12
2017-12-09,20171209,20170915,20171209,6R6T68GL,83.0,27,3,4,Won,48.0,0.6601076299564159,85.0,85.0,2017-12,2017,12
2017-12-01,20171201,20170915,20171201,PGT70Q4T,54.0,27,4,4,Won,3663.0,0.9999999999977991,77.0,77.0,2017-12,2017,12
2017-09-30,20170930,20170915,20170930,EMORZ8R8,34.0,34,2,4,Won,4695.0,0.9999999999999998,15.0,15.0,2017-09,2017,9
2017-12-30,20171230,20170915,20171230,V6RULHFZ,21.0,24,3,2,Lost,0.0,0.560352181802808,106.0,106.0,2017-12,2017,12
2017-11-07,20171107,20170915,20171107,GRYWAPXY,58.0,33,4,4,Won,2712.0,0.9999999946251039,53.0,53.0,2017-11,2017,11
2017-12-07,20171207,20170916,20171207,ZIEI8JM3,59.0,1,3,4,Won,65.0,0.8225108641390768,82.0,82.0,2017-12,2017,12
2017-09-23,20170923,20170916,20170923,QDYFLOZW,67.0,1,3,4,Won,55.0,0.5810310814839632,7.0,7.0,2017-09,2017,9
2017-12-30,20171230,20170916,20171230,55YURJ2E,68.0,1,3,4,Won,58.0,0.8086214613056675,105.0,105.0,2017-12,2017,12
2017-09-27,20170927,20170916,20170927,1PORK6E3,52.0,19,1,4,Won,512.0,0.9343278996239262,11.0,11.0,2017-09,2017,9
2017-09-24,20170924,20170916,20170924,ENDKZ399,42.0,13,5,4,Won,5820.0,1.0,8.0,8.0,2017-09,2017,9
2017-11-30,20171130,20170916,20171130,VSNI41WQ,20.0,18,5,2,Lost,0.0,0.004253469983576695,75.0,75.0,2017-11,2017,11
2017-11-25,20171125,20170916,20171125,87KZX1UX,11.0,10,6,4,Won,1179.0,0.9976893833758285,70.0,70.0,2017-11,2017,11
2017-09-26,20170926,20170916,20170926,PLRBC69J,57.0,10,6,4,Won,1153.0,0.998125823484071,10.0,10.0,2017-09,2017,9
2017-09-21,20170921,20170916,20170921,RZB6Q4FX,26.0,20,6,4,Won,892.0,0.9407150879441867,5.0,5.0,2017-09,2017,9
2017-11-22,20171122,20170916,20171122,ASK5U1TD,81.0,20,6,4,Won,1231.0,0.9981688593982535,67.0,67.0,2017-11,2017,11
2017-12-25,20171225,20170916,20171225,T49Q4GWU,56.0,20,4,4,Won,3091.0,0.9999999998082336,100.0,100.0,2017-12,2017,12
2017-11-24,20171124,20170916,20171124,JJ17IHID,78.0,15,1,4,Won,547.0,0.9360074617078222,69.0,69.0,2017-11,2017,11
2017-11-13,20171113,20170916,20171113,311WKUHC,46.0,30,3,2,Lost,0.0,0.5916958514453644,58.0,58.0,2017-11,2017,11
2017-09-18,20170918,20170916,20170918,JG1CD65M,32.0,30,5,4,Won,5919.0,1.0,2.0,2.0,2017-09,2017,9
2017-11-10,20171110,20170916,20171110,YIK15TLW,34.0,30,5,4,Won,5745.0,1.0,55.0,55.0,2017-11,2017,11
2017-11-19,20171119,20170916,20171119,RYJPSM6D,66.0,6,1,2,Lost,0.0,0.2533736183126064,64.0,64.0,2017-11,2017,11
2017-11-26,20171126,20170916,20171126,ZQK0JTVN,68.0,6,1,2,Lost,0.0,0.15357446687670703,71.0,71.0,2017-11,2017,11
2017-12-22,20171222,20170916,20171222,FB7OTAMV,76.0,6,2,2,Lost,0.0,0.007268892645007374,97.0,97.0,2017-12,2017,12
2017-12-06,20171206,20170916,20171206,JZD1QDWA,9.0,4,4,2,Lost,0.0,0.003729623754627893,81.0,81.0,2017-12,2017,12
2017-12-09,20171209,20170916,20171209,LOSUVU4T,44.0,27,5,2,Lost,0.0,0.005221320073198008,84.0,84.0,2017-12,2017,12
2017-12-15,20171215,20170916,20171215,85LVQ6PB,64.0,27,6,4,Won,1252.0,0.9990002022587569,90.0,90.0,2017-12,2017,12
2017-11-21,20171121,20170916,20171121,02ILGBRB,15.0,5,3,2,Lost,0.0,0.5306321388355452,66.0,66.0,2017-11,2017,11
2017-12-05,20171205,20170916,20171205,ZFIT4XWO,66.0,5,4,4,Won,3039.0,0.9999999998600171,80.0,80.0,2017-12,2017,12
2017-11-19,20171119,20170916,20171119,XH69FGJJ,73.0,9,1,4,Won,637.0,0.9709874722887823,64.0,64.0,2017-11,2017,11
2017-09-26,20170926,20170916,20170926,JU2PPGP6,1.0,21,1,2,Lost,0.0,0.07643444198098293,10.0,10.0,2017-09,2017,9
2017-12-08,20171208,20170916,20171208,S8Y9AAWC,83.0,25,2,4,Won,4614.0,0.9999999999999998,83.0,83.0,2017-12,2017,12
2017-11-27,20171127,20170916,20171127,I2DLJ6C3,27.0,14,3,4,Won,51.0,0.6786976647712909,72.0,72.0,2017-11,2017,11
2017-11-19,20171119,20170916,20171119,VEZ8OX88,54.0,24,1,2,Lost,0.0,0.08828479973295933,64.0,64.0,2017-11,2017,11
2017-12-04,20171204,20170916,20171204,M3QL68T6,54.0,24,1,4,Won,595.0,0.9551025360481405,79.0,79.0,2017-12,2017,12
2017-12-26,20171226,20170916,20171226,Q3K6K5V9,83.0,24,3,4,Won,52.0,0.7646856490508583,101.0,101.0,2017-12,2017,12
2017-09-30,20170930,20170916,20170930,PEGFPDVU,44.0,12,2,4,Won,5604.0,1.0,14.0,14.0,2017-09,2017,9
2017-11-18,20171118,20170916,20171118,NFT2Z7MM,14.0,33,6,2,Lost,0.0,0.019372118460975616,63.0,63.0,2017-11,2017,11
2017-11-12,20171112,20170916,20171112,YC2GBK89,35.0,33,6,2,Lost,0.0,0.008676281071286174,57.0,57.0,2017-11,2017,11
2017-11-26,20171126,20170916,20171126,U008ILBM,55.0,33,6,2,Lost,0.0,0.0073172358965439945,71.0,71.0,2017-11,2017,11
2017-09-27,20170927,20170916,20170927,VA0I9SDD,44.0,33,2,4,Won,5360.0,1.0,11.0,11.0,2017-09,2017,9
2017-12-13,20171213,20170917,20171213,41HHBQRT,78.0,19,1,2,Lost,0.0,0.09751756778624268,87.0,87.0,2017-12,2017,12
2017-11-13,20171113,20170917,20171113,T6BHNN1O,3.0,2,3,2,Lost,0.0,0.589796292782865,57.0,57.0,2017-11,2017,11
2017-11-14,20171114,20170917,20171114,S8DOH11H,26.0,13,2,2,Lost,0.0,0.0032568429907637317,58.0,58.0,2017-11,2017,11
2017-12-19,20171219,20170917,20171219,F8F6MA24,69.0,13,1,4,Won,538.0,0.9497103133361933,93.0,93.0,2017-12,2017,12
2017-12-02,20171202,20170917,20171202,ZXXWIGFR,9.0,10,2,2,Lost,0.0,0.005834153848955249,76.0,76.0,2017-12,2017,12
2017-11-28,20171128,20170917,20171128,L7CFCOR6,13.0,10,5,4,Won,5668.0,1.0,72.0,72.0,2017-11,2017,11
2017-12-11,20171211,20170917,20171211,AAUTJ747,76.0,10,2,4,Won,5220.0,1.0,85.0,85.0,2017-12,2017,12
2017-09-26,20170926,20170917,20170926,X7VUR49L,2.0,20,2,4,Won,5763.0,1.0,9.0,9.0,2017-09,2017,9
2017-11-26,20171126,20170917,20171126,U7L0IZLB,70.0,30,5,2,Lost,0.0,0.006922569640493098,70.0,70.0,2017-11,2017,11
2017-11-14,20171114,20170917,20171114,THNEGVH2,47.0,31,6,4,Won,948.0,0.9798033970040814,58.0,58.0,2017-11,2017,11
2017-11-19,20171119,20170917,20171119,D1ANNMSO,60.0,4,1,4,Won,487.0,0.9163215848390579,63.0,63.0,2017-11,2017,11
2017-11-18,20171118,20170917,20171118,LMVQ6B9P,25.0,4,6,4,Won,1072.0,0.9911434430025113,62.0,62.0,2017-11,2017,11
2017-12-16,20171216,20170917,20171216,OQBVGILR,64.0,27,3,4,Won,56.0,0.6840547219947701,90.0,90.0,2017-12,2017,12
2017-12-27,20171227,20170917,20171227,7IZQJIPA,42.0,34,2,4,Won,4812.0,1.0,101.0,101.0,2017-12,2017,12
2017-11-27,20171127,20170917,20171127,7AH7F190,2.0,21,1,2,Lost,0.0,0.13756315565276722,71.0,71.0,2017-11,2017,11
2017-12-21,20171221,20170917,20171221,ME0LMBYL,37.0,21,6,2,Lost,0.0,0.018544132760556324,95.0,95.0,2017-12,2017,12
2017-11-12,20171112,20170917,20171112,KODTODAA,2.0,21,5,2,Lost,0.0,0.006727062149561724,56.0,56.0,2017-11,2017,11
2017-11-19,20171119,20170917,20171119,RENW2N0H,5.0,21,2,4,Won,5186.0,1.0,63.0,63.0,2017-11,2017,11
2017-12-02,20171202,20170917,20171202,9F407X6U,44.0,25,3,4,Won,49.0,0.677855229544065,76.0,76.0,2017-12,2017,12
2017-09-27,20170927,20170917,20170927,S0MZHYQC,44.0,33,2,4,Won,4800.0,1.0,10.0,10.0,2017-09,2017,9
2017-12-24,20171224,20170918,20171224,HP9TUR60,37.0,18,2,4,Won,5627.0,1.0,97.0,97.0,2017-12,2017,12
2017-09-24,20170924,20170918,20170924,P4PKECH7,30.0,10,1,2,Lost,0.0,0.13837738152696288,6.0,6.0,2017-09,2017,9
2017-12-06,20171206,20170918,20171206,USL5PZ4O,66.0,10,2,4,Won,3779.0,0.9999999999998501,79.0,79.0,2017-12,2017,12
2017-11-05,20171105,20170918,20171105,3DM5SSI5,76.0,10,2,4,Won,5231.0,1.0,48.0,48.0,2017-11,2017,11
2017-09-28,20170928,20170918,20170928,D40ALWGC,49.0,20,5,2,Lost,0.0,0.003656947543702219,10.0,10.0,2017-09,2017,9
2017-11-26,20171126,20170918,20171126,524QUXI2,78.0,20,5,2,Lost,0.0,0.003528707584088998,69.0,69.0,2017-11,2017,11
2017-12-02,20171202,20170918,20171202,8W35TVOQ,22.0,26,4,4,Won,2918.0,0.9999999993002442,75.0,75.0,2017-12,2017,12
2017-12-05,20171205,20170918,20171205,3D6LLPA1,25.0,6,6,2,Lost,0.0,0.01217220158171901,78.0,78.0,2017-12,2017,12
2017-09-27,20170927,20170918,20170927,58QZ1YGK,23.0,6,2,4,Won,4902.0,1.0,9.0,9.0,2017-09,2017,9
2017-11-22,20171122,20170918,20171122,OU42AWAE,35.0,32,1,4,Won,531.0,0.941611587284768,65.0,65.0,2017-11,2017,11
2017-11-21,20171121,20170918,20171121,OJOJPNL6,64.0,31,5,2,Lost,0.0,0.007290220035813754,64.0,64.0,2017-11,2017,11
2017-11-30,20171130,20170918,20171130,MENKE9IV,64.0,31,1,4,Won,526.0,0.9499481542270308,73.0,73.0,2017-11,2017,11
2017-11-11,20171111,20170918,20171111,PXSDIDXO,59.0,4,1,2,Lost,0.0,0.10622790550701797,54.0,54.0,2017-11,2017,11
2017-11-17,20171117,20170918,20171117,5PIJNVMB,45.0,4,1,4,Won,485.0,0.8697371718566859,60.0,60.0,2017-11,2017,11
2017-12-25,20171225,20170918,20171225,ZLFKHXXI,60.0,5,1,4,Won,520.0,0.9583591391354307,98.0,98.0,2017-12,2017,12
2017-12-23,20171223,20170918,20171223,WIDRX5N6,19.0,9,6,4,Won,1020.0,0.9941687782355063,96.0,96.0,2017-12,2017,12
2017-12-04,20171204,20170918,20171204,HJLKGIH4,49.0,21,6,2,Lost,0.0,0.019603238940134816,77.0,77.0,2017-12,2017,12
2017-12-20,20171220,20170918,20171220,DF6A63B7,80.0,21,4,2,Lost,0.0,0.009558141248021675,93.0,93.0,2017-12,2017,12
2017-11-15,20171115,20170918,20171115,T2EM55FZ,18.0,14,2,4,Won,4205.0,0.9999999999999947,58.0,58.0,2017-11,2017,11
2017-11-05,20171105,20170918,20171105,KDQL1O1A,14.0,24,1,2,Lost,0.0,0.1806576191587219,48.0,48.0,2017-11,2017,11
2017-09-30,20170930,20170919,20170930,75HKH8PS,25.0,1,6,2,Lost,0.0,0.010554097460705028,11.0,11.0,2017-09,2017,9
2017-11-08,20171108,20170919,20171108,NK2CHYT1,59.0,2,6,2,Lost,0.0,0.01960380998268167,50.0,50.0,2017-11,2017,11
2017-12-07,20171207,20170919,20171207,0WGAPLOI,15.0,10,2,4,Won,4990.0,1.0,79.0,79.0,2017-12,2017,12
2017-09-29,20170929,20170919,20170929,GXPA5D3A,16.0,10,2,4,Won,5450.0,1.0,10.0,10.0,2017-09,2017,9
2017-11-11,20171111,20170919,20171111,8598PVIX,34.0,28,3,4,Won,53.0,0.635750336855327,53.0,53.0,2017-11,2017,11
2017-09-25,20170925,20170919,20170925,VKM2BCMV,38.0,6,2,4,Won,3678.0,0.9999999999989704,6.0,6.0,2017-09,2017,9
2017-09-29,20170929,20170919,20170929,9N7LHW38,51.0,32,2,2,Lost,0.0,0.006344180881110598,10.0,10.0,2017-09,2017,9
2017-11-27,20171127,20170919,20171127,BKMYW792,50.0,32,4,2,Lost,0.0,0.005213618333871203,69.0,69.0,2017-11,2017,11
2017-11-18,20171118,20170919,20171118,3IBBBGM4,21.0,31,1,4,Won,555.0,0.9324054802493895,60.0,60.0,2017-11,2017,11
2017-12-16,20171216,20170919,20171216,T32P6LSX,57.0,4,1,4,Won,492.0,0.9235444589719236,88.0,88.0,2017-12,2017,12
2017-11-23,20171123,20170919,20171123,B944EMXZ,11.0,7,6,2,Lost,0.0,0.012732337326028286,65.0,65.0,2017-11,2017,11
2017-11-10,20171110,20170919,20171110,DOY7VMYB,76.0,7,6,2,Lost,0.0,0.019554921626786282,52.0,52.0,2017-11,2017,11
2017-11-17,20171117,20170919,20171117,QXWLE549,30.0,7,1,4,Won,574.0,0.9773491352058644,59.0,59.0,2017-11,2017,11
2017-12-09,20171209,20170919,20171209,R0R0V2O5,24.0,34,2,4,Won,4709.0,1.0,81.0,81.0,2017-12,2017,12
2017-12-04,20171204,20170919,20171204,D3O1PCMO,12.0,9,4,4,Won,3079.0,0.999999999793709,76.0,76.0,2017-12,2017,12
2017-09-24,20170924,20170919,20170924,G53492IF,48.0,21,2,4,Won,4369.0,0.9999999999999982,5.0,5.0,2017-09,2017,9
2017-09-22,20170922,20170919,20170922,KUH39HQ7,57.0,3,3,2,Lost,0.0,0.6630261003985249,3.0,3.0,2017-09,2017,9
2017-12-31,20171231,20170919,20171231,RW6QS352,67.0,3,5,4,Won,6000.0,1.0,103.0,103.0,2017-12,2017,12
2017-12-31,20171231,20170919,20171231,1374WYJG,42.0,12,4,4,Won,3248.0,0.9999999999557361,103.0,103.0,2017-12,2017,12
2017-11-19,20171119,20170919,20171119,1T8R8X79,50.0,33,4,4,Won,4249.0,0.9999999999999922,61.0,61.0,2017-11,2017,11
2017-12-26,20171226,20170920,20171226,0ZXS3AIR,2.0,22,1,4,Won,563.0,0.955784195010271,97.0,97.0,2017-12,2017,12
2017-09-29,20170929,20170920,20170929,SBTVPORC,27.0,13,2,4,Won,5037.0,1.0,9.0,9.0,2017-09,2017,9
2017-12-16,20171216,20170920,20171216,XZKZYO55,42.0,18,2,4,Won,4865.0,1.0,87.0,87.0,2017-12,2017,12
2017-12-18,20171218,20170920,20171218,AMCOSQZC,76.0,10,2,4,Won,5192.0,1.0,89.0,89.0,2017-12,2017,12
2017-12-23,20171223,20170920,20171223,6C2CJX31,42.0,20,6,2,Lost,0.0,0.009407751679178126,94.0,94.0,2017-12,2017,12
2017-12-31,20171231,20170920,20171231,VQQR3OUI,17.0,28,3,4,Won,41.0,0.6913472417034269,102.0,102.0,2017-12,2017,12
2017-09-26,20170926,20170920,20170926,UWYFOEMO,14.0,26,3,4,Won,59.0,0.8163005468249594,6.0,6.0,2017-09,2017,9
2017-10-01,20171001,20170920,20171001,ZXNHUYCM,32.0,30,5,2,Lost,0.0,0.0072782932483165695,11.0,11.0,2017-10,2017,10
2017-11-24,20171124,20170920,20171124,KHG4UMKP,6.0,30,3,4,Won,58.0,0.7117760457898249,65.0,65.0,2017-11,2017,11
2017-09-30,20170930,20170920,20170930,5R7N3RKQ,59.0,6,2,4,Won,4361.0,0.9999999999999984,10.0,10.0,2017-09,2017,9
2017-12-09,20171209,20170920,20171209,TEM0I59X,47.0,32,5,4,Won,4906.0,1.0,80.0,80.0,2017-12,2017,12
2017-09-29,20170929,20170920,20170929,1WPZ1MCO,32.0,27,1,4,Won,587.0,0.952403382718516,9.0,9.0,2017-09,2017,9
2017-11-24,20171124,20170920,20171124,1AQKM7VU,79.0,27,2,4,Won,4487.0,0.9999999999999991,65.0,65.0,2017-11,2017,11
2017-12-28,20171228,20170920,20171228,VTVYSUZG,9.0,5,4,4,Won,3627.0,0.9999999999987927,99.0,99.0,2017-12,2017,12
2017-12-22,20171222,20170920,20171222,6ZSAKAHX,54.0,25,6,4,Won,920.0,0.9727900042369173,93.0,93.0,2017-12,2017,12
2017-10-01,20171001,20170920,20171001,7TIWLFZD,31.0,24,1,4,Won,552.0,0.9253059432231078,11.0,11.0,2017-10,2017,10
2017-12-15,20171215,20170920,20171215,HXRF96S3,46.0,24,3,4,Won,54.0,0.7063849068308982,86.0,86.0,2017-12,2017,12
2017-12-14,20171214,20170920,20171214,WTEAOER0,8.0,12,1,4,Won,472.0,0.939158252512667,85.0,85.0,2017-12,2017,12
2017-11-24,20171124,20170920,20171124,T8LSQO2S,78.0,16,5,2,Lost,0.0,0.005265522542817688,65.0,65.0,2017-11,2017,11
2017-09-30,20170930,20170921,20170930,ABMOVF1A,72.0,1,3,4,Won,66.0,0.7067413783361046,9.0,9.0,2017-09,2017,9
2017-12-02,20171202,20170921,20171202,Q2GK9IT2,80.0,22,2,2,Lost,0.0,0.007131224748169299,72.0,72.0,2017-12,2017,12
2017-11-21,20171121,20170921,20171121,J0WKJLR6,48.0,19,6,4,Won,1039.0,0.9935437234806822,61.0,61.0,2017-11,2017,11
2017-11-22,20171122,20170921,20171122,B1D3HP8V,56.0,13,6,2,Lost,0.0,0.017684438723490948,62.0,62.0,2017-11,2017,11
2017-09-25,20170925,20170921,20170925,QHP95ULI,42.0,13,2,2,Lost,0.0,0.00331736498042236,4.0,4.0,2017-09,2017,9
2017-12-21,20171221,20170921,20171221,OAMR9KPA,7.0,13,1,4,Won,550.0,0.9495433469089988,91.0,91.0,2017-12,2017,12
2017-11-25,20171125,20170921,20171125,0GRGY09E,57.0,10,2,2,Lost,0.0,0.006934427416461413,65.0,65.0,2017-11,2017,11
2017-12-30,20171230,20170921,20171230,MP9PICCD,73.0,10,2,4,Won,4570.0,0.9999999999999998,100.0,100.0,2017-12,2017,12
2017-11-30,20171130,20170921,20171130,F34QYKQJ,2.0,20,2,2,Lost,0.0,0.0029979283806624278,70.0,70.0,2017-11,2017,11
2017-12-05,20171205,20170921,20171205,DHJ8KOUV,12.0,8,5,4,Won,5138.0,1.0,75.0,75.0,2017-12,2017,12
2017-12-02,20171202,20170921,20171202,JYNYK957,46.0,30,4,4,Won,3063.0,0.999999999762881,72.0,72.0,2017-12,2017,12
2017-10-02,20171002,20170921,20171002,NOLWR5EX,70.0,32,6,2,Lost,0.0,0.01296786881197416,11.0,11.0,2017-10,2017,10
2017-12-30,20171230,20170921,20171230,BUHR2X8U,33.0,31,1,4,Won,613.0,0.9736633576517586,100.0,100.0,2017-12,2017,12
2017-11-14,20171114,20170921,20171114,4OPFJFRO,54.0,31,2,4,Won,4808.0,1.0,54.0,54.0,2017-11,2017,11
2017-11-26,20171126,20170921,20171126,MLV2QDU6,12.0,4,5,4,Won,5160.0,1.0,66.0,66.0,2017-11,2017,11
2017-10-01,20171001,20170921,20171001,V7T9ZP6C,41.0,27,1,4,Won,566.0,0.9065021083926503,10.0,10.0,2017-10,2017,10
2017-09-27,20170927,20170921,20170927,WYS1XI44,76.0,7,3,4,Won,68.0,0.7602606430016631,6.0,6.0,2017-09,2017,9
2017-10-03,20171003,20170921,20171003,C3HN12Z8,42.0,34,1,2,Lost,0.0,0.07211530762648964,12.0,12.0,2017-10,2017,10
2017-12-22,20171222,20170921,20171222,YCQXHVMZ,71.0,21,2,4,Won,5600.0,1.0,92.0,92.0,2017-12,2017,12
2017-12-12,20171212,20170921,20171212,4PLSG7A3,15.0,3,3,4,Won,61.0,0.7320506871690535,82.0,82.0,2017-12,2017,12
2017-12-03,20171203,20170921,20171203,ZD772DU8,34.0,24,3,2,Lost,0.0,0.5464315476424645,73.0,73.0,2017-12,2017,12
2017-11-29,20171129,20170921,20171129,2KVQ5Z4M,78.0,16,4,2,Lost,0.0,0.003802329586856081,69.0,69.0,2017-11,2017,11
2017-11-27,20171127,20170922,20171127,U6LLSWEN,56.0,19,6,2,Lost,0.0,0.015963839887826677,66.0,66.0,2017-11,2017,11
2017-11-24,20171124,20170922,20171124,RVQTWBKE,20.0,19,5,2,Lost,0.0,0.0042184646949005,63.0,63.0,2017-11,2017,11
2017-11-29,20171129,20170922,20171129,BWPBMVQH,84.0,13,1,2,Lost,0.0,0.17123166117605668,68.0,68.0,2017-11,2017,11
2017-12-23,20171223,20170922,20171223,YPSXMDRH,71.0,18,2,4,Won,4976.0,1.0,92.0,92.0,2017-12,2017,12
2017-10-03,20171003,20170922,20171003,Q46QSEGT,30.0,10,2,2,Lost,0.0,0.005564996459858937,11.0,11.0,2017-10,2017,10
2017-12-24,20171224,20170922,20171224,DT0ZJ9Z2,38.0,10,2,4,Won,4991.0,1.0,93.0,93.0,2017-12,2017,12
2017-10-04,20171004,20170922,20171004,55ZNV61S,5.0,20,1,2,Lost,0.0,0.07361643531770486,12.0,12.0,2017-10,2017,10
2017-10-04,20171004,20170922,20171004,6PQS93V2,75.0,20,2,4,Won,5868.0,1.0,12.0,12.0,2017-10,2017,10
2017-12-21,20171221,20170922,20171221,V929BUUS,39.0,8,6,2,Lost,0.0,0.012306830778532736,90.0,90.0,2017-12,2017,12
2017-11-24,20171124,20170922,20171124,LDYYOH6W,4.0,8,2,4,Won,4938.0,1.0,63.0,63.0,2017-11,2017,11
2017-12-14,20171214,20170922,20171214,4MFY8UXP,59.0,8,4,4,Won,3772.0,0.999999999999682,83.0,83.0,2017-12,2017,12
2017-10-02,20171002,20170922,20171002,EBJMZ5VE,10.0,30,5,4,Won,5784.0,1.0,10.0,10.0,2017-10,2017,10
2017-10-02,20171002,20170922,20171002,CMXOTVL7,13.0,6,2,4,Won,3485.0,0.9999999999944056,10.0,10.0,2017-10,2017,10
2017-09-28,20170928,20170922,20170928,9XF2B7RS,21.0,32,1,4,Won,675.0,0.975843831257396,6.0,6.0,2017-09,2017,9
2017-11-28,20171128,20170922,20171128,WHV85GOQ,65.0,31,1,2,Lost,0.0,0.1252155658775644,67.0,67.0,2017-11,2017,11
2017-11-28,20171128,20170922,20171128,MXJAH0R5,55.0,34,3,2,Lost,0.0,0.47303953334385596,67.0,67.0,2017-11,2017,11
2017-11-02,20171102,20170922,20171102,OXW7DBDT,17.0,25,6,2,Lost,0.0,0.009070940206959581,41.0,41.0,2017-11,2017,11
2017-10-01,20171001,20170922,20171001,W5EGDYPK,51.0,25,3,4,Won,55.0,0.6614040564898052,9.0,9.0,2017-10,2017,10
2017-12-16,20171216,20170922,20171216,C13104YM,72.0,3,3,2,Lost,0.0,0.6400644451631067,85.0,85.0,2017-12,2017,12
2017-12-12,20171212,20170922,20171212,1GA3AFTX,57.0,3,4,2,Lost,0.0,0.008019889265060967,81.0,81.0,2017-12,2017,12
2017-10-01,20171001,20170922,20171001,389D515R,38.0,3,5,4,Won,5775.0,1.0,9.0,9.0,2017-10,2017,10
2017-11-18,20171118,20170922,20171118,2751GWVC,36.0,24,1,4,Won,651.0,0.976585108177881,57.0,57.0,2017-11,2017,11
2017-11-22,20171122,20170922,20171122,0UFUDIYT,61.0,24,1,4,Won,570.0,0.973247368232159,61.0,61.0,2017-11,2017,11
2017-12-30,20171230,20170922,20171230,Y3QBGJLM,6.0,24,3,4,Won,54.0,0.7158162700675479,99.0,99.0,2017-12,2017,12
2017-09-29,20170929,20170922,20170929,O7U4I96P,61.0,24,3,4,Won,47.0,0.7409476184131372,7.0,7.0,2017-09,2017,9
2017-11-08,20171108,20170922,20171108,Q0R3ZBNT,63.0,16,3,4,Won,56.0,0.7335825887297388,47.0,47.0,2017-11,2017,11
2017-10-05,20171005,20170923,20171005,FGUWP1NF,75.0,22,6,2,Lost,0.0,0.011778219236570693,12.0,12.0,2017-10,2017,10
2017-12-12,20171212,20170923,20171212,DH8R6PK5,57.0,10,2,2,Lost,0.0,0.007205046843937416,80.0,80.0,2017-12,2017,12
2017-09-30,20170930,20170923,20170930,ZKFWTRRT,4.0,10,2,4,Won,4422.0,0.9999999999999987,7.0,7.0,2017-09,2017,9
2017-10-02,20171002,20170923,20171002,941SDVVZ,36.0,10,2,4,Won,5357.0,1.0,9.0,9.0,2017-10,2017,10
2017-10-01,20171001,20170923,20171001,ODINSHYF,4.0,8,3,2,Lost,0.0,0.5026539789428847,8.0,8.0,2017-10,2017,10
2017-09-27,20170927,20170923,20170927,0TICPBMF,13.0,8,6,4,Won,1047.0,0.992302605086638,4.0,4.0,2017-09,2017,9
2017-12-29,20171229,20170923,20171229,WANX7LM0,59.0,8,2,4,Won,5013.0,1.0,97.0,97.0,2017-12,2017,12
2017-09-25,20170925,20170923,20170925,9F2MDA5R,24.0,26,4,4,Won,3197.0,0.9999999999516169,2.0,2.0,2017-09,2017,9
2017-10-05,20171005,20170923,20171005,JUKJ3RAB,38.0,6,6,2,Lost,0.0,0.01193937337894572,12.0,12.0,2017-10,2017,10
2017-10-02,20171002,20170923,20171002,YD3D41E0,85.0,6,6,4,Won,1127.0,0.993111560216833,9.0,9.0,2017-10,2017,10
2017-12-24,20171224,20170923,20171224,RX8711KI,54.0,32,1,4,Won,468.0,0.8989410114100249,92.0,92.0,2017-12,2017,12
2017-11-19,20171119,20170923,20171119,F3BJAMUL,58.0,32,3,4,Won,55.0,0.8031083655558903,57.0,57.0,2017-11,2017,11
2017-10-01,20171001,20170923,20171001,HZS2YVRN,24.0,31,3,4,Won,57.0,0.7371341896662871,8.0,8.0,2017-10,2017,10
2017-11-07,20171107,20170923,20171107,W3B077GY,85.0,4,3,2,Lost,0.0,0.2953221804307265,45.0,45.0,2017-11,2017,11
2017-11-27,20171127,20170923,20171127,MGR0TSPK,57.0,4,6,4,Won,946.0,0.9858469790523096,65.0,65.0,2017-11,2017,11
2017-10-02,20171002,20170923,20171002,TEF07JM6,77.0,27,1,2,Lost,0.0,0.03832546407559978,9.0,9.0,2017-10,2017,10
2017-11-14,20171114,20170923,20171114,N8SVXI48,83.0,34,1,2,Lost,0.0,0.12388663713995539,52.0,52.0,2017-11,2017,11
2017-11-06,20171106,20170923,20171106,VG1WQW88,31.0,34,3,2,Lost,0.0,0.5047088038935089,44.0,44.0,2017-11,2017,11
2017-11-27,20171127,20170923,20171127,MEKVHSCB,19.0,5,3,2,Lost,0.0,0.6626778052788997,65.0,65.0,2017-11,2017,11
2017-10-05,20171005,20170923,20171005,PBJ62FC3,48.0,14,2,2,Lost,0.0,0.003310088551927365,12.0,12.0,2017-10,2017,10
2017-12-17,20171217,20170923,20171217,O04P1WN6,36.0,24,2,4,Won,4415.0,0.9999999999999989,85.0,85.0,2017-12,2017,12
2017-10-02,20171002,20170923,20171002,600FP406,5.0,12,3,4,Won,60.0,0.6822813306206714,9.0,9.0,2017-10,2017,10
2017-10-01,20171001,20170923,20171001,2EFTTOAV,33.0,33,5,4,Won,5865.0,1.0,8.0,8.0,2017-10,2017,10
2017-11-23,20171123,20170924,20171123,DDXFIBEY,73.0,1,5,2,Lost,0.0,0.00813494860488848,60.0,60.0,2017-11,2017,11
2017-11-27,20171127,20170924,20171127,5BRWXIU3,11.0,1,3,2,Lost,0.0,0.5607287271706509,64.0,64.0,2017-11,2017,11
2017-12-14,20171214,20170924,20171214,WN9ZY701,42.0,22,6,2,Lost,0.0,0.012579898669365258,81.0,81.0,2017-12,2017,12
2017-10-04,20171004,20170924,20171004,DA8D04ED,29.0,2,4,2,Lost,0.0,0.002502824662575818,10.0,10.0,2017-10,2017,10
2017-10-02,20171002,20170924,20171002,WLQC2XK4,60.0,2,3,4,Won,54.0,0.749289137635973,8.0,8.0,2017-10,2017,10
2017-12-27,20171227,20170924,20171227,A4CVM3PM,53.0,13,2,4,Won,5069.0,1.0,94.0,94.0,2017-12,2017,12
2017-10-05,20171005,20170924,20171005,CNLE5EJ2,44.0,18,5,4,Won,5378.0,1.0,11.0,11.0,2017-10,2017,10
2017-12-04,20171204,20170924,20171204,D3HUUVPL,49.0,18,2,4,Won,5255.0,1.0,71.0,71.0,2017-12,2017,12
2017-10-04,20171004,20170924,20171004,2UNDAQZ2,16.0,10,6,2,Lost,0.0,0.010478628770963786,10.0,10.0,2017-10,2017,10
2017-10-03,20171003,20170924,20171003,R2E45IQ8,13.0,10,5,4,Won,5144.0,1.0,9.0,9.0,2017-10,2017,10
2017-11-16,20171116,20170924,20171116,UX0H8B3W,20.0,20,5,2,Lost,0.0,0.0029829827882432497,53.0,53.0,2017-11,2017,11
2017-10-03,20171003,20170924,20171003,VM0A3057,55.0,30,5,4,Won,5527.0,1.0,9.0,9.0,2017-10,2017,10
2017-12-19,20171219,20170924,20171219,DX9CCI9C,50.0,31,4,2,Lost,0.0,0.004443033056272687,86.0,86.0,2017-12,2017,12
2017-10-02,20171002,20170924,20171002,8SE1W979,36.0,4,1,2,Lost,0.0,0.06111333114832291,8.0,8.0,2017-10,2017,10
2017-12-21,20171221,20170924,20171221,L6AOARQ9,15.0,4,1,4,Won,452.0,0.8318068996580056,88.0,88.0,2017-12,2017,12
2017-10-05,20171005,20170924,20171005,I83GQQHA,42.0,27,4,2,Lost,0.0,0.0018030498736606492,11.0,11.0,2017-10,2017,10
2017-12-28,20171228,20170924,20171228,10984DDU,72.0,5,5,4,Won,7300.0,1.0,95.0,95.0,2017-12,2017,12
2017-11-09,20171109,20170924,20171109,JQVW0KJV,28.0,3,3,2,Lost,0.0,0.5110319725203946,46.0,46.0,2017-11,2017,11
2017-11-26,20171126,20170924,20171126,UWZHNMR4,6.0,24,5,4,Won,5196.0,1.0,63.0,63.0,2017-11,2017,11
2017-12-26,20171226,20170924,20171226,TRET6F45,22.0,24,5,4,Won,5624.0,1.0,93.0,93.0,2017-12,2017,12
2017-12-15,20171215,20170924,20171215,8DDC9RLE,41.0,24,4,4,Won,4110.0,0.9999999999999778,82.0,82.0,2017-12,2017,12
2017-10-04,20171004,20170925,20171004,TFGYLK6C,38.0,1,1,2,Lost,0.0,0.11041700194784321,9.0,9.0,2017-10,2017,10
2017-12-18,20171218,20170925,20171218,4YXXI2OI,11.0,1,3,4,Won,53.0,0.6875091984983354,84.0,84.0,2017-12,2017,12
2017-09-27,20170927,20170925,20170927,3C7A75LH,48.0,19,2,4,Won,5727.0,1.0,2.0,2.0,2017-09,2017,9
2017-09-28,20170928,20170925,20170928,02LUGFJS,56.0,19,2,4,Won,4308.0,0.9999999999999964,3.0,3.0,2017-09,2017,9
2017-12-09,20171209,20170925,20171209,KPF0GREK,56.0,19,4,4,Won,3329.0,0.9999999999805149,75.0,75.0,2017-12,2017,12
2017-10-03,20171003,20170925,20171003,HEG2JK9Y,43.0,18,6,2,Lost,0.0,0.007132435336353408,8.0,8.0,2017-10,2017,10
2017-10-04,20171004,20170925,20171004,1ZCAL93A,36.0,10,5,2,Lost,0.0,0.004473591796337487,9.0,9.0,2017-10,2017,10
2017-10-04,20171004,20170925,20171004,5NW6HK74,17.0,28,3,2,Lost,0.0,0.4989240562613052,9.0,9.0,2017-10,2017,10
2017-10-03,20171003,20170925,20171003,7WFASDCZ,30.0,6,1,2,Lost,0.0,0.14531486873012708,8.0,8.0,2017-10,2017,10
2017-12-08,20171208,20170925,20171208,7XNX75LI,19.0,6,5,2,Lost,0.0,0.010187342339786618,74.0,74.0,2017-12,2017,12
2017-11-27,20171127,20170925,20171127,RAUWH0GP,46.0,32,5,4,Won,6105.0,1.0,63.0,63.0,2017-11,2017,11
2017-11-13,20171113,20170925,20171113,I86I0TJG,77.0,31,1,4,Won,549.0,0.9064722867716458,49.0,49.0,2017-11,2017,11
2017-11-12,20171112,20170925,20171112,TFW3KAYZ,17.0,31,2,4,Won,4828.0,1.0,48.0,48.0,2017-11,2017,11
2017-10-04,20171004,20170925,20171004,9NH8ACMQ,19.0,7,6,2,Lost,0.0,0.01970554109792853,9.0,9.0,2017-10,2017,10
2017-10-03,20171003,20170925,20171003,86KARIC1,79.0,34,1,2,Lost,0.0,0.0874206739439046,8.0,8.0,2017-10,2017,10
2017-10-04,20171004,20170925,20171004,N2SLAOZR,23.0,5,1,2,Lost,0.0,0.07032628298646676,9.0,9.0,2017-10,2017,10
2017-11-30,20171130,20170925,20171130,02TUKBP3,85.0,5,3,2,Lost,0.0,0.3877901389322016,66.0,66.0,2017-11,2017,11
2017-10-04,20171004,20170925,20171004,KU0YOR3J,85.0,9,6,4,Won,1189.0,0.9940272427299129,9.0,9.0,2017-10,2017,10
2017-11-28,20171128,20170925,20171128,BRGJCWO1,36.0,9,3,4,Won,51.0,0.6116912660821496,64.0,64.0,2017-11,2017,11
2017-12-24,20171224,20170925,20171224,IEIZU3TY,49.0,21,6,2,Lost,0.0,0.021103134922349356,90.0,90.0,2017-12,2017,12
2017-10-03,20171003,20170925,20171003,35KZ6QTP,77.0,25,4,2,Lost,0.0,0.0014968871947314381,8.0,8.0,2017-10,2017,10
2017-10-03,20171003,20170925,20171003,V5ZP09PO,19.0,3,6,2,Lost,0.0,0.019001321508719388,8.0,8.0,2017-10,2017,10
2017-11-20,20171120,20170925,20171120,VKB9RFJT,12.0,3,3,4,Won,55.0,0.7915404944602826,56.0,56.0,2017-11,2017,11
2017-10-04,20171004,20170925,20171004,Y9HHGGOQ,15.0,3,3,4,Won,53.0,0.6472627277305238,9.0,9.0,2017-10,2017,10
2017-10-05,20171005,20170925,20171005,H3AEZ2BZ,55.0,24,3,2,Lost,0.0,0.4165416986062132,10.0,10.0,2017-10,2017,10
2017-12-09,20171209,20170925,20171209,LUXAXNBV,18.0,16,5,4,Won,5960.0,1.0,75.0,75.0,2017-12,2017,12
2017-10-04,20171004,20170925,20171004,0XBMBVFP,34.0,33,4,4,Won,3438.0,0.9999999999829337,9.0,9.0,2017-10,2017,10
2017-10-06,20171006,20170926,20171006,8KIMVD15,9.0,1,3,2,Lost,0.0,0.6189328553810161,10.0,10.0,2017-10,2017,10
2017-11-03,20171103,20170926,20171103,Q06QD8ZW,29.0,1,3,4,Won,54.0,0.6248622513034365,38.0,38.0,2017-11,2017,11
2017-11-06,20171106,20170926,20171106,0SD3OBQI,44.0,22,6,2,Lost,0.0,0.01543122263684634,41.0,41.0,2017-11,2017,11
2017-10-05,20171005,20170926,20171005,YKZFQT7K,43.0,19,1,2,Lost,0.0,0.06780195420359299,9.0,9.0,2017-10,2017,10
2017-09-28,20170928,20170926,20170928,I25J5M7W,40.0,19,4,2,Lost,0.0,0.003906339888162137,2.0,2.0,2017-09,2017,9
2017-10-06,20171006,20170926,20171006,B2Z4BB5U,72.0,2,5,2,Lost,0.0,0.004942570634763639,10.0,10.0,2017-10,2017,10
2017-10-07,20171007,20170926,20171007,87ZXBDQS,39.0,2,3,2,Lost,0.0,0.5247703133232932,11.0,11.0,2017-10,2017,10
2017-10-03,20171003,20170926,20171003,3LYVAV6P,67.0,2,3,4,Won,55.0,0.5452866082195117,7.0,7.0,2017-10,2017,10
2017-11-19,20171119,20170926,20171119,7I2O2ZCR,78.0,13,6,2,Lost,0.0,0.011111050660721903,54.0,54.0,2017-11,2017,11
2017-11-19,20171119,20170926,20171119,SUX7JFN7,44.0,18,6,2,Lost,0.0,0.01447348843432275,54.0,54.0,2017-11,2017,11
2017-10-03,20171003,20170926,20171003,5DL7R4C3,36.0,10,2,2,Lost,0.0,0.0033957918775144916,7.0,7.0,2017-10,2017,10
2017-10-02,20171002,20170926,20171002,61ON3Y6O,68.0,10,3,2,Lost,0.0,0.5622254217500576,6.0,6.0,2017-10,2017,10
2017-11-13,20171113,20170926,20171113,HOEKIDDI,26.0,20,2,2,Lost,0.0,0.002027772612086896,48.0,48.0,2017-11,2017,11
2017-10-09,20171009,20170926,20171009,10YLM9VF,65.0,28,2,2,Lost,0.0,0.0037992777446006864,13.0,13.0,2017-10,2017,10
2017-11-27,20171127,20170926,20171127,LN0DF2XI,65.0,28,3,4,Won,48.0,0.6930455784945369,62.0,62.0,2017-11,2017,11
2017-11-24,20171124,20170926,20171124,ZNE0DAIF,36.0,26,6,2,Lost,0.0,0.01593880985803433,59.0,59.0,2017-11,2017,11
2017-12-14,20171214,20170926,20171214,DTCHPCBB,24.0,26,4,4,Won,3553.0,0.9999999999985449,79.0,79.0,2017-12,2017,12
2017-10-04,20171004,20170926,20171004,YID2GAED,77.0,30,5,2,Lost,0.0,0.0029536077495528595,8.0,8.0,2017-10,2017,10
2017-10-05,20171005,20170926,20171005,QFKL9UK2,41.0,31,2,4,Won,4727.0,1.0,9.0,9.0,2017-10,2017,10
2017-10-02,20171002,20170926,20171002,MC3OSDV0,70.0,31,3,4,Won,65.0,0.6546661481497557,6.0,6.0,2017-10,2017,10
2017-12-25,20171225,20170926,20171225,C7DOYN5Y,57.0,4,1,4,Won,585.0,0.9657717202751014,90.0,90.0,2017-12,2017,12
2017-10-03,20171003,20170926,20171003,K79T6VNV,54.0,27,3,2,Lost,0.0,0.34890408566144754,7.0,7.0,2017-10,2017,10
2017-10-03,20171003,20170926,20171003,DX8R6PA4,16.0,7,6,2,Lost,0.0,0.012783660005292697,7.0,7.0,2017-10,2017,10
2017-10-07,20171007,20170926,20171007,FZDD9758,9.0,7,4,2,Lost,0.0,0.0050444552564892645,11.0,11.0,2017-10,2017,10
2017-10-04,20171004,20170926,20171004,0SIFT5DE,57.0,7,4,2,Lost,0.0,0.0059849791080421435,8.0,8.0,2017-10,2017,10
2017-10-07,20171007,20170926,20171007,MZSCFJZS,45.0,7,5,4,Won,5708.0,1.0,11.0,11.0,2017-10,2017,10
2017-10-05,20171005,20170926,20171005,D6X5T9D4,36.0,34,3,2,Lost,0.0,0.4924189982763151,9.0,9.0,2017-10,2017,10
2017-11-15,20171115,20170926,20171115,69Z30MBF,4.0,5,1,4,Won,571.0,0.9519134989851695,50.0,50.0,2017-11,2017,11
2017-12-24,20171224,20170926,20171224,SH0BSL0Z,62.0,5,1,4,Won,619.0,0.9668298535947357,89.0,89.0,2017-12,2017,12
2017-10-03,20171003,20170926,20171003,Q5E0NILP,20.0,21,4,4,Won,2984.0,0.99999999931183,7.0,7.0,2017-10,2017,10
2017-10-01,20171001,20170926,20171001,RFTDQJ0U,5.0,14,1,4,Won,558.0,0.9350802085286081,5.0,5.0,2017-10,2017,10
2017-12-02,20171202,20170926,20171202,76NU9866,12.0,14,3,4,Won,57.0,0.7486702382545142,67.0,67.0,2017-12,2017,12
2017-11-30,20171130,20170926,20171130,13O8NTOT,37.0,12,3,4,Won,61.0,0.7003497908129716,65.0,65.0,2017-11,2017,11
2017-12-26,20171226,20170927,20171226,AS3IYIRO,36.0,1,1,4,Won,543.0,0.9576226691604519,90.0,90.0,2017-12,2017,12
2017-12-12,20171212,20170927,20171212,L1WPBDZG,84.0,22,2,4,Won,4125.0,0.9999999999999891,76.0,76.0,2017-12,2017,12
2017-12-29,20171229,20170927,20171229,QK98E62R,26.0,19,5,4,Won,5301.0,1.0,93.0,93.0,2017-12,2017,12
2017-10-05,20171005,20170927,20171005,F9THW1PW,43.0,13,1,4,Won,495.0,0.8759247077058412,8.0,8.0,2017-10,2017,10
2017-10-05,20171005,20170927,20171005,LQJISQSD,5.0,13,6,4,Won,955.0,0.9853184532508993,8.0,8.0,2017-10,2017,10
2017-10-04,20171004,20170927,20171004,84SZ58S9,40.0,18,6,4,Won,1225.0,0.9986070964377985,7.0,7.0,2017-10,2017,10
2017-10-02,20171002,20170927,20171002,Q5I9JWH7,59.0,10,2,2,Lost,0.0,0.004920997298466638,5.0,5.0,2017-10,2017,10
2017-12-25,20171225,20170927,20171225,6BSKCQCX,13.0,10,1,4,Won,608.0,0.9741036173500953,89.0,89.0,2017-12,2017,12
2017-11-13,20171113,20170927,20171113,UKQD4DPD,76.0,10,2,4,Won,4515.0,0.9999999999999996,47.0,47.0,2017-11,2017,11
2017-10-06,20171006,20170927,20171006,SI874ZK5,63.0,20,2,2,Lost,0.0,0.003006073754664949,9.0,9.0,2017-10,2017,10
2017-12-18,20171218,20170927,20171218,6XP6FVMN,33.0,28,4,4,Won,3772.0,0.9999999999995737,82.0,82.0,2017-12,2017,12
2017-10-05,20171005,20170927,20171005,NDMEB0VG,42.0,15,4,2,Lost,0.0,0.0027304924118856507,8.0,8.0,2017-10,2017,10
2017-12-08,20171208,20170927,20171208,IGFQGZDK,4.0,8,1,4,Won,540.0,0.9407311567267754,72.0,72.0,2017-12,2017,12
2017-09-30,20170930,20170927,20170930,Y2DLFFN6,9.0,8,4,4,Won,2800.0,0.9999999968303093,3.0,3.0,2017-09,2017,9
2017-10-05,20171005,20170927,20171005,I6UCM2J9,66.0,8,4,4,Won,3250.0,0.9999999999705025,8.0,8.0,2017-10,2017,10
2017-10-07,20171007,20170927,20171007,PT0I4XSM,54.0,26,6,4,Won,1232.0,0.998466108423845,10.0,10.0,2017-10,2017,10
2017-10-04,20171004,20170927,20171004,X718EF6Y,35.0,26,4,4,Won,2811.0,0.9999999970161662,7.0,7.0,2017-10,2017,10
2017-12-07,20171207,20170927,20171207,VUAFV8SS,47.0,30,6,4,Won,1178.0,0.9977315499039672,71.0,71.0,2017-12,2017,12
2017-12-22,20171222,20170927,20171222,SXPV3WCV,73.0,6,2,4,Won,4869.0,1.0,86.0,86.0,2017-12,2017,12
2017-12-03,20171203,20170927,20171203,9PH1EWCH,10.0,32,4,2,Lost,0.0,0.0059688694293702944,67.0,67.0,2017-12,2017,12
2017-10-02,20171002,20170927,20171002,THPCTGNI,38.0,4,5,2,Lost,0.0,0.003116575370982446,5.0,5.0,2017-10,2017,10
2017-12-18,20171218,20170927,20171218,XR4PPDOB,12.0,4,1,4,Won,507.0,0.9271716716202938,82.0,82.0,2017-12,2017,12
2017-10-06,20171006,20170927,20171006,EK06CNRW,4.0,4,4,4,Won,3681.0,0.9999999999982392,9.0,9.0,2017-10,2017,10
2017-10-01,20171001,20170927,20171001,Q25T8PKX,17.0,27,6,2,Lost,0.0,0.006643120942816853,4.0,4.0,2017-10,2017,10
2017-10-02,20171002,20170927,20171002,V86S5LWV,19.0,7,6,2,Lost,0.0,0.019263165945714197,5.0,5.0,2017-10,2017,10
2017-10-05,20171005,20170927,20171005,K8Y7CK9T,73.0,7,5,4,Won,5280.0,1.0,8.0,8.0,2017-10,2017,10
2017-11-27,20171127,20170927,20171127,ADS3CQ4B,24.0,25,3,4,Won,50.0,0.731819373835115,61.0,61.0,2017-11,2017,11
2017-09-29,20170929,20170927,20170929,9UBU6UW4,28.0,3,3,4,Won,59.0,0.6027272786627453,2.0,2.0,2017-09,2017,9
2017-10-03,20171003,20170927,20171003,ZP9HW0LH,42.0,24,4,4,Won,3794.0,0.9999999999994214,6.0,6.0,2017-10,2017,10
2017-10-03,20171003,20170927,20171003,WV41OJHX,26.0,16,4,4,Won,3786.0,0.9999999999993168,6.0,6.0,2017-10,2017,10
2017-10-07,20171007,20170928,20171007,FTUJY4FP,12.0,19,6,2,Lost,0.0,0.014526842068830058,9.0,9.0,2017-10,2017,10
2017-12-19,20171219,20170928,20171219,ORBIW519,56.0,20,4,2,Lost,0.0,0.003905712293977956,82.0,82.0,2017-12,2017,12
2017-10-07,20171007,20170928,20171007,369V78M2,49.0,20,2,4,Won,5553.0,1.0,9.0,9.0,2017-10,2017,10
2017-10-08,20171008,20170928,20171008,792JYPG1,44.0,20,4,4,Won,3557.0,0.9999999999957083,10.0,10.0,2017-10,2017,10
2017-10-08,20171008,20170928,20171008,Y6Q7Z0SO,33.0,28,3,4,Won,63.0,0.6438919965233912,10.0,10.0,2017-10,2017,10
2017-11-11,20171111,20170928,20171111,9IM813OI,13.0,8,1,2,Lost,0.0,0.10170433640469123,44.0,44.0,2017-11,2017,11
2017-10-06,20171006,20170928,20171006,GXY3QZ2V,62.0,4,4,4,Won,3704.0,0.9999999999982012,8.0,8.0,2017-10,2017,10
2017-11-03,20171103,20170928,20171103,IVX52FRZ,30.0,7,6,2,Lost,0.0,0.022286766938224314,36.0,36.0,2017-11,2017,11
2017-10-03,20171003,20170928,20171003,2CN1G52G,36.0,7,4,2,Lost,0.0,0.0038344037594114505,5.0,5.0,2017-10,2017,10
2017-11-30,20171130,20170928,20171130,OR0PEAIV,59.0,7,6,4,Won,1133.0,0.9984694495484973,63.0,63.0,2017-11,2017,11
2017-12-09,20171209,20170928,20171209,EGOU8GB1,44.0,34,6,4,Won,1292.0,0.9994267571230377,72.0,72.0,2017-12,2017,12
2017-12-04,20171204,20170928,20171204,IIKN6Q8E,55.0,25,4,4,Won,3278.0,0.9999999999277958,67.0,67.0,2017-12,2017,12
2017-10-05,20171005,20170928,20171005,VTX8GPN8,11.0,3,3,4,Won,55.0,0.6111271829808096,7.0,7.0,2017-10,2017,10
2017-12-23,20171223,20170928,20171223,DVGY4X7E,24.0,24,1,4,Won,498.0,0.9521510364626301,86.0,86.0,2017-12,2017,12
2017-12-30,20171230,20170928,20171230,W9LAIASV,70.0,24,3,4,Won,55.0,0.7255263794329229,93.0,93.0,2017-12,2017,12
2017-10-05,20171005,20170928,20171005,1JFYPP8R,10.0,33,1,4,Won,571.0,0.9397694117741512,7.0,7.0,2017-10,2017,10
2017-10-05,20171005,20170929,20171005,A62JDGQK,8.0,18,2,4,Won,4942.0,1.0,6.0,6.0,2017-10,2017,10
2017-10-05,20171005,20170929,20171005,K25Z2KKH,68.0,10,6,2,Lost,0.0,0.012412245996008273,6.0,6.0,2017-10,2017,10
2017-12-07,20171207,20170929,20171207,U3F5X6BB,5.0,20,3,2,Lost,0.0,0.5199257940974836,69.0,69.0,2017-12,2017,12
2017-10-01,20171001,20170929,20171001,VJD27D8U,64.0,28,2,4,Won,5340.0,1.0,2.0,2.0,2017-10,2017,10
2017-10-03,20171003,20170929,20171003,9TMPRT6R,75.0,15,1,2,Lost,0.0,0.09406980076195567,4.0,4.0,2017-10,2017,10
2017-10-08,20171008,20170929,20171008,CE81S7UN,84.0,15,4,2,Lost,0.0,0.004596457764907064,9.0,9.0,2017-10,2017,10
2017-10-09,20171009,20170929,20171009,LEPH90QI,39.0,8,5,4,Won,5689.0,1.0,10.0,10.0,2017-10,2017,10
2017-10-08,20171008,20170929,20171008,X1QNN2DG,58.0,30,1,2,Lost,0.0,0.14183524634546008,9.0,9.0,2017-10,2017,10
2017-10-11,20171011,20170929,20171011,J8G6HTCM,47.0,30,3,2,Lost,0.0,0.4672627665615764,12.0,12.0,2017-10,2017,10
2017-12-30,20171230,20170929,20171230,94P229FH,19.0,4,3,4,Won,52.0,0.7230544479814426,92.0,92.0,2017-12,2017,12
2017-12-10,20171210,20170929,20171210,Q6F9JWTY,57.0,4,4,4,Won,3131.0,0.9999999998644002,72.0,72.0,2017-12,2017,12
2017-10-09,20171009,20170929,20171009,75JW1GRR,44.0,27,6,2,Lost,0.0,0.008515799843419951,10.0,10.0,2017-10,2017,10
2017-10-06,20171006,20170929,20171006,P7X2J5DO,64.0,27,5,2,Lost,0.0,0.0038095150109158553,7.0,7.0,2017-10,2017,10
2017-11-27,20171127,20170929,20171127,LKBDKJLM,6.0,27,3,2,Lost,0.0,0.4671699749632444,59.0,59.0,2017-11,2017,11
2017-10-10,20171010,20170929,20171010,9OT0018Y,32.0,27,4,2,Lost,0.0,0.003189554296384771,11.0,11.0,2017-10,2017,10
2017-10-05,20171005,20170929,20171005,I6RH33SU,72.0,7,4,4,Won,3957.0,0.999999999999911,6.0,6.0,2017-10,2017,10
2017-12-30,20171230,20170929,20171230,STCU1IXE,73.0,9,1,4,Won,523.0,0.9307752773886746,92.0,92.0,2017-12,2017,12
2017-12-21,20171221,20170929,20171221,E3CR358L,73.0,9,6,4,Won,1156.0,0.9975127352598415,83.0,83.0,2017-12,2017,12
2017-10-06,20171006,20170929,20171006,BTOD096J,8.0,21,2,2,Lost,0.0,0.006893150091227494,7.0,7.0,2017-10,2017,10
2017-11-30,20171130,20170929,20171130,1B2WYHTY,54.0,25,4,4,Won,3509.0,0.9999999999921143,62.0,62.0,2017-11,2017,11
2017-10-08,20171008,20170929,20171008,LB5622YN,36.0,3,3,2,Lost,0.0,0.5580446671987983,9.0,9.0,2017-10,2017,10
2017-10-03,20171003,20170929,20171003,HIX9V4W1,19.0,3,4,2,Lost,0.0,0.005813556923231687,4.0,4.0,2017-10,2017,10
2017-10-06,20171006,20170929,20171006,XQ6FMG3L,47.0,24,1,2,Lost,0.0,0.06713148451852223,7.0,7.0,2017-10,2017,10
2017-12-08,20171208,20170929,20171208,W40IER4O,65.0,24,3,4,Won,59.0,0.7211308617127701,70.0,70.0,2017-12,2017,12
2017-10-08,20171008,20170929,20171008,88PIK8A6,43.0,12,3,2,Lost,0.0,0.4658903068335169,9.0,9.0,2017-10,2017,10
2017-10-05,20171005,20170929,20171005,6K31TYOR,41.0,33,1,4,Won,502.0,0.8590634184666477,6.0,6.0,2017-10,2017,10
2017-12-04,20171204,20170930,20171204,H29XGJ5H,57.0,1,1,2,Lost,0.0,0.1850329813767959,65.0,65.0,2017-12,2017,12
2017-10-01,20171001,20170930,20171001,FSBZ3KOY,72.0,1,5,2,Lost,0.0,0.005168795512797049,1.0,1.0,2017-10,2017,10
2017-12-05,20171205,20170930,20171205,T4SSD24J,63.0,22,1,4,Won,541.0,0.9527370992320369,66.0,66.0,2017-12,2017,12
2017-12-19,20171219,20170930,20171219,ZDB6D35R,52.0,19,5,4,Won,5026.0,1.0,80.0,80.0,2017-12,2017,12
2017-10-10,20171010,20170930,20171010,8RVTZBQO,19.0,2,4,4,Won,3148.0,0.9999999999095275,10.0,10.0,2017-10,2017,10
2017-10-06,20171006,20170930,20171006,CMM4A6NJ,39.0,10,6,2,Lost,0.0,0.009452912878289067,6.0,6.0,2017-10,2017,10
2017-10-12,20171012,20170930,20171012,7PMUB7T4,4.0,10,2,2,Lost,0.0,0.003835994205583218,12.0,12.0,2017-10,2017,10
2017-10-05,20171005,20170930,20171005,KTHAX2XV,39.0,10,2,2,Lost,0.0,0.003181541505009197,5.0,5.0,2017-10,2017,10
2017-10-09,20171009,20170930,20171009,IHOTG9ZQ,60.0,10,4,4,Won,3006.0,0.9999999996472311,9.0,9.0,2017-10,2017,10
2017-12-19,20171219,20170930,20171219,O2BF1KAT,49.0,15,3,2,Lost,0.0,0.6073233821374755,80.0,80.0,2017-12,2017,12
2017-10-07,20171007,20170930,20171007,12HOWQMI,42.0,15,2,4,Won,5203.0,1.0,7.0,7.0,2017-10,2017,10
2017-10-07,20171007,20170930,20171007,CXY4CXX1,12.0,8,3,2,Lost,0.0,0.5729175071079737,7.0,7.0,2017-10,2017,10
2017-12-10,20171210,20170930,20171210,IIOVCSHC,77.0,26,4,4,Won,2927.0,0.9999999988460446,71.0,71.0,2017-12,2017,12
2017-10-08,20171008,20170930,20171008,3E09X4S2,58.0,31,1,2,Lost,0.0,0.12853029301100222,8.0,8.0,2017-10,2017,10
2017-10-07,20171007,20170930,20171007,6BATTRKM,23.0,4,1,2,Lost,0.0,0.05291215226644611,7.0,7.0,2017-10,2017,10
2017-12-20,20171220,20170930,20171220,GCWTH2MD,39.0,4,4,2,Lost,0.0,0.0027806776367095888,81.0,81.0,2017-12,2017,12
2017-10-11,20171011,20170930,20171011,C563WHG1,3.0,4,5,4,Won,6156.0,1.0,11.0,11.0,2017-10,2017,10
2017-10-09,20171009,20170930,20171009,D9WBSJRC,76.0,7,2,4,Won,5007.0,1.0,9.0,9.0,2017-10,2017,10
2017-12-06,20171206,20170930,20171206,X8P0Q1EU,61.0,34,3,4,Won,59.0,0.7872987013683422,67.0,67.0,2017-12,2017,12
2017-10-07,20171007,20170930,20171007,PBGB323I,9.0,5,1,4,Won,549.0,0.939017198483335,7.0,7.0,2017-10,2017,10
2017-11-27,20171127,20170930,20171127,V5THS9V8,39.0,9,6,4,Won,1117.0,0.9951824942273747,58.0,58.0,2017-11,2017,11
2017-10-08,20171008,20170930,20171008,579RHB6S,66.0,3,3,4,Won,57.0,0.8359662475197998,8.0,8.0,2017-10,2017,10
2017-10-09,20171009,20170930,20171009,9HWUTUXQ,47.0,24,1,2,Lost,0.0,0.0678602073529561,9.0,9.0,2017-10,2017,10
2017-10-08,20171008,20170930,20171008,T58F1T8V,1.0,12,3,2,Lost,0.0,0.4000349722510723,8.0,8.0,2017-10,2017,10
2017-12-24,20171224,20170930,20171224,U3UT9B1U,63.0,12,3,4,Won,55.0,0.7587583034842695,85.0,85.0,2017-12,2017,12
2017-12-22,20171222,20170930,20171222,HY7D36UC,74.0,12,3,4,Won,63.0,0.6648993822379256,83.0,83.0,2017-12,2017,12
2017-10-08,20171008,20170930,20171008,9YVTJF6C,58.0,33,6,4,Won,1108.0,0.9962095576627633,8.0,8.0,2017-10,2017,10
2017-12-10,20171210,20170930,20171210,JGZVNKMT,79.0,33,6,4,Won,944.0,0.9814727717207316,71.0,71.0,2017-12,2017,12
2017-10-11,20171011,20171001,20171011,5B3BKUMD,23.0,1,1,2,Lost,0.0,0.09799918874040268,10.0,10.0,2017-10,2017,10
2017-10-06,20171006,20171001,20171006,MGHWZSN2,71.0,22,4,2,Lost,0.0,0.0031047343064458054,5.0,5.0,2017-10,2017,10
2017-12-01,20171201,20171001,20171201,84N2YHUB,44.0,19,1,2,Lost,0.0,0.13498543058424697,61.0,61.0,2017-12,2017,12
2017-12-10,20171210,20171001,20171210,IFVL4WL5,68.0,2,5,4,Won,3704.0,0.9999999999996041,70.0,70.0,2017-12,2017,12
2017-10-07,20171007,20171001,20171007,8EPT4HEV,44.0,13,5,2,Lost,0.0,0.006531896142700716,6.0,6.0,2017-10,2017,10
2017-10-03,20171003,20171001,20171003,HZNNKQ0T,18.0,13,6,4,Won,1076.0,0.9968833259814011,2.0,2.0,2017-10,2017,10
2017-12-18,20171218,20171001,20171218,Z6ETLZQU,49.0,13,5,4,Won,5528.0,1.0,78.0,78.0,2017-12,2017,12
2017-10-10,20171010,20171001,20171010,7MSQSYWR,37.0,18,6,2,Lost,0.0,0.008946774956019013,9.0,9.0,2017-10,2017,10
2017-12-01,20171201,20171001,20171201,5VJIXV02,80.0,18,2,2,Lost,0.0,0.006192121092142154,61.0,61.0,2017-12,2017,12
2017-10-08,20171008,20171001,20171008,G23RCHB6,60.0,10,2,2,Lost,0.0,0.005785267811054028,7.0,7.0,2017-10,2017,10
2017-10-09,20171009,20171001,20171009,RMFG5C6C,29.0,10,2,4,Won,4594.0,0.9999999999999996,8.0,8.0,2017-10,2017,10
2017-12-06,20171206,20171001,20171206,U2JOATN3,62.0,10,2,4,Won,6166.0,1.0,66.0,66.0,2017-12,2017,12
2017-10-07,20171007,20171001,20171007,JGZ3F67I,43.0,20,1,2,Lost,0.0,0.053840519535252616,6.0,6.0,2017-10,2017,10
2017-12-30,20171230,20171001,20171230,FHCSKQ4K,7.0,20,5,4,Won,5270.0,1.0,90.0,90.0,2017-12,2017,12
2017-11-17,20171117,20171001,20171117,TU58PHME,69.0,15,5,2,Lost,0.0,0.005399313241470909,47.0,47.0,2017-11,2017,11
2017-10-08,20171008,20171001,20171008,9ZVX7NVU,77.0,26,6,2,Lost,0.0,0.008212602342798993,7.0,7.0,2017-10,2017,10
2017-10-05,20171005,20171001,20171005,I4OJHXIN,10.0,26,4,4,Won,3169.0,0.999999999919039,4.0,4.0,2017-10,2017,10
2017-11-24,20171124,20171001,20171124,NE300YJ0,73.0,6,1,4,Won,571.0,0.9656095359791336,54.0,54.0,2017-11,2017,11
2017-12-03,20171203,20171001,20171203,TYLSS719,32.0,32,1,2,Lost,0.0,0.18631270397731683,63.0,63.0,2017-12,2017,12
2017-10-13,20171013,20171001,20171013,M3SQPUB1,33.0,32,5,4,Won,6304.0,1.0,12.0,12.0,2017-10,2017,10
2017-10-02,20171002,20171001,20171002,PEIZDYXE,10.0,27,1,2,Lost,0.0,0.07599631344266866,1.0,1.0,2017-10,2017,10
2017-10-05,20171005,20171001,20171005,HGG0EZ00,34.0,27,2,2,Lost,0.0,0.002113695639383425,4.0,4.0,2017-10,2017,10
2017-10-12,20171012,20171001,20171012,XRRMX8K6,67.0,7,1,2,Lost,0.0,0.07699947118933034,11.0,11.0,2017-10,2017,10
2017-12-15,20171215,20171001,20171215,BJLJV8XE,12.0,7,2,4,Won,4578.0,0.9999999999999998,75.0,75.0,2017-12,2017,12
2017-12-18,20171218,20171001,20171218,AQH7ORZZ,7.0,21,3,4,Won,62.0,0.7539880351718757,78.0,78.0,2017-12,2017,12
2017-10-08,20171008,20171001,20171008,GLG1IOHT,41.0,25,3,4,Won,51.0,0.5520783623523652,7.0,7.0,2017-10,2017,10
2017-11-30,20171130,20171001,20171130,89MUGU6K,7.0,14,2,4,Won,4881.0,1.0,60.0,60.0,2017-11,2017,11
2017-12-18,20171218,20171001,20171218,F5OETS8V,31.0,24,1,4,Won,544.0,0.9425612995602554,78.0,78.0,2017-12,2017,12
2017-12-16,20171216,20171001,20171216,CU7KT53A,32.0,24,4,4,Won,2941.0,0.9999999995142466,76.0,76.0,2017-12,2017,12
2017-12-13,20171213,20171001,20171213,0BYU67KG,26.0,16,4,2,Lost,0.0,0.003333504208394004,73.0,73.0,2017-12,2017,12
2017-10-11,20171011,20171001,20171011,SLXPTSGS,12.0,16,3,4,Won,44.0,0.7327130774516539,10.0,10.0,2017-10,2017,10
2017-12-23,20171223,20171001,20171223,FZGGKS2D,17.0,33,5,4,Won,4910.0,1.0,83.0,83.0,2017-12,2017,12
2017-10-14,20171014,20171002,20171014,6HDTZCCM,76.0,1,5,2,Lost,0.0,0.0074903250591352505,12.0,12.0,2017-10,2017,10
2017-10-04,20171004,20171002,20171004,XUEHL04Z,44.0,22,6,2,Lost,0.0,0.013769002041218491,2.0,2.0,2017-10,2017,10
2017-12-05,20171205,20171002,20171205,CTZ5I5R5,5.0,19,5,4,Won,5469.0,1.0,64.0,64.0,2017-12,2017,12
2017-10-03,20171003,20171002,20171003,988QUSNK,62.0,2,4,2,Lost,0.0,0.003099294373131816,1.0,1.0,2017-10,2017,10
2017-12-20,20171220,20171002,20171220,2P0VIX4N,73.0,2,4,2,Lost,0.0,0.005898461548404891,79.0,79.0,2017-12,2017,12
2017-12-07,20171207,20171002,20171207,TAPH7KQO,85.0,2,1,4,Won,568.0,0.923170308258849,66.0,66.0,2017-12,2017,12
2017-10-12,20171012,20171002,20171012,TWGFQS8L,9.0,10,6,2,Lost,0.0,0.01375666076704032,10.0,10.0,2017-10,2017,10
2017-10-09,20171009,20171002,20171009,MRPSU52W,28.0,10,4,2,Lost,0.0,0.002328899879624447,7.0,7.0,2017-10,2017,10
2017-10-04,20171004,20171002,20171004,UKXRWZ3P,11.0,10,5,4,Won,5263.0,1.0,2.0,2.0,2017-10,2017,10
2017-10-09,20171009,20171002,20171009,C5XXGXUE,72.0,10,2,4,Won,4201.0,0.9999999999999893,7.0,7.0,2017-10,2017,10
2017-10-07,20171007,20171002,20171007,2IYQ5ALK,76.0,6,1,2,Lost,0.0,0.12416728911128673,5.0,5.0,2017-10,2017,10
2017-12-17,20171217,20171002,20171217,K4GL9NDX,15.0,6,6,2,Lost,0.0,0.01424510230477043,76.0,76.0,2017-12,2017,12
2017-10-10,20171010,20171002,20171010,OFKWBRP7,19.0,6,6,2,Lost,0.0,0.018419874186508145,8.0,8.0,2017-10,2017,10
2017-12-18,20171218,20171002,20171218,1AGL4X1J,39.0,6,6,2,Lost,0.0,0.01503932742312859,77.0,77.0,2017-12,2017,12
2017-10-04,20171004,20171002,20171004,TSU40NIZ,34.0,32,2,2,Lost,0.0,0.003731899424245539,2.0,2.0,2017-10,2017,10
2017-10-03,20171003,20171002,20171003,VSN0PA06,70.0,32,6,4,Won,1048.0,0.9939481543665353,1.0,1.0,2017-10,2017,10
2017-11-04,20171104,20171002,20171104,FQODPHUL,35.0,31,1,4,Won,631.0,0.9659731232968745,33.0,33.0,2017-11,2017,11
2017-10-13,20171013,20171002,20171013,KRUY5G5I,36.0,4,4,2,Lost,0.0,0.0022936630473752106,11.0,11.0,2017-10,2017,10
2017-10-12,20171012,20171002,20171012,SCYV3JPO,3.0,4,1,4,Won,536.0,0.8962615047372859,10.0,10.0,2017-10,2017,10
2017-12-18,20171218,20171002,20171218,T91ZAQRH,28.0,4,6,4,Won,1127.0,0.9943483413825326,77.0,77.0,2017-12,2017,12
2017-10-04,20171004,20171002,20171004,R293SULP,59.0,7,6,2,Lost,0.0,0.018764678054457935,2.0,2.0,2017-10,2017,10
2017-10-09,20171009,20171002,20171009,UDKH3AM0,9.0,7,3,4,Won,56.0,0.7425825211931001,7.0,7.0,2017-10,2017,10
2017-12-15,20171215,20171002,20171215,I4T9W7NQ,36.0,34,1,2,Lost,0.0,0.11229470684734592,74.0,74.0,2017-12,2017,12
2017-10-10,20171010,20171002,20171010,H4ZSZQ9V,7.0,21,2,4,Won,4186.0,0.9999999999999896,8.0,8.0,2017-10,2017,10
2017-10-12,20171012,20171002,20171012,2GQAAHG6,44.0,21,4,4,Won,3670.0,0.9999999999992211,10.0,10.0,2017-10,2017,10
2017-10-12,20171012,20171002,20171012,7OGPA4I3,74.0,21,4,4,Won,3482.0,0.9999999999924938,10.0,10.0,2017-10,2017,10
2017-10-12,20171012,20171002,20171012,54XJLU62,27.0,14,6,2,Lost,0.0,0.010083908038940912,10.0,10.0,2017-10,2017,10
2017-10-04,20171004,20171002,20171004,XSSK506P,25.0,3,3,2,Lost,0.0,0.5105874480739485,2.0,2.0,2017-10,2017,10
2017-10-11,20171011,20171002,20171011,AJKE7ACY,43.0,12,3,4,Won,50.0,0.5926830794398394,9.0,9.0,2017-10,2017,10
2017-12-31,20171231,20171002,20171231,JPPLGVUS,48.0,12,4,4,Won,3629.0,0.999999999998805,90.0,90.0,2017-12,2017,12
2017-10-03,20171003,20171002,20171003,O7B3XCKF,36.0,33,1,2,Lost,0.0,0.06964455804246744,1.0,1.0,2017-10,2017,10
2017-10-11,20171011,20171002,20171011,5A7S6Z6P,34.0,33,2,2,Lost,0.0,0.0024890358119173494,9.0,9.0,2017-10,2017,10
2017-10-12,20171012,20171002,20171012,OOB372R5,12.0,33,1,4,Won,544.0,0.9391762576861838,10.0,10.0,2017-10,2017,10
2017-10-09,20171009,20171003,20171009,L67B6CU2,60.0,1,5,2,Lost,0.0,0.009059729864742546,6.0,6.0,2017-10,2017,10
2017-10-10,20171010,20171003,20171010,6V0QV9CU,66.0,2,4,4,Won,3415.0,0.9999999999949203,7.0,7.0,2017-10,2017,10
2017-10-04,20171004,20171003,20171004,0MXZ36G7,8.0,13,1,4,Won,616.0,0.9764822792308032,1.0,1.0,2017-10,2017,10
2017-10-08,20171008,20171003,20171008,LMCHDMJX,20.0,18,6,4,Won,1050.0,0.9892393938693926,5.0,5.0,2017-10,2017,10
2017-10-10,20171010,20171003,20171010,4HBU57OV,72.0,10,3,4,Won,58.0,0.6495699024761561,7.0,7.0,2017-10,2017,10
2017-10-05,20171005,20171003,20171005,AOIM2Y7M,84.0,20,4,4,Won,3858.0,0.9999999999997518,2.0,2.0,2017-10,2017,10
2017-10-13,20171013,20171003,20171013,5KC100IN,12.0,28,3,2,Lost,0.0,0.6067340284157224,10.0,10.0,2017-10,2017,10
2017-10-04,20171004,20171003,20171004,OOFWSKFF,36.0,8,1,2,Lost,0.0,0.08015733669779135,1.0,1.0,2017-10,2017,10
2017-10-05,20171005,20171003,20171005,LV7HHGM4,25.0,8,5,2,Lost,0.0,0.003272385143633267,2.0,2.0,2017-10,2017,10
2017-10-10,20171010,20171003,20171010,HBZEI375,59.0,8,4,2,Lost,0.0,0.004303826479401729,7.0,7.0,2017-10,2017,10
2017-11-08,20171108,20171003,20171108,GRQZZNQB,38.0,8,4,4,Won,3207.0,0.9999999999160705,36.0,36.0,2017-11,2017,11
2017-11-21,20171121,20171003,20171121,1D8XLZQ8,44.0,26,4,4,Won,3795.0,0.9999999999997653,49.0,49.0,2017-11,2017,11
2017-11-16,20171116,20171003,20171116,CAX04DY1,60.0,6,3,2,Lost,0.0,0.6961944494756926,44.0,44.0,2017-11,2017,11
2017-10-08,20171008,20171003,20171008,ZVEH26GP,41.0,32,6,4,Won,1028.0,0.9917979613777459,5.0,5.0,2017-10,2017,10
2017-10-15,20171015,20171003,20171015,G7QR0SCP,17.0,32,3,4,Won,64.0,0.7078475075308069,12.0,12.0,2017-10,2017,10
2017-11-24,20171124,20171003,20171124,DUOS7AO8,57.0,7,2,2,Lost,0.0,0.008499658671152982,52.0,52.0,2017-11,2017,11
2017-12-09,20171209,20171003,20171209,CCCQGBSY,7.0,21,6,4,Won,1284.0,0.9994040428180446,67.0,67.0,2017-12,2017,12
2017-12-28,20171228,20171003,20171228,C5Z2806X,40.0,21,2,4,Won,5044.0,1.0,86.0,86.0,2017-12,2017,12
2017-10-06,20171006,20171003,20171006,2CY7OS6A,79.0,25,3,2,Lost,0.0,0.4701913523583073,3.0,3.0,2017-10,2017,10
2017-10-09,20171009,20171003,20171009,FZKX09GE,57.0,3,4,4,Won,3254.0,0.9999999999686249,6.0,6.0,2017-10,2017,10
2017-10-08,20171008,20171003,20171008,R2PBFVU7,36.0,24,2,2,Lost,0.0,0.0034868893081352425,5.0,5.0,2017-10,2017,10
2017-12-23,20171223,20171003,20171223,D4SJ5G2G,78.0,12,3,2,Lost,0.0,0.5710865521190759,81.0,81.0,2017-12,2017,12
2017-10-10,20171010,20171003,20171010,N2ESTUQT,75.0,16,2,4,Won,5127.0,1.0,7.0,7.0,2017-10,2017,10
2017-11-06,20171106,20171003,20171106,3QSM7X3W,33.0,33,2,4,Won,4194.0,0.9999999999999871,34.0,34.0,2017-11,2017,11
2017-10-11,20171011,20171003,20171011,UG4BHJRQ,64.0,33,2,4,Won,4105.0,0.9999999999999747,8.0,8.0,2017-10,2017,10
2017-10-13,20171013,20171004,20171013,NMF60XWK,9.0,1,3,2,Lost,0.0,0.6320602679018762,9.0,9.0,2017-10,2017,10
2017-12-16,20171216,20171004,20171216,L6WEVHEN,30.0,1,3,4,Won,59.0,0.828934695021715,73.0,73.0,2017-12,2017,12
2017-11-01,20171101,20171004,20171101,EYWXCFXJ,7.0,22,5,2,Lost,0.0,0.004545970342379794,28.0,28.0,2017-11,2017,11
2017-10-11,20171011,20171004,20171011,QC9B7V93,1.0,22,4,2,Lost,0.0,0.0020723690474426255,7.0,7.0,2017-10,2017,10
2017-10-11,20171011,20171004,20171011,CPVW06O2,8.0,22,3,4,Won,54.0,0.737852895686987,7.0,7.0,2017-10,2017,10
2017-10-14,20171014,20171004,20171014,2KNVLXA4,56.0,19,5,4,Won,5989.0,1.0,10.0,10.0,2017-10,2017,10
2017-10-15,20171015,20171004,20171015,YI8JSLKX,63.0,18,2,2,Lost,0.0,0.004062155010754849,11.0,11.0,2017-10,2017,10
2017-10-12,20171012,20171004,20171012,E4O6XJ9E,3.0,10,2,2,Lost,0.0,0.0036041519495398455,8.0,8.0,2017-10,2017,10
2017-12-21,20171221,20171004,20171221,L7TT9ZL4,23.0,10,5,4,Won,4735.0,1.0,78.0,78.0,2017-12,2017,12
2017-10-10,20171010,20171004,20171010,JD6WHH6G,57.0,10,2,4,Won,5055.0,1.0,6.0,6.0,2017-10,2017,10
2017-12-05,20171205,20171004,20171205,93OFIHMF,21.0,30,5,4,Won,4527.0,0.9999999999999996,62.0,62.0,2017-12,2017,12
2017-12-23,20171223,20171004,20171223,9E7VMZ1J,15.0,6,1,2,Lost,0.0,0.12283998260735668,80.0,80.0,2017-12,2017,12
2017-10-15,20171015,20171004,20171015,BUNGSHKB,62.0,6,2,2,Lost,0.0,0.00356784798542264,11.0,11.0,2017-10,2017,10
2017-10-06,20171006,20171004,20171006,MK2YTCZN,38.0,6,3,4,Won,58.0,0.6762712931347533,2.0,2.0,2017-10,2017,10
2017-11-17,20171117,20171004,20171117,MZTB3C70,41.0,31,1,2,Lost,0.0,0.09622979121498756,44.0,44.0,2017-11,2017,11
2017-12-03,20171203,20171004,20171203,LHG76MIU,58.0,27,3,4,Won,62.0,0.7146466777670547,60.0,60.0,2017-12,2017,12
2017-12-20,20171220,20171004,20171220,SGAJAIP9,6.0,34,2,4,Won,5026.0,1.0,77.0,77.0,2017-12,2017,12
2017-10-13,20171013,20171004,20171013,UZ9SEIZ9,50.0,24,3,2,Lost,0.0,0.5292869108265081,9.0,9.0,2017-10,2017,10
2017-12-20,20171220,20171004,20171220,KDY5FEUO,79.0,24,1,4,Won,496.0,0.9265388643805327,77.0,77.0,2017-12,2017,12
2017-12-28,20171228,20171004,20171228,ZRMZJVWK,55.0,33,2,4,Won,5491.0,1.0,85.0,85.0,2017-12,2017,12
2017-10-12,20171012,20171005,20171012,JAG873Y3,36.0,1,3,2,Lost,0.0,0.5716853568298877,7.0,7.0,2017-10,2017,10
2017-10-11,20171011,20171005,20171011,WQTR95J3,66.0,2,1,4,Won,622.0,0.9865055991411542,6.0,6.0,2017-10,2017,10
2017-10-13,20171013,20171005,20171013,1FHY3UGF,84.0,13,2,2,Lost,0.0,0.005756432252924824,8.0,8.0,2017-10,2017,10
2017-10-10,20171010,20171005,20171010,B9KFRY53,57.0,10,6,4,Won,1132.0,0.9977018862878103,5.0,5.0,2017-10,2017,10
2017-12-14,20171214,20171005,20171214,ZRCY8P4P,12.0,10,5,4,Won,5422.0,1.0,70.0,70.0,2017-12,2017,12
2017-10-14,20171014,20171005,20171014,M3RME16Q,38.0,10,2,4,Won,5170.0,1.0,9.0,9.0,2017-10,2017,10
2017-12-22,20171222,20171005,20171222,YPRHMUIB,66.0,10,2,4,Won,5009.0,1.0,78.0,78.0,2017-12,2017,12
2017-10-10,20171010,20171005,20171010,HM4ZINFJ,81.0,20,4,2,Lost,0.0,0.0020282991348517195,5.0,5.0,2017-10,2017,10
2017-10-18,20171018,20171005,20171018,6WIQG92N,44.0,28,7,2,Lost,0.0,0.019240349857831872,13.0,13.0,2017-10,2017,10
2017-10-07,20171007,20171005,20171007,3JMB4J8E,1.0,15,5,4,Won,5331.0,1.0,2.0,2.0,2017-10,2017,10
2017-12-13,20171213,20171005,20171213,FTZ4VYH4,61.0,26,4,2,Lost,0.0,0.009405357389700334,69.0,69.0,2017-12,2017,12
2017-10-10,20171010,20171005,20171010,GEJKKFOL,34.0,30,1,2,Lost,0.0,0.08826797543091629,5.0,5.0,2017-10,2017,10
2017-11-23,20171123,20171005,20171123,UYWQ5N0R,46.0,30,2,2,Lost,0.0,0.0047941765723239224,49.0,49.0,2017-11,2017,11
2017-10-18,20171018,20171005,20171018,NDAFT4KV,35.0,30,6,4,Won,1132.0,0.9964822374504972,13.0,13.0,2017-10,2017,10
2017-10-11,20171011,20171005,20171011,BO1GBSM0,6.0,30,5,4,Won,5004.0,1.0,6.0,6.0,2017-10,2017,10
2017-10-10,20171010,20171005,20171010,FSVEMKSG,38.0,6,1,4,Won,556.0,0.9456367111680538,5.0,5.0,2017-10,2017,10
2017-10-12,20171012,20171005,20171012,V0XQVHQV,30.0,6,3,4,Won,53.0,0.7576506724480503,7.0,7.0,2017-10,2017,10
2017-11-24,20171124,20171005,20171124,TFZMFOH9,24.0,32,2,4,Won,4362.0,0.9999999999999989,50.0,50.0,2017-11,2017,11
2017-12-24,20171224,20171005,20171224,8T9ANK4E,76.0,7,1,4,Won,550.0,0.9694582554835532,80.0,80.0,2017-12,2017,12
2017-12-28,20171228,20171005,20171228,76WXMI88,66.0,5,3,4,Won,50.0,0.8431175936555602,84.0,84.0,2017-12,2017,12
2017-10-13,20171013,20171005,20171013,ZH8XR8YT,19.0,9,6,2,Lost,0.0,0.012248419495685687,8.0,8.0,2017-10,2017,10
2017-10-15,20171015,20171005,20171015,PR9HQKA7,19.0,9,6,2,Lost,0.0,0.012389290276520915,10.0,10.0,2017-10,2017,10
2017-10-15,20171015,20171005,20171015,NMHDWGNT,25.0,9,2,2,Lost,0.0,0.002160190366151477,10.0,10.0,2017-10,2017,10
2017-12-31,20171231,20171005,20171231,WX3CPDYD,27.0,21,2,4,Won,4651.0,1.0,87.0,87.0,2017-12,2017,12
2017-12-17,20171217,20171005,20171217,3DF5FIAM,74.0,21,4,4,Won,3285.0,0.9999999999662115,73.0,73.0,2017-12,2017,12
2017-10-11,20171011,20171005,20171011,018KKT5I,22.0,25,1,2,Lost,0.0,0.0778426095484961,6.0,6.0,2017-10,2017,10
2017-10-11,20171011,20171005,20171011,9AOPLD0O,74.0,14,4,4,Won,3002.0,0.9999999991322193,6.0,6.0,2017-10,2017,10
2017-10-16,20171016,20171005,20171016,J54XWY0O,3.0,3,1,2,Lost,0.0,0.1110588058586779,11.0,11.0,2017-10,2017,10
2017-10-07,20171007,20171005,20171007,FJEL0TDN,13.0,3,3,4,Won,58.0,0.7108207339570973,2.0,2.0,2017-10,2017,10
2017-10-08,20171008,20171005,20171008,I5JTM3EK,83.0,24,3,2,Lost,0.0,0.5748645649008197,3.0,3.0,2017-10,2017,10
2017-10-08,20171008,20171005,20171008,3Q5R6HAY,17.0,24,4,4,Won,3435.0,0.9999999999882518,3.0,3.0,2017-10,2017,10
2017-10-07,20171007,20171005,20171007,VOEOU1U6,77.0,33,3,2,Lost,0.0,0.3345640495957544,2.0,2.0,2017-10,2017,10
2017-11-24,20171124,20171006,20171124,52IHI8JD,25.0,1,3,2,Lost,0.0,0.5674383378529883,49.0,49.0,2017-11,2017,11
2017-10-08,20171008,20171006,20171008,7QPQ40X9,59.0,1,4,2,Lost,0.0,0.005723558374915263,2.0,2.0,2017-10,2017,10
2017-12-14,20171214,20171006,20171214,KFZ37330,44.0,22,1,4,Won,492.0,0.9367157987571303,69.0,69.0,2017-12,2017,12
2017-10-07,20171007,20171006,20171007,T64JVA4T,78.0,22,2,4,Won,4401.0,0.9999999999999978,1.0,1.0,2017-10,2017,10
2017-12-26,20171226,20171006,20171226,Y5C1Q7UR,81.0,19,3,4,Won,50.0,0.6650671095473234,81.0,81.0,2017-12,2017,12
2017-11-12,20171112,20171006,20171112,VN0XOAB6,8.0,19,4,4,Won,3333.0,0.9999999999827518,37.0,37.0,2017-11,2017,11
2017-10-16,20171016,20171006,20171016,MVZG0BSG,20.0,13,6,4,Won,1095.0,0.9941956249750227,10.0,10.0,2017-10,2017,10
2017-11-22,20171122,20171006,20171122,EM1W738H,15.0,10,5,4,Won,5595.0,1.0,47.0,47.0,2017-11,2017,11
2017-10-08,20171008,20171006,20171008,13WLN2MJ,23.0,10,2,4,Won,4461.0,0.9999999999999989,2.0,2.0,2017-10,2017,10
2017-10-16,20171016,20171006,20171016,M4NNI01I,80.0,20,6,2,Lost,0.0,0.011935911759356833,10.0,10.0,2017-10,2017,10
2017-11-20,20171120,20171006,20171120,U3FTUG3T,68.0,8,1,4,Won,415.0,0.8483636969075566,45.0,45.0,2017-11,2017,11
2017-10-08,20171008,20171006,20171008,RS13M1ZP,66.0,8,4,4,Won,3212.0,0.9999999999595883,2.0,2.0,2017-10,2017,10
2017-12-31,20171231,20171006,20171231,10B65ZN9,34.0,30,1,4,Won,457.0,0.8956072387651859,86.0,86.0,2017-12,2017,12
2017-10-17,20171017,20171006,20171017,V4YBVSJ4,12.0,6,6,2,Lost,0.0,0.017441330401144848,11.0,11.0,2017-10,2017,10
2017-12-31,20171231,20171006,20171231,LVMPJ8JN,11.0,6,1,4,Won,546.0,0.9437623218004519,86.0,86.0,2017-12,2017,12
2017-10-12,20171012,20171006,20171012,OV0LOPAA,67.0,4,6,2,Lost,0.0,0.004619745612870709,6.0,6.0,2017-10,2017,10
2017-12-21,20171221,20171006,20171221,0ISX53T3,29.0,4,1,4,Won,453.0,0.7972530596179793,76.0,76.0,2017-12,2017,12
2017-10-15,20171015,20171006,20171015,KL8PCQXC,35.0,27,2,2,Lost,0.0,0.0021706029215560717,9.0,9.0,2017-10,2017,10
2017-10-07,20171007,20171006,20171007,Q4KZSJ6Q,15.0,5,1,4,Won,510.0,0.8876135295756141,1.0,1.0,2017-10,2017,10
2017-10-14,20171014,20171006,20171014,1IABHXOP,30.0,5,1,4,Won,552.0,0.9552586019139074,8.0,8.0,2017-10,2017,10
2017-10-07,20171007,20171006,20171007,2RE0MZGV,82.0,21,4,4,Won,3203.0,0.9999999999492628,1.0,1.0,2017-10,2017,10
2017-10-14,20171014,20171006,20171014,JLKLRCFZ,71.0,14,5,4,Won,6228.0,1.0,8.0,8.0,2017-10,2017,10
2017-10-11,20171011,20171006,20171011,2X9KWWCP,15.0,3,3,4,Won,59.0,0.6681195409828472,5.0,5.0,2017-10,2017,10
2017-10-08,20171008,20171006,20171008,IF2BUC3Q,49.0,16,2,2,Lost,0.0,0.0041510626985986334,2.0,2.0,2017-10,2017,10
2017-12-23,20171223,20171006,20171223,GU4HXZ55,12.0,33,6,4,Won,1129.0,0.9976471017636027,78.0,78.0,2017-12,2017,12
2017-10-13,20171013,20171007,20171013,JQK0EF45,68.0,1,5,4,Won,5349.0,1.0,6.0,6.0,2017-10,2017,10
2017-11-19,20171119,20171007,20171119,YUUD6GIT,74.0,22,6,4,Won,1148.0,0.996574506230093,43.0,43.0,2017-11,2017,11
2017-10-08,20171008,20171007,20171008,FBDZ4LCK,84.0,19,1,2,Lost,0.0,0.12111194198927816,1.0,1.0,2017-10,2017,10
2017-10-19,20171019,20171007,20171019,SQMPV6L6,72.0,2,3,4,Won,52.0,0.6654059398228975,12.0,12.0,2017-10,2017,10
2017-12-28,20171228,20171007,20171228,N9ZBEJFI,23.0,2,4,4,Won,3253.0,0.9999999999561628,82.0,82.0,2017-12,2017,12
2017-11-04,20171104,20171007,20171104,EKXXH9IK,27.0,18,6,4,Won,1267.0,0.9989712484518377,28.0,28.0,2017-11,2017,11
2017-10-13,20171013,20171007,20171013,OC6ZMTK5,37.0,18,6,4,Won,1096.0,0.9941570242978772,6.0,6.0,2017-10,2017,10
2017-12-23,20171223,20171007,20171223,M57LZE5F,36.0,10,4,2,Lost,0.0,0.004512671513699592,77.0,77.0,2017-12,2017,12
2017-12-30,20171230,20171007,20171230,1XO519P4,28.0,10,3,4,Won,54.0,0.6402249406929605,84.0,84.0,2017-12,2017,12
2017-12-13,20171213,20171007,20171213,UBWO7HIV,33.0,26,4,4,Won,3293.0,0.9999999999753908,67.0,67.0,2017-12,2017,12
2017-12-22,20171222,20171007,20171222,00X8VEYH,60.0,6,2,4,Won,4404.0,0.9999999999999993,76.0,76.0,2017-12,2017,12
2017-10-09,20171009,20171007,20171009,ZJ11PBUV,85.0,6,2,4,Won,5212.0,1.0,2.0,2.0,2017-10,2017,10
2017-11-25,20171125,20171007,20171125,GJX7YGIF,54.0,32,1,2,Lost,0.0,0.10300853761038842,49.0,49.0,2017-11,2017,11
2017-12-08,20171208,20171007,20171208,MF6S92GQ,14.0,31,1,4,Won,488.0,0.9506529040130929,62.0,62.0,2017-12,2017,12
2017-10-13,20171013,20171007,20171013,KTZDTM8W,29.0,4,1,4,Won,594.0,0.9112680727795436,6.0,6.0,2017-10,2017,10
2017-12-30,20171230,20171007,20171230,SH0S5N6U,64.0,27,1,4,Won,464.0,0.8901121511263782,84.0,84.0,2017-12,2017,12
2017-12-13,20171213,20171007,20171213,M3306MKK,10.0,27,3,4,Won,53.0,0.6554572271826354,67.0,67.0,2017-12,2017,12
2017-10-15,20171015,20171007,20171015,5H27L6YI,23.0,7,6,2,Lost,0.0,0.011507403077719927,8.0,8.0,2017-10,2017,10
2017-10-08,20171008,20171007,20171008,FCEJCRKY,68.0,7,1,4,Won,661.0,0.9832152561676752,1.0,1.0,2017-10,2017,10
2017-10-14,20171014,20171007,20171014,FTVBHHFC,28.0,7,6,4,Won,1240.0,0.9984840311613972,7.0,7.0,2017-10,2017,10
2017-12-20,20171220,20171007,20171220,CXE6ORIJ,39.0,7,4,4,Won,2763.0,0.9999999969608919,74.0,74.0,2017-12,2017,12
2017-12-05,20171205,20171007,20171205,QFIEJY21,12.0,34,1,4,Won,610.0,0.9762603747238082,59.0,59.0,2017-12,2017,12
2017-12-14,20171214,20171007,20171214,4OUTIJAR,35.0,34,3,4,Won,59.0,0.6670867835972836,68.0,68.0,2017-12,2017,12
2017-10-19,20171019,20171007,20171019,R19OP4QL,57.0,5,1,4,Won,577.0,0.9632520574281309,12.0,12.0,2017-10,2017,10
2017-10-15,20171015,20171007,20171015,UU7QH2WX,42.0,25,3,2,Lost,0.0,0.42002152973938867,8.0,8.0,2017-10,2017,10
2017-10-09,20171009,20171007,20171009,O7WVUMZ5,24.0,24,6,4,Won,1139.0,0.9979385690806515,2.0,2.0,2017-10,2017,10
2017-12-30,20171230,20171008,20171230,NRMFYPAD,73.0,1,5,4,Won,6038.0,1.0,83.0,83.0,2017-12,2017,12
2017-10-14,20171014,20171008,20171014,63HMAJCZ,74.0,22,2,4,Won,4605.0,0.9999999999999996,6.0,6.0,2017-10,2017,10
2017-11-21,20171121,20171008,20171121,MR49QBLO,44.0,22,4,4,Won,3264.0,0.9999999999664311,44.0,44.0,2017-11,2017,11
2017-10-17,20171017,20171008,20171017,V7C6RT5S,2.0,19,4,4,Won,3472.0,0.9999999999906448,9.0,9.0,2017-10,2017,10
2017-10-15,20171015,20171008,20171015,G1POINXI,57.0,2,6,4,Won,1186.0,0.998728380670215,7.0,7.0,2017-10,2017,10
2017-10-16,20171016,20171008,20171016,S181FZ0Y,84.0,13,1,2,Lost,0.0,0.1401368763615896,8.0,8.0,2017-10,2017,10
2017-12-14,20171214,20171008,20171214,5J7T0GZU,69.0,18,2,4,Won,4964.0,1.0,67.0,67.0,2017-12,2017,12
2017-10-10,20171010,20171008,20171010,0IAJNXTD,16.0,10,3,2,Lost,0.0,0.5235869673994747,2.0,2.0,2017-10,2017,10
2017-11-21,20171121,20171008,20171121,RMQME3N0,48.0,20,6,2,Lost,0.0,0.009575939153823244,44.0,44.0,2017-11,2017,11
2017-10-20,20171020,20171008,20171020,G8C3GRPO,75.0,15,4,4,Won,2812.0,0.9999999972789686,12.0,12.0,2017-10,2017,10
2017-10-14,20171014,20171008,20171014,IY3U40F8,29.0,8,6,2,Lost,0.0,0.006739453529354525,6.0,6.0,2017-10,2017,10
2017-10-09,20171009,20171008,20171009,OZFSBIDF,72.0,8,2,2,Lost,0.0,0.0030831458590696425,1.0,1.0,2017-10,2017,10
2017-12-22,20171222,20171008,20171222,IEJHIQYI,6.0,26,4,4,Won,3517.0,0.9999999999967255,75.0,75.0,2017-12,2017,12
2017-12-26,20171226,20171008,20171226,6SQHVC0S,15.0,6,2,2,Lost,0.0,0.004921997447246793,79.0,79.0,2017-12,2017,12
2017-10-09,20171009,20171008,20171009,DIGZWVHI,70.0,32,1,2,Lost,0.0,0.11103092545781917,1.0,1.0,2017-10,2017,10
2017-10-10,20171010,20171008,20171010,1ZT4IROS,77.0,32,1,4,Won,608.0,0.9453724475482789,2.0,2.0,2017-10,2017,10
2017-10-16,20171016,20171008,20171016,60QEB2FZ,21.0,31,5,4,Won,4989.0,1.0,8.0,8.0,2017-10,2017,10
2017-11-23,20171123,20171008,20171123,2PX317QP,51.0,31,2,4,Won,4780.0,1.0,46.0,46.0,2017-11,2017,11
2017-10-10,20171010,20171008,20171010,2T0GMDKK,6.0,27,6,2,Lost,0.0,0.0068396677367263195,2.0,2.0,2017-10,2017,10
2017-10-14,20171014,20171008,20171014,ZK6HTTBB,46.0,27,3,2,Lost,0.0,0.4258336784572742,6.0,6.0,2017-10,2017,10
2017-10-20,20171020,20171008,20171020,V74YPMJ4,83.0,25,3,2,Lost,0.0,0.5288931222443403,12.0,12.0,2017-10,2017,10
2017-10-09,20171009,20171008,20171009,8ZIX3LAF,51.0,24,4,4,Won,3023.0,0.9999999996684139,1.0,1.0,2017-10,2017,10
2017-10-17,20171017,20171009,20171017,IVMMNSJB,13.0,1,5,2,Lost,0.0,0.006473037011615901,8.0,8.0,2017-10,2017,10
2017-10-20,20171020,20171009,20171020,H9M21153,59.0,1,4,4,Won,3100.0,0.9999999998730971,11.0,11.0,2017-10,2017,10
2017-12-30,20171230,20171009,20171230,JV0KXH4X,18.0,22,5,4,Won,6406.0,1.0,82.0,82.0,2017-12,2017,12
2017-10-15,20171015,20171009,20171015,V9UM2K16,43.0,13,5,4,Won,5711.0,1.0,6.0,6.0,2017-10,2017,10
2017-10-18,20171018,20171009,20171018,SRV6TQ2E,52.0,18,3,4,Won,58.0,0.7088374325750004,9.0,9.0,2017-10,2017,10
2017-10-10,20171010,20171009,20171010,94GJ7WZV,67.0,10,2,2,Lost,0.0,0.002242851229970802,1.0,1.0,2017-10,2017,10
2017-10-10,20171010,20171009,20171010,B24YQ6LA,84.0,15,1,4,Won,552.0,0.9537765834326352,1.0,1.0,2017-10,2017,10
2017-10-20,20171020,20171009,20171020,RYELEM60,71.0,15,4,4,Won,3215.0,0.9999999999120002,11.0,11.0,2017-10,2017,10
2017-11-27,20171127,20171009,20171127,RL26ZS8F,45.0,8,1,2,Lost,0.0,0.10005097324422434,49.0,49.0,2017-11,2017,11
2017-11-23,20171123,20171009,20171123,JKIAA2TF,24.0,30,6,4,Won,1112.0,0.9980398707073026,45.0,45.0,2017-11,2017,11
2017-10-21,20171021,20171009,20171021,HTK2UHC8,66.0,6,1,2,Lost,0.0,0.21898048493050876,12.0,12.0,2017-10,2017,10
2017-11-25,20171125,20171009,20171125,SPRK2YOB,76.0,6,6,4,Won,1190.0,0.9987712966677199,47.0,47.0,2017-11,2017,11
2017-12-22,20171222,20171009,20171222,8F7VHV02,24.0,32,1,4,Won,446.0,0.937654228232418,74.0,74.0,2017-12,2017,12
2017-10-10,20171010,20171009,20171010,7FGVY6GK,44.0,32,1,4,Won,565.0,0.9595296601342084,1.0,1.0,2017-10,2017,10
2017-10-18,20171018,20171009,20171018,6IZZL97A,64.0,31,1,2,Lost,0.0,0.11406881099590321,9.0,9.0,2017-10,2017,10
2017-12-25,20171225,20171009,20171225,C35YI5NJ,64.0,27,2,4,Won,4753.0,1.0,77.0,77.0,2017-12,2017,12
2017-11-30,20171130,20171009,20171130,6U30UYDT,28.0,7,6,2,Lost,0.0,0.011489595859790796,52.0,52.0,2017-11,2017,11
2017-10-19,20171019,20171009,20171019,ZXOHD0KE,70.0,34,1,2,Lost,0.0,0.0931018100929892,10.0,10.0,2017-10,2017,10
2017-10-21,20171021,20171009,20171021,77Q6KD0O,67.0,9,1,2,Lost,0.0,0.04665628859400544,12.0,12.0,2017-10,2017,10
2017-10-10,20171010,20171009,20171010,JIH6P53I,66.0,9,6,4,Won,1129.0,0.9978938648751976,1.0,1.0,2017-10,2017,10
2017-10-10,20171010,20171009,20171010,WKTVP5WY,70.0,25,3,4,Won,56.0,0.5911479311004952,1.0,1.0,2017-10,2017,10
2017-10-11,20171011,20171009,20171011,10N0ZBYO,64.0,25,4,4,Won,3435.0,0.9999999999883,2.0,2.0,2017-10,2017,10
2017-10-14,20171014,20171009,20171014,IUVAUQ6I,57.0,3,4,4,Won,3860.0,0.9999999999998648,5.0,5.0,2017-10,2017,10
2017-12-23,20171223,20171009,20171223,YH5L64AP,80.0,12,3,2,Lost,0.0,0.7080153351662094,75.0,75.0,2017-12,2017,12
2017-10-17,20171017,20171009,20171017,A71ENBVA,36.0,33,1,2,Lost,0.0,0.07231647429919268,8.0,8.0,2017-10,2017,10
2017-10-11,20171011,20171009,20171011,4X8WU71C,12.0,33,4,2,Lost,0.0,0.003587906246697193,2.0,2.0,2017-10,2017,10
2017-12-17,20171217,20171009,20171217,03H4RXBI,79.0,33,1,4,Won,482.0,0.8919826268909918,69.0,69.0,2017-12,2017,12
2017-10-19,20171019,20171010,20171019,MQVOQZL7,11.0,1,3,2,Lost,0.0,0.5089578193552043,9.0,9.0,2017-10,2017,10
2017-10-11,20171011,20171010,20171011,OHD4TPKZ,30.0,1,6,4,Won,1166.0,0.9986299475214803,1.0,1.0,2017-10,2017,10
2017-10-18,20171018,20171010,20171018,V4PVZC5L,43.0,22,3,2,Lost,0.0,0.4732689868454606,8.0,8.0,2017-10,2017,10
2017-10-15,20171015,20171010,20171015,9G85W8XE,42.0,13,6,2,Lost,0.0,0.009986939147701856,5.0,5.0,2017-10,2017,10
2017-11-13,20171113,20171010,20171113,S6DXPVLA,80.0,18,6,2,Lost,0.0,0.016353711481800738,34.0,34.0,2017-11,2017,11
2017-12-18,20171218,20171010,20171218,MKI4TLUN,82.0,18,2,4,Won,5112.0,1.0,69.0,69.0,2017-12,2017,12
2017-12-26,20171226,20171010,20171226,H41YA4SB,72.0,10,6,2,Lost,0.0,0.014445454412605956,77.0,77.0,2017-12,2017,12
2017-10-14,20171014,20171010,20171014,MW4MSIWW,76.0,10,2,2,Lost,0.0,0.0045387716602859705,4.0,4.0,2017-10,2017,10
2017-10-15,20171015,20171010,20171015,XSQOEHEA,47.0,26,4,2,Lost,0.0,0.003130102379291108,5.0,5.0,2017-10,2017,10
2017-10-20,20171020,20171010,20171020,GQT2DFWZ,73.0,6,4,4,Won,3892.0,0.9999999999998586,10.0,10.0,2017-10,2017,10
2017-10-11,20171011,20171010,20171011,IQ9GMTBR,14.0,32,1,4,Won,473.0,0.9414520211866511,1.0,1.0,2017-10,2017,10
2017-10-14,20171014,20171010,20171014,ZR8H455M,34.0,31,1,2,Lost,0.0,0.07952230052375245,4.0,4.0,2017-10,2017,10
2017-10-11,20171011,20171010,20171011,3F2EMUQ7,61.0,31,6,2,Lost,0.0,0.017373687659842735,1.0,1.0,2017-10,2017,10
2017-11-20,20171120,20171010,20171120,VB26KWQ6,22.0,31,1,4,Won,511.0,0.9243485665151517,41.0,41.0,2017-11,2017,11
2017-10-12,20171012,20171010,20171012,7J1UD7ZW,36.0,31,1,4,Won,509.0,0.9028597700947354,2.0,2.0,2017-10,2017,10
2017-10-22,20171022,20171010,20171022,VR6NO9FA,46.0,31,1,4,Won,528.0,0.9226382489047119,12.0,12.0,2017-10,2017,10
2017-10-14,20171014,20171010,20171014,O8QGRK5P,70.0,31,1,4,Won,549.0,0.9349912185514853,4.0,4.0,2017-10,2017,10
2017-12-25,20171225,20171010,20171225,BOD1GBJU,60.0,4,1,2,Lost,0.0,0.13014350845471614,76.0,76.0,2017-12,2017,12
2017-10-19,20171019,20171010,20171019,TN3IRRND,30.0,4,3,2,Lost,0.0,0.5467106326581606,9.0,9.0,2017-10,2017,10
2017-10-19,20171019,20171010,20171019,PR224V1P,62.0,7,1,2,Lost,0.0,0.10142768458551354,9.0,9.0,2017-10,2017,10
2017-10-17,20171017,20171010,20171017,60RDU2SZ,29.0,7,4,4,Won,3578.0,0.9999999999964837,7.0,7.0,2017-10,2017,10
2017-12-29,20171229,20171010,20171229,X2I316HD,15.0,5,1,4,Won,523.0,0.9271922820402766,80.0,80.0,2017-12,2017,12
2017-10-11,20171011,20171010,20171011,K5DNNWYT,82.0,14,2,4,Won,4575.0,0.9999999999999998,1.0,1.0,2017-10,2017,10
2017-10-12,20171012,20171010,20171012,941E65Z7,55.0,24,2,4,Won,4552.0,0.9999999999999993,2.0,2.0,2017-10,2017,10
2017-10-11,20171011,20171010,20171011,77UHLYMA,44.0,33,1,2,Lost,0.0,0.08591005704095094,1.0,1.0,2017-10,2017,10
2017-12-23,20171223,20171010,20171223,VR1XYM23,6.0,33,1,4,Won,551.0,0.936001714220048,74.0,74.0,2017-12,2017,12
2017-10-18,20171018,20171010,20171018,TQ6BTW2Z,22.0,33,1,4,Won,545.0,0.9190991147515801,8.0,8.0,2017-10,2017,10
2017-10-15,20171015,20171010,20171015,IVSOSC0E,79.0,33,6,4,Won,1134.0,0.995746262497997,5.0,5.0,2017-10,2017,10
2017-10-13,20171013,20171011,20171013,KI4LTBV6,67.0,1,4,2,Lost,0.0,0.002511018058920042,2.0,2.0,2017-10,2017,10
2017-10-16,20171016,20171011,20171016,4VZ0JIVZ,62.0,1,4,4,Won,3434.0,0.9999999999891289,5.0,5.0,2017-10,2017,10
2017-12-27,20171227,20171011,20171227,FNCXBWHQ,12.0,22,1,4,Won,505.0,0.9531498857453875,77.0,77.0,2017-12,2017,12
2017-10-21,20171021,20171011,20171021,Q306R9K4,26.0,22,6,4,Won,1066.0,0.9913492271690129,10.0,10.0,2017-10,2017,10
2017-11-12,20171112,20171011,20171112,KHRY7J40,81.0,19,1,4,Won,580.0,0.9448314948495278,32.0,32.0,2017-11,2017,11
2017-12-20,20171220,20171011,20171220,AP9MLRZJ,37.0,13,2,4,Won,4501.0,0.9999999999999996,70.0,70.0,2017-12,2017,12
2017-10-19,20171019,20171011,20171019,46JP2TQB,29.0,10,6,2,Lost,0.0,0.007702853763735334,8.0,8.0,2017-10,2017,10
2017-10-13,20171013,20171011,20171013,W48N7MRO,60.0,10,5,2,Lost,0.0,0.007315443213544064,2.0,2.0,2017-10,2017,10
2017-11-03,20171103,20171011,20171103,X4LSK4OE,73.0,10,5,4,Won,6182.0,1.0,23.0,23.0,2017-11,2017,11
2017-10-12,20171012,20171011,20171012,M1ZZYSTB,8.0,20,2,4,Won,4763.0,1.0,1.0,1.0,2017-10,2017,10
2017-10-20,20171020,20171011,20171020,0UOIGVEO,27.0,20,4,4,Won,3024.0,0.9999999993929534,9.0,9.0,2017-10,2017,10
2017-10-12,20171012,20171011,20171012,AK9OXW30,26.0,15,3,2,Lost,0.0,0.42251498676087457,1.0,1.0,2017-10,2017,10
2017-10-13,20171013,20171011,20171013,CFGYG1EC,33.0,30,1,2,Lost,0.0,0.0991832278404944,2.0,2.0,2017-10,2017,10
2017-10-19,20171019,20171011,20171019,TS3P4VMD,32.0,30,5,4,Won,6751.0,1.0,8.0,8.0,2017-10,2017,10
2017-10-18,20171018,20171011,20171018,8PEB9FHX,32.0,30,3,4,Won,54.0,0.742709883957766,7.0,7.0,2017-10,2017,10
2017-12-25,20171225,20171011,20171225,V1YT1LP1,66.0,6,1,4,Won,592.0,0.9869158267190571,75.0,75.0,2017-12,2017,12
2017-10-22,20171022,20171011,20171022,DTIZX4YN,9.0,6,6,4,Won,969.0,0.9895007942632775,11.0,11.0,2017-10,2017,10
2017-10-12,20171012,20171011,20171012,KMBY0IGV,14.0,32,3,4,Won,48.0,0.7912202351040465,1.0,1.0,2017-10,2017,10
2017-10-13,20171013,20171011,20171013,XULGG5K8,44.0,31,1,2,Lost,0.0,0.10689167148347707,2.0,2.0,2017-10,2017,10
2017-12-23,20171223,20171011,20171223,KP8ZZ3Y6,46.0,31,6,2,Lost,0.0,0.01387754623726034,73.0,73.0,2017-12,2017,12
2017-10-21,20171021,20171011,20171021,SBF5S7LF,35.0,31,5,4,Won,6555.0,1.0,10.0,10.0,2017-10,2017,10
2017-10-19,20171019,20171011,20171019,YIA65LM2,73.0,4,4,2,Lost,0.0,0.0026502965290932895,8.0,8.0,2017-10,2017,10
2017-12-15,20171215,20171011,20171215,TVBY6CND,4.0,7,5,4,Won,5271.0,1.0,65.0,65.0,2017-12,2017,12
2017-11-22,20171122,20171011,20171122,EC9H6XHB,42.0,14,3,2,Lost,0.0,0.499697820176812,42.0,42.0,2017-11,2017,11
2017-12-10,20171210,20171011,20171210,47QKNXLO,80.0,14,1,4,Won,472.0,0.9235330607776663,60.0,60.0,2017-12,2017,12
2017-11-29,20171129,20171011,20171129,VW2PJALW,9.0,3,5,4,Won,5211.0,1.0,49.0,49.0,2017-11,2017,11
2017-12-11,20171211,20171011,20171211,GVLIYD9A,79.0,24,1,4,Won,430.0,0.8639185804865652,61.0,61.0,2017-12,2017,12
2017-10-20,20171020,20171011,20171020,II1GOQWL,21.0,33,1,2,Lost,0.0,0.0578360231751394,9.0,9.0,2017-10,2017,10
2017-12-22,20171222,20171011,20171222,4P5BOQB5,64.0,33,2,4,Won,4545.0,0.9999999999999996,72.0,72.0,2017-12,2017,12
2017-10-19,20171019,20171012,20171019,QYYOVTHC,74.0,22,6,2,Lost,0.0,0.008030652457068152,7.0,7.0,2017-10,2017,10
2017-10-17,20171017,20171012,20171017,AADN7F5T,85.0,10,3,2,Lost,0.0,0.35487580874109703,5.0,5.0,2017-10,2017,10
2017-10-13,20171013,20171012,20171013,U8CWFFRH,59.0,6,4,2,Lost,0.0,0.005158368886654442,1.0,1.0,2017-10,2017,10
2017-10-21,20171021,20171012,20171021,35HVN8Q3,62.0,6,1,4,Won,528.0,0.9201589379957776,9.0,9.0,2017-10,2017,10
2017-12-28,20171228,20171012,20171228,PNNZM0OZ,13.0,6,2,4,Won,5064.0,1.0,77.0,77.0,2017-12,2017,12
2017-12-06,20171206,20171012,20171206,UYZQCWAC,13.0,6,4,4,Won,3203.0,0.9999999999385412,55.0,55.0,2017-12,2017,12
2017-11-02,20171102,20171012,20171102,K0YFUK4X,61.0,32,1,4,Won,549.0,0.9686549462513144,21.0,21.0,2017-11,2017,11
2017-10-23,20171023,20171012,20171023,TUL0TZSR,14.0,31,1,4,Won,594.0,0.976185223036306,11.0,11.0,2017-10,2017,10
2017-10-21,20171021,20171012,20171021,LS2A22IA,29.0,4,1,2,Lost,0.0,0.04751363579803579,9.0,9.0,2017-10,2017,10
2017-10-22,20171022,20171012,20171022,L5K0S1U3,29.0,4,1,2,Lost,0.0,0.04777631363351299,10.0,10.0,2017-10,2017,10
2017-11-01,20171101,20171012,20171101,82LY53FE,46.0,27,1,4,Won,529.0,0.8923467497432711,20.0,20.0,2017-11,2017,11
2017-10-17,20171017,20171012,20171017,XRJTRP20,21.0,34,2,4,Won,4505.0,0.9999999999999991,5.0,5.0,2017-10,2017,10
2017-12-11,20171211,20171012,20171211,D00FIU21,23.0,5,1,4,Won,457.0,0.857023343344667,60.0,60.0,2017-12,2017,12
2017-10-13,20171013,20171012,20171013,C48I5WD9,76.0,5,4,4,Won,3090.0,0.9999999997734459,1.0,1.0,2017-10,2017,10
2017-10-14,20171014,20171012,20171014,HG0N3NJ4,82.0,21,3,4,Won,53.0,0.7628989703254955,2.0,2.0,2017-10,2017,10
2017-10-17,20171017,20171012,20171017,5ZUKTSJV,27.0,12,6,4,Won,1004.0,0.9899872835947773,5.0,5.0,2017-10,2017,10
2017-10-19,20171019,20171012,20171019,CD5B8P8U,36.0,33,4,2,Lost,0.0,0.0025225166159594022,7.0,7.0,2017-10,2017,10
2017-10-21,20171021,20171012,20171021,MBYY3F5P,41.0,33,1,4,Won,696.0,0.9742263343318656,9.0,9.0,2017-10,2017,10
2017-10-22,20171022,20171013,20171022,0V9YEQDU,73.0,1,3,2,Lost,0.0,0.6136201051679783,9.0,9.0,2017-10,2017,10
2017-10-23,20171023,20171013,20171023,76GEYK0T,53.0,19,6,4,Won,888.0,0.9604978270210636,10.0,10.0,2017-10,2017,10
2017-10-18,20171018,20171013,20171018,0QUXNGR1,76.0,2,4,2,Lost,0.0,0.004612217209103785,5.0,5.0,2017-10,2017,10
2017-10-20,20171020,20171013,20171020,4N9E1F86,81.0,13,6,2,Lost,0.0,0.00999847541580791,7.0,7.0,2017-10,2017,10
2017-11-21,20171121,20171013,20171121,895XMROB,80.0,13,5,2,Lost,0.0,0.008979848077117276,39.0,39.0,2017-11,2017,11
2017-10-22,20171022,20171013,20171022,LFMLZPA5,44.0,18,2,2,Lost,0.0,0.004232457495994885,9.0,9.0,2017-10,2017,10
2017-10-24,20171024,20171013,20171024,H54N095V,30.0,10,2,4,Won,4767.0,1.0,11.0,11.0,2017-10,2017,10
2017-12-20,20171220,20171013,20171220,FQPECFYO,36.0,10,2,4,Won,4869.0,1.0,68.0,68.0,2017-12,2017,12
2017-10-14,20171014,20171013,20171014,933OT3AE,59.0,10,4,4,Won,3475.0,0.9999999999944176,1.0,1.0,2017-10,2017,10
2017-10-15,20171015,20171013,20171015,5HDKACI4,37.0,20,1,2,Lost,0.0,0.06130126224842566,2.0,2.0,2017-10,2017,10
2017-12-09,20171209,20171013,20171209,GVEUKZ72,20.0,20,3,2,Lost,0.0,0.4196931207603106,57.0,57.0,2017-12,2017,12
2017-12-10,20171210,20171013,20171210,YHOVVBSP,42.0,20,4,2,Lost,0.0,0.0025278496385670005,58.0,58.0,2017-12,2017,12
2017-10-20,20171020,20171013,20171020,ZN6HXJ5F,58.0,26,6,2,Lost,0.0,0.020829404520019655,7.0,7.0,2017-10,2017,10
2017-10-14,20171014,20171013,20171014,3IQ19UZ2,42.0,26,4,4,Won,3250.0,0.9999999999411806,1.0,1.0,2017-10,2017,10
2017-12-03,20171203,20171013,20171203,R2CG5WED,64.0,30,5,2,Lost,0.0,0.0076337596979662034,51.0,51.0,2017-12,2017,12
2017-10-18,20171018,20171013,20171018,GH0FU105,50.0,27,4,2,Lost,0.0,0.0022528113938948286,5.0,5.0,2017-10,2017,10
2017-10-25,20171025,20171013,20171025,NDIZ18GW,10.0,34,4,2,Lost,0.0,0.003976375523300861,12.0,12.0,2017-10,2017,10
2017-11-29,20171129,20171013,20171129,BRIOGGKC,38.0,5,4,2,Lost,0.0,0.0037963749746463514,47.0,47.0,2017-11,2017,11
2017-10-26,20171026,20171013,20171026,GZYL4SG1,57.0,5,6,4,Won,978.0,0.9903593069301277,13.0,13.0,2017-10,2017,10
2017-12-14,20171214,20171013,20171214,7ZASHEBX,8.0,21,3,4,Won,49.0,0.8131348258705152,62.0,62.0,2017-12,2017,12
2017-10-24,20171024,20171013,20171024,WJ9JNMJ2,66.0,3,3,4,Won,49.0,0.8369537557051555,11.0,11.0,2017-10,2017,10
2017-10-22,20171022,20171013,20171022,N3OWNMD3,77.0,24,5,2,Lost,0.0,0.0028804402839698825,9.0,9.0,2017-10,2017,10
2017-12-10,20171210,20171013,20171210,8U3LICIW,36.0,24,1,4,Won,563.0,0.9506511617149871,58.0,58.0,2017-12,2017,12
2017-10-21,20171021,20171013,20171021,JALBPRSF,74.0,12,6,2,Lost,0.0,0.008291339045400158,8.0,8.0,2017-10,2017,10
2017-10-15,20171015,20171013,20171015,0E1HHXGB,20.0,12,3,2,Lost,0.0,0.4624656008222896,2.0,2.0,2017-10,2017,10
2017-10-24,20171024,20171013,20171024,MJXPSHYT,82.0,12,3,4,Won,53.0,0.728759734998047,11.0,11.0,2017-10,2017,10
2017-10-26,20171026,20171014,20171026,AF8SULB0,57.0,2,6,4,Won,1168.0,0.9985477358419247,12.0,12.0,2017-10,2017,10
2017-11-17,20171117,20171014,20171117,N8BM4XEP,71.0,13,1,4,Won,560.0,0.9456938650581268,34.0,34.0,2017-11,2017,11
2017-12-30,20171230,20171014,20171230,FZGBRGHF,27.0,18,6,2,Lost,0.0,0.013568502902734448,77.0,77.0,2017-12,2017,12
2017-10-15,20171015,20171014,20171015,36PET9WM,66.0,10,2,2,Lost,0.0,0.008438197164312874,1.0,1.0,2017-10,2017,10
2017-10-21,20171021,20171014,20171021,GRO3S3HV,4.0,10,3,2,Lost,0.0,0.5472745493470383,7.0,7.0,2017-10,2017,10
2017-10-18,20171018,20171014,20171018,KG9R5M1Y,19.0,10,2,4,Won,4810.0,1.0,4.0,4.0,2017-10,2017,10
2017-11-01,20171101,20171014,20171101,R0S5FZ1G,20.0,20,3,2,Lost,0.0,0.37718196498509104,18.0,18.0,2017-11,2017,11
2017-10-24,20171024,20171014,20171024,3W1Y39BY,63.0,20,2,4,Won,4521.0,0.9999999999999993,10.0,10.0,2017-10,2017,10
2017-10-18,20171018,20171014,20171018,G58GOO4N,53.0,15,1,2,Lost,0.0,0.07286887282502684,4.0,4.0,2017-10,2017,10
2017-10-15,20171015,20171014,20171015,JF0F2J5W,18.0,15,6,2,Lost,0.0,0.01790541910504896,1.0,1.0,2017-10,2017,10
2017-10-15,20171015,20171014,20171015,93AE6QM4,35.0,26,6,4,Won,881.0,0.9697069733007705,1.0,1.0,2017-10,2017,10
2017-11-30,20171130,20171014,20171130,0YM4VJDP,24.0,30,1,2,Lost,0.0,0.1804845060245037,47.0,47.0,2017-11,2017,11
2017-10-22,20171022,20171014,20171022,ICD9OMSF,13.0,6,1,4,Won,472.0,0.8990677655720312,8.0,8.0,2017-10,2017,10
2017-12-03,20171203,20171014,20171203,IHJEX21Z,51.0,32,1,4,Won,562.0,0.970371148545377,50.0,50.0,2017-12,2017,12
2017-10-20,20171020,20171014,20171020,8JORJ1SS,13.0,4,1,2,Lost,0.0,0.07184126791175949,6.0,6.0,2017-10,2017,10
2017-10-16,20171016,20171014,20171016,0NKINI7S,72.0,4,3,4,Won,42.0,0.5126954142228728,2.0,2.0,2017-10,2017,10
2017-10-18,20171018,20171014,20171018,QFLFLCD0,68.0,7,2,2,Lost,0.0,0.005501179199994747,4.0,4.0,2017-10,2017,10
2017-12-26,20171226,20171014,20171226,OB3OK8BQ,19.0,7,1,4,Won,615.0,0.9853772675984029,73.0,73.0,2017-12,2017,12
2017-12-31,20171231,20171014,20171231,5S3RN7H2,59.0,9,6,2,Lost,0.0,0.015480797620687863,78.0,78.0,2017-12,2017,12
2017-10-23,20171023,20171014,20171023,6YCRJK5W,51.0,25,4,2,Lost,0.0,0.0038158169738763594,9.0,9.0,2017-10,2017,10
2017-10-22,20171022,20171014,20171022,FDMK85GD,62.0,3,3,4,Won,58.0,0.664195211228319,8.0,8.0,2017-10,2017,10
2017-11-01,20171101,20171014,20171101,EVKQXZV6,33.0,24,3,2,Lost,0.0,0.5309555763268595,18.0,18.0,2017-11,2017,11
2017-10-23,20171023,20171014,20171023,IDO6PU1B,35.0,33,5,2,Lost,0.0,0.00323485719153509,9.0,9.0,2017-10,2017,10
2017-10-15,20171015,20171014,20171015,CYAL1N0B,77.0,33,2,4,Won,4882.0,1.0,1.0,1.0,2017-10,2017,10
2017-10-24,20171024,20171015,20171024,9GSBUJMH,39.0,1,3,2,Lost,0.0,0.5613150531349513,9.0,9.0,2017-10,2017,10
2017-10-24,20171024,20171015,20171024,ECB42PGL,84.0,19,5,2,Lost,0.0,0.00663999496400772,9.0,9.0,2017-10,2017,10
2017-10-16,20171016,20171015,20171016,PYIP2H5Z,68.0,2,4,2,Lost,0.0,0.004395206090248823,1.0,1.0,2017-10,2017,10
2017-10-25,20171025,20171015,20171025,129P48QP,26.0,18,5,2,Lost,0.0,0.002974285422472267,10.0,10.0,2017-10,2017,10
2017-11-01,20171101,20171015,20171101,BUFF2EP5,43.0,18,2,4,Won,5113.0,1.0,17.0,17.0,2017-11,2017,11
2017-10-16,20171016,20171015,20171016,IQRA0Q8C,59.0,10,6,4,Won,1154.0,0.9979791424134635,1.0,1.0,2017-10,2017,10
2017-10-16,20171016,20171015,20171016,14P6935C,19.0,10,2,4,Won,4885.0,1.0,1.0,1.0,2017-10,2017,10
2017-10-16,20171016,20171015,20171016,U220GK9W,68.0,10,2,4,Won,4936.0,1.0,1.0,1.0,2017-10,2017,10
2017-10-28,20171028,20171015,20171028,03R1VC7O,12.0,20,6,4,Won,1062.0,0.9941389258143309,13.0,13.0,2017-10,2017,10
2017-10-19,20171019,20171015,20171019,LUFR7MJC,11.0,8,2,2,Lost,0.0,0.0024121337871411204,4.0,4.0,2017-10,2017,10
2017-10-21,20171021,20171015,20171021,8EX2PGAY,22.0,26,3,2,Lost,0.0,0.5951254692430534,6.0,6.0,2017-10,2017,10
2017-12-20,20171220,20171015,20171220,C0H6SU2X,34.0,26,6,4,Won,954.0,0.9879308466933983,66.0,66.0,2017-12,2017,12
2017-10-23,20171023,20171015,20171023,94JOUSW7,24.0,31,1,2,Lost,0.0,0.14201435696597545,8.0,8.0,2017-10,2017,10
2017-10-26,20171026,20171015,20171026,9RC58SP0,44.0,31,1,2,Lost,0.0,0.11196842550591884,11.0,11.0,2017-10,2017,10
2017-10-16,20171016,20171015,20171016,XFNYWN7B,77.0,31,6,4,Won,868.0,0.9385309060023387,1.0,1.0,2017-10,2017,10
2017-11-26,20171126,20171015,20171126,6NFIUDKS,17.0,31,5,4,Won,5867.0,1.0,42.0,42.0,2017-11,2017,11
2017-10-16,20171016,20171015,20171016,4TD018BE,21.0,31,2,4,Won,5344.0,1.0,1.0,1.0,2017-10,2017,10
2017-10-21,20171021,20171015,20171021,SWKGC34P,15.0,4,3,2,Lost,0.0,0.39986186504193905,6.0,6.0,2017-10,2017,10
2017-10-24,20171024,20171015,20171024,C3Y94J5R,29.0,7,5,2,Lost,0.0,0.004242149207186469,9.0,9.0,2017-10,2017,10
2017-10-23,20171023,20171015,20171023,2H45C9FK,68.0,7,2,2,Lost,0.0,0.005629326839491147,8.0,8.0,2017-10,2017,10
2017-10-23,20171023,20171015,20171023,LFM4SMIA,11.0,5,5,4,Won,5449.0,1.0,8.0,8.0,2017-10,2017,10
2017-12-27,20171227,20171015,20171227,MEXK5KU6,71.0,21,4,2,Lost,0.0,0.005400759849282891,73.0,73.0,2017-12,2017,12
2017-11-28,20171128,20171015,20171128,UDXS7H12,37.0,21,5,4,Won,4500.0,0.9999999999999996,44.0,44.0,2017-11,2017,11
2017-10-25,20171025,20171015,20171025,4G61Z1HD,38.0,3,3,2,Lost,0.0,0.5877417728748819,10.0,10.0,2017-10,2017,10
2017-10-23,20171023,20171015,20171023,X4KAK55N,69.0,16,3,4,Won,51.0,0.647833316370063,8.0,8.0,2017-10,2017,10
2017-10-23,20171023,20171015,20171023,AHOYDL01,14.0,33,5,4,Won,6637.0,1.0,8.0,8.0,2017-10,2017,10
2017-12-13,20171213,20171016,20171213,R5ILWVDD,66.0,1,3,4,Won,57.0,0.8685829870626368,58.0,58.0,2017-12,2017,12
2017-11-03,20171103,20171016,20171103,J5WP57XS,67.0,2,6,4,Won,990.0,0.9827909595044518,18.0,18.0,2017-11,2017,11
2017-10-17,20171017,20171016,20171017,VPD4G16I,82.0,13,2,4,Won,4247.0,0.9999999999999951,1.0,1.0,2017-10,2017,10
2017-12-25,20171225,20171016,20171225,Z173R82Y,69.0,18,6,4,Won,1008.0,0.9906176858862695,70.0,70.0,2017-12,2017,12
2017-10-19,20171019,20171016,20171019,TFGC7TPF,66.0,10,2,2,Lost,0.0,0.00853562473230543,3.0,3.0,2017-10,2017,10
2017-10-17,20171017,20171016,20171017,03X37HOO,85.0,10,3,2,Lost,0.0,0.34959242862743356,1.0,1.0,2017-10,2017,10
2017-10-25,20171025,20171016,20171025,OWGXQLJS,59.0,10,2,4,Won,4834.0,1.0,9.0,9.0,2017-10,2017,10
2017-10-17,20171017,20171016,20171017,Y4SN1R3L,13.0,10,4,4,Won,3490.0,0.9999999999936671,1.0,1.0,2017-10,2017,10
2017-10-26,20171026,20171016,20171026,CX3PZ8DP,37.0,20,1,2,Lost,0.0,0.06402101515372301,10.0,10.0,2017-10,2017,10
2017-10-24,20171024,20171016,20171024,V7DY5VAP,11.0,8,3,2,Lost,0.0,0.4291273640336323,8.0,8.0,2017-10,2017,10
2017-10-20,20171020,20171016,20171020,JLB353E4,10.0,26,4,4,Won,3744.0,0.9999999999995415,4.0,4.0,2017-10,2017,10
2017-10-22,20171022,20171016,20171022,KOK62RF4,65.0,32,2,2,Lost,0.0,0.00489991368172523,6.0,6.0,2017-10,2017,10
2017-10-26,20171026,20171016,20171026,8U59BH8O,22.0,31,1,2,Lost,0.0,0.09743448076817213,10.0,10.0,2017-10,2017,10
2017-10-21,20171021,20171016,20171021,BZR75SK1,64.0,31,1,2,Lost,0.0,0.11174953607752484,5.0,5.0,2017-10,2017,10
2017-11-12,20171112,20171016,20171112,48HBI36Y,50.0,31,1,4,Won,591.0,0.9567600957138354,27.0,27.0,2017-11,2017,11
2017-10-24,20171024,20171016,20171024,ME7IZ1WY,14.0,31,3,4,Won,48.0,0.761691357694481,8.0,8.0,2017-10,2017,10
2017-10-23,20171023,20171016,20171023,STC921ZX,31.0,27,6,4,Won,1060.0,0.9889264096402344,7.0,7.0,2017-10,2017,10
2017-10-21,20171021,20171016,20171021,MJRDXH1B,36.0,7,6,2,Lost,0.0,0.01307937860689566,5.0,5.0,2017-10,2017,10
2017-10-28,20171028,20171016,20171028,W2QJUK1Y,3.0,5,1,4,Won,562.0,0.9366343068387419,12.0,12.0,2017-10,2017,10
2017-11-19,20171119,20171016,20171119,B05SO4C6,36.0,9,6,2,Lost,0.0,0.008636570281820136,34.0,34.0,2017-11,2017,11
2017-10-18,20171018,20171016,20171018,MC717WRG,75.0,14,2,2,Lost,0.0,0.0034548148375231876,2.0,2.0,2017-10,2017,10
2017-10-17,20171017,20171016,20171017,P570QB1D,39.0,3,3,4,Won,57.0,0.6699177290740929,1.0,1.0,2017-10,2017,10
2017-12-21,20171221,20171016,20171221,IWS4PKPP,33.0,24,1,4,Won,535.0,0.9420569478440425,66.0,66.0,2017-12,2017,12
2017-10-25,20171025,20171016,20171025,GB3S67FY,12.0,24,2,4,Won,4580.0,0.9999999999999998,9.0,9.0,2017-10,2017,10
2017-10-18,20171018,20171016,20171018,0W8VWJDS,47.0,24,3,4,Won,56.0,0.5705016710416988,2.0,2.0,2017-10,2017,10
2017-10-23,20171023,20171016,20171023,5J9ELX2Y,32.0,33,5,4,Won,4942.0,1.0,7.0,7.0,2017-10,2017,10
2017-10-23,20171023,20171017,20171023,SQE6KE7V,15.0,1,3,4,Won,55.0,0.6625627368978835,6.0,6.0,2017-10,2017,10
2017-10-25,20171025,20171017,20171025,LH03MJX5,80.0,22,5,2,Lost,0.0,0.007516846681980694,8.0,8.0,2017-10,2017,10
2017-10-29,20171029,20171017,20171029,0SQM849O,78.0,19,2,4,Won,5144.0,1.0,12.0,12.0,2017-10,2017,10
2017-12-13,20171213,20171017,20171213,KXTUVDLU,56.0,13,4,2,Lost,0.0,0.00544751730693162,57.0,57.0,2017-12,2017,12
2017-10-24,20171024,20171017,20171024,9YOGUMN9,60.0,10,2,2,Lost,0.0,0.005785267811054028,7.0,7.0,2017-10,2017,10
2017-10-23,20171023,20171017,20171023,C933ZQBB,9.0,10,2,4,Won,5458.0,1.0,6.0,6.0,2017-10,2017,10
2017-10-23,20171023,20171017,20171023,G9M9IEQY,60.0,8,2,2,Lost,0.0,0.005089708895972357,6.0,6.0,2017-10,2017,10
2017-10-19,20171019,20171017,20171019,M2VKMZPH,66.0,6,2,4,Won,5046.0,1.0,2.0,2.0,2017-10,2017,10
2017-10-23,20171023,20171017,20171023,AZCY0HUP,35.0,27,1,2,Lost,0.0,0.05676295060433601,6.0,6.0,2017-10,2017,10
2017-10-26,20171026,20171017,20171026,7CMG05CY,32.0,27,3,2,Lost,0.0,0.5266920408122204,9.0,9.0,2017-10,2017,10
2017-10-26,20171026,20171017,20171026,KDNNV952,50.0,27,3,2,Lost,0.0,0.43318432171752735,9.0,9.0,2017-10,2017,10
2017-10-26,20171026,20171017,20171026,1UPVYK3H,15.0,7,3,4,Won,64.0,0.689794235205464,9.0,9.0,2017-10,2017,10
2017-10-27,20171027,20171017,20171027,MUODVNBC,3.0,3,3,4,Won,54.0,0.6854355492543531,10.0,10.0,2017-10,2017,10
2017-10-26,20171026,20171017,20171026,02G0NJCN,77.0,24,3,4,Won,68.0,0.5537955913376065,9.0,9.0,2017-10,2017,10
2017-10-18,20171018,20171017,20171018,76V79SHZ,2.0,12,6,2,Lost,0.0,0.009841732937969371,1.0,1.0,2017-10,2017,10
2017-10-18,20171018,20171017,20171018,7JMQM7XK,71.0,12,3,2,Lost,0.0,0.5082091385610563,1.0,1.0,2017-10,2017,10
2017-10-19,20171019,20171017,20171019,PIPQZ9SQ,48.0,16,3,2,Lost,0.0,0.5543320867879721,2.0,2.0,2017-10,2017,10
2017-12-10,20171210,20171017,20171210,NXHAAD08,42.0,33,6,4,Won,1129.0,0.9953468901405709,54.0,54.0,2017-12,2017,12
2017-10-19,20171019,20171018,20171019,ABMVTEUH,71.0,19,4,2,Lost,0.0,0.002803697648801868,1.0,1.0,2017-10,2017,10
2017-10-20,20171020,20171018,20171020,9Q710H4R,38.0,2,6,4,Won,1200.0,0.9983194741167051,2.0,2.0,2017-10,2017,10
2017-12-19,20171219,20171018,20171219,4QU2EXEY,29.0,2,4,4,Won,3164.0,0.9999999998678719,62.0,62.0,2017-12,2017,12
2017-10-25,20171025,20171018,20171025,3MKAQ2YI,44.0,13,6,2,Lost,0.0,0.014855840798119083,7.0,7.0,2017-10,2017,10
2017-10-26,20171026,20171018,20171026,42CA70FG,84.0,13,4,4,Won,3225.0,0.9999999999530029,8.0,8.0,2017-10,2017,10
2017-11-05,20171105,20171018,20171105,R2C8A8SA,48.0,18,6,2,Lost,0.0,0.010346892360542802,18.0,18.0,2017-11,2017,11
2017-10-20,20171020,20171018,20171020,PY96Q77S,57.0,10,2,4,Won,4130.0,0.9999999999999867,2.0,2.0,2017-10,2017,10
2017-10-24,20171024,20171018,20171024,6QAWMSU2,7.0,20,1,2,Lost,0.0,0.059260890677711814,6.0,6.0,2017-10,2017,10
2017-11-29,20171129,20171018,20171129,5B9EIYPP,20.0,20,2,2,Lost,0.0,0.0022855761937185487,42.0,42.0,2017-11,2017,11
2017-10-20,20171020,20171018,20171020,Z216TKEU,64.0,28,3,4,Won,47.0,0.665504940237602,2.0,2.0,2017-10,2017,10
2017-10-25,20171025,20171018,20171025,9EHFBSBG,44.0,15,5,4,Won,4751.0,1.0,7.0,7.0,2017-10,2017,10
2017-10-24,20171024,20171018,20171024,6SP45G3T,45.0,8,4,2,Lost,0.0,0.0029592589785765707,6.0,6.0,2017-10,2017,10
2017-10-19,20171019,20171018,20171019,7U28UXIL,33.0,26,4,2,Lost,0.0,0.004122760938636714,1.0,1.0,2017-10,2017,10
2017-12-20,20171220,20171018,20171220,V2YD7XYV,79.0,26,3,4,Won,51.0,0.7443617598436523,63.0,63.0,2017-12,2017,12
2017-10-22,20171022,20171018,20171022,1GVU0QTO,64.0,26,4,4,Won,3696.0,0.9999999999993154,4.0,4.0,2017-10,2017,10
2017-10-26,20171026,20171018,20171026,QG7RGODO,54.0,32,2,2,Lost,0.0,0.0033654692717306335,8.0,8.0,2017-10,2017,10
2017-10-24,20171024,20171018,20171024,IHBYI8IO,34.0,32,4,4,Won,3536.0,0.9999999999956766,6.0,6.0,2017-10,2017,10
2017-11-22,20171122,20171018,20171122,M5NUUVA4,14.0,31,1,2,Lost,0.0,0.17644223755357083,35.0,35.0,2017-11,2017,11
2017-11-05,20171105,20171018,20171105,XKYQ16FS,50.0,31,3,2,Lost,0.0,0.5264218555674742,18.0,18.0,2017-11,2017,11
2017-12-17,20171217,20171018,20171217,VVM450RP,55.0,31,3,4,Won,59.0,0.6066585139905107,60.0,60.0,2017-12,2017,12
2017-10-20,20171020,20171018,20171020,60KWQS2V,25.0,4,1,4,Won,474.0,0.7937808320224584,2.0,2.0,2017-10,2017,10
2017-10-30,20171030,20171018,20171030,1RND0S0B,4.0,7,3,4,Won,43.0,0.6950934970033087,12.0,12.0,2017-10,2017,10
2017-12-19,20171219,20171018,20171219,WI0LMD20,36.0,7,3,4,Won,60.0,0.7458324212151528,62.0,62.0,2017-12,2017,12
2017-10-29,20171029,20171018,20171029,4XPRCRX0,73.0,9,1,2,Lost,0.0,0.08183542728347845,11.0,11.0,2017-10,2017,10
2017-10-27,20171027,20171018,20171027,5UEA6KVU,59.0,9,1,4,Won,461.0,0.8744115201691031,9.0,9.0,2017-10,2017,10
2017-12-11,20171211,20171018,20171211,GAUSPPYM,78.0,21,6,2,Lost,0.0,0.013865378346643269,54.0,54.0,2017-12,2017,12
2017-10-19,20171019,20171018,20171019,3Y1LN6CQ,27.0,21,3,4,Won,54.0,0.7072430379433504,1.0,1.0,2017-10,2017,10
2017-12-02,20171202,20171018,20171202,W7GVI03S,55.0,25,3,2,Lost,0.0,0.3995781972482603,45.0,45.0,2017-12,2017,12
2017-10-25,20171025,20171018,20171025,7RFTN4WI,74.0,14,6,2,Lost,0.0,0.006924365534296775,7.0,7.0,2017-10,2017,10
2017-10-28,20171028,20171018,20171028,K00YH5XA,37.0,14,3,2,Lost,0.0,0.4790285535226907,10.0,10.0,2017-10,2017,10
2017-12-31,20171231,20171018,20171231,ZXIHEEV2,17.0,24,1,2,Lost,0.0,0.11890755052853581,74.0,74.0,2017-12,2017,12
2017-10-24,20171024,20171018,20171024,WPSHVGDZ,36.0,24,4,2,Lost,0.0,0.0032220917454214115,6.0,6.0,2017-10,2017,10
2017-10-27,20171027,20171018,20171027,DXAO9R8N,58.0,24,4,4,Won,3363.0,0.999999999986191,9.0,9.0,2017-10,2017,10
2017-10-30,20171030,20171019,20171030,PN0IWJ0N,36.0,1,6,4,Won,1089.0,0.9958629211081754,11.0,11.0,2017-10,2017,10
2017-10-31,20171031,20171019,20171031,OXKWCAXO,53.0,19,2,2,Lost,0.0,0.0027959669961844856,12.0,12.0,2017-10,2017,10
2017-10-21,20171021,20171019,20171021,7FVUE0GY,1.0,19,6,4,Won,1096.0,0.9914305237082378,2.0,2.0,2017-10,2017,10
2017-10-29,20171029,20171019,20171029,FAIFAGJM,59.0,2,3,4,Won,62.0,0.7596857032997651,10.0,10.0,2017-10,2017,10
2017-12-26,20171226,20171019,20171226,IKDFG91F,42.0,13,4,2,Lost,0.0,0.004058793182063053,68.0,68.0,2017-12,2017,12
2017-10-21,20171021,20171019,20171021,BP3I9G0F,44.0,13,6,4,Won,1105.0,0.9967281957334104,2.0,2.0,2017-10,2017,10
2017-10-28,20171028,20171019,20171028,0GM4GDFT,7.0,18,2,2,Lost,0.0,0.002854122032127441,9.0,9.0,2017-10,2017,10
2017-10-24,20171024,20171019,20171024,5YIWOUOZ,5.0,18,2,4,Won,4353.0,0.9999999999999973,5.0,5.0,2017-10,2017,10
2017-10-28,20171028,20171019,20171028,LM3GZYXD,23.0,10,2,2,Lost,0.0,0.003155618562802769,9.0,9.0,2017-10,2017,10
2017-10-27,20171027,20171019,20171027,UUCSEHJX,76.0,10,5,4,Won,6276.0,1.0,8.0,8.0,2017-10,2017,10
2017-10-27,20171027,20171019,20171027,OQQWTFSZ,3.0,10,2,4,Won,4688.0,0.9999999999999998,8.0,8.0,2017-10,2017,10
2017-10-26,20171026,20171019,20171026,CWVAO587,52.0,15,1,2,Lost,0.0,0.1279580705601641,7.0,7.0,2017-10,2017,10
2017-11-01,20171101,20171019,20171101,YDZZNTEZ,53.0,15,4,4,Won,3422.0,0.9999999999835061,13.0,13.0,2017-11,2017,11
2017-10-20,20171020,20171019,20171020,O1DTVNH2,36.0,8,3,2,Lost,0.0,0.48463930528422766,1.0,1.0,2017-10,2017,10
2017-12-09,20171209,20171019,20171209,Q6MGPT50,38.0,8,2,4,Won,5192.0,1.0,51.0,51.0,2017-12,2017,12
2017-10-28,20171028,20171019,20171028,ENL7MDL2,36.0,26,6,4,Won,1226.0,0.9988056161128477,9.0,9.0,2017-10,2017,10
2017-10-25,20171025,20171019,20171025,CLHPJZHP,41.0,26,5,4,Won,4552.0,0.9999999999999998,6.0,6.0,2017-10,2017,10
2017-10-26,20171026,20171019,20171026,XO4ZYI3G,77.0,30,5,4,Won,5569.0,1.0,7.0,7.0,2017-10,2017,10
2017-10-20,20171020,20171019,20171020,RSBEC5KF,21.0,30,2,4,Won,4389.0,0.9999999999999976,1.0,1.0,2017-10,2017,10
2017-11-01,20171101,20171019,20171101,6Z6SRB1Y,36.0,6,5,2,Lost,0.0,0.005093589425518746,13.0,13.0,2017-11,2017,11
2017-10-21,20171021,20171019,20171021,FRSYEHJE,29.0,4,4,2,Lost,0.0,0.0015605934827080334,2.0,2.0,2017-10,2017,10
2017-10-26,20171026,20171019,20171026,MV4DK68W,59.0,4,1,4,Won,451.0,0.8539762020898857,7.0,7.0,2017-10,2017,10
2017-11-28,20171128,20171019,20171128,I15B3BNW,54.0,27,4,2,Lost,0.0,0.0019841840754257693,40.0,40.0,2017-11,2017,11
2017-10-21,20171021,20171019,20171021,1CT3EWJ8,32.0,27,1,4,Won,553.0,0.934828108888868,2.0,2.0,2017-10,2017,10
2017-10-29,20171029,20171019,20171029,JPBLNA5V,62.0,7,2,2,Lost,0.0,0.0040170481785917365,10.0,10.0,2017-10,2017,10
2017-11-01,20171101,20171019,20171101,R6OM4EDE,6.0,34,1,4,Won,524.0,0.9116199954349409,13.0,13.0,2017-11,2017,11
2017-10-21,20171021,20171019,20171021,74Y43OFL,56.0,21,4,2,Lost,0.0,0.005387453482843827,2.0,2.0,2017-10,2017,10
2017-10-31,20171031,20171019,20171031,OIOGIDI2,59.0,3,6,2,Lost,0.0,0.01926021184641447,12.0,12.0,2017-10,2017,10
2017-10-27,20171027,20171019,20171027,SCN3BY47,38.0,3,3,4,Won,53.0,0.6942233093725438,8.0,8.0,2017-10,2017,10
2017-10-20,20171020,20171019,20171020,HFF39KOB,67.0,3,4,4,Won,2749.0,0.9999999927272807,1.0,1.0,2017-10,2017,10
2017-10-26,20171026,20171019,20171026,OS59LIZX,41.0,24,2,2,Lost,0.0,0.003243204857744553,7.0,7.0,2017-10,2017,10
2017-10-21,20171021,20171019,20171021,O3S3SF3W,58.0,24,2,2,Lost,0.0,0.005436811634181835,2.0,2.0,2017-10,2017,10
2017-10-20,20171020,20171019,20171020,WA0NRLP7,34.0,24,5,4,Won,5368.0,1.0,1.0,1.0,2017-10,2017,10
2017-12-25,20171225,20171019,20171225,GHOQQYQM,42.0,16,2,4,Won,4734.0,1.0,67.0,67.0,2017-12,2017,12
2017-12-16,20171216,20171019,20171216,6OXOIJ4D,12.0,16,4,4,Won,3089.0,0.9999999998729574,58.0,58.0,2017-12,2017,12
2017-10-21,20171021,20171020,20171021,DTFLKV60,19.0,1,4,2,Lost,0.0,0.006108051189007799,1.0,1.0,2017-10,2017,10
2017-10-30,20171030,20171020,20171030,RELG4CYQ,30.0,1,3,4,Won,54.0,0.7798781873879286,10.0,10.0,2017-10,2017,10
2017-10-27,20171027,20171020,20171027,PLV91KH7,63.0,19,2,4,Won,4345.0,0.9999999999999976,7.0,7.0,2017-10,2017,10
2017-10-27,20171027,20171020,20171027,U289K4V3,76.0,2,4,4,Won,3848.0,0.9999999999998039,7.0,7.0,2017-10,2017,10
2017-10-26,20171026,20171020,20171026,PDXFX23P,37.0,13,2,4,Won,4287.0,0.9999999999999951,6.0,6.0,2017-10,2017,10
2017-10-27,20171027,20171020,20171027,LULNYY3C,11.0,10,2,4,Won,4435.0,0.9999999999999982,7.0,7.0,2017-10,2017,10
2017-10-28,20171028,20171020,20171028,NJ1YGDZW,66.0,10,2,4,Won,4699.0,1.0,8.0,8.0,2017-10,2017,10
2017-10-24,20171024,20171020,20171024,CZC1J6FQ,9.0,8,5,2,Lost,0.0,0.005197122807221521,4.0,4.0,2017-10,2017,10
2017-10-22,20171022,20171020,20171022,WSWJJ234,28.0,8,3,2,Lost,0.0,0.39874825847425605,2.0,2.0,2017-10,2017,10
2017-10-30,20171030,20171020,20171030,MDBKYL2Q,66.0,8,3,4,Won,60.0,0.8051357171989706,10.0,10.0,2017-10,2017,10
2017-10-21,20171021,20171020,20171021,M9EU34FE,35.0,26,5,4,Won,6026.0,1.0,1.0,1.0,2017-10,2017,10
2017-10-27,20171027,20171020,20171027,HCARIWPE,31.0,30,5,2,Lost,0.0,0.004537142308279755,7.0,7.0,2017-10,2017,10
2017-12-25,20171225,20171020,20171225,WGJB2VDU,51.0,30,5,4,Won,5095.0,1.0,66.0,66.0,2017-12,2017,12
2017-12-16,20171216,20171020,20171216,JSLSL3SU,70.0,32,1,4,Won,565.0,0.9619873914942505,57.0,57.0,2017-12,2017,12
2017-12-22,20171222,20171020,20171222,N1B45KIT,79.0,34,5,4,Won,5883.0,1.0,63.0,63.0,2017-12,2017,12
2017-12-12,20171212,20171020,20171212,30UA0RS8,25.0,9,6,4,Won,1135.0,0.9951255447789668,53.0,53.0,2017-12,2017,12
2017-12-21,20171221,20171020,20171221,R1Z8J1JL,44.0,21,6,4,Won,903.0,0.987421053469915,62.0,62.0,2017-12,2017,12
2017-10-27,20171027,20171020,20171027,MJODFG6C,33.0,24,3,2,Lost,0.0,0.5271186978226224,7.0,7.0,2017-10,2017,10
2017-10-28,20171028,20171020,20171028,6D7N5SQ7,47.0,24,3,2,Lost,0.0,0.4538220989560338,8.0,8.0,2017-10,2017,10
2017-11-03,20171103,20171020,20171103,DQIKGS2U,14.0,24,3,4,Won,48.0,0.762012771293733,14.0,14.0,2017-11,2017,11
2017-10-30,20171030,20171020,20171030,EZNAGRVB,35.0,33,5,4,Won,5388.0,1.0,10.0,10.0,2017-10,2017,10
2017-10-27,20171027,20171020,20171027,C1M1RST0,54.0,33,2,4,Won,4109.0,0.9999999999999591,7.0,7.0,2017-10,2017,10
2017-10-23,20171023,20171021,20171023,KIZOEC3M,15.0,1,6,2,Lost,0.0,0.011316912243913358,2.0,2.0,2017-10,2017,10
2017-10-27,20171027,20171021,20171027,CO7T7H41,59.0,1,3,2,Lost,0.0,0.6608368133833961,6.0,6.0,2017-10,2017,10
2017-12-16,20171216,20171021,20171216,BMQYRJC7,11.0,1,5,4,Won,5543.0,1.0,56.0,56.0,2017-12,2017,12
2017-11-29,20171129,20171021,20171129,6ALPIXB7,20.0,19,6,2,Lost,0.0,0.008864119483341513,39.0,39.0,2017-11,2017,11
2017-10-28,20171028,20171021,20171028,5NVTQW38,68.0,2,6,2,Lost,0.0,0.014577542976718807,7.0,7.0,2017-10,2017,10
2017-10-27,20171027,20171021,20171027,IOUUN8LM,28.0,2,4,2,Lost,0.0,0.0025466014857318956,6.0,6.0,2017-10,2017,10
2017-10-31,20171031,20171021,20171031,3EZLRW47,4.0,10,2,2,Lost,0.0,0.004032902296901193,10.0,10.0,2017-10,2017,10
2017-10-29,20171029,20171021,20171029,09AILR04,67.0,10,2,4,Won,4732.0,0.9999999999999998,8.0,8.0,2017-10,2017,10
2017-11-07,20171107,20171021,20171107,KSYI5DDW,11.0,10,3,4,Won,55.0,0.5832884908132983,17.0,17.0,2017-11,2017,11
2017-10-30,20171030,20171021,20171030,W4R2C7N9,78.0,20,1,2,Lost,0.0,0.05688445146979125,9.0,9.0,2017-10,2017,10
2017-10-29,20171029,20171021,20171029,KY1CESUN,71.0,20,5,2,Lost,0.0,0.003100182618793006,8.0,8.0,2017-10,2017,10
2017-10-30,20171030,20171021,20171030,M4EHG2ZB,45.0,8,3,4,Won,52.0,0.6145999272228032,9.0,9.0,2017-10,2017,10
2017-10-22,20171022,20171021,20171022,DLAMSRVT,28.0,6,1,2,Lost,0.0,0.070534175605224,1.0,1.0,2017-10,2017,10
2017-12-14,20171214,20171021,20171214,PZNZD22T,17.0,32,1,2,Lost,0.0,0.12751963445984194,54.0,54.0,2017-12,2017,12
2017-10-23,20171023,20171021,20171023,FVCN0HQ9,10.0,31,1,2,Lost,0.0,0.10703354268328226,2.0,2.0,2017-10,2017,10
2017-10-27,20171027,20171021,20171027,A0FVQ8KO,46.0,31,1,4,Won,575.0,0.9461858732138619,6.0,6.0,2017-10,2017,10
2017-10-30,20171030,20171021,20171030,6KGX67OZ,33.0,34,1,2,Lost,0.0,0.09019581703094245,9.0,9.0,2017-10,2017,10
2017-11-01,20171101,20171021,20171101,BXXGLPD7,16.0,9,3,2,Lost,0.0,0.444638681556292,11.0,11.0,2017-11,2017,11
2017-10-29,20171029,20171021,20171029,MHF6GSB6,56.0,21,4,4,Won,3612.0,0.99999999999863,8.0,8.0,2017-10,2017,10
2017-10-25,20171025,20171021,20171025,TFILI4TE,81.0,12,3,2,Lost,0.0,0.4981071096035033,4.0,4.0,2017-10,2017,10
2017-12-15,20171215,20171021,20171215,4P0SDD91,40.0,16,2,4,Won,4970.0,1.0,55.0,55.0,2017-12,2017,12
2017-10-31,20171031,20171021,20171031,ZZ4X9VN3,26.0,16,4,4,Won,2995.0,0.9999999992261306,10.0,10.0,2017-10,2017,10
2017-12-30,20171230,20171022,20171230,0J3UU8PZ,81.0,22,1,4,Won,546.0,0.9415712479314475,69.0,69.0,2017-12,2017,12
2017-12-20,20171220,20171022,20171220,UYPF6FZ3,27.0,22,6,4,Won,1184.0,0.9983462501861898,59.0,59.0,2017-12,2017,12
2017-10-24,20171024,20171022,20171024,2HKRINHL,56.0,19,5,4,Won,5500.0,1.0,2.0,2.0,2017-10,2017,10
2017-10-24,20171024,20171022,20171024,G5JXIYRO,16.0,2,4,4,Won,3616.0,0.9999999999979725,2.0,2.0,2017-10,2017,10
2017-11-30,20171130,20171022,20171130,4MXSHU7X,42.0,13,7,2,Lost,0.0,0.01714745935676268,39.0,39.0,2017-11,2017,11
2017-10-26,20171026,20171022,20171026,H4FIU51C,49.0,18,4,2,Lost,0.0,0.0031723364978387316,4.0,4.0,2017-10,2017,10
2017-12-29,20171229,20171022,20171229,CC2ICRAG,60.0,10,6,4,Won,1087.0,0.9974773794158045,68.0,68.0,2017-12,2017,12
2017-10-30,20171030,20171022,20171030,RDC531P5,38.0,10,2,4,Won,3578.0,0.9999999999972882,8.0,8.0,2017-10,2017,10
2017-10-29,20171029,20171022,20171029,9QX62IL2,24.0,28,1,4,Won,544.0,0.9555087992677508,7.0,7.0,2017-10,2017,10
2017-10-29,20171029,20171022,20171029,3GRTE6VM,14.0,28,4,4,Won,3082.0,0.9999999998515254,7.0,7.0,2017-10,2017,10
2017-10-24,20171024,20171022,20171024,E4BPOOL6,36.0,28,4,4,Won,3450.0,0.9999999999891385,2.0,2.0,2017-10,2017,10
2017-10-29,20171029,20171022,20171029,B894QWQM,42.0,15,2,4,Won,5360.0,1.0,7.0,7.0,2017-10,2017,10
2017-11-01,20171101,20171022,20171101,U9QMLC5Z,10.0,30,2,4,Won,4991.0,1.0,10.0,10.0,2017-11,2017,11
2017-10-30,20171030,20171022,20171030,VCQBM844,10.0,30,4,4,Won,3294.0,0.9999999999702252,8.0,8.0,2017-10,2017,10
2017-10-30,20171030,20171022,20171030,UE66OOQS,13.0,6,6,2,Lost,0.0,0.013281082443333099,8.0,8.0,2017-10,2017,10
2017-10-31,20171031,20171022,20171031,W5ABRRKC,58.0,27,6,4,Won,981.0,0.9874015009148959,9.0,9.0,2017-10,2017,10
2017-11-03,20171103,20171022,20171103,Y8KI5ANO,39.0,7,6,2,Lost,0.0,0.012308048164515493,12.0,12.0,2017-11,2017,11
2017-10-23,20171023,20171022,20171023,CTM8WFGW,68.0,7,5,4,Won,6233.0,1.0,1.0,1.0,2017-10,2017,10
2017-11-28,20171128,20171022,20171128,RFUJTKVO,16.0,7,3,4,Won,55.0,0.7235538223057191,37.0,37.0,2017-11,2017,11
2017-10-28,20171028,20171022,20171028,ZMEKFXC5,29.0,9,3,2,Lost,0.0,0.36266275786780433,6.0,6.0,2017-10,2017,10
2017-12-10,20171210,20171022,20171210,LO2BMO33,13.0,9,5,4,Won,6142.0,1.0,49.0,49.0,2017-12,2017,12
2017-10-29,20171029,20171022,20171029,4ETFTKHJ,31.0,25,3,2,Lost,0.0,0.43273128120063775,7.0,7.0,2017-10,2017,10
2017-12-06,20171206,20171022,20171206,528YB7Q0,74.0,14,6,2,Lost,0.0,0.007826859457645208,45.0,45.0,2017-12,2017,12
2017-10-28,20171028,20171022,20171028,OFEUX5PI,35.0,24,2,4,Won,5190.0,1.0,6.0,6.0,2017-10,2017,10
2017-10-25,20171025,20171023,20171025,S3V8Z52J,37.0,19,4,2,Lost,0.0,0.002839334732864008,2.0,2.0,2017-10,2017,10
2017-11-01,20171101,20171023,20171101,TTYSSNJH,27.0,19,6,4,Won,1027.0,0.9907157254390492,9.0,9.0,2017-11,2017,11
2017-10-31,20171031,20171023,20171031,LROWI84G,19.0,10,6,4,Won,1237.0,0.9991425905863868,8.0,8.0,2017-10,2017,10
2017-10-29,20171029,20171023,20171029,IQAP70OD,68.0,10,6,4,Won,965.0,0.9874827097865267,6.0,6.0,2017-10,2017,10
2017-11-03,20171103,20171023,20171103,JWWVG8KG,38.0,10,2,4,Won,5729.0,1.0,11.0,11.0,2017-11,2017,11
2017-10-24,20171024,20171023,20171024,7PEL3AIZ,39.0,10,2,4,Won,5685.0,1.0,1.0,1.0,2017-10,2017,10
2017-10-26,20171026,20171023,20171026,NXQR7LX6,60.0,10,2,4,Won,4024.0,0.9999999999999669,3.0,3.0,2017-10,2017,10
2017-12-12,20171212,20171023,20171212,JL358E5T,63.0,20,1,4,Won,511.0,0.9116426578192307,50.0,50.0,2017-12,2017,12
2017-10-30,20171030,20171023,20171030,DHUG18WU,65.0,28,5,2,Lost,0.0,0.005082380649705572,7.0,7.0,2017-10,2017,10
2017-11-04,20171104,20171023,20171104,T6ENEYKW,52.0,15,2,2,Lost,0.0,0.005086931897173144,12.0,12.0,2017-11,2017,11
2017-10-24,20171024,20171023,20171024,3MGMH9AE,66.0,8,4,2,Lost,0.0,0.006864179433592894,1.0,1.0,2017-10,2017,10
2017-11-05,20171105,20171023,20171105,4Z84VV2P,79.0,31,2,4,Won,4382.0,0.999999999999998,13.0,13.0,2017-11,2017,11
2017-11-19,20171119,20171023,20171119,DMYP7REE,25.0,7,6,2,Lost,0.0,0.011468032664436124,27.0,27.0,2017-11,2017,11
2017-10-30,20171030,20171023,20171030,1SKNSG2B,73.0,7,5,4,Won,5516.0,1.0,7.0,7.0,2017-10,2017,10
2017-11-06,20171106,20171023,20171106,G6MUC5R6,23.0,3,5,2,Lost,0.0,0.004857425214432172,14.0,14.0,2017-11,2017,11
2017-10-24,20171024,20171023,20171024,6445PW4Z,58.0,24,2,2,Lost,0.0,0.005405598144775329,1.0,1.0,2017-10,2017,10
2017-12-28,20171228,20171023,20171228,CUJIRCWV,12.0,24,3,4,Won,51.0,0.761112688661547,66.0,66.0,2017-12,2017,12
2017-10-28,20171028,20171023,20171028,YSFFEUCQ,34.0,33,6,2,Lost,0.0,0.00719573749471935,5.0,5.0,2017-10,2017,10
2017-10-31,20171031,20171023,20171031,OX0NE27G,42.0,33,6,4,Won,1195.0,0.9969503318726164,8.0,8.0,2017-10,2017,10
2017-10-26,20171026,20171024,20171026,0B09WODM,49.0,22,6,2,Lost,0.0,0.011579523234977289,2.0,2.0,2017-10,2017,10
2017-10-25,20171025,20171024,20171025,FSC4A2HZ,63.0,19,5,2,Lost,0.0,0.005306334305268407,1.0,1.0,2017-10,2017,10
2017-11-02,20171102,20171024,20171102,YT5GLR6D,43.0,19,4,4,Won,3588.0,0.9999999999960363,9.0,9.0,2017-11,2017,11
2017-10-29,20171029,20171024,20171029,KOPJOMQE,48.0,18,6,2,Lost,0.0,0.010074263481542832,5.0,5.0,2017-10,2017,10
2017-11-08,20171108,20171024,20171108,AS2BKSCT,11.0,10,6,2,Lost,0.0,0.00818733865222004,15.0,15.0,2017-11,2017,11
2017-12-01,20171201,20171024,20171201,S3GVO59B,66.0,10,2,4,Won,5542.0,1.0,38.0,38.0,2017-12,2017,12
2017-12-31,20171231,20171024,20171231,L8POFR0T,24.0,30,4,4,Won,3296.0,0.9999999999829376,68.0,68.0,2017-12,2017,12
2017-10-25,20171025,20171024,20171025,RYF41KOV,16.0,6,6,2,Lost,0.0,0.011607286407451413,1.0,1.0,2017-10,2017,10
2017-10-29,20171029,20171024,20171029,MV7NPCI9,3.0,6,1,4,Won,519.0,0.9214059632951583,5.0,5.0,2017-10,2017,10
2017-10-25,20171025,20171024,20171025,TSN98FPQ,3.0,6,6,4,Won,1243.0,0.9987764370650526,1.0,1.0,2017-10,2017,10
2017-10-26,20171026,20171024,20171026,SQW60VII,21.0,32,4,2,Lost,0.0,0.0029978916822939778,2.0,2.0,2017-10,2017,10
2017-10-31,20171031,20171024,20171031,PGG2DUPO,59.0,4,6,4,Won,1133.0,0.9965106519643976,7.0,7.0,2017-10,2017,10
2017-12-24,20171224,20171024,20171224,85U38YFD,36.0,7,1,2,Lost,0.0,0.13612035157579344,61.0,61.0,2017-12,2017,12
2017-12-29,20171229,20171024,20171229,M7V7UJHZ,28.0,7,4,2,Lost,0.0,0.0036970954119020763,66.0,66.0,2017-12,2017,12
2017-11-10,20171110,20171024,20171110,S56NVD4M,14.0,34,5,4,Won,4945.0,1.0,17.0,17.0,2017-11,2017,11
2017-10-30,20171030,20171024,20171030,Y34O7SKI,73.0,3,4,2,Lost,0.0,0.004672622177458066,6.0,6.0,2017-10,2017,10
2017-10-26,20171026,20171024,20171026,DSY9VD0O,10.0,24,1,4,Won,535.0,0.937478826536116,2.0,2.0,2017-10,2017,10
2017-11-07,20171107,20171024,20171107,6ZR7IUC4,83.0,33,4,2,Lost,0.0,0.003219090869177296,14.0,14.0,2017-11,2017,11
2017-11-26,20171126,20171025,20171126,8W9YXI59,9.0,1,3,4,Won,59.0,0.7607506243527636,32.0,32.0,2017-11,2017,11
2017-10-27,20171027,20171025,20171027,YEH9VQCD,12.0,18,1,4,Won,526.0,0.9384192089526512,2.0,2.0,2017-10,2017,10
2017-11-05,20171105,20171025,20171105,35GT4NM9,1.0,20,1,4,Won,586.0,0.8932200590099225,11.0,11.0,2017-11,2017,11
2017-10-27,20171027,20171025,20171027,MICIJ00A,62.0,8,4,2,Lost,0.0,0.0025072384309841457,2.0,2.0,2017-10,2017,10
2017-11-10,20171110,20171025,20171110,D4ABG4I1,60.0,6,2,4,Won,4356.0,0.9999999999999984,16.0,16.0,2017-11,2017,11
2017-10-26,20171026,20171025,20171026,EMK9P63G,12.0,27,1,4,Won,566.0,0.939799321575157,1.0,1.0,2017-10,2017,10
2017-12-30,20171230,20171025,20171230,7GWM1WT0,36.0,5,1,4,Won,537.0,0.9365731584517585,66.0,66.0,2017-12,2017,12
2017-12-21,20171221,20171025,20171221,U0XWF9TW,71.0,12,3,4,Won,47.0,0.6644880851040701,57.0,57.0,2017-12,2017,12
2017-11-03,20171103,20171025,20171103,E8L9I3QP,12.0,33,1,4,Won,447.0,0.859383046761968,9.0,9.0,2017-11,2017,11
2017-10-27,20171027,20171026,20171027,63S5SNBC,16.0,1,6,4,Won,1103.0,0.9962370564390696,1.0,1.0,2017-10,2017,10
2017-12-28,20171228,20171026,20171228,3PIPAOVU,23.0,1,3,4,Won,57.0,0.7072826334182297,63.0,63.0,2017-12,2017,12
2017-11-06,20171106,20171026,20171106,UBU4E17W,2.0,19,1,2,Lost,0.0,0.07877234362175188,11.0,11.0,2017-11,2017,11
2017-11-24,20171124,20171026,20171124,99HAV7SY,36.0,2,5,2,Lost,0.0,0.005594425830622904,29.0,29.0,2017-11,2017,11
2017-11-04,20171104,20171026,20171104,UX9D17FS,52.0,13,2,4,Won,4525.0,0.9999999999999996,9.0,9.0,2017-11,2017,11
2017-10-30,20171030,20171026,20171030,FL804BH8,39.0,10,2,2,Lost,0.0,0.003364323296891987,4.0,4.0,2017-10,2017,10
2017-10-27,20171027,20171026,20171027,RWR0W3U8,85.0,10,2,2,Lost,0.0,0.0017663165527480433,1.0,1.0,2017-10,2017,10
2017-10-28,20171028,20171026,20171028,8UU0I29V,21.0,28,1,4,Won,504.0,0.8717306578897779,2.0,2.0,2017-10,2017,10
2017-10-27,20171027,20171026,20171027,89A54FHW,19.0,8,2,2,Lost,0.0,0.004857098389833697,1.0,1.0,2017-10,2017,10
2017-10-31,20171031,20171026,20171031,UGAEAB27,62.0,7,2,4,Won,4377.0,0.999999999999998,5.0,5.0,2017-10,2017,10
2017-10-27,20171027,20171026,20171027,U2JI00ER,3.0,7,4,4,Won,3353.0,0.999999999980099,1.0,1.0,2017-10,2017,10
2017-10-31,20171031,20171026,20171031,56D231XJ,42.0,34,5,2,Lost,0.0,0.003663437051716955,5.0,5.0,2017-10,2017,10
2017-11-03,20171103,20171026,20171103,O2CFE5KX,21.0,34,3,4,Won,50.0,0.5455250167338423,8.0,8.0,2017-11,2017,11
2017-10-30,20171030,20171026,20171030,UCLGT98S,13.0,9,1,2,Lost,0.0,0.07603571475431066,4.0,4.0,2017-10,2017,10
2017-10-28,20171028,20171026,20171028,BZG9DI4Z,6.0,24,1,2,Lost,0.0,0.08754636181202802,2.0,2.0,2017-10,2017,10
2017-10-27,20171027,20171026,20171027,E2R39451,34.0,24,1,2,Lost,0.0,0.0793723822073871,1.0,1.0,2017-10,2017,10
2017-11-04,20171104,20171026,20171104,KHQR5AKG,70.0,24,4,2,Lost,0.0,0.0033338306685951977,9.0,9.0,2017-11,2017,11
2017-10-31,20171031,20171026,20171031,NMI79ZYT,26.0,12,1,2,Lost,0.0,0.06884026707588482,5.0,5.0,2017-10,2017,10
2017-10-28,20171028,20171026,20171028,RU3HH59R,82.0,12,1,2,Lost,0.0,0.12792953864705542,2.0,2.0,2017-10,2017,10
2017-12-07,20171207,20171027,20171207,IE1N4OUS,60.0,1,5,4,Won,5269.0,1.0,41.0,41.0,2017-12,2017,12
2017-10-28,20171028,20171027,20171028,A5IABHP1,5.0,22,2,4,Won,5275.0,1.0,1.0,1.0,2017-10,2017,10
2017-10-29,20171029,20171027,20171029,FOFS0O2G,78.0,19,5,2,Lost,0.0,0.0035716640499838916,2.0,2.0,2017-10,2017,10
2017-11-07,20171107,20171027,20171107,66BQC4C9,13.0,2,4,2,Lost,0.0,0.004022566485015228,11.0,11.0,2017-11,2017,11
2017-10-29,20171029,20171027,20171029,GXQJVJQT,49.0,13,1,4,Won,601.0,0.9629209687608871,2.0,2.0,2017-10,2017,10
2017-11-10,20171110,20171027,20171110,PP4ZY6TZ,73.0,10,7,2,Lost,0.0,0.01840183350072455,14.0,14.0,2017-11,2017,11
2017-12-29,20171229,20171027,20171229,7TOPAQ9Y,23.0,10,3,4,Won,53.0,0.6578612883015432,63.0,63.0,2017-12,2017,12
2017-11-10,20171110,20171027,20171110,7NJS374V,34.0,28,3,4,Won,46.0,0.5817696658563336,14.0,14.0,2017-11,2017,11
2017-10-29,20171029,20171027,20171029,KKO2EFHS,35.0,30,2,2,Lost,0.0,0.003360940180604065,2.0,2.0,2017-10,2017,10
2017-10-29,20171029,20171027,20171029,PJJMVZAL,73.0,6,1,4,Won,538.0,0.9418765135389996,2.0,2.0,2017-10,2017,10
2017-12-15,20171215,20171027,20171215,MFYR7SSG,54.0,32,3,4,Won,53.0,0.6554569120188498,49.0,49.0,2017-12,2017,12
2017-11-03,20171103,20171027,20171103,F2F1LPTA,19.0,4,4,4,Won,3296.0,0.9999999999609042,7.0,7.0,2017-11,2017,11
2017-10-28,20171028,20171027,20171028,QVP4LFVD,17.0,27,1,2,Lost,0.0,0.06209341495131106,1.0,1.0,2017-10,2017,10
2017-11-07,20171107,20171027,20171107,7FZMWZJT,39.0,7,4,4,Won,3561.0,0.9999999999968241,11.0,11.0,2017-11,2017,11
2017-11-06,20171106,20171027,20171106,8THGVJ52,64.0,34,5,4,Won,5655.0,1.0,10.0,10.0,2017-11,2017,11
2017-12-14,20171214,20171027,20171214,M827K2PI,16.0,5,1,4,Won,656.0,0.9755400055115013,48.0,48.0,2017-12,2017,12
2017-11-05,20171105,20171027,20171105,4ETZYSN3,18.0,21,4,4,Won,3258.0,0.9999999999754254,9.0,9.0,2017-11,2017,11
2017-11-12,20171112,20171027,20171112,SZDGWQLT,32.0,25,1,4,Won,577.0,0.9552153850314633,16.0,16.0,2017-11,2017,11
2017-10-28,20171028,20171027,20171028,YM5F751C,67.0,3,3,4,Won,50.0,0.5635525544444674,1.0,1.0,2017-10,2017,10
2017-10-29,20171029,20171027,20171029,G7U0HP7Q,47.0,24,1,2,Lost,0.0,0.06922065232705187,2.0,2.0,2017-10,2017,10
2017-10-29,20171029,20171028,20171029,FRNGLIYS,15.0,1,3,4,Won,66.0,0.6780369933668179,1.0,1.0,2017-10,2017,10
2017-11-12,20171112,20171028,20171112,OY08XJ2E,27.0,13,6,4,Won,1079.0,0.9950331314423281,15.0,15.0,2017-11,2017,11
2017-10-29,20171029,20171028,20171029,ZSZFPCYS,13.0,10,4,2,Lost,0.0,0.003623134783531019,1.0,1.0,2017-10,2017,10
2017-11-03,20171103,20171028,20171103,BXCEXXP4,18.0,20,4,2,Lost,0.0,0.003948453981871186,6.0,6.0,2017-11,2017,11
2017-10-29,20171029,20171028,20171029,H3K2E35I,10.0,28,7,4,Won,27971.0,1.0,1.0,1.0,2017-10,2017,10
2017-11-11,20171111,20171028,20171111,LB6S2ONR,79.0,27,1,4,Won,598.0,0.9399067348951883,14.0,14.0,2017-11,2017,11
2017-10-29,20171029,20171028,20171029,6BRNE2DV,67.0,3,3,2,Lost,0.0,0.45157892839394387,1.0,1.0,2017-10,2017,10
2017-10-29,20171029,20171028,20171029,ST4H8MB7,41.0,24,2,2,Lost,0.0,0.0031328349256660717,1.0,1.0,2017-10,2017,10
2017-11-14,20171114,20171028,20171114,VMGCRSWP,7.0,12,3,4,Won,61.0,0.6396266333466623,17.0,17.0,2017-11,2017,11
2017-11-07,20171107,20171028,20171107,4HJIT2B6,58.0,33,1,2,Lost,0.0,0.1067065952971368,10.0,10.0,2017-11,2017,11
2017-11-12,20171112,20171028,20171112,DJY7S9AI,55.0,33,4,4,Won,3082.0,0.9999999994834847,15.0,15.0,2017-11,2017,11
2017-11-12,20171112,20171029,20171112,X6MHLE33,27.0,19,1,2,Lost,0.0,0.09165668591526542,14.0,14.0,2017-11,2017,11
2017-11-11,20171111,20171029,20171111,TLAWJR5V,52.0,13,5,4,Won,5646.0,1.0,13.0,13.0,2017-11,2017,11
2017-11-04,20171104,20171029,20171104,SQ63LXS8,11.0,10,4,2,Lost,0.0,0.0024151874672914994,6.0,6.0,2017-11,2017,11
2017-10-30,20171030,20171029,20171030,L3PLDC1Y,11.0,10,2,4,Won,4733.0,0.9999999999999998,1.0,1.0,2017-10,2017,10
2017-12-30,20171230,20171029,20171230,HMG6NWSR,9.0,8,4,4,Won,2931.0,0.9999999992469433,62.0,62.0,2017-12,2017,12
2017-10-31,20171031,20171029,20171031,KNH4ZX85,4.0,6,3,4,Won,62.0,0.6925956607537495,2.0,2.0,2017-10,2017,10
2017-11-03,20171103,20171029,20171103,FV7Y3ZPO,44.0,14,4,2,Lost,0.0,0.003589197233344751,5.0,5.0,2017-11,2017,11
2017-10-31,20171031,20171029,20171031,DDQ0MDYY,33.0,33,2,4,Won,4178.0,0.9999999999999829,2.0,2.0,2017-10,2017,10
2017-11-04,20171104,20171030,20171104,HFER9GET,43.0,19,2,4,Won,5239.0,1.0,5.0,5.0,2017-11,2017,11
2017-11-11,20171111,20171030,20171111,005JS57S,73.0,8,1,4,Won,539.0,0.9300334715226959,12.0,12.0,2017-11,2017,11
2017-10-31,20171031,20171030,20171031,TWDNQ9TX,57.0,6,6,4,Won,973.0,0.9911045249633152,1.0,1.0,2017-10,2017,10
2017-10-31,20171031,20171030,20171031,G289FPBV,67.0,4,3,2,Lost,0.0,0.3154093031708169,1.0,1.0,2017-10,2017,10
2017-10-31,20171031,20171030,20171031,G9H0MWBL,26.0,21,5,2,Lost,0.0,0.004202984190543848,1.0,1.0,2017-10,2017,10
2017-11-04,20171104,20171030,20171104,P2YWZPES,44.0,24,1,4,Won,622.0,0.9694715473993557,5.0,5.0,2017-11,2017,11
2017-11-15,20171115,20171030,20171115,NPGETEDZ,70.0,33,6,2,Lost,0.0,0.008692868262730856,16.0,16.0,2017-11,2017,11
2017-11-10,20171110,20171031,20171110,J5I6Y4RN,39.0,1,3,2,Lost,0.0,0.5508262681631485,10.0,10.0,2017-11,2017,11
2017-11-07,20171107,20171031,20171107,XRMOUF1R,12.0,22,4,4,Won,4172.0,0.99999999999999,7.0,7.0,2017-11,2017,11
2017-11-14,20171114,20171031,20171114,TL0UILCV,74.0,19,2,4,Won,4529.0,0.9999999999999991,14.0,14.0,2017-11,2017,11
2017-12-10,20171210,20171031,20171210,FAS4V07H,44.0,19,4,4,Won,2695.0,0.999999993471909,40.0,40.0,2017-12,2017,12
2017-12-22,20171222,20171031,20171222,3Z9AX43T,9.0,10,2,2,Lost,0.0,0.005403560813882483,52.0,52.0,2017-12,2017,12
2017-11-10,20171110,20171031,20171110,5JO7SIGB,13.0,10,2,2,Lost,0.0,0.003958473270285497,10.0,10.0,2017-11,2017,11
2017-11-09,20171109,20171031,20171109,8MQPNCCU,26.0,20,1,4,Won,486.0,0.7937489903635404,9.0,9.0,2017-11,2017,11
2017-11-08,20171108,20171031,20171108,2DT70XCQ,56.0,20,1,4,Won,450.0,0.8336664423826687,8.0,8.0,2017-11,2017,11
2017-11-09,20171109,20171031,20171109,HYBR36NG,24.0,28,3,2,Lost,0.0,0.6258003256569293,9.0,9.0,2017-11,2017,11
2017-11-08,20171108,20171031,20171108,WXOL5HTS,52.0,15,5,4,Won,6818.0,1.0,8.0,8.0,2017-11,2017,11
2017-12-21,20171221,20171031,20171221,F15SU034,12.0,8,4,4,Won,3298.0,0.9999999999743616,51.0,51.0,2017-12,2017,12
2017-11-09,20171109,20171031,20171109,KLBW3TOH,32.0,32,5,4,Won,5512.0,1.0,9.0,9.0,2017-11,2017,11
2017-11-07,20171107,20171031,20171107,ESNS1OS9,42.0,32,5,4,Won,4742.0,1.0,7.0,7.0,2017-11,2017,11
2017-11-02,20171102,20171031,20171102,HDUZC4G9,79.0,31,1,4,Won,653.0,0.9719720250757882,2.0,2.0,2017-11,2017,11
2017-11-10,20171110,20171031,20171110,1629C4UW,13.0,4,6,2,Lost,0.0,0.00790832846947794,10.0,10.0,2017-11,2017,11
2017-11-11,20171111,20171031,20171111,0OXJ2HOP,14.0,27,4,4,Won,4058.0,0.9999999999999669,11.0,11.0,2017-11,2017,11
2017-11-01,20171101,20171031,20171101,RCGBY4IA,12.0,21,1,4,Won,553.0,0.964832819140411,1.0,1.0,2017-11,2017,11
2017-11-07,20171107,20171031,20171107,8R0HTKUK,78.0,14,5,2,Lost,0.0,0.003266775378566167,7.0,7.0,2017-11,2017,11
2017-11-03,20171103,20171031,20171103,W2ZRP2EC,42.0,24,3,2,Lost,0.0,0.4596420762863569,3.0,3.0,2017-11,2017,11
2017-11-13,20171113,20171101,20171113,AEH9XJ3T,42.0,19,6,2,Lost,0.0,0.00928866385235438,12.0,12.0,2017-11,2017,11
2017-11-15,20171115,20171101,20171115,X3DSI0TQ,29.0,2,5,2,Lost,0.0,0.003914701600092406,14.0,14.0,2017-11,2017,11
2017-12-22,20171222,20171101,20171222,MG3X7625,39.0,2,5,4,Won,5504.0,1.0,51.0,51.0,2017-12,2017,12
2017-11-05,20171105,20171101,20171105,8JR8LXEU,3.0,8,3,4,Won,53.0,0.6078952119985139,4.0,4.0,2017-11,2017,11
2017-11-17,20171117,20171101,20171117,KMRR1P94,73.0,6,1,2,Lost,0.0,0.12337325612401143,16.0,16.0,2017-11,2017,11
2017-11-06,20171106,20171101,20171106,JRCD2VQY,21.0,32,4,4,Won,3064.0,0.9999999996569278,5.0,5.0,2017-11,2017,11
2017-11-14,20171114,20171101,20171114,FXKBY5FR,58.0,34,4,4,Won,2866.0,0.9999999987720096,13.0,13.0,2017-11,2017,11
2017-11-06,20171106,20171101,20171106,8415S7ZV,32.0,24,1,2,Lost,0.0,0.13063798460645645,5.0,5.0,2017-11,2017,11
2017-11-10,20171110,20171101,20171110,UZ83LE9X,77.0,24,5,2,Lost,0.0,0.0029196306463090895,9.0,9.0,2017-11,2017,11
2017-11-10,20171110,20171101,20171110,GIDII30C,47.0,24,6,4,Won,960.0,0.9790640672274978,9.0,9.0,2017-11,2017,11
2017-11-02,20171102,20171101,20171102,IVVBVNDH,50.0,24,3,4,Won,55.0,0.6409286524081522,1.0,1.0,2017-11,2017,11
2017-11-07,20171107,20171102,20171107,FBKK68G6,18.0,22,2,4,Won,4155.0,0.9999999999999911,5.0,5.0,2017-11,2017,11
2017-11-05,20171105,20171102,20171105,SSSTYFDY,12.0,18,6,2,Lost,0.0,0.014236025192188037,3.0,3.0,2017-11,2017,11
2017-11-28,20171128,20171102,20171128,VSMB0KJW,8.0,20,1,4,Won,532.0,0.9377025379199863,26.0,26.0,2017-11,2017,11
2017-11-03,20171103,20171102,20171103,UVS5WJRG,9.0,6,1,4,Won,479.0,0.9121932851551858,1.0,1.0,2017-11,2017,11
2017-11-07,20171107,20171102,20171107,MOBO9N8H,77.0,32,1,2,Lost,0.0,0.06987243180352709,5.0,5.0,2017-11,2017,11
2017-11-29,20171129,20171102,20171129,5HHFR0VZ,77.0,27,2,4,Won,4521.0,0.9999999999999987,27.0,27.0,2017-11,2017,11
2017-11-16,20171116,20171102,20171116,0DYZ71WX,26.0,21,1,4,Won,585.0,0.9505969883099548,14.0,14.0,2017-11,2017,11
2017-11-07,20171107,20171102,20171107,Q1Q3D9BZ,70.0,24,1,2,Lost,0.0,0.09629627592191327,5.0,5.0,2017-11,2017,11
2017-11-06,20171106,20171102,20171106,9KV5GM4U,65.0,24,1,4,Won,430.0,0.8454498830916733,4.0,4.0,2017-11,2017,11
2017-11-09,20171109,20171103,20171109,6X24V0NC,11.0,10,2,2,Lost,0.0,0.002796202870876372,6.0,6.0,2017-11,2017,11
2017-12-02,20171202,20171103,20171202,IIZV9WFC,28.0,6,1,4,Won,577.0,0.9393766645622024,29.0,29.0,2017-12,2017,12
2017-12-18,20171218,20171103,20171218,WTZ2AHNW,73.0,7,2,4,Won,4591.0,0.9999999999999998,45.0,45.0,2017-12,2017,12
2017-11-18,20171118,20171103,20171118,RQ5FNR4O,34.0,34,1,4,Won,662.0,0.9720102134639143,15.0,15.0,2017-11,2017,11
2017-12-31,20171231,20171103,20171231,9BZBU2GY,55.0,34,5,4,Won,5091.0,1.0,58.0,58.0,2017-12,2017,12
2017-12-08,20171208,20171104,20171208,1FMCUSFS,56.0,22,5,4,Won,5737.0,1.0,34.0,34.0,2017-12,2017,12
2017-11-06,20171106,20171104,20171106,ZQSSHSL7,18.0,19,1,4,Won,583.0,0.9697139103437891,2.0,2.0,2017-11,2017,11
2017-11-08,20171108,20171104,20171108,SWYO7V7O,36.0,10,2,2,Lost,0.0,0.0035979120046670705,4.0,4.0,2017-11,2017,11
2017-11-10,20171110,20171104,20171110,62UFJ4IQ,70.0,30,5,4,Won,5031.0,1.0,6.0,6.0,2017-11,2017,11
2017-11-05,20171105,20171104,20171105,ZO4FDMPS,57.0,7,2,2,Lost,0.0,0.006742211903695086,1.0,1.0,2017-11,2017,11
2017-11-21,20171121,20171104,20171121,D9LUG4D8,56.0,21,2,4,Won,4237.0,0.9999999999999958,17.0,17.0,2017-11,2017,11
2017-11-14,20171114,20171104,20171114,M23VU0A9,44.0,14,5,2,Lost,0.0,0.005567314065933314,10.0,10.0,2017-11,2017,11
2017-12-12,20171212,20171104,20171212,YAVTI45C,21.0,33,1,4,Won,481.0,0.8416411528211718,38.0,38.0,2017-12,2017,12
2017-11-09,20171109,20171105,20171109,XZUEXEUH,3.0,1,1,4,Won,480.0,0.9017841559369254,4.0,4.0,2017-11,2017,11
2017-11-16,20171116,20171105,20171116,6Z3EP424,50.0,28,3,4,Won,51.0,0.6370591295806862,11.0,11.0,2017-11,2017,11
2017-11-16,20171116,20171105,20171116,VPIXVUUE,9.0,8,1,2,Lost,0.0,0.10640400683814401,11.0,11.0,2017-11,2017,11
2017-12-31,20171231,20171105,20171231,F98UFHM2,30.0,8,3,4,Won,52.0,0.7618906285149974,56.0,56.0,2017-12,2017,12
2017-11-22,20171122,20171105,20171122,JB7JEEI5,70.0,30,6,4,Won,1218.0,0.9986873112954553,17.0,17.0,2017-11,2017,11
2017-11-12,20171112,20171105,20171112,FQP39JQV,55.0,31,5,4,Won,5681.0,1.0,7.0,7.0,2017-11,2017,11
2017-11-17,20171117,20171105,20171117,PWW6TH3V,19.0,7,4,2,Lost,0.0,0.006768310078672182,12.0,12.0,2017-11,2017,11
2017-11-17,20171117,20171105,20171117,KXEZ5B3Q,48.0,21,3,2,Lost,0.0,0.6206568262093672,12.0,12.0,2017-11,2017,11
2017-11-07,20171107,20171105,20171107,3UA6O3NG,44.0,21,5,4,Won,6767.0,1.0,2.0,2.0,2017-11,2017,11
2017-11-11,20171111,20171105,20171111,3ML02CAH,9.0,3,3,4,Won,61.0,0.7466580565343467,6.0,6.0,2017-11,2017,11
2017-11-21,20171121,20171105,20171121,T7AHYN7O,53.0,12,3,2,Lost,0.0,0.49543666326726343,16.0,16.0,2017-11,2017,11
2017-11-17,20171117,20171105,20171117,9BMWYLQV,61.0,33,3,4,Won,62.0,0.7292168617273006,12.0,12.0,2017-11,2017,11
2017-11-07,20171107,20171106,20171107,76ZQP7QY,3.0,10,2,2,Lost,0.0,0.0035085828568114643,1.0,1.0,2017-11,2017,11
2017-11-07,20171107,20171106,20171107,DP7QR35U,22.0,28,6,2,Lost,0.0,0.010602589071047818,1.0,1.0,2017-11,2017,11
2017-12-19,20171219,20171106,20171219,VAD1MF34,45.0,8,3,4,Won,48.0,0.6440073438848084,43.0,43.0,2017-12,2017,12
2017-11-13,20171113,20171106,20171113,6AA52750,25.0,9,2,2,Lost,0.0,0.002151984927581064,7.0,7.0,2017-11,2017,11
2017-11-18,20171118,20171107,20171118,WOD9UKMP,66.0,2,6,4,Won,1059.0,0.9975722590361921,11.0,11.0,2017-11,2017,11
2017-12-20,20171220,20171107,20171220,T482GHJQ,45.0,10,2,4,Won,5031.0,1.0,43.0,43.0,2017-12,2017,12
2017-12-22,20171222,20171107,20171222,JFIL5JU0,15.0,4,1,4,Won,557.0,0.9181885019782823,45.0,45.0,2017-12,2017,12
2017-11-14,20171114,20171107,20171114,3GVL1I1G,7.0,14,4,4,Won,3426.0,0.9999999999843094,7.0,7.0,2017-11,2017,11
2017-11-26,20171126,20171108,20171126,72C58IRY,25.0,2,4,4,Won,2968.0,0.9999999992112922,18.0,18.0,2017-11,2017,11
2017-11-19,20171119,20171108,20171119,MMIYELAE,28.0,8,6,4,Won,1071.0,0.9906662906980195,11.0,11.0,2017-11,2017,11
2017-11-16,20171116,20171108,20171116,GS9UKUGV,73.0,6,2,2,Lost,0.0,0.004750752361250132,8.0,8.0,2017-11,2017,11
2017-11-26,20171126,20171108,20171126,X9MTGVJZ,70.0,32,5,2,Lost,0.0,0.006428029409062172,18.0,18.0,2017-11,2017,11
2017-12-04,20171204,20171108,20171204,N22XN5IM,55.0,32,6,4,Won,1082.0,0.9938615255058495,26.0,26.0,2017-12,2017,12
2017-11-11,20171111,20171108,20171111,OTQTFK48,54.0,31,6,4,Won,1203.0,0.9975191704151454,3.0,3.0,2017-11,2017,11
2017-12-30,20171230,20171108,20171230,URN9V0FK,45.0,4,3,2,Lost,0.0,0.48564587138492105,52.0,52.0,2017-12,2017,12
2017-11-17,20171117,20171108,20171117,K6TJSGUB,76.0,7,6,4,Won,985.0,0.9920192347851384,9.0,9.0,2017-11,2017,11
2017-11-20,20171120,20171108,20171120,CSXOYE1C,62.0,9,6,4,Won,1133.0,0.9948146293627443,12.0,12.0,2017-11,2017,11
2017-12-27,20171227,20171108,20171227,4ATO2S4S,8.0,12,3,4,Won,56.0,0.7837521109768998,49.0,49.0,2017-12,2017,12
2017-11-13,20171113,20171109,20171113,J0X7ZNDX,82.0,20,1,2,Lost,0.0,0.0919787560962526,4.0,4.0,2017-11,2017,11
2017-11-27,20171127,20171109,20171127,GCCBRJF8,69.0,15,5,4,Won,4884.0,1.0,18.0,18.0,2017-11,2017,11
2017-11-22,20171122,20171109,20171122,G7ZZG9DI,42.0,30,1,4,Won,443.0,0.8399639549711762,13.0,13.0,2017-11,2017,11
2017-11-23,20171123,20171109,20171123,TY9RBWLT,32.0,32,1,4,Won,562.0,0.9679851356561932,14.0,14.0,2017-11,2017,11
2017-11-21,20171121,20171109,20171121,NNREN4Q5,34.0,32,1,4,Won,437.0,0.8524387116831941,12.0,12.0,2017-11,2017,11
2017-11-23,20171123,20171109,20171123,T0H5HATU,58.0,31,4,2,Lost,0.0,0.005343906346910054,14.0,14.0,2017-11,2017,11
2017-11-14,20171114,20171109,20171114,49TIKZ5B,42.0,31,1,4,Won,606.0,0.9512085250938557,5.0,5.0,2017-11,2017,11
2017-12-10,20171210,20171109,20171210,ZM1HKZRS,65.0,27,3,4,Won,56.0,0.6070253503531072,31.0,31.0,2017-12,2017,12
2017-11-27,20171127,20171109,20171127,2FGV5XNE,70.0,34,4,2,Lost,0.0,0.0035437648404104223,18.0,18.0,2017-11,2017,11
2017-11-21,20171121,20171109,20171121,04G3DK6T,76.0,5,3,4,Won,54.0,0.6834121480732289,12.0,12.0,2017-11,2017,11
2017-11-23,20171123,20171109,20171123,QSCVBJNJ,1.0,16,2,2,Lost,0.0,0.002518024014813542,14.0,14.0,2017-11,2017,11
2017-11-18,20171118,20171110,20171118,C3KQJVDU,1.0,13,1,4,Won,577.0,0.9244714704874297,8.0,8.0,2017-11,2017,11
2017-11-16,20171116,20171110,20171116,NZIJ3KKG,48.0,18,6,2,Lost,0.0,0.010268999435623215,6.0,6.0,2017-11,2017,11
2017-11-20,20171120,20171110,20171120,F46Q34LY,59.0,10,2,4,Won,4480.0,0.9999999999999993,10.0,10.0,2017-11,2017,11
2017-12-22,20171222,20171110,20171222,5C13TAA8,47.0,31,5,4,Won,6299.0,1.0,42.0,42.0,2017-12,2017,12
2017-12-01,20171201,20171110,20171201,BFB6C54U,12.0,31,2,4,Won,4673.0,1.0,21.0,21.0,2017-12,2017,12
2017-11-26,20171126,20171110,20171126,ZSYWCL6R,77.0,27,7,2,Lost,0.0,0.006995973553451571,16.0,16.0,2017-11,2017,11
2017-12-29,20171229,20171110,20171229,VNJQD4Z7,81.0,21,5,4,Won,4659.0,1.0,49.0,49.0,2017-12,2017,12
2017-11-20,20171120,20171111,20171120,50OYB2YN,43.0,13,6,4,Won,1180.0,0.9974034499692549,9.0,9.0,2017-11,2017,11
2017-11-14,20171114,20171111,20171114,C8BIQFEN,3.0,10,5,2,Lost,0.0,0.004622015793702594,3.0,3.0,2017-11,2017,11
2017-11-18,20171118,20171111,20171118,0TEEJ0WD,53.0,20,6,2,Lost,0.0,0.0061046148429123185,7.0,7.0,2017-11,2017,11
2017-12-04,20171204,20171111,20171204,T2G750N6,73.0,6,3,4,Won,57.0,0.7156520204659119,23.0,23.0,2017-12,2017,12
2017-11-22,20171122,20171111,20171122,6BCEXGTX,72.0,7,5,2,Lost,0.0,0.006056304332973881,11.0,11.0,2017-11,2017,11
2017-11-22,20171122,20171111,20171122,6ZFEAR57,28.0,9,6,2,Lost,0.0,0.005655804341406555,11.0,11.0,2017-11,2017,11
2017-12-20,20171220,20171111,20171220,Y1JFDUVB,11.0,3,3,4,Won,48.0,0.6459823412045876,39.0,39.0,2017-12,2017,12
2017-11-13,20171113,20171111,20171113,7FCXBW1M,5.0,12,3,4,Won,51.0,0.6722016177791345,2.0,2.0,2017-11,2017,11
2017-11-25,20171125,20171112,20171125,83Y5850C,38.0,1,3,2,Lost,0.0,0.5964760881814969,13.0,13.0,2017-11,2017,11
2017-11-13,20171113,20171112,20171113,V1458D23,74.0,13,6,4,Won,1138.0,0.9957217523866678,1.0,1.0,2017-11,2017,11
2017-12-21,20171221,20171112,20171221,LJEAX51Q,68.0,10,3,4,Won,49.0,0.7128430971328599,39.0,39.0,2017-12,2017,12
2017-11-21,20171121,20171112,20171121,LDDQ5PN2,69.0,15,4,2,Lost,0.0,0.0032546415051701175,9.0,9.0,2017-11,2017,11
2017-12-28,20171228,20171112,20171228,WPJ0AS7T,28.0,8,1,4,Won,650.0,0.9637039474468839,46.0,46.0,2017-12,2017,12
2017-12-29,20171229,20171112,20171229,4J8IA9GL,47.0,31,1,4,Won,470.0,0.8630276295547665,47.0,47.0,2017-12,2017,12
2017-12-31,20171231,20171112,20171231,76RZPT87,39.0,4,1,4,Won,567.0,0.9295888494300928,49.0,49.0,2017-12,2017,12
2017-12-25,20171225,20171112,20171225,9E3UNPHY,51.0,27,4,4,Won,3836.0,0.9999999999997364,43.0,43.0,2017-12,2017,12
2017-11-14,20171114,20171112,20171114,CQ8UELF8,57.0,7,5,4,Won,5916.0,1.0,2.0,2.0,2017-11,2017,11
2017-11-22,20171122,20171112,20171122,4E5E9MYV,10.0,34,6,4,Won,938.0,0.9835839951524451,10.0,10.0,2017-11,2017,11
2017-11-15,20171115,20171112,20171115,24BCH90I,42.0,34,6,4,Won,1124.0,0.9951986530753654,3.0,3.0,2017-11,2017,11
2017-12-01,20171201,20171112,20171201,LWVZKYI0,30.0,3,3,4,Won,61.0,0.792501477330522,19.0,19.0,2017-12,2017,12
2017-12-24,20171224,20171112,20171224,1W2EEX4L,22.0,24,3,2,Lost,0.0,0.5789655899974563,42.0,42.0,2017-12,2017,12
2017-11-19,20171119,20171112,20171119,8977L373,49.0,16,4,4,Won,4011.0,0.9999999999999469,7.0,7.0,2017-11,2017,11
2017-11-15,20171115,20171112,20171115,66LD5EF0,35.0,33,6,2,Lost,0.0,0.00719326539375125,3.0,3.0,2017-11,2017,11
2017-11-17,20171117,20171112,20171117,50JIFEWD,55.0,33,2,4,Won,5144.0,1.0,5.0,5.0,2017-11,2017,11
2017-11-24,20171124,20171113,20171124,MTZQ55RH,84.0,22,1,4,Won,493.0,0.9311513070697992,11.0,11.0,2017-11,2017,11
2017-11-23,20171123,20171113,20171123,1V3O11ZD,43.0,19,1,2,Lost,0.0,0.07311618444269707,10.0,10.0,2017-11,2017,11
2017-11-20,20171120,20171113,20171120,AIBZQM42,43.0,18,6,4,Won,1224.0,0.9978643751430301,7.0,7.0,2017-11,2017,11
2017-11-21,20171121,20171113,20171121,IZ5MV9YF,39.0,6,1,2,Lost,0.0,0.09768342269569846,8.0,8.0,2017-11,2017,11
2017-11-14,20171114,20171113,20171114,OHJX1K09,44.0,32,1,2,Lost,0.0,0.12962452646438682,1.0,1.0,2017-11,2017,11
2017-11-30,20171130,20171113,20171130,I33TECO1,36.0,32,2,2,Lost,0.0,0.004601767377128113,17.0,17.0,2017-11,2017,11
2017-11-19,20171119,20171113,20171119,MT45X396,68.0,4,1,2,Lost,0.0,0.07968669996891684,6.0,6.0,2017-11,2017,11
2017-11-15,20171115,20171114,20171115,V8ELYA6F,73.0,1,5,4,Won,5276.0,1.0,1.0,1.0,2017-11,2017,11
2017-11-28,20171128,20171114,20171128,K98JFWRC,5.0,15,5,2,Lost,0.0,0.005564517851286693,14.0,14.0,2017-11,2017,11
2017-11-20,20171120,20171114,20171120,H6Q0LXVH,45.0,8,6,2,Lost,0.0,0.009643449463317771,6.0,6.0,2017-11,2017,11
2017-11-23,20171123,20171114,20171123,2BH5Q718,61.0,26,4,2,Lost,0.0,0.007433802169317973,9.0,9.0,2017-11,2017,11
2017-11-16,20171116,20171114,20171116,CSJKVMR9,79.0,30,1,2,Lost,0.0,0.10345107814990183,2.0,2.0,2017-11,2017,11
2017-11-23,20171123,20171114,20171123,N3YVDYY2,59.0,7,6,4,Won,947.0,0.9902247495100055,9.0,9.0,2017-11,2017,11
2017-11-23,20171123,20171114,20171123,LRP5IXX5,44.0,21,5,2,Lost,0.0,0.008302235896367317,9.0,9.0,2017-11,2017,11
2017-11-29,20171129,20171114,20171129,SH1NTXPV,43.0,12,4,4,Won,3342.0,0.9999999999703792,15.0,15.0,2017-11,2017,11
2017-12-30,20171230,20171115,20171230,MKAKCFBQ,26.0,22,5,4,Won,5610.0,1.0,45.0,45.0,2017-12,2017,12
2017-12-15,20171215,20171115,20171215,9YH8LS5H,12.0,19,4,2,Lost,0.0,0.005256810213730314,30.0,30.0,2017-12,2017,12
2017-11-30,20171130,20171115,20171130,RO8TURF5,18.0,19,1,4,Won,557.0,0.9646896322132978,15.0,15.0,2017-11,2017,11
2017-11-20,20171120,20171115,20171120,EW5ASXX4,76.0,10,2,2,Lost,0.0,0.004627006449340686,5.0,5.0,2017-11,2017,11
2017-11-30,20171130,20171115,20171130,MDLJKQ5B,15.0,10,2,4,Won,5600.0,1.0,15.0,15.0,2017-11,2017,11
2017-12-27,20171227,20171115,20171227,7OIR36P2,1.0,20,2,4,Won,4980.0,1.0,42.0,42.0,2017-12,2017,12
2017-11-22,20171122,20171115,20171122,GQ13O0AQ,42.0,32,2,2,Lost,0.0,0.0036933322573797084,7.0,7.0,2017-11,2017,11
2017-11-28,20171128,20171115,20171128,S9DDUFGP,44.0,31,1,2,Lost,0.0,0.11449175181218009,13.0,13.0,2017-11,2017,11
2017-11-25,20171125,20171115,20171125,B5OXRZTT,42.0,33,1,4,Won,530.0,0.8888798031516052,10.0,10.0,2017-11,2017,11
2017-12-31,20171231,20171116,20171231,FX1RWO67,36.0,1,4,4,Won,3300.0,0.9999999999737974,45.0,45.0,2017-12,2017,12
2017-11-20,20171120,20171116,20171120,2AGA3ALY,44.0,26,4,4,Won,3664.0,0.9999999999990694,4.0,4.0,2017-11,2017,11
2017-11-20,20171120,20171116,20171120,P8ZOY6HA,44.0,30,5,2,Lost,0.0,0.006292932391807956,4.0,4.0,2017-11,2017,11
2017-11-22,20171122,20171116,20171122,PBGAZKMQ,66.0,6,1,4,Won,575.0,0.9797846052795494,6.0,6.0,2017-11,2017,11
2017-11-23,20171123,20171116,20171123,86MJT5KR,6.0,27,3,2,Lost,0.0,0.42338965150933694,7.0,7.0,2017-11,2017,11
2017-12-01,20171201,20171116,20171201,20NZO7TT,41.0,34,4,4,Won,3271.0,0.999999999942399,15.0,15.0,2017-12,2017,12
2017-11-17,20171117,20171116,20171117,6FR9YZH2,4.0,5,5,2,Lost,0.0,0.004565856100139087,1.0,1.0,2017-11,2017,11
2017-11-26,20171126,20171116,20171126,LCZGL74L,9.0,9,6,2,Lost,0.0,0.010156600082692141,10.0,10.0,2017-11,2017,11
2017-11-24,20171124,20171116,20171124,6NWIZG2N,49.0,21,6,4,Won,1035.0,0.9943637021266953,8.0,8.0,2017-11,2017,11
2017-12-04,20171204,20171117,20171204,IS2HLCEO,56.0,22,3,2,Lost,0.0,0.592980695324002,17.0,17.0,2017-12,2017,12
2017-11-24,20171124,20171117,20171124,90D20NZU,38.0,10,5,4,Won,4880.0,1.0,7.0,7.0,2017-11,2017,11
2017-11-29,20171129,20171117,20171129,P214KAH8,80.0,20,4,4,Won,3644.0,0.9999999999984948,12.0,12.0,2017-11,2017,11
2017-12-13,20171213,20171117,20171213,HEMKK91Z,55.0,28,4,4,Won,3538.0,0.9999999999936127,26.0,26.0,2017-12,2017,12
2017-11-27,20171127,20171117,20171127,R2JKKVOO,10.0,32,6,2,Lost,0.0,0.016322921728180013,10.0,10.0,2017-11,2017,11
2017-11-27,20171127,20171117,20171127,6LS93NXH,32.0,31,1,2,Lost,0.0,0.13219354634206812,10.0,10.0,2017-11,2017,11
2017-12-06,20171206,20171117,20171206,BI36TLO5,8.0,21,2,4,Won,4154.0,0.9999999999999925,19.0,19.0,2017-12,2017,12
2017-11-26,20171126,20171117,20171126,TYQFCQBN,20.0,14,2,4,Won,4620.0,0.9999999999999996,9.0,9.0,2017-11,2017,11
2017-11-18,20171118,20171117,20171118,DH4WEPQ5,16.0,3,5,4,Won,5653.0,1.0,1.0,1.0,2017-11,2017,11
2017-11-25,20171125,20171117,20171125,NJAOJJY9,5.0,12,3,2,Lost,0.0,0.5729776717248384,8.0,8.0,2017-11,2017,11
2017-11-26,20171126,20171117,20171126,VM6SAQYT,18.0,12,3,4,Won,65.0,0.7908939151644845,9.0,9.0,2017-11,2017,11
2017-12-05,20171205,20171117,20171205,E2LVAU2T,51.0,33,1,4,Won,497.0,0.9116435349162363,18.0,18.0,2017-12,2017,12
2017-12-07,20171207,20171118,20171207,CNAOGH7N,69.0,22,2,4,Won,4645.0,0.9999999999999998,19.0,19.0,2017-12,2017,12
2017-11-21,20171121,20171118,20171121,0ONK3WET,48.0,19,2,4,Won,4243.0,0.9999999999999929,3.0,3.0,2017-11,2017,11
2017-12-06,20171206,20171118,20171206,9Y43IDMY,53.0,18,6,2,Lost,0.0,0.0077794452892074465,18.0,18.0,2017-12,2017,12
2017-11-29,20171129,20171118,20171129,UIE5G6GW,9.0,10,2,4,Won,4617.0,0.9999999999999998,11.0,11.0,2017-11,2017,11
2017-12-04,20171204,20171118,20171204,GB6C2UK5,77.0,28,7,4,Won,29220.0,1.0,16.0,16.0,2017-12,2017,12
2017-11-30,20171130,20171118,20171130,5S2JLJGL,25.0,6,6,2,Lost,0.0,0.009888110997508944,12.0,12.0,2017-11,2017,11
2017-12-04,20171204,20171118,20171204,820NH7ZA,44.0,32,1,4,Won,643.0,0.9805411915332227,16.0,16.0,2017-12,2017,12
2017-11-21,20171121,20171118,20171121,PIPYDN8Y,61.0,31,1,2,Lost,0.0,0.14652637430578225,3.0,3.0,2017-11,2017,11
2017-12-05,20171205,20171118,20171205,E3LNNM8H,6.0,34,5,2,Lost,0.0,0.004421395904552478,17.0,17.0,2017-12,2017,12
2017-11-28,20171128,20171118,20171128,UHYI2QB2,25.0,5,3,2,Lost,0.0,0.45340007064912013,10.0,10.0,2017-11,2017,11
2017-11-20,20171120,20171119,20171120,5SJP2J1J,49.0,22,6,4,Won,886.0,0.9716087199933664,1.0,1.0,2017-11,2017,11
2017-11-28,20171128,20171119,20171128,R5V9DX5U,57.0,2,4,4,Won,3206.0,0.9999999999486417,9.0,9.0,2017-11,2017,11
2017-11-20,20171120,20171119,20171120,PGCWLU4L,27.0,18,1,4,Won,678.0,0.9766215630918883,1.0,1.0,2017-11,2017,11
2017-11-20,20171120,20171119,20171120,RVI6ARFW,25.0,10,1,4,Won,549.0,0.9186323817409054,1.0,1.0,2017-11,2017,11
2017-11-28,20171128,20171119,20171128,QVWPMJ8R,42.0,20,5,4,Won,6540.0,1.0,9.0,9.0,2017-11,2017,11
2017-11-21,20171121,20171119,20171121,7M7UED1P,72.0,6,1,2,Lost,0.0,0.09928852987868887,2.0,2.0,2017-11,2017,11
2017-12-04,20171204,20171119,20171204,JW51LS6C,47.0,34,4,2,Lost,0.0,0.0023916111594586937,15.0,15.0,2017-12,2017,12
2017-11-28,20171128,20171119,20171128,KU4GX1KD,39.0,9,1,4,Won,662.0,0.9652679535343444,9.0,9.0,2017-11,2017,11
2017-11-24,20171124,20171119,20171124,GSE8QWMU,24.0,24,2,4,Won,4540.0,0.9999999999999998,5.0,5.0,2017-11,2017,11
2017-11-29,20171129,20171120,20171129,6MTK51P5,60.0,1,3,4,Won,52.0,0.7781793843200382,9.0,9.0,2017-11,2017,11
2017-11-27,20171127,20171120,20171127,QA2XTMMZ,80.0,13,2,2,Lost,0.0,0.006106191463046814,7.0,7.0,2017-11,2017,11
2017-12-08,20171208,20171120,20171208,T58EDFV0,32.0,32,1,4,Won,504.0,0.9459369487328635,18.0,18.0,2017-12,2017,12
2017-12-04,20171204,20171120,20171204,C09PGOZG,42.0,31,1,4,Won,589.0,0.9438021427068705,14.0,14.0,2017-12,2017,12
2017-12-09,20171209,20171120,20171209,IG9RPWOZ,66.0,5,5,4,Won,5756.0,1.0,19.0,19.0,2017-12,2017,12
2017-11-23,20171123,20171120,20171123,3GFZ7SN4,68.0,5,4,4,Won,3161.0,0.9999999998803859,3.0,3.0,2017-11,2017,11
2017-12-08,20171208,20171120,20171208,DC1E84LC,74.0,16,5,4,Won,5209.0,1.0,18.0,18.0,2017-12,2017,12
2017-11-25,20171125,20171121,20171125,F0XGEQOE,42.0,19,4,2,Lost,0.0,0.002758091729168303,4.0,4.0,2017-11,2017,11
2017-12-08,20171208,20171121,20171208,EQIV6PMF,15.0,2,3,4,Won,58.0,0.6533049623970938,17.0,17.0,2017-12,2017,12
2017-12-21,20171221,20171121,20171221,SK3A12HI,48.0,13,3,4,Won,57.0,0.7006592622826603,30.0,30.0,2017-12,2017,12
2017-12-10,20171210,20171121,20171210,F28BOUE5,8.0,20,2,4,Won,5466.0,1.0,19.0,19.0,2017-12,2017,12
2017-11-24,20171124,20171121,20171124,Z7JCS0ZW,16.0,8,5,2,Lost,0.0,0.004234083456555259,3.0,3.0,2017-11,2017,11
2017-11-25,20171125,20171121,20171125,9E3H6ONP,47.0,30,5,4,Won,6932.0,1.0,4.0,4.0,2017-11,2017,11
2017-12-22,20171222,20171121,20171222,FVTCAFCL,51.0,31,1,4,Won,597.0,0.9719371967116112,31.0,31.0,2017-12,2017,12
2017-11-27,20171127,20171121,20171127,9TTQYYIW,33.0,27,4,2,Lost,0.0,0.0023033123558422706,6.0,6.0,2017-11,2017,11
2017-12-29,20171229,20171121,20171229,33JYWJ1X,10.0,34,1,4,Won,619.0,0.9729992799657069,38.0,38.0,2017-12,2017,12
2017-12-01,20171201,20171121,20171201,L11T0DYF,22.0,24,4,4,Won,2590.0,0.9999999780844679,10.0,10.0,2017-12,2017,12
2017-11-26,20171126,20171121,20171126,QJZVB9ZG,69.0,16,2,2,Lost,0.0,0.0037981776261186437,5.0,5.0,2017-11,2017,11
2017-12-07,20171207,20171122,20171207,WAEWV7YD,80.0,19,1,4,Won,609.0,0.9732878164679629,15.0,15.0,2017-12,2017,12
2017-12-06,20171206,20171122,20171206,3RJPZ634,44.0,13,2,4,Won,4492.0,0.9999999999999996,14.0,14.0,2017-12,2017,12
2017-11-27,20171127,20171122,20171127,FZH6NJAQ,58.0,34,6,2,Lost,0.0,0.01565220022679742,5.0,5.0,2017-11,2017,11
2017-12-06,20171206,20171122,20171206,4MPM6ZPU,80.0,21,2,2,Lost,0.0,0.007469770770308893,14.0,14.0,2017-12,2017,12
2017-12-05,20171205,20171122,20171205,U0XDMZK8,42.0,12,3,4,Won,47.0,0.608999294729141,13.0,13.0,2017-12,2017,12
2017-12-02,20171202,20171123,20171202,BF9D3HVC,18.0,13,1,2,Lost,0.0,0.15978244963411714,9.0,9.0,2017-12,2017,12
2017-12-08,20171208,20171123,20171208,6AT4VS58,65.0,31,1,4,Won,484.0,0.8989225076712014,15.0,15.0,2017-12,2017,12
2017-11-25,20171125,20171123,20171125,S5FBJ31P,59.0,7,4,2,Lost,0.0,0.005953550966323529,2.0,2.0,2017-11,2017,11
2017-11-28,20171128,20171123,20171128,62JLAD45,72.0,9,3,2,Lost,0.0,0.4443960648170973,5.0,5.0,2017-11,2017,11
2017-12-07,20171207,20171123,20171207,Z7GJE1K0,14.0,25,3,4,Won,49.0,0.7207470807513982,14.0,14.0,2017-12,2017,12
2017-12-05,20171205,20171124,20171205,N6ZLW0OG,26.0,19,6,4,Won,927.0,0.9671582981236598,11.0,11.0,2017-12,2017,12
2017-12-09,20171209,20171124,20171209,IJ2CLOLZ,1.0,18,2,4,Won,4445.0,0.9999999999999978,15.0,15.0,2017-12,2017,12
2017-12-04,20171204,20171124,20171204,K4N74V6U,11.0,10,2,4,Won,5110.0,1.0,10.0,10.0,2017-12,2017,12
2017-12-18,20171218,20171124,20171218,H7GFLCDH,6.0,28,3,4,Won,62.0,0.6562431922329781,24.0,24.0,2017-12,2017,12
2017-12-11,20171211,20171124,20171211,0QMOIDET,44.0,30,6,4,Won,1049.0,0.9946637824452551,17.0,17.0,2017-12,2017,12
2017-12-05,20171205,20171124,20171205,33JWQH71,46.0,32,6,4,Won,885.0,0.9737433167424362,11.0,11.0,2017-12,2017,12
2017-11-29,20171129,20171124,20171129,Z9WFXNX3,31.0,27,4,2,Lost,0.0,0.0019891419809140247,5.0,5.0,2017-11,2017,11
2017-12-05,20171205,20171124,20171205,7ACIXBSY,27.0,12,4,4,Won,3612.0,0.9999999999978921,11.0,11.0,2017-12,2017,12
2017-11-29,20171129,20171124,20171129,MEIBOSW7,82.0,16,2,4,Won,5106.0,1.0,5.0,5.0,2017-11,2017,11
2017-12-28,20171228,20171125,20171228,NBUHFAKW,28.0,1,4,4,Won,2477.0,0.9999999341284388,33.0,33.0,2017-12,2017,12
2017-12-10,20171210,20171125,20171210,PJ3NGI1Y,18.0,19,3,2,Lost,0.0,0.6516660568220877,15.0,15.0,2017-12,2017,12
2017-12-11,20171211,20171125,20171211,RDZ2FC3A,76.0,10,1,4,Won,537.0,0.943399744418018,16.0,16.0,2017-12,2017,12
2017-12-10,20171210,20171125,20171210,R7GYOI0M,35.0,30,5,4,Won,5547.0,1.0,15.0,15.0,2017-12,2017,12
2017-11-29,20171129,20171125,20171129,Z1IF1M5M,45.0,5,6,4,Won,1001.0,0.9876832143463363,4.0,4.0,2017-11,2017,11
2017-12-05,20171205,20171125,20171205,B133ECHC,42.0,24,5,2,Lost,0.0,0.003838574612195328,10.0,10.0,2017-12,2017,12
2017-11-29,20171129,20171125,20171129,P55UV5QW,80.0,12,6,2,Lost,0.0,0.0172604545480311,4.0,4.0,2017-11,2017,11
2017-11-29,20171129,20171125,20171129,H0HDYIYJ,74.0,16,2,4,Won,5077.0,1.0,4.0,4.0,2017-11,2017,11
2017-12-07,20171207,20171126,20171207,EBMBP7JQ,15.0,1,4,4,Won,3844.0,0.9999999999997353,11.0,11.0,2017-12,2017,12
2017-12-10,20171210,20171126,20171210,MAUIC3DD,69.0,13,5,2,Lost,0.0,0.004925283648002253,14.0,14.0,2017-12,2017,12
2017-12-14,20171214,20171126,20171214,20048JO2,53.0,13,6,4,Won,1204.0,0.9979198340530211,18.0,18.0,2017-12,2017,12
2017-12-11,20171211,20171126,20171211,U071YJYI,39.0,10,4,2,Lost,0.0,0.003181424692472809,15.0,15.0,2017-12,2017,12
2017-12-07,20171207,20171126,20171207,Y3EVBV53,66.0,8,1,4,Won,562.0,0.9714705544656165,11.0,11.0,2017-12,2017,12
2017-12-25,20171225,20171126,20171225,JE63NRUA,22.0,32,6,2,Lost,0.0,0.014949984449946002,29.0,29.0,2017-12,2017,12
2017-12-01,20171201,20171126,20171201,YA8CL4UM,70.0,32,1,4,Won,460.0,0.8856568173687219,5.0,5.0,2017-12,2017,12
2017-12-11,20171211,20171126,20171211,43WRAJ1I,60.0,3,3,4,Won,66.0,0.7961275899998634,15.0,15.0,2017-12,2017,12
2017-12-12,20171212,20171126,20171212,DA7BZMMO,9.0,3,4,4,Won,3309.0,0.9999999999774156,16.0,16.0,2017-12,2017,12
2017-11-27,20171127,20171126,20171127,6QRZCDL0,48.0,12,4,2,Lost,0.0,0.0036657920111106074,1.0,1.0,2017-11,2017,11
2017-11-30,20171130,20171127,20171130,348COZ5O,28.0,10,2,4,Won,4888.0,1.0,3.0,3.0,2017-11,2017,11
2017-12-12,20171212,20171127,20171212,GLUYX9KN,41.0,26,6,4,Won,1192.0,0.9982365957361821,15.0,15.0,2017-12,2017,12
2017-12-12,20171212,20171127,20171212,2DT6W3HA,7.0,21,4,2,Lost,0.0,0.0039032546273360543,15.0,15.0,2017-12,2017,12
2017-12-09,20171209,20171128,20171209,WE03969I,27.0,20,6,4,Won,1131.0,0.9952322550131818,11.0,11.0,2017-12,2017,12
2017-12-12,20171212,20171128,20171212,3SOLZEZX,32.0,26,5,4,Won,5702.0,1.0,14.0,14.0,2017-12,2017,12
2017-12-13,20171213,20171128,20171213,MAA6TJMM,10.0,32,1,4,Won,563.0,0.9606715218961466,15.0,15.0,2017-12,2017,12
2017-12-11,20171211,20171128,20171211,0DY00J6O,77.0,34,5,4,Won,5886.0,1.0,13.0,13.0,2017-12,2017,12
2017-12-05,20171205,20171128,20171205,U8IUBGTW,16.0,9,1,2,Lost,0.0,0.06845237729752413,7.0,7.0,2017-12,2017,12
2017-12-02,20171202,20171128,20171202,EV0V1ZZA,35.0,24,4,2,Lost,0.0,0.0027507397083397435,4.0,4.0,2017-12,2017,12
2017-12-04,20171204,20171128,20171204,RCDG00F7,58.0,33,1,4,Won,601.0,0.9634976177538085,6.0,6.0,2017-12,2017,12
2017-12-18,20171218,20171129,20171218,XAKK81WB,65.0,28,3,4,Won,58.0,0.6749875038775722,19.0,19.0,2017-12,2017,12
2017-12-14,20171214,20171129,20171214,B6CHA7CX,6.0,26,3,4,Won,58.0,0.6979436553774703,15.0,15.0,2017-12,2017,12
2017-12-14,20171214,20171129,20171214,V263VR1Y,24.0,26,4,4,Won,3285.0,0.999999999979235,15.0,15.0,2017-12,2017,12
2017-12-08,20171208,20171129,20171208,A2PTJA6G,56.0,21,4,4,Won,3494.0,0.9999999999959226,9.0,9.0,2017-12,2017,12
2017-12-14,20171214,20171130,20171214,GUDTJY0I,23.0,10,4,2,Lost,0.0,0.0028824565505821847,14.0,14.0,2017-12,2017,12
2017-12-14,20171214,20171130,20171214,MDK5NQJA,37.0,20,5,4,Won,5204.0,1.0,14.0,14.0,2017-12,2017,12
2017-12-15,20171215,20171130,20171215,GB1K3Y4Y,71.0,15,1,4,Won,579.0,0.9451468036394234,15.0,15.0,2017-12,2017,12
2017-12-14,20171214,20171130,20171214,KKOU11ZD,10.0,31,6,4,Won,1195.0,0.9983700503355336,14.0,14.0,2017-12,2017,12
2017-12-29,20171229,20171130,20171229,KHZ3IOKH,68.0,4,5,4,Won,6340.0,1.0,29.0,29.0,2017-12,2017,12
2017-12-19,20171219,20171130,20171219,Q34UWP01,81.0,16,6,4,Won,1179.0,0.9976611706085735,19.0,19.0,2017-12,2017,12
2017-12-22,20171222,20171201,20171222,X70BM5FO,12.0,1,6,4,Won,1243.0,0.9993491569136669,21.0,21.0,2017-12,2017,12
2017-12-15,20171215,20171201,20171215,NCF02FA5,83.0,28,6,4,Won,953.0,0.9866379152367429,14.0,14.0,2017-12,2017,12
2017-12-09,20171209,20171201,20171209,XF54BYUH,28.0,5,5,4,Won,5619.0,1.0,8.0,8.0,2017-12,2017,12
2017-12-12,20171212,20171202,20171212,23ZL97PN,2.0,20,6,2,Lost,0.0,0.007192658262743316,10.0,10.0,2017-12,2017,12
2017-12-11,20171211,20171202,20171211,PVZ4YGQG,20.0,20,6,2,Lost,0.0,0.006029627999927763,9.0,9.0,2017-12,2017,12
2017-12-20,20171220,20171202,20171220,7L89U5DU,54.0,26,4,4,Won,3547.0,0.9999999999960953,18.0,18.0,2017-12,2017,12
2017-12-15,20171215,20171202,20171215,KNN6C4O3,33.0,32,2,4,Won,4899.0,1.0,13.0,13.0,2017-12,2017,12
2017-12-20,20171220,20171202,20171220,CXAEFADQ,64.0,31,6,4,Won,993.0,0.991129128092801,18.0,18.0,2017-12,2017,12
2017-12-10,20171210,20171203,20171210,G6433A35,17.0,30,3,4,Won,54.0,0.6660534972246173,7.0,7.0,2017-12,2017,12
2017-12-20,20171220,20171203,20171220,1WVEAE8N,11.0,6,6,2,Lost,0.0,0.009792711828499702,17.0,17.0,2017-12,2017,12
2017-12-24,20171224,20171203,20171224,TJJFAU52,37.0,14,3,4,Won,58.0,0.6291842379486783,21.0,21.0,2017-12,2017,12
2017-12-13,20171213,20171204,20171213,JCJ5PJDH,36.0,1,3,4,Won,57.0,0.6985252766864202,9.0,9.0,2017-12,2017,12
2017-12-24,20171224,20171204,20171224,0RH9W4E2,68.0,8,3,2,Lost,0.0,0.5737533321206246,20.0,20.0,2017-12,2017,12
2017-12-11,20171211,20171204,20171211,MG3ZJ8F3,38.0,8,6,4,Won,1110.0,0.9955697034258351,7.0,7.0,2017-12,2017,12
2017-12-08,20171208,20171204,20171208,R892OD1B,60.0,3,3,4,Won,57.0,0.7823543334191163,4.0,4.0,2017-12,2017,12
2017-12-20,20171220,20171204,20171220,SZ09YDEF,24.0,33,2,2,Lost,0.0,0.0049732407914808395,16.0,16.0,2017-12,2017,12
2017-12-15,20171215,20171204,20171215,9WUYZLBE,50.0,33,3,4,Won,64.0,0.6178791695882817,11.0,11.0,2017-12,2017,12
2017-12-07,20171207,20171205,20171207,RV7ERUUT,84.0,22,5,4,Won,5172.0,1.0,2.0,2.0,2017-12,2017,12
2017-12-27,20171227,20171205,20171227,EY0JZ32S,84.0,13,6,2,Lost,0.0,0.018816384979161414,22.0,22.0,2017-12,2017,12
2017-12-25,20171225,20171205,20171225,CEYW89RW,31.0,31,1,2,Lost,0.0,0.08913104448199162,20.0,20.0,2017-12,2017,12
2017-12-19,20171219,20171205,20171219,MBBBOMEV,22.0,27,3,2,Lost,0.0,0.4581271426492312,14.0,14.0,2017-12,2017,12
2017-12-19,20171219,20171205,20171219,I6FIZ2S5,25.0,9,5,4,Won,6141.0,1.0,14.0,14.0,2017-12,2017,12
2017-12-14,20171214,20171206,20171214,7EYDG0CV,67.0,1,3,4,Won,56.0,0.5944648619590246,8.0,8.0,2017-12,2017,12
2017-12-12,20171212,20171206,20171212,UFAABKQJ,19.0,2,1,4,Won,515.0,0.9489871065618312,6.0,6.0,2017-12,2017,12
2017-12-23,20171223,20171206,20171223,7ZU2A8L1,20.0,20,1,4,Won,698.0,0.9698140568478134,17.0,17.0,2017-12,2017,12
2017-12-30,20171230,20171206,20171230,O1HKZ4ZF,80.0,20,1,4,Won,481.0,0.9061826105409447,24.0,24.0,2017-12,2017,12
2017-12-22,20171222,20171206,20171222,8VO26H1R,22.0,31,2,2,Lost,0.0,0.004063127200470116,16.0,16.0,2017-12,2017,12
2017-12-14,20171214,20171206,20171214,A2OLLGWZ,57.0,3,3,4,Won,49.0,0.766258200594724,8.0,8.0,2017-12,2017,12
2017-12-18,20171218,20171207,20171218,WKIRY6KE,77.0,31,6,4,Won,1111.0,0.9932886658898074,11.0,11.0,2017-12,2017,12
2017-12-28,20171228,20171207,20171228,EJYFAV40,72.0,7,5,4,Won,5862.0,1.0,21.0,21.0,2017-12,2017,12
2017-12-16,20171216,20171207,20171216,8A1EB728,41.0,25,3,4,Won,54.0,0.568258527357321,9.0,9.0,2017-12,2017,12
2017-12-18,20171218,20171208,20171218,2KWQ6RAZ,9.0,1,3,4,Won,60.0,0.7528413687888434,10.0,10.0,2017-12,2017,12
2017-12-22,20171222,20171208,20171222,823X29EZ,56.0,20,2,2,Lost,0.0,0.003454820994887392,14.0,14.0,2017-12,2017,12
2017-12-29,20171229,20171208,20171229,YY4VFPND,31.0,31,6,4,Won,1168.0,0.9973821983314411,21.0,21.0,2017-12,2017,12
2017-12-18,20171218,20171208,20171218,RYLBEZ4N,27.0,12,3,4,Won,48.0,0.6625886642555592,10.0,10.0,2017-12,2017,12
2017-12-24,20171224,20171209,20171224,Y4UIUIEG,9.0,2,6,4,Won,986.0,0.9914292414568703,15.0,15.0,2017-12,2017,12
2017-12-16,20171216,20171209,20171216,1HG8VLHU,72.0,2,4,4,Won,3843.0,0.9999999999997442,7.0,7.0,2017-12,2017,12
2017-12-17,20171217,20171209,20171217,0OJE7J6C,27.0,13,5,4,Won,5143.0,1.0,8.0,8.0,2017-12,2017,12
2017-12-24,20171224,20171209,20171224,OCVCCWPQ,11.0,8,3,4,Won,52.0,0.5622008372720951,15.0,15.0,2017-12,2017,12
2017-12-23,20171223,20171209,20171223,S2KBTW2O,61.0,30,5,4,Won,5576.0,1.0,14.0,14.0,2017-12,2017,12
2017-12-18,20171218,20171209,20171218,QJ9H7Y8W,70.0,32,3,4,Won,59.0,0.7115204077559786,9.0,9.0,2017-12,2017,12
2017-12-27,20171227,20171209,20171227,FNA51WN6,41.0,31,2,4,Won,4178.0,0.9999999999999865,18.0,18.0,2017-12,2017,12
2017-12-25,20171225,20171209,20171225,921APYA3,47.0,27,6,4,Won,1192.0,0.9963176842724258,16.0,16.0,2017-12,2017,12
2017-12-24,20171224,20171209,20171224,CPC83NKN,13.0,9,6,4,Won,1047.0,0.9915566230419833,15.0,15.0,2017-12,2017,12
2017-12-17,20171217,20171209,20171217,TBS5Y874,42.0,21,5,4,Won,6456.0,1.0,8.0,8.0,2017-12,2017,12
2017-12-29,20171229,20171209,20171229,6JZ0HCSF,78.0,14,2,2,Lost,0.0,0.002914338670088041,20.0,20.0,2017-12,2017,12
2017-12-19,20171219,20171210,20171219,JRSU8ALH,59.0,1,1,2,Lost,0.0,0.1587911938945371,9.0,9.0,2017-12,2017,12
2017-12-17,20171217,20171210,20171217,7GXUCFW5,38.0,10,2,4,Won,4755.0,1.0,7.0,7.0,2017-12,2017,12
2017-12-25,20171225,20171210,20171225,E66UG7VC,79.0,34,3,4,Won,55.0,0.658708409220592,15.0,15.0,2017-12,2017,12
2017-12-18,20171218,20171210,20171218,7IAHPFT9,22.0,24,4,4,Won,3078.0,0.9999999997417806,8.0,8.0,2017-12,2017,12
2017-12-28,20171228,20171211,20171228,04AOWMXV,11.0,1,1,4,Won,537.0,0.9283940978833362,17.0,17.0,2017-12,2017,12
2017-12-18,20171218,20171211,20171218,XZ9YR78K,36.0,8,6,4,Won,1220.0,0.9982577121540744,7.0,7.0,2017-12,2017,12
2017-12-21,20171221,20171211,20171221,WZKN6PO4,24.0,27,3,4,Won,53.0,0.6736671151568377,10.0,10.0,2017-12,2017,12
2017-12-18,20171218,20171211,20171218,WQSUMJRZ,62.0,3,3,4,Won,60.0,0.6729062049027713,7.0,7.0,2017-12,2017,12
2017-12-29,20171229,20171211,20171229,1RIO9PCD,36.0,24,1,4,Won,494.0,0.9028670632473912,18.0,18.0,2017-12,2017,12
2017-12-18,20171218,20171212,20171218,TQV7CO87,28.0,6,1,4,Won,480.0,0.8577154023142625,6.0,6.0,2017-12,2017,12
2017-12-29,20171229,20171212,20171229,3FJPGYD7,10.0,32,1,2,Lost,0.0,0.14226311338720804,17.0,17.0,2017-12,2017,12
2017-12-15,20171215,20171212,20171215,9AQFU718,72.0,4,1,2,Lost,0.0,0.06458760163767814,3.0,3.0,2017-12,2017,12
2017-12-26,20171226,20171212,20171226,AUJE7IZR,36.0,34,6,4,Won,1075.0,0.9941376414331087,14.0,14.0,2017-12,2017,12
2017-12-25,20171225,20171212,20171225,LE3XYXEF,26.0,21,6,2,Lost,0.0,0.010489323882557152,13.0,13.0,2017-12,2017,12
2017-12-28,20171228,20171213,20171228,TVU1PQEL,13.0,6,6,4,Won,1166.0,0.9980750391835116,15.0,15.0,2017-12,2017,12
2017-12-26,20171226,20171213,20171226,3RGNKYWW,35.0,31,6,4,Won,921.0,0.9750811717499428,13.0,13.0,2017-12,2017,12
2017-12-27,20171227,20171213,20171227,HNCSYU4T,22.0,27,4,4,Won,3442.0,0.9999999999861253,14.0,14.0,2017-12,2017,12
2017-12-27,20171227,20171213,20171227,1PXQZ40I,85.0,3,4,4,Won,3735.0,0.9999999999988298,14.0,14.0,2017-12,2017,12
2017-12-17,20171217,20171213,20171217,FYAVINLC,24.0,24,3,4,Won,50.0,0.740629567256206,4.0,4.0,2017-12,2017,12
2017-12-19,20171219,20171214,20171219,60JGDDRO,16.0,10,2,4,Won,5052.0,1.0,5.0,5.0,2017-12,2017,12
2017-12-29,20171229,20171214,20171229,R4BO7K5M,10.0,31,1,2,Lost,0.0,0.11721804849282927,15.0,15.0,2017-12,2017,12
2017-12-30,20171230,20171214,20171230,X4XN0M8A,35.0,31,3,4,Won,44.0,0.6034946007765128,16.0,16.0,2017-12,2017,12
2017-12-22,20171222,20171214,20171222,M4MAVN65,17.0,24,3,2,Lost,0.0,0.5293465869557545,8.0,8.0,2017-12,2017,12
2017-12-16,20171216,20171214,20171216,USJ0JACE,48.0,12,6,4,Won,960.0,0.9856085521851058,2.0,2.0,2017-12,2017,12
2017-12-30,20171230,20171215,20171230,2SMQAWOA,84.0,22,5,4,Won,6469.0,1.0,15.0,15.0,2017-12,2017,12
2017-12-19,20171219,20171215,20171219,JAYXM4QB,10.0,34,6,4,Won,914.0,0.9792820645796291,4.0,4.0,2017-12,2017,12
2017-12-26,20171226,20171215,20171226,NW5CPPIV,25.0,3,4,2,Lost,0.0,0.003402862484030532,11.0,11.0,2017-12,2017,12
2017-12-21,20171221,20171216,20171221,8LFA54EQ,51.0,25,3,2,Lost,0.0,0.5598286717375772,5.0,5.0,2017-12,2017,12
2017-12-24,20171224,20171216,20171224,19MLD9YF,41.0,25,4,4,Won,3379.0,0.9999999999743139,8.0,8.0,2017-12,2017,12
2017-12-26,20171226,20171217,20171226,PLQ50D2O,16.0,1,4,4,Won,3240.0,0.9999999999493363,9.0,9.0,2017-12,2017,12
2017-12-31,20171231,20171217,20171231,3VPQNW5Y,10.0,30,6,4,Won,1007.0,0.992578575000736,14.0,14.0,2017-12,2017,12
2017-12-28,20171228,20171217,20171228,FXYOCA0G,41.0,27,3,4,Won,54.0,0.5345204399259854,11.0,11.0,2017-12,2017,12
2017-12-25,20171225,20171217,20171225,SK30SEKS,31.0,25,3,4,Won,49.0,0.5505931414463995,8.0,8.0,2017-12,2017,12
2017-12-31,20171231,20171217,20171231,Q30OVFCZ,65.0,24,6,2,Lost,0.0,0.012789545704211848,14.0,14.0,2017-12,2017,12
2017-12-24,20171224,20171217,20171224,T1GPPZXH,44.0,12,3,4,Won,55.0,0.7176137213233766,7.0,7.0,2017-12,2017,12
2017-12-26,20171226,20171217,20171226,WL31FAI3,6.0,33,2,4,Won,5196.0,1.0,9.0,9.0,2017-12,2017,12
2017-12-31,20171231,20171218,20171231,6SNUFVQP,60.0,1,3,4,Won,54.0,0.7874785169957512,13.0,13.0,2017-12,2017,12
2017-12-26,20171226,20171218,20171226,5U83YWZB,17.0,28,2,4,Won,4953.0,1.0,8.0,8.0,2017-12,2017,12
2017-12-24,20171224,20171218,20171224,ZFXYBJEY,84.0,16,4,4,Won,3155.0,0.9999999999138225,6.0,6.0,2017-12,2017,12
2017-12-30,20171230,20171219,20171230,OHAARANW,4.0,10,2,2,Lost,0.0,0.004167211134815243,11.0,11.0,2017-12,2017,12
2017-12-30,20171230,20171219,20171230,6GBGF19R,56.0,14,2,4,Won,4566.0,0.9999999999999996,11.0,11.0,2017-12,2017,12
2017-12-28,20171228,20171219,20171228,5XADPM6R,4.0,3,3,4,Won,58.0,0.7185794011113473,9.0,9.0,2017-12,2017,12
2017-12-28,20171228,20171219,20171228,YZX90X8X,74.0,16,2,4,Won,4315.0,0.9999999999999953,9.0,9.0,2017-12,2017,12
2017-12-28,20171228,20171220,20171228,CNL7PCYU,78.0,20,4,2,Lost,0.0,0.002006421466292668,8.0,8.0,2017-12,2017,12
2017-12-29,20171229,20171220,20171229,9M88QXFW,75.0,14,2,4,Won,5574.0,1.0,9.0,9.0,2017-12,2017,12
2017-12-30,20171230,20171221,20171230,B50N6RL3,28.0,8,4,4,Won,3494.0,0.9999999999896463,9.0,9.0,2017-12,2017,12
2017-12-28,20171228,20171221,20171228,HLXSEMXV,17.0,32,3,4,Won,50.0,0.6807337682027338,7.0,7.0,2017-12,2017,12
2017-12-28,20171228,20171221,20171228,MPMG4JTY,36.0,24,3,4,Won,61.0,0.6566842976972609,7.0,7.0,2017-12,2017,12
2017-12-31,20171231,20171222,20171231,8QJHJXY0,70.0,31,3,2,Lost,0.0,0.5401805157479513,9.0,9.0,2017-12,2017,12
2017-12-28,20171228,20171222,20171228,MSN4ZNU6,2.0,12,4,4,Won,3673.0,0.9999999999986338,6.0,6.0,2017-12,2017,12
2017-12-31,20171231,20171223,20171231,3MXS2HRE,26.0,19,1,4,Won,576.0,0.9253224180021423,8.0,8.0,2017-12,2017,12
2017-12-26,20171226,20171224,20171226,1YBATFAY,64.0,30,1,4,Won,538.0,0.9471307160360762,2.0,2.0,2017-12,2017,12
2017-12-26,20171226,20171224,20171226,2EBLR9N8,13.0,4,1,4,Won,622.0,0.954426586843819,2.0,2.0,2017-12,2017,12
2017-12-30,20171230,20171224,20171230,VDGA4KXA,7.0,12,6,4,Won,1093.0,0.9947502636688307,6.0,6.0,2017-12,2017,12
2017-12-29,20171229,20171226,20171229,6WCNNK5J,36.0,34,2,4,Won,4433.0,0.9999999999999987,3.0,3.0,2017-12,2017,12
2017-12-30,20171230,20171227,20171230,YJTQSZ9D,38.0,8,6,4,Won,1052.0,0.9923837427141918,3.0,3.0,2017-12,2017,12
2017-12-29,20171229,20171227,20171229,RB8GDYFY,3.0,8,3,4,Won,67.0,0.6379359045391951,2.0,2.0,2017-12,2017,12
