opportunity_id,account_key,sales_rep_key,product_key,stage_key,created_date,close_date,close_value,predicted_win_probability,weighted_pipeline_value,opportunity_age_days,days_to_close,created_year_month,close_year_month
1C1I7A6R,9.0,5,6,4,2016-10-20,2017-03-01,1054.0,0.9978784518343653,1054.0,132.0,132.0,2016-10,2017-03
Z063OYW0,39.0,10,2,4,2016-10-25,2017-03-11,4514.0,0.9999999999999998,4514.0,137.0,137.0,2016-10,2017-03
EC4QE1BX,9.0,10,3,4,2016-10-25,2017-03-07,50.0,0.8646315198346902,50.0,133.0,133.0,2016-10,2017-03
MV1LWRNH,11.0,5,1,4,2016-10-25,2017-03-09,588.0,0.9763559947227899,588.0,135.0,135.0,2016-10,2017-03
PE84CX4O,35.0,33,1,4,2016-10-25,2017-03-02,517.0,0.9534917674711986,517.0,128.0,128.0,2016-10,2017-03
ZNBS69V1,59.0,1,3,4,2016-10-29,2017-03-01,49.0,0.8931373275478722,49.0,123.0,123.0,2016-10,2017-03
9ME3374G,41.0,24,3,4,2016-10-30,2017-03-02,57.0,0.8191616533123421,57.0,123.0,123.0,2016-10,2017-03
7GN8Q4LL,10.0,27,1,4,2016-11-01,2017-03-07,601.0,0.9825879006204659,601.0,126.0,126.0,2016-11,2017-03
OLK9LKZB,85.0,9,6,4,2016-11-01,2017-03-03,1026.0,0.9915384127399082,1026.0,122.0,122.0,2016-11,2017-03
HAXMC4IX,,30,4,1,2016-11-03,,0.0,0.03863768289067124,0.0,423.0,,2016-11,
NL3JZH1Z,4.0,1,3,4,2016-11-04,2017-03-10,53.0,0.8751947049356589,53.0,126.0,126.0,2016-11,2017-03
KWVA7VR1,28.0,8,2,2,2016-11-04,2017-03-18,0.0,0.006943430094343691,0.0,134.0,134.0,2016-11,2017-03
S8DX3XOU,70.0,30,5,4,2016-11-04,2017-03-10,5169.0,1.0,5169.0,126.0,126.0,2016-11,2017-03
ENB2XD8G,65.0,34,5,4,2016-11-04,2017-03-06,4631.0,1.0,4631.0,122.0,122.0,2016-11,2017-03
09YE9QOV,24.0,26,4,4,2016-11-05,2017-03-11,3393.0,0.9999999999973237,3393.0,126.0,126.0,2016-11,2017-03
3F5MZNEH,65.0,25,3,2,2016-11-05,2017-03-03,0.0,0.7344170234083847,0.0,118.0,118.0,2016-11,2017-03
M6WEJXC0,61.0,25,4,4,2016-11-05,2017-03-06,3284.0,0.999999999988747,3284.0,121.0,121.0,2016-11,2017-03
6PTR7VBR,73.0,3,3,4,2016-11-06,2017-03-05,61.0,0.88521427271261,61.0,119.0,119.0,2016-11,2017-03
902REDPA,78.0,18,2,2,2016-11-07,2017-03-09,0.0,0.007668081602456879,0.0,122.0,122.0,2016-11,2017-03
5J9CMGDV,58.0,28,3,4,2016-11-07,2017-03-08,46.0,0.8777252854153517,46.0,121.0,121.0,2016-11,2017-03
JJXRR8R6,21.0,30,5,2,2016-11-07,2017-03-17,0.0,0.011907552830765585,0.0,130.0,130.0,2016-11,2017-03
WF4HA5NW,59.0,5,3,4,2016-11-07,2017-03-18,50.0,0.8750021867721143,50.0,131.0,131.0,2016-11,2017-03
C5K2JP1H,75.0,12,6,4,2016-11-07,2017-03-11,1014.0,0.9970718515487742,1014.0,124.0,124.0,2016-11,2017-03
ADRB8OMB,76.0,10,1,4,2016-11-08,2017-03-26,561.0,0.9847860198403212,561.0,138.0,138.0,2016-11,2017-03
SBCR987L,83.0,32,1,4,2016-11-10,2017-03-23,590.0,0.9898444906800266,590.0,133.0,133.0,2016-11,2017-03
UP409DSB,26.0,34,4,1,2016-11-10,,0.0,0.021934006872004114,0.0,416.0,,2016-11,
JSD4APT2,4.0,3,3,4,2016-11-10,2017-03-12,61.0,0.8798776219604633,61.0,122.0,122.0,2016-11,2017-03
AO9Z2D17,78.0,12,5,2,2016-11-10,2017-03-11,0.0,0.011694216158919163,0.0,121.0,121.0,2016-11,2017-03
5M58DTJK,10.0,28,3,4,2016-11-11,2017-03-05,58.0,0.858637970234222,58.0,114.0,114.0,2016-11,2017-03
KNY1OSAB,46.0,34,2,4,2016-11-11,2017-03-14,4899.0,1.0,4899.0,123.0,123.0,2016-11,2017-03
EAZDUUM9,84.0,14,4,2,2016-11-11,2017-03-01,0.0,0.011613755919376752,0.0,110.0,110.0,2016-11,2017-03
2STUSOFE,15.0,3,3,4,2016-11-11,2017-03-03,67.0,0.8570374499941591,67.0,112.0,112.0,2016-11,2017-03
JYKM0B00,77.0,30,2,4,2016-11-12,2017-03-06,4338.0,0.9999999999999982,4338.0,114.0,114.0,2016-11,2017-03
KU28360J,21.0,31,1,4,2016-11-12,2017-03-19,578.0,0.9765456216260295,578.0,127.0,127.0,2016-11,2017-03
N4SD17JR,1.0,21,1,4,2016-11-12,2017-03-01,556.0,0.9706133479624965,556.0,109.0,109.0,2016-11,2017-03
E67P9Y3Q,33.0,25,1,4,2016-11-12,2017-03-03,635.0,0.9853291473279705,635.0,111.0,111.0,2016-11,2017-03
AT3MMVIS,71.0,16,4,4,2016-11-12,2017-03-07,3045.0,0.9999999998640916,3045.0,115.0,115.0,2016-11,2017-03
REJ11LRY,49.0,15,6,4,2016-11-13,2017-03-14,1233.0,0.9995469338633803,1233.0,121.0,121.0,2016-11,2017-03
ERV0CAZ7,85.0,3,3,4,2016-11-13,2017-03-09,60.0,0.7634662724785801,60.0,116.0,116.0,2016-11,2017-03
8SOQADK7,30.0,1,3,2,2016-11-14,2017-03-30,0.0,0.8708277172607698,0.0,136.0,136.0,2016-11,2017-03
TCHFT25B,66.0,10,1,2,2016-11-14,2017-03-08,0.0,0.4073231281925336,0.0,114.0,114.0,2016-11,2017-03
CZVN09WN,45.0,10,6,4,2016-11-14,2017-03-20,1170.0,0.9991751435162105,1170.0,126.0,126.0,2016-11,2017-03
EG7OFLFR,,32,1,1,2016-11-14,,0.0,0.5615584492617194,0.0,412.0,,2016-11,
30UQWUKB,28.0,7,6,4,2016-11-15,2017-03-20,1162.0,0.9989639115883441,1162.0,125.0,125.0,2016-11,2017-03
OLVI7L8M,,19,2,1,2016-11-16,,0.0,0.03584228173207512,0.0,410.0,,2016-11,
97UN20YY,13.0,10,4,4,2016-11-16,2017-03-14,3725.0,0.9999999999997398,3725.0,118.0,118.0,2016-11,2017-03
JXLERZ9O,31.0,31,1,4,2016-11-16,2017-03-31,559.0,0.9768844558642297,559.0,135.0,135.0,2016-11,2017-03
6ROE69W5,54.0,25,1,2,2016-11-16,2017-03-11,0.0,0.14582413918921258,0.0,115.0,115.0,2016-11,2017-03
0DFXFKT7,60.0,10,6,2,2016-11-17,2017-03-21,0.0,0.04833561896144494,0.0,124.0,124.0,2016-11,2017-03
XKMZVSN4,65.0,30,5,4,2016-11-17,2017-03-05,4667.0,1.0,4667.0,108.0,108.0,2016-11,2017-03
IU8V0BZK,23.0,7,6,4,2016-11-17,2017-03-17,903.0,0.9911628782426373,903.0,120.0,120.0,2016-11,2017-03
XY42936P,24.0,34,6,4,2016-11-17,2017-03-13,1180.0,0.9994785050772433,1180.0,116.0,116.0,2016-11,2017-03
XRN54MBM,59.0,9,1,4,2016-11-17,2017-03-05,487.0,0.9588058990808058,487.0,108.0,108.0,2016-11,2017-03
2V848WZD,66.0,4,4,4,2016-11-18,2017-03-04,3180.0,0.9999999999740641,3180.0,106.0,106.0,2016-11,2017-03
ONYNTUCG,25.0,10,2,2,2016-11-19,2017-03-17,0.0,0.008245678608822816,0.0,118.0,118.0,2016-11,2017-03
HIOHX80Y,30.0,10,4,4,2016-11-19,2017-03-18,3563.0,0.9999999999992164,3563.0,119.0,119.0,2016-11,2017-03
F5U1ACDD,,32,6,1,2016-11-19,,0.0,0.11614152927745658,0.0,407.0,,2016-11,
LPKT07PV,53.0,22,2,4,2016-11-20,2017-03-23,4704.0,1.0,4704.0,123.0,123.0,2016-11,2017-03
WPB2SLIG,63.0,20,5,4,2016-11-20,2017-03-14,5585.0,1.0,5585.0,114.0,114.0,2016-11,2017-03
XUSUEAV7,83.0,28,7,4,2016-11-20,2017-03-09,25897.0,1.0,25897.0,109.0,109.0,2016-11,2017-03
ZZY4516R,,26,4,1,2016-11-20,,0.0,0.04050539246977488,0.0,406.0,,2016-11,
3TYPII47,32.0,32,6,4,2016-11-20,2017-03-03,1207.0,0.9996165740599857,1207.0,103.0,103.0,2016-11,2017-03
7WAX8Z8O,9.0,4,4,2,2016-11-20,2017-03-08,0.0,0.007590654589308034,0.0,108.0,108.0,2016-11,2017-03
MYDUMR3R,57.0,4,1,4,2016-11-20,2017-03-04,559.0,0.9769139559584676,559.0,104.0,104.0,2016-11,2017-03
0DRC1U9Q,33.0,34,1,1,2016-11-20,,0.0,0.5001415272476469,0.0,406.0,,2016-11,
37JFKD4I,15.0,9,6,4,2016-11-20,2017-03-09,1033.0,0.9951828311437991,1033.0,109.0,109.0,2016-11,2017-03
25YKPHX8,42.0,20,1,4,2016-11-21,2017-03-21,462.0,0.9210654366885546,462.0,120.0,120.0,2016-11,2017-03
BXXMA7F3,50.0,26,4,2,2016-11-21,2017-03-01,0.0,0.010803037375694043,0.0,100.0,100.0,2016-11,2017-03
GIUUTBXM,79.0,31,2,4,2016-11-21,2017-03-14,5539.0,1.0,5539.0,113.0,113.0,2016-11,2017-03
MFX2LR1Q,59.0,4,4,4,2016-11-21,2017-03-15,3573.0,0.9999999999988061,3573.0,114.0,114.0,2016-11,2017-03
DUHE9FLY,13.0,7,2,4,2016-11-21,2017-03-01,4926.0,1.0,4926.0,100.0,100.0,2016-11,2017-03
96BSG7R1,70.0,33,6,2,2016-11-21,2017-03-17,0.0,0.023903424124219152,0.0,116.0,116.0,2016-11,2017-03
7FQMSWIX,5.0,13,3,4,2016-11-22,2017-03-04,62.0,0.858634396081994,62.0,102.0,102.0,2016-11,2017-03
C20AVXN7,30.0,10,2,4,2016-11-22,2017-03-14,4359.0,0.9999999999999993,4359.0,112.0,112.0,2016-11,2017-03
GS1QVWCR,55.0,32,1,4,2016-11-22,2017-03-31,566.0,0.976409245812367,566.0,129.0,129.0,2016-11,2017-03
ZWH8FXY3,72.0,7,1,4,2016-11-22,2017-03-03,508.0,0.9692272304404816,508.0,101.0,101.0,2016-11,2017-03
2U94Y3Q9,75.0,14,4,2,2016-11-22,2017-03-20,0.0,0.009209813999443622,0.0,118.0,118.0,2016-11,2017-03
AAR79NOO,11.0,3,3,4,2016-11-22,2017-03-11,51.0,0.8127798248307456,51.0,109.0,109.0,2016-11,2017-03
B6B0PNR2,14.0,24,2,4,2016-11-22,2017-03-05,4899.0,1.0,4899.0,103.0,103.0,2016-11,2017-03
M7I5O9YU,10.0,13,1,1,2016-11-23,,0.0,0.5893176213822255,0.0,403.0,,2016-11,
LXZA2OSZ,52.0,13,5,4,2016-11-23,2017-03-03,5790.0,1.0,5790.0,100.0,100.0,2016-11,2017-03
N0ONCYVZ,43.0,20,3,2,2016-11-23,2017-03-30,0.0,0.6485419045690967,0.0,127.0,127.0,2016-11,2017-03
GYB4W2AU,,28,4,1,2016-11-23,,0.0,0.030431907553014004,0.0,403.0,,2016-11,
513DPFX5,11.0,8,2,4,2016-11-23,2017-03-03,4438.0,0.9999999999999993,4438.0,100.0,100.0,2016-11,2017-03
RU023K5W,23.0,8,4,4,2016-11-23,2017-03-17,2972.0,0.9999999996542868,2972.0,114.0,114.0,2016-11,2017-03
VDIU10RV,47.0,27,3,1,2016-11-23,,0.0,0.8492642520953438,0.0,403.0,,2016-11,
BZCBQ514,79.0,27,1,4,2016-11-23,2017-03-01,523.0,0.9529974659863896,523.0,98.0,98.0,2016-11,2017-03
HEE6P0QH,67.0,1,4,4,2016-11-24,2017-03-25,3647.0,0.9999999999992502,3647.0,121.0,121.0,2016-11,2017-03
L8CHRJ2B,74.0,19,4,4,2016-11-24,2017-03-01,4200.0,0.9999999999999933,4200.0,97.0,97.0,2016-11,2017-03
579LZ3F9,41.0,18,6,1,2016-11-24,,0.0,0.08360069958217255,0.0,402.0,,2016-11,
SU8JNMP4,8.0,32,6,1,2016-11-24,,0.0,0.15893256895882074,0.0,402.0,,2016-11,
V2X2KMUR,22.0,32,6,4,2016-11-24,2017-03-28,1059.0,0.9982123830745123,1059.0,124.0,124.0,2016-11,2017-03
AJIPJP75,11.0,7,6,2,2016-11-24,2017-03-05,0.0,0.025768872410959997,0.0,101.0,101.0,2016-11,2017-03
NYVA2G6U,19.0,3,3,4,2016-11-24,2017-03-02,57.0,0.8982776399760453,57.0,98.0,98.0,2016-11,2017-03
FF45BXTL,44.0,24,4,4,2016-11-24,2017-03-27,3671.0,0.9999999999996207,3671.0,123.0,123.0,2016-11,2017-03
TTA9LYBS,73.0,1,3,4,2016-11-25,2017-03-01,58.0,0.8685120320177951,58.0,96.0,96.0,2016-11,2017-03
PAGZQH8L,73.0,2,4,4,2016-11-25,2017-03-06,3956.0,0.9999999999999687,3956.0,101.0,101.0,2016-11,2017-03
J7YF6DS7,2.0,13,5,4,2016-11-25,2017-03-01,5964.0,1.0,5964.0,96.0,96.0,2016-11,2017-03
S5IXY4Z9,2.0,13,2,4,2016-11-25,2017-03-06,4570.0,0.9999999999999998,4570.0,101.0,101.0,2016-11,2017-03
JQBJMETQ,16.0,10,3,4,2016-11-25,2017-03-27,49.0,0.8361407074425309,49.0,122.0,122.0,2016-11,2017-03
0LVWSWEW,18.0,12,3,4,2016-11-25,2017-03-06,65.0,0.9045778632180728,65.0,101.0,101.0,2016-11,2017-03
K53BC1T9,16.0,1,3,2,2016-11-26,2017-03-27,0.0,0.7982778962643358,0.0,121.0,121.0,2016-11,2017-03
D40N5I9Y,23.0,10,2,4,2016-11-26,2017-03-08,4739.0,1.0,4739.0,102.0,102.0,2016-11,2017-03
051QTX8Z,29.0,9,6,4,2016-11-26,2017-03-21,1080.0,0.9961573030117945,1080.0,115.0,115.0,2016-11,2017-03
5D2XH04S,56.0,21,3,4,2016-11-26,2017-03-12,57.0,0.8906834201336431,57.0,106.0,106.0,2016-11,2017-03
V9E582SK,44.0,15,1,4,2016-11-27,2017-03-16,469.0,0.9600257901388305,469.0,109.0,109.0,2016-11,2017-03
UK0LEZRJ,12.0,31,1,4,2016-11-27,2017-03-03,532.0,0.9773049503934549,532.0,96.0,96.0,2016-11,2017-03
PFFHM7HR,53.0,27,4,1,2016-11-27,,0.0,0.01631785363409746,0.0,399.0,,2016-11,
IT10CFQH,44.0,25,1,4,2016-11-27,2017-03-26,538.0,0.972673339438615,538.0,119.0,119.0,2016-11,2017-03
8VKD2CCH,48.0,14,2,4,2016-11-27,2017-03-21,4829.0,1.0,4829.0,114.0,114.0,2016-11,2017-03
2XQAKBXH,17.0,33,5,4,2016-11-27,2017-03-11,5370.0,1.0,5370.0,104.0,104.0,2016-11,2017-03
7G7YLGJO,35.0,33,5,4,2016-11-27,2017-03-21,6499.0,1.0,6499.0,114.0,114.0,2016-11,2017-03
GCA97W27,28.0,10,6,4,2016-11-28,2017-03-06,1161.0,0.9984798642628261,1161.0,98.0,98.0,2016-11,2017-03
K8FUZHOG,61.0,31,1,4,2016-11-28,2017-03-26,576.0,0.9887108481653544,576.0,118.0,118.0,2016-11,2017-03
5WJZMULK,35.0,34,6,4,2016-11-28,2017-03-19,979.0,0.9938884345133967,979.0,111.0,111.0,2016-11,2017-03
ZPYD4T9W,66.0,3,3,4,2016-11-28,2017-03-07,43.0,0.923507152532078,43.0,99.0,99.0,2016-11,2017-03
KE9ZEDS8,62.0,8,3,4,2016-11-29,2017-03-07,57.0,0.7830697537732483,57.0,98.0,98.0,2016-11,2017-03
7KK0HQ4C,59.0,4,3,2,2016-11-29,2017-03-28,0.0,0.7567757144600072,0.0,119.0,119.0,2016-11,2017-03
FP7014Z0,25.0,4,6,4,2016-11-29,2017-03-12,948.0,0.9872481434723063,948.0,103.0,103.0,2016-11,2017-03
N4HFHDMW,56.0,16,4,4,2016-11-29,2017-03-10,3012.0,0.9999999998548206,3012.0,101.0,101.0,2016-11,2017-03
2HFLKREC,84.0,19,4,4,2016-11-30,2017-03-15,3665.0,0.9999999999996105,3665.0,105.0,105.0,2016-11,2017-03
7JVTTVCO,27.0,12,1,4,2016-11-30,2017-03-24,564.0,0.9804238962875673,564.0,114.0,114.0,2016-11,2017-03
3X13866U,15.0,1,6,2,2016-12-01,2017-03-06,0.0,0.030176104528540783,0.0,95.0,95.0,2016-12,2017-03
7LE19SYE,37.0,19,4,4,2016-12-01,2017-03-22,3463.0,0.9999999999965421,3463.0,111.0,111.0,2016-12,2017-03
J5V2M7Y1,27.0,13,1,4,2016-12-01,2017-03-26,513.0,0.9719175316794894,513.0,115.0,115.0,2016-12,2017-03
41MURAI5,44.0,13,1,4,2016-12-01,2017-03-28,590.0,0.9885778716885232,590.0,117.0,117.0,2016-12,2017-03
QHI8WRIA,19.0,10,2,4,2016-12-01,2017-03-30,4511.0,0.9999999999999998,4511.0,119.0,119.0,2016-12,2017-03
AJXAXV4W,23.0,4,4,2,2016-12-01,2017-03-02,0.0,0.004978873672575376,0.0,91.0,91.0,2016-12,2017-03
VPDXX5PJ,9.0,9,1,4,2016-12-01,2017-03-26,546.0,0.9743515397644938,546.0,115.0,115.0,2016-12,2017-03
PZB9NUK8,79.0,24,3,4,2016-12-01,2017-03-05,46.0,0.820697314663571,46.0,94.0,94.0,2016-12,2017-03
A0ANOYPF,59.0,10,2,4,2016-12-02,2017-03-09,4891.0,1.0,4891.0,97.0,97.0,2016-12,2017-03
0P4AAPYX,31.0,26,6,4,2016-12-02,2017-03-03,1040.0,0.997231041294256,1040.0,91.0,91.0,2016-12,2017-03
O6T5WC3W,65.0,26,6,4,2016-12-02,2017-03-04,1108.0,0.9988300570308691,1108.0,92.0,92.0,2016-12,2017-03
0NO04P6C,50.0,26,3,4,2016-12-02,2017-03-04,59.0,0.8618348490341626,59.0,92.0,92.0,2016-12,2017-03
22OFSXBT,67.0,6,2,4,2016-12-02,2017-03-30,5406.0,1.0,5406.0,118.0,118.0,2016-12,2017-03
MRXZTMM6,10.0,31,1,4,2016-12-02,2017-03-20,515.0,0.973082350930203,515.0,108.0,108.0,2016-12,2017-03
LGI8QEC2,73.0,5,1,4,2016-12-02,2017-03-06,583.0,0.9818142556585678,583.0,94.0,94.0,2016-12,2017-03
6KZ0NCFX,25.0,3,3,4,2016-12-02,2017-03-14,54.0,0.8276078660220557,54.0,102.0,102.0,2016-12,2017-03
3SF8O9S6,55.0,24,3,4,2016-12-02,2017-03-27,60.0,0.7915329103959519,60.0,115.0,115.0,2016-12,2017-03
CNM0H9FR,,33,1,1,2016-12-02,,0.0,0.42801544806069364,0.0,394.0,,2016-12,
XK668R7C,19.0,10,1,2,2016-12-03,2017-03-12,0.0,0.3030167503457566,0.0,99.0,99.0,2016-12,2017-03
TZCAQWL3,25.0,10,2,2,2016-12-03,2017-03-19,0.0,0.008183473127968417,0.0,106.0,106.0,2016-12,2017-03
BADC6A9H,29.0,10,1,4,2016-12-03,2017-03-23,516.0,0.956250280053794,516.0,110.0,110.0,2016-12,2017-03
B8E0UUZR,57.0,10,2,4,2016-12-03,2017-03-22,4829.0,1.0,4829.0,109.0,109.0,2016-12,2017-03
I043RXJV,19.0,5,6,2,2016-12-03,2017-03-17,0.0,0.04093338115874873,0.0,104.0,104.0,2016-12,2017-03
MWWB44CC,18.0,21,6,4,2016-12-03,2017-03-02,950.0,0.997011893505544,950.0,89.0,89.0,2016-12,2017-03
HBTINPDG,77.0,24,6,2,2016-12-03,2017-03-09,0.0,0.017001103615240442,0.0,96.0,96.0,2016-12,2017-03
DZ3KHZSX,37.0,13,1,4,2016-12-04,2017-03-20,513.0,0.9666889498002574,513.0,106.0,106.0,2016-12,2017-03
3W1K7X5F,12.0,10,2,2,2016-12-04,2017-03-09,0.0,0.013835418284041452,0.0,95.0,95.0,2016-12,2017-03
45A57X68,59.0,10,5,4,2016-12-04,2017-03-12,5522.0,1.0,5522.0,98.0,98.0,2016-12,2017-03
9SLYC4TR,9.0,8,3,4,2016-12-04,2017-03-09,56.0,0.8440882998151734,56.0,95.0,95.0,2016-12,2017-03
JLWKWQYC,17.0,30,2,4,2016-12-04,2017-03-08,5673.0,1.0,5673.0,94.0,94.0,2016-12,2017-03
7QC6FOKW,77.0,32,1,4,2016-12-04,2017-03-10,598.0,0.9773981855560372,598.0,96.0,96.0,2016-12,2017-03
XA184CMW,57.0,7,5,4,2016-12-04,2017-03-16,5787.0,1.0,5787.0,102.0,102.0,2016-12,2017-03
S0N7BYU3,64.0,34,6,4,2016-12-04,2017-03-08,1070.0,0.99806564925199,1070.0,94.0,94.0,2016-12,2017-03
6WOMHAJM,18.0,22,4,4,2016-12-05,2017-03-14,3677.0,0.9999999999997382,3677.0,99.0,99.0,2016-12,2017-03
G1QGATKV,52.0,19,5,4,2016-12-05,2017-03-30,5425.0,1.0,5425.0,115.0,115.0,2016-12,2017-03
UAE5ZC7O,,18,5,1,2016-12-05,,0.0,0.039750266958047904,0.0,391.0,,2016-12,
6XFVQI32,80.0,20,4,4,2016-12-05,2017-03-23,3415.0,0.9999999999956699,3415.0,108.0,108.0,2016-12,2017-03
JUCNIG4H,,30,1,1,2016-12-05,,0.0,0.5091801183747663,0.0,391.0,,2016-12,
OGD4MDJ9,47.0,34,6,4,2016-12-05,2017-03-21,891.0,0.9849504822630784,891.0,106.0,106.0,2016-12,2017-03
4NGBUZWJ,11.0,4,1,4,2016-12-06,2017-03-12,609.0,0.971141579843591,609.0,96.0,96.0,2016-12,2017-03
EFG5DGV5,55.0,27,3,4,2016-12-06,2017-03-16,54.0,0.6915157727401735,54.0,100.0,100.0,2016-12,2017-03
82MM4H33,46.0,33,6,4,2016-12-06,2017-03-09,1049.0,0.9963636041303651,1049.0,93.0,93.0,2016-12,2017-03
14PM641K,27.0,19,6,4,2016-12-07,2017-03-07,1152.0,0.9988577849268991,1152.0,90.0,90.0,2016-12,2017-03
DSBGHOPN,56.0,18,3,2,2016-12-07,2017-03-20,0.0,0.7738556259072712,0.0,103.0,103.0,2016-12,2017-03
1YSOZLHF,74.0,18,2,4,2016-12-07,2017-03-28,4799.0,1.0,4799.0,111.0,111.0,2016-12,2017-03
E8RP9FRW,15.0,8,3,4,2016-12-07,2017-03-12,51.0,0.7858588036066242,51.0,95.0,95.0,2016-12,2017-03
787IRG9Q,41.0,26,4,4,2016-12-07,2017-03-03,3426.0,0.9999999999957006,3426.0,86.0,86.0,2016-12,2017-03
0TUS4NAC,57.0,6,3,4,2016-12-07,2017-03-11,51.0,0.8853576768626339,51.0,94.0,94.0,2016-12,2017-03
FAJTQMUM,24.0,32,1,4,2016-12-07,2017-03-20,564.0,0.9889966107290309,564.0,103.0,103.0,2016-12,2017-03
TWF0J0DF,39.0,2,5,4,2016-12-08,2017-03-01,5882.0,1.0,5882.0,83.0,83.0,2016-12,2017-03
ICMXZOVL,66.0,18,2,1,2016-12-08,,0.0,0.07050894964993729,0.0,388.0,,2016-12,
UQ14O415,56.0,20,2,4,2016-12-08,2017-03-20,5059.0,1.0,5059.0,102.0,102.0,2016-12,2017-03
IBEUTCSW,,30,4,1,2016-12-08,,0.0,0.032196000074560485,0.0,388.0,,2016-12,
O3KC8QI8,,32,6,1,2016-12-08,,0.0,0.1066023319098377,0.0,388.0,,2016-12,
BOJSLNDG,64.0,32,4,4,2016-12-08,2017-03-11,3388.0,0.9999999999956923,3388.0,93.0,93.0,2016-12,2017-03
WALNFJ70,,31,5,1,2016-12-08,,0.0,0.040656430796684434,0.0,388.0,,2016-12,
DASMR0EK,83.0,27,5,4,2016-12-08,2017-03-10,5410.0,1.0,5410.0,92.0,92.0,2016-12,2017-03
A76M0OOH,81.0,21,6,4,2016-12-08,2017-03-28,978.0,0.9958192939587391,978.0,110.0,110.0,2016-12,2017-03
E1VKE2PH,61.0,24,3,4,2016-12-08,2017-03-26,54.0,0.8978683599948987,54.0,108.0,108.0,2016-12,2017-03
SKY95DVG,3.0,1,3,2,2016-12-09,2017-03-22,0.0,0.7855395414355014,0.0,103.0,103.0,2016-12,2017-03
V5OK4V5I,8.0,19,1,4,2016-12-09,2017-03-14,549.0,0.982047153841111,549.0,95.0,95.0,2016-12,2017-03
GJ4L5HHN,49.0,13,6,4,2016-12-09,2017-03-14,1034.0,0.9972813865251352,1034.0,95.0,95.0,2016-12,2017-03
9R8JWY3J,75.0,20,2,4,2016-12-09,2017-03-03,4998.0,1.0,4998.0,84.0,84.0,2016-12,2017-03
0EOFVU05,52.0,20,4,4,2016-12-09,2017-03-28,3421.0,0.9999999999956446,3421.0,109.0,109.0,2016-12,2017-03
HNHOPL7M,17.0,31,5,4,2016-12-09,2017-03-04,5425.0,1.0,5425.0,85.0,85.0,2016-12,2017-03
Y0NYI17R,14.0,24,3,4,2016-12-09,2017-03-15,55.0,0.9012634336561391,55.0,96.0,96.0,2016-12,2017-03
R4F4RGAL,63.0,12,4,4,2016-12-09,2017-03-14,3558.0,0.9999999999989064,3558.0,95.0,95.0,2016-12,2017-03
MNVMY83P,56.0,19,2,1,2016-12-10,,0.0,0.03837957100067507,0.0,386.0,,2016-12,
0ZHLQFGU,6.0,32,2,4,2016-12-10,2017-03-22,4839.0,1.0,4839.0,102.0,102.0,2016-12,2017-03
40DPY158,36.0,27,3,4,2016-12-10,2017-03-25,47.0,0.7573641499672438,47.0,105.0,105.0,2016-12,2017-03
DP9E525R,21.0,34,6,4,2016-12-10,2017-03-24,1007.0,0.9946871442566932,1007.0,104.0,104.0,2016-12,2017-03
DBDUMQQK,38.0,9,3,4,2016-12-10,2017-03-24,48.0,0.7832187878431306,48.0,104.0,104.0,2016-12,2017-03
CNBN12RL,73.0,3,3,4,2016-12-10,2017-03-07,49.0,0.8595277722797525,49.0,87.0,87.0,2016-12,2017-03
OXL0YWEE,49.0,12,1,4,2016-12-10,2017-03-18,504.0,0.9670675157138917,504.0,98.0,98.0,2016-12,2017-03
ZOBJHMAF,,19,4,1,2016-12-11,,0.0,0.029076029918788004,0.0,385.0,,2016-12,
KD6MB4AP,,28,3,1,2016-12-11,,0.0,0.9045888332512967,0.0,385.0,,2016-12,
5CSSZJF4,23.0,6,1,4,2016-12-11,2017-03-21,543.0,0.9720773877433121,543.0,100.0,100.0,2016-12,2017-03
0XG8TOJF,21.0,31,5,2,2016-12-11,2017-03-18,0.0,0.009415792424322614,0.0,97.0,97.0,2016-12,2017-03
IIS0O91J,21.0,31,2,4,2016-12-11,2017-03-28,5149.0,1.0,5149.0,107.0,107.0,2016-12,2017-03
2LP5SUR5,73.0,4,1,2,2016-12-11,2017-03-09,0.0,0.17035243108304876,0.0,88.0,88.0,2016-12,2017-03
PYZZ3IS6,6.0,27,6,4,2016-12-11,2017-03-11,1043.0,0.995402028397342,1043.0,90.0,90.0,2016-12,2017-03
5I4K5TQE,69.0,19,5,2,2016-12-12,2017-03-09,0.0,0.010806478909470021,0.0,87.0,87.0,2016-12,2017-03
RV3LPOYP,12.0,30,1,4,2016-12-12,2017-03-29,437.0,0.9585716743251878,437.0,107.0,107.0,2016-12,2017-03
A194RP0I,,25,4,1,2016-12-12,,0.0,0.022815158719684227,0.0,384.0,,2016-12,
1HVNTEPV,43.0,14,2,4,2016-12-12,2017-03-11,4465.0,0.9999999999999996,4465.0,89.0,89.0,2016-12,2017-03
LC85AQ1I,44.0,24,1,4,2016-12-12,2017-03-18,443.0,0.9470605521057197,443.0,96.0,96.0,2016-12,2017-03
TBV972NP,69.0,12,3,2,2016-12-12,2017-03-23,0.0,0.7541664136186205,0.0,101.0,101.0,2016-12,2017-03
EJMX0EIJ,3.0,10,5,4,2016-12-13,2017-03-20,4278.0,0.9999999999999984,4278.0,97.0,97.0,2016-12,2017-03
VR9NYBOV,43.0,15,3,4,2016-12-13,2017-03-06,41.0,0.7541184570976966,41.0,83.0,83.0,2016-12,2017-03
3U25FK08,39.0,6,1,4,2016-12-13,2017-03-28,519.0,0.9694153746906524,519.0,105.0,105.0,2016-12,2017-03
KV2OFRJT,,32,2,1,2016-12-13,,0.0,0.03753040601789226,0.0,383.0,,2016-12,
CRLK4Z1P,42.0,34,1,4,2016-12-13,2017-03-04,524.0,0.9561889564151337,524.0,81.0,81.0,2016-12,2017-03
OGENAT0L,64.0,33,1,4,2016-12-13,2017-03-27,552.0,0.9756968185986967,552.0,104.0,104.0,2016-12,2017-03
F57JWIDF,45.0,8,6,4,2016-12-14,2017-03-02,970.0,0.9930420397396108,970.0,78.0,78.0,2016-12,2017-03
ERFRHR3Z,,26,4,1,2016-12-14,,0.0,0.035903524456327184,0.0,382.0,,2016-12,
J53D8EOL,36.0,31,6,1,2016-12-14,,0.0,0.0853714802447301,0.0,382.0,,2016-12,
LF8JZ3Q5,35.0,31,6,4,2016-12-14,2017-03-13,1046.0,0.9965506096024027,1046.0,89.0,89.0,2016-12,2017-03
MRGBSMQ5,70.0,31,6,4,2016-12-14,2017-03-14,988.0,0.995167123526779,988.0,90.0,90.0,2016-12,2017-03
CBAV8ZJL,11.0,4,1,4,2016-12-14,2017-03-22,547.0,0.9511905359055773,547.0,98.0,98.0,2016-12,2017-03
J32XDDAW,,27,1,1,2016-12-14,,0.0,0.3788787990077728,0.0,382.0,,2016-12,
NN4DWBVN,64.0,34,2,2,2016-12-14,2017-03-04,0.0,0.010435664589398872,0.0,80.0,80.0,2016-12,2017-03
6JXHEZYK,39.0,3,3,4,2016-12-14,2017-03-31,54.0,0.8527191751156331,54.0,107.0,107.0,2016-12,2017-03
WDHNR2EI,63.0,12,3,4,2016-12-14,2017-03-20,57.0,0.8638428685929433,57.0,96.0,96.0,2016-12,2017-03
4K750D6F,80.0,12,3,4,2016-12-14,2017-03-18,55.0,0.885828315416878,55.0,94.0,94.0,2016-12,2017-03
94GI0ZJ7,66.0,1,5,4,2016-12-15,2017-03-15,5765.0,1.0,5765.0,90.0,90.0,2016-12,2017-03
TODG6DEK,5.0,18,1,4,2016-12-15,2017-03-16,639.0,0.9881867018510705,639.0,91.0,91.0,2016-12,2017-03
G0ECB8FS,46.0,31,2,4,2016-12-15,2017-03-15,5100.0,1.0,5100.0,90.0,90.0,2016-12,2017-03
1ZDDZD8B,,27,3,1,2016-12-15,,0.0,0.8674560050690077,0.0,381.0,,2016-12,
96MZYUY0,21.0,24,2,4,2016-12-15,2017-03-07,4906.0,1.0,4906.0,82.0,82.0,2016-12,2017-03
EZVKSQ9C,28.0,22,5,1,2016-12-16,,0.0,0.030384632408221167,0.0,380.0,,2016-12,
RJYG004O,16.0,18,1,1,2016-12-16,,0.0,0.4628640907441144,0.0,380.0,,2016-12,
JZOKHHWN,53.0,20,6,4,2016-12-16,2017-03-07,1037.0,0.9940269758629389,1037.0,81.0,81.0,2016-12,2017-03
EH6I67I0,54.0,30,1,4,2016-12-16,2017-03-15,537.0,0.9646430377905342,537.0,89.0,89.0,2016-12,2017-03
JUUXF02Z,35.0,31,2,4,2016-12-16,2017-03-09,4694.0,1.0,4694.0,83.0,83.0,2016-12,2017-03
OT87JDWO,45.0,4,1,4,2016-12-16,2017-03-24,560.0,0.9665988136212355,560.0,98.0,98.0,2016-12,2017-03
YHKT6YJ7,15.0,5,1,4,2016-12-16,2017-03-13,589.0,0.9767267081895422,589.0,87.0,87.0,2016-12,2017-03
H78I3TAY,49.0,21,1,4,2016-12-16,2017-03-14,493.0,0.9693901415410732,493.0,88.0,88.0,2016-12,2017-03
1ROC43JK,3.0,3,3,4,2016-12-16,2017-03-08,50.0,0.8349764984438843,50.0,82.0,82.0,2016-12,2017-03
LPZLQL48,79.0,24,1,4,2016-12-16,2017-03-28,492.0,0.9608953448076595,492.0,102.0,102.0,2016-12,2017-03
PYOFK7ZD,,19,1,1,2016-12-17,,0.0,0.46990550212045107,0.0,379.0,,2016-12,
DWUXMAGZ,,13,5,1,2016-12-17,,0.0,0.044548282757768426,0.0,379.0,,2016-12,
3KR50X38,44.0,13,6,4,2016-12-17,2017-03-13,1255.0,0.999670203146861,1255.0,86.0,86.0,2016-12,2017-03
Q3WLHRE9,67.0,10,1,4,2016-12-17,2017-03-04,463.0,0.909478899834612,463.0,77.0,77.0,2016-12,2017-03
IX7UEOAP,37.0,20,6,2,2016-12-17,2017-03-27,0.0,0.018932359020991923,0.0,100.0,100.0,2016-12,2017-03
NQU62K1H,82.0,20,1,4,2016-12-17,2017-03-12,605.0,0.9832241658601629,605.0,85.0,85.0,2016-12,2017-03
NAQKOU0T,21.0,26,6,4,2016-12-17,2017-03-20,1315.0,0.9997343110119066,1315.0,93.0,93.0,2016-12,2017-03
I3V3GUAI,85.0,4,1,4,2016-12-17,2017-03-02,559.0,0.9259935181380513,559.0,75.0,75.0,2016-12,2017-03
PN4VJDXY,60.0,5,1,4,2016-12-17,2017-03-28,557.0,0.9838005445345621,557.0,101.0,101.0,2016-12,2017-03
K9D4DQ3R,75.0,14,3,4,2016-12-17,2017-03-02,48.0,0.7970333350600223,48.0,75.0,75.0,2016-12,2017-03
9X6V79KE,39.0,3,5,4,2016-12-17,2017-03-25,6282.0,1.0,6282.0,98.0,98.0,2016-12,2017-03
6SN2RQJX,,24,3,1,2016-12-17,,0.0,0.9049283348798346,0.0,379.0,,2016-12,
W1KLFNE4,39.0,1,4,4,2016-12-18,2017-03-02,3246.0,0.9999999999768658,3246.0,74.0,74.0,2016-12,2017-03
NKPH3EFG,,19,4,1,2016-12-18,,0.0,0.027953601127240622,0.0,378.0,,2016-12,
GD2OCW12,23.0,10,1,4,2016-12-18,2017-03-14,514.0,0.9574793077399987,514.0,86.0,86.0,2016-12,2017-03
6XO4RYXK,63.0,20,6,4,2016-12-18,2017-03-15,1132.0,0.9984153304188491,1132.0,87.0,87.0,2016-12,2017-03
18Y7GRPW,63.0,15,5,4,2016-12-18,2017-03-21,5918.0,1.0,5918.0,93.0,93.0,2016-12,2017-03
127ZPLXQ,36.0,31,2,2,2016-12-18,2017-03-18,0.0,0.008863850188176231,0.0,90.0,90.0,2016-12,2017-03
U07C2HEG,42.0,34,3,2,2016-12-18,2017-03-14,0.0,0.6848088825713955,0.0,86.0,86.0,2016-12,2017-03
RNTOJ78L,35.0,25,3,2,2016-12-18,2017-03-13,0.0,0.6536915340819729,0.0,85.0,85.0,2016-12,2017-03
N07K7DR7,54.0,14,3,1,2016-12-18,,0.0,0.873666959274136,0.0,378.0,,2016-12,
NLB4D5BQ,30.0,3,4,4,2016-12-18,2017-03-24,2955.0,0.9999999998342071,2955.0,96.0,96.0,2016-12,2017-03
FCFDJIEZ,21.0,24,2,4,2016-12-18,2017-03-21,3742.0,0.9999999999996703,3742.0,93.0,93.0,2016-12,2017-03
YZGDW4G1,37.0,12,3,4,2016-12-18,2017-03-14,64.0,0.8276794575869882,64.0,86.0,86.0,2016-12,2017-03
G8AO5FA2,37.0,16,4,2,2016-12-18,2017-03-27,0.0,0.008987238718384286,0.0,99.0,99.0,2016-12,2017-03
125VIRMX,76.0,28,7,1,2016-12-19,,0.0,0.14458432380835923,0.0,377.0,,2016-12,
LXXW3TRW,61.0,28,6,4,2016-12-19,2017-03-18,1164.0,0.9993803767511727,1164.0,89.0,89.0,2016-12,2017-03
8KJ3H262,64.0,28,3,4,2016-12-19,2017-03-07,65.0,0.852139397453232,65.0,78.0,78.0,2016-12,2017-03
88POGNEL,9.0,8,6,2,2016-12-19,2017-03-07,0.0,0.02819256151830022,0.0,78.0,78.0,2016-12,2017-03
UYP3NNU6,34.0,32,1,4,2016-12-19,2017-03-16,441.0,0.9353603327093136,441.0,87.0,87.0,2016-12,2017-03
S1V8684Y,23.0,7,6,2,2016-12-19,2017-03-12,0.0,0.02772289291604437,0.0,83.0,83.0,2016-12,2017-03
MOPWEMB5,35.0,24,2,4,2016-12-19,2017-03-16,4907.0,1.0,4907.0,87.0,87.0,2016-12,2017-03
L62MDI48,39.0,1,4,2,2016-12-20,2017-03-01,0.0,0.00871252763603399,0.0,71.0,71.0,2016-12,2017-03
3ECHUPQY,,18,6,1,2016-12-20,,0.0,0.07965145972376733,0.0,376.0,,2016-12,
3EL8D4WO,11.0,10,4,4,2016-12-20,2017-03-25,3269.0,0.9999999999750739,3269.0,95.0,95.0,2016-12,2017-03
VOAN1NXG,43.0,20,1,4,2016-12-20,2017-03-12,579.0,0.96248907048604,579.0,82.0,82.0,2016-12,2017-03
ALW92XQL,39.0,8,1,2,2016-12-20,2017-03-25,0.0,0.18418924235648637,0.0,95.0,95.0,2016-12,2017-03
TJ6ZA1M3,14.0,31,1,2,2016-12-20,2017-03-07,0.0,0.3126861935472103,0.0,77.0,77.0,2016-12,2017-03
FKAFO8O9,77.0,31,3,4,2016-12-20,2017-03-31,51.0,0.7392284672126285,51.0,101.0,101.0,2016-12,2017-03
1XBC7M9F,22.0,27,3,4,2016-12-20,2017-03-08,64.0,0.7708277824911833,64.0,78.0,78.0,2016-12,2017-03
8IXBS90G,20.0,14,3,4,2016-12-20,2017-03-08,60.0,0.7531133257506705,60.0,78.0,78.0,2016-12,2017-03
2X45BEOS,26.0,19,6,4,2016-12-21,2017-03-27,1186.0,0.9987724387652634,1186.0,96.0,96.0,2016-12,2017-03
EQ8X0QTL,80.0,13,4,4,2016-12-21,2017-03-09,3577.0,0.99999999999921,3577.0,78.0,78.0,2016-12,2017-03
5QD53WHF,18.0,18,6,4,2016-12-21,2017-03-07,1020.0,0.997441007530487,1020.0,76.0,76.0,2016-12,2017-03
K5CWSFCW,6.0,28,2,1,2016-12-21,,0.0,0.0283677163236019,0.0,375.0,,2016-12,
79EABK3X,83.0,26,3,4,2016-12-21,2017-03-23,53.0,0.8803561190215604,53.0,92.0,92.0,2016-12,2017-03
2DKO9X1T,60.0,6,1,2,2016-12-21,2017-03-10,0.0,0.30217075921720027,0.0,79.0,79.0,2016-12,2017-03
IBDEQVBN,22.0,31,1,2,2016-12-21,2017-03-28,0.0,0.22083894730146736,0.0,97.0,97.0,2016-12,2017-03
QZ3VV4C1,70.0,31,2,4,2016-12-21,2017-03-08,4719.0,1.0,4719.0,77.0,77.0,2016-12,2017-03
62AK8UWX,11.0,5,1,4,2016-12-21,2017-03-22,546.0,0.961274495500246,546.0,91.0,91.0,2016-12,2017-03
5QM4ORNT,16.0,9,6,4,2016-12-21,2017-03-21,1212.0,0.9991099474720985,1212.0,90.0,90.0,2016-12,2017-03
4H2QMS78,,24,1,1,2016-12-21,,0.0,0.46289817390885524,0.0,375.0,,2016-12,
S91N9YBL,70.0,24,1,2,2016-12-21,2017-03-08,0.0,0.20194467911476835,0.0,77.0,77.0,2016-12,2017-03
44H0FJMH,4.0,1,5,2,2016-12-22,2017-03-27,0.0,0.016335948009142447,0.0,95.0,95.0,2016-12,2017-03
N5AZLQZR,19.0,8,5,4,2016-12-22,2017-03-14,5533.0,1.0,5533.0,82.0,82.0,2016-12,2017-03
4T295XQL,24.0,32,4,4,2016-12-22,2017-03-01,3295.0,0.9999999999911613,3295.0,69.0,69.0,2016-12,2017-03
YFS5KLJJ,24.0,25,3,4,2016-12-22,2017-03-31,45.0,0.8520298361840308,45.0,99.0,99.0,2016-12,2017-03
S8GLKDB9,5.0,12,3,4,2016-12-22,2017-03-04,56.0,0.8343060428192554,56.0,72.0,72.0,2016-12,2017-03
SQLYCFGV,53.0,33,2,1,2016-12-22,,0.0,0.017805289663708167,0.0,374.0,,2016-12,
EUG019AS,,13,1,1,2016-12-23,,0.0,0.49300224797059183,0.0,373.0,,2016-12,
IE7VQ5BA,23.0,18,6,1,2016-12-23,,0.0,0.06840423308258792,0.0,373.0,,2016-12,
01QKN578,25.0,10,2,4,2016-12-23,2017-03-20,4247.0,0.9999999999999967,4247.0,87.0,87.0,2016-12,2017-03
M0JKP0HT,39.0,8,4,4,2016-12-23,2017-03-13,3440.0,0.9999999999946534,3440.0,80.0,80.0,2016-12,2017-03
ZC3KKSUK,54.0,30,2,4,2016-12-23,2017-03-02,5040.0,1.0,5040.0,69.0,69.0,2016-12,2017-03
3X8VLQ5G,9.0,6,1,4,2016-12-23,2017-03-12,469.0,0.9589228632353461,469.0,79.0,79.0,2016-12,2017-03
EZLXL6GL,39.0,5,3,4,2016-12-23,2017-03-07,58.0,0.7878270195784903,58.0,74.0,74.0,2016-12,2017-03
R8PEL8V8,39.0,2,4,4,2016-12-24,2017-03-16,2955.0,0.9999999996662425,2955.0,82.0,82.0,2016-12,2017-03
L1R32S8H,12.0,13,5,4,2016-12-24,2017-03-26,5228.0,1.0,5228.0,92.0,92.0,2016-12,2017-03
J7N8J8NM,72.0,10,4,4,2016-12-24,2017-03-14,3358.0,0.9999999999906211,3358.0,80.0,80.0,2016-12,2017-03
TO7PGVP1,33.0,28,5,2,2016-12-24,2017-03-29,0.0,0.012007684361355773,0.0,95.0,95.0,2016-12,2017-03
A051G1B4,11.0,6,1,4,2016-12-24,2017-03-31,517.0,0.9601214823771477,517.0,97.0,97.0,2016-12,2017-03
NMDMM5YJ,19.0,5,1,4,2016-12-24,2017-03-03,615.0,0.9881674169786109,615.0,69.0,69.0,2016-12,2017-03
LWPJEV3U,16.0,9,1,2,2016-12-24,2017-03-10,0.0,0.15252817826211484,0.0,76.0,76.0,2016-12,2017-03
I93ZFHEM,12.0,3,3,4,2016-12-24,2017-03-08,62.0,0.8882675091443317,62.0,74.0,74.0,2016-12,2017-03
B2VJCVBB,39.0,10,5,4,2016-12-25,2017-03-13,4711.0,1.0,4711.0,78.0,78.0,2016-12,2017-03
F90O03ZH,43.0,20,2,2,2016-12-25,2017-03-23,0.0,0.005129706970712693,0.0,88.0,88.0,2016-12,2017-03
PC78RLUX,80.0,15,1,4,2016-12-25,2017-03-30,510.0,0.9760234973742902,510.0,95.0,95.0,2016-12,2017-03
X6GL64T5,76.0,8,2,4,2016-12-25,2017-03-25,4891.0,1.0,4891.0,90.0,90.0,2016-12,2017-03
OWM3BPGW,33.0,26,6,4,2016-12-25,2017-03-17,926.0,0.9929652989057421,926.0,82.0,82.0,2016-12,2017-03
RP5PS9A5,3.0,4,3,4,2016-12-25,2017-03-10,56.0,0.741565602836895,56.0,75.0,75.0,2016-12,2017-03
AI76U58A,73.0,34,1,1,2016-12-25,,0.0,0.4844431608866389,0.0,371.0,,2016-12,
KFPM2LJW,,25,1,1,2016-12-25,,0.0,0.39892081401530644,0.0,371.0,,2016-12,
F2PW7WP2,52.0,12,3,4,2016-12-25,2017-03-05,47.0,0.8547378542925747,47.0,70.0,70.0,2016-12,2017-03
GK8YD2XW,57.0,10,1,2,2016-12-26,2017-03-23,0.0,0.28339440190518417,0.0,87.0,87.0,2016-12,2017-03
U4LRR9E9,50.0,30,5,4,2016-12-26,2017-03-10,6490.0,1.0,6490.0,74.0,74.0,2016-12,2017-03
B00UMAV4,30.0,32,4,1,2016-12-26,,0.0,0.0506104631415434,0.0,370.0,,2016-12,
C8TV7R8A,,31,2,1,2016-12-26,,0.0,0.028458032823788292,0.0,370.0,,2016-12,
9N55D1AH,73.0,9,4,4,2016-12-26,2017-03-02,3841.0,0.9999999999998457,3841.0,66.0,66.0,2016-12,2017-03
2VCDVCIZ,,31,1,1,2016-12-27,,0.0,0.4504797955071956,0.0,369.0,,2016-12,
WI4PODA2,22.0,31,5,4,2016-12-27,2017-03-15,5256.0,1.0,5256.0,78.0,78.0,2016-12,2017-03
VF1V41RI,42.0,27,3,2,2016-12-27,2017-03-28,0.0,0.6157174119551404,0.0,91.0,91.0,2016-12,2017-03
1B4L7TNG,65.0,27,4,2,2016-12-27,2017-03-25,0.0,0.006406541549056489,0.0,88.0,88.0,2016-12,2017-03
MZAN11FT,13.0,1,1,4,2016-12-28,2017-03-01,625.0,0.9883684707461872,625.0,63.0,63.0,2016-12,2017-03
0U3WVJO0,,13,2,1,2016-12-28,,0.0,0.03246940099378216,0.0,368.0,,2016-12,
0IO00FNS,76.0,10,2,2,2016-12-28,2017-03-16,0.0,0.010981178841432739,0.0,78.0,78.0,2016-12,2017-03
8S6TNXYB,13.0,10,2,4,2016-12-28,2017-03-22,3952.0,0.9999999999999645,3952.0,84.0,84.0,2016-12,2017-03
PMMW9JX3,,31,1,1,2016-12-28,,0.0,0.44904713996583007,0.0,368.0,,2016-12,
MOLGOSGE,44.0,31,5,4,2016-12-28,2017-03-13,5515.0,1.0,5515.0,75.0,75.0,2016-12,2017-03
FA1VHZSV,75.0,21,3,4,2016-12-28,2017-03-16,57.0,0.8669615709430117,57.0,78.0,78.0,2016-12,2017-03
PXQEX039,45.0,3,3,4,2016-12-28,2017-03-28,51.0,0.8453318951627758,51.0,90.0,90.0,2016-12,2017-03
RX56S6G3,21.0,24,4,4,2016-12-28,2017-03-13,3803.0,0.99999999999977,3803.0,75.0,75.0,2016-12,2017-03
G4F8W039,60.0,1,5,4,2016-12-29,2017-03-27,5459.0,1.0,5459.0,88.0,88.0,2016-12,2017-03
4T31MWVO,66.0,1,4,4,2016-12-29,2017-03-23,4148.0,0.9999999999999976,4148.0,84.0,84.0,2016-12,2017-03
2HT2R2GY,,19,5,1,2016-12-29,,0.0,0.03688582452485399,0.0,367.0,,2016-12,
83XN082U,26.0,13,5,4,2016-12-29,2017-03-23,5002.0,1.0,5002.0,84.0,84.0,2016-12,2017-03
J21W3WIW,27.0,13,4,4,2016-12-29,2017-03-03,3351.0,0.9999999999903286,3351.0,64.0,64.0,2016-12,2017-03
52UPJFYI,16.0,8,1,4,2016-12-29,2017-03-19,571.0,0.974507206335193,571.0,80.0,80.0,2016-12,2017-03
QOL51JIB,32.0,30,1,4,2016-12-29,2017-03-10,601.0,0.988286510781648,601.0,71.0,71.0,2016-12,2017-03
13GM5I6M,,32,2,1,2016-12-29,,0.0,0.03432424718451475,0.0,367.0,,2016-12,
93AGN8A6,83.0,27,1,4,2016-12-29,2017-03-13,576.0,0.9731993168533568,576.0,74.0,74.0,2016-12,2017-03
J7UNJFJL,25.0,7,3,4,2016-12-29,2017-03-03,52.0,0.7961021173232377,52.0,64.0,64.0,2016-12,2017-03
A4H5ESTU,21.0,34,6,4,2016-12-29,2017-03-13,1185.0,0.9987207743758438,1185.0,74.0,74.0,2016-12,2017-03
8EZ04VQB,27.0,21,6,2,2016-12-29,2017-03-28,0.0,0.036984893783102574,0.0,89.0,89.0,2016-12,2017-03
4501T63I,54.0,25,3,4,2016-12-29,2017-03-14,56.0,0.7201400328514079,56.0,75.0,75.0,2016-12,2017-03
9IA34L8S,,24,1,1,2016-12-29,,0.0,0.4514055948269048,0.0,367.0,,2016-12,
FPNGEJRC,53.0,12,3,4,2016-12-29,2017-03-29,54.0,0.7931615331891904,54.0,90.0,90.0,2016-12,2017-03
S33WRL0Y,77.0,33,2,4,2016-12-29,2017-03-13,4818.0,1.0,4818.0,74.0,74.0,2016-12,2017-03
Q7IRUJK7,11.0,1,5,4,2017-01-01,2017-03-01,5087.0,1.0,5087.0,59.0,59.0,2017-01,2017-03
DTZPYISJ,53.0,18,6,4,2017-01-01,2017-03-19,1116.0,0.9952777350811719,1116.0,77.0,77.0,2017-01,2017-03
Y9HWSG8Z,30.0,10,1,4,2017-01-01,2017-03-20,510.0,0.9512851007270331,510.0,78.0,78.0,2017-01,2017-03
5T8Q2YID,,28,3,1,2017-01-01,,0.0,0.8785348955393473,0.0,364.0,,2017-01,
JOQCXC9Z,68.0,6,1,4,2017-01-01,2017-03-16,565.0,0.9639389372585517,565.0,74.0,74.0,2017-01,2017-03
AP7PCLAZ,24.0,32,1,4,2017-01-01,2017-03-26,633.0,0.9869929281604742,633.0,84.0,84.0,2017-01,2017-03
BIE471SO,78.0,21,4,4,2017-01-01,2017-03-29,3962.0,0.9999999999999292,3962.0,87.0,87.0,2017-01,2017-03
UA8AWDG4,79.0,24,4,4,2017-01-01,2017-03-22,3672.0,0.9999999999989522,3672.0,80.0,80.0,2017-01,2017-03
BTT6YAVZ,33.0,33,6,1,2017-01-01,,0.0,0.056001485426744456,0.0,364.0,,2017-01,
FZDRB789,32.0,33,2,4,2017-01-01,2017-03-18,4586.0,0.9999999999999998,4586.0,76.0,76.0,2017-01,2017-03
PC1NUL8Q,36.0,1,3,4,2017-01-02,2017-03-02,60.0,0.713222207455784,60.0,59.0,59.0,2017-01,2017-03
O7UUAK3Y,15.0,13,6,1,2017-01-02,,0.0,0.07003959923027597,0.0,363.0,,2017-01,
TLOHEQ18,,13,6,1,2017-01-02,,0.0,0.07705851040746654,0.0,363.0,,2017-01,
F1X5ZJ7V,19.0,6,1,4,2017-01-02,2017-05-04,572.0,0.9773314023263717,572.0,122.0,122.0,2017-01,2017-05
IF7MJ88P,32.0,31,1,4,2017-01-02,2017-03-01,550.0,0.9574186588677345,550.0,58.0,58.0,2017-01,2017-03
06B7XWPC,65.0,31,2,4,2017-01-02,2017-03-17,4125.0,0.999999999999984,4125.0,74.0,74.0,2017-01,2017-03
12MQ3WM8,85.0,7,4,4,2017-01-02,2017-03-10,3647.0,0.9999999999976452,3647.0,67.0,67.0,2017-01,2017-03
91M6FY8S,19.0,5,1,4,2017-01-02,2017-03-21,573.0,0.9682938385715206,573.0,78.0,78.0,2017-01,2017-03
0LNZRNEU,82.0,12,1,4,2017-01-02,2017-03-29,542.0,0.9617684827545718,542.0,86.0,86.0,2017-01,2017-03
NKOKUS7D,20.0,19,4,4,2017-01-03,2017-03-12,3479.0,0.9999999999907772,3479.0,68.0,68.0,2017-01,2017-03
NF6GCTMV,26.0,18,4,2,2017-01-03,2017-03-22,0.0,0.002497788553558805,0.0,78.0,78.0,2017-01,2017-03
I4UCA7CU,66.0,10,6,4,2017-01-03,2017-03-21,1012.0,0.9964951098116291,1012.0,77.0,77.0,2017-01,2017-03
EWDOBEM6,,26,3,1,2017-01-03,,0.0,0.9043110675333479,0.0,362.0,,2017-01,
1LI7ETNZ,17.0,30,6,4,2017-01-03,2017-03-06,990.0,0.9896280447681339,990.0,62.0,62.0,2017-01,2017-03
N36DEZBR,70.0,30,2,4,2017-01-03,2017-03-18,4374.0,0.9999999999999984,4374.0,74.0,74.0,2017-01,2017-03
77ZECYVJ,24.0,31,1,2,2017-01-03,2017-03-17,0.0,0.16234131995422352,0.0,73.0,73.0,2017-01,2017-03
IRB461Y7,77.0,31,6,4,2017-01-03,2017-03-30,1054.0,0.9907412778617182,1054.0,86.0,86.0,2017-01,2017-03
NM2Q3CGW,61.0,24,3,4,2017-01-03,2017-03-15,55.0,0.7838754193981655,55.0,71.0,71.0,2017-01,2017-03
OEEUEIPJ,26.0,12,3,2,2017-01-03,2017-03-05,0.0,0.4699749323510387,0.0,61.0,61.0,2017-01,2017-03
5E14LG51,40.0,22,6,4,2017-01-04,2017-03-25,1073.0,0.9963650486896326,1073.0,80.0,80.0,2017-01,2017-03
TIAGZQ54,28.0,2,4,2,2017-01-04,2017-03-20,0.0,0.003050058101318122,0.0,75.0,75.0,2017-01,2017-03
QM6VR1H5,,18,5,1,2017-01-04,,0.0,0.029104255242198337,0.0,361.0,,2017-01,
QR2BDRAI,,30,4,1,2017-01-04,,0.0,0.023925874683086282,0.0,361.0,,2017-01,
Z75ND4JF,,31,1,1,2017-01-04,,0.0,0.40272330745643015,0.0,361.0,,2017-01,
CRX91A45,22.0,31,1,4,2017-01-04,2017-03-16,586.0,0.960120408500897,586.0,71.0,71.0,2017-01,2017-03
ZOQ8RC86,73.0,7,2,4,2017-01-04,2017-05-05,4667.0,1.0,4667.0,121.0,121.0,2017-01,2017-05
SV4SOO2K,36.0,24,6,4,2017-01-04,2017-03-28,880.0,0.9730177983363367,880.0,83.0,83.0,2017-01,2017-03
ITHR5WLF,54.0,24,4,4,2017-01-04,2017-03-12,3676.0,0.9999999999985025,3676.0,67.0,67.0,2017-01,2017-03
CGWJ1WHI,,16,3,1,2017-01-04,,0.0,0.8947484121054065,0.0,361.0,,2017-01,
279625VN,25.0,1,4,2,2017-01-05,2017-03-25,0.0,0.00396421924929999,0.0,79.0,79.0,2017-01,2017-03
M16D8PYH,,18,5,1,2017-01-05,,0.0,0.028941117637841452,0.0,360.0,,2017-01,
RK52YU8S,73.0,10,2,2,2017-01-05,2017-03-09,0.0,0.004715896414496672,0.0,63.0,63.0,2017-01,2017-03
E8EY51IC,53.0,15,6,2,2017-01-05,2017-03-26,0.0,0.01025141065349095,0.0,80.0,80.0,2017-01,2017-03
HG07LMHI,73.0,6,2,4,2017-01-05,2017-03-19,4716.0,1.0,4716.0,73.0,73.0,2017-01,2017-03
VPXW8RJS,,32,4,1,2017-01-05,,0.0,0.026297819251308918,0.0,360.0,,2017-01,
85XNDIK1,6.0,31,1,2,2017-01-05,2017-03-30,0.0,0.10879370556507263,0.0,84.0,84.0,2017-01,2017-03
2U54WYQ1,32.0,24,2,4,2017-01-05,2017-03-23,4211.0,0.9999999999999944,4211.0,77.0,77.0,2017-01,2017-03
VCA1WAB0,25.0,1,4,2,2017-01-06,2017-03-21,0.0,0.003851553997213594,0.0,74.0,74.0,2017-01,2017-03
T7T1YIM7,,22,5,1,2017-01-06,,0.0,0.032970735429873554,0.0,359.0,,2017-01,
MXNVX2AM,11.0,10,2,2,2017-01-06,2017-03-18,0.0,0.003228523833607374,0.0,71.0,71.0,2017-01,2017-03
1G866GH4,72.0,10,3,4,2017-01-06,2017-03-17,56.0,0.6781592242459369,56.0,70.0,70.0,2017-01,2017-03
WDG0B1IR,60.0,8,3,2,2017-01-06,2017-03-23,0.0,0.6519275465487833,0.0,76.0,76.0,2017-01,2017-03
Q5CABPMO,25.0,8,3,4,2017-01-06,2017-03-23,44.0,0.5836787450732769,44.0,76.0,76.0,2017-01,2017-03
HHBA93J5,44.0,31,1,4,2017-01-06,2017-03-27,532.0,0.947693008675725,532.0,80.0,80.0,2017-01,2017-03
R0W6A9BG,73.0,4,1,2,2017-01-06,2017-05-10,0.0,0.10419546102535764,0.0,124.0,124.0,2017-01,2017-05
P5EGQ0HI,85.0,4,1,2,2017-01-06,2017-03-20,0.0,0.039363572841349975,0.0,73.0,73.0,2017-01,2017-03
L1EJIE5L,43.0,21,2,2,2017-01-06,2017-03-17,0.0,0.004389755347325682,0.0,70.0,70.0,2017-01,2017-03
S3XI6YB3,16.0,3,1,2,2017-01-06,2017-03-24,0.0,0.1322187360101237,0.0,77.0,77.0,2017-01,2017-03
BBC3JB3H,39.0,1,1,4,2017-01-07,2017-03-08,622.0,0.9718330301171848,622.0,60.0,60.0,2017-01,2017-03
4JHY98UG,,19,1,1,2017-01-07,,0.0,0.4034332842234606,0.0,358.0,,2017-01,
7XVLKX8G,9.0,2,5,2,2017-01-07,2017-03-05,0.0,0.007049085256569387,0.0,57.0,57.0,2017-01,2017-03
G39V1X3G,,13,3,1,2017-01-07,,0.0,0.8923366641098328,0.0,358.0,,2017-01,
OX4P78HP,78.0,13,6,4,2017-01-07,2017-03-16,1257.0,0.9988808975589699,1257.0,68.0,68.0,2017-01,2017-03
72LNJRY9,47.0,34,6,4,2017-01-07,2017-03-25,1135.0,0.9960443122269818,1135.0,77.0,77.0,2017-01,2017-03
8C2WG2FB,36.0,33,4,2,2017-01-07,2017-03-28,0.0,0.003091783918520592,0.0,80.0,80.0,2017-01,2017-03
L0345WKB,51.0,33,2,4,2017-01-07,2017-03-14,4313.0,0.9999999999999969,4313.0,66.0,66.0,2017-01,2017-03
S24L8LVR,15.0,1,5,4,2017-01-08,2017-03-18,5210.0,1.0,5210.0,69.0,69.0,2017-01,2017-03
JXWXEJXE,59.0,4,3,4,2017-01-08,2017-03-27,47.0,0.6686951404430148,47.0,78.0,78.0,2017-01,2017-03
W2JCRPLX,44.0,27,4,4,2017-01-08,2017-03-22,3220.0,0.9999999999199891,3220.0,73.0,73.0,2017-01,2017-03
EQCD7G7Q,37.0,25,1,1,2017-01-08,,0.0,0.32108591392951125,0.0,357.0,,2017-01,
1M2I2NXQ,20.0,14,3,4,2017-01-08,2017-03-26,47.0,0.5774609229016878,47.0,77.0,77.0,2017-01,2017-03
XYNTWPN1,60.0,12,3,1,2017-01-08,,0.0,0.9282876676658062,0.0,357.0,,2017-01,
54EGR0AD,80.0,12,3,4,2017-01-08,2017-03-25,63.0,0.7919022942548478,63.0,76.0,76.0,2017-01,2017-03
VT5Y73GX,3.0,1,3,4,2017-01-09,2017-03-15,56.0,0.7113531355586019,56.0,65.0,65.0,2017-01,2017-03
8O9V7UOZ,60.0,1,3,4,2017-01-09,2017-03-01,65.0,0.7994893920958016,65.0,51.0,51.0,2017-01,2017-03
GIIC5H9X,18.0,22,5,4,2017-01-09,2017-03-19,5743.0,1.0,5743.0,69.0,69.0,2017-01,2017-03
9WMU7YHD,49.0,19,3,4,2017-01-09,2017-03-03,53.0,0.657991757007654,53.0,53.0,53.0,2017-01,2017-03
8BQMFR86,2.0,13,5,4,2017-01-09,2017-03-30,4974.0,1.0,4974.0,80.0,80.0,2017-01,2017-03
DDCC6ZPK,52.0,20,4,4,2017-01-09,2017-03-25,3892.0,0.9999999999998488,3892.0,75.0,75.0,2017-01,2017-03
YMGWLEHY,2.0,15,2,4,2017-01-09,2017-03-21,3822.0,0.9999999999996929,3822.0,71.0,71.0,2017-01,2017-03
FKS9MVF6,38.0,6,1,4,2017-01-09,2017-03-02,504.0,0.9199622664667215,504.0,52.0,52.0,2017-01,2017-03
6Q67ZUJ1,,34,3,1,2017-01-09,,0.0,0.8719524992272101,0.0,356.0,,2017-01,
HF8ABDF6,77.0,25,4,4,2017-01-09,2017-03-29,3145.0,0.9999999997344629,3145.0,79.0,79.0,2017-01,2017-03
Y6UBZM6P,,24,5,1,2017-01-09,,0.0,0.029883463963417033,0.0,356.0,,2017-01,
SIRC44NM,24.0,24,1,4,2017-01-09,2017-03-27,564.0,0.9698885598593288,564.0,77.0,77.0,2017-01,2017-03
7S6SHJJG,21.0,33,6,4,2017-01-09,2017-03-14,1117.0,0.9940103177776115,1117.0,64.0,64.0,2017-01,2017-03
ZE84UHHB,38.0,1,3,4,2017-01-10,2017-03-26,59.0,0.7404863206949452,59.0,75.0,75.0,2017-01,2017-03
2R3ZA84D,23.0,10,3,4,2017-01-10,2017-03-28,52.0,0.6465361047988144,52.0,77.0,77.0,2017-01,2017-03
LTTYTAXA,42.0,20,2,4,2017-01-10,2017-03-24,4694.0,0.9999999999999998,4694.0,73.0,73.0,2017-01,2017-03
RIW4VWBW,,26,5,1,2017-01-10,,0.0,0.03748697740869349,0.0,355.0,,2017-01,
ZWFPD71J,55.0,32,2,4,2017-01-10,2017-03-06,5620.0,1.0,5620.0,55.0,55.0,2017-01,2017-03
T5C527Z9,64.0,31,6,4,2017-01-10,2017-03-08,1095.0,0.9963666712845479,1095.0,57.0,57.0,2017-01,2017-03
XC4LTIEO,13.0,4,1,2,2017-01-10,2017-05-02,0.0,0.09447301340133439,0.0,112.0,112.0,2017-01,2017-05
AEBF9M5T,59.0,4,1,4,2017-01-10,2017-03-30,489.0,0.909399102359696,489.0,79.0,79.0,2017-01,2017-03
DWUD4S0P,,27,1,1,2017-01-10,,0.0,0.31008957929174963,0.0,355.0,,2017-01,
MCE5DKD1,4.0,27,3,1,2017-01-10,,0.0,0.8419004258018488,0.0,355.0,,2017-01,
EV46ES18,31.0,27,5,4,2017-01-10,2017-03-16,5908.0,1.0,5908.0,65.0,65.0,2017-01,2017-03
ID3IJHUS,77.0,27,4,4,2017-01-10,2017-03-11,3820.0,0.9999999999992084,3820.0,60.0,60.0,2017-01,2017-03
YBJ72HKE,36.0,34,6,2,2017-01-10,2017-03-12,0.0,0.010848917763678769,0.0,61.0,61.0,2017-01,2017-03
RW39Y63V,,24,2,1,2017-01-10,,0.0,0.022953618053602635,0.0,355.0,,2017-01,
5DEO8EDS,58.0,24,1,4,2017-01-10,2017-03-20,581.0,0.9714019233582561,581.0,69.0,69.0,2017-01,2017-03
8LW65NDL,,12,5,1,2017-01-10,,0.0,0.033074937116544634,0.0,355.0,,2017-01,
CJ2ON1LV,50.0,13,2,1,2017-01-11,,0.0,0.026818890854292562,0.0,354.0,,2017-01,
4I8X7EMW,,13,2,1,2017-01-11,,0.0,0.02596793471695466,0.0,354.0,,2017-01,
WPXAMXD2,25.0,10,5,2,2017-01-11,2017-03-10,0.0,0.004109621888881314,0.0,58.0,58.0,2017-01,2017-03
A4BBDK82,30.0,6,1,4,2017-01-11,2017-03-28,585.0,0.9765414942518608,585.0,76.0,76.0,2017-01,2017-03
LMOAYCUK,55.0,32,6,1,2017-01-11,,0.0,0.055360009630721956,0.0,354.0,,2017-01,
4XCJP60W,50.0,32,1,4,2017-01-11,2017-05-06,572.0,0.9670511561781763,572.0,115.0,115.0,2017-01,2017-05
CDKX2A19,85.0,4,4,4,2017-01-11,2017-03-12,3669.0,0.9999999999962903,3669.0,60.0,60.0,2017-01,2017-03
344I60EI,31.0,27,6,4,2017-01-11,2017-03-16,1091.0,0.9924783756278998,1091.0,64.0,64.0,2017-01,2017-03
YI30GSB5,57.0,7,6,2,2017-01-11,2017-03-31,0.0,0.024514541848948808,0.0,79.0,79.0,2017-01,2017-03
0IYQX303,18.0,21,2,4,2017-01-11,2017-03-17,4905.0,1.0,4905.0,65.0,65.0,2017-01,2017-03
6IMUQYMN,75.0,13,1,4,2017-01-12,2017-03-10,540.0,0.9442269320096968,540.0,57.0,57.0,2017-01,2017-03
N9GAZ6B6,85.0,8,3,4,2017-01-12,2017-03-20,49.0,0.46520412985731496,49.0,67.0,67.0,2017-01,2017-03
8O3IYWSM,29.0,6,1,4,2017-01-12,2017-05-17,513.0,0.9213877518946109,513.0,125.0,125.0,2017-01,2017-05
R3OR0J5C,30.0,4,3,4,2017-01-12,2017-03-30,54.0,0.7002276970525247,54.0,77.0,77.0,2017-01,2017-03
VCSHYIU8,,34,6,1,2017-01-12,,0.0,0.06146720060187063,0.0,353.0,,2017-01,
0I6U3MQ6,25.0,12,1,1,2017-01-12,,0.0,0.371274003375376,0.0,353.0,,2017-01,
RXV4UXRE,80.0,12,3,4,2017-01-12,2017-03-23,56.0,0.7753397219914875,56.0,70.0,70.0,2017-01,2017-03
5AKGNKX1,45.0,1,3,4,2017-01-13,2017-03-16,58.0,0.715940844851019,58.0,62.0,62.0,2017-01,2017-03
KNLMLTJH,73.0,1,3,4,2017-01-13,2017-03-27,58.0,0.7570149278393972,58.0,73.0,73.0,2017-01,2017-03
WRUG19FZ,75.0,26,4,1,2017-01-13,,0.0,0.028200185397136254,0.0,352.0,,2017-01,
UQQE9ILV,40.0,30,2,1,2017-01-13,,0.0,0.03074858802615103,0.0,352.0,,2017-01,
G9GH5KV5,50.0,32,2,4,2017-01-13,2017-03-21,4453.0,0.9999999999999991,4453.0,67.0,67.0,2017-01,2017-03
H06UZJH8,55.0,31,3,2,2017-01-13,2017-05-08,0.0,0.5005703724042492,0.0,115.0,115.0,2017-01,2017-05
K1RXVUG9,50.0,31,1,4,2017-01-13,2017-03-14,619.0,0.9667377639393202,619.0,60.0,60.0,2017-01,2017-03
1QT3STIA,77.0,34,5,4,2017-01-13,2017-05-14,5163.0,1.0,5163.0,121.0,121.0,2017-01,2017-05
070M5M6X,33.0,34,2,4,2017-01-13,2017-03-25,4071.0,0.9999999999999696,4071.0,71.0,71.0,2017-01,2017-03
DFTR2O9K,18.0,21,3,4,2017-01-13,2017-05-08,56.0,0.8540507984856878,56.0,115.0,115.0,2017-01,2017-05
W8CXDBQN,,24,3,1,2017-01-13,,0.0,0.8752102807880237,0.0,352.0,,2017-01,
S9MECO24,69.0,12,4,2,2017-01-13,2017-03-31,0.0,0.004072403059343875,0.0,77.0,77.0,2017-01,2017-03
EJSFO67U,84.0,20,2,4,2017-01-14,2017-03-29,4375.0,0.9999999999999982,4375.0,74.0,74.0,2017-01,2017-03
VKT0UN11,11.0,30,4,1,2017-01-14,,0.0,0.017447757125593013,0.0,351.0,,2017-01,
SKTD4GGU,31.0,32,1,4,2017-01-14,2017-03-28,610.0,0.9688209982848497,610.0,73.0,73.0,2017-01,2017-03
JIACLB24,62.0,24,1,1,2017-01-14,,0.0,0.3622064904967603,0.0,351.0,,2017-01,
SNAPG5KC,35.0,24,4,2,2017-01-14,2017-05-05,0.0,0.0038567198776842393,0.0,111.0,111.0,2017-01,2017-05
561707V4,77.0,24,2,4,2017-01-14,2017-03-17,4554.0,0.9999999999999993,4554.0,62.0,62.0,2017-01,2017-03
J28ZRO9G,44.0,16,4,4,2017-01-14,2017-05-18,2880.0,0.9999999991742452,2880.0,124.0,124.0,2017-01,2017-05
5VYJCJAE,83.0,13,5,1,2017-01-15,,0.0,0.0418752835966616,0.0,350.0,,2017-01,
BTUG5VDL,38.0,13,2,1,2017-01-15,,0.0,0.026753998623037744,0.0,350.0,,2017-01,
KZ8Q0AFX,37.0,13,6,2,2017-01-15,2017-05-02,0.0,0.01383241153134238,0.0,107.0,107.0,2017-01,2017-05
CT3HBBI2,49.0,28,3,1,2017-01-15,,0.0,0.8754157409473763,0.0,350.0,,2017-01,
AOOFHH6F,61.0,27,3,4,2017-01-15,2017-05-18,60.0,0.7598216527344162,60.0,123.0,123.0,2017-01,2017-05
5U9Y1P87,12.0,34,1,4,2017-01-15,2017-03-21,688.0,0.9870184631573634,688.0,65.0,65.0,2017-01,2017-03
J0Y91LUA,32.0,34,5,4,2017-01-15,2017-03-22,6142.0,1.0,6142.0,66.0,66.0,2017-01,2017-03
YBRZQFEO,33.0,34,2,4,2017-01-15,2017-03-31,4939.0,1.0,4939.0,75.0,75.0,2017-01,2017-03
PHR8KB1Y,76.0,9,5,4,2017-01-15,2017-05-15,6270.0,1.0,6270.0,120.0,120.0,2017-01,2017-05
GR2X90DZ,,24,1,1,2017-01-15,,0.0,0.39114706605363037,0.0,350.0,,2017-01,
TBZMXKH4,1.0,16,4,4,2017-01-15,2017-03-29,3833.0,0.9999999999995934,3833.0,73.0,73.0,2017-01,2017-03
WNXZ1FGS,8.0,18,6,2,2017-01-16,2017-03-28,0.0,0.016854116980916264,0.0,71.0,71.0,2017-01,2017-03
S3W6Q07M,1.0,32,5,1,2017-01-16,,0.0,0.020683428643582996,0.0,349.0,,2017-01,
K64TY8LU,,34,3,1,2017-01-16,,0.0,0.8673593981125792,0.0,349.0,,2017-01,
6389JY2H,36.0,5,3,4,2017-01-16,2017-06-02,57.0,0.7102069608468037,57.0,137.0,137.0,2017-01,2017-06
SZ81H1PM,9.0,3,3,4,2017-01-16,2017-03-17,47.0,0.7379644942723121,47.0,60.0,60.0,2017-01,2017-03
M842E8JB,20.0,12,3,2,2017-01-16,2017-03-13,0.0,0.4859160320689764,0.0,56.0,56.0,2017-01,2017-03
JRJ7DBW5,56.0,18,4,2,2017-01-17,2017-03-19,0.0,0.0040929375377298195,0.0,61.0,61.0,2017-01,2017-03
N9C0OCYY,38.0,8,3,4,2017-01-17,2017-05-04,57.0,0.690772569741391,57.0,107.0,107.0,2017-01,2017-05
0OESOJNN,76.0,30,6,1,2017-01-17,,0.0,0.08607560044249234,0.0,348.0,,2017-01,
R7XZAIWS,28.0,6,4,4,2017-01-17,2017-03-14,3257.0,0.9999999999315121,3257.0,56.0,56.0,2017-01,2017-03
FFO5WOHT,70.0,32,1,4,2017-01-17,2017-05-08,511.0,0.9447617194873376,511.0,111.0,111.0,2017-01,2017-05
XHHJ48MJ,79.0,32,1,4,2017-01-17,2017-03-14,607.0,0.9702701816435598,607.0,56.0,56.0,2017-01,2017-03
YAR5GGA4,10.0,27,5,4,2017-01-17,2017-03-29,5120.0,1.0,5120.0,71.0,71.0,2017-01,2017-03
NOVPMLOV,36.0,9,6,4,2017-01-17,2017-03-23,1343.0,0.9993578582114808,1343.0,65.0,65.0,2017-01,2017-03
UPHN2I1Q,60.0,9,3,4,2017-01-17,2017-05-14,55.0,0.7437585958930052,55.0,117.0,117.0,2017-01,2017-05
NN9R2Y4W,22.0,24,3,4,2017-01-17,2017-03-30,49.0,0.6790208665505028,49.0,72.0,72.0,2017-01,2017-03
977FJ9QQ,71.0,22,1,2,2017-01-18,2017-03-29,0.0,0.10052332965143058,0.0,70.0,70.0,2017-01,2017-03
DZ57QIQN,,18,5,1,2017-01-18,,0.0,0.026899448727863446,0.0,347.0,,2017-01,
A6Y1V5Z0,84.0,15,2,4,2017-01-18,2017-06-04,4426.0,0.9999999999999993,4426.0,137.0,137.0,2017-01,2017-06
NU8LWEWU,34.0,30,5,4,2017-01-18,2017-05-03,5264.0,1.0,5264.0,105.0,105.0,2017-01,2017-05
PFHS80CR,13.0,6,2,2,2017-01-18,2017-05-20,0.0,0.006351638928058112,0.0,122.0,122.0,2017-01,2017-05
OZ5S8NCK,,31,2,1,2017-01-18,,0.0,0.02161134872121735,0.0,347.0,,2017-01,
904203D6,19.0,5,3,4,2017-01-18,2017-03-29,59.0,0.7552173410999397,59.0,70.0,70.0,2017-01,2017-03
Z0TSV030,53.0,15,1,4,2017-01-19,2017-03-30,617.0,0.9597551525632292,617.0,70.0,70.0,2017-01,2017-03
8C4QM1X6,11.0,8,1,4,2017-01-19,2017-06-04,565.0,0.9425226193958114,565.0,136.0,136.0,2017-01,2017-06
NOPI41RP,65.0,30,1,4,2017-01-19,2017-03-01,511.0,0.924355224074551,511.0,41.0,41.0,2017-01,2017-03
2536CW3V,58.0,32,6,2,2017-01-19,2017-05-08,0.0,0.026089820304480184,0.0,109.0,109.0,2017-01,2017-05
AC5YXLIR,22.0,31,3,4,2017-01-19,2017-03-30,60.0,0.6945239285105419,60.0,70.0,70.0,2017-01,2017-03
HSGJKH6U,54.0,31,4,4,2017-01-19,2017-03-29,3407.0,0.99999999998309,3407.0,69.0,69.0,2017-01,2017-03
4TZF9N1D,77.0,31,4,4,2017-01-19,2017-03-28,3273.0,0.9999999999284128,3273.0,68.0,68.0,2017-01,2017-03
HNKZ2IC6,79.0,27,6,2,2017-01-19,2017-03-26,0.0,0.008594414858441384,0.0,66.0,66.0,2017-01,2017-03
BB6TCH8B,70.0,27,3,2,2017-01-19,2017-05-05,0.0,0.5023916533563123,0.0,106.0,106.0,2017-01,2017-05
IMTPZV7J,30.0,5,4,4,2017-01-19,2017-05-01,3363.0,0.9999999999881677,3363.0,102.0,102.0,2017-01,2017-05
A4JROIDO,,24,3,1,2017-01-19,,0.0,0.8713669836161423,0.0,346.0,,2017-01,
6NXY7144,77.0,24,1,4,2017-01-19,2017-03-31,365.0,0.6570044926783087,365.0,71.0,71.0,2017-01,2017-03
KBKHKULU,47.0,33,5,4,2017-01-19,2017-03-18,4869.0,1.0,4869.0,58.0,58.0,2017-01,2017-03
INMJIFTF,52.0,13,1,4,2017-01-20,2017-06-06,599.0,0.9810126995975215,599.0,137.0,137.0,2017-01,2017-06
FUVQ5UKB,44.0,18,4,4,2017-01-20,2017-05-20,3194.0,0.999999999939017,3194.0,120.0,120.0,2017-01,2017-05
O462ARMZ,12.0,15,5,4,2017-01-20,2017-06-05,5429.0,1.0,5429.0,136.0,136.0,2017-01,2017-06
6DCKCXDC,36.0,6,2,4,2017-01-20,2017-05-05,5008.0,1.0,5008.0,105.0,105.0,2017-01,2017-05
QVF0JRM5,16.0,6,4,4,2017-01-20,2017-03-28,3459.0,0.9999999999928768,3459.0,67.0,67.0,2017-01,2017-03
7QGG2LO3,77.0,31,2,2,2017-01-20,2017-05-25,0.0,0.0031070430319797603,0.0,125.0,125.0,2017-01,2017-05
Y6HNPIIT,36.0,31,2,4,2017-01-20,2017-03-07,4559.0,0.9999999999999996,4559.0,46.0,46.0,2017-01,2017-03
IBKRO1AN,46.0,31,2,4,2017-01-20,2017-03-28,4221.0,0.999999999999992,4221.0,67.0,67.0,2017-01,2017-03
3TDWLPMV,76.0,4,4,2,2017-01-20,2017-03-11,0.0,0.0029550674999605803,0.0,50.0,50.0,2017-01,2017-03
JN1ZFD18,16.0,4,3,4,2017-01-20,2017-03-06,56.0,0.5585383947785383,56.0,45.0,45.0,2017-01,2017-03
ZE7ILYKB,50.0,27,2,4,2017-01-20,2017-05-03,5508.0,1.0,5508.0,103.0,103.0,2017-01,2017-05
SRFVQ0HG,11.0,5,6,2,2017-01-20,2017-03-24,0.0,0.008233430761071346,0.0,63.0,63.0,2017-01,2017-03
D7H1EGS9,47.0,33,1,2,2017-01-20,2017-03-20,0.0,0.06073655044198119,0.0,59.0,59.0,2017-01,2017-03
1DDW2GQW,9.0,1,4,2,2017-01-21,2017-03-09,0.0,0.005174711569651689,0.0,47.0,47.0,2017-01,2017-03
PMEENWD5,29.0,13,2,1,2017-01-21,,0.0,0.017702484827603508,0.0,344.0,,2017-01,
WPGTHV8V,59.0,10,1,4,2017-01-21,2017-03-19,657.0,0.9834393194029624,657.0,57.0,57.0,2017-01,2017-03
Z1WLLL1H,,32,1,1,2017-01-21,,0.0,0.4300371068253778,0.0,344.0,,2017-01,
6GNJMYMO,41.0,32,2,2,2017-01-21,2017-05-05,0.0,0.005036584479763133,0.0,104.0,104.0,2017-01,2017-05
GWAT8UWK,62.0,4,1,4,2017-01-21,2017-03-25,638.0,0.954399978144152,638.0,63.0,63.0,2017-01,2017-03
ETZKANFZ,,27,1,1,2017-01-21,,0.0,0.2966335948337665,0.0,344.0,,2017-01,
IZD69C5Q,3.0,7,3,4,2017-01-21,2017-06-06,41.0,0.7425486311130597,41.0,136.0,136.0,2017-01,2017-06
QFU565JJ,37.0,14,5,4,2017-01-21,2017-05-07,5582.0,1.0,5582.0,106.0,106.0,2017-01,2017-05
Z5BCBTAO,45.0,3,3,4,2017-01-21,2017-05-20,60.0,0.7632501369435651,60.0,119.0,119.0,2017-01,2017-05
2KKRRM1G,79.0,33,6,4,2017-01-21,2017-05-03,1036.0,0.9920006024681984,1036.0,102.0,102.0,2017-01,2017-05
RLUGVSNV,25.0,10,6,4,2017-01-22,2017-05-12,943.0,0.9824212993461869,943.0,110.0,110.0,2017-01,2017-05
ZKSJ1DOK,42.0,28,1,4,2017-01-22,2017-06-07,581.0,0.9570291494217288,581.0,136.0,136.0,2017-01,2017-06
K8RQWTP4,11.0,6,3,2,2017-01-22,2017-05-15,0.0,0.5557789427987768,0.0,113.0,113.0,2017-01,2017-05
RSZC6BMW,72.0,5,1,4,2017-01-22,2017-05-07,538.0,0.9374722726872023,538.0,105.0,105.0,2017-01,2017-05
O7YNBRX0,18.0,21,6,4,2017-01-22,2017-03-28,1100.0,0.9982399906740776,1100.0,65.0,65.0,2017-01,2017-03
PK1PS0KR,,14,4,1,2017-01-22,,0.0,0.018510012627407806,0.0,343.0,,2017-01,
AAYV8GV4,38.0,1,4,2,2017-01-23,2017-05-05,0.0,0.00535733434448533,0.0,102.0,102.0,2017-01,2017-05
EDEBWIOX,23.0,2,4,2,2017-01-23,2017-05-28,0.0,0.004547401011698259,0.0,125.0,125.0,2017-01,2017-05
VAH6Y3F6,36.0,6,6,4,2017-01-23,2017-05-17,1039.0,0.994601161490953,1039.0,114.0,114.0,2017-01,2017-05
4U431MNA,15.0,4,3,2,2017-01-23,2017-05-11,0.0,0.46738235485930063,0.0,108.0,108.0,2017-01,2017-05
5HKAT5GS,74.0,21,6,4,2017-01-23,2017-05-10,1076.0,0.9954485347473335,1076.0,107.0,107.0,2017-01,2017-05
F5VDTC4M,44.0,25,3,2,2017-01-23,2017-05-06,0.0,0.5750885096708883,0.0,103.0,103.0,2017-01,2017-05
UO4KXDBC,58.0,25,3,2,2017-01-23,2017-05-23,0.0,0.6540821752785673,0.0,120.0,120.0,2017-01,2017-05
TBIW957T,60.0,3,3,4,2017-01-23,2017-03-16,53.0,0.7817130768312165,53.0,52.0,52.0,2017-01,2017-03
MSEIIH95,67.0,3,4,4,2017-01-23,2017-03-23,3046.0,0.9999999995530988,3046.0,59.0,59.0,2017-01,2017-03
RPONINLM,,24,6,1,2017-01-23,,0.0,0.06083435977170441,0.0,342.0,,2017-01,
V4324HG4,1.0,12,3,2,2017-01-23,2017-05-06,0.0,0.472870464917101,0.0,103.0,103.0,2017-01,2017-05
N852D2Z8,61.0,33,1,2,2017-01-23,2017-03-30,0.0,0.13407045572105636,0.0,66.0,66.0,2017-01,2017-03
CF1CSNPX,42.0,18,2,4,2017-01-24,2017-03-31,5140.0,1.0,5140.0,66.0,66.0,2017-01,2017-03
NOXNFJ2L,76.0,10,6,4,2017-01-24,2017-05-17,1067.0,0.9963718623416478,1067.0,113.0,113.0,2017-01,2017-05
F569KUVC,,32,1,1,2017-01-24,,0.0,0.4257855891324921,0.0,341.0,,2017-01,
PKDJTR06,35.0,32,6,1,2017-01-24,,0.0,0.06541035335833571,0.0,341.0,,2017-01,
VYPYVO8V,,24,1,1,2017-01-24,,0.0,0.37881176625832397,0.0,341.0,,2017-01,
3LJAJVHR,53.0,19,2,2,2017-01-25,2017-05-29,0.0,0.0038975492911471083,0.0,124.0,124.0,2017-01,2017-05
NN6CSUWT,81.0,18,6,4,2017-01-25,2017-03-21,1065.0,0.9922953335992823,1065.0,55.0,55.0,2017-01,2017-03
X69POZIN,47.0,31,1,4,2017-01-25,2017-05-06,481.0,0.8778127606447401,481.0,101.0,101.0,2017-01,2017-05
4FAEDB16,41.0,27,1,2,2017-01-25,2017-05-22,0.0,0.07908170920867093,0.0,117.0,117.0,2017-01,2017-05
CPGCT81C,14.0,34,1,4,2017-01-25,2017-03-06,499.0,0.9410644289122658,499.0,40.0,40.0,2017-01,2017-03
TK9T01QM,1.0,21,2,2,2017-01-25,2017-05-07,0.0,0.003690588422496444,0.0,102.0,102.0,2017-01,2017-05
P13DDOTM,5.0,14,3,4,2017-01-25,2017-03-08,59.0,0.6488202462332749,59.0,42.0,42.0,2017-01,2017-03
1PN7TVPX,36.0,24,3,2,2017-01-25,2017-05-01,0.0,0.5677586796608967,0.0,96.0,96.0,2017-01,2017-05
9ZKORPL2,37.0,12,3,4,2017-01-25,2017-05-09,45.0,0.6738802317675521,45.0,104.0,104.0,2017-01,2017-05
1D54L027,,16,4,1,2017-01-25,,0.0,0.022255151358155183,0.0,340.0,,2017-01,
1ZCOKNNI,65.0,33,2,4,2017-01-25,2017-05-14,5743.0,1.0,5743.0,109.0,109.0,2017-01,2017-05
BVYMJ6TD,75.0,19,5,4,2017-01-26,2017-05-13,6117.0,1.0,6117.0,107.0,107.0,2017-01,2017-05
W5ADQ9SH,16.0,10,2,2,2017-01-26,2017-05-26,0.0,0.005200262837982034,0.0,120.0,120.0,2017-01,2017-05
VXX8GJGY,71.0,20,6,4,2017-01-26,2017-03-19,1158.0,0.9959567955189959,1158.0,52.0,52.0,2017-01,2017-03
ES9L0DXE,43.0,15,3,4,2017-01-26,2017-05-22,59.0,0.6675154580839029,59.0,116.0,116.0,2017-01,2017-05
AANB25RH,14.0,32,6,2,2017-01-26,2017-05-24,0.0,0.033434719678032354,0.0,118.0,118.0,2017-01,2017-05
36PTGLTW,77.0,34,4,4,2017-01-26,2017-03-24,3106.0,0.9999999996441338,3106.0,57.0,57.0,2017-01,2017-03
6WTNSL1T,51.0,25,4,4,2017-01-26,2017-03-19,2982.0,0.9999999994364714,2982.0,52.0,52.0,2017-01,2017-03
PV1DISEC,36.0,33,5,4,2017-01-26,2017-03-16,6101.0,1.0,6101.0,49.0,49.0,2017-01,2017-03
S6BG03TB,73.0,1,5,4,2017-01-27,2017-05-08,5883.0,1.0,5883.0,101.0,101.0,2017-01,2017-05
2YOW2BI0,78.0,13,5,4,2017-01-27,2017-05-22,5051.0,1.0,5051.0,115.0,115.0,2017-01,2017-05
IQ9KYZCG,67.0,10,6,4,2017-01-27,2017-05-11,1155.0,0.9965476902694967,1155.0,104.0,104.0,2017-01,2017-05
AWDOKG69,7.0,15,1,2,2017-01-27,2017-05-10,0.0,0.10099346125014441,0.0,103.0,103.0,2017-01,2017-05
C4AFMVFM,10.0,30,5,4,2017-01-27,2017-03-06,5616.0,1.0,5616.0,38.0,38.0,2017-01,2017-03
WK6ERCGR,31.0,30,5,4,2017-01-27,2017-06-06,5116.0,1.0,5116.0,130.0,130.0,2017-01,2017-06
64DJ954O,12.0,31,6,4,2017-01-27,2017-03-30,1136.0,0.9978369667247514,1136.0,62.0,62.0,2017-01,2017-03
84V18DBW,23.0,1,6,4,2017-01-28,2017-06-01,1216.0,0.9988537455618721,1216.0,124.0,124.0,2017-01,2017-06
WFY0S4WW,36.0,1,6,4,2017-01-28,2017-05-02,1089.0,0.9964913600254603,1089.0,94.0,94.0,2017-01,2017-05
HA1KXAIS,12.0,19,4,4,2017-01-28,2017-06-04,3908.0,0.9999999999999196,3908.0,127.0,127.0,2017-01,2017-06
CENVLTFH,72.0,13,6,1,2017-01-28,,0.0,0.06695007693556174,0.0,337.0,,2017-01,
EAYD98X2,19.0,10,2,2,2017-01-28,2017-05-27,0.0,0.007912000236338087,0.0,119.0,119.0,2017-01,2017-05
YR4W59KS,23.0,10,2,2,2017-01-28,2017-05-18,0.0,0.004128045529717611,0.0,110.0,110.0,2017-01,2017-05
SNFW1FD7,68.0,10,4,4,2017-01-28,2017-05-07,3369.0,0.9999999999867539,3369.0,99.0,99.0,2017-01,2017-05
4NGSQODD,6.0,30,2,1,2017-01-28,,0.0,0.022503108629091474,0.0,337.0,,2017-01,
2EOF1QCY,41.0,30,5,4,2017-01-28,2017-05-20,5259.0,1.0,5259.0,112.0,112.0,2017-01,2017-05
5BE27MLY,,34,2,1,2017-01-28,,0.0,0.019686902282529083,0.0,337.0,,2017-01,
O5O4ZAAC,79.0,34,6,2,2017-01-28,2017-05-08,0.0,0.013200042530073893,0.0,100.0,100.0,2017-01,2017-05
YBAKNQ8Z,8.0,21,4,2,2017-01-28,2017-03-30,0.0,0.0073956449746341415,0.0,61.0,61.0,2017-01,2017-03
N5UIZYIV,45.0,33,3,1,2017-01-28,,0.0,0.8353036286152347,0.0,337.0,,2017-01,
QY6HCHDH,12.0,1,3,4,2017-01-29,2017-05-25,52.0,0.8107430748620179,52.0,116.0,116.0,2017-01,2017-05
CZ3XOD03,1.0,22,5,4,2017-01-29,2017-05-11,5772.0,1.0,5772.0,102.0,102.0,2017-01,2017-05
LQ44KCMI,74.0,19,2,2,2017-01-29,2017-03-13,0.0,0.0024845556755933767,0.0,43.0,43.0,2017-01,2017-03
WVJBVA61,16.0,2,4,4,2017-01-29,2017-03-21,3496.0,0.9999999999944078,3496.0,51.0,51.0,2017-01,2017-03
MV9AO6WU,24.0,28,4,4,2017-01-29,2017-03-12,3602.0,0.9999999999983717,3602.0,42.0,42.0,2017-01,2017-03
VS2G74XQ,80.0,15,3,4,2017-01-29,2017-03-09,57.0,0.7320091426528609,57.0,39.0,39.0,2017-01,2017-03
Q37IWCG1,25.0,8,3,4,2017-01-29,2017-05-11,51.0,0.6117876738373704,51.0,102.0,102.0,2017-01,2017-05
CUR03RXO,65.0,26,4,4,2017-01-29,2017-06-14,3689.0,0.9999999999994496,3689.0,136.0,136.0,2017-01,2017-06
81APSLDP,77.0,30,6,4,2017-01-29,2017-05-03,1170.0,0.9969037795452033,1170.0,94.0,94.0,2017-01,2017-05
RBXWRHBJ,60.0,6,1,2,2017-01-29,2017-03-06,0.0,0.14603049011190788,0.0,36.0,36.0,2017-01,2017-03
G2GU9DYX,57.0,6,2,4,2017-01-29,2017-05-06,4736.0,1.0,4736.0,97.0,97.0,2017-01,2017-05
KBR253C0,,32,4,1,2017-01-29,,0.0,0.02296486771647771,0.0,336.0,,2017-01,
379DUF2N,,27,1,1,2017-01-29,,0.0,0.28706270475832696,0.0,336.0,,2017-01,
67IKZGGJ,,34,6,1,2017-01-29,,0.0,0.056028884433868935,0.0,336.0,,2017-01,
05DTWSVC,28.0,9,3,2,2017-01-29,2017-05-05,0.0,0.4063190543057273,0.0,96.0,96.0,2017-01,2017-05
2YQHHWJ3,85.0,3,3,2,2017-01-29,2017-05-22,0.0,0.47493426636245484,0.0,113.0,113.0,2017-01,2017-05
ZW58VIDI,35.0,24,3,4,2017-01-29,2017-05-25,64.0,0.7009905030378816,64.0,116.0,116.0,2017-01,2017-05
Q7IIF1IP,41.0,24,3,4,2017-01-29,2017-06-05,55.0,0.6930669611948277,55.0,127.0,127.0,2017-01,2017-06
AALARPLH,32.0,24,4,4,2017-01-29,2017-03-13,2970.0,0.9999999994882758,2970.0,43.0,43.0,2017-01,2017-03
8YIANRVX,,33,2,1,2017-01-29,,0.0,0.016106176448113727,0.0,336.0,,2017-01,
5FFY13G5,62.0,2,3,2,2017-01-30,2017-05-19,0.0,0.5836890973142768,0.0,109.0,109.0,2017-01,2017-05
01X8H9SO,8.0,13,2,4,2017-01-30,2017-05-13,5035.0,1.0,5035.0,103.0,103.0,2017-01,2017-05
VLADQZ43,16.0,10,2,2,2017-01-30,2017-05-31,0.0,0.005230296896939386,0.0,121.0,121.0,2017-01,2017-05
N9VYMV3W,25.0,10,2,4,2017-01-30,2017-03-10,4774.0,1.0,4774.0,39.0,39.0,2017-01,2017-03
A7SA2L21,,28,7,1,2017-01-30,,0.0,0.08190416071697522,0.0,335.0,,2017-01,
2FTB6A7I,42.0,30,5,4,2017-01-30,2017-05-16,5390.0,1.0,5390.0,106.0,106.0,2017-01,2017-05
7V9A9TXZ,11.0,7,6,4,2017-01-30,2017-06-06,1190.0,0.9984409865452567,1190.0,127.0,127.0,2017-01,2017-06
HWDRCUYU,3.0,5,5,4,2017-01-30,2017-05-14,5755.0,1.0,5755.0,104.0,104.0,2017-01,2017-05
GFV4W89I,61.0,25,2,4,2017-01-30,2017-06-13,4933.0,1.0,4933.0,134.0,134.0,2017-01,2017-06
7A4AC5BC,59.0,3,4,4,2017-01-30,2017-06-04,3642.0,0.9999999999992772,3642.0,125.0,125.0,2017-01,2017-06
3B6HWK65,6.0,24,3,2,2017-01-30,2017-05-07,0.0,0.5670048768065936,0.0,97.0,97.0,2017-01,2017-05
A3BK99P6,42.0,19,4,4,2017-01-31,2017-03-17,2923.0,0.9999999986391137,2923.0,45.0,45.0,2017-01,2017-03
9W7PFSNX,,13,1,1,2017-01-31,,0.0,0.4006272376655085,0.0,334.0,,2017-01,
XYLNH45V,81.0,18,6,1,2017-01-31,,0.0,0.04685703927733069,0.0,334.0,,2017-01,
GVBWTDI3,,18,6,1,2017-01-31,,0.0,0.05523607835750922,0.0,334.0,,2017-01,
NY21X16G,85.0,10,2,4,2017-01-31,2017-03-10,5035.0,1.0,5035.0,38.0,38.0,2017-01,2017-03
O5BC64NW,83.0,34,2,2,2017-01-31,2017-05-26,0.0,0.005858915281098512,0.0,115.0,115.0,2017-01,2017-05
4DW2FDX4,15.0,3,3,4,2017-01-31,2017-05-20,54.0,0.7194361374920394,54.0,109.0,109.0,2017-01,2017-05
A66X4Q2J,45.0,3,3,4,2017-01-31,2017-05-01,54.0,0.7208561667132927,54.0,90.0,90.0,2017-01,2017-05
VFEV5XBS,,12,6,1,2017-01-31,,0.0,0.06460997103436415,0.0,334.0,,2017-01,
IT9YW5RP,37.0,16,1,4,2017-01-31,2017-05-26,592.0,0.9665010327109755,592.0,115.0,115.0,2017-01,2017-05
7IZ2GMYK,72.0,10,1,4,2017-02-01,2017-05-16,640.0,0.9777593917007529,640.0,104.0,104.0,2017-02,2017-05
TTY0X4TG,19.0,10,2,4,2017-02-01,2017-05-05,5127.0,1.0,5127.0,93.0,93.0,2017-02,2017-05
L8D22SSW,3.0,10,4,4,2017-02-01,2017-06-17,3822.0,0.9999999999997748,3822.0,136.0,136.0,2017-02,2017-06
ZDDZ64A2,19.0,8,4,2,2017-02-01,2017-06-17,0.0,0.007192470271555716,0.0,136.0,136.0,2017-02,2017-06
RDJFZGM9,6.0,32,3,2,2017-02-01,2017-06-13,0.0,0.6640376570858573,0.0,132.0,132.0,2017-02,2017-06
4563ENEB,30.0,4,1,4,2017-02-01,2017-05-02,574.0,0.9604173393617204,574.0,90.0,90.0,2017-02,2017-05
4WP0VJAS,11.0,4,4,4,2017-02-01,2017-06-18,2525.0,0.9999999498038264,2525.0,137.0,137.0,2017-02,2017-06
60UOBOEM,34.0,25,7,4,2017-02-01,2017-06-07,30288.0,1.0,30288.0,126.0,126.0,2017-02,2017-06
AJZB6F22,32.0,24,5,2,2017-02-01,2017-05-18,0.0,0.009472862918075598,0.0,106.0,106.0,2017-02,2017-05
W4K39GNG,61.0,33,1,2,2017-02-01,2017-03-29,0.0,0.1345288582721594,0.0,56.0,56.0,2017-02,2017-03
VN8LKQN3,,22,6,1,2017-02-02,,0.0,0.06314829377538461,0.0,332.0,,2017-02,
IXOHJYRM,10.0,28,7,2,2017-02-02,2017-05-09,0.0,0.024065720835409116,0.0,96.0,96.0,2017-02,2017-05
RMNHSNW9,42.0,28,3,2,2017-02-02,2017-05-01,0.0,0.5216430113284685,0.0,88.0,88.0,2017-02,2017-05
QPFNQYMV,38.0,8,4,4,2017-02-02,2017-05-14,3581.0,0.9999999999975562,3581.0,101.0,101.0,2017-02,2017-05
D77SFTS4,76.0,6,6,2,2017-02-02,2017-03-12,0.0,0.015258477977624816,0.0,38.0,38.0,2017-02,2017-03
ZHY9C8OO,,32,6,1,2017-02-02,,0.0,0.07006790436574407,0.0,332.0,,2017-02,
WRBWZRFD,13.0,9,2,2,2017-02-02,2017-05-05,0.0,0.003762845445843655,0.0,92.0,92.0,2017-02,2017-05
031BBF1I,23.0,3,3,4,2017-02-02,2017-03-30,54.0,0.6790294524975022,54.0,56.0,56.0,2017-02,2017-03
H2MC2E7K,12.0,24,6,1,2017-02-02,,0.0,0.08326052600680818,0.0,332.0,,2017-02,
O11S2R63,44.0,22,6,4,2017-02-03,2017-06-03,1121.0,0.9979676585258003,1121.0,120.0,120.0,2017-02,2017-06
G13DD850,63.0,19,1,4,2017-02-03,2017-06-04,477.0,0.9257983743067043,477.0,121.0,121.0,2017-02,2017-06
WZU2OHYU,12.0,13,1,4,2017-02-03,2017-05-05,515.0,0.9558609287419882,515.0,91.0,91.0,2017-02,2017-05
HVODWXRO,26.0,18,3,2,2017-02-03,2017-05-01,0.0,0.45730917675638816,0.0,87.0,87.0,2017-02,2017-05
N3JIVUNY,74.0,20,4,2,2017-02-03,2017-05-11,0.0,0.0022552830114803118,0.0,97.0,97.0,2017-02,2017-05
RGCH6CUF,32.0,26,6,4,2017-02-03,2017-06-20,975.0,0.9951253241384407,975.0,137.0,137.0,2017-02,2017-06
JX7WZ9UP,70.0,26,4,4,2017-02-03,2017-05-01,3376.0,0.9999999999881999,3376.0,87.0,87.0,2017-02,2017-05
FDCEBWRI,21.0,30,1,4,2017-02-03,2017-03-12,458.0,0.8428805198657031,458.0,37.0,37.0,2017-02,2017-03
ZL6TJDPG,29.0,6,1,2,2017-02-03,2017-05-16,0.0,0.09745831127785182,0.0,102.0,102.0,2017-02,2017-05
DWBSHB8M,31.0,32,1,2,2017-02-03,2017-05-23,0.0,0.13255061412077535,0.0,109.0,109.0,2017-02,2017-05
0AJ6LTZ0,31.0,32,1,4,2017-02-03,2017-03-14,622.0,0.9679943201222337,622.0,39.0,39.0,2017-02,2017-03
SVMB8M7E,47.0,32,1,4,2017-02-03,2017-06-09,441.0,0.8787978461625573,441.0,126.0,126.0,2017-02,2017-06
6AWEAWCM,44.0,31,2,2,2017-02-03,2017-05-15,0.0,0.005820382616332646,0.0,101.0,101.0,2017-02,2017-05
4Q4NBPD6,59.0,7,1,4,2017-02-03,2017-05-21,538.0,0.9703027046097122,538.0,107.0,107.0,2017-02,2017-05
K8VSDOP8,32.0,34,5,4,2017-02-03,2017-03-29,4667.0,1.0,4667.0,54.0,54.0,2017-02,2017-03
YNP9PI1X,11.0,9,6,4,2017-02-03,2017-06-15,1018.0,0.9886395051892323,1018.0,132.0,132.0,2017-02,2017-06
3XVY4LEU,7.0,21,2,4,2017-02-03,2017-05-09,4671.0,1.0,4671.0,95.0,95.0,2017-02,2017-05
OCGXWE8H,,24,3,1,2017-02-03,,0.0,0.862927060713819,0.0,331.0,,2017-02,
8K1OGB0R,8.0,12,2,4,2017-02-03,2017-05-16,4634.0,1.0,4634.0,102.0,102.0,2017-02,2017-05
RTKUPEX7,41.0,33,6,2,2017-02-03,2017-06-10,0.0,0.011024070955250539,0.0,127.0,127.0,2017-02,2017-06
QQDO45YR,76.0,2,4,4,2017-02-04,2017-05-09,3470.0,0.9999999999954214,3470.0,94.0,94.0,2017-02,2017-05
USVLKDF4,19.0,13,1,1,2017-02-04,,0.0,0.510703751087899,0.0,330.0,,2017-02,
HT25XIAV,63.0,18,6,2,2017-02-04,2017-05-18,0.0,0.015779092701719476,0.0,103.0,103.0,2017-02,2017-05
88KUDE6J,1.0,20,5,4,2017-02-04,2017-05-30,5366.0,1.0,5366.0,115.0,115.0,2017-02,2017-05
AOOD3MWW,60.0,8,6,2,2017-02-04,2017-05-26,0.0,0.02121990362804446,0.0,111.0,111.0,2017-02,2017-05
JCPQZ2SN,10.0,26,6,1,2017-02-04,,0.0,0.08920446467577846,0.0,330.0,,2017-02,
HZIU2NOT,,31,5,1,2017-02-04,,0.0,0.025771147141135608,0.0,330.0,,2017-02,
RZ2PUH86,34.0,31,1,4,2017-02-04,2017-05-17,582.0,0.9569701229881082,582.0,102.0,102.0,2017-02,2017-05
GLVSDQQT,70.0,31,1,4,2017-02-04,2017-05-02,583.0,0.9608027640957199,583.0,87.0,87.0,2017-02,2017-05
107BPCAS,15.0,9,1,2,2017-02-04,2017-05-16,0.0,0.0820176517498003,0.0,101.0,101.0,2017-02,2017-05
OCLEO3CD,21.0,24,5,4,2017-02-04,2017-05-19,6079.0,1.0,6079.0,104.0,104.0,2017-02,2017-05
FTVCNH87,21.0,33,6,2,2017-02-04,2017-05-07,0.0,0.008071007695158675,0.0,92.0,92.0,2017-02,2017-05
GQCRMEIL,44.0,33,6,4,2017-02-04,2017-06-02,1068.0,0.9953797500444755,1068.0,118.0,118.0,2017-02,2017-06
UK2JIE61,9.0,1,3,4,2017-02-05,2017-05-04,55.0,0.775565671007482,55.0,88.0,88.0,2017-02,2017-05
YM8DBAFV,69.0,19,1,1,2017-02-05,,0.0,0.35126294707924727,0.0,329.0,,2017-02,
AEDL7EC6,80.0,19,4,2,2017-02-05,2017-05-02,0.0,0.005975404720959772,0.0,86.0,86.0,2017-02,2017-05
OV5X3O5I,2.0,19,1,4,2017-02-05,2017-03-27,493.0,0.8903261091273182,493.0,50.0,50.0,2017-02,2017-03
MMWX1A4H,59.0,10,6,2,2017-02-05,2017-06-20,0.0,0.023963538960942544,0.0,135.0,135.0,2017-02,2017-06
LSVMMUJ0,12.0,10,2,4,2017-02-05,2017-03-25,5559.0,1.0,5559.0,48.0,48.0,2017-02,2017-03
RP7KA6HS,49.0,28,3,1,2017-02-05,,0.0,0.8631495823537543,0.0,329.0,,2017-02,
97KFQSX1,61.0,28,4,4,2017-02-05,2017-05-09,3351.0,0.9999999999886013,3351.0,93.0,93.0,2017-02,2017-05
08APB75Q,39.0,4,1,4,2017-02-05,2017-05-13,501.0,0.8855303357300832,501.0,97.0,97.0,2017-02,2017-05
P9PFSLS6,,34,3,1,2017-02-05,,0.0,0.8551504915158354,0.0,329.0,,2017-02,
6RL97BR9,38.0,5,3,2,2017-02-05,2017-05-08,0.0,0.5712395602671991,0.0,92.0,92.0,2017-02,2017-05
TPVFA5B8,49.0,21,1,4,2017-02-05,2017-05-07,532.0,0.9572513407757214,532.0,91.0,91.0,2017-02,2017-05
FHLOUD3V,65.0,24,3,2,2017-02-05,2017-05-24,0.0,0.6328178045229342,0.0,108.0,108.0,2017-02,2017-05
4E01ALB0,33.0,24,4,4,2017-02-05,2017-05-04,3103.0,0.9999999998208593,3103.0,88.0,88.0,2017-02,2017-05
E4THD359,,16,1,1,2017-02-05,,0.0,0.3988505138595728,0.0,329.0,,2017-02,
K4HVGBVH,27.0,13,5,4,2017-02-06,2017-05-22,5505.0,1.0,5505.0,105.0,105.0,2017-02,2017-05
6VIK2VX8,39.0,26,3,1,2017-02-06,,0.0,0.8817375144215018,0.0,328.0,,2017-02,
30R81VZX,83.0,32,2,1,2017-02-06,,0.0,0.03088881920730947,0.0,328.0,,2017-02,
XDLQ71X4,79.0,32,6,2,2017-02-06,2017-05-22,0.0,0.01842800191124626,0.0,105.0,105.0,2017-02,2017-05
TH9RV79M,,34,3,1,2017-02-06,,0.0,0.8544319354127969,0.0,328.0,,2017-02,
L33YUX9V,57.0,5,6,4,2017-02-06,2017-05-15,1068.0,0.9966003359543809,1068.0,98.0,98.0,2017-02,2017-05
QT7LRWTN,10.0,24,4,4,2017-02-06,2017-05-04,3357.0,0.9999999999848876,3357.0,87.0,87.0,2017-02,2017-05
Q1JKHY7H,49.0,12,3,2,2017-02-06,2017-05-06,0.0,0.612233922770658,0.0,89.0,89.0,2017-02,2017-05
BY0O646G,65.0,33,1,2,2017-02-06,2017-05-27,0.0,0.11163868203244033,0.0,110.0,110.0,2017-02,2017-05
5831YZMT,24.0,33,1,4,2017-02-06,2017-06-23,532.0,0.9607371301494095,532.0,137.0,137.0,2017-02,2017-06
7VOW7BUJ,,19,2,1,2017-02-07,,0.0,0.019945620206377152,0.0,327.0,,2017-02,
2J5E145N,,18,2,1,2017-02-07,,0.0,0.018784348902538918,0.0,327.0,,2017-02,
AZUBCO7L,12.0,18,4,2,2017-02-07,2017-05-06,0.0,0.00555821865079259,0.0,88.0,88.0,2017-02,2017-05
FOWAY95L,25.0,10,5,4,2017-02-07,2017-05-05,5786.0,1.0,5786.0,87.0,87.0,2017-02,2017-05
YFB7Y92U,,28,7,1,2017-02-07,,0.0,0.07947429727380424,0.0,327.0,,2017-02,
KGZL60NI,65.0,26,6,2,2017-02-07,2017-05-11,0.0,0.019285153992010858,0.0,93.0,93.0,2017-02,2017-05
SRZMNS79,68.0,6,6,4,2017-02-07,2017-05-19,1131.0,0.9980772384253245,1131.0,101.0,101.0,2017-02,2017-05
S6645YWA,79.0,32,1,1,2017-02-07,,0.0,0.4262324899706281,0.0,327.0,,2017-02,
B5A1BERF,74.0,32,2,1,2017-02-07,,0.0,0.017116658202458886,0.0,327.0,,2017-02,
0XMB83YO,61.0,32,5,4,2017-02-07,2017-05-15,5401.0,1.0,5401.0,97.0,97.0,2017-02,2017-05
4TEO0LE1,45.0,7,6,4,2017-02-07,2017-03-28,1062.0,0.9952459483671232,1062.0,49.0,49.0,2017-02,2017-03
IEAPJ5X1,,34,6,1,2017-02-07,,0.0,0.054024626507923466,0.0,327.0,,2017-02,
5P82H5AA,84.0,21,4,4,2017-02-07,2017-03-23,3695.0,0.9999999999994733,3695.0,44.0,44.0,2017-02,2017-03
BN8UTT8O,12.0,14,3,2,2017-02-07,2017-06-04,0.0,0.6736990029960108,0.0,117.0,117.0,2017-02,2017-06
V751HK8R,23.0,3,3,4,2017-02-07,2017-06-03,60.0,0.7321983393644911,60.0,116.0,116.0,2017-02,2017-06
H4TBCR80,34.0,24,2,2,2017-02-07,2017-05-28,0.0,0.0044487457362282,0.0,110.0,110.0,2017-02,2017-05
QWL218JV,64.0,24,4,4,2017-02-07,2017-06-13,2919.0,0.999999999368576,2919.0,126.0,126.0,2017-02,2017-06
L2S4T3VA,,19,5,1,2017-02-08,,0.0,0.025699982248715846,0.0,326.0,,2017-02,
AF8NG5JC,3.0,19,3,1,2017-02-08,,0.0,0.8591209980286837,0.0,326.0,,2017-02,
IVJP36UT,,19,4,1,2017-02-08,,0.0,0.01824552219492397,0.0,326.0,,2017-02,
12M4HB7G,56.0,19,1,4,2017-02-08,2017-05-01,623.0,0.9754393963305998,623.0,82.0,82.0,2017-02,2017-05
1XVTUE5J,74.0,13,3,2,2017-02-08,2017-03-31,0.0,0.4891260359458756,0.0,51.0,51.0,2017-02,2017-03
3VKO28KR,62.0,10,4,2,2017-02-08,2017-05-04,0.0,0.003555021254407079,0.0,85.0,85.0,2017-02,2017-05
9A9E1KPG,28.0,28,1,1,2017-02-08,,0.0,0.2765655427292267,0.0,326.0,,2017-02,
5IES0B4B,61.0,30,3,4,2017-02-08,2017-05-04,49.0,0.7979464821867992,49.0,85.0,85.0,2017-02,2017-05
HUFYU0AT,66.0,6,1,2,2017-02-08,2017-05-24,0.0,0.2716037329131685,0.0,105.0,105.0,2017-02,2017-05
GMI6XZ4O,11.0,6,1,4,2017-02-08,2017-05-04,612.0,0.9627320462539689,612.0,85.0,85.0,2017-02,2017-05
TF19VML9,,32,6,1,2017-02-08,,0.0,0.0678381884310808,0.0,326.0,,2017-02,
YOQCQ4UO,36.0,32,1,4,2017-02-08,2017-03-18,534.0,0.9380165236966769,534.0,38.0,38.0,2017-02,2017-03
KOZTDBJ5,12.0,32,6,4,2017-02-08,2017-06-07,1103.0,0.9981578323252763,1103.0,119.0,119.0,2017-02,2017-06
ZHXIDZNI,,31,2,1,2017-02-08,,0.0,0.019441630085060054,0.0,326.0,,2017-02,
8NMPO9K3,13.0,4,1,4,2017-02-08,2017-05-10,582.0,0.9486673502963893,582.0,91.0,91.0,2017-02,2017-05
PU7GV4MK,12.0,7,4,2,2017-02-08,2017-05-13,0.0,0.007738489468095761,0.0,94.0,94.0,2017-02,2017-05
RCQDGE4W,9.0,7,5,4,2017-02-08,2017-05-04,6292.0,1.0,6292.0,85.0,85.0,2017-02,2017-05
ZT832XIR,25.0,9,3,2,2017-02-08,2017-06-25,0.0,0.5036319194976625,0.0,137.0,137.0,2017-02,2017-06
I995O4XJ,34.0,25,3,4,2017-02-08,2017-05-24,63.0,0.6468837692082702,63.0,105.0,105.0,2017-02,2017-05
EOXZGSX9,29.0,3,4,4,2017-02-08,2017-05-13,3522.0,0.9999999999953251,3522.0,94.0,94.0,2017-02,2017-05
PW5OGY78,44.0,24,3,2,2017-02-08,2017-05-29,0.0,0.6554599540350726,0.0,110.0,110.0,2017-02,2017-05
NJCSG7MX,54.0,24,1,4,2017-02-08,2017-05-04,532.0,0.9191194567930974,532.0,85.0,85.0,2017-02,2017-05
ZYRF768H,40.0,12,3,2,2017-02-08,2017-05-04,0.0,0.6471160992189487,0.0,85.0,85.0,2017-02,2017-05
5Q8BQ64R,43.0,16,4,4,2017-02-08,2017-05-22,3645.0,0.9999999999985232,3645.0,103.0,103.0,2017-02,2017-05
ZNNBFAKF,79.0,33,2,2,2017-02-08,2017-05-10,0.0,0.0037114940872972836,0.0,91.0,91.0,2017-02,2017-05
L47EPGVT,30.0,1,5,4,2017-02-09,2017-03-01,4760.0,1.0,4760.0,20.0,20.0,2017-02,2017-03
9GENDMWA,2.0,13,1,4,2017-02-09,2017-05-25,603.0,0.9687179411904708,603.0,105.0,105.0,2017-02,2017-05
DHACLHPS,5.0,18,1,2,2017-02-09,2017-05-22,0.0,0.12194808198178136,0.0,102.0,102.0,2017-02,2017-05
GKLE0CDI,80.0,18,4,4,2017-02-09,2017-03-02,3249.0,0.9999999999528917,3249.0,21.0,21.0,2017-02,2017-03
E9DJS1D8,19.0,10,2,2,2017-02-09,2017-03-17,0.0,0.005745765432742304,0.0,36.0,36.0,2017-02,2017-03
22ZJM20V,67.0,10,2,2,2017-02-09,2017-05-18,0.0,0.003050212087673778,0.0,98.0,98.0,2017-02,2017-05
C47Z92AG,85.0,10,2,2,2017-02-09,2017-05-09,0.0,0.002280858385905971,0.0,89.0,89.0,2017-02,2017-05
XT9YNOV2,1.0,20,5,4,2017-02-09,2017-06-11,5724.0,1.0,5724.0,122.0,122.0,2017-02,2017-06
TMZQX7F8,34.0,26,6,2,2017-02-09,2017-05-02,0.0,0.01416181516512672,0.0,82.0,82.0,2017-02,2017-05
5JHSTFEZ,54.0,26,6,2,2017-02-09,2017-05-11,0.0,0.013005483352518088,0.0,91.0,91.0,2017-02,2017-05
BAOSO1I2,22.0,31,1,4,2017-02-09,2017-05-02,516.0,0.9295833435899273,516.0,82.0,82.0,2017-02,2017-05
IZDF2RTL,57.0,7,6,4,2017-02-09,2017-05-27,1050.0,0.9972442345348964,1050.0,107.0,107.0,2017-02,2017-05
F61DLVRS,54.0,34,5,4,2017-02-09,2017-05-23,4519.0,0.9999999999999996,4519.0,103.0,103.0,2017-02,2017-05
80F0J70G,25.0,9,1,2,2017-02-09,2017-05-25,0.0,0.07577472273407404,0.0,105.0,105.0,2017-02,2017-05
S9W53L4L,19.0,9,1,4,2017-02-09,2017-06-05,672.0,0.9856299504858518,672.0,116.0,116.0,2017-02,2017-06
12OQKSVK,49.0,21,6,4,2017-02-09,2017-03-20,896.0,0.9807610971740806,896.0,39.0,39.0,2017-02,2017-03
VC94R5H8,44.0,24,1,4,2017-02-09,2017-03-23,587.0,0.9626350499278025,587.0,42.0,42.0,2017-02,2017-03
XTKIX6I4,65.0,24,4,4,2017-02-09,2017-06-13,3426.0,0.9999999999924807,3426.0,124.0,124.0,2017-02,2017-06
5P3NH791,31.0,22,4,1,2017-02-10,,0.0,0.017583748057388625,0.0,324.0,,2017-02,
MSE1UXKU,52.0,19,2,4,2017-02-10,2017-03-20,5021.0,1.0,5021.0,38.0,38.0,2017-02,2017-03
HM334UL2,57.0,10,6,4,2017-02-10,2017-03-30,1126.0,0.9977879102813099,1126.0,48.0,48.0,2017-02,2017-03
L4124UJG,74.0,20,2,4,2017-02-10,2017-05-15,5473.0,1.0,5473.0,94.0,94.0,2017-02,2017-05
DR2QE1RW,70.0,28,3,2,2017-02-10,2017-05-30,0.0,0.6073641178795331,0.0,109.0,109.0,2017-02,2017-05
FD8YL177,58.0,28,3,4,2017-02-10,2017-05-09,51.0,0.7634975314760126,51.0,88.0,88.0,2017-02,2017-05
X3ZSQCH8,61.0,32,1,1,2017-02-10,,0.0,0.5461301181891111,0.0,324.0,,2017-02,
UU21EYFN,65.0,32,1,4,2017-02-10,2017-03-06,563.0,0.9542221556632182,563.0,24.0,24.0,2017-02,2017-03
OBDRD0AD,39.0,4,1,2,2017-02-10,2017-05-26,0.0,0.08198581742045681,0.0,105.0,105.0,2017-02,2017-05
NSGEM06J,53.0,21,1,2,2017-02-10,2017-05-14,0.0,0.12071644671978844,0.0,93.0,93.0,2017-02,2017-05
QSQ42Q6M,42.0,21,4,4,2017-02-10,2017-06-15,2928.0,0.9999999993655053,2928.0,125.0,125.0,2017-02,2017-06
PCBA3KAV,81.0,21,4,4,2017-02-10,2017-06-05,3618.0,0.9999999999986329,3618.0,115.0,115.0,2017-02,2017-06
ZBBMGEV4,38.0,10,6,4,2017-02-11,2017-05-16,1189.0,0.9984561763624558,1189.0,94.0,94.0,2017-02,2017-05
TYSORYA9,18.0,20,1,2,2017-02-11,2017-05-07,0.0,0.1352190215329147,0.0,85.0,85.0,2017-02,2017-05
ULVXOPG3,35.0,28,3,4,2017-02-11,2017-05-22,60.0,0.678429172143059,60.0,100.0,100.0,2017-02,2017-05
5BXUKFPR,,30,5,1,2017-02-11,,0.0,0.02752320633598006,0.0,323.0,,2017-02,
G0R305KO,67.0,6,6,2,2017-02-11,2017-05-11,0.0,0.009392499305735222,0.0,89.0,89.0,2017-02,2017-05
ZDZGCWX7,10.0,32,1,4,2017-02-11,2017-06-22,545.0,0.9688844133100776,545.0,131.0,131.0,2017-02,2017-06
PQJZ5Z3R,46.0,32,4,4,2017-02-11,2017-05-12,3035.0,0.9999999997272868,3035.0,90.0,90.0,2017-02,2017-05
8AJG1YLJ,,31,1,1,2017-02-11,,0.0,0.3542151327554889,0.0,323.0,,2017-02,
7KXTF2Q6,44.0,31,1,4,2017-02-11,2017-06-23,584.0,0.9729542223363642,584.0,132.0,132.0,2017-02,2017-06
WZVE1NTM,61.0,27,3,2,2017-02-11,2017-05-15,0.0,0.6224594416566478,0.0,93.0,93.0,2017-02,2017-05
M6UEZLOQ,10.0,34,6,4,2017-02-11,2017-06-23,1069.0,0.9965392838867867,1069.0,132.0,132.0,2017-02,2017-06
D6T5MM04,77.0,34,6,4,2017-02-11,2017-06-22,1035.0,0.990454482332419,1035.0,131.0,131.0,2017-02,2017-06
5RNWV17L,31.0,25,4,1,2017-02-11,,0.0,0.012728628044599595,0.0,323.0,,2017-02,
9GCJGVY7,26.0,14,2,2,2017-02-11,2017-03-02,0.0,0.002038367582929611,0.0,19.0,19.0,2017-02,2017-03
5QBQMEY5,61.0,24,2,4,2017-02-11,2017-03-24,4510.0,0.9999999999999996,4510.0,41.0,41.0,2017-02,2017-03
9JKVM4BK,75.0,12,6,2,2017-02-11,2017-06-05,0.0,0.01708260507047887,0.0,114.0,114.0,2017-02,2017-06
14PBBHSE,84.0,12,3,4,2017-02-11,2017-05-08,49.0,0.7653167352629472,49.0,86.0,86.0,2017-02,2017-05
P1KS5YFX,60.0,1,3,4,2017-02-12,2017-06-07,59.0,0.8343274775295455,59.0,115.0,115.0,2017-02,2017-06
7R4VL3Q8,42.0,19,2,4,2017-02-12,2017-03-04,4705.0,0.9999999999999998,4705.0,20.0,20.0,2017-02,2017-03
3MNZF5ZK,85.0,2,5,4,2017-02-12,2017-06-03,5148.0,1.0,5148.0,111.0,111.0,2017-02,2017-06
52SANIGE,26.0,13,2,4,2017-02-12,2017-05-08,4833.0,1.0,4833.0,85.0,85.0,2017-02,2017-05
73SY9EU8,49.0,18,2,4,2017-02-12,2017-05-31,4664.0,0.9999999999999998,4664.0,108.0,108.0,2017-02,2017-05
HVM656P3,56.0,20,1,4,2017-02-12,2017-05-12,475.0,0.890972068246717,475.0,89.0,89.0,2017-02,2017-05
LXM6CTMS,,26,6,1,2017-02-12,,0.0,0.06922089799718714,0.0,322.0,,2017-02,
U2SW8DT1,46.0,26,4,4,2017-02-12,2017-06-13,3807.0,0.99999999999978,3807.0,121.0,121.0,2017-02,2017-06
VXMFL425,22.0,30,1,1,2017-02-12,,0.0,0.39646860991452176,0.0,322.0,,2017-02,
XMH4CH4Q,66.0,6,1,4,2017-02-12,2017-05-21,518.0,0.974264026895211,518.0,98.0,98.0,2017-02,2017-05
UNLIS3RY,14.0,32,6,4,2017-02-12,2017-05-09,1050.0,0.9974268081995568,1050.0,86.0,86.0,2017-02,2017-05
GVFQXZLL,79.0,34,2,4,2017-02-12,2017-05-24,4596.0,0.9999999999999998,4596.0,101.0,101.0,2017-02,2017-05
E887HZT1,10.0,25,4,1,2017-02-12,,0.0,0.017589863544355565,0.0,322.0,,2017-02,
CGJ7NRZH,,12,3,1,2017-02-12,,0.0,0.8696956195817901,0.0,322.0,,2017-02,
NRYC7T45,79.0,33,1,4,2017-02-12,2017-05-05,618.0,0.9627949364988938,618.0,82.0,82.0,2017-02,2017-05
ZVR3I3F0,64.0,33,4,4,2017-02-12,2017-05-02,3460.0,0.9999999999921909,3460.0,79.0,79.0,2017-02,2017-05
2TKQ8B78,52.0,18,5,4,2017-02-13,2017-05-21,5751.0,1.0,5751.0,97.0,97.0,2017-02,2017-05
OZ5O64KJ,45.0,10,5,4,2017-02-13,2017-05-28,5639.0,1.0,5639.0,104.0,104.0,2017-02,2017-05
WXCW16QT,5.0,20,5,2,2017-02-13,2017-06-02,0.0,0.0050517989010897876,0.0,109.0,109.0,2017-02,2017-06
UCXCUP1U,82.0,15,5,4,2017-02-13,2017-05-18,4766.0,1.0,4766.0,94.0,94.0,2017-02,2017-05
SWJ9OOZU,53.0,26,4,1,2017-02-13,,0.0,0.01719029094193415,0.0,321.0,,2017-02,
9ERRIZKG,61.0,32,6,2,2017-02-13,2017-05-09,0.0,0.026820237055751914,0.0,85.0,85.0,2017-02,2017-05
CKLYIFLY,64.0,31,1,4,2017-02-13,2017-05-11,589.0,0.969174369767966,589.0,87.0,87.0,2017-02,2017-05
6VDLCBYU,23.0,7,5,2,2017-02-13,2017-05-31,0.0,0.006980286988820477,0.0,107.0,107.0,2017-02,2017-05
XYBPUC2H,36.0,5,1,2,2017-02-13,2017-05-16,0.0,0.1047408670940702,0.0,92.0,92.0,2017-02,2017-05
B06D1F9M,22.0,24,2,1,2017-02-13,,0.0,0.020708580553601797,0.0,321.0,,2017-02,
OZ761BUJ,,12,1,1,2017-02-13,,0.0,0.3807731282254228,0.0,321.0,,2017-02,
I3MC9XZC,48.0,12,1,4,2017-02-13,2017-05-18,533.0,0.9470925417223215,533.0,94.0,94.0,2017-02,2017-05
L5T2HKKO,13.0,1,1,2,2017-02-14,2017-05-05,0.0,0.14212913112929026,0.0,80.0,80.0,2017-02,2017-05
6CEEGQ8I,16.0,1,3,4,2017-02-14,2017-05-30,63.0,0.7679435006002842,63.0,105.0,105.0,2017-02,2017-05
P2LY9NFN,5.0,19,2,4,2017-02-14,2017-05-08,4942.0,1.0,4942.0,83.0,83.0,2017-02,2017-05
94GCWI08,15.0,10,2,4,2017-02-14,2017-06-12,4650.0,0.9999999999999998,4650.0,118.0,118.0,2017-02,2017-06
GUMQTC3J,45.0,10,2,4,2017-02-14,2017-06-16,4829.0,1.0,4829.0,122.0,122.0,2017-02,2017-06
U64RT0UF,2.0,20,6,4,2017-02-14,2017-05-29,987.0,0.9854723787148879,987.0,104.0,104.0,2017-02,2017-05
RWGSCFHR,27.0,20,5,4,2017-02-14,2017-03-02,4246.0,0.999999999999992,4246.0,16.0,16.0,2017-02,2017-03
GEBVQH17,40.0,20,5,4,2017-02-14,2017-05-06,5702.0,1.0,5702.0,81.0,81.0,2017-02,2017-05
3OVJXUSB,63.0,20,4,4,2017-02-14,2017-06-14,2981.0,0.9999999994580904,2981.0,120.0,120.0,2017-02,2017-06
KQPY8LLI,36.0,8,4,2,2017-02-14,2017-05-13,0.0,0.0036390970744036638,0.0,88.0,88.0,2017-02,2017-05
DC7COE9W,44.0,26,4,4,2017-02-14,2017-05-01,2873.0,0.9999999990124464,2873.0,76.0,76.0,2017-02,2017-05
3LED0EK3,73.0,6,4,2,2017-02-14,2017-05-11,0.0,0.005246169848320728,0.0,86.0,86.0,2017-02,2017-05
SCS5H8V1,75.0,27,7,1,2017-02-14,,0.0,0.059288525810702104,0.0,320.0,,2017-02,
81MXE1H7,4.0,27,4,1,2017-02-14,,0.0,0.013152272128044406,0.0,320.0,,2017-02,
G4MKT3AE,71.0,14,3,2,2017-02-14,2017-05-07,0.0,0.5181754157851507,0.0,82.0,82.0,2017-02,2017-05
GQ125FX0,30.0,3,1,4,2017-02-14,2017-06-03,528.0,0.9682454815195995,528.0,109.0,109.0,2017-02,2017-06
JO52QXJ0,62.0,3,6,4,2017-02-14,2017-06-18,1199.0,0.9987602992806068,1199.0,124.0,124.0,2017-02,2017-06
PQ2VF873,83.0,33,2,2,2017-02-14,2017-03-01,0.0,0.0031630986569601044,0.0,15.0,15.0,2017-02,2017-03
N6H58J55,68.0,1,1,2,2017-02-15,2017-05-13,0.0,0.15994798614711553,0.0,87.0,87.0,2017-02,2017-05
W24IDMVV,,13,5,1,2017-02-15,,0.0,0.027963664635733614,0.0,319.0,,2017-02,
WR6Q2X53,68.0,10,5,2,2017-02-15,2017-05-08,0.0,0.007017076749039474,0.0,82.0,82.0,2017-02,2017-05
8O1WNJBA,7.0,15,1,2,2017-02-15,2017-03-23,0.0,0.08198269180407235,0.0,36.0,36.0,2017-02,2017-03
X1LAD57Y,52.0,15,5,2,2017-02-15,2017-03-04,0.0,0.006118489785733809,0.0,17.0,17.0,2017-02,2017-03
E2NXQUWO,26.0,15,4,4,2017-02-15,2017-03-06,3507.0,0.9999999999905851,3507.0,19.0,19.0,2017-02,2017-03
MEZLJGRB,21.0,30,1,2,2017-02-15,2017-05-20,0.0,0.09905944904038323,0.0,94.0,94.0,2017-02,2017-05
M1QKPX6R,33.0,30,2,4,2017-02-15,2017-05-21,4542.0,0.9999999999999996,4542.0,95.0,95.0,2017-02,2017-05
X6LO8WPD,29.0,6,1,4,2017-02-15,2017-05-28,505.0,0.9103614834854407,505.0,102.0,102.0,2017-02,2017-05
JQA8H6M5,,32,5,1,2017-02-15,,0.0,0.029735550980958703,0.0,319.0,,2017-02,
92G1TO7L,,31,1,1,2017-02-15,,0.0,0.3489362685801433,0.0,319.0,,2017-02,
S8WV5MUC,10.0,31,6,2,2017-02-15,2017-05-07,0.0,0.01528668015478128,0.0,81.0,81.0,2017-02,2017-05
FW2XJG9S,,27,6,1,2017-02-15,,0.0,0.03759424730011464,0.0,319.0,,2017-02,
R7JI95HZ,65.0,27,2,2,2017-02-15,2017-05-31,0.0,0.003775441329269185,0.0,105.0,105.0,2017-02,2017-05
SVCKI631,,34,1,1,2017-02-15,,0.0,0.3405020698596946,0.0,319.0,,2017-02,
VJ5QGP8Z,,34,4,1,2017-02-15,,0.0,0.016567559673230862,0.0,319.0,,2017-02,
CVKLHZEO,28.0,5,1,4,2017-02-15,2017-05-13,455.0,0.8269811642075027,455.0,87.0,87.0,2017-02,2017-05
8KJZJFJ1,37.0,21,1,4,2017-02-15,2017-03-03,537.0,0.9343352427948597,537.0,16.0,16.0,2017-02,2017-03
W560QFJL,53.0,21,6,4,2017-02-15,2017-03-04,1090.0,0.994677142172734,1090.0,17.0,17.0,2017-02,2017-03
TA3PW6ZQ,66.0,3,4,2,2017-02-15,2017-05-24,0.0,0.012666277078708132,0.0,98.0,98.0,2017-02,2017-05
2DVE0XCM,28.0,3,3,4,2017-02-15,2017-03-17,60.0,0.6093975000603464,60.0,30.0,30.0,2017-02,2017-03
L3UMWAX7,22.0,24,6,2,2017-02-15,2017-05-17,0.0,0.014159237579988963,0.0,91.0,91.0,2017-02,2017-05
R2W96FGX,,33,1,1,2017-02-15,,0.0,0.29740928497052016,0.0,319.0,,2017-02,
VOTOT8MK,56.0,19,5,4,2017-02-16,2017-06-15,6509.0,1.0,6509.0,119.0,119.0,2017-02,2017-06
Y3ULGUD8,59.0,2,6,4,2017-02-16,2017-05-18,1079.0,0.9972420391624536,1079.0,91.0,91.0,2017-02,2017-05
7350YGG4,63.0,13,6,4,2017-02-16,2017-05-29,1111.0,0.9976381475844383,1111.0,102.0,102.0,2017-02,2017-05
2J16RN99,49.0,20,2,2,2017-02-16,2017-05-21,0.0,0.003589833048267316,0.0,94.0,94.0,2017-02,2017-05
BRQRF65L,18.0,20,1,4,2017-02-16,2017-03-02,462.0,0.8794149248112306,462.0,14.0,14.0,2017-02,2017-03
LB6XW39X,78.0,20,1,4,2017-02-16,2017-03-04,555.0,0.8878915646841672,555.0,16.0,16.0,2017-02,2017-03
WS9CXY7E,13.0,8,5,4,2017-02-16,2017-03-01,6719.0,1.0,6719.0,13.0,13.0,2017-02,2017-03
CK0MDHHM,22.0,26,4,4,2017-02-16,2017-06-02,3281.0,0.9999999999742546,3281.0,106.0,106.0,2017-02,2017-06
KM1D04JS,,30,6,1,2017-02-16,,0.0,0.05899802394014403,0.0,318.0,,2017-02,
RNUH1SI8,42.0,30,4,4,2017-02-16,2017-05-07,3398.0,0.9999999999853226,3398.0,80.0,80.0,2017-02,2017-05
BNY8MJ6L,46.0,31,1,1,2017-02-16,,0.0,0.35228244318872703,0.0,318.0,,2017-02,
INBGKE14,,31,2,1,2017-02-16,,0.0,0.018578116703201777,0.0,318.0,,2017-02,
D54HETSI,36.0,31,2,2,2017-02-16,2017-05-14,0.0,0.004281620584485505,0.0,87.0,87.0,2017-02,2017-05
JOQQZ5RH,16.0,7,1,4,2017-02-16,2017-03-01,608.0,0.9648308395996176,608.0,13.0,13.0,2017-02,2017-03
90V75MDV,29.0,9,2,2,2017-02-16,2017-05-17,0.0,0.0023592002982905577,0.0,90.0,90.0,2017-02,2017-05
LIIBOUUQ,18.0,21,6,4,2017-02-16,2017-05-30,1187.0,0.999330783516495,1187.0,103.0,103.0,2017-02,2017-05
5KK2SSSB,,14,1,1,2017-02-16,,0.0,0.3363977691689411,0.0,318.0,,2017-02,
UDYSM42B,37.0,12,5,4,2017-02-16,2017-06-22,5855.0,1.0,5855.0,126.0,126.0,2017-02,2017-06
V3HVIJLL,,33,1,1,2017-02-16,,0.0,0.2962010395193241,0.0,318.0,,2017-02,
F835LA4P,9.0,10,2,4,2017-02-17,2017-05-10,5068.0,1.0,5068.0,82.0,82.0,2017-02,2017-05
75Q82XU7,27.0,20,6,2,2017-02-17,2017-06-13,0.0,0.011049242179515983,0.0,116.0,116.0,2017-02,2017-06
AMNKCM1H,2.0,28,3,1,2017-02-17,,0.0,0.8302270446696723,0.0,317.0,,2017-02,
2U6QQHCC,41.0,30,5,4,2017-02-17,2017-06-19,4066.0,0.9999999999999807,4066.0,122.0,122.0,2017-02,2017-06
MMKMJ0WC,39.0,6,2,4,2017-02-17,2017-06-07,4494.0,0.9999999999999996,4494.0,110.0,110.0,2017-02,2017-06
CZIXINO2,24.0,32,1,2,2017-02-17,2017-05-04,0.0,0.1903982815694321,0.0,76.0,76.0,2017-02,2017-05
HV7Y6184,50.0,32,2,2,2017-02-17,2017-05-28,0.0,0.005882275932985883,0.0,100.0,100.0,2017-02,2017-05
KIHC1QJQ,54.0,32,1,4,2017-02-17,2017-05-09,540.0,0.9355229328483013,540.0,81.0,81.0,2017-02,2017-05
VBWQO6BM,13.0,9,4,2,2017-02-17,2017-05-14,0.0,0.0033395358902498836,0.0,86.0,86.0,2017-02,2017-05
LTZCN1RA,16.0,3,3,4,2017-02-17,2017-05-19,54.0,0.7368119180737932,54.0,91.0,91.0,2017-02,2017-05
84LN84VM,,24,4,1,2017-02-17,,0.0,0.017250318826486408,0.0,317.0,,2017-02,
YO32O3T9,47.0,33,2,2,2017-02-17,2017-05-28,0.0,0.002805297860199474,0.0,100.0,100.0,2017-02,2017-05
MU7JWTP6,,19,3,1,2017-02-18,,0.0,0.8529566956816558,0.0,316.0,,2017-02,
8638OV6W,81.0,13,3,2,2017-02-18,2017-05-26,0.0,0.5742606128958303,0.0,97.0,97.0,2017-02,2017-05
TTJXSO57,36.0,10,2,2,2017-02-18,2017-05-20,0.0,0.004554981505889775,0.0,91.0,91.0,2017-02,2017-05
K4VP5HK4,2.0,20,4,4,2017-02-18,2017-05-08,3602.0,0.999999999996666,3602.0,79.0,79.0,2017-02,2017-05
10R46CSK,3.0,4,4,4,2017-02-18,2017-05-07,2904.0,0.9999999982797507,2904.0,78.0,78.0,2017-02,2017-05
VBA34LWX,65.0,27,1,4,2017-02-18,2017-05-31,571.0,0.9469687261916497,571.0,102.0,102.0,2017-02,2017-05
DLJN7WG0,28.0,7,3,2,2017-02-18,2017-05-30,0.0,0.5623490420106112,0.0,101.0,101.0,2017-02,2017-05
FJCCTOPN,81.0,21,1,4,2017-02-18,2017-06-18,492.0,0.9335746616251408,492.0,120.0,120.0,2017-02,2017-06
LR6USOHL,81.0,21,2,4,2017-02-18,2017-05-27,4545.0,0.9999999999999998,4545.0,98.0,98.0,2017-02,2017-05
5VAV2TUY,9.0,3,5,4,2017-02-18,2017-03-25,5614.0,1.0,5614.0,35.0,35.0,2017-02,2017-03
HTD2ME9C,3.0,1,5,4,2017-02-19,2017-06-12,5370.0,1.0,5370.0,113.0,113.0,2017-02,2017-06
GHUCMUPL,82.0,22,1,4,2017-02-19,2017-05-02,550.0,0.959101437511691,550.0,72.0,72.0,2017-02,2017-05
1LKY3B4X,80.0,19,6,4,2017-02-19,2017-03-02,1011.0,0.9919935967316278,1011.0,11.0,11.0,2017-02,2017-03
7Y5E0RDL,69.0,13,3,4,2017-02-19,2017-06-18,56.0,0.7286075700071425,56.0,119.0,119.0,2017-02,2017-06
9HRMW8SL,,18,3,1,2017-02-19,,0.0,0.8443586228113575,0.0,315.0,,2017-02,
BEQIZZ7W,11.0,10,6,4,2017-02-19,2017-03-04,1217.0,0.9976080973841036,1217.0,13.0,13.0,2017-02,2017-03
44F8ZE41,8.0,20,1,2,2017-02-19,2017-05-19,0.0,0.12159820676945572,0.0,89.0,89.0,2017-02,2017-05
YJIH415V,42.0,20,4,4,2017-02-19,2017-05-10,3222.0,0.9999999998956677,3222.0,80.0,80.0,2017-02,2017-05
K3DQJ796,5.0,15,1,2,2017-02-19,2017-05-14,0.0,0.12185306068217501,0.0,84.0,84.0,2017-02,2017-05
6QF3D2RI,48.0,15,1,2,2017-02-19,2017-05-05,0.0,0.1106291109993301,0.0,75.0,75.0,2017-02,2017-05
G9565UWZ,53.0,15,4,4,2017-02-19,2017-03-01,3348.0,0.9999999999635982,3348.0,10.0,10.0,2017-02,2017-03
RFKIN7FG,13.0,6,1,2,2017-02-19,2017-05-25,0.0,0.14068271939252813,0.0,95.0,95.0,2017-02,2017-05
WJQ8VD51,22.0,32,1,1,2017-02-19,,0.0,0.4114493621332581,0.0,315.0,,2017-02,
2BWZLXZ8,51.0,32,2,4,2017-02-19,2017-03-05,4216.0,0.999999999999994,4216.0,14.0,14.0,2017-02,2017-03
1WHXI2RW,,27,6,1,2017-02-19,,0.0,0.03676534495793026,0.0,315.0,,2017-02,
G5JP0G7Q,,27,4,1,2017-02-19,,0.0,0.01165548231200023,0.0,315.0,,2017-02,
2QHRL8CW,66.0,5,1,4,2017-02-19,2017-05-28,404.0,0.9177674688595366,404.0,98.0,98.0,2017-02,2017-05
RFYAI0WA,37.0,14,5,2,2017-02-19,2017-06-08,0.0,0.005150663913018344,0.0,109.0,109.0,2017-02,2017-06
WH0DJCGL,81.0,14,3,2,2017-02-19,2017-06-14,0.0,0.5393470715657857,0.0,115.0,115.0,2017-02,2017-06
LCW83256,69.0,14,2,4,2017-02-19,2017-03-04,5260.0,1.0,5260.0,13.0,13.0,2017-02,2017-03
RVH3UUKY,,24,4,1,2017-02-19,,0.0,0.017055130856862357,0.0,315.0,,2017-02,
IHFM8QXN,42.0,24,6,2,2017-02-19,2017-03-07,0.0,0.007988494025380688,0.0,16.0,16.0,2017-02,2017-03
QCY951QA,18.0,12,3,4,2017-02-19,2017-05-06,51.0,0.7900789827012413,51.0,76.0,76.0,2017-02,2017-05
CG9VXPV1,,33,1,1,2017-02-19,,0.0,0.2925934290411262,0.0,315.0,,2017-02,
09BVA55J,61.0,33,1,4,2017-02-19,2017-06-25,598.0,0.9776763752779256,598.0,126.0,126.0,2017-02,2017-06
2R9HXKXT,44.0,22,6,2,2017-02-20,2017-05-25,0.0,0.018125505633431918,0.0,94.0,94.0,2017-02,2017-05
JLK8KCNN,81.0,22,3,4,2017-02-20,2017-05-24,42.0,0.6469988491404234,42.0,93.0,93.0,2017-02,2017-05
SZQUBIMH,75.0,19,2,4,2017-02-20,2017-06-07,4689.0,1.0,4689.0,107.0,107.0,2017-02,2017-06
8ZYVKQ27,67.0,2,5,4,2017-02-20,2017-06-26,5154.0,1.0,5154.0,126.0,126.0,2017-02,2017-06
25A51PWG,30.0,10,2,2,2017-02-20,2017-05-16,0.0,0.0070425272472225625,0.0,85.0,85.0,2017-02,2017-05
4B4XCPHT,82.0,20,2,4,2017-02-20,2017-05-05,5010.0,1.0,5010.0,74.0,74.0,2017-02,2017-05
5JFOA4XC,23.0,8,4,4,2017-02-20,2017-06-14,3215.0,0.9999999999217033,3215.0,114.0,114.0,2017-02,2017-06
N5FOEJZ9,50.0,32,1,2,2017-02-20,2017-06-03,0.0,0.13903667785771898,0.0,103.0,103.0,2017-02,2017-06
CYWZJ2AI,18.0,31,6,1,2017-02-20,,0.0,0.08599897180395955,0.0,314.0,,2017-02,
QTNPGKJ7,35.0,31,2,4,2017-02-20,2017-06-26,3169.0,0.9999999999098725,3169.0,126.0,126.0,2017-02,2017-06
EBRWSMI0,61.0,27,6,2,2017-02-20,2017-06-27,0.0,0.018374752523242627,0.0,127.0,127.0,2017-02,2017-06
4PKHDQOQ,25.0,7,5,4,2017-02-20,2017-06-03,5015.0,1.0,5015.0,103.0,103.0,2017-02,2017-06
3Y9SB2QK,14.0,34,1,4,2017-02-20,2017-03-01,571.0,0.9644553805882495,571.0,9.0,9.0,2017-02,2017-03
5MZ0O77T,8.0,21,2,4,2017-02-20,2017-05-16,4839.0,1.0,4839.0,85.0,85.0,2017-02,2017-05
2EILEDKF,48.0,21,4,4,2017-02-20,2017-03-05,3315.0,0.9999999999735034,3315.0,13.0,13.0,2017-02,2017-03
J4NX9TK5,76.0,3,3,4,2017-02-20,2017-05-24,60.0,0.7883056131940479,60.0,93.0,93.0,2017-02,2017-05
Y7N97FW8,,24,2,1,2017-02-20,,0.0,0.018435727656646052,0.0,314.0,,2017-02,
0IO43YMS,,16,4,1,2017-02-20,,0.0,0.019461997337219056,0.0,314.0,,2017-02,
5ITSLO0E,73.0,1,6,4,2017-02-21,2017-03-04,999.0,0.9908005084993368,999.0,11.0,11.0,2017-02,2017-03
6HG76L6U,,22,2,1,2017-02-21,,0.0,0.019908274207294113,0.0,313.0,,2017-02,
QGW0TI1U,67.0,10,1,2,2017-02-21,2017-06-11,0.0,0.08085474164744906,0.0,110.0,110.0,2017-02,2017-06
WJC5J533,23.0,4,5,4,2017-02-21,2017-06-04,5401.0,1.0,5401.0,103.0,103.0,2017-02,2017-06
9SLINQY5,51.0,27,4,1,2017-02-21,,0.0,0.01693399252567349,0.0,313.0,,2017-02,
1GIP77EP,,34,5,1,2017-02-21,,0.0,0.02257354934058938,0.0,313.0,,2017-02,
XGLMCTLG,60.0,5,1,4,2017-02-21,2017-06-18,551.0,0.9671343410985201,551.0,117.0,117.0,2017-02,2017-06
X6RLT30X,49.0,21,5,2,2017-02-21,2017-05-23,0.0,0.008574006333353694,0.0,91.0,91.0,2017-02,2017-05
IVT0S1N1,22.0,24,1,4,2017-02-21,2017-03-20,600.0,0.9580970928741289,600.0,27.0,27.0,2017-02,2017-03
NOLCZMV6,32.0,12,2,1,2017-02-21,,0.0,0.030435638936924216,0.0,313.0,,2017-02,
JEPGSQC9,5.0,12,5,2,2017-02-21,2017-05-05,0.0,0.006383584137011152,0.0,73.0,73.0,2017-02,2017-05
EEDHCEVZ,71.0,22,3,2,2017-02-22,2017-05-22,0.0,0.5652731451247719,0.0,89.0,89.0,2017-02,2017-05
NHDTSMX2,69.0,19,2,4,2017-02-22,2017-03-02,4711.0,0.9999999999999998,4711.0,8.0,8.0,2017-02,2017-03
E36CR33F,75.0,13,4,2,2017-02-22,2017-06-08,0.0,0.005211931811286897,0.0,106.0,106.0,2017-02,2017-06
PNL17RE9,82.0,13,2,4,2017-02-22,2017-06-28,5133.0,1.0,5133.0,126.0,126.0,2017-02,2017-06
B4SIVH1O,21.0,18,1,1,2017-02-22,,0.0,0.27892275597202065,0.0,312.0,,2017-02,
VMEVOJVL,69.0,18,5,2,2017-02-22,2017-05-17,0.0,0.004916762503005255,0.0,84.0,84.0,2017-02,2017-05
5EKN0BFN,81.0,18,5,4,2017-02-22,2017-05-15,4848.0,1.0,4848.0,82.0,82.0,2017-02,2017-05
R4LH95QS,49.0,18,2,4,2017-02-22,2017-03-03,4475.0,0.9999999999999989,4475.0,9.0,9.0,2017-02,2017-03
52CROFH2,3.0,10,1,2,2017-02-22,2017-03-05,0.0,0.08136927521984463,0.0,11.0,11.0,2017-02,2017-03
REDGEUCP,28.0,10,2,4,2017-02-22,2017-03-10,3763.0,0.9999999999991374,3763.0,16.0,16.0,2017-02,2017-03
6KT5HAR6,59.0,10,2,4,2017-02-22,2017-03-05,5006.0,1.0,5006.0,11.0,11.0,2017-02,2017-03
48AJ0X9E,72.0,8,2,4,2017-02-22,2017-06-15,4498.0,0.9999999999999993,4498.0,113.0,113.0,2017-02,2017-06
RA1UBXY9,76.0,8,2,4,2017-02-22,2017-03-24,4375.0,0.999999999999998,4375.0,30.0,30.0,2017-02,2017-03
ESZY10SI,,26,4,1,2017-02-22,,0.0,0.02122497733873747,0.0,312.0,,2017-02,
WGI2GSKJ,41.0,26,6,2,2017-02-22,2017-05-27,0.0,0.015554363450079128,0.0,94.0,94.0,2017-02,2017-05
W4BNO6UL,21.0,26,4,4,2017-02-22,2017-06-04,3763.0,0.9999999999995242,3763.0,102.0,102.0,2017-02,2017-06
S50A0C2S,41.0,32,2,2,2017-02-22,2017-03-14,0.0,0.0036336929989639714,0.0,20.0,20.0,2017-02,2017-03
3H80RIHV,65.0,32,5,4,2017-02-22,2017-05-10,5491.0,1.0,5491.0,77.0,77.0,2017-02,2017-05
KATNS4R4,4.0,4,1,2,2017-02-22,2017-05-22,0.0,0.0861878736209292,0.0,89.0,89.0,2017-02,2017-05
L5U7OT6O,79.0,27,5,4,2017-02-22,2017-06-17,5503.0,1.0,5503.0,115.0,115.0,2017-02,2017-06
QKVUGRN9,57.0,5,6,2,2017-02-22,2017-05-30,0.0,0.01917706206637288,0.0,97.0,97.0,2017-02,2017-05
FNY6F0KF,67.0,5,3,4,2017-02-22,2017-05-15,58.0,0.5631750199748654,58.0,82.0,82.0,2017-02,2017-05
1W23LEWK,28.0,9,6,4,2017-02-22,2017-05-27,1051.0,0.9890225228321127,1051.0,94.0,94.0,2017-02,2017-05
JHJEQ1U3,13.0,9,5,4,2017-02-22,2017-03-07,5604.0,1.0,5604.0,13.0,13.0,2017-02,2017-03
CPJAA632,78.0,21,4,4,2017-02-22,2017-05-15,3273.0,0.9999999999628479,3273.0,82.0,82.0,2017-02,2017-05
Y3CYQGPH,,25,1,1,2017-02-22,,0.0,0.29171871710753555,0.0,312.0,,2017-02,
Q19RWR17,60.0,24,1,1,2017-02-22,,0.0,0.4562175027827784,0.0,312.0,,2017-02,
GVC0RLQE,61.0,24,6,2,2017-02-22,2017-05-11,0.0,0.02130114149137684,0.0,78.0,78.0,2017-02,2017-05
9OLYBVNE,61.0,33,6,4,2017-02-22,2017-06-02,1220.0,0.9990682982640251,1220.0,100.0,100.0,2017-02,2017-06
R8N49PHN,64.0,33,5,4,2017-02-22,2017-03-02,5497.0,1.0,5497.0,8.0,8.0,2017-02,2017-03
P5EVJUKQ,13.0,1,6,4,2017-02-23,2017-06-10,1056.0,0.9961807101820376,1056.0,107.0,107.0,2017-02,2017-06
XF4648CO,42.0,22,1,2,2017-02-23,2017-06-16,0.0,0.11176212376233582,0.0,113.0,113.0,2017-02,2017-06
24UTFDPK,48.0,19,1,4,2017-02-23,2017-03-12,572.0,0.9416410605071226,572.0,17.0,17.0,2017-02,2017-03
ERYLM04D,25.0,2,4,4,2017-02-23,2017-05-23,3668.0,0.9999999999987441,3668.0,89.0,89.0,2017-02,2017-05
6PW6ZQEE,,13,1,1,2017-02-23,,0.0,0.37228009214048735,0.0,311.0,,2017-02,
IQ9W1X36,43.0,13,3,4,2017-02-23,2017-03-02,50.0,0.5568764857328111,50.0,7.0,7.0,2017-02,2017-03
GSR9PIF0,63.0,18,4,4,2017-02-23,2017-05-22,3509.0,0.9999999999957261,3509.0,88.0,88.0,2017-02,2017-05
8477482V,30.0,10,2,4,2017-02-23,2017-06-28,5643.0,1.0,5643.0,125.0,125.0,2017-02,2017-06
VFZOL6CB,14.0,28,3,4,2017-02-23,2017-03-10,47.0,0.7336922893360552,47.0,15.0,15.0,2017-02,2017-03
75ZOJ3O7,24.0,26,4,4,2017-02-23,2017-03-08,3312.0,0.9999999999813864,3312.0,13.0,13.0,2017-02,2017-03
1QQR82TP,32.0,30,5,2,2017-02-23,2017-06-23,0.0,0.010726439483686338,0.0,120.0,120.0,2017-02,2017-06
4E5A84H1,,32,4,1,2017-02-23,,0.0,0.020198721979792375,0.0,311.0,,2017-02,
DR6MQSWL,46.0,32,1,4,2017-02-23,2017-03-11,480.0,0.8932283110425536,480.0,16.0,16.0,2017-02,2017-03
KAV5TU8X,50.0,32,4,4,2017-02-23,2017-05-06,3208.0,0.9999999999369842,3208.0,72.0,72.0,2017-02,2017-05
UQ86UOWY,79.0,31,1,2,2017-02-23,2017-05-04,0.0,0.10520206674593414,0.0,70.0,70.0,2017-02,2017-05
A82DG6R5,42.0,31,5,4,2017-02-23,2017-05-04,5782.0,1.0,5782.0,70.0,70.0,2017-02,2017-05
37FKT2ZP,57.0,4,5,4,2017-02-23,2017-05-23,5827.0,1.0,5827.0,89.0,89.0,2017-02,2017-05
03VCDZEE,,34,2,1,2017-02-23,,0.0,0.01721040510542277,0.0,311.0,,2017-02,
MVXB9PS5,51.0,34,1,2,2017-02-23,2017-06-17,0.0,0.16104714016414345,0.0,114.0,114.0,2017-02,2017-06
M2TZSYTN,4.0,5,1,4,2017-02-23,2017-06-16,516.0,0.9348611084251103,516.0,113.0,113.0,2017-02,2017-06
KGJL5GHX,12.0,5,6,4,2017-02-23,2017-06-06,956.0,0.9901060337579204,956.0,103.0,103.0,2017-02,2017-06
IF7DSONM,66.0,5,3,4,2017-02-23,2017-03-15,52.0,0.7805645330562933,52.0,20.0,20.0,2017-02,2017-03
RR4FWSVB,72.0,5,4,4,2017-02-23,2017-05-11,3025.0,0.9999999995677828,3025.0,77.0,77.0,2017-02,2017-05
C5IWM5VJ,71.0,21,2,4,2017-02-23,2017-06-10,5618.0,1.0,5618.0,107.0,107.0,2017-02,2017-06
9WZ3I1TF,74.0,14,2,4,2017-02-23,2017-05-09,4867.0,1.0,4867.0,75.0,75.0,2017-02,2017-05
IO4GTLAB,42.0,33,6,4,2017-02-23,2017-03-14,929.0,0.964540103041717,929.0,19.0,19.0,2017-02,2017-03
7ONH55WT,,19,1,1,2017-02-24,,0.0,0.3417507806013725,0.0,310.0,,2017-02,
06T2UPDG,15.0,2,3,2,2017-02-24,2017-06-05,0.0,0.582049507749176,0.0,101.0,101.0,2017-02,2017-06
CMKXOOJQ,,13,1,1,2017-02-24,,0.0,0.3709282623536516,0.0,310.0,,2017-02,
9L6ADU5C,78.0,13,4,2,2017-02-24,2017-05-11,0.0,0.0034055115967702265,0.0,76.0,76.0,2017-02,2017-05
U185INDA,72.0,10,2,4,2017-02-24,2017-05-05,5010.0,1.0,5010.0,70.0,70.0,2017-02,2017-05
2AGLONC4,7.0,20,2,4,2017-02-24,2017-05-15,5621.0,1.0,5621.0,80.0,80.0,2017-02,2017-05
TBDUMBLA,40.0,20,4,4,2017-02-24,2017-05-02,3233.0,0.9999999999308717,3233.0,67.0,67.0,2017-02,2017-05
0AXGVKN8,1.0,15,3,4,2017-02-24,2017-05-28,55.0,0.5809766580299983,55.0,93.0,93.0,2017-02,2017-05
TAPNNL1W,5.0,15,4,4,2017-02-24,2017-03-07,3278.0,0.9999999999525304,3278.0,11.0,11.0,2017-02,2017-03
R9ZAKBFE,16.0,8,6,4,2017-02-24,2017-03-10,1155.0,0.9964939678282492,1155.0,14.0,14.0,2017-02,2017-03
Y40ADYX7,32.0,26,4,4,2017-02-24,2017-03-11,3550.0,0.9999999999975915,3550.0,15.0,15.0,2017-02,2017-03
R7GVZT8J,66.0,6,4,2,2017-02-24,2017-05-10,0.0,0.010123529115429842,0.0,75.0,75.0,2017-02,2017-05
RSEDY99J,36.0,6,6,4,2017-02-24,2017-06-16,1055.0,0.9953308426436304,1055.0,112.0,112.0,2017-02,2017-06
NR947OAB,,32,2,1,2017-02-24,,0.0,0.021828138522703853,0.0,310.0,,2017-02,
LMKNU8IZ,,27,2,1,2017-02-24,,0.0,0.012319620411795469,0.0,310.0,,2017-02,
D5NZQIWU,65.0,27,6,2,2017-02-24,2017-06-20,0.0,0.011311307988014047,0.0,116.0,116.0,2017-02,2017-06
Z0BGG6IJ,79.0,27,1,4,2017-02-24,2017-05-05,595.0,0.9449084097308939,595.0,70.0,70.0,2017-02,2017-05
ZCA1IRGD,76.0,5,4,4,2017-02-24,2017-05-06,3063.0,0.9999999997518698,3063.0,71.0,71.0,2017-02,2017-05
NPB8ZLEO,44.0,24,4,2,2017-02-24,2017-05-13,0.0,0.004756775643091772,0.0,78.0,78.0,2017-02,2017-05
HJIO57TA,48.0,12,4,4,2017-02-24,2017-06-06,3246.0,0.9999999999570568,3246.0,102.0,102.0,2017-02,2017-06
U6N053E1,62.0,1,1,4,2017-02-25,2017-03-02,423.0,0.805124367009862,423.0,5.0,5.0,2017-02,2017-03
R5RSH4JV,,22,5,1,2017-02-25,,0.0,0.025221623654254285,0.0,309.0,,2017-02,
MTKCJVFO,37.0,19,1,4,2017-02-25,2017-06-18,542.0,0.9415306601355314,542.0,113.0,113.0,2017-02,2017-06
KIP060D0,52.0,19,2,4,2017-02-25,2017-03-08,5040.0,1.0,5040.0,11.0,11.0,2017-02,2017-03
YOISPUC6,42.0,13,6,2,2017-02-25,2017-05-21,0.0,0.012290264718927267,0.0,85.0,85.0,2017-02,2017-05
2MHTTXX0,57.0,10,5,2,2017-02-25,2017-06-17,0.0,0.009771296382246051,0.0,112.0,112.0,2017-02,2017-06
QU4FNKZL,67.0,10,2,4,2017-02-25,2017-05-09,5423.0,1.0,5423.0,73.0,73.0,2017-02,2017-05
GZUKDP7F,9.0,10,4,4,2017-02-25,2017-06-13,3295.0,0.9999999999763194,3295.0,108.0,108.0,2017-02,2017-06
S519S1EK,56.0,20,1,4,2017-02-25,2017-06-02,568.0,0.9495750720643498,568.0,97.0,97.0,2017-02,2017-06
AL554AUI,78.0,20,1,4,2017-02-25,2017-05-26,640.0,0.9595353123923861,640.0,90.0,90.0,2017-02,2017-05
MCWDHOBT,55.0,28,2,4,2017-02-25,2017-05-19,4612.0,0.9999999999999996,4612.0,83.0,83.0,2017-02,2017-05
GDZV8N5W,16.0,8,2,2,2017-02-25,2017-05-26,0.0,0.004116302766032868,0.0,90.0,90.0,2017-02,2017-05
X1D1HYMM,,30,5,1,2017-02-25,,0.0,0.025435035168429966,0.0,309.0,,2017-02,
F4FLJ0WW,32.0,30,6,2,2017-02-25,2017-05-26,0.0,0.02134565581445644,0.0,90.0,90.0,2017-02,2017-05
P3VM7655,19.0,6,4,4,2017-02-25,2017-05-06,3281.0,0.9999999999765679,3281.0,70.0,70.0,2017-02,2017-05
5QU60VGE,24.0,32,1,2,2017-02-25,2017-03-12,0.0,0.15394396090892948,0.0,15.0,15.0,2017-02,2017-03
3CLBPMYZ,46.0,32,6,2,2017-02-25,2017-03-08,0.0,0.011298401813435166,0.0,11.0,11.0,2017-02,2017-03
G17JEA75,58.0,32,3,4,2017-02-25,2017-03-11,59.0,0.7588352799166906,59.0,14.0,14.0,2017-02,2017-03
BGU0JJ9X,62.0,7,6,4,2017-02-25,2017-06-30,1081.0,0.9965537751827983,1081.0,125.0,125.0,2017-02,2017-06
U02OIJGK,85.0,7,6,4,2017-02-25,2017-05-09,962.0,0.9779094437170276,962.0,73.0,73.0,2017-02,2017-05
3N7ZXGMF,11.0,9,6,4,2017-02-25,2017-03-06,1123.0,0.9921839832849844,1123.0,9.0,9.0,2017-02,2017-03
0QHI3KG5,78.0,21,4,4,2017-02-25,2017-06-10,3075.0,0.9999999997973059,3075.0,105.0,105.0,2017-02,2017-06
0WWDVOM3,12.0,25,3,4,2017-02-25,2017-05-09,50.0,0.6890072175373271,50.0,73.0,73.0,2017-02,2017-05
QPPUCKFM,14.0,25,3,4,2017-02-25,2017-03-06,47.0,0.6855185067119275,47.0,9.0,9.0,2017-02,2017-03
VGE4M1C9,29.0,3,3,2,2017-02-25,2017-03-08,0.0,0.4541835468950089,0.0,11.0,11.0,2017-02,2017-03
56XQOTXV,3.0,3,5,4,2017-02-25,2017-05-17,4494.0,0.9999999999999996,4494.0,81.0,81.0,2017-02,2017-05
1JC9DMNJ,36.0,24,3,2,2017-02-25,2017-05-06,0.0,0.5458781356811955,0.0,70.0,70.0,2017-02,2017-05
AK2LRFXF,64.0,24,3,4,2017-02-25,2017-03-11,61.0,0.6825095444670678,61.0,14.0,14.0,2017-02,2017-03
UCK7JRXG,32.0,24,4,4,2017-02-25,2017-05-13,3418.0,0.9999999999922731,3418.0,77.0,77.0,2017-02,2017-05
GVYF29NM,,12,4,1,2017-02-25,,0.0,0.018373859596255437,0.0,309.0,,2017-02,
DN6SG3US,,16,5,1,2017-02-25,,0.0,0.026638696164867113,0.0,309.0,,2017-02,
WM30CUBE,44.0,16,4,4,2017-02-25,2017-06-02,3336.0,0.9999999999842617,3336.0,97.0,97.0,2017-02,2017-06
EW28ZONV,,33,6,1,2017-02-25,,0.0,0.040481466609169445,0.0,309.0,,2017-02,
8DWOWB6Y,3.0,1,1,2,2017-02-26,2017-03-16,0.0,0.10056984812867957,0.0,18.0,18.0,2017-02,2017-03
BGNB966A,49.0,22,5,4,2017-02-26,2017-03-13,4766.0,1.0,4766.0,15.0,15.0,2017-02,2017-03
4Q4CLZCH,56.0,13,4,2,2017-02-26,2017-06-10,0.0,0.0058233841934755256,0.0,104.0,104.0,2017-02,2017-06
YQ24IWRQ,26.0,18,1,4,2017-02-26,2017-05-27,592.0,0.9423554145904218,592.0,90.0,90.0,2017-02,2017-05
Z30RS0CL,40.0,20,1,2,2017-02-26,2017-06-01,0.0,0.10356717051283419,0.0,95.0,95.0,2017-02,2017-06
FRB34F3W,33.0,28,3,2,2017-02-26,2017-05-24,0.0,0.5694887674323204,0.0,87.0,87.0,2017-02,2017-05
CGEHFK9N,73.0,8,2,2,2017-02-26,2017-05-29,0.0,0.0047637852202997285,0.0,92.0,92.0,2017-02,2017-05
4A189ZAB,19.0,8,2,4,2017-02-26,2017-06-08,5142.0,1.0,5142.0,102.0,102.0,2017-02,2017-06
0HELH2Q0,10.0,30,6,2,2017-02-26,2017-05-29,0.0,0.01809975189821857,0.0,92.0,92.0,2017-02,2017-05
9E8A7MQ8,6.0,31,5,1,2017-02-26,,0.0,0.02256326997419436,0.0,308.0,,2017-02,
HG5P21RO,30.0,4,4,2,2017-02-26,2017-05-08,0.0,0.004036834110033686,0.0,71.0,71.0,2017-02,2017-05
MGP9HCUL,54.0,27,6,2,2017-02-26,2017-06-16,0.0,0.007435102012596793,0.0,110.0,110.0,2017-02,2017-06
HVZMZW96,,34,6,1,2017-02-26,,0.0,0.04867136039208383,0.0,308.0,,2017-02,
1H1YDS7C,,34,6,1,2017-02-26,,0.0,0.04867136039208383,0.0,308.0,,2017-02,
FZC2J90W,7.0,34,4,1,2017-02-26,,0.0,0.013188291755850847,0.0,308.0,,2017-02,
XX84TIMO,22.0,34,6,2,2017-02-26,2017-06-26,0.0,0.015124763559170083,0.0,120.0,120.0,2017-02,2017-06
2JFS8EGS,50.0,34,3,2,2017-02-26,2017-05-03,0.0,0.5352751099516926,0.0,66.0,66.0,2017-02,2017-05
GBMHNLRO,19.0,5,1,4,2017-02-26,2017-03-15,660.0,0.980363365138622,660.0,17.0,17.0,2017-02,2017-03
NAVG0P26,60.0,5,1,4,2017-02-26,2017-05-26,443.0,0.9085736374898997,443.0,89.0,89.0,2017-02,2017-05
DK955UBP,11.0,9,3,2,2017-02-26,2017-05-20,0.0,0.425046381472641,0.0,83.0,83.0,2017-02,2017-05
0OOZE4GN,84.0,14,5,2,2017-02-26,2017-03-03,0.0,0.00517852105049343,0.0,5.0,5.0,2017-02,2017-03
3P0T15VX,71.0,14,3,2,2017-02-26,2017-05-18,0.0,0.5167299136307442,0.0,81.0,81.0,2017-02,2017-05
GK0A4IQW,16.0,3,3,4,2017-02-26,2017-06-18,61.0,0.7623737655618171,61.0,112.0,112.0,2017-02,2017-06
UI3DE2C4,,33,6,1,2017-02-26,,0.0,0.04025720077006124,0.0,308.0,,2017-02,
UXJSIAVS,79.0,33,5,4,2017-02-26,2017-03-14,4846.0,1.0,4846.0,16.0,16.0,2017-02,2017-03
KR4K652E,15.0,1,1,4,2017-02-27,2017-06-04,574.0,0.9604964408948916,574.0,97.0,97.0,2017-02,2017-06
J2SR2H1Y,26.0,19,1,2,2017-02-27,2017-06-18,0.0,0.08331754088815294,0.0,111.0,111.0,2017-02,2017-06
4U5VTUJL,69.0,19,2,2,2017-02-27,2017-05-22,0.0,0.00401312076174404,0.0,84.0,84.0,2017-02,2017-05
VTT447YT,13.0,2,1,4,2017-02-27,2017-05-03,497.0,0.9234539528128393,497.0,65.0,65.0,2017-02,2017-05
8JJY9B08,78.0,13,1,2,2017-02-27,2017-05-04,0.0,0.08994598170352447,0.0,66.0,66.0,2017-02,2017-05
STTAXKIU,44.0,13,5,4,2017-02-27,2017-05-30,5159.0,1.0,5159.0,92.0,92.0,2017-02,2017-05
25FUROM1,79.0,18,6,1,2017-02-27,,0.0,0.05152692203185162,0.0,307.0,,2017-02,
PX4OW5SC,11.0,10,3,2,2017-02-27,2017-05-02,0.0,0.4771441742551942,0.0,64.0,64.0,2017-02,2017-05
87MEZS8G,13.0,10,2,4,2017-02-27,2017-05-13,4311.0,0.9999999999999969,4311.0,75.0,75.0,2017-02,2017-05
SLIWHUIM,26.0,20,1,4,2017-02-27,2017-05-22,609.0,0.9360511115228038,609.0,84.0,84.0,2017-02,2017-05
XBVFZ1IR,9.0,8,6,4,2017-02-27,2017-06-24,1008.0,0.9932550746443054,1008.0,117.0,117.0,2017-02,2017-06
7B3J333S,85.0,8,2,4,2017-02-27,2017-06-22,4458.0,0.9999999999999982,4458.0,115.0,115.0,2017-02,2017-06
9X2S0K15,,26,4,1,2017-02-27,,0.0,0.020631913494632895,0.0,307.0,,2017-02,
3N9I1WH7,54.0,26,4,4,2017-02-27,2017-05-26,2964.0,0.9999999993460942,2964.0,88.0,88.0,2017-02,2017-05
TMW4J6NA,47.0,30,5,2,2017-02-27,2017-06-04,0.0,0.004821290703241939,0.0,97.0,97.0,2017-02,2017-06
ZI1MPYF3,14.0,30,4,4,2017-02-27,2017-06-05,3813.0,0.9999999999998554,3813.0,98.0,98.0,2017-02,2017-06
L6KOBEBZ,60.0,6,1,4,2017-02-27,2017-05-27,528.0,0.9629169727813186,528.0,89.0,89.0,2017-02,2017-05
Z2S4KUPO,58.0,31,6,4,2017-02-27,2017-03-10,1173.0,0.9981938822398143,1173.0,11.0,11.0,2017-02,2017-03
GIW1PN4L,42.0,31,2,4,2017-02-27,2017-06-19,3893.0,0.9999999999998477,3893.0,112.0,112.0,2017-02,2017-06
E57F5Z2K,65.0,31,2,4,2017-02-27,2017-03-15,4678.0,0.9999999999999998,4678.0,16.0,16.0,2017-02,2017-03
38KKSE72,4.0,4,1,4,2017-02-27,2017-06-01,530.0,0.9159353287998054,530.0,94.0,94.0,2017-02,2017-06
0GJ586J0,70.0,27,3,2,2017-02-27,2017-03-14,0.0,0.4112393186248321,0.0,15.0,15.0,2017-02,2017-03
4V0S4BA3,32.0,27,7,4,2017-02-27,2017-06-27,29617.0,1.0,29617.0,120.0,120.0,2017-02,2017-06
1LTD5TKV,39.0,7,6,4,2017-02-27,2017-05-09,1028.0,0.9933144809227623,1028.0,71.0,71.0,2017-02,2017-05
VBM56CIF,16.0,7,4,4,2017-02-27,2017-06-28,2863.0,0.9999999989341228,2863.0,121.0,121.0,2017-02,2017-06
XRZVJPD5,,34,6,1,2017-02-27,,0.0,0.04840401166997276,0.0,307.0,,2017-02,
PDH2NPE1,11.0,5,4,4,2017-02-27,2017-06-28,4109.0,0.9999999999999734,4109.0,121.0,121.0,2017-02,2017-06
OV60VIBB,3.0,9,1,2,2017-02-27,2017-05-08,0.0,0.07589406363175817,0.0,70.0,70.0,2017-02,2017-05
2OAIXF3A,42.0,21,6,4,2017-02-27,2017-03-13,1106.0,0.995769183329079,1106.0,14.0,14.0,2017-02,2017-03
QDGUWTLU,,25,3,1,2017-02-27,,0.0,0.811953302924784,0.0,307.0,,2017-02,
FBSEA94D,8.0,14,3,4,2017-02-27,2017-06-30,53.0,0.7766919725986223,53.0,123.0,123.0,2017-02,2017-06
EOB01PRO,29.0,3,3,4,2017-02-27,2017-05-14,47.0,0.6268765305533134,47.0,76.0,76.0,2017-02,2017-05
5QC9H4C2,42.0,12,4,4,2017-02-27,2017-05-23,3749.0,0.9999999999994047,3749.0,85.0,85.0,2017-02,2017-05
3HGQ3BOY,52.0,12,4,4,2017-02-27,2017-05-27,4204.0,0.9999999999999942,4204.0,89.0,89.0,2017-02,2017-05
CO6ZPH1W,74.0,19,4,4,2017-02-28,2017-06-15,3986.0,0.999999999999913,3986.0,107.0,107.0,2017-02,2017-06
M3WTE943,18.0,18,2,4,2017-02-28,2017-06-05,5105.0,1.0,5105.0,97.0,97.0,2017-02,2017-06
X914SMX7,28.0,10,1,4,2017-02-28,2017-06-22,516.0,0.910782099002466,516.0,114.0,114.0,2017-02,2017-06
1MCE2AOV,60.0,10,2,4,2017-02-28,2017-06-02,4407.0,0.9999999999999991,4407.0,94.0,94.0,2017-02,2017-06
8061HKKB,81.0,20,4,4,2017-02-28,2017-06-19,3087.0,0.9999999996884676,3087.0,111.0,111.0,2017-02,2017-06
T1HIH384,38.0,8,5,4,2017-02-28,2017-05-15,5331.0,1.0,5331.0,76.0,76.0,2017-02,2017-05
FM2NX2GB,12.0,26,4,4,2017-02-28,2017-05-05,4069.0,0.9999999999999809,4069.0,66.0,66.0,2017-02,2017-05
JSZZN48S,,30,5,1,2017-02-28,,0.0,0.02500806519209277,0.0,306.0,,2017-02,
SJ45HNHM,35.0,30,1,4,2017-02-28,2017-06-29,463.0,0.9001270920257274,463.0,121.0,121.0,2017-02,2017-06
NYGZJYCJ,22.0,30,5,4,2017-02-28,2017-05-26,5625.0,1.0,5625.0,87.0,87.0,2017-02,2017-05
6MMFIIGE,60.0,4,1,4,2017-02-28,2017-06-15,524.0,0.9421105514606243,524.0,107.0,107.0,2017-02,2017-06
IJ817GQJ,10.0,27,1,2,2017-02-28,2017-05-12,0.0,0.08830689965842292,0.0,73.0,73.0,2017-02,2017-05
F2B62IW4,5.0,34,3,1,2017-02-28,,0.0,0.8499184034186484,0.0,306.0,,2017-02,
PCRRS6JP,28.0,5,3,2,2017-02-28,2017-05-28,0.0,0.4652430685536557,0.0,89.0,89.0,2017-02,2017-05
NKL5SWX3,82.0,21,6,4,2017-02-28,2017-06-01,1161.0,0.9988147157856411,1161.0,93.0,93.0,2017-02,2017-06
WVG1CIHX,49.0,21,5,4,2017-02-28,2017-06-03,6046.0,1.0,6046.0,95.0,95.0,2017-02,2017-06
7GRNFO6D,19.0,3,3,4,2017-02-28,2017-05-18,49.0,0.7930151172262062,49.0,79.0,79.0,2017-02,2017-05
G0QKNVIJ,13.0,1,3,4,2017-03-01,2017-05-28,51.0,0.7591565849336197,51.0,88.0,88.0,2017-03,2017-05
6HRIX06M,36.0,1,4,4,2017-03-01,2017-06-26,3415.0,0.9999999999924669,3415.0,117.0,117.0,2017-03,2017-06
DEHQTB8B,43.0,22,3,1,2017-03-01,,0.0,0.8201632121338047,0.0,305.0,,2017-03,
AM5YTMH3,42.0,22,6,4,2017-03-01,2017-03-10,1053.0,0.9914928803249321,1053.0,9.0,9.0,2017-03,2017-03
2L5ZWLI7,2.0,19,6,2,2017-03-01,2017-05-25,0.0,0.01186837250192468,0.0,85.0,85.0,2017-03,2017-05
6B6Q8C5S,18.0,19,2,4,2017-03-01,2017-03-15,5068.0,1.0,5068.0,14.0,14.0,2017-03,2017-03
DF4KYH5H,48.0,19,2,4,2017-03-01,2017-06-30,4256.0,0.9999999999999958,4256.0,121.0,121.0,2017-03,2017-06
KVR52YDI,,13,2,1,2017-03-01,,0.0,0.020210421726255343,0.0,305.0,,2017-03,
JTDV6H65,73.0,10,4,2,2017-03-01,2017-05-08,0.0,0.00458179837207478,0.0,68.0,68.0,2017-03,2017-05
O8JF46GT,28.0,10,1,4,2017-03-01,2017-03-12,657.0,0.9609207484717851,657.0,11.0,11.0,2017-03,2017-03
RK5Y67V6,66.0,10,3,4,2017-03-01,2017-03-08,60.0,0.8068190027073661,60.0,7.0,7.0,2017-03,2017-03
COWOZH43,53.0,20,1,2,2017-03-01,2017-05-29,0.0,0.07077542698901294,0.0,89.0,89.0,2017-03,2017-05
DGIYD342,36.0,28,5,2,2017-03-01,2017-05-10,0.0,0.0052518356517361735,0.0,70.0,70.0,2017-03,2017-05
JSSGVBVS,63.0,15,1,2,2017-03-01,2017-05-05,0.0,0.1256512976819977,0.0,65.0,65.0,2017-03,2017-05
V28NVD6A,56.0,15,1,4,2017-03-01,2017-05-01,629.0,0.9762964032722549,629.0,61.0,61.0,2017-03,2017-05
I1IAVDQM,36.0,8,4,2,2017-03-01,2017-05-23,0.0,0.0037603124789555337,0.0,83.0,83.0,2017-03,2017-05
4MC584U5,73.0,8,4,4,2017-03-01,2017-06-02,4082.0,0.9999999999999751,4082.0,93.0,93.0,2017-03,2017-06
MCYLHUCZ,60.0,4,6,4,2017-03-01,2017-05-31,1044.0,0.9947164380445452,1044.0,91.0,91.0,2017-03,2017-05
5E4DTWHV,38.0,7,4,2,2017-03-01,2017-06-11,0.0,0.005926041988974759,0.0,102.0,102.0,2017-03,2017-06
1VUBYV53,58.0,34,6,4,2017-03-01,2017-03-21,1025.0,0.9936925820774443,1025.0,20.0,20.0,2017-03,2017-03
W03CXYET,68.0,5,1,4,2017-03-01,2017-06-17,465.0,0.9142005476802844,465.0,108.0,108.0,2017-03,2017-06
LZVFFQLN,45.0,5,3,4,2017-03-01,2017-06-14,50.0,0.6869245249160796,50.0,105.0,105.0,2017-03,2017-06
MFV0C5RN,75.0,21,5,4,2017-03-01,2017-03-09,5548.0,1.0,5548.0,8.0,8.0,2017-03,2017-03
A1WZEK7U,42.0,21,4,4,2017-03-01,2017-06-03,3558.0,0.9999999999975357,3558.0,94.0,94.0,2017-03,2017-06
516FJUNB,64.0,25,4,4,2017-03-01,2017-03-07,3959.0,0.9999999999998874,3959.0,6.0,6.0,2017-03,2017-03
PE8DK02A,59.0,3,3,4,2017-03-01,2017-03-17,49.0,0.743775707334648,49.0,16.0,16.0,2017-03,2017-03
10NTPQUY,76.0,3,3,4,2017-03-01,2017-06-16,50.0,0.7890760741406486,50.0,107.0,107.0,2017-03,2017-06
X2EXSMPR,77.0,24,1,4,2017-03-01,2017-03-08,523.0,0.8611386310704426,523.0,7.0,7.0,2017-03,2017-03
JCFQVIEG,83.0,24,6,4,2017-03-01,2017-06-01,1086.0,0.9967374544909983,1086.0,92.0,92.0,2017-03,2017-06
XIWKGJOW,32.0,24,2,4,2017-03-01,2017-03-09,4445.0,0.9999999999999991,4445.0,8.0,8.0,2017-03,2017-03
STT3X4NB,77.0,12,1,1,2017-03-01,,0.0,0.26012290470833194,0.0,305.0,,2017-03,
DHGLWIDZ,74.0,12,2,4,2017-03-01,2017-06-24,4756.0,1.0,4756.0,115.0,115.0,2017-03,2017-06
74VGCEEW,27.0,12,3,4,2017-03-01,2017-06-19,67.0,0.7609499903763546,67.0,110.0,110.0,2017-03,2017-06
MXTAIS4Q,40.0,16,4,4,2017-03-01,2017-06-09,3783.0,0.9999999999997389,3783.0,100.0,100.0,2017-03,2017-06
XRDF1NAB,,33,2,1,2017-03-01,,0.0,0.013861662931336153,0.0,305.0,,2017-03,
YP8QKKEZ,17.0,33,1,2,2017-03-01,2017-05-31,0.0,0.09530295392196401,0.0,91.0,91.0,2017-03,2017-05
3TSOEM5K,58.0,33,5,2,2017-03-01,2017-06-27,0.0,0.008464293445067005,0.0,118.0,118.0,2017-03,2017-06
G7RCJBVL,19.0,1,4,2,2017-03-02,2017-05-31,0.0,0.008423864073018872,0.0,90.0,90.0,2017-03,2017-05
G20IQSA3,13.0,1,1,4,2017-03-02,2017-03-12,522.0,0.9341495130533417,522.0,10.0,10.0,2017-03,2017-03
Q16BQCEL,43.0,22,6,4,2017-03-02,2017-03-18,1001.0,0.9855762059874461,1001.0,16.0,16.0,2017-03,2017-03
9924I5ZF,3.0,2,5,4,2017-03-02,2017-05-25,5728.0,1.0,5728.0,84.0,84.0,2017-03,2017-05
SLLJT3T1,11.0,10,5,4,2017-03-02,2017-06-19,4856.0,1.0,4856.0,109.0,109.0,2017-03,2017-06
AAEUN73V,9.0,10,2,4,2017-03-02,2017-05-26,5570.0,1.0,5570.0,85.0,85.0,2017-03,2017-05
32LY2D1K,13.0,10,4,4,2017-03-02,2017-05-26,3647.0,0.9999999999988516,3647.0,85.0,85.0,2017-03,2017-05
S2UWELRW,49.0,20,1,4,2017-03-02,2017-06-11,487.0,0.8954276372210056,487.0,101.0,101.0,2017-03,2017-06
5VQRLIEZ,18.0,20,6,4,2017-03-02,2017-06-12,1166.0,0.9984983574123988,1166.0,102.0,102.0,2017-03,2017-06
WUNMIJW9,,28,4,1,2017-03-02,,0.0,0.015628569304971765,0.0,304.0,,2017-03,
6U0CT07B,62.0,6,1,4,2017-03-02,2017-06-06,595.0,0.9648141266003716,595.0,96.0,96.0,2017-03,2017-06
DFN1V29L,12.0,32,3,4,2017-03-02,2017-06-04,49.0,0.794988672584078,49.0,94.0,94.0,2017-03,2017-06
VBZ862OS,77.0,31,1,4,2017-03-02,2017-03-19,599.0,0.9276526944692329,599.0,17.0,17.0,2017-03,2017-03
VFKKSJT2,42.0,31,2,4,2017-03-02,2017-05-15,4506.0,0.9999999999999993,4506.0,74.0,74.0,2017-03,2017-05
FJMFXCTD,70.0,31,2,4,2017-03-02,2017-05-06,4512.0,0.9999999999999996,4512.0,65.0,65.0,2017-03,2017-05
LGLIB8TR,30.0,4,1,2,2017-03-02,2017-05-01,0.0,0.11031269686890623,0.0,60.0,60.0,2017-03,2017-05
JREGYB42,50.0,34,6,4,2017-03-02,2017-05-06,1102.0,0.99587305618195,1102.0,65.0,65.0,2017-03,2017-05
4V9NMGEA,,25,1,1,2017-03-02,,0.0,0.2849965013837293,0.0,304.0,,2017-03,
9PWM6RYC,58.0,25,1,2,2017-03-02,2017-06-10,0.0,0.14404254651459042,0.0,100.0,100.0,2017-03,2017-06
EMUA57Q2,12.0,3,3,4,2017-03-02,2017-05-12,54.0,0.7909654818963854,54.0,71.0,71.0,2017-03,2017-05
DB3N4CHN,36.0,3,3,4,2017-03-02,2017-03-17,62.0,0.688428716670844,62.0,15.0,15.0,2017-03,2017-03
4CXUC4VR,58.0,24,1,1,2017-03-02,,0.0,0.4456715802882,0.0,304.0,,2017-03,
79EHWR35,,24,1,1,2017-03-02,,0.0,0.33588563474968575,0.0,304.0,,2017-03,
L0GMLGRR,,24,3,1,2017-03-02,,0.0,0.8451510788135272,0.0,304.0,,2017-03,
OF7GY5F4,71.0,12,3,4,2017-03-02,2017-03-09,61.0,0.6275128871667217,61.0,7.0,7.0,2017-03,2017-03
D3ZC338T,,33,1,1,2017-03-02,,0.0,0.2823270127065106,0.0,304.0,,2017-03,
CVFJUYPM,64.0,33,2,2,2017-03-02,2017-05-23,0.0,0.00453165274886001,0.0,82.0,82.0,2017-03,2017-05
L5807I4N,46.0,33,2,4,2017-03-02,2017-03-16,4277.0,0.9999999999999927,4277.0,14.0,14.0,2017-03,2017-03
Q1ZKBGV5,29.0,1,3,4,2017-03-03,2017-05-23,46.0,0.6469973116776723,46.0,81.0,81.0,2017-03,2017-05
9JKODCAU,60.0,1,3,4,2017-03-03,2017-06-22,54.0,0.8334532436350088,54.0,111.0,111.0,2017-03,2017-06
LELWKXDX,18.0,22,5,4,2017-03-03,2017-06-08,6173.0,1.0,6173.0,97.0,97.0,2017-03,2017-06
QRQ8C6MQ,29.0,19,2,1,2017-03-03,,0.0,0.012695892014068927,0.0,303.0,,2017-03,
DA95Q0VE,26.0,19,4,2,2017-03-03,2017-03-21,0.0,0.0021239407469433604,0.0,18.0,18.0,2017-03,2017-03
5HMZH1Z9,69.0,18,2,2,2017-03-03,2017-06-11,0.0,0.004197096602721518,0.0,100.0,100.0,2017-03,2017-06
05QMFSF0,72.0,10,2,2,2017-03-03,2017-05-16,0.0,0.004387738146429725,0.0,74.0,74.0,2017-03,2017-05
JE245P8R,45.0,10,6,4,2017-03-03,2017-05-28,1149.0,0.9977345937036683,1149.0,86.0,86.0,2017-03,2017-05
SFQMEZIW,63.0,15,1,2,2017-03-03,2017-05-04,0.0,0.12375565631464608,0.0,62.0,62.0,2017-03,2017-05
B8RR21XP,19.0,6,6,2,2017-03-03,2017-03-16,0.0,0.017264952736724317,0.0,13.0,13.0,2017-03,2017-03
ZG8WPG99,,31,2,1,2017-03-03,,0.0,0.017288045802455656,0.0,303.0,,2017-03,
U85VV1BU,32.0,31,1,4,2017-03-03,2017-05-22,568.0,0.9686062539437709,568.0,80.0,80.0,2017-03,2017-05
V6HB68BL,41.0,31,1,4,2017-03-03,2017-05-30,567.0,0.9513594756102045,567.0,88.0,88.0,2017-03,2017-05
H9JPB7GW,28.0,4,1,4,2017-03-03,2017-03-09,542.0,0.8513425235778175,542.0,6.0,6.0,2017-03,2017-03
8LFNU39A,13.0,7,1,2,2017-03-03,2017-05-28,0.0,0.15774878935419065,0.0,86.0,86.0,2017-03,2017-05
SWPTTVQZ,25.0,7,6,4,2017-03-03,2017-03-16,1062.0,0.9931134711283377,1062.0,13.0,13.0,2017-03,2017-03
GKJLM1UR,21.0,34,6,4,2017-03-03,2017-03-13,1057.0,0.9898643724514551,1057.0,10.0,10.0,2017-03,2017-03
8L1ZHTPL,29.0,5,6,4,2017-03-03,2017-06-01,1020.0,0.9884821642831498,1020.0,90.0,90.0,2017-03,2017-06
U7M26UZV,,24,3,1,2017-03-03,,0.0,0.844391944801352,0.0,303.0,,2017-03,
TV300INP,,16,5,1,2017-03-03,,0.0,0.026094960953536233,0.0,303.0,,2017-03,
KBQ16F1I,,33,1,1,2017-03-03,,0.0,0.2811555205111231,0.0,303.0,,2017-03,
4XX690SP,33.0,33,1,4,2017-03-03,2017-05-11,535.0,0.9212777014748288,535.0,69.0,69.0,2017-03,2017-05
JSDGELLK,11.0,1,1,4,2017-03-04,2017-06-13,522.0,0.9338119192149049,522.0,101.0,101.0,2017-03,2017-06
LV1754PS,57.0,1,1,4,2017-03-04,2017-05-14,544.0,0.9681342570920047,544.0,71.0,71.0,2017-03,2017-05
JIYYV11P,28.0,1,4,4,2017-03-04,2017-06-07,3081.0,0.9999999997536124,3081.0,95.0,95.0,2017-03,2017-06
FYN7C0CV,,19,4,1,2017-03-04,,0.0,0.016130111062023843,0.0,302.0,,2017-03,
6TB7XA83,15.0,2,3,4,2017-03-04,2017-05-18,51.0,0.6791076630512165,51.0,75.0,75.0,2017-03,2017-05
U5UM9W8V,82.0,13,6,2,2017-03-04,2017-05-09,0.0,0.01858493877073084,0.0,66.0,66.0,2017-03,2017-05
5JDWBOLS,,18,1,1,2017-03-04,,0.0,0.3209453209986789,0.0,302.0,,2017-03,
POB32WHJ,1.0,18,6,2,2017-03-04,2017-05-06,0.0,0.006626532686349099,0.0,63.0,63.0,2017-03,2017-05
4T8KR12S,68.0,10,6,4,2017-03-04,2017-03-20,1076.0,0.9951783819486476,1076.0,16.0,16.0,2017-03,2017-03
JA0D4V57,79.0,30,4,4,2017-03-04,2017-05-09,3685.0,0.9999999999991034,3685.0,66.0,66.0,2017-03,2017-05
6CKB8I8U,36.0,6,6,2,2017-03-04,2017-05-13,0.0,0.01387736758012715,0.0,70.0,70.0,2017-03,2017-05
HKBAON9X,31.0,32,2,4,2017-03-04,2017-05-18,3997.0,0.9999999999999494,3997.0,75.0,75.0,2017-03,2017-05
7S1N6QHI,79.0,32,3,4,2017-03-04,2017-03-18,51.0,0.6774262572913775,51.0,14.0,14.0,2017-03,2017-03
CHI2T3IH,70.0,32,4,4,2017-03-04,2017-03-21,3164.0,0.9999999998935907,3164.0,17.0,17.0,2017-03,2017-03
X7HK448T,25.0,4,1,4,2017-03-04,2017-06-22,496.0,0.8733958190615153,496.0,110.0,110.0,2017-03,2017-06
1YYN3PBU,22.0,27,4,2,2017-03-04,2017-05-13,0.0,0.002833145360763413,0.0,70.0,70.0,2017-03,2017-05
R4L36Y0P,66.0,7,1,4,2017-03-04,2017-03-26,579.0,0.9824656378762755,579.0,22.0,22.0,2017-03,2017-03
CPTEPYPZ,77.0,34,1,2,2017-03-04,2017-05-20,0.0,0.06754613666750864,0.0,77.0,77.0,2017-03,2017-05
AJJ7VJWA,4.0,9,2,2,2017-03-04,2017-05-02,0.0,0.003212163629453684,0.0,59.0,59.0,2017-03,2017-05
8BR6E4S6,73.0,9,2,2,2017-03-04,2017-05-27,0.0,0.003973966940465771,0.0,84.0,84.0,2017-03,2017-05
YNKWBEEN,42.0,21,1,4,2017-03-04,2017-06-27,521.0,0.9501298614689054,521.0,115.0,115.0,2017-03,2017-06
SARVIBLS,27.0,21,4,4,2017-03-04,2017-03-07,3889.0,0.9999999999998463,3889.0,3.0,3.0,2017-03,2017-03
M4ZNQTEQ,56.0,14,4,4,2017-03-04,2017-03-12,3340.0,0.9999999999738141,3340.0,8.0,8.0,2017-03,2017-03
K0GWTWYL,23.0,3,3,2,2017-03-04,2017-03-20,0.0,0.5234101883489524,0.0,16.0,16.0,2017-03,2017-03
TCSQO748,10.0,24,2,2,2017-03-04,2017-05-11,0.0,0.0052048028768937014,0.0,68.0,68.0,2017-03,2017-05
7TI1WTV9,1.0,33,2,1,2017-03-04,,0.0,0.008046393303583052,0.0,302.0,,2017-03,
01EH41WA,,33,2,1,2017-03-04,,0.0,0.01362625515253013,0.0,302.0,,2017-03,
ITCY8YV0,6.0,33,2,4,2017-03-04,2017-06-11,5876.0,1.0,5876.0,99.0,99.0,2017-03,2017-06
SAUAOZVO,72.0,1,5,4,2017-03-05,2017-05-29,5092.0,1.0,5092.0,85.0,85.0,2017-03,2017-05
1XHLB0Q5,48.0,22,6,2,2017-03-05,2017-05-09,0.0,0.013500571011888396,0.0,65.0,65.0,2017-03,2017-05
71GQNH5T,,19,4,1,2017-03-05,,0.0,0.016038495871252216,0.0,301.0,,2017-03,
LSA39JBG,,18,1,1,2017-03-05,,0.0,0.3196849652625565,0.0,301.0,,2017-03,
OJVA8ZEK,1.0,18,6,4,2017-03-05,2017-06-08,966.0,0.9785162181380401,966.0,95.0,95.0,2017-03,2017-06
UAX3F7D4,53.0,18,5,4,2017-03-05,2017-03-21,6024.0,1.0,6024.0,16.0,16.0,2017-03,2017-03
7PDUWDGT,12.0,18,4,4,2017-03-05,2017-03-14,3759.0,0.9999999999995062,3759.0,9.0,9.0,2017-03,2017-03
QWJ2TRQM,68.0,10,2,2,2017-03-05,2017-05-24,0.0,0.0056678018781713526,0.0,80.0,80.0,2017-03,2017-05
3AU5SZ3V,18.0,20,2,4,2017-03-05,2017-03-23,4443.0,0.9999999999999991,4443.0,18.0,18.0,2017-03,2017-03
BVOO33UA,10.0,26,4,4,2017-03-05,2017-06-28,3397.0,0.999999999993044,3397.0,115.0,115.0,2017-03,2017-06
SC7XGQVA,64.0,30,5,2,2017-03-05,2017-03-15,0.0,0.0060407027391566025,0.0,10.0,10.0,2017-03,2017-03
UY45Y7AM,70.0,30,3,2,2017-03-05,2017-05-14,0.0,0.5995907311793034,0.0,70.0,70.0,2017-03,2017-05
M92Y63Q3,16.0,6,3,4,2017-03-05,2017-05-05,59.0,0.7045603662632721,59.0,61.0,61.0,2017-03,2017-05
AKTPC3M1,,32,1,1,2017-03-05,,0.0,0.37671309218361765,0.0,301.0,,2017-03,
JXAYTFNI,9.0,4,1,2,2017-03-05,2017-05-12,0.0,0.09334465319483402,0.0,68.0,68.0,2017-03,2017-05
BMM5D5R4,15.0,4,1,2,2017-03-05,2017-05-21,0.0,0.0714119912919906,0.0,77.0,77.0,2017-03,2017-05
PSGTTYUT,57.0,4,1,4,2017-03-05,2017-06-06,494.0,0.9210813450783668,494.0,93.0,93.0,2017-03,2017-06
JRC2PMKX,11.0,4,6,4,2017-03-05,2017-05-16,1060.0,0.9893765378367428,1060.0,72.0,72.0,2017-03,2017-05
JA5G7YBO,6.0,27,3,1,2017-03-05,,0.0,0.783246292414088,0.0,301.0,,2017-03,
6M5LV1ZE,62.0,7,3,2,2017-03-05,2017-05-26,0.0,0.6055050525564424,0.0,82.0,82.0,2017-03,2017-05
CZ8PPZTC,5.0,14,3,1,2017-03-05,,0.0,0.8463202874325574,0.0,301.0,,2017-03,
IBZQBCSU,75.0,14,3,2,2017-03-05,2017-05-19,0.0,0.570257743113358,0.0,75.0,75.0,2017-03,2017-05
YABTM1G5,16.0,3,1,2,2017-03-05,2017-05-30,0.0,0.14157448729836491,0.0,86.0,86.0,2017-03,2017-05
FPTH6URQ,22.0,24,1,4,2017-03-05,2017-05-11,624.0,0.9718697098284544,624.0,67.0,67.0,2017-03,2017-05
S3XE14XP,32.0,24,1,4,2017-03-05,2017-05-08,565.0,0.9652748477635464,565.0,64.0,64.0,2017-03,2017-05
U6Q0T9KV,44.0,24,1,4,2017-03-05,2017-06-14,642.0,0.9820554871206625,642.0,101.0,101.0,2017-03,2017-06
YQ0Y0YQS,51.0,12,4,1,2017-03-05,,0.0,0.026069820756394014,0.0,301.0,,2017-03,
HRWHRCH8,2.0,12,3,4,2017-03-05,2017-03-14,48.0,0.5984179717504373,48.0,9.0,9.0,2017-03,2017-03
8B29CRQL,20.0,12,3,4,2017-03-05,2017-05-19,60.0,0.6503574959309476,60.0,75.0,75.0,2017-03,2017-05
3KM8WN7L,42.0,22,1,4,2017-03-06,2017-05-18,522.0,0.9243163451175912,522.0,73.0,73.0,2017-03,2017-05
5Z8S8UHK,,19,1,1,2017-03-06,,0.0,0.3318478692264185,0.0,300.0,,2017-03,
S0XILDHQ,74.0,19,5,4,2017-03-06,2017-03-18,4701.0,0.9999999999999998,4701.0,12.0,12.0,2017-03,2017-03
ZVR3CS7N,62.0,10,5,2,2017-03-06,2017-05-20,0.0,0.005058079501574112,0.0,75.0,75.0,2017-03,2017-05
AZH0INTS,64.0,28,2,4,2017-03-06,2017-03-13,4987.0,1.0,4987.0,7.0,7.0,2017-03,2017-03
9AMJKJX6,38.0,6,1,4,2017-03-06,2017-05-31,579.0,0.965795601324446,579.0,86.0,86.0,2017-03,2017-05
NMKAJZJ4,,31,3,1,2017-03-06,,0.0,0.8400488883060028,0.0,300.0,,2017-03,
3NQBMKOK,42.0,31,1,4,2017-03-06,2017-06-29,494.0,0.9126128910283844,494.0,115.0,115.0,2017-03,2017-06
VBG91TQH,39.0,7,1,4,2017-03-06,2017-06-11,545.0,0.9555238577135269,545.0,97.0,97.0,2017-03,2017-06
QZE24X2H,79.0,34,1,4,2017-03-06,2017-06-01,584.0,0.9604022326510923,584.0,87.0,87.0,2017-03,2017-06
WSPBQ5YR,15.0,5,4,4,2017-03-06,2017-06-09,3714.0,0.999999999999136,3714.0,95.0,95.0,2017-03,2017-06
YJJ1BLPQ,23.0,9,4,4,2017-03-06,2017-05-15,3423.0,0.9999999999830345,3423.0,70.0,70.0,2017-03,2017-05
XUGTSB00,59.0,9,4,4,2017-03-06,2017-03-19,3167.0,0.9999999998739195,3167.0,13.0,13.0,2017-03,2017-03
3DKK3JF3,1.0,21,1,2,2017-03-06,2017-05-29,0.0,0.09610277510573509,0.0,84.0,84.0,2017-03,2017-05
I0TSIELX,77.0,25,6,4,2017-03-06,2017-05-29,987.0,0.9794223860500121,987.0,84.0,84.0,2017-03,2017-05
SX0SSL0H,,14,6,1,2017-03-06,,0.0,0.046616174964361407,0.0,300.0,,2017-03,
420PORSF,44.0,14,4,2,2017-03-06,2017-06-06,0.0,0.004898013302377663,0.0,92.0,92.0,2017-03,2017-06
DVCPCBMJ,16.0,3,4,2,2017-03-06,2017-05-21,0.0,0.005052989922710692,0.0,76.0,76.0,2017-03,2017-05
UMZ986GC,19.0,3,4,4,2017-03-06,2017-05-24,3428.0,0.9999999999949267,3428.0,79.0,79.0,2017-03,2017-05
I7BWM5O0,76.0,12,3,1,2017-03-06,,0.0,0.8840407888356449,0.0,300.0,,2017-03,
UPQRP36U,27.0,12,3,2,2017-03-06,2017-05-22,0.0,0.601636582446899,0.0,77.0,77.0,2017-03,2017-05
RZI9HX5X,36.0,33,6,4,2017-03-06,2017-05-31,1149.0,0.9969780306946061,1149.0,86.0,86.0,2017-03,2017-05
WFJPWN9O,29.0,1,5,4,2017-03-07,2017-06-11,6023.0,1.0,6023.0,96.0,96.0,2017-03,2017-06
6F79VYH8,,22,1,1,2017-03-07,,0.0,0.3483060180146184,0.0,299.0,,2017-03,
ZQ4QTT1Z,,22,6,1,2017-03-07,,0.0,0.053427342292668725,0.0,299.0,,2017-03,
2WH4NUR9,7.0,19,1,2,2017-03-07,2017-06-04,0.0,0.09673502206049403,0.0,89.0,89.0,2017-03,2017-06
S93L97VV,62.0,2,3,4,2017-03-07,2017-03-17,47.0,0.6005934893254684,47.0,10.0,10.0,2017-03,2017-03
HRU8FNE1,18.0,13,1,4,2017-03-07,2017-03-10,542.0,0.9577925470580041,542.0,3.0,3.0,2017-03,2017-03
JDFN8AZI,78.0,13,2,4,2017-03-07,2017-03-16,4980.0,1.0,4980.0,9.0,9.0,2017-03,2017-03
11EK1VP7,25.0,10,2,4,2017-03-07,2017-05-28,4978.0,1.0,4978.0,82.0,82.0,2017-03,2017-05
50HQRWGJ,75.0,20,2,4,2017-03-07,2017-06-10,5256.0,1.0,5256.0,95.0,95.0,2017-03,2017-06
N90VSHI2,36.0,28,2,4,2017-03-07,2017-06-07,4327.0,0.9999999999999971,4327.0,92.0,92.0,2017-03,2017-06
21PRD9FN,20.0,15,2,4,2017-03-07,2017-05-15,5022.0,1.0,5022.0,69.0,69.0,2017-03,2017-05
ITIQJARB,4.0,8,5,4,2017-03-07,2017-03-11,4887.0,1.0,4887.0,4.0,4.0,2017-03,2017-03
EAUV9J9L,66.0,8,4,4,2017-03-07,2017-03-21,3724.0,0.9999999999995861,3724.0,14.0,14.0,2017-03,2017-03
9A4H9IAC,,30,6,1,2017-03-07,,0.0,0.053866226676145906,0.0,299.0,,2017-03,
XWEZ1WNK,79.0,30,1,4,2017-03-07,2017-03-11,535.0,0.9280741774422041,535.0,4.0,4.0,2017-03,2017-03
ZTLLHCBU,19.0,31,1,1,2017-03-07,,0.0,0.43274275323761613,0.0,299.0,,2017-03,
JTSUYWUD,6.0,31,5,2,2017-03-07,2017-05-24,0.0,0.005579269647288564,0.0,78.0,78.0,2017-03,2017-05
CJ5U6GX3,64.0,27,4,4,2017-03-07,2017-03-15,3969.0,0.9999999999998821,3969.0,8.0,8.0,2017-03,2017-03
SLYFFVBE,6.0,34,6,1,2017-03-07,,0.0,0.04652261437942044,0.0,299.0,,2017-03,
HDUV7VJN,72.0,5,5,4,2017-03-07,2017-03-13,6805.0,1.0,6805.0,6.0,6.0,2017-03,2017-03
5OCY2XME,39.0,9,6,4,2017-03-07,2017-06-12,1190.0,0.9977254068946058,1190.0,97.0,97.0,2017-03,2017-06
1YB00UYY,12.0,14,5,4,2017-03-07,2017-05-29,4821.0,1.0,4821.0,83.0,83.0,2017-03,2017-05
NCMT5KK3,14.0,24,1,1,2017-03-07,,0.0,0.4891012180117481,0.0,299.0,,2017-03,
Y23HQJRG,43.0,12,3,4,2017-03-07,2017-05-06,53.0,0.6238379350181376,53.0,60.0,60.0,2017-03,2017-05
81FNO0VM,,16,6,1,2017-03-07,,0.0,0.05633755811027571,0.0,299.0,,2017-03,
RFQP9VCW,,16,4,1,2017-03-07,,0.0,0.018111682140566875,0.0,299.0,,2017-03,
NGCM47PC,,33,2,1,2017-03-07,,0.0,0.0133947909187189,0.0,299.0,,2017-03,
9HXSC391,75.0,19,4,4,2017-03-08,2017-05-22,3087.0,0.9999999997990086,3087.0,75.0,75.0,2017-03,2017-05
ENOMNCOJ,4.0,2,3,4,2017-03-08,2017-06-03,59.0,0.7387173993954186,59.0,87.0,87.0,2017-03,2017-06
CG4TWLUR,8.0,13,6,4,2017-03-08,2017-06-02,857.0,0.9801398059568202,857.0,86.0,86.0,2017-03,2017-06
0FIG6ZP2,48.0,18,6,4,2017-03-08,2017-06-27,1142.0,0.9976749219016109,1142.0,111.0,111.0,2017-03,2017-06
IA62KQBO,26.0,20,1,4,2017-03-08,2017-05-14,566.0,0.9055184833547165,566.0,67.0,67.0,2017-03,2017-05
C54ZXDLT,78.0,15,4,4,2017-03-08,2017-03-18,4291.0,0.9999999999999931,4291.0,10.0,10.0,2017-03,2017-03
X96MMTCI,58.0,26,6,4,2017-03-08,2017-06-16,1039.0,0.9969724122506127,1039.0,100.0,100.0,2017-03,2017-06
P4RDU8QM,77.0,26,4,4,2017-03-08,2017-05-19,3151.0,0.9999999998419815,3151.0,72.0,72.0,2017-03,2017-05
7C9Q2ZA3,30.0,6,1,4,2017-03-08,2017-03-24,590.0,0.9720800220818527,590.0,16.0,16.0,2017-03,2017-03
YZ1EYM3Y,59.0,6,4,4,2017-03-08,2017-03-18,3217.0,0.9999999999459397,3217.0,10.0,10.0,2017-03,2017-03
M7J5BV9Q,83.0,32,1,4,2017-03-08,2017-03-11,597.0,0.9675563602549211,597.0,3.0,3.0,2017-03,2017-03
MDRX39D8,51.0,31,2,4,2017-03-08,2017-05-11,4918.0,1.0,4918.0,64.0,64.0,2017-03,2017-05
7GRFWF1U,61.0,31,2,4,2017-03-08,2017-03-19,5266.0,1.0,5266.0,11.0,11.0,2017-03,2017-03
EHP6OQ69,23.0,4,4,2,2017-03-08,2017-05-14,0.0,0.0022612822811191014,0.0,67.0,67.0,2017-03,2017-05
JDXSS1HT,63.0,27,1,1,2017-03-08,,0.0,0.283360087551884,0.0,298.0,,2017-03,
4R1NMA9E,64.0,27,1,2,2017-03-08,2017-05-17,0.0,0.09457827448172214,0.0,70.0,70.0,2017-03,2017-05
CDA8Y12G,6.0,27,3,4,2017-03-08,2017-05-07,61.0,0.5846327704066674,61.0,60.0,60.0,2017-03,2017-05
RYLLRATF,22.0,27,4,4,2017-03-08,2017-05-31,3470.0,0.999999999991052,3470.0,84.0,84.0,2017-03,2017-05
KEF5O2Q6,3.0,5,1,2,2017-03-08,2017-06-26,0.0,0.11550211206175806,0.0,110.0,110.0,2017-03,2017-06
Y38ULZPM,51.0,25,3,4,2017-03-08,2017-05-28,48.0,0.7096709348006931,48.0,81.0,81.0,2017-03,2017-05
YFP8IZ98,1.0,14,3,4,2017-03-08,2017-06-22,61.0,0.5883712715145917,61.0,106.0,106.0,2017-03,2017-06
U9CDTLZM,6.0,24,3,2,2017-03-08,2017-05-26,0.0,0.5717770506921425,0.0,79.0,79.0,2017-03,2017-05
V5AN4BZF,63.0,12,1,2,2017-03-08,2017-05-29,0.0,0.1445322012009,0.0,82.0,82.0,2017-03,2017-05
58J6HCYK,79.0,33,1,2,2017-03-08,2017-06-05,0.0,0.0950809819141882,0.0,89.0,89.0,2017-03,2017-06
GDGR4C37,55.0,33,6,2,2017-03-08,2017-05-27,0.0,0.007108031825843295,0.0,80.0,80.0,2017-03,2017-05
COOYICXU,38.0,1,1,2,2017-03-09,2017-05-22,0.0,0.1370750456858809,0.0,74.0,74.0,2017-03,2017-05
UALNIVAY,36.0,1,5,2,2017-03-09,2017-05-11,0.0,0.006498810234823708,0.0,63.0,63.0,2017-03,2017-05
E5UW8AGQ,68.0,1,1,4,2017-03-09,2017-06-11,595.0,0.9770024821207668,595.0,94.0,94.0,2017-03,2017-06
EWA9JFBA,85.0,1,3,4,2017-03-09,2017-06-01,51.0,0.5674084593229555,51.0,84.0,84.0,2017-03,2017-06
99DK6OHX,53.0,22,3,2,2017-03-09,2017-06-08,0.0,0.5340073960516261,0.0,91.0,91.0,2017-03,2017-06
MK57PHV1,42.0,19,2,4,2017-03-09,2017-05-25,4624.0,0.9999999999999998,4624.0,77.0,77.0,2017-03,2017-05
T1F2I8ED,,13,6,1,2017-03-09,,0.0,0.05530636591934558,0.0,297.0,,2017-03,
26CH1NDR,49.0,18,1,1,2017-03-09,,0.0,0.32602009750812916,0.0,297.0,,2017-03,
ISAWVDYZ,,18,1,1,2017-03-09,,0.0,0.31466995463519976,0.0,297.0,,2017-03,
ZGZSYIJV,23.0,10,6,2,2017-03-09,2017-05-15,0.0,0.010754712938746172,0.0,67.0,67.0,2017-03,2017-05
6LI7FXQT,4.0,10,3,2,2017-03-09,2017-05-28,0.0,0.6036826344266827,0.0,80.0,80.0,2017-03,2017-05
D01U0UR8,25.0,10,1,4,2017-03-09,2017-06-17,571.0,0.9498701777532135,571.0,100.0,100.0,2017-03,2017-06
9LFX3HBC,47.0,28,4,4,2017-03-09,2017-03-25,3333.0,0.9999999999589251,3333.0,16.0,16.0,2017-03,2017-03
JP3IMU5X,39.0,8,5,4,2017-03-09,2017-05-16,4853.0,1.0,4853.0,68.0,68.0,2017-03,2017-05
5I8WOI8P,72.0,8,3,4,2017-03-09,2017-06-08,51.0,0.6632316419932136,51.0,91.0,91.0,2017-03,2017-06
LJBQ7P0V,84.0,30,3,1,2017-03-09,,0.0,0.8912212774680687,0.0,297.0,,2017-03,
ZRYPU2QW,,30,4,1,2017-03-09,,0.0,0.01709087907070553,0.0,297.0,,2017-03,
7C9BUYV0,10.0,30,1,2,2017-03-09,2017-05-23,0.0,0.1440390014479095,0.0,75.0,75.0,2017-03,2017-05
GMVW87C4,10.0,32,2,4,2017-03-09,2017-06-17,5035.0,1.0,5035.0,100.0,100.0,2017-03,2017-06
NY9ARKRE,11.0,7,3,4,2017-03-09,2017-06-01,51.0,0.6715624686030697,51.0,84.0,84.0,2017-03,2017-06
XO3XXR9X,14.0,34,2,4,2017-03-09,2017-06-09,4342.0,0.9999999999999987,4342.0,92.0,92.0,2017-03,2017-06
8QBIFURM,11.0,3,4,2,2017-03-09,2017-03-13,0.0,0.0027469260027837773,0.0,4.0,4.0,2017-03,2017-03
0A1LN7GB,,12,3,1,2017-03-09,,0.0,0.8540962581578398,0.0,297.0,,2017-03,
ZWAJWK40,75.0,12,3,4,2017-03-09,2017-06-22,48.0,0.7341806993766968,48.0,105.0,105.0,2017-03,2017-06
WQ0C723A,42.0,33,5,4,2017-03-09,2017-05-18,5215.0,1.0,5215.0,70.0,70.0,2017-03,2017-05
RCQ32MXL,68.0,1,6,2,2017-03-10,2017-05-12,0.0,0.0182754757900701,0.0,63.0,63.0,2017-03,2017-05
396WP6JS,30.0,1,3,4,2017-03-10,2017-03-19,58.0,0.7685755882291702,58.0,9.0,9.0,2017-03,2017-03
57689GK9,23.0,2,4,4,2017-03-10,2017-03-20,3587.0,0.9999999999967117,3587.0,10.0,10.0,2017-03,2017-03
S2WDGIHL,76.0,2,4,4,2017-03-10,2017-05-29,2915.0,0.9999999993116107,2915.0,80.0,80.0,2017-03,2017-05
8VG88HMH,44.0,18,2,4,2017-03-10,2017-06-28,4762.0,1.0,4762.0,110.0,110.0,2017-03,2017-06
TF7HCU69,27.0,15,6,4,2017-03-10,2017-06-12,1062.0,0.995168757914525,1062.0,94.0,94.0,2017-03,2017-06
0EX7ML4W,23.0,8,5,2,2017-03-10,2017-05-10,0.0,0.004055337868293035,0.0,61.0,61.0,2017-03,2017-05
1B27CZ2M,,30,5,1,2017-03-10,,0.0,0.02394946878803725,0.0,296.0,,2017-03,
839AMI93,,31,1,1,2017-03-10,,0.0,0.3222799988830123,0.0,296.0,,2017-03,
BFGASJAW,,31,1,1,2017-03-10,,0.0,0.3222799988830123,0.0,296.0,,2017-03,
5BSHJG7W,42.0,31,1,2,2017-03-10,2017-05-30,0.0,0.09556913338426976,0.0,81.0,81.0,2017-03,2017-05
HW38EMKM,42.0,34,5,2,2017-03-10,2017-03-20,0.0,0.003430506923762883,0.0,10.0,10.0,2017-03,2017-03
5XPYFICK,38.0,14,3,1,2017-03-10,,0.0,0.8374450226911647,0.0,296.0,,2017-03,
B5QCN9H7,48.0,12,3,2,2017-03-10,2017-05-29,0.0,0.6103075675594949,0.0,80.0,80.0,2017-03,2017-05
X7M4GO0J,82.0,12,6,4,2017-03-10,2017-06-28,1074.0,0.9972175334797011,1074.0,110.0,110.0,2017-03,2017-06
JYI35PPE,51.0,33,3,2,2017-03-10,2017-05-05,0.0,0.5754278504417765,0.0,56.0,56.0,2017-03,2017-05
6XHE52MV,38.0,1,3,2,2017-03-11,2017-05-30,0.0,0.6396128791566006,0.0,80.0,80.0,2017-03,2017-05
0YN6EALP,62.0,1,3,4,2017-03-11,2017-03-17,57.0,0.6391882321175745,57.0,6.0,6.0,2017-03,2017-03
A4LUP6W6,84.0,19,1,4,2017-03-11,2017-05-22,586.0,0.9709797015271923,586.0,72.0,72.0,2017-03,2017-05
KUK2H5MD,60.0,2,6,4,2017-03-11,2017-06-13,1184.0,0.9990474770598506,1184.0,94.0,94.0,2017-03,2017-06
HTW9348H,63.0,20,1,2,2017-03-11,2017-05-19,0.0,0.0954482828681513,0.0,69.0,69.0,2017-03,2017-05
ILR33OAV,,30,4,1,2017-03-11,,0.0,0.016897464148334925,0.0,295.0,,2017-03,
A6CE8BHR,47.0,30,6,2,2017-03-11,2017-06-08,0.0,0.011095710234292892,0.0,89.0,89.0,2017-03,2017-06
UI1UION3,41.0,30,1,4,2017-03-11,2017-06-10,526.0,0.9359389105962986,526.0,91.0,91.0,2017-03,2017-06
ZPX96Q40,12.0,30,5,4,2017-03-11,2017-06-12,5344.0,1.0,5344.0,93.0,93.0,2017-03,2017-06
I0CYLPNE,44.0,30,2,4,2017-03-11,2017-05-22,4125.0,0.9999999999999871,4125.0,72.0,72.0,2017-03,2017-05
FGH181PC,14.0,32,1,4,2017-03-11,2017-06-06,528.0,0.9715459335081932,528.0,87.0,87.0,2017-03,2017-06
8OBC9CQE,64.0,32,4,4,2017-03-11,2017-03-26,3254.0,0.9999999999605858,3254.0,15.0,15.0,2017-03,2017-03
G3KFZ8KX,33.0,31,2,2,2017-03-11,2017-05-07,0.0,0.0039701404270008345,0.0,57.0,57.0,2017-03,2017-05
2Y84YR3K,41.0,31,1,4,2017-03-11,2017-05-24,516.0,0.9193467680434323,516.0,74.0,74.0,2017-03,2017-05
97QHOOWD,79.0,31,1,4,2017-03-11,2017-03-27,538.0,0.9272935980347538,538.0,16.0,16.0,2017-03,2017-03
YL7XWUYO,11.0,4,1,4,2017-03-11,2017-06-17,459.0,0.8140659543924772,459.0,98.0,98.0,2017-03,2017-06
VO8TFB31,10.0,34,1,2,2017-03-11,2017-06-26,0.0,0.14299824044992834,0.0,107.0,107.0,2017-03,2017-06
Q949MQ5W,70.0,34,2,4,2017-03-11,2017-05-22,5137.0,1.0,5137.0,72.0,72.0,2017-03,2017-05
HZU0L5GS,45.0,5,4,4,2017-03-11,2017-06-04,3330.0,0.9999999999742146,3330.0,85.0,85.0,2017-03,2017-06
8RF8XVYF,13.0,3,1,4,2017-03-11,2017-05-10,589.0,0.9690140253036921,589.0,60.0,60.0,2017-03,2017-05
ZILYYA1V,32.0,24,3,4,2017-03-11,2017-03-30,45.0,0.7028565009343688,45.0,19.0,19.0,2017-03,2017-03
BY2L60V1,,33,3,1,2017-03-11,,0.0,0.8011821928631406,0.0,295.0,,2017-03,
NH0WGTR4,25.0,1,3,2,2017-03-12,2017-05-25,0.0,0.5678245429430933,0.0,74.0,74.0,2017-03,2017-05
73HO9OZC,24.0,19,1,1,2017-03-12,,0.0,0.4458281680092117,0.0,294.0,,2017-03,
WBJX6O2D,53.0,19,5,4,2017-03-12,2017-06-11,5664.0,1.0,5664.0,91.0,91.0,2017-03,2017-06
1IHNDN80,68.0,2,4,2,2017-03-12,2017-05-02,0.0,0.004845652671981419,0.0,51.0,51.0,2017-03,2017-05
T14K7M5G,37.0,13,6,4,2017-03-12,2017-06-11,1074.0,0.9954110173072805,1074.0,91.0,91.0,2017-03,2017-06
XPP2Q5WQ,29.0,10,6,2,2017-03-12,2017-05-02,0.0,0.00815500390914638,0.0,51.0,51.0,2017-03,2017-05
FM4LX5O0,73.0,10,2,2,2017-03-12,2017-05-26,0.0,0.005191570707295974,0.0,75.0,75.0,2017-03,2017-05
HG07756D,24.0,28,1,4,2017-03-12,2017-03-31,481.0,0.9223485060620739,481.0,19.0,19.0,2017-03,2017-03
E7YSM99K,46.0,28,6,4,2017-03-12,2017-06-02,1101.0,0.9960440435453174,1101.0,82.0,82.0,2017-03,2017-06
4D1FP59D,76.0,8,1,4,2017-03-12,2017-06-23,522.0,0.9455337727087685,522.0,103.0,103.0,2017-03,2017-06
3E4VTH6E,35.0,26,3,1,2017-03-12,,0.0,0.854108146562583,0.0,294.0,,2017-03,
TK29F68V,79.0,26,3,4,2017-03-12,2017-06-13,49.0,0.7467375232552663,49.0,93.0,93.0,2017-03,2017-06
QHJ3W8FW,,32,2,1,2017-03-12,,0.0,0.020202149231971774,0.0,294.0,,2017-03,
N3H82NHO,51.0,32,2,4,2017-03-12,2017-06-02,4865.0,1.0,4865.0,82.0,82.0,2017-03,2017-06
GTANESSU,39.0,4,6,4,2017-03-12,2017-05-22,991.0,0.9839843598467187,991.0,71.0,71.0,2017-03,2017-05
LA0O6BHX,19.0,4,5,4,2017-03-12,2017-05-27,4509.0,0.9999999999999996,4509.0,76.0,76.0,2017-03,2017-05
RRKQ0P07,50.0,27,2,4,2017-03-12,2017-05-03,5169.0,1.0,5169.0,52.0,52.0,2017-03,2017-05
J4V3VKQ5,65.0,34,1,4,2017-03-12,2017-03-27,491.0,0.8957442649684342,491.0,15.0,15.0,2017-03,2017-03
17U8549G,46.0,34,2,4,2017-03-12,2017-06-15,4281.0,0.9999999999999958,4281.0,95.0,95.0,2017-03,2017-06
G281LUYF,23.0,9,6,2,2017-03-12,2017-05-08,0.0,0.007390916449840596,0.0,57.0,57.0,2017-03,2017-05
4NAK1XFV,74.0,14,3,2,2017-03-12,2017-05-18,0.0,0.454360112811938,0.0,67.0,67.0,2017-03,2017-05
Y34MVXP3,43.0,14,4,4,2017-03-12,2017-06-27,3443.0,0.9999999999892368,3443.0,107.0,107.0,2017-03,2017-06
N8G3G1UF,30.0,3,3,4,2017-03-12,2017-05-29,60.0,0.8199370452224675,60.0,78.0,78.0,2017-03,2017-05
SDXZB8MC,36.0,3,3,4,2017-03-12,2017-06-20,53.0,0.7425059347679333,53.0,100.0,100.0,2017-03,2017-06
PFUE2JYB,24.0,24,3,4,2017-03-12,2017-05-26,56.0,0.7851126932488098,56.0,75.0,75.0,2017-03,2017-05
4A8SFEJ2,61.0,33,1,4,2017-03-12,2017-03-17,665.0,0.9799363375516335,665.0,5.0,5.0,2017-03,2017-03
HEG8WPQF,38.0,1,6,4,2017-03-13,2017-05-09,1140.0,0.9976968048153302,1140.0,57.0,57.0,2017-03,2017-05
0FST40LV,68.0,1,3,4,2017-03-13,2017-05-25,52.0,0.7629283608584135,52.0,73.0,73.0,2017-03,2017-05
I7WERQ6B,76.0,1,3,4,2017-03-13,2017-06-08,52.0,0.7732623034534434,52.0,87.0,87.0,2017-03,2017-06
T7UYHDUN,18.0,22,5,2,2017-03-13,2017-03-24,0.0,0.007931907763719763,0.0,11.0,11.0,2017-03,2017-03
Y28VHZKQ,,19,4,1,2017-03-13,,0.0,0.015323772886472114,0.0,293.0,,2017-03,
V0EIMVES,45.0,2,5,4,2017-03-13,2017-05-13,5121.0,1.0,5121.0,61.0,61.0,2017-03,2017-05
DL4SZAGH,60.0,2,4,4,2017-03-13,2017-03-31,3611.0,0.9999999999986395,3611.0,18.0,18.0,2017-03,2017-03
RVIU1YQ8,48.0,13,3,4,2017-03-13,2017-03-24,50.0,0.6496080979541557,50.0,11.0,11.0,2017-03,2017-03
ZNSWDHTJ,60.0,10,1,4,2017-03-13,2017-05-15,618.0,0.9798503993784838,618.0,63.0,63.0,2017-03,2017-05
A2G8VYZY,29.0,10,6,4,2017-03-13,2017-03-17,1247.0,0.9980610960110718,1247.0,4.0,4.0,2017-03,2017-03
F5I33E1I,69.0,28,3,1,2017-03-13,,0.0,0.8215271734641025,0.0,293.0,,2017-03,
Y9B94N72,20.0,15,3,4,2017-03-13,2017-05-03,55.0,0.5922504324779222,55.0,51.0,51.0,2017-03,2017-05
34MBPHRL,64.0,26,6,4,2017-03-13,2017-06-17,1157.0,0.9986843234909508,1157.0,96.0,96.0,2017-03,2017-06
K73K8IQ3,36.0,31,1,4,2017-03-13,2017-05-22,537.0,0.9360502148836154,537.0,70.0,70.0,2017-03,2017-05
8L5WBK75,14.0,31,2,4,2017-03-13,2017-03-30,4955.0,1.0,4955.0,17.0,17.0,2017-03,2017-03
Z1RN8D42,64.0,31,2,4,2017-03-13,2017-06-02,5606.0,1.0,5606.0,81.0,81.0,2017-03,2017-06
4IT33RBO,,27,1,1,2017-03-13,,0.0,0.2438814172582421,0.0,293.0,,2017-03,
JV1NCDKP,39.0,5,3,4,2017-03-13,2017-05-11,57.0,0.6371420996849623,57.0,59.0,59.0,2017-03,2017-05
ECCVMNUZ,70.0,25,3,4,2017-03-13,2017-05-20,66.0,0.6581642676367168,66.0,68.0,68.0,2017-03,2017-05
A3GVFKYP,14.0,33,2,4,2017-03-13,2017-06-27,5113.0,1.0,5113.0,106.0,106.0,2017-03,2017-06
COTHR6F7,70.0,33,2,4,2017-03-13,2017-05-22,4595.0,0.9999999999999998,4595.0,70.0,70.0,2017-03,2017-05
7VKQWIXD,,22,6,1,2017-03-14,,0.0,0.05141465326881394,0.0,292.0,,2017-03,
3OAEEV0S,27.0,19,4,4,2017-03-14,2017-03-21,3503.0,0.9999999999932114,3503.0,7.0,7.0,2017-03,2017-03
RTH5O6ZW,49.0,19,4,4,2017-03-14,2017-06-13,3600.0,0.9999999999980569,3600.0,91.0,91.0,2017-03,2017-06
V74O6XQT,,18,2,1,2017-03-14,,0.0,0.01559891145179491,0.0,292.0,,2017-03,
GH6U8WWN,48.0,18,1,4,2017-03-14,2017-03-19,425.0,0.800519146268708,425.0,5.0,5.0,2017-03,2017-03
GVNI96XB,19.0,10,2,4,2017-03-14,2017-06-20,4565.0,0.9999999999999998,4565.0,98.0,98.0,2017-03,2017-06
KC324LPK,59.0,10,2,4,2017-03-14,2017-05-22,4754.0,1.0,4754.0,69.0,69.0,2017-03,2017-05
2Y2R082L,15.0,10,3,4,2017-03-14,2017-05-06,62.0,0.6515634013840294,62.0,53.0,53.0,2017-03,2017-05
HALGOQ5D,2.0,20,2,4,2017-03-14,2017-05-30,4688.0,0.9999999999999998,4688.0,77.0,77.0,2017-03,2017-05
1R38Y0C1,31.0,28,4,4,2017-03-14,2017-03-20,3386.0,0.9999999999769429,3386.0,6.0,6.0,2017-03,2017-03
3QQW8VJ2,78.0,15,2,4,2017-03-14,2017-06-06,3869.0,0.9999999999997902,3869.0,84.0,84.0,2017-03,2017-06
8JS4BWQ7,68.0,8,1,4,2017-03-14,2017-03-24,615.0,0.9634612127196981,615.0,10.0,10.0,2017-03,2017-03
78TOITP2,23.0,8,3,4,2017-03-14,2017-05-18,55.0,0.6143120189681293,55.0,65.0,65.0,2017-03,2017-05
MRCYKUX4,,26,4,1,2017-03-14,,0.0,0.019202016590147898,0.0,292.0,,2017-03,
3PVNGGBX,71.0,27,1,1,2017-03-14,,0.0,0.22220341545999592,0.0,292.0,,2017-03,
MN6E59H6,,27,5,1,2017-03-14,,0.0,0.014634118245962455,0.0,292.0,,2017-03,
BSA76OL5,39.0,7,1,2,2017-03-14,2017-05-17,0.0,0.12140332815252051,0.0,64.0,64.0,2017-03,2017-05
YHNBSXPN,35.0,34,6,4,2017-03-14,2017-03-25,1019.0,0.987602388944638,1019.0,11.0,11.0,2017-03,2017-03
TW6D3KT4,6.0,34,4,4,2017-03-14,2017-05-12,2798.0,0.9999999965846438,2798.0,59.0,59.0,2017-03,2017-05
Z8RI8RLU,68.0,5,1,4,2017-03-14,2017-06-03,502.0,0.9270780502424427,502.0,81.0,81.0,2017-03,2017-06
FT0L8HZZ,39.0,5,4,4,2017-03-14,2017-03-16,3323.0,0.9999999999588918,3323.0,2.0,2.0,2017-03,2017-03
AW0GW33Q,12.0,21,6,2,2017-03-14,2017-06-11,0.0,0.026754790053811216,0.0,89.0,89.0,2017-03,2017-06
IJLPV177,50.0,25,3,2,2017-03-14,2017-03-30,0.0,0.4563130899064969,0.0,16.0,16.0,2017-03,2017-03
9UVKASFY,50.0,24,5,2,2017-03-14,2017-05-27,0.0,0.0057719114593197795,0.0,74.0,74.0,2017-03,2017-05
KKSMEP2A,24.0,24,4,2,2017-03-14,2017-06-21,0.0,0.007254912609820424,0.0,99.0,99.0,2017-03,2017-06
E96ZTKHC,61.0,24,1,4,2017-03-14,2017-03-17,542.0,0.9535379937482419,542.0,3.0,3.0,2017-03,2017-03
RZ08GKZY,22.0,33,2,4,2017-03-14,2017-05-22,5172.0,1.0,5172.0,69.0,69.0,2017-03,2017-05
EK0ZZHKT,48.0,19,4,2,2017-03-15,2017-06-24,0.0,0.004564130932237392,0.0,101.0,101.0,2017-03,2017-06
9U6RAS0M,74.0,19,1,4,2017-03-15,2017-03-31,538.0,0.89571274164449,538.0,16.0,16.0,2017-03,2017-03
3S31RHE5,2.0,19,2,4,2017-03-15,2017-05-18,4497.0,0.9999999999999993,4497.0,64.0,64.0,2017-03,2017-05
GOM8T4Y4,11.0,10,6,4,2017-03-15,2017-05-09,1178.0,0.9972427881255701,1178.0,55.0,55.0,2017-03,2017-05
7Z5AVSH6,73.0,10,2,4,2017-03-15,2017-06-21,4969.0,1.0,4969.0,98.0,98.0,2017-03,2017-06
E7OPE1O8,57.0,10,3,4,2017-03-15,2017-03-20,60.0,0.7230660400683356,60.0,5.0,5.0,2017-03,2017-03
647E6ED0,19.0,10,4,4,2017-03-15,2017-06-05,2875.0,0.9999999990859729,2875.0,82.0,82.0,2017-03,2017-06
V4XHHFO3,6.0,28,1,1,2017-03-15,,0.0,0.30906890980067164,0.0,291.0,,2017-03,
PEX6S873,10.0,28,7,2,2017-03-15,2017-05-19,0.0,0.021452369125225388,0.0,65.0,65.0,2017-03,2017-05
M9OTPNII,20.0,15,5,4,2017-03-15,2017-05-20,6177.0,1.0,6177.0,66.0,66.0,2017-03,2017-05
EZRICI17,60.0,8,4,2,2017-03-15,2017-06-28,0.0,0.00651532295420424,0.0,105.0,105.0,2017-03,2017-06
7PXJ92C5,,31,2,1,2017-03-15,,0.0,0.016146565497550912,0.0,291.0,,2017-03,
BAXENBTS,24.0,31,2,2,2017-03-15,2017-05-06,0.0,0.00622532844229858,0.0,52.0,52.0,2017-03,2017-05
086279IX,42.0,31,2,4,2017-03-15,2017-06-14,4369.0,0.9999999999999978,4369.0,91.0,91.0,2017-03,2017-06
6EEC9HQQ,79.0,31,2,4,2017-03-15,2017-05-21,4878.0,1.0,4878.0,67.0,67.0,2017-03,2017-05
MHN0SWM2,28.0,4,5,4,2017-03-15,2017-06-21,4527.0,0.9999999999999993,4527.0,98.0,98.0,2017-03,2017-06
8SKE4TT5,77.0,34,6,2,2017-03-15,2017-05-30,0.0,0.007548499711833894,0.0,76.0,76.0,2017-03,2017-05
IGELOJ42,9.0,5,5,4,2017-03-15,2017-06-03,6102.0,1.0,6102.0,80.0,80.0,2017-03,2017-06
0LMA8GMJ,8.0,14,5,4,2017-03-15,2017-05-10,4983.0,1.0,4983.0,56.0,56.0,2017-03,2017-05
E40RN3MN,39.0,3,3,4,2017-03-15,2017-03-25,47.0,0.6399309756017029,47.0,10.0,10.0,2017-03,2017-03
093R7PK9,83.0,24,3,4,2017-03-15,2017-06-11,52.0,0.7353552032441489,52.0,88.0,88.0,2017-03,2017-06
I8A9OXP2,27.0,12,2,4,2017-03-15,2017-06-25,5031.0,1.0,5031.0,102.0,102.0,2017-03,2017-06
7IFEKEMG,5.0,12,3,4,2017-03-15,2017-06-06,53.0,0.7214775649691507,53.0,83.0,83.0,2017-03,2017-06
4XZ4RY1N,,16,6,1,2017-03-15,,0.0,0.053925409522918605,0.0,291.0,,2017-03,
K2KK9SW2,38.0,1,1,4,2017-03-16,2017-05-02,550.0,0.9503881194136478,550.0,47.0,47.0,2017-03,2017-05
Z0RLNFVY,,22,6,1,2017-03-16,,0.0,0.05085289794417402,0.0,290.0,,2017-03,
8SIG4C8X,18.0,22,2,4,2017-03-16,2017-06-06,5223.0,1.0,5223.0,82.0,82.0,2017-03,2017-06
K4ETVW4H,2.0,22,3,4,2017-03-16,2017-05-12,53.0,0.645372911461468,53.0,57.0,57.0,2017-03,2017-05
YA2NDY1H,7.0,19,2,4,2017-03-16,2017-05-17,4519.0,0.9999999999999993,4519.0,62.0,62.0,2017-03,2017-05
G6DYTQQE,75.0,13,2,4,2017-03-16,2017-06-01,4833.0,1.0,4833.0,77.0,77.0,2017-03,2017-06
RQULJHTU,,18,5,1,2017-03-16,,0.0,0.020011144434378247,0.0,290.0,,2017-03,
RZZ9K7UN,82.0,18,5,4,2017-03-16,2017-06-29,5407.0,1.0,5407.0,105.0,105.0,2017-03,2017-06
3918OU6O,60.0,10,1,2,2017-03-16,2017-05-02,0.0,0.14566693091438307,0.0,47.0,47.0,2017-03,2017-05
YZ9ZKK3P,24.0,26,3,4,2017-03-16,2017-05-08,56.0,0.8035608301838325,56.0,53.0,53.0,2017-03,2017-05
GK1NH8G7,40.0,32,1,1,2017-03-16,,0.0,0.41526615082660207,0.0,290.0,,2017-03,
OPCLCCQH,44.0,32,6,1,2017-03-16,,0.0,0.06993422390569402,0.0,290.0,,2017-03,
E1921PBZ,24.0,31,1,4,2017-03-16,2017-05-23,468.0,0.9287855966633826,468.0,68.0,68.0,2017-03,2017-05
0E761F02,42.0,31,1,4,2017-03-16,2017-05-02,579.0,0.9407768596843564,579.0,47.0,47.0,2017-03,2017-05
HDBNC8W1,73.0,4,4,4,2017-03-16,2017-06-11,3185.0,0.9999999998915703,3185.0,87.0,87.0,2017-03,2017-06
WFCEPHD3,,27,2,1,2017-03-16,,0.0,0.011135775945643732,0.0,290.0,,2017-03,
KP6NOWM7,10.0,27,3,4,2017-03-16,2017-06-03,54.0,0.6407056728300996,54.0,79.0,79.0,2017-03,2017-06
HPYLUU5P,51.0,34,3,4,2017-03-16,2017-06-26,62.0,0.7821968559234088,62.0,102.0,102.0,2017-03,2017-06
I7AH5FW0,15.0,5,1,2,2017-03-16,2017-05-23,0.0,0.08900796022091054,0.0,68.0,68.0,2017-03,2017-05
RSFYKC1F,3.0,5,1,4,2017-03-16,2017-06-25,619.0,0.970164121362004,619.0,101.0,101.0,2017-03,2017-06
RMW0TRSZ,31.0,25,3,2,2017-03-16,2017-05-20,0.0,0.46844609052133457,0.0,65.0,65.0,2017-03,2017-05
GNENBXRW,35.0,25,3,2,2017-03-16,2017-05-17,0.0,0.4623453341248399,0.0,62.0,62.0,2017-03,2017-05
L20NI94X,77.0,25,4,2,2017-03-16,2017-06-05,0.0,0.0019111299055043886,0.0,81.0,81.0,2017-03,2017-06
AF7XJNED,,14,5,1,2017-03-16,,0.0,0.01983483434227009,0.0,290.0,,2017-03,
CG65AS6X,77.0,24,2,4,2017-03-16,2017-03-29,4408.0,0.9999999999999971,4408.0,13.0,13.0,2017-03,2017-03
9XV6GX8D,10.0,33,1,4,2017-03-16,2017-06-07,605.0,0.9649555778482364,605.0,83.0,83.0,2017-03,2017-06
IDIMBX0N,28.0,1,5,4,2017-03-17,2017-03-26,6064.0,1.0,6064.0,9.0,9.0,2017-03,2017-03
W75XU368,56.0,19,1,4,2017-03-17,2017-06-17,641.0,0.9804521237894446,641.0,92.0,92.0,2017-03,2017-06
WIY2Q0Q5,75.0,19,1,4,2017-03-17,2017-05-17,491.0,0.9097991392338528,491.0,61.0,61.0,2017-03,2017-05
EJDHOY6M,,13,1,1,2017-03-17,,0.0,0.3460938763919663,0.0,289.0,,2017-03,
DF1011UT,45.0,13,6,1,2017-03-17,,0.0,0.05364003660433927,0.0,289.0,,2017-03,
7V1FQBL9,56.0,13,2,2,2017-03-17,2017-05-03,0.0,0.005092593800812048,0.0,47.0,47.0,2017-03,2017-05
4PXSBQU8,11.0,10,3,4,2017-03-17,2017-05-27,47.0,0.6067717686665013,47.0,71.0,71.0,2017-03,2017-05
QRKHWNRB,22.0,28,3,4,2017-03-17,2017-06-25,63.0,0.7266098271305013,63.0,100.0,100.0,2017-03,2017-06
1YGNHE69,69.0,15,4,4,2017-03-17,2017-05-18,3291.0,0.9999999999618274,3291.0,62.0,62.0,2017-03,2017-05
IBS3H6Z4,,26,6,1,2017-03-17,,0.0,0.05862363484591955,0.0,289.0,,2017-03,
TAEUD0HP,64.0,26,6,4,2017-03-17,2017-06-10,1188.0,0.9989388467065544,1188.0,85.0,85.0,2017-03,2017-06
04YGLJ3N,,31,5,1,2017-03-17,,0.0,0.020710446240567306,0.0,289.0,,2017-03,
72TBO2HA,10.0,31,1,2,2017-03-17,2017-05-08,0.0,0.11676925396755901,0.0,52.0,52.0,2017-03,2017-05
FCW4SAAP,61.0,31,1,4,2017-03-17,2017-06-11,478.0,0.9408120305125424,478.0,86.0,86.0,2017-03,2017-06
DEH0MYSO,33.0,31,3,4,2017-03-17,2017-05-24,60.0,0.6888667968403279,60.0,68.0,68.0,2017-03,2017-05
PEVJ6O6R,63.0,21,2,4,2017-03-17,2017-03-27,4064.0,0.999999999999976,4064.0,10.0,10.0,2017-03,2017-03
T02CX0BY,52.0,21,4,4,2017-03-17,2017-03-31,2550.0,0.9999999821980577,2550.0,14.0,14.0,2017-03,2017-03
IN9S33CD,23.0,25,5,1,2017-03-17,,0.0,0.014400265096955755,0.0,289.0,,2017-03,
SSX3QRTB,5.0,14,3,2,2017-03-17,2017-05-08,0.0,0.5418988648350099,0.0,52.0,52.0,2017-03,2017-05
UBX7TMQG,19.0,3,5,2,2017-03-17,2017-05-10,0.0,0.009644405473780189,0.0,54.0,54.0,2017-03,2017-05
RR5AMWPQ,28.0,3,3,2,2017-03-17,2017-05-16,0.0,0.5109638421793846,0.0,60.0,60.0,2017-03,2017-05
FHLNW3WH,67.0,3,4,4,2017-03-17,2017-06-21,3378.0,0.9999999999814202,3378.0,96.0,96.0,2017-03,2017-06
1GT10YJD,,24,5,1,2017-03-17,,0.0,0.021023396325340733,0.0,289.0,,2017-03,
4UZCVHEV,,12,1,1,2017-03-17,,0.0,0.3411969316226966,0.0,289.0,,2017-03,
DJH67UIZ,,12,3,1,2017-03-17,,0.0,0.8482298279984637,0.0,289.0,,2017-03,
7VGJ2B7O,,12,3,1,2017-03-17,,0.0,0.8482298279984637,0.0,289.0,,2017-03,
IAVMELUO,27.0,16,2,4,2017-03-17,2017-05-30,6135.0,1.0,6135.0,74.0,74.0,2017-03,2017-05
PRMMZX9O,51.0,33,6,4,2017-03-17,2017-06-02,999.0,0.9913307014904387,999.0,77.0,77.0,2017-03,2017-06
ZZFES7ID,64.0,33,3,4,2017-03-17,2017-06-05,52.0,0.6752782511192572,52.0,80.0,80.0,2017-03,2017-06
G7PNQB9M,76.0,1,6,2,2017-03-18,2017-05-25,0.0,0.019273748740137365,0.0,68.0,68.0,2017-03,2017-05
Z0R5O2VW,20.0,19,5,2,2017-03-18,2017-05-24,0.0,0.003981052858964672,0.0,67.0,67.0,2017-03,2017-05
VS0TWECS,56.0,19,1,4,2017-03-18,2017-06-18,530.0,0.9486512496707095,530.0,92.0,92.0,2017-03,2017-06
XN7EV14M,45.0,2,1,4,2017-03-18,2017-05-09,538.0,0.939157956339999,538.0,52.0,52.0,2017-03,2017-05
P5BRH80Z,60.0,2,3,4,2017-03-18,2017-03-27,53.0,0.7424184337721282,53.0,9.0,9.0,2017-03,2017-03
CQVDJR45,62.0,10,2,4,2017-03-18,2017-06-12,5416.0,1.0,5416.0,86.0,86.0,2017-03,2017-06
QUFCX2MF,61.0,28,3,2,2017-03-18,2017-05-27,0.0,0.6848527519373183,0.0,70.0,70.0,2017-03,2017-05
RW13VT8T,49.0,15,5,4,2017-03-18,2017-05-11,4995.0,1.0,4995.0,54.0,54.0,2017-03,2017-05
H2IOHZ8R,,30,1,1,2017-03-18,,0.0,0.33592022952082334,0.0,288.0,,2017-03,
5LJ47CVS,65.0,30,1,2,2017-03-18,2017-06-22,0.0,0.14214833026595478,0.0,96.0,96.0,2017-03,2017-06
87XTACKH,4.0,6,6,4,2017-03-18,2017-05-26,1137.0,0.9976581775958797,1137.0,69.0,69.0,2017-03,2017-05
0Z2CQ0MQ,65.0,32,1,4,2017-03-18,2017-03-28,453.0,0.8837194671788855,453.0,10.0,10.0,2017-03,2017-03
4SK6YLB0,36.0,32,6,4,2017-03-18,2017-05-27,1065.0,0.9954910818223462,1065.0,70.0,70.0,2017-03,2017-05
EVVX3PQ5,64.0,32,2,4,2017-03-18,2017-05-04,4373.0,0.9999999999999987,4373.0,47.0,47.0,2017-03,2017-05
9Y3JDP1B,46.0,32,4,4,2017-03-18,2017-06-19,2560.0,0.999999981014796,2560.0,93.0,93.0,2017-03,2017-06
ACB3QZAY,64.0,31,2,2,2017-03-18,2017-06-04,0.0,0.005337659609623485,0.0,78.0,78.0,2017-03,2017-06
COWC9H9T,34.0,27,6,4,2017-03-18,2017-03-31,1171.0,0.995617887499154,1171.0,13.0,13.0,2017-03,2017-03
ZTHMJWYZ,44.0,27,3,4,2017-03-18,2017-06-22,53.0,0.660687501761318,53.0,96.0,96.0,2017-03,2017-06
MMGWAWBA,73.0,7,5,4,2017-03-18,2017-06-02,6553.0,1.0,6553.0,76.0,76.0,2017-03,2017-06
8LPO6YCO,3.0,7,4,4,2017-03-18,2017-05-07,3542.0,0.9999999999966867,3542.0,50.0,50.0,2017-03,2017-05
I7MDOGGU,,34,1,1,2017-03-18,,0.0,0.30428710007805193,0.0,288.0,,2017-03,
CDUIUYY2,23.0,5,4,4,2017-03-18,2017-06-11,3619.0,0.9999999999977511,3619.0,85.0,85.0,2017-03,2017-06
10IY4PV4,,25,4,1,2017-03-18,,0.0,0.011716397430086189,0.0,288.0,,2017-03,
A1TDRYHZ,57.0,14,4,1,2017-03-18,,0.0,0.021206369947008977,0.0,288.0,,2017-03,
2JY9SQ2L,,24,3,1,2017-03-18,,0.0,0.83263807874821,0.0,288.0,,2017-03,
9328IHHL,7.0,16,4,4,2017-03-18,2017-05-18,3589.0,0.9999999999973532,3589.0,61.0,61.0,2017-03,2017-05
ZFB7CBR6,54.0,33,5,4,2017-03-18,2017-05-13,6262.0,1.0,6262.0,56.0,56.0,2017-03,2017-05
3N3RAHXR,50.0,19,6,1,2017-03-19,,0.0,0.047879211033268136,0.0,287.0,,2017-03,
6RJE18RW,1.0,19,6,4,2017-03-19,2017-03-24,1161.0,0.9948227377893674,1161.0,5.0,5.0,2017-03,2017-03
GK86H0SK,74.0,19,2,4,2017-03-19,2017-03-28,4975.0,1.0,4975.0,9.0,9.0,2017-03,2017-03
QXU90OP8,84.0,13,1,4,2017-03-19,2017-03-22,586.0,0.9655999004724716,586.0,3.0,3.0,2017-03,2017-03
NXXSU27K,71.0,13,3,4,2017-03-19,2017-03-25,41.0,0.5884422553691718,41.0,6.0,6.0,2017-03,2017-03
RACLHBXN,,18,6,1,2017-03-19,,0.0,0.04375960038444082,0.0,287.0,,2017-03,
06YL7WVJ,59.0,10,6,4,2017-03-19,2017-03-21,929.0,0.9835143256919849,929.0,2.0,2.0,2017-03,2017-03
K4Y8R0FX,68.0,10,3,4,2017-03-19,2017-06-04,65.0,0.7442533207713155,65.0,77.0,77.0,2017-03,2017-06
F8O0IY28,82.0,20,1,4,2017-03-19,2017-03-30,574.0,0.9430570284458784,574.0,11.0,11.0,2017-03,2017-03
8T8J06EL,12.0,8,2,2,2017-03-19,2017-06-26,0.0,0.006256978738393166,0.0,99.0,99.0,2017-03,2017-06
3AE6GW2D,68.0,8,2,2,2017-03-19,2017-05-09,0.0,0.004243318887477047,0.0,51.0,51.0,2017-03,2017-05
T0SEVT4K,46.0,26,4,4,2017-03-19,2017-06-16,3028.0,0.9999999997244355,3028.0,89.0,89.0,2017-03,2017-06
36VPT9RZ,64.0,30,1,4,2017-03-19,2017-03-26,403.0,0.828905316571703,403.0,7.0,7.0,2017-03,2017-03
R2RL1Y49,65.0,32,1,2,2017-03-19,2017-05-16,0.0,0.133945273576741,0.0,58.0,58.0,2017-03,2017-05
7Q7SA3EK,42.0,32,4,4,2017-03-19,2017-06-07,3290.0,0.9999999999654725,3290.0,80.0,80.0,2017-03,2017-06
THKCN7HU,,31,1,1,2017-03-19,,0.0,0.3110071290365241,0.0,287.0,,2017-03,
6JI36HIE,65.0,31,4,2,2017-03-19,2017-06-23,0.0,0.004829350012244865,0.0,96.0,96.0,2017-03,2017-06
B5CBSTM5,31.0,31,4,4,2017-03-19,2017-03-29,3550.0,0.999999999994968,3550.0,10.0,10.0,2017-03,2017-03
SNBYNW8H,57.0,5,4,4,2017-03-19,2017-06-23,3657.0,0.9999999999991582,3657.0,96.0,96.0,2017-03,2017-06
IEN6RBZI,84.0,21,6,4,2017-03-19,2017-06-24,1046.0,0.9970869302947309,1046.0,97.0,97.0,2017-03,2017-06
9P026O47,76.0,3,3,4,2017-03-19,2017-05-27,50.0,0.7590834112372395,50.0,69.0,69.0,2017-03,2017-05
AJLNEUVY,25.0,3,4,4,2017-03-19,2017-03-27,2871.0,0.9999999979662162,2871.0,8.0,8.0,2017-03,2017-03
LJIAOC0Q,5.0,12,3,4,2017-03-19,2017-06-04,52.0,0.7126051769714563,52.0,77.0,77.0,2017-03,2017-06
PD2198ZH,,33,2,1,2017-03-19,,0.0,0.012507099476492608,0.0,287.0,,2017-03,
2BYD4WQ7,25.0,1,3,2,2017-03-20,2017-05-19,0.0,0.5478367088672476,0.0,60.0,60.0,2017-03,2017-05
HP6DSCMH,42.0,22,1,4,2017-03-20,2017-06-12,564.0,0.9476382155996361,564.0,84.0,84.0,2017-03,2017-06
FM4S93O6,20.0,19,5,2,2017-03-20,2017-05-23,0.0,0.00391277824007572,0.0,64.0,64.0,2017-03,2017-05
ALHQU8W8,54.0,13,1,1,2017-03-20,,0.0,0.2886231707794595,0.0,286.0,,2017-03,
GGPSSI5Q,26.0,18,4,4,2017-03-20,2017-06-02,3780.0,0.9999999999992926,3780.0,74.0,74.0,2017-03,2017-06
4D95LU0H,15.0,10,1,4,2017-03-20,2017-06-24,491.0,0.9095242109972186,491.0,96.0,96.0,2017-03,2017-06
KA79LTFF,19.0,10,1,4,2017-03-20,2017-03-30,604.0,0.9715271841415911,604.0,10.0,10.0,2017-03,2017-03
OBBVVO9O,64.0,28,7,2,2017-03-20,2017-05-27,0.0,0.022492560330171895,0.0,68.0,68.0,2017-03,2017-05
83HX5CIJ,65.0,32,1,2,2017-03-20,2017-03-23,0.0,0.11023381418416218,0.0,3.0,3.0,2017-03,2017-03
SGV1FR3O,10.0,32,1,4,2017-03-20,2017-06-23,568.0,0.9706539200192194,568.0,95.0,95.0,2017-03,2017-06
TJ6U9HZ3,64.0,31,1,4,2017-03-20,2017-06-24,601.0,0.9739597232032898,601.0,96.0,96.0,2017-03,2017-06
K72CEXGZ,,34,6,1,2017-03-20,,0.0,0.04366443272030999,0.0,286.0,,2017-03,
1N99TLIA,6.0,34,4,2,2017-03-20,2017-06-02,0.0,0.0035329919577387556,0.0,74.0,74.0,2017-03,2017-06
JYE2QFGE,28.0,9,5,4,2017-03-20,2017-05-06,5616.0,1.0,5616.0,47.0,47.0,2017-03,2017-05
IEOMRMWW,84.0,21,2,2,2017-03-20,2017-06-28,0.0,0.009488950537812716,0.0,100.0,100.0,2017-03,2017-06
ZW7N89K3,22.0,25,2,2,2017-03-20,2017-05-18,0.0,0.003354306003099545,0.0,59.0,59.0,2017-03,2017-05
MIU04JC2,15.0,3,3,2,2017-03-20,2017-06-21,0.0,0.6079137966264183,0.0,93.0,93.0,2017-03,2017-06
VF2OKZY5,61.0,24,4,2,2017-03-20,2017-06-12,0.0,0.00700786959472375,0.0,84.0,84.0,2017-03,2017-06
QSBKLWSW,53.0,12,1,4,2017-03-20,2017-06-29,542.0,0.9381131752672598,542.0,101.0,101.0,2017-03,2017-06
0GTJE2VQ,27.0,16,1,4,2017-03-20,2017-06-14,497.0,0.9268259394531261,497.0,86.0,86.0,2017-03,2017-06
H91G4MYP,41.0,33,2,4,2017-03-20,2017-05-22,5443.0,1.0,5443.0,63.0,63.0,2017-03,2017-05
DDBH2FPP,57.0,1,6,4,2017-03-21,2017-06-16,1037.0,0.9964809076231242,1037.0,87.0,87.0,2017-03,2017-06
P1SGQODJ,57.0,22,6,1,2017-03-21,,0.0,0.07408707371171756,0.0,285.0,,2017-03,
N8F2PFQP,2.0,22,6,4,2017-03-21,2017-04-03,992.0,0.9854340853418291,992.0,13.0,13.0,2017-03,2017-04
WELHHO3U,66.0,2,6,4,2017-03-21,2017-03-30,966.0,0.9937042919995257,966.0,9.0,9.0,2017-03,2017-03
CUAYGT78,84.0,18,4,2,2017-03-21,2017-06-26,0.0,0.005768144893771614,0.0,97.0,97.0,2017-03,2017-06
9KDR9PQX,75.0,15,5,2,2017-03-21,2017-04-01,0.0,0.004595491454991243,0.0,11.0,11.0,2017-03,2017-04
8A5HA974,76.0,6,1,2,2017-03-21,2017-04-01,0.0,0.11284905800622289,0.0,11.0,11.0,2017-03,2017-04
M1L0IWB6,59.0,6,4,4,2017-03-21,2017-05-11,3232.0,0.9999999999589684,3232.0,51.0,51.0,2017-03,2017-05
I2U6MKUT,26.0,21,1,4,2017-03-21,2017-05-29,548.0,0.9392078093987144,548.0,69.0,69.0,2017-03,2017-05
5C8HCDXT,,16,4,1,2017-03-21,,0.0,0.01672527771296562,0.0,285.0,,2017-03,
RK6UFTI8,56.0,16,4,2,2017-03-21,2017-03-26,0.0,0.004076265834317548,0.0,5.0,5.0,2017-03,2017-03
ECOU1XXZ,59.0,1,3,4,2017-03-22,2017-05-30,52.0,0.7872092386867597,52.0,69.0,69.0,2017-03,2017-05
9FPDDSIJ,,19,2,1,2017-03-22,,0.0,0.015828702596398854,0.0,284.0,,2017-03,
4RDJBBB6,,18,3,1,2017-03-22,,0.0,0.8212904608148677,0.0,284.0,,2017-03,
OTDDPHWJ,28.0,10,2,2,2017-03-22,2017-05-28,0.0,0.0029615312026513973,0.0,67.0,67.0,2017-03,2017-05
20N9WSRC,29.0,10,2,2,2017-03-22,2017-05-23,0.0,0.0029390230398725235,0.0,62.0,62.0,2017-03,2017-05
IJ4GXGCU,39.0,10,2,4,2017-03-22,2017-03-30,5109.0,1.0,5109.0,8.0,8.0,2017-03,2017-03
GZCWM6GK,67.0,28,3,1,2017-03-22,,0.0,0.750178692204683,0.0,284.0,,2017-03,
U0G8KIPB,11.0,8,3,4,2017-03-22,2017-06-21,49.0,0.597787498884746,49.0,91.0,91.0,2017-03,2017-06
2YVVZN5L,45.0,6,6,2,2017-03-22,2017-05-03,0.0,0.011989555598492114,0.0,42.0,42.0,2017-03,2017-05
3JUL12VK,,32,1,1,2017-03-22,,0.0,0.3539006200886943,0.0,284.0,,2017-03,
TGW7OYMD,42.0,32,1,4,2017-03-22,2017-06-25,447.0,0.8826880386443968,447.0,95.0,95.0,2017-03,2017-06
XJ9RQU4K,39.0,4,4,4,2017-03-22,2017-06-14,3430.0,0.9999999999848941,3430.0,84.0,84.0,2017-03,2017-06
9Y85N0W5,,27,4,1,2017-03-22,,0.0,0.009891267535481767,0.0,284.0,,2017-03,
4TRMURKI,12.0,9,1,2,2017-03-22,2017-06-18,0.0,0.12009380693347724,0.0,88.0,88.0,2017-03,2017-06
TJXY9DQG,18.0,21,4,4,2017-03-22,2017-06-10,3245.0,0.9999999999778222,3245.0,80.0,80.0,2017-03,2017-06
DV9ZB9KL,4.0,3,1,2,2017-03-22,2017-03-27,0.0,0.10829016691329063,0.0,5.0,5.0,2017-03,2017-03
J712QVSG,59.0,3,3,4,2017-03-22,2017-03-26,61.0,0.7510443848694998,61.0,4.0,4.0,2017-03,2017-03
LCBVIPRA,31.0,24,3,4,2017-03-22,2017-06-29,60.0,0.6900074925143518,60.0,99.0,99.0,2017-03,2017-06
8GE7FY98,,12,2,1,2017-03-22,,0.0,0.01755990985011079,0.0,284.0,,2017-03,
88R08IL1,42.0,12,3,2,2017-03-22,2017-04-01,0.0,0.4736299331749493,0.0,10.0,10.0,2017-03,2017-04
4U9D1IZ5,,33,1,1,2017-03-22,,0.0,0.25946918157332255,0.0,284.0,,2017-03,
WNMF0OHM,15.0,1,5,4,2017-03-23,2017-04-01,5060.0,1.0,5060.0,9.0,9.0,2017-03,2017-04
I0D1O3GX,78.0,22,1,2,2017-03-23,2017-04-01,0.0,0.07028704854593157,0.0,9.0,9.0,2017-03,2017-04
PO158L29,6.0,19,1,1,2017-03-23,,0.0,0.3085059488788028,0.0,283.0,,2017-03,
7LNGJB3S,42.0,19,1,4,2017-03-23,2017-04-01,585.0,0.9351113933634387,585.0,9.0,9.0,2017-03,2017-04
AVD2WQZY,69.0,13,2,2,2017-03-23,2017-06-11,0.0,0.004511954574461639,0.0,80.0,80.0,2017-03,2017-06
UD9V38LV,2.0,20,2,2,2017-03-23,2017-05-19,0.0,0.002564538843459867,0.0,57.0,57.0,2017-03,2017-05
JMTO8BPQ,36.0,8,2,2,2017-03-23,2017-04-03,0.0,0.0028346889508138315,0.0,11.0,11.0,2017-03,2017-04
06YBVWXZ,12.0,32,2,2,2017-03-23,2017-04-03,0.0,0.005564227199501831,0.0,11.0,11.0,2017-03,2017-04
ODGKZEVV,,31,2,1,2017-03-23,,0.0,0.015427102115870889,0.0,283.0,,2017-03,
1VCAS7FL,12.0,4,3,2,2017-03-23,2017-04-05,0.0,0.4941842239419755,0.0,13.0,13.0,2017-03,2017-04
G2TASA8C,19.0,4,3,2,2017-03-23,2017-06-15,0.0,0.5900447180561481,0.0,84.0,84.0,2017-03,2017-06
CRW2CCMB,50.0,27,1,4,2017-03-23,2017-06-05,572.0,0.9331209918460738,572.0,74.0,74.0,2017-03,2017-06
7FER10E1,31.0,27,3,4,2017-03-23,2017-06-08,54.0,0.5579030103513503,54.0,77.0,77.0,2017-03,2017-06
K96NUCWR,19.0,5,1,2,2017-03-23,2017-04-01,0.0,0.11297307591472203,0.0,9.0,9.0,2017-03,2017-04
SE609QTE,66.0,3,3,4,2017-03-23,2017-05-05,60.0,0.8492238729347414,60.0,43.0,43.0,2017-03,2017-05
CT9XECID,85.0,3,4,4,2017-03-23,2017-04-01,3251.0,0.9999999998888143,3251.0,9.0,9.0,2017-03,2017-04
SUO8VZQ8,47.0,24,5,4,2017-03-23,2017-06-14,5930.0,1.0,5930.0,83.0,83.0,2017-03,2017-06
9LX9MAPU,49.0,12,6,4,2017-03-23,2017-04-01,941.0,0.9809932466526448,941.0,9.0,9.0,2017-03,2017-04
PHP5V833,9.0,1,1,2,2017-03-24,2017-05-18,0.0,0.14643754261005087,0.0,55.0,55.0,2017-03,2017-05
7XEB6TFB,62.0,1,3,4,2017-03-24,2017-06-06,56.0,0.6924632880826116,56.0,74.0,74.0,2017-03,2017-06
KV9LW061,11.0,1,4,4,2017-03-24,2017-04-04,3445.0,0.9999999999874349,3445.0,11.0,11.0,2017-03,2017-04
M41NS5DN,,19,5,1,2017-03-24,,0.0,0.02030459253266632,0.0,282.0,,2017-03,
QIHWKCFK,64.0,19,4,1,2017-03-24,,0.0,0.01858716291734364,0.0,282.0,,2017-03,
8RZ1A49O,4.0,2,3,4,2017-03-24,2017-03-31,54.0,0.6628542027271506,54.0,7.0,7.0,2017-03,2017-03
GEJLL5L3,,13,1,1,2017-03-24,,0.0,0.3369809764839718,0.0,282.0,,2017-03,
V4EKF9RF,49.0,13,4,4,2017-03-24,2017-03-31,3498.0,0.9999999999939733,3498.0,7.0,7.0,2017-03,2017-03
VJ1EK4A3,75.0,18,1,4,2017-03-24,2017-04-02,540.0,0.9196907000780588,540.0,9.0,9.0,2017-03,2017-04
65B8HSTW,27.0,18,2,4,2017-03-24,2017-04-02,4986.0,1.0,4986.0,9.0,9.0,2017-03,2017-04
KIJB458K,72.0,10,5,2,2017-03-24,2017-04-03,0.0,0.004145385537105185,0.0,10.0,10.0,2017-03,2017-04
8PHJ7N4E,16.0,10,5,4,2017-03-24,2017-05-15,5214.0,1.0,5214.0,52.0,52.0,2017-03,2017-05
EDAJ0YEW,39.0,10,2,4,2017-03-24,2017-03-30,4794.0,1.0,4794.0,6.0,6.0,2017-03,2017-03
KMB8TJ0I,,26,4,1,2017-03-24,,0.0,0.01814155714827116,0.0,282.0,,2017-03,
9X5HUUJ5,42.0,30,6,2,2017-03-24,2017-04-02,0.0,0.008527267242156565,0.0,9.0,9.0,2017-03,2017-04
CR6ZLEWC,,31,5,1,2017-03-24,,0.0,0.019904335662532375,0.0,282.0,,2017-03,
21S1ETXM,61.0,31,6,2,2017-03-24,2017-04-03,0.0,0.015885687990987583,0.0,10.0,10.0,2017-03,2017-04
54JFGNXN,9.0,4,1,4,2017-03-24,2017-05-27,648.0,0.9716370944886934,648.0,64.0,64.0,2017-03,2017-05
WLXPA3LB,19.0,4,4,4,2017-03-24,2017-06-30,3040.0,0.9999999997202043,3040.0,98.0,98.0,2017-03,2017-06
3WQMBMSN,73.0,7,6,4,2017-03-24,2017-06-30,1185.0,0.9988870828265676,1185.0,98.0,98.0,2017-03,2017-06
XIKWT7HM,23.0,7,3,4,2017-03-24,2017-03-26,48.0,0.6167729017562388,48.0,2.0,2.0,2017-03,2017-03
J9QQVBQX,41.0,34,6,2,2017-03-24,2017-04-01,0.0,0.007935150220295242,0.0,8.0,8.0,2017-03,2017-04
I51MJ7PP,10.0,34,6,4,2017-03-24,2017-06-30,1021.0,0.9939156222273433,1021.0,98.0,98.0,2017-03,2017-06
V690FQG4,61.0,34,6,4,2017-03-24,2017-05-26,1264.0,0.999429251545941,1264.0,63.0,63.0,2017-03,2017-05
OSB9S3PI,85.0,5,3,2,2017-03-24,2017-05-23,0.0,0.3606221655930564,0.0,60.0,60.0,2017-03,2017-05
JWRSTAU8,59.0,5,1,4,2017-03-24,2017-06-12,503.0,0.9375202562601656,503.0,80.0,80.0,2017-03,2017-06
YYAZ4JBY,26.0,21,2,4,2017-03-24,2017-04-03,4440.0,0.9999999999999984,4440.0,10.0,10.0,2017-03,2017-04
8SEGAAT7,38.0,3,6,2,2017-03-24,2017-04-03,0.0,0.011946531636200923,0.0,10.0,10.0,2017-03,2017-04
4L36DJTM,57.0,3,3,4,2017-03-24,2017-04-02,52.0,0.7407412462420752,52.0,9.0,9.0,2017-03,2017-04
YB20NWM1,,24,3,1,2017-03-24,,0.0,0.8277416939299798,0.0,282.0,,2017-03,
7Z3S4XV9,44.0,24,1,2,2017-03-24,2017-04-03,0.0,0.09935470626994772,0.0,10.0,10.0,2017-03,2017-04
SQOW8W0G,37.0,12,1,2,2017-03-24,2017-05-05,0.0,0.09169487958255033,0.0,42.0,42.0,2017-03,2017-05
W3LGBNI2,27.0,12,3,2,2017-03-24,2017-04-06,0.0,0.5225020044172437,0.0,13.0,13.0,2017-03,2017-04
J2B3UZXA,27.0,12,1,4,2017-03-24,2017-03-26,499.0,0.8989653309201758,499.0,2.0,2.0,2017-03,2017-03
43LFUTVM,,33,5,1,2017-03-24,,0.0,0.01578693610845254,0.0,282.0,,2017-03,
VH78FLDN,10.0,33,2,2,2017-03-24,2017-04-03,0.0,0.003043481588431653,0.0,10.0,10.0,2017-03,2017-04
KZKMLY96,12.0,33,6,4,2017-03-24,2017-03-29,1159.0,0.9972646832841099,1159.0,5.0,5.0,2017-03,2017-03
9BGKQZ3H,16.0,1,3,2,2017-03-25,2017-04-03,0.0,0.5459307650526439,0.0,9.0,9.0,2017-03,2017-04
H6NJKV4F,2.0,22,5,4,2017-03-25,2017-05-20,5479.0,1.0,5479.0,56.0,56.0,2017-03,2017-05
CMS1HUGL,,19,4,1,2017-03-25,,0.0,0.014310099310628373,0.0,281.0,,2017-03,
6R6S91WE,,18,2,1,2017-03-25,,0.0,0.014650643192586656,0.0,281.0,,2017-03,
L69Q015M,84.0,18,2,4,2017-03-25,2017-05-19,4555.0,0.9999999999999998,4555.0,55.0,55.0,2017-03,2017-05
RX3F3VIU,36.0,10,3,2,2017-03-25,2017-04-02,0.0,0.4897295988070662,0.0,8.0,8.0,2017-03,2017-04
R5I9AAFG,21.0,28,3,2,2017-03-25,2017-05-25,0.0,0.47760745389217424,0.0,61.0,61.0,2017-03,2017-05
JQ3HJFNA,37.0,15,6,4,2017-03-25,2017-03-28,1026.0,0.988990108629006,1026.0,3.0,3.0,2017-03,2017-03
XCC1C1GG,66.0,8,1,4,2017-03-25,2017-04-03,503.0,0.9466979210105525,503.0,9.0,9.0,2017-03,2017-04
WI1HQSIS,68.0,8,6,4,2017-03-25,2017-06-14,1144.0,0.9976479226972659,1144.0,81.0,81.0,2017-03,2017-06
LCTI4CFV,28.0,8,3,4,2017-03-25,2017-06-16,55.0,0.5777129650125995,55.0,83.0,83.0,2017-03,2017-06
3T64Z7DB,,32,1,1,2017-03-25,,0.0,0.3499396737683527,0.0,281.0,,2017-03,
3F2ZPCSL,,31,6,1,2017-03-25,,0.0,0.044016296294567644,0.0,281.0,,2017-03,
8GMDSXYY,42.0,27,4,4,2017-03-25,2017-04-06,3181.0,0.9999999997783087,3181.0,12.0,12.0,2017-03,2017-04
QLTDWAEM,62.0,7,3,4,2017-03-25,2017-06-19,54.0,0.7087269792524113,54.0,86.0,86.0,2017-03,2017-06
XFB1VXQY,,34,4,1,2017-03-25,,0.0,0.013519191009770382,0.0,281.0,,2017-03,
UB8M6I5R,64.0,34,2,4,2017-03-25,2017-06-30,3959.0,0.9999999999999414,3959.0,97.0,97.0,2017-03,2017-06
EBTJPEEY,68.0,9,1,4,2017-03-25,2017-05-31,571.0,0.9484405083973846,571.0,67.0,67.0,2017-03,2017-05
ATW70WX1,18.0,21,2,2,2017-03-25,2017-04-05,0.0,0.007513472708277328,0.0,11.0,11.0,2017-03,2017-04
9DBMY3OF,42.0,24,1,2,2017-03-25,2017-04-04,0.0,0.0694685247209112,0.0,10.0,10.0,2017-03,2017-04
HRV9DSYF,6.0,24,1,4,2017-03-25,2017-04-03,545.0,0.9210832654842802,545.0,9.0,9.0,2017-03,2017-04
MNC7Q3JJ,46.0,24,1,4,2017-03-25,2017-06-21,554.0,0.9492257962094237,554.0,88.0,88.0,2017-03,2017-06
TJ03NDNX,40.0,12,4,1,2017-03-25,,0.0,0.01980423564896294,0.0,281.0,,2017-03,
E3WWC6FJ,80.0,12,3,4,2017-03-25,2017-04-02,68.0,0.7432918881599507,68.0,8.0,8.0,2017-03,2017-04
QKKZQJ46,82.0,12,3,4,2017-03-25,2017-06-16,52.0,0.7606853663730481,52.0,83.0,83.0,2017-03,2017-06
VRYR5A81,23.0,16,1,1,2017-03-25,,0.0,0.3054275572006142,0.0,281.0,,2017-03,
M52B4VC5,29.0,1,3,2,2017-03-26,2017-04-04,0.0,0.4559740512711598,0.0,9.0,9.0,2017-03,2017-04
Z72Y3C3C,19.0,1,3,4,2017-03-26,2017-04-04,54.0,0.7499431896246118,54.0,9.0,9.0,2017-03,2017-04
FQPPZ9NQ,20.0,19,4,4,2017-03-26,2017-05-25,3822.0,0.9999999999995706,3822.0,60.0,60.0,2017-03,2017-05
DUHS8KVY,71.0,18,6,4,2017-03-26,2017-04-05,971.0,0.9798671918473084,971.0,10.0,10.0,2017-03,2017-04
M72CT8RN,20.0,18,5,4,2017-03-26,2017-04-05,6024.0,1.0,6024.0,10.0,10.0,2017-03,2017-04
XBFTCRLN,66.0,10,2,4,2017-03-26,2017-04-04,4820.0,1.0,4820.0,9.0,9.0,2017-03,2017-04
3ZILMRQK,43.0,20,5,2,2017-03-26,2017-05-28,0.0,0.0030178341880443783,0.0,63.0,63.0,2017-03,2017-05
FZ72CGOI,56.0,15,2,2,2017-03-26,2017-06-25,0.0,0.005745688892688902,0.0,91.0,91.0,2017-03,2017-06
72HZ4LDT,26.0,15,4,4,2017-03-26,2017-04-02,2940.0,0.9999999983641714,2940.0,7.0,7.0,2017-03,2017-04
J6OQS0AU,,26,4,1,2017-03-26,,0.0,0.01793646883879644,0.0,280.0,,2017-03,
4X3LNCWH,17.0,26,3,4,2017-03-26,2017-04-04,49.0,0.653460443188729,49.0,9.0,9.0,2017-03,2017-04
97PFKCPG,,30,2,1,2017-03-26,,0.0,0.016867555964294942,0.0,280.0,,2017-03,
FB9M4FR7,,30,3,1,2017-03-26,,0.0,0.8390137340138215,0.0,280.0,,2017-03,
CMPFB2PS,13.0,6,1,2,2017-03-26,2017-04-02,0.0,0.09894918472650213,0.0,7.0,7.0,2017-03,2017-04
61HW4ELT,24.0,32,6,2,2017-03-26,2017-05-31,0.0,0.024327656902334127,0.0,66.0,66.0,2017-03,2017-05
F481S8G3,41.0,32,1,4,2017-03-26,2017-05-22,545.0,0.94304589905747,545.0,57.0,57.0,2017-03,2017-05
5G4I94TF,67.0,31,5,1,2017-03-26,,0.0,0.012725565408086125,0.0,280.0,,2017-03,
677XNEFB,79.0,27,3,4,2017-03-26,2017-06-18,58.0,0.6186132814841274,58.0,84.0,84.0,2017-03,2017-06
7L0S5EON,68.0,7,4,2,2017-03-26,2017-04-03,0.0,0.004485957639476374,0.0,8.0,8.0,2017-03,2017-04
A3D8MRDX,19.0,9,2,4,2017-03-26,2017-05-12,4280.0,0.9999999999999956,4280.0,47.0,47.0,2017-03,2017-05
YE6R6I1K,74.0,21,4,4,2017-03-26,2017-05-29,2880.0,0.9999999985030685,2880.0,64.0,64.0,2017-03,2017-05
JXUXBANJ,79.0,25,7,4,2017-03-26,2017-04-05,25288.0,1.0,25288.0,10.0,10.0,2017-03,2017-04
UWPUJESS,36.0,3,3,2,2017-03-26,2017-05-25,0.0,0.5984168025978635,0.0,60.0,60.0,2017-03,2017-05
HSTXUOVW,35.0,24,3,2,2017-03-26,2017-05-06,0.0,0.4914138749532171,0.0,41.0,41.0,2017-03,2017-05
2ZT298DY,32.0,33,1,2,2017-03-26,2017-04-04,0.0,0.0927808317902655,0.0,9.0,9.0,2017-03,2017-04
Z769EPTS,36.0,33,1,2,2017-03-26,2017-05-14,0.0,0.07545814339389069,0.0,49.0,49.0,2017-03,2017-05
GOIVV4OG,85.0,2,4,4,2017-03-27,2017-05-29,3267.0,0.9999999999189759,3267.0,63.0,63.0,2017-03,2017-05
CJOU1RYX,2.0,18,5,4,2017-03-27,2017-06-09,5182.0,1.0,5182.0,74.0,74.0,2017-03,2017-06
5OVTFUNQ,9.0,10,2,2,2017-03-27,2017-04-05,0.0,0.004026587188166344,0.0,9.0,9.0,2017-03,2017-04
0RNYAI6O,67.0,10,3,2,2017-03-27,2017-04-07,0.0,0.38538232677922923,0.0,11.0,11.0,2017-03,2017-04
NSI9TMQ1,82.0,15,2,2,2017-03-27,2017-05-31,0.0,0.005783006104686752,0.0,65.0,65.0,2017-03,2017-05
2QQD7411,79.0,30,1,4,2017-03-27,2017-05-25,540.0,0.9439750776066524,540.0,59.0,59.0,2017-03,2017-05
XR57MBVC,24.0,30,4,4,2017-03-27,2017-05-01,3492.0,0.9999999999961069,3492.0,35.0,35.0,2017-03,2017-05
8BY9YRL9,15.0,6,5,4,2017-03-27,2017-06-26,5991.0,1.0,5991.0,91.0,91.0,2017-03,2017-06
7PWQUE7O,47.0,27,1,2,2017-03-27,2017-04-02,0.0,0.04290671615873389,0.0,6.0,6.0,2017-03,2017-04
ELCQKUQU,44.0,27,4,2,2017-03-27,2017-04-06,0.0,0.0024404907321516098,0.0,10.0,10.0,2017-03,2017-04
CVPH0J04,70.0,27,2,4,2017-03-27,2017-06-26,4968.0,1.0,4968.0,91.0,91.0,2017-03,2017-06
H8CLNRM2,44.0,34,2,4,2017-03-27,2017-05-26,5006.0,1.0,5006.0,60.0,60.0,2017-03,2017-05
MJBD6V39,13.0,5,3,2,2017-03-27,2017-05-01,0.0,0.5219727619704938,0.0,35.0,35.0,2017-03,2017-05
GQQ01OO5,84.0,21,5,2,2017-03-27,2017-05-15,0.0,0.009661512292037322,0.0,49.0,49.0,2017-03,2017-05
B85LVFR1,49.0,21,2,4,2017-03-27,2017-04-05,5363.0,1.0,5363.0,9.0,9.0,2017-03,2017-04
U8XA7JCO,15.0,3,3,4,2017-03-27,2017-06-28,49.0,0.7067060532614391,49.0,93.0,93.0,2017-03,2017-06
0QPZIIPF,20.0,24,6,1,2017-03-27,,0.0,0.032956419440563434,0.0,279.0,,2017-03,
2GR73FEV,21.0,33,6,2,2017-03-27,2017-04-03,0.0,0.005522811344966829,0.0,7.0,7.0,2017-03,2017-04
AV4ZPXE3,17.0,33,4,4,2017-03-27,2017-04-03,4253.0,0.9999999999999891,4253.0,7.0,7.0,2017-03,2017-04
X8QV83G1,11.0,1,3,2,2017-03-28,2017-04-08,0.0,0.4760833172612095,0.0,11.0,11.0,2017-03,2017-04
T1ZYZ70B,11.0,1,3,2,2017-03-28,2017-06-08,0.0,0.5401217591078555,0.0,72.0,72.0,2017-03,2017-06
RO6QLRCX,56.0,19,1,4,2017-03-28,2017-05-30,422.0,0.861170331947803,422.0,63.0,63.0,2017-03,2017-05
6FT804V9,36.0,2,1,2,2017-03-28,2017-04-06,0.0,0.08958795563259996,0.0,9.0,9.0,2017-03,2017-04
SKTAI2GS,11.0,2,6,4,2017-03-28,2017-04-08,1056.0,0.9908243604074743,1056.0,11.0,11.0,2017-03,2017-04
YIGSYPWD,5.0,13,2,2,2017-03-28,2017-04-07,0.0,0.0038891555668214427,0.0,10.0,10.0,2017-03,2017-04
9IP0C0IR,26.0,13,2,2,2017-03-28,2017-05-28,0.0,0.0030556970160005976,0.0,61.0,61.0,2017-03,2017-05
E06J9PDT,19.0,10,2,2,2017-03-28,2017-04-06,0.0,0.004985213711018173,0.0,9.0,9.0,2017-03,2017-04
3OLESA9M,38.0,10,4,2,2017-03-28,2017-04-03,0.0,0.0030178917549169054,0.0,6.0,6.0,2017-03,2017-04
3O7PIS8O,76.0,10,4,4,2017-03-28,2017-04-09,3665.0,0.9999999999987454,3665.0,12.0,12.0,2017-03,2017-04
FAV4HHP4,18.0,20,2,4,2017-03-28,2017-06-03,4329.0,0.9999999999999976,4329.0,67.0,67.0,2017-03,2017-06
LOMFB71Q,23.0,8,3,2,2017-03-28,2017-04-03,0.0,0.4200240098162793,0.0,6.0,6.0,2017-03,2017-04
C334XDK8,32.0,26,3,4,2017-03-28,2017-04-08,58.0,0.7546671899481165,58.0,11.0,11.0,2017-03,2017-04
R707GGNA,79.0,30,5,4,2017-03-28,2017-06-26,7356.0,1.0,7356.0,90.0,90.0,2017-03,2017-06
EP81D4IN,21.0,30,2,4,2017-03-28,2017-06-25,4066.0,0.9999999999999665,4066.0,89.0,89.0,2017-03,2017-06
UWZ7DFKY,12.0,4,3,4,2017-03-28,2017-06-06,55.0,0.669301294134363,55.0,70.0,70.0,2017-03,2017-06
7SH51ME1,83.0,27,4,4,2017-03-28,2017-06-27,3738.0,0.9999999999993205,3738.0,91.0,91.0,2017-03,2017-06
DFFEQ87N,62.0,34,3,1,2017-03-28,,0.0,0.7965382280739796,0.0,278.0,,2017-03,
QPH1YUAN,36.0,34,1,2,2017-03-28,2017-04-04,0.0,0.07571997092640902,0.0,7.0,7.0,2017-03,2017-04
7PV7V1RP,46.0,34,4,2,2017-03-28,2017-05-26,0.0,0.0035007161627678583,0.0,59.0,59.0,2017-03,2017-05
C2WEF4XH,79.0,34,6,4,2017-03-28,2017-05-15,888.0,0.9706410829371621,888.0,48.0,48.0,2017-03,2017-05
5G645WYV,4.0,5,5,4,2017-03-28,2017-04-07,5447.0,1.0,5447.0,10.0,10.0,2017-03,2017-04
5M3Z5DS4,29.0,9,5,4,2017-03-28,2017-04-05,5972.0,1.0,5972.0,8.0,8.0,2017-03,2017-04
CR20TBUT,10.0,25,2,4,2017-03-28,2017-04-02,4855.0,1.0,4855.0,5.0,5.0,2017-03,2017-04
M5E8U8HP,78.0,14,4,4,2017-03-28,2017-05-29,3395.0,0.999999999980324,3395.0,62.0,62.0,2017-03,2017-05
BXK5HGEY,,24,3,1,2017-03-28,,0.0,0.8244148495272117,0.0,278.0,,2017-03,
XXUGTDX7,,24,3,1,2017-03-28,,0.0,0.8244148495272117,0.0,278.0,,2017-03,
LWXHKI88,,24,3,1,2017-03-28,,0.0,0.8244148495272117,0.0,278.0,,2017-03,
9VEB4KWV,5.0,12,3,2,2017-03-28,2017-04-07,0.0,0.537151968942875,0.0,10.0,10.0,2017-03,2017-04
9S7VQ79A,32.0,33,6,4,2017-03-28,2017-03-30,1084.0,0.9946914083285616,1084.0,2.0,2.0,2017-03,2017-03
1MQFYGEE,38.0,2,4,4,2017-03-29,2017-06-03,3670.0,0.9999999999989346,3670.0,66.0,66.0,2017-03,2017-06
4G10PCOZ,37.0,18,6,2,2017-03-29,2017-04-02,0.0,0.007542926817403553,0.0,4.0,4.0,2017-03,2017-04
DLZYL69K,27.0,18,5,4,2017-03-29,2017-06-02,5304.0,1.0,5304.0,65.0,65.0,2017-03,2017-06
KYQ50DTU,73.0,10,5,2,2017-03-29,2017-04-06,0.0,0.004820993736413932,0.0,8.0,8.0,2017-03,2017-04
FRIVBOOA,13.0,10,2,4,2017-03-29,2017-06-16,3844.0,0.9999999999998053,3844.0,79.0,79.0,2017-03,2017-06
7ASDRLM5,1.0,20,1,4,2017-03-29,2017-05-11,549.0,0.862147779640621,549.0,43.0,43.0,2017-03,2017-05
0HB6OUIN,12.0,8,2,2,2017-03-29,2017-05-20,0.0,0.005008552918784208,0.0,52.0,52.0,2017-03,2017-05
UWK0KA56,66.0,8,4,2,2017-03-29,2017-04-05,0.0,0.00616324479564233,0.0,7.0,7.0,2017-03,2017-04
CCVCBR83,36.0,6,1,4,2017-03-29,2017-04-05,553.0,0.9336288351409506,553.0,7.0,7.0,2017-03,2017-04
I6U62W0R,,32,1,1,2017-03-29,,0.0,0.34469051741844386,0.0,277.0,,2017-03,
SV2VJ3VH,54.0,32,6,2,2017-03-29,2017-05-05,0.0,0.009709555784242395,0.0,37.0,37.0,2017-03,2017-05
ASL3FJZP,22.0,32,4,4,2017-03-29,2017-04-07,3523.0,0.9999999999954334,3523.0,9.0,9.0,2017-03,2017-04
EB89ONZN,25.0,31,2,1,2017-03-29,,0.0,0.012092536843370406,0.0,277.0,,2017-03,
0S4K915N,44.0,31,1,2,2017-03-29,2017-05-20,0.0,0.11661616349765576,0.0,52.0,52.0,2017-03,2017-05
8IJOC37Z,36.0,31,1,4,2017-03-29,2017-06-28,424.0,0.8507022028112161,424.0,91.0,91.0,2017-03,2017-06
28BIO7F9,45.0,7,1,4,2017-03-29,2017-06-02,490.0,0.9209225506619079,490.0,65.0,65.0,2017-03,2017-06
9B5T5QTA,44.0,34,2,2,2017-03-29,2017-04-04,0.0,0.0036196963086944306,0.0,6.0,6.0,2017-03,2017-04
9ZDFLOKA,33.0,34,3,4,2017-03-29,2017-04-07,48.0,0.5881299689368057,48.0,9.0,9.0,2017-03,2017-04
8FXUNDUS,36.0,5,4,4,2017-03-29,2017-05-26,3982.0,0.9999999999999174,3982.0,58.0,58.0,2017-03,2017-05
MLC5KY2R,24.0,25,4,2,2017-03-29,2017-06-11,0.0,0.004958660601739648,0.0,74.0,74.0,2017-03,2017-06
98YPUABG,65.0,24,5,2,2017-03-29,2017-04-06,0.0,0.0046069582843907405,0.0,8.0,8.0,2017-03,2017-04
181X64EU,32.0,24,6,4,2017-03-29,2017-04-09,1176.0,0.9981960691615833,1176.0,11.0,11.0,2017-03,2017-04
XLKL4EI0,2.0,16,1,2,2017-03-29,2017-04-10,0.0,0.08218852312641264,0.0,12.0,12.0,2017-03,2017-04
5RUF6451,43.0,16,1,4,2017-03-29,2017-04-04,589.0,0.9379215050058436,589.0,6.0,6.0,2017-03,2017-04
G67668KN,64.0,33,5,2,2017-03-29,2017-05-16,0.0,0.004850571905406025,0.0,48.0,48.0,2017-03,2017-05
4SAUJMOI,75.0,22,1,2,2017-03-30,2017-04-01,0.0,0.0894121387594237,0.0,2.0,2.0,2017-03,2017-04
B2H3P25L,78.0,22,5,2,2017-03-30,2017-04-07,0.0,0.003468945713879247,0.0,8.0,8.0,2017-03,2017-04
DF19VWL4,71.0,19,2,4,2017-03-30,2017-04-06,4276.0,0.9999999999999929,4276.0,7.0,7.0,2017-03,2017-04
ZIZXHX09,63.0,19,4,4,2017-03-30,2017-04-07,3390.0,0.9999999999833049,3390.0,8.0,8.0,2017-03,2017-04
70GGNRPB,4.0,2,1,2,2017-03-30,2017-04-11,0.0,0.09904142584608264,0.0,12.0,12.0,2017-03,2017-04
0VYX8TN3,15.0,2,3,2,2017-03-30,2017-04-09,0.0,0.4906964183968015,0.0,10.0,10.0,2017-03,2017-04
JPJ3A9T8,19.0,2,1,4,2017-03-30,2017-05-19,541.0,0.9605865352189447,541.0,50.0,50.0,2017-03,2017-05
1A86ZD0B,26.0,13,5,4,2017-03-30,2017-06-26,5189.0,1.0,5189.0,88.0,88.0,2017-03,2017-06
PMQ4M2UX,26.0,18,2,2,2017-03-30,2017-04-07,0.0,0.0019564555207856322,0.0,8.0,8.0,2017-03,2017-04
OFQCCQ6I,78.0,18,5,4,2017-03-30,2017-06-23,6920.0,1.0,6920.0,85.0,85.0,2017-03,2017-06
3Z2BQVQ7,12.0,10,1,2,2017-03-30,2017-04-01,0.0,0.11182385776146672,0.0,2.0,2.0,2017-03,2017-04
57FO8KSQ,39.0,10,6,2,2017-03-30,2017-04-07,0.0,0.008821734352330666,0.0,8.0,8.0,2017-03,2017-04
3VQOFPW7,29.0,10,4,2,2017-03-30,2017-05-17,0.0,0.00249040692743001,0.0,48.0,48.0,2017-03,2017-05
HMKFBTYR,4.0,10,1,4,2017-03-30,2017-06-20,600.0,0.9678296859435068,600.0,82.0,82.0,2017-03,2017-06
RMO3I92N,8.0,20,6,2,2017-03-30,2017-04-11,0.0,0.010342904809395315,0.0,12.0,12.0,2017-03,2017-04
2AV40FHB,44.0,20,2,2,2017-03-30,2017-04-01,0.0,0.0028061420819310637,0.0,2.0,2.0,2017-03,2017-04
OUR875IK,78.0,20,1,4,2017-03-30,2017-04-06,564.0,0.8920461613559634,564.0,7.0,7.0,2017-03,2017-04
LUFY70BU,32.0,28,7,2,2017-03-30,2017-04-04,0.0,0.01908732800779441,0.0,5.0,5.0,2017-03,2017-04
1OUHMFJV,81.0,15,6,4,2017-03-30,2017-05-31,1037.0,0.9916507892837529,1037.0,62.0,62.0,2017-03,2017-05
GMNQUFQZ,36.0,32,1,4,2017-03-30,2017-04-01,500.0,0.901688158381381,500.0,2.0,2.0,2017-03,2017-04
YWF7W7H8,36.0,4,5,4,2017-03-30,2017-04-07,5728.0,1.0,5728.0,8.0,8.0,2017-03,2017-04
120BESB3,42.0,27,4,2,2017-03-30,2017-04-09,0.0,0.0016528835832794616,0.0,10.0,10.0,2017-03,2017-04
HPSSENGT,67.0,7,2,2,2017-03-30,2017-04-06,0.0,0.002503269228113674,0.0,7.0,7.0,2017-03,2017-04
8TXOC3S3,62.0,5,4,2,2017-03-30,2017-04-11,0.0,0.0023516673078075477,0.0,12.0,12.0,2017-03,2017-04
N55VF08D,23.0,5,3,4,2017-03-30,2017-05-20,54.0,0.5978413383248945,54.0,51.0,51.0,2017-03,2017-05
265SZR01,77.0,25,1,4,2017-03-30,2017-06-19,501.0,0.8418759798287466,501.0,81.0,81.0,2017-03,2017-06
NFMCPYOV,24.0,14,1,1,2017-03-30,,0.0,0.40324948552973156,0.0,276.0,,2017-03,
NKO2JRRS,74.0,14,5,4,2017-03-30,2017-04-08,6155.0,1.0,6155.0,9.0,9.0,2017-03,2017-04
WW3NDCO2,81.0,14,5,4,2017-03-30,2017-04-08,4668.0,0.9999999999999998,4668.0,9.0,9.0,2017-03,2017-04
DGPI60HG,85.0,3,5,4,2017-03-30,2017-06-09,5017.0,1.0,5017.0,71.0,71.0,2017-03,2017-06
06DUY829,59.0,3,3,4,2017-03-30,2017-04-08,59.0,0.7439992821832994,59.0,9.0,9.0,2017-03,2017-04
2VDN72EP,,24,1,1,2017-03-30,,0.0,0.30073979806136153,0.0,276.0,,2017-03,
HOG5OE78,21.0,24,2,2,2017-03-30,2017-04-08,0.0,0.002423860539029435,0.0,9.0,9.0,2017-03,2017-04
PLM5WEY4,54.0,24,4,4,2017-03-30,2017-04-06,3316.0,0.9999999999498552,3316.0,7.0,7.0,2017-03,2017-04
Z9QZKUV5,85.0,33,1,1,2017-03-30,,0.0,0.14462259197760982,0.0,276.0,,2017-03,
EWQVZB85,54.0,33,5,4,2017-03-30,2017-04-10,6227.0,1.0,6227.0,11.0,11.0,2017-03,2017-04
SFFFNT6B,73.0,1,3,2,2017-03-31,2017-04-07,0.0,0.5763539810416711,0.0,7.0,7.0,2017-03,2017-04
99AAJPQN,12.0,1,3,4,2017-03-31,2017-06-15,58.0,0.7945635293850469,58.0,76.0,76.0,2017-03,2017-06
JW2FHT1G,15.0,1,4,4,2017-03-31,2017-04-08,3626.0,0.9999999999978653,3626.0,8.0,8.0,2017-03,2017-04
08KE6ZQN,75.0,22,4,4,2017-03-31,2017-04-01,2819.0,0.9999999969720954,2819.0,1.0,1.0,2017-03,2017-04
WW1WV7IT,9.0,19,2,1,2017-03-31,,0.0,0.01905251386719073,0.0,275.0,,2017-03,
0WVCRCOU,78.0,19,2,2,2017-03-31,2017-04-01,0.0,0.0023634979470596625,0.0,1.0,1.0,2017-03,2017-04
V5QIL0HU,82.0,19,2,2,2017-03-31,2017-04-07,0.0,0.004165838391199127,0.0,7.0,7.0,2017-03,2017-04
T0VJ4AMX,33.0,13,1,1,2017-03-31,,0.0,0.33597009541696055,0.0,275.0,,2017-03,
WLS5J30E,38.0,28,3,1,2017-03-31,,0.0,0.8240879818076373,0.0,275.0,,2017-03,
F52YEFJ8,29.0,8,5,2,2017-03-31,2017-04-02,0.0,0.0025132949234326026,0.0,2.0,2.0,2017-03,2017-04
OZDJFUHH,21.0,26,6,4,2017-03-31,2017-04-09,901.0,0.9682254993288945,901.0,9.0,9.0,2017-03,2017-04
BUPUP2TV,17.0,26,4,4,2017-03-31,2017-06-04,3438.0,0.9999999999920184,3438.0,65.0,65.0,2017-03,2017-06
HTQO5XIW,22.0,30,1,4,2017-03-31,2017-04-08,589.0,0.9537773438920172,589.0,8.0,8.0,2017-03,2017-04
XCBKZWDX,55.0,32,3,2,2017-03-31,2017-06-20,0.0,0.5229052236979828,0.0,81.0,81.0,2017-03,2017-06
W7F056RK,70.0,32,2,4,2017-03-31,2017-04-01,5073.0,1.0,5073.0,1.0,1.0,2017-03,2017-04
LIQZNH9U,,31,5,1,2017-03-31,,0.0,0.019128988356611414,0.0,275.0,,2017-03,
P9LE92UR,,31,3,1,2017-03-31,,0.0,0.8196333266798391,0.0,275.0,,2017-03,
9LZICBEV,36.0,31,4,2,2017-03-31,2017-04-01,0.0,0.0026729049472344864,0.0,1.0,1.0,2017-03,2017-04
YAKIMBKC,44.0,31,1,4,2017-03-31,2017-04-02,609.0,0.9613415481879335,609.0,2.0,2.0,2017-03,2017-04
FHU2WQ2K,32.0,31,3,4,2017-03-31,2017-04-01,55.0,0.6863508675073726,55.0,1.0,1.0,2017-03,2017-04
VF651O1V,21.0,27,3,2,2017-03-31,2017-04-12,0.0,0.33793892385806873,0.0,12.0,12.0,2017-03,2017-04
ISHAZTWG,33.0,34,6,2,2017-03-31,2017-04-12,0.0,0.009147694319202407,0.0,12.0,12.0,2017-03,2017-04
0XIPT9AX,12.0,34,5,4,2017-03-31,2017-04-10,5637.0,1.0,5637.0,10.0,10.0,2017-03,2017-04
UURLD9W8,54.0,34,5,4,2017-03-31,2017-04-11,5793.0,1.0,5793.0,11.0,11.0,2017-03,2017-04
Y975VCYM,48.0,21,3,2,2017-03-31,2017-04-12,0.0,0.5831287901989557,0.0,12.0,12.0,2017-03,2017-04
OPYWK3XE,41.0,25,1,2,2017-03-31,2017-04-05,0.0,0.05823374438341574,0.0,5.0,5.0,2017-03,2017-04
2VTBUOXA,14.0,25,4,2,2017-03-31,2017-05-30,0.0,0.005571960048857465,0.0,60.0,60.0,2017-03,2017-05
6YEF304L,36.0,25,1,4,2017-03-31,2017-04-07,520.0,0.8798879226646202,520.0,7.0,7.0,2017-03,2017-04
6AALZVSE,24.0,25,4,4,2017-03-31,2017-04-02,4080.0,0.9999999999999685,4080.0,2.0,2.0,2017-03,2017-04
JF9CTPPZ,38.0,3,1,4,2017-03-31,2017-06-30,526.0,0.9496879310299107,526.0,91.0,91.0,2017-03,2017-06
LAH7932Y,62.0,3,3,4,2017-03-31,2017-05-17,57.0,0.6698239044947769,57.0,47.0,47.0,2017-03,2017-05
DOGKQHQP,,24,2,1,2017-03-31,,0.0,0.014963315625979455,0.0,275.0,,2017-03,
CLOSEH5L,77.0,24,4,2,2017-03-31,2017-04-09,0.0,0.0017607148103259169,0.0,9.0,9.0,2017-03,2017-04
ZT6XPQR0,79.0,24,3,4,2017-03-31,2017-06-28,54.0,0.7032398262633911,54.0,89.0,89.0,2017-03,2017-06
MUHI7FIM,70.0,24,4,4,2017-03-31,2017-04-12,3367.0,0.9999999999775002,3367.0,12.0,12.0,2017-03,2017-04
G3SJ8X1K,,12,4,1,2017-03-31,,0.0,0.015344170734287274,0.0,275.0,,2017-03,
1WSLRC69,14.0,33,1,4,2017-03-31,2017-04-06,430.0,0.8617230264844139,430.0,6.0,6.0,2017-03,2017-04
ZZJ4I52J,36.0,1,1,4,2017-04-01,2017-05-05,518.0,0.9307007513192611,518.0,34.0,34.0,2017-04,2017-05
IGVGV1O5,74.0,22,6,2,2017-04-01,2017-04-12,0.0,0.0075803269529543665,0.0,11.0,11.0,2017-04,2017-04
JW4Q5F4Z,,19,3,1,2017-04-01,,0.0,0.8237476421005757,0.0,274.0,,2017-04,
O5OCDKVH,84.0,13,6,2,2017-04-01,2017-04-11,0.0,0.01579833173319281,0.0,10.0,10.0,2017-04,2017-04
KKRJ6TBY,61.0,18,2,1,2017-04-01,,0.0,0.024928290479552053,0.0,274.0,,2017-04,
TNUCQKW6,48.0,18,2,2,2017-04-01,2017-04-03,0.0,0.0030920874091410013,0.0,2.0,2.0,2017-04,2017-04
T4NRIY5R,4.0,10,5,4,2017-04-01,2017-04-08,5798.0,1.0,5798.0,7.0,7.0,2017-04,2017-04
5PA21ZHE,3.0,10,2,4,2017-04-01,2017-04-10,4685.0,0.9999999999999998,4685.0,9.0,9.0,2017-04,2017-04
MCR8YCCY,28.0,10,4,4,2017-04-01,2017-06-17,3228.0,0.9999999999169813,3228.0,77.0,77.0,2017-04,2017-06
N4PVP6C0,37.0,20,1,2,2017-04-01,2017-04-03,0.0,0.05678544501897431,0.0,2.0,2.0,2017-04,2017-04
8INCUUGJ,54.0,28,1,4,2017-04-01,2017-06-22,452.0,0.8494086766398149,452.0,82.0,82.0,2017-04,2017-06
CKSNW8DU,12.0,8,6,2,2017-04-01,2017-04-11,0.0,0.012930712824236081,0.0,10.0,10.0,2017-04,2017-04
MIY4MF3R,,26,4,1,2017-04-01,,0.0,0.01756715319658248,0.0,274.0,,2017-04,
JFB4WY8C,19.0,6,1,4,2017-04-01,2017-04-08,565.0,0.963346321181583,565.0,7.0,7.0,2017-04,2017-04
BP7JRV1O,76.0,6,6,4,2017-04-01,2017-06-05,1184.0,0.9986699177403174,1184.0,65.0,65.0,2017-04,2017-06
OREPAY0O,35.0,32,6,4,2017-04-01,2017-06-22,1150.0,0.9978339427066056,1150.0,82.0,82.0,2017-04,2017-06
YLK0MRJ3,40.0,31,1,1,2017-04-01,,0.0,0.3470222782875823,0.0,274.0,,2017-04,
XBSZ29VJ,64.0,31,6,4,2017-04-01,2017-05-24,1110.0,0.9970255450345157,1110.0,53.0,53.0,2017-04,2017-05
8BRN98H6,85.0,4,4,2,2017-04-01,2017-04-10,0.0,0.0010577214576324224,0.0,9.0,9.0,2017-04,2017-04
VZS17M7X,41.0,27,4,4,2017-04-01,2017-04-06,3817.0,0.9999999999993439,3817.0,5.0,5.0,2017-04,2017-04
49USIHDH,60.0,7,4,2,2017-04-01,2017-04-10,0.0,0.0061637646756187185,0.0,9.0,9.0,2017-04,2017-04
A89TBOY5,4.0,5,4,2,2017-04-01,2017-04-06,0.0,0.0029989724316041052,0.0,5.0,5.0,2017-04,2017-04
26XU4887,36.0,9,1,4,2017-04-01,2017-04-10,531.0,0.8913859981545548,531.0,9.0,9.0,2017-04,2017-04
QQTQFG9A,71.0,21,5,2,2017-04-01,2017-04-04,0.0,0.005191118572187915,0.0,3.0,3.0,2017-04,2017-04
7O00H1TC,52.0,21,4,2,2017-04-01,2017-04-02,0.0,0.005698013358664857,0.0,1.0,1.0,2017-04,2017-04
LGTIXQ46,6.0,25,3,4,2017-04-01,2017-04-07,51.0,0.5491838523785579,51.0,6.0,6.0,2017-04,2017-04
H6I16U57,70.0,14,4,1,2017-04-01,,0.0,0.013864947467371125,0.0,274.0,,2017-04,
KJBYGG1S,49.0,14,2,4,2017-04-01,2017-05-12,5106.0,1.0,5106.0,41.0,41.0,2017-04,2017-05
IXBUR07V,28.0,3,4,2,2017-04-01,2017-04-13,0.0,0.0026641753407800365,0.0,12.0,12.0,2017-04,2017-04
B6UWHOD4,66.0,3,3,4,2017-04-01,2017-04-02,60.0,0.8313884514119634,60.0,1.0,1.0,2017-04,2017-04
20CVXRTX,43.0,24,2,1,2017-04-01,,0.0,0.011556889812955103,0.0,274.0,,2017-04,
FJ6QV5XK,79.0,24,2,2,2017-04-01,2017-04-09,0.0,0.0035055946366584633,0.0,8.0,8.0,2017-04,2017-04
4DUMR5WD,84.0,16,5,2,2017-04-01,2017-04-09,0.0,0.006965210164961345,0.0,8.0,8.0,2017-04,2017-04
AW3L4BTT,36.0,33,6,2,2017-04-01,2017-04-02,0.0,0.0072353623891687835,0.0,1.0,1.0,2017-04,2017-04
RH805ELL,35.0,33,2,4,2017-04-01,2017-06-29,5079.0,1.0,5079.0,89.0,89.0,2017-04,2017-06
7RI58VF7,68.0,1,1,4,2017-04-02,2017-06-20,460.0,0.9247987745538158,460.0,79.0,79.0,2017-04,2017-06
VK9KN5PT,,22,4,1,2017-04-02,,0.0,0.014979190017549006,0.0,273.0,,2017-04,
R15SXOZA,40.0,22,6,2,2017-04-02,2017-06-24,0.0,0.018288862878382314,0.0,83.0,83.0,2017-04,2017-06
H00Y9555,16.0,2,4,4,2017-04-02,2017-04-10,3343.0,0.9999999999752271,3343.0,8.0,8.0,2017-04,2017-04
RJYMI03Q,78.0,13,5,4,2017-04-02,2017-05-28,5125.0,1.0,5125.0,56.0,56.0,2017-04,2017-05
5PJJCTJ9,4.0,10,4,4,2017-04-02,2017-04-11,3263.0,0.9999999999479168,3263.0,9.0,9.0,2017-04,2017-04
J60KKQ4B,21.0,28,6,4,2017-04-02,2017-04-08,976.0,0.9793075255390442,976.0,6.0,6.0,2017-04,2017-04
X2QRD0DC,56.0,15,2,4,2017-04-02,2017-04-09,4746.0,1.0,4746.0,7.0,7.0,2017-04,2017-04
4KIZ9WJ0,13.0,8,6,2,2017-04-02,2017-04-03,0.0,0.009503026164175074,0.0,1.0,1.0,2017-04,2017-04
6RQCLF28,11.0,8,1,4,2017-04-02,2017-04-11,507.0,0.8608239429303539,507.0,9.0,9.0,2017-04,2017-04
DQ7GS2BN,,30,5,1,2017-04-02,,0.0,0.021307393733292695,0.0,273.0,,2017-04,
T8WC5X1B,44.0,30,1,2,2017-04-02,2017-04-14,0.0,0.11524775755739576,0.0,12.0,12.0,2017-04,2017-04
HO6M5P37,21.0,30,2,4,2017-04-02,2017-04-09,5693.0,1.0,5693.0,7.0,7.0,2017-04,2017-04
D5VY17OP,,32,2,1,2017-04-02,,0.0,0.018171282607442912,0.0,273.0,,2017-04,
0J21WQH1,21.0,32,6,2,2017-04-02,2017-04-14,0.0,0.009417166790807927,0.0,12.0,12.0,2017-04,2017-04
N88UFF5K,46.0,31,1,2,2017-04-02,2017-04-03,0.0,0.08188183975830769,0.0,1.0,1.0,2017-04,2017-04
OV08QE7X,10.0,31,1,4,2017-04-02,2017-04-10,488.0,0.9022866187279569,488.0,8.0,8.0,2017-04,2017-04
WJLJIWYS,58.0,31,1,4,2017-04-02,2017-05-20,605.0,0.9757170532593841,605.0,48.0,48.0,2017-04,2017-05
BED55OSG,,27,2,1,2017-04-02,,0.0,0.010239046922587789,0.0,273.0,,2017-04,
QJ25CASO,77.0,27,5,2,2017-04-02,2017-05-15,0.0,0.0020955284332177457,0.0,43.0,43.0,2017-04,2017-05
GJQXUDI3,25.0,7,6,4,2017-04-02,2017-04-11,949.0,0.9810148927584574,949.0,9.0,9.0,2017-04,2017-04
OOGOZGGV,22.0,34,6,4,2017-04-02,2017-04-04,882.0,0.9643230620475021,882.0,2.0,2.0,2017-04,2017-04
C9XJ9KHD,32.0,34,6,4,2017-04-02,2017-06-22,1096.0,0.9973059589453113,1096.0,81.0,81.0,2017-04,2017-06
IWAKTMEB,20.0,21,1,2,2017-04-02,2017-04-10,0.0,0.08759555741070395,0.0,8.0,8.0,2017-04,2017-04
AKT5EF0X,20.0,21,1,4,2017-04-02,2017-08-04,572.0,0.9637974504811134,572.0,124.0,124.0,2017-04,2017-08
89064N0X,7.0,14,4,2,2017-04-02,2017-04-07,0.0,0.0023413764104694814,0.0,5.0,5.0,2017-04,2017-04
V7YVW4U0,43.0,14,2,4,2017-04-02,2017-04-12,3731.0,0.9999999999988916,3731.0,10.0,10.0,2017-04,2017-04
TBJ99S41,45.0,3,3,2,2017-04-02,2017-04-12,0.0,0.5581090051192659,0.0,10.0,10.0,2017-04,2017-04
QWLH0WD8,36.0,33,6,4,2017-04-02,2017-06-13,1214.0,0.9981964226045701,1214.0,72.0,72.0,2017-04,2017-06
JZTX4MXK,70.0,33,2,4,2017-04-02,2017-04-03,4444.0,0.9999999999999984,4444.0,1.0,1.0,2017-04,2017-04
4AHNCJ2Y,57.0,1,1,4,2017-04-03,2017-06-27,524.0,0.9653931933786207,524.0,85.0,85.0,2017-04,2017-06
H5VBBEVI,,19,6,1,2017-04-03,,0.0,0.04325552909338468,0.0,272.0,,2017-04,
MB7G8DWS,,19,5,1,2017-04-03,,0.0,0.019441125078395984,0.0,272.0,,2017-04,
JK75NQBD,8.0,19,6,4,2017-04-03,2017-05-20,997.0,0.9927229997864212,997.0,47.0,47.0,2017-04,2017-05
U1BDEL90,2.0,13,4,4,2017-04-03,2017-04-10,2794.0,0.9999999959679846,2794.0,7.0,7.0,2017-04,2017-04
A9C9YCSN,57.0,10,3,4,2017-04-03,2017-04-09,53.0,0.7142426664631544,53.0,6.0,6.0,2017-04,2017-04
524GC3WL,29.0,10,4,4,2017-04-03,2017-04-13,3141.0,0.999999999762093,3141.0,10.0,10.0,2017-04,2017-04
T4ZW6SS4,63.0,20,3,2,2017-04-03,2017-04-15,0.0,0.477522930546935,0.0,12.0,12.0,2017-04,2017-04
FH4VP5CL,5.0,20,6,4,2017-04-03,2017-06-26,1109.0,0.9959249233486153,1109.0,84.0,84.0,2017-04,2017-06
K9MMOXUC,40.0,20,5,4,2017-04-03,2017-04-14,5691.0,1.0,5691.0,11.0,11.0,2017-04,2017-04
2HS1C21I,,28,2,1,2017-04-03,,0.0,0.014349799997992888,0.0,272.0,,2017-04,
LV5SEMZQ,50.0,28,3,4,2017-04-03,2017-04-07,52.0,0.6073589095761377,52.0,4.0,4.0,2017-04,2017-04
50B2JN7F,36.0,8,3,2,2017-04-03,2017-04-10,0.0,0.47301442266137034,0.0,7.0,7.0,2017-04,2017-04
JXS3KFKM,3.0,8,1,4,2017-04-03,2017-04-05,532.0,0.9057813263957178,532.0,2.0,2.0,2017-04,2017-04
QODSAVWU,39.0,8,2,4,2017-04-03,2017-04-04,5615.0,1.0,5615.0,1.0,1.0,2017-04,2017-04
Q2BB73WT,,26,6,1,2017-04-03,,0.0,0.05411211543029456,0.0,272.0,,2017-04,
UH3P961U,32.0,30,1,2,2017-04-03,2017-04-04,0.0,0.12779706211727726,0.0,1.0,1.0,2017-04,2017-04
3BQTRX5Y,22.0,32,2,2,2017-04-03,2017-05-26,0.0,0.005307056629008758,0.0,53.0,53.0,2017-04,2017-05
YTL8VNGT,41.0,32,1,4,2017-04-03,2017-04-12,565.0,0.9436972529389512,565.0,9.0,9.0,2017-04,2017-04
BL4SKUCN,59.0,4,1,2,2017-04-03,2017-04-11,0.0,0.08569521972247927,0.0,8.0,8.0,2017-04,2017-04
8TRT2HNF,33.0,27,1,1,2017-04-03,,0.0,0.23084649587083297,0.0,272.0,,2017-04,
ZLN48IIP,40.0,27,1,1,2017-04-03,,0.0,0.2660869205182982,0.0,272.0,,2017-04,
W355HYRD,27.0,21,2,2,2017-04-03,2017-04-05,0.0,0.004515851345736946,0.0,2.0,2.0,2017-04,2017-04
5UE0TE1R,80.0,21,2,4,2017-04-03,2017-04-14,3991.0,0.999999999999964,3991.0,11.0,11.0,2017-04,2017-04
RFNRVNXJ,43.0,14,2,4,2017-04-03,2017-05-20,5763.0,1.0,5763.0,47.0,47.0,2017-04,2017-05
UTZDDOU7,13.0,3,3,2,2017-04-03,2017-04-14,0.0,0.586202345578711,0.0,11.0,11.0,2017-04,2017-04
HVT28XPH,,24,3,1,2017-04-03,,0.0,0.8213276764963086,0.0,272.0,,2017-04,
2ZXKC707,10.0,24,4,2,2017-04-03,2017-04-11,0.0,0.003776329211074033,0.0,8.0,8.0,2017-04,2017-04
VNCFE4LQ,41.0,24,1,4,2017-04-03,2017-04-15,456.0,0.8402581929309283,456.0,12.0,12.0,2017-04,2017-04
VM0MHPAO,,16,3,1,2017-04-03,,0.0,0.8409912379380454,0.0,272.0,,2017-04,
28QWFYSP,7.0,16,3,2,2017-04-03,2017-04-05,0.0,0.4836824074303474,0.0,2.0,2.0,2017-04,2017-04
VIV0OXU6,16.0,1,1,4,2017-04-04,2017-04-11,582.0,0.9565789798581427,582.0,7.0,7.0,2017-04,2017-04
KVF0HK8S,16.0,1,3,4,2017-04-04,2017-04-12,59.0,0.6837700732155892,59.0,8.0,8.0,2017-04,2017-04
JLT2LLR3,18.0,22,4,4,2017-04-04,2017-04-09,3259.0,0.9999999999666274,3259.0,5.0,5.0,2017-04,2017-04
LXZD2PZD,,13,5,1,2017-04-04,,0.0,0.021897203247150953,0.0,271.0,,2017-04,
2LF1TSPZ,26.0,13,1,2,2017-04-04,2017-05-10,0.0,0.07357214930081142,0.0,36.0,36.0,2017-04,2017-05
FBJHTF91,42.0,13,6,2,2017-04-04,2017-04-11,0.0,0.009320438775986232,0.0,7.0,7.0,2017-04,2017-04
Z50GQV8I,75.0,13,1,4,2017-04-04,2017-04-11,593.0,0.9590551009066075,593.0,7.0,7.0,2017-04,2017-04
O2CPAAF0,56.0,13,2,4,2017-04-04,2017-06-26,5197.0,1.0,5197.0,83.0,83.0,2017-04,2017-06
CEOTU8PX,15.0,10,2,2,2017-04-04,2017-04-15,0.0,0.003075440470888404,0.0,11.0,11.0,2017-04,2017-04
2S3DHZFO,45.0,10,2,2,2017-04-04,2017-06-21,0.0,0.004619302135830848,0.0,78.0,78.0,2017-04,2017-06
ZE1ZKD7Q,67.0,10,3,2,2017-04-04,2017-04-12,0.0,0.39596693160594226,0.0,8.0,8.0,2017-04,2017-04
Y9XOOWHS,23.0,10,4,4,2017-04-04,2017-06-18,3031.0,0.9999999995985078,3031.0,75.0,75.0,2017-04,2017-06
5FIGO7XN,27.0,20,2,2,2017-04-04,2017-04-15,0.0,0.0025442126200525416,0.0,11.0,11.0,2017-04,2017-04
EFO8XWXE,82.0,20,2,4,2017-04-04,2017-05-25,5244.0,1.0,5244.0,51.0,51.0,2017-04,2017-05
BPOTQCFG,,28,3,1,2017-04-04,,0.0,0.8147092769906206,0.0,271.0,,2017-04,
62R8ERQ0,33.0,28,3,2,2017-04-04,2017-04-10,0.0,0.49569971125960255,0.0,6.0,6.0,2017-04,2017-04
HYCELUAD,52.0,15,5,4,2017-04-04,2017-06-20,5946.0,1.0,5946.0,77.0,77.0,2017-04,2017-06
MJZP9WYC,31.0,26,6,2,2017-04-04,2017-04-08,0.0,0.010796152268307595,0.0,4.0,4.0,2017-04,2017-04
JNYS6BIJ,46.0,30,5,2,2017-04-04,2017-04-11,0.0,0.004741876447935559,0.0,7.0,7.0,2017-04,2017-04
LUT9KYJA,64.0,30,2,4,2017-04-04,2017-06-06,4335.0,0.999999999999998,4335.0,63.0,63.0,2017-04,2017-06
DIWC1AHU,23.0,6,5,2,2017-04-04,2017-04-06,0.0,0.003996268289204877,0.0,2.0,2.0,2017-04,2017-04
ILYP3YGW,45.0,6,2,4,2017-04-04,2017-04-06,5063.0,1.0,5063.0,2.0,2.0,2017-04,2017-04
0XC4DR3F,68.0,6,2,4,2017-04-04,2017-04-10,5032.0,1.0,5032.0,6.0,6.0,2017-04,2017-04
3ZM8BJQO,46.0,32,2,4,2017-04-04,2017-05-31,4398.0,0.9999999999999987,4398.0,57.0,57.0,2017-04,2017-05
AM5J5QPK,61.0,32,2,4,2017-04-04,2017-04-06,4449.0,0.9999999999999993,4449.0,2.0,2.0,2017-04,2017-04
DRFUPEOU,6.0,31,5,2,2017-04-04,2017-05-10,0.0,0.00465841918206387,0.0,36.0,36.0,2017-04,2017-05
I19TOSXS,73.0,4,1,2,2017-04-04,2017-04-06,0.0,0.06761353922457258,0.0,2.0,2.0,2017-04,2017-04
DWO4HD34,39.0,4,4,2,2017-04-04,2017-04-15,0.0,0.0020043353701923016,0.0,11.0,11.0,2017-04,2017-04
4YH4JR1Q,25.0,4,3,4,2017-04-04,2017-05-31,50.0,0.52507495549009,50.0,57.0,57.0,2017-04,2017-05
XM4VD3NN,,27,6,1,2017-04-04,,0.0,0.029501929645487642,0.0,271.0,,2017-04,
NUA0OE6Z,32.0,27,1,4,2017-04-04,2017-06-03,605.0,0.964053030594743,605.0,60.0,60.0,2017-04,2017-06
GDOHDB6U,61.0,27,3,4,2017-04-04,2017-04-08,57.0,0.6614114725516888,57.0,4.0,4.0,2017-04,2017-04
I58DG1XE,10.0,27,4,4,2017-04-04,2017-06-10,2882.0,0.9999999983376628,2882.0,67.0,67.0,2017-04,2017-06
YA3O04NX,30.0,7,4,4,2017-04-04,2017-06-05,3011.0,0.9999999997759468,3011.0,62.0,62.0,2017-04,2017-06
D62905BC,,34,5,1,2017-04-04,,0.0,0.018267802893289404,0.0,271.0,,2017-04,
C2X9D7JO,58.0,34,6,4,2017-04-04,2017-04-11,1181.0,0.9983439137371835,1181.0,7.0,7.0,2017-04,2017-04
SBLP2LJB,3.0,9,6,4,2017-04-04,2017-06-11,1067.0,0.9927310822191023,1067.0,68.0,68.0,2017-04,2017-06
3CWKBXEN,18.0,21,1,2,2017-04-04,2017-04-13,0.0,0.18306031310341947,0.0,9.0,9.0,2017-04,2017-04
ZG82F4GH,37.0,21,1,2,2017-04-04,2017-04-09,0.0,0.10295686707663694,0.0,5.0,5.0,2017-04,2017-04
64KS4KGN,39.0,3,3,4,2017-04-04,2017-04-06,54.0,0.646865485554269,54.0,2.0,2.0,2017-04,2017-04
637HKAFD,54.0,33,1,4,2017-04-04,2017-06-29,564.0,0.9274579572848549,564.0,86.0,86.0,2017-04,2017-06
U9E3G8UT,13.0,1,6,2,2017-04-05,2017-04-06,0.0,0.012981825606766677,0.0,1.0,1.0,2017-04,2017-04
FB1AO8SL,3.0,1,3,4,2017-04-05,2017-04-14,57.0,0.6734861732501705,57.0,9.0,9.0,2017-04,2017-04
79LGX9EX,80.0,19,2,4,2017-04-05,2017-06-30,5558.0,1.0,5558.0,86.0,86.0,2017-04,2017-06
LOAYKUEO,73.0,2,5,2,2017-04-05,2017-04-10,0.0,0.005540551540931582,0.0,5.0,5.0,2017-04,2017-04
EM4XNIPW,63.0,13,1,2,2017-04-05,2017-04-07,0.0,0.10818204160572088,0.0,2.0,2.0,2017-04,2017-04
E6WG7J0I,8.0,13,6,4,2017-04-05,2017-04-10,1083.0,0.9963954282784094,1083.0,5.0,5.0,2017-04,2017-04
37FL55S0,73.0,10,2,4,2017-04-05,2017-04-06,5647.0,1.0,5647.0,1.0,1.0,2017-04,2017-04
RSXFS096,82.0,20,1,2,2017-04-05,2017-08-07,0.0,0.13204285032469973,0.0,124.0,124.0,2017-04,2017-08
5QSU8PQU,63.0,20,2,4,2017-04-05,2017-06-19,4648.0,0.9999999999999998,4648.0,75.0,75.0,2017-04,2017-06
N58V2ML8,56.0,20,3,4,2017-04-05,2017-04-14,50.0,0.5900689487723108,50.0,9.0,9.0,2017-04,2017-04
SFI9TVH3,36.0,8,4,2,2017-04-05,2017-04-07,0.0,0.002629610411134531,0.0,2.0,2.0,2017-04,2017-04
0G65AQVC,42.0,30,1,2,2017-04-05,2017-05-30,0.0,0.09726052805962582,0.0,55.0,55.0,2017-04,2017-05
F91QWQ1G,64.0,30,2,2,2017-04-05,2017-04-07,0.0,0.004491380201871489,0.0,2.0,2.0,2017-04,2017-04
XEP9GSSY,15.0,6,1,2,2017-04-05,2017-08-07,0.0,0.1313621876204389,0.0,124.0,124.0,2017-04,2017-08
0000I7AO,57.0,6,1,4,2017-04-05,2017-05-12,505.0,0.9442326495949479,505.0,37.0,37.0,2017-04,2017-05
A0VM9Q5M,17.0,31,2,2,2017-04-05,2017-04-15,0.0,0.0032987622952314268,0.0,10.0,10.0,2017-04,2017-04
P9SDPJJO,33.0,31,1,4,2017-04-05,2017-04-06,450.0,0.8385438602935863,450.0,1.0,1.0,2017-04,2017-04
NW6OPA4M,6.0,31,5,4,2017-04-05,2017-05-21,4983.0,1.0,4983.0,46.0,46.0,2017-04,2017-05
ZZQB2NPD,59.0,4,6,4,2017-04-05,2017-06-19,1140.0,0.9973572933794694,1140.0,75.0,75.0,2017-04,2017-06
9ILB20UV,,27,3,1,2017-04-05,,0.0,0.7554026897161619,0.0,270.0,,2017-04,
KG5JIU81,22.0,27,6,2,2017-04-05,2017-04-07,0.0,0.006877764450066347,0.0,2.0,2.0,2017-04,2017-04
4XGA0K6N,41.0,27,4,4,2017-04-05,2017-06-22,3188.0,0.9999999998640499,3188.0,78.0,78.0,2017-04,2017-06
MV1LBCP5,63.0,21,1,2,2017-04-05,2017-04-06,0.0,0.1295949320740584,0.0,1.0,1.0,2017-04,2017-04
UIFIWKNI,78.0,21,6,4,2017-04-05,2017-08-02,1091.0,0.9968289615885154,1091.0,119.0,119.0,2017-04,2017-08
MBGVOGCY,5.0,21,5,4,2017-04-05,2017-04-12,5095.0,1.0,5095.0,7.0,7.0,2017-04,2017-04
2WQ5FUPR,12.0,21,3,4,2017-04-05,2017-08-02,51.0,0.8362636738254785,51.0,119.0,119.0,2017-04,2017-08
DA6LGJ66,33.0,25,3,4,2017-04-05,2017-06-19,62.0,0.6556772871956729,62.0,75.0,75.0,2017-04,2017-06
OJSYLHMZ,83.0,24,1,4,2017-04-05,2017-06-28,550.0,0.9594084125708773,550.0,84.0,84.0,2017-04,2017-06
QO6CI3P4,27.0,12,3,4,2017-04-05,2017-04-07,45.0,0.6208411099289213,45.0,2.0,2.0,2017-04,2017-04
PNO7D8PD,,33,1,1,2017-04-05,,0.0,0.24671255441200016,0.0,270.0,,2017-04,
HJP5X1MT,19.0,1,1,4,2017-04-06,2017-06-09,527.0,0.9630005811605922,527.0,64.0,64.0,2017-04,2017-06
JO4MF90Q,43.0,19,1,2,2017-04-06,2017-04-15,0.0,0.06658066139827097,0.0,9.0,9.0,2017-04,2017-04
RX95UPUC,78.0,19,6,2,2017-04-06,2017-05-30,0.0,0.009609061239411298,0.0,54.0,54.0,2017-04,2017-05
2GV66JA7,,18,4,1,2017-04-06,,0.0,0.012749124752030501,0.0,269.0,,2017-04,
0SMQAD34,16.0,10,4,2,2017-04-06,2017-04-08,0.0,0.0030541488892140097,0.0,2.0,2.0,2017-04,2017-04
THMEDL51,60.0,10,3,4,2017-04-06,2017-04-14,64.0,0.7445863876731985,64.0,8.0,8.0,2017-04,2017-04
94B4785B,56.0,20,4,4,2017-04-06,2017-04-15,3655.0,0.99999999999812,3655.0,9.0,9.0,2017-04,2017-04
AKMV6WN5,,28,7,1,2017-04-06,,0.0,0.059626862903054224,0.0,269.0,,2017-04,
HPIKEMB9,,28,3,1,2017-04-06,,0.0,0.8129550923230782,0.0,269.0,,2017-04,
SLN6HHLD,4.0,8,3,2,2017-04-06,2017-04-16,0.0,0.5006770074965954,0.0,10.0,10.0,2017-04,2017-04
MU3PM8ON,60.0,8,4,2,2017-04-06,2017-04-13,0.0,0.004337991209340911,0.0,7.0,7.0,2017-04,2017-04
U0E0XHK9,,26,4,1,2017-04-06,,0.0,0.01707451254027767,0.0,269.0,,2017-04,
E6GVZ30Q,24.0,30,1,4,2017-04-06,2017-05-21,561.0,0.968984239619984,561.0,45.0,45.0,2017-04,2017-05
8254HM4E,,32,6,1,2017-04-06,,0.0,0.051016061276000516,0.0,269.0,,2017-04,
QVWM8LUB,35.0,31,1,2,2017-04-06,2017-08-06,0.0,0.11481168956003668,0.0,122.0,122.0,2017-04,2017-08
7C2HU8OC,22.0,31,6,2,2017-04-06,2017-04-16,0.0,0.01040085289008091,0.0,10.0,10.0,2017-04,2017-04
74P8ZFDD,54.0,31,5,4,2017-04-06,2017-04-07,6154.0,1.0,6154.0,1.0,1.0,2017-04,2017-04
MB3376Q1,10.0,31,2,4,2017-04-06,2017-04-12,4756.0,1.0,4756.0,6.0,6.0,2017-04,2017-04
RSAGMF10,68.0,4,1,2,2017-04-06,2017-04-14,0.0,0.073788059175124,0.0,8.0,8.0,2017-04,2017-04
3N6VGWVS,30.0,4,3,4,2017-04-06,2017-05-30,61.0,0.7041539622216458,61.0,54.0,54.0,2017-04,2017-05
KG61YJ92,76.0,5,1,4,2017-04-06,2017-06-24,575.0,0.9635608785674806,575.0,79.0,79.0,2017-04,2017-06
Z4A1R9CJ,23.0,5,6,4,2017-04-06,2017-05-22,1147.0,0.9964494306132287,1147.0,46.0,46.0,2017-04,2017-05
I6ZWBDU6,25.0,5,4,4,2017-04-06,2017-06-12,3161.0,0.999999999845695,3161.0,67.0,67.0,2017-04,2017-06
3DB2J8UR,39.0,9,1,2,2017-04-06,2017-04-16,0.0,0.06175540673836966,0.0,10.0,10.0,2017-04,2017-04
6ER2KL7X,12.0,24,4,2,2017-04-06,2017-04-14,0.0,0.004399247019008044,0.0,8.0,8.0,2017-04,2017-04
CBTC7BHL,61.0,24,1,4,2017-04-06,2017-05-04,525.0,0.9515971411682653,525.0,28.0,28.0,2017-04,2017-05
93JCG10L,14.0,33,2,4,2017-04-06,2017-04-12,4168.0,0.9999999999999896,4168.0,6.0,6.0,2017-04,2017-04
X9BUD48V,76.0,1,1,4,2017-04-07,2017-04-08,596.0,0.9678096075609519,596.0,1.0,1.0,2017-04,2017-04
QCNOCX0P,,22,2,1,2017-04-07,,0.0,0.01582968217225329,0.0,268.0,,2017-04,
TQLJOZBP,84.0,22,3,4,2017-04-07,2017-04-15,59.0,0.7243236231612594,59.0,8.0,8.0,2017-04,2017-04
9IE6GBXM,52.0,19,2,2,2017-04-07,2017-05-14,0.0,0.005195676997661404,0.0,37.0,37.0,2017-04,2017-05
M9V8824W,,13,4,1,2017-04-07,,0.0,0.015264914505379066,0.0,268.0,,2017-04,
BG2656VA,44.0,13,5,4,2017-04-07,2017-04-15,5684.0,1.0,5684.0,8.0,8.0,2017-04,2017-04
JXBUN5MY,42.0,18,4,2,2017-04-07,2017-04-15,0.0,0.0024157165695678157,0.0,8.0,8.0,2017-04,2017-04
7TJEHAED,30.0,10,2,4,2017-04-07,2017-04-15,4413.0,0.9999999999999989,4413.0,8.0,8.0,2017-04,2017-04
QPOE9V6Y,53.0,20,4,2,2017-04-07,2017-04-17,0.0,0.0017531159095607223,0.0,10.0,10.0,2017-04,2017-04
ULJM9JGL,75.0,20,4,2,2017-04-07,2017-04-15,0.0,0.002433854318962839,0.0,8.0,8.0,2017-04,2017-04
PYY9M6Q4,49.0,20,2,4,2017-04-07,2017-04-13,4152.0,0.9999999999999769,4152.0,6.0,6.0,2017-04,2017-04
WAF692K8,14.0,28,3,4,2017-04-07,2017-06-24,51.0,0.8010652651836303,51.0,78.0,78.0,2017-04,2017-06
0UDLH6I3,81.0,15,1,2,2017-04-07,2017-04-15,0.0,0.07530673889718244,0.0,8.0,8.0,2017-04,2017-04
WUGE2QUO,72.0,8,4,2,2017-04-07,2017-04-18,0.0,0.002767112846064742,0.0,11.0,11.0,2017-04,2017-04
XBLA9VO6,65.0,30,6,4,2017-04-07,2017-05-18,1103.0,0.9965660518576606,1103.0,41.0,41.0,2017-04,2017-05
QL7H3WQZ,76.0,6,6,4,2017-04-07,2017-04-09,1091.0,0.9959951853701188,1091.0,2.0,2.0,2017-04,2017-04
DXBLA2BS,85.0,6,6,4,2017-04-07,2017-04-17,1189.0,0.9959908537620064,1189.0,10.0,10.0,2017-04,2017-04
EYW0QD8A,68.0,6,2,4,2017-04-07,2017-06-27,4534.0,0.9999999999999998,4534.0,81.0,81.0,2017-04,2017-06
NXWNJ7U5,31.0,32,1,2,2017-04-07,2017-05-12,0.0,0.10125870381566475,0.0,35.0,35.0,2017-04,2017-05
8LVFBGN4,44.0,32,6,2,2017-04-07,2017-04-16,0.0,0.014761308929130332,0.0,9.0,9.0,2017-04,2017-04
UUGY3W44,,31,1,1,2017-04-07,,0.0,0.290727358714977,0.0,268.0,,2017-04,
BHHDOY2E,,31,4,1,2017-04-07,,0.0,0.01319806853644628,0.0,268.0,,2017-04,
SUQNORF2,11.0,4,1,2,2017-04-07,2017-04-16,0.0,0.04697007927004139,0.0,9.0,9.0,2017-04,2017-04
3M03SX77,12.0,27,1,4,2017-04-07,2017-04-13,522.0,0.9088529331802307,522.0,6.0,6.0,2017-04,2017-04
C7Y0UUIN,32.0,27,2,4,2017-04-07,2017-05-27,5012.0,1.0,5012.0,50.0,50.0,2017-04,2017-05
DI6H5ERU,58.0,34,6,4,2017-04-07,2017-04-08,1109.0,0.9967279810700956,1109.0,1.0,1.0,2017-04,2017-04
SQZ293C0,28.0,5,5,4,2017-04-07,2017-04-13,4659.0,0.9999999999999998,4659.0,6.0,6.0,2017-04,2017-04
2SGRE4VE,9.0,9,1,2,2017-04-07,2017-04-16,0.0,0.08076089001017372,0.0,9.0,9.0,2017-04,2017-04
AMKR98V4,11.0,3,5,2,2017-04-07,2017-06-13,0.0,0.005154970916951042,0.0,67.0,67.0,2017-04,2017-06
DESFU690,73.0,3,5,2,2017-04-07,2017-04-09,0.0,0.005966356837898426,0.0,2.0,2.0,2017-04,2017-04
V8HMIE7M,45.0,3,3,2,2017-04-07,2017-05-30,0.0,0.6068619940616793,0.0,53.0,53.0,2017-04,2017-05
91JBU17E,57.0,3,4,2,2017-04-07,2017-04-12,0.0,0.005592764122610197,0.0,5.0,5.0,2017-04,2017-04
XDECB9X2,,24,1,1,2017-04-07,,0.0,0.2938959622455396,0.0,268.0,,2017-04,
4MMQZHCK,44.0,24,4,2,2017-04-07,2017-04-16,0.0,0.0037925551785632783,0.0,9.0,9.0,2017-04,2017-04
RSKU2ZHM,24.0,33,4,2,2017-04-07,2017-04-13,0.0,0.003872215539615141,0.0,6.0,6.0,2017-04,2017-04
8LTQ9ESQ,15.0,1,4,2,2017-04-08,2017-04-15,0.0,0.0033449161002508,0.0,7.0,7.0,2017-04,2017-04
EBBIJKLT,66.0,1,6,4,2017-04-08,2017-04-15,1142.0,0.9988237275977996,1142.0,7.0,7.0,2017-04,2017-04
GL95LARP,,19,2,1,2017-04-08,,0.0,0.01455963108808975,0.0,267.0,,2017-04,
8RIKWACO,81.0,13,1,4,2017-04-08,2017-05-27,491.0,0.8988196084754905,491.0,49.0,49.0,2017-04,2017-05
FM505XD5,79.0,18,5,1,2017-04-08,,0.0,0.019048665058406345,0.0,267.0,,2017-04,
U3394VAL,23.0,10,2,2,2017-04-08,2017-04-18,0.0,0.0029267237313750317,0.0,10.0,10.0,2017-04,2017-04
G58AHYTW,16.0,10,3,2,2017-04-08,2017-04-14,0.0,0.5090626665858057,0.0,6.0,6.0,2017-04,2017-04
KK7L97V7,25.0,10,2,4,2017-04-08,2017-04-09,5678.0,1.0,5678.0,1.0,1.0,2017-04,2017-04
GWRPJWRO,5.0,20,2,2,2017-04-08,2017-04-16,0.0,0.002697918442703259,0.0,8.0,8.0,2017-04,2017-04
GNKFTK7J,69.0,20,1,4,2017-04-08,2017-06-14,547.0,0.9192479523145642,547.0,67.0,67.0,2017-04,2017-06
UEL6CAP9,74.0,15,1,2,2017-04-08,2017-04-16,0.0,0.06410898801034616,0.0,8.0,8.0,2017-04,2017-04
2FEA30KT,64.0,26,6,4,2017-04-08,2017-05-25,935.0,0.9885815888738997,935.0,47.0,47.0,2017-04,2017-05
P2VXL7MO,61.0,26,5,4,2017-04-08,2017-04-10,4761.0,1.0,4761.0,2.0,2.0,2017-04,2017-04
YT7QY06V,51.0,26,4,4,2017-04-08,2017-04-14,3224.0,0.999999999954968,3224.0,6.0,6.0,2017-04,2017-04
L66MAMK5,70.0,32,1,4,2017-04-08,2017-04-17,501.0,0.9162609075302203,501.0,9.0,9.0,2017-04,2017-04
RGYBSSEK,67.0,4,4,4,2017-04-08,2017-04-17,3532.0,0.9999999999882678,3532.0,9.0,9.0,2017-04,2017-04
J6F10SFK,,27,4,1,2017-04-08,,0.0,0.00909383324797862,0.0,267.0,,2017-04,
5KC9ZGBX,77.0,34,2,4,2017-04-08,2017-04-12,4320.0,0.9999999999999931,4320.0,4.0,4.0,2017-04,2017-04
AYIPNQFR,28.0,5,3,2,2017-04-08,2017-04-10,0.0,0.38439048570537765,0.0,2.0,2.0,2017-04,2017-04
Q1MP64HG,84.0,21,6,4,2017-04-08,2017-06-11,1123.0,0.9983399547698373,1123.0,64.0,64.0,2017-04,2017-06
XGD6BFD6,78.0,14,2,4,2017-04-08,2017-04-09,5217.0,1.0,5217.0,1.0,1.0,2017-04,2017-04
1IH166HI,11.0,3,3,2,2017-04-08,2017-05-27,0.0,0.5330897647929472,0.0,49.0,49.0,2017-04,2017-05
U4IJO6SL,,24,2,1,2017-04-08,,0.0,0.014488057324245936,0.0,267.0,,2017-04,
BK85705L,46.0,24,1,4,2017-04-08,2017-06-10,595.0,0.9613678195476638,595.0,63.0,63.0,2017-04,2017-06
77MKNCO3,44.0,24,5,4,2017-04-08,2017-04-16,5848.0,1.0,5848.0,8.0,8.0,2017-04,2017-04
OB7TAJOZ,22.0,33,1,2,2017-04-08,2017-04-09,0.0,0.06943316114520195,0.0,1.0,1.0,2017-04,2017-04
DU0E2LMZ,54.0,33,3,2,2017-04-08,2017-04-13,0.0,0.37284386940335923,0.0,5.0,5.0,2017-04,2017-04
1B4CL153,77.0,33,5,4,2017-04-08,2017-04-17,5884.0,1.0,5884.0,9.0,9.0,2017-04,2017-04
93X2W24Q,3.0,1,4,4,2017-04-09,2017-06-02,3666.0,0.9999999999989257,3666.0,54.0,54.0,2017-04,2017-06
U0E9CRX5,81.0,22,1,2,2017-04-09,2017-04-18,0.0,0.07834026307461849,0.0,9.0,9.0,2017-04,2017-04
I7KV29LC,44.0,19,1,4,2017-04-09,2017-04-20,598.0,0.962631496650805,598.0,11.0,11.0,2017-04,2017-04
NNM6GN1J,37.0,19,4,4,2017-04-09,2017-04-16,3275.0,0.999999999941019,3275.0,7.0,7.0,2017-04,2017-04
D1UDLFVY,25.0,2,1,2,2017-04-09,2017-04-10,0.0,0.07478979354260863,0.0,1.0,1.0,2017-04,2017-04
M8WP93D4,39.0,2,1,2,2017-04-09,2017-04-18,0.0,0.09024468930156593,0.0,9.0,9.0,2017-04,2017-04
3GPAFD3X,85.0,2,3,2,2017-04-09,2017-04-20,0.0,0.3661221817960969,0.0,11.0,11.0,2017-04,2017-04
PVLGUIEN,,13,4,1,2017-04-09,,0.0,0.015091846467810881,0.0,266.0,,2017-04,
XUQ7RS1Q,2.0,18,2,2,2017-04-09,2017-05-30,0.0,0.0033096995487328943,0.0,51.0,51.0,2017-04,2017-05
UFGI9P05,59.0,10,2,4,2017-04-09,2017-04-18,4978.0,1.0,4978.0,9.0,9.0,2017-04,2017-04
RDQZ245F,14.0,28,3,4,2017-04-09,2017-05-29,56.0,0.7898697616150786,56.0,50.0,50.0,2017-04,2017-05
JA2CDNVM,38.0,8,4,4,2017-04-09,2017-04-14,3077.0,0.9999999996656521,3077.0,5.0,5.0,2017-04,2017-04
R0XAJA2I,36.0,26,6,4,2017-04-09,2017-04-17,974.0,0.9875609378094825,974.0,8.0,8.0,2017-04,2017-04
BU1B6PHK,10.0,32,6,4,2017-04-09,2017-04-10,915.0,0.9817864651587891,915.0,1.0,1.0,2017-04,2017-04
C3918FWQ,64.0,31,6,2,2017-04-09,2017-08-12,0.0,0.01982519013337512,0.0,125.0,125.0,2017-04,2017-08
8GBXTWXE,6.0,31,4,2,2017-04-09,2017-04-16,0.0,0.0029172129443985977,0.0,7.0,7.0,2017-04,2017-04
Z29AX2KB,12.0,31,6,4,2017-04-09,2017-06-20,983.0,0.9922783699702057,983.0,72.0,72.0,2017-04,2017-06
E733YMVH,38.0,7,6,4,2017-04-09,2017-04-10,1204.0,0.9984360994420609,1204.0,1.0,1.0,2017-04,2017-04
Y35ES8UY,12.0,5,5,2,2017-04-09,2017-04-16,0.0,0.005732960401057524,0.0,7.0,7.0,2017-04,2017-04
QDRYCR05,45.0,9,6,4,2017-04-09,2017-04-10,970.0,0.977568205380479,970.0,1.0,1.0,2017-04,2017-04
TYWS7KJR,2.0,21,1,4,2017-04-09,2017-04-16,575.0,0.9524067857344213,575.0,7.0,7.0,2017-04,2017-04
X22G55Y5,26.0,14,5,4,2017-04-09,2017-06-18,5986.0,1.0,5986.0,70.0,70.0,2017-04,2017-06
X7FZMKZW,23.0,3,6,2,2017-04-09,2017-04-21,0.0,0.010532780558043419,0.0,12.0,12.0,2017-04,2017-04
72WE0PUH,58.0,24,3,4,2017-04-09,2017-06-16,64.0,0.7836730945060965,64.0,68.0,68.0,2017-04,2017-06
45B6VA2Y,,12,3,1,2017-04-09,,0.0,0.832184501202769,0.0,266.0,,2017-04,
SKBDCYV5,82.0,33,6,1,2017-04-09,,0.0,0.04384550276808841,0.0,266.0,,2017-04,
HLGGWYP1,61.0,33,1,2,2017-04-09,2017-04-15,0.0,0.11149486708967524,0.0,6.0,6.0,2017-04,2017-04
RU3OP2BA,41.0,33,4,4,2017-04-09,2017-06-26,3070.0,0.9999999996565192,3070.0,78.0,78.0,2017-04,2017-06
YXOM4S7G,23.0,1,3,2,2017-04-10,2017-04-11,0.0,0.5064175765773005,0.0,1.0,1.0,2017-04,2017-04
JPH5WS60,37.0,22,1,2,2017-04-10,2017-04-11,0.0,0.07967497609718358,0.0,1.0,1.0,2017-04,2017-04
O1TDG6YN,49.0,19,6,2,2017-04-10,2017-04-17,0.0,0.010167103158823293,0.0,7.0,7.0,2017-04,2017-04
4INFXLM5,57.0,2,3,2,2017-04-10,2017-04-20,0.0,0.6359267070735768,0.0,10.0,10.0,2017-04,2017-04
LIZMTGH2,39.0,2,4,4,2017-04-10,2017-04-18,3409.0,0.9999999999851679,3409.0,8.0,8.0,2017-04,2017-04
04LU4OPA,1.0,18,5,4,2017-04-10,2017-06-11,5721.0,1.0,5721.0,62.0,62.0,2017-04,2017-06
T1I8GE75,26.0,18,2,4,2017-04-10,2017-06-28,5039.0,1.0,5039.0,79.0,79.0,2017-04,2017-06
2HU581DM,78.0,18,2,4,2017-04-10,2017-04-11,5000.0,1.0,5000.0,1.0,1.0,2017-04,2017-04
75S7S74S,36.0,10,1,2,2017-04-10,2017-04-18,0.0,0.08643174778788701,0.0,8.0,8.0,2017-04,2017-04
VTVF5TBV,11.0,10,2,2,2017-04-10,2017-04-18,0.0,0.0025733052684999047,0.0,8.0,8.0,2017-04,2017-04
6AC2ATXU,30.0,10,5,4,2017-04-10,2017-04-16,4955.0,1.0,4955.0,6.0,6.0,2017-04,2017-04
F4J6AVPQ,12.0,10,2,4,2017-04-10,2017-04-17,5065.0,1.0,5065.0,7.0,7.0,2017-04,2017-04
NFTSU7RW,29.0,10,2,4,2017-04-10,2017-04-17,4343.0,0.9999999999999956,4343.0,7.0,7.0,2017-04,2017-04
NCUXZU3S,66.0,10,2,4,2017-04-10,2017-04-20,3892.0,0.9999999999999252,3892.0,10.0,10.0,2017-04,2017-04
YGNVLLUR,76.0,8,1,2,2017-04-10,2017-04-20,0.0,0.0977367662390904,0.0,10.0,10.0,2017-04,2017-04
XQ0N9T87,,26,4,1,2017-04-10,,0.0,0.01669019645967013,0.0,265.0,,2017-04,
O08NQM1J,10.0,30,4,2,2017-04-10,2017-04-11,0.0,0.003978108844178874,0.0,1.0,1.0,2017-04,2017-04
5OJ4IRW4,13.0,6,6,4,2017-04-10,2017-06-27,1115.0,0.9974055009804772,1115.0,78.0,78.0,2017-04,2017-06
ZLY8SZXO,42.0,32,1,4,2017-04-10,2017-04-16,533.0,0.9194654158959175,533.0,6.0,6.0,2017-04,2017-04
DCC85LZO,10.0,32,6,4,2017-04-10,2017-04-13,1290.0,0.9993723692166812,1290.0,3.0,3.0,2017-04,2017-04
ZVWUL0LL,36.0,31,1,2,2017-04-10,2017-04-12,0.0,0.08078374609874384,0.0,2.0,2.0,2017-04,2017-04
4R5LIB5F,33.0,31,6,2,2017-04-10,2017-06-13,0.0,0.012353081176672338,0.0,64.0,64.0,2017-04,2017-06
P010EEZF,19.0,4,3,2,2017-04-10,2017-04-12,0.0,0.5119578920036203,0.0,2.0,2.0,2017-04,2017-04
7AL9GWK6,11.0,4,6,4,2017-04-10,2017-06-02,1047.0,0.9868824604542209,1047.0,53.0,53.0,2017-04,2017-06
RHXY2M2W,30.0,4,3,4,2017-04-10,2017-04-18,47.0,0.6278894165581332,47.0,8.0,8.0,2017-04,2017-04
IKU97NEU,25.0,27,4,1,2017-04-10,,0.0,0.007283847703240861,0.0,265.0,,2017-04,
R7SESFM0,12.0,7,1,2,2017-04-10,2017-04-21,0.0,0.1493407828325668,0.0,11.0,11.0,2017-04,2017-04
X501NN9P,57.0,7,2,4,2017-04-10,2017-06-09,4413.0,0.9999999999999993,4413.0,60.0,60.0,2017-04,2017-06
AUDYTWRK,36.0,34,6,4,2017-04-10,2017-06-26,950.0,0.9847578890193064,950.0,77.0,77.0,2017-04,2017-06
EUKD4Z0V,56.0,21,2,2,2017-04-10,2017-04-16,0.0,0.005533368768241612,0.0,6.0,6.0,2017-04,2017-04
KPUHKYWU,71.0,21,2,4,2017-04-10,2017-04-20,4136.0,0.9999999999999836,4136.0,10.0,10.0,2017-04,2017-04
B0KF3NFK,60.0,3,3,4,2017-04-10,2017-04-18,62.0,0.7754174416424372,62.0,8.0,8.0,2017-04,2017-04
70M5V003,41.0,24,3,2,2017-04-10,2017-04-18,0.0,0.47820994382182874,0.0,8.0,8.0,2017-04,2017-04
456BP2X7,,33,4,1,2017-04-10,,0.0,0.010275002979587318,0.0,265.0,,2017-04,
OC66D0JA,32.0,33,1,4,2017-04-10,2017-04-11,467.0,0.8740563802021788,467.0,1.0,1.0,2017-04,2017-04
KE7SZLG7,27.0,22,6,4,2017-04-11,2017-06-11,1075.0,0.9952863235600874,1075.0,61.0,61.0,2017-04,2017-06
XYZ39YT2,3.0,2,3,2,2017-04-11,2017-04-19,0.0,0.5270368964067204,0.0,8.0,8.0,2017-04,2017-04
O4LNS6IC,52.0,18,3,4,2017-04-11,2017-04-13,52.0,0.6712656780355843,52.0,2.0,2.0,2017-04,2017-04
UKIM9XIZ,38.0,10,2,2,2017-04-11,2017-04-19,0.0,0.0035341969511377062,0.0,8.0,8.0,2017-04,2017-04
5Z0ACVAM,38.0,10,2,2,2017-04-11,2017-04-12,0.0,0.003394318504067376,0.0,1.0,1.0,2017-04,2017-04
DIAR4IM7,12.0,10,2,4,2017-04-11,2017-04-18,4837.0,1.0,4837.0,7.0,7.0,2017-04,2017-04
30YWHJV8,56.0,20,6,2,2017-04-11,2017-04-18,0.0,0.008801487456328434,0.0,7.0,7.0,2017-04,2017-04
ABXW1X4U,22.0,28,1,2,2017-04-11,2017-06-22,0.0,0.11220871965597258,0.0,72.0,72.0,2017-04,2017-06
SZ1H1L8I,77.0,28,6,4,2017-04-11,2017-04-13,1163.0,0.9949395177893102,1163.0,2.0,2.0,2017-04,2017-04
IR03B656,60.0,8,1,2,2017-04-11,2017-04-21,0.0,0.11961463763279886,0.0,10.0,10.0,2017-04,2017-04
6NZROTHF,58.0,30,5,2,2017-04-11,2017-06-10,0.0,0.009073464035834573,0.0,60.0,60.0,2017-04,2017-06
IFIIB8Y6,44.0,32,1,2,2017-04-11,2017-04-13,0.0,0.11990116265273686,0.0,2.0,2.0,2017-04,2017-04
J58BUYQH,,31,6,1,2017-04-11,,0.0,0.0405804598565331,0.0,264.0,,2017-04,
R2CS85YJ,34.0,31,1,2,2017-04-11,2017-04-13,0.0,0.0729824842109578,0.0,2.0,2.0,2017-04,2017-04
8EAINY61,64.0,31,1,2,2017-04-11,2017-04-18,0.0,0.10501205272992394,0.0,7.0,7.0,2017-04,2017-04
T23MHC9C,17.0,31,1,4,2017-04-11,2017-04-18,568.0,0.9381932163071619,568.0,7.0,7.0,2017-04,2017-04
D30QC4EE,58.0,31,2,4,2017-04-11,2017-06-19,5063.0,1.0,5063.0,69.0,69.0,2017-04,2017-06
JHIX3ODA,15.0,5,4,2,2017-04-11,2017-04-21,0.0,0.002537575739971965,0.0,10.0,10.0,2017-04,2017-04
BPUE8GTU,60.0,5,3,4,2017-04-11,2017-06-06,46.0,0.7285632461620292,46.0,56.0,56.0,2017-04,2017-06
2DOJKFNW,15.0,9,4,2,2017-04-11,2017-04-12,0.0,0.0019368610064654898,0.0,1.0,1.0,2017-04,2017-04
0PSKGNYE,30.0,9,1,4,2017-04-11,2017-04-12,504.0,0.9079375477735656,504.0,1.0,1.0,2017-04,2017-04
J75N0QYA,30.0,9,3,4,2017-04-11,2017-04-13,55.0,0.6532309823209954,55.0,2.0,2.0,2017-04,2017-04
SDS8SAZC,35.0,25,2,4,2017-04-11,2017-06-17,4760.0,1.0,4760.0,67.0,67.0,2017-04,2017-06
1426E8W6,9.0,3,1,2,2017-04-11,2017-04-21,0.0,0.12803348475875703,0.0,10.0,10.0,2017-04,2017-04
3BFBN8JW,25.0,3,4,2,2017-04-11,2017-04-18,0.0,0.002984565739127667,0.0,7.0,7.0,2017-04,2017-04
W1GERPB9,21.0,24,2,4,2017-04-11,2017-06-21,4653.0,0.9999999999999998,4653.0,71.0,71.0,2017-04,2017-06
FN1QX0BQ,,12,3,1,2017-04-11,,0.0,0.8305613504228823,0.0,264.0,,2017-04,
922DHXBA,53.0,12,3,2,2017-04-11,2017-04-22,0.0,0.4645416165196868,0.0,11.0,11.0,2017-04,2017-04
L36WU4AH,48.0,12,3,4,2017-04-11,2017-04-12,55.0,0.6447995238393772,55.0,1.0,1.0,2017-04,2017-04
2K8H292S,60.0,1,1,2,2017-04-12,2017-04-18,0.0,0.15397191386668538,0.0,6.0,6.0,2017-04,2017-04
7Y530NLJ,28.0,22,6,1,2017-04-12,,0.0,0.03154189449109823,0.0,263.0,,2017-04,
XNHGOHPW,44.0,22,4,4,2017-04-12,2017-04-22,3223.0,0.9999999999389086,3223.0,10.0,10.0,2017-04,2017-04
GAM8C5ET,2.0,19,5,2,2017-04-12,2017-04-17,0.0,0.003686916114809892,0.0,5.0,5.0,2017-04,2017-04
BHT7UEDJ,81.0,19,1,4,2017-04-12,2017-04-19,553.0,0.9183329946282842,553.0,7.0,7.0,2017-04,2017-04
7PAVX9CP,27.0,19,6,4,2017-04-12,2017-04-14,1114.0,0.9954103169871107,1114.0,2.0,2.0,2017-04,2017-04
IVW8MQGN,15.0,2,4,4,2017-04-12,2017-04-20,3785.0,0.9999999999994711,3785.0,8.0,8.0,2017-04,2017-04
CVFUMOK9,57.0,13,5,1,2017-04-12,,0.0,0.03181345428238927,0.0,263.0,,2017-04,
1VHUPB8X,68.0,10,6,2,2017-04-12,2017-04-14,0.0,0.011900250872913016,0.0,2.0,2.0,2017-04,2017-04
G5FN7I7T,30.0,10,4,2,2017-04-12,2017-06-28,0.0,0.006661805974158234,0.0,77.0,77.0,2017-04,2017-06
OHVPXBSR,80.0,20,2,4,2017-04-12,2017-04-13,5316.0,1.0,5316.0,1.0,1.0,2017-04,2017-04
GHY9QZKG,32.0,26,3,2,2017-04-12,2017-04-16,0.0,0.6509240821144157,0.0,4.0,4.0,2017-04,2017-04
M9RGVU1F,9.0,6,2,2,2017-04-12,2017-04-24,0.0,0.0047829843168904216,0.0,12.0,12.0,2017-04,2017-04
JBBJL4C2,19.0,6,1,4,2017-04-12,2017-06-23,531.0,0.9624101160198644,531.0,72.0,72.0,2017-04,2017-06
HMI6RBK9,57.0,6,1,4,2017-04-12,2017-06-16,544.0,0.9642192476307988,544.0,65.0,65.0,2017-04,2017-06
2EKGLB0Q,79.0,32,1,4,2017-04-12,2017-04-13,478.0,0.8950635857258733,478.0,1.0,1.0,2017-04,2017-04
NBYPJR21,24.0,32,2,4,2017-04-12,2017-04-22,5672.0,1.0,5672.0,10.0,10.0,2017-04,2017-04
HYPZOTY8,32.0,32,3,4,2017-04-12,2017-04-19,51.0,0.7416450037601395,51.0,7.0,7.0,2017-04,2017-04
31I0SB7T,44.0,32,4,4,2017-04-12,2017-04-19,3141.0,0.9999999998837015,3141.0,7.0,7.0,2017-04,2017-04
R0CLLIH9,,31,2,1,2017-04-12,,0.0,0.013948863820795401,0.0,263.0,,2017-04,
UIDAJBAI,17.0,31,2,2,2017-04-12,2017-04-13,0.0,0.003131816621927025,0.0,1.0,1.0,2017-04,2017-04
VO3C2LE4,34.0,31,3,2,2017-04-12,2017-04-16,0.0,0.46221573284238576,0.0,4.0,4.0,2017-04,2017-04
UC7JT39Q,31.0,27,3,2,2017-04-12,2017-04-13,0.0,0.3693989918679575,0.0,1.0,1.0,2017-04,2017-04
F1LLBOUV,11.0,7,6,2,2017-04-12,2017-04-13,0.0,0.009080515442549505,0.0,1.0,1.0,2017-04,2017-04
7H9J8W50,36.0,7,5,2,2017-04-12,2017-04-14,0.0,0.005238018129558095,0.0,2.0,2.0,2017-04,2017-04
8O03S3U3,13.0,5,5,2,2017-04-12,2017-04-22,0.0,0.004506281114128662,0.0,10.0,10.0,2017-04,2017-04
TGQN6HTN,42.0,21,5,4,2017-04-12,2017-06-21,5393.0,1.0,5393.0,70.0,70.0,2017-04,2017-06
X8GGF9MG,19.0,25,3,1,2017-04-12,,0.0,0.8442789888221335,0.0,263.0,,2017-04,
CPJK2600,67.0,3,3,2,2017-04-12,2017-04-19,0.0,0.4400698990519428,0.0,7.0,7.0,2017-04,2017-04
3P7QQSVF,,24,3,1,2017-04-12,,0.0,0.8135534494221501,0.0,263.0,,2017-04,
PGXIPGDM,47.0,24,4,1,2017-04-12,,0.0,0.010034498316752032,0.0,263.0,,2017-04,
TLXS1NB8,33.0,24,5,2,2017-04-12,2017-04-19,0.0,0.004390816821228422,0.0,7.0,7.0,2017-04,2017-04
TRR34NSR,36.0,24,1,4,2017-04-12,2017-06-06,638.0,0.9716501733445276,638.0,55.0,55.0,2017-04,2017-06
F2KINGVU,41.0,24,3,4,2017-04-12,2017-04-23,50.0,0.5938821608864017,50.0,11.0,11.0,2017-04,2017-04
Q169CIK6,5.0,12,4,2,2017-04-12,2017-04-18,0.0,0.003634167618823181,0.0,6.0,6.0,2017-04,2017-04
1QWG9VM6,35.0,33,2,4,2017-04-12,2017-04-22,4272.0,0.9999999999999911,4272.0,10.0,10.0,2017-04,2017-04
8OHCCD42,4.0,1,6,2,2017-04-13,2017-04-15,0.0,0.012680521068201264,0.0,2.0,2.0,2017-04,2017-04
QBCK25DV,38.0,1,3,4,2017-04-13,2017-04-15,58.0,0.6800754145391189,58.0,2.0,2.0,2017-04,2017-04
8IEVY30X,52.0,22,6,4,2017-04-13,2017-04-14,1088.0,0.9961016045291996,1088.0,1.0,1.0,2017-04,2017-04
6444O6DK,18.0,13,1,2,2017-04-13,2017-04-23,0.0,0.15438023088668074,0.0,10.0,10.0,2017-04,2017-04
GNL7T2JP,63.0,13,2,2,2017-04-13,2017-04-18,0.0,0.0043657490221884,0.0,5.0,5.0,2017-04,2017-04
V9YR14KW,56.0,18,1,2,2017-04-13,2017-04-20,0.0,0.09558818180540754,0.0,7.0,7.0,2017-04,2017-04
24LP4J8U,42.0,18,2,2,2017-04-13,2017-05-13,0.0,0.002845328384720729,0.0,30.0,30.0,2017-04,2017-05
37LTMWB0,3.0,10,1,2,2017-04-13,2017-04-20,0.0,0.08535976007287317,0.0,7.0,7.0,2017-04,2017-04
8BH9RNZI,29.0,10,2,2,2017-04-13,2017-04-14,0.0,0.002306409852085759,0.0,1.0,1.0,2017-04,2017-04
2ZU519Y6,16.0,10,6,4,2017-04-13,2017-04-19,1327.0,0.9993574632928285,1327.0,6.0,6.0,2017-04,2017-04
ZESI2PFU,19.0,10,6,4,2017-04-13,2017-06-27,923.0,0.9884041192665862,923.0,75.0,75.0,2017-04,2017-06
X8T4XLTY,62.0,10,6,4,2017-04-13,2017-04-23,1058.0,0.9918052385904069,1058.0,10.0,10.0,2017-04,2017-04
OS2CD01K,68.0,10,5,4,2017-04-13,2017-04-21,5220.0,1.0,5220.0,8.0,8.0,2017-04,2017-04
JNKDEAG9,12.0,8,5,2,2017-04-13,2017-04-19,0.0,0.005581992163813896,0.0,6.0,6.0,2017-04,2017-04
7MGVL7FC,59.0,8,3,4,2017-04-13,2017-04-22,55.0,0.6862163401486522,55.0,9.0,9.0,2017-04,2017-04
IFJ2AE9R,14.0,26,4,2,2017-04-13,2017-04-20,0.0,0.007372088746903281,0.0,7.0,7.0,2017-04,2017-04
HEDUIEUN,35.0,26,3,4,2017-04-13,2017-06-23,62.0,0.7213326812136515,62.0,71.0,71.0,2017-04,2017-06
D3OST43E,31.0,30,6,4,2017-04-13,2017-04-20,996.0,0.9867943428138511,996.0,7.0,7.0,2017-04,2017-04
Z7OH4GWO,,32,2,1,2017-04-13,,0.0,0.017069349721792054,0.0,262.0,,2017-04,
9537WTHG,58.0,32,1,2,2017-04-13,2017-06-09,0.0,0.17718257033031426,0.0,57.0,57.0,2017-04,2017-06
6PMHI9G4,36.0,32,1,4,2017-04-13,2017-04-22,543.0,0.9373435353619299,543.0,9.0,9.0,2017-04,2017-04
H3ITKE4I,35.0,31,2,2,2017-04-13,2017-04-19,0.0,0.002847595393553873,0.0,6.0,6.0,2017-04,2017-04
4RPUMZ9M,79.0,31,2,2,2017-04-13,2017-04-21,0.0,0.0034524914262432185,0.0,8.0,8.0,2017-04,2017-04
U9RFE81I,76.0,5,3,2,2017-04-13,2017-08-16,0.0,0.656963469406126,0.0,125.0,125.0,2017-04,2017-08
4T2XENE2,62.0,9,6,2,2017-04-13,2017-06-16,0.0,0.0079381949690503,0.0,64.0,64.0,2017-04,2017-06
LIFA0JYO,23.0,3,3,2,2017-04-13,2017-05-26,0.0,0.5536148573964449,0.0,43.0,43.0,2017-04,2017-05
JQ8V4I1K,4.0,3,3,4,2017-04-13,2017-04-22,56.0,0.692323479672068,56.0,9.0,9.0,2017-04,2017-04
N5CCEEOY,42.0,24,5,2,2017-04-13,2017-04-20,0.0,0.003601603344656912,0.0,7.0,7.0,2017-04,2017-04
C0SNGBJU,6.0,24,4,2,2017-04-13,2017-04-23,0.0,0.0030138438617116174,0.0,10.0,10.0,2017-04,2017-04
VN6JB8HU,69.0,12,6,4,2017-04-13,2017-06-10,1145.0,0.9972900863962958,1145.0,58.0,58.0,2017-04,2017-06
JK4IB77I,63.0,16,2,2,2017-04-13,2017-04-26,0.0,0.00460824063561904,0.0,13.0,13.0,2017-04,2017-04
81G840FM,,33,1,1,2017-04-13,,0.0,0.23820687602273066,0.0,262.0,,2017-04,
U5K2MZB6,,33,4,1,2017-04-13,,0.0,0.01009988235235357,0.0,262.0,,2017-04,
XMEYATKB,82.0,19,5,2,2017-04-14,2017-04-19,0.0,0.005701833733750458,0.0,5.0,5.0,2017-04,2017-04
IUDDK8Q0,7.0,19,2,2,2017-04-14,2017-04-22,0.0,0.0027812444834976074,0.0,8.0,8.0,2017-04,2017-04
YQXAY03C,74.0,19,4,2,2017-04-14,2017-04-19,0.0,0.002101558847080738,0.0,5.0,5.0,2017-04,2017-04
QKQ5N9Z1,48.0,13,6,4,2017-04-14,2017-04-23,1033.0,0.9921336752716158,1033.0,9.0,9.0,2017-04,2017-04
RZRRMWTH,71.0,18,4,2,2017-04-14,2017-04-20,0.0,0.00250351589534932,0.0,6.0,6.0,2017-04,2017-04
JS9SCCJ3,30.0,10,6,2,2017-04-14,2017-04-15,0.0,0.015163627650838925,0.0,1.0,1.0,2017-04,2017-04
WOBZWEPI,73.0,10,2,2,2017-04-14,2017-04-16,0.0,0.0038035787481824354,0.0,2.0,2.0,2017-04,2017-04
HBIQF55L,9.0,10,2,4,2017-04-14,2017-08-14,4359.0,0.9999999999999987,4359.0,122.0,122.0,2017-04,2017-08
V5XB0UPL,76.0,10,2,4,2017-04-14,2017-06-02,4575.0,0.9999999999999998,4575.0,49.0,49.0,2017-04,2017-06
QW9JMUTD,23.0,10,3,4,2017-04-14,2017-04-22,53.0,0.5867679308958076,53.0,8.0,8.0,2017-04,2017-04
7ODLTF4W,41.0,28,1,4,2017-04-14,2017-04-16,597.0,0.9443945856010609,597.0,2.0,2.0,2017-04,2017-04
RUCPPMPY,83.0,28,4,4,2017-04-14,2017-06-16,3179.0,0.9999999999188696,3179.0,63.0,63.0,2017-04,2017-06
SJHD5TFA,29.0,8,1,2,2017-04-14,2017-06-16,0.0,0.06959767508467712,0.0,63.0,63.0,2017-04,2017-06
2B0QVPBT,66.0,8,3,4,2017-04-14,2017-04-15,57.0,0.7787321526863994,57.0,1.0,1.0,2017-04,2017-04
YIZ1VQ3U,36.0,26,4,2,2017-04-14,2017-04-15,0.0,0.003668065210888191,0.0,1.0,1.0,2017-04,2017-04
FMNSL9TP,61.0,26,4,4,2017-04-14,2017-04-24,2997.0,0.9999999997162183,2997.0,10.0,10.0,2017-04,2017-04
8ZU8D508,22.0,30,1,4,2017-04-14,2017-05-29,545.0,0.945772267468442,545.0,45.0,45.0,2017-04,2017-05
NVDVFYGE,85.0,6,1,4,2017-04-14,2017-04-25,565.0,0.8960797079635202,565.0,11.0,11.0,2017-04,2017-04
QQH0YV1W,73.0,6,3,4,2017-04-14,2017-04-24,54.0,0.6844182890861114,54.0,10.0,10.0,2017-04,2017-04
ZVAZKWF3,,32,2,1,2017-04-14,,0.0,0.016972491905774618,0.0,261.0,,2017-04,
IUNX2OMX,41.0,32,1,2,2017-04-14,2017-04-15,0.0,0.09021929544869327,0.0,1.0,1.0,2017-04,2017-04
6WODV6KD,70.0,32,2,4,2017-04-14,2017-04-21,4991.0,1.0,4991.0,7.0,7.0,2017-04,2017-04
6S2ABHZS,,27,1,1,2017-04-14,,0.0,0.21362477848655725,0.0,261.0,,2017-04,
COM9RNBL,,27,3,1,2017-04-14,,0.0,0.7456483121536447,0.0,261.0,,2017-04,
RTZFPWVN,36.0,34,5,2,2017-04-14,2017-04-19,0.0,0.003973723795534023,0.0,5.0,5.0,2017-04,2017-04
VYDCTUAU,6.0,34,4,2,2017-04-14,2017-04-16,0.0,0.0027306265444669866,0.0,2.0,2.0,2017-04,2017-04
KYFONJP5,63.0,14,2,4,2017-04-14,2017-06-16,5546.0,1.0,5546.0,63.0,63.0,2017-04,2017-06
ANXSK3QV,36.0,24,3,4,2017-04-14,2017-04-20,59.0,0.6262920865431101,59.0,6.0,6.0,2017-04,2017-04
7I6OHUE4,67.0,1,6,2,2017-04-15,2017-04-23,0.0,0.007716678163227429,0.0,8.0,8.0,2017-04,2017-04
AY9NWO78,67.0,1,3,2,2017-04-15,2017-04-20,0.0,0.4385100024848913,0.0,5.0,5.0,2017-04,2017-04
BEP06EN5,67.0,1,5,4,2017-04-15,2017-04-16,5082.0,1.0,5082.0,1.0,1.0,2017-04,2017-04
8H95X3AP,40.0,22,5,4,2017-04-15,2017-04-24,5293.0,1.0,5293.0,9.0,9.0,2017-04,2017-04
P7LVKDC9,36.0,2,6,4,2017-04-15,2017-06-27,1163.0,0.9980410967659787,1163.0,73.0,73.0,2017-04,2017-06
QRVHBQSF,26.0,20,3,4,2017-04-15,2017-04-16,49.0,0.42924515806603963,49.0,1.0,1.0,2017-04,2017-04
8KH8XJRE,18.0,15,3,4,2017-04-15,2017-05-01,53.0,0.7419850435360015,53.0,16.0,16.0,2017-04,2017-05
YZ4AIQQR,3.0,8,4,2,2017-04-15,2017-04-16,0.0,0.002594044857286566,0.0,1.0,1.0,2017-04,2017-04
R8CW1D6X,30.0,8,4,2,2017-04-15,2017-06-12,0.0,0.005284508541944582,0.0,58.0,58.0,2017-04,2017-06
68KYNPDQ,47.0,26,6,2,2017-04-15,2017-04-24,0.0,0.009497304678596547,0.0,9.0,9.0,2017-04,2017-04
K6M3EX4O,,32,6,1,2017-04-15,,0.0,0.048551847029647995,0.0,260.0,,2017-04,
9B0HGLRU,21.0,32,1,2,2017-04-15,2017-04-21,0.0,0.0799915270822472,0.0,6.0,6.0,2017-04,2017-04
LWPFQ1UA,,31,1,1,2017-04-15,,0.0,0.2812708280686421,0.0,260.0,,2017-04,
TN59K8NP,70.0,31,1,2,2017-04-15,2017-08-07,0.0,0.12882649170677363,0.0,114.0,114.0,2017-04,2017-08
3OBMD08T,11.0,5,4,2,2017-04-15,2017-04-17,0.0,0.0020626248824573497,0.0,2.0,2.0,2017-04,2017-04
5FWBETTO,23.0,3,4,4,2017-04-15,2017-05-19,3641.0,0.9999999999983373,3641.0,34.0,34.0,2017-04,2017-05
ANRCHVJM,55.0,12,3,1,2017-04-15,,0.0,0.7687646336080433,0.0,260.0,,2017-04,
UDTQF84C,12.0,12,1,2,2017-04-15,2017-04-17,0.0,0.12746646667296974,0.0,2.0,2.0,2017-04,2017-04
35IRGXY3,12.0,33,1,4,2017-04-15,2017-05-23,501.0,0.9154919845116335,501.0,38.0,38.0,2017-04,2017-05
YHRVQVPV,44.0,33,5,4,2017-04-15,2017-04-20,4687.0,0.9999999999999998,4687.0,5.0,5.0,2017-04,2017-04
0PGJNCD7,15.0,1,1,4,2017-04-16,2017-06-23,626.0,0.9737815789970147,626.0,68.0,68.0,2017-04,2017-06
7X7YIWJO,23.0,1,1,4,2017-04-16,2017-08-03,489.0,0.9226496373210488,489.0,109.0,109.0,2017-04,2017-08
2IO3IJPO,82.0,19,2,4,2017-04-16,2017-04-27,4852.0,1.0,4852.0,11.0,11.0,2017-04,2017-04
WCSJBX3N,76.0,2,4,2,2017-04-16,2017-06-28,0.0,0.005716604951004291,0.0,73.0,73.0,2017-04,2017-06
FCNYDFK3,8.0,18,6,4,2017-04-16,2017-06-06,1192.0,0.9986195908403318,1192.0,51.0,51.0,2017-04,2017-06
3Y26MZHI,18.0,18,2,4,2017-04-16,2017-04-17,5104.0,1.0,5104.0,1.0,1.0,2017-04,2017-04
P0BMLVSL,11.0,10,2,4,2017-04-16,2017-08-09,5820.0,1.0,5820.0,115.0,115.0,2017-04,2017-08
QK5BW61U,1.0,20,4,4,2017-04-16,2017-08-05,3012.0,0.9999999991473949,3012.0,111.0,111.0,2017-04,2017-08
J3SZACNW,69.0,15,5,2,2017-04-16,2017-04-22,0.0,0.0041253905894632955,0.0,6.0,6.0,2017-04,2017-04
5SNTPPOV,49.0,15,2,2,2017-04-16,2017-04-18,0.0,0.0034889557908832974,0.0,2.0,2.0,2017-04,2017-04
D7F2AWWW,44.0,15,2,4,2017-04-16,2017-04-23,3930.0,0.9999999999998976,3930.0,7.0,7.0,2017-04,2017-04
FUL5V96O,16.0,8,6,4,2017-04-16,2017-04-22,1055.0,0.9916661474932342,1055.0,6.0,6.0,2017-04,2017-04
BWIWI1PC,6.0,26,4,2,2017-04-16,2017-04-22,0.0,0.0037422056940119887,0.0,6.0,6.0,2017-04,2017-04
GYBIACTC,62.0,6,1,4,2017-04-16,2017-04-24,538.0,0.9203694243550113,538.0,8.0,8.0,2017-04,2017-04
VD6BP6T2,16.0,6,3,4,2017-04-16,2017-04-23,68.0,0.6786540062389912,68.0,7.0,7.0,2017-04,2017-04
10AEGW41,,31,2,1,2017-04-16,,0.0,0.013633924537339318,0.0,259.0,,2017-04,
QA9XE19H,51.0,31,4,2,2017-04-16,2017-04-23,0.0,0.004342878703749138,0.0,7.0,7.0,2017-04,2017-04
8ZYPSX66,51.0,34,1,4,2017-04-16,2017-04-28,572.0,0.9579517249870424,572.0,12.0,12.0,2017-04,2017-04
0AN86YDG,34.0,34,6,4,2017-04-16,2017-04-24,1234.0,0.9981867014060704,1234.0,8.0,8.0,2017-04,2017-04
VKXZ36VE,59.0,5,1,2,2017-04-16,2017-04-18,0.0,0.10806997752757706,0.0,2.0,2.0,2017-04,2017-04
OJYFSZ2O,39.0,3,3,2,2017-04-16,2017-04-17,0.0,0.5283753702763678,0.0,1.0,1.0,2017-04,2017-04
6G6ZCKSB,,24,2,1,2017-04-16,,0.0,0.013841454559480566,0.0,259.0,,2017-04,
YGL1F8K1,55.0,24,3,4,2017-04-16,2017-05-04,56.0,0.5362940340122135,56.0,18.0,18.0,2017-04,2017-05
C1WGTTYF,81.0,12,3,2,2017-04-16,2017-05-03,0.0,0.48452656371994435,0.0,17.0,17.0,2017-04,2017-05
1OZWGQK9,17.0,33,3,2,2017-04-16,2017-04-25,0.0,0.4411786421335757,0.0,9.0,9.0,2017-04,2017-04
EXICVP8C,76.0,1,3,4,2017-04-17,2017-04-26,52.0,0.7178194999951231,52.0,9.0,9.0,2017-04,2017-04
DLXFY70W,11.0,1,4,4,2017-04-17,2017-04-24,3668.0,0.9999999999983746,3668.0,7.0,7.0,2017-04,2017-04
GO7UM9AV,56.0,22,1,2,2017-04-17,2017-04-19,0.0,0.10565840456689742,0.0,2.0,2.0,2017-04,2017-04
F5ITRBMX,84.0,22,4,4,2017-04-17,2017-08-04,3138.0,0.9999999999208962,3138.0,109.0,109.0,2017-04,2017-08
8KFFRJSS,13.0,2,3,2,2017-04-17,2017-04-19,0.0,0.5509100703054517,0.0,2.0,2.0,2017-04,2017-04
38VRB2P1,52.0,13,1,2,2017-04-17,2017-04-18,0.0,0.12454579975392856,0.0,1.0,1.0,2017-04,2017-04
9CGD5QSZ,82.0,13,1,2,2017-04-17,2017-04-21,0.0,0.12266617255383848,0.0,4.0,4.0,2017-04,2017-04
UPZRAO84,40.0,13,2,4,2017-04-17,2017-06-01,5032.0,1.0,5032.0,45.0,45.0,2017-04,2017-06
BPCWRG9P,56.0,18,6,4,2017-04-17,2017-04-20,1310.0,0.9993033881090925,1310.0,3.0,3.0,2017-04,2017-04
JE5085VJ,49.0,18,5,4,2017-04-17,2017-06-27,5076.0,1.0,5076.0,71.0,71.0,2017-04,2017-06
P5MLWDXX,75.0,18,4,4,2017-04-17,2017-06-19,3641.0,0.9999999999984541,3641.0,63.0,63.0,2017-04,2017-06
IJ7AUTVC,13.0,10,2,2,2017-04-17,2017-04-18,0.0,0.0036365687012580787,0.0,1.0,1.0,2017-04,2017-04
84T104O7,76.0,10,6,4,2017-04-17,2017-04-25,1170.0,0.9979091561846286,1170.0,8.0,8.0,2017-04,2017-04
0GXXCA37,16.0,10,2,4,2017-04-17,2017-05-01,4226.0,0.9999999999999911,4226.0,14.0,14.0,2017-04,2017-05
GACPNKGI,,28,3,1,2017-04-17,,0.0,0.8030785180276945,0.0,258.0,,2017-04,
9PCWAYWC,33.0,28,4,2,2017-04-17,2017-04-18,0.0,0.002878966511133836,0.0,1.0,1.0,2017-04,2017-04
OJ0C7S3T,28.0,8,2,4,2017-04-17,2017-04-24,4784.0,1.0,4784.0,7.0,7.0,2017-04,2017-04
3VMC6PGJ,22.0,26,6,2,2017-04-17,2017-04-25,0.0,0.013238136311651884,0.0,8.0,8.0,2017-04,2017-04
E2MWXGNG,6.0,26,4,2,2017-04-17,2017-04-19,0.0,0.0036568590468952747,0.0,2.0,2.0,2017-04,2017-04
E4082SMQ,,30,1,1,2017-04-17,,0.0,0.3011879623087264,0.0,258.0,,2017-04,
QZ2E9TSL,31.0,30,4,2,2017-04-17,2017-08-12,0.0,0.0045924155245638705,0.0,117.0,117.0,2017-04,2017-08
L3AYCTGW,32.0,30,2,4,2017-04-17,2017-04-24,5451.0,1.0,5451.0,7.0,7.0,2017-04,2017-04
IZ02GW0R,22.0,32,1,4,2017-04-17,2017-04-19,527.0,0.9307938734357748,527.0,2.0,2.0,2017-04,2017-04
LSVGDJ1A,,31,5,1,2017-04-17,,0.0,0.017600047236005067,0.0,258.0,,2017-04,
2LSNRT4U,,31,2,1,2017-04-17,,0.0,0.01355629174312065,0.0,258.0,,2017-04,
5AI9WG6M,79.0,31,5,2,2017-04-17,2017-04-25,0.0,0.004496084599811308,0.0,8.0,8.0,2017-04,2017-04
Q1DFFYB5,79.0,31,5,2,2017-04-17,2017-04-19,0.0,0.004343263537961404,0.0,2.0,2.0,2017-04,2017-04
XWZG5VPL,61.0,31,2,2,2017-04-17,2017-04-18,0.0,0.005453274008147559,0.0,1.0,1.0,2017-04,2017-04
30FHAEJZ,21.0,31,5,4,2017-04-17,2017-04-19,5408.0,1.0,5408.0,2.0,2.0,2017-04,2017-04
AZOXWEKL,13.0,4,6,2,2017-04-17,2017-05-02,0.0,0.007507824988348442,0.0,15.0,15.0,2017-04,2017-05
2NKZR4IM,39.0,4,5,2,2017-04-17,2017-04-24,0.0,0.0027775625365025476,0.0,7.0,7.0,2017-04,2017-04
3PPB3Q04,45.0,4,3,4,2017-04-17,2017-06-23,48.0,0.5788711444694332,48.0,67.0,67.0,2017-04,2017-06
C9330YF1,6.0,27,1,1,2017-04-17,,0.0,0.2092519771464962,0.0,258.0,,2017-04,
610UUEAG,54.0,27,1,4,2017-04-17,2017-04-24,527.0,0.8480903787739762,527.0,7.0,7.0,2017-04,2017-04
FIYSM4E1,15.0,7,6,4,2017-04-17,2017-04-23,1160.0,0.9973622491914818,1160.0,6.0,6.0,2017-04,2017-04
BCUR8B2A,38.0,9,1,4,2017-04-17,2017-06-06,491.0,0.874313129962731,491.0,50.0,50.0,2017-04,2017-06
8PGDRAH2,74.0,21,1,4,2017-04-17,2017-04-19,555.0,0.9291624274670509,555.0,2.0,2.0,2017-04,2017-04
QD8F0CI6,,25,1,1,2017-04-17,,0.0,0.2363935923717333,0.0,258.0,,2017-04,
7K0S2P6K,,25,2,1,2017-04-17,,0.0,0.01087811006456552,0.0,258.0,,2017-04,
G1C9IG0T,47.0,25,3,2,2017-04-17,2017-04-27,0.0,0.37916171982509067,0.0,10.0,10.0,2017-04,2017-04
G4B4Z525,39.0,3,3,4,2017-04-17,2017-04-23,62.0,0.6682825074141668,62.0,6.0,6.0,2017-04,2017-04
J9SE3QJD,26.0,12,3,2,2017-04-17,2017-04-26,0.0,0.429459628773474,0.0,9.0,9.0,2017-04,2017-04
JORFI81C,44.0,12,3,4,2017-04-17,2017-04-25,56.0,0.6982579749801074,56.0,8.0,8.0,2017-04,2017-04
GET2JILL,71.0,16,4,4,2017-04-17,2017-04-23,3490.0,0.9999999999924607,3490.0,6.0,6.0,2017-04,2017-04
E3HJPDFZ,79.0,33,2,2,2017-04-17,2017-06-24,0.0,0.003503915478488066,0.0,68.0,68.0,2017-04,2017-06
Q22714T0,3.0,1,3,2,2017-04-18,2017-04-24,0.0,0.5482885558116132,0.0,6.0,6.0,2017-04,2017-04
FCGE8U5M,3.0,1,3,4,2017-04-18,2017-04-25,51.0,0.6589077876553007,51.0,7.0,7.0,2017-04,2017-04
ROQBT7TM,12.0,1,3,4,2017-04-18,2017-06-20,54.0,0.7863799060211427,54.0,63.0,63.0,2017-04,2017-06
WLFLY0BD,13.0,1,3,4,2017-04-18,2017-04-27,56.0,0.6996910492106636,56.0,9.0,9.0,2017-04,2017-04
8S649LDO,42.0,22,2,2,2017-04-18,2017-05-27,0.0,0.0034469198255444138,0.0,39.0,39.0,2017-04,2017-05
JR7SC0S2,27.0,19,4,4,2017-04-18,2017-08-04,3808.0,0.9999999999997089,3808.0,108.0,108.0,2017-04,2017-08
MFGCEDXE,80.0,13,5,2,2017-04-18,2017-05-04,0.0,0.007259055684914855,0.0,16.0,16.0,2017-04,2017-05
Y9Y4TXD9,44.0,13,4,4,2017-04-18,2017-05-03,3041.0,0.9999999996947411,3041.0,15.0,15.0,2017-04,2017-05
ZKOGIB6R,78.0,20,1,2,2017-04-18,2017-04-25,0.0,0.052100967429240135,0.0,7.0,7.0,2017-04,2017-04
DJMPI9TO,78.0,28,7,1,2017-04-18,,0.0,0.04494520165763164,0.0,257.0,,2017-04,
Z353E8FR,12.0,15,4,2,2017-04-18,2017-04-30,0.0,0.0047181447765388155,0.0,12.0,12.0,2017-04,2017-04
IKJSXBY0,39.0,8,2,2,2017-04-18,2017-05-04,0.0,0.002802900311832455,0.0,16.0,16.0,2017-04,2017-05
5SYJS0HS,32.0,26,5,2,2017-04-18,2017-04-23,0.0,0.007984721276842629,0.0,5.0,5.0,2017-04,2017-04
U6XJRWV8,,30,4,1,2017-04-18,,0.0,0.013789245426902602,0.0,257.0,,2017-04,
UXOQQR39,31.0,30,6,2,2017-04-18,2017-04-20,0.0,0.009222401528713372,0.0,2.0,2.0,2017-04,2017-04
J5DF2ZO1,42.0,30,3,4,2017-04-18,2017-04-29,44.0,0.5842316141517364,44.0,11.0,11.0,2017-04,2017-04
HGF361RQ,77.0,32,5,2,2017-04-18,2017-04-24,0.0,0.003172409199665426,0.0,6.0,6.0,2017-04,2017-04
9B8SPYAF,17.0,32,1,4,2017-04-18,2017-04-24,552.0,0.9416423652929929,552.0,6.0,6.0,2017-04,2017-04
BYF6ABTZ,53.0,31,5,1,2017-04-18,,0.0,0.01345397722841041,0.0,257.0,,2017-04,
VTLI5HIE,51.0,31,1,4,2017-04-18,2017-04-26,474.0,0.9053714376792538,474.0,8.0,8.0,2017-04,2017-04
N60UJ28O,77.0,31,6,4,2017-04-18,2017-04-22,1158.0,0.9948886470199888,1158.0,4.0,4.0,2017-04,2017-04
R102IPTH,22.0,31,5,4,2017-04-18,2017-04-19,5839.0,1.0,5839.0,1.0,1.0,2017-04,2017-04
C9O4E52T,64.0,31,2,4,2017-04-18,2017-08-06,4554.0,0.9999999999999998,4554.0,110.0,110.0,2017-04,2017-08
CJP7LWRK,77.0,31,2,4,2017-04-18,2017-04-24,5078.0,1.0,5078.0,6.0,6.0,2017-04,2017-04
NHE1CETW,28.0,4,6,2,2017-04-18,2017-04-26,0.0,0.004704628724664239,0.0,8.0,8.0,2017-04,2017-04
1O1GVZEU,10.0,27,1,4,2017-04-18,2017-06-04,561.0,0.9332740392607319,561.0,47.0,47.0,2017-04,2017-06
K8LRZ95S,,34,6,1,2017-04-18,,0.0,0.037655095210457123,0.0,257.0,,2017-04,
2OQB2KPY,24.0,34,6,2,2017-04-18,2017-04-22,0.0,0.014942273772871061,0.0,4.0,4.0,2017-04,2017-04
KK4VW0ZM,59.0,9,4,2,2017-04-18,2017-05-22,0.0,0.003630222134032932,0.0,34.0,34.0,2017-04,2017-05
JHLG51ZI,38.0,9,4,4,2017-04-18,2017-04-19,3392.0,0.9999999999755005,3392.0,1.0,1.0,2017-04,2017-04
Q8BZ3PC9,,14,5,1,2017-04-18,,0.0,0.01666289990577247,0.0,257.0,,2017-04,
49ZS7GTS,,24,3,1,2017-04-18,,0.0,0.8082273172879844,0.0,257.0,,2017-04,
M857G6G1,,24,4,1,2017-04-18,,0.0,0.012582807418059392,0.0,257.0,,2017-04,
TS4CB9TH,21.0,24,2,4,2017-04-18,2017-04-20,5040.0,1.0,5040.0,2.0,2.0,2017-04,2017-04
5K0ZFCVO,,12,3,1,2017-04-18,,0.0,0.824781888477729,0.0,257.0,,2017-04,
6AEVX11M,,12,3,1,2017-04-18,,0.0,0.824781888477729,0.0,257.0,,2017-04,
BH40KWV5,32.0,33,2,2,2017-04-18,2017-04-24,0.0,0.003783977263627524,0.0,6.0,6.0,2017-04,2017-04
MMVHAEI3,58.0,33,4,2,2017-04-18,2017-04-25,0.0,0.003692385026205972,0.0,7.0,7.0,2017-04,2017-04
PGRIPWHY,65.0,33,5,4,2017-04-18,2017-04-25,5853.0,1.0,5853.0,7.0,7.0,2017-04,2017-04
0VXUZU7P,62.0,1,3,4,2017-04-19,2017-04-25,49.0,0.625606480144134,49.0,6.0,6.0,2017-04,2017-04
WGETO859,,22,1,1,2017-04-19,,0.0,0.2969487518575484,0.0,256.0,,2017-04,
7B21SGQ8,27.0,22,6,4,2017-04-19,2017-04-29,1080.0,0.9945075261884224,1080.0,10.0,10.0,2017-04,2017-04
I6TVFB6J,28.0,2,1,2,2017-04-19,2017-04-28,0.0,0.06837944575738764,0.0,9.0,9.0,2017-04,2017-04
PHAFVDFO,45.0,2,3,4,2017-04-19,2017-04-20,55.0,0.6420851827852533,55.0,1.0,1.0,2017-04,2017-04
CTWSDG4U,,13,1,1,2017-04-19,,0.0,0.30709417070952133,0.0,256.0,,2017-04,
I6O855AE,1.0,18,6,4,2017-04-19,2017-05-22,1282.0,0.9983629303500644,1282.0,33.0,33.0,2017-04,2017-05
OUIK8VX3,47.0,28,7,4,2017-04-19,2017-04-20,23746.0,1.0,23746.0,1.0,1.0,2017-04,2017-04
RYO875D0,48.0,15,1,2,2017-04-19,2017-04-28,0.0,0.09158262925802566,0.0,9.0,9.0,2017-04,2017-04
0EYXI1UN,,26,4,1,2017-04-19,,0.0,0.015856311056742477,0.0,256.0,,2017-04,
O5S6WEM7,17.0,30,1,2,2017-04-19,2017-05-01,0.0,0.09095765720200366,0.0,12.0,12.0,2017-04,2017-05
DJ2FHO68,31.0,32,1,2,2017-04-19,2017-08-16,0.0,0.13682961816967382,0.0,119.0,119.0,2017-04,2017-08
5LHNRZD3,68.0,4,4,2,2017-04-19,2017-04-21,0.0,0.0025044330333339874,0.0,2.0,2.0,2017-04,2017-04
URIKPDOJ,10.0,34,6,2,2017-04-19,2017-04-27,0.0,0.011505444632506903,0.0,8.0,8.0,2017-04,2017-04
U1J4YN0I,9.0,9,1,2,2017-04-19,2017-04-21,0.0,0.07780314022864461,0.0,2.0,2.0,2017-04,2017-04
QBUJF4I7,53.0,21,3,2,2017-04-19,2017-04-20,0.0,0.5081090652209722,0.0,1.0,1.0,2017-04,2017-04
99QIJAAP,53.0,21,3,4,2017-04-19,2017-04-27,61.0,0.6506331098595245,61.0,8.0,8.0,2017-04,2017-04
K127AFNP,41.0,25,3,2,2017-04-19,2017-04-30,0.0,0.4236090566007715,0.0,11.0,11.0,2017-04,2017-04
4K7PRO1B,32.0,25,1,4,2017-04-19,2017-04-28,600.0,0.9605873020703806,600.0,9.0,9.0,2017-04,2017-04
XOVYPE58,2.0,14,2,1,2017-04-19,,0.0,0.011188984192664066,0.0,256.0,,2017-04,
AYB7DWUH,53.0,14,5,4,2017-04-19,2017-04-20,5805.0,1.0,5805.0,1.0,1.0,2017-04,2017-04
6CKXLPAR,36.0,3,3,4,2017-04-19,2017-06-27,58.0,0.728375317167467,58.0,69.0,69.0,2017-04,2017-06
FQ2F717F,62.0,3,3,4,2017-04-19,2017-08-03,52.0,0.7152352053652198,52.0,106.0,106.0,2017-04,2017-08
2SBP68CP,27.0,12,3,2,2017-04-19,2017-04-21,0.0,0.5220413541011959,0.0,2.0,2.0,2017-04,2017-04
S2MSQIXP,36.0,33,1,1,2017-04-19,,0.0,0.231961241998444,0.0,256.0,,2017-04,
LPGOTIM2,63.0,22,3,4,2017-04-20,2017-06-16,55.0,0.7186721447868593,55.0,57.0,57.0,2017-04,2017-06
LW8485Y2,1.0,19,6,4,2017-04-20,2017-08-10,1161.0,0.9966590405855946,1161.0,112.0,112.0,2017-04,2017-08
UKLAKXP2,56.0,19,2,4,2017-04-20,2017-04-25,5091.0,1.0,5091.0,5.0,5.0,2017-04,2017-04
4LLWRSBJ,18.0,19,3,4,2017-04-20,2017-04-22,59.0,0.7379586341457613,59.0,2.0,2.0,2017-04,2017-04
YYJILFBU,56.0,13,5,2,2017-04-20,2017-05-01,0.0,0.0057300941936311005,0.0,11.0,11.0,2017-04,2017-05
AWVSWBQV,52.0,18,1,2,2017-04-20,2017-04-22,0.0,0.10595749899461712,0.0,2.0,2.0,2017-04,2017-04
VORZHQ40,30.0,10,2,2,2017-04-20,2017-04-30,0.0,0.005426856593690845,0.0,10.0,10.0,2017-04,2017-04
5QD09R7U,60.0,10,1,4,2017-04-20,2017-04-28,549.0,0.9550016837779611,549.0,8.0,8.0,2017-04,2017-04
ETISD84I,81.0,20,6,2,2017-04-20,2017-04-24,0.0,0.005993175511979801,0.0,4.0,4.0,2017-04,2017-04
K0T5LJ3E,54.0,28,7,4,2017-04-20,2017-06-28,24949.0,1.0,24949.0,69.0,69.0,2017-04,2017-06
D5YLWCFW,28.0,8,6,2,2017-04-20,2017-05-02,0.0,0.006004800776902248,0.0,12.0,12.0,2017-04,2017-05
ZALE38AC,51.0,30,2,2,2017-04-20,2017-05-09,0.0,0.005375330215537579,0.0,19.0,19.0,2017-04,2017-05
T7MVQ9SX,21.0,30,5,4,2017-04-20,2017-05-02,4985.0,1.0,4985.0,12.0,12.0,2017-04,2017-05
GTEFJL6U,72.0,6,1,2,2017-04-20,2017-04-22,0.0,0.09112066210700265,0.0,2.0,2.0,2017-04,2017-04
D7MYDHMF,13.0,6,1,4,2017-04-20,2017-04-29,657.0,0.9775981708848814,657.0,9.0,9.0,2017-04,2017-04
XAE858UJ,68.0,6,1,4,2017-04-20,2017-06-30,628.0,0.979686819549327,628.0,71.0,71.0,2017-04,2017-06
WTCU9X9M,13.0,6,6,4,2017-04-20,2017-06-15,1183.0,0.9984001579283388,1183.0,56.0,56.0,2017-04,2017-06
0IF5FH68,16.0,6,5,4,2017-04-20,2017-08-03,5203.0,1.0,5203.0,105.0,105.0,2017-04,2017-08
QUGPSHY8,30.0,6,3,4,2017-04-20,2017-04-27,56.0,0.7475363793193615,56.0,7.0,7.0,2017-04,2017-04
C32E4E1D,,32,3,1,2017-04-20,,0.0,0.8351371799234433,0.0,255.0,,2017-04,
QNFO4GX8,6.0,32,1,4,2017-04-20,2017-04-28,502.0,0.9106687210221384,502.0,8.0,8.0,2017-04,2017-04
U2HYH97X,,31,1,1,2017-04-20,,0.0,0.27545652849670293,0.0,255.0,,2017-04,
H1NFMTJ4,77.0,31,1,4,2017-04-20,2017-06-25,527.0,0.8912914191552176,527.0,66.0,66.0,2017-04,2017-06
AUJ21SKT,77.0,27,3,2,2017-04-20,2017-04-21,0.0,0.28707942941644127,0.0,1.0,1.0,2017-04,2017-04
XIXNILOP,23.0,7,3,4,2017-04-20,2017-04-28,64.0,0.6610830204313503,64.0,8.0,8.0,2017-04,2017-04
M645P7NW,61.0,34,1,4,2017-04-20,2017-04-27,579.0,0.9657266482249087,579.0,7.0,7.0,2017-04,2017-04
UPAGB68Z,47.0,34,5,4,2017-04-20,2017-04-30,5958.0,1.0,5958.0,10.0,10.0,2017-04,2017-04
7TCCYDR3,61.0,34,2,4,2017-04-20,2017-05-27,4543.0,0.9999999999999998,4543.0,37.0,37.0,2017-04,2017-05
H5662N5X,38.0,5,1,2,2017-04-20,2017-04-22,0.0,0.0801060063207183,0.0,2.0,2.0,2017-04,2017-04
07BT6PBZ,73.0,5,3,4,2017-04-20,2017-05-02,58.0,0.6405565596966813,58.0,12.0,12.0,2017-04,2017-05
N7FJ13VQ,56.0,21,6,2,2017-04-20,2017-04-21,0.0,0.015814677323680793,0.0,1.0,1.0,2017-04,2017-04
9UYDTR0R,75.0,21,5,2,2017-04-20,2017-04-27,0.0,0.006409231327271484,0.0,7.0,7.0,2017-04,2017-04
JOLRMB6X,2.0,14,6,4,2017-04-20,2017-06-24,1036.0,0.991227029186899,1036.0,65.0,65.0,2017-04,2017-06
K8DHOJWM,28.0,3,5,4,2017-04-20,2017-04-27,4878.0,1.0,4878.0,7.0,7.0,2017-04,2017-04
NKBIYNK5,22.0,24,1,2,2017-04-20,2017-04-28,0.0,0.09082182159230116,0.0,8.0,8.0,2017-04,2017-04
8MXI6J6N,68.0,1,6,2,2017-04-21,2017-05-05,0.0,0.014693008732863512,0.0,14.0,14.0,2017-04,2017-05
MRWHJE9P,,19,6,1,2017-04-21,,0.0,0.039142605860494006,0.0,254.0,,2017-04,
HRLYABOS,8.0,19,6,4,2017-04-21,2017-08-21,1033.0,0.9960457021824914,1033.0,122.0,122.0,2017-04,2017-08
BTLXFPUB,81.0,18,5,4,2017-04-21,2017-06-12,5343.0,1.0,5343.0,52.0,52.0,2017-04,2017-06
W7GVZL28,13.0,10,6,2,2017-04-21,2017-04-30,0.0,0.01123658982179882,0.0,9.0,9.0,2017-04,2017-04
HK1JJKQL,66.0,10,2,2,2017-04-21,2017-04-27,0.0,0.008011076093735189,0.0,6.0,6.0,2017-04,2017-04
D5TGHX3Y,66.0,10,2,2,2017-04-21,2017-08-10,0.0,0.012078744810294632,0.0,111.0,111.0,2017-04,2017-08
HBXLK0B6,23.0,10,4,4,2017-04-21,2017-04-26,3269.0,0.999999999935774,3269.0,5.0,5.0,2017-04,2017-04
PZ6TGFY6,63.0,20,1,2,2017-04-21,2017-05-07,0.0,0.07629101095082388,0.0,16.0,16.0,2017-04,2017-05
ETADSAC3,1.0,20,2,4,2017-04-21,2017-04-27,4605.0,0.9999999999999993,4605.0,6.0,6.0,2017-04,2017-04
8W206MO5,49.0,15,5,4,2017-04-21,2017-06-12,4908.0,1.0,4908.0,52.0,52.0,2017-04,2017-06
Z9SY11HK,46.0,26,4,4,2017-04-21,2017-04-30,3303.0,0.9999999999685254,3303.0,9.0,9.0,2017-04,2017-04
6YIW81M9,15.0,6,4,2,2017-04-21,2017-04-22,0.0,0.002928164509539252,0.0,1.0,1.0,2017-04,2017-04
0XI051FP,59.0,6,4,2,2017-04-21,2017-05-02,0.0,0.004803132558813654,0.0,11.0,11.0,2017-04,2017-05
TBPGQYF8,68.0,6,3,4,2017-04-21,2017-04-22,55.0,0.6879056885983341,55.0,1.0,1.0,2017-04,2017-04
7CC38V2J,47.0,32,1,4,2017-04-21,2017-06-29,531.0,0.9298625369624824,531.0,69.0,69.0,2017-04,2017-06
PC2V729V,51.0,32,1,4,2017-04-21,2017-05-04,557.0,0.9607101534481791,557.0,13.0,13.0,2017-04,2017-05
7AOZ2F9R,36.0,4,1,4,2017-04-21,2017-06-12,489.0,0.8589493612553829,489.0,52.0,52.0,2017-04,2017-06
7I7BZHHT,62.0,7,4,2,2017-04-21,2017-05-29,0.0,0.0038122250841006343,0.0,38.0,38.0,2017-04,2017-05
79DYTU8Y,68.0,5,3,4,2017-04-21,2017-05-06,60.0,0.6620497017877225,60.0,15.0,15.0,2017-04,2017-05
V4HYSJS2,2.0,21,4,4,2017-04-21,2017-06-04,2887.0,0.9999999987424655,2887.0,44.0,44.0,2017-04,2017-06
1L6M83Q5,20.0,21,4,4,2017-04-21,2017-05-02,3214.0,0.9999999999091536,3214.0,11.0,11.0,2017-04,2017-05
FVGRGJU8,3.0,14,4,1,2017-04-21,,0.0,0.01150739826061848,0.0,254.0,,2017-04,
POFA8BWL,1.0,14,4,4,2017-04-21,2017-04-23,3850.0,0.9999999999994365,3850.0,2.0,2.0,2017-04,2017-04
AKXBF6IQ,30.0,3,3,4,2017-04-21,2017-06-09,54.0,0.7871121224165532,54.0,49.0,49.0,2017-04,2017-06
Q6OUJCH5,,24,2,1,2017-04-21,,0.0,0.013451864132778229,0.0,254.0,,2017-04,
VD94D677,34.0,24,3,2,2017-04-21,2017-04-29,0.0,0.47179194303911876,0.0,8.0,8.0,2017-04,2017-04
EBUJQ571,54.0,24,2,4,2017-04-21,2017-08-12,5040.0,1.0,5040.0,113.0,113.0,2017-04,2017-08
Z2M1XXEK,40.0,16,5,4,2017-04-21,2017-04-22,6263.0,1.0,6263.0,1.0,1.0,2017-04,2017-04
RBOI8DLQ,61.0,33,2,2,2017-04-21,2017-05-02,0.0,0.004353520241326805,0.0,11.0,11.0,2017-04,2017-05
OI6UHCTN,6.0,33,1,4,2017-04-21,2017-04-23,570.0,0.920718219683542,570.0,2.0,2.0,2017-04,2017-04
LTOKXFP1,14.0,33,2,4,2017-04-21,2017-04-29,4633.0,0.9999999999999998,4633.0,8.0,8.0,2017-04,2017-04
JV6PZSN6,18.0,22,5,2,2017-04-22,2017-04-29,0.0,0.007856697789372435,0.0,7.0,7.0,2017-04,2017-04
9EGAFG1B,43.0,19,2,2,2017-04-22,2017-05-08,0.0,0.0025081266799431606,0.0,16.0,16.0,2017-04,2017-05
VPSJHIAA,71.0,19,2,4,2017-04-22,2017-04-28,4891.0,1.0,4891.0,6.0,6.0,2017-04,2017-04
MJF4D19K,68.0,10,5,4,2017-04-22,2017-04-29,5858.0,1.0,5858.0,7.0,7.0,2017-04,2017-04
JR4WED6G,60.0,10,2,4,2017-04-22,2017-05-24,4939.0,1.0,4939.0,32.0,32.0,2017-04,2017-05
GC4YH9D0,38.0,6,1,4,2017-04-22,2017-08-12,570.0,0.9653477954747742,570.0,112.0,112.0,2017-04,2017-08
2ZUL1AAV,21.0,31,4,2,2017-04-22,2017-04-29,0.0,0.0023056991730437747,0.0,7.0,7.0,2017-04,2017-04
8CUN8O4Z,79.0,31,1,4,2017-04-22,2017-04-30,500.0,0.8976303717808904,500.0,8.0,8.0,2017-04,2017-04
AMX2BM39,42.0,31,4,4,2017-04-22,2017-04-23,3546.0,0.9999999999942562,3546.0,1.0,1.0,2017-04,2017-04
FK3NS3EW,14.0,27,1,4,2017-04-22,2017-04-30,525.0,0.9323260612705148,525.0,8.0,8.0,2017-04,2017-04
IIVP87B8,,34,3,1,2017-04-22,,0.0,0.796201356307394,0.0,253.0,,2017-04,
3AB31BUU,13.0,5,6,4,2017-04-22,2017-04-27,1024.0,0.9901586326633944,1024.0,5.0,5.0,2017-04,2017-04
ZQ7TYNUV,68.0,9,5,4,2017-04-22,2017-04-30,6384.0,1.0,6384.0,8.0,8.0,2017-04,2017-04
2PCPSBP9,1.0,21,1,2,2017-04-22,2017-05-08,0.0,0.07088850241877052,0.0,16.0,16.0,2017-04,2017-05
E223LSRZ,20.0,21,1,4,2017-04-22,2017-06-24,587.0,0.959306596846297,587.0,63.0,63.0,2017-04,2017-06
SW75F1Q1,46.0,25,3,4,2017-04-22,2017-04-28,55.0,0.565302453718326,55.0,6.0,6.0,2017-04,2017-04
0Z6MNUF2,79.0,25,4,4,2017-04-22,2017-04-30,3242.0,0.9999999999157769,3242.0,8.0,8.0,2017-04,2017-04
HWD8ELR9,85.0,3,5,4,2017-04-22,2017-05-26,5558.0,1.0,5558.0,34.0,34.0,2017-04,2017-05
XJI41C0L,64.0,24,2,4,2017-04-22,2017-04-28,4869.0,1.0,4869.0,6.0,6.0,2017-04,2017-04
9FWCMMM3,36.0,24,4,4,2017-04-22,2017-04-29,3661.0,0.9999999999983507,3661.0,7.0,7.0,2017-04,2017-04
4QFATB6J,,12,1,1,2017-04-22,,0.0,0.2988420635484122,0.0,253.0,,2017-04,
61E7IHAY,,12,3,1,2017-04-22,,0.0,0.8214102142555348,0.0,253.0,,2017-04,
XPDLW6F0,42.0,33,2,4,2017-04-22,2017-04-29,5456.0,1.0,5456.0,7.0,7.0,2017-04,2017-04
NCL2AJUL,29.0,1,3,2,2017-04-23,2017-08-26,0.0,0.5899317582515529,0.0,125.0,125.0,2017-04,2017-08
1E2LYCWP,56.0,22,2,2,2017-04-23,2017-04-24,0.0,0.004155425683216814,0.0,1.0,1.0,2017-04,2017-04
NZPZ87IX,26.0,19,1,2,2017-04-23,2017-04-30,0.0,0.05841798944067063,0.0,7.0,7.0,2017-04,2017-04
SDJDM8RI,74.0,19,4,2,2017-04-23,2017-08-20,0.0,0.003347663351180527,0.0,119.0,119.0,2017-04,2017-08
O64JQPJ2,49.0,13,2,2,2017-04-23,2017-04-30,0.0,0.003908860426311094,0.0,7.0,7.0,2017-04,2017-04
I18DIO6O,84.0,13,5,4,2017-04-23,2017-04-24,5780.0,1.0,5780.0,1.0,1.0,2017-04,2017-04
8W464DG6,82.0,13,2,4,2017-04-23,2017-04-30,5787.0,1.0,5787.0,7.0,7.0,2017-04,2017-04
FI5OA7O6,5.0,18,2,4,2017-04-23,2017-04-25,5149.0,1.0,5149.0,2.0,2.0,2017-04,2017-04
AT6SDVJ5,26.0,20,6,2,2017-04-23,2017-08-26,0.0,0.007939948737482211,0.0,125.0,125.0,2017-04,2017-08
YDBPPU6J,2.0,20,2,4,2017-04-23,2017-06-03,5100.0,1.0,5100.0,41.0,41.0,2017-04,2017-06
L6PCVRJS,75.0,20,2,4,2017-04-23,2017-04-30,4810.0,1.0,4810.0,7.0,7.0,2017-04,2017-04
UO6R0X7G,32.0,28,3,2,2017-04-23,2017-05-04,0.0,0.5832979291841828,0.0,11.0,11.0,2017-04,2017-05
PC38XXQN,6.0,28,4,2,2017-04-23,2017-08-01,0.0,0.004020582785137475,0.0,100.0,100.0,2017-04,2017-08
7EBT21IA,3.0,8,1,4,2017-04-23,2017-04-24,560.0,0.9247930624979606,560.0,1.0,1.0,2017-04,2017-04
M7W3E298,38.0,8,2,4,2017-04-23,2017-05-02,4916.0,1.0,4916.0,9.0,9.0,2017-04,2017-05
KTC0RC8I,,30,3,1,2017-04-23,,0.0,0.8179273052522035,0.0,252.0,,2017-04,
MCRDLBIE,51.0,30,3,4,2017-04-23,2017-06-11,45.0,0.7361403448051241,45.0,49.0,49.0,2017-04,2017-06
JW4K9O5H,44.0,32,6,2,2017-04-23,2017-04-25,0.0,0.014183402280630595,0.0,2.0,2.0,2017-04,2017-04
FX54MQFC,31.0,32,1,4,2017-04-23,2017-04-24,592.0,0.9523379083017804,592.0,1.0,1.0,2017-04,2017-04
A2C5O4EN,17.0,31,1,4,2017-04-23,2017-04-29,529.0,0.9139810941793898,529.0,6.0,6.0,2017-04,2017-04
79G6725X,41.0,31,2,4,2017-04-23,2017-04-26,5415.0,1.0,5415.0,3.0,3.0,2017-04,2017-04
GM6C1UK3,68.0,4,5,2,2017-04-23,2017-05-02,0.0,0.00352357464358036,0.0,9.0,9.0,2017-04,2017-05
6VET70WX,4.0,4,1,4,2017-04-23,2017-06-15,518.0,0.8972192318174398,518.0,53.0,53.0,2017-04,2017-06
UQO59R6N,76.0,4,3,4,2017-04-23,2017-08-11,52.0,0.6768524201333467,52.0,110.0,110.0,2017-04,2017-08
CY7C3ZPJ,,27,4,1,2017-04-23,,0.0,0.00834378685572986,0.0,252.0,,2017-04,
HEOTZFII,46.0,27,3,2,2017-04-23,2017-04-24,0.0,0.39911950788017514,0.0,1.0,1.0,2017-04,2017-04
8V4PEF5D,25.0,5,3,4,2017-04-23,2017-06-25,51.0,0.5956394371940894,51.0,63.0,63.0,2017-04,2017-06
7RJMI3GC,28.0,9,1,4,2017-04-23,2017-04-24,554.0,0.871086741536189,554.0,1.0,1.0,2017-04,2017-04
2ZEFCKS3,60.0,9,2,4,2017-04-23,2017-09-01,4835.0,1.0,4835.0,131.0,131.0,2017-04,2017-09
3EGE42CM,52.0,21,4,2,2017-04-23,2017-04-24,0.0,0.005698013358664857,0.0,1.0,1.0,2017-04,2017-04
M9GP930T,,25,3,1,2017-04-23,,0.0,0.7634088896531485,0.0,252.0,,2017-04,
APWT2PFU,6.0,25,3,4,2017-04-23,2017-04-30,59.0,0.5683554257624367,59.0,7.0,7.0,2017-04,2017-04
SUT0ZGFM,37.0,14,4,2,2017-04-23,2017-05-06,0.0,0.002478892360026791,0.0,13.0,13.0,2017-04,2017-05
PTCP8RP4,85.0,3,3,2,2017-04-23,2017-05-05,0.0,0.37764822824557687,0.0,12.0,12.0,2017-04,2017-05
QRFKRSKS,19.0,3,4,2,2017-04-23,2017-08-06,0.0,0.008412041934477931,0.0,105.0,105.0,2017-04,2017-08
J82TWNI7,54.0,24,2,2,2017-04-23,2017-08-13,0.0,0.00383890428664914,0.0,112.0,112.0,2017-04,2017-08
DSIX9DGZ,51.0,24,3,2,2017-04-23,2017-04-30,0.0,0.5942940703718377,0.0,7.0,7.0,2017-04,2017-04
64WCPKZ1,78.0,12,5,4,2017-04-23,2017-05-08,5813.0,1.0,5813.0,15.0,15.0,2017-04,2017-05
D3G7ER0D,53.0,16,2,4,2017-04-23,2017-05-01,5414.0,1.0,5414.0,8.0,8.0,2017-04,2017-05
LITG1BL1,77.0,33,5,2,2017-04-23,2017-04-28,0.0,0.00201993550286436,0.0,5.0,5.0,2017-04,2017-04
7FKONHLX,59.0,1,3,4,2017-04-24,2017-04-25,62.0,0.7529892472585188,62.0,1.0,1.0,2017-04,2017-04
NMY6FA6X,,13,4,1,2017-04-24,,0.0,0.013854009083921608,0.0,251.0,,2017-04,
S439SXI1,56.0,13,2,4,2017-04-24,2017-08-04,4505.0,0.9999999999999996,4505.0,102.0,102.0,2017-04,2017-08
SG1T9M5F,39.0,10,2,2,2017-04-24,2017-04-30,0.0,0.0031383966896740205,0.0,6.0,6.0,2017-04,2017-04
SLP4PTFK,45.0,10,6,4,2017-04-24,2017-05-06,1020.0,0.9896510806352573,1020.0,12.0,12.0,2017-04,2017-05
X3S5O9LJ,16.0,10,5,4,2017-04-24,2017-04-29,5029.0,1.0,5029.0,5.0,5.0,2017-04,2017-04
ZA6AJ0N1,62.0,10,2,4,2017-04-24,2017-08-15,5191.0,1.0,5191.0,113.0,113.0,2017-04,2017-08
QGBMWIO6,84.0,15,1,2,2017-04-24,2017-05-06,0.0,0.11860401906659913,0.0,12.0,12.0,2017-04,2017-05
T361XRAQ,19.0,8,2,2,2017-04-24,2017-05-03,0.0,0.00447068747686469,0.0,9.0,9.0,2017-04,2017-05
NUQPJV8A,,26,4,1,2017-04-24,,0.0,0.015410895432202238,0.0,251.0,,2017-04,
GWRN1R49,61.0,30,4,4,2017-04-24,2017-05-05,3042.0,0.9999999997710818,3042.0,11.0,11.0,2017-04,2017-05
Q0KYIEKA,29.0,6,1,4,2017-04-24,2017-04-26,580.0,0.9299502845433417,580.0,2.0,2.0,2017-04,2017-04
VY4IVO2W,,32,6,1,2017-04-24,,0.0,0.046200866183229085,0.0,251.0,,2017-04,
2K7R3QHZ,50.0,31,1,4,2017-04-24,2017-09-03,616.0,0.9747939818347386,616.0,132.0,132.0,2017-04,2017-09
WUWOHRX2,41.0,27,6,4,2017-04-24,2017-04-29,788.0,0.8778991776379208,788.0,5.0,5.0,2017-04,2017-04
2OPR77CI,42.0,34,1,2,2017-04-24,2017-04-26,0.0,0.06710601313944353,0.0,2.0,2.0,2017-04,2017-04
EO481IOJ,75.0,21,2,4,2017-04-24,2017-04-25,4980.0,1.0,4980.0,1.0,1.0,2017-04,2017-04
INKH0Y59,,24,3,1,2017-04-24,,0.0,0.8027859185923248,0.0,251.0,,2017-04,
OSMGVV1S,,24,3,1,2017-04-24,,0.0,0.8027859185923248,0.0,251.0,,2017-04,
1VIKWVHD,33.0,24,1,2,2017-04-24,2017-08-10,0.0,0.1234765209736394,0.0,108.0,108.0,2017-04,2017-08
UOXKC4UG,5.0,12,4,4,2017-04-24,2017-08-04,2981.0,0.9999999995716533,2981.0,102.0,102.0,2017-04,2017-08
RDF2R9F8,24.0,33,1,2,2017-04-24,2017-04-30,0.0,0.10645218345085995,0.0,6.0,6.0,2017-04,2017-04
196BHHOS,33.0,33,5,2,2017-04-24,2017-04-27,0.0,0.0033405950588181713,0.0,3.0,3.0,2017-04,2017-04
BDUNPUWY,,22,6,1,2017-04-25,,0.0,0.04130315345638561,0.0,250.0,,2017-04,
EYZ1MNSS,82.0,22,1,4,2017-04-25,2017-04-27,560.0,0.9530950577357874,560.0,2.0,2.0,2017-04,2017-04
HDALWEHF,,19,2,1,2017-04-25,,0.0,0.013213038915241665,0.0,250.0,,2017-04,
KFVI73X6,18.0,19,4,4,2017-04-25,2017-05-10,3844.0,0.9999999999998148,3844.0,15.0,15.0,2017-04,2017-05
88R4UBAN,7.0,13,1,4,2017-04-25,2017-05-06,562.0,0.931407135085387,562.0,11.0,11.0,2017-04,2017-05
08EX3XKE,71.0,18,3,4,2017-04-25,2017-05-01,51.0,0.5558521138412783,51.0,6.0,6.0,2017-04,2017-05
4DK84UMX,23.0,10,6,4,2017-04-25,2017-06-20,984.0,0.9863736298227438,984.0,56.0,56.0,2017-04,2017-06
735GFCU0,30.0,10,2,4,2017-04-25,2017-06-07,4923.0,1.0,4923.0,43.0,43.0,2017-04,2017-06
OTJR9SSK,,26,6,1,2017-04-25,,0.0,0.04795152297982675,0.0,250.0,,2017-04,
2L8LJJRJ,22.0,30,1,2,2017-04-25,2017-08-03,0.0,0.13338119021623068,0.0,100.0,100.0,2017-04,2017-08
2EO70V27,70.0,31,2,2,2017-04-25,2017-04-27,0.0,0.003321075394705922,0.0,2.0,2.0,2017-04,2017-04
7KU6B599,36.0,4,1,2,2017-04-25,2017-08-16,0.0,0.088127163714881,0.0,113.0,113.0,2017-04,2017-08
PNBSQPBR,45.0,7,4,2,2017-04-25,2017-05-02,0.0,0.0036764303111937666,0.0,7.0,7.0,2017-04,2017-05
GQ2W1DXM,,34,2,1,2017-04-25,,0.0,0.012481996490636646,0.0,250.0,,2017-04,
S87Y1DOY,79.0,34,6,4,2017-04-25,2017-04-26,1113.0,0.9953251584839962,1113.0,1.0,1.0,2017-04,2017-04
EUE812O3,73.0,9,5,4,2017-04-25,2017-05-11,6039.0,1.0,6039.0,16.0,16.0,2017-04,2017-05
OBE9NAIO,48.0,21,1,4,2017-04-25,2017-06-04,538.0,0.9490694976670345,538.0,40.0,40.0,2017-04,2017-06
7CTCDP9S,29.0,3,4,2,2017-04-25,2017-04-27,0.0,0.0025686827058163447,0.0,2.0,2.0,2017-04,2017-04
XE84LNAS,34.0,24,2,4,2017-04-25,2017-05-22,4364.0,0.9999999999999971,4364.0,27.0,27.0,2017-04,2017-05
CEEJ2EN5,,12,6,1,2017-04-25,,0.0,0.04236206138518897,0.0,250.0,,2017-04,
JNEQWZQK,,16,1,1,2017-04-25,,0.0,0.30143230537903,0.0,250.0,,2017-04,
QRW4NKCY,46.0,33,1,2,2017-04-25,2017-08-07,0.0,0.09536301724874267,0.0,104.0,104.0,2017-04,2017-08
RD0L0NJG,58.0,33,1,4,2017-04-25,2017-04-27,464.0,0.8776923375240187,464.0,2.0,2.0,2017-04,2017-04
PEPOKEFV,9.0,1,6,2,2017-04-26,2017-08-01,0.0,0.020821710582599285,0.0,97.0,97.0,2017-04,2017-08
M16WB7N8,76.0,1,5,2,2017-04-26,2017-08-01,0.0,0.00929450147878957,0.0,97.0,97.0,2017-04,2017-08
JHVY8I1M,36.0,1,6,4,2017-04-26,2017-06-30,1073.0,0.9958247031620818,1073.0,65.0,65.0,2017-04,2017-06
E59MLGMH,74.0,22,1,2,2017-04-26,2017-04-28,0.0,0.06424439279433178,0.0,2.0,2.0,2017-04,2017-04
VGIIK8MS,20.0,22,6,2,2017-04-26,2017-05-01,0.0,0.007276131762503879,0.0,5.0,5.0,2017-04,2017-05
BTM58SCH,48.0,19,2,2,2017-04-26,2017-08-09,0.0,0.004910342072031204,0.0,105.0,105.0,2017-04,2017-08
RXAQJKSL,,13,5,1,2017-04-26,,0.0,0.0193292875671668,0.0,249.0,,2017-04,
HVVED5ZC,20.0,13,3,2,2017-04-26,2017-08-04,0.0,0.5409527043814945,0.0,100.0,100.0,2017-04,2017-08
IGRY0M4Q,,18,4,1,2017-04-26,,0.0,0.011371112379087528,0.0,249.0,,2017-04,
HE5988NI,29.0,10,6,2,2017-04-26,2017-08-09,0.0,0.010238258651000134,0.0,105.0,105.0,2017-04,2017-08
N5QER189,60.0,10,6,4,2017-04-26,2017-05-11,1055.0,0.9952843625907715,1055.0,15.0,15.0,2017-04,2017-05
AEMTQ0GH,22.0,28,3,4,2017-04-26,2017-04-28,43.0,0.595945807776174,43.0,2.0,2.0,2017-04,2017-04
3KSHTB4P,36.0,30,1,2,2017-04-26,2017-05-04,0.0,0.08808906157648147,0.0,8.0,8.0,2017-04,2017-05
XPJQBSLV,31.0,30,3,4,2017-04-26,2017-04-28,49.0,0.5964786486423006,49.0,2.0,2.0,2017-04,2017-04
ZZI8GUEM,50.0,32,6,2,2017-04-26,2017-04-28,0.0,0.011706749312128997,0.0,2.0,2.0,2017-04,2017-04
HBWY3B48,79.0,32,2,2,2017-04-26,2017-04-28,0.0,0.004114602358709429,0.0,2.0,2.0,2017-04,2017-04
ZBAMKTFX,46.0,31,2,4,2017-04-26,2017-08-08,4901.0,1.0,4901.0,104.0,104.0,2017-04,2017-08
SICU0A7Z,66.0,4,1,4,2017-04-26,2017-04-27,517.0,0.9398031356615433,517.0,1.0,1.0,2017-04,2017-04
H7GBGRSO,25.0,7,6,4,2017-04-26,2017-06-13,1105.0,0.9958388325042951,1105.0,48.0,48.0,2017-04,2017-06
RLAGB32O,50.0,34,1,4,2017-04-26,2017-05-10,556.0,0.9300821541302914,556.0,14.0,14.0,2017-04,2017-05
NYLCZ28K,73.0,5,4,4,2017-04-26,2017-08-16,3025.0,0.9999999996937985,3025.0,112.0,112.0,2017-04,2017-08
3LO8XJBY,12.0,9,3,4,2017-04-26,2017-06-05,54.0,0.658595590758299,54.0,40.0,40.0,2017-04,2017-06
YMMQA65I,12.0,25,3,4,2017-04-26,2017-04-28,53.0,0.6418490551479793,53.0,2.0,2.0,2017-04,2017-04
I8A539VV,51.0,24,2,4,2017-04-26,2017-04-27,4735.0,1.0,4735.0,1.0,1.0,2017-04,2017-04
9HYMQL4I,,33,1,1,2017-04-26,,0.0,0.2248203164871166,0.0,249.0,,2017-04,
DJF1XMC4,44.0,22,1,4,2017-04-27,2017-04-29,584.0,0.9589050781131244,584.0,2.0,2.0,2017-04,2017-04
NCDZRUZD,74.0,19,2,2,2017-04-27,2017-05-12,0.0,0.0023096944936604044,0.0,15.0,15.0,2017-04,2017-05
0KEO3OP7,,18,5,1,2017-04-27,,0.0,0.01597165101674934,0.0,248.0,,2017-04,
UXNB9OIB,44.0,18,2,4,2017-04-27,2017-04-28,5676.0,1.0,5676.0,1.0,1.0,2017-04,2017-04
XWW6KUG0,45.0,10,1,2,2017-04-27,2017-04-29,0.0,0.08480524454064645,0.0,2.0,2.0,2017-04,2017-04
ZXUNLSOB,62.0,10,2,2,2017-04-27,2017-04-29,0.0,0.0028449969903548956,0.0,2.0,2.0,2017-04,2017-04
MZILPLUE,23.0,10,2,4,2017-04-27,2017-05-06,4727.0,0.9999999999999998,4727.0,9.0,9.0,2017-04,2017-05
MUYUSTKF,27.0,15,5,2,2017-04-27,2017-08-11,0.0,0.006578521099059645,0.0,106.0,106.0,2017-04,2017-08
7QIU2BCK,15.0,8,6,4,2017-04-27,2017-08-01,821.0,0.9464104909869147,821.0,96.0,96.0,2017-04,2017-08
F749HRQ5,31.0,30,6,2,2017-04-27,2017-05-17,0.0,0.009747668859010294,0.0,20.0,20.0,2017-04,2017-05
5ICV1IBY,19.0,4,6,4,2017-04-27,2017-08-07,999.0,0.9918014425957686,999.0,102.0,102.0,2017-04,2017-08
H1O491SG,15.0,4,3,4,2017-04-27,2017-08-05,54.0,0.5865127719424205,54.0,100.0,100.0,2017-04,2017-08
ODIX25WY,13.0,7,1,2,2017-04-27,2017-08-06,0.0,0.15825817376077544,0.0,101.0,101.0,2017-04,2017-08
IRBQH4FY,30.0,9,4,4,2017-04-27,2017-05-10,3397.0,0.9999999999849214,3397.0,13.0,13.0,2017-04,2017-05
ZKVVWZ8T,63.0,14,1,4,2017-04-27,2017-05-15,574.0,0.9479512817141594,574.0,18.0,18.0,2017-04,2017-05
ZTT02VDQ,38.0,3,3,2,2017-04-27,2017-05-09,0.0,0.5588795796480314,0.0,12.0,12.0,2017-04,2017-05
SAGXC5PF,30.0,3,3,4,2017-04-27,2017-08-15,59.0,0.8332956039388775,59.0,110.0,110.0,2017-04,2017-08
J5QLUH5O,73.0,3,3,4,2017-04-27,2017-04-29,60.0,0.705853490988334,60.0,2.0,2.0,2017-04,2017-04
GIIKA5B9,47.0,24,1,2,2017-04-27,2017-04-29,0.0,0.0641613209718513,0.0,2.0,2.0,2017-04,2017-04
WX8KQPCM,83.0,24,1,4,2017-04-27,2017-05-15,573.0,0.9541701044454733,573.0,18.0,18.0,2017-04,2017-05
0CSJCW8I,24.0,24,2,4,2017-04-27,2017-05-17,4406.0,0.9999999999999989,4406.0,20.0,20.0,2017-04,2017-05
0WRMY7IX,56.0,12,6,4,2017-04-27,2017-04-28,1146.0,0.9973960165944888,1146.0,1.0,1.0,2017-04,2017-04
7882RJGY,,16,3,1,2017-04-27,,0.0,0.8215206770251329,0.0,248.0,,2017-04,
N6185PK0,43.0,16,1,4,2017-04-27,2017-05-13,525.0,0.9012202181757061,525.0,16.0,16.0,2017-04,2017-05
FQ4QOS8U,19.0,1,1,2,2017-04-28,2017-04-29,0.0,0.14794688531287298,0.0,1.0,1.0,2017-04,2017-04
XW9U35NQ,62.0,1,6,2,2017-04-28,2017-09-06,0.0,0.01675729519953078,0.0,131.0,131.0,2017-04,2017-09
066V2ZGP,57.0,1,4,4,2017-04-28,2017-08-14,3334.0,0.9999999999889226,3334.0,108.0,108.0,2017-04,2017-08
YUH42UOF,37.0,19,1,2,2017-04-28,2017-05-12,0.0,0.07593334103701894,0.0,14.0,14.0,2017-04,2017-05
XZF4GG94,18.0,18,6,2,2017-04-28,2017-04-30,0.0,0.015017167059723897,0.0,2.0,2.0,2017-04,2017-04
QAKLPDKQ,26.0,20,2,2,2017-04-28,2017-04-29,0.0,0.0015905564856444503,0.0,1.0,1.0,2017-04,2017-04
731TOWDY,46.0,28,7,4,2017-04-28,2017-06-18,27385.0,1.0,27385.0,51.0,51.0,2017-04,2017-06
KOI7M0RU,45.0,6,1,2,2017-04-28,2017-08-15,0.0,0.1348469923492673,0.0,109.0,109.0,2017-04,2017-08
HHDQ9EW4,38.0,32,1,1,2017-04-28,,0.0,0.32108407087151525,0.0,247.0,,2017-04,
KXY0TY2K,47.0,27,6,2,2017-04-28,2017-04-29,0.0,0.0048688546450198185,0.0,1.0,1.0,2017-04,2017-04
UNSJJUY4,76.0,5,1,4,2017-04-28,2017-08-14,599.0,0.9724082904936705,599.0,108.0,108.0,2017-04,2017-08
XNO6DQPU,49.0,14,3,4,2017-04-28,2017-05-03,64.0,0.6210948665487601,64.0,5.0,5.0,2017-04,2017-05
VMIAO42Z,18.0,24,5,1,2017-04-28,,0.0,0.028380536255445243,0.0,247.0,,2017-04,
A2HLNPEL,61.0,24,2,2,2017-04-28,2017-05-06,0.0,0.005494432833357077,0.0,8.0,8.0,2017-04,2017-05
NENHRB3K,47.0,24,4,2,2017-04-28,2017-05-14,0.0,0.0023062567589213477,0.0,16.0,16.0,2017-04,2017-05
PE3CL3ME,43.0,12,3,2,2017-04-28,2017-06-10,0.0,0.48603630900982464,0.0,43.0,43.0,2017-04,2017-06
IE6TPFU9,62.0,1,6,4,2017-04-29,2017-05-15,918.0,0.9762296685825151,918.0,16.0,16.0,2017-04,2017-05
VP8ERXPR,,19,3,1,2017-04-29,,0.0,0.7989674797823287,0.0,246.0,,2017-04,
WWTJ5PNC,8.0,18,3,4,2017-04-29,2017-05-04,60.0,0.6915429431932874,60.0,5.0,5.0,2017-04,2017-05
DH9CHQ02,52.0,20,2,2,2017-04-29,2017-05-10,0.0,0.003351027408490636,0.0,11.0,11.0,2017-04,2017-05
S2ZN5NLA,27.0,20,1,4,2017-04-29,2017-05-06,519.0,0.8770194048503774,519.0,7.0,7.0,2017-04,2017-05
UEZOR630,,28,1,1,2017-04-29,,0.0,0.2606543211814714,0.0,246.0,,2017-04,
R9U1QNHQ,2.0,26,3,1,2017-04-29,,0.0,0.8149258155570304,0.0,246.0,,2017-04,
NEM0GXXH,61.0,30,5,4,2017-04-29,2017-05-04,4956.0,1.0,4956.0,5.0,5.0,2017-04,2017-05
5CZBHSRI,72.0,31,4,1,2017-04-29,,0.0,0.011626735012707666,0.0,246.0,,2017-04,
E8LO9APO,73.0,4,1,2,2017-04-29,2017-05-17,0.0,0.07046330009387507,0.0,18.0,18.0,2017-04,2017-05
EQZGV36H,57.0,4,5,4,2017-04-29,2017-08-08,5913.0,1.0,5913.0,101.0,101.0,2017-04,2017-08
DYNHHN6P,48.0,34,2,1,2017-04-29,,0.0,0.012620057358593876,0.0,246.0,,2017-04,
FZ1TTF0X,4.0,5,1,2,2017-04-29,2017-05-31,0.0,0.09313760134089419,0.0,32.0,32.0,2017-04,2017-05
DG6RIZ6R,34.0,25,6,4,2017-04-29,2017-08-21,1210.0,0.9982209542928383,1210.0,114.0,114.0,2017-04,2017-08
DH6L7VA6,46.0,24,4,2,2017-04-29,2017-04-30,0.0,0.0029462358893013857,0.0,1.0,1.0,2017-04,2017-04
ZH14SZPT,,12,6,1,2017-04-29,,0.0,0.04143256087691986,0.0,246.0,,2017-04,
9SBO74M5,28.0,2,4,4,2017-04-30,2017-08-10,3139.0,0.9999999998398157,3139.0,102.0,102.0,2017-04,2017-08
WHHVN372,37.0,13,1,4,2017-04-30,2017-08-11,527.0,0.9393757028340185,527.0,103.0,103.0,2017-04,2017-08
Q2CLAKLM,,18,5,1,2017-04-30,,0.0,0.015700980572089483,0.0,245.0,,2017-04,
PJKAJVUG,19.0,10,1,2,2017-04-30,2017-05-04,0.0,0.12194248022815272,0.0,4.0,4.0,2017-04,2017-05
FWTNRN0L,46.0,26,5,4,2017-04-30,2017-08-12,5408.0,1.0,5408.0,104.0,104.0,2017-04,2017-08
TTNORNQI,34.0,26,3,4,2017-04-30,2017-08-12,62.0,0.7403679380316012,62.0,104.0,104.0,2017-04,2017-08
BGQ2F0HA,16.0,6,1,4,2017-04-30,2017-05-13,586.0,0.9532968736901718,586.0,13.0,13.0,2017-04,2017-05
CY33L07I,50.0,32,2,2,2017-04-30,2017-05-01,0.0,0.003760774509532751,0.0,1.0,1.0,2017-04,2017-05
JGXLR3H3,47.0,31,1,4,2017-04-30,2017-08-06,532.0,0.9208574673922866,532.0,98.0,98.0,2017-04,2017-08
ZNFFFJ1T,51.0,31,1,4,2017-04-30,2017-08-13,585.0,0.9740565720827669,585.0,105.0,105.0,2017-04,2017-08
T5JO33V3,59.0,4,1,4,2017-04-30,2017-08-11,583.0,0.9621355350927348,583.0,103.0,103.0,2017-04,2017-08
V7Y78MPU,57.0,7,1,4,2017-04-30,2017-09-02,433.0,0.9322950562975052,433.0,125.0,125.0,2017-04,2017-09
CNO8JPLA,12.0,9,1,4,2017-04-30,2017-05-06,557.0,0.934355072301503,557.0,6.0,6.0,2017-04,2017-05
Y5OTY9O5,53.0,21,2,4,2017-04-30,2017-05-09,4704.0,0.9999999999999998,4704.0,9.0,9.0,2017-04,2017-05
OTLQMB5X,,25,1,1,2017-04-30,,0.0,0.22307909406498977,0.0,245.0,,2017-04,
I81SUA2R,56.0,14,2,4,2017-04-30,2017-08-12,5182.0,1.0,5182.0,104.0,104.0,2017-04,2017-08
2UHH7PD3,47.0,33,2,4,2017-04-30,2017-05-13,5311.0,1.0,5311.0,13.0,13.0,2017-04,2017-05
AZZEZKBN,12.0,1,5,2,2017-05-01,2017-05-18,0.0,0.008244579963968003,0.0,17.0,17.0,2017-05,2017-05
443ATESI,29.0,1,3,4,2017-05-01,2017-08-28,64.0,0.7244485131613411,64.0,119.0,119.0,2017-05,2017-08
OIO2H2MY,,22,5,1,2017-05-01,,0.0,0.018161231380139,0.0,244.0,,2017-05,
7DT8UKKY,82.0,13,1,1,2017-05-01,,0.0,0.36250877031499346,0.0,244.0,,2017-05,
4UN65HWV,76.0,10,6,4,2017-05-01,2017-08-23,878.0,0.982417546395959,878.0,114.0,114.0,2017-05,2017-08
E5NRH4BP,28.0,10,3,4,2017-05-01,2017-05-02,59.0,0.5423062964297949,59.0,1.0,1.0,2017-05,2017-05
NK438B9U,84.0,20,1,2,2017-05-01,2017-05-20,0.0,0.0966161003574719,0.0,19.0,19.0,2017-05,2017-05
KCTYAQOR,68.0,8,2,2,2017-05-01,2017-08-07,0.0,0.005446911194938919,0.0,98.0,98.0,2017-05,2017-08
OLGT0VHP,67.0,30,5,1,2017-05-01,,0.0,0.011837935839288995,0.0,244.0,,2017-05,
RCNTHN0E,64.0,30,3,4,2017-05-01,2017-08-20,65.0,0.802142397122147,65.0,111.0,111.0,2017-05,2017-08
ZIFDD41D,36.0,6,1,4,2017-05-01,2017-08-11,543.0,0.9541018886998482,543.0,102.0,102.0,2017-05,2017-08
I92EJ805,7.0,32,1,1,2017-05-01,,0.0,0.27403201274731154,0.0,244.0,,2017-05,
5WHMLQDK,,31,2,1,2017-05-01,,0.0,0.012682743316914293,0.0,244.0,,2017-05,
A5BVV5P8,61.0,31,1,2,2017-05-01,2017-06-12,0.0,0.15896684805757375,0.0,42.0,42.0,2017-05,2017-06
QP006VDE,16.0,27,4,1,2017-05-01,,0.0,0.008296981695761632,0.0,244.0,,2017-05,
R1K16RZO,,34,5,1,2017-05-01,,0.0,0.01587620933607063,0.0,244.0,,2017-05,
JQNSK78U,12.0,5,5,2,2017-05-01,2017-05-10,0.0,0.005878005766853575,0.0,9.0,9.0,2017-05,2017-05
C3OOZUTI,76.0,5,5,2,2017-05-01,2017-05-07,0.0,0.00504884262784276,0.0,6.0,6.0,2017-05,2017-05
FI0I7E73,59.0,5,4,4,2017-05-01,2017-05-08,3971.0,0.9999999999999263,3971.0,7.0,7.0,2017-05,2017-05
523458T9,62.0,9,1,4,2017-05-01,2017-05-16,554.0,0.9030091739220487,554.0,15.0,15.0,2017-05,2017-05
UYQJ2A1O,,24,5,1,2017-05-01,,0.0,0.01672024752461919,0.0,244.0,,2017-05,
7FY0HBH7,10.0,24,4,2,2017-05-01,2017-06-26,0.0,0.004810792044739113,0.0,56.0,56.0,2017-05,2017-06
GAIFPSU2,21.0,24,6,4,2017-05-01,2017-06-16,1273.0,0.9988477748651761,1273.0,46.0,46.0,2017-05,2017-06
UIX6X6R3,74.0,33,4,1,2017-05-01,,0.0,0.006547537973794414,0.0,244.0,,2017-05,
GBSK2HX8,13.0,1,6,4,2017-05-02,2017-05-11,1300.0,0.9994046461687472,1300.0,9.0,9.0,2017-05,2017-05
60NIT1PM,,22,6,1,2017-05-02,,0.0,0.04024832242118535,0.0,243.0,,2017-05,
44Y3J17P,,22,6,1,2017-05-02,,0.0,0.04024832242118535,0.0,243.0,,2017-05,
59FN87JP,49.0,22,5,2,2017-05-02,2017-05-21,0.0,0.005269466154016231,0.0,19.0,19.0,2017-05,2017-05
OJ92D9QU,12.0,28,3,2,2017-05-02,2017-08-14,0.0,0.682475068613265,0.0,104.0,104.0,2017-05,2017-08
GYKFAK7W,65.0,26,4,4,2017-05-02,2017-05-10,3527.0,0.9999999999963083,3527.0,8.0,8.0,2017-05,2017-05
GXBV5VYA,60.0,6,1,4,2017-05-02,2017-05-06,526.0,0.949417460834097,526.0,4.0,4.0,2017-05,2017-05
VXWUALY5,12.0,32,3,2,2017-05-02,2017-06-10,0.0,0.6725283585169566,0.0,39.0,39.0,2017-05,2017-06
IUDG3PF0,39.0,4,1,2,2017-05-02,2017-08-07,0.0,0.0815613728995779,0.0,97.0,97.0,2017-05,2017-08
DNUTJO70,36.0,27,1,4,2017-05-02,2017-06-22,569.0,0.9286448558238167,569.0,51.0,51.0,2017-05,2017-06
I631R5DT,61.0,34,5,4,2017-05-02,2017-05-14,6310.0,1.0,6310.0,12.0,12.0,2017-05,2017-05
V9XJAZPC,29.0,5,4,2,2017-05-02,2017-05-10,0.0,0.0020199377673351744,0.0,8.0,8.0,2017-05,2017-05
OJPTGB57,44.0,21,6,4,2017-05-02,2017-05-17,1135.0,0.9979892811671036,1135.0,15.0,15.0,2017-05,2017-05
J9OP2A5I,,25,3,1,2017-05-02,,0.0,0.756375911910581,0.0,243.0,,2017-05,
QYTGB5LA,15.0,3,5,4,2017-05-02,2017-08-19,5145.0,1.0,5145.0,109.0,109.0,2017-05,2017-08
UCNEMT8P,9.0,3,3,4,2017-05-02,2017-08-09,54.0,0.7908581912170575,54.0,99.0,99.0,2017-05,2017-08
7DDJHUWU,61.0,24,2,2,2017-05-02,2017-05-17,0.0,0.006083013910824771,0.0,15.0,15.0,2017-05,2017-05
8WB5HXOB,,33,5,1,2017-05-02,,0.0,0.012979409554436574,0.0,243.0,,2017-05,
KOFE244J,11.0,1,3,4,2017-05-03,2017-08-01,53.0,0.6833091908943305,53.0,90.0,90.0,2017-05,2017-08
D3JR6WFQ,74.0,22,1,4,2017-05-03,2017-05-13,511.0,0.878578684468642,511.0,10.0,10.0,2017-05,2017-05
OJMME9V9,44.0,22,5,4,2017-05-03,2017-08-25,5747.0,1.0,5747.0,114.0,114.0,2017-05,2017-08
4ZX1WPS7,38.0,19,2,1,2017-05-03,,0.0,0.013490007337937381,0.0,242.0,,2017-05,
79IN4OVP,1.0,19,1,2,2017-05-03,2017-08-01,0.0,0.07137928521170103,0.0,90.0,90.0,2017-05,2017-08
2NPSMBLK,11.0,10,2,2,2017-05-03,2017-08-08,0.0,0.0037732133285925235,0.0,97.0,97.0,2017-05,2017-08
NLKPA1KP,38.0,10,1,4,2017-05-03,2017-08-11,596.0,0.9695199237691394,596.0,100.0,100.0,2017-05,2017-08
38EYB40T,13.0,6,3,4,2017-05-03,2017-05-14,60.0,0.691725772903133,60.0,11.0,11.0,2017-05,2017-05
3FZVCDW0,24.0,32,2,4,2017-05-03,2017-05-04,4372.0,0.9999999999999987,4372.0,1.0,1.0,2017-05,2017-05
2NTWE1G4,77.0,31,2,4,2017-05-03,2017-05-08,4604.0,0.9999999999999996,4604.0,5.0,5.0,2017-05,2017-05
86C26QSR,,27,5,1,2017-05-03,,0.0,0.011295354308017208,0.0,242.0,,2017-05,
SHGSBZU8,32.0,27,4,2,2017-05-03,2017-05-13,0.0,0.003152502050271366,0.0,10.0,10.0,2017-05,2017-05
AETY0W6G,2.0,21,2,4,2017-05-03,2017-05-08,4859.0,1.0,4859.0,5.0,5.0,2017-05,2017-05
A7F5O29R,83.0,24,4,4,2017-05-03,2017-08-03,3718.0,0.9999999999994651,3718.0,92.0,92.0,2017-05,2017-08
LR45YFE4,34.0,12,3,1,2017-05-03,,0.0,0.7967003008340854,0.0,242.0,,2017-05,
MIYAP26S,69.0,12,4,2,2017-05-03,2017-05-19,0.0,0.0033288270983750125,0.0,16.0,16.0,2017-05,2017-05
IEZCZAKT,36.0,33,1,4,2017-05-03,2017-05-30,493.0,0.8728572423747581,493.0,27.0,27.0,2017-05,2017-05
PDMWTS8O,16.0,1,3,4,2017-05-04,2017-06-04,54.0,0.6952087713147299,54.0,31.0,31.0,2017-05,2017-06
OPEICJES,45.0,1,3,4,2017-05-04,2017-06-09,52.0,0.6947468857384261,52.0,36.0,36.0,2017-05,2017-06
10UN7LA8,57.0,1,4,4,2017-05-04,2017-06-23,3813.0,0.9999999999998224,3813.0,50.0,50.0,2017-05,2017-06
C2W2VHJY,75.0,18,2,2,2017-05-04,2017-08-04,0.0,0.004739433055582439,0.0,92.0,92.0,2017-05,2017-08
Z032GGRE,19.0,10,2,4,2017-05-04,2017-08-12,4935.0,1.0,4935.0,100.0,100.0,2017-05,2017-08
I8WTUMTA,11.0,10,4,4,2017-05-04,2017-08-17,3560.0,0.9999999999966334,3560.0,105.0,105.0,2017-05,2017-08
P05J08B4,3.0,6,2,2,2017-05-04,2017-05-20,0.0,0.0038731468437445704,0.0,16.0,16.0,2017-05,2017-05
GVCMT0GZ,67.0,6,2,2,2017-05-04,2017-08-25,0.0,0.003802492000967038,0.0,113.0,113.0,2017-05,2017-08
58SGEGN8,59.0,4,1,2,2017-05-04,2017-05-10,0.0,0.085850100975434,0.0,6.0,6.0,2017-05,2017-05
LZLXBQ0I,3.0,4,6,2,2017-05-04,2017-08-20,0.0,0.010356535574387496,0.0,108.0,108.0,2017-05,2017-08
1L2S3CMT,85.0,4,4,2,2017-05-04,2017-08-27,0.0,0.0017122618884223332,0.0,115.0,115.0,2017-05,2017-08
CE852VBF,66.0,9,6,2,2017-05-04,2017-08-25,0.0,0.027602425770902862,0.0,113.0,113.0,2017-05,2017-08
KTX7ETCE,28.0,9,1,4,2017-05-04,2017-08-05,528.0,0.8887432611141775,528.0,93.0,93.0,2017-05,2017-08
JEPAVEO7,66.0,9,6,4,2017-05-04,2017-06-20,1188.0,0.9989330761076752,1188.0,47.0,47.0,2017-05,2017-06
4T9CQH5J,78.0,21,5,2,2017-05-04,2017-09-15,0.0,0.008244583486647215,0.0,134.0,134.0,2017-05,2017-09
51T70SQX,19.0,3,4,2,2017-05-04,2017-05-10,0.0,0.005846276472598883,0.0,6.0,6.0,2017-05,2017-05
SUYF0EN7,3.0,3,1,4,2017-05-04,2017-08-09,590.0,0.971081651132526,590.0,97.0,97.0,2017-05,2017-08
S2D060YF,79.0,24,1,4,2017-05-04,2017-08-14,578.0,0.9644696938016905,578.0,102.0,102.0,2017-05,2017-08
DE5WRZ6B,27.0,12,2,2,2017-05-04,2017-08-06,0.0,0.005342363037138444,0.0,94.0,94.0,2017-05,2017-08
UJ7BYO6A,,16,4,1,2017-05-04,,0.0,0.013366069368449864,0.0,241.0,,2017-05,
N6CXTO48,47.0,33,1,2,2017-05-04,2017-05-09,0.0,0.052134462661898376,0.0,5.0,5.0,2017-05,2017-05
4Z7B0OQB,4.0,1,4,2,2017-05-05,2017-08-15,0.0,0.006170285999525463,0.0,102.0,102.0,2017-05,2017-08
LCQ934W7,77.0,19,6,1,2017-05-05,,0.0,0.023020102835043674,0.0,240.0,,2017-05,
70TRVHOM,18.0,19,2,4,2017-05-05,2017-08-05,4697.0,1.0,4697.0,92.0,92.0,2017-05,2017-08
0G0S9TB8,52.0,20,2,2,2017-05-05,2017-08-13,0.0,0.005153502353860985,0.0,100.0,100.0,2017-05,2017-08
U43RA5W8,52.0,20,2,2,2017-05-05,2017-05-30,0.0,0.003863729135816765,0.0,25.0,25.0,2017-05,2017-05
SOE904XE,43.0,20,6,4,2017-05-05,2017-08-26,1161.0,0.9967915564865001,1161.0,113.0,113.0,2017-05,2017-08
C64JTLGO,75.0,20,6,4,2017-05-05,2017-05-06,1101.0,0.9935562925728382,1101.0,1.0,1.0,2017-05,2017-05
F9XJYM9F,38.0,6,1,4,2017-05-05,2017-08-12,511.0,0.9417413142443187,511.0,99.0,99.0,2017-05,2017-08
XWN6WWOD,12.0,6,3,4,2017-05-05,2017-08-01,57.0,0.7927339125262975,57.0,88.0,88.0,2017-05,2017-08
17MPPMM0,77.0,32,3,2,2017-05-05,2017-05-12,0.0,0.4305413237236802,0.0,7.0,7.0,2017-05,2017-05
FV6PHMQW,64.0,32,1,4,2017-05-05,2017-05-21,635.0,0.9791088010423203,635.0,16.0,16.0,2017-05,2017-05
NX2K0HQ9,50.0,32,2,4,2017-05-05,2017-08-16,4352.0,0.9999999999999984,4352.0,103.0,103.0,2017-05,2017-08
Z236WCM1,75.0,31,6,1,2017-05-05,,0.0,0.03860017304214602,0.0,240.0,,2017-05,
T5GZDRDE,79.0,31,3,2,2017-05-05,2017-05-16,0.0,0.5204834351389648,0.0,11.0,11.0,2017-05,2017-05
91G2ZW58,57.0,4,5,2,2017-05-05,2017-05-10,0.0,0.004507099833675416,0.0,5.0,5.0,2017-05,2017-05
H2PEIFZH,16.0,4,4,4,2017-05-05,2017-05-08,3952.0,0.999999999999829,3952.0,3.0,3.0,2017-05,2017-05
RG893DYQ,71.0,27,1,1,2017-05-05,,0.0,0.1784628522669739,0.0,240.0,,2017-05,
WQSJNIEZ,,27,1,1,2017-05-05,,0.0,0.19604011334426988,0.0,240.0,,2017-05,
V8M89S4W,42.0,27,1,4,2017-05-05,2017-05-06,560.0,0.8890399052049782,560.0,1.0,1.0,2017-05,2017-05
5QR02PQI,4.0,7,6,2,2017-05-05,2017-05-08,0.0,0.013261904010029326,0.0,3.0,3.0,2017-05,2017-05
WB974HS4,25.0,9,6,4,2017-05-05,2017-09-18,984.0,0.986297383711063,984.0,136.0,136.0,2017-05,2017-09
L6VDDXFV,75.0,21,4,2,2017-05-05,2017-05-11,0.0,0.004559309035714958,0.0,6.0,6.0,2017-05,2017-05
B0MOQZVN,65.0,24,1,4,2017-05-05,2017-05-14,579.0,0.952012425631323,579.0,9.0,9.0,2017-05,2017-05
09C4GR2W,34.0,24,6,4,2017-05-05,2017-08-10,1151.0,0.9975288033180764,1151.0,97.0,97.0,2017-05,2017-08
6YN4FZHL,20.0,12,6,4,2017-05-05,2017-08-25,881.0,0.9727209289186186,881.0,112.0,112.0,2017-05,2017-08
45CION64,74.0,12,3,4,2017-05-05,2017-08-17,59.0,0.6718515595274397,59.0,104.0,104.0,2017-05,2017-08
BSQRXW4X,54.0,33,1,4,2017-05-05,2017-05-12,608.0,0.9306655542641077,608.0,7.0,7.0,2017-05,2017-05
PYEQPW42,19.0,1,5,4,2017-05-06,2017-05-09,4784.0,1.0,4784.0,3.0,3.0,2017-05,2017-05
5NW73ZRY,1.0,22,4,4,2017-05-06,2017-05-22,3370.0,0.9999999999668392,3370.0,16.0,16.0,2017-05,2017-05
0P8NFYML,2.0,19,3,2,2017-05-06,2017-05-24,0.0,0.4851646626953575,0.0,18.0,18.0,2017-05,2017-05
HF74MC9F,26.0,13,5,1,2017-05-06,,0.0,0.012512842751154975,0.0,239.0,,2017-05,
1Y9KPBXY,25.0,10,6,2,2017-05-06,2017-09-10,0.0,0.013270044242401044,0.0,127.0,127.0,2017-05,2017-09
0AR9HD16,25.0,10,1,4,2017-05-06,2017-08-17,526.0,0.929647405410919,526.0,103.0,103.0,2017-05,2017-08
Q72BVH8T,49.0,20,6,2,2017-05-06,2017-05-12,0.0,0.0076869739201697596,0.0,6.0,6.0,2017-05,2017-05
OH7VVUY0,36.0,8,2,4,2017-05-06,2017-06-29,5028.0,1.0,5028.0,54.0,54.0,2017-05,2017-06
4DPSFUEC,12.0,6,1,2,2017-05-06,2017-05-23,0.0,0.13987629118691142,0.0,17.0,17.0,2017-05,2017-05
BB7JH1C4,39.0,6,2,2,2017-05-06,2017-05-18,0.0,0.00361548359485621,0.0,12.0,12.0,2017-05,2017-05
FWTTJ2G8,37.0,31,1,1,2017-05-06,,0.0,0.23960013083152637,0.0,239.0,,2017-05,
FLJCJ7IE,11.0,4,1,2,2017-05-06,2017-05-18,0.0,0.048373750037754584,0.0,12.0,12.0,2017-05,2017-05
7T109BBY,15.0,4,1,2,2017-05-06,2017-05-20,0.0,0.056987714810241494,0.0,14.0,14.0,2017-05,2017-05
4JVY843T,68.0,4,4,2,2017-05-06,2017-05-23,0.0,0.0027681720455718043,0.0,17.0,17.0,2017-05,2017-05
J71N4WQ6,,27,6,1,2017-05-06,,0.0,0.024963732664043083,0.0,239.0,,2017-05,
INI33ALF,28.0,5,1,4,2017-05-06,2017-05-22,569.0,0.9140875682256113,569.0,16.0,16.0,2017-05,2017-05
D3M1KUQ2,11.0,9,3,2,2017-05-06,2017-05-26,0.0,0.38194475925045374,0.0,20.0,20.0,2017-05,2017-05
NOO83M87,27.0,14,5,2,2017-05-06,2017-08-02,0.0,0.00564087187606846,0.0,88.0,88.0,2017-05,2017-08
8G9Q7NXD,42.0,14,3,4,2017-05-06,2017-08-09,51.0,0.6456948799515174,51.0,95.0,95.0,2017-05,2017-08
IGHYUSN8,31.0,24,5,1,2017-05-06,,0.0,0.01465235282142171,0.0,239.0,,2017-05,
3F34LWKM,,24,2,1,2017-05-06,,0.0,0.012513223361700767,0.0,239.0,,2017-05,
IRCBYH9Z,15.0,1,6,2,2017-05-07,2017-08-30,0.0,0.017489367643066297,0.0,115.0,115.0,2017-05,2017-08
559PYA0L,8.0,19,4,4,2017-05-07,2017-05-21,4287.0,0.9999999999999962,4287.0,14.0,14.0,2017-05,2017-05
RIC5ZHK4,56.0,13,6,1,2017-05-07,,0.0,0.04945348521568144,0.0,238.0,,2017-05,
YVXKNYSM,,13,2,1,2017-05-07,,0.0,0.014176378976170346,0.0,238.0,,2017-05,
237L2CSV,52.0,13,2,4,2017-05-07,2017-05-15,3960.0,0.9999999999999372,3960.0,8.0,8.0,2017-05,2017-05
AS7MJ0S1,44.0,20,2,2,2017-05-07,2017-05-09,0.0,0.003025201314256835,0.0,2.0,2.0,2017-05,2017-05
INAEAAI9,11.0,6,6,4,2017-05-07,2017-09-02,1093.0,0.9959899372644074,1093.0,118.0,118.0,2017-05,2017-09
1XNXJUQM,76.0,6,6,4,2017-05-07,2017-08-10,1194.0,0.9989417773389663,1194.0,95.0,95.0,2017-05,2017-08
Z64MQTF2,57.0,6,2,4,2017-05-07,2017-08-14,5310.0,1.0,5310.0,99.0,99.0,2017-05,2017-08
BM0QXHMH,6.0,32,6,2,2017-05-07,2017-08-04,0.0,0.016215638374708203,0.0,89.0,89.0,2017-05,2017-08
ARY1F1KN,21.0,31,6,2,2017-05-07,2017-05-20,0.0,0.007788701113154637,0.0,13.0,13.0,2017-05,2017-05
XPCDFUDY,36.0,4,1,2,2017-05-07,2017-08-03,0.0,0.08168928794304417,0.0,88.0,88.0,2017-05,2017-08
73086D08,,27,5,1,2017-05-07,,0.0,0.011039655555365308,0.0,238.0,,2017-05,
VDOUNMRC,31.0,34,6,4,2017-05-07,2017-08-08,1222.0,0.9985979765465055,1222.0,93.0,93.0,2017-05,2017-08
TEKCKT3V,38.0,5,6,4,2017-05-07,2017-08-05,901.0,0.978036263195212,901.0,90.0,90.0,2017-05,2017-08
1WJT7CM8,52.0,21,4,2,2017-05-07,2017-08-26,0.0,0.00941106555980953,0.0,111.0,111.0,2017-05,2017-08
96A1GDXO,42.0,21,5,4,2017-05-07,2017-08-01,5601.0,1.0,5601.0,86.0,86.0,2017-05,2017-08
OIFERO7S,,25,4,1,2017-05-07,,0.0,0.009037204280647375,0.0,238.0,,2017-05,
Z2E1UVVB,,12,4,1,2017-05-07,,0.0,0.012759401080627593,0.0,238.0,,2017-05,
AAU2IQFW,18.0,16,6,4,2017-05-07,2017-08-05,995.0,0.995245370868884,995.0,90.0,90.0,2017-05,2017-08
PRHL94PK,78.0,16,4,4,2017-05-07,2017-08-05,3666.0,0.9999999999987852,3666.0,90.0,90.0,2017-05,2017-08
3WC1FUFP,85.0,1,6,2,2017-05-08,2017-05-18,0.0,0.006238097587583966,0.0,10.0,10.0,2017-05,2017-05
SHG8Y43V,62.0,1,3,4,2017-05-08,2017-05-19,56.0,0.6499675829965467,56.0,11.0,11.0,2017-05,2017-05
1O2ZN81M,37.0,19,6,4,2017-05-08,2017-05-17,1372.0,0.999514960641963,1372.0,9.0,9.0,2017-05,2017-05
J6T6BTJI,7.0,18,4,4,2017-05-08,2017-08-01,3282.0,0.999999999954654,3282.0,85.0,85.0,2017-05,2017-08
0WO582AV,19.0,10,2,2,2017-05-08,2017-08-06,0.0,0.007414903021191377,0.0,90.0,90.0,2017-05,2017-08
JTTLDM4E,14.0,28,3,4,2017-05-08,2017-08-18,43.0,0.8061514640597488,43.0,102.0,102.0,2017-05,2017-08
8KQH5XI1,51.0,28,3,4,2017-05-08,2017-09-05,54.0,0.7864309979944927,54.0,120.0,120.0,2017-05,2017-09
1Q5XFO8D,66.0,6,1,2,2017-05-08,2017-08-21,0.0,0.27972193973472514,0.0,105.0,105.0,2017-05,2017-08
A3PNPLTG,10.0,32,1,4,2017-05-08,2017-05-16,575.0,0.96195117196273,575.0,8.0,8.0,2017-05,2017-05
03CWYGC9,36.0,32,6,4,2017-05-08,2017-08-10,768.0,0.9449359984308506,768.0,94.0,94.0,2017-05,2017-08
FSEF5ZR9,64.0,32,2,4,2017-05-08,2017-09-12,4426.0,0.9999999999999993,4426.0,127.0,127.0,2017-05,2017-09
N23C5EKK,3.0,4,1,2,2017-05-08,2017-05-10,0.0,0.05838728499961897,0.0,2.0,2.0,2017-05,2017-05
S9K81CWS,45.0,4,1,4,2017-05-08,2017-08-20,553.0,0.9347898903297456,553.0,104.0,104.0,2017-05,2017-08
PJ00PLEU,11.0,7,5,2,2017-05-08,2017-05-20,0.0,0.004322497396488434,0.0,12.0,12.0,2017-05,2017-05
0AQGBN7B,,34,6,1,2017-05-08,,0.0,0.034120764074145396,0.0,237.0,,2017-05,
3F8AA8RT,33.0,34,6,2,2017-05-08,2017-08-05,0.0,0.01327171775197563,0.0,89.0,89.0,2017-05,2017-08
4NAHJMYM,83.0,34,5,4,2017-05-08,2017-09-18,4786.0,1.0,4786.0,133.0,133.0,2017-05,2017-09
6KVOMBDJ,60.0,5,4,2,2017-05-08,2017-05-23,0.0,0.004701871966601592,0.0,15.0,15.0,2017-05,2017-05
TFS5SYN2,71.0,21,2,2,2017-05-08,2017-05-17,0.0,0.004183260214882774,0.0,9.0,9.0,2017-05,2017-05
N7KJ821I,38.0,3,5,2,2017-05-08,2017-08-02,0.0,0.007621726701284658,0.0,86.0,86.0,2017-05,2017-08
YCKKT5ME,59.0,3,3,2,2017-05-08,2017-08-19,0.0,0.7331596375063554,0.0,103.0,103.0,2017-05,2017-08
HI2E8TBI,15.0,3,5,4,2017-05-08,2017-05-16,5338.0,1.0,5338.0,8.0,8.0,2017-05,2017-05
UU25XD9E,35.0,33,2,1,2017-05-08,,0.0,0.008632524979253839,0.0,237.0,,2017-05,
Q54L8P6I,61.0,33,1,2,2017-05-08,2017-05-15,0.0,0.1134254382052647,0.0,7.0,7.0,2017-05,2017-05
XSB7IN6X,67.0,1,6,4,2017-05-09,2017-08-31,996.0,0.9899238282271235,996.0,114.0,114.0,2017-05,2017-08
K5GFWLKM,,22,6,1,2017-05-09,,0.0,0.03871180287640602,0.0,236.0,,2017-05,
1K6HY455,,22,4,1,2017-05-09,,0.0,0.012289516500684062,0.0,236.0,,2017-05,
FQW15KC4,27.0,19,4,2,2017-05-09,2017-05-20,0.0,0.0031633019375003324,0.0,11.0,11.0,2017-05,2017-05
G17H7YXA,19.0,2,3,4,2017-05-09,2017-08-09,63.0,0.8165647234197555,63.0,92.0,92.0,2017-05,2017-08
XOE5EU8U,53.0,18,6,2,2017-05-09,2017-08-17,0.0,0.010439781742619728,0.0,100.0,100.0,2017-05,2017-08
WEB7LYK0,38.0,10,6,4,2017-05-09,2017-05-19,1075.0,0.9942077605514148,1075.0,10.0,10.0,2017-05,2017-05
N4Z3QYK7,76.0,10,2,4,2017-05-09,2017-05-24,5033.0,1.0,5033.0,15.0,15.0,2017-05,2017-05
JECCHO49,60.0,10,4,4,2017-05-09,2017-06-26,3249.0,0.9999999999666249,3249.0,48.0,48.0,2017-05,2017-06
QUOU67L5,29.0,8,6,4,2017-05-09,2017-08-14,1015.0,0.9885002791248921,1015.0,97.0,97.0,2017-05,2017-08
SSZHMEE3,66.0,6,1,2,2017-05-09,2017-06-27,0.0,0.2362285922521186,0.0,49.0,49.0,2017-05,2017-06
WUE92JFJ,30.0,6,6,4,2017-05-09,2017-05-16,1100.0,0.9971735534313934,1100.0,7.0,7.0,2017-05,2017-05
EYNZMBI0,6.0,32,5,4,2017-05-09,2017-09-13,4755.0,1.0,4755.0,127.0,127.0,2017-05,2017-09
LPOOKZCQ,42.0,31,1,2,2017-05-09,2017-08-08,0.0,0.09879026112073129,0.0,91.0,91.0,2017-05,2017-08
GL1YE4PQ,,27,7,1,2017-05-09,,0.0,0.03615431393492479,0.0,236.0,,2017-05,
HFUZQFQQ,34.0,27,1,1,2017-05-09,,0.0,0.17589746671919398,0.0,236.0,,2017-05,
OCHUEK3V,44.0,27,6,2,2017-05-09,2017-05-19,0.0,0.008465852885752597,0.0,10.0,10.0,2017-05,2017-05
DU0DYV80,31.0,27,2,2,2017-05-09,2017-06-30,0.0,0.0024960654238206518,0.0,52.0,52.0,2017-05,2017-06
3C5KXGO6,41.0,27,1,4,2017-05-09,2017-05-10,541.0,0.87960311194699,541.0,1.0,1.0,2017-05,2017-05
95532CI0,35.0,27,2,4,2017-05-09,2017-06-02,4815.0,1.0,4815.0,24.0,24.0,2017-05,2017-06
8SVMGDPA,18.0,34,6,1,2017-05-09,,0.0,0.05669395938158806,0.0,236.0,,2017-05,
Q0MRZHN7,44.0,34,3,4,2017-05-09,2017-05-12,57.0,0.6613711103131493,57.0,3.0,3.0,2017-05,2017-05
WAN7I53E,59.0,9,6,2,2017-05-09,2017-05-20,0.0,0.010861323687161707,0.0,11.0,11.0,2017-05,2017-05
6C1DLYBH,59.0,9,3,2,2017-05-09,2017-08-22,0.0,0.6258574629809005,0.0,105.0,105.0,2017-05,2017-08
ZC3UEHXG,53.0,21,5,4,2017-05-09,2017-05-17,5406.0,1.0,5406.0,8.0,8.0,2017-05,2017-05
FHWXZ6HL,,14,2,1,2017-05-09,,0.0,0.011532997437911073,0.0,236.0,,2017-05,
HJBVO8T4,21.0,24,1,2,2017-05-09,2017-06-21,0.0,0.07881762272749007,0.0,43.0,43.0,2017-05,2017-06
5CJQB25J,77.0,24,4,2,2017-05-09,2017-08-04,0.0,0.002577949027350525,0.0,87.0,87.0,2017-05,2017-08
246MLWZ7,57.0,33,1,1,2017-05-09,,0.0,0.2953656221850285,0.0,236.0,,2017-05,
O22S564Y,32.0,33,5,4,2017-05-09,2017-05-20,5042.0,1.0,5042.0,11.0,11.0,2017-05,2017-05
UO62J3M0,58.0,33,2,4,2017-05-09,2017-05-23,3969.0,0.9999999999999274,3969.0,14.0,14.0,2017-05,2017-05
KLZ95C62,15.0,1,3,2,2017-05-10,2017-08-21,0.0,0.6292017241469511,0.0,103.0,103.0,2017-05,2017-08
ROBBKT4T,39.0,1,3,4,2017-05-10,2017-08-04,59.0,0.733121371301149,59.0,86.0,86.0,2017-05,2017-08
FPTY1B79,69.0,19,1,4,2017-05-10,2017-05-16,629.0,0.9614639445605453,629.0,6.0,6.0,2017-05,2017-05
AP3405RD,19.0,2,3,4,2017-05-10,2017-05-16,57.0,0.7476728228773041,57.0,6.0,6.0,2017-05,2017-05
AVZ1BG3K,44.0,13,4,2,2017-05-10,2017-05-14,0.0,0.0042607437013232104,0.0,4.0,4.0,2017-05,2017-05
FXLA39YR,63.0,13,2,4,2017-05-10,2017-08-06,4861.0,1.0,4861.0,88.0,88.0,2017-05,2017-08
Q9GJ1LJT,56.0,18,4,2,2017-05-10,2017-09-03,0.0,0.005387135826479247,0.0,116.0,116.0,2017-05,2017-09
P9VFKNR0,19.0,10,2,2,2017-05-10,2017-08-01,0.0,0.007122529642190605,0.0,83.0,83.0,2017-05,2017-08
WQ5WIP35,85.0,10,6,4,2017-05-10,2017-05-30,980.0,0.9737215542746949,980.0,20.0,20.0,2017-05,2017-05
X5YVW7O5,74.0,20,5,2,2017-05-10,2017-05-17,0.0,0.0022885516569868007,0.0,7.0,7.0,2017-05,2017-05
DWCDI7Q2,84.0,20,4,2,2017-05-10,2017-05-22,0.0,0.003339894977278629,0.0,12.0,12.0,2017-05,2017-05
XH01XH1F,42.0,15,2,2,2017-05-10,2017-08-24,0.0,0.00450097522991654,0.0,106.0,106.0,2017-05,2017-08
U48PDN1F,9.0,8,2,4,2017-05-10,2017-08-10,5361.0,1.0,5361.0,92.0,92.0,2017-05,2017-08
QO0MQUOY,46.0,30,4,2,2017-05-10,2017-08-11,0.0,0.004819809400609228,0.0,93.0,93.0,2017-05,2017-08
Q2RY668B,,32,1,1,2017-05-10,,0.0,0.29765390050136914,0.0,235.0,,2017-05,
VBFYOCDO,,32,1,1,2017-05-10,,0.0,0.29765390050136914,0.0,235.0,,2017-05,
UMMMBBS6,32.0,32,1,2,2017-05-10,2017-08-25,0.0,0.20825480236698396,0.0,107.0,107.0,2017-05,2017-08
53ZXALR1,22.0,31,6,4,2017-05-10,2017-09-14,1220.0,0.9990127062455479,1220.0,127.0,127.0,2017-05,2017-09
VQUCVSOL,17.0,27,3,2,2017-05-10,2017-05-22,0.0,0.41572497204615155,0.0,12.0,12.0,2017-05,2017-05
2NN7T8LG,64.0,27,4,2,2017-05-10,2017-05-16,0.0,0.002655797126968901,0.0,6.0,6.0,2017-05,2017-05
SLCWM9BH,61.0,27,1,4,2017-05-10,2017-09-04,464.0,0.9189010915888333,464.0,117.0,117.0,2017-05,2017-09
974QGNBZ,28.0,7,4,4,2017-05-10,2017-05-24,3604.0,0.9999999999970788,3604.0,14.0,14.0,2017-05,2017-05
T8E8EDZS,23.0,5,1,4,2017-05-10,2017-08-21,529.0,0.9290048695762428,529.0,103.0,103.0,2017-05,2017-08
9C2RRH1Q,72.0,9,6,2,2017-05-10,2017-09-19,0.0,0.012256713138381751,0.0,132.0,132.0,2017-05,2017-09
H26RG9KC,33.0,25,4,2,2017-05-10,2017-05-18,0.0,0.002490404395630667,0.0,8.0,8.0,2017-05,2017-05
R034IT17,8.0,14,3,4,2017-05-10,2017-05-12,54.0,0.6875721160917807,54.0,2.0,2.0,2017-05,2017-05
T5SX9Z3T,13.0,24,1,1,2017-05-10,,0.0,0.2827103335970586,0.0,235.0,,2017-05,
H6CG7TPM,1.0,12,6,4,2017-05-10,2017-05-28,1022.0,0.9854502397280236,1022.0,18.0,18.0,2017-05,2017-05
KV1EXWQG,59.0,1,6,2,2017-05-11,2017-08-03,0.0,0.023641764072432663,0.0,84.0,84.0,2017-05,2017-08
P4GX3HZH,19.0,1,3,4,2017-05-11,2017-05-26,52.0,0.7668188563118974,52.0,15.0,15.0,2017-05,2017-05
VPG5E490,8.0,22,1,1,2017-05-11,,0.0,0.35814247507982533,0.0,234.0,,2017-05,
8I84MV5A,82.0,19,1,1,2017-05-11,,0.0,0.32089806038239455,0.0,234.0,,2017-05,
KF05URX0,,13,3,1,2017-05-11,,0.0,0.8101835479752402,0.0,234.0,,2017-05,
GACP1E2I,4.0,10,2,4,2017-05-11,2017-08-11,5037.0,1.0,5037.0,92.0,92.0,2017-05,2017-08
ASW97JK3,29.0,10,2,4,2017-05-11,2017-06-29,4709.0,0.9999999999999998,4709.0,49.0,49.0,2017-05,2017-06
XBYJ3NUR,73.0,10,3,4,2017-05-11,2017-05-20,60.0,0.6774762059414688,60.0,9.0,9.0,2017-05,2017-05
4Q2GV039,66.0,10,4,4,2017-05-11,2017-08-24,3766.0,0.9999999999998335,3766.0,105.0,105.0,2017-05,2017-08
ZA1YVJQC,18.0,15,4,4,2017-05-11,2017-08-11,3552.0,0.9999999999982907,3552.0,92.0,92.0,2017-05,2017-08
5IQAJGCU,,32,1,1,2017-05-11,,0.0,0.29644508058453506,0.0,234.0,,2017-05,
59XUUWAQ,6.0,32,3,2,2017-05-11,2017-09-02,0.0,0.6497172043929855,0.0,114.0,114.0,2017-05,2017-09
GGXEKX47,34.0,32,4,2,2017-05-11,2017-08-03,0.0,0.004451571525881594,0.0,84.0,84.0,2017-05,2017-08
LTVGILHP,4.0,31,1,1,2017-05-11,,0.0,0.2725464826776345,0.0,234.0,,2017-05,
N00L26DN,42.0,31,2,2,2017-05-11,2017-05-30,0.0,0.002958170005599112,0.0,19.0,19.0,2017-05,2017-05
8JP05QQR,21.0,27,4,2,2017-05-11,2017-08-03,0.0,0.0021796093559405087,0.0,84.0,84.0,2017-05,2017-08
MV227O65,65.0,34,5,1,2017-05-11,,0.0,0.017216664099143318,0.0,234.0,,2017-05,
0BG8WJSX,24.0,34,1,2,2017-05-11,2017-05-22,0.0,0.13165574582680106,0.0,11.0,11.0,2017-05,2017-05
ZQVUQ5CJ,73.0,5,1,4,2017-05-11,2017-05-25,472.0,0.8805341022209188,472.0,14.0,14.0,2017-05,2017-05
E8QHX9TE,,24,5,1,2017-05-11,,0.0,0.015794640222896946,0.0,234.0,,2017-05,
ZFVG8LP2,10.0,24,3,4,2017-05-11,2017-05-20,56.0,0.6790237457051073,56.0,9.0,9.0,2017-05,2017-05
P2ST849C,53.0,12,3,4,2017-05-11,2017-06-16,57.0,0.617936182279685,57.0,36.0,36.0,2017-05,2017-06
6CPBVF9F,49.0,16,4,2,2017-05-11,2017-08-04,0.0,0.00497976855138864,0.0,85.0,85.0,2017-05,2017-08
6ID18IJX,51.0,33,6,4,2017-05-11,2017-08-17,776.0,0.9469216102233461,776.0,98.0,98.0,2017-05,2017-08
WSPM5X5V,30.0,1,3,2,2017-05-12,2017-05-23,0.0,0.671968695765825,0.0,11.0,11.0,2017-05,2017-05
7SF3PMMY,11.0,2,3,4,2017-05-12,2017-06-10,61.0,0.6194813815031689,61.0,29.0,29.0,2017-05,2017-06
CZF82O5B,36.0,2,4,4,2017-05-12,2017-05-27,3831.0,0.9999999999997014,3831.0,15.0,15.0,2017-05,2017-05
BLLYPR3S,69.0,13,4,2,2017-05-12,2017-08-24,0.0,0.004890819526563039,0.0,104.0,104.0,2017-05,2017-08
6VLA3FDQ,57.0,8,3,4,2017-05-12,2017-08-09,52.0,0.7564442417295079,52.0,89.0,89.0,2017-05,2017-08
YL98GKZF,31.0,30,2,2,2017-05-12,2017-08-01,0.0,0.004319507445143908,0.0,81.0,81.0,2017-05,2017-08
G43QQLLF,15.0,6,4,2,2017-05-12,2017-05-20,0.0,0.003090366870147239,0.0,8.0,8.0,2017-05,2017-05
1DZNTUSA,47.0,32,2,2,2017-05-12,2017-05-20,0.0,0.003098487546517218,0.0,8.0,8.0,2017-05,2017-05
G5Z0FWAX,44.0,31,2,2,2017-05-12,2017-08-03,0.0,0.005463999374009318,0.0,83.0,83.0,2017-05,2017-08
Z3FOWY9N,61.0,31,5,4,2017-05-12,2017-06-22,5698.0,1.0,5698.0,41.0,41.0,2017-05,2017-06
S4OLFL40,59.0,4,1,4,2017-05-12,2017-05-22,595.0,0.9530867500618027,595.0,10.0,10.0,2017-05,2017-05
LPY6VIZV,11.0,7,5,2,2017-05-12,2017-08-12,0.0,0.0059328185134907814,0.0,92.0,92.0,2017-05,2017-08
QQ96SPTU,51.0,34,6,4,2017-05-12,2017-08-23,1144.0,0.9983742501962504,1144.0,103.0,103.0,2017-05,2017-08
5YLCW6L5,23.0,5,3,4,2017-05-12,2017-09-15,61.0,0.695124781620145,61.0,126.0,126.0,2017-05,2017-09
IQ8MEPW9,1.0,21,2,2,2017-05-12,2017-05-24,0.0,0.002809447460804914,0.0,12.0,12.0,2017-05,2017-05
AZX4XC81,44.0,21,4,2,2017-05-12,2017-08-13,0.0,0.007592561443654213,0.0,93.0,93.0,2017-05,2017-08
GO4G2L4X,56.0,21,4,4,2017-05-12,2017-05-15,3510.0,0.9999999999962217,3510.0,3.0,3.0,2017-05,2017-05
9HKP3RBS,44.0,14,1,4,2017-05-12,2017-08-04,513.0,0.9373299543674806,513.0,84.0,84.0,2017-05,2017-08
ER3G544S,72.0,3,4,2,2017-05-12,2017-08-14,0.0,0.00533688759504158,0.0,94.0,94.0,2017-05,2017-08
YQFF7GFK,38.0,3,6,4,2017-05-12,2017-08-11,1083.0,0.9967592084317402,1083.0,91.0,91.0,2017-05,2017-08
1D1EJE8U,61.0,24,1,2,2017-05-12,2017-05-26,0.0,0.14623616600308517,0.0,14.0,14.0,2017-05,2017-05
5BAGWGAG,12.0,24,5,4,2017-05-12,2017-08-23,5987.0,1.0,5987.0,103.0,103.0,2017-05,2017-08
V1ROZMCX,15.0,1,6,4,2017-05-13,2017-06-28,1041.0,0.9935372695684954,1041.0,46.0,46.0,2017-05,2017-06
CEQ3J96G,25.0,1,3,4,2017-05-13,2017-08-04,54.0,0.6877852548531699,54.0,83.0,83.0,2017-05,2017-08
P96S0ATV,48.0,22,4,4,2017-05-13,2017-06-01,2677.0,0.9999999900930833,2677.0,19.0,19.0,2017-05,2017-06
GXKR6EG9,60.0,2,4,4,2017-05-13,2017-05-27,3558.0,0.9999999999978171,3558.0,14.0,14.0,2017-05,2017-05
I6UG2OLX,,13,4,1,2017-05-13,,0.0,0.012596388435898524,0.0,232.0,,2017-05,
XA4PGIHG,69.0,13,1,2,2017-05-13,2017-08-08,0.0,0.12011285101742251,0.0,87.0,87.0,2017-05,2017-08
INBSL1I4,56.0,13,6,4,2017-05-13,2017-08-20,866.0,0.9798953993599284,866.0,99.0,99.0,2017-05,2017-08
4N2KE2ER,12.0,10,6,4,2017-05-13,2017-08-24,987.0,0.9937921371329357,987.0,103.0,103.0,2017-05,2017-08
UJSFG18F,19.0,10,4,4,2017-05-13,2017-08-15,3290.0,0.9999999999801692,3290.0,94.0,94.0,2017-05,2017-08
R9TWUEAT,78.0,20,5,2,2017-05-13,2017-08-09,0.0,0.00355517441318255,0.0,88.0,88.0,2017-05,2017-08
3K97S8L9,18.0,20,4,2,2017-05-13,2017-05-19,0.0,0.0038725538063794957,0.0,6.0,6.0,2017-05,2017-05
QWR1O5R9,49.0,20,4,2,2017-05-13,2017-05-17,0.0,0.002360301405212156,0.0,4.0,4.0,2017-05,2017-05
0MZIJDPM,22.0,28,3,4,2017-05-13,2017-09-13,54.0,0.7327235686243164,54.0,123.0,123.0,2017-05,2017-09
3N46WQVI,22.0,26,4,1,2017-05-13,,0.0,0.015134379817853545,0.0,232.0,,2017-05,
FNQYVW3T,64.0,26,5,4,2017-05-13,2017-05-17,4627.0,0.9999999999999998,4627.0,4.0,4.0,2017-05,2017-05
CO6JN5NH,33.0,30,1,2,2017-05-13,2017-08-22,0.0,0.1363641500315924,0.0,101.0,101.0,2017-05,2017-08
D6XIVDQF,11.0,6,2,4,2017-05-13,2017-09-06,5625.0,1.0,5625.0,116.0,116.0,2017-05,2017-09
CQXYCHKN,28.0,4,1,2,2017-05-13,2017-05-15,0.0,0.04198132574001277,0.0,2.0,2.0,2017-05,2017-05
TWXUDY78,64.0,27,3,4,2017-05-13,2017-08-23,57.0,0.6892729230485963,57.0,102.0,102.0,2017-05,2017-08
OPL7DH0Q,19.0,9,6,2,2017-05-13,2017-08-24,0.0,0.017078985705040274,0.0,103.0,103.0,2017-05,2017-08
5VKRCTJE,64.0,25,6,4,2017-05-13,2017-08-01,1032.0,0.9930592588192974,1032.0,80.0,80.0,2017-05,2017-08
7DDD3NZ2,53.0,14,1,4,2017-05-13,2017-05-17,567.0,0.915146698808075,567.0,4.0,4.0,2017-05,2017-05
QL97HH1Y,19.0,3,3,4,2017-05-13,2017-05-19,58.0,0.76621743987121,58.0,6.0,6.0,2017-05,2017-05
9KN4MG14,30.0,1,5,2,2017-05-14,2017-08-25,0.0,0.012789672521823047,0.0,103.0,103.0,2017-05,2017-08
4V3TLIGG,60.0,1,3,4,2017-05-14,2017-05-22,50.0,0.7595079899496043,50.0,8.0,8.0,2017-05,2017-05
ALZNZ666,72.0,22,4,1,2017-05-14,,0.0,0.011931343876374558,0.0,231.0,,2017-05,
BJO24Z5A,,19,6,1,2017-05-14,,0.0,0.034884347061365714,0.0,231.0,,2017-05,
BWRNVTNR,49.0,19,1,2,2017-05-14,2017-08-02,0.0,0.1151652469681641,0.0,80.0,80.0,2017-05,2017-08
0H4AHJRI,8.0,18,1,2,2017-05-14,2017-06-01,0.0,0.11686503062646768,0.0,18.0,18.0,2017-05,2017-06
S9WJ9NAS,30.0,10,3,4,2017-05-14,2017-06-24,59.0,0.7651106051451854,59.0,41.0,41.0,2017-05,2017-06
BCA3ICIO,74.0,20,5,2,2017-05-14,2017-08-14,0.0,0.0032355519842058177,0.0,92.0,92.0,2017-05,2017-08
F914VHA3,7.0,20,1,4,2017-05-14,2017-08-06,525.0,0.9000720251469474,525.0,84.0,84.0,2017-05,2017-08
EF24VTVA,43.0,30,5,1,2017-05-14,,0.0,0.013044128996924786,0.0,231.0,,2017-05,
1CZU97OX,64.0,30,5,4,2017-05-14,2017-08-02,5525.0,1.0,5525.0,80.0,80.0,2017-05,2017-08
HY94AVIW,,34,1,1,2017-05-14,,0.0,0.244191433211713,0.0,231.0,,2017-05,
T4FQOS6J,53.0,34,6,1,2017-05-14,,0.0,0.025458527700706668,0.0,231.0,,2017-05,
4BPA17HF,83.0,34,1,4,2017-05-14,2017-05-28,628.0,0.9711620252688786,628.0,14.0,14.0,2017-05,2017-05
LAOGNZOU,36.0,34,6,4,2017-05-14,2017-05-22,902.0,0.9691448817351359,902.0,8.0,8.0,2017-05,2017-05
V3KGPHH9,66.0,9,6,4,2017-05-14,2017-06-07,1064.0,0.996290134094174,1064.0,24.0,24.0,2017-05,2017-06
RNH95U0V,84.0,21,5,4,2017-05-14,2017-08-20,6346.0,1.0,6346.0,98.0,98.0,2017-05,2017-08
ZJ1BOSNL,78.0,21,4,4,2017-05-14,2017-05-24,3089.0,0.9999999997548401,3089.0,10.0,10.0,2017-05,2017-05
0X1AY1FM,65.0,25,4,4,2017-05-14,2017-05-18,3484.0,0.9999999999910232,3484.0,4.0,4.0,2017-05,2017-05
D821LEQV,39.0,3,3,2,2017-05-14,2017-08-24,0.0,0.6380780191692434,0.0,102.0,102.0,2017-05,2017-08
B1O27MFD,60.0,3,3,2,2017-05-14,2017-08-06,0.0,0.7290842474726621,0.0,84.0,84.0,2017-05,2017-08
UOUG01WG,3.0,3,3,4,2017-05-14,2017-05-16,68.0,0.6879933515537677,68.0,2.0,2.0,2017-05,2017-05
848QSODT,,24,1,1,2017-05-14,,0.0,0.2540402487400871,0.0,231.0,,2017-05,
3X2HOUYU,21.0,24,1,4,2017-05-14,2017-08-16,575.0,0.9485267395673471,575.0,94.0,94.0,2017-05,2017-08
V135X5B7,78.0,12,4,4,2017-05-14,2017-05-17,3720.0,0.9999999999988978,3720.0,3.0,3.0,2017-05,2017-05
89P5UVQ0,,16,2,1,2017-05-14,,0.0,0.013728789030269547,0.0,231.0,,2017-05,
WUXGF870,36.0,33,5,2,2017-05-14,2017-05-27,0.0,0.00346072015827814,0.0,13.0,13.0,2017-05,2017-05
3372JYYQ,12.0,19,4,1,2017-05-15,,0.0,0.01601340059662329,0.0,230.0,,2017-05,
ENE1HNL3,7.0,19,6,4,2017-05-15,2017-06-27,1078.0,0.9937867366453261,1078.0,43.0,43.0,2017-05,2017-06
C8SWZNON,69.0,19,2,4,2017-05-15,2017-05-23,3717.0,0.9999999999990439,3717.0,8.0,8.0,2017-05,2017-05
EXMA7FRC,36.0,2,6,4,2017-05-15,2017-05-30,1129.0,0.9966712867161456,1129.0,15.0,15.0,2017-05,2017-05
KJHM27ZM,46.0,18,5,1,2017-05-15,,0.0,0.014905556319520757,0.0,230.0,,2017-05,
8H1VRXAK,74.0,18,1,4,2017-05-15,2017-09-15,536.0,0.9258567959116382,536.0,123.0,123.0,2017-05,2017-09
10QXTLQX,1.0,18,2,4,2017-05-15,2017-06-25,5857.0,1.0,5857.0,41.0,41.0,2017-05,2017-06
7YT7NRV9,,28,3,1,2017-05-15,,0.0,0.7785276618206978,0.0,230.0,,2017-05,
5BRZKG6Y,6.0,26,3,2,2017-05-15,2017-09-08,0.0,0.6624413470463636,0.0,116.0,116.0,2017-05,2017-09
X4FW4JR1,,31,1,1,2017-05-15,,0.0,0.25006131098378526,0.0,230.0,,2017-05,
BHV4K3VV,79.0,31,1,4,2017-05-15,2017-05-25,549.0,0.9332169130384254,549.0,10.0,10.0,2017-05,2017-05
BOHWQ1B3,68.0,4,3,4,2017-05-15,2017-09-07,61.0,0.6979523762123244,61.0,115.0,115.0,2017-05,2017-09
K4KNZQY6,61.0,27,5,2,2017-05-15,2017-08-07,0.0,0.0069465274497699575,0.0,84.0,84.0,2017-05,2017-08
9WUD1Q5D,72.0,7,3,2,2017-05-15,2017-08-10,0.0,0.6374536727088101,0.0,87.0,87.0,2017-05,2017-08
KAPP0SBT,9.0,7,4,2,2017-05-15,2017-08-21,0.0,0.007163743342687175,0.0,98.0,98.0,2017-05,2017-08
XSWTUMGY,21.0,34,1,2,2017-05-15,2017-08-13,0.0,0.08821297015325547,0.0,90.0,90.0,2017-05,2017-08
KS9B13NQ,6.0,34,6,4,2017-05-15,2017-09-10,1101.0,0.9965724409322557,1101.0,118.0,118.0,2017-05,2017-09
S983P5KR,38.0,9,1,2,2017-05-15,2017-08-11,0.0,0.09170633399908176,0.0,88.0,88.0,2017-05,2017-08
K0ZYCW3U,19.0,9,1,4,2017-05-15,2017-06-27,603.0,0.9667598284028837,603.0,43.0,43.0,2017-05,2017-06
SFCT64YG,38.0,9,1,4,2017-05-15,2017-09-05,545.0,0.9374516684926775,545.0,113.0,113.0,2017-05,2017-09
DUM5AP8P,75.0,21,4,2,2017-05-15,2017-05-30,0.0,0.004801982549248309,0.0,15.0,15.0,2017-05,2017-05
XAC1J3TF,,25,4,1,2017-05-15,,0.0,0.008631742645327935,0.0,230.0,,2017-05,
RNV54AZ7,80.0,14,5,2,2017-05-15,2017-05-26,0.0,0.006164305612525163,0.0,11.0,11.0,2017-05,2017-05
AVNVFAIR,21.0,24,6,4,2017-05-15,2017-08-25,959.0,0.9847416396040906,959.0,102.0,102.0,2017-05,2017-08
TEJBT5CP,44.0,24,6,4,2017-05-15,2017-06-03,1208.0,0.99849281462066,1208.0,19.0,19.0,2017-05,2017-06
UFALPP82,32.0,24,2,4,2017-05-15,2017-08-19,4246.0,0.9999999999999964,4246.0,96.0,96.0,2017-05,2017-08
NHA6MNJF,84.0,12,4,4,2017-05-15,2017-09-26,3061.0,0.9999999998685161,3061.0,134.0,134.0,2017-05,2017-09
S3UOGUU5,58.0,33,2,2,2017-05-15,2017-06-21,0.0,0.004615061229159744,0.0,37.0,37.0,2017-05,2017-06
TSRHYEOQ,12.0,19,2,2,2017-05-16,2017-08-13,0.0,0.006731177550673525,0.0,89.0,89.0,2017-05,2017-08
ZIK2R3S7,,13,4,1,2017-05-16,,0.0,0.012382198566710323,0.0,229.0,,2017-05,
K44WX2BT,48.0,20,4,4,2017-05-16,2017-08-13,3351.0,0.9999999999755438,3351.0,89.0,89.0,2017-05,2017-08
HF2DSIT5,,28,1,1,2017-05-16,,0.0,0.24463544831680187,0.0,229.0,,2017-05,
XD6R8R5B,36.0,26,4,4,2017-05-16,2017-05-30,3153.0,0.9999999998812732,3153.0,14.0,14.0,2017-05,2017-05
CEGQ4V9F,44.0,30,6,2,2017-05-16,2017-05-20,0.0,0.013138094354808198,0.0,4.0,4.0,2017-05,2017-05
58DMWXXI,41.0,30,5,2,2017-05-16,2017-05-27,0.0,0.004431321970432827,0.0,11.0,11.0,2017-05,2017-05
8GYJOE85,36.0,32,1,2,2017-05-16,2017-08-22,0.0,0.142285275629273,0.0,98.0,98.0,2017-05,2017-08
KJP1JFKX,36.0,32,1,4,2017-05-16,2017-06-06,533.0,0.9340200919152014,533.0,21.0,21.0,2017-05,2017-06
LGK00C12,4.0,4,1,2,2017-05-16,2017-08-24,0.0,0.09476829768870255,0.0,100.0,100.0,2017-05,2017-08
1F950BGI,28.0,4,3,4,2017-05-16,2017-06-01,56.0,0.4471347191693749,56.0,16.0,16.0,2017-05,2017-06
1KV8WY84,67.0,7,6,2,2017-05-16,2017-05-24,0.0,0.008026114761782482,0.0,8.0,8.0,2017-05,2017-05
FN080GSV,24.0,34,1,4,2017-05-16,2017-08-04,522.0,0.9554263691111327,522.0,80.0,80.0,2017-05,2017-08
M3IMVC9G,,25,6,1,2017-05-16,,0.0,0.02725419356876909,0.0,229.0,,2017-05,
XR3BL1JL,32.0,25,3,4,2017-05-16,2017-08-20,54.0,0.7372674520468305,54.0,96.0,96.0,2017-05,2017-08
BTRIUUWG,,14,1,1,2017-05-16,,0.0,0.23976729912391545,0.0,229.0,,2017-05,
YD38G676,35.0,24,4,2,2017-05-16,2017-05-27,0.0,0.0027713464351415435,0.0,11.0,11.0,2017-05,2017-05
4AS1VXQM,58.0,24,2,4,2017-05-16,2017-09-07,5154.0,1.0,5154.0,114.0,114.0,2017-05,2017-09
UW6FSSDK,1.0,12,3,2,2017-05-16,2017-08-16,0.0,0.4825542599447245,0.0,92.0,92.0,2017-05,2017-08
GYC77KNM,27.0,16,4,4,2017-05-16,2017-09-16,3483.0,0.9999999999957179,3483.0,123.0,123.0,2017-05,2017-09
XRO7PMA2,,19,6,1,2017-05-17,,0.0,0.034304337903338714,0.0,228.0,,2017-05,
HS58SPS7,8.0,19,3,2,2017-05-17,2017-05-25,0.0,0.6005722499759374,0.0,8.0,8.0,2017-05,2017-05
5BGYQS4R,23.0,10,6,4,2017-05-17,2017-08-11,1110.0,0.9961456290316278,1110.0,86.0,86.0,2017-05,2017-08
YMS8IG4L,74.0,20,1,4,2017-05-17,2017-05-27,441.0,0.7271414314572616,441.0,10.0,10.0,2017-05,2017-05
04OAV3CV,,28,5,1,2017-05-17,,0.0,0.0146931372657371,0.0,228.0,,2017-05,
NISR8D1V,36.0,28,1,4,2017-05-17,2017-08-08,553.0,0.9457441700265787,553.0,83.0,83.0,2017-05,2017-08
T4MF2SMF,61.0,26,4,4,2017-05-17,2017-06-04,3624.0,0.999999999999005,3624.0,18.0,18.0,2017-05,2017-06
G6PDDHMN,28.0,6,1,2,2017-05-17,2017-05-31,0.0,0.07102689746076352,0.0,14.0,14.0,2017-05,2017-05
S2GG93I6,22.0,32,2,2,2017-05-17,2017-08-22,0.0,0.006294998546808526,0.0,97.0,97.0,2017-05,2017-08
8GV0BQTU,77.0,31,4,1,2017-05-17,,0.0,0.006610928429262548,0.0,228.0,,2017-05,
I99AI8C5,15.0,4,3,2,2017-05-17,2017-08-08,0.0,0.45688495850506,0.0,83.0,83.0,2017-05,2017-08
3SEMPUU1,46.0,27,2,1,2017-05-17,,0.0,0.008181019846328907,0.0,228.0,,2017-05,
8W87JE97,44.0,27,2,2,2017-05-17,2017-08-12,0.0,0.003865564726049308,0.0,87.0,87.0,2017-05,2017-08
RQM0PS59,41.0,27,3,2,2017-05-17,2017-08-18,0.0,0.47188345996463565,0.0,93.0,93.0,2017-05,2017-08
483NKH0E,54.0,27,2,4,2017-05-17,2017-08-18,4644.0,0.9999999999999998,4644.0,93.0,93.0,2017-05,2017-08
G6QI40AT,74.0,14,3,2,2017-05-17,2017-05-29,0.0,0.4066574186687277,0.0,12.0,12.0,2017-05,2017-05
UQY5TEE8,11.0,3,3,4,2017-05-17,2017-09-20,51.0,0.7121618969822081,51.0,126.0,126.0,2017-05,2017-09
AXHNVQPQ,31.0,24,2,4,2017-05-17,2017-09-08,4573.0,0.9999999999999998,4573.0,114.0,114.0,2017-05,2017-09
N2KXGJO3,63.0,12,4,4,2017-05-17,2017-08-01,3033.0,0.9999999997302365,3033.0,76.0,76.0,2017-05,2017-08
DDP76LIP,35.0,33,3,2,2017-05-17,2017-05-26,0.0,0.4140626891118961,0.0,9.0,9.0,2017-05,2017-05
43AH1M09,76.0,1,3,2,2017-05-18,2017-05-24,0.0,0.6134828370047174,0.0,6.0,6.0,2017-05,2017-05
852ZZB90,59.0,1,3,4,2017-05-18,2017-06-02,58.0,0.7549054029549632,58.0,15.0,15.0,2017-05,2017-06
V2GGEAOC,68.0,1,3,4,2017-05-18,2017-09-15,51.0,0.7961553714408375,51.0,120.0,120.0,2017-05,2017-09
0Y8HO91H,48.0,19,2,4,2017-05-18,2017-08-02,4873.0,1.0,4873.0,76.0,76.0,2017-05,2017-08
0K59ZLQC,18.0,13,1,1,2017-05-18,,0.0,0.3939184487156237,0.0,227.0,,2017-05,
PNUBACZM,39.0,10,2,4,2017-05-18,2017-06-07,4606.0,0.9999999999999998,4606.0,20.0,20.0,2017-05,2017-06
DPT11UGS,40.0,20,6,4,2017-05-18,2017-09-05,995.0,0.9907513799404426,995.0,110.0,110.0,2017-05,2017-09
GQFRHJF6,74.0,20,2,4,2017-05-18,2017-08-10,4581.0,0.9999999999999996,4581.0,84.0,84.0,2017-05,2017-08
S8ALJKKH,48.0,15,2,4,2017-05-18,2017-08-14,4671.0,0.9999999999999998,4671.0,88.0,88.0,2017-05,2017-08
2BXYT4PD,25.0,26,5,1,2017-05-18,,0.0,0.015603623905417772,0.0,227.0,,2017-05,
2FMT1053,,26,4,1,2017-05-18,,0.0,0.013619575587870511,0.0,227.0,,2017-05,
HU970PDK,18.0,30,5,1,2017-05-18,,0.0,0.028121166788207502,0.0,227.0,,2017-05,
D85PDC6S,,30,5,1,2017-05-18,,0.0,0.016627872775532522,0.0,227.0,,2017-05,
7D75QXBD,34.0,31,6,1,2017-05-18,,0.0,0.030070133434861694,0.0,227.0,,2017-05,
N3GVE0VP,,27,7,1,2017-05-18,,0.0,0.03438195406016376,0.0,227.0,,2017-05,
L71FBIF7,4.0,7,3,2,2017-05-18,2017-09-10,0.0,0.6840670779295975,0.0,115.0,115.0,2017-05,2017-09
HU6IS6Q2,16.0,7,5,4,2017-05-18,2017-06-11,5241.0,1.0,5241.0,24.0,24.0,2017-05,2017-06
UXFEJC9Q,50.0,34,6,4,2017-05-18,2017-05-22,1082.0,0.993798000498384,1082.0,4.0,4.0,2017-05,2017-05
D4Z6IL8W,60.0,9,1,4,2017-05-18,2017-06-05,616.0,0.9664470748527794,616.0,18.0,18.0,2017-05,2017-06
OK39IHP1,,25,3,1,2017-05-18,,0.0,0.7389053830737471,0.0,227.0,,2017-05,
5FG7S674,82.0,14,3,2,2017-05-18,2017-08-14,0.0,0.638499585342986,0.0,88.0,88.0,2017-05,2017-08
KJXB9Q7O,23.0,3,3,2,2017-05-18,2017-05-24,0.0,0.5157260948606835,0.0,6.0,6.0,2017-05,2017-05
CX4ZLSDW,,16,3,1,2017-05-18,,0.0,0.8051293947344688,0.0,227.0,,2017-05,
UFL6ZQDV,,33,1,1,2017-05-18,,0.0,0.20560898785062137,0.0,227.0,,2017-05,
KN3H2R4V,79.0,33,1,2,2017-05-18,2017-06-25,0.0,0.08130908888260564,0.0,38.0,38.0,2017-05,2017-06
20QTAZ1L,47.0,33,3,2,2017-05-18,2017-05-23,0.0,0.3724694469947673,0.0,5.0,5.0,2017-05,2017-05
NJCI3Y9S,12.0,33,2,4,2017-05-18,2017-06-03,4642.0,0.9999999999999998,4642.0,16.0,16.0,2017-05,2017-06
OATOYNX2,4.0,1,3,4,2017-05-19,2017-06-27,63.0,0.7346176539064404,63.0,39.0,39.0,2017-05,2017-06
GAH11YHT,44.0,22,4,2,2017-05-19,2017-05-20,0.0,0.003991695693773401,0.0,1.0,1.0,2017-05,2017-05
FT8227WB,82.0,19,6,2,2017-05-19,2017-06-01,0.0,0.013056290385213836,0.0,13.0,13.0,2017-05,2017-06
0XHTFQE8,2.0,19,6,4,2017-05-19,2017-08-19,1131.0,0.9969017917887482,1131.0,92.0,92.0,2017-05,2017-08
6I76NXTK,26.0,13,1,4,2017-05-19,2017-09-04,503.0,0.9070644437890754,503.0,108.0,108.0,2017-05,2017-09
0FLFT1R4,48.0,13,1,4,2017-05-19,2017-08-03,516.0,0.9364374938142657,516.0,76.0,76.0,2017-05,2017-08
QX4VN0WB,49.0,18,1,4,2017-05-19,2017-09-01,592.0,0.9652058446451766,592.0,105.0,105.0,2017-05,2017-09
14V0RQBV,72.0,10,2,2,2017-05-19,2017-08-27,0.0,0.00499057051875926,0.0,100.0,100.0,2017-05,2017-08
2G82J8WD,76.0,10,2,4,2017-05-19,2017-09-11,4914.0,1.0,4914.0,115.0,115.0,2017-05,2017-09
00KY25OA,12.0,20,1,4,2017-05-19,2017-06-01,564.0,0.9418415672996887,564.0,13.0,13.0,2017-05,2017-06
QDDD0L2Y,42.0,28,3,2,2017-05-19,2017-05-27,0.0,0.4523949538424147,0.0,8.0,8.0,2017-05,2017-05
6TN4T6HN,31.0,26,6,4,2017-05-19,2017-06-01,964.0,0.9848346827055761,964.0,13.0,13.0,2017-05,2017-06
VA2JJZXD,60.0,6,2,2,2017-05-19,2017-09-09,0.0,0.009011690418409895,0.0,113.0,113.0,2017-05,2017-09
MQY3YOQS,25.0,6,1,4,2017-05-19,2017-06-02,583.0,0.9409882283800495,583.0,14.0,14.0,2017-05,2017-06
MGD7DZAU,29.0,32,1,1,2017-05-19,,0.0,0.223686082444115,0.0,226.0,,2017-05,
BRFHWGVC,,31,6,1,2017-05-19,,0.0,0.03326325023895515,0.0,226.0,,2017-05,
3YWITFR5,59.0,4,1,4,2017-05-19,2017-08-15,440.0,0.8725244696987142,440.0,88.0,88.0,2017-05,2017-08
BEKQZ411,38.0,5,3,4,2017-05-19,2017-08-31,58.0,0.7148192361352376,58.0,104.0,104.0,2017-05,2017-08
PK0T5N02,37.0,21,6,4,2017-05-19,2017-05-26,1093.0,0.9957084659784013,1093.0,7.0,7.0,2017-05,2017-05
8Z4ZMS9U,,12,4,1,2017-05-19,,0.0,0.011913309349214184,0.0,226.0,,2017-05,
DTSCBNCX,18.0,12,6,2,2017-05-19,2017-08-12,0.0,0.02490415422274311,0.0,85.0,85.0,2017-05,2017-08
TUDKP25E,57.0,1,4,2,2017-05-20,2017-08-01,0.0,0.007296343552772117,0.0,73.0,73.0,2017-05,2017-08
JL9ERNVY,,22,5,1,2017-05-20,,0.0,0.01630041178900371,0.0,225.0,,2017-05,
E1OBRLYZ,82.0,22,1,4,2017-05-20,2017-05-27,529.0,0.9413187176652159,529.0,7.0,7.0,2017-05,2017-05
913RPKAD,69.0,19,2,4,2017-05-20,2017-05-24,4839.0,1.0,4839.0,4.0,4.0,2017-05,2017-05
JM5GDLEF,,13,2,1,2017-05-20,,0.0,0.0131621794612275,0.0,225.0,,2017-05,
NJC209SC,9.0,10,2,4,2017-05-20,2017-09-27,5961.0,1.0,5961.0,130.0,130.0,2017-05,2017-09
MMUC1AXI,30.0,10,2,4,2017-05-20,2017-08-09,5647.0,1.0,5647.0,81.0,81.0,2017-05,2017-08
X66G66ZA,72.0,10,3,4,2017-05-20,2017-08-18,56.0,0.7041292727304562,56.0,90.0,90.0,2017-05,2017-08
PI2PHSBE,82.0,20,1,2,2017-05-20,2017-08-05,0.0,0.1097528117655233,0.0,77.0,77.0,2017-05,2017-08
CYKC7RXH,42.0,20,2,2,2017-05-20,2017-08-06,0.0,0.0027508617320644094,0.0,78.0,78.0,2017-05,2017-08
WXRWSVTT,42.0,15,1,4,2017-05-20,2017-08-18,492.0,0.9066001828375112,492.0,90.0,90.0,2017-05,2017-08
81NOKKSW,67.0,8,3,4,2017-05-20,2017-08-31,68.0,0.6189788221196729,68.0,103.0,103.0,2017-05,2017-08
CP3JY4PE,34.0,26,4,4,2017-05-20,2017-09-14,3728.0,0.9999999999994984,3728.0,117.0,117.0,2017-05,2017-09
K2683261,55.0,32,6,4,2017-05-20,2017-09-13,1082.0,0.9954218762655365,1082.0,116.0,116.0,2017-05,2017-09
MPCJV2LA,35.0,31,6,2,2017-05-20,2017-08-21,0.0,0.012169383471469937,0.0,93.0,93.0,2017-05,2017-08
0DDBDPJU,25.0,4,1,4,2017-05-20,2017-08-05,557.0,0.9102140571470219,557.0,77.0,77.0,2017-05,2017-08
RXIQFV8D,19.0,9,3,4,2017-05-20,2017-08-09,60.0,0.7284166520974756,60.0,81.0,81.0,2017-05,2017-08
5RGYU88R,62.0,3,5,4,2017-05-20,2017-05-25,5046.0,1.0,5046.0,5.0,5.0,2017-05,2017-05
F3P73EG4,30.0,3,3,4,2017-05-20,2017-08-04,53.0,0.8053674490211881,53.0,76.0,76.0,2017-05,2017-08
CRLWCEMY,66.0,3,4,4,2017-05-20,2017-06-10,2807.0,0.9999999988597146,2807.0,21.0,21.0,2017-05,2017-06
3590U14O,54.0,24,2,2,2017-05-20,2017-08-23,0.0,0.003701522513649,0.0,95.0,95.0,2017-05,2017-08
CFOYAHQ1,55.0,33,2,2,2017-05-20,2017-05-30,0.0,0.0018139308429542947,0.0,10.0,10.0,2017-05,2017-05
IQ5ASHI1,4.0,1,1,4,2017-05-21,2017-08-11,475.0,0.9240617291968103,475.0,82.0,82.0,2017-05,2017-08
G378ZBNC,59.0,1,4,4,2017-05-21,2017-08-03,3031.0,0.999999999797212,3031.0,74.0,74.0,2017-05,2017-08
6ZVC87CV,52.0,22,3,4,2017-05-21,2017-08-09,53.0,0.76557241553469,53.0,80.0,80.0,2017-05,2017-08
4Y1DYANE,78.0,19,6,4,2017-05-21,2017-06-04,1112.0,0.9942458211910099,1112.0,14.0,14.0,2017-05,2017-06
CX0SXNCN,73.0,13,1,1,2017-05-21,,0.0,0.3050868505579852,0.0,224.0,,2017-05,
PGYBGBU3,80.0,18,2,4,2017-05-21,2017-09-11,4491.0,0.9999999999999996,4491.0,113.0,113.0,2017-05,2017-09
GQPQ6XBD,6.0,28,1,4,2017-05-21,2017-06-06,562.0,0.9333343719619728,562.0,16.0,16.0,2017-05,2017-06
G4KL8QWY,58.0,30,1,4,2017-05-21,2017-06-04,593.0,0.9709779592728698,593.0,14.0,14.0,2017-05,2017-06
GIVVPRQQ,36.0,6,2,4,2017-05-21,2017-08-30,4606.0,0.9999999999999998,4606.0,101.0,101.0,2017-05,2017-08
JF178AXO,22.0,32,6,4,2017-05-21,2017-08-11,1100.0,0.9970950980284587,1100.0,82.0,82.0,2017-05,2017-08
43NBMRFY,61.0,32,6,4,2017-05-21,2017-08-18,1198.0,0.9992915117242765,1198.0,89.0,89.0,2017-05,2017-08
RE3UNESR,,31,1,1,2017-05-21,,0.0,0.24360425303497996,0.0,224.0,,2017-05,
PPUSV3RG,,31,5,1,2017-05-21,,0.0,0.014696043030685274,0.0,224.0,,2017-05,
UQ67214Z,19.0,4,4,4,2017-05-21,2017-08-20,3250.0,0.9999999999571392,3250.0,91.0,91.0,2017-05,2017-08
HDITQL1S,73.0,7,4,4,2017-05-21,2017-09-05,2785.0,0.9999999980441052,2785.0,107.0,107.0,2017-05,2017-09
1WPONGOS,61.0,34,3,4,2017-05-21,2017-08-11,49.0,0.7775360020699994,49.0,82.0,82.0,2017-05,2017-08
UF0S02A4,38.0,5,4,2,2017-05-21,2017-05-25,0.0,0.002905265588228266,0.0,4.0,4.0,2017-05,2017-05
ZG1DFNPW,4.0,5,1,4,2017-05-21,2017-09-15,547.0,0.9528723670306698,547.0,117.0,117.0,2017-05,2017-09
SS9FXCS2,4.0,9,3,4,2017-05-21,2017-08-01,57.0,0.6331189575559992,57.0,72.0,72.0,2017-05,2017-08
SHE8LB0Y,21.0,25,3,2,2017-05-21,2017-08-08,0.0,0.4486681837103917,0.0,79.0,79.0,2017-05,2017-08
9D6NTQ16,79.0,25,3,2,2017-05-21,2017-08-06,0.0,0.52408330393919,0.0,77.0,77.0,2017-05,2017-08
59N6QWQM,65.0,24,4,2,2017-05-21,2017-05-23,0.0,0.0033846644550858474,0.0,2.0,2.0,2017-05,2017-05
ZHKJIJA1,10.0,24,1,4,2017-05-21,2017-08-05,572.0,0.9629019928226671,572.0,76.0,76.0,2017-05,2017-08
SDL8MJ4R,52.0,12,3,4,2017-05-21,2017-06-10,48.0,0.7138434013694195,48.0,20.0,20.0,2017-05,2017-06
G86OKJFV,39.0,1,5,2,2017-05-22,2017-05-31,0.0,0.00510525392346925,0.0,9.0,9.0,2017-05,2017-05
WM7XURV6,34.0,13,6,1,2017-05-22,,0.0,0.03391926122449623,0.0,223.0,,2017-05,
6I125KPN,,18,4,1,2017-05-22,,0.0,0.009930096680031752,0.0,223.0,,2017-05,
HUCB9WIQ,13.0,10,4,2,2017-05-22,2017-09-08,0.0,0.0052073981775546865,0.0,109.0,109.0,2017-05,2017-09
R8CMI00I,42.0,15,1,4,2017-05-22,2017-06-06,555.0,0.9242853195626984,555.0,15.0,15.0,2017-05,2017-06
T7HHH8HK,44.0,15,1,4,2017-05-22,2017-09-02,476.0,0.9273241016065332,476.0,103.0,103.0,2017-05,2017-09
2YLXKON1,,26,4,1,2017-05-22,,0.0,0.01331197064674221,0.0,223.0,,2017-05,
407NLHJH,46.0,30,6,4,2017-05-22,2017-06-14,1090.0,0.9952420100809785,1090.0,23.0,23.0,2017-05,2017-06
ZJQKUIZ4,53.0,31,3,1,2017-05-22,,0.0,0.7256953800871534,0.0,223.0,,2017-05,
KD63LC6D,12.0,31,1,4,2017-05-22,2017-09-25,584.0,0.9768767794631882,584.0,126.0,126.0,2017-05,2017-09
WS3BIQ4S,,27,5,1,2017-05-22,,0.0,0.010130761308565191,0.0,223.0,,2017-05,
TB27K4GC,24.0,27,7,4,2017-05-22,2017-08-14,24745.0,1.0,24745.0,84.0,84.0,2017-05,2017-08
U177IWW0,,34,6,1,2017-05-22,,0.0,0.03154827820505442,0.0,223.0,,2017-05,
VN8YFKTN,12.0,21,2,2,2017-05-22,2017-05-25,0.0,0.006631211970978784,0.0,3.0,3.0,2017-05,2017-05
NFFS1KSK,84.0,21,1,4,2017-05-22,2017-05-27,512.0,0.9487405045886704,512.0,5.0,5.0,2017-05,2017-05
SWEQFKRF,,14,2,1,2017-05-22,,0.0,0.010705855706984657,0.0,223.0,,2017-05,
V1T47SKL,83.0,24,3,4,2017-05-22,2017-06-07,60.0,0.6901458008897894,60.0,16.0,16.0,2017-05,2017-06
LFPY1Z14,36.0,33,2,2,2017-05-22,2017-09-07,0.0,0.0037917451923123575,0.0,108.0,108.0,2017-05,2017-09
M6IGBW79,14.0,33,6,4,2017-05-22,2017-08-08,1088.0,0.9971269389657553,1088.0,78.0,78.0,2017-05,2017-08
HYSOZRCG,,22,6,1,2017-05-23,,0.0,0.035806013775967316,0.0,222.0,,2017-05,
41RF80KQ,,22,5,1,2017-05-23,,0.0,0.01602426058671002,0.0,222.0,,2017-05,
CYB0NUCJ,,19,3,1,2017-05-23,,0.0,0.7780725484919118,0.0,222.0,,2017-05,
2QGI573A,71.0,13,1,4,2017-05-23,2017-05-26,463.0,0.8563815698232864,463.0,3.0,3.0,2017-05,2017-05
QW4QPPSY,27.0,20,6,4,2017-05-23,2017-08-24,877.0,0.9661868066601861,877.0,93.0,93.0,2017-05,2017-08
99L2TNR5,36.0,8,4,4,2017-05-23,2017-08-24,3339.0,0.9999999999771165,3339.0,93.0,93.0,2017-05,2017-08
3H3TNCP5,12.0,30,6,1,2017-05-23,,0.0,0.05204461563911162,0.0,222.0,,2017-05,
J8Y1OGY2,23.0,6,3,2,2017-05-23,2017-05-28,0.0,0.490908938003207,0.0,5.0,5.0,2017-05,2017-05
7SJD7M9K,25.0,6,2,4,2017-05-23,2017-08-20,4180.0,0.9999999999999889,4180.0,89.0,89.0,2017-05,2017-08
OKNOWHS3,46.0,31,6,2,2017-05-23,2017-08-02,0.0,0.012235134029713827,0.0,71.0,71.0,2017-05,2017-08
VO8WTDHE,35.0,27,1,2,2017-05-23,2017-05-26,0.0,0.05237312246360522,0.0,3.0,3.0,2017-05,2017-05
5FX5TX9L,35.0,27,5,4,2017-05-23,2017-08-14,4642.0,0.9999999999999998,4642.0,83.0,83.0,2017-05,2017-08
TLT4JJ0U,76.0,7,4,2,2017-05-23,2017-09-13,0.0,0.007488029652735101,0.0,113.0,113.0,2017-05,2017-09
RA77E84P,29.0,9,1,4,2017-05-23,2017-09-08,578.0,0.9300659647945497,578.0,108.0,108.0,2017-05,2017-09
7U225819,30.0,3,4,4,2017-05-23,2017-08-11,3285.0,0.9999999999816733,3285.0,80.0,80.0,2017-05,2017-08
075SHVO3,54.0,24,3,2,2017-05-23,2017-08-12,0.0,0.5099762423177179,0.0,81.0,81.0,2017-05,2017-08
HHNFD7DX,78.0,12,6,2,2017-05-23,2017-08-29,0.0,0.012640511902581121,0.0,98.0,98.0,2017-05,2017-08
PA55AGYL,10.0,33,2,4,2017-05-23,2017-05-31,5212.0,1.0,5212.0,8.0,8.0,2017-05,2017-05
V93ZA48C,20.0,19,1,4,2017-05-24,2017-09-24,614.0,0.9654258822745112,614.0,123.0,123.0,2017-05,2017-09
TR3TXXHF,8.0,19,5,4,2017-05-24,2017-09-13,5778.0,1.0,5778.0,112.0,112.0,2017-05,2017-09
11V16SZZ,46.0,13,1,1,2017-05-24,,0.0,0.27243210823860137,0.0,221.0,,2017-05,
SURL8H49,8.0,20,4,4,2017-05-24,2017-09-10,3521.0,0.9999999999965381,3521.0,109.0,109.0,2017-05,2017-09
3IWUUUCN,,28,2,1,2017-05-24,,0.0,0.010865317991270732,0.0,221.0,,2017-05,
POXC3DA1,43.0,15,5,2,2017-05-24,2017-09-21,0.0,0.005444835249548714,0.0,120.0,120.0,2017-05,2017-09
KMGXUADZ,60.0,8,2,4,2017-05-24,2017-08-06,5109.0,1.0,5109.0,74.0,74.0,2017-05,2017-08
K7TV5UBZ,,30,5,1,2017-05-24,,0.0,0.01606935077625238,0.0,221.0,,2017-05,
X5IZZ69D,17.0,30,1,2,2017-05-24,2017-06-20,0.0,0.09960615351648885,0.0,27.0,27.0,2017-05,2017-06
X58FLJ8K,47.0,30,5,4,2017-05-24,2017-09-18,5190.0,1.0,5190.0,117.0,117.0,2017-05,2017-09
IDBXD4OU,61.0,31,1,2,2017-05-24,2017-08-22,0.0,0.18473051443540417,0.0,90.0,90.0,2017-05,2017-08
TDNJDFU6,83.0,31,2,2,2017-05-24,2017-08-13,0.0,0.005536117941430895,0.0,81.0,81.0,2017-05,2017-08
KIMUGBN5,19.0,4,4,2,2017-05-24,2017-08-14,0.0,0.004400551089701857,0.0,82.0,82.0,2017-05,2017-08
4G0X8VHP,79.0,27,4,1,2017-05-24,,0.0,0.007581409814462487,0.0,221.0,,2017-05,
6BIZ2MB6,,34,3,1,2017-05-24,,0.0,0.7669239413459424,0.0,221.0,,2017-05,
7U81B9AQ,32.0,34,6,4,2017-05-24,2017-09-27,940.0,0.9908777288961246,940.0,126.0,126.0,2017-05,2017-09
WGSS08LF,15.0,9,2,2,2017-05-24,2017-08-26,0.0,0.003164413576308106,0.0,94.0,94.0,2017-05,2017-08
WC8KQJV9,32.0,25,1,4,2017-05-24,2017-08-06,647.0,0.9793939946884795,647.0,74.0,74.0,2017-05,2017-08
FENOSL5C,12.0,24,5,4,2017-05-24,2017-08-17,6206.0,1.0,6206.0,85.0,85.0,2017-05,2017-08
PQ3CLZ2N,48.0,12,4,4,2017-05-24,2017-09-10,3158.0,0.9999999999126004,3158.0,109.0,109.0,2017-05,2017-09
N4ZJ2PJT,20.0,16,4,4,2017-05-24,2017-08-19,2699.0,0.9999999919876729,2699.0,87.0,87.0,2017-05,2017-08
32A5TJ6D,16.0,1,3,2,2017-05-25,2017-08-13,0.0,0.628505866630128,0.0,80.0,80.0,2017-05,2017-08
HZCF65PU,56.0,22,6,4,2017-05-25,2017-08-04,1302.0,0.9994994373657571,1302.0,71.0,71.0,2017-05,2017-08
TCTLOMKP,5.0,19,4,4,2017-05-25,2017-06-27,2993.0,0.9999999994562083,2993.0,33.0,33.0,2017-05,2017-06
O0NCMYX9,3.0,2,1,4,2017-05-25,2017-06-05,460.0,0.8642554906086374,460.0,11.0,11.0,2017-05,2017-06
0STR2QEA,38.0,13,5,1,2017-05-25,,0.0,0.01751272048119346,0.0,220.0,,2017-05,
HELQUZNO,44.0,13,1,4,2017-05-25,2017-09-25,616.0,0.9821348103193158,616.0,123.0,123.0,2017-05,2017-09
V7DHDF8V,62.0,10,4,2,2017-05-25,2017-08-07,0.0,0.003474400720633866,0.0,74.0,74.0,2017-05,2017-08
A3OROHUS,29.0,10,2,4,2017-05-25,2017-08-14,4270.0,0.9999999999999936,4270.0,81.0,81.0,2017-05,2017-08
CXYWGOPF,52.0,20,2,2,2017-05-25,2017-08-21,0.0,0.004809310256082592,0.0,88.0,88.0,2017-05,2017-08
DLQTM07N,73.0,8,2,4,2017-05-25,2017-08-22,4787.0,1.0,4787.0,89.0,89.0,2017-05,2017-08
Y2EC6KYG,,26,4,1,2017-05-25,,0.0,0.013085774224099006,0.0,220.0,,2017-05,
SUXDAQNV,67.0,6,1,2,2017-05-25,2017-08-28,0.0,0.08826696257028825,0.0,95.0,95.0,2017-05,2017-08
ZT2NKCV5,36.0,6,3,4,2017-05-25,2017-05-31,55.0,0.6482373427010388,55.0,6.0,6.0,2017-05,2017-05
I4YPNNTU,25.0,6,4,4,2017-05-25,2017-08-09,3808.0,0.9999999999996305,3808.0,76.0,76.0,2017-05,2017-08
2PI827MA,,31,2,1,2017-05-25,,0.0,0.011055756282715008,0.0,220.0,,2017-05,
KOYW9WIV,60.0,4,1,4,2017-05-25,2017-09-23,483.0,0.9270604548534186,483.0,121.0,121.0,2017-05,2017-09
JRAAPD3L,76.0,4,4,4,2017-05-25,2017-09-16,3727.0,0.9999999999993365,3727.0,114.0,114.0,2017-05,2017-09
21JDZDNJ,22.0,27,2,4,2017-05-25,2017-08-14,4738.0,1.0,4738.0,81.0,81.0,2017-05,2017-08
EP0H3SJO,59.0,7,6,4,2017-05-25,2017-08-04,1275.0,0.9995483228540455,1275.0,71.0,71.0,2017-05,2017-08
GIP11NY3,73.0,7,4,4,2017-05-25,2017-08-19,3428.0,0.9999999999935352,3428.0,86.0,86.0,2017-05,2017-08
7X1D49TU,13.0,5,3,2,2017-05-25,2017-09-11,0.0,0.609898289303255,0.0,109.0,109.0,2017-05,2017-09
PDXFONE0,49.0,21,2,4,2017-05-25,2017-06-07,5420.0,1.0,5420.0,13.0,13.0,2017-05,2017-06
77WSI0TH,14.0,25,3,2,2017-05-25,2017-08-28,0.0,0.6896142824734858,0.0,95.0,95.0,2017-05,2017-08
DJDVV89L,19.0,3,3,4,2017-05-25,2017-06-11,59.0,0.7705592607085657,59.0,17.0,17.0,2017-05,2017-06
ZK4S74FD,64.0,24,5,1,2017-05-25,,0.0,0.018832748027276358,0.0,220.0,,2017-05,
E5V4WT18,28.0,24,3,1,2017-05-25,,0.0,0.7074186867594188,0.0,220.0,,2017-05,
CYSF0YQN,19.0,1,6,2,2017-05-26,2017-08-15,0.0,0.02491659313191898,0.0,81.0,81.0,2017-05,2017-08
HEK08UMI,57.0,1,4,2,2017-05-26,2017-08-19,0.0,0.00781712922172682,0.0,85.0,85.0,2017-05,2017-08
7AXR8U55,,22,4,1,2017-05-26,,0.0,0.0111505071099752,0.0,219.0,,2017-05,
GRRY4DQR,63.0,22,1,4,2017-05-26,2017-09-15,561.0,0.9660186555571864,561.0,112.0,112.0,2017-05,2017-09
S3JAC8GQ,81.0,22,6,4,2017-05-26,2017-08-10,1354.0,0.9995591400498484,1354.0,76.0,76.0,2017-05,2017-08
E3JP7HCX,71.0,19,3,4,2017-05-26,2017-09-18,44.0,0.6731025762681134,44.0,115.0,115.0,2017-05,2017-09
FF5G00YD,49.0,13,1,4,2017-05-26,2017-09-18,560.0,0.9637813647831054,560.0,115.0,115.0,2017-05,2017-09
5975TDTI,18.0,13,2,4,2017-05-26,2017-06-09,5324.0,1.0,5324.0,14.0,14.0,2017-05,2017-06
7X0T2QOL,,26,4,1,2017-05-26,,0.0,0.013011221474944202,0.0,219.0,,2017-05,
7KKFQ7LX,,26,4,1,2017-05-26,,0.0,0.013011221474944202,0.0,219.0,,2017-05,
IBZI95HI,83.0,30,6,1,2017-05-26,,0.0,0.0452346682917379,0.0,219.0,,2017-05,
3ATYY665,13.0,32,2,1,2017-05-26,,0.0,0.015282220734712504,0.0,219.0,,2017-05,
GZU4ZSFE,22.0,32,2,4,2017-05-26,2017-09-23,4924.0,1.0,4924.0,120.0,120.0,2017-05,2017-09
E4KL4NGF,31.0,31,1,4,2017-05-26,2017-08-07,571.0,0.9468746163350568,571.0,73.0,73.0,2017-05,2017-08
QCH2R1VO,44.0,31,4,4,2017-05-26,2017-08-12,4022.0,0.9999999999999609,4022.0,78.0,78.0,2017-05,2017-08
SH6F6COK,60.0,4,1,2,2017-05-26,2017-08-12,0.0,0.11876695806525975,0.0,78.0,78.0,2017-05,2017-08
KOJ4SQ1T,34.0,34,3,2,2017-05-26,2017-08-22,0.0,0.5414618377920066,0.0,88.0,88.0,2017-05,2017-08
DMUQAWQH,22.0,34,6,4,2017-05-26,2017-06-12,1030.0,0.9908126049240218,1030.0,17.0,17.0,2017-05,2017-06
C2RL3DUQ,4.0,5,4,2,2017-05-26,2017-08-09,0.0,0.00394036093321797,0.0,75.0,75.0,2017-05,2017-08
2LTS2CL8,68.0,9,3,2,2017-05-26,2017-05-31,0.0,0.4794816717906693,0.0,5.0,5.0,2017-05,2017-05
113O9JCA,11.0,3,3,2,2017-05-26,2017-09-09,0.0,0.5820615995425024,0.0,106.0,106.0,2017-05,2017-09
54XWHO19,35.0,24,1,2,2017-05-26,2017-08-03,0.0,0.09345362969156497,0.0,69.0,69.0,2017-05,2017-08
09RN3MHV,42.0,24,2,4,2017-05-26,2017-09-21,5074.0,1.0,5074.0,118.0,118.0,2017-05,2017-09
EPSIB2JR,83.0,12,3,1,2017-05-26,,0.0,0.831311873308461,0.0,219.0,,2017-05,
YW14K7PE,75.0,16,5,4,2017-05-26,2017-09-23,5198.0,1.0,5198.0,120.0,120.0,2017-05,2017-09
G1L2YY5P,,33,1,1,2017-05-26,,0.0,0.19814764210343572,0.0,219.0,,2017-05,
9UYUV724,22.0,33,5,2,2017-05-26,2017-09-06,0.0,0.005184600971594534,0.0,103.0,103.0,2017-05,2017-09
UZI6MKVR,3.0,1,3,2,2017-05-27,2017-08-24,0.0,0.6325014813775031,0.0,89.0,89.0,2017-05,2017-08
N1H9ILZ9,13.0,1,1,4,2017-05-27,2017-09-03,576.0,0.9703253699535286,576.0,99.0,99.0,2017-05,2017-09
V8RYC18P,66.0,1,3,4,2017-05-27,2017-08-21,57.0,0.8737505152181512,57.0,86.0,86.0,2017-05,2017-08
5OQELHMF,44.0,19,2,2,2017-05-27,2017-08-14,0.0,0.005448597370738708,0.0,79.0,79.0,2017-05,2017-08
NCF4DT7H,12.0,2,4,2,2017-05-27,2017-06-05,0.0,0.004812143464633924,0.0,9.0,9.0,2017-05,2017-06
DC2JL47C,19.0,18,2,1,2017-05-27,,0.0,0.016450051743400616,0.0,218.0,,2017-05,
GMN9KQN2,,18,2,1,2017-05-27,,0.0,0.010496965182443042,0.0,218.0,,2017-05,
L9WWFYQW,11.0,10,2,2,2017-05-27,2017-08-18,0.0,0.0034804926260010487,0.0,83.0,83.0,2017-05,2017-08
AR2T4LAR,62.0,10,2,4,2017-05-27,2017-08-22,4432.0,0.9999999999999989,4432.0,87.0,87.0,2017-05,2017-08
GPC8PLM7,43.0,20,1,4,2017-05-27,2017-09-02,481.0,0.8498243139520333,481.0,98.0,98.0,2017-05,2017-09
YA822MOB,79.0,30,5,2,2017-05-27,2017-08-22,0.0,0.006923434643299491,0.0,87.0,87.0,2017-05,2017-08
JBCQ1ODR,51.0,30,2,4,2017-05-27,2017-08-28,5293.0,1.0,5293.0,93.0,93.0,2017-05,2017-08
M26BSX5S,11.0,6,2,2,2017-05-27,2017-08-06,0.0,0.003565571240992545,0.0,71.0,71.0,2017-05,2017-08
PLYYX5CD,36.0,6,5,4,2017-05-27,2017-08-17,5769.0,1.0,5769.0,82.0,82.0,2017-05,2017-08
JP2EY6QU,29.0,6,2,4,2017-05-27,2017-09-02,4929.0,1.0,4929.0,98.0,98.0,2017-05,2017-09
48INT6OA,60.0,6,2,4,2017-05-27,2017-08-05,4924.0,1.0,4924.0,70.0,70.0,2017-05,2017-08
EVDMSM4N,6.0,32,6,2,2017-05-27,2017-08-14,0.0,0.015317530301013578,0.0,79.0,79.0,2017-05,2017-08
9FH4OP4U,22.0,31,5,4,2017-05-27,2017-08-04,5312.0,1.0,5312.0,69.0,69.0,2017-05,2017-08
N128I4H8,50.0,31,3,4,2017-05-27,2017-06-07,66.0,0.6436738007701079,66.0,11.0,11.0,2017-05,2017-06
8NKLCSES,72.0,7,6,4,2017-05-27,2017-06-18,1115.0,0.9966327091343455,1115.0,22.0,22.0,2017-05,2017-06
1ZMWMU21,13.0,7,4,4,2017-05-27,2017-08-23,3407.0,0.9999999999919713,3407.0,88.0,88.0,2017-05,2017-08
R617R51D,9.0,9,1,4,2017-05-27,2017-09-03,540.0,0.9409309051300367,540.0,99.0,99.0,2017-05,2017-09
W8E2YLNY,1.0,21,6,4,2017-05-27,2017-09-04,1095.0,0.9954421764704684,1095.0,100.0,100.0,2017-05,2017-09
TX9VFL4J,63.0,21,6,4,2017-05-27,2017-08-23,1019.0,0.99545176781132,1019.0,88.0,88.0,2017-05,2017-08
5ELX1QYM,33.0,24,6,2,2017-05-27,2017-05-30,0.0,0.009862327673683077,0.0,3.0,3.0,2017-05,2017-05
RTQVKK41,61.0,24,2,2,2017-05-27,2017-08-17,0.0,0.007743509831399081,0.0,82.0,82.0,2017-05,2017-08
9DEDEQ5O,33.0,24,2,4,2017-05-27,2017-09-14,4477.0,0.9999999999999993,4477.0,110.0,110.0,2017-05,2017-09
Z8JLMCOM,35.0,24,2,4,2017-05-27,2017-06-02,4644.0,0.9999999999999998,4644.0,6.0,6.0,2017-05,2017-06
1O58TWRZ,23.0,1,1,2,2017-05-28,2017-08-20,0.0,0.11879696011247763,0.0,84.0,84.0,2017-05,2017-08
RHOZIG9P,9.0,1,6,2,2017-05-28,2017-06-13,0.0,0.015348983879244472,0.0,16.0,16.0,2017-05,2017-06
VXTVHC1Z,,22,5,1,2017-05-28,,0.0,0.015574201794628241,0.0,217.0,,2017-05,
52Q1PYGW,84.0,22,6,4,2017-05-28,2017-06-08,940.0,0.9859205376285982,940.0,11.0,11.0,2017-05,2017-06
56ZJUSNG,1.0,18,2,4,2017-05-28,2017-06-07,5378.0,1.0,5378.0,10.0,10.0,2017-05,2017-06
Y92RU9V8,42.0,18,2,4,2017-05-28,2017-06-15,4712.0,0.9999999999999998,4712.0,18.0,18.0,2017-05,2017-06
SXV6VZVC,4.0,10,6,4,2017-05-28,2017-08-25,1118.0,0.9972252823410991,1118.0,89.0,89.0,2017-05,2017-08
BGY307FC,26.0,20,5,4,2017-05-28,2017-08-11,5695.0,1.0,5695.0,75.0,75.0,2017-05,2017-08
BAN0BVHW,80.0,20,2,4,2017-05-28,2017-08-05,4462.0,0.9999999999999991,4462.0,69.0,69.0,2017-05,2017-08
GV9G96Z1,56.0,15,2,2,2017-05-28,2017-08-30,0.0,0.006005419273474488,0.0,94.0,94.0,2017-05,2017-08
Z75R686C,64.0,26,4,4,2017-05-28,2017-08-28,3701.0,0.9999999999995135,3701.0,92.0,92.0,2017-05,2017-08
BO1ZOZG2,52.0,31,6,1,2017-05-28,,0.0,0.04386877108304431,0.0,217.0,,2017-05,
OERROEPM,,27,1,1,2017-05-28,,0.0,0.17589965722493228,0.0,217.0,,2017-05,
12GLKKV4,41.0,27,6,4,2017-05-28,2017-06-08,941.0,0.9660833058446183,941.0,11.0,11.0,2017-05,2017-06
VDD7H92Q,35.0,34,6,4,2017-05-28,2017-06-05,1171.0,0.9966880094723577,1171.0,8.0,8.0,2017-05,2017-06
83JP1K4E,58.0,25,7,4,2017-05-28,2017-08-28,24899.0,1.0,24899.0,92.0,92.0,2017-05,2017-08
ME3H0RUJ,58.0,25,4,4,2017-05-28,2017-09-21,3418.0,0.9999999999925364,3418.0,116.0,116.0,2017-05,2017-09
W8E76HJG,36.0,24,1,4,2017-05-28,2017-06-08,537.0,0.9192885875580622,537.0,11.0,11.0,2017-05,2017-06
MWSPTOQK,,33,2,1,2017-05-28,,0.0,0.008603026626475045,0.0,217.0,,2017-05,
IMB2N710,58.0,33,6,4,2017-05-28,2017-08-04,1053.0,0.9948988294193117,1053.0,68.0,68.0,2017-05,2017-08
OJBBZHM4,28.0,1,1,4,2017-05-29,2017-06-11,497.0,0.874957779363145,497.0,13.0,13.0,2017-05,2017-06
2PQORQGO,82.0,22,5,4,2017-05-29,2017-09-13,5714.0,1.0,5714.0,107.0,107.0,2017-05,2017-09
I3RW4OMF,4.0,2,1,4,2017-05-29,2017-08-29,611.0,0.9754779563399932,611.0,92.0,92.0,2017-05,2017-08
RY6T3GLC,81.0,13,2,1,2017-05-29,,0.0,0.01053350588801733,0.0,216.0,,2017-05,
LG8ZAMCB,53.0,13,2,4,2017-05-29,2017-06-11,5642.0,1.0,5642.0,13.0,13.0,2017-05,2017-06
XJ8UTM6B,74.0,13,2,4,2017-05-29,2017-06-11,5081.0,1.0,5081.0,13.0,13.0,2017-05,2017-06
CVGTFBZE,9.0,10,2,4,2017-05-29,2017-08-02,3985.0,0.9999999999999487,3985.0,65.0,65.0,2017-05,2017-08
RW02HG5P,7.0,20,4,4,2017-05-29,2017-06-11,3313.0,0.9999999999405955,3313.0,13.0,13.0,2017-05,2017-06
7W8CQJ2Z,54.0,28,4,4,2017-05-29,2017-06-11,3850.0,0.9999999999995988,3850.0,13.0,13.0,2017-05,2017-06
M03IHS3P,62.0,8,6,4,2017-05-29,2017-08-06,917.0,0.9737788243116585,917.0,69.0,69.0,2017-05,2017-08
GX3SHSEA,68.0,8,3,4,2017-05-29,2017-08-08,56.0,0.701946127880103,56.0,71.0,71.0,2017-05,2017-08
8G3HB5S6,,30,1,1,2017-05-29,,0.0,0.2551683335852819,0.0,216.0,,2017-05,
9KTHISLX,47.0,30,4,2,2017-05-29,2017-08-18,0.0,0.003389227396037301,0.0,81.0,81.0,2017-05,2017-08
Q808L4HZ,51.0,30,2,4,2017-05-29,2017-08-07,5194.0,1.0,5194.0,70.0,70.0,2017-05,2017-08
IWQP4M72,4.0,6,6,2,2017-05-29,2017-08-29,0.0,0.01689085947328824,0.0,92.0,92.0,2017-05,2017-08
MPME6VZD,19.0,32,6,1,2017-05-29,,0.0,0.05945488929335911,0.0,216.0,,2017-05,
EUYJDW9C,,31,2,1,2017-05-29,,0.0,0.010805422156828944,0.0,216.0,,2017-05,
3GOXMQPF,31.0,31,6,4,2017-05-29,2017-08-17,1002.0,0.9895538392689108,1002.0,80.0,80.0,2017-05,2017-08
1WZ5N86Q,36.0,31,5,4,2017-05-29,2017-08-17,6042.0,1.0,6042.0,80.0,80.0,2017-05,2017-08
C3QK8M7F,65.0,27,5,4,2017-05-29,2017-06-15,4423.0,0.9999999999999984,4423.0,17.0,17.0,2017-05,2017-06
9BXXDYH9,34.0,27,3,4,2017-05-29,2017-08-18,45.0,0.5491177852178372,45.0,81.0,81.0,2017-05,2017-08
YRTI0EKE,,25,1,1,2017-05-29,,0.0,0.19747645839329017,0.0,216.0,,2017-05,
4X3H9YD5,42.0,25,7,4,2017-05-29,2017-08-29,25791.0,1.0,25791.0,92.0,92.0,2017-05,2017-08
K83L4L0I,49.0,14,4,4,2017-05-29,2017-06-17,2918.0,0.9999999987078871,2918.0,19.0,19.0,2017-05,2017-06
E9C7WXQL,68.0,3,6,4,2017-05-29,2017-09-19,959.0,0.9923077019186829,959.0,113.0,113.0,2017-05,2017-09
UMXZFLO8,,33,2,1,2017-05-29,,0.0,0.008553791795866036,0.0,216.0,,2017-05,
AAVJHH3M,33.0,33,2,4,2017-05-29,2017-06-06,5532.0,1.0,5532.0,8.0,8.0,2017-05,2017-06
NEVHU7GV,52.0,22,6,2,2017-05-30,2017-08-07,0.0,0.018273475961662268,0.0,69.0,69.0,2017-05,2017-08
POLWB0UX,78.0,13,2,4,2017-05-30,2017-06-06,4687.0,0.9999999999999998,4687.0,7.0,7.0,2017-05,2017-06
ZSHK2ZXD,15.0,10,1,4,2017-05-30,2017-06-21,602.0,0.9526581703464821,602.0,22.0,22.0,2017-05,2017-06
PF7GFMLQ,12.0,20,1,4,2017-05-30,2017-08-10,595.0,0.9647223218841293,595.0,72.0,72.0,2017-05,2017-08
LKMZWCKQ,25.0,8,2,2,2017-05-30,2017-09-06,0.0,0.003390219338115549,0.0,99.0,99.0,2017-05,2017-09
3D6ZHLF0,83.0,32,1,2,2017-05-30,2017-08-05,0.0,0.15140786999002434,0.0,67.0,67.0,2017-05,2017-08
3R8PJCCW,6.0,31,4,4,2017-05-30,2017-09-03,2868.0,0.9999999984835672,2868.0,96.0,96.0,2017-05,2017-09
CPWTJ2WC,23.0,7,4,4,2017-05-30,2017-06-03,3236.0,0.9999999999276643,3236.0,4.0,4.0,2017-05,2017-06
QZLWUJEJ,26.0,21,2,2,2017-05-30,2017-05-31,0.0,0.003016390174489458,0.0,1.0,1.0,2017-05,2017-05
NDVZAHYA,31.0,24,1,4,2017-05-30,2017-08-15,524.0,0.9238674528047851,524.0,77.0,77.0,2017-05,2017-08
1R8VKE8O,31.0,24,5,4,2017-05-30,2017-08-15,5631.0,1.0,5631.0,77.0,77.0,2017-05,2017-08
QNVW1NSS,,16,4,1,2017-05-30,,0.0,0.011519866982716587,0.0,215.0,,2017-05,
LNX7ULEG,65.0,33,5,4,2017-05-30,2017-08-22,5572.0,1.0,5572.0,84.0,84.0,2017-05,2017-08
42N0IWF8,12.0,33,2,4,2017-05-30,2017-06-05,5644.0,1.0,5644.0,6.0,6.0,2017-05,2017-06
N60TC14O,85.0,2,5,2,2017-05-31,2017-08-05,0.0,0.0029799061841375863,0.0,66.0,66.0,2017-05,2017-08
V6YYDG56,18.0,18,5,2,2017-05-31,2017-06-16,0.0,0.006954200324357878,0.0,16.0,16.0,2017-05,2017-06
S1AU0IZX,38.0,10,2,4,2017-05-31,2017-06-04,4192.0,0.9999999999999876,4192.0,4.0,4.0,2017-05,2017-06
GFXKHCEM,21.0,28,3,2,2017-05-31,2017-09-05,0.0,0.5123280917599932,0.0,97.0,97.0,2017-05,2017-09
YH2NHVXC,6.0,28,4,2,2017-05-31,2017-08-26,0.0,0.0039671822488399865,0.0,87.0,87.0,2017-05,2017-08
JSNPH01N,65.0,28,3,4,2017-05-31,2017-06-10,56.0,0.6409325435538367,56.0,10.0,10.0,2017-05,2017-06
CQDULMXS,27.0,15,1,4,2017-05-31,2017-08-05,607.0,0.966002908069481,607.0,66.0,66.0,2017-05,2017-08
VKM187MX,12.0,8,3,4,2017-05-31,2017-06-09,48.0,0.6644124021763984,48.0,9.0,9.0,2017-05,2017-06
GIPPUV2F,50.0,26,6,1,2017-05-31,,0.0,0.04108495632219004,0.0,214.0,,2017-05,
4IUJNFPF,64.0,30,1,2,2017-05-31,2017-08-18,0.0,0.14815920573537797,0.0,79.0,79.0,2017-05,2017-08
ZE7PM90V,6.0,30,1,4,2017-05-31,2017-08-23,570.0,0.9584972205939785,570.0,84.0,84.0,2017-05,2017-08
CAAYFKK8,64.0,30,6,4,2017-05-31,2017-06-04,1056.0,0.9943296918992942,1056.0,4.0,4.0,2017-05,2017-06
HTBPSC2D,,32,1,1,2017-05-31,,0.0,0.27287883024637233,0.0,214.0,,2017-05,
NQZNAEYQ,47.0,32,1,4,2017-05-31,2017-09-03,560.0,0.9484864220206223,560.0,95.0,95.0,2017-05,2017-09
J47DPNB5,54.0,31,5,2,2017-05-31,2017-08-03,0.0,0.003970351200497893,0.0,64.0,64.0,2017-05,2017-08
37B8ES7X,34.0,31,1,4,2017-05-31,2017-06-21,588.0,0.9439680165250885,588.0,21.0,21.0,2017-05,2017-06
KYABDCKE,79.0,31,2,4,2017-05-31,2017-09-02,4356.0,0.999999999999998,4356.0,94.0,94.0,2017-05,2017-09
3CP9VXC1,46.0,31,3,4,2017-05-31,2017-08-15,69.0,0.7079472794438788,69.0,76.0,76.0,2017-05,2017-08
9XGT3451,57.0,4,1,4,2017-05-31,2017-08-02,505.0,0.9175519003737854,505.0,63.0,63.0,2017-05,2017-08
AG0H8IAZ,65.0,27,1,4,2017-05-31,2017-09-23,510.0,0.9169157926481569,510.0,115.0,115.0,2017-05,2017-09
28FTXKAB,83.0,27,4,4,2017-05-31,2017-09-23,3722.0,0.9999999999993026,3722.0,115.0,115.0,2017-05,2017-09
SIBR2J01,,34,3,1,2017-05-31,,0.0,0.7596021113630468,0.0,214.0,,2017-05,
ROUOR5L0,24.0,34,6,4,2017-05-31,2017-08-02,1145.0,0.9982107127952173,1145.0,63.0,63.0,2017-05,2017-08
QPMZ5RG0,68.0,5,3,4,2017-05-31,2017-08-27,53.0,0.7209245800834522,53.0,88.0,88.0,2017-05,2017-08
2PMIYAFN,42.0,21,6,4,2017-05-31,2017-06-15,1120.0,0.9964368377534079,1120.0,15.0,15.0,2017-05,2017-06
CRWE8FRT,37.0,21,4,4,2017-05-31,2017-09-22,3404.0,0.9999999999915117,3404.0,114.0,114.0,2017-05,2017-09
FC1LS6PY,85.0,3,4,2,2017-05-31,2017-06-08,0.0,0.0018139385707861874,0.0,8.0,8.0,2017-05,2017-06
6FI9HAX7,59.0,3,3,4,2017-05-31,2017-06-13,46.0,0.7310885209145797,46.0,13.0,13.0,2017-05,2017-06
JL86Q0B4,71.0,16,3,4,2017-05-31,2017-06-14,53.0,0.6221369328458735,53.0,14.0,14.0,2017-05,2017-06
Y2A8EUBM,64.0,33,1,2,2017-05-31,2017-08-20,0.0,0.11090021897380618,0.0,81.0,81.0,2017-05,2017-08
C2MKJA8V,12.0,33,2,4,2017-05-31,2017-06-05,4988.0,1.0,4988.0,5.0,5.0,2017-05,2017-06
IJ4Y77D9,58.0,33,3,4,2017-05-31,2017-08-12,53.0,0.7173147027353466,53.0,73.0,73.0,2017-05,2017-08
CGCPVYNI,39.0,1,1,4,2017-06-01,2017-06-08,523.0,0.9246844749125164,523.0,7.0,7.0,2017-06,2017-06
ST8ZOXKI,36.0,1,3,4,2017-06-01,2017-06-11,63.0,0.6939690191465885,63.0,10.0,10.0,2017-06,2017-06
P07OGZ3F,66.0,1,3,4,2017-06-01,2017-08-28,54.0,0.8787827519626171,54.0,88.0,88.0,2017-06,2017-08
0DLEXLEV,80.0,22,5,4,2017-06-01,2017-09-07,6117.0,1.0,6117.0,98.0,98.0,2017-06,2017-09
27UN3UX8,52.0,19,5,4,2017-06-01,2017-06-09,5112.0,1.0,5112.0,8.0,8.0,2017-06,2017-06
NR5D7201,42.0,13,4,4,2017-06-01,2017-09-03,3527.0,0.9999999999961393,3527.0,94.0,94.0,2017-06,2017-09
UGTXH980,,18,2,1,2017-06-01,,0.0,0.010338289851604301,0.0,213.0,,2017-06,
LKBS2IJC,45.0,10,5,2,2017-06-01,2017-06-11,0.0,0.0045971424462615245,0.0,10.0,10.0,2017-06,2017-06
MFO940S8,23.0,10,3,2,2017-06-01,2017-08-24,0.0,0.560762258832375,0.0,84.0,84.0,2017-06,2017-08
5O0597PP,76.0,10,4,2,2017-06-01,2017-08-07,0.0,0.005159996253803082,0.0,67.0,67.0,2017-06,2017-08
C4FEG98K,38.0,10,1,4,2017-06-01,2017-06-14,565.0,0.944566589677754,565.0,13.0,13.0,2017-06,2017-06
EKH5O1HH,59.0,10,4,4,2017-06-01,2017-06-09,3771.0,0.9999999999996054,3771.0,8.0,8.0,2017-06,2017-06
BZ9C1LQT,21.0,28,4,2,2017-06-01,2017-08-09,0.0,0.0030065477879605263,0.0,69.0,69.0,2017-06,2017-08
ZT6D57ED,62.0,8,5,4,2017-06-01,2017-09-02,6274.0,1.0,6274.0,93.0,93.0,2017-06,2017-09
NKERMTB8,54.0,26,4,2,2017-06-01,2017-08-03,0.0,0.0038210283762781217,0.0,63.0,63.0,2017-06,2017-08
Q67320CY,70.0,26,4,4,2017-06-01,2017-08-17,3480.0,0.9999999999955729,3480.0,77.0,77.0,2017-06,2017-08
K5NFTQRI,21.0,30,5,4,2017-06-01,2017-08-16,5770.0,1.0,5770.0,76.0,76.0,2017-06,2017-08
IJ7B896N,36.0,31,4,2,2017-06-01,2017-09-12,0.0,0.004553347761214149,0.0,103.0,103.0,2017-06,2017-09
8KBVRQHD,67.0,4,5,2,2017-06-01,2017-08-29,0.0,0.0028222716729615774,0.0,89.0,89.0,2017-06,2017-08
AGZ87JFX,57.0,5,1,2,2017-06-01,2017-08-01,0.0,0.14275929962570946,0.0,61.0,61.0,2017-06,2017-08
OBGCQ1BK,16.0,9,1,2,2017-06-01,2017-09-21,0.0,0.10273634345926969,0.0,112.0,112.0,2017-06,2017-09
K05LLUU4,59.0,9,1,2,2017-06-01,2017-09-25,0.0,0.14343720261415593,0.0,116.0,116.0,2017-06,2017-09
9WISPXZW,44.0,21,1,4,2017-06-01,2017-06-12,562.0,0.9640837090177952,562.0,11.0,11.0,2017-06,2017-06
ZTVWSE98,,25,3,1,2017-06-01,,0.0,0.7256759233740333,0.0,213.0,,2017-06,
4ZGA57SX,49.0,14,2,4,2017-06-01,2017-08-03,4686.0,0.9999999999999998,4686.0,63.0,63.0,2017-06,2017-08
6ONKN1IM,51.0,24,4,2,2017-06-01,2017-08-22,0.0,0.006338073878606426,0.0,82.0,82.0,2017-06,2017-08
JVIIWJDL,53.0,12,3,4,2017-06-01,2017-09-02,38.0,0.6357142408826794,38.0,93.0,93.0,2017-06,2017-09
W8M8XI8Y,24.0,33,4,4,2017-06-01,2017-08-05,3184.0,0.9999999999291731,3184.0,65.0,65.0,2017-06,2017-08
MELHF0ZP,60.0,1,5,4,2017-06-02,2017-09-17,5373.0,1.0,5373.0,107.0,107.0,2017-06,2017-09
6SV2WYK4,7.0,22,6,4,2017-06-02,2017-09-05,1239.0,0.9989101531962961,1239.0,95.0,95.0,2017-06,2017-09
SPV7OJTH,,19,4,1,2017-06-02,,0.0,0.010039258479660952,0.0,212.0,,2017-06,
6JEAYHOE,39.0,2,4,2,2017-06-02,2017-06-18,0.0,0.003451235807676524,0.0,16.0,16.0,2017-06,2017-06
IKQSEYPT,68.0,2,3,4,2017-06-02,2017-06-12,52.0,0.6993548724466995,52.0,10.0,10.0,2017-06,2017-06
ZN0FWO0L,26.0,13,1,4,2017-06-02,2017-09-19,651.0,0.975339714436945,651.0,109.0,109.0,2017-06,2017-09
CPL37MZC,15.0,10,5,4,2017-06-02,2017-08-02,6026.0,1.0,6026.0,61.0,61.0,2017-06,2017-08
N7G1TU1X,,30,4,1,2017-06-02,,0.0,0.010950247796434982,0.0,212.0,,2017-06,
GM68OLDH,33.0,30,5,4,2017-06-02,2017-09-05,5569.0,1.0,5569.0,95.0,95.0,2017-06,2017-09
W604BPPE,19.0,6,1,2,2017-06-02,2017-08-25,0.0,0.19177674231362252,0.0,84.0,84.0,2017-06,2017-08
GIJ14130,36.0,6,1,4,2017-06-02,2017-09-04,519.0,0.9418949974741117,519.0,94.0,94.0,2017-06,2017-09
CUA83384,61.0,32,1,4,2017-06-02,2017-09-05,558.0,0.9778917656020945,558.0,95.0,95.0,2017-06,2017-09
ZGQI86AQ,65.0,31,1,4,2017-06-02,2017-09-05,523.0,0.9445391027792805,523.0,95.0,95.0,2017-06,2017-09
L8NLCWFS,61.0,31,2,4,2017-06-02,2017-08-20,4869.0,1.0,4869.0,79.0,79.0,2017-06,2017-08
UPHLXZ3M,25.0,4,3,2,2017-06-02,2017-08-02,0.0,0.4139841378357515,0.0,61.0,61.0,2017-06,2017-08
JDFQYP5L,66.0,4,1,4,2017-06-02,2017-08-09,588.0,0.9759974893592507,588.0,68.0,68.0,2017-06,2017-08
06AIY3IS,12.0,7,5,4,2017-06-02,2017-08-21,5712.0,1.0,5712.0,80.0,80.0,2017-06,2017-08
4LQAN2JX,31.0,34,6,4,2017-06-02,2017-08-29,1046.0,0.9934239665492881,1046.0,88.0,88.0,2017-06,2017-08
84QGC91P,64.0,34,3,4,2017-06-02,2017-08-17,54.0,0.7339082738100459,54.0,76.0,76.0,2017-06,2017-08
98MASV7P,78.0,21,2,4,2017-06-02,2017-08-12,4933.0,1.0,4933.0,71.0,71.0,2017-06,2017-08
QFBBRJL5,74.0,21,3,4,2017-06-02,2017-09-26,60.0,0.739041543870446,60.0,116.0,116.0,2017-06,2017-09
CUV49MUR,81.0,12,2,1,2017-06-02,,0.0,0.010212085892628307,0.0,212.0,,2017-06,
XCGW5K0N,63.0,12,1,4,2017-06-02,2017-09-12,572.0,0.9700177438159139,572.0,102.0,102.0,2017-06,2017-09
UUF8Z53N,12.0,12,3,4,2017-06-02,2017-08-30,55.0,0.7996760043475677,55.0,89.0,89.0,2017-06,2017-08
J6MIKNYJ,78.0,12,3,4,2017-06-02,2017-08-22,51.0,0.6661795872006331,51.0,81.0,81.0,2017-06,2017-08
3W4AWYSK,75.0,19,5,2,2017-06-03,2017-08-24,0.0,0.006581980015115232,0.0,82.0,82.0,2017-06,2017-08
VBN5T6F8,53.0,19,3,4,2017-06-03,2017-08-31,59.0,0.6604572148763211,59.0,89.0,89.0,2017-06,2017-08
W1J3L0EU,2.0,18,2,4,2017-06-03,2017-06-06,4492.0,0.9999999999999989,4492.0,3.0,3.0,2017-06,2017-06
45CMXP2K,73.0,10,1,2,2017-06-03,2017-08-03,0.0,0.12364136177825029,0.0,61.0,61.0,2017-06,2017-08
6OJAC85F,11.0,10,2,2,2017-06-03,2017-08-29,0.0,0.0037880632600826463,0.0,87.0,87.0,2017-06,2017-08
K94WM7M4,81.0,20,4,2,2017-06-03,2017-08-27,0.0,0.0027698856471850505,0.0,85.0,85.0,2017-06,2017-08
31KRB7R2,54.0,30,1,2,2017-06-03,2017-08-12,0.0,0.0955303315399346,0.0,70.0,70.0,2017-06,2017-08
5PG1KSKD,21.0,30,2,2,2017-06-03,2017-08-06,0.0,0.0036244973301318407,0.0,64.0,64.0,2017-06,2017-08
LDAXEBR0,73.0,6,1,4,2017-06-03,2017-06-22,639.0,0.9767579284961487,639.0,19.0,19.0,2017-06,2017-06
NGTMVX1C,29.0,6,6,4,2017-06-03,2017-06-21,1040.0,0.990014402013644,1040.0,18.0,18.0,2017-06,2017-06
SFBHZLHK,23.0,6,2,4,2017-06-03,2017-09-12,4138.0,0.999999999999986,4138.0,101.0,101.0,2017-06,2017-09
7VMOJBPN,22.0,32,2,1,2017-06-03,,0.0,0.014156306958159335,0.0,211.0,,2017-06,
13PPMGNM,54.0,32,6,2,2017-06-03,2017-08-07,0.0,0.011866082527868563,0.0,65.0,65.0,2017-06,2017-08
6GY8Q8F0,25.0,4,3,4,2017-06-03,2017-09-23,54.0,0.5951554961775725,54.0,112.0,112.0,2017-06,2017-09
5JIXFMFY,38.0,4,4,4,2017-06-03,2017-09-14,3438.0,0.9999999999891425,3438.0,103.0,103.0,2017-06,2017-09
JBY30BSR,24.0,27,2,2,2017-06-03,2017-08-05,0.0,0.00477592524274082,0.0,63.0,63.0,2017-06,2017-08
69XL3JMB,39.0,7,6,4,2017-06-03,2017-08-05,1017.0,0.9930242088566247,1017.0,63.0,63.0,2017-06,2017-08
YTGQKC7A,14.0,25,3,1,2017-06-03,,0.0,0.8359286907413841,0.0,211.0,,2017-06,
DYWMK8OF,64.0,25,4,4,2017-06-03,2017-09-19,3314.0,0.9999999999770408,3314.0,108.0,108.0,2017-06,2017-09
GG8XQD8Z,9.0,3,3,2,2017-06-03,2017-08-12,0.0,0.6765977439171342,0.0,70.0,70.0,2017-06,2017-08
URT8A7OQ,57.0,3,3,4,2017-06-03,2017-08-24,51.0,0.8108907501981423,51.0,82.0,82.0,2017-06,2017-08
LGO0XF4X,42.0,24,3,4,2017-06-03,2017-09-10,50.0,0.6666515284314983,50.0,99.0,99.0,2017-06,2017-09
Y46OEBEH,81.0,12,3,4,2017-06-03,2017-06-09,54.0,0.6072268375343758,54.0,6.0,6.0,2017-06,2017-06
G54JJCMX,62.0,1,5,2,2017-06-04,2017-08-18,0.0,0.006377484657883677,0.0,75.0,75.0,2017-06,2017-08
BPQ0358T,57.0,1,4,2,2017-06-04,2017-09-16,0.0,0.008836010375547544,0.0,104.0,104.0,2017-06,2017-09
EPH7L4K0,12.0,22,2,2,2017-06-04,2017-09-05,0.0,0.007551663798047833,0.0,93.0,93.0,2017-06,2017-09
SMU4542Q,36.0,2,6,2,2017-06-04,2017-08-16,0.0,0.014718415037300165,0.0,73.0,73.0,2017-06,2017-08
E884CL8B,52.0,18,2,4,2017-06-04,2017-06-17,4942.0,1.0,4942.0,13.0,13.0,2017-06,2017-06
4K8N65EM,37.0,20,3,2,2017-06-04,2017-08-06,0.0,0.46317045615646657,0.0,63.0,63.0,2017-06,2017-08
KVTBYOVD,42.0,20,2,4,2017-06-04,2017-06-14,4612.0,0.9999999999999996,4612.0,10.0,10.0,2017-06,2017-06
ZA6CBQAL,84.0,20,2,4,2017-06-04,2017-06-20,4308.0,0.9999999999999962,4308.0,16.0,16.0,2017-06,2017-06
Y6YZXVTF,48.0,20,4,4,2017-06-04,2017-09-04,2876.0,0.9999999982974546,2876.0,92.0,92.0,2017-06,2017-09
SHETLR3T,76.0,8,5,4,2017-06-04,2017-08-30,4990.0,1.0,4990.0,87.0,87.0,2017-06,2017-08
EL03YRD0,61.0,26,6,2,2017-06-04,2017-09-29,0.0,0.03532737238623514,0.0,117.0,117.0,2017-06,2017-09
3KZUBSRU,65.0,26,6,4,2017-06-04,2017-09-09,1024.0,0.995330788119939,1024.0,97.0,97.0,2017-06,2017-09
F8QQEW1W,,32,6,1,2017-06-04,,0.0,0.037771404351158555,0.0,210.0,,2017-06,
FA6JQ4V2,47.0,32,3,4,2017-06-04,2017-09-16,53.0,0.6992783840949564,53.0,104.0,104.0,2017-06,2017-09
4LXUITP3,,31,1,1,2017-06-04,,0.0,0.2313839016519742,0.0,210.0,,2017-06,
GXC8JN36,,31,2,1,2017-06-04,,0.0,0.01058135422262287,0.0,210.0,,2017-06,
XTE9XJTS,82.0,31,3,1,2017-06-04,,0.0,0.8150854395687464,0.0,210.0,,2017-06,
N7WUBQR0,64.0,31,6,2,2017-06-04,2017-09-17,0.0,0.019055274545920327,0.0,105.0,105.0,2017-06,2017-09
9KJ89VHI,41.0,31,1,4,2017-06-04,2017-09-01,525.0,0.9304549899546417,525.0,89.0,89.0,2017-06,2017-09
N3CN7GCZ,50.0,31,3,4,2017-06-04,2017-08-27,60.0,0.7161073794300075,60.0,84.0,84.0,2017-06,2017-08
KAHKF9H1,61.0,27,6,4,2017-06-04,2017-06-08,967.0,0.986044647926353,967.0,4.0,4.0,2017-06,2017-06
P4UJ64QM,58.0,34,1,2,2017-06-04,2017-08-14,0.0,0.15768101244732258,0.0,71.0,71.0,2017-06,2017-08
IHF5GR01,37.0,21,1,4,2017-06-04,2017-06-14,524.0,0.9312506690863341,524.0,10.0,10.0,2017-06,2017-06
81DUFIPO,41.0,25,3,4,2017-06-04,2017-09-10,57.0,0.6435508269822695,57.0,98.0,98.0,2017-06,2017-09
58K44TMD,8.0,14,4,2,2017-06-04,2017-06-20,0.0,0.0044793972376511995,0.0,16.0,16.0,2017-06,2017-06
EEBOSTAA,76.0,3,5,4,2017-06-04,2017-06-13,5056.0,1.0,5056.0,9.0,9.0,2017-06,2017-06
9DDHZUZB,44.0,24,1,4,2017-06-04,2017-06-08,600.0,0.9626163077167814,600.0,4.0,4.0,2017-06,2017-06
IWLEND3K,20.0,19,1,4,2017-06-05,2017-09-26,633.0,0.9708116661742386,633.0,113.0,113.0,2017-06,2017-09
VICY80KW,75.0,19,2,4,2017-06-05,2017-08-27,4994.0,1.0,4994.0,83.0,83.0,2017-06,2017-08
H35AXY3M,42.0,13,6,4,2017-06-05,2017-06-10,899.0,0.9688801213839737,899.0,5.0,5.0,2017-06,2017-06
1UHFKBP6,62.0,10,2,2,2017-06-05,2017-08-06,0.0,0.0037529460404486974,0.0,62.0,62.0,2017-06,2017-08
VF7DWQIH,15.0,10,5,4,2017-06-05,2017-08-25,5421.0,1.0,5421.0,81.0,81.0,2017-06,2017-08
C7NW3JB2,28.0,10,2,4,2017-06-05,2017-08-23,5223.0,1.0,5223.0,79.0,79.0,2017-06,2017-08
SUABQAC0,60.0,10,2,4,2017-06-05,2017-06-18,4794.0,1.0,4794.0,13.0,13.0,2017-06,2017-06
6JWA8DFJ,72.0,10,2,4,2017-06-05,2017-09-06,4903.0,1.0,4903.0,93.0,93.0,2017-06,2017-09
OEBJXZN6,19.0,10,4,4,2017-06-05,2017-08-13,3625.0,0.9999999999989426,3625.0,69.0,69.0,2017-06,2017-08
QMUBRAT2,29.0,8,1,2,2017-06-05,2017-08-28,0.0,0.07986306458865965,0.0,84.0,84.0,2017-06,2017-08
W5P1OLUL,60.0,6,1,4,2017-06-05,2017-08-03,554.0,0.968310570818963,554.0,59.0,59.0,2017-06,2017-08
JP4H1WG4,64.0,32,1,2,2017-06-05,2017-09-03,0.0,0.17234022164515939,0.0,90.0,90.0,2017-06,2017-09
580XZTEO,70.0,32,1,2,2017-06-05,2017-06-11,0.0,0.10856132756010826,0.0,6.0,6.0,2017-06,2017-06
PIFPDJMN,,31,1,1,2017-06-05,,0.0,0.23035594432993164,0.0,209.0,,2017-06,
MASS6JEE,35.0,31,2,4,2017-06-05,2017-09-05,5039.0,1.0,5039.0,92.0,92.0,2017-06,2017-09
XNC9UMYH,22.0,27,6,4,2017-06-05,2017-08-30,1169.0,0.9974333868007657,1169.0,86.0,86.0,2017-06,2017-08
AUEAKRQV,72.0,7,2,4,2017-06-05,2017-09-19,5055.0,1.0,5055.0,106.0,106.0,2017-06,2017-09
08Q8A6M9,62.0,7,3,4,2017-06-05,2017-06-22,60.0,0.6746407699253972,60.0,17.0,17.0,2017-06,2017-06
6F8IL0XV,12.0,34,6,2,2017-06-05,2017-08-27,0.0,0.019164780097041492,0.0,83.0,83.0,2017-06,2017-08
NTHLG5DT,31.0,34,1,4,2017-06-05,2017-09-08,595.0,0.9608354195399781,595.0,95.0,95.0,2017-06,2017-09
Y5OZ7VOF,54.0,34,4,4,2017-06-05,2017-06-21,3227.0,0.9999999998977598,3227.0,16.0,16.0,2017-06,2017-06
9HLQVY37,45.0,5,6,2,2017-06-05,2017-06-11,0.0,0.009207348233030052,0.0,6.0,6.0,2017-06,2017-06
8C3LOLPY,59.0,5,6,2,2017-06-05,2017-08-14,0.0,0.017387939615220616,0.0,70.0,70.0,2017-06,2017-08
QMJHLT1V,36.0,5,3,4,2017-06-05,2017-09-20,59.0,0.7119840350602512,59.0,107.0,107.0,2017-06,2017-09
Q5JU0LZJ,38.0,9,1,4,2017-06-05,2017-09-26,479.0,0.8980011503057939,479.0,113.0,113.0,2017-06,2017-09
IRODLEGG,29.0,9,4,4,2017-06-05,2017-09-14,3449.0,0.9999999999863722,3449.0,101.0,101.0,2017-06,2017-09
HTA6XLY3,48.0,21,3,4,2017-06-05,2017-09-24,54.0,0.792280084550579,54.0,111.0,111.0,2017-06,2017-09
XW7J3TI2,35.0,24,4,2,2017-06-05,2017-08-14,0.0,0.0035860943728903837,0.0,70.0,70.0,2017-06,2017-08
1BV5JLZV,17.0,24,3,4,2017-06-05,2017-09-01,59.0,0.7079300167091713,59.0,88.0,88.0,2017-06,2017-09
84D18IA1,1.0,12,3,2,2017-06-05,2017-08-01,0.0,0.44754493667432915,0.0,57.0,57.0,2017-06,2017-08
7J0ZLDB1,,33,3,1,2017-06-05,,0.0,0.7183920570650537,0.0,209.0,,2017-06,
41IM8V9E,24.0,33,1,2,2017-06-05,2017-09-27,0.0,0.16520226483203046,0.0,114.0,114.0,2017-06,2017-09
NXFAXN16,68.0,1,3,4,2017-06-06,2017-09-27,55.0,0.8052972054668248,55.0,113.0,113.0,2017-06,2017-09
FXXEZ5U2,37.0,19,4,4,2017-06-06,2017-08-09,3042.0,0.9999999996301265,3042.0,64.0,64.0,2017-06,2017-08
3F81XLI7,26.0,13,2,4,2017-06-06,2017-08-11,4230.0,0.9999999999999909,4230.0,66.0,66.0,2017-06,2017-08
ID4LC9V5,37.0,18,6,4,2017-06-06,2017-08-15,979.0,0.9866611903824809,979.0,70.0,70.0,2017-06,2017-08
IPQFYK0E,84.0,18,6,4,2017-06-06,2017-06-17,1064.0,0.9949640502190865,1064.0,11.0,11.0,2017-06,2017-06
UU0F81HS,78.0,18,2,4,2017-06-06,2017-08-20,5166.0,1.0,5166.0,75.0,75.0,2017-06,2017-08
7SBDZJF4,5.0,20,6,4,2017-06-06,2017-08-23,1036.0,0.9921106519664505,1036.0,78.0,78.0,2017-06,2017-08
7UI7YX03,36.0,28,2,4,2017-06-06,2017-08-06,4330.0,0.9999999999999969,4330.0,61.0,61.0,2017-06,2017-08
BNYWSG6W,36.0,8,4,4,2017-06-06,2017-09-13,3598.0,0.9999999999978793,3598.0,99.0,99.0,2017-06,2017-09
RC1YCAEP,32.0,30,1,4,2017-06-06,2017-08-16,431.0,0.9083137956040042,431.0,71.0,71.0,2017-06,2017-08
H6TY7RBJ,25.0,6,6,2,2017-06-06,2017-08-28,0.0,0.01261980382563635,0.0,83.0,83.0,2017-06,2017-08
MU6NOSH1,25.0,6,1,4,2017-06-06,2017-06-17,624.0,0.9601729206015494,624.0,11.0,11.0,2017-06,2017-06
OFIORN0G,23.0,6,6,4,2017-06-06,2017-06-11,1140.0,0.9963442853097333,1140.0,5.0,5.0,2017-06,2017-06
PMHOZRJN,12.0,32,3,4,2017-06-06,2017-09-17,62.0,0.8270688390557013,62.0,103.0,103.0,2017-06,2017-09
7Z3Q8UYS,21.0,31,1,2,2017-06-06,2017-08-01,0.0,0.0806678162719581,0.0,56.0,56.0,2017-06,2017-08
YT9PLSVL,68.0,4,1,4,2017-06-06,2017-09-15,584.0,0.9587274549905946,584.0,101.0,101.0,2017-06,2017-09
BQINW2LB,47.0,27,3,2,2017-06-06,2017-09-09,0.0,0.43369356419566074,0.0,95.0,95.0,2017-06,2017-09
BLFMYCVF,32.0,27,3,4,2017-06-06,2017-08-19,57.0,0.6995709169630496,57.0,74.0,74.0,2017-06,2017-08
379SDV6Y,67.0,9,6,4,2017-06-06,2017-08-05,1267.0,0.998096221872422,1267.0,60.0,60.0,2017-06,2017-08
FE2AE2YO,74.0,21,2,2,2017-06-06,2017-06-11,0.0,0.0032922851741043983,0.0,5.0,5.0,2017-06,2017-06
XQY4Z4KI,,14,3,1,2017-06-06,,0.0,0.7533902594999188,0.0,208.0,,2017-06,
2756CEOQ,55.0,24,3,4,2017-06-06,2017-09-16,55.0,0.6348920399485073,55.0,102.0,102.0,2017-06,2017-09
9GYIYGHW,,12,4,1,2017-06-06,,0.0,0.010892116330224364,0.0,208.0,,2017-06,
Z4CFFZAW,53.0,12,3,4,2017-06-06,2017-09-10,63.0,0.6897863489818444,63.0,96.0,96.0,2017-06,2017-09
I967JINR,18.0,16,2,4,2017-06-06,2017-09-05,3961.0,0.9999999999999643,3961.0,91.0,91.0,2017-06,2017-09
IE18U4NO,81.0,16,3,4,2017-06-06,2017-08-26,45.0,0.6730492140270563,45.0,81.0,81.0,2017-06,2017-08
JNIMHE7Y,76.0,1,3,4,2017-06-07,2017-08-20,61.0,0.7894288440491677,61.0,74.0,74.0,2017-06,2017-08
KUKJQX9Y,8.0,19,4,2,2017-06-07,2017-09-08,0.0,0.006479183313610347,0.0,93.0,93.0,2017-06,2017-09
QCIG6H19,39.0,10,6,4,2017-06-07,2017-08-31,1114.0,0.9967952711706233,1114.0,85.0,85.0,2017-06,2017-08
DW29KM30,81.0,28,4,1,2017-06-07,,0.0,0.007867414964175553,0.0,207.0,,2017-06,
R7IIOFBH,42.0,15,1,4,2017-06-07,2017-08-05,566.0,0.9438009582700244,566.0,59.0,59.0,2017-06,2017-08
Q7ST5E1W,15.0,8,4,2,2017-06-07,2017-08-20,0.0,0.0033547821826052835,0.0,74.0,74.0,2017-06,2017-08
6MTURF7Q,33.0,26,3,4,2017-06-07,2017-06-21,56.0,0.6982777123474482,56.0,14.0,14.0,2017-06,2017-06
MWT1ZV0Y,59.0,6,1,4,2017-06-07,2017-06-18,627.0,0.9782431046313567,627.0,11.0,11.0,2017-06,2017-06
RKVXBXBM,,27,3,1,2017-06-07,,0.0,0.6878384407612106,0.0,207.0,,2017-06,
B7Q6Q7S2,14.0,27,6,4,2017-06-07,2017-08-16,1101.0,0.9971200634431115,1101.0,70.0,70.0,2017-06,2017-08
3DYZN86H,36.0,27,4,4,2017-06-07,2017-09-17,2979.0,0.9999999992716535,2979.0,102.0,102.0,2017-06,2017-09
QYKTG5QA,39.0,7,4,2,2017-06-07,2017-09-04,0.0,0.005144618432689077,0.0,89.0,89.0,2017-06,2017-09
67CKCI5G,27.0,21,2,2,2017-06-07,2017-08-05,0.0,0.005851941956371479,0.0,59.0,59.0,2017-06,2017-08
2O1IK8VR,76.0,3,4,4,2017-06-07,2017-06-17,3662.0,0.9999999999990108,3662.0,10.0,10.0,2017-06,2017-06
C6TQMD3C,,24,5,1,2017-06-07,,0.0,0.01372230371983377,0.0,207.0,,2017-06,
IQMW1VDP,,12,3,1,2017-06-07,,0.0,0.7835949997623626,0.0,207.0,,2017-06,
R9AVNYCO,13.0,33,6,1,2017-06-07,,0.0,0.0271489312728228,0.0,207.0,,2017-06,
G1AKE0NR,,33,2,1,2017-06-07,,0.0,0.00823299491687185,0.0,207.0,,2017-06,
N8NQK8K7,14.0,33,2,2,2017-06-07,2017-08-22,0.0,0.006832291250242826,0.0,76.0,76.0,2017-06,2017-08
V93EX6XU,50.0,33,2,4,2017-06-07,2017-08-17,5185.0,1.0,5185.0,71.0,71.0,2017-06,2017-08
5QNUZYIL,74.0,22,4,4,2017-06-08,2017-06-24,3681.0,0.9999999999983455,3681.0,16.0,16.0,2017-06,2017-06
WX63AIMZ,19.0,2,3,4,2017-06-08,2017-06-18,59.0,0.7578528928891826,59.0,10.0,10.0,2017-06,2017-06
09P7O0LQ,23.0,2,3,4,2017-06-08,2017-09-13,60.0,0.7122768389251084,60.0,97.0,97.0,2017-06,2017-09
GYS3APR7,7.0,13,1,4,2017-06-08,2017-08-05,602.0,0.9615552196514969,602.0,58.0,58.0,2017-06,2017-08
9VF00HWL,78.0,13,1,4,2017-06-08,2017-08-12,515.0,0.918056842589708,515.0,65.0,65.0,2017-06,2017-08
UTJGDR3K,68.0,10,2,2,2017-06-08,2017-08-25,0.0,0.005834075355574762,0.0,78.0,78.0,2017-06,2017-08
MD0SRXG4,59.0,10,5,4,2017-06-08,2017-06-21,5175.0,1.0,5175.0,13.0,13.0,2017-06,2017-06
E0ITYYTG,1.0,20,2,2,2017-06-08,2017-08-27,0.0,0.0020473543607341083,0.0,80.0,80.0,2017-06,2017-08
PGK5K24U,56.0,20,2,4,2017-06-08,2017-08-28,4780.0,1.0,4780.0,81.0,81.0,2017-06,2017-08
AY3KTIXX,10.0,30,5,1,2017-06-08,,0.0,0.018726619817440927,0.0,206.0,,2017-06,
X46ZXX2S,29.0,6,6,2,2017-06-08,2017-08-11,0.0,0.010037759446705175,0.0,64.0,64.0,2017-06,2017-08
4QP55BTO,29.0,6,1,4,2017-06-08,2017-06-16,614.0,0.9504375609077383,614.0,8.0,8.0,2017-06,2017-06
G6X1B2K5,57.0,6,1,4,2017-06-08,2017-09-13,532.0,0.9661052431650133,532.0,97.0,97.0,2017-06,2017-09
0YCAS0B9,23.0,6,5,4,2017-06-08,2017-08-27,6096.0,1.0,6096.0,80.0,80.0,2017-06,2017-08
6UZVABQR,36.0,31,1,4,2017-06-08,2017-08-17,486.0,0.9059661571120508,486.0,70.0,70.0,2017-06,2017-08
9NTDQ8ZC,25.0,4,1,4,2017-06-08,2017-08-17,566.0,0.9182302512867301,566.0,70.0,70.0,2017-06,2017-08
FCCI80H2,64.0,27,3,2,2017-06-08,2017-06-22,0.0,0.48320845671373497,0.0,14.0,14.0,2017-06,2017-06
ALQRAPZR,33.0,27,6,4,2017-06-08,2017-06-16,923.0,0.9661740714360866,923.0,8.0,8.0,2017-06,2017-06
7SPRU76Q,36.0,27,2,4,2017-06-08,2017-09-30,4744.0,1.0,4744.0,114.0,114.0,2017-06,2017-09
JEMEGXUG,76.0,7,1,4,2017-06-08,2017-08-19,517.0,0.9552205433707098,517.0,72.0,72.0,2017-06,2017-08
GVHIFUN1,85.0,7,6,4,2017-06-08,2017-06-14,881.0,0.9464771449363533,881.0,6.0,6.0,2017-06,2017-06
RBB3C85Q,30.0,7,2,4,2017-06-08,2017-06-24,4272.0,0.9999999999999971,4272.0,16.0,16.0,2017-06,2017-06
WFP9J5J7,24.0,34,2,2,2017-06-08,2017-08-26,0.0,0.007294893185343965,0.0,79.0,79.0,2017-06,2017-08
8I4915WD,47.0,34,6,4,2017-06-08,2017-09-02,805.0,0.9328288891689057,805.0,86.0,86.0,2017-06,2017-09
S2J63YRV,,14,3,1,2017-06-08,,0.0,0.7512328138945848,0.0,206.0,,2017-06,
L831D7DF,25.0,3,3,2,2017-06-08,2017-08-18,0.0,0.572247841369572,0.0,71.0,71.0,2017-06,2017-08
839DCVT2,11.0,3,3,4,2017-06-08,2017-09-13,55.0,0.6975901430582988,55.0,97.0,97.0,2017-06,2017-09
D17T8PTH,,24,1,1,2017-06-08,,0.0,0.22999271909176341,0.0,206.0,,2017-06,
EJ0EF8S1,70.0,24,1,4,2017-06-08,2017-06-15,507.0,0.9060713119442844,507.0,7.0,7.0,2017-06,2017-06
0ORRC53X,24.0,33,1,4,2017-06-08,2017-09-08,520.0,0.9493786470302922,520.0,92.0,92.0,2017-06,2017-09
3QTN3F5T,39.0,1,4,4,2017-06-09,2017-08-15,3470.0,0.9999999999940776,3470.0,67.0,67.0,2017-06,2017-08
SY6BWRRO,75.0,22,2,2,2017-06-09,2017-08-14,0.0,0.00498926523278753,0.0,66.0,66.0,2017-06,2017-08
JW5SYMNS,84.0,19,6,4,2017-06-09,2017-08-22,1176.0,0.9986725527785251,1176.0,74.0,74.0,2017-06,2017-08
FHM7LYZ3,,13,3,1,2017-06-09,,0.0,0.7853083467084475,0.0,205.0,,2017-06,
REO3FMSB,48.0,13,4,1,2017-06-09,,0.0,0.01131636929702358,0.0,205.0,,2017-06,
BJJQSJD8,84.0,18,6,1,2017-06-09,,0.0,0.04052811483840701,0.0,205.0,,2017-06,
VP2CW520,73.0,10,6,2,2017-06-09,2017-08-26,0.0,0.016174579741103846,0.0,78.0,78.0,2017-06,2017-08
2F0RUQ0B,84.0,20,2,4,2017-06-09,2017-08-02,4517.0,0.9999999999999996,4517.0,54.0,54.0,2017-06,2017-08
XUP62FUM,58.0,30,5,4,2017-06-09,2017-08-16,5125.0,1.0,5125.0,68.0,68.0,2017-06,2017-08
T56J7ES7,50.0,32,6,1,2017-06-09,,0.0,0.03792335356186323,0.0,205.0,,2017-06,
MUIT1E0M,42.0,32,2,4,2017-06-09,2017-06-19,5339.0,1.0,5339.0,10.0,10.0,2017-06,2017-06
D7XNUYJD,55.0,31,2,2,2017-06-09,2017-08-19,0.0,0.003005292517956529,0.0,71.0,71.0,2017-06,2017-08
ORG6MXKF,12.0,27,6,4,2017-06-09,2017-06-26,1135.0,0.9965228670039324,1135.0,17.0,17.0,2017-06,2017-06
VS4UFFLH,42.0,34,3,4,2017-06-09,2017-09-05,52.0,0.6444515350895114,52.0,88.0,88.0,2017-06,2017-09
VUYQCXTY,4.0,5,6,4,2017-06-09,2017-08-04,1017.0,0.9913755941210567,1017.0,56.0,56.0,2017-06,2017-08
YFJKP42F,11.0,5,4,4,2017-06-09,2017-06-27,3681.0,0.9999999999982274,3681.0,18.0,18.0,2017-06,2017-06
OES8ZX7B,60.0,9,6,2,2017-06-09,2017-08-04,0.0,0.014135009682367675,0.0,56.0,56.0,2017-06,2017-08
V9FD3EYK,49.0,21,2,4,2017-06-09,2017-09-22,4370.0,0.9999999999999989,4370.0,105.0,105.0,2017-06,2017-09
3C9CWV6J,40.0,19,4,4,2017-06-10,2017-06-14,3772.0,0.9999999999995219,3772.0,4.0,4.0,2017-06,2017-06
NDGQ0H91,69.0,19,4,4,2017-06-10,2017-06-28,2871.0,0.9999999980398022,2871.0,18.0,18.0,2017-06,2017-06
OU9O62Y7,9.0,2,5,4,2017-06-10,2017-08-04,4749.0,1.0,4749.0,55.0,55.0,2017-06,2017-08
LFQCLMMG,26.0,13,3,2,2017-06-10,2017-08-27,0.0,0.5169051992669397,0.0,78.0,78.0,2017-06,2017-08
3ZG0719M,59.0,10,6,4,2017-06-10,2017-08-26,1075.0,0.9969225948491783,1075.0,77.0,77.0,2017-06,2017-08
EMIAKHPF,43.0,20,5,4,2017-06-10,2017-09-21,5051.0,1.0,5051.0,103.0,103.0,2017-06,2017-09
GG85QBTM,47.0,28,7,1,2017-06-10,,0.0,0.03321522395480866,0.0,204.0,,2017-06,
MKEVYIDI,39.0,6,6,4,2017-06-10,2017-06-17,834.0,0.9507000323642673,834.0,7.0,7.0,2017-06,2017-06
IFNT8NLL,33.0,32,3,2,2017-06-10,2017-08-07,0.0,0.6103010953420417,0.0,58.0,58.0,2017-06,2017-08
EWRVDN3U,72.0,7,4,2,2017-06-10,2017-09-19,0.0,0.005809904215376339,0.0,101.0,101.0,2017-06,2017-09
WEGC0W05,57.0,7,3,4,2017-06-10,2017-06-19,54.0,0.7663975996594291,54.0,9.0,9.0,2017-06,2017-06
HZ283240,68.0,9,1,2,2017-06-10,2017-09-07,0.0,0.10852717746506976,0.0,89.0,89.0,2017-06,2017-09
3J1W4LM0,16.0,9,1,4,2017-06-10,2017-06-21,527.0,0.8942358279521136,527.0,11.0,11.0,2017-06,2017-06
1RIY3IBH,29.0,9,4,4,2017-06-10,2017-06-12,2724.0,0.9999999857611397,2724.0,2.0,2.0,2017-06,2017-06
6NZH6X7G,2.0,21,5,2,2017-06-10,2017-06-21,0.0,0.0054891678020155465,0.0,11.0,11.0,2017-06,2017-06
DJ2GWNGZ,43.0,21,1,4,2017-06-10,2017-09-05,551.0,0.952077914743027,551.0,87.0,87.0,2017-06,2017-09
LC2RIMSX,75.0,25,2,1,2017-06-10,,0.0,0.008816492349322871,0.0,204.0,,2017-06,
S02S3TVE,55.0,24,6,4,2017-06-10,2017-06-21,1118.0,0.9939947005092002,1118.0,11.0,11.0,2017-06,2017-06
34YT99YN,14.0,24,5,4,2017-06-10,2017-08-23,6094.0,1.0,6094.0,74.0,74.0,2017-06,2017-08
N33B6LND,27.0,16,3,2,2017-06-10,2017-08-22,0.0,0.6128934025263963,0.0,73.0,73.0,2017-06,2017-08
RUAU1ORD,,33,1,1,2017-06-10,,0.0,0.18676107739391032,0.0,204.0,,2017-06,
C7NBDKVV,50.0,33,1,4,2017-06-10,2017-08-06,556.0,0.9319540640410208,556.0,57.0,57.0,2017-06,2017-08
9YVSYSE8,29.0,1,1,2,2017-06-11,2017-09-16,0.0,0.10892461907872188,0.0,97.0,97.0,2017-06,2017-09
VUF34IPC,57.0,1,3,4,2017-06-11,2017-09-13,49.0,0.8121813496135448,49.0,94.0,94.0,2017-06,2017-09
ONUWPAJM,63.0,19,6,2,2017-06-11,2017-09-11,0.0,0.016602478189337647,0.0,92.0,92.0,2017-06,2017-09
A50JWKFS,68.0,2,6,4,2017-06-11,2017-09-25,1001.0,0.9943317464404918,1001.0,106.0,106.0,2017-06,2017-09
JP72AC6I,71.0,13,4,4,2017-06-11,2017-09-16,3777.0,0.9999999999996183,3777.0,97.0,97.0,2017-06,2017-09
9SZTURAF,37.0,18,6,4,2017-06-11,2017-08-17,892.0,0.9707866343379999,892.0,67.0,67.0,2017-06,2017-08
LB8UE159,40.0,18,5,4,2017-06-11,2017-06-19,5353.0,1.0,5353.0,8.0,8.0,2017-06,2017-06
QYWZZ16B,3.0,10,2,4,2017-06-11,2017-06-24,4410.0,0.9999999999999984,4410.0,13.0,13.0,2017-06,2017-06
IJNOVBGU,45.0,10,4,4,2017-06-11,2017-09-03,3768.0,0.999999999999563,3768.0,84.0,84.0,2017-06,2017-09
KYL4UFG5,7.0,20,1,2,2017-06-11,2017-08-29,0.0,0.07635827017823749,0.0,79.0,79.0,2017-06,2017-08
QFBITAKR,41.0,30,1,4,2017-06-11,2017-08-10,507.0,0.9183573948552649,507.0,60.0,60.0,2017-06,2017-08
VSZ4UVVN,85.0,6,6,4,2017-06-11,2017-09-20,1144.0,0.996007485163959,1144.0,101.0,101.0,2017-06,2017-09
31C5DVJT,10.0,31,3,4,2017-06-11,2017-09-22,44.0,0.7386345959598043,44.0,103.0,103.0,2017-06,2017-09
EG3KHGPL,73.0,4,4,4,2017-06-11,2017-06-27,3470.0,0.999999999989543,3470.0,16.0,16.0,2017-06,2017-06
ZI89S9HC,14.0,27,4,1,2017-06-11,,0.0,0.01252542607527739,0.0,203.0,,2017-06,
LSJ2A8ZX,10.0,27,7,4,2017-06-11,2017-09-26,29166.0,1.0,29166.0,107.0,107.0,2017-06,2017-09
9D06AK8T,42.0,27,6,4,2017-06-11,2017-08-10,1045.0,0.9885174783549147,1045.0,60.0,60.0,2017-06,2017-08
PPXIWYMT,21.0,34,6,4,2017-06-11,2017-09-12,951.0,0.9820854477302298,951.0,93.0,93.0,2017-06,2017-09
5653N8BM,83.0,14,6,1,2017-06-11,,0.0,0.036031940931466895,0.0,203.0,,2017-06,
YWKJW726,66.0,3,3,4,2017-06-11,2017-08-20,43.0,0.8547720311405547,43.0,70.0,70.0,2017-06,2017-08
ZVT9J7V1,85.0,3,3,4,2017-06-11,2017-06-15,55.0,0.5061012646316553,55.0,4.0,4.0,2017-06,2017-06
477HSG28,,24,1,1,2017-06-11,,0.0,0.22693148850876282,0.0,203.0,,2017-06,
NOBIC0PD,42.0,19,2,4,2017-06-12,2017-08-17,4294.0,0.9999999999999956,4294.0,66.0,66.0,2017-06,2017-08
UKECBJV5,68.0,2,5,4,2017-06-12,2017-08-29,4961.0,1.0,4961.0,78.0,78.0,2017-06,2017-08
YT34YUZN,2.0,13,2,1,2017-06-12,,0.0,0.010255710012312076,0.0,202.0,,2017-06,
UWVT8M2Y,40.0,13,1,2,2017-06-12,2017-08-18,0.0,0.14774961133067796,0.0,67.0,67.0,2017-06,2017-08
FU00L2Y2,52.0,18,2,4,2017-06-12,2017-09-23,4506.0,0.9999999999999996,4506.0,103.0,103.0,2017-06,2017-09
518D68L9,82.0,20,2,2,2017-06-12,2017-06-26,0.0,0.0035505477056429775,0.0,14.0,14.0,2017-06,2017-06
AOZKTGZG,64.0,28,1,4,2017-06-12,2017-08-22,608.0,0.9735467262516263,608.0,71.0,71.0,2017-06,2017-08
TKN1L8EX,81.0,15,6,4,2017-06-12,2017-09-20,851.0,0.9649734025429961,851.0,100.0,100.0,2017-06,2017-09
9GQ6HQLK,38.0,8,6,4,2017-06-12,2017-09-20,1143.0,0.9975858626831245,1143.0,100.0,100.0,2017-06,2017-09
0RL4RHQJ,29.0,8,5,4,2017-06-12,2017-06-25,6365.0,1.0,6365.0,13.0,13.0,2017-06,2017-06
ZE9WX1Q9,21.0,26,3,4,2017-06-12,2017-08-21,54.0,0.683094201661051,54.0,70.0,70.0,2017-06,2017-08
MCA0202R,,31,1,1,2017-06-12,,0.0,0.22325007298102886,0.0,202.0,,2017-06,
QY6MB3QJ,70.0,31,1,2,2017-06-12,2017-08-14,0.0,0.11076505625161553,0.0,63.0,63.0,2017-06,2017-08
RUYLZD4O,65.0,31,2,4,2017-06-12,2017-06-29,4798.0,1.0,4798.0,17.0,17.0,2017-06,2017-06
BOVKZHAZ,17.0,27,3,2,2017-06-12,2017-08-29,0.0,0.4896822964758898,0.0,78.0,78.0,2017-06,2017-08
3X5BD9NU,21.0,27,2,4,2017-06-12,2017-06-25,4733.0,0.9999999999999998,4733.0,13.0,13.0,2017-06,2017-06
YT8YYRTU,10.0,34,6,4,2017-06-12,2017-08-29,1250.0,0.9991995722954414,1250.0,78.0,78.0,2017-06,2017-08
6V7OMXY5,22.0,34,5,4,2017-06-12,2017-09-01,5966.0,1.0,5966.0,81.0,81.0,2017-06,2017-09
0TR3RU8A,16.0,9,3,4,2017-06-12,2017-09-10,61.0,0.6531844662048522,61.0,90.0,90.0,2017-06,2017-09
3A7G5K0E,,25,1,1,2017-06-12,,0.0,0.18699802684638148,0.0,202.0,,2017-06,
WWCMITY9,25.0,25,2,1,2017-06-12,,0.0,0.0065655598908934696,0.0,202.0,,2017-06,
TNWCER5C,,14,6,1,2017-06-12,,0.0,0.028065736810732423,0.0,202.0,,2017-06,
GTOKTXRA,61.0,24,3,4,2017-06-12,2017-09-20,48.0,0.8042040702632774,48.0,100.0,100.0,2017-06,2017-09
SE6OIGYN,39.0,12,6,1,2017-06-12,,0.0,0.03159066474173183,0.0,202.0,,2017-06,
PBJ01MRE,81.0,12,3,4,2017-06-12,2017-09-21,53.0,0.6967339439390914,53.0,101.0,101.0,2017-06,2017-09
L2NXQFPN,10.0,33,3,2,2017-06-12,2017-06-20,0.0,0.5004791675212426,0.0,8.0,8.0,2017-06,2017-06
0XWCTQL2,17.0,33,3,4,2017-06-12,2017-08-18,51.0,0.6198273608810265,51.0,67.0,67.0,2017-06,2017-08
SY72RAK2,10.0,33,4,4,2017-06-12,2017-09-04,3314.0,0.999999999972427,3314.0,84.0,84.0,2017-06,2017-09
38YQ4771,73.0,1,4,2,2017-06-13,2017-08-20,0.0,0.005777686573621549,0.0,68.0,68.0,2017-06,2017-08
K7FBRQCA,28.0,1,3,4,2017-06-13,2017-09-25,64.0,0.7051741440637768,64.0,104.0,104.0,2017-06,2017-09
F4V2FXK0,39.0,1,3,4,2017-06-13,2017-06-24,58.0,0.6738683173318095,58.0,11.0,11.0,2017-06,2017-06
WTAM4BED,,19,3,1,2017-06-13,,0.0,0.758862284543976,0.0,201.0,,2017-06,
FZNEISTX,49.0,19,6,2,2017-06-13,2017-08-22,0.0,0.013611684534921922,0.0,70.0,70.0,2017-06,2017-08
S34T8KPW,48.0,19,5,4,2017-06-13,2017-08-04,4598.0,0.9999999999999998,4598.0,52.0,52.0,2017-06,2017-08
5F40OSXS,49.0,19,4,4,2017-06-13,2017-06-19,3424.0,0.9999999999871363,3424.0,6.0,6.0,2017-06,2017-06
AILF7GOP,74.0,19,4,4,2017-06-13,2017-09-30,3399.0,0.9999999999847218,3399.0,109.0,109.0,2017-06,2017-09
LMJINVRQ,2.0,18,6,2,2017-06-13,2017-09-07,0.0,0.011151799728513937,0.0,86.0,86.0,2017-06,2017-09
MHPI0ZW1,45.0,10,1,2,2017-06-13,2017-09-04,0.0,0.1163354977839593,0.0,83.0,83.0,2017-06,2017-09
WJ81WITC,3.0,10,5,2,2017-06-13,2017-08-16,0.0,0.005577146223263269,0.0,64.0,64.0,2017-06,2017-08
AIAX4W1O,73.0,10,2,4,2017-06-13,2017-09-10,5322.0,1.0,5322.0,89.0,89.0,2017-06,2017-09
DFSRHCXU,18.0,20,1,4,2017-06-13,2017-08-28,496.0,0.9344826831820038,496.0,76.0,76.0,2017-06,2017-08
1VFUCUWA,8.0,15,4,4,2017-06-13,2017-08-27,3279.0,0.9999999999760985,3279.0,75.0,75.0,2017-06,2017-08
3IIDRUGI,62.0,8,3,2,2017-06-13,2017-09-28,0.0,0.5557742187355389,0.0,107.0,107.0,2017-06,2017-09
3VLKZISJ,61.0,30,3,4,2017-06-13,2017-06-27,68.0,0.7912531208192634,68.0,14.0,14.0,2017-06,2017-06
2GN2TRVV,73.0,6,1,2,2017-06-13,2017-08-23,0.0,0.14102592338606063,0.0,71.0,71.0,2017-06,2017-08
7HSRDCCK,,31,5,1,2017-06-13,,0.0,0.013061133877395366,0.0,201.0,,2017-06,
WA4TPQ5U,83.0,34,6,1,2017-06-13,,0.0,0.03606543206138567,0.0,201.0,,2017-06,
9C9GO9XO,25.0,9,6,2,2017-06-13,2017-08-21,0.0,0.007728088266047984,0.0,69.0,69.0,2017-06,2017-08
ULES5Z21,4.0,3,3,4,2017-06-13,2017-06-15,59.0,0.6952077963439885,59.0,2.0,2.0,2017-06,2017-06
IITSDWWL,21.0,24,4,4,2017-06-13,2017-06-26,3205.0,0.9999999998801496,3205.0,13.0,13.0,2017-06,2017-06
8GYH6R9J,49.0,16,1,2,2017-06-13,2017-06-27,0.0,0.106455915187173,0.0,14.0,14.0,2017-06,2017-06
C7ODMOS2,,33,4,1,2017-06-13,,0.0,0.00731049626991164,0.0,201.0,,2017-06,
8X890G2T,29.0,1,3,4,2017-06-14,2017-06-23,55.0,0.6004291013861922,55.0,9.0,9.0,2017-06,2017-06
74YVUL52,8.0,19,1,2,2017-06-14,2017-09-17,0.0,0.16818609828552114,0.0,95.0,95.0,2017-06,2017-09
JS5N8USN,,13,6,1,2017-06-14,,0.0,0.0336064782490121,0.0,200.0,,2017-06,
HH4I6PAY,26.0,13,1,4,2017-06-14,2017-09-02,525.0,0.9149785128326103,525.0,80.0,80.0,2017-06,2017-09
TAGD6XU9,39.0,10,4,4,2017-06-14,2017-08-25,3455.0,0.9999999999920177,3455.0,72.0,72.0,2017-06,2017-08
IIREXAQX,22.0,28,4,4,2017-06-14,2017-06-25,3110.0,0.9999999997854572,3110.0,11.0,11.0,2017-06,2017-06
8GISH3I9,43.0,15,3,2,2017-06-14,2017-06-27,0.0,0.45778008020248423,0.0,13.0,13.0,2017-06,2017-06
6M89XBL0,61.0,26,5,4,2017-06-14,2017-09-11,5053.0,1.0,5053.0,89.0,89.0,2017-06,2017-09
YT2QLCVS,34.0,26,4,4,2017-06-14,2017-06-28,3539.0,0.9999999999959441,3539.0,14.0,14.0,2017-06,2017-06
3VC45PML,,30,1,1,2017-06-14,,0.0,0.24043309028078977,0.0,200.0,,2017-06,
4ICL09BD,60.0,6,1,4,2017-06-14,2017-08-23,580.0,0.9762744233096515,580.0,70.0,70.0,2017-06,2017-08
YWWVWOO4,58.0,32,4,2,2017-06-14,2017-06-20,0.0,0.005883667879589365,0.0,6.0,6.0,2017-06,2017-06
8TTFFCIK,76.0,4,4,4,2017-06-14,2017-06-17,3468.0,0.9999999999894515,3468.0,3.0,3.0,2017-06,2017-06
5URQT67R,73.0,27,7,1,2017-06-14,,0.0,0.03503507949139097,0.0,200.0,,2017-06,
YX4E972E,13.0,27,2,1,2017-06-14,,0.0,0.007815621468093975,0.0,200.0,,2017-06,
OG13XT4P,59.0,9,3,4,2017-06-14,2017-09-19,54.0,0.7246415142092115,54.0,97.0,97.0,2017-06,2017-09
ZYRRGSQK,7.0,21,4,2,2017-06-14,2017-06-27,0.0,0.0037843187053976275,0.0,13.0,13.0,2017-06,2017-06
0LDX9VLO,62.0,3,3,2,2017-06-14,2017-08-11,0.0,0.574163416553863,0.0,58.0,58.0,2017-06,2017-08
XFFFWJQH,27.0,12,3,2,2017-06-14,2017-08-20,0.0,0.5974997169615288,0.0,67.0,67.0,2017-06,2017-08
KRSNQKC6,84.0,22,5,4,2017-06-15,2017-06-28,6040.0,1.0,6040.0,13.0,13.0,2017-06,2017-06
YY39ZQNV,71.0,19,2,4,2017-06-15,2017-09-01,5857.0,1.0,5857.0,78.0,78.0,2017-06,2017-09
YHVY1LHH,15.0,2,4,4,2017-06-15,2017-06-25,3785.0,0.9999999999994913,3785.0,10.0,10.0,2017-06,2017-06
2BG4ZR42,81.0,13,6,2,2017-06-15,2017-09-19,0.0,0.01366577635468819,0.0,96.0,96.0,2017-06,2017-09
QQCIN1M4,37.0,18,1,4,2017-06-15,2017-06-26,420.0,0.7819322555997416,420.0,11.0,11.0,2017-06,2017-06
KIMW6PXN,78.0,18,2,4,2017-06-15,2017-06-20,4939.0,1.0,4939.0,5.0,5.0,2017-06,2017-06
AKFNIQR0,62.0,10,2,4,2017-06-15,2017-06-30,4564.0,0.9999999999999996,4564.0,15.0,15.0,2017-06,2017-06
D5LEL3HF,57.0,10,4,4,2017-06-15,2017-09-09,2683.0,0.9999999950514513,2683.0,86.0,86.0,2017-06,2017-09
6X4EEUGA,10.0,28,7,4,2017-06-15,2017-06-30,25464.0,1.0,25464.0,15.0,15.0,2017-06,2017-06
KTSB1KYT,36.0,6,1,4,2017-06-15,2017-09-09,460.0,0.9010070313769603,460.0,86.0,86.0,2017-06,2017-09
RB7IA4JX,60.0,6,1,4,2017-06-15,2017-06-28,546.0,0.959992223749495,546.0,13.0,13.0,2017-06,2017-06
M4HY664H,13.0,6,6,4,2017-06-15,2017-09-25,918.0,0.986573106129858,918.0,102.0,102.0,2017-06,2017-09
D2C191IK,16.0,4,4,2,2017-06-15,2017-06-29,0.0,0.0022714382876938112,0.0,14.0,14.0,2017-06,2017-06
I2V3EPW7,72.0,4,4,4,2017-06-15,2017-08-02,3018.0,0.9999999993422699,3018.0,48.0,48.0,2017-06,2017-08
RB8LSFVK,65.0,27,3,4,2017-06-15,2017-08-24,52.0,0.6244692295014107,52.0,70.0,70.0,2017-06,2017-08
ZU3GICE9,,34,1,1,2017-06-15,,0.0,0.21390721377578595,0.0,199.0,,2017-06,
7SYJDW4L,5.0,21,3,4,2017-06-15,2017-08-04,50.0,0.741755357258,50.0,50.0,50.0,2017-06,2017-08
OXNWRI4I,,25,3,1,2017-06-15,,0.0,0.7092504441788109,0.0,199.0,,2017-06,
O7E0302B,78.0,14,1,4,2017-06-15,2017-09-13,524.0,0.9165366828640705,524.0,90.0,90.0,2017-06,2017-09
U11XXNCF,78.0,14,4,4,2017-06-15,2017-06-29,3306.0,0.9999999999495566,3306.0,14.0,14.0,2017-06,2017-06
HKV37WU9,,24,1,1,2017-06-15,,0.0,0.22289480736055942,0.0,199.0,,2017-06,
73FYEJQV,35.0,24,3,4,2017-06-15,2017-06-22,54.0,0.5967449965229259,54.0,7.0,7.0,2017-06,2017-06
C4CQ8FZL,36.0,24,3,4,2017-06-15,2017-06-28,53.0,0.6294798537653983,53.0,13.0,13.0,2017-06,2017-06
OJ1WKIVY,82.0,16,1,4,2017-06-15,2017-08-29,514.0,0.9528876832246699,514.0,75.0,75.0,2017-06,2017-08
YXXWQA4G,,33,4,1,2017-06-15,,0.0,0.007226950666717522,0.0,199.0,,2017-06,
L1YN7LDL,7.0,19,3,1,2017-06-16,,0.0,0.7233654497581298,0.0,198.0,,2017-06,
N9ZXCBTU,44.0,18,6,4,2017-06-16,2017-06-25,985.0,0.988310269287007,985.0,9.0,9.0,2017-06,2017-06
RLHNJZBW,13.0,10,2,4,2017-06-16,2017-08-11,5843.0,1.0,5843.0,56.0,56.0,2017-06,2017-08
GKHTT70P,28.0,10,2,4,2017-06-16,2017-09-17,4577.0,0.9999999999999996,4577.0,93.0,93.0,2017-06,2017-09
GL8PN4LQ,39.0,10,4,4,2017-06-16,2017-06-24,3323.0,0.9999999999655724,3323.0,8.0,8.0,2017-06,2017-06
TTVQT1YD,2.0,20,4,2,2017-06-16,2017-08-31,0.0,0.0027379864788418294,0.0,76.0,76.0,2017-06,2017-08
NOHEK8PU,52.0,20,1,4,2017-06-16,2017-09-17,483.0,0.9163322726501101,483.0,93.0,93.0,2017-06,2017-09
56AN1DXW,37.0,15,1,2,2017-06-16,2017-08-22,0.0,0.10237261360625909,0.0,67.0,67.0,2017-06,2017-08
WB44DF28,75.0,15,2,4,2017-06-16,2017-09-18,5206.0,1.0,5206.0,94.0,94.0,2017-06,2017-09
DJ60T39C,23.0,8,4,4,2017-06-16,2017-09-04,3621.0,0.9999999999977705,3621.0,80.0,80.0,2017-06,2017-09
52H2CE10,22.0,32,2,4,2017-06-16,2017-06-25,4756.0,1.0,4756.0,9.0,9.0,2017-06,2017-06
PVDGIYSB,39.0,4,6,2,2017-06-16,2017-08-29,0.0,0.008657227769966799,0.0,74.0,74.0,2017-06,2017-08
F57Z7KJF,66.0,4,4,4,2017-06-16,2017-06-24,3228.0,0.9999999999532379,3228.0,8.0,8.0,2017-06,2017-06
NEFPSWOJ,72.0,27,6,1,2017-06-16,,0.0,0.020038772797907015,0.0,198.0,,2017-06,
ZGSQMEQ9,4.0,9,6,4,2017-06-16,2017-09-17,1063.0,0.993974233279323,1063.0,93.0,93.0,2017-06,2017-09
FM1RH52B,80.0,21,6,2,2017-06-16,2017-08-19,0.0,0.02591928028978438,0.0,64.0,64.0,2017-06,2017-08
PFKDTEYU,78.0,14,2,1,2017-06-16,,0.0,0.007494526316800277,0.0,198.0,,2017-06,
3C5GNT3Q,,24,3,1,2017-06-16,,0.0,0.7547455185393023,0.0,198.0,,2017-06,
0LRVHITK,,12,3,1,2017-06-16,,0.0,0.7746294864145072,0.0,198.0,,2017-06,
3NM7A8SX,51.0,33,4,4,2017-06-16,2017-06-27,4234.0,0.9999999999999922,4234.0,11.0,11.0,2017-06,2017-06
1XWQZ1F8,56.0,19,6,4,2017-06-17,2017-09-16,1198.0,0.9987873266060054,1198.0,91.0,91.0,2017-06,2017-09
LXGNXNX1,69.0,13,2,4,2017-06-17,2017-09-09,4960.0,1.0,4960.0,84.0,84.0,2017-06,2017-09
YQK2K6U5,3.0,10,1,4,2017-06-17,2017-08-22,576.0,0.9561914733437975,576.0,66.0,66.0,2017-06,2017-08
FROU0UKW,29.0,10,5,4,2017-06-17,2017-08-25,5614.0,1.0,5614.0,69.0,69.0,2017-06,2017-08
SD8JJSKT,68.0,10,4,4,2017-06-17,2017-08-30,3422.0,0.9999999999919376,3422.0,74.0,74.0,2017-06,2017-08
HABN7JBG,58.0,28,1,1,2017-06-17,,0.0,0.3024581555417491,0.0,197.0,,2017-06,
2O76H591,,30,4,1,2017-06-17,,0.0,0.010048639692524975,0.0,197.0,,2017-06,
LCWP23CI,24.0,30,5,4,2017-06-17,2017-06-24,5306.0,1.0,5306.0,7.0,7.0,2017-06,2017-06
KSOW4MUK,,32,1,1,2017-06-17,,0.0,0.2563691886276449,0.0,197.0,,2017-06,
FHYD80FB,,32,2,1,2017-06-17,,0.0,0.012099272479559435,0.0,197.0,,2017-06,
1ORXGKVH,65.0,31,2,1,2017-06-17,,0.0,0.011284547339158506,0.0,197.0,,2017-06,
XQ4FN1KA,31.0,31,2,2,2017-06-17,2017-09-06,0.0,0.003931365914085166,0.0,81.0,81.0,2017-06,2017-09
9BTSKY01,38.0,4,3,4,2017-06-17,2017-09-19,60.0,0.6459014993333002,60.0,94.0,94.0,2017-06,2017-09
EGEJA2HY,,27,1,1,2017-06-17,,0.0,0.16156809793640664,0.0,197.0,,2017-06,
CQZSFN7C,44.0,27,7,2,2017-06-17,2017-08-15,0.0,0.015318263555882285,0.0,59.0,59.0,2017-06,2017-08
81LMZHD1,4.0,5,5,4,2017-06-17,2017-08-16,5018.0,1.0,5018.0,60.0,60.0,2017-06,2017-08
TIPG6R0Z,,24,1,1,2017-06-17,,0.0,0.2208957637113194,0.0,197.0,,2017-06,
1J5Y9X1H,34.0,24,4,4,2017-06-17,2017-09-17,3295.0,0.9999999999659017,3295.0,92.0,92.0,2017-06,2017-09
6LC0XB2D,60.0,1,3,4,2017-06-18,2017-08-29,61.0,0.8229483503001754,61.0,72.0,72.0,2017-06,2017-08
YKC8JUSY,49.0,22,5,2,2017-06-18,2017-07-01,0.0,0.0049176038567032235,0.0,13.0,13.0,2017-06,2017-07
H3DYTZIQ,62.0,19,6,1,2017-06-18,,0.0,0.025621454465292313,0.0,196.0,,2017-06,
PAQTBHVA,81.0,19,3,4,2017-06-18,2017-09-23,59.0,0.6807170487422143,59.0,97.0,97.0,2017-06,2017-09
HEWKNHTH,,18,5,1,2017-06-18,,0.0,0.012191326507312705,0.0,196.0,,2017-06,
EFIR7HGR,34.0,18,4,1,2017-06-18,,0.0,0.007729403019823232,0.0,196.0,,2017-06,
JRWBU9BS,49.0,18,2,4,2017-06-18,2017-06-26,3720.0,0.9999999999991345,3720.0,8.0,8.0,2017-06,2017-06
DXF00KY4,39.0,10,4,2,2017-06-18,2017-08-15,0.0,0.003631916265055715,0.0,58.0,58.0,2017-06,2017-08
K6ZDH79M,25.0,10,2,4,2017-06-18,2017-08-16,5088.0,1.0,5088.0,59.0,59.0,2017-06,2017-08
GKL9QV5B,61.0,28,5,4,2017-06-18,2017-06-28,6666.0,1.0,6666.0,10.0,10.0,2017-06,2017-06
1V3IQVOF,59.0,8,6,2,2017-06-18,2017-08-02,0.0,0.014770927576432115,0.0,45.0,45.0,2017-06,2017-08
BH7EXL5M,39.0,8,2,4,2017-06-18,2017-06-23,5115.0,1.0,5115.0,5.0,5.0,2017-06,2017-06
H176AX96,27.0,30,4,1,2017-06-18,,0.0,0.010144165321356221,0.0,196.0,,2017-06,
K0HLZM4Q,66.0,6,1,2,2017-06-18,2017-08-21,0.0,0.24575919022899848,0.0,64.0,64.0,2017-06,2017-08
BTNSR87A,39.0,6,6,4,2017-06-18,2017-07-01,1149.0,0.9969208262499233,1149.0,13.0,13.0,2017-06,2017-07
L58MN75X,4.0,6,2,4,2017-06-18,2017-09-15,5220.0,1.0,5220.0,89.0,89.0,2017-06,2017-09
SWV0JUQJ,66.0,6,3,4,2017-06-18,2017-06-22,60.0,0.8244031598070167,60.0,4.0,4.0,2017-06,2017-06
XU836DFA,,32,1,1,2017-06-18,,0.0,0.25526709524022345,0.0,196.0,,2017-06,
910IXBKP,47.0,32,1,4,2017-06-18,2017-06-22,551.0,0.924972663869454,551.0,4.0,4.0,2017-06,2017-06
NTNYA5PE,10.0,27,1,4,2017-06-18,2017-09-28,505.0,0.9191948642343514,505.0,102.0,102.0,2017-06,2017-09
AHRCT8IP,76.0,7,1,2,2017-06-18,2017-09-03,0.0,0.16645516177250863,0.0,77.0,77.0,2017-06,2017-09
ESH4HX52,29.0,7,5,4,2017-06-18,2017-08-21,5472.0,1.0,5472.0,64.0,64.0,2017-06,2017-08
P8LGQH9G,28.0,9,2,2,2017-06-18,2017-06-21,0.0,0.0017041908203640436,0.0,3.0,3.0,2017-06,2017-06
VT1LZKEY,21.0,24,1,2,2017-06-18,2017-08-29,0.0,0.08904387982022016,0.0,72.0,72.0,2017-06,2017-08
0WC2J3UP,25.0,1,1,2,2017-06-19,2017-08-28,0.0,0.11024266667759716,0.0,70.0,70.0,2017-06,2017-08
VWSFZUNS,36.0,1,5,4,2017-06-19,2017-08-24,5271.0,1.0,5271.0,66.0,66.0,2017-06,2017-08
F3UB81V7,5.0,22,3,4,2017-06-19,2017-08-23,49.0,0.705604157762034,49.0,65.0,65.0,2017-06,2017-08
SEX08VFB,53.0,19,4,2,2017-06-19,2017-06-30,0.0,0.002419399663144673,0.0,11.0,11.0,2017-06,2017-06
961ED0B1,,13,6,1,2017-06-19,,0.0,0.032679003952185384,0.0,195.0,,2017-06,
FLANUQCV,37.0,13,6,4,2017-06-19,2017-09-21,1236.0,0.9989883439085754,1236.0,94.0,94.0,2017-06,2017-09
8MKXIQQK,82.0,18,2,4,2017-06-19,2017-06-21,5388.0,1.0,5388.0,2.0,2.0,2017-06,2017-06
NDMY5PPT,13.0,10,2,2,2017-06-19,2017-08-27,0.0,0.005022117280626324,0.0,69.0,69.0,2017-06,2017-08
E4H6CBPJ,25.0,10,2,4,2017-06-19,2017-09-26,5449.0,1.0,5449.0,99.0,99.0,2017-06,2017-09
1FAMR9UR,25.0,10,2,4,2017-06-19,2017-06-25,5030.0,1.0,5030.0,6.0,6.0,2017-06,2017-06
SYJKN818,36.0,10,2,4,2017-06-19,2017-08-22,5195.0,1.0,5195.0,64.0,64.0,2017-06,2017-08
VMTPCY5G,12.0,26,3,4,2017-06-19,2017-06-25,55.0,0.7558628404845689,55.0,6.0,6.0,2017-06,2017-06
CV0BDYMP,21.0,26,3,4,2017-06-19,2017-09-29,62.0,0.7265085425731969,62.0,102.0,102.0,2017-06,2017-09
7DI7A7G7,70.0,30,1,4,2017-06-19,2017-08-19,459.0,0.89506179146503,459.0,61.0,61.0,2017-06,2017-08
WE7YS7HD,79.0,32,1,2,2017-06-19,2017-08-25,0.0,0.13649121393985542,0.0,67.0,67.0,2017-06,2017-08
4DLOXD13,79.0,32,6,4,2017-06-19,2017-08-07,1097.0,0.9965760019938094,1097.0,49.0,49.0,2017-06,2017-08
XN63KZRZ,54.0,32,5,4,2017-06-19,2017-09-29,5033.0,1.0,5033.0,102.0,102.0,2017-06,2017-09
LLQCQOCR,,31,6,1,2017-06-19,,0.0,0.028322131289466847,0.0,195.0,,2017-06,
WSG25BZ9,6.0,31,2,4,2017-06-19,2017-09-22,4966.0,1.0,4966.0,95.0,95.0,2017-06,2017-09
6GL2LRUH,24.0,31,3,4,2017-06-19,2017-06-24,52.0,0.726391506434922,52.0,5.0,5.0,2017-06,2017-06
K0G1IB3Q,17.0,27,3,4,2017-06-19,2017-06-27,54.0,0.5339292258569993,54.0,8.0,8.0,2017-06,2017-06
54OH0061,,34,2,1,2017-06-19,,0.0,0.009357278049584044,0.0,195.0,,2017-06,
UYJDOT4Q,65.0,34,5,4,2017-06-19,2017-09-12,5816.0,1.0,5816.0,85.0,85.0,2017-06,2017-09
VOSSIXSY,12.0,34,3,4,2017-06-19,2017-09-03,53.0,0.7464042001034584,53.0,76.0,76.0,2017-06,2017-09
ILUMUKG8,54.0,34,4,4,2017-06-19,2017-08-15,3994.0,0.9999999999999105,3994.0,57.0,57.0,2017-06,2017-08
DYUWF61W,76.0,5,5,2,2017-06-19,2017-06-28,0.0,0.0052065682656498155,0.0,9.0,9.0,2017-06,2017-06
NUNQGOUW,67.0,5,3,4,2017-06-19,2017-09-04,57.0,0.5671733882942821,57.0,77.0,77.0,2017-06,2017-09
CKT1GTY2,12.0,21,3,2,2017-06-19,2017-07-02,0.0,0.674829231592681,0.0,13.0,13.0,2017-06,2017-07
FUHP1IXR,61.0,25,4,4,2017-06-19,2017-08-05,3752.0,0.9999999999995557,3752.0,47.0,47.0,2017-06,2017-08
TJEEFJG8,12.0,14,2,4,2017-06-19,2017-09-21,4759.0,1.0,4759.0,94.0,94.0,2017-06,2017-09
ABRQIWS9,67.0,3,1,4,2017-06-19,2017-08-24,555.0,0.9337767755292689,555.0,66.0,66.0,2017-06,2017-08
B3K4Z5L0,74.0,12,1,2,2017-06-19,2017-06-24,0.0,0.0686402385252041,0.0,5.0,5.0,2017-06,2017-06
PCVNB0NO,,33,1,1,2017-06-19,,0.0,0.1789766207194154,0.0,195.0,,2017-06,
IVCON5CU,44.0,33,6,4,2017-06-19,2017-09-20,1213.0,0.9986882899070757,1213.0,93.0,93.0,2017-06,2017-09
RQXFD7FW,65.0,33,2,4,2017-06-19,2017-09-08,4428.0,0.9999999999999987,4428.0,81.0,81.0,2017-06,2017-09
LUP7FYS5,78.0,22,5,2,2017-06-20,2017-07-02,0.0,0.0036966914117792663,0.0,12.0,12.0,2017-06,2017-07
WEKW3XIN,12.0,19,5,1,2017-06-20,,0.0,0.018654322176594622,0.0,194.0,,2017-06,
REVQ7DSW,44.0,19,2,2,2017-06-20,2017-08-08,0.0,0.004874884365338615,0.0,49.0,49.0,2017-06,2017-08
YSNODM63,68.0,2,5,2,2017-06-20,2017-06-27,0.0,0.006107436209206121,0.0,7.0,7.0,2017-06,2017-06
PN3T4FUG,78.0,13,1,2,2017-06-20,2017-09-21,0.0,0.10873027399450952,0.0,93.0,93.0,2017-06,2017-09
AQ3HBL9S,40.0,18,2,2,2017-06-20,2017-06-25,0.0,0.00390856490187243,0.0,5.0,5.0,2017-06,2017-06
VE4LZ8F5,42.0,18,3,4,2017-06-20,2017-08-25,62.0,0.6461419948750701,62.0,66.0,66.0,2017-06,2017-08
Q5R1PYJS,4.0,10,2,2,2017-06-20,2017-09-11,0.0,0.005038078218155391,0.0,83.0,83.0,2017-06,2017-09
5AOWZ6AG,63.0,20,4,4,2017-06-20,2017-08-09,3546.0,0.9999999999956688,3546.0,50.0,50.0,2017-06,2017-08
E29GOFUV,69.0,28,3,1,2017-06-20,,0.0,0.7299306822734741,0.0,194.0,,2017-06,
2MKG6ZDD,16.0,30,1,1,2017-06-20,,0.0,0.23903920198987683,0.0,194.0,,2017-06,
RUFJMV3I,,30,3,1,2017-06-20,,0.0,0.7674036050429797,0.0,194.0,,2017-06,
3AIA6RL3,36.0,6,6,4,2017-06-20,2017-08-20,1132.0,0.99729636770653,1132.0,61.0,61.0,2017-06,2017-08
KDPBAHOJ,,32,4,1,2017-06-20,,0.0,0.010934494847561264,0.0,194.0,,2017-06,
OXPNURPT,10.0,32,1,2,2017-06-20,2017-08-13,0.0,0.14675231113391962,0.0,54.0,54.0,2017-06,2017-08
9TRVSW35,12.0,34,3,4,2017-06-20,2017-08-19,57.0,0.7448196626315899,57.0,60.0,60.0,2017-06,2017-08
GTH3VIDW,21.0,34,3,4,2017-06-20,2017-06-23,61.0,0.5613647063794435,61.0,3.0,3.0,2017-06,2017-06
WFNKJ2LT,55.0,34,3,4,2017-06-20,2017-07-01,57.0,0.5220746386134913,57.0,11.0,11.0,2017-06,2017-07
P7GCDFU8,48.0,21,1,4,2017-06-20,2017-09-14,649.0,0.9847662346124706,649.0,86.0,86.0,2017-06,2017-09
96798U7Y,,14,2,1,2017-06-20,,0.0,0.009188874211066369,0.0,194.0,,2017-06,
O22J2QPD,20.0,14,2,2,2017-06-20,2017-08-15,0.0,0.0027853354064721293,0.0,56.0,56.0,2017-06,2017-08
ACOJBA02,23.0,3,5,4,2017-06-20,2017-07-01,4813.0,1.0,4813.0,11.0,11.0,2017-06,2017-07
2FGEGLVU,17.0,24,3,2,2017-06-20,2017-06-23,0.0,0.5018141207497432,0.0,3.0,3.0,2017-06,2017-06
FQB53DQH,6.0,24,3,4,2017-06-20,2017-07-01,51.0,0.6090384576116475,51.0,11.0,11.0,2017-06,2017-07
1C2V9RAO,32.0,24,4,4,2017-06-20,2017-09-13,3241.0,0.9999999999656439,3241.0,85.0,85.0,2017-06,2017-09
MNTTYFR6,37.0,12,3,2,2017-06-20,2017-08-04,0.0,0.5358539241028263,0.0,45.0,45.0,2017-06,2017-08
7FN6LV2E,69.0,12,1,4,2017-06-20,2017-09-12,592.0,0.9647621635011423,592.0,84.0,84.0,2017-06,2017-09
B6Z5NFV0,,16,4,1,2017-06-20,,0.0,0.010352584263129625,0.0,194.0,,2017-06,
V8I2CE9V,84.0,16,1,4,2017-06-20,2017-09-20,506.0,0.9540826071126022,506.0,92.0,92.0,2017-06,2017-09
VH6OFWCV,,33,4,1,2017-06-20,,0.0,0.007022210576883132,0.0,194.0,,2017-06,
1FXXXLJY,46.0,33,1,2,2017-06-20,2017-09-25,0.0,0.09841335499612103,0.0,97.0,97.0,2017-06,2017-09
NYI5VMXK,11.0,1,4,4,2017-06-21,2017-09-06,3571.0,0.9999999999970817,3571.0,77.0,77.0,2017-06,2017-09
OJ1NQRDS,71.0,19,1,2,2017-06-21,2017-08-30,0.0,0.09950007902014518,0.0,70.0,70.0,2017-06,2017-08
Z9W748SJ,40.0,19,3,4,2017-06-21,2017-07-03,60.0,0.6832757717325323,60.0,12.0,12.0,2017-06,2017-07
LWX9V7HI,44.0,19,3,4,2017-06-21,2017-09-15,59.0,0.7491846139769899,59.0,86.0,86.0,2017-06,2017-09
PAQOPSR0,63.0,13,1,4,2017-06-21,2017-06-25,551.0,0.9471990357313768,551.0,4.0,4.0,2017-06,2017-06
BJO4VYLK,,18,2,1,2017-06-21,,0.0,0.009218423807843955,0.0,193.0,,2017-06,
AFQG21L7,25.0,10,2,2,2017-06-21,2017-07-01,0.0,0.0026852478662010766,0.0,10.0,10.0,2017-06,2017-07
RQJKAR7E,39.0,10,2,2,2017-06-21,2017-07-02,0.0,0.003162804813283827,0.0,11.0,11.0,2017-06,2017-07
6BV9IARK,39.0,10,2,4,2017-06-21,2017-07-01,4826.0,1.0,4826.0,10.0,10.0,2017-06,2017-07
NTGU3NYS,33.0,28,3,4,2017-06-21,2017-09-30,58.0,0.718471666228494,58.0,101.0,101.0,2017-06,2017-09
3F5AAJZB,27.0,15,2,4,2017-06-21,2017-06-26,5622.0,1.0,5622.0,5.0,5.0,2017-06,2017-06
RJH0CL3Z,36.0,8,3,2,2017-06-21,2017-07-02,0.0,0.47350865298328587,0.0,11.0,11.0,2017-06,2017-07
EK0KWGQX,19.0,8,4,4,2017-06-21,2017-08-27,3177.0,0.9999999999318678,3177.0,67.0,67.0,2017-06,2017-08
K33NPCAY,21.0,32,3,4,2017-06-21,2017-08-11,56.0,0.6527644926182474,56.0,51.0,51.0,2017-06,2017-08
14CNQKX8,,31,2,1,2017-06-21,,0.0,0.009599121083033572,0.0,193.0,,2017-06,
1LLRNE8G,42.0,34,6,4,2017-06-21,2017-09-22,990.0,0.988304201815063,990.0,93.0,93.0,2017-06,2017-09
EFWND7VS,76.0,9,1,4,2017-06-21,2017-09-30,587.0,0.963403159053521,587.0,101.0,101.0,2017-06,2017-09
IR2D4ZG5,5.0,14,5,4,2017-06-21,2017-06-27,6229.0,1.0,6229.0,6.0,6.0,2017-06,2017-06
BYBZJBC9,76.0,3,3,2,2017-06-21,2017-08-02,0.0,0.6415573906626558,0.0,42.0,42.0,2017-06,2017-08
BO8DSRV7,77.0,24,6,4,2017-06-21,2017-09-23,1027.0,0.9891326440267637,1027.0,94.0,94.0,2017-06,2017-09
LD1HNIUL,61.0,24,4,4,2017-06-21,2017-06-23,3559.0,0.9999999999976579,3559.0,2.0,2.0,2017-06,2017-06
RX39Z0P1,33.0,33,1,4,2017-06-21,2017-08-28,506.0,0.903241520054368,506.0,68.0,68.0,2017-06,2017-08
PFHUAJ47,30.0,1,3,2,2017-06-22,2017-07-03,0.0,0.6642687397245577,0.0,11.0,11.0,2017-06,2017-07
CKJZ86N6,28.0,1,4,2,2017-06-22,2017-08-11,0.0,0.003111862419177982,0.0,50.0,50.0,2017-06,2017-08
ASC1OWNE,66.0,1,5,4,2017-06-22,2017-09-12,6250.0,1.0,6250.0,82.0,82.0,2017-06,2017-09
WCEPUBH5,36.0,2,4,4,2017-06-22,2017-09-12,3510.0,0.9999999999958482,3510.0,82.0,82.0,2017-06,2017-09
VHZFABAC,,18,3,1,2017-06-22,,0.0,0.7375320864708839,0.0,192.0,,2017-06,
VMIMPP6H,74.0,18,6,4,2017-06-22,2017-09-11,1078.0,0.9931193979657593,1078.0,81.0,81.0,2017-06,2017-09
B0XO4WY7,48.0,20,1,4,2017-06-22,2017-07-02,553.0,0.911641771559917,553.0,10.0,10.0,2017-06,2017-07
VYPIKMKO,72.0,6,1,4,2017-06-22,2017-08-27,612.0,0.9709038360355277,612.0,66.0,66.0,2017-06,2017-08
VCD47XNB,25.0,6,6,4,2017-06-22,2017-06-26,1033.0,0.9897895178993552,1033.0,4.0,4.0,2017-06,2017-06
8QH99OEZ,38.0,6,6,4,2017-06-22,2017-09-13,1051.0,0.9951043526614369,1051.0,83.0,83.0,2017-06,2017-09
1DMERFNB,79.0,31,1,4,2017-06-22,2017-09-22,628.0,0.9756702190198092,628.0,92.0,92.0,2017-06,2017-09
FR8FT0ZX,33.0,27,5,4,2017-06-22,2017-09-04,4916.0,1.0,4916.0,74.0,74.0,2017-06,2017-09
DG7LABPD,66.0,7,4,4,2017-06-22,2017-09-28,3590.0,0.9999999999993299,3590.0,98.0,98.0,2017-06,2017-09
ZMYUFTS9,16.0,5,4,4,2017-06-22,2017-08-16,3207.0,0.9999999999162255,3207.0,55.0,55.0,2017-06,2017-08
P60EK5NN,85.0,5,4,4,2017-06-22,2017-09-21,2739.0,0.9999999902170763,2739.0,91.0,91.0,2017-06,2017-09
YRYMSUE3,30.0,9,1,4,2017-06-22,2017-07-03,557.0,0.9428002216044902,557.0,11.0,11.0,2017-06,2017-07
UZOTC90C,80.0,21,2,4,2017-06-22,2017-06-30,5302.0,1.0,5302.0,8.0,8.0,2017-06,2017-06
5AAN00N1,16.0,3,3,2,2017-06-22,2017-08-26,0.0,0.6214164279659433,0.0,65.0,65.0,2017-06,2017-08
JFHKBG40,85.0,3,4,4,2017-06-22,2017-07-01,3465.0,0.9999999999844349,3465.0,9.0,9.0,2017-06,2017-07
10THTNLC,,33,6,1,2017-06-22,,0.0,0.022124537361016633,0.0,192.0,,2017-06,
RJD0D0GD,83.0,33,2,4,2017-06-22,2017-09-06,4356.0,0.9999999999999978,4356.0,76.0,76.0,2017-06,2017-09
L9IXFTIL,27.0,22,2,4,2017-06-23,2017-09-21,5301.0,1.0,5301.0,90.0,90.0,2017-06,2017-09
QU6CFZ22,,19,4,1,2017-06-23,,0.0,0.00890028000325642,0.0,191.0,,2017-06,
HPBCTTV3,57.0,2,4,2,2017-06-23,2017-07-04,0.0,0.005173852790520278,0.0,11.0,11.0,2017-06,2017-07
48FB5MD2,73.0,2,3,4,2017-06-23,2017-07-05,66.0,0.7056178600937244,66.0,12.0,12.0,2017-06,2017-07
EJZM1INM,75.0,13,1,2,2017-06-23,2017-07-03,0.0,0.10103918250378903,0.0,10.0,10.0,2017-06,2017-07
FKNT3I12,1.0,13,2,2,2017-06-23,2017-07-01,0.0,0.0021491574163685604,0.0,8.0,8.0,2017-06,2017-07
BLY5FD3N,40.0,13,5,4,2017-06-23,2017-07-01,5640.0,1.0,5640.0,8.0,8.0,2017-06,2017-07
LXLU6LFC,43.0,18,4,2,2017-06-23,2017-08-30,0.0,0.002865754061649009,0.0,68.0,68.0,2017-06,2017-08
A60QAIT3,42.0,18,6,4,2017-06-23,2017-09-28,1291.0,0.9992272001961116,1291.0,97.0,97.0,2017-06,2017-09
RQ3BV2I5,49.0,18,2,4,2017-06-23,2017-09-27,3729.0,0.9999999999994456,3729.0,96.0,96.0,2017-06,2017-09
W8CSV90F,73.0,10,2,2,2017-06-23,2017-08-23,0.0,0.004987100474081329,0.0,61.0,61.0,2017-06,2017-08
0W6S0ODT,13.0,8,3,4,2017-06-23,2017-07-03,49.0,0.6111146610240773,49.0,10.0,10.0,2017-06,2017-07
408AHOYL,64.0,26,4,2,2017-06-23,2017-07-03,0.0,0.004900902088531041,0.0,10.0,10.0,2017-06,2017-07
557JX4BM,55.0,26,6,4,2017-06-23,2017-09-12,1099.0,0.9956744151372411,1099.0,81.0,81.0,2017-06,2017-09
QPZFP9WT,46.0,31,2,2,2017-06-23,2017-07-04,0.0,0.00327602647116184,0.0,11.0,11.0,2017-06,2017-07
L5T284M7,12.0,4,4,2,2017-06-23,2017-07-03,0.0,0.0030146106385709145,0.0,10.0,10.0,2017-06,2017-07
G17TENJ4,45.0,7,4,2,2017-06-23,2017-09-22,0.0,0.00556707899740246,0.0,91.0,91.0,2017-06,2017-09
VRSTX620,12.0,9,6,4,2017-06-23,2017-07-02,932.0,0.9786721329233274,932.0,9.0,9.0,2017-06,2017-07
Y9VWZ93C,63.0,21,1,2,2017-06-23,2017-07-01,0.0,0.13179327746631414,0.0,8.0,8.0,2017-06,2017-07
Y6IIUECA,18.0,21,6,4,2017-06-23,2017-07-04,880.0,0.984701954462746,880.0,11.0,11.0,2017-06,2017-07
LXWQDEU3,26.0,21,2,4,2017-06-23,2017-09-18,4801.0,1.0,4801.0,87.0,87.0,2017-06,2017-09
P1E4KWF7,44.0,14,3,4,2017-06-23,2017-07-01,59.0,0.6612976251501115,59.0,8.0,8.0,2017-06,2017-07
BN84DD6H,23.0,3,3,2,2017-06-23,2017-07-05,0.0,0.5157279581057053,0.0,12.0,12.0,2017-06,2017-07
R8MZ10BW,59.0,3,3,4,2017-06-23,2017-09-29,52.0,0.8120219343863152,52.0,98.0,98.0,2017-06,2017-09
PI8RROK0,66.0,3,4,4,2017-06-23,2017-09-21,2949.0,0.9999999997684212,2949.0,90.0,90.0,2017-06,2017-09
GID40O2B,17.0,24,2,2,2017-06-23,2017-07-06,0.0,0.0033368258028840356,0.0,13.0,13.0,2017-06,2017-07
BJOY31DL,2.0,12,3,1,2017-06-23,,0.0,0.7429306948217658,0.0,191.0,,2017-06,
KDRIBXNQ,44.0,12,3,4,2017-06-23,2017-08-15,50.0,0.7263305045202908,50.0,53.0,53.0,2017-06,2017-08
TCK6V290,56.0,12,4,4,2017-06-23,2017-06-30,3863.0,0.9999999999998082,3863.0,7.0,7.0,2017-06,2017-06
O9WYT5ST,42.0,33,2,1,2017-06-23,,0.0,0.006388185644985689,0.0,191.0,,2017-06,
VFZ5GB3W,31.0,33,1,2,2017-06-23,2017-07-04,0.0,0.06054348067223512,0.0,11.0,11.0,2017-06,2017-07
UKSS5YPE,66.0,1,3,4,2017-06-24,2017-07-02,64.0,0.8397118178631224,64.0,8.0,8.0,2017-06,2017-07
EBLSL27F,,22,5,1,2017-06-24,,0.0,0.013530390311059933,0.0,190.0,,2017-06,
13FIM9V3,,13,2,1,2017-06-24,,0.0,0.010919535753132596,0.0,190.0,,2017-06,
RDDUG8VD,74.0,13,6,2,2017-06-24,2017-07-03,0.0,0.007696899757265547,0.0,9.0,9.0,2017-06,2017-07
Z3QJESWJ,43.0,13,5,4,2017-06-24,2017-08-22,5038.0,1.0,5038.0,59.0,59.0,2017-06,2017-08
PYIQ65W0,84.0,13,2,4,2017-06-24,2017-07-02,5088.0,1.0,5088.0,8.0,8.0,2017-06,2017-07
RGRUF328,67.0,8,3,4,2017-06-24,2017-08-14,48.0,0.5165099461316477,48.0,51.0,51.0,2017-06,2017-08
TLSSOOVB,14.0,26,6,2,2017-06-24,2017-07-04,0.0,0.023386136486355933,0.0,10.0,10.0,2017-06,2017-07
74KGIZW4,2.0,31,2,1,2017-06-24,,0.0,0.008271249895323754,0.0,190.0,,2017-06,
2YBEN3MV,33.0,31,6,2,2017-06-24,2017-09-08,0.0,0.012956396326895072,0.0,76.0,76.0,2017-06,2017-09
EFA9E6WV,47.0,31,5,4,2017-06-24,2017-09-30,5056.0,1.0,5056.0,98.0,98.0,2017-06,2017-09
YTSX7IW3,6.0,27,3,4,2017-06-24,2017-07-02,59.0,0.5279044777472375,59.0,8.0,8.0,2017-06,2017-07
86DMJ7GA,10.0,34,6,2,2017-06-24,2017-08-20,0.0,0.014214833658447595,0.0,57.0,57.0,2017-06,2017-08
CMD0758L,22.0,34,1,4,2017-06-24,2017-08-21,562.0,0.9488465850809129,562.0,58.0,58.0,2017-06,2017-08
CM5MFWCO,11.0,5,3,4,2017-06-24,2017-09-10,63.0,0.624495534900396,63.0,78.0,78.0,2017-06,2017-09
0MNAGD91,3.0,5,4,4,2017-06-24,2017-07-05,3355.0,0.9999999999718414,3355.0,11.0,11.0,2017-06,2017-07
HSYU33MS,,24,3,1,2017-06-24,,0.0,0.7460720727207798,0.0,190.0,,2017-06,
9S749GJD,7.0,12,4,2,2017-06-24,2017-07-05,0.0,0.002827987301456529,0.0,11.0,11.0,2017-06,2017-07
LBZY9VUG,48.0,12,3,4,2017-06-24,2017-09-17,55.0,0.7240827287067336,55.0,85.0,85.0,2017-06,2017-09
6UUTR15S,51.0,33,5,4,2017-06-24,2017-09-23,4059.0,0.9999999999999805,4059.0,91.0,91.0,2017-06,2017-09
DVPYKS4A,8.0,19,4,2,2017-06-25,2017-07-04,0.0,0.004397194394468237,0.0,9.0,9.0,2017-06,2017-07
9SRU5CI6,11.0,2,6,4,2017-06-25,2017-08-09,1128.0,0.9960062727081426,1128.0,45.0,45.0,2017-06,2017-08
Z6R4KJFU,,18,2,1,2017-06-25,,0.0,0.00900931317455216,0.0,189.0,,2017-06,
GZ5M7MIQ,13.0,10,6,2,2017-06-25,2017-07-01,0.0,0.010816356187326272,0.0,6.0,6.0,2017-06,2017-07
CM2GVLV6,59.0,10,5,4,2017-06-25,2017-07-08,5536.0,1.0,5536.0,13.0,13.0,2017-06,2017-07
NZB45UZX,28.0,10,2,4,2017-06-25,2017-09-03,4964.0,1.0,4964.0,70.0,70.0,2017-06,2017-09
T2J83GFD,16.0,10,3,4,2017-06-25,2017-07-03,54.0,0.6254007336695807,54.0,8.0,8.0,2017-06,2017-07
28S2Z15A,59.0,10,3,4,2017-06-25,2017-08-02,56.0,0.7335912570444703,56.0,38.0,38.0,2017-06,2017-08
WOJBLO4B,75.0,20,5,2,2017-06-25,2017-07-02,0.0,0.003359451436996638,0.0,7.0,7.0,2017-06,2017-07
788SW6EX,27.0,20,2,2,2017-06-25,2017-08-19,0.0,0.0030604701326258405,0.0,55.0,55.0,2017-06,2017-08
EUOA0E47,84.0,20,4,4,2017-06-25,2017-07-05,3423.0,0.9999999999868474,3423.0,10.0,10.0,2017-06,2017-07
S9ZUMLSY,41.0,28,3,2,2017-06-25,2017-09-13,0.0,0.5431893335393176,0.0,80.0,80.0,2017-06,2017-09
0UCQUW6U,74.0,15,4,2,2017-06-25,2017-07-07,0.0,0.0022345538596467264,0.0,12.0,12.0,2017-06,2017-07
07FRJ44N,9.0,8,5,2,2017-06-25,2017-07-03,0.0,0.0048026346420509645,0.0,8.0,8.0,2017-06,2017-07
NMN9DVEV,57.0,8,6,4,2017-06-25,2017-09-14,1102.0,0.9973255818089443,1102.0,81.0,81.0,2017-06,2017-09
95V8BLR2,32.0,32,1,4,2017-06-25,2017-09-22,519.0,0.9624456238066101,519.0,89.0,89.0,2017-06,2017-09
BDGB4NS0,35.0,31,5,2,2017-06-25,2017-07-02,0.0,0.003652607282640898,0.0,7.0,7.0,2017-06,2017-07
SPHS260Y,35.0,31,3,2,2017-06-25,2017-08-27,0.0,0.5295540187795493,0.0,63.0,63.0,2017-06,2017-08
O9L7KMPU,39.0,4,6,2,2017-06-25,2017-08-27,0.0,0.008127465051045026,0.0,63.0,63.0,2017-06,2017-08
FGES2PQ2,4.0,4,4,2,2017-06-25,2017-07-04,0.0,0.0022468153892705946,0.0,9.0,9.0,2017-06,2017-07
81DXTTI5,39.0,4,5,4,2017-06-25,2017-07-03,5536.0,1.0,5536.0,8.0,8.0,2017-06,2017-07
JGG9CO2Y,3.0,7,5,2,2017-06-25,2017-08-14,0.0,0.0063938589028092975,0.0,50.0,50.0,2017-06,2017-08
95B6AKI1,76.0,7,6,4,2017-06-25,2017-07-02,839.0,0.9671186941267944,839.0,7.0,7.0,2017-06,2017-07
N1G2CFCB,14.0,34,1,4,2017-06-25,2017-09-06,500.0,0.9521244029450873,500.0,73.0,73.0,2017-06,2017-09
40VSPND6,57.0,5,4,4,2017-06-25,2017-09-24,3679.0,0.9999999999993174,3679.0,91.0,91.0,2017-06,2017-09
QWYRCDA8,73.0,9,6,2,2017-06-25,2017-07-05,0.0,0.00837594490641274,0.0,10.0,10.0,2017-06,2017-07
00ZD3M4J,56.0,21,2,2,2017-06-25,2017-07-04,0.0,0.005512462062434852,0.0,9.0,9.0,2017-06,2017-07
24REVMX7,,25,1,1,2017-06-25,,0.0,0.1758250543287457,0.0,189.0,,2017-06,
AW4PSTWR,59.0,14,1,1,2017-06-25,,0.0,0.27133079446527336,0.0,189.0,,2017-06,
CJZFFC91,11.0,3,3,2,2017-06-25,2017-08-07,0.0,0.5191518085614719,0.0,43.0,43.0,2017-06,2017-08
2FNTCPOU,,24,5,1,2017-06-25,,0.0,0.012381187485218655,0.0,189.0,,2017-06,
A8QRKXG3,,24,2,1,2017-06-25,,0.0,0.00952488224038567,0.0,189.0,,2017-06,
3PD8YBPK,61.0,24,1,2,2017-06-25,2017-07-04,0.0,0.13846429692295495,0.0,9.0,9.0,2017-06,2017-07
KBG5R0WH,6.0,24,5,2,2017-06-25,2017-07-02,0.0,0.004111411967323751,0.0,7.0,7.0,2017-06,2017-07
7RPM84Y4,32.0,24,4,4,2017-06-25,2017-06-30,3815.0,0.99999999999973,3815.0,5.0,5.0,2017-06,2017-06
LFN6XPK7,70.0,24,4,4,2017-06-25,2017-06-27,2753.0,0.9999999945298692,2753.0,2.0,2.0,2017-06,2017-06
S2SC8AP7,,12,3,1,2017-06-25,,0.0,0.7654037398541581,0.0,189.0,,2017-06,
18LZY55R,78.0,12,3,4,2017-06-25,2017-07-02,60.0,0.5967219265975797,60.0,7.0,7.0,2017-06,2017-07
E88W1Z0H,42.0,33,1,2,2017-06-25,2017-07-02,0.0,0.05610161602724378,0.0,7.0,7.0,2017-06,2017-07
UQALCAIV,58.0,33,6,4,2017-06-25,2017-07-03,1137.0,0.996956651500019,1137.0,8.0,8.0,2017-06,2017-07
6E2Y3HKI,80.0,22,5,4,2017-06-26,2017-07-04,5201.0,1.0,5201.0,8.0,8.0,2017-06,2017-07
YWKFH7VT,49.0,19,1,2,2017-06-26,2017-09-27,0.0,0.12452917948728764,0.0,93.0,93.0,2017-06,2017-09
MF4299DQ,7.0,19,4,2,2017-06-26,2017-07-03,0.0,0.0024872966806448473,0.0,7.0,7.0,2017-06,2017-07
ZRZI054E,72.0,2,1,4,2017-06-26,2017-07-06,612.0,0.9620712824334162,612.0,10.0,10.0,2017-06,2017-07
CN69EYQ1,18.0,13,5,4,2017-06-26,2017-09-11,4905.0,1.0,4905.0,77.0,77.0,2017-06,2017-09
ZT52DT8H,,18,4,1,2017-06-26,,0.0,0.008233558115837359,0.0,188.0,,2017-06,
KX80WC22,71.0,18,3,2,2017-06-26,2017-07-07,0.0,0.45549633743125273,0.0,11.0,11.0,2017-06,2017-07
YQ6VELF1,68.0,10,2,2,2017-06-26,2017-07-03,0.0,0.004066362277407439,0.0,7.0,7.0,2017-06,2017-07
NX4ODZY2,68.0,10,6,4,2017-06-26,2017-08-31,1028.0,0.9941268560348809,1028.0,66.0,66.0,2017-06,2017-08
L2QMWU4H,11.0,10,5,4,2017-06-26,2017-09-12,4430.0,0.9999999999999989,4430.0,78.0,78.0,2017-06,2017-09
0MPEK4ZA,18.0,20,6,2,2017-06-26,2017-09-18,0.0,0.01703693542465387,0.0,84.0,84.0,2017-06,2017-09
TP0SU68U,53.0,20,6,2,2017-06-26,2017-07-09,0.0,0.005630564752636035,0.0,13.0,13.0,2017-06,2017-07
8U7LNL7U,81.0,20,2,2,2017-06-26,2017-07-03,0.0,0.0020164294981911586,0.0,7.0,7.0,2017-06,2017-07
XVYL67FL,5.0,20,1,4,2017-06-26,2017-07-06,541.0,0.9074682408943726,541.0,10.0,10.0,2017-06,2017-07
AIN2RE2H,34.0,28,2,2,2017-06-26,2017-07-05,0.0,0.0027779203917035118,0.0,9.0,9.0,2017-06,2017-07
G1303HIC,9.0,8,2,4,2017-06-26,2017-07-02,5081.0,1.0,5081.0,6.0,6.0,2017-06,2017-07
HVDQ4EEA,57.0,8,4,4,2017-06-26,2017-06-28,3478.0,0.9999999999938398,3478.0,2.0,2.0,2017-06,2017-06
2RB900SL,41.0,30,2,4,2017-06-26,2017-09-15,5541.0,1.0,5541.0,81.0,81.0,2017-06,2017-09
AUS25SFH,9.0,6,1,4,2017-06-26,2017-07-03,504.0,0.9230370134174731,504.0,7.0,7.0,2017-06,2017-07
ND0OV6MQ,,31,6,1,2017-06-26,,0.0,0.027227989278866927,0.0,188.0,,2017-06,
O6DSGX6P,4.0,4,1,2,2017-06-26,2017-08-10,0.0,0.0749295774648364,0.0,45.0,45.0,2017-06,2017-08
2MBFRRGW,19.0,4,1,2,2017-06-26,2017-07-03,0.0,0.08922482594756044,0.0,7.0,7.0,2017-06,2017-07
Q3HYAWDW,31.0,27,4,4,2017-06-26,2017-08-24,3838.0,0.999999999999565,3838.0,59.0,59.0,2017-06,2017-08
94TA0AWF,62.0,7,5,4,2017-06-26,2017-08-26,5217.0,1.0,5217.0,61.0,61.0,2017-06,2017-08
G1XX0IB4,68.0,7,5,4,2017-06-26,2017-07-05,4181.0,0.9999999999999931,4181.0,9.0,9.0,2017-06,2017-07
VIMY08JH,35.0,34,1,4,2017-06-26,2017-07-06,518.0,0.8913438915427475,518.0,10.0,10.0,2017-06,2017-07
WPTNE0QN,68.0,5,1,4,2017-06-26,2017-09-17,533.0,0.9465367453028307,533.0,83.0,83.0,2017-06,2017-09
DLGW8Y7B,64.0,25,4,4,2017-06-26,2017-08-03,3855.0,0.9999999999997478,3855.0,38.0,38.0,2017-06,2017-08
YSOUU0T0,55.0,24,1,2,2017-06-26,2017-07-07,0.0,0.06005242109396127,0.0,11.0,11.0,2017-06,2017-07
23NAJF9W,56.0,33,2,1,2017-06-26,,0.0,0.008969510962206838,0.0,188.0,,2017-06,
HM4TKVET,50.0,33,1,4,2017-06-26,2017-07-04,617.0,0.9493374428145184,617.0,8.0,8.0,2017-06,2017-07
Q81Q0PJK,76.0,1,6,4,2017-06-27,2017-07-06,991.0,0.9912903231984524,991.0,9.0,9.0,2017-06,2017-07
3BEPEWRS,53.0,19,2,2,2017-06-27,2017-08-24,0.0,0.0031372896826421487,0.0,58.0,58.0,2017-06,2017-08
Y5HR9J3G,16.0,2,1,4,2017-06-27,2017-08-01,513.0,0.9218054435173042,513.0,35.0,35.0,2017-06,2017-08
STYLQ47K,26.0,13,5,4,2017-06-27,2017-07-07,5121.0,1.0,5121.0,10.0,10.0,2017-06,2017-07
HTF7TYQS,,18,2,1,2017-06-27,,0.0,0.008906527388896244,0.0,187.0,,2017-06,
W07JMUG9,42.0,18,4,2,2017-06-27,2017-07-01,0.0,0.002311209031599806,0.0,4.0,4.0,2017-06,2017-07
L8CG1IQO,12.0,10,1,2,2017-06-27,2017-07-06,0.0,0.12014456422891417,0.0,9.0,9.0,2017-06,2017-07
6CFONO4W,85.0,10,2,4,2017-06-27,2017-07-06,4635.0,0.9999999999999996,4635.0,9.0,9.0,2017-06,2017-07
AMGC18DS,84.0,20,5,2,2017-06-27,2017-09-08,0.0,0.0059026592684194275,0.0,73.0,73.0,2017-06,2017-09
RKT3WVBC,40.0,15,1,4,2017-06-27,2017-09-20,470.0,0.9203688286986226,470.0,85.0,85.0,2017-06,2017-09
H5ZSM3IR,39.0,8,3,2,2017-06-27,2017-09-01,0.0,0.515486431009698,0.0,66.0,66.0,2017-06,2017-09
07WKR17A,73.0,8,5,4,2017-06-27,2017-09-17,6193.0,1.0,6193.0,82.0,82.0,2017-06,2017-09
7GM1XD9W,22.0,30,2,4,2017-06-27,2017-09-16,4277.0,0.9999999999999962,4277.0,81.0,81.0,2017-06,2017-09
QM6GJ78P,6.0,32,3,4,2017-06-27,2017-07-07,59.0,0.669293776495478,59.0,10.0,10.0,2017-06,2017-07
L582YMSV,77.0,31,2,2,2017-06-27,2017-09-08,0.0,0.0025836714433963006,0.0,73.0,73.0,2017-06,2017-09
EQS3UNXX,12.0,27,1,2,2017-06-27,2017-07-06,0.0,0.0831036727292877,0.0,9.0,9.0,2017-06,2017-07
DZR5L7XQ,33.0,27,2,2,2017-06-27,2017-07-05,0.0,0.002259081268717541,0.0,8.0,8.0,2017-06,2017-07
DQ0DSK7P,29.0,7,6,4,2017-06-27,2017-07-02,1176.0,0.9970457496913819,1176.0,5.0,5.0,2017-06,2017-07
CGEXH2QO,23.0,5,5,2,2017-06-27,2017-07-08,0.0,0.0033913776059453365,0.0,11.0,11.0,2017-06,2017-07
MIX6JTSN,67.0,5,1,4,2017-06-27,2017-07-05,541.0,0.8747458335954246,541.0,8.0,8.0,2017-06,2017-07
9KYX5G9K,16.0,9,5,4,2017-06-27,2017-07-01,4766.0,1.0,4766.0,4.0,4.0,2017-06,2017-07
FG29YOWT,40.0,21,4,2,2017-06-27,2017-09-06,0.0,0.006764097570480525,0.0,71.0,71.0,2017-06,2017-09
KWYKKVJC,75.0,21,2,4,2017-06-27,2017-07-01,4785.0,1.0,4785.0,4.0,4.0,2017-06,2017-07
T7TDUK3T,57.0,3,4,4,2017-06-27,2017-09-12,3046.0,0.9999999998350617,3046.0,77.0,77.0,2017-06,2017-09
42YPT5L7,59.0,3,4,4,2017-06-27,2017-07-04,3548.0,0.9999999999974314,3548.0,7.0,7.0,2017-06,2017-07
99I4V65G,58.0,24,4,2,2017-06-27,2017-07-06,0.0,0.004697040009360794,0.0,9.0,9.0,2017-06,2017-07
ACZQMAR4,58.0,24,4,4,2017-06-27,2017-07-07,3615.0,0.9999999999984244,3615.0,10.0,10.0,2017-06,2017-07
R443AUAG,,12,2,1,2017-06-27,,0.0,0.010505445493266074,0.0,187.0,,2017-06,
TP9IE6PV,28.0,1,1,4,2017-06-28,2017-09-11,631.0,0.9685418363330159,631.0,75.0,75.0,2017-06,2017-09
E5CD0W5M,42.0,19,1,2,2017-06-28,2017-07-01,0.0,0.06980132822242102,0.0,3.0,3.0,2017-06,2017-07
HKH717ED,36.0,2,1,2,2017-06-28,2017-08-11,0.0,0.10681651249452732,0.0,44.0,44.0,2017-06,2017-08
DAW2JTP5,28.0,2,3,2,2017-06-28,2017-07-07,0.0,0.43677084632417484,0.0,9.0,9.0,2017-06,2017-07
HBMOSBAK,48.0,18,2,2,2017-06-28,2017-08-14,0.0,0.003740613919530219,0.0,47.0,47.0,2017-06,2017-08
V0V6O05H,12.0,10,2,2,2017-06-28,2017-07-07,0.0,0.0048275706664399065,0.0,9.0,9.0,2017-06,2017-07
3DY60YA7,66.0,10,2,2,2017-06-28,2017-07-06,0.0,0.007935180182648525,0.0,8.0,8.0,2017-06,2017-07
8H19L55Y,68.0,10,2,4,2017-06-28,2017-07-07,4162.0,0.9999999999999869,4162.0,9.0,9.0,2017-06,2017-07
TPNU79C1,72.0,10,3,4,2017-06-28,2017-09-29,54.0,0.7068148368632154,54.0,93.0,93.0,2017-06,2017-09
TFQR150O,40.0,20,2,4,2017-06-28,2017-07-02,5064.0,1.0,5064.0,4.0,4.0,2017-06,2017-07
9MM27P8C,42.0,28,4,2,2017-06-28,2017-07-07,0.0,0.0024208072937574893,0.0,9.0,9.0,2017-06,2017-07
MMWD47ZY,45.0,8,6,2,2017-06-28,2017-08-29,0.0,0.011296236100444534,0.0,62.0,62.0,2017-06,2017-08
JFIBKWMQ,45.0,8,3,2,2017-06-28,2017-07-09,0.0,0.4769895683042684,0.0,11.0,11.0,2017-06,2017-07
6FUPOO3I,13.0,8,4,4,2017-06-28,2017-07-07,3865.0,0.9999999999997407,3865.0,9.0,9.0,2017-06,2017-07
29VR6EL4,44.0,26,4,2,2017-06-28,2017-09-14,0.0,0.006375745763799703,0.0,78.0,78.0,2017-06,2017-09
L45N3D2E,54.0,30,2,2,2017-06-28,2017-07-04,0.0,0.002711236013471001,0.0,6.0,6.0,2017-06,2017-07
K1OBT27J,77.0,30,1,4,2017-06-28,2017-08-10,553.0,0.9121358298013816,553.0,43.0,43.0,2017-06,2017-08
OZL7CDMQ,23.0,6,6,2,2017-06-28,2017-07-03,0.0,0.009032292445988936,0.0,5.0,5.0,2017-06,2017-07
LZ6PSZ4T,19.0,6,4,2,2017-06-28,2017-07-05,0.0,0.0051760216173080235,0.0,7.0,7.0,2017-06,2017-07
5CFCTZ5K,59.0,6,1,4,2017-06-28,2017-09-02,501.0,0.94509459524007,501.0,66.0,66.0,2017-06,2017-09
EG5M02ZV,41.0,31,1,4,2017-06-28,2017-09-27,539.0,0.9388453975914944,539.0,91.0,91.0,2017-06,2017-09
5UKQ16DK,64.0,31,6,4,2017-06-28,2017-07-04,1028.0,0.9920918611946103,1028.0,6.0,6.0,2017-06,2017-07
C9M5B1N6,50.0,31,2,4,2017-06-28,2017-09-13,3951.0,0.9999999999999178,3951.0,77.0,77.0,2017-06,2017-09
ZS4PKX65,23.0,4,1,4,2017-06-28,2017-08-11,560.0,0.9071411842582485,560.0,44.0,44.0,2017-06,2017-08
PYLS9RJH,32.0,27,5,2,2017-06-28,2017-07-05,0.0,0.004242703316537864,0.0,7.0,7.0,2017-06,2017-07
X2ZONP2D,3.0,5,5,2,2017-06-28,2017-08-24,0.0,0.004840119473075569,0.0,57.0,57.0,2017-06,2017-08
Y5CP83V4,39.0,5,1,4,2017-06-28,2017-09-30,530.0,0.9330897424912769,530.0,94.0,94.0,2017-06,2017-09
V71FMJBD,,14,4,1,2017-06-28,,0.0,0.008066974817470887,0.0,186.0,,2017-06,
9Y2HDGST,19.0,3,1,4,2017-06-28,2017-07-02,462.0,0.9166057306172266,462.0,4.0,4.0,2017-06,2017-07
7R0G2LC1,6.0,24,6,4,2017-06-28,2017-09-07,1211.0,0.9985057363511066,1211.0,71.0,71.0,2017-06,2017-09
8FX574BJ,61.0,24,2,4,2017-06-28,2017-07-03,4264.0,0.999999999999996,4264.0,5.0,5.0,2017-06,2017-07
AU5Q1XCW,22.0,24,4,4,2017-06-28,2017-09-09,3104.0,0.9999999998241309,3104.0,73.0,73.0,2017-06,2017-09
SZAMHBGA,50.0,12,4,1,2017-06-28,,0.0,0.009922232412123116,0.0,186.0,,2017-06,
CUMYWQYP,27.0,12,3,4,2017-06-28,2017-09-30,56.0,0.7324237595677013,56.0,94.0,94.0,2017-06,2017-09
29ZDUK49,3.0,1,6,4,2017-06-29,2017-07-10,1047.0,0.9932762207121715,1047.0,11.0,11.0,2017-06,2017-07
VLVP8FPJ,40.0,19,4,2,2017-06-29,2017-07-08,0.0,0.003722401273504626,0.0,9.0,9.0,2017-06,2017-07
ZD1X3R4G,,13,6,1,2017-06-29,,0.0,0.030897705146959276,0.0,185.0,,2017-06,
SNGS64S7,67.0,10,2,2,2017-06-29,2017-07-06,0.0,0.002096220628863316,0.0,7.0,7.0,2017-06,2017-07
CMCVD0N8,76.0,10,2,4,2017-06-29,2017-07-08,5321.0,1.0,5321.0,9.0,9.0,2017-06,2017-07
NNKWGFDH,29.0,10,3,4,2017-06-29,2017-07-06,57.0,0.543126658667031,57.0,7.0,7.0,2017-06,2017-07
YC6QEUJN,42.0,15,6,4,2017-06-29,2017-07-08,950.0,0.9778373341234281,950.0,9.0,9.0,2017-06,2017-07
794XWMYE,49.0,15,3,4,2017-06-29,2017-09-07,61.0,0.7081436509468594,61.0,70.0,70.0,2017-06,2017-09
FHK0BBGK,78.0,15,3,4,2017-06-29,2017-07-08,62.0,0.5885537878495107,62.0,9.0,9.0,2017-06,2017-07
461LIUS7,39.0,8,6,4,2017-06-29,2017-07-07,1105.0,0.994167478580667,1105.0,8.0,8.0,2017-06,2017-07
Y9SCLUH8,59.0,6,6,4,2017-06-29,2017-09-02,835.0,0.9733275645568722,835.0,65.0,65.0,2017-06,2017-09
J75Y9C75,58.0,32,6,4,2017-06-29,2017-08-28,1104.0,0.9979632633372496,1104.0,60.0,60.0,2017-06,2017-08
PUP6JDT9,42.0,32,4,4,2017-06-29,2017-09-12,3464.0,0.999999999992869,3464.0,75.0,75.0,2017-06,2017-09
EMUG64GW,,31,1,1,2017-06-29,,0.0,0.20664965836842636,0.0,185.0,,2017-06,
88AA2RK1,65.0,31,1,2,2017-06-29,2017-07-06,0.0,0.09248494643396049,0.0,7.0,7.0,2017-06,2017-07
4F222JU9,62.0,4,3,2,2017-06-29,2017-08-31,0.0,0.43712139150729906,0.0,63.0,63.0,2017-06,2017-08
CBYRECX6,68.0,4,4,2,2017-06-29,2017-07-06,0.0,0.0025239231408301067,0.0,7.0,7.0,2017-06,2017-07
XYRO1TLJ,,27,2,1,2017-06-29,,0.0,0.006345862373101666,0.0,185.0,,2017-06,
QXT65QTI,36.0,27,1,2,2017-06-29,2017-07-10,0.0,0.058875348928069254,0.0,11.0,11.0,2017-06,2017-07
8RTR1VMP,12.0,27,3,2,2017-06-29,2017-07-06,0.0,0.49156716509348136,0.0,7.0,7.0,2017-06,2017-07
T7RA32XV,64.0,27,3,2,2017-06-29,2017-07-06,0.0,0.4610801173894277,0.0,7.0,7.0,2017-06,2017-07
8IYVJKT4,14.0,34,2,2,2017-06-29,2017-07-10,0.0,0.006007978148748247,0.0,11.0,11.0,2017-06,2017-07
G087QT6R,60.0,5,4,4,2017-06-29,2017-07-06,3676.0,0.9999999999990083,3676.0,7.0,7.0,2017-06,2017-07
JT1UUOXN,45.0,9,2,2,2017-06-29,2017-07-08,0.0,0.0024297438642664764,0.0,9.0,9.0,2017-06,2017-07
PUTILZZG,73.0,9,1,4,2017-06-29,2017-08-09,568.0,0.9379604149226728,568.0,41.0,41.0,2017-06,2017-08
QU7MSL36,56.0,21,2,4,2017-06-29,2017-07-09,4837.0,1.0,4837.0,10.0,10.0,2017-06,2017-07
FEGSJ8QI,65.0,25,2,4,2017-06-29,2017-08-19,4936.0,1.0,4936.0,51.0,51.0,2017-06,2017-08
1SKIPYI7,34.0,25,3,4,2017-06-29,2017-09-03,55.0,0.5894826540134801,55.0,66.0,66.0,2017-06,2017-09
66Q03Q2P,45.0,3,1,4,2017-06-29,2017-07-10,466.0,0.8841461845577921,466.0,11.0,11.0,2017-06,2017-07
T4FR3FAC,,24,4,1,2017-06-29,,0.0,0.008556527690212512,0.0,185.0,,2017-06,
Z1NWKS9A,24.0,24,3,2,2017-06-29,2017-07-05,0.0,0.6180632646026306,0.0,6.0,6.0,2017-06,2017-07
ZZCKQ2JV,51.0,24,2,4,2017-06-29,2017-07-04,4856.0,1.0,4856.0,5.0,5.0,2017-06,2017-07
F3G00C56,54.0,24,4,4,2017-06-29,2017-07-08,3562.0,0.999999999994797,3562.0,9.0,9.0,2017-06,2017-07
9824T94P,49.0,12,2,4,2017-06-29,2017-07-09,5159.0,1.0,5159.0,10.0,10.0,2017-06,2017-07
B8TD9HCN,43.0,12,4,4,2017-06-29,2017-07-11,3172.0,0.999999999843743,3172.0,12.0,12.0,2017-06,2017-07
PEFTXK4Q,43.0,16,4,4,2017-06-29,2017-09-10,3350.0,0.9999999999763436,3350.0,73.0,73.0,2017-06,2017-09
LUIEQRMQ,32.0,33,1,4,2017-06-29,2017-07-10,595.0,0.9579419040858088,595.0,11.0,11.0,2017-06,2017-07
8QOUXQEV,3.0,1,1,4,2017-06-30,2017-09-27,560.0,0.9614500817318626,560.0,89.0,89.0,2017-06,2017-09
BMH2FEGF,,22,6,1,2017-06-30,,0.0,0.029323389616113117,0.0,184.0,,2017-06,
6SC26SGG,80.0,22,6,4,2017-06-30,2017-07-02,1167.0,0.998175029692472,1167.0,2.0,2.0,2017-06,2017-07
GITEQ8VZ,37.0,19,5,2,2017-06-30,2017-07-10,0.0,0.0038061250443570255,0.0,10.0,10.0,2017-06,2017-07
2Y9R7T2W,2.0,19,4,4,2017-06-30,2017-09-26,3280.0,0.9999999999593412,3280.0,88.0,88.0,2017-06,2017-09
8U5GBXK1,28.0,2,4,4,2017-06-30,2017-09-15,3427.0,0.9999999999871374,3427.0,77.0,77.0,2017-06,2017-09
THI3LNT0,63.0,13,1,2,2017-06-30,2017-07-12,0.0,0.11177574495946531,0.0,12.0,12.0,2017-06,2017-07
KTLIR2ZX,56.0,18,6,2,2017-06-30,2017-07-08,0.0,0.010871799989975365,0.0,8.0,8.0,2017-06,2017-07
G2EECJNG,40.0,18,6,4,2017-06-30,2017-09-27,940.0,0.9872337890267135,940.0,89.0,89.0,2017-06,2017-09
UZN5JBF3,76.0,10,1,4,2017-06-30,2017-09-29,565.0,0.9656190211629732,565.0,91.0,91.0,2017-06,2017-09
2CZVRGQ4,13.0,10,2,4,2017-06-30,2017-07-06,4749.0,1.0,4749.0,6.0,6.0,2017-06,2017-07
K5D2IP27,46.0,28,3,4,2017-06-30,2017-07-09,51.0,0.6040491968012831,51.0,9.0,9.0,2017-06,2017-07
PTKOWYW6,67.0,8,3,2,2017-06-30,2017-08-28,0.0,0.42079417917286277,0.0,59.0,59.0,2017-06,2017-08
3T23AW36,,30,6,1,2017-06-30,,0.0,0.02957045516581534,0.0,184.0,,2017-06,
G3DIX74Y,79.0,30,2,2,2017-06-30,2017-07-08,0.0,0.003764844017527221,0.0,8.0,8.0,2017-06,2017-07
4F8MNVNP,76.0,6,1,2,2017-06-30,2017-07-07,0.0,0.11461331893488486,0.0,7.0,7.0,2017-06,2017-07
7UL8T1BZ,17.0,27,3,2,2017-06-30,2017-07-01,0.0,0.3920377739580427,0.0,1.0,1.0,2017-06,2017-07
4HP16LRH,45.0,7,4,4,2017-06-30,2017-07-09,3699.0,0.9999999999990843,3699.0,9.0,9.0,2017-06,2017-07
MNTHSHH6,10.0,34,5,4,2017-06-30,2017-07-07,5909.0,1.0,5909.0,7.0,7.0,2017-06,2017-07
Q7C5MJ4W,12.0,5,1,2,2017-06-30,2017-11-01,0.0,0.1651503553205047,0.0,124.0,124.0,2017-06,2017-11
ON9H54WD,19.0,9,2,2,2017-06-30,2017-07-01,0.0,0.0036024565353948816,0.0,1.0,1.0,2017-06,2017-07
8M3H9UME,12.0,21,5,2,2017-06-30,2017-07-07,0.0,0.008528924530154402,0.0,7.0,7.0,2017-06,2017-07
5J1C46RJ,48.0,21,5,4,2017-06-30,2017-09-19,5927.0,1.0,5927.0,81.0,81.0,2017-06,2017-09
0BSYDRMT,7.0,21,3,4,2017-06-30,2017-09-18,60.0,0.7332325837198315,60.0,80.0,80.0,2017-06,2017-09
NKERC6IA,82.0,21,4,4,2017-06-30,2017-07-11,3351.0,0.9999999999859923,3351.0,11.0,11.0,2017-06,2017-07
H6AN87LE,50.0,25,3,4,2017-06-30,2017-07-09,64.0,0.5872274746031582,64.0,9.0,9.0,2017-06,2017-07
1SSFC7XZ,18.0,14,4,2,2017-06-30,2017-07-02,0.0,0.004549641941106048,0.0,2.0,2.0,2017-06,2017-07
0XK80WX8,15.0,3,3,4,2017-06-30,2017-07-11,47.0,0.6280734707995703,47.0,11.0,11.0,2017-06,2017-07
X4ARE2PT,19.0,3,3,4,2017-06-30,2017-07-01,53.0,0.7461936720445488,53.0,1.0,1.0,2017-06,2017-07
KCIFANLK,79.0,24,1,2,2017-06-30,2017-07-12,0.0,0.09026611132577726,0.0,12.0,12.0,2017-06,2017-07
J7U29ZM5,1.0,12,1,2,2017-06-30,2017-09-23,0.0,0.07759147818664869,0.0,85.0,85.0,2017-06,2017-09
JUHQ1POT,68.0,22,6,1,2017-07-01,,0.0,0.03660428305846878,0.0,183.0,,2017-07,
3KVXBQ5V,1.0,22,6,2,2017-07-01,2017-08-15,0.0,0.007604130532140947,0.0,45.0,45.0,2017-07,2017-08
7T9J42UX,29.0,2,5,4,2017-07-01,2017-07-11,4391.0,0.999999999999998,4391.0,10.0,10.0,2017-07,2017-07
FOJG3OCO,,13,5,1,2017-07-01,,0.0,0.01381575123390333,0.0,183.0,,2017-07,
04SCU6DK,,13,4,1,2017-07-01,,0.0,0.009773815644081175,0.0,183.0,,2017-07,
2J649YC5,67.0,10,6,4,2017-07-01,2017-07-11,1308.0,0.9988561057660928,1308.0,10.0,10.0,2017-07,2017-07
9N66Q1VO,57.0,10,2,4,2017-07-01,2017-09-23,4888.0,1.0,4888.0,84.0,84.0,2017-07,2017-09
ZWXKCHOO,12.0,20,1,4,2017-07-01,2017-09-25,535.0,0.9490762898886369,535.0,86.0,86.0,2017-07,2017-09
I8OUZNDS,14.0,28,5,2,2017-07-01,2017-11-03,0.0,0.013375910760765117,0.0,125.0,125.0,2017-07,2017-11
CJZLM3WA,2.0,15,3,2,2017-07-01,2017-09-16,0.0,0.5633792262723082,0.0,77.0,77.0,2017-07,2017-09
4QTD5X53,39.0,8,4,4,2017-07-01,2017-07-06,3252.0,0.9999999999259668,3252.0,5.0,5.0,2017-07,2017-07
AR33M33M,,26,6,1,2017-07-01,,0.0,0.03436879274724934,0.0,183.0,,2017-07,
LQXWWZGN,36.0,6,1,2,2017-07-01,2017-07-03,0.0,0.09462966744542589,0.0,2.0,2.0,2017-07,2017-07
NT510FGZ,72.0,6,3,2,2017-07-01,2017-08-27,0.0,0.5961622240340315,0.0,57.0,57.0,2017-07,2017-08
2IQ0ZY9W,62.0,6,1,4,2017-07-01,2017-07-11,574.0,0.9439343194460875,574.0,10.0,10.0,2017-07,2017-07
N3TUSU37,11.0,6,6,4,2017-07-01,2017-08-11,1012.0,0.9891459571068062,1012.0,41.0,41.0,2017-07,2017-08
VSYO182N,14.0,31,2,1,2017-07-01,,0.0,0.01774497306194667,0.0,183.0,,2017-07,
O6LVMQ5R,14.0,31,1,4,2017-07-01,2017-07-07,576.0,0.9701649450944282,576.0,6.0,6.0,2017-07,2017-07
072ELFQF,39.0,4,4,2,2017-07-01,2017-07-03,0.0,0.001981578039855087,0.0,2.0,2.0,2017-07,2017-07
CDFKC6E0,65.0,27,3,2,2017-07-01,2017-07-03,0.0,0.4395810682084316,0.0,2.0,2.0,2017-07,2017-07
Z005FB1N,36.0,27,4,2,2017-07-01,2017-07-08,0.0,0.002117243703704824,0.0,7.0,7.0,2017-07,2017-07
LYAFXO9B,41.0,27,1,4,2017-07-01,2017-07-12,592.0,0.9263929601943858,592.0,11.0,11.0,2017-07,2017-07
SNY2UWJ2,17.0,27,2,4,2017-07-01,2017-07-09,4859.0,1.0,4859.0,8.0,8.0,2017-07,2017-07
UFIAFP10,33.0,27,3,4,2017-07-01,2017-07-02,50.0,0.5242111124212119,50.0,1.0,1.0,2017-07,2017-07
MG7CZFIG,44.0,27,4,4,2017-07-01,2017-09-30,3225.0,0.9999999999364613,3225.0,91.0,91.0,2017-07,2017-09
H4U50AEW,66.0,7,5,4,2017-07-01,2017-07-09,5422.0,1.0,5422.0,8.0,8.0,2017-07,2017-07
8PU9FIQS,16.0,7,4,4,2017-07-01,2017-07-11,3657.0,0.9999999999987674,3657.0,10.0,10.0,2017-07,2017-07
FBQN3UM3,21.0,34,6,2,2017-07-01,2017-07-07,0.0,0.0074060950691429185,0.0,6.0,6.0,2017-07,2017-07
MJ12SZ89,32.0,34,5,4,2017-07-01,2017-07-10,4974.0,1.0,4974.0,9.0,9.0,2017-07,2017-07
B6F9PSRN,47.0,34,2,4,2017-07-01,2017-08-07,4689.0,0.9999999999999998,4689.0,37.0,37.0,2017-07,2017-08
RLDIPPFT,72.0,9,6,2,2017-07-01,2017-07-10,0.0,0.007530933576078226,0.0,9.0,9.0,2017-07,2017-07
TKKSOBRC,76.0,9,3,4,2017-07-01,2017-07-12,50.0,0.6117949078764817,50.0,11.0,11.0,2017-07,2017-07
FCWU08BA,49.0,21,2,2,2017-07-01,2017-07-03,0.0,0.004877720016172032,0.0,2.0,2.0,2017-07,2017-07
AX63HIS9,42.0,21,2,4,2017-07-01,2017-08-23,4611.0,0.9999999999999998,4611.0,53.0,53.0,2017-07,2017-08
BCA6Y34B,,14,4,1,2017-07-01,,0.0,0.008036513283926862,0.0,183.0,,2017-07,
1F8MPXZQ,66.0,3,4,2,2017-07-01,2017-07-13,0.0,0.009552842593448654,0.0,12.0,12.0,2017-07,2017-07
H9N9DP3D,,24,1,1,2017-07-01,,0.0,0.20949906342843566,0.0,183.0,,2017-07,
YY3ACGA2,42.0,24,1,4,2017-07-01,2017-07-11,571.0,0.9337211645143404,571.0,10.0,10.0,2017-07,2017-07
6MQA3YYW,74.0,12,3,2,2017-07-01,2017-07-03,0.0,0.4420536572016609,0.0,2.0,2.0,2017-07,2017-07
IM5AGXLX,2.0,16,5,2,2017-07-01,2017-08-06,0.0,0.0050056096514279995,0.0,36.0,36.0,2017-07,2017-08
313EIVW4,4.0,1,6,2,2017-07-02,2017-07-10,0.0,0.013659957164346172,0.0,8.0,8.0,2017-07,2017-07
NNAYAA7T,66.0,1,4,2,2017-07-02,2017-07-13,0.0,0.009547697889552453,0.0,11.0,11.0,2017-07,2017-07
019I751P,67.0,1,6,4,2017-07-02,2017-07-09,1180.0,0.9969681671078943,1180.0,7.0,7.0,2017-07,2017-07
WQAKXOYU,,22,2,1,2017-07-02,,0.0,0.010079589013415402,0.0,182.0,,2017-07,
5TRALM9T,75.0,22,5,2,2017-07-02,2017-09-17,0.0,0.007012155198969277,0.0,77.0,77.0,2017-07,2017-09
LWC0UJWD,5.0,19,1,2,2017-07-02,2017-07-03,0.0,0.09237043941079595,0.0,1.0,1.0,2017-07,2017-07
PI0FYKXU,81.0,19,5,4,2017-07-02,2017-07-04,5274.0,1.0,5274.0,2.0,2.0,2017-07,2017-07
I7QSO0VZ,60.0,2,1,4,2017-07-02,2017-07-04,480.0,0.9265961889659531,480.0,2.0,2.0,2017-07,2017-07
HAUB1NBF,,13,2,1,2017-07-02,,0.0,0.01057133584994932,0.0,182.0,,2017-07,
5AU1SJA7,52.0,13,2,4,2017-07-02,2017-07-08,4830.0,1.0,4830.0,6.0,6.0,2017-07,2017-07
Z9S1ZX7W,12.0,18,6,1,2017-07-02,,0.0,0.03712577026280311,0.0,182.0,,2017-07,
S9N98QU9,7.0,18,5,2,2017-07-02,2017-07-03,0.0,0.0034089147594940474,0.0,1.0,1.0,2017-07,2017-07
A9Q7ERA4,23.0,10,5,4,2017-07-02,2017-07-04,5333.0,1.0,5333.0,2.0,2.0,2017-07,2017-07
HLDA8IA1,,28,3,1,2017-07-02,,0.0,0.7323029148673185,0.0,182.0,,2017-07,
RY8Z6RH2,12.0,28,4,2,2017-07-02,2017-07-11,0.0,0.004433430356393255,0.0,9.0,9.0,2017-07,2017-07
9J8O59QW,66.0,8,5,2,2017-07-02,2017-08-24,0.0,0.01198233726650932,0.0,53.0,53.0,2017-07,2017-08
KWVYR0LQ,11.0,8,4,2,2017-07-02,2017-07-03,0.0,0.002091271649808839,0.0,1.0,1.0,2017-07,2017-07
0D95JSVW,35.0,30,5,4,2017-07-02,2017-09-16,6192.0,1.0,6192.0,76.0,76.0,2017-07,2017-09
4EGO7VCJ,,32,2,1,2017-07-02,,0.0,0.011253935868308253,0.0,182.0,,2017-07,
74JAOLQU,58.0,32,1,2,2017-07-02,2017-08-16,0.0,0.18003911956876023,0.0,45.0,45.0,2017-07,2017-08
CMLYDJFN,54.0,32,1,4,2017-07-02,2017-08-11,490.0,0.8958448129725073,490.0,40.0,40.0,2017-07,2017-08
HIV4W2E0,2.0,31,6,1,2017-07-02,,0.0,0.023431949949542254,0.0,182.0,,2017-07,
TFQEGZ1X,59.0,4,1,2,2017-07-02,2017-07-04,0.0,0.0861606245808274,0.0,2.0,2.0,2017-07,2017-07
5COSD90U,44.0,27,1,2,2017-07-02,2017-07-09,0.0,0.07547756564443768,0.0,7.0,7.0,2017-07,2017-07
6TBAKLMX,25.0,9,6,4,2017-07-02,2017-09-23,1157.0,0.9964941927685048,1157.0,83.0,83.0,2017-07,2017-09
B50V1XGA,21.0,24,4,2,2017-07-02,2017-08-31,0.0,0.003155192636817166,0.0,60.0,60.0,2017-07,2017-08
SOW7H1RP,47.0,24,4,2,2017-07-02,2017-07-03,0.0,0.002311102998710544,0.0,1.0,1.0,2017-07,2017-07
OHJGW03I,80.0,12,3,4,2017-07-02,2017-07-13,55.0,0.7438429638246812,55.0,11.0,11.0,2017-07,2017-07
R6KPUAH7,70.0,33,4,2,2017-07-02,2017-07-06,0.0,0.0025404175800914355,0.0,4.0,4.0,2017-07,2017-07
AJQC76NI,17.0,33,2,4,2017-07-02,2017-08-26,4655.0,0.9999999999999998,4655.0,55.0,55.0,2017-07,2017-08
PH5GSB37,48.0,22,2,4,2017-07-03,2017-08-26,5833.0,1.0,5833.0,54.0,54.0,2017-07,2017-08
9OLZU3WB,12.0,2,3,4,2017-07-03,2017-09-23,47.0,0.7847940383957712,47.0,82.0,82.0,2017-07,2017-09
JDXET5H9,76.0,2,3,4,2017-07-03,2017-08-31,51.0,0.7520215798801663,51.0,59.0,59.0,2017-07,2017-08
8RE1600O,38.0,10,2,2,2017-07-03,2017-07-04,0.0,0.0035346770860314666,0.0,1.0,1.0,2017-07,2017-07
NGMC9NSG,30.0,10,4,2,2017-07-03,2017-07-12,0.0,0.0051627135489090365,0.0,9.0,9.0,2017-07,2017-07
G6FKELQV,37.0,20,1,2,2017-07-03,2017-09-25,0.0,0.08384536653940054,0.0,84.0,84.0,2017-07,2017-09
IKNMU8HM,56.0,20,5,2,2017-07-03,2017-09-10,0.0,0.005244623749111765,0.0,69.0,69.0,2017-07,2017-09
AHIDE6VS,42.0,20,1,4,2017-07-03,2017-07-12,540.0,0.8885181040756794,540.0,9.0,9.0,2017-07,2017-07
YZJLPVJG,44.0,20,5,4,2017-07-03,2017-07-04,4915.0,1.0,4915.0,1.0,1.0,2017-07,2017-07
GOSCKNUX,58.0,30,5,2,2017-07-03,2017-07-04,0.0,0.00740901636119972,0.0,1.0,1.0,2017-07,2017-07
GC3IVG7S,64.0,30,5,2,2017-07-03,2017-07-05,0.0,0.006088324761109995,0.0,2.0,2.0,2017-07,2017-07
S81YI4QH,70.0,30,5,2,2017-07-03,2017-07-10,0.0,0.005161881490351342,0.0,7.0,7.0,2017-07,2017-07
M3MJY0CK,47.0,30,5,4,2017-07-03,2017-09-27,6693.0,1.0,6693.0,86.0,86.0,2017-07,2017-09
H2HNTSIP,36.0,6,4,4,2017-07-03,2017-07-05,3101.0,0.999999999776364,3101.0,2.0,2.0,2017-07,2017-07
8APZZ20T,79.0,32,6,2,2017-07-03,2017-08-15,0.0,0.01521892865198946,0.0,43.0,43.0,2017-07,2017-08
RABLXW5E,35.0,32,3,4,2017-07-03,2017-09-02,56.0,0.6974209033775088,56.0,61.0,61.0,2017-07,2017-09
35LLMROC,,31,1,1,2017-07-03,,0.0,0.20507972345803713,0.0,181.0,,2017-07,
TJTOVN5K,10.0,31,6,4,2017-07-03,2017-07-12,935.0,0.9827626720309283,935.0,9.0,9.0,2017-07,2017-07
1IG94UUQ,64.0,31,6,4,2017-07-03,2017-07-13,1133.0,0.9971616024728541,1133.0,10.0,10.0,2017-07,2017-07
MN8UHP5B,79.0,31,2,4,2017-07-03,2017-08-12,4904.0,1.0,4904.0,40.0,40.0,2017-07,2017-08
D7JDQB12,4.0,4,4,4,2017-07-03,2017-09-23,2857.0,0.9999999979354608,2857.0,82.0,82.0,2017-07,2017-09
GWI45VGH,19.0,4,4,4,2017-07-03,2017-09-02,3118.0,0.9999999998449203,3118.0,61.0,61.0,2017-07,2017-09
G3TZD0CB,25.0,7,6,4,2017-07-03,2017-07-11,1204.0,0.9981192858561818,1204.0,8.0,8.0,2017-07,2017-07
1PAPS9QO,79.0,34,4,2,2017-07-03,2017-07-09,0.0,0.0031459375103790707,0.0,6.0,6.0,2017-07,2017-07
WXCEZ7JY,13.0,5,1,4,2017-07-03,2017-09-06,376.0,0.789219141056356,376.0,65.0,65.0,2017-07,2017-09
WR45SVGN,72.0,3,1,4,2017-07-03,2017-11-02,511.0,0.9494795891407208,511.0,122.0,122.0,2017-07,2017-11
WAFSPTW6,47.0,24,1,4,2017-07-03,2017-07-14,491.0,0.8618329050543367,491.0,11.0,11.0,2017-07,2017-07
5FYPINRL,20.0,12,3,2,2017-07-03,2017-07-16,0.0,0.46819284957909246,0.0,13.0,13.0,2017-07,2017-07
VLPSQ076,2.0,16,4,2,2017-07-03,2017-07-12,0.0,0.0031714336940847176,0.0,9.0,9.0,2017-07,2017-07
3AX6QBR3,18.0,16,4,4,2017-07-03,2017-09-07,3101.0,0.9999999999028726,3101.0,66.0,66.0,2017-07,2017-09
ZY3AVAK0,79.0,33,3,2,2017-07-03,2017-08-22,0.0,0.5126554197730452,0.0,50.0,50.0,2017-07,2017-08
FVCL72VU,9.0,1,5,2,2017-07-04,2017-07-14,0.0,0.007069250814807797,0.0,10.0,10.0,2017-07,2017-07
24OSGLGF,19.0,1,3,4,2017-07-04,2017-07-06,56.0,0.7646374202893772,56.0,2.0,2.0,2017-07,2017-07
49T60OCI,62.0,19,5,1,2017-07-04,,0.0,0.010542288899597125,0.0,180.0,,2017-07,
31NQQEEO,53.0,19,1,2,2017-07-04,2017-09-11,0.0,0.08734357207544605,0.0,69.0,69.0,2017-07,2017-09
ADRU5BLP,38.0,10,6,2,2017-07-04,2017-07-12,0.0,0.010861718165639836,0.0,8.0,8.0,2017-07,2017-07
AUPXRV8O,59.0,10,6,4,2017-07-04,2017-09-05,1300.0,0.9995640639288588,1300.0,63.0,63.0,2017-07,2017-09
CI00UV0Y,60.0,10,2,4,2017-07-04,2017-07-05,4544.0,0.9999999999999998,4544.0,1.0,1.0,2017-07,2017-07
VH3C0A8F,49.0,20,1,2,2017-07-04,2017-07-05,0.0,0.06822255474405557,0.0,1.0,1.0,2017-07,2017-07
1E5MFGR7,56.0,20,1,2,2017-07-04,2017-09-26,0.0,0.11045467788268558,0.0,84.0,84.0,2017-07,2017-09
TS2JEK3E,2.0,20,1,4,2017-07-04,2017-09-23,531.0,0.9125391773298803,531.0,81.0,81.0,2017-07,2017-09
4R0TB2CL,8.0,20,2,4,2017-07-04,2017-07-13,4669.0,0.9999999999999998,4669.0,9.0,9.0,2017-07,2017-07
5OJ3QR1W,38.0,8,3,2,2017-07-04,2017-11-03,0.0,0.6127815099394454,0.0,122.0,122.0,2017-07,2017-11
R162LSFR,32.0,32,2,2,2017-07-04,2017-07-06,0.0,0.006006473844672078,0.0,2.0,2.0,2017-07,2017-07
W07RZO17,,31,4,1,2017-07-04,,0.0,0.008299903408014574,0.0,180.0,,2017-07,
X7J3O7TC,14.0,31,1,2,2017-07-04,2017-07-11,0.0,0.1551045390097726,0.0,7.0,7.0,2017-07,2017-07
Q7RV0YW6,33.0,31,6,2,2017-07-04,2017-07-10,0.0,0.010151148691373317,0.0,6.0,6.0,2017-07,2017-07
S5E8MBO3,54.0,27,1,2,2017-07-04,2017-09-19,0.0,0.06459992239061864,0.0,77.0,77.0,2017-07,2017-09
UGB3A3CE,,34,3,1,2017-07-04,,0.0,0.7272624861776987,0.0,180.0,,2017-07,
QE6A49LE,36.0,5,3,2,2017-07-04,2017-07-11,0.0,0.48841746354283744,0.0,7.0,7.0,2017-07,2017-07
XGMMHWZC,16.0,5,1,4,2017-07-04,2017-09-25,475.0,0.9019713611628686,475.0,83.0,83.0,2017-07,2017-09
7MK55ULJ,59.0,5,6,4,2017-07-04,2017-07-05,1102.0,0.9962852200058089,1102.0,1.0,1.0,2017-07,2017-07
0VZIDVCC,85.0,5,3,4,2017-07-04,2017-07-09,55.0,0.43895220440359944,55.0,5.0,5.0,2017-07,2017-07
D1XYQH35,73.0,9,1,2,2017-07-04,2017-07-15,0.0,0.0788317991707178,0.0,11.0,11.0,2017-07,2017-07
XAR2VX09,62.0,3,3,2,2017-07-04,2017-07-06,0.0,0.5211834002728866,0.0,2.0,2.0,2017-07,2017-07
YTQH4YM9,9.0,3,3,4,2017-07-04,2017-07-05,63.0,0.7341349943439548,63.0,1.0,1.0,2017-07,2017-07
KMLW6GXY,42.0,24,4,2,2017-07-04,2017-07-12,0.0,0.0026606734761184365,0.0,8.0,8.0,2017-07,2017-07
IG734VZK,55.0,24,5,4,2017-07-04,2017-07-14,5971.0,1.0,5971.0,10.0,10.0,2017-07,2017-07
W3C2KLXD,26.0,16,5,4,2017-07-04,2017-08-27,5710.0,1.0,5710.0,54.0,54.0,2017-07,2017-08
8Z1SIQSI,58.0,33,2,2,2017-07-04,2017-07-09,0.0,0.004136880620755723,0.0,5.0,5.0,2017-07,2017-07
IZJR1WDM,54.0,33,3,4,2017-07-04,2017-09-21,52.0,0.5794060773263158,52.0,79.0,79.0,2017-07,2017-09
5MRPZ44K,16.0,1,1,4,2017-07-05,2017-08-28,522.0,0.9435887809247189,522.0,54.0,54.0,2017-07,2017-08
AWORM94L,,19,1,1,2017-07-05,,0.0,0.20650818441820729,0.0,179.0,,2017-07,
W0LFL18P,40.0,19,6,2,2017-07-05,2017-07-12,0.0,0.01255640702172407,0.0,7.0,7.0,2017-07,2017-07
5H9ELV2H,81.0,19,5,2,2017-07-05,2017-07-13,0.0,0.003751912673634662,0.0,8.0,8.0,2017-07,2017-07
KDDN1E4O,2.0,19,6,4,2017-07-05,2017-07-14,1109.0,0.9948691158626515,1109.0,9.0,9.0,2017-07,2017-07
S8JALB62,71.0,19,4,4,2017-07-05,2017-07-06,3508.0,0.9999999999927449,3508.0,1.0,1.0,2017-07,2017-07
2HPCHBIL,7.0,13,5,2,2017-07-05,2017-07-14,0.0,0.004306992906820239,0.0,9.0,9.0,2017-07,2017-07
Q9JV7YXX,56.0,18,6,2,2017-07-05,2017-07-16,0.0,0.011757334633447221,0.0,11.0,11.0,2017-07,2017-07
J3N73B00,36.0,10,2,4,2017-07-05,2017-08-29,4346.0,0.9999999999999976,4346.0,55.0,55.0,2017-07,2017-08
STG85Q0N,43.0,20,1,2,2017-07-05,2017-07-06,0.0,0.05040285951467387,0.0,1.0,1.0,2017-07,2017-07
VMI5QYS3,78.0,20,2,2,2017-07-05,2017-07-09,0.0,0.0019946647508867323,0.0,4.0,4.0,2017-07,2017-07
09W047QT,74.0,20,2,4,2017-07-05,2017-08-10,4565.0,0.9999999999999993,4565.0,36.0,36.0,2017-07,2017-08
VXOZC2CN,75.0,15,6,4,2017-07-05,2017-09-29,1319.0,0.9995713101578423,1319.0,86.0,86.0,2017-07,2017-09
JAMW5SWB,36.0,30,2,4,2017-07-05,2017-07-06,5157.0,1.0,5157.0,1.0,1.0,2017-07,2017-07
WCKKFSVL,19.0,6,4,2,2017-07-05,2017-07-06,0.0,0.005317448727424875,0.0,1.0,1.0,2017-07,2017-07
GVCWDG9Y,29.0,6,2,4,2017-07-05,2017-07-17,4213.0,0.9999999999999878,4213.0,12.0,12.0,2017-07,2017-07
SXYJU7LC,,32,1,1,2017-07-05,,0.0,0.23947206608217989,0.0,179.0,,2017-07,
UEXJN3Y6,44.0,32,6,4,2017-07-05,2017-07-12,1230.0,0.998988590542914,1230.0,7.0,7.0,2017-07,2017-07
QP0QCP8Y,14.0,31,5,1,2017-07-05,,0.0,0.022494207006005015,0.0,179.0,,2017-07,
MCQGU5EA,70.0,31,1,4,2017-07-05,2017-07-15,443.0,0.8463598490630988,443.0,10.0,10.0,2017-07,2017-07
M0IN22XH,83.0,31,6,4,2017-07-05,2017-09-26,1043.0,0.9953681310363262,1043.0,83.0,83.0,2017-07,2017-09
8HWWW76K,15.0,4,1,2,2017-07-05,2017-07-07,0.0,0.054753426771813565,0.0,2.0,2.0,2017-07,2017-07
707CQDQK,34.0,27,3,2,2017-07-05,2017-08-23,0.0,0.4330608797723437,0.0,49.0,49.0,2017-07,2017-08
4PTCB3CS,29.0,7,4,2,2017-07-05,2017-07-13,0.0,0.0028571326251719802,0.0,8.0,8.0,2017-07,2017-07
IEB855X8,11.0,7,4,4,2017-07-05,2017-08-08,3458.0,0.9999999999909703,3458.0,34.0,34.0,2017-07,2017-08
IDA8D96H,83.0,34,5,2,2017-07-05,2017-07-13,0.0,0.00541180673032648,0.0,8.0,8.0,2017-07,2017-07
DLQNAOWB,55.0,25,3,2,2017-07-05,2017-07-07,0.0,0.3542860062674027,0.0,2.0,2.0,2017-07,2017-07
K7056XS7,43.0,14,4,1,2017-07-05,,0.0,0.006009515832280062,0.0,179.0,,2017-07,
R9V8QAPK,42.0,14,3,4,2017-07-05,2017-07-14,58.0,0.5835199475593014,58.0,9.0,9.0,2017-07,2017-07
P6KXSJPD,11.0,3,3,2,2017-07-05,2017-07-10,0.0,0.4916942353690336,0.0,5.0,5.0,2017-07,2017-07
KM0RKC4Q,36.0,24,1,2,2017-07-05,2017-07-06,0.0,0.08458987750892562,0.0,1.0,1.0,2017-07,2017-07
58TUIJ6D,10.0,33,2,2,2017-07-05,2017-07-17,0.0,0.003409977926206389,0.0,12.0,12.0,2017-07,2017-07
BXOIQHTS,79.0,33,1,4,2017-07-05,2017-09-20,658.0,0.975882522343231,658.0,77.0,77.0,2017-07,2017-09
CC3B5DSU,73.0,1,5,2,2017-07-06,2017-07-16,0.0,0.006538957721962262,0.0,10.0,10.0,2017-07,2017-07
GLM4XZLI,20.0,19,5,2,2017-07-06,2017-07-07,0.0,0.0031615545451293544,0.0,1.0,1.0,2017-07,2017-07
K8VBNOW9,56.0,19,5,4,2017-07-06,2017-09-01,4791.0,1.0,4791.0,57.0,57.0,2017-07,2017-09
3GEDSDVN,38.0,2,1,4,2017-07-06,2017-07-08,590.0,0.9571285320519514,590.0,2.0,2.0,2017-07,2017-07
R0ZYAJFM,39.0,2,5,4,2017-07-06,2017-07-14,5629.0,1.0,5629.0,8.0,8.0,2017-07,2017-07
BRFZCNMP,,13,6,1,2017-07-06,,0.0,0.03010027276036407,0.0,178.0,,2017-07,
R8X2RVQ2,75.0,13,2,2,2017-07-06,2017-07-15,0.0,0.004205291888465786,0.0,9.0,9.0,2017-07,2017-07
E2KGQVEO,,18,4,1,2017-07-06,,0.0,0.007879291613632586,0.0,178.0,,2017-07,
DFG6OP8T,48.0,18,5,2,2017-07-06,2017-07-18,0.0,0.00444242309238563,0.0,12.0,12.0,2017-07,2017-07
JB4MECWM,78.0,18,2,2,2017-07-06,2017-07-07,0.0,0.0024629663988104495,0.0,1.0,1.0,2017-07,2017-07
CDGA1SD7,68.0,10,2,4,2017-07-06,2017-09-12,4323.0,0.9999999999999978,4323.0,68.0,68.0,2017-07,2017-09
SBILEY2W,73.0,10,2,4,2017-07-06,2017-07-12,5085.0,1.0,5085.0,6.0,6.0,2017-07,2017-07
JMTKEPXF,84.0,20,4,4,2017-07-06,2017-07-17,2996.0,0.9999999994269257,2996.0,11.0,11.0,2017-07,2017-07
937CNF5D,12.0,15,2,4,2017-07-06,2017-07-14,4682.0,1.0,4682.0,8.0,8.0,2017-07,2017-07
EQ399D3M,65.0,26,4,4,2017-07-06,2017-07-14,3250.0,0.9999999999565607,3250.0,8.0,8.0,2017-07,2017-07
DOVNGYN4,33.0,32,1,2,2017-07-06,2017-07-12,0.0,0.10706393112806117,0.0,6.0,6.0,2017-07,2017-07
A0IS9TWV,42.0,31,2,2,2017-07-06,2017-07-16,0.0,0.002885357455374365,0.0,10.0,10.0,2017-07,2017-07
E7TDBIDS,42.0,31,2,4,2017-07-06,2017-09-06,5323.0,1.0,5323.0,62.0,62.0,2017-07,2017-09
TIFPUXSQ,12.0,7,1,2,2017-07-06,2017-07-07,0.0,0.14716500569095087,0.0,1.0,1.0,2017-07,2017-07
LXDCC260,25.0,7,5,4,2017-07-06,2017-07-07,5966.0,1.0,5966.0,1.0,1.0,2017-07,2017-07
81PWOUF0,,34,2,1,2017-07-06,,0.0,0.008602519970209062,0.0,178.0,,2017-07,
1Z72JRDI,46.0,34,4,4,2017-07-06,2017-07-16,3452.0,0.9999999999894611,3452.0,10.0,10.0,2017-07,2017-07
XTBADYHW,72.0,5,3,2,2017-07-06,2017-07-17,0.0,0.4939560166921147,0.0,11.0,11.0,2017-07,2017-07
PPDU7OWD,66.0,5,4,2,2017-07-06,2017-07-13,0.0,0.0069680512318369015,0.0,7.0,7.0,2017-07,2017-07
CJ05Q2G5,46.0,25,1,2,2017-07-06,2017-07-11,0.0,0.07069629862945656,0.0,5.0,5.0,2017-07,2017-07
MON3JWUF,22.0,24,1,4,2017-07-06,2017-07-13,583.0,0.9515194724479404,583.0,7.0,7.0,2017-07,2017-07
SFMKU2FV,52.0,12,3,2,2017-07-06,2017-07-16,0.0,0.6223958960770795,0.0,10.0,10.0,2017-07,2017-07
9FH2VYQQ,32.0,33,6,2,2017-07-06,2017-07-13,0.0,0.011690026716987037,0.0,7.0,7.0,2017-07,2017-07
PMVKMS6A,41.0,33,1,4,2017-07-06,2017-09-27,507.0,0.9022865267110007,507.0,83.0,83.0,2017-07,2017-09
E62A05BH,38.0,1,1,2,2017-07-07,2017-07-15,0.0,0.11193723795844303,0.0,8.0,8.0,2017-07,2017-07
U3GCADFV,57.0,1,3,2,2017-07-07,2017-07-13,0.0,0.6620212709715804,0.0,6.0,6.0,2017-07,2017-07
CFI2GXN1,,22,2,1,2017-07-07,,0.0,0.009794830787473547,0.0,177.0,,2017-07,
611J0LEK,2.0,22,1,4,2017-07-07,2017-07-09,574.0,0.9393573499777332,574.0,2.0,2.0,2017-07,2017-07
5M5TW9RC,74.0,19,6,1,2017-07-07,,0.0,0.018852455554777558,0.0,177.0,,2017-07,
ZWA2ES4F,53.0,19,3,4,2017-07-07,2017-09-07,48.0,0.6043458069765962,48.0,62.0,62.0,2017-07,2017-09
LNT5B9XY,67.0,2,3,2,2017-07-07,2017-07-17,0.0,0.4317562415189612,0.0,10.0,10.0,2017-07,2017-07
CPQ348W9,39.0,2,1,4,2017-07-07,2017-07-15,458.0,0.8635594732992863,458.0,8.0,8.0,2017-07,2017-07
UZ0MRAFU,11.0,2,5,4,2017-07-07,2017-09-18,5455.0,1.0,5455.0,73.0,73.0,2017-07,2017-09
VFO5EK6R,63.0,13,1,2,2017-07-07,2017-07-14,0.0,0.11508286920481405,0.0,7.0,7.0,2017-07,2017-07
GE5SORJX,42.0,13,5,4,2017-07-07,2017-09-17,5666.0,1.0,5666.0,72.0,72.0,2017-07,2017-09
03O9FNTZ,7.0,18,6,4,2017-07-07,2017-07-09,1107.0,0.9940158295455936,1107.0,2.0,2.0,2017-07,2017-07
FIQIRK37,1.0,18,2,4,2017-07-07,2017-07-08,4089.0,0.9999999999999423,4089.0,1.0,1.0,2017-07,2017-07
M6J6VNVQ,52.0,20,1,4,2017-07-07,2017-09-08,498.0,0.9180883908438532,498.0,63.0,63.0,2017-07,2017-09
S767XDO3,35.0,28,4,2,2017-07-07,2017-09-07,0.0,0.0033396880590440743,0.0,62.0,62.0,2017-07,2017-09
ZPKCSV3R,19.0,6,3,4,2017-07-07,2017-07-11,64.0,0.7618928068447548,64.0,4.0,4.0,2017-07,2017-07
CLA3RTMS,77.0,32,4,2,2017-07-07,2017-07-09,0.0,0.002276639513968819,0.0,2.0,2.0,2017-07,2017-07
K1K48OTP,13.0,31,5,1,2017-07-07,,0.0,0.013029993611190237,0.0,177.0,,2017-07,
OJWV4RT2,44.0,31,1,2,2017-07-07,2017-07-09,0.0,0.10307163513355905,0.0,2.0,2.0,2017-07,2017-07
PMQCN4PR,24.0,31,1,4,2017-07-07,2017-07-09,565.0,0.9611960528165433,565.0,2.0,2.0,2017-07,2017-07
CBIFB5BB,42.0,31,1,4,2017-07-07,2017-07-17,579.0,0.9371428856020402,579.0,10.0,10.0,2017-07,2017-07
BSVZWUXR,36.0,4,3,4,2017-07-07,2017-09-11,56.0,0.6013361656521993,56.0,66.0,66.0,2017-07,2017-09
PU2UJDTV,61.0,27,2,4,2017-07-07,2017-09-05,4063.0,0.9999999999999736,4063.0,60.0,60.0,2017-07,2017-09
LN9NU0A8,38.0,7,6,4,2017-07-07,2017-07-17,1193.0,0.9984263672342077,1193.0,10.0,10.0,2017-07,2017-07
KD27RNU9,62.0,5,1,2,2017-07-07,2017-07-15,0.0,0.07253441693881894,0.0,8.0,8.0,2017-07,2017-07
FN50OJHN,3.0,9,6,4,2017-07-07,2017-07-11,1088.0,0.9924041199661257,1088.0,4.0,4.0,2017-07,2017-07
YA68AAQK,78.0,21,6,2,2017-07-07,2017-09-17,0.0,0.014761598765361976,0.0,72.0,72.0,2017-07,2017-09
90K2ZTKB,77.0,25,3,4,2017-07-07,2017-09-11,58.0,0.5201568218980666,58.0,66.0,66.0,2017-07,2017-09
YYTZSTL0,,14,5,1,2017-07-07,,0.0,0.010984413321369705,0.0,177.0,,2017-07,
1M0THQSZ,31.0,24,4,2,2017-07-07,2017-07-09,0.0,0.0027224734056732424,0.0,2.0,2.0,2017-07,2017-07
Y1GEH2EG,33.0,24,5,4,2017-07-07,2017-07-13,4466.0,0.9999999999999993,4466.0,6.0,6.0,2017-07,2017-07
ORM1IRQ2,,12,3,1,2017-07-07,,0.0,0.7552149506413434,0.0,177.0,,2017-07,
593L4BNI,43.0,12,1,2,2017-07-07,2017-07-14,0.0,0.07545225739065288,0.0,7.0,7.0,2017-07,2017-07
83EZC8YK,78.0,12,4,2,2017-07-07,2017-07-15,0.0,0.002782249311796889,0.0,8.0,8.0,2017-07,2017-07
4MTCQ31T,30.0,1,3,4,2017-07-08,2017-11-06,55.0,0.8432696690680545,55.0,121.0,121.0,2017-07,2017-11
QU220OFI,23.0,22,1,1,2017-07-08,,0.0,0.19288987225149873,0.0,176.0,,2017-07,
TJYNW3C7,20.0,19,6,2,2017-07-08,2017-07-15,0.0,0.007432227145989883,0.0,7.0,7.0,2017-07,2017-07
COGZW25D,44.0,19,6,4,2017-07-08,2017-07-16,861.0,0.9674064106904644,861.0,8.0,8.0,2017-07,2017-07
B3A6VXVQ,1.0,13,1,1,2017-07-08,,0.0,0.14571394815214916,0.0,176.0,,2017-07,
O83AR1CC,56.0,13,4,2,2017-07-08,2017-07-09,0.0,0.004170998961647373,0.0,1.0,1.0,2017-07,2017-07
BOG3D6D7,74.0,13,2,4,2017-07-08,2017-07-19,5137.0,1.0,5137.0,11.0,11.0,2017-07,2017-07
J03H7OQF,3.0,10,3,4,2017-07-08,2017-07-16,54.0,0.6316771679901863,54.0,8.0,8.0,2017-07,2017-07
DJXM9LIW,43.0,20,6,4,2017-07-08,2017-07-14,1020.0,0.9824085588080465,1020.0,6.0,6.0,2017-07,2017-07
6XH71PH8,80.0,20,6,4,2017-07-08,2017-09-28,1136.0,0.9977279600861517,1136.0,82.0,82.0,2017-07,2017-09
AW1U6QKR,44.0,20,3,4,2017-07-08,2017-07-14,55.0,0.6138795091405866,55.0,6.0,6.0,2017-07,2017-07
MAVEITJH,34.0,28,2,4,2017-07-08,2017-09-09,5097.0,1.0,5097.0,63.0,63.0,2017-07,2017-09
GUJNYTXN,43.0,15,1,4,2017-07-08,2017-07-09,483.0,0.8509345379399529,483.0,1.0,1.0,2017-07,2017-07
QKXCMJVB,,30,1,1,2017-07-08,,0.0,0.21828462118347441,0.0,176.0,,2017-07,
ELLLRB7A,83.0,30,1,4,2017-07-08,2017-08-29,587.0,0.9704633434230446,587.0,52.0,52.0,2017-07,2017-08
F4EHCQIC,42.0,30,5,4,2017-07-08,2017-07-16,5284.0,1.0,5284.0,8.0,8.0,2017-07,2017-07
EHC9KQDN,62.0,6,1,2,2017-07-08,2017-07-09,0.0,0.08368824365446792,0.0,1.0,1.0,2017-07,2017-07
MBLFZPU2,76.0,6,1,2,2017-07-08,2017-09-12,0.0,0.14961390046495357,0.0,66.0,66.0,2017-07,2017-09
L0SOZL9A,79.0,31,4,2,2017-07-08,2017-09-28,0.0,0.004596996920025913,0.0,82.0,82.0,2017-07,2017-09
00XBYXIB,33.0,31,6,4,2017-07-08,2017-07-09,993.0,0.9869498778183493,993.0,1.0,1.0,2017-07,2017-07
ASN7OCWQ,34.0,27,1,2,2017-07-08,2017-07-15,0.0,0.055045155465490866,0.0,7.0,7.0,2017-07,2017-07
SHS9HQX4,24.0,34,2,4,2017-07-08,2017-09-19,4642.0,1.0,4642.0,73.0,73.0,2017-07,2017-09
JYEQFGS5,74.0,21,2,2,2017-07-08,2017-07-17,0.0,0.0034149687280060023,0.0,9.0,9.0,2017-07,2017-07
S9DVJGUO,42.0,21,2,4,2017-07-08,2017-07-15,4530.0,0.9999999999999996,4530.0,7.0,7.0,2017-07,2017-07
0YPN92QB,79.0,25,3,2,2017-07-08,2017-07-10,0.0,0.45863848402874413,0.0,2.0,2.0,2017-07,2017-07
UIA0FO51,78.0,14,4,4,2017-07-08,2017-07-09,3569.0,0.9999999999949662,3569.0,1.0,1.0,2017-07,2017-07
48J7F1A2,36.0,24,4,4,2017-07-08,2017-08-31,3276.0,0.9999999999595501,3276.0,54.0,54.0,2017-07,2017-08
0D37PQA0,,12,6,1,2017-07-08,,0.0,0.02914347415198107,0.0,176.0,,2017-07,
D193SPY4,56.0,12,3,1,2017-07-08,,0.0,0.7887237032587238,0.0,176.0,,2017-07,
SFIMNCPZ,49.0,12,4,2,2017-07-08,2017-07-10,0.0,0.0035557629354242004,0.0,2.0,2.0,2017-07,2017-07
57NT8T8S,24.0,33,1,2,2017-07-08,2017-07-16,0.0,0.11152417784234302,0.0,8.0,8.0,2017-07,2017-07
7GLF1GBJ,33.0,33,6,2,2017-07-08,2017-07-16,0.0,0.008127555742795533,0.0,8.0,8.0,2017-07,2017-07
YST07PM6,17.0,33,5,2,2017-07-08,2017-07-17,0.0,0.0035163070451520915,0.0,9.0,9.0,2017-07,2017-07
HPU7RQG6,58.0,33,5,2,2017-07-08,2017-07-15,0.0,0.0054486108080366615,0.0,7.0,7.0,2017-07,2017-07
6Z1XK6YR,35.0,33,2,2,2017-07-08,2017-11-09,0.0,0.00381981196572834,0.0,124.0,124.0,2017-07,2017-11
045D5MZO,42.0,33,5,4,2017-07-08,2017-07-17,5576.0,1.0,5576.0,9.0,9.0,2017-07,2017-07
K1UREXI5,28.0,1,1,4,2017-07-09,2017-09-16,460.0,0.8716495121045298,460.0,69.0,69.0,2017-07,2017-09
M7Y1LHHA,81.0,22,1,4,2017-07-09,2017-07-16,457.0,0.8423640033329644,457.0,7.0,7.0,2017-07,2017-07
NK1B8YME,,19,5,1,2017-07-09,,0.0,0.01163986118287377,0.0,175.0,,2017-07,
WP6SUIMC,63.0,19,4,2,2017-07-09,2017-07-15,0.0,0.003701013871160305,0.0,6.0,6.0,2017-07,2017-07
SGI5I4X1,27.0,13,1,4,2017-07-09,2017-07-10,665.0,0.9770122284900736,665.0,1.0,1.0,2017-07,2017-07
U07VUUGP,81.0,13,6,4,2017-07-09,2017-07-15,1122.0,0.9957378707745694,1122.0,6.0,6.0,2017-07,2017-07
SEC6K7X2,74.0,13,5,4,2017-07-09,2017-07-18,5578.0,1.0,5578.0,9.0,9.0,2017-07,2017-07
OT26ZUZ7,3.0,18,2,1,2017-07-09,,0.0,0.008360811114479732,0.0,175.0,,2017-07,
MXVBWIE5,60.0,10,1,4,2017-07-09,2017-09-08,460.0,0.9245063346159322,460.0,61.0,61.0,2017-07,2017-09
794F5VJB,20.0,20,6,4,2017-07-09,2017-08-31,1133.0,0.9946647133284583,1133.0,53.0,53.0,2017-07,2017-08
TNEB1XNK,27.0,20,6,4,2017-07-09,2017-09-18,1194.0,0.997877020540385,1194.0,71.0,71.0,2017-07,2017-09
P60PIE95,80.0,20,5,4,2017-07-09,2017-09-16,5861.0,1.0,5861.0,69.0,69.0,2017-07,2017-09
HI9S2MRZ,,28,6,1,2017-07-09,,0.0,0.025063351128693716,0.0,175.0,,2017-07,
QKOAWRXD,19.0,8,1,2,2017-07-09,2017-07-17,0.0,0.12077933489891204,0.0,8.0,8.0,2017-07,2017-07
NC7V5K1T,66.0,8,6,4,2017-07-09,2017-08-28,1194.0,0.9992062596625757,1194.0,50.0,50.0,2017-07,2017-08
XTAPYDDI,25.0,8,2,4,2017-07-09,2017-07-11,4440.0,0.9999999999999982,4440.0,2.0,2.0,2017-07,2017-07
0CTHPQGT,9.0,6,3,4,2017-07-09,2017-07-19,53.0,0.7077175304682072,53.0,10.0,10.0,2017-07,2017-07
N9KFOKLS,65.0,32,1,2,2017-07-09,2017-07-14,0.0,0.11685414457329474,0.0,5.0,5.0,2017-07,2017-07
02SSRMSA,38.0,4,6,4,2017-07-09,2017-07-13,1192.0,0.9969727967938017,1192.0,4.0,4.0,2017-07,2017-07
HBJPBF3P,13.0,7,3,4,2017-07-09,2017-09-01,54.0,0.742406512958704,54.0,54.0,54.0,2017-07,2017-09
E6D2DBXF,59.0,5,4,2,2017-07-09,2017-07-13,0.0,0.004148234609799095,0.0,4.0,4.0,2017-07,2017-07
OUMM04QV,76.0,5,5,4,2017-07-09,2017-07-18,4651.0,0.9999999999999998,4651.0,9.0,9.0,2017-07,2017-07
TZQWGMG7,57.0,9,5,2,2017-07-09,2017-07-19,0.0,0.005124010436782027,0.0,10.0,10.0,2017-07,2017-07
66KFPHBT,3.0,9,5,4,2017-07-09,2017-09-24,5944.0,1.0,5944.0,77.0,77.0,2017-07,2017-09
WL4TLMUC,27.0,21,4,2,2017-07-09,2017-07-17,0.0,0.004472722205273148,0.0,8.0,8.0,2017-07,2017-07
6AO6E15O,67.0,25,2,1,2017-07-09,,0.0,0.0045279756493969555,0.0,175.0,,2017-07,
OW9OM3UO,,25,4,1,2017-07-09,,0.0,0.006464579436067215,0.0,175.0,,2017-07,
HXMJ5048,33.0,24,4,2,2017-07-09,2017-07-17,0.0,0.003244373880016724,0.0,8.0,8.0,2017-07,2017-07
CQYAMIQ3,,33,2,1,2017-07-09,,0.0,0.0069431303371561785,0.0,175.0,,2017-07,
6178B4JM,16.0,1,6,4,2017-07-10,2017-07-17,962.0,0.9866681822825801,962.0,7.0,7.0,2017-07,2017-07
WC7KCJ2N,63.0,22,6,4,2017-07-10,2017-07-21,1063.0,0.9947888262077732,1063.0,11.0,11.0,2017-07,2017-07
5GBVA3ZZ,82.0,19,4,2,2017-07-10,2017-07-23,0.0,0.004388063425378432,0.0,13.0,13.0,2017-07,2017-07
B7WWPCO6,30.0,2,1,2,2017-07-10,2017-07-23,0.0,0.15186539042058292,0.0,13.0,13.0,2017-07,2017-07
152DN1FE,9.0,10,6,2,2017-07-10,2017-07-12,0.0,0.012625232148752772,0.0,2.0,2.0,2017-07,2017-07
3NJHQZT6,68.0,10,3,2,2017-07-10,2017-07-17,0.0,0.5688501904260272,0.0,7.0,7.0,2017-07,2017-07
9GOWJ93R,16.0,10,4,4,2017-07-10,2017-09-03,2572.0,0.9999999773894953,2572.0,55.0,55.0,2017-07,2017-09
QAB3H9H5,29.0,8,2,2,2017-07-10,2017-07-11,0.0,0.002124486111434201,0.0,1.0,1.0,2017-07,2017-07
9B9VDAFU,76.0,8,2,4,2017-07-10,2017-07-18,4631.0,0.9999999999999998,4631.0,8.0,8.0,2017-07,2017-07
L9F6QP4P,39.0,8,4,4,2017-07-10,2017-07-19,3230.0,0.9999999999118263,3230.0,9.0,9.0,2017-07,2017-07
1D5AYQO6,12.0,26,3,4,2017-07-10,2017-07-19,59.0,0.7679979866821425,59.0,9.0,9.0,2017-07,2017-07
6WR7JQ3C,46.0,30,4,4,2017-07-10,2017-11-03,3624.0,0.9999999999987268,3624.0,116.0,116.0,2017-07,2017-11
Y2XXRYMX,46.0,32,6,2,2017-07-10,2017-11-11,0.0,0.01994478690308109,0.0,124.0,124.0,2017-07,2017-11
Z9DK5289,31.0,32,2,2,2017-07-10,2017-07-12,0.0,0.0036010347989862425,0.0,2.0,2.0,2017-07,2017-07
MN34I4DD,35.0,32,5,4,2017-07-10,2017-09-22,5848.0,1.0,5848.0,74.0,74.0,2017-07,2017-09
9CQ6TMET,14.0,32,3,4,2017-07-10,2017-07-11,42.0,0.7751547550423848,42.0,1.0,1.0,2017-07,2017-07
N54HHLC4,70.0,31,5,2,2017-07-10,2017-07-12,0.0,0.00450379166650144,0.0,2.0,2.0,2017-07,2017-07
TPP1IGKV,50.0,31,2,2,2017-07-10,2017-07-17,0.0,0.0034479098463802947,0.0,7.0,7.0,2017-07,2017-07
9USDNUBL,35.0,27,5,2,2017-07-10,2017-08-29,0.0,0.0032787559720044014,0.0,50.0,50.0,2017-07,2017-08
Q82O5QTN,57.0,7,4,2,2017-07-10,2017-07-12,0.0,0.005904842288735201,0.0,2.0,2.0,2017-07,2017-07
2HVDAY4L,9.0,5,3,2,2017-07-10,2017-07-21,0.0,0.5541800842559228,0.0,11.0,11.0,2017-07,2017-07
0FGWN6O0,39.0,5,1,4,2017-07-10,2017-07-19,588.0,0.9439241147517207,588.0,9.0,9.0,2017-07,2017-07
FQXZBTEG,82.0,21,6,2,2017-07-10,2017-07-18,0.0,0.01905950930907912,0.0,8.0,8.0,2017-07,2017-07
8IGYTN3H,80.0,21,3,4,2017-07-10,2017-07-17,54.0,0.7801064932250229,54.0,7.0,7.0,2017-07,2017-07
QV3TAWDT,,14,2,1,2017-07-10,,0.0,0.008303347204804695,0.0,174.0,,2017-07,
OTNZ5ZCN,64.0,24,2,4,2017-07-10,2017-09-06,5099.0,1.0,5099.0,58.0,58.0,2017-07,2017-09
USJWM3F3,,12,1,1,2017-07-10,,0.0,0.2193438202801154,0.0,174.0,,2017-07,
7O2ISWVB,54.0,33,5,2,2017-07-10,2017-07-15,0.0,0.00265017140223499,0.0,5.0,5.0,2017-07,2017-07
QUAD5082,44.0,22,4,2,2017-07-11,2017-07-21,0.0,0.004319308267339348,0.0,10.0,10.0,2017-07,2017-07
0T9KUEQ2,,19,5,1,2017-07-11,,0.0,0.011507412398048783,0.0,173.0,,2017-07,
P6H45Y25,62.0,2,1,2,2017-07-11,2017-09-16,0.0,0.10850788275477459,0.0,67.0,67.0,2017-07,2017-09
28EVFB8G,73.0,2,6,2,2017-07-11,2017-07-13,0.0,0.012837147068477368,0.0,2.0,2.0,2017-07,2017-07
VV5LDD24,63.0,13,4,2,2017-07-11,2017-07-13,0.0,0.004105427065091519,0.0,2.0,2.0,2017-07,2017-07
SF3KBDJF,63.0,18,2,2,2017-07-11,2017-08-18,0.0,0.004343999138409686,0.0,38.0,38.0,2017-07,2017-08
DKUVKTIT,37.0,18,5,4,2017-07-11,2017-07-19,4881.0,1.0,4881.0,8.0,8.0,2017-07,2017-07
OYUUU6B9,4.0,10,1,2,2017-07-11,2017-11-09,0.0,0.14642607677650235,0.0,121.0,121.0,2017-07,2017-11
IIVNXACR,11.0,10,2,2,2017-07-11,2017-07-12,0.0,0.002573655199546639,0.0,1.0,1.0,2017-07,2017-07
OWBGBQ4G,66.0,10,2,2,2017-07-11,2017-07-18,0.0,0.00838876356970433,0.0,7.0,7.0,2017-07,2017-07
X2EH33CU,28.0,8,4,4,2017-07-11,2017-07-12,2878.0,0.9999999970368172,2878.0,1.0,1.0,2017-07,2017-07
GNT6EM5M,77.0,26,3,2,2017-07-11,2017-07-12,0.0,0.4396820460183494,0.0,1.0,1.0,2017-07,2017-07
U3ZMURXR,24.0,26,4,4,2017-07-11,2017-09-08,3121.0,0.9999999999220033,3121.0,59.0,59.0,2017-07,2017-09
4UTOXXV4,31.0,30,5,2,2017-07-11,2017-07-12,0.0,0.004209032172448725,0.0,1.0,1.0,2017-07,2017-07
KHWG1W75,32.0,30,3,4,2017-07-11,2017-07-18,57.0,0.7400896491845848,57.0,7.0,7.0,2017-07,2017-07
MWAW08I7,73.0,6,1,4,2017-07-11,2017-07-12,576.0,0.9560924667115782,576.0,1.0,1.0,2017-07,2017-07
0QV1LRME,45.0,6,6,4,2017-07-11,2017-07-18,1258.0,0.9989475969132662,1258.0,7.0,7.0,2017-07,2017-07
63GAY8GB,64.0,32,6,2,2017-07-11,2017-08-22,0.0,0.018254426765187733,0.0,42.0,42.0,2017-07,2017-08
JB3J080M,,31,5,1,2017-07-11,,0.0,0.011278574646906379,0.0,173.0,,2017-07,
GXHAIS33,17.0,31,1,2,2017-07-11,2017-09-29,0.0,0.11669993647557596,0.0,80.0,80.0,2017-07,2017-09
VBRZZAP8,36.0,31,1,4,2017-07-11,2017-07-20,491.0,0.8876856873487686,491.0,9.0,9.0,2017-07,2017-07
JR76K5YA,70.0,27,1,4,2017-07-11,2017-08-23,494.0,0.8740374455459249,494.0,43.0,43.0,2017-07,2017-08
Z3TX2K6F,14.0,34,2,2,2017-07-11,2017-07-20,0.0,0.006315671005301209,0.0,9.0,9.0,2017-07,2017-07
RGUC0V54,83.0,34,6,4,2017-07-11,2017-09-19,882.0,0.9783088823451354,882.0,70.0,70.0,2017-07,2017-09
M93A8LTF,44.0,21,6,4,2017-07-11,2017-07-20,1076.0,0.9965597230931366,1076.0,9.0,9.0,2017-07,2017-07
CQW6TYOX,10.0,25,7,2,2017-07-11,2017-07-18,0.0,0.014706074473964305,0.0,7.0,7.0,2017-07,2017-07
P7H8UY1P,14.0,25,3,2,2017-07-11,2017-09-21,0.0,0.677117177559146,0.0,72.0,72.0,2017-07,2017-09
6XLFG3VK,83.0,25,3,4,2017-07-11,2017-07-19,57.0,0.6375520809343471,57.0,8.0,8.0,2017-07,2017-07
9ZPY98PB,50.0,24,1,2,2017-07-11,2017-07-13,0.0,0.08765172849683486,0.0,2.0,2.0,2017-07,2017-07
YRXDI9E8,10.0,24,4,2,2017-07-11,2017-11-05,0.0,0.006079878163070215,0.0,117.0,117.0,2017-07,2017-11
1JB82QZ0,65.0,24,4,2,2017-07-11,2017-07-12,0.0,0.00345733931703265,0.0,1.0,1.0,2017-07,2017-07
G5GPTVMU,4.0,1,6,2,2017-07-12,2017-08-31,0.0,0.016550143559533242,0.0,50.0,50.0,2017-07,2017-08
856VG3CS,56.0,22,6,4,2017-07-12,2017-09-28,1100.0,0.9972616253311944,1100.0,78.0,78.0,2017-07,2017-09
J80ZEYYM,18.0,19,4,4,2017-07-12,2017-09-18,3630.0,0.9999999999990583,3630.0,68.0,68.0,2017-07,2017-09
21OMR381,,13,3,1,2017-07-12,,0.0,0.7538751228739672,0.0,172.0,,2017-07,
X9HFP474,19.0,18,1,1,2017-07-12,,0.0,0.2704147044893369,0.0,172.0,,2017-07,
T51ULXCZ,4.0,10,2,2,2017-07-12,2017-07-23,0.0,0.003895234112226044,0.0,11.0,11.0,2017-07,2017-07
3S73ZUQH,3.0,10,4,2,2017-07-12,2017-07-21,0.0,0.0031982030121646904,0.0,9.0,9.0,2017-07,2017-07
JUU6C7NO,52.0,20,6,2,2017-07-12,2017-09-27,0.0,0.014326779655935047,0.0,77.0,77.0,2017-07,2017-09
8SNDBWPP,48.0,20,5,2,2017-07-12,2017-09-28,0.0,0.0047007935667075906,0.0,78.0,78.0,2017-07,2017-09
0PH153YF,12.0,8,2,2,2017-07-12,2017-07-13,0.0,0.004337733977694479,0.0,1.0,1.0,2017-07,2017-07
YNYZNOWR,10.0,26,4,2,2017-07-12,2017-07-25,0.0,0.005141435509606669,0.0,13.0,13.0,2017-07,2017-07
HUNM56HY,70.0,26,4,4,2017-07-12,2017-07-23,3741.0,0.9999999999994449,3741.0,11.0,11.0,2017-07,2017-07
SIONXEMH,79.0,26,4,4,2017-07-12,2017-07-14,2905.0,0.9999999989236825,2905.0,2.0,2.0,2017-07,2017-07
JX08Z5L5,64.0,30,6,2,2017-07-12,2017-07-25,0.0,0.014668512688414978,0.0,13.0,13.0,2017-07,2017-07
BUJ1TX7Y,24.0,34,6,4,2017-07-12,2017-09-14,1023.0,0.9950706246407716,1023.0,64.0,64.0,2017-07,2017-09
6C70OX62,79.0,34,4,4,2017-07-12,2017-09-24,3257.0,0.9999999999558826,3257.0,74.0,74.0,2017-07,2017-09
V9WVYEE9,11.0,5,5,2,2017-07-12,2017-07-20,0.0,0.0031533726195897703,0.0,8.0,8.0,2017-07,2017-07
3N6BHLN6,68.0,9,6,4,2017-07-12,2017-08-20,960.0,0.983770505664802,960.0,39.0,39.0,2017-07,2017-08
SQWCQRGY,63.0,21,2,2,2017-07-12,2017-07-14,0.0,0.005510320604857128,0.0,2.0,2.0,2017-07,2017-07
32K5LEDV,63.0,21,5,4,2017-07-12,2017-07-18,5538.0,1.0,5538.0,6.0,6.0,2017-07,2017-07
R0XNAFUB,,33,1,1,2017-07-12,,0.0,0.16207197878766033,0.0,172.0,,2017-07,
XW1ONOVO,42.0,22,4,4,2017-07-13,2017-07-23,3420.0,0.9999999999852738,3420.0,10.0,10.0,2017-07,2017-07
100W6J9A,73.0,10,2,2,2017-07-13,2017-07-19,0.0,0.0040532046555707075,0.0,6.0,6.0,2017-07,2017-07
YYRYSVOO,4.0,10,2,4,2017-07-13,2017-07-16,5382.0,1.0,5382.0,3.0,3.0,2017-07,2017-07
P7AX4B3N,65.0,28,3,2,2017-07-13,2017-07-24,0.0,0.5390994103534696,0.0,11.0,11.0,2017-07,2017-07
GC1TSADL,22.0,28,2,4,2017-07-13,2017-07-18,5703.0,1.0,5703.0,5.0,5.0,2017-07,2017-07
QF1I965E,49.0,15,4,4,2017-07-13,2017-09-30,3340.0,0.9999999999813007,3340.0,79.0,79.0,2017-07,2017-09
P93UCMW8,36.0,26,4,2,2017-07-13,2017-07-15,0.0,0.0038417915442498164,0.0,2.0,2.0,2017-07,2017-07
YKBRF0NG,50.0,31,6,4,2017-07-13,2017-08-09,1014.0,0.9901864749065441,1014.0,27.0,27.0,2017-07,2017-08
OP2DIRC2,38.0,4,1,4,2017-07-13,2017-07-19,536.0,0.8960598435722595,536.0,6.0,6.0,2017-07,2017-07
VIHXI2JA,44.0,27,6,2,2017-07-13,2017-07-14,0.0,0.008258596852877501,0.0,1.0,1.0,2017-07,2017-07
IC4J0BIZ,11.0,9,1,4,2017-07-13,2017-07-24,550.0,0.8873244295965336,550.0,11.0,11.0,2017-07,2017-07
BNMJAOF4,30.0,9,1,4,2017-07-13,2017-09-28,469.0,0.9135567010886128,469.0,77.0,77.0,2017-07,2017-09
VSWHUBD0,59.0,9,1,4,2017-07-13,2017-07-14,585.0,0.9511670823871899,585.0,1.0,1.0,2017-07,2017-07
7ZWN0JO9,62.0,9,6,4,2017-07-13,2017-08-29,943.0,0.9745998778531657,943.0,47.0,47.0,2017-07,2017-08
KLPVD6LR,5.0,21,1,2,2017-07-13,2017-07-21,0.0,0.12936894672464969,0.0,8.0,8.0,2017-07,2017-07
U3M8XTMY,56.0,21,6,4,2017-07-13,2017-08-01,1319.0,0.9996039979406925,1319.0,19.0,19.0,2017-07,2017-08
P89VI9EN,8.0,21,2,4,2017-07-13,2017-07-22,5873.0,1.0,5873.0,9.0,9.0,2017-07,2017-07
4LOHS2AJ,,14,3,1,2017-07-13,,0.0,0.7142537474152584,0.0,171.0,,2017-07,
SPUXDRGN,42.0,24,4,2,2017-07-13,2017-08-28,0.0,0.0031575149015244624,0.0,46.0,46.0,2017-07,2017-08
PDIYRBQJ,47.0,33,6,2,2017-07-13,2017-07-15,0.0,0.00583123263478331,0.0,2.0,2.0,2017-07,2017-07
185PGG0J,73.0,1,3,4,2017-07-14,2017-07-17,44.0,0.686339300951513,44.0,3.0,3.0,2017-07,2017-07
QQ5LW9HV,56.0,22,4,2,2017-07-14,2017-07-26,0.0,0.004236084478132998,0.0,12.0,12.0,2017-07,2017-07
8EF4D82U,49.0,22,2,4,2017-07-14,2017-09-14,3834.0,0.9999999999997857,3834.0,62.0,62.0,2017-07,2017-09
GFMLCHB0,81.0,19,6,2,2017-07-14,2017-07-21,0.0,0.008465968227243827,0.0,7.0,7.0,2017-07,2017-07
TFS537LA,40.0,19,5,2,2017-07-14,2017-07-15,0.0,0.005357193467925205,0.0,1.0,1.0,2017-07,2017-07
2X86737Q,38.0,2,5,4,2017-07-14,2017-07-16,5537.0,1.0,5537.0,2.0,2.0,2017-07,2017-07
HSZOPWWT,20.0,13,1,4,2017-07-14,2017-09-15,530.0,0.9225310616181679,530.0,63.0,63.0,2017-07,2017-09
1KVGSF08,44.0,13,5,4,2017-07-14,2017-09-23,4989.0,1.0,4989.0,71.0,71.0,2017-07,2017-09
UDFMSH1S,68.0,10,5,2,2017-07-14,2017-07-25,0.0,0.005761475553286144,0.0,11.0,11.0,2017-07,2017-07
516C0X9F,67.0,10,6,4,2017-07-14,2017-07-26,1144.0,0.9950731917124574,1144.0,12.0,12.0,2017-07,2017-07
DPAEMTHC,44.0,20,1,2,2017-07-14,2017-07-15,0.0,0.08025261926931741,0.0,1.0,1.0,2017-07,2017-07
A6T69X6T,77.0,28,4,2,2017-07-14,2017-09-08,0.0,0.002235776347784822,0.0,56.0,56.0,2017-07,2017-09
DDD515FB,77.0,26,4,4,2017-07-14,2017-07-15,3362.0,0.9999999999692943,3362.0,1.0,1.0,2017-07,2017-07
6GKGGY0U,33.0,30,2,2,2017-07-14,2017-07-25,0.0,0.003940882636736629,0.0,11.0,11.0,2017-07,2017-07
8M6TB2ZX,32.0,30,5,4,2017-07-14,2017-07-21,5013.0,1.0,5013.0,7.0,7.0,2017-07,2017-07
8JH8YA79,,32,1,1,2017-07-14,,0.0,0.23011222018487035,0.0,170.0,,2017-07,
BABQISCH,35.0,32,1,2,2017-07-14,2017-07-15,0.0,0.09125900865578215,0.0,1.0,1.0,2017-07,2017-07
T46KPPNB,6.0,31,6,2,2017-07-14,2017-07-16,0.0,0.009490037741698843,0.0,2.0,2.0,2017-07,2017-07
9CE6F4NZ,55.0,31,1,4,2017-07-14,2017-08-27,431.0,0.7886295949054462,431.0,44.0,44.0,2017-07,2017-08
Z9KNL9A1,34.0,31,2,4,2017-07-14,2017-07-24,5161.0,1.0,5161.0,10.0,10.0,2017-07,2017-07
7JBR36G8,28.0,4,1,4,2017-07-14,2017-07-16,579.0,0.8917885622792578,579.0,2.0,2.0,2017-07,2017-07
EYTBRK2B,76.0,4,4,4,2017-07-14,2017-07-24,3411.0,0.9999999999833107,3411.0,10.0,10.0,2017-07,2017-07
KFXZNC4N,77.0,27,3,2,2017-07-14,2017-09-11,0.0,0.3475681655907577,0.0,59.0,59.0,2017-07,2017-09
SJ62BMK5,55.0,27,4,4,2017-07-14,2017-07-15,3973.0,0.9999999999997902,3973.0,1.0,1.0,2017-07,2017-07
YDJV1DFE,59.0,9,4,2,2017-07-14,2017-11-09,0.0,0.005310609655226431,0.0,118.0,118.0,2017-07,2017-11
GHDAXC7T,81.0,21,6,4,2017-07-14,2017-07-15,1029.0,0.9918266778729476,1029.0,1.0,1.0,2017-07,2017-07
FQQ2JJZ1,27.0,14,3,4,2017-07-14,2017-07-23,59.0,0.6282035417841237,59.0,9.0,9.0,2017-07,2017-07
NCJJBWU3,29.0,3,3,2,2017-07-14,2017-07-22,0.0,0.47873732265621005,0.0,8.0,8.0,2017-07,2017-07
8BYEALF9,,24,3,1,2017-07-14,,0.0,0.726223089792066,0.0,170.0,,2017-07,
8SGMUWET,32.0,24,1,4,2017-07-14,2017-09-29,534.0,0.959901444343857,534.0,77.0,77.0,2017-07,2017-09
3KVS08NL,40.0,12,3,4,2017-07-14,2017-07-15,48.0,0.6823521230835227,48.0,1.0,1.0,2017-07,2017-07
CLIIR1T0,24.0,33,3,4,2017-07-14,2017-07-25,57.0,0.6971409539600579,57.0,11.0,11.0,2017-07,2017-07
PHXX81YF,20.0,18,5,2,2017-07-15,2017-07-17,0.0,0.0029917350236166955,0.0,2.0,2.0,2017-07,2017-07
6K7LDRKR,66.0,10,5,4,2017-07-15,2017-11-11,4009.0,0.9999999999999876,4009.0,119.0,119.0,2017-07,2017-11
J6UOUH6Y,15.0,10,4,4,2017-07-15,2017-09-03,3255.0,0.9999999999431826,3255.0,50.0,50.0,2017-07,2017-09
2EYTB3PX,12.0,20,4,4,2017-07-15,2017-07-25,3724.0,0.9999999999991991,3724.0,10.0,10.0,2017-07,2017-07
1U945R0D,14.0,28,4,2,2017-07-15,2017-07-16,0.0,0.005620212779476841,0.0,1.0,1.0,2017-07,2017-07
FX4D649Y,21.0,26,6,2,2017-07-15,2017-07-24,0.0,0.010074238833556815,0.0,9.0,9.0,2017-07,2017-07
4QBSY3CB,31.0,30,6,2,2017-07-15,2017-08-26,0.0,0.011510567951283107,0.0,42.0,42.0,2017-07,2017-08
ZWVRS27V,60.0,6,3,2,2017-07-15,2017-11-04,0.0,0.738347490619312,0.0,112.0,112.0,2017-07,2017-11
8BBXNESQ,46.0,31,5,2,2017-07-15,2017-07-22,0.0,0.004434010774600571,0.0,7.0,7.0,2017-07,2017-07
3JJ7YI88,30.0,4,3,2,2017-07-15,2017-07-16,0.0,0.5250830856486485,0.0,1.0,1.0,2017-07,2017-07
AKMDEG3I,22.0,27,4,2,2017-07-15,2017-07-17,0.0,0.0022235735489341737,0.0,2.0,2.0,2017-07,2017-07
568NS3GO,10.0,27,4,4,2017-07-15,2017-08-27,2791.0,0.9999999960369483,2791.0,43.0,43.0,2017-07,2017-08
YVDQ80A0,,34,6,1,2017-07-15,,0.0,0.02390009157986784,0.0,169.0,,2017-07,
TQLO6QP6,9.0,9,4,4,2017-07-15,2017-09-02,3501.0,0.999999999993896,3501.0,49.0,49.0,2017-07,2017-09
DLVEVD9O,80.0,21,5,2,2017-07-15,2017-07-27,0.0,0.00954879551288896,0.0,12.0,12.0,2017-07,2017-07
C75RV9DY,26.0,21,1,4,2017-07-15,2017-07-16,555.0,0.9280875326970214,555.0,1.0,1.0,2017-07,2017-07
CI9S6CST,,25,3,1,2017-07-15,,0.0,0.6751623628827363,0.0,169.0,,2017-07,
EUQCW0ZA,47.0,25,1,4,2017-07-15,2017-07-23,650.0,0.9528327887111759,650.0,8.0,8.0,2017-07,2017-07
CEOMZE9H,50.0,24,1,2,2017-07-15,2017-07-26,0.0,0.09190873026877817,0.0,11.0,11.0,2017-07,2017-07
TT5QRQTF,44.0,24,3,4,2017-07-15,2017-07-21,61.0,0.6905157619988458,61.0,6.0,6.0,2017-07,2017-07
5NXD4U83,51.0,24,3,4,2017-07-15,2017-07-17,54.0,0.7066847767055755,54.0,2.0,2.0,2017-07,2017-07
1IL51ZIW,12.0,12,3,2,2017-07-15,2017-07-22,0.0,0.6282709888845297,0.0,7.0,7.0,2017-07,2017-07
CM33NN0P,63.0,16,4,2,2017-07-15,2017-07-23,0.0,0.0042838512133282275,0.0,8.0,8.0,2017-07,2017-07
P3QQIMTA,60.0,1,1,2,2017-07-16,2017-07-24,0.0,0.1609003247944545,0.0,8.0,8.0,2017-07,2017-07
WB1CQNJU,25.0,1,4,2,2017-07-16,2017-07-17,0.0,0.003017990753729923,0.0,1.0,1.0,2017-07,2017-07
OQYDQCTM,57.0,1,3,4,2017-07-16,2017-07-25,59.0,0.7721598314172908,59.0,9.0,9.0,2017-07,2017-07
ISQJD695,70.0,22,1,1,2017-07-16,,0.0,0.22002307786090558,0.0,168.0,,2017-07,
M1VNX1D7,1.0,19,2,4,2017-07-16,2017-07-28,5318.0,1.0,5318.0,12.0,12.0,2017-07,2017-07
TWO2Q99P,13.0,2,5,4,2017-07-16,2017-09-30,5753.0,1.0,5753.0,76.0,76.0,2017-07,2017-09
72UVDOKU,45.0,2,3,4,2017-07-16,2017-07-24,62.0,0.6744964899524388,62.0,8.0,8.0,2017-07,2017-07
DMSQ0TSG,39.0,2,4,4,2017-07-16,2017-08-12,3146.0,0.9999999998572895,3146.0,27.0,27.0,2017-07,2017-08
FEWIDJGH,60.0,10,1,4,2017-07-16,2017-07-18,538.0,0.9508293892749394,538.0,2.0,2.0,2017-07,2017-07
AUZM3MLU,3.0,10,6,4,2017-07-16,2017-09-18,1071.0,0.9949882364510597,1071.0,64.0,64.0,2017-07,2017-09
GS2CLR52,3.0,10,2,4,2017-07-16,2017-07-17,4488.0,0.9999999999999991,4488.0,1.0,1.0,2017-07,2017-07
HYP3SXPV,39.0,10,4,4,2017-07-16,2017-08-02,2837.0,0.9999999973178499,2837.0,17.0,17.0,2017-07,2017-08
9G93P7SV,42.0,20,4,4,2017-07-16,2017-09-30,3593.0,0.9999999999966245,3593.0,76.0,76.0,2017-07,2017-09
7XSAHM67,36.0,28,1,4,2017-07-16,2017-09-28,583.0,0.9589669303480833,583.0,74.0,74.0,2017-07,2017-09
M2A8EY5Q,,26,5,1,2017-07-16,,0.0,0.014108209358258034,0.0,168.0,,2017-07,
N7MDRJ01,39.0,6,1,2,2017-07-16,2017-07-25,0.0,0.09349763076397227,0.0,9.0,9.0,2017-07,2017-07
4ID56TXX,28.0,6,4,2,2017-07-16,2017-07-28,0.0,0.002527390062583884,0.0,12.0,12.0,2017-07,2017-07
ZOX0FW5W,61.0,32,2,2,2017-07-16,2017-07-23,0.0,0.007247450847713005,0.0,7.0,7.0,2017-07,2017-07
4SFRUL8J,46.0,32,4,2,2017-07-16,2017-07-22,0.0,0.003837293055199215,0.0,6.0,6.0,2017-07,2017-07
UB2UAI38,64.0,32,6,4,2017-07-16,2017-07-21,1109.0,0.9970635928438015,1109.0,5.0,5.0,2017-07,2017-07
B00OD1IF,83.0,32,6,4,2017-07-16,2017-07-23,1106.0,0.9969949299836183,1106.0,7.0,7.0,2017-07,2017-07
OGO6SNTQ,55.0,31,5,2,2017-07-16,2017-07-24,0.0,0.003037102898932908,0.0,8.0,8.0,2017-07,2017-07
I6ZC5V1K,46.0,31,5,4,2017-07-16,2017-07-26,5008.0,1.0,5008.0,10.0,10.0,2017-07,2017-07
1N3G9WG2,79.0,31,2,4,2017-07-16,2017-07-19,5621.0,1.0,5621.0,3.0,3.0,2017-07,2017-07
JHNXPUNX,57.0,4,1,4,2017-07-16,2017-07-17,550.0,0.9326082370786507,550.0,1.0,1.0,2017-07,2017-07
NPHD3ZTC,57.0,5,1,4,2017-07-16,2017-09-03,574.0,0.96498091029556,574.0,49.0,49.0,2017-07,2017-09
06KTPHYC,36.0,25,4,2,2017-07-16,2017-07-24,0.0,0.0024684194231413365,0.0,8.0,8.0,2017-07,2017-07
YCA44Q4U,43.0,16,3,4,2017-07-16,2017-07-25,52.0,0.5943800825590503,52.0,9.0,9.0,2017-07,2017-07
FR4GTSEQ,77.0,33,1,4,2017-07-16,2017-09-15,477.0,0.8068829786918996,477.0,61.0,61.0,2017-07,2017-09
S46ZLF3G,3.0,1,1,2,2017-07-17,2017-07-26,0.0,0.10650355534650396,0.0,9.0,9.0,2017-07,2017-07
WHZEK68G,68.0,1,3,2,2017-07-17,2017-07-22,0.0,0.6125485062847049,0.0,5.0,5.0,2017-07,2017-07
3CB3WNBM,43.0,22,1,1,2017-07-17,,0.0,0.16714839044252358,0.0,167.0,,2017-07,
EJDRMHNC,,22,3,1,2017-07-17,,0.0,0.7392958242546045,0.0,167.0,,2017-07,
O8C2G4G2,,19,4,1,2017-07-17,,0.0,0.007859694954953733,0.0,167.0,,2017-07,
DAJBIHBZ,63.0,19,4,2,2017-07-17,2017-07-28,0.0,0.0038092923787227525,0.0,11.0,11.0,2017-07,2017-07
P6BJ24ZP,56.0,19,6,4,2017-07-17,2017-07-20,1202.0,0.9983389807344586,1202.0,3.0,3.0,2017-07,2017-07
XORHQFNJ,25.0,2,4,2,2017-07-17,2017-08-05,0.0,0.0028966442339459883,0.0,19.0,19.0,2017-07,2017-08
ZFRPQV2M,25.0,2,3,4,2017-07-17,2017-11-03,51.0,0.6889148972146247,51.0,109.0,109.0,2017-07,2017-11
RVRBCZAI,42.0,18,6,2,2017-07-17,2017-07-18,0.0,0.0077776650932056286,0.0,1.0,1.0,2017-07,2017-07
2897DN4S,23.0,10,6,2,2017-07-17,2017-07-18,0.0,0.008552832464475083,0.0,1.0,1.0,2017-07,2017-07
1DIL2X16,60.0,10,2,2,2017-07-17,2017-07-28,0.0,0.005685457026571757,0.0,11.0,11.0,2017-07,2017-07
BMQEY089,62.0,10,6,4,2017-07-17,2017-09-16,1203.0,0.9982388794187448,1203.0,61.0,61.0,2017-07,2017-09
CYOJ4G39,39.0,10,2,4,2017-07-17,2017-07-19,5673.0,1.0,5673.0,2.0,2.0,2017-07,2017-07
5IOG6X00,27.0,20,5,4,2017-07-17,2017-09-08,6205.0,1.0,6205.0,53.0,53.0,2017-07,2017-09
HBN3R2TJ,,28,4,1,2017-07-17,,0.0,0.0075263394660228106,0.0,167.0,,2017-07,
QG6BCBXM,65.0,28,5,2,2017-07-17,2017-08-03,0.0,0.00492776652834814,0.0,17.0,17.0,2017-07,2017-08
CAXTE48L,10.0,26,4,4,2017-07-17,2017-07-24,3363.0,0.9999999999855353,3363.0,7.0,7.0,2017-07,2017-07
OO3BM7A9,44.0,26,4,4,2017-07-17,2017-11-03,3700.0,0.9999999999995306,3700.0,109.0,109.0,2017-07,2017-11
NYPU55W4,42.0,30,2,2,2017-07-17,2017-11-01,0.0,0.004638564925931188,0.0,107.0,107.0,2017-07,2017-11
VE334W2U,11.0,6,1,4,2017-07-17,2017-09-23,546.0,0.9355608256887535,546.0,68.0,68.0,2017-07,2017-09
AX7WS66G,72.0,6,1,4,2017-07-17,2017-07-24,617.0,0.9651479159458884,617.0,7.0,7.0,2017-07,2017-07
OB8UCQ17,76.0,6,1,4,2017-07-17,2017-07-26,490.0,0.9196670784442496,490.0,9.0,9.0,2017-07,2017-07
BV4JZ4G8,44.0,32,1,2,2017-07-17,2017-07-19,0.0,0.12425852327119868,0.0,2.0,2.0,2017-07,2017-07
8CV5MZWW,50.0,32,1,2,2017-07-17,2017-07-21,0.0,0.10568977599607687,0.0,4.0,4.0,2017-07,2017-07
3L965RUK,42.0,31,4,4,2017-07-17,2017-07-26,3665.0,0.9999999999981952,3665.0,9.0,9.0,2017-07,2017-07
RZ8HI1Y5,76.0,4,6,2,2017-07-17,2017-07-24,0.0,0.008855594045870508,0.0,7.0,7.0,2017-07,2017-07
IYKSBD0U,35.0,27,4,2,2017-07-17,2017-07-18,0.0,0.0018282179763676218,0.0,1.0,1.0,2017-07,2017-07
YVGDC8L2,57.0,7,3,4,2017-07-17,2017-07-26,53.0,0.7672121996815869,53.0,9.0,9.0,2017-07,2017-07
JZU0JH07,24.0,34,6,2,2017-07-17,2017-09-28,0.0,0.020939401008474474,0.0,73.0,73.0,2017-07,2017-09
ZEWNPF3K,64.0,34,6,4,2017-07-17,2017-11-13,1075.0,0.9967966627923492,1075.0,119.0,119.0,2017-07,2017-11
6T64JWH9,65.0,34,2,4,2017-07-17,2017-07-25,4683.0,0.9999999999999998,4683.0,8.0,8.0,2017-07,2017-07
E7RTG575,67.0,9,6,4,2017-07-17,2017-07-27,1114.0,0.9910403050548408,1114.0,10.0,10.0,2017-07,2017-07
I9U5PCM3,2.0,21,2,4,2017-07-17,2017-11-17,5452.0,1.0,5452.0,123.0,123.0,2017-07,2017-11
H1Y2W48V,34.0,25,2,4,2017-07-17,2017-09-07,5561.0,1.0,5561.0,52.0,52.0,2017-07,2017-09
YFNRXR7X,56.0,14,3,4,2017-07-17,2017-07-25,57.0,0.6641409116273743,57.0,8.0,8.0,2017-07,2017-07
9MZPL59I,68.0,3,3,2,2017-07-17,2017-08-03,0.0,0.6163255455178268,0.0,17.0,17.0,2017-07,2017-08
7A3R2M9T,65.0,24,5,1,2017-07-17,,0.0,0.01270949334591841,0.0,167.0,,2017-07,
1RL933VJ,42.0,24,2,2,2017-07-17,2017-09-22,0.0,0.00369717120544146,0.0,67.0,67.0,2017-07,2017-09
GAE0E4RI,10.0,24,4,2,2017-07-17,2017-07-29,0.0,0.004024173976762933,0.0,12.0,12.0,2017-07,2017-07
VBN56JMP,32.0,24,1,4,2017-07-17,2017-07-18,496.0,0.923449711888757,496.0,1.0,1.0,2017-07,2017-07
7ITUU2YO,47.0,24,2,4,2017-07-17,2017-09-17,5054.0,1.0,5054.0,62.0,62.0,2017-07,2017-09
NDLX894H,7.0,12,3,2,2017-07-17,2017-07-18,0.0,0.4849741871363292,0.0,1.0,1.0,2017-07,2017-07
6ALH2N0I,27.0,12,3,4,2017-07-17,2017-08-20,55.0,0.6815114876912337,55.0,34.0,34.0,2017-07,2017-08
G8XGVIG2,47.0,33,6,2,2017-07-17,2017-07-26,0.0,0.006070923550622494,0.0,9.0,9.0,2017-07,2017-07
HCR2GJ3O,77.0,33,2,2,2017-07-17,2017-07-27,0.0,0.0016617495329394052,0.0,10.0,10.0,2017-07,2017-07
QABD6SAS,64.0,33,6,4,2017-07-17,2017-09-21,1064.0,0.9946882659047095,1064.0,66.0,66.0,2017-07,2017-09
GUJCRHYU,32.0,33,2,4,2017-07-17,2017-07-28,5268.0,1.0,5268.0,11.0,11.0,2017-07,2017-07
SHKTBB71,12.0,1,3,4,2017-07-18,2017-07-27,54.0,0.7554421764409668,54.0,9.0,9.0,2017-07,2017-07
G0L0B1QC,53.0,19,4,4,2017-07-18,2017-07-28,3407.0,0.9999999999801172,3407.0,10.0,10.0,2017-07,2017-07
O28I4VDY,,13,6,1,2017-07-18,,0.0,0.028137059110130785,0.0,166.0,,2017-07,
3YC624RD,8.0,18,1,2,2017-07-18,2017-08-05,0.0,0.11969181430784448,0.0,18.0,18.0,2017-07,2017-08
715TBGPE,60.0,10,2,2,2017-07-18,2017-08-30,0.0,0.006514608960483746,0.0,43.0,43.0,2017-07,2017-08
1Q3JQFAU,15.0,10,3,2,2017-07-18,2017-07-26,0.0,0.48958287702157643,0.0,8.0,8.0,2017-07,2017-07
O3K5RKMI,73.0,10,6,4,2017-07-18,2017-07-19,752.0,0.9107340475014668,752.0,1.0,1.0,2017-07,2017-07
75P6HFA0,67.0,10,4,4,2017-07-18,2017-09-03,3727.0,0.9999999999988378,3727.0,47.0,47.0,2017-07,2017-09
NE0XCH5E,12.0,28,3,2,2017-07-18,2017-07-31,0.0,0.6011626343253469,0.0,13.0,13.0,2017-07,2017-07
W01768VM,83.0,28,1,4,2017-07-18,2017-07-28,532.0,0.9352906809006739,532.0,10.0,10.0,2017-07,2017-07
38CPLDAR,78.0,15,5,2,2017-07-18,2017-07-30,0.0,0.0037893318744028053,0.0,12.0,12.0,2017-07,2017-07
TZRNKT72,36.0,8,5,2,2017-07-18,2017-07-23,0.0,0.003950058797142661,0.0,5.0,5.0,2017-07,2017-07
4LXAW8CH,38.0,8,5,2,2017-07-18,2017-08-07,0.0,0.004330527080281819,0.0,20.0,20.0,2017-07,2017-08
GOGIZWW6,12.0,8,4,4,2017-07-18,2017-09-27,3139.0,0.9999999999005549,3139.0,71.0,71.0,2017-07,2017-09
DOPOI0R5,24.0,26,4,4,2017-07-18,2017-07-28,3403.0,0.9999999999925635,3403.0,10.0,10.0,2017-07,2017-07
XRWMLGOG,,30,4,1,2017-07-18,,0.0,0.008525544249977557,0.0,166.0,,2017-07,
69V1WQLK,55.0,30,5,4,2017-07-18,2017-07-27,5440.0,1.0,5440.0,9.0,9.0,2017-07,2017-07
FEDXQCKJ,29.0,7,5,4,2017-07-18,2017-07-26,5698.0,1.0,5698.0,8.0,8.0,2017-07,2017-07
MIXJ9F4F,,34,6,1,2017-07-18,,0.0,0.02349826694828206,0.0,166.0,,2017-07,
RSP75BOI,68.0,5,5,2,2017-07-18,2017-07-19,0.0,0.004914545096828759,0.0,1.0,1.0,2017-07,2017-07
CKDPWHTZ,28.0,5,1,4,2017-07-18,2017-07-28,563.0,0.9091238433987492,563.0,10.0,10.0,2017-07,2017-07
ECBFFQL0,66.0,9,1,2,2017-07-18,2017-07-28,0.0,0.14954726800729146,0.0,10.0,10.0,2017-07,2017-07
Z8HW4Z9W,42.0,14,1,2,2017-07-18,2017-07-26,0.0,0.07114942367946733,0.0,8.0,8.0,2017-07,2017-07
0KVZKA5T,44.0,24,3,2,2017-07-18,2017-07-25,0.0,0.564503542243608,0.0,7.0,7.0,2017-07,2017-07
944H7LRC,65.0,24,5,4,2017-07-18,2017-07-27,4673.0,1.0,4673.0,9.0,9.0,2017-07,2017-07
F0OWRRLN,44.0,24,4,4,2017-07-18,2017-07-28,3405.0,0.999999999987593,3405.0,10.0,10.0,2017-07,2017-07
39EYEBMK,,12,1,1,2017-07-18,,0.0,0.2115167627253968,0.0,166.0,,2017-07,
P4RLJHR3,74.0,12,1,4,2017-07-18,2017-11-15,566.0,0.9512520487450848,566.0,120.0,120.0,2017-07,2017-11
M10S36W3,44.0,16,5,4,2017-07-18,2017-11-06,5559.0,1.0,5559.0,111.0,111.0,2017-07,2017-11
HT8UEA0H,61.0,33,2,2,2017-07-18,2017-07-25,0.0,0.0046481649837577564,0.0,7.0,7.0,2017-07,2017-07
GR6C7GQ9,32.0,33,2,4,2017-07-18,2017-09-16,4797.0,1.0,4797.0,60.0,60.0,2017-07,2017-09
LAYVBSH4,,1,1,1,2017-07-19,,0.0,0.2286401227913555,0.0,165.0,,2017-07,
055Z2OAS,19.0,1,3,1,2017-07-19,,0.0,0.8345219063375114,0.0,165.0,,2017-07,
Q9VC6GV0,45.0,1,3,1,2017-07-19,,0.0,0.7643541607743365,0.0,165.0,,2017-07,
G11DEJSL,19.0,1,3,2,2017-07-19,2017-07-30,0.0,0.6740376341385357,0.0,11.0,11.0,2017-07,2017-07
BP45IP77,3.0,1,3,4,2017-07-19,2017-07-25,53.0,0.6706876626779694,53.0,6.0,6.0,2017-07,2017-07
3XJI7AD8,84.0,19,4,2,2017-07-19,2017-09-27,0.0,0.005810497268799136,0.0,70.0,70.0,2017-07,2017-09
8D8JOXP6,,2,3,1,2017-07-19,,0.0,0.7437707376639461,0.0,165.0,,2017-07,
IPHP2GVT,,2,3,1,2017-07-19,,0.0,0.7437707376639461,0.0,165.0,,2017-07,
XP7YG96H,18.0,13,6,4,2017-07-19,2017-07-30,955.0,0.990902220006598,955.0,11.0,11.0,2017-07,2017-07
GP4JNSJY,80.0,18,5,2,2017-07-19,2017-07-30,0.0,0.006389683601195079,0.0,11.0,11.0,2017-07,2017-07
X8M3SCVF,,10,1,1,2017-07-19,,0.0,0.19647708675230807,0.0,165.0,,2017-07,
I3KQNE9V,39.0,10,5,1,2017-07-19,,0.0,0.010617052316268204,0.0,165.0,,2017-07,
NU4ACGMY,,10,2,1,2017-07-19,,0.0,0.00861181874701302,0.0,165.0,,2017-07,
EBVL81O5,3.0,10,2,2,2017-07-19,2017-07-22,0.0,0.003362631147275928,0.0,3.0,3.0,2017-07,2017-07
NDHQMBA0,29.0,10,6,4,2017-07-19,2017-08-03,1060.0,0.9903464702724238,1060.0,15.0,15.0,2017-07,2017-08
XV03TJV1,30.0,10,2,4,2017-07-19,2017-07-26,5401.0,1.0,5401.0,7.0,7.0,2017-07,2017-07
CCLIVXMG,,28,2,1,2017-07-19,,0.0,0.008095361009120259,0.0,165.0,,2017-07,
FQ5A489H,42.0,15,5,4,2017-07-19,2017-07-26,4895.0,1.0,4895.0,7.0,7.0,2017-07,2017-07
3PZ6Y6AJ,73.0,8,5,4,2017-07-19,2017-07-21,4907.0,1.0,4907.0,2.0,2.0,2017-07,2017-07
LDK61ORQ,78.0,26,3,1,2017-07-19,,0.0,0.7227730882238765,0.0,165.0,,2017-07,
564Y2IOV,79.0,26,4,2,2017-07-19,2017-07-29,0.0,0.004310706389293386,0.0,10.0,10.0,2017-07,2017-07
W7VULS00,70.0,26,6,4,2017-07-19,2017-09-30,1170.0,0.9985335656981885,1170.0,73.0,73.0,2017-07,2017-09
PLW3NMLJ,22.0,26,4,4,2017-07-19,2017-07-28,2718.0,0.9999999944883511,2718.0,9.0,9.0,2017-07,2017-07
MMVGTXDB,55.0,30,3,2,2017-07-19,2017-08-30,0.0,0.47849759808772907,0.0,42.0,42.0,2017-07,2017-08
PQOHTS9I,38.0,6,2,1,2017-07-19,,0.0,0.009966779659382726,0.0,165.0,,2017-07,
6UCZ36IC,42.0,32,1,2,2017-07-19,2017-11-04,0.0,0.12756596510481952,0.0,108.0,108.0,2017-07,2017-11
4IC989F8,33.0,31,1,2,2017-07-19,2017-07-30,0.0,0.09087574793280703,0.0,11.0,11.0,2017-07,2017-07
Y5FM7TJT,54.0,31,3,2,2017-07-19,2017-07-21,0.0,0.43516800685101886,0.0,2.0,2.0,2017-07,2017-07
OB3K0SVW,32.0,31,1,4,2017-07-19,2017-08-08,624.0,0.9755952711123321,624.0,20.0,20.0,2017-07,2017-08
LORMJLTE,45.0,4,6,1,2017-07-19,,0.0,0.017361584333380795,0.0,165.0,,2017-07,
HIVUC1C4,,4,3,1,2017-07-19,,0.0,0.6403402854521179,0.0,165.0,,2017-07,
WWOCI25Z,39.0,4,5,2,2017-07-19,2017-07-30,0.0,0.0029600518809416022,0.0,11.0,11.0,2017-07,2017-07
1UFFP5T3,9.0,4,4,2,2017-07-19,2017-08-02,0.0,0.0027153242856253344,0.0,14.0,14.0,2017-07,2017-08
ALMZ6ZUI,28.0,4,1,4,2017-07-19,2017-07-29,537.0,0.8553941302563168,537.0,10.0,10.0,2017-07,2017-07
B4UIGJRX,19.0,4,6,4,2017-07-19,2017-07-30,1089.0,0.9950937877269248,1089.0,11.0,11.0,2017-07,2017-07
ZCAEQT06,11.0,4,4,4,2017-07-19,2017-07-27,3352.0,0.9999999999521303,3352.0,8.0,8.0,2017-07,2017-07
XBO6IN0E,58.0,27,2,2,2017-07-19,2017-11-01,0.0,0.005310364074534883,0.0,105.0,105.0,2017-07,2017-11
U1SBKB0U,64.0,27,1,4,2017-07-19,2017-07-23,535.0,0.9108047188648906,535.0,4.0,4.0,2017-07,2017-07
E3XLWCWX,52.0,7,5,1,2017-07-19,,0.0,0.019409342299839434,0.0,165.0,,2017-07,
7LD79NYD,,7,4,1,2017-07-19,,0.0,0.00982963386065918,0.0,165.0,,2017-07,
8S7IAR2D,57.0,7,1,4,2017-07-19,2017-09-25,571.0,0.9763324593498967,571.0,68.0,68.0,2017-07,2017-09
RWQKOD1W,10.0,34,4,4,2017-07-19,2017-09-29,3535.0,0.9999999999968814,3535.0,72.0,72.0,2017-07,2017-09
BKOWQMMV,,5,1,1,2017-07-19,,0.0,0.18087728067735917,0.0,165.0,,2017-07,
6TOOTFQV,4.0,5,4,4,2017-07-19,2017-07-27,3985.0,0.9999999999999161,3985.0,8.0,8.0,2017-07,2017-07
2WDSO6PG,35.0,9,1,1,2017-07-19,,0.0,0.1368876029569064,0.0,165.0,,2017-07,
I776MNA8,48.0,14,4,4,2017-07-19,2017-07-21,3568.0,0.9999999999961178,3568.0,2.0,2.0,2017-07,2017-07
IQFDPIND,,3,1,1,2017-07-19,,0.0,0.22771638071480194,0.0,165.0,,2017-07,
VG17J29L,4.0,3,3,2,2017-07-19,2017-07-29,0.0,0.5874857066936876,0.0,10.0,10.0,2017-07,2017-07
F7R8ICT8,25.0,3,3,4,2017-07-19,2017-07-27,65.0,0.6505101321196944,65.0,8.0,8.0,2017-07,2017-07
KULR6FMD,25.0,3,3,4,2017-07-19,2017-07-25,47.0,0.610103019115402,47.0,6.0,6.0,2017-07,2017-07
JHCA115A,33.0,24,2,1,2017-07-19,,0.0,0.008717510252477419,0.0,165.0,,2017-07,
DMG5EOFC,47.0,12,4,1,2017-07-19,,0.0,0.006641492075955042,0.0,165.0,,2017-07,
ZGFB0IF1,,1,6,1,2017-07-20,,0.0,0.03018306585550925,0.0,164.0,,2017-07,
LD4F6QTP,34.0,1,5,1,2017-07-20,,0.0,0.012078760535187258,0.0,164.0,,2017-07,
1FEHFRKX,46.0,1,5,1,2017-07-20,,0.0,0.013739288831349604,0.0,164.0,,2017-07,
DNBR1VHP,63.0,1,3,1,2017-07-20,,0.0,0.7911167413832743,0.0,164.0,,2017-07,
1R2CLEGQ,,1,3,1,2017-07-20,,0.0,0.7607788474628646,0.0,164.0,,2017-07,
KOG75BRP,59.0,1,6,2,2017-07-20,2017-11-11,0.0,0.027429687918962116,0.0,114.0,114.0,2017-07,2017-11
SV3T5L5N,59.0,1,6,4,2017-07-20,2017-07-21,1160.0,0.9983543798871016,1160.0,1.0,1.0,2017-07,2017-07
THRXY3SV,66.0,1,5,4,2017-07-20,2017-08-23,5847.0,1.0,5847.0,34.0,34.0,2017-07,2017-08
9BFHDZOK,42.0,22,4,2,2017-07-20,2017-07-30,0.0,0.0029271390880087843,0.0,10.0,10.0,2017-07,2017-07
IHOU09D6,80.0,22,6,4,2017-07-20,2017-09-20,1029.0,0.9953917906783899,1029.0,62.0,62.0,2017-07,2017-09
BJWS06GX,52.0,13,5,2,2017-07-20,2017-07-21,0.0,0.006815197441916052,0.0,1.0,1.0,2017-07,2017-07
4IVW7F68,18.0,13,2,2,2017-07-20,2017-07-31,0.0,0.006748168423954313,0.0,11.0,11.0,2017-07,2017-07
NSO0UHK1,,18,6,1,2017-07-20,,0.0,0.023154476807291848,0.0,164.0,,2017-07,
ROSYV895,44.0,18,4,2,2017-07-20,2017-11-09,0.0,0.005578330172768141,0.0,112.0,112.0,2017-07,2017-11
LHBWJAD3,,10,6,1,2017-07-20,,0.0,0.02503124948999475,0.0,164.0,,2017-07,
KRWKDPWW,,10,6,1,2017-07-20,,0.0,0.02503124948999475,0.0,164.0,,2017-07,
6V7FT2YU,,10,2,1,2017-07-20,,0.0,0.008562534033975137,0.0,164.0,,2017-07,
3V7Q3G52,25.0,10,2,2,2017-07-20,2017-07-28,0.0,0.002823253606490076,0.0,8.0,8.0,2017-07,2017-07
4U3OSLNM,30.0,10,2,2,2017-07-20,2017-07-28,0.0,0.005586101289813786,0.0,8.0,8.0,2017-07,2017-07
LX4D50OF,57.0,10,2,2,2017-07-20,2017-08-04,0.0,0.005311381155822533,0.0,15.0,15.0,2017-07,2017-08
CWBHL1S7,66.0,10,2,2,2017-07-20,2017-07-28,0.0,0.008437056596576039,0.0,8.0,8.0,2017-07,2017-07
FCBBJJIJ,4.0,10,4,2,2017-07-20,2017-07-23,0.0,0.0034174231469796105,0.0,3.0,3.0,2017-07,2017-07
1D1L6FJX,73.0,10,2,4,2017-07-20,2017-08-17,5058.0,1.0,5058.0,28.0,28.0,2017-07,2017-08
L2P99XIG,27.0,20,6,2,2017-07-20,2017-09-21,0.0,0.009595906045851425,0.0,63.0,63.0,2017-07,2017-09
DEN2BPRR,63.0,20,2,2,2017-07-20,2017-09-27,0.0,0.003941861253163462,0.0,69.0,69.0,2017-07,2017-09
1QGOH13Z,81.0,20,2,2,2017-07-20,2017-07-28,0.0,0.0021571973090306145,0.0,8.0,8.0,2017-07,2017-07
PCTOIQZA,57.0,8,4,4,2017-07-20,2017-11-14,3552.0,0.9999999999980533,3552.0,117.0,117.0,2017-07,2017-11
OI3UIKVF,45.0,26,6,1,2017-07-20,,0.0,0.03132030622577354,0.0,164.0,,2017-07,
8AK1G9IT,42.0,26,5,4,2017-07-20,2017-11-08,5526.0,1.0,5526.0,111.0,111.0,2017-07,2017-11
GY10EROJ,10.0,6,1,1,2017-07-20,,0.0,0.2513312111133449,0.0,164.0,,2017-07,
90G292UY,,6,1,1,2017-07-20,,0.0,0.21072774292057433,0.0,164.0,,2017-07,
JDHHDOX8,,6,1,1,2017-07-20,,0.0,0.21072774292057433,0.0,164.0,,2017-07,
KTWP0SMT,,6,1,1,2017-07-20,,0.0,0.21072774292057433,0.0,164.0,,2017-07,
29W6WPLA,27.0,6,6,1,2017-07-20,,0.0,0.027835068195959368,0.0,164.0,,2017-07,
CDVDL9I5,,6,6,1,2017-07-20,,0.0,0.02742277013715845,0.0,164.0,,2017-07,
PJ75Q8VM,,6,2,1,2017-07-20,,0.0,0.009395773813617456,0.0,164.0,,2017-07,
0NSRB3EO,,6,3,1,2017-07-20,,0.0,0.7423473232707928,0.0,164.0,,2017-07,
TDJ3N8EJ,43.0,32,4,1,2017-07-20,,0.0,0.007142721742256767,0.0,164.0,,2017-07,
AEMGFUYH,54.0,31,2,4,2017-07-20,2017-07-26,4428.0,0.999999999999998,4428.0,6.0,6.0,2017-07,2017-07
7439NGIG,69.0,7,2,1,2017-07-20,,0.0,0.009939855853421749,0.0,164.0,,2017-07,
6GLF0PU0,64.0,34,1,4,2017-07-20,2017-07-27,523.0,0.9286669889729207,523.0,7.0,7.0,2017-07,2017-07
3JW6CZ7K,,5,1,1,2017-07-20,,0.0,0.18002115269077304,0.0,164.0,,2017-07,
F3EOBN5A,28.0,5,5,1,2017-07-20,,0.0,0.007078660531025254,0.0,164.0,,2017-07,
AERVH1AC,,9,6,1,2017-07-20,,0.0,0.018291163913858703,0.0,164.0,,2017-07,
BBOWBQA6,6.0,9,5,1,2017-07-20,,0.0,0.00803359230198354,0.0,164.0,,2017-07,
908W84Y6,49.0,21,6,2,2017-07-20,2017-07-22,0.0,0.014361927749669061,0.0,2.0,2.0,2017-07,2017-07
48CVYAIE,56.0,21,5,2,2017-07-20,2017-07-30,0.0,0.007672313988335559,0.0,10.0,10.0,2017-07,2017-07
ULY6LFT1,49.0,14,2,4,2017-07-20,2017-07-31,5392.0,1.0,5392.0,11.0,11.0,2017-07,2017-07
IYDR200I,24.0,24,1,2,2017-07-20,2017-07-27,0.0,0.13826320421668636,0.0,7.0,7.0,2017-07,2017-07
2QHB4SYK,82.0,12,3,4,2017-07-20,2017-07-28,55.0,0.7207746808793751,55.0,8.0,8.0,2017-07,2017-07
GEQ7KT9J,56.0,16,6,1,2017-07-20,,0.0,0.03391804520954552,0.0,164.0,,2017-07,
S50ETCN7,,1,6,1,2017-07-21,,0.0,0.030014068148636216,0.0,163.0,,2017-07,
0KRVN3V5,35.0,1,4,1,2017-07-21,,0.0,0.008472195773738953,0.0,163.0,,2017-07,
JNDSA5B4,73.0,1,1,2,2017-07-21,2017-11-06,0.0,0.17124103834917276,0.0,108.0,108.0,2017-07,2017-11
L3DT2WVO,27.0,22,2,4,2017-07-21,2017-11-20,4197.0,0.9999999999999933,4197.0,122.0,122.0,2017-07,2017-11
OCMCRBJR,49.0,22,4,4,2017-07-21,2017-09-18,3830.0,0.9999999999997538,3830.0,59.0,59.0,2017-07,2017-09
II0SKLFO,20.0,19,1,4,2017-07-21,2017-07-30,494.0,0.8593632995571222,494.0,9.0,9.0,2017-07,2017-07
UJ58VMZT,,2,6,1,2017-07-21,,0.0,0.027313029795988476,0.0,163.0,,2017-07,
E8GD44YC,,2,6,1,2017-07-21,,0.0,0.027313029795988476,0.0,163.0,,2017-07,
A3T91VUM,,2,3,1,2017-07-21,,0.0,0.7415580050721592,0.0,163.0,,2017-07,
LIYJSU0E,44.0,18,5,4,2017-07-21,2017-07-22,5118.0,1.0,5118.0,1.0,1.0,2017-07,2017-07
S6YZO6UQ,,10,2,1,2017-07-21,,0.0,0.008513528951078198,0.0,163.0,,2017-07,
PI45UJKA,,10,2,1,2017-07-21,,0.0,0.008513528951078198,0.0,163.0,,2017-07,
T9QD8U1Y,2.0,10,3,1,2017-07-21,,0.0,0.6954772572310802,0.0,163.0,,2017-07,
WLDFQR7Z,8.0,10,4,1,2017-07-21,,0.0,0.011539852461456734,0.0,163.0,,2017-07,
PNISVWNN,61.0,10,4,1,2017-07-21,,0.0,0.013740006289220605,0.0,163.0,,2017-07,
SEDTNUD7,72.0,10,6,4,2017-07-21,2017-07-28,1000.0,0.9881739941671865,1000.0,7.0,7.0,2017-07,2017-07
9UO306XU,13.0,10,2,4,2017-07-21,2017-07-26,5347.0,1.0,5347.0,5.0,5.0,2017-07,2017-07
GN16L9RW,26.0,20,1,2,2017-07-21,2017-07-22,0.0,0.0446207674927573,0.0,1.0,1.0,2017-07,2017-07
GVRA1VJJ,69.0,20,1,2,2017-07-21,2017-07-29,0.0,0.06333348968042717,0.0,8.0,8.0,2017-07,2017-07
TBXMDI2Q,56.0,20,5,4,2017-07-21,2017-08-23,5340.0,1.0,5340.0,33.0,33.0,2017-07,2017-08
0HVUV9OY,,8,1,1,2017-07-21,,0.0,0.1760934450090353,0.0,163.0,,2017-07,
GVJFKHNL,63.0,8,3,1,2017-07-21,,0.0,0.7331028324279368,0.0,163.0,,2017-07,
COSC7XVA,,8,4,1,2017-07-21,,0.0,0.00692555736393606,0.0,163.0,,2017-07,
L6CE1E4L,68.0,8,1,2,2017-07-21,2017-11-17,0.0,0.1456247584892276,0.0,119.0,119.0,2017-07,2017-11
RNCYPVJO,66.0,8,4,4,2017-07-21,2017-07-31,2970.0,0.9999999996454276,2970.0,10.0,10.0,2017-07,2017-07
9UTOQBAH,58.0,30,2,2,2017-07-21,2017-07-28,0.0,0.005893201992829049,0.0,7.0,7.0,2017-07,2017-07
WARBRUXU,66.0,6,1,1,2017-07-21,,0.0,0.39218703652001474,0.0,163.0,,2017-07,
02K37JAK,,6,6,1,2017-07-21,,0.0,0.027268793015390473,0.0,163.0,,2017-07,
6F5TIV66,,6,6,1,2017-07-21,,0.0,0.027268793015390473,0.0,163.0,,2017-07,
HTEAOHFO,,32,1,1,2017-07-21,,0.0,0.22301168859791745,0.0,163.0,,2017-07,
PAUXUGK3,65.0,31,6,4,2017-07-21,2017-07-30,997.0,0.9891474058650499,997.0,9.0,9.0,2017-07,2017-07
VJ9K12PY,,4,3,1,2017-07-21,,0.0,0.6376694784598412,0.0,163.0,,2017-07,
HWY9HTK2,25.0,4,6,2,2017-07-21,2017-07-29,0.0,0.0056467824541934,0.0,8.0,8.0,2017-07,2017-07
983QHALZ,66.0,4,4,2,2017-07-21,2017-07-30,0.0,0.005275765731459042,0.0,9.0,9.0,2017-07,2017-07
MV7I9RKH,73.0,7,6,1,2017-07-21,,0.0,0.03600966071475262,0.0,163.0,,2017-07,
CBQRKYZP,63.0,7,5,1,2017-07-21,,0.0,0.016316214540804688,0.0,163.0,,2017-07,
ETLF2H4K,,34,6,1,2017-07-21,,0.0,0.02310303816634877,0.0,163.0,,2017-07,
XVB2CGL6,,34,2,1,2017-07-21,,0.0,0.00789267362757876,0.0,163.0,,2017-07,
GE4QGOCI,,5,3,1,2017-07-21,,0.0,0.7019824140599306,0.0,163.0,,2017-07,
P5B6BZWO,23.0,5,1,4,2017-07-21,2017-07-30,526.0,0.8977328903087382,526.0,9.0,9.0,2017-07,2017-07
F7ZPP0C4,11.0,9,5,2,2017-07-21,2017-07-28,0.0,0.00252105274576778,0.0,7.0,7.0,2017-07,2017-07
N0UCNVKJ,19.0,9,1,4,2017-07-21,2017-07-30,418.0,0.8297945488218845,418.0,9.0,9.0,2017-07,2017-07
5OAWTEIU,68.0,9,3,4,2017-07-21,2017-07-28,54.0,0.6088407368209338,54.0,7.0,7.0,2017-07,2017-07
55NG8O95,34.0,25,1,4,2017-07-21,2017-09-07,622.0,0.9544538645402914,622.0,48.0,48.0,2017-07,2017-09
DL3Q5HAD,74.0,14,5,4,2017-07-21,2017-08-23,4930.0,1.0,4930.0,33.0,33.0,2017-07,2017-08
3YDXZ4FA,,3,5,1,2017-07-21,,0.0,0.013318657371894029,0.0,163.0,,2017-07,
EUBMHJGQ,36.0,3,3,1,2017-07-21,,0.0,0.758764902898269,0.0,163.0,,2017-07,
0T9EBKZL,62.0,3,3,4,2017-07-21,2017-07-28,51.0,0.6393659440257399,51.0,7.0,7.0,2017-07,2017-07
6KOHYTT4,3.0,3,4,4,2017-07-21,2017-07-30,3167.0,0.999999999891146,3167.0,9.0,9.0,2017-07,2017-07
3L8ECZK8,29.0,3,4,4,2017-07-21,2017-09-27,3038.0,0.9999999996232543,3038.0,68.0,68.0,2017-07,2017-09
R69OYH4Z,74.0,24,2,1,2017-07-21,,0.0,0.005895772094209126,0.0,163.0,,2017-07,
S0Z4QVL2,,24,2,1,2017-07-21,,0.0,0.008315863917393725,0.0,163.0,,2017-07,
JAH8NGC2,77.0,24,4,4,2017-07-21,2017-09-24,2851.0,0.9999999970525844,2851.0,65.0,65.0,2017-07,2017-09
I9SPENCQ,10.0,12,6,1,2017-07-21,,0.0,0.033823645828869695,0.0,163.0,,2017-07,
REAFB3C3,,33,1,1,2017-07-21,,0.0,0.15512030767694684,0.0,163.0,,2017-07,
0Z8ZAS2M,,33,1,1,2017-07-21,,0.0,0.15512030767694684,0.0,163.0,,2017-07,
VRCYXSP1,,33,1,1,2017-07-21,,0.0,0.15512030767694684,0.0,163.0,,2017-07,
93818DZF,14.0,33,1,2,2017-07-21,2017-11-18,0.0,0.18694003940876486,0.0,120.0,120.0,2017-07,2017-11
7B3DXNZL,17.0,33,2,4,2017-07-21,2017-07-22,5283.0,1.0,5283.0,1.0,1.0,2017-07,2017-07
DZAFN4I1,17.0,33,3,4,2017-07-21,2017-07-23,49.0,0.5509833112145577,49.0,2.0,2.0,2017-07,2017-07
QRR70537,,1,1,1,2017-07-22,,0.0,0.22559162096338198,0.0,162.0,,2017-07,
T4AW06MM,,1,5,1,2017-07-22,,0.0,0.013311511837657976,0.0,162.0,,2017-07,
FEFNNXH1,64.0,1,3,1,2017-07-22,,0.0,0.8030459217001681,0.0,162.0,,2017-07,
3DATPTEH,,1,3,1,2017-07-22,,0.0,0.7586653345874776,0.0,162.0,,2017-07,
FT5U6NIG,,1,3,1,2017-07-22,,0.0,0.7586653345874776,0.0,162.0,,2017-07,
RQF6II3D,,1,3,1,2017-07-22,,0.0,0.7586653345874776,0.0,162.0,,2017-07,
E9J482PX,,1,4,1,2017-07-22,,0.0,0.009415688040329273,0.0,162.0,,2017-07,
RZYCBSQN,12.0,1,6,2,2017-07-22,2017-07-29,0.0,0.018050191347307076,0.0,7.0,7.0,2017-07,2017-07
84BIAFGY,67.0,1,4,2,2017-07-22,2017-11-03,0.0,0.0035834167420464563,0.0,104.0,104.0,2017-07,2017-11
YQACOZV4,78.0,19,6,2,2017-07-22,2017-09-12,0.0,0.00942806356981302,0.0,52.0,52.0,2017-07,2017-09
DNIX6FCG,27.0,19,3,2,2017-07-22,2017-07-27,0.0,0.5101724555080003,0.0,5.0,5.0,2017-07,2017-07
6U7RD3TG,37.0,19,4,4,2017-07-22,2017-07-23,3684.0,0.9999999999985212,3684.0,1.0,1.0,2017-07,2017-07
610D6711,63.0,19,4,4,2017-07-22,2017-11-23,2986.0,0.9999999996460021,2986.0,124.0,124.0,2017-07,2017-11
8QDSXHQ8,,2,1,1,2017-07-22,,0.0,0.20908393687419727,0.0,162.0,,2017-07,
5DQZSOBE,,2,6,1,2017-07-22,,0.0,0.0271596516520604,0.0,162.0,,2017-07,
OT5G3M9A,73.0,2,4,1,2017-07-22,,0.0,0.010043307475463933,0.0,162.0,,2017-07,
3Z5NBGAT,66.0,2,3,4,2017-07-22,2017-07-23,50.0,0.81066612694822,50.0,1.0,1.0,2017-07,2017-07
WNRDPS5I,20.0,13,2,2,2017-07-22,2017-08-02,0.0,0.0027819766264388923,0.0,11.0,11.0,2017-07,2017-08
ZUSDWKSM,26.0,13,2,2,2017-07-22,2017-07-29,0.0,0.0026003038217062915,0.0,7.0,7.0,2017-07,2017-07
TQQDICC6,,10,1,1,2017-07-22,,0.0,0.1937497060219572,0.0,162.0,,2017-07,
P66UXGPS,,10,6,1,2017-07-22,,0.0,0.0247502373110833,0.0,162.0,,2017-07,
FY5MBCWQ,,10,2,1,2017-07-22,,0.0,0.008464801939412262,0.0,162.0,,2017-07,
UAX2OR58,,10,3,1,2017-07-22,,0.0,0.7217024407450165,0.0,162.0,,2017-07,
NK1TQTYO,68.0,10,2,2,2017-07-22,2017-07-24,0.0,0.004201749526028768,0.0,2.0,2.0,2017-07,2017-07
676KO0LG,30.0,10,6,4,2017-07-22,2017-07-29,927.0,0.9858348134432748,927.0,7.0,7.0,2017-07,2017-07
D6PFP040,15.0,10,2,4,2017-07-22,2017-09-05,5113.0,1.0,5113.0,45.0,45.0,2017-07,2017-09
MHMD41XY,6.0,28,3,4,2017-07-22,2017-07-23,51.0,0.6007379230118943,51.0,1.0,1.0,2017-07,2017-07
YBY3PA1S,,8,1,1,2017-07-22,,0.0,0.1752551153227111,0.0,162.0,,2017-07,
751V8OFM,25.0,8,6,1,2017-07-22,,0.0,0.017827112036562738,0.0,162.0,,2017-07,
33BMGHPN,53.0,8,3,1,2017-07-22,,0.0,0.6371159936958137,0.0,162.0,,2017-07,
XNHTLVT1,,8,3,1,2017-07-22,,0.0,0.696337530158047,0.0,162.0,,2017-07,
8TFYRWZ6,49.0,8,4,1,2017-07-22,,0.0,0.007251700167813205,0.0,162.0,,2017-07,
LRLER1XS,24.0,26,3,4,2017-07-22,2017-09-14,64.0,0.8235641254854209,64.0,54.0,54.0,2017-07,2017-09
E26Z10W7,,30,3,1,2017-07-22,,0.0,0.735364188487204,0.0,162.0,,2017-07,
ZTQD4PLQ,,6,6,1,2017-07-22,,0.0,0.027115656360990344,0.0,162.0,,2017-07,
4RWE00T8,60.0,6,1,2,2017-07-22,2017-11-05,0.0,0.2016382997105662,0.0,106.0,106.0,2017-07,2017-11
P3XN6SXX,16.0,6,6,2,2017-07-22,2017-07-24,0.0,0.011213968345659972,0.0,2.0,2.0,2017-07,2017-07
L65X2CDL,36.0,6,2,2,2017-07-22,2017-11-12,0.0,0.005786535119352684,0.0,113.0,113.0,2017-07,2017-11
12HRYJQH,44.0,31,1,4,2017-07-22,2017-07-23,442.0,0.859077598375187,442.0,1.0,1.0,2017-07,2017-07
2CZUU9E0,,4,1,1,2017-07-22,,0.0,0.13952089963058834,0.0,162.0,,2017-07,
I2ESAAIK,,4,6,1,2017-07-22,,0.0,0.01683517448116182,0.0,162.0,,2017-07,
IMLG35AP,,4,5,1,2017-07-22,,0.0,0.007453226566689601,0.0,162.0,,2017-07,
0T2CY70E,,4,4,1,2017-07-22,,0.0,0.0052627774439095425,0.0,162.0,,2017-07,
5ZA8MURX,21.0,27,2,2,2017-07-22,2017-07-30,0.0,0.0018157930901481737,0.0,8.0,8.0,2017-07,2017-07
Y7AC2LSL,6.0,27,4,4,2017-07-22,2017-09-30,3015.0,0.9999999993986748,3015.0,70.0,70.0,2017-07,2017-09
ME2X1TEG,9.0,7,4,2,2017-07-22,2017-07-24,0.0,0.004891580140547469,0.0,2.0,2.0,2017-07,2017-07
30KP0JMN,77.0,34,5,2,2017-07-22,2017-07-23,0.0,0.002506004309850174,0.0,1.0,1.0,2017-07,2017-07
AWCGYWTE,43.0,5,3,1,2017-07-22,,0.0,0.6413965174315527,0.0,162.0,,2017-07,
UJTU7DUB,,5,3,1,2017-07-22,,0.0,0.700769909105701,0.0,162.0,,2017-07,
JOLNKYNH,,5,4,1,2017-07-22,,0.0,0.007031303135332226,0.0,162.0,,2017-07,
TV2M081C,,5,4,1,2017-07-22,,0.0,0.007031303135332226,0.0,162.0,,2017-07,
SJGOQMLT,,5,4,1,2017-07-22,,0.0,0.007031303135332226,0.0,162.0,,2017-07,
BG156UAV,12.0,5,4,2,2017-07-22,2017-07-23,0.0,0.004069971664449797,0.0,1.0,1.0,2017-07,2017-07
S7T5AHQH,66.0,5,6,4,2017-07-22,2017-07-23,1174.0,0.998823072981092,1174.0,1.0,1.0,2017-07,2017-07
48UPZJ45,57.0,9,4,4,2017-07-22,2017-09-28,3696.0,0.9999999999992173,3696.0,68.0,68.0,2017-07,2017-09
T0SO96YG,49.0,21,1,2,2017-07-22,2017-07-30,0.0,0.12499645293172196,0.0,8.0,8.0,2017-07,2017-07
YCQABCDI,2.0,21,4,4,2017-07-22,2017-11-03,3252.0,0.999999999964791,3252.0,104.0,104.0,2017-07,2017-11
MM79TSUR,,3,3,1,2017-07-22,,0.0,0.7577036813134136,0.0,162.0,,2017-07,
INLVV78V,,3,3,1,2017-07-22,,0.0,0.7577036813134136,0.0,162.0,,2017-07,
4JTH72JR,,3,3,1,2017-07-22,,0.0,0.7577036813134136,0.0,162.0,,2017-07,
TTKPNDTP,,3,4,1,2017-07-22,,0.0,0.009366891800411142,0.0,162.0,,2017-07,
8JZ4R9BW,28.0,3,3,2,2017-07-22,2017-11-04,0.0,0.5651335304126183,0.0,105.0,105.0,2017-07,2017-11
PTFOEUO4,29.0,3,3,2,2017-07-22,2017-07-23,0.0,0.4686348650327029,0.0,1.0,1.0,2017-07,2017-07
ZCCBTBIQ,17.0,24,2,2,2017-07-22,2017-07-23,0.0,0.003311529102483719,0.0,1.0,1.0,2017-07,2017-07
1TJ6WP5R,36.0,24,3,4,2017-07-22,2017-09-23,65.0,0.6993921044888957,65.0,63.0,63.0,2017-07,2017-09
QELHQ898,67.0,33,6,1,2017-07-22,,0.0,0.012226374565816897,0.0,162.0,,2017-07,
J732416R,,1,3,1,2017-07-23,,0.0,0.7576038149181106,0.0,161.0,,2017-07,
IAUXJ05J,,1,3,1,2017-07-23,,0.0,0.7576038149181106,0.0,161.0,,2017-07,
G7H64S20,,1,4,1,2017-07-23,,0.0,0.009361846294136816,0.0,161.0,,2017-07,
9Q7NSPTF,,19,5,1,2017-07-23,,0.0,0.010743438133263386,0.0,161.0,,2017-07,
WHF75273,80.0,19,6,4,2017-07-23,2017-09-05,904.0,0.9831638039976486,904.0,44.0,44.0,2017-07,2017-09
AH58AQ3B,72.0,2,1,4,2017-07-23,2017-07-24,541.0,0.9311361408773227,541.0,1.0,1.0,2017-07,2017-07
292W4P09,43.0,13,1,4,2017-07-23,2017-07-25,630.0,0.9591257755157572,630.0,2.0,2.0,2017-07,2017-07
MG0LTCCE,78.0,18,6,4,2017-07-23,2017-07-30,1231.0,0.9979675522313044,1231.0,7.0,7.0,2017-07,2017-07
ZRCQXB38,,10,1,1,2017-07-23,,0.0,0.192846994584002,0.0,161.0,,2017-07,
EJJCUJ3P,,10,6,1,2017-07-23,,0.0,0.024610886565630163,0.0,161.0,,2017-07,
ODFL6HOF,,10,6,1,2017-07-23,,0.0,0.024610886565630163,0.0,161.0,,2017-07,
Q1HNDPKW,,10,2,1,2017-07-23,,0.0,0.008416351448442513,0.0,161.0,,2017-07,
ANNUH4KM,16.0,10,1,4,2017-07-23,2017-11-20,556.0,0.9596016153953117,556.0,120.0,120.0,2017-07,2017-11
L3V8UK9H,66.0,10,6,4,2017-07-23,2017-07-31,1070.0,0.9974019353224983,1070.0,8.0,8.0,2017-07,2017-07
2CRE26AC,51.0,28,3,4,2017-07-23,2017-07-25,57.0,0.7042576628720177,57.0,2.0,2.0,2017-07,2017-07
6GG9CSTV,,8,3,1,2017-07-23,,0.0,0.6951120335563973,0.0,161.0,,2017-07,
5WSQ6D2E,,8,3,1,2017-07-23,,0.0,0.6951120335563973,0.0,161.0,,2017-07,
3J1LNCA4,35.0,26,6,2,2017-07-23,2017-07-31,0.0,0.011418365426511758,0.0,8.0,8.0,2017-07,2017-07
4PDYHVX1,41.0,30,5,4,2017-07-23,2017-07-25,4824.0,1.0,4824.0,2.0,2.0,2017-07,2017-07
BICJY3FZ,68.0,6,5,4,2017-07-23,2017-11-19,6049.0,1.0,6049.0,119.0,119.0,2017-07,2017-11
4P12PLQA,17.0,32,3,4,2017-07-23,2017-07-28,58.0,0.6791314655836488,58.0,5.0,5.0,2017-07,2017-07
4942W0E7,44.0,32,4,4,2017-07-23,2017-08-20,3335.0,0.9999999999818865,3335.0,28.0,28.0,2017-07,2017-08
TGTJ0NBT,17.0,31,6,2,2017-07-23,2017-07-30,0.0,0.00997022531048341,0.0,7.0,7.0,2017-07,2017-07
K6MTPSB5,,4,1,1,2017-07-23,,0.0,0.1388273436442818,0.0,161.0,,2017-07,
D2QPN9LN,,4,1,1,2017-07-23,,0.0,0.1388273436442818,0.0,161.0,,2017-07,
021Z2J9L,60.0,27,7,1,2017-07-23,,0.0,0.03853602259373995,0.0,161.0,,2017-07,
W8W6N0LL,42.0,27,2,2,2017-07-23,2017-11-07,0.0,0.00287841256798828,0.0,107.0,107.0,2017-07,2017-11
SEF4LOIS,19.0,7,6,2,2017-07-23,2017-07-25,0.0,0.019335209980582777,0.0,2.0,2.0,2017-07,2017-07
BNIU5YZ2,72.0,7,6,4,2017-07-23,2017-08-07,1006.0,0.9909518510749188,1006.0,15.0,15.0,2017-07,2017-08
CPK36NED,68.0,7,4,4,2017-07-23,2017-08-02,3367.0,0.9999999999855278,3367.0,10.0,10.0,2017-07,2017-08
VYWQ3U5S,24.0,34,1,2,2017-07-23,2017-11-10,0.0,0.18553401219300972,0.0,110.0,110.0,2017-07,2017-11
HDWQM6JT,65.0,34,6,2,2017-07-23,2017-07-28,0.0,0.010784740227275625,0.0,5.0,5.0,2017-07,2017-07
EYBMEX1Z,,5,1,1,2017-07-23,,0.0,0.17747175063040188,0.0,161.0,,2017-07,
T0MUE2H7,67.0,5,3,2,2017-07-23,2017-08-06,0.0,0.37821313368675746,0.0,14.0,14.0,2017-07,2017-08
G1M1KVHU,78.0,9,6,1,2017-07-23,,0.0,0.014358802439334718,0.0,161.0,,2017-07,
LXS3Z82E,,9,4,1,2017-07-23,,0.0,0.005625762237251603,0.0,161.0,,2017-07,
ZDRRL61D,9.0,9,6,2,2017-07-23,2017-07-25,0.0,0.009194173782494767,0.0,2.0,2.0,2017-07,2017-07
YRWX35AS,52.0,21,2,2,2017-07-23,2017-07-31,0.0,0.0067214574283584304,0.0,8.0,8.0,2017-07,2017-07
YT5I3AUS,78.0,21,1,4,2017-07-23,2017-07-31,494.0,0.9018639639852708,494.0,8.0,8.0,2017-07,2017-07
IS8Z2CQA,52.0,21,2,4,2017-07-23,2017-07-30,4434.0,0.9999999999999993,4434.0,7.0,7.0,2017-07,2017-07
S3LATQVJ,43.0,3,6,1,2017-07-23,,0.0,0.022710071260965293,0.0,161.0,,2017-07,
P3Z2LYCL,,3,3,1,2017-07-23,,0.0,0.75663928861081,0.0,161.0,,2017-07,
LPR6G7AE,73.0,3,3,2,2017-07-23,2017-07-28,0.0,0.5971234575372154,0.0,5.0,5.0,2017-07,2017-07
CJAQVPDP,85.0,3,4,2,2017-07-23,2017-09-05,0.0,0.002186626083466659,0.0,44.0,44.0,2017-07,2017-09
757V8R2Z,37.0,12,3,4,2017-07-23,2017-09-01,54.0,0.648886183844173,54.0,40.0,40.0,2017-07,2017-09
7KUYF1U3,42.0,12,3,4,2017-07-23,2017-08-06,48.0,0.5995718523204464,48.0,14.0,14.0,2017-07,2017-08
7QE84GCH,20.0,12,4,4,2017-07-23,2017-09-12,2855.0,0.9999999976835041,2855.0,51.0,51.0,2017-07,2017-09
1WA46LC9,43.0,16,1,4,2017-07-23,2017-07-30,538.0,0.9140928745823261,538.0,7.0,7.0,2017-07,2017-07
MIGDLH14,,33,1,1,2017-07-23,,0.0,0.15360895270655595,0.0,161.0,,2017-07,
L9CJZZ59,41.0,33,5,2,2017-07-23,2017-09-29,0.0,0.004077693408766701,0.0,68.0,68.0,2017-07,2017-09
7FZ9CBZ3,61.0,1,5,1,2017-07-24,,0.0,0.02301491790607861,0.0,160.0,,2017-07,
513PSPBN,,1,5,1,2017-07-24,,0.0,0.013160294788933522,0.0,160.0,,2017-07,
JWUWBI4D,25.0,1,5,2,2017-07-24,2017-09-03,0.0,0.0048934774483691094,0.0,41.0,41.0,2017-07,2017-09
11LIZUQE,,19,4,1,2017-07-24,,0.0,0.007549916607288857,0.0,160.0,,2017-07,
GHB3UIDV,84.0,13,1,4,2017-07-24,2017-07-26,458.0,0.9030345761833005,458.0,2.0,2.0,2017-07,2017-07
0TC6I9SJ,19.0,10,2,1,2017-07-24,,0.0,0.013129993724526364,0.0,160.0,,2017-07,
WGFTBY3W,,10,2,1,2017-07-24,,0.0,0.008368175935967913,0.0,160.0,,2017-07,
NCCB118E,,10,2,1,2017-07-24,,0.0,0.008368175935967913,0.0,160.0,,2017-07,
WSQHC199,,10,3,1,2017-07-24,,0.0,0.7193710373469896,0.0,160.0,,2017-07,
VV6T07G4,,10,4,1,2017-07-24,,0.0,0.007691257628896296,0.0,160.0,,2017-07,
23R03LTJ,76.0,10,6,4,2017-07-24,2017-08-07,996.0,0.9903357052281985,996.0,14.0,14.0,2017-07,2017-08
AHUTOSMS,28.0,10,2,4,2017-07-24,2017-07-31,4772.0,1.0,4772.0,7.0,7.0,2017-07,2017-07
2T3QDLXY,37.0,20,2,4,2017-07-24,2017-07-26,4490.0,0.9999999999999987,4490.0,2.0,2.0,2017-07,2017-07
J5DVK5F3,27.0,20,4,4,2017-07-24,2017-11-02,3260.0,0.9999999999461431,3260.0,101.0,101.0,2017-07,2017-11
M3PCMYJ0,17.0,28,1,4,2017-07-24,2017-08-06,584.0,0.9462245711647792,584.0,13.0,13.0,2017-07,2017-08
H5RRJOD9,42.0,28,4,4,2017-07-24,2017-07-30,3371.0,0.9999999999735176,3371.0,6.0,6.0,2017-07,2017-07
7OZ7L8BB,,8,1,1,2017-07-24,,0.0,0.17358789062416113,0.0,160.0,,2017-07,
RTWAUR7C,79.0,8,5,1,2017-07-24,,0.0,0.010318544428733223,0.0,160.0,,2017-07,
BUQ655AB,12.0,8,2,4,2017-07-24,2017-09-27,4868.0,1.0,4868.0,65.0,65.0,2017-07,2017-09
QDNA6HW3,57.0,8,4,4,2017-07-24,2017-08-07,3271.0,0.9999999999616829,3271.0,14.0,14.0,2017-07,2017-08
QGXJLNK1,,6,1,1,2017-07-24,,0.0,0.20690215348146362,0.0,160.0,,2017-07,
T0VHKKCN,73.0,6,2,2,2017-07-24,2017-07-25,0.0,0.004323200502110319,0.0,1.0,1.0,2017-07,2017-07
E3Z74U5K,,4,1,1,2017-07-24,,0.0,0.1381366818448776,0.0,160.0,,2017-07,
7R0TEEHW,12.0,4,3,2,2017-07-24,2017-08-28,0.0,0.5394946386494942,0.0,35.0,35.0,2017-07,2017-08
Q3HHDSDS,,7,1,1,2017-07-24,,0.0,0.22813433312319711,0.0,160.0,,2017-07,
0S6OQ9AO,,7,6,1,2017-07-24,,0.0,0.030268626887021657,0.0,160.0,,2017-07,
CA3BRUJO,45.0,7,6,4,2017-07-24,2017-07-25,1171.0,0.9978983215561803,1171.0,1.0,1.0,2017-07,2017-07
7AFBJFP5,,34,3,1,2017-07-24,,0.0,0.7037034669837481,0.0,160.0,,2017-07,
7MP6KLZO,32.0,5,1,1,2017-07-24,,0.0,0.24406850894124146,0.0,160.0,,2017-07,
2TYZRE2R,48.0,5,3,1,2017-07-24,,0.0,0.7055118520428303,0.0,160.0,,2017-07,
U5K1Y35J,38.0,5,3,4,2017-07-24,2017-07-25,58.0,0.6211847168823235,58.0,1.0,1.0,2017-07,2017-07
H2FCUPHJ,,9,2,1,2017-07-24,,0.0,0.006086891683866001,0.0,160.0,,2017-07,
Y7TVU9AY,68.0,9,1,2,2017-07-24,2017-11-06,0.0,0.11425703412341241,0.0,105.0,105.0,2017-07,2017-11
ZNZCBGN7,80.0,14,2,2,2017-07-24,2017-07-26,0.0,0.004618987661092644,0.0,2.0,2.0,2017-07,2017-07
IT2UBEW4,84.0,14,3,4,2017-07-24,2017-07-25,59.0,0.6935594125408749,59.0,1.0,1.0,2017-07,2017-07
806KPNNN,81.0,3,1,1,2017-07-24,,0.0,0.1941070361793111,0.0,160.0,,2017-07,
8Y4LJOJ0,,3,6,1,2017-07-24,,0.0,0.029362699266473228,0.0,160.0,,2017-07,
Z7EBMMAE,,3,3,1,2017-07-24,,0.0,0.7555717284709397,0.0,160.0,,2017-07,
KT4OEP4X,,3,3,1,2017-07-24,,0.0,0.7555717284709397,0.0,160.0,,2017-07,
ODHVHXKS,,3,3,1,2017-07-24,,0.0,0.7555717284709397,0.0,160.0,,2017-07,
SZS2IPM3,17.0,3,4,1,2017-07-24,,0.0,0.009371179612562659,0.0,160.0,,2017-07,
YY2DWBG5,59.0,3,4,1,2017-07-24,,0.0,0.013537561240278358,0.0,160.0,,2017-07,
X19CKKZ1,36.0,3,3,4,2017-07-24,2017-07-31,50.0,0.6665698535512088,50.0,7.0,7.0,2017-07,2017-07
DZOLKFK6,35.0,24,5,2,2017-07-24,2017-11-21,0.0,0.006240342593015241,0.0,120.0,120.0,2017-07,2017-11
H5E0GSHQ,43.0,12,3,2,2017-07-24,2017-07-30,0.0,0.46683761864653983,0.0,6.0,6.0,2017-07,2017-07
P91SQBST,14.0,1,3,1,2017-07-25,,0.0,0.8575435794590813,0.0,159.0,,2017-07,
4DLY9ZDH,14.0,1,4,1,2017-07-25,,0.0,0.01787600943514308,0.0,159.0,,2017-07,
ZNEQXZZK,18.0,1,4,1,2017-07-25,,0.0,0.01573378208138822,0.0,159.0,,2017-07,
CBPVAIQ7,53.0,22,1,2,2017-07-25,2017-08-03,0.0,0.07132982236230609,0.0,9.0,9.0,2017-07,2017-08
JND57DH5,40.0,22,3,4,2017-07-25,2017-08-01,48.0,0.6736273191267919,48.0,7.0,7.0,2017-07,2017-08
8PUH80YZ,8.0,19,1,4,2017-07-25,2017-08-21,511.0,0.9379497976607265,511.0,27.0,27.0,2017-07,2017-08
22WVAXR2,48.0,19,6,4,2017-07-25,2017-07-29,1311.0,0.9992709808740144,1311.0,4.0,4.0,2017-07,2017-07
VVO21D4Z,,2,1,1,2017-07-25,,0.0,0.20622646967930772,0.0,159.0,,2017-07,
SXFE42KG,30.0,2,4,1,2017-07-25,,0.0,0.01342148729167956,0.0,159.0,,2017-07,
MA9SBSLE,19.0,2,3,2,2017-07-25,2017-07-27,0.0,0.6404503521921114,0.0,2.0,2.0,2017-07,2017-07
PKRDEUWE,42.0,13,1,2,2017-07-25,2017-08-02,0.0,0.08166165598415397,0.0,8.0,8.0,2017-07,2017-08
LJ5FQGLZ,56.0,18,5,4,2017-07-25,2017-07-27,6100.0,1.0,6100.0,2.0,2.0,2017-07,2017-07
KMJMLQ4P,63.0,18,3,4,2017-07-25,2017-08-01,61.0,0.6572477328596115,61.0,7.0,7.0,2017-07,2017-08
APIB681L,,10,1,1,2017-07-25,,0.0,0.1910511833699087,0.0,159.0,,2017-07,
TFSKOBH7,,10,1,1,2017-07-25,,0.0,0.1910511833699087,0.0,159.0,,2017-07,
LUTZ8UQM,39.0,10,2,1,2017-07-25,,0.0,0.007887846471644082,0.0,159.0,,2017-07,
1QKDD1OI,39.0,10,2,1,2017-07-25,,0.0,0.007887846471644082,0.0,159.0,,2017-07,
2GFL3TAF,,10,2,1,2017-07-25,,0.0,0.008320273868079927,0.0,159.0,,2017-07,
CUSWE9PB,,10,2,1,2017-07-25,,0.0,0.008320273868079927,0.0,159.0,,2017-07,
XFCKQ7RI,,10,4,1,2017-07-25,,0.0,0.007647200571905976,0.0,159.0,,2017-07,
94E71JAP,39.0,10,6,2,2017-07-25,2017-11-13,0.0,0.014542513482727809,0.0,111.0,111.0,2017-07,2017-11
VBVO5X8W,15.0,10,2,2,2017-07-25,2017-08-08,0.0,0.0031054691527118124,0.0,14.0,14.0,2017-07,2017-08
6UUZ4IJ5,59.0,10,1,4,2017-07-25,2017-08-03,528.0,0.941312248689341,528.0,9.0,9.0,2017-07,2017-08
6EXXL6M4,66.0,10,1,4,2017-07-25,2017-07-31,581.0,0.9778378281312643,581.0,6.0,6.0,2017-07,2017-07
L9BTE2RA,72.0,10,5,4,2017-07-25,2017-09-29,5947.0,1.0,5947.0,66.0,66.0,2017-07,2017-09
EVU2E5ZZ,27.0,20,4,2,2017-07-25,2017-08-02,0.0,0.0022797475133635864,0.0,8.0,8.0,2017-07,2017-08
PQL5GITI,,8,1,1,2017-07-25,,0.0,0.1727589880126441,0.0,159.0,,2017-07,
8AK3KGFA,,8,4,1,2017-07-25,,0.0,0.006768102796611072,0.0,159.0,,2017-07,
PBTSZ2Q2,39.0,8,2,2,2017-07-25,2017-11-05,0.0,0.0041734677049147535,0.0,103.0,103.0,2017-07,2017-11
7F2DDW3C,,26,4,1,2017-07-25,,0.0,0.00947964144178184,0.0,159.0,,2017-07,
BEDNZXVE,,6,1,1,2017-07-25,,0.0,0.20595381625555334,0.0,159.0,,2017-07,
D28ANNYX,33.0,32,1,4,2017-07-25,2017-12-02,508.0,0.9491262292646675,508.0,130.0,130.0,2017-07,2017-12
CGFLLZZI,,31,3,1,2017-07-25,,0.0,0.7102393161879588,0.0,159.0,,2017-07,
GZ6SFRAT,36.0,4,3,1,2017-07-25,,0.0,0.6323024206294338,0.0,159.0,,2017-07,
JH643YRI,74.0,4,4,1,2017-07-25,,0.0,0.0036639098344040644,0.0,159.0,,2017-07,
YCQTM2BQ,,4,4,1,2017-07-25,,0.0,0.005172635545708978,0.0,159.0,,2017-07,
30OFYJUN,19.0,4,1,2,2017-07-25,2017-07-31,0.0,0.09388527543299169,0.0,6.0,6.0,2017-07,2017-07
10ICDVM2,45.0,4,1,4,2017-07-25,2017-07-30,537.0,0.8925995235976232,537.0,5.0,5.0,2017-07,2017-07
KUAZF4E7,6.0,27,6,2,2017-07-25,2017-11-27,0.0,0.010988263745876347,0.0,125.0,125.0,2017-07,2017-11
Y3TOQUQI,84.0,7,1,1,2017-07-25,,0.0,0.29510656539582963,0.0,159.0,,2017-07,
RV5Y8DRY,,7,5,1,2017-07-25,,0.0,0.013426371777457643,0.0,159.0,,2017-07,
HJRM13DI,73.0,7,3,1,2017-07-25,,0.0,0.7885705111864199,0.0,159.0,,2017-07,
IVANA47K,9.0,7,6,4,2017-07-25,2017-07-27,1031.0,0.99415218792367,1031.0,2.0,2.0,2017-07,2017-07
G2XP6IGJ,,5,1,1,2017-07-25,,0.0,0.1757879333512039,0.0,159.0,,2017-07,
MLD3WEJC,77.0,5,4,1,2017-07-25,,0.0,0.0042878005139878736,0.0,159.0,,2017-07,
DZP0MNRM,44.0,9,6,1,2017-07-25,,0.0,0.022220086645197715,0.0,159.0,,2017-07,
OBC504T8,,9,6,1,2017-07-25,,0.0,0.017778587044391916,0.0,159.0,,2017-07,
CMW6IQJI,22.0,9,4,1,2017-07-25,,0.0,0.006010116356409252,0.0,159.0,,2017-07,
4KP2GEFF,15.0,9,6,4,2017-07-25,2017-11-03,1077.0,0.9936108961219633,1077.0,101.0,101.0,2017-07,2017-11
8ODHXBNE,,25,3,1,2017-07-25,,0.0,0.6623394438626727,0.0,159.0,,2017-07,
VO1YR5CY,,3,1,1,2017-07-25,,0.0,0.2216657658855791,0.0,159.0,,2017-07,
FHPRER2D,65.0,3,3,1,2017-07-25,,0.0,0.7795547330229661,0.0,159.0,,2017-07,
WOB1ULFR,19.0,3,4,4,2017-07-25,2017-11-04,3306.0,0.9999999999861136,3306.0,102.0,102.0,2017-07,2017-11
7IKDD9UG,5.0,12,1,4,2017-07-25,2017-07-26,491.0,0.9036455509330884,491.0,1.0,1.0,2017-07,2017-07
UVCHXUIG,45.0,1,3,1,2017-07-26,,0.0,0.7569771846599112,0.0,158.0,,2017-07,
V02WMIWK,,1,3,1,2017-07-26,,0.0,0.7544002461440805,0.0,158.0,,2017-07,
59SUBXGP,68.0,1,3,4,2017-07-26,2017-12-02,53.0,0.8039803047462032,53.0,129.0,129.0,2017-07,2017-12
37UCYEDY,7.0,19,6,1,2017-07-26,,0.0,0.020162294666909573,0.0,158.0,,2017-07,
TFL3C3JS,37.0,19,5,4,2017-07-26,2017-09-27,5228.0,1.0,5228.0,63.0,63.0,2017-07,2017-09
EM3NYEYC,16.0,2,5,2,2017-07-26,2017-07-31,0.0,0.005043468986142175,0.0,5.0,5.0,2017-07,2017-07
1976N63N,43.0,10,6,1,2017-07-26,,0.0,0.018586634499283206,0.0,158.0,,2017-07,
7TFHGN6O,38.0,10,5,1,2017-07-26,,0.0,0.011345200127417302,0.0,158.0,,2017-07,
L6223VHA,69.0,10,2,1,2017-07-26,,0.0,0.007733141552893044,0.0,158.0,,2017-07,
TJ7PNIXL,,10,2,1,2017-07-26,,0.0,0.008272643719121564,0.0,158.0,,2017-07,
VMBM5EKL,,10,2,1,2017-07-26,,0.0,0.008272643719121564,0.0,158.0,,2017-07,
8TD2LLOF,,10,4,1,2017-07-26,,0.0,0.007603393948798015,0.0,158.0,,2017-07,
KPFV2AAL,68.0,10,2,2,2017-07-26,2017-11-17,0.0,0.00660836251456711,0.0,114.0,114.0,2017-07,2017-11
V2JOV5MF,16.0,10,2,4,2017-07-26,2017-07-27,4677.0,0.9999999999999998,4677.0,1.0,1.0,2017-07,2017-07
DEVXF86R,1.0,20,6,2,2017-07-26,2017-09-29,0.0,0.005635820083207754,0.0,65.0,65.0,2017-07,2017-09
VA9AGU75,42.0,20,2,2,2017-07-26,2017-09-26,0.0,0.002703974974330177,0.0,62.0,62.0,2017-07,2017-09
0MKW8IPC,78.0,20,1,4,2017-07-26,2017-07-28,554.0,0.8904538076264837,554.0,2.0,2.0,2017-07,2017-07
7RLLNAYC,,8,3,1,2017-07-26,,0.0,0.6914189594894822,0.0,158.0,,2017-07,
BRDB1I76,,8,3,1,2017-07-26,,0.0,0.6914189594894822,0.0,158.0,,2017-07,
EFKPYBI9,77.0,8,4,1,2017-07-26,,0.0,0.004174728435044138,0.0,158.0,,2017-07,
P8P9MKJL,15.0,8,5,4,2017-07-26,2017-09-23,5548.0,1.0,5548.0,59.0,59.0,2017-07,2017-09
S7PY8R2V,25.0,8,4,4,2017-07-26,2017-07-28,3809.0,0.9999999999994122,3809.0,2.0,2.0,2017-07,2017-07
PW9DTZON,18.0,30,2,1,2017-07-26,,0.0,0.01506493036437929,0.0,158.0,,2017-07,
G0DTQHIC,,6,1,1,2017-07-26,,0.0,0.20500870215337924,0.0,158.0,,2017-07,
75WYC9TY,29.0,6,1,2,2017-07-26,2017-07-30,0.0,0.07040323269605356,0.0,4.0,4.0,2017-07,2017-07
FPLXC8Z3,,31,5,1,2017-07-26,,0.0,0.010350216067617607,0.0,158.0,,2017-07,
CEWDZ3ZD,61.0,31,3,4,2017-07-26,2017-08-10,53.0,0.7427850188247843,53.0,15.0,15.0,2017-07,2017-08
OD895EQM,,4,5,1,2017-07-26,,0.0,0.0072838632778946975,0.0,158.0,,2017-07,
KPH05GU8,71.0,4,4,1,2017-07-26,,0.0,0.004584210823236735,0.0,158.0,,2017-07,
VBB0LCEN,,4,4,1,2017-07-26,,0.0,0.005142930885077778,0.0,158.0,,2017-07,
F56MSU4B,3.0,4,4,2,2017-07-26,2017-07-30,0.0,0.0020986586242073206,0.0,4.0,4.0,2017-07,2017-07
BR18O9U1,59.0,7,6,4,2017-07-26,2017-07-28,1044.0,0.9954863271727654,1044.0,2.0,2.0,2017-07,2017-07
88CM27UB,42.0,34,2,2,2017-07-26,2017-07-30,0.0,0.0026852549348018325,0.0,4.0,4.0,2017-07,2017-07
IK7LMFER,,5,3,1,2017-07-26,,0.0,0.6958917778571221,0.0,158.0,,2017-07,
P3K1DVYB,,5,4,1,2017-07-26,,0.0,0.006871461042348507,0.0,158.0,,2017-07,
BB1PRS3T,,5,4,1,2017-07-26,,0.0,0.006871461042348507,0.0,158.0,,2017-07,
WQ5U8PPM,74.0,9,6,1,2017-07-26,,0.0,0.012567699079113813,0.0,158.0,,2017-07,
Q5GNQ823,,24,2,1,2017-07-26,,0.0,0.0080805259189213,0.0,158.0,,2017-07,
BE0RAJF5,22.0,24,2,2,2017-07-26,2017-08-06,0.0,0.003570739372800384,0.0,11.0,11.0,2017-07,2017-08
KO7UWLAU,78.0,16,4,4,2017-07-26,2017-07-28,3596.0,0.9999999999968037,3596.0,2.0,2.0,2017-07,2017-07
T50TV9SO,,33,1,1,2017-07-26,,0.0,0.15136454541048336,0.0,158.0,,2017-07,
4SJGBWQL,36.0,33,6,2,2017-07-26,2017-07-27,0.0,0.007533351503756027,0.0,1.0,1.0,2017-07,2017-07
AWFSNZ2U,64.0,33,6,4,2017-07-26,2017-12-01,1091.0,0.9966302150499384,1091.0,128.0,128.0,2017-07,2017-12
S3E48VE0,54.0,33,2,4,2017-07-26,2017-09-26,6000.0,1.0,6000.0,62.0,62.0,2017-07,2017-09
N9GIC5PC,,1,5,1,2017-07-27,,0.0,0.012936641844789966,0.0,157.0,,2017-07,
1T5WFCEJ,,1,5,1,2017-07-27,,0.0,0.012936641844789966,0.0,157.0,,2017-07,
1XJFMYCW,31.0,1,3,1,2017-07-27,,0.0,0.733265837520563,0.0,157.0,,2017-07,
YYU1J6E1,,1,3,1,2017-07-27,,0.0,0.7533260660345567,0.0,157.0,,2017-07,
SCR1IKLQ,4.0,1,5,4,2017-07-27,2017-07-29,5068.0,1.0,5068.0,2.0,2.0,2017-07,2017-07
IF8PILJR,29.0,1,3,4,2017-07-27,2017-07-29,46.0,0.5742722925017179,46.0,2.0,2.0,2017-07,2017-07
2K52EH11,75.0,19,4,2,2017-07-27,2017-12-12,0.0,0.0056293941866215344,0.0,138.0,138.0,2017-07,2017-12
KPYCCBQA,,2,6,1,2017-07-27,,0.0,0.026405236000524964,0.0,157.0,,2017-07,
HTY5G7DI,62.0,2,4,4,2017-07-27,2017-08-02,3025.0,0.9999999994838487,3025.0,6.0,6.0,2017-07,2017-08
TX88GTDE,20.0,13,6,2,2017-07-27,2017-07-29,0.0,0.008193801032587194,0.0,2.0,2.0,2017-07,2017-07
SSK95WLX,,10,6,1,2017-07-27,,0.0,0.024061092858682638,0.0,157.0,,2017-07,
PQ104BT2,24.0,10,2,1,2017-07-27,,0.0,0.013717766807509201,0.0,157.0,,2017-07,
GQ7H31ZJ,25.0,10,2,1,2017-07-27,,0.0,0.006663217925119316,0.0,157.0,,2017-07,
9B7FS6YL,44.0,10,2,1,2017-07-27,,0.0,0.010305188821802952,0.0,157.0,,2017-07,
M6JT5RL8,,10,2,1,2017-07-27,,0.0,0.008225283971646432,0.0,157.0,,2017-07,
45H84LNT,,10,2,1,2017-07-27,,0.0,0.008225283971646432,0.0,157.0,,2017-07,
E8MIFXOH,,10,2,1,2017-07-27,,0.0,0.008225283971646432,0.0,157.0,,2017-07,
UO8DLVVQ,,10,2,1,2017-07-27,,0.0,0.008225283971646432,0.0,157.0,,2017-07,
R7H0M07R,,10,4,1,2017-07-27,,0.0,0.007559836358121566,0.0,157.0,,2017-07,
JQ5AOYQ8,,10,4,1,2017-07-27,,0.0,0.007559836358121566,0.0,157.0,,2017-07,
2GQH9FKJ,15.0,10,2,4,2017-07-27,2017-08-09,4790.0,1.0,4790.0,13.0,13.0,2017-07,2017-08
MW3K8553,85.0,10,2,4,2017-07-27,2017-08-23,4861.0,1.0,4861.0,27.0,27.0,2017-07,2017-08
G7RZTAMV,,8,5,1,2017-07-27,,0.0,0.009469834332656754,0.0,157.0,,2017-07,
82K9NWKO,,8,4,1,2017-07-27,,0.0,0.006690713980658712,0.0,157.0,,2017-07,
E41SDK40,9.0,8,1,2,2017-07-27,2017-09-15,0.0,0.11374854990480367,0.0,50.0,50.0,2017-07,2017-09
RFXH6VDX,,26,6,1,2017-07-27,,0.0,0.029708920958827573,0.0,157.0,,2017-07,
RDFUGEA2,36.0,30,1,4,2017-07-27,2017-09-15,586.0,0.959727798525128,586.0,50.0,50.0,2017-07,2017-09
64KHY8MT,,6,1,1,2017-07-27,,0.0,0.20406681052733014,0.0,157.0,,2017-07,
5PWO4RPC,,6,1,1,2017-07-27,,0.0,0.20406681052733014,0.0,157.0,,2017-07,
PU62ZGX4,64.0,6,6,1,2017-07-27,,0.0,0.0339268088060179,0.0,157.0,,2017-07,
EVDKJDY3,,6,6,1,2017-07-27,,0.0,0.026362429654008035,0.0,157.0,,2017-07,
I8TEUO2C,61.0,32,1,4,2017-07-27,2017-08-10,514.0,0.9541194962197769,514.0,14.0,14.0,2017-07,2017-08
BY1TB6D2,44.0,27,2,4,2017-07-27,2017-07-28,4209.0,0.9999999999999873,4209.0,1.0,1.0,2017-07,2017-07
WX546S1D,,7,1,1,2017-07-27,,0.0,0.22509060717839086,0.0,157.0,,2017-07,
S2Y2Q1D2,64.0,7,6,1,2017-07-27,,0.0,0.038264777154018256,0.0,157.0,,2017-07,
PYRLUYIQ,79.0,7,6,1,2017-07-27,,0.0,0.03183139297728655,0.0,157.0,,2017-07,
2AMVTZLM,28.0,7,3,2,2017-07-27,2017-08-01,0.0,0.464877294951434,0.0,5.0,5.0,2017-07,2017-08
8IOAX81S,16.0,7,6,4,2017-07-27,2017-08-07,965.0,0.9870308103777096,965.0,11.0,11.0,2017-07,2017-08
EN8JHUXA,,5,1,1,2017-07-27,,0.0,0.17411670998251882,0.0,157.0,,2017-07,
I3IRJZRL,,9,1,1,2017-07-27,,0.0,0.1448759506030326,0.0,157.0,,2017-07,
51H02FX1,,9,3,1,2017-07-27,,0.0,0.6464293124472701,0.0,157.0,,2017-07,
9SRD5NCR,,25,7,1,2017-07-27,,0.0,0.027509236282525364,0.0,157.0,,2017-07,
EYWL3H5G,51.0,25,5,2,2017-07-27,2017-07-28,0.0,0.004959112147752867,0.0,1.0,1.0,2017-07,2017-07
18YA4UUP,78.0,3,5,1,2017-07-27,,0.0,0.010265976905583606,0.0,157.0,,2017-07,
WVT3X6IC,,3,3,1,2017-07-27,,0.0,0.7523500821618336,0.0,157.0,,2017-07,
YUGFGRUT,34.0,24,1,4,2017-07-27,2017-08-06,651.0,0.9667462943393434,651.0,10.0,10.0,2017-07,2017-08
VD2KHXRY,72.0,33,2,1,2017-07-27,,0.0,0.0062541681307631105,0.0,157.0,,2017-07,
P7MSQO38,80.0,1,1,1,2017-07-28,,0.0,0.2968006953990484,0.0,156.0,,2017-07,
10QE4JCA,,1,3,1,2017-07-28,,0.0,0.752248730690591,0.0,156.0,,2017-07,
O6B0YK1X,13.0,1,4,2,2017-07-28,2017-08-03,0.0,0.004134167745595108,0.0,6.0,6.0,2017-07,2017-08
DXRG254A,,22,1,1,2017-07-28,,0.0,0.1977975419890357,0.0,156.0,,2017-07,
NLWICKPS,74.0,19,6,2,2017-07-28,2017-11-07,0.0,0.010157028199758557,0.0,102.0,102.0,2017-07,2017-11
Z6FPHRV7,26.0,13,1,4,2017-07-28,2017-11-11,550.0,0.938006553562583,550.0,106.0,106.0,2017-07,2017-11
X33HL9WS,,18,6,1,2017-07-28,,0.0,0.02212977653098581,0.0,156.0,,2017-07,
9Z2WTTNY,67.0,10,6,1,2017-07-28,,0.0,0.015494761129932798,0.0,156.0,,2017-07,
ZJLW1OPF,78.0,10,2,1,2017-07-28,,0.0,0.0065172927562146534,0.0,156.0,,2017-07,
Q62JFLLD,,10,2,1,2017-07-28,,0.0,0.008178193116378019,0.0,156.0,,2017-07,
3PPHOXTT,,10,3,1,2017-07-28,,0.0,0.7146726785218632,0.0,156.0,,2017-07,
LJ59Y2TK,59.0,10,2,2,2017-07-28,2017-07-29,0.0,0.004911298506163925,0.0,1.0,1.0,2017-07,2017-07
80S3ED8B,13.0,10,1,4,2017-07-28,2017-08-23,589.0,0.9593477909016045,589.0,26.0,26.0,2017-07,2017-08
2IKGOPW1,38.0,10,2,4,2017-07-28,2017-07-30,4387.0,0.999999999999998,4387.0,2.0,2.0,2017-07,2017-07
7Y10BR02,68.0,10,2,4,2017-07-28,2017-07-30,4555.0,0.9999999999999996,4555.0,2.0,2.0,2017-07,2017-07
4L8RQVL9,48.0,20,2,2,2017-07-28,2017-08-06,0.0,0.0025435798498722167,0.0,9.0,9.0,2017-07,2017-08
9T954T67,33.0,28,1,4,2017-07-28,2017-07-29,514.0,0.9038357556875741,514.0,1.0,1.0,2017-07,2017-07
N07XYH50,51.0,8,2,1,2017-07-28,,0.0,0.010659395101828752,0.0,156.0,,2017-07,
CEOEM2MY,50.0,26,6,2,2017-07-28,2017-07-29,0.0,0.012665526853730595,0.0,1.0,1.0,2017-07,2017-07
VIFA2I18,,6,1,1,2017-07-28,,0.0,0.2031281406265767,0.0,156.0,,2017-07,
7K31BXX3,,6,2,1,2017-07-28,,0.0,0.0089743703519971,0.0,156.0,,2017-07,
I5FVCO24,9.0,6,2,4,2017-07-28,2017-07-29,4671.0,0.9999999999999998,4671.0,1.0,1.0,2017-07,2017-07
WTG4IAG0,46.0,32,3,2,2017-07-28,2017-07-29,0.0,0.5531002869468001,0.0,1.0,1.0,2017-07,2017-07
NFKUICVA,64.0,32,1,4,2017-07-28,2017-11-15,518.0,0.9597954458266305,518.0,110.0,110.0,2017-07,2017-11
V3G1HBTZ,50.0,4,1,1,2017-07-28,,0.0,0.13932696254015314,0.0,156.0,,2017-07,
XV41LZYE,,4,1,1,2017-07-28,,0.0,0.13540284434842814,0.0,156.0,,2017-07,
0RI2I8ZL,,4,1,1,2017-07-28,,0.0,0.13540284434842814,0.0,156.0,,2017-07,
7W9S4DCZ,14.0,4,3,1,2017-07-28,,0.0,0.7670568931961532,0.0,156.0,,2017-07,
3L3W9W8I,,7,1,1,2017-07-28,,0.0,0.22408245761048798,0.0,156.0,,2017-07,
WL6CZ7N4,,7,6,1,2017-07-28,,0.0,0.02959627744695396,0.0,156.0,,2017-07,
8UCQBI6J,9.0,7,2,4,2017-07-28,2017-07-29,4172.0,0.9999999999999907,4172.0,1.0,1.0,2017-07,2017-07
M5FP7HGQ,,5,3,1,2017-07-28,,0.0,0.6934359969202872,0.0,156.0,,2017-07,
Q8Q4R3SW,15.0,5,5,2,2017-07-28,2017-08-10,0.0,0.0036329674029944733,0.0,13.0,13.0,2017-07,2017-08
SJ3QA8KP,73.0,9,4,1,2017-07-28,,0.0,0.006422807739656319,0.0,156.0,,2017-07,
BZNGP0DN,48.0,21,3,4,2017-07-28,2017-08-10,53.0,0.7052680902619777,53.0,13.0,13.0,2017-07,2017-08
M2ZRU2UH,,25,1,1,2017-07-28,,0.0,0.15156495592297947,0.0,156.0,,2017-07,
Z31RDLIF,27.0,14,4,2,2017-07-28,2017-11-27,0.0,0.004741741398615836,0.0,122.0,122.0,2017-07,2017-11
NX2EICNQ,42.0,3,1,1,2017-07-28,,0.0,0.19212122735420967,0.0,156.0,,2017-07,
E4KNZB95,4.0,3,3,4,2017-07-28,2017-08-19,53.0,0.7009128655092611,53.0,22.0,22.0,2017-07,2017-08
PJDA3RWU,12.0,3,3,4,2017-07-28,2017-08-03,60.0,0.7523052824959218,60.0,6.0,6.0,2017-07,2017-08
YUORNX7C,38.0,3,3,4,2017-07-28,2017-11-01,53.0,0.7494339889733299,53.0,96.0,96.0,2017-07,2017-11
0WJLKMUA,1.0,12,2,2,2017-07-28,2017-07-29,0.0,0.0021482974310357943,0.0,1.0,1.0,2017-07,2017-07
7XP06LUZ,81.0,16,3,2,2017-07-28,2017-12-02,0.0,0.6111434629845182,0.0,127.0,127.0,2017-07,2017-12
5BT0Y4MB,33.0,33,1,2,2017-07-28,2017-07-30,0.0,0.06971748109125751,0.0,2.0,2.0,2017-07,2017-07
T0TDA2O1,,1,5,1,2017-07-29,,0.0,0.012789628071496448,0.0,155.0,,2017-07,
B1ZN2CFP,,1,4,1,2017-07-29,,0.0,0.009045141615098977,0.0,155.0,,2017-07,
WCCEBK6E,39.0,1,5,4,2017-07-29,2017-08-05,4603.0,0.9999999999999998,4603.0,7.0,7.0,2017-07,2017-08
3A2CCWEG,,2,3,1,2017-07-29,,0.0,0.7325834255971493,0.0,155.0,,2017-07,
5SCMRQ9N,23.0,2,1,4,2017-07-29,2017-09-05,610.0,0.9607114666186347,610.0,38.0,38.0,2017-07,2017-09
4QQOSYGL,,13,4,1,2017-07-29,,0.0,0.00832344890262845,0.0,155.0,,2017-07,
A3I4JHP0,44.0,18,6,4,2017-07-29,2017-08-06,1189.0,0.9980389340481759,1189.0,8.0,8.0,2017-07,2017-08
NJNY07JZ,11.0,10,1,1,2017-07-29,,0.0,0.1504821788332375,0.0,155.0,,2017-07,
UWI771ZX,,10,6,1,2017-07-29,,0.0,0.023790706331839214,0.0,155.0,,2017-07,
YI1V6SOX,71.0,10,2,1,2017-07-29,,0.0,0.007250356286550012,0.0,155.0,,2017-07,
PNTHPFHY,,10,2,1,2017-07-29,,0.0,0.008131369652169151,0.0,155.0,,2017-07,
2I7IFY8D,,10,2,1,2017-07-29,,0.0,0.008131369652169151,0.0,155.0,,2017-07,
T1SITEI0,64.0,10,3,1,2017-07-29,,0.0,0.7635900592086783,0.0,155.0,,2017-07,
DOVFYIIO,48.0,20,2,2,2017-07-29,2017-07-30,0.0,0.0025485769361793193,0.0,1.0,1.0,2017-07,2017-07
BC53PQMQ,69.0,20,5,4,2017-07-29,2017-07-31,5480.0,1.0,5480.0,2.0,2.0,2017-07,2017-07
AU1OZUN8,65.0,28,3,4,2017-07-29,2017-11-02,56.0,0.7230296053129509,56.0,96.0,96.0,2017-07,2017-11
09GK47AY,52.0,15,6,2,2017-07-29,2017-08-02,0.0,0.013741832567355184,0.0,4.0,4.0,2017-07,2017-08
D6CRJSEP,84.0,15,6,4,2017-07-29,2017-09-16,983.0,0.9918178317932642,983.0,49.0,49.0,2017-07,2017-09
5G9WEZTP,48.0,15,2,4,2017-07-29,2017-08-16,5319.0,1.0,5319.0,18.0,18.0,2017-07,2017-08
3FI1J4VO,,8,3,1,2017-07-29,,0.0,0.687701249550293,0.0,155.0,,2017-07,
KRK5YFGW,44.0,30,2,4,2017-07-29,2017-08-08,4941.0,1.0,4941.0,10.0,10.0,2017-07,2017-08
GJQFUUWI,70.0,30,4,4,2017-07-29,2017-08-02,3260.0,0.9999999999467188,3260.0,4.0,4.0,2017-07,2017-08
7BKYKVF2,,6,6,1,2017-07-29,,0.0,0.026066872597822293,0.0,155.0,,2017-07,
6US3WW0M,,6,3,1,2017-07-29,,0.0,0.7322568405789521,0.0,155.0,,2017-07,
9M72KPA3,7.0,32,6,1,2017-07-29,,0.0,0.023883064614722067,0.0,155.0,,2017-07,
4OYGRQGO,,32,4,1,2017-07-29,,0.0,0.008862201050057255,0.0,155.0,,2017-07,
7SO4NKFP,36.0,32,6,2,2017-07-29,2017-08-03,0.0,0.011439413804025737,0.0,5.0,5.0,2017-07,2017-08
VZ1ETER5,32.0,32,5,4,2017-07-29,2017-07-31,4842.0,1.0,4842.0,2.0,2.0,2017-07,2017-07
YOFRJU68,6.0,32,4,4,2017-07-29,2017-09-29,3463.0,0.9999999999937488,3463.0,62.0,62.0,2017-07,2017-09
SPMQ0BHA,,4,1,1,2017-07-29,,0.0,0.13472655400170697,0.0,155.0,,2017-07,
ERTQ4SN3,85.0,4,3,1,2017-07-29,,0.0,0.4592350152688178,0.0,155.0,,2017-07,
F9V6EWDG,45.0,4,1,2,2017-07-29,2017-08-01,0.0,0.058742200164728954,0.0,3.0,3.0,2017-07,2017-08
FQI66XXN,,7,1,1,2017-07-29,,0.0,0.22307752354186805,0.0,155.0,,2017-07,
5EFR0VAZ,51.0,34,1,2,2017-07-29,2017-07-30,0.0,0.11468698259968078,0.0,1.0,1.0,2017-07,2017-07
4MTIOMFQ,49.0,21,2,4,2017-07-29,2017-08-08,4252.0,0.9999999999999951,4252.0,10.0,10.0,2017-07,2017-08
J096XFZG,84.0,14,2,4,2017-07-29,2017-09-04,4906.0,1.0,4906.0,37.0,37.0,2017-07,2017-09
1RXGKOUE,,3,5,1,2017-07-29,,0.0,0.01272357117862248,0.0,155.0,,2017-07,
G40058T1,80.0,3,3,1,2017-07-29,,0.0,0.8183391484530083,0.0,155.0,,2017-07,
TQZLDFIJ,,3,3,1,2017-07-29,,0.0,0.7501865540477703,0.0,155.0,,2017-07,
4U2Z53VS,38.0,3,3,2,2017-07-29,2017-08-10,0.0,0.5688782525932304,0.0,12.0,12.0,2017-07,2017-08
3SD04QJ4,,16,4,1,2017-07-29,,0.0,0.00838963807485265,0.0,155.0,,2017-07,
ERD6D5K3,,1,1,1,2017-07-30,,0.0,0.21760376219737415,0.0,154.0,,2017-07,
VVM42VWQ,,1,1,1,2017-07-30,,0.0,0.21760376219737415,0.0,154.0,,2017-07,
MK380H70,,1,3,1,2017-07-30,,0.0,0.7500846112681127,0.0,154.0,,2017-07,
5SNCUQ8Z,,1,3,1,2017-07-30,,0.0,0.7500846112681127,0.0,154.0,,2017-07,
6YMJLH2F,23.0,1,5,2,2017-07-30,2017-08-07,0.0,0.00452984905371558,0.0,8.0,8.0,2017-07,2017-08
SP9W5IND,1.0,22,3,1,2017-07-30,,0.0,0.6069807395992723,0.0,154.0,,2017-07,
P9EJ68SM,,19,6,1,2017-07-30,,0.0,0.02322876086585224,0.0,154.0,,2017-07,
IG540SIB,,2,4,1,2017-07-30,,0.0,0.008168132044453517,0.0,154.0,,2017-07,
D6U1NYBU,74.0,13,4,4,2017-07-30,2017-11-18,3113.0,0.9999999998195135,3113.0,111.0,111.0,2017-07,2017-11
9Q2SYGPP,7.0,18,6,4,2017-07-30,2017-08-10,1097.0,0.993480907316245,1097.0,11.0,11.0,2017-07,2017-08
CUZDYOOO,,10,1,1,2017-07-30,,0.0,0.18661762167425586,0.0,154.0,,2017-07,
EY7OI10Z,,10,6,1,2017-07-30,,0.0,0.023656626967023982,0.0,154.0,,2017-07,
R55U5QI4,62.0,10,5,1,2017-07-30,,0.0,0.009252299102020065,0.0,154.0,,2017-07,
TJ95PY76,41.0,10,2,1,2017-07-30,,0.0,0.007436276039614119,0.0,154.0,,2017-07,
R6OZIG5J,,10,4,1,2017-07-30,,0.0,0.007430643879796888,0.0,154.0,,2017-07,
DVT7NPEH,,10,4,1,2017-07-30,,0.0,0.007430643879796888,0.0,154.0,,2017-07,
EY73E4ZB,36.0,10,4,2,2017-07-30,2017-08-05,0.0,0.0030191797713810917,0.0,6.0,6.0,2017-07,2017-08
KQLS98VW,12.0,10,6,4,2017-07-30,2017-12-04,1245.0,0.999428460890227,1245.0,127.0,127.0,2017-07,2017-12
LKQL4GRO,62.0,10,6,4,2017-07-30,2017-08-04,1160.0,0.9965886602364414,1160.0,5.0,5.0,2017-07,2017-08
4DKUZ8JE,4.0,10,3,4,2017-07-30,2017-07-31,53.0,0.6436288536677311,53.0,1.0,1.0,2017-07,2017-07
V3QM4V7G,37.0,20,2,2,2017-07-30,2017-08-11,0.0,0.002243987763206106,0.0,12.0,12.0,2017-07,2017-08
S9JXWIBD,,8,6,1,2017-07-30,,0.0,0.020976038253499023,0.0,154.0,,2017-07,
0XBGT413,,8,2,1,2017-07-30,,0.0,0.007155770642731459,0.0,154.0,,2017-07,
RTOIXNPC,,8,3,1,2017-07-30,,0.0,0.6864565930505407,0.0,154.0,,2017-07,
LZWH2OGW,25.0,8,4,2,2017-07-30,2017-08-06,0.0,0.0021737060344737035,0.0,7.0,7.0,2017-07,2017-08
R7JSQI5U,51.0,26,4,2,2017-07-30,2017-07-31,0.0,0.005634049712444815,0.0,1.0,1.0,2017-07,2017-07
S5NZI5UN,10.0,30,2,4,2017-07-30,2017-09-10,5031.0,1.0,5031.0,42.0,42.0,2017-07,2017-09
XQQ3JS90,57.0,6,2,4,2017-07-30,2017-07-31,5741.0,1.0,5741.0,1.0,1.0,2017-07,2017-07
7COYG1Z2,,32,3,1,2017-07-30,,0.0,0.7461998645236354,0.0,154.0,,2017-07,
5SED9K1C,55.0,32,6,4,2017-07-30,2017-08-09,1038.0,0.9894839824004116,1038.0,10.0,10.0,2017-07,2017-08
OVLGWURN,,31,1,1,2017-07-30,,0.0,0.18076874990129005,0.0,154.0,,2017-07,
810GB47D,12.0,31,1,2,2017-07-30,2017-08-05,0.0,0.11569096642014508,0.0,6.0,6.0,2017-07,2017-08
GZCWRMIR,41.0,31,1,2,2017-07-30,2017-11-20,0.0,0.11651122398509615,0.0,113.0,113.0,2017-07,2017-11
UHIIYU2J,,4,1,1,2017-07-30,,0.0,0.13405311776814277,0.0,154.0,,2017-07,
5W29OCB8,4.0,4,3,1,2017-07-30,,0.0,0.6471533620576606,0.0,154.0,,2017-07,
PST4NDK4,25.0,4,1,4,2017-07-30,2017-08-09,502.0,0.8259478214428275,502.0,10.0,10.0,2017-07,2017-08
R7I947IZ,,7,6,1,2017-07-30,,0.0,0.0292655545294599,0.0,154.0,,2017-07,
754UOV5F,,7,3,1,2017-07-30,,0.0,0.7549406697088915,0.0,154.0,,2017-07,
MTN3BOMC,,34,6,1,2017-07-30,,0.0,0.021955904720931833,0.0,154.0,,2017-07,
8U9DLK26,50.0,34,2,4,2017-07-30,2017-07-31,4913.0,1.0,4913.0,1.0,1.0,2017-07,2017-07
ABT1TDH1,,5,1,1,2017-07-30,,0.0,0.17163342254250386,0.0,154.0,,2017-07,
DJFMG9QI,55.0,5,3,1,2017-07-30,,0.0,0.6081514180624863,0.0,154.0,,2017-07,
DDWSCXZA,60.0,5,4,4,2017-07-30,2017-09-19,3457.0,0.999999999994291,3457.0,51.0,51.0,2017-07,2017-09
GWQX8BSZ,18.0,9,1,1,2017-07-30,,0.0,0.22174309163475192,0.0,154.0,,2017-07,
D9NLFAEG,,9,1,1,2017-07-30,,0.0,0.1427376240253843,0.0,154.0,,2017-07,
TX5SADEI,19.0,9,6,1,2017-07-30,,0.0,0.026975230589257312,0.0,154.0,,2017-07,
I5AKI9KC,,9,3,1,2017-07-30,,0.0,0.6424498725455249,0.0,154.0,,2017-07,
T2UA7F7Z,53.0,21,5,4,2017-07-30,2017-08-08,5204.0,1.0,5204.0,9.0,9.0,2017-07,2017-08
FOGOYZ75,56.0,14,4,4,2017-07-30,2017-08-07,3019.0,0.9999999995324267,3019.0,8.0,8.0,2017-07,2017-08
I9IJS5BM,69.0,14,4,4,2017-07-30,2017-08-18,3453.0,0.9999999999884894,3453.0,19.0,19.0,2017-07,2017-08
0M3NCPQX,,3,3,1,2017-07-30,,0.0,0.7491000738024514,0.0,154.0,,2017-07,
RN7M3757,,3,4,1,2017-07-30,,0.0,0.008946772007041819,0.0,154.0,,2017-07,
2HU8CPJ3,46.0,24,4,4,2017-07-30,2017-11-13,3464.0,0.9999999999937548,3464.0,106.0,106.0,2017-07,2017-11
OJ42ZCHR,,12,3,1,2017-07-30,,0.0,0.7297734413732996,0.0,154.0,,2017-07,
M2UI5MKB,81.0,12,4,4,2017-07-30,2017-08-19,2937.0,0.9999999988924473,2937.0,20.0,20.0,2017-07,2017-08
HWVR6IJ7,42.0,16,1,4,2017-07-30,2017-08-15,463.0,0.8581807480872485,463.0,16.0,16.0,2017-07,2017-08
QD4ONE04,57.0,1,3,1,2017-07-31,,0.0,0.821024999027591,0.0,153.0,,2017-07,
V0XFS245,7.0,22,2,4,2017-07-31,2017-09-11,4096.0,0.9999999999999716,4096.0,42.0,42.0,2017-07,2017-09
0PT4RY4P,,2,4,1,2017-07-31,,0.0,0.008121365712273522,0.0,153.0,,2017-07,
FSEV7ZJC,,10,2,1,2017-07-31,,0.0,0.008038518932745597,0.0,153.0,,2017-07,
OEP0IJ6S,,10,2,1,2017-07-31,,0.0,0.008038518932745597,0.0,153.0,,2017-07,
YWGU40CP,,10,3,1,2017-07-31,,0.0,0.7111180720672635,0.0,153.0,,2017-07,
ICG3THQK,69.0,8,1,1,2017-07-31,,0.0,0.15856878636888272,0.0,153.0,,2017-07,
WOO9JXOQ,69.0,8,4,1,2017-07-31,,0.0,0.006111452825593726,0.0,153.0,,2017-07,
OBDEDIXA,,26,4,1,2017-07-31,,0.0,0.009158988678523989,0.0,153.0,,2017-07,
1O72EKFY,,30,5,1,2017-07-31,,0.0,0.011193210135921412,0.0,153.0,,2017-07,
4XXAK1QL,,6,1,1,2017-07-31,,0.0,0.200331452235196,0.0,153.0,,2017-07,
WU81R3XH,,4,1,1,2017-07-31,,0.0,0.13338252883137036,0.0,153.0,,2017-07,
HHWZEWDV,,4,6,1,2017-07-31,,0.0,0.015994163420925106,0.0,153.0,,2017-07,
EMH2I8XE,1.0,4,4,1,2017-07-31,,0.0,0.0029401893133627773,0.0,153.0,,2017-07,
UBO7V799,,4,4,1,2017-07-31,,0.0,0.0049969340733285895,0.0,153.0,,2017-07,
DZQW0KQ4,,27,5,1,2017-07-31,,0.0,0.006963228413685369,0.0,153.0,,2017-07,
BBGCBEUY,54.0,27,6,2,2017-07-31,2017-08-04,0.0,0.004991006505312092,0.0,4.0,4.0,2017-07,2017-08
6PHF576T,79.0,27,2,2,2017-07-31,2017-11-23,0.0,0.0037995454678091288,0.0,115.0,115.0,2017-07,2017-11
XN43RX9C,70.0,27,4,4,2017-07-31,2017-08-10,3187.0,0.9999999998397691,3187.0,10.0,10.0,2017-07,2017-08
OAUUCC2N,,7,6,1,2017-07-31,,0.0,0.029101539897111863,0.0,153.0,,2017-07,
283MDYKM,,5,6,1,2017-07-31,,0.0,0.021291719985014824,0.0,153.0,,2017-07,
56LUBQTV,,5,4,1,2017-07-31,,0.0,0.006676724270866978,0.0,153.0,,2017-07,
DOU4T9EI,9.0,5,3,2,2017-07-31,2017-11-02,0.0,0.623621020216592,0.0,94.0,94.0,2017-07,2017-11
XUU1PPTJ,57.0,5,5,4,2017-07-31,2017-11-10,5234.0,1.0,5234.0,102.0,102.0,2017-07,2017-11
Q65B52C5,42.0,9,1,1,2017-07-31,,0.0,0.12330936178581554,0.0,153.0,,2017-07,
STI8KYWL,,9,6,1,2017-07-31,,0.0,0.01718208847393883,0.0,153.0,,2017-07,
KZMZH8L6,84.0,21,5,4,2017-07-31,2017-09-28,6180.0,1.0,6180.0,59.0,59.0,2017-07,2017-09
K63TD0WD,,3,3,1,2017-07-31,,0.0,0.74801045550829,0.0,153.0,,2017-07,
7WU2BQ2P,38.0,3,3,4,2017-07-31,2017-08-10,53.0,0.6775590653434228,53.0,10.0,10.0,2017-07,2017-08
5B4H3E7V,44.0,24,3,2,2017-07-31,2017-08-05,0.0,0.5497354010708662,0.0,5.0,5.0,2017-07,2017-08
6YCDG16T,10.0,24,4,4,2017-07-31,2017-08-12,3687.0,0.9999999999989837,3687.0,12.0,12.0,2017-07,2017-08
EP9JNNF1,,12,3,1,2017-07-31,,0.0,0.7286302960610074,0.0,153.0,,2017-07,
BVKAXY66,44.0,33,2,4,2017-07-31,2017-08-20,6069.0,1.0,6069.0,20.0,20.0,2017-07,2017-08
I1R23P5F,,1,6,1,2017-08-01,,0.0,0.028588605765390115,0.0,152.0,,2017-08,
CFKXEPFN,,1,6,1,2017-08-01,,0.0,0.028588605765390115,0.0,152.0,,2017-08,
4ZB2W6O7,55.0,1,3,1,2017-08-01,,0.0,0.6761058471921196,0.0,152.0,,2017-08,
H85L45JM,,1,3,1,2017-08-01,,0.0,0.7504546818158683,0.0,152.0,,2017-08,
D9VTKEEH,28.0,1,6,2,2017-08-01,2017-08-11,0.0,0.008988327112282491,0.0,10.0,10.0,2017-08,2017-08
7CYRCTXI,45.0,1,4,4,2017-08-01,2017-08-16,3452.0,0.9999999999922298,3452.0,15.0,15.0,2017-08,2017-08
A2YIYWNW,,19,4,1,2017-08-01,,0.0,0.007308372472044661,0.0,152.0,,2017-08,
IH4M0XTK,43.0,19,4,4,2017-08-01,2017-08-09,3156.0,0.9999999998096643,3156.0,8.0,8.0,2017-08,2017-08
L9AZZGNK,27.0,18,1,2,2017-08-01,2017-08-14,0.0,0.08791540935356408,0.0,13.0,13.0,2017-08,2017-08
HISWL7B0,,10,2,1,2017-08-01,,0.0,0.008100666944424559,0.0,152.0,,2017-08,
BSKNQJOJ,,10,2,1,2017-08-01,,0.0,0.008100666944424559,0.0,152.0,,2017-08,
1FLN8BTI,60.0,10,3,1,2017-08-01,,0.0,0.7993006810302765,0.0,152.0,,2017-08,
VAL8O4PH,,10,3,1,2017-08-01,,0.0,0.7127104463383259,0.0,152.0,,2017-08,
MLPVWTC2,67.0,10,4,2,2017-08-01,2017-11-23,0.0,0.0033328845525188956,0.0,114.0,114.0,2017-08,2017-11
RZXMIHGO,,8,1,1,2017-08-01,,0.0,0.16893853727828798,0.0,152.0,,2017-08,
IW6S2BN0,,8,6,1,2017-08-01,,0.0,0.021016638027712115,0.0,152.0,,2017-08,
G78ZK6XI,,8,3,1,2017-08-01,,0.0,0.6868815516067456,0.0,152.0,,2017-08,
9C3YHNBY,,8,4,1,2017-08-01,,0.0,0.006589191964623495,0.0,152.0,,2017-08,
U4L1277G,,26,6,1,2017-08-01,,0.0,0.02926842196186705,0.0,152.0,,2017-08,
6BBYA0L3,58.0,26,6,4,2017-08-01,2017-08-06,1157.0,0.9985304568819852,1157.0,5.0,5.0,2017-08,2017-08
S3J60BK0,54.0,30,6,4,2017-08-01,2017-11-22,1040.0,0.9938762917161389,1040.0,113.0,113.0,2017-08,2017-11
IKIJHQPN,68.0,6,3,4,2017-08-01,2017-12-16,49.0,0.7997552309662469,49.0,137.0,137.0,2017-08,2017-12
YE7F777U,,4,1,1,2017-08-01,,0.0,0.13428256241278982,0.0,152.0,,2017-08,
OJ9KBQML,38.0,4,1,4,2017-08-01,2017-09-19,454.0,0.8362493560946713,454.0,49.0,49.0,2017-08,2017-09
W66UPKL4,83.0,27,6,4,2017-08-01,2017-11-18,1106.0,0.9966046987293611,1106.0,109.0,109.0,2017-08,2017-11
DO6VKC2G,,7,7,1,2017-08-01,,0.0,0.043091428598853856,0.0,152.0,,2017-08,
MBYOJR5A,,7,5,1,2017-08-01,,0.0,0.013073770266954641,0.0,152.0,,2017-08,
NBJR3GVR,,7,2,1,2017-08-01,,0.0,0.010059315511281471,0.0,152.0,,2017-08,
2S7CMLRJ,32.0,34,6,4,2017-08-01,2017-08-08,1143.0,0.9976693867764914,1143.0,7.0,7.0,2017-08,2017-08
18KMXL8N,41.0,34,5,4,2017-08-01,2017-11-06,4434.0,0.9999999999999991,4434.0,97.0,97.0,2017-08,2017-11
Y7244XW7,56.0,5,3,1,2017-08-01,,0.0,0.7316570085371016,0.0,152.0,,2017-08,
22HV3N2W,57.0,9,6,1,2017-08-01,,0.0,0.02637115659258125,0.0,152.0,,2017-08,
FKY3O5O1,84.0,9,2,1,2017-08-01,,0.0,0.008373150630280974,0.0,152.0,,2017-08,
WRKPDK7O,35.0,3,5,1,2017-08-01,,0.0,0.01134423716706698,0.0,152.0,,2017-08,
3FWZBSW1,9.0,3,3,1,2017-08-01,,0.0,0.7919220719982778,0.0,152.0,,2017-08,
VIY7P8J6,35.0,3,3,1,2017-08-01,,0.0,0.7277951990285771,0.0,152.0,,2017-08,
PR1H7NHK,49.0,3,3,1,2017-08-01,,0.0,0.759132346731781,0.0,152.0,,2017-08,
A9TEJW6U,,3,3,1,2017-08-01,,0.0,0.7494711153015295,0.0,152.0,,2017-08,
1DC9PQ4S,,3,3,1,2017-08-01,,0.0,0.7494711153015295,0.0,152.0,,2017-08,
K44PIQTN,58.0,24,6,4,2017-08-01,2017-09-26,1193.0,0.9989436376220101,1193.0,56.0,56.0,2017-08,2017-09
NWQHHVEM,32.0,24,2,4,2017-08-01,2017-08-21,5049.0,1.0,5049.0,20.0,20.0,2017-08,2017-08
ZJ76J97A,44.0,24,2,4,2017-08-01,2017-08-19,5300.0,1.0,5300.0,18.0,18.0,2017-08,2017-08
4Q1A27SA,64.0,24,4,4,2017-08-01,2017-11-20,3597.0,0.9999999999986438,3597.0,111.0,111.0,2017-08,2017-11
GVOKY9KD,78.0,12,2,2,2017-08-01,2017-11-11,0.0,0.00456941338670062,0.0,102.0,102.0,2017-08,2017-11
JGXK8P6T,,33,4,1,2017-08-01,,0.0,0.005665579100651615,0.0,152.0,,2017-08,
FOQK8G8Y,65.0,33,1,4,2017-08-01,2017-08-06,606.0,0.9524299632321073,606.0,5.0,5.0,2017-08,2017-08
OEUK1UW5,12.0,13,6,4,2017-08-02,2017-11-09,1123.0,0.9983828627157926,1123.0,99.0,99.0,2017-08,2017-11
LF45YLLR,37.0,13,2,4,2017-08-02,2017-08-12,5205.0,1.0,5205.0,10.0,10.0,2017-08,2017-08
RYYTO9Z5,80.0,18,1,4,2017-08-02,2017-11-01,592.0,0.9754976316015244,592.0,91.0,91.0,2017-08,2017-11
R9VR53F3,74.0,18,5,4,2017-08-02,2017-08-14,6284.0,1.0,6284.0,12.0,12.0,2017-08,2017-08
D5H30X5X,76.0,8,3,2,2017-08-02,2017-11-07,0.0,0.6385651254564644,0.0,97.0,97.0,2017-08,2017-11
FLXN0TBT,46.0,26,4,2,2017-08-02,2017-08-10,0.0,0.004114177004320962,0.0,8.0,8.0,2017-08,2017-08
U8H8VGI0,47.0,30,2,2,2017-08-02,2017-11-02,0.0,0.004092962940887815,0.0,92.0,92.0,2017-08,2017-11
R1X6U9CU,42.0,30,5,4,2017-08-02,2017-08-05,4231.0,0.9999999999999929,4231.0,3.0,3.0,2017-08,2017-08
URQYDGX8,,6,1,1,2017-08-02,,0.0,0.20064805304214503,0.0,151.0,,2017-08,
IT1XRUTD,76.0,4,5,2,2017-08-02,2017-08-13,0.0,0.0040482178498383965,0.0,11.0,11.0,2017-08,2017-08
VTSKKTQO,85.0,4,4,2,2017-08-02,2017-08-13,0.0,0.0011295691569176924,0.0,11.0,11.0,2017-08,2017-08
KIKG1BGV,16.0,5,4,1,2017-08-02,,0.0,0.006872256063961601,0.0,151.0,,2017-08,
2E2FDZHG,,9,2,1,2017-08-02,,0.0,0.00585806547224493,0.0,151.0,,2017-08,
3Z2AMU5T,43.0,21,4,2,2017-08-02,2017-11-23,0.0,0.005412624243707831,0.0,113.0,113.0,2017-08,2017-11
8LP076IV,,3,3,1,2017-08-02,,0.0,0.7483825671321704,0.0,151.0,,2017-08,
CWXHKUV5,,3,3,1,2017-08-02,,0.0,0.7483825671321704,0.0,151.0,,2017-08,
N909ADDC,,24,4,1,2017-08-02,,0.0,0.007230508148307371,0.0,151.0,,2017-08,
R0O1UYNW,7.0,12,3,4,2017-08-02,2017-08-10,53.0,0.6155812154437967,53.0,8.0,8.0,2017-08,2017-08
ULJG457F,,1,3,1,2017-08-03,,0.0,0.7482801352038063,0.0,150.0,,2017-08,
AZN2K0V9,26.0,1,4,1,2017-08-03,,0.0,0.00600411183853961,0.0,150.0,,2017-08,
G44S6CLC,9.0,1,3,4,2017-08-03,2017-08-16,52.0,0.7320398334689835,52.0,13.0,13.0,2017-08,2017-08
IMLB4653,27.0,22,6,4,2017-08-03,2017-08-22,938.0,0.9824932647827472,938.0,19.0,19.0,2017-08,2017-08
6TGCOE5O,,19,5,1,2017-08-03,,0.0,0.010223552152729805,0.0,150.0,,2017-08,
QIEAKLRU,,2,4,1,2017-08-03,,0.0,0.008090700469635167,0.0,150.0,,2017-08,
ZE6HA778,38.0,10,4,2,2017-08-03,2017-08-08,0.0,0.0033684888093221104,0.0,5.0,5.0,2017-08,2017-08
6KPKOR79,5.0,20,6,4,2017-08-03,2017-09-13,1050.0,0.9920095088156311,1050.0,41.0,41.0,2017-08,2017-09
D42GA3LC,75.0,20,4,4,2017-08-03,2017-08-11,3440.0,0.9999999999859797,3440.0,8.0,8.0,2017-08,2017-08
A04V2WB3,,28,7,1,2017-08-03,,0.0,0.032519468642677185,0.0,150.0,,2017-08,
TIPXNDS2,3.0,8,3,1,2017-08-03,,0.0,0.6826849317730094,0.0,150.0,,2017-08,
3G61D5KV,,8,3,1,2017-08-03,,0.0,0.684386009751134,0.0,150.0,,2017-08,
58J528HO,60.0,8,2,2,2017-08-03,2017-08-15,0.0,0.005128481115177962,0.0,12.0,12.0,2017-08,2017-08
6RZ5GSAB,,6,1,1,2017-08-03,,0.0,0.19972116280605962,0.0,150.0,,2017-08,
RD6Y5R4P,9.0,32,3,1,2017-08-03,,0.0,0.787446240924218,0.0,150.0,,2017-08,
7VSFD2MV,,31,1,1,2017-08-03,,0.0,0.17935098510804864,0.0,150.0,,2017-08,
PBVC1VI7,44.0,31,6,2,2017-08-03,2017-11-09,0.0,0.01821511986823031,0.0,98.0,98.0,2017-08,2017-11
3BA9OPGY,,4,3,1,2017-08-03,,0.0,0.6232952637164343,0.0,150.0,,2017-08,
LDQITW5C,1.0,4,4,1,2017-08-03,,0.0,0.002929029761817669,0.0,150.0,,2017-08,
9V2SW5MV,,7,4,1,2017-08-03,,0.0,0.009141402153338007,0.0,150.0,,2017-08,
0R5KAHNB,74.0,5,4,1,2017-08-03,,0.0,0.004713454835050309,0.0,150.0,,2017-08,
ATMWAQL5,30.0,9,6,1,2017-08-03,,0.0,0.02718871124038966,0.0,150.0,,2017-08,
SUUVV6RP,,9,3,1,2017-08-03,,0.0,0.6402409813839997,0.0,150.0,,2017-08,
U4BPFJC5,38.0,9,6,4,2017-08-03,2017-08-21,1126.0,0.9953705950711677,1126.0,18.0,18.0,2017-08,2017-08
MJ3XHBY0,18.0,21,2,4,2017-08-03,2017-08-14,3963.0,0.9999999999999616,3963.0,11.0,11.0,2017-08,2017-08
LT75S3LM,43.0,21,2,4,2017-08-03,2017-08-11,5401.0,1.0,5401.0,8.0,8.0,2017-08,2017-08
B28O6RVD,63.0,14,4,2,2017-08-03,2017-08-20,0.0,0.0037270400567731006,0.0,17.0,17.0,2017-08,2017-08
O9MGYBG4,63.0,14,6,4,2017-08-03,2017-12-02,965.0,0.9907866425906582,965.0,121.0,121.0,2017-08,2017-12
XB1ZV04H,,3,1,1,2017-08-03,,0.0,0.2150864268156705,0.0,150.0,,2017-08,
Q1TS5ZKD,,3,3,1,2017-08-03,,0.0,0.7472908840103104,0.0,150.0,,2017-08,
FLH1KDV2,36.0,3,1,4,2017-08-03,2017-11-01,534.0,0.9533834862910233,534.0,90.0,90.0,2017-08,2017-11
NNH4EBG8,49.0,24,3,1,2017-08-03,,0.0,0.7161513937179962,0.0,150.0,,2017-08,
GVSAAKF4,48.0,16,3,4,2017-08-03,2017-11-21,50.0,0.7542386125347937,50.0,110.0,110.0,2017-08,2017-11
5UFU5IO4,9.0,13,3,1,2017-08-04,,0.0,0.7756595988286874,0.0,149.0,,2017-08,
VLYT262U,,18,6,1,2017-08-04,,0.0,0.021553600913430206,0.0,149.0,,2017-08,
UM1OU73X,,10,2,1,2017-08-04,,0.0,0.007962306189641293,0.0,149.0,,2017-08,
69U39SXU,,10,2,1,2017-08-04,,0.0,0.007962306189641293,0.0,149.0,,2017-08,
R6F1053X,44.0,20,2,4,2017-08-04,2017-08-11,5186.0,1.0,5186.0,7.0,7.0,2017-08,2017-08
OB2PHGFR,41.0,28,4,4,2017-08-04,2017-11-04,3308.0,0.9999999999700926,3308.0,92.0,92.0,2017-08,2017-11
ZCUMC0XC,,8,3,1,2017-08-04,,0.0,0.683134228402205,0.0,149.0,,2017-08,
Y2X0X0WQ,23.0,8,4,4,2017-08-04,2017-12-07,3367.0,0.9999999999827494,3367.0,125.0,125.0,2017-08,2017-12
V1KABF71,,6,6,1,2017-08-04,,0.0,0.02553450296253095,0.0,149.0,,2017-08,
DZ47F0UT,46.0,31,6,2,2017-08-04,2017-08-08,0.0,0.010016048611148682,0.0,4.0,4.0,2017-08,2017-08
7WYZ9HMC,61.0,31,1,4,2017-08-04,2017-09-16,518.0,0.954406764404978,518.0,43.0,43.0,2017-08,2017-09
CPOA6FVA,,4,1,1,2017-08-04,,0.0,0.13227640503835292,0.0,149.0,,2017-08,
5VW9YVTU,12.0,5,1,1,2017-08-04,,0.0,0.23020373401327981,0.0,149.0,,2017-08,
FUI9BIS3,25.0,5,4,1,2017-08-04,,0.0,0.0053557427747528774,0.0,149.0,,2017-08,
49SUORYW,2.0,9,6,1,2017-08-04,,0.0,0.014934738601531177,0.0,149.0,,2017-08,
RG8P75PG,37.0,21,2,2,2017-08-04,2017-08-10,0.0,0.004310839557690864,0.0,6.0,6.0,2017-08,2017-08
P0YQ3HNN,42.0,21,6,4,2017-08-04,2017-09-11,1128.0,0.9972111337598754,1128.0,38.0,38.0,2017-08,2017-09
TGI9B9AD,5.0,21,5,4,2017-08-04,2017-12-16,6318.0,1.0,6318.0,134.0,134.0,2017-08,2017-12
51VR0RD3,,12,3,1,2017-08-04,,0.0,0.7267273486973663,0.0,149.0,,2017-08,
4PNXMXXC,,1,1,1,2017-08-05,,0.0,0.21401919919404527,0.0,148.0,,2017-08,
OVA9HMN1,,1,5,1,2017-08-05,,0.0,0.012453537552680909,0.0,148.0,,2017-08,
DAAHNY6T,,1,3,1,2017-08-05,,0.0,0.7460930506990663,0.0,148.0,,2017-08,
80QJ0BQH,,1,3,1,2017-08-05,,0.0,0.7460930506990663,0.0,148.0,,2017-08,
WA58C7SV,9.0,1,4,2,2017-08-05,2017-11-26,0.0,0.00792235759554773,0.0,113.0,113.0,2017-08,2017-11
MOAP4XN7,,22,2,1,2017-08-05,,0.0,0.008405841422957142,0.0,148.0,,2017-08,
2N2MUDOA,4.0,18,2,1,2017-08-05,,0.0,0.00802366985264476,0.0,148.0,,2017-08,
EFUIZFRA,52.0,18,2,4,2017-08-05,2017-09-19,4935.0,1.0,4935.0,45.0,45.0,2017-08,2017-09
RCJRB8W8,,10,5,1,2017-08-05,,0.0,0.01029577084618632,0.0,148.0,,2017-08,
5NGPM4C3,,10,5,1,2017-08-05,,0.0,0.01029577084618632,0.0,148.0,,2017-08,
D4ZMTQLE,62.0,10,6,4,2017-08-05,2017-12-20,1013.0,0.9932231168991063,1013.0,137.0,137.0,2017-08,2017-12
QFXZT1TV,80.0,20,1,4,2017-08-05,2017-12-20,573.0,0.9707591344437312,573.0,137.0,137.0,2017-08,2017-12
3Q8GSOKD,81.0,20,1,4,2017-08-05,2017-12-04,535.0,0.9233741536049073,535.0,121.0,121.0,2017-08,2017-12
7DOGGIXI,5.0,28,3,1,2017-08-05,,0.0,0.713938665382165,0.0,148.0,,2017-08,
7CC4DUSQ,21.0,28,4,2,2017-08-05,2017-11-29,0.0,0.003860697402195084,0.0,116.0,116.0,2017-08,2017-11
NY7Z4I06,2.0,31,5,1,2017-08-05,,0.0,0.00868409832045528,0.0,148.0,,2017-08,
G2KW3DWD,12.0,4,6,4,2017-08-05,2017-11-02,1080.0,0.9958424538558454,1080.0,89.0,89.0,2017-08,2017-11
IK72767Q,23.0,7,1,4,2017-08-05,2017-12-14,609.0,0.9773852380382981,609.0,131.0,131.0,2017-08,2017-12
9P180HVQ,82.0,5,1,1,2017-08-05,,0.0,0.21583374517699686,0.0,148.0,,2017-08,
ACGLK2YE,73.0,5,6,1,2017-08-05,,0.0,0.024576973061352963,0.0,148.0,,2017-08,
0F9GSZRO,4.0,5,1,2,2017-08-05,2017-11-11,0.0,0.12606793274875794,0.0,98.0,98.0,2017-08,2017-11
BEELPVP0,62.0,5,3,2,2017-08-05,2017-08-15,0.0,0.4639342403338267,0.0,10.0,10.0,2017-08,2017-08
3A54O8JT,,3,3,1,2017-08-05,,0.0,0.7450981322805577,0.0,148.0,,2017-08,
2DOZJ7GT,30.0,3,4,2,2017-08-05,2017-11-08,0.0,0.00894801207880342,0.0,95.0,95.0,2017-08,2017-11
1V1L46NV,60.0,3,1,4,2017-08-05,2017-11-09,563.0,0.9778403912864029,563.0,96.0,96.0,2017-08,2017-11
R9GI5SJ5,16.0,24,4,1,2017-08-05,,0.0,0.007300612099875109,0.0,148.0,,2017-08,
SGYL0QMJ,54.0,33,2,2,2017-08-05,2017-11-07,0.0,0.002983422409219206,0.0,94.0,94.0,2017-08,2017-11
XNOQAL9G,3.0,1,3,2,2017-08-06,2017-11-29,0.0,0.6757128411185374,0.0,115.0,115.0,2017-08,2017-11
WO1OYV0Z,,22,5,1,2017-08-06,,0.0,0.010867866264359123,0.0,147.0,,2017-08,
ZGK1AWBD,75.0,22,3,1,2017-08-06,,0.0,0.7336803654543619,0.0,147.0,,2017-08,
AV72Y65Y,68.0,2,3,1,2017-08-06,,0.0,0.7679113726960224,0.0,147.0,,2017-08,
2PP30ME4,44.0,13,6,2,2017-08-06,2017-11-04,0.0,0.020117363211005934,0.0,90.0,90.0,2017-08,2017-11
UADVV91I,7.0,13,3,4,2017-08-06,2017-12-01,59.0,0.7279841880401382,59.0,117.0,117.0,2017-08,2017-12
E9PMCMA3,18.0,13,3,4,2017-08-06,2017-11-14,54.0,0.8312290568427896,54.0,100.0,100.0,2017-08,2017-11
EGW6AN01,18.0,18,4,2,2017-08-06,2017-11-08,0.0,0.007275237491562896,0.0,94.0,94.0,2017-08,2017-11
A8NDGVJE,,10,2,1,2017-08-06,,0.0,0.007871370656673548,0.0,147.0,,2017-08,
NI5XQR33,9.0,10,6,2,2017-08-06,2017-08-14,0.0,0.01324156326282952,0.0,8.0,8.0,2017-08,2017-08
QYUZ3KVU,49.0,20,4,4,2017-08-06,2017-08-11,3114.0,0.9999999997262305,3114.0,5.0,5.0,2017-08,2017-08
5TOZM59X,58.0,28,3,4,2017-08-06,2017-08-17,60.0,0.737561515643354,60.0,11.0,11.0,2017-08,2017-08
XWOG5DC0,20.0,15,1,2,2017-08-06,2017-11-08,0.0,0.09691948177722234,0.0,94.0,94.0,2017-08,2017-11
IQAFSIV4,42.0,15,1,4,2017-08-06,2017-08-27,422.0,0.8067496392845735,422.0,21.0,21.0,2017-08,2017-08
EETBBG75,44.0,15,4,4,2017-08-06,2017-09-20,3971.0,0.9999999999999385,3971.0,45.0,45.0,2017-08,2017-09
7FFV8D9U,55.0,8,2,1,2017-08-06,,0.0,0.00484606340273923,0.0,147.0,,2017-08,
04T6SOQW,,32,1,1,2017-08-06,,0.0,0.20961081494840822,0.0,147.0,,2017-08,
STYAF310,22.0,32,6,2,2017-08-06,2017-11-04,0.0,0.018486240779825868,0.0,90.0,90.0,2017-08,2017-11
6W7QAH1B,44.0,32,1,4,2017-08-06,2017-12-18,510.0,0.9616065283927198,510.0,134.0,134.0,2017-08,2017-12
KXLD5YKX,61.0,32,4,4,2017-08-06,2017-11-19,4032.0,0.9999999999999831,4032.0,105.0,105.0,2017-08,2017-11
SLMY2KDA,,31,2,1,2017-08-06,,0.0,0.007572514582873966,0.0,147.0,,2017-08,
PDMZ1I99,29.0,4,4,1,2017-08-06,,0.0,0.0035093139134042372,0.0,147.0,,2017-08,
ESYGBBLP,19.0,4,1,2,2017-08-06,2017-12-10,0.0,0.14779864665073708,0.0,126.0,126.0,2017-08,2017-12
AD2YEH7W,,7,5,1,2017-08-06,,0.0,0.01270550918243242,0.0,147.0,,2017-08,
98K99UW9,,14,5,1,2017-08-06,,0.0,0.009374423982061699,0.0,147.0,,2017-08,
ZDSAVCDQ,56.0,14,3,4,2017-08-06,2017-08-12,52.0,0.6544797062440396,52.0,6.0,6.0,2017-08,2017-08
OMJHW2J1,,3,4,1,2017-08-06,,0.0,0.008710774419011932,0.0,147.0,,2017-08,
G6CMP5I9,,3,4,1,2017-08-06,,0.0,0.008710774419011932,0.0,147.0,,2017-08,
OSG9KZGB,42.0,1,6,1,2017-08-07,,0.0,0.023581952745145098,0.0,146.0,,2017-08,
693K7IAT,25.0,22,1,1,2017-08-07,,0.0,0.16021375651651049,0.0,146.0,,2017-08,
QRWC159J,69.0,22,4,2,2017-08-07,2017-12-08,0.0,0.005162023172704262,0.0,123.0,123.0,2017-08,2017-12
TXPUCPT8,29.0,2,4,4,2017-08-07,2017-11-17,3684.0,0.99999999999895,3684.0,102.0,102.0,2017-08,2017-11
2ZVWE5NE,69.0,13,6,2,2017-08-07,2017-12-19,0.0,0.018434448396293556,0.0,134.0,134.0,2017-08,2017-12
4335LVQT,84.0,13,5,4,2017-08-07,2017-11-19,4648.0,1.0,4648.0,104.0,104.0,2017-08,2017-11
MJ0RRDLN,27.0,13,2,4,2017-08-07,2017-12-05,4639.0,0.9999999999999998,4639.0,120.0,120.0,2017-08,2017-12
QAJPUEN2,3.0,10,2,2,2017-08-07,2017-08-18,0.0,0.0035693449971280497,0.0,11.0,11.0,2017-08,2017-08
4XLLUO6J,38.0,10,5,4,2017-08-07,2017-09-17,6360.0,1.0,6360.0,41.0,41.0,2017-08,2017-09
5R408EB5,64.0,28,6,2,2017-08-07,2017-12-19,0.0,0.021503113063174265,0.0,134.0,134.0,2017-08,2017-12
FB0Q3FYP,38.0,8,2,4,2017-08-07,2017-09-22,4722.0,1.0,4722.0,46.0,46.0,2017-08,2017-09
JZ2VUXZQ,58.0,26,6,2,2017-08-07,2017-08-26,0.0,0.021711172761593563,0.0,19.0,19.0,2017-08,2017-08
RB54V758,70.0,30,4,4,2017-08-07,2017-08-17,3039.0,0.9999999996466313,3039.0,10.0,10.0,2017-08,2017-08
38C7HEG6,60.0,6,6,4,2017-08-07,2017-11-01,1080.0,0.9976228387135083,1080.0,86.0,86.0,2017-08,2017-11
FNXCNUR1,6.0,32,6,2,2017-08-07,2017-11-24,0.0,0.018909699517890226,0.0,109.0,109.0,2017-08,2017-11
DSPMSOTB,29.0,4,4,4,2017-08-07,2017-12-13,3063.0,0.9999999995872064,3063.0,128.0,128.0,2017-08,2017-12
WD7Q5D3G,,27,6,1,2017-08-07,,0.0,0.015325788028022428,0.0,146.0,,2017-08,
ZC987DAQ,,27,4,1,2017-08-07,,0.0,0.0047858835145358275,0.0,146.0,,2017-08,
AOVU3VUJ,44.0,27,1,2,2017-08-07,2017-11-17,0.0,0.11038957776099666,0.0,102.0,102.0,2017-08,2017-11
I6M40320,3.0,9,6,1,2017-08-07,,0.0,0.016603636689559234,0.0,146.0,,2017-08,
SYA1A4E5,,9,2,1,2017-08-07,,0.0,0.005691883667676968,0.0,146.0,,2017-08,
9AESK6QV,,24,1,1,2017-08-07,,0.0,0.1782001158345968,0.0,146.0,,2017-08,
6DUFMKIG,41.0,24,3,2,2017-08-07,2017-08-13,0.0,0.488856708621772,0.0,6.0,6.0,2017-08,2017-08
R2DID6L7,1.0,12,3,4,2017-08-07,2017-11-04,52.0,0.6038092498015606,52.0,89.0,89.0,2017-08,2017-11
WHS3UZHR,7.0,12,3,4,2017-08-07,2017-11-09,51.0,0.6912261653192888,51.0,94.0,94.0,2017-08,2017-11
5UFQONQU,12.0,33,2,4,2017-08-07,2017-11-27,4480.0,0.9999999999999996,4480.0,112.0,112.0,2017-08,2017-11
RRQIGS7E,15.0,1,3,4,2017-08-08,2017-08-18,53.0,0.657638895822169,53.0,10.0,10.0,2017-08,2017-08
1VFRN1GB,78.0,19,1,4,2017-08-08,2017-08-27,582.0,0.9398673144189554,582.0,19.0,19.0,2017-08,2017-08
Q8QGD2OG,,2,4,1,2017-08-08,,0.0,0.007861684055485343,0.0,145.0,,2017-08,
AHXFADIU,9.0,2,5,2,2017-08-08,2017-11-01,0.0,0.008670703080384019,0.0,85.0,85.0,2017-08,2017-11
PWKFVQFA,76.0,2,4,4,2017-08-08,2017-11-08,3354.0,0.9999999999878735,3354.0,92.0,92.0,2017-08,2017-11
8CAXVCDF,20.0,18,4,2,2017-08-08,2017-08-09,0.0,0.0021261077426199763,0.0,1.0,1.0,2017-08,2017-08
0SIWRBDT,44.0,18,6,4,2017-08-08,2017-12-22,1135.0,0.9982669546135676,1135.0,136.0,136.0,2017-08,2017-12
FH3UXT3T,,10,2,1,2017-08-08,,0.0,0.007781465529652172,0.0,145.0,,2017-08,
VQB0ZCYJ,37.0,20,2,4,2017-08-08,2017-08-11,4859.0,1.0,4859.0,3.0,3.0,2017-08,2017-08
6IMKESNY,72.0,6,6,4,2017-08-08,2017-08-17,1085.0,0.9950784580495688,1085.0,9.0,9.0,2017-08,2017-08
CLRPASVW,9.0,32,1,1,2017-08-08,,0.0,0.25009714056924115,0.0,145.0,,2017-08,
18N5WD04,64.0,31,3,2,2017-08-08,2017-09-24,0.0,0.6162140654651532,0.0,47.0,47.0,2017-08,2017-09
FS60AX8A,,4,1,1,2017-08-08,,0.0,0.12964110158674935,0.0,145.0,,2017-08,
R26IBPEJ,23.0,4,1,2,2017-08-08,2017-11-13,0.0,0.07771137730276308,0.0,97.0,97.0,2017-08,2017-11
TCBW39GW,85.0,7,6,4,2017-08-08,2017-11-07,1196.0,0.997719904598873,1196.0,91.0,91.0,2017-08,2017-11
F9QHNS68,76.0,7,5,4,2017-08-08,2017-08-19,5572.0,1.0,5572.0,11.0,11.0,2017-08,2017-08
7DA7E2K7,41.0,34,4,4,2017-08-08,2017-11-06,3415.0,0.9999999999882845,3415.0,90.0,90.0,2017-08,2017-11
O7LSETHG,,14,4,1,2017-08-08,,0.0,0.0065473746438519205,0.0,145.0,,2017-08,
GTH7MXLG,62.0,3,3,2,2017-08-08,2017-08-15,0.0,0.5317778454218944,0.0,7.0,7.0,2017-08,2017-08
FCBSZ6FJ,,1,5,1,2017-08-09,,0.0,0.012171943184061776,0.0,144.0,,2017-08,
S931EBRN,,19,1,1,2017-08-09,,0.0,0.1772389164973248,0.0,144.0,,2017-08,
2QISWUQ9,43.0,19,1,2,2017-08-09,2017-12-05,0.0,0.10448645161173288,0.0,118.0,118.0,2017-08,2017-12
8CJ0DC9P,75.0,18,6,2,2017-08-09,2017-11-12,0.0,0.014780135127758762,0.0,95.0,95.0,2017-08,2017-11
S0WEFDP2,56.0,18,6,4,2017-08-09,2017-09-24,1176.0,0.9981992577192534,1176.0,46.0,46.0,2017-08,2017-09
MUSSD9WD,32.0,10,6,1,2017-08-09,,0.0,0.03371064079387156,0.0,144.0,,2017-08,
9B20R6A5,,10,2,1,2017-08-09,,0.0,0.007736895772687114,0.0,144.0,,2017-08,
PXXIJWXD,68.0,10,2,4,2017-08-09,2017-11-02,4313.0,0.9999999999999976,4313.0,85.0,85.0,2017-08,2017-11
AQFXE1TA,44.0,20,2,4,2017-08-09,2017-09-15,4662.0,0.9999999999999998,4662.0,37.0,37.0,2017-08,2017-09
N4JDVO8F,64.0,28,1,2,2017-08-09,2017-08-12,0.0,0.1057379216442783,0.0,3.0,3.0,2017-08,2017-08
GXJF1O6U,10.0,28,4,2,2017-08-09,2017-11-18,0.0,0.005674184609751681,0.0,101.0,101.0,2017-08,2017-11
UZTMM5MG,78.0,15,2,2,2017-08-09,2017-11-20,0.0,0.004314672168419287,0.0,103.0,103.0,2017-08,2017-11
XMVJ5X59,56.0,15,4,4,2017-08-09,2017-11-07,2715.0,0.9999999956461281,2715.0,90.0,90.0,2017-08,2017-11
AJ3CFCFA,35.0,26,6,2,2017-08-09,2017-11-19,0.0,0.017154973992301037,0.0,102.0,102.0,2017-08,2017-11
SX73M3HS,36.0,30,1,4,2017-08-09,2017-12-19,511.0,0.9472428302556335,511.0,132.0,132.0,2017-08,2017-12
BJH89YWM,,6,1,1,2017-08-09,,0.0,0.1942273264007843,0.0,144.0,,2017-08,
EVXPG3V5,71.0,4,1,1,2017-08-09,,0.0,0.11655235571022071,0.0,144.0,,2017-08,
YDUL6H8V,32.0,27,6,4,2017-08-09,2017-12-08,1017.0,0.9936876503783036,1017.0,121.0,121.0,2017-08,2017-12
FSNL204U,35.0,7,5,1,2017-08-09,,0.0,0.011177318162305877,0.0,144.0,,2017-08,
RC4LEDIA,,7,4,1,2017-08-09,,0.0,0.00883208845713475,0.0,144.0,,2017-08,
DY5RYWTV,46.0,34,6,2,2017-08-09,2017-08-20,0.0,0.010047670325740473,0.0,11.0,11.0,2017-08,2017-08
3F9NDPA0,44.0,34,6,4,2017-08-09,2017-08-10,1102.0,0.995824451119466,1102.0,1.0,1.0,2017-08,2017-08
UMKU4ZGE,42.0,34,3,4,2017-08-09,2017-12-04,67.0,0.7060783639588153,67.0,117.0,117.0,2017-08,2017-12
56SRDF1B,28.0,5,3,4,2017-08-09,2017-09-09,59.0,0.558167219311628,59.0,31.0,31.0,2017-08,2017-09
ID7F5VGK,16.0,9,5,2,2017-08-09,2017-11-25,0.0,0.005295513517758037,0.0,108.0,108.0,2017-08,2017-11
6UQTAD4C,36.0,9,1,4,2017-08-09,2017-12-09,569.0,0.95083446726747,569.0,122.0,122.0,2017-08,2017-12
HT17GEXI,78.0,21,1,4,2017-08-09,2017-12-13,517.0,0.9492422050830011,517.0,126.0,126.0,2017-08,2017-12
298J5EM0,,24,1,1,2017-08-09,,0.0,0.1765108709496048,0.0,144.0,,2017-08,
5Q2BP80H,40.0,16,1,2,2017-08-09,2017-11-03,0.0,0.16035954333744792,0.0,86.0,86.0,2017-08,2017-11
JVKP9OCT,20.0,22,6,4,2017-08-10,2017-08-22,1171.0,0.9968696947604782,1171.0,12.0,12.0,2017-08,2017-08
COJKCSVG,43.0,13,1,2,2017-08-10,2017-08-22,0.0,0.08005537439865597,0.0,12.0,12.0,2017-08,2017-08
533RTCAL,18.0,13,6,4,2017-08-10,2017-08-20,1143.0,0.9983244223616282,1143.0,10.0,10.0,2017-08,2017-08
NUBMO8S7,42.0,18,2,4,2017-08-10,2017-12-07,5315.0,1.0,5315.0,119.0,119.0,2017-08,2017-12
Z4OOTJAJ,,10,5,1,2017-08-10,,0.0,0.010004966998489667,0.0,143.0,,2017-08,
DNL2IICB,11.0,10,4,2,2017-08-10,2017-08-12,0.0,0.0024104154117476203,0.0,2.0,2.0,2017-08,2017-08
X7V78ZY0,61.0,28,3,4,2017-08-10,2017-08-16,49.0,0.7331920315420805,49.0,6.0,6.0,2017-08,2017-08
5GEBBVQQ,8.0,15,5,2,2017-08-10,2017-11-06,0.0,0.009544866894370833,0.0,88.0,88.0,2017-08,2017-11
988J5AUI,,26,6,1,2017-08-10,,0.0,0.027823878315218074,0.0,143.0,,2017-08,
DMN53GAI,41.0,26,4,4,2017-08-10,2017-08-13,3511.0,0.9999999999947253,3511.0,3.0,3.0,2017-08,2017-08
MBPJUJ7F,54.0,6,1,1,2017-08-10,,0.0,0.15749035580283705,0.0,143.0,,2017-08,
B7VEJNPV,11.0,6,2,2,2017-08-10,2017-11-23,0.0,0.00451704029851185,0.0,105.0,105.0,2017-08,2017-11
CR13KZ71,79.0,31,2,2,2017-08-10,2017-11-20,0.0,0.005423066445992009,0.0,102.0,102.0,2017-08,2017-11
2KWJIZX6,,4,6,1,2017-08-10,,0.0,0.015311135314258496,0.0,143.0,,2017-08,
99EA6HXJ,,27,1,1,2017-08-10,,0.0,0.1265172534452427,0.0,143.0,,2017-08,
J31SUXQJ,69.0,7,5,1,2017-08-10,,0.0,0.01161159318833254,0.0,143.0,,2017-08,
DYO98F6J,,7,3,1,2017-08-10,,0.0,0.745548957854863,0.0,143.0,,2017-08,
C23N9DE9,11.0,7,6,4,2017-08-10,2017-08-27,1108.0,0.9956090351153505,1108.0,17.0,17.0,2017-08,2017-08
FW7QS11M,31.0,34,3,2,2017-08-10,2017-11-07,0.0,0.5541641925524095,0.0,89.0,89.0,2017-08,2017-11
ZRBHYBW9,34.0,34,3,2,2017-08-10,2017-11-03,0.0,0.5472391028812451,0.0,85.0,85.0,2017-08,2017-11
EEB0JYIQ,,9,6,1,2017-08-10,,0.0,0.01644917825686945,0.0,143.0,,2017-08,
JLK580ND,66.0,9,1,2,2017-08-10,2017-09-16,0.0,0.16567728152473485,0.0,37.0,37.0,2017-08,2017-09
GN9SQ77J,38.0,9,5,4,2017-08-10,2017-08-25,5671.0,1.0,5671.0,15.0,15.0,2017-08,2017-08
68EYCEV4,22.0,14,2,1,2017-08-10,,0.0,0.007610295004052985,0.0,143.0,,2017-08,
1S09GEOL,8.0,14,1,2,2017-08-10,2017-09-09,0.0,0.1277100622945493,0.0,30.0,30.0,2017-08,2017-09
W0TOD23Z,4.0,3,1,4,2017-08-10,2017-09-24,546.0,0.9550183330884626,546.0,45.0,45.0,2017-08,2017-09
2SI35CTV,31.0,24,3,4,2017-08-10,2017-12-06,57.0,0.7114916283842702,57.0,118.0,118.0,2017-08,2017-12
58CZCKFN,17.0,24,4,4,2017-08-10,2017-09-28,3195.0,0.9999999999158811,3195.0,49.0,49.0,2017-08,2017-09
3E6J4YRT,84.0,12,1,2,2017-08-10,2017-11-06,0.0,0.17585502527255334,0.0,88.0,88.0,2017-08,2017-11
L4QYOBFW,29.0,1,3,2,2017-08-11,2017-11-06,0.0,0.5612390063565706,0.0,87.0,87.0,2017-08,2017-11
DSC7UB3W,29.0,1,3,2,2017-08-11,2017-08-23,0.0,0.48921483998696935,0.0,12.0,12.0,2017-08,2017-08
ZHXBOIJ6,19.0,1,3,4,2017-08-11,2017-08-18,46.0,0.7559857628599043,46.0,7.0,7.0,2017-08,2017-08
FBVCN3BA,68.0,1,3,4,2017-08-11,2017-11-07,65.0,0.8009263573682579,65.0,88.0,88.0,2017-08,2017-11
P4D1NK6D,,28,1,1,2017-08-11,,0.0,0.1693247723536943,0.0,142.0,,2017-08,
5MAXF8FK,71.0,8,5,1,2017-08-11,,0.0,0.007852979850703393,0.0,142.0,,2017-08,
52FDATJV,10.0,30,2,2,2017-08-11,2017-08-24,0.0,0.004896886183968748,0.0,13.0,13.0,2017-08,2017-08
KJGZN9D4,57.0,6,1,4,2017-08-11,2017-11-11,526.0,0.964228862954809,526.0,92.0,92.0,2017-08,2017-11
MITXNS42,28.0,6,2,4,2017-08-11,2017-11-10,4809.0,1.0,4809.0,91.0,91.0,2017-08,2017-11
Z7Q2USU1,,27,3,1,2017-08-11,,0.0,0.6084616339423694,0.0,142.0,,2017-08,
ORJRH2SQ,33.0,27,6,4,2017-08-11,2017-08-14,1105.0,0.9932259697943291,1105.0,3.0,3.0,2017-08,2017-08
8CBTC1PX,68.0,7,4,1,2017-08-11,,0.0,0.010873152709663382,0.0,142.0,,2017-08,
UMF3KRCL,,34,1,1,2017-08-11,,0.0,0.1673671720969387,0.0,142.0,,2017-08,
VJSI29OF,,3,3,1,2017-08-11,,0.0,0.7384451659137977,0.0,142.0,,2017-08,
GFU8P2SC,4.0,3,3,2,2017-08-11,2017-08-17,0.0,0.5851565164751301,0.0,6.0,6.0,2017-08,2017-08
SBCNMFUN,70.0,24,3,4,2017-08-11,2017-08-16,56.0,0.6463171041039733,56.0,5.0,5.0,2017-08,2017-08
JCIKEHD8,40.0,12,6,2,2017-08-11,2017-11-09,0.0,0.019644284807491474,0.0,90.0,90.0,2017-08,2017-11
GVZMMURY,35.0,33,2,2,2017-08-11,2017-11-29,0.0,0.003747393116065686,0.0,110.0,110.0,2017-08,2017-11
6KEWAQMX,,19,2,1,2017-08-12,,0.0,0.007464938310863989,0.0,141.0,,2017-08,
0PUDG8KY,81.0,19,1,2,2017-08-12,2017-08-24,0.0,0.0777965451118358,0.0,12.0,12.0,2017-08,2017-08
XTCCGBYM,26.0,19,2,4,2017-08-12,2017-11-10,4161.0,0.9999999999999831,4161.0,90.0,90.0,2017-08,2017-11
QFRZLXF3,,2,3,1,2017-08-12,,0.0,0.7191553884015796,0.0,141.0,,2017-08,
8MUD1WS1,,2,4,1,2017-08-12,,0.0,0.007683111035588569,0.0,141.0,,2017-08,
0UB5IQXA,11.0,2,3,4,2017-08-12,2017-11-23,65.0,0.7100915409582842,65.0,103.0,103.0,2017-08,2017-11
EIS1B0GM,74.0,13,2,2,2017-08-12,2017-08-13,0.0,0.0026790347380763863,0.0,1.0,1.0,2017-08,2017-08
ASVOOKMY,81.0,13,1,4,2017-08-12,2017-09-03,524.0,0.9152126660438726,524.0,22.0,22.0,2017-08,2017-09
HMWIP0F2,24.0,10,3,1,2017-08-12,,0.0,0.7960743868262121,0.0,141.0,,2017-08,
WAPSW48Y,59.0,10,2,2,2017-08-12,2017-11-01,0.0,0.00683082495504295,0.0,81.0,81.0,2017-08,2017-11
J6TNURHV,38.0,10,1,4,2017-08-12,2017-11-20,481.0,0.9216984120642817,481.0,100.0,100.0,2017-08,2017-11
9PG07FPP,73.0,10,1,4,2017-08-12,2017-11-11,520.0,0.9464914559643643,520.0,91.0,91.0,2017-08,2017-11
U3HKMX4U,11.0,10,2,4,2017-08-12,2017-11-04,4582.0,0.9999999999999996,4582.0,84.0,84.0,2017-08,2017-11
A7YPY8KI,21.0,28,3,4,2017-08-12,2017-08-21,53.0,0.5623104213296,53.0,9.0,9.0,2017-08,2017-08
27REMGYU,,30,1,1,2017-08-12,,0.0,0.18774114637877745,0.0,141.0,,2017-08,
IFTZ75Z9,46.0,31,6,2,2017-08-12,2017-12-03,0.0,0.015434234008771914,0.0,113.0,113.0,2017-08,2017-12
E8QYYAGE,66.0,4,1,2,2017-08-12,2017-09-12,0.0,0.15133553558469867,0.0,31.0,31.0,2017-08,2017-09
O0L6JUYE,7.0,7,1,1,2017-08-12,,0.0,0.18494719307365215,0.0,141.0,,2017-08,
ZR436XWW,,34,6,1,2017-08-12,,0.0,0.020669231819357835,0.0,141.0,,2017-08,
XE0H6MOP,36.0,34,1,4,2017-08-12,2017-09-22,559.0,0.9422607539999435,559.0,41.0,41.0,2017-08,2017-09
44Q1W18Y,83.0,5,3,1,2017-08-12,,0.0,0.7301230373431978,0.0,141.0,,2017-08,
LT111IZL,,5,3,1,2017-08-12,,0.0,0.6776405299702937,0.0,141.0,,2017-08,
QHY85D44,,5,3,1,2017-08-12,,0.0,0.6776405299702937,0.0,141.0,,2017-08,
R0YCRJVQ,39.0,5,4,2,2017-08-12,2017-08-17,0.0,0.0027334183349061515,0.0,5.0,5.0,2017-08,2017-08
7ZN8YCH8,27.0,3,3,1,2017-08-12,,0.0,0.7402870089203022,0.0,141.0,,2017-08,
3OA6FZUD,73.0,3,4,4,2017-08-12,2017-11-29,3165.0,0.9999999999402438,3165.0,109.0,109.0,2017-08,2017-11
B96E3BBD,,24,1,1,2017-08-12,,0.0,0.1740006315321481,0.0,141.0,,2017-08,
MQEFGUOG,,24,1,1,2017-08-12,,0.0,0.1740006315321481,0.0,141.0,,2017-08,
3C6E0D28,,24,5,1,2017-08-12,,0.0,0.009661601651209748,0.0,141.0,,2017-08,
58W7CZGD,9.0,24,2,1,2017-08-12,,0.0,0.009430891031126737,0.0,141.0,,2017-08,
SUOT8GB6,6.0,24,4,4,2017-08-12,2017-11-14,3779.0,0.9999999999996192,3779.0,94.0,94.0,2017-08,2017-11
EEQV0YY4,,12,1,1,2017-08-12,,0.0,0.19046673868757555,0.0,141.0,,2017-08,
Q3TDGMAR,18.0,12,3,4,2017-08-12,2017-11-12,48.0,0.8134147745162668,48.0,92.0,92.0,2017-08,2017-11
HQ2QSZUP,68.0,1,3,4,2017-08-13,2017-11-02,50.0,0.7714655364134556,50.0,81.0,81.0,2017-08,2017-11
V01XCOAS,74.0,22,3,2,2017-08-13,2017-11-22,0.0,0.5455184236159205,0.0,101.0,101.0,2017-08,2017-11
O35V5CTW,78.0,19,4,2,2017-08-13,2017-11-24,0.0,0.00380135289616371,0.0,103.0,103.0,2017-08,2017-11
0OHEJOI5,,13,4,1,2017-08-13,,0.0,0.007739849926378511,0.0,140.0,,2017-08,
AIU1UWJZ,84.0,13,2,4,2017-08-13,2017-08-22,4498.0,0.9999999999999996,4498.0,9.0,9.0,2017-08,2017-08
C205FMDE,82.0,13,3,4,2017-08-13,2017-09-01,59.0,0.7378768047428759,59.0,19.0,19.0,2017-08,2017-09
KLIOLWPC,71.0,18,2,2,2017-08-13,2017-08-17,0.0,0.0028434672704085134,0.0,4.0,4.0,2017-08,2017-08
QMFN71BT,,10,6,1,2017-08-13,,0.0,0.02214683949759643,0.0,140.0,,2017-08,
OF5AZQID,19.0,10,2,4,2017-08-13,2017-11-05,4810.0,1.0,4810.0,84.0,84.0,2017-08,2017-11
7O1UQ19W,,8,1,1,2017-08-13,,0.0,0.15940825060173436,0.0,140.0,,2017-08,
LFJVV393,,26,6,1,2017-08-13,,0.0,0.02735793328284672,0.0,140.0,,2017-08,
QQPAK72N,,26,5,1,2017-08-13,,0.0,0.012184511461107415,0.0,140.0,,2017-08,
8H0UQYXW,42.0,30,4,4,2017-08-13,2017-11-07,3972.0,0.9999999999999254,3972.0,86.0,86.0,2017-08,2017-11
5CAP1055,42.0,31,5,1,2017-08-13,,0.0,0.008050591370519666,0.0,140.0,,2017-08,
ZW2GDFKC,41.0,31,3,2,2017-08-13,2017-08-24,0.0,0.4922624819455427,0.0,11.0,11.0,2017-08,2017-08
96MOALT0,44.0,31,1,4,2017-08-13,2017-08-18,573.0,0.9536051061769467,573.0,5.0,5.0,2017-08,2017-08
DFSFEADV,,4,1,1,2017-08-13,,0.0,0.1264099401171737,0.0,140.0,,2017-08,
PXNDLIL2,37.0,4,3,1,2017-08-13,,0.0,0.5834564271788405,0.0,140.0,,2017-08,
7FVBMH48,,27,4,1,2017-08-13,,0.0,0.004623257988339418,0.0,140.0,,2017-08,
714B6OB2,21.0,27,5,2,2017-08-13,2017-11-18,0.0,0.0034693335567036747,0.0,97.0,97.0,2017-08,2017-11
W6OX0S1Q,32.0,27,2,2,2017-08-13,2017-08-21,0.0,0.0035322360311891565,0.0,8.0,8.0,2017-08,2017-08
B5WZQP1F,83.0,27,2,4,2017-08-13,2017-11-28,5540.0,1.0,5540.0,107.0,107.0,2017-08,2017-11
V0G393Q6,,7,6,1,2017-08-13,,0.0,0.02740784901977202,0.0,140.0,,2017-08,
9CPUX0D0,,7,2,1,2017-08-13,,0.0,0.009390566733307019,0.0,140.0,,2017-08,
CYBWWANG,45.0,7,3,2,2017-08-13,2017-11-25,0.0,0.6722449182615637,0.0,104.0,104.0,2017-08,2017-11
USS2SNQI,,34,3,1,2017-08-13,,0.0,0.6819544479296032,0.0,140.0,,2017-08,
4BUQW2T0,10.0,34,6,4,2017-08-13,2017-08-24,1130.0,0.9969380513864485,1130.0,11.0,11.0,2017-08,2017-08
HQKWQ004,,5,4,1,2017-08-13,,0.0,0.006279701861775406,0.0,140.0,,2017-08,
ZHOK77B4,84.0,21,2,4,2017-08-13,2017-11-02,4743.0,1.0,4743.0,81.0,81.0,2017-08,2017-11
TP4SDOPW,56.0,21,4,4,2017-08-13,2017-08-29,3732.0,0.9999999999995435,3732.0,16.0,16.0,2017-08,2017-08
BUZMB3Q4,24.0,24,3,4,2017-08-13,2017-11-26,59.0,0.8199287401786782,59.0,105.0,105.0,2017-08,2017-11
92VGMPKP,32.0,33,2,2,2017-08-13,2017-11-07,0.0,0.005482531326881664,0.0,86.0,86.0,2017-08,2017-11
JTXYATXL,44.0,33,1,4,2017-08-13,2017-11-15,510.0,0.930256968704636,510.0,94.0,94.0,2017-08,2017-11
SAMPTSH0,,1,6,1,2017-08-14,,0.0,0.026571124553180493,0.0,139.0,,2017-08,
NSX4NR40,4.0,1,5,1,2017-08-14,,0.0,0.01297165350138482,0.0,139.0,,2017-08,
NPORW46K,,1,3,1,2017-08-14,,0.0,0.7360971128438814,0.0,139.0,,2017-08,
0GS0L5VR,,1,3,1,2017-08-14,,0.0,0.7360971128438814,0.0,139.0,,2017-08,
DCOMI70R,38.0,1,5,2,2017-08-14,2017-08-20,0.0,0.005815008019779065,0.0,6.0,6.0,2017-08,2017-08
LBO52V0N,,19,2,1,2017-08-14,,0.0,0.007379640838493139,0.0,139.0,,2017-08,
5OOZTQK7,26.0,19,4,2,2017-08-14,2017-08-22,0.0,0.002144974751422203,0.0,8.0,8.0,2017-08,2017-08
P2PVED7R,42.0,19,6,4,2017-08-14,2017-08-30,907.0,0.9699329436988899,907.0,16.0,16.0,2017-08,2017-08
LFMMI05H,1.0,19,5,4,2017-08-14,2017-12-21,5881.0,1.0,5881.0,129.0,129.0,2017-08,2017-12
99NDUEKO,3.0,2,5,2,2017-08-14,2017-11-09,0.0,0.006853358909586969,0.0,87.0,87.0,2017-08,2017-11
FJE58EP1,,10,2,1,2017-08-14,,0.0,0.007517818296184834,0.0,139.0,,2017-08,
AILB4LIX,,10,2,1,2017-08-14,,0.0,0.007517818296184834,0.0,139.0,,2017-08,
2ICN8RJP,60.0,10,2,4,2017-08-14,2017-11-04,3902.0,0.9999999999999252,3902.0,82.0,82.0,2017-08,2017-11
8FGW6RSX,,28,3,1,2017-08-14,,0.0,0.6837288727770752,0.0,139.0,,2017-08,
CYV6MJL9,,26,4,1,2017-08-14,,0.0,0.008566335613593204,0.0,139.0,,2017-08,
YKMHSGNU,79.0,26,4,2,2017-08-14,2017-11-29,0.0,0.006613009890165577,0.0,107.0,107.0,2017-08,2017-11
Y8ZUSC9C,,6,1,1,2017-08-14,,0.0,0.18973734627148148,0.0,139.0,,2017-08,
VHT6G2BS,,6,6,1,2017-08-14,,0.0,0.024132927722872195,0.0,139.0,,2017-08,
KBPKLB2X,,6,2,1,2017-08-14,,0.0,0.008250240390503283,0.0,139.0,,2017-08,
N0XWYRBU,32.0,32,5,4,2017-08-14,2017-11-10,6186.0,1.0,6186.0,88.0,88.0,2017-08,2017-11
HY9VGF58,54.0,31,6,4,2017-08-14,2017-08-24,1094.0,0.9934113144748757,1094.0,10.0,10.0,2017-08,2017-08
EZDMNAK8,56.0,4,4,1,2017-08-14,,0.0,0.0056806177675065685,0.0,139.0,,2017-08,
I6PXHXST,64.0,7,4,1,2017-08-14,,0.0,0.01110302452186549,0.0,139.0,,2017-08,
AMP2GT6F,,34,2,1,2017-08-14,,0.0,0.006969065510751782,0.0,139.0,,2017-08,
EPC4NBJ5,31.0,34,6,2,2017-08-14,2017-08-28,0.0,0.009025726052479416,0.0,14.0,14.0,2017-08,2017-08
PQJZNRKK,,14,2,1,2017-08-14,,0.0,0.006882803661574269,0.0,139.0,,2017-08,
MVU1OZVS,57.0,3,3,4,2017-08-14,2017-11-30,53.0,0.8324576118616802,53.0,108.0,108.0,2017-08,2017-11
E617EXPD,40.0,24,4,1,2017-08-14,,0.0,0.008436693521695331,0.0,139.0,,2017-08,
1BAF1ZYL,54.0,24,1,4,2017-08-14,2017-08-19,551.0,0.9140747262064305,551.0,5.0,5.0,2017-08,2017-08
JEWIBFH9,,16,4,1,2017-08-14,,0.0,0.007756751511027289,0.0,139.0,,2017-08,
UV45XZWJ,6.0,33,3,2,2017-08-14,2017-08-18,0.0,0.442255693711354,0.0,4.0,4.0,2017-08,2017-08
B08R55ET,,1,3,1,2017-08-15,,0.0,0.7349710035798573,0.0,138.0,,2017-08,
3HTSMIGI,3.0,1,6,2,2017-08-15,2017-09-27,0.0,0.01458751741728078,0.0,43.0,43.0,2017-08,2017-09
B5GG52AB,38.0,1,5,2,2017-08-15,2017-11-15,0.0,0.008256513770596502,0.0,92.0,92.0,2017-08,2017-11
MTBQF6FE,29.0,1,3,4,2017-08-15,2017-11-05,57.0,0.6748308437673959,57.0,82.0,82.0,2017-08,2017-11
ICR59VIJ,,19,4,1,2017-08-15,,0.0,0.006743255344278555,0.0,138.0,,2017-08,
3S3O03ZV,27.0,19,1,4,2017-08-15,2017-08-25,552.0,0.9353047377856781,552.0,10.0,10.0,2017-08,2017-08
62TFLOG6,12.0,13,4,2,2017-08-15,2017-08-28,0.0,0.005451008826488286,0.0,13.0,13.0,2017-08,2017-08
94JT388Y,71.0,13,5,4,2017-08-15,2017-09-01,4520.0,0.9999999999999996,4520.0,17.0,17.0,2017-08,2017-09
AKC9GNVA,74.0,13,2,4,2017-08-15,2017-11-09,5868.0,1.0,5868.0,86.0,86.0,2017-08,2017-11
0R1F3OIN,5.0,18,4,4,2017-08-15,2017-08-22,2682.0,0.9999999899069568,2682.0,7.0,7.0,2017-08,2017-08
WDUOD19F,19.0,10,6,2,2017-08-15,2017-12-03,0.0,0.02414632067284442,0.0,110.0,110.0,2017-08,2017-12
SFXFXRYV,59.0,10,2,2,2017-08-15,2017-11-20,0.0,0.007488794162735072,0.0,97.0,97.0,2017-08,2017-11
ANZJNT1Q,60.0,10,6,4,2017-08-15,2017-08-25,1104.0,0.9971754577411731,1104.0,10.0,10.0,2017-08,2017-08
MX3QZ682,29.0,10,2,4,2017-08-15,2017-11-09,5107.0,1.0,5107.0,86.0,86.0,2017-08,2017-11
WMJDLTEF,52.0,20,1,4,2017-08-15,2017-11-25,533.0,0.948953346995749,533.0,102.0,102.0,2017-08,2017-11
3XUKEIQF,56.0,20,5,4,2017-08-15,2017-12-11,5454.0,1.0,5454.0,118.0,118.0,2017-08,2017-12
GBQ8OLNP,76.0,8,5,2,2017-08-15,2017-09-05,0.0,0.005349607536458216,0.0,21.0,21.0,2017-08,2017-09
Y69M70YC,15.0,8,2,2,2017-08-15,2017-11-01,0.0,0.003658665642050297,0.0,78.0,78.0,2017-08,2017-11
TQJJDWWH,,30,4,1,2017-08-15,,0.0,0.0073573792921000645,0.0,138.0,,2017-08,
3UOIHNKR,55.0,30,5,4,2017-08-15,2017-09-03,5533.0,1.0,5533.0,19.0,19.0,2017-08,2017-09
5WVY52IX,67.0,6,3,4,2017-08-15,2017-11-12,57.0,0.6370453615432672,57.0,89.0,89.0,2017-08,2017-11
3K3LQ0H5,61.0,32,1,4,2017-08-15,2017-08-23,557.0,0.9691938268695998,557.0,8.0,8.0,2017-08,2017-08
XGHMOHYQ,,4,1,1,2017-08-15,,0.0,0.1251368824004752,0.0,138.0,,2017-08,
5378T3K3,,27,5,1,2017-08-15,,0.0,0.006474378698704189,0.0,138.0,,2017-08,
3THRXZLP,61.0,27,6,2,2017-08-15,2017-11-12,0.0,0.016813498740176156,0.0,89.0,89.0,2017-08,2017-11
H45TYGRR,21.0,27,4,4,2017-08-15,2017-08-26,3271.0,0.9999999999041274,3271.0,11.0,11.0,2017-08,2017-08
E4A92U26,39.0,7,5,2,2017-08-15,2017-08-27,0.0,0.005550702850324977,0.0,12.0,12.0,2017-08,2017-08
JNYA5ZHI,11.0,5,3,2,2017-08-15,2017-11-10,0.0,0.5052562558165423,0.0,87.0,87.0,2017-08,2017-11
DCNA3CA1,62.0,5,1,4,2017-08-15,2017-12-18,716.0,0.9877720021226923,716.0,125.0,125.0,2017-08,2017-12
1MQ3015O,,9,6,1,2017-08-15,,0.0,0.01598737909469761,0.0,138.0,,2017-08,
PYQ3VX08,,9,2,1,2017-08-15,,0.0,0.005435689319165997,0.0,138.0,,2017-08,
484WREJQ,82.0,21,6,4,2017-08-15,2017-09-03,1024.0,0.995041439136754,1024.0,19.0,19.0,2017-08,2017-09
6H1MBBVR,49.0,21,2,4,2017-08-15,2017-08-23,4545.0,0.9999999999999996,4545.0,8.0,8.0,2017-08,2017-08
2TI1UFAA,1.0,14,3,2,2017-08-15,2017-11-17,0.0,0.4518182688285736,0.0,94.0,94.0,2017-08,2017-11
W1XRTUT2,23.0,3,3,1,2017-08-15,,0.0,0.7042755609491502,0.0,138.0,,2017-08,
6SMB6SDY,,24,2,1,2017-08-15,,0.0,0.007301022797070989,0.0,138.0,,2017-08,
BJWKG319,22.0,24,2,2,2017-08-15,2017-08-23,0.0,0.003732493830079813,0.0,8.0,8.0,2017-08,2017-08
IDYA1X6O,18.0,12,3,4,2017-08-15,2017-11-23,55.0,0.8294380136533713,55.0,100.0,100.0,2017-08,2017-11
041Q1IZL,33.0,33,2,1,2017-08-15,,0.0,0.005895331431903606,0.0,138.0,,2017-08,
U83R2K8I,73.0,1,3,4,2017-08-16,2017-08-29,53.0,0.7181864754517202,53.0,13.0,13.0,2017-08,2017-08
SU1NDYXR,66.0,22,6,1,2017-08-16,,0.0,0.05435233901888046,0.0,137.0,,2017-08,
PH1IKJ0W,42.0,22,2,4,2017-08-16,2017-11-26,4732.0,1.0,4732.0,102.0,102.0,2017-08,2017-11
8BP0QGNP,82.0,19,1,4,2017-08-16,2017-11-16,578.0,0.9713853441555365,578.0,92.0,92.0,2017-08,2017-11
BIH4D0JL,6.0,32,1,4,2017-08-16,2017-08-23,557.0,0.9460953129385077,557.0,7.0,7.0,2017-08,2017-08
M49ZMLGL,24.0,32,3,4,2017-08-16,2017-09-04,57.0,0.7845020577810627,57.0,19.0,19.0,2017-08,2017-09
OQAXHZXD,42.0,27,1,2,2017-08-16,2017-08-26,0.0,0.05391170110104819,0.0,10.0,10.0,2017-08,2017-08
FRRJMFIJ,42.0,14,1,4,2017-08-16,2017-09-24,501.0,0.8892816500419272,501.0,39.0,39.0,2017-08,2017-09
QROXE17S,57.0,3,6,4,2017-08-16,2017-08-29,1084.0,0.9971223239096638,1084.0,13.0,13.0,2017-08,2017-08
H3ZR0CQW,19.0,3,3,4,2017-08-16,2017-09-02,56.0,0.772966552094205,56.0,17.0,17.0,2017-08,2017-09
V7W8CA47,,24,3,1,2017-08-16,,0.0,0.6895588642395203,0.0,137.0,,2017-08,
9LY4MLGO,64.0,33,1,2,2017-08-16,2017-11-13,0.0,0.11977039177279511,0.0,89.0,89.0,2017-08,2017-11
X2GXIKND,36.0,1,5,4,2017-08-17,2017-11-22,5468.0,1.0,5468.0,97.0,97.0,2017-08,2017-11
KR22DD8M,,19,1,1,2017-08-17,,0.0,0.17058601490533154,0.0,136.0,,2017-08,
SY61BAXZ,58.0,19,6,1,2017-08-17,,0.0,0.033375030199593696,0.0,136.0,,2017-08,
KP1L9SXH,82.0,19,1,4,2017-08-17,2017-11-19,567.0,0.9688533771819566,567.0,94.0,94.0,2017-08,2017-11
84OTUTQX,27.0,13,6,2,2017-08-17,2017-11-05,0.0,0.015429454101816148,0.0,80.0,80.0,2017-08,2017-11
FKVC924F,,18,2,1,2017-08-17,,0.0,0.006826045810472397,0.0,136.0,,2017-08,
LXVCMY4C,,18,2,1,2017-08-17,,0.0,0.006826045810472397,0.0,136.0,,2017-08,
DVAOMCYK,19.0,10,6,4,2017-08-17,2017-11-19,1029.0,0.9959907140256763,1029.0,94.0,94.0,2017-08,2017-11
9LJAADWH,21.0,31,1,4,2017-08-17,2017-11-08,430.0,0.8279035189375827,430.0,83.0,83.0,2017-08,2017-11
8BGC94TT,42.0,34,2,4,2017-08-17,2017-11-17,5316.0,1.0,5316.0,92.0,92.0,2017-08,2017-11
P8GXMSXL,59.0,5,4,2,2017-08-17,2017-08-28,0.0,0.004377724638648753,0.0,11.0,11.0,2017-08,2017-08
QJ1DIUN7,26.0,25,3,1,2017-08-17,,0.0,0.5390916930157816,0.0,136.0,,2017-08,
HIOHPBO1,42.0,14,4,4,2017-08-17,2017-09-04,3913.0,0.9999999999997997,3913.0,18.0,18.0,2017-08,2017-09
ESU5NGML,85.0,3,1,2,2017-08-17,2017-08-24,0.0,0.05706838267716164,0.0,7.0,7.0,2017-08,2017-08
7NDOEFEB,72.0,3,3,2,2017-08-17,2017-08-20,0.0,0.5577974302678573,0.0,3.0,3.0,2017-08,2017-08
H5SSSZ11,12.0,24,4,2,2017-08-17,2017-08-18,0.0,0.004459614590064579,0.0,1.0,1.0,2017-08,2017-08
IZ8DDEIO,54.0,24,4,2,2017-08-17,2017-11-11,0.0,0.0033622449180617043,0.0,86.0,86.0,2017-08,2017-11
L4R7LDY1,35.0,12,3,1,2017-08-17,,0.0,0.6879375850582496,0.0,136.0,,2017-08,
5A4Q7X1W,36.0,33,1,4,2017-08-17,2017-09-03,655.0,0.9650607592554841,655.0,17.0,17.0,2017-08,2017-09
UGXAZ29V,34.0,33,3,4,2017-08-17,2017-08-31,46.0,0.5346010783238144,46.0,14.0,14.0,2017-08,2017-08
RMUIMYJU,1.0,22,5,2,2017-08-18,2017-08-26,0.0,0.00287703680936049,0.0,8.0,8.0,2017-08,2017-08
CYIMFEWC,15.0,2,4,2,2017-08-18,2017-08-24,0.0,0.003186558158660237,0.0,6.0,6.0,2017-08,2017-08
XNKIZY9J,,13,4,1,2017-08-18,,0.0,0.007520689434245757,0.0,135.0,,2017-08,
DHVOS14H,2.0,13,4,2,2017-08-18,2017-08-31,0.0,0.0032635431032606017,0.0,13.0,13.0,2017-08,2017-08
58CABL04,63.0,13,5,4,2017-08-18,2017-11-04,6372.0,1.0,6372.0,78.0,78.0,2017-08,2017-11
0WERZ67T,76.0,10,6,4,2017-08-18,2017-11-13,986.0,0.9924544516779404,986.0,87.0,87.0,2017-08,2017-11
ENGMZL6Y,3.0,10,2,4,2017-08-18,2017-09-01,4817.0,1.0,4817.0,14.0,14.0,2017-08,2017-09
15PJZKNT,66.0,8,2,2,2017-08-18,2017-08-31,0.0,0.007789530641262016,0.0,13.0,13.0,2017-08,2017-08
ZA2MIHIM,33.0,26,5,4,2017-08-18,2017-08-20,6529.0,1.0,6529.0,2.0,2.0,2017-08,2017-08
0GYOOM2R,62.0,6,2,2,2017-08-18,2017-08-25,0.0,0.0033935437603801934,0.0,7.0,7.0,2017-08,2017-08
X9L0T199,,32,2,1,2017-08-18,,0.0,0.008712442771475393,0.0,135.0,,2017-08,
VYR4EWHR,,31,1,1,2017-08-18,,0.0,0.16692392405668965,0.0,135.0,,2017-08,
0SSUR0IY,36.0,31,1,2,2017-08-18,2017-11-14,0.0,0.11665309163591965,0.0,88.0,88.0,2017-08,2017-11
1IY7Y42E,12.0,31,5,4,2017-08-18,2017-11-14,4454.0,0.9999999999999996,4454.0,88.0,88.0,2017-08,2017-11
M0PGP5H2,10.0,27,6,4,2017-08-18,2017-09-14,1002.0,0.9871917934600261,1002.0,27.0,27.0,2017-08,2017-09
PJ21R88K,33.0,27,3,4,2017-08-18,2017-11-04,63.0,0.6291008322386509,63.0,78.0,78.0,2017-08,2017-11
E3L02XMN,59.0,7,1,4,2017-08-18,2017-12-30,580.0,0.9829398126163537,580.0,134.0,134.0,2017-08,2017-12
PODXJ4SP,18.0,34,1,1,2017-08-18,,0.0,0.24829479014635097,0.0,135.0,,2017-08,
MAH5U65E,,24,4,1,2017-08-18,,0.0,0.006595081286920299,0.0,135.0,,2017-08,
S3HMUXS1,75.0,12,3,4,2017-08-18,2017-12-07,49.0,0.746334354725891,49.0,111.0,111.0,2017-08,2017-12
5HKITTHD,49.0,22,5,4,2017-08-19,2017-12-03,5703.0,1.0,5703.0,106.0,106.0,2017-08,2017-12
AZ8ACKLD,53.0,19,3,2,2017-08-19,2017-08-26,0.0,0.44606828437299534,0.0,7.0,7.0,2017-08,2017-08
NZJXKD9H,,18,3,1,2017-08-19,,0.0,0.67360189386294,0.0,134.0,,2017-08,
ZN5CVY5V,23.0,10,1,2,2017-08-19,2017-08-22,0.0,0.07729072038056478,0.0,3.0,3.0,2017-08,2017-08
G62CPKZO,19.0,10,4,2,2017-08-19,2017-08-26,0.0,0.0050825484925175754,0.0,7.0,7.0,2017-08,2017-08
ONN55X1O,42.0,20,2,2,2017-08-19,2017-11-11,0.0,0.0029656404411324616,0.0,84.0,84.0,2017-08,2017-11
8N3GXBI5,25.0,6,6,4,2017-08-19,2017-12-01,1148.0,0.9975803437070827,1148.0,104.0,104.0,2017-08,2017-12
IUKIZFB7,64.0,32,1,2,2017-08-19,2017-08-25,0.0,0.1319912641748779,0.0,6.0,6.0,2017-08,2017-08
TLJAFLON,41.0,31,1,2,2017-08-19,2017-08-28,0.0,0.0815643337024112,0.0,9.0,9.0,2017-08,2017-08
9J2JZGFJ,34.0,31,6,2,2017-08-19,2017-11-26,0.0,0.013139929858383529,0.0,99.0,99.0,2017-08,2017-11
ON2ZRW1X,36.0,31,2,4,2017-08-19,2017-12-24,4009.0,0.9999999999999614,4009.0,127.0,127.0,2017-08,2017-12
TXUDSYGY,57.0,4,4,4,2017-08-19,2017-11-02,3024.0,0.9999999996462292,3024.0,75.0,75.0,2017-08,2017-11
H7GXKD3O,42.0,34,6,1,2017-08-19,,0.0,0.016928560918685907,0.0,134.0,,2017-08,
H7P5O25G,25.0,5,4,2,2017-08-19,2017-11-20,0.0,0.0033573375452095764,0.0,93.0,93.0,2017-08,2017-11
SKU6MLKY,78.0,14,3,2,2017-08-19,2017-11-11,0.0,0.5131251505862733,0.0,84.0,84.0,2017-08,2017-11
SYSPNKUR,17.0,24,2,4,2017-08-19,2017-11-27,5058.0,1.0,5058.0,100.0,100.0,2017-08,2017-11
O8E9L7VK,10.0,33,1,2,2017-08-19,2017-11-25,0.0,0.12200803196702381,0.0,98.0,98.0,2017-08,2017-11
IX65TNEI,52.0,22,2,2,2017-08-20,2017-09-02,0.0,0.005166864556943417,0.0,13.0,13.0,2017-08,2017-09
2GVXOWDF,7.0,19,1,4,2017-08-20,2017-09-11,566.0,0.9330883239562233,566.0,22.0,22.0,2017-08,2017-09
R2DKRFDD,18.0,19,1,4,2017-08-20,2017-11-02,578.0,0.9747323094892872,578.0,74.0,74.0,2017-08,2017-11
F3FJ3DYK,72.0,10,1,4,2017-08-20,2017-08-30,620.0,0.9639237499859026,620.0,10.0,10.0,2017-08,2017-08
W3W3KPBH,23.0,10,2,4,2017-08-20,2017-09-03,4310.0,0.9999999999999953,4310.0,14.0,14.0,2017-08,2017-09
PVYIL0X4,61.0,26,4,4,2017-08-20,2017-08-21,3448.0,0.9999999999951055,3448.0,1.0,1.0,2017-08,2017-08
KY42W3FG,35.0,30,1,2,2017-08-20,2017-11-28,0.0,0.12354544010372707,0.0,100.0,100.0,2017-08,2017-11
05915PPX,77.0,32,4,4,2017-08-20,2017-11-19,3517.0,0.9999999999946081,3517.0,91.0,91.0,2017-08,2017-11
QPUPBL50,,31,1,1,2017-08-20,,0.0,0.16532006826186887,0.0,133.0,,2017-08,
7P069DNF,46.0,31,6,1,2017-08-20,,0.0,0.020903562284914416,0.0,133.0,,2017-08,
TUKHDOGS,,34,2,1,2017-08-20,,0.0,0.006732756782882383,0.0,133.0,,2017-08,
87TZLMU7,42.0,34,2,4,2017-08-20,2017-12-25,3854.0,0.9999999999998102,3854.0,127.0,127.0,2017-08,2017-12
P858PP0L,66.0,5,4,4,2017-08-20,2017-12-17,3894.0,0.9999999999999458,3894.0,119.0,119.0,2017-08,2017-12
9D43V124,49.0,24,3,1,2017-08-20,,0.0,0.6957279378219173,0.0,133.0,,2017-08,
O916VMU7,58.0,24,4,4,2017-08-20,2017-12-22,2833.0,0.9999999989583135,2833.0,124.0,124.0,2017-08,2017-12
0SPX7FIJ,75.0,12,4,2,2017-08-20,2017-09-06,0.0,0.003825028751843465,0.0,17.0,17.0,2017-08,2017-09
KEE51TPD,16.0,1,3,4,2017-08-21,2017-11-03,54.0,0.7345076478537769,54.0,74.0,74.0,2017-08,2017-11
1VFT3UCK,12.0,22,6,1,2017-08-21,,0.0,0.03257139899348244,0.0,132.0,,2017-08,
8RR4WXXZ,11.0,10,6,2,2017-08-21,2017-11-27,0.0,0.011657036322155557,0.0,98.0,98.0,2017-08,2017-11
IYU5CGUM,25.0,10,1,4,2017-08-21,2017-11-12,509.0,0.913188482949173,509.0,83.0,83.0,2017-08,2017-11
669805IQ,73.0,8,4,4,2017-08-21,2017-12-06,3436.0,0.9999999999924469,3436.0,107.0,107.0,2017-08,2017-12
A3JRUDX3,55.0,26,4,4,2017-08-21,2017-11-27,3514.0,0.9999999999954658,3514.0,98.0,98.0,2017-08,2017-11
NY197B1A,57.0,6,1,4,2017-08-21,2017-12-30,611.0,0.985747762791257,611.0,131.0,131.0,2017-08,2017-12
R2V49PU5,,32,6,1,2017-08-21,,0.0,0.02503466749905072,0.0,132.0,,2017-08,
6AD8WNA2,17.0,31,3,4,2017-08-21,2017-11-08,58.0,0.6976308957927686,58.0,79.0,79.0,2017-08,2017-11
TKENIGRA,23.0,4,4,2,2017-08-21,2017-11-17,0.0,0.0026029516004115382,0.0,88.0,88.0,2017-08,2017-11
R9ZOFUBX,68.0,4,1,4,2017-08-21,2017-12-13,513.0,0.9282861167618798,513.0,114.0,114.0,2017-08,2017-12
RFQFJLNJ,,27,3,1,2017-08-21,,0.0,0.5945867459485549,0.0,132.0,,2017-08,
8BZLOF0K,51.0,27,6,2,2017-08-21,2017-08-29,0.0,0.010239750427609478,0.0,8.0,8.0,2017-08,2017-08
0VFBWUG5,11.0,5,6,2,2017-08-21,2017-11-03,0.0,0.009184485891610392,0.0,74.0,74.0,2017-08,2017-11
23J295J4,77.0,25,3,1,2017-08-21,,0.0,0.5127461040968532,0.0,132.0,,2017-08,
696VNI6G,73.0,3,3,4,2017-08-21,2017-09-08,54.0,0.7150220010628556,54.0,18.0,18.0,2017-08,2017-09
8P3O8A9H,,24,3,1,2017-08-21,,0.0,0.6833288636008152,0.0,132.0,,2017-08,
1I1K838F,50.0,24,1,4,2017-08-21,2017-12-23,547.0,0.9571313143457019,547.0,124.0,124.0,2017-08,2017-12
LHIM2BGF,80.0,12,4,2,2017-08-21,2017-12-08,0.0,0.007826612587294253,0.0,109.0,109.0,2017-08,2017-12
2O7MVJ1T,26.0,12,1,4,2017-08-21,2017-08-26,592.0,0.9367250124931812,592.0,5.0,5.0,2017-08,2017-08
HDW4BXVN,71.0,16,4,2,2017-08-21,2017-12-11,0.0,0.004886420528180403,0.0,112.0,112.0,2017-08,2017-12
5P4O1IU6,,19,4,1,2017-08-22,,0.0,0.0064771925535444,0.0,131.0,,2017-08,
V9ORUWY8,26.0,19,4,2,2017-08-22,2017-12-05,0.0,0.0030974877218862495,0.0,105.0,105.0,2017-08,2017-12
NNLNVB7E,71.0,13,5,4,2017-08-22,2017-11-06,5529.0,1.0,5529.0,76.0,76.0,2017-08,2017-11
W3CLJLES,27.0,13,2,4,2017-08-22,2017-09-02,5002.0,1.0,5002.0,11.0,11.0,2017-08,2017-09
4ELXMIIO,74.0,20,1,2,2017-08-22,2017-09-01,0.0,0.04763203317403477,0.0,10.0,10.0,2017-08,2017-09
4CFMS9QT,84.0,20,2,2,2017-08-22,2017-11-01,0.0,0.004604700442341493,0.0,71.0,71.0,2017-08,2017-11
YVJ3V0ZI,33.0,30,1,4,2017-08-22,2017-12-20,476.0,0.9268624029555095,476.0,120.0,120.0,2017-08,2017-12
Q1CFR580,14.0,27,3,4,2017-08-22,2017-11-18,56.0,0.7602953173211306,56.0,88.0,88.0,2017-08,2017-11
4S6FW9VM,39.0,7,5,2,2017-08-22,2017-08-31,0.0,0.005455656356227904,0.0,9.0,9.0,2017-08,2017-08
PA3EXPCW,44.0,34,6,2,2017-08-22,2017-12-01,0.0,0.01703384237926832,0.0,101.0,101.0,2017-08,2017-12
MPVD0JVF,64.0,34,1,4,2017-08-22,2017-11-30,601.0,0.9752847421914044,601.0,100.0,100.0,2017-08,2017-11
KZQGC4TA,17.0,34,6,4,2017-08-22,2017-12-28,1005.0,0.9928121066770081,1005.0,128.0,128.0,2017-08,2017-12
FKOA9EF9,76.0,5,5,4,2017-08-22,2017-11-11,4731.0,1.0,4731.0,81.0,81.0,2017-08,2017-11
Y7TVYRAX,8.0,21,5,2,2017-08-22,2017-11-10,0.0,0.012216653055988966,0.0,80.0,80.0,2017-08,2017-11
04YBYVPV,26.0,21,2,4,2017-08-22,2017-09-02,4649.0,0.9999999999999998,4649.0,11.0,11.0,2017-08,2017-09
2UZXS1I2,74.0,14,2,4,2017-08-22,2017-09-01,4787.0,1.0,4787.0,10.0,10.0,2017-08,2017-09
TZPE6M07,,16,4,1,2017-08-22,,0.0,0.007408308968900592,0.0,131.0,,2017-08,
KU7COUGK,71.0,16,4,4,2017-08-22,2017-12-22,2994.0,0.9999999996161069,2994.0,122.0,122.0,2017-08,2017-12
G03J67Z1,,33,6,1,2017-08-22,,0.0,0.01606808745437157,0.0,131.0,,2017-08,
TM70L0W8,,33,2,1,2017-08-22,,0.0,0.005463425814613723,0.0,131.0,,2017-08,
23K5J6JP,25.0,1,4,2,2017-08-23,2017-11-08,0.0,0.004104903277662053,0.0,77.0,77.0,2017-08,2017-11
X7DYUDEB,12.0,1,3,4,2017-08-23,2017-11-14,58.0,0.8116773019217889,58.0,83.0,83.0,2017-08,2017-11
WK1319MB,,22,4,1,2017-08-23,,0.0,0.006966688235997418,0.0,130.0,,2017-08,
EMGB7S71,3.0,2,6,4,2017-08-23,2017-11-13,1074.0,0.9958594746195585,1074.0,82.0,82.0,2017-08,2017-11
EWAMDI1N,39.0,2,3,4,2017-08-23,2017-08-26,54.0,0.6395596763451229,54.0,3.0,3.0,2017-08,2017-08
S53EVWFC,,18,2,1,2017-08-23,,0.0,0.006594554423520785,0.0,130.0,,2017-08,
5D8MX6L9,26.0,18,1,2,2017-08-23,2017-11-01,0.0,0.07129110815613054,0.0,70.0,70.0,2017-08,2017-11
Q9BUCL60,26.0,18,6,4,2017-08-23,2017-12-03,1054.0,0.9918819000983712,1054.0,102.0,102.0,2017-08,2017-12
AEZIAPTN,3.0,10,2,4,2017-08-23,2017-11-14,4833.0,1.0,4833.0,83.0,83.0,2017-08,2017-11
IAW2UHNH,19.0,10,2,4,2017-08-23,2017-12-20,4744.0,1.0,4744.0,119.0,119.0,2017-08,2017-12
1397M445,56.0,15,4,2,2017-08-23,2017-11-03,0.0,0.005062582233913794,0.0,72.0,72.0,2017-08,2017-11
5IMH88MT,46.0,30,1,4,2017-08-23,2017-11-29,508.0,0.9389346012236931,508.0,98.0,98.0,2017-08,2017-11
I86DM1B9,30.0,6,3,4,2017-08-23,2017-11-19,57.0,0.8134826487416879,57.0,88.0,88.0,2017-08,2017-11
YB4YJTK4,47.0,32,1,1,2017-08-23,,0.0,0.15586774893136754,0.0,130.0,,2017-08,
HTZD5YGO,41.0,31,6,2,2017-08-23,2017-09-13,0.0,0.009488672032305617,0.0,21.0,21.0,2017-08,2017-09
FBEP7939,61.0,31,2,4,2017-08-23,2017-11-15,5280.0,1.0,5280.0,84.0,84.0,2017-08,2017-11
NH44FYAA,70.0,31,3,4,2017-08-23,2017-08-25,62.0,0.6511711919202648,62.0,2.0,2.0,2017-08,2017-08
Z6AO7S3R,36.0,4,4,2,2017-08-23,2017-11-07,0.0,0.0028122149515961755,0.0,76.0,76.0,2017-08,2017-11
8V3XDZ0D,38.0,4,1,4,2017-08-23,2017-11-21,528.0,0.9196206808521408,528.0,90.0,90.0,2017-08,2017-11
18T73EHS,46.0,34,6,4,2017-08-23,2017-08-27,993.0,0.986664402785655,993.0,4.0,4.0,2017-08,2017-08
RKTTVMMP,79.0,34,6,4,2017-08-23,2017-09-10,1121.0,0.9960779182751898,1121.0,18.0,18.0,2017-08,2017-09
UDXG59P0,22.0,34,5,4,2017-08-23,2017-12-03,5110.0,1.0,5110.0,102.0,102.0,2017-08,2017-12
VMOGUQA7,13.0,5,3,4,2017-08-23,2017-12-13,51.0,0.72388102955867,51.0,112.0,112.0,2017-08,2017-12
0L3VYSKY,39.0,9,1,2,2017-08-23,2017-09-05,0.0,0.06311931608650423,0.0,13.0,13.0,2017-08,2017-09
PG5S1KYF,42.0,14,5,2,2017-08-23,2017-12-31,0.0,0.005971193728074634,0.0,130.0,130.0,2017-08,2017-12
LVF6FP4A,63.0,14,4,2,2017-08-23,2017-11-28,0.0,0.005116667004513007,0.0,97.0,97.0,2017-08,2017-11
RGZHQ2MJ,85.0,3,3,2,2017-08-23,2017-09-05,0.0,0.3918505320384269,0.0,13.0,13.0,2017-08,2017-09
P6NQ2LZK,,24,1,1,2017-08-23,,0.0,0.16503740175004672,0.0,130.0,,2017-08,
0XYUJ7HF,39.0,24,3,1,2017-08-23,,0.0,0.6690134272408197,0.0,130.0,,2017-08,
QKW7MDJK,,12,2,1,2017-08-23,,0.0,0.007781681201415546,0.0,130.0,,2017-08,
3THBBYXS,26.0,12,1,4,2017-08-23,2017-12-08,542.0,0.93353964113675,542.0,107.0,107.0,2017-08,2017-12
XHDAW1SQ,80.0,12,1,4,2017-08-23,2017-12-21,576.0,0.9786796240756372,576.0,120.0,120.0,2017-08,2017-12
GIO029D3,18.0,16,5,2,2017-08-23,2017-08-31,0.0,0.008815570761591032,0.0,8.0,8.0,2017-08,2017-08
UIOJX7O0,,19,2,1,2017-08-24,,0.0,0.006967451216554373,0.0,129.0,,2017-08,
CN8X0DLA,66.0,18,6,1,2017-08-24,,0.0,0.04552067493559179,0.0,129.0,,2017-08,
HF1GSBT4,,18,5,1,2017-08-24,,0.0,0.00853062723755955,0.0,129.0,,2017-08,
ZVXINY4O,84.0,20,2,2,2017-08-24,2017-11-28,0.0,0.00531794772284031,0.0,96.0,96.0,2017-08,2017-11
M9N3HWGC,83.0,30,1,2,2017-08-24,2017-12-24,0.0,0.18011467510638443,0.0,122.0,122.0,2017-08,2017-12
H56FMPGG,36.0,30,1,4,2017-08-24,2017-08-30,551.0,0.9376996668296836,551.0,6.0,6.0,2017-08,2017-08
Z8Z77GN3,,32,2,1,2017-08-24,,0.0,0.008417520286149604,0.0,129.0,,2017-08,
IH4O3JXV,64.0,32,1,4,2017-08-24,2017-09-10,597.0,0.970789182642924,597.0,17.0,17.0,2017-08,2017-09
B6L071P2,47.0,31,6,4,2017-08-24,2017-11-13,948.0,0.981167379565281,948.0,81.0,81.0,2017-08,2017-11
3ISHFT20,83.0,31,3,4,2017-08-24,2017-12-18,62.0,0.7821440586574636,62.0,116.0,116.0,2017-08,2017-12
OBFCOV33,61.0,27,4,4,2017-08-24,2017-12-08,4139.0,0.999999999999988,4139.0,106.0,106.0,2017-08,2017-12
78OETKRD,15.0,7,5,4,2017-08-24,2017-11-03,6322.0,1.0,6322.0,71.0,71.0,2017-08,2017-11
6IJNBKST,44.0,34,1,2,2017-08-24,2017-08-31,0.0,0.10354957029581477,0.0,7.0,7.0,2017-08,2017-08
RM4HCA1W,23.0,9,3,2,2017-08-24,2017-08-31,0.0,0.4016893165286591,0.0,7.0,7.0,2017-08,2017-08
Y1FWLR93,42.0,21,5,4,2017-08-24,2017-09-02,5415.0,1.0,5415.0,9.0,9.0,2017-08,2017-09
ORUHS3Q2,65.0,25,1,4,2017-08-24,2017-11-17,432.0,0.8535391145589666,432.0,85.0,85.0,2017-08,2017-11
9RLSCMM9,12.0,25,3,4,2017-08-24,2017-08-30,53.0,0.6594328751526122,53.0,6.0,6.0,2017-08,2017-08
3QS2B6IN,60.0,3,3,4,2017-08-24,2017-09-03,57.0,0.7705961658623075,57.0,10.0,10.0,2017-08,2017-09
XCB9CPID,68.0,3,3,4,2017-08-24,2017-12-09,56.0,0.7969891463949258,56.0,107.0,107.0,2017-08,2017-12
7EJJ9KVZ,20.0,12,3,4,2017-08-24,2017-09-03,55.0,0.5781978222261338,55.0,10.0,10.0,2017-08,2017-09
M4MOGAS4,1.0,12,4,4,2017-08-24,2017-08-25,3146.0,0.9999999997461826,3146.0,1.0,1.0,2017-08,2017-08
LKJZEISS,,33,1,1,2017-08-24,,0.0,0.13258791524065947,0.0,129.0,,2017-08,
ZNU9YDS9,66.0,1,3,4,2017-08-25,2017-11-03,67.0,0.8778844009495625,67.0,70.0,70.0,2017-08,2017-11
V3VJRFBV,42.0,19,1,2,2017-08-25,2017-11-03,0.0,0.09352526021332942,0.0,70.0,70.0,2017-08,2017-11
PDI7F0LR,26.0,19,4,4,2017-08-25,2017-12-04,2613.0,0.9999999797237449,2613.0,101.0,101.0,2017-08,2017-12
Y0M8X7BV,,13,5,1,2017-08-25,,0.0,0.010222598802379282,0.0,128.0,,2017-08,
KJ93MS4W,80.0,13,6,4,2017-08-25,2017-11-02,977.0,0.9930451916301216,977.0,69.0,69.0,2017-08,2017-11
TWEVVI99,62.0,18,6,1,2017-08-25,,0.0,0.01685532693009271,0.0,128.0,,2017-08,
5R1XNYTM,8.0,18,4,2,2017-08-25,2017-11-25,0.0,0.006227626797654738,0.0,92.0,92.0,2017-08,2017-11
PRQ96EWX,27.0,18,2,4,2017-08-25,2017-09-07,4445.0,0.9999999999999987,4445.0,13.0,13.0,2017-08,2017-09
RUN3Z87A,18.0,20,6,2,2017-08-25,2017-11-18,0.0,0.017596669533242213,0.0,85.0,85.0,2017-08,2017-11
9RGQ8HED,84.0,15,3,4,2017-08-25,2017-12-29,54.0,0.8066261832708148,54.0,126.0,126.0,2017-08,2017-12
RSSYISWE,46.0,26,4,4,2017-08-25,2017-12-01,3331.0,0.9999999999832077,3331.0,98.0,98.0,2017-08,2017-12
67ORNLJ3,19.0,6,1,4,2017-08-25,2017-09-05,474.0,0.9226704586561126,474.0,11.0,11.0,2017-08,2017-09
M28Z11DC,6.0,32,6,2,2017-08-25,2017-08-31,0.0,0.012123371375299247,0.0,6.0,6.0,2017-08,2017-08
DIVKSHY7,12.0,32,6,4,2017-08-25,2017-11-13,994.0,0.9946112770390696,994.0,80.0,80.0,2017-08,2017-11
RLTHGLLJ,64.0,32,5,4,2017-08-25,2017-11-23,4773.0,1.0,4773.0,90.0,90.0,2017-08,2017-11
EC8A1L94,15.0,4,3,2,2017-08-25,2017-11-25,0.0,0.4799786733908599,0.0,92.0,92.0,2017-08,2017-11
0H9C9J03,,27,6,1,2017-08-25,,0.0,0.013830156640368341,0.0,128.0,,2017-08,
OO4Z7LB9,66.0,9,6,2,2017-08-25,2017-08-30,0.0,0.01795832713252234,0.0,5.0,5.0,2017-08,2017-08
PWOX6RY8,57.0,9,3,4,2017-08-25,2017-11-22,63.0,0.7456083839705427,63.0,89.0,89.0,2017-08,2017-11
0VG9PGMI,35.0,25,5,4,2017-08-25,2017-09-13,6391.0,1.0,6391.0,19.0,19.0,2017-08,2017-09
LKFYC5X3,20.0,14,3,4,2017-08-25,2017-12-15,58.0,0.6484569581944991,58.0,112.0,112.0,2017-08,2017-12
984H5OG0,23.0,3,3,4,2017-08-25,2017-12-04,54.0,0.7203708900732216,54.0,101.0,101.0,2017-08,2017-12
AB39AL3A,54.0,24,5,2,2017-08-25,2017-11-22,0.0,0.004848533295094633,0.0,89.0,89.0,2017-08,2017-11
1SKGHPHL,58.0,24,5,4,2017-08-25,2017-11-21,5129.0,1.0,5129.0,88.0,88.0,2017-08,2017-11
VGSH1TSW,75.0,12,3,1,2017-08-25,,0.0,0.7170354100897867,0.0,128.0,,2017-08,
YTMPHIQY,26.0,12,4,2,2017-08-25,2017-08-30,0.0,0.0023422616859147733,0.0,5.0,5.0,2017-08,2017-08
WZ3FJA3V,46.0,33,6,1,2017-08-25,,0.0,0.016117467120222755,0.0,128.0,,2017-08,
TLLW2ZRM,12.0,33,2,1,2017-08-25,,0.0,0.007850922756199148,0.0,128.0,,2017-08,
6HE07D76,35.0,33,1,4,2017-08-25,2017-11-19,454.0,0.8456125642720924,454.0,86.0,86.0,2017-08,2017-11
64CTQ6C5,4.0,1,5,4,2017-08-26,2017-11-02,6659.0,1.0,6659.0,68.0,68.0,2017-08,2017-11
5J4Z0RYC,5.0,19,1,4,2017-08-26,2017-09-08,572.0,0.9476685049779011,572.0,13.0,13.0,2017-08,2017-09
ERWWQ79N,8.0,13,6,4,2017-08-26,2017-11-19,1046.0,0.9965348336543332,1046.0,85.0,85.0,2017-08,2017-11
2F41W100,,18,6,1,2017-08-26,,0.0,0.019025196182532268,0.0,127.0,,2017-08,
08O63ECM,27.0,20,4,4,2017-08-26,2017-12-01,3281.0,0.9999999999549856,3281.0,97.0,97.0,2017-08,2017-12
AMGF31TA,67.0,8,3,2,2017-08-26,2017-09-05,0.0,0.3710321162447343,0.0,10.0,10.0,2017-08,2017-09
DUJ52ZYK,64.0,26,4,4,2017-08-26,2017-09-10,3462.0,0.9999999999943123,3462.0,15.0,15.0,2017-08,2017-09
N2C3ASJ9,61.0,30,5,4,2017-08-26,2017-09-06,6029.0,1.0,6029.0,11.0,11.0,2017-08,2017-09
059K86LU,46.0,32,5,1,2017-08-26,,0.0,0.011042273946544506,0.0,127.0,,2017-08,
62WFO2I3,24.0,32,1,4,2017-08-26,2017-12-04,566.0,0.9784851069460946,566.0,100.0,100.0,2017-08,2017-12
55O18ALO,21.0,31,2,2,2017-08-26,2017-11-08,0.0,0.003375639762043196,0.0,74.0,74.0,2017-08,2017-11
ZTUJ5KQ8,62.0,5,3,2,2017-08-26,2017-11-12,0.0,0.526051853899177,0.0,78.0,78.0,2017-08,2017-11
ZQHJNTDK,39.0,5,6,4,2017-08-26,2017-11-13,1042.0,0.9928553349340992,1042.0,79.0,79.0,2017-08,2017-11
K0IV66AV,2.0,21,1,4,2017-08-26,2017-11-07,539.0,0.9509133136974752,539.0,73.0,73.0,2017-08,2017-11
8PLXH354,,25,3,1,2017-08-26,,0.0,0.6229386687857025,0.0,127.0,,2017-08,
KJ4NAGS5,42.0,25,3,4,2017-08-26,2017-11-16,56.0,0.6076943706801864,56.0,82.0,82.0,2017-08,2017-11
70A4A2GV,30.0,3,3,4,2017-08-26,2017-11-28,60.0,0.8358998909825844,60.0,94.0,94.0,2017-08,2017-11
6TND1V4T,61.0,24,3,2,2017-08-26,2017-08-27,0.0,0.6410028174791802,0.0,1.0,1.0,2017-08,2017-08
43FW6W9O,70.0,24,4,4,2017-08-26,2017-11-04,3966.0,0.9999999999999245,3966.0,70.0,70.0,2017-08,2017-11
QB4FISNE,7.0,12,3,2,2017-08-26,2017-08-27,0.0,0.48836008054963215,0.0,1.0,1.0,2017-08,2017-08
41S0S9KP,74.0,16,1,4,2017-08-26,2017-11-23,471.0,0.8837471837956873,471.0,89.0,89.0,2017-08,2017-11
RU5X1LZM,,33,2,1,2017-08-26,,0.0,0.005339034516827094,0.0,127.0,,2017-08,
JESVHYTG,9.0,1,1,4,2017-08-27,2017-09-05,597.0,0.9694855879887527,597.0,9.0,9.0,2017-08,2017-09
P3HO0L6P,12.0,1,3,4,2017-08-27,2017-11-14,53.0,0.8010390356263375,53.0,79.0,79.0,2017-08,2017-11
6GDZDVTV,19.0,1,3,4,2017-08-27,2017-09-13,59.0,0.7785741988783862,59.0,17.0,17.0,2017-08,2017-09
OO9U4C0Y,79.0,19,6,1,2017-08-27,,0.0,0.02149762873647004,0.0,126.0,,2017-08,
Y5A5G2L5,8.0,19,1,4,2017-08-27,2017-12-08,606.0,0.9797514831567354,606.0,103.0,103.0,2017-08,2017-12
WZN26QZQ,47.0,13,5,1,2017-08-27,,0.0,0.007782446657597685,0.0,126.0,,2017-08,
PG4UQI8B,42.0,20,6,2,2017-08-27,2017-11-20,0.0,0.008815196818425923,0.0,85.0,85.0,2017-08,2017-11
M40Z4KWL,84.0,20,2,4,2017-08-27,2017-11-25,5305.0,1.0,5305.0,90.0,90.0,2017-08,2017-11
BB46B5C7,83.0,26,6,2,2017-08-27,2017-11-02,0.0,0.02011134685629233,0.0,67.0,67.0,2017-08,2017-11
7K1KXMBT,,32,2,1,2017-08-27,,0.0,0.00827379276565661,0.0,126.0,,2017-08,
TCJA7XF2,,32,3,1,2017-08-27,,0.0,0.7170561751783675,0.0,126.0,,2017-08,
TPJNVDPH,42.0,32,1,2,2017-08-27,2017-11-16,0.0,0.11741662403416156,0.0,81.0,81.0,2017-08,2017-11
FMMAQM87,33.0,32,1,4,2017-08-27,2017-09-09,596.0,0.9625776533149427,596.0,13.0,13.0,2017-08,2017-09
46UITTY6,64.0,31,1,4,2017-08-27,2017-11-04,545.0,0.9538810440040996,545.0,69.0,69.0,2017-08,2017-11
KK5YBPU6,46.0,27,1,4,2017-08-27,2017-08-29,548.0,0.9005066258768062,548.0,2.0,2.0,2017-08,2017-08
A7FCLQ42,23.0,7,4,2,2017-08-27,2017-12-15,0.0,0.005181599119495857,0.0,110.0,110.0,2017-08,2017-12
G2C5RKTN,74.0,21,1,4,2017-08-27,2017-09-21,415.0,0.8105050321851358,415.0,25.0,25.0,2017-08,2017-09
UNSJB0L7,64.0,24,2,4,2017-08-27,2017-08-28,3754.0,0.999999999999504,3754.0,1.0,1.0,2017-08,2017-08
TGSLH2ZD,,33,1,1,2017-08-27,,0.0,0.13060325612595522,0.0,126.0,,2017-08,
OLXEYM3P,,33,1,1,2017-08-27,,0.0,0.13060325612595522,0.0,126.0,,2017-08,
UJT04PL7,55.0,33,1,4,2017-08-27,2017-11-29,498.0,0.8687590446292832,498.0,94.0,94.0,2017-08,2017-11
DCIFTBM0,12.0,22,1,4,2017-08-28,2017-12-21,489.0,0.9509757198514979,489.0,115.0,115.0,2017-08,2017-12
BTZ06Z6O,52.0,22,6,4,2017-08-28,2017-09-05,1022.0,0.9932797783716278,1022.0,8.0,8.0,2017-08,2017-09
S9CGS0IX,1.0,13,5,2,2017-08-28,2017-11-07,0.0,0.0037579670707640535,0.0,71.0,71.0,2017-08,2017-11
ZTYHMEQY,9.0,10,1,4,2017-08-28,2017-09-11,525.0,0.9338395727342221,525.0,14.0,14.0,2017-08,2017-09
IOTAHMQX,11.0,10,6,4,2017-08-28,2017-09-07,1252.0,0.9983611885085368,1252.0,10.0,10.0,2017-08,2017-09
3ORQ2R0R,,28,2,1,2017-08-28,,0.0,0.0065199636571176165,0.0,125.0,,2017-08,
01DZ14Y0,15.0,8,4,2,2017-08-28,2017-11-25,0.0,0.003581642564192108,0.0,89.0,89.0,2017-08,2017-11
1T91NEIV,13.0,8,3,4,2017-08-28,2017-09-11,63.0,0.6520882117723026,63.0,14.0,14.0,2017-08,2017-09
41B62CUB,41.0,26,3,2,2017-08-28,2017-11-11,0.0,0.6107272973782552,0.0,75.0,75.0,2017-08,2017-11
G0QOVMMS,83.0,32,1,4,2017-08-28,2017-12-28,474.0,0.9454268490629735,474.0,122.0,122.0,2017-08,2017-12
FG79OR5X,77.0,32,6,4,2017-08-28,2017-11-19,1132.0,0.996369615824329,1132.0,83.0,83.0,2017-08,2017-11
QY4ZMI2F,76.0,4,6,2,2017-08-28,2017-09-14,0.0,0.009061236392384658,0.0,17.0,17.0,2017-08,2017-09
VY0QPLGN,15.0,4,6,4,2017-08-28,2017-11-12,1215.0,0.9978339718950475,1215.0,76.0,76.0,2017-08,2017-11
XP1PQSPC,42.0,27,6,4,2017-08-28,2017-09-27,1081.0,0.9908155161947603,1081.0,30.0,30.0,2017-08,2017-09
K3KT8S1F,65.0,27,3,4,2017-08-28,2017-11-07,49.0,0.6144801367820973,49.0,71.0,71.0,2017-08,2017-11
5CIT07UC,36.0,34,1,4,2017-08-28,2017-09-14,653.0,0.9706647902932533,653.0,17.0,17.0,2017-08,2017-09
VIZ9ZLVT,60.0,5,6,2,2017-08-28,2017-11-30,0.0,0.02130219344956741,0.0,94.0,94.0,2017-08,2017-11
9ZY0QQ8Q,28.0,5,4,2,2017-08-28,2017-11-27,0.0,0.0028783703465908605,0.0,91.0,91.0,2017-08,2017-11
0WGCUB3L,60.0,9,6,4,2017-08-28,2017-09-13,1105.0,0.9960944212134534,1105.0,16.0,16.0,2017-08,2017-09
QCN2DZQQ,71.0,21,6,4,2017-08-28,2017-09-21,948.0,0.9856005021481801,948.0,24.0,24.0,2017-08,2017-09
ZAY2J4I5,83.0,24,4,2,2017-08-28,2017-09-10,0.0,0.004001552646348062,0.0,13.0,13.0,2017-08,2017-09
J25NMK6Q,7.0,12,3,2,2017-08-28,2017-11-11,0.0,0.5589698252098497,0.0,75.0,75.0,2017-08,2017-11
DZHIAZ5H,68.0,1,6,2,2017-08-29,2017-09-05,0.0,0.014892516967556413,0.0,7.0,7.0,2017-08,2017-09
233HYDSP,30.0,1,3,4,2017-08-29,2017-12-03,44.0,0.8104000732991057,44.0,96.0,96.0,2017-08,2017-12
7868JVH9,58.0,19,6,1,2017-08-29,,0.0,0.03120510070487821,0.0,124.0,,2017-08,
EXXFSC3O,53.0,19,2,4,2017-08-29,2017-11-15,4343.0,0.9999999999999969,4343.0,78.0,78.0,2017-08,2017-11
U68B4UQU,73.0,2,5,4,2017-08-29,2017-09-13,5096.0,1.0,5096.0,15.0,15.0,2017-08,2017-09
73EBDWP4,76.0,2,5,4,2017-08-29,2017-09-30,4994.0,1.0,4994.0,32.0,32.0,2017-08,2017-09
FQQ3XQNG,18.0,13,6,4,2017-08-29,2017-12-01,1251.0,0.9995264760645275,1251.0,94.0,94.0,2017-08,2017-12
C4KZVTYR,27.0,20,1,4,2017-08-29,2017-11-11,602.0,0.9550766151030877,602.0,74.0,74.0,2017-08,2017-11
HWXJWHGI,69.0,20,1,4,2017-08-29,2017-09-08,600.0,0.9359302149298039,600.0,10.0,10.0,2017-08,2017-09
W36MU0PW,80.0,20,1,4,2017-08-29,2017-09-09,595.0,0.9575430145724776,595.0,11.0,11.0,2017-08,2017-09
OWEMO7RD,65.0,28,3,2,2017-08-29,2017-11-25,0.0,0.615664985951605,0.0,88.0,88.0,2017-08,2017-11
9XU06EA8,11.0,8,2,2,2017-08-29,2017-11-01,0.0,0.0028732570218138846,0.0,64.0,64.0,2017-08,2017-11
DC2NI04U,36.0,26,4,4,2017-08-29,2017-12-31,3064.0,0.9999999998370757,3064.0,124.0,124.0,2017-08,2017-12
RYNZ2WOK,40.0,27,4,1,2017-08-29,,0.0,0.005273985203878466,0.0,124.0,,2017-08,
BO2XRLBS,59.0,5,3,2,2017-08-29,2017-11-16,0.0,0.6509621020781406,0.0,79.0,79.0,2017-08,2017-11
V9YY2XIE,85.0,9,4,2,2017-08-29,2017-11-28,0.0,0.001669346110119563,0.0,91.0,91.0,2017-08,2017-11
J3K9EXW0,1.0,21,5,4,2017-08-29,2017-12-25,5790.0,1.0,5790.0,118.0,118.0,2017-08,2017-12
N9KFQCOH,75.0,14,2,4,2017-08-29,2017-09-05,5688.0,1.0,5688.0,7.0,7.0,2017-08,2017-09
GSPDR7BH,9.0,3,1,4,2017-08-29,2017-11-02,672.0,0.9873301255483995,672.0,65.0,65.0,2017-08,2017-11
MB0XTICR,4.0,3,3,4,2017-08-29,2017-12-08,62.0,0.7787982690571716,62.0,101.0,101.0,2017-08,2017-12
04SQ7RNY,21.0,24,2,4,2017-08-29,2017-12-19,4577.0,0.9999999999999998,4577.0,112.0,112.0,2017-08,2017-12
PTZ9QLEF,,12,1,1,2017-08-29,,0.0,0.1757524551564436,0.0,124.0,,2017-08,
WIHGFD8B,25.0,1,3,2,2017-08-30,2017-11-19,0.0,0.5824868061208298,0.0,81.0,81.0,2017-08,2017-11
O3Q5B86F,76.0,1,6,4,2017-08-30,2017-12-26,1118.0,0.9983254868281248,1118.0,118.0,118.0,2017-08,2017-12
PE3P7M7S,67.0,1,3,4,2017-08-30,2017-09-08,55.0,0.5687497998406041,55.0,9.0,9.0,2017-08,2017-09
401BY1PW,26.0,22,2,4,2017-08-30,2017-12-21,5052.0,1.0,5052.0,113.0,113.0,2017-08,2017-12
9RQ8FZYQ,84.0,22,2,4,2017-08-30,2017-09-04,4023.0,0.9999999999999623,4023.0,5.0,5.0,2017-08,2017-09
R65LGLJ0,,19,3,1,2017-08-30,,0.0,0.6730498079601952,0.0,123.0,,2017-08,
G7NU2YCG,40.0,19,3,4,2017-08-30,2017-09-08,57.0,0.6795301207049183,57.0,9.0,9.0,2017-08,2017-09
R9RWFEEJ,27.0,13,3,4,2017-08-30,2017-11-23,59.0,0.7370445842891261,59.0,85.0,85.0,2017-08,2017-11
WV2OG7C3,78.0,18,3,2,2017-08-30,2017-11-18,0.0,0.509595305458975,0.0,80.0,80.0,2017-08,2017-11
LDIBOTNO,43.0,18,2,4,2017-08-30,2017-09-07,5544.0,1.0,5544.0,8.0,8.0,2017-08,2017-09
FC4ZD68R,76.0,10,2,2,2017-08-30,2017-11-15,0.0,0.0058241845777594866,0.0,77.0,77.0,2017-08,2017-11
YH6ST9KT,73.0,10,3,2,2017-08-30,2017-08-31,0.0,0.5490125501374862,0.0,1.0,1.0,2017-08,2017-08
9S8E95EI,12.0,10,2,4,2017-08-30,2017-09-18,4598.0,0.9999999999999998,4598.0,19.0,19.0,2017-08,2017-09
RLHNEVYY,13.0,10,2,4,2017-08-30,2017-09-10,5008.0,1.0,5008.0,11.0,11.0,2017-08,2017-09
OFP1MLFY,67.0,10,2,4,2017-08-30,2017-12-09,3932.0,0.9999999999998659,3932.0,101.0,101.0,2017-08,2017-12
CQELCLO0,81.0,20,6,4,2017-08-30,2017-12-29,1166.0,0.9973183232236998,1166.0,121.0,121.0,2017-08,2017-12
L351AATH,59.0,8,6,2,2017-08-30,2017-12-06,0.0,0.018654326666569476,0.0,98.0,98.0,2017-08,2017-12
VBKF5FPB,14.0,26,6,4,2017-08-30,2017-09-06,1195.0,0.9991159059063786,1195.0,7.0,7.0,2017-08,2017-09
68YAXBZN,77.0,30,3,2,2017-08-30,2017-11-04,0.0,0.4638092874768447,0.0,66.0,66.0,2017-08,2017-11
EFB0NFP3,28.0,6,1,4,2017-08-30,2017-12-23,551.0,0.9436915791837773,551.0,115.0,115.0,2017-08,2017-12
CB0NZYB2,29.0,6,1,4,2017-08-30,2017-09-08,623.0,0.9534377513374027,623.0,9.0,9.0,2017-08,2017-09
QKUULSVC,42.0,31,2,2,2017-08-30,2017-11-16,0.0,0.003747738892571342,0.0,78.0,78.0,2017-08,2017-11
8838GIT9,54.0,31,3,2,2017-08-30,2017-11-05,0.0,0.4960515333977159,0.0,67.0,67.0,2017-08,2017-11
5DOARVYO,28.0,4,3,2,2017-08-30,2017-09-10,0.0,0.3308347382384993,0.0,11.0,11.0,2017-08,2017-09
XXD7OQOH,,27,3,1,2017-08-30,,0.0,0.5819681508136016,0.0,123.0,,2017-08,
0N2VYY6Z,46.0,27,1,2,2017-08-30,2017-09-19,0.0,0.06464839818759684,0.0,20.0,20.0,2017-08,2017-09
LWCKCV0M,77.0,27,2,4,2017-08-30,2017-09-15,4592.0,0.9999999999999991,4592.0,16.0,16.0,2017-08,2017-09
L40FW06K,12.0,7,1,4,2017-08-30,2017-12-22,555.0,0.9761380279319629,555.0,114.0,114.0,2017-08,2017-12
XXXM7BMA,19.0,7,4,4,2017-08-30,2017-11-14,3703.0,0.9999999999995868,3703.0,76.0,76.0,2017-08,2017-11
F7S1OPQS,61.0,34,6,4,2017-08-30,2017-12-13,942.0,0.9917156895805677,942.0,105.0,105.0,2017-08,2017-12
U5JFEXOI,34.0,34,5,4,2017-08-30,2017-12-08,6489.0,1.0,6489.0,100.0,100.0,2017-08,2017-12
HR3DH6DX,9.0,9,2,2,2017-08-30,2017-11-20,0.0,0.004331114169749561,0.0,82.0,82.0,2017-08,2017-11
LMU41E2W,,25,3,1,2017-08-30,,0.0,0.6174843008827119,0.0,123.0,,2017-08,
9EICLJHY,70.0,25,3,4,2017-08-30,2017-11-17,63.0,0.6706876710054316,63.0,79.0,79.0,2017-08,2017-11
01FNZW2T,8.0,14,2,4,2017-08-30,2017-12-08,3974.0,0.9999999999999563,3974.0,100.0,100.0,2017-08,2017-12
3CS2IXT0,13.0,3,3,4,2017-08-30,2017-11-16,66.0,0.7754555703946937,66.0,78.0,78.0,2017-08,2017-11
O9MHRAK6,24.0,24,1,4,2017-08-30,2017-12-14,532.0,0.9661226595679859,532.0,106.0,106.0,2017-08,2017-12
1Y58TSUU,,12,3,1,2017-08-30,,0.0,0.695839950547353,0.0,123.0,,2017-08,
KPW4J1CR,14.0,33,1,4,2017-08-30,2017-12-21,503.0,0.9538612146753116,503.0,113.0,113.0,2017-08,2017-12
KAPPUUYY,85.0,1,1,4,2017-08-31,2017-11-24,594.0,0.9454143258329681,594.0,85.0,85.0,2017-08,2017-11
WNTAT1OT,,22,1,1,2017-08-31,,0.0,0.17031562769326278,0.0,122.0,,2017-08,
WRLAVDPH,26.0,19,2,4,2017-08-31,2017-09-02,4958.0,1.0,4958.0,2.0,2.0,2017-08,2017-09
1W5FOS69,49.0,19,2,4,2017-08-31,2017-11-30,4201.0,0.9999999999999925,4201.0,91.0,91.0,2017-08,2017-11
GFBJXXI1,68.0,2,3,2,2017-08-31,2017-09-13,0.0,0.5920725833357048,0.0,13.0,13.0,2017-08,2017-09
2HYR0Q4Y,56.0,13,4,2,2017-08-31,2017-11-13,0.0,0.005573707617023623,0.0,74.0,74.0,2017-08,2017-11
XVM3UK16,49.0,18,5,2,2017-08-31,2017-11-06,0.0,0.005447408976727665,0.0,67.0,67.0,2017-08,2017-11
CDAMI76Z,23.0,10,5,4,2017-08-31,2017-09-10,5293.0,1.0,5293.0,10.0,10.0,2017-08,2017-09
6M77EGH7,26.0,20,4,4,2017-08-31,2017-11-26,4456.0,0.9999999999999982,4456.0,87.0,87.0,2017-08,2017-11
9CLDDA0W,51.0,26,6,2,2017-08-31,2017-11-18,0.0,0.024638361578602344,0.0,79.0,79.0,2017-08,2017-11
8CQ2I2P2,29.0,6,2,2,2017-08-31,2017-11-18,0.0,0.0036291182043403144,0.0,79.0,79.0,2017-08,2017-11
GEFQNRF3,29.0,6,1,4,2017-08-31,2017-12-20,525.0,0.9297693655819226,525.0,111.0,111.0,2017-08,2017-12
EDM7CEZ6,53.0,32,2,1,2017-08-31,,0.0,0.006202632499991236,0.0,122.0,,2017-08,
XBPJ6M4K,23.0,31,1,1,2017-08-31,,0.0,0.13825618368495346,0.0,122.0,,2017-08,
XRZNF1LQ,,31,2,1,2017-08-31,,0.0,0.006558876947992175,0.0,122.0,,2017-08,
PCQUKUM5,19.0,7,5,4,2017-08-31,2017-09-16,4809.0,1.0,4809.0,16.0,16.0,2017-08,2017-09
6CT660FF,,34,6,1,2017-08-31,,0.0,0.01855629642572522,0.0,122.0,,2017-08,
MZ987882,76.0,5,6,4,2017-08-31,2017-12-17,1374.0,0.999761683432091,1374.0,108.0,108.0,2017-08,2017-12
02EC1993,62.0,5,3,4,2017-08-31,2017-11-08,57.0,0.6376248538325922,57.0,69.0,69.0,2017-08,2017-11
NUS67BOQ,,14,1,1,2017-08-31,,0.0,0.15023922962216135,0.0,122.0,,2017-08,
UQCPNZO1,85.0,3,1,4,2017-08-31,2017-09-15,552.0,0.8966021733757036,552.0,15.0,15.0,2017-08,2017-09
0NP0XPLQ,72.0,3,3,4,2017-08-31,2017-09-03,59.0,0.6714637531669269,59.0,3.0,3.0,2017-08,2017-09
S2WRH3QA,3.0,3,4,4,2017-08-31,2017-09-30,4011.0,0.9999999999999498,4011.0,30.0,30.0,2017-08,2017-09
RTX8ZJXT,,24,1,1,2017-08-31,,0.0,0.15875412797684424,0.0,122.0,,2017-08,
QJV1UWL5,58.0,24,3,4,2017-08-31,2017-12-20,54.0,0.8027872395201933,54.0,111.0,111.0,2017-08,2017-12
GNAX12Z6,33.0,24,4,4,2017-08-31,2017-09-07,3337.0,0.9999999999708125,3337.0,7.0,7.0,2017-08,2017-09
62NZ0THZ,80.0,12,3,4,2017-08-31,2017-09-22,60.0,0.7576760837472463,60.0,22.0,22.0,2017-08,2017-09
6C6Z3HRA,,33,1,1,2017-08-31,,0.0,0.1279963693348924,0.0,122.0,,2017-08,
PSKWV2JJ,6.0,33,6,4,2017-08-31,2017-11-19,1011.0,0.9893661988668293,1011.0,80.0,80.0,2017-08,2017-11
05HLE3JL,66.0,1,1,4,2017-09-01,2017-12-03,514.0,0.977301109131904,514.0,93.0,93.0,2017-09,2017-12
CAF97SA2,68.0,1,6,4,2017-09-01,2017-11-13,1060.0,0.9966419763817234,1060.0,73.0,73.0,2017-09,2017-11
AAFPTXEB,73.0,1,3,4,2017-09-01,2017-11-08,58.0,0.7713348246906806,58.0,68.0,68.0,2017-09,2017-11
102XKYAC,84.0,19,2,1,2017-09-01,,0.0,0.009581263240801314,0.0,121.0,,2017-09,
D74OAJB4,39.0,2,4,2,2017-09-01,2017-12-01,0.0,0.00479408613665263,0.0,91.0,91.0,2017-09,2017-12
A5SCVK7E,32.0,13,5,1,2017-09-01,,0.0,0.014905742710103007,0.0,121.0,,2017-09,
CQDL6WZX,39.0,10,2,2,2017-09-01,2017-09-17,0.0,0.0035571117634902658,0.0,16.0,16.0,2017-09,2017-09
VAV3N62C,9.0,10,2,4,2017-09-01,2017-09-12,4375.0,0.9999999999999982,4375.0,11.0,11.0,2017-09,2017-09
OK7R7I2A,60.0,10,2,4,2017-09-01,2017-12-04,4819.0,1.0,4819.0,94.0,94.0,2017-09,2017-12
ASZNII2J,,28,3,1,2017-09-01,,0.0,0.6638082590310038,0.0,121.0,,2017-09,
IOMVIZR8,66.0,8,2,4,2017-09-01,2017-11-04,5729.0,1.0,5729.0,64.0,64.0,2017-09,2017-11
BTT2TM8O,76.0,8,4,4,2017-09-01,2017-11-06,3447.0,0.9999999999928604,3447.0,66.0,66.0,2017-09,2017-11
KAGK2GQJ,,30,5,1,2017-09-01,,0.0,0.009571619093579611,0.0,121.0,,2017-09,
FYNL84HO,17.0,30,5,4,2017-09-01,2017-11-13,6101.0,1.0,6101.0,73.0,73.0,2017-09,2017-11
ZBB9CDO4,41.0,32,6,4,2017-09-01,2017-09-18,1088.0,0.9954628791663367,1088.0,17.0,17.0,2017-09,2017-09
IV5UVG0R,70.0,32,5,4,2017-09-01,2017-09-17,5431.0,1.0,5431.0,16.0,16.0,2017-09,2017-09
TDHFX8SC,36.0,32,3,4,2017-09-01,2017-12-13,50.0,0.7531262458007654,50.0,103.0,103.0,2017-09,2017-12
7OXU784Y,44.0,32,3,4,2017-09-01,2017-11-25,62.0,0.8013796295819716,62.0,85.0,85.0,2017-09,2017-11
MA6F51AR,83.0,31,3,4,2017-09-01,2017-11-29,57.0,0.7662086037812671,57.0,89.0,89.0,2017-09,2017-11
WDT43Q6O,85.0,9,6,4,2017-09-01,2017-09-14,1098.0,0.9874722251159129,1098.0,13.0,13.0,2017-09,2017-09
XKYHE3OH,74.0,14,6,4,2017-09-01,2017-11-16,975.0,0.9836387837652739,975.0,76.0,76.0,2017-09,2017-11
R65NL57V,56.0,14,3,4,2017-09-01,2017-11-05,56.0,0.7177499407881817,56.0,65.0,65.0,2017-09,2017-11
AKBRVLRZ,29.0,3,3,4,2017-09-01,2017-09-14,63.0,0.6313018807804548,63.0,13.0,13.0,2017-09,2017-09
8FZ7CWPP,39.0,3,3,4,2017-09-01,2017-09-11,61.0,0.6861868410401434,61.0,10.0,10.0,2017-09,2017-09
EQPGDVWK,46.0,33,1,4,2017-09-01,2017-12-03,614.0,0.9653476187101819,614.0,93.0,93.0,2017-09,2017-12
I819UEG6,30.0,1,3,2,2017-09-02,2017-11-04,0.0,0.7262714253306678,0.0,63.0,63.0,2017-09,2017-11
TXZTEEUJ,3.0,10,2,2,2017-09-02,2017-12-13,0.0,0.0052918589657659516,0.0,102.0,102.0,2017-09,2017-12
6OD1J7MW,54.0,28,5,1,2017-09-02,,0.0,0.0065284356576040805,0.0,120.0,,2017-09,
XO8TRDKK,1.0,15,3,4,2017-09-02,2017-09-17,57.0,0.5331875519945858,57.0,15.0,15.0,2017-09,2017-09
74YNCNQM,16.0,8,3,4,2017-09-02,2017-12-04,58.0,0.7030141112919136,58.0,93.0,93.0,2017-09,2017-12
I5QVV9C5,35.0,26,6,2,2017-09-02,2017-12-20,0.0,0.01809095541658513,0.0,109.0,109.0,2017-09,2017-12
SS0ZF7SG,32.0,26,4,4,2017-09-02,2017-12-15,3482.0,0.9999999999973426,3482.0,104.0,104.0,2017-09,2017-12
2GRNCODO,35.0,30,5,2,2017-09-02,2017-11-05,0.0,0.005606530278238416,0.0,64.0,64.0,2017-09,2017-11
2UNAJCGN,64.0,30,5,2,2017-09-02,2017-11-11,0.0,0.008400127672767285,0.0,70.0,70.0,2017-09,2017-11
ZP5Q4YUJ,55.0,30,1,4,2017-09-02,2017-11-24,529.0,0.9249203628426712,529.0,83.0,83.0,2017-09,2017-11
7XL4JYSB,6.0,31,4,2,2017-09-02,2017-11-24,0.0,0.004394356291494083,0.0,83.0,83.0,2017-09,2017-11
HEZ8H6MK,55.0,31,1,4,2017-09-02,2017-11-08,505.0,0.8903665345716413,505.0,67.0,67.0,2017-09,2017-11
50AWO49B,65.0,27,1,4,2017-09-02,2017-12-27,456.0,0.8832493023087474,456.0,116.0,116.0,2017-09,2017-12
CID4Y877,4.0,7,6,2,2017-09-02,2017-12-13,0.0,0.02131040456343599,0.0,102.0,102.0,2017-09,2017-12
T20CPZ52,66.0,7,6,2,2017-09-02,2017-11-29,0.0,0.04457560507173724,0.0,88.0,88.0,2017-09,2017-11
HVF0VLJ3,29.0,3,1,2,2017-09-02,2017-11-11,0.0,0.10207461396834969,0.0,70.0,70.0,2017-09,2017-11
A86ZEF94,36.0,3,3,2,2017-09-02,2017-11-30,0.0,0.6565765974656936,0.0,89.0,89.0,2017-09,2017-11
8OMML4E8,47.0,24,1,4,2017-09-02,2017-09-16,555.0,0.9206290825415354,555.0,14.0,14.0,2017-09,2017-09
283Y9ULR,44.0,24,3,4,2017-09-02,2017-09-23,47.0,0.6879399940650986,47.0,21.0,21.0,2017-09,2017-09
J0G6ZLYZ,,33,5,1,2017-09-02,,0.0,0.006765243840180853,0.0,120.0,,2017-09,
C0LNV4PU,24.0,33,1,4,2017-09-02,2017-12-04,585.0,0.9724210116288439,585.0,93.0,93.0,2017-09,2017-12
YB6UP71G,4.0,1,3,4,2017-09-03,2017-09-06,64.0,0.7152994122554945,64.0,3.0,3.0,2017-09,2017-09
A30VAQHM,38.0,1,3,4,2017-09-03,2017-11-21,58.0,0.7633406079612269,58.0,79.0,79.0,2017-09,2017-11
LOQ46F0T,,19,1,1,2017-09-03,,0.0,0.15891268029317568,0.0,119.0,,2017-09,
ZH2TBHVZ,27.0,20,1,4,2017-09-03,2017-09-08,635.0,0.9574138243802973,635.0,5.0,5.0,2017-09,2017-09
UKJO54QY,18.0,20,2,4,2017-09-03,2017-09-13,5626.0,1.0,5626.0,10.0,10.0,2017-09,2017-09
9868N4GB,78.0,20,4,4,2017-09-03,2017-12-14,3595.0,0.9999999999968889,3595.0,102.0,102.0,2017-09,2017-12
JKAYQ4HQ,,28,3,1,2017-09-03,,0.0,0.6612195228890804,0.0,119.0,,2017-09,
L5UKY73S,73.0,8,2,2,2017-09-03,2017-11-04,0.0,0.004621257366293773,0.0,62.0,62.0,2017-09,2017-11
7DDPLMQ5,38.0,8,2,4,2017-09-03,2017-12-02,4981.0,1.0,4981.0,90.0,90.0,2017-09,2017-12
DZP41ANW,,26,6,1,2017-09-03,,0.0,0.024625795174688537,0.0,119.0,,2017-09,
GRYHHER0,23.0,26,3,1,2017-09-03,,0.0,0.6901346401946875,0.0,119.0,,2017-09,
4KVZVHNN,35.0,30,1,4,2017-09-03,2017-09-14,524.0,0.9167277054125196,524.0,11.0,11.0,2017-09,2017-09
ULWQ61OZ,50.0,30,3,4,2017-09-03,2017-12-06,54.0,0.7368413402844805,54.0,94.0,94.0,2017-09,2017-12
FKU9TS06,25.0,6,2,4,2017-09-03,2017-09-16,5080.0,1.0,5080.0,13.0,13.0,2017-09,2017-09
H8XH5MFQ,,31,5,1,2017-09-03,,0.0,0.008501196875762868,0.0,119.0,,2017-09,
OPFBXGFV,61.0,27,3,4,2017-09-03,2017-12-12,50.0,0.747492363213532,50.0,100.0,100.0,2017-09,2017-12
UCV49FYZ,50.0,34,5,4,2017-09-03,2017-09-09,6656.0,1.0,6656.0,6.0,6.0,2017-09,2017-09
F58R70DY,18.0,21,2,4,2017-09-03,2017-09-10,4641.0,1.0,4641.0,7.0,7.0,2017-09,2017-09
1H2PVLZ3,77.0,25,7,4,2017-09-03,2017-11-10,26186.0,1.0,26186.0,68.0,68.0,2017-09,2017-11
YPM5PZMD,,24,3,1,2017-09-03,,0.0,0.6698281337255051,0.0,119.0,,2017-09,
DV6WD759,51.0,24,4,4,2017-09-03,2017-09-14,4251.0,0.9999999999999949,4251.0,11.0,11.0,2017-09,2017-09
OGHK250E,,12,1,1,2017-09-03,,0.0,0.17353382264081144,0.0,119.0,,2017-09,
SBC67V5T,26.0,12,3,4,2017-09-03,2017-09-11,51.0,0.5589260432361355,51.0,8.0,8.0,2017-09,2017-09
IDGLZJRX,27.0,12,3,4,2017-09-03,2017-11-09,62.0,0.7297937139345357,62.0,67.0,67.0,2017-09,2017-11
VYG4BHEE,31.0,33,1,2,2017-09-03,2017-11-01,0.0,0.07786716060041786,0.0,59.0,59.0,2017-09,2017-11
YFTW9Z69,66.0,1,4,2,2017-09-04,2017-11-12,0.0,0.012424904086340489,0.0,69.0,69.0,2017-09,2017-11
92IDH7MB,62.0,1,3,4,2017-09-04,2017-11-21,58.0,0.7275865924810012,58.0,78.0,78.0,2017-09,2017-11
NR1JSUPQ,20.0,22,6,4,2017-09-04,2017-11-11,973.0,0.9855587812341334,973.0,68.0,68.0,2017-09,2017-11
ZNOARPNW,43.0,22,5,4,2017-09-04,2017-09-13,4954.0,1.0,4954.0,9.0,9.0,2017-09,2017-09
FNKZKHTJ,12.0,19,2,4,2017-09-04,2017-09-06,5113.0,1.0,5113.0,2.0,2.0,2017-09,2017-09
KXR63BV7,,13,2,1,2017-09-04,,0.0,0.007521982034505139,0.0,118.0,,2017-09,
UAVOPRPV,78.0,13,5,4,2017-09-04,2017-12-26,4631.0,0.9999999999999998,4631.0,113.0,113.0,2017-09,2017-12
VMUTS9GK,12.0,18,5,4,2017-09-04,2017-11-01,5807.0,1.0,5807.0,58.0,58.0,2017-09,2017-11
SZPU1DSR,36.0,10,6,2,2017-09-04,2017-11-30,0.0,0.015105251061054542,0.0,87.0,87.0,2017-09,2017-11
9EGLQG3N,85.0,8,1,4,2017-09-04,2017-12-14,640.0,0.9550608911606766,640.0,101.0,101.0,2017-09,2017-12
BL23633Z,45.0,8,4,4,2017-09-04,2017-11-25,3830.0,0.9999999999997382,3830.0,82.0,82.0,2017-09,2017-11
87G25M68,10.0,30,5,4,2017-09-04,2017-12-28,5285.0,1.0,5285.0,115.0,115.0,2017-09,2017-12
8F3RA844,3.0,6,2,2,2017-09-04,2017-11-19,0.0,0.00524714246961366,0.0,76.0,76.0,2017-09,2017-11
VJ1FT11H,77.0,32,1,2,2017-09-04,2017-11-18,0.0,0.09053805673478765,0.0,75.0,75.0,2017-09,2017-11
TKI8MEZZ,16.0,5,6,4,2017-09-04,2017-12-31,975.0,0.9905438942401155,975.0,118.0,118.0,2017-09,2017-12
QSHP9AHU,25.0,5,6,4,2017-09-04,2017-12-13,847.0,0.9591606257165658,847.0,100.0,100.0,2017-09,2017-12
MIDW7Q49,57.0,9,4,4,2017-09-04,2017-12-15,2814.0,0.9999999981637877,2814.0,102.0,102.0,2017-09,2017-12
PW7QNSFG,47.0,25,4,4,2017-09-04,2017-11-06,3275.0,0.9999999999346423,3275.0,63.0,63.0,2017-09,2017-11
WGYE40NI,3.0,3,3,4,2017-09-04,2017-12-26,41.0,0.75021796579262,41.0,113.0,113.0,2017-09,2017-12
HLX6W646,14.0,24,5,4,2017-09-04,2017-11-19,5185.0,1.0,5185.0,76.0,76.0,2017-09,2017-11
6VMQQKLJ,14.0,24,2,4,2017-09-04,2017-09-15,5191.0,1.0,5191.0,11.0,11.0,2017-09,2017-09
VKIR68JX,,12,6,1,2017-09-04,,0.0,0.02157081895845875,0.0,118.0,,2017-09,
FYS6IZO4,49.0,12,3,4,2017-09-04,2017-11-07,59.0,0.7282978824855342,59.0,64.0,64.0,2017-09,2017-11
7OSD4T24,63.0,12,3,4,2017-09-04,2017-12-08,54.0,0.7675943215936593,54.0,95.0,95.0,2017-09,2017-12
W533W8G6,,33,1,1,2017-09-04,,0.0,0.12692837018404995,0.0,118.0,,2017-09,
RW3CJO8D,,33,4,1,2017-09-04,,0.0,0.004721296038850385,0.0,118.0,,2017-09,
5E274CQS,,22,2,1,2017-09-05,,0.0,0.007129955295159027,0.0,117.0,,2017-09,
H29A7E6X,40.0,13,6,4,2017-09-05,2017-11-17,1076.0,0.9968479472481503,1076.0,73.0,73.0,2017-09,2017-11
IDN254QN,56.0,18,1,4,2017-09-05,2017-11-20,490.0,0.9263751673894844,490.0,76.0,76.0,2017-09,2017-11
W3U1N1RV,15.0,10,5,2,2017-09-05,2017-11-24,0.0,0.005792298593040922,0.0,80.0,80.0,2017-09,2017-11
5LPKNEEI,3.0,10,2,2,2017-09-05,2017-09-13,0.0,0.00355580598791393,0.0,8.0,8.0,2017-09,2017-09
073UCD9F,3.0,8,3,2,2017-09-05,2017-12-10,0.0,0.5798703944589733,0.0,96.0,96.0,2017-09,2017-12
7GDSUY9K,45.0,26,5,1,2017-09-05,,0.0,0.010976432698661569,0.0,117.0,,2017-09,
H5J7C2FE,,32,1,1,2017-09-05,,0.0,0.1843135522329744,0.0,117.0,,2017-09,
DCZOTU5X,44.0,31,1,2,2017-09-05,2017-11-13,0.0,0.1364447373211368,0.0,69.0,69.0,2017-09,2017-11
KUJ5M6J3,46.0,31,2,4,2017-09-05,2017-12-27,5663.0,1.0,5663.0,113.0,113.0,2017-09,2017-12
YGUOEIEG,36.0,27,6,2,2017-09-05,2017-11-06,0.0,0.00873137579374254,0.0,62.0,62.0,2017-09,2017-11
1UW6ILCH,5.0,34,1,1,2017-09-05,,0.0,0.1619149339997594,0.0,117.0,,2017-09,
CRL6IB5Z,60.0,9,6,2,2017-09-05,2017-11-26,0.0,0.017062050957336757,0.0,82.0,82.0,2017-09,2017-11
STVHD67J,19.0,9,6,4,2017-09-05,2017-09-16,1166.0,0.9977735479630645,1166.0,11.0,11.0,2017-09,2017-09
I3TDKU30,50.0,25,3,2,2017-09-05,2017-09-14,0.0,0.46645091959197144,0.0,9.0,9.0,2017-09,2017-09
YUVNXSSD,45.0,3,3,2,2017-09-05,2017-09-15,0.0,0.5747498633333518,0.0,10.0,10.0,2017-09,2017-09
AZJXZFMR,57.0,3,3,2,2017-09-05,2017-11-26,0.0,0.7383837022062618,0.0,82.0,82.0,2017-09,2017-11
2WPEOPIF,47.0,24,1,4,2017-09-05,2017-12-04,491.0,0.8975413383643179,491.0,90.0,90.0,2017-09,2017-12
XMCRTC2K,33.0,24,5,4,2017-09-05,2017-11-07,5532.0,1.0,5532.0,63.0,63.0,2017-09,2017-11
ZDVZB8PX,6.0,24,4,4,2017-09-05,2017-11-14,3930.0,0.9999999999998943,3930.0,70.0,70.0,2017-09,2017-11
5JS6JI3P,46.0,24,4,4,2017-09-05,2017-11-21,2689.0,0.9999999930307504,2689.0,77.0,77.0,2017-09,2017-11
X6NSKI7H,,19,1,1,2017-09-06,,0.0,0.15660511772313943,0.0,116.0,,2017-09,
FH30JK3J,52.0,19,6,1,2017-09-06,,0.0,0.026808624605916948,0.0,116.0,,2017-09,
ZPXE49AP,,18,1,1,2017-09-06,,0.0,0.14869445083900776,0.0,116.0,,2017-09,
8DPUST4Y,11.0,10,2,4,2017-09-06,2017-11-19,5987.0,1.0,5987.0,74.0,74.0,2017-09,2017-11
L1QNLM08,73.0,10,2,4,2017-09-06,2017-12-30,5141.0,1.0,5141.0,115.0,115.0,2017-09,2017-12
S4YQYJPM,11.0,10,3,4,2017-09-06,2017-09-13,48.0,0.5622109605567217,48.0,7.0,7.0,2017-09,2017-09
6BQMENQR,56.0,20,2,2,2017-09-06,2017-11-03,0.0,0.0038838957454678477,0.0,58.0,58.0,2017-09,2017-11
XAS0EL71,78.0,20,4,4,2017-09-06,2017-09-20,3206.0,0.9999999998516371,3206.0,14.0,14.0,2017-09,2017-09
GQNM1QP8,46.0,28,3,4,2017-09-06,2017-11-29,61.0,0.7188778898594501,61.0,84.0,84.0,2017-09,2017-11
9CK2HTJP,1.0,15,6,2,2017-09-06,2017-12-04,0.0,0.008808815725065882,0.0,89.0,89.0,2017-09,2017-12
J96E49Z1,45.0,8,2,4,2017-09-06,2017-11-22,5078.0,1.0,5078.0,77.0,77.0,2017-09,2017-11
X96KGPI8,67.0,6,1,2,2017-09-06,2017-11-19,0.0,0.08674372354437344,0.0,74.0,74.0,2017-09,2017-11
JJDL1F8R,68.0,6,1,4,2017-09-06,2017-11-07,532.0,0.9538164213174082,532.0,62.0,62.0,2017-09,2017-11
U1XSUD1P,,32,1,1,2017-09-06,,0.0,0.18344480218453124,0.0,116.0,,2017-09,
0J24X1Y0,47.0,32,3,4,2017-09-06,2017-09-15,56.0,0.6239612843155731,56.0,9.0,9.0,2017-09,2017-09
OM8LELJW,40.0,31,1,1,2017-09-06,,0.0,0.18556942161950696,0.0,116.0,,2017-09,
SEYFLN8Y,61.0,27,6,4,2017-09-06,2017-12-09,1182.0,0.9986538811339565,1182.0,94.0,94.0,2017-09,2017-12
EID3MR9L,25.0,7,5,4,2017-09-06,2017-12-20,5788.0,1.0,5788.0,105.0,105.0,2017-09,2017-12
ID2VJE8V,68.0,3,3,2,2017-09-06,2017-09-13,0.0,0.6204543029182321,0.0,7.0,7.0,2017-09,2017-09
T3W0Z8KP,9.0,3,3,4,2017-09-06,2017-09-12,61.0,0.7414963964554988,61.0,6.0,6.0,2017-09,2017-09
2WZU46RL,61.0,24,2,4,2017-09-06,2017-12-16,5115.0,1.0,5115.0,101.0,101.0,2017-09,2017-12
576N6HHJ,79.0,24,2,4,2017-09-06,2017-09-15,5227.0,1.0,5227.0,9.0,9.0,2017-09,2017-09
WEES59KH,,12,3,1,2017-09-06,,0.0,0.6901018365734295,0.0,116.0,,2017-09,
WOS93VI5,81.0,16,6,4,2017-09-06,2017-12-06,1144.0,0.9976098089248232,1144.0,91.0,91.0,2017-09,2017-12
95YT659K,34.0,33,3,1,2017-09-06,,0.0,0.5814598058496219,0.0,116.0,,2017-09,
RKI7OEP9,67.0,1,3,2,2017-09-07,2017-11-18,0.0,0.5279363749603269,0.0,72.0,72.0,2017-09,2017-11
D9CS7EIY,59.0,1,6,4,2017-09-07,2017-12-12,1249.0,0.9995198899513195,1249.0,96.0,96.0,2017-09,2017-12
IOPIJ6C6,,22,6,1,2017-09-07,,0.0,0.02066578265736303,0.0,115.0,,2017-09,
J1VGTXQS,69.0,22,6,4,2017-09-07,2017-12-03,1106.0,0.9967250212612393,1106.0,87.0,87.0,2017-09,2017-12
T87FD71P,8.0,19,6,4,2017-09-07,2017-11-18,1251.0,0.9993676062278747,1251.0,72.0,72.0,2017-09,2017-11
P4PX93RN,56.0,13,2,2,2017-09-07,2017-11-18,0.0,0.006376011178437927,0.0,72.0,72.0,2017-09,2017-11
RLJI4F93,20.0,13,2,4,2017-09-07,2017-09-18,4975.0,1.0,4975.0,11.0,11.0,2017-09,2017-09
AE306TJU,74.0,13,3,4,2017-09-07,2017-09-17,54.0,0.5861750260702936,54.0,10.0,10.0,2017-09,2017-09
D3BO9JDM,59.0,10,2,4,2017-09-07,2017-11-09,3975.0,0.9999999999999556,3975.0,63.0,63.0,2017-09,2017-11
DPDUK8RG,11.0,10,4,4,2017-09-07,2017-09-12,2969.0,0.9999999989963253,2969.0,5.0,5.0,2017-09,2017-09
AR35V2L2,69.0,15,1,4,2017-09-07,2017-09-13,558.0,0.9354980525559959,558.0,6.0,6.0,2017-09,2017-09
FAKATVRQ,39.0,8,2,2,2017-09-07,2017-11-29,0.0,0.004206369133718348,0.0,83.0,83.0,2017-09,2017-11
9SU2A73Y,3.0,6,1,4,2017-09-07,2017-09-18,585.0,0.9559186202237772,585.0,11.0,11.0,2017-09,2017-09
98R4AZA8,54.0,31,1,4,2017-09-07,2017-12-17,566.0,0.948267270119674,566.0,101.0,101.0,2017-09,2017-12
9FE75D1D,61.0,27,2,4,2017-09-07,2017-11-16,4722.0,1.0,4722.0,70.0,70.0,2017-09,2017-11
S5NVSXEX,12.0,5,6,4,2017-09-07,2017-12-11,1033.0,0.995483771691207,1033.0,95.0,95.0,2017-09,2017-12
C6F5DTFR,19.0,9,1,4,2017-09-07,2017-12-19,587.0,0.9715632517617275,587.0,103.0,103.0,2017-09,2017-12
R4X2MOO1,63.0,21,5,2,2017-09-07,2017-11-27,0.0,0.01053390904149277,0.0,81.0,81.0,2017-09,2017-11
QEZ2X87C,40.0,25,3,1,2017-09-07,,0.0,0.6617472607091631,0.0,115.0,,2017-09,
8FULX0EA,25.0,3,3,4,2017-09-07,2017-11-02,62.0,0.6905539736478546,62.0,56.0,56.0,2017-09,2017-11
WA5NRVIG,45.0,3,3,4,2017-09-07,2017-12-12,54.0,0.7577077549259154,54.0,96.0,96.0,2017-09,2017-12
XO7D3NYR,12.0,24,1,4,2017-09-07,2017-11-03,499.0,0.939650906989468,499.0,57.0,57.0,2017-09,2017-11
ZN8LHN9B,84.0,16,5,2,2017-09-07,2017-11-17,0.0,0.009718857217584694,0.0,71.0,71.0,2017-09,2017-11
S8FODURJ,50.0,33,1,1,2017-09-07,,0.0,0.12868412198005752,0.0,115.0,,2017-09,
BFH34LVO,22.0,33,1,4,2017-09-07,2017-11-26,458.0,0.8758894252717583,458.0,80.0,80.0,2017-09,2017-11
QHVGK8DM,12.0,33,3,4,2017-09-07,2017-11-30,61.0,0.7480336131033072,61.0,84.0,84.0,2017-09,2017-11
BALJ5E9J,73.0,1,3,2,2017-09-08,2017-12-17,0.0,0.6965591660710356,0.0,100.0,100.0,2017-09,2017-12
3Y6REURA,25.0,1,5,4,2017-09-08,2017-09-24,5600.0,1.0,5600.0,16.0,16.0,2017-09,2017-09
3UI5JBOA,74.0,22,5,2,2017-09-08,2017-11-19,0.0,0.0046115385108499805,0.0,72.0,72.0,2017-09,2017-11
8AKZH8QS,84.0,22,6,4,2017-09-08,2017-12-17,1259.0,0.9994957881391587,1259.0,100.0,100.0,2017-09,2017-12
FAS1KT97,84.0,22,6,4,2017-09-08,2017-09-14,1114.0,0.997235174725531,1114.0,6.0,6.0,2017-09,2017-09
RAPX57I3,43.0,22,3,4,2017-09-08,2017-11-25,57.0,0.668401624035828,57.0,78.0,78.0,2017-09,2017-11
UZ4JMG8Z,18.0,19,6,2,2017-09-08,2017-11-25,0.0,0.0238673866881341,0.0,78.0,78.0,2017-09,2017-11
PV411N8I,62.0,2,3,2,2017-09-08,2017-11-17,0.0,0.5786292986341349,0.0,70.0,70.0,2017-09,2017-11
C58775JM,7.0,13,2,2,2017-09-08,2017-12-30,0.0,0.005356738730042244,0.0,113.0,113.0,2017-09,2017-12
A2PIOJWL,2.0,18,2,2,2017-09-08,2017-09-19,0.0,0.002949696905074787,0.0,11.0,11.0,2017-09,2017-09
SSEOGPPI,25.0,10,4,4,2017-09-08,2017-09-10,3346.0,0.9999999999673983,3346.0,2.0,2.0,2017-09,2017-09
5MFY1D4C,42.0,20,1,2,2017-09-08,2017-09-18,0.0,0.060076570009622146,0.0,10.0,10.0,2017-09,2017-09
PQLMEIG0,42.0,20,1,2,2017-09-08,2017-09-22,0.0,0.06139754114575292,0.0,14.0,14.0,2017-09,2017-09
6CV2KEKP,52.0,20,4,2,2017-09-08,2017-09-16,0.0,0.003396910171447328,0.0,8.0,8.0,2017-09,2017-09
FQD0IJBC,33.0,28,1,2,2017-09-08,2017-11-25,0.0,0.11837262330333716,0.0,78.0,78.0,2017-09,2017-11
EJGRLQP8,,30,2,1,2017-09-08,,0.0,0.007068473176082344,0.0,114.0,,2017-09,
8DDR4MUL,,30,4,1,2017-09-08,,0.0,0.006496001672665664,0.0,114.0,,2017-09,
E28C318S,51.0,30,1,4,2017-09-08,2017-11-04,546.0,0.9633565582503596,546.0,57.0,57.0,2017-09,2017-11
6BUW3ZVC,4.0,6,1,2,2017-09-08,2017-11-04,0.0,0.12830379330356698,0.0,57.0,57.0,2017-09,2017-11
ZW5XV2QY,10.0,32,1,2,2017-09-08,2017-11-14,0.0,0.16186913849340237,0.0,67.0,67.0,2017-09,2017-11
MOSX49BG,24.0,32,1,4,2017-09-08,2017-11-24,596.0,0.983112615415589,596.0,77.0,77.0,2017-09,2017-11
BDEP8ZEH,65.0,31,6,2,2017-09-08,2017-12-21,0.0,0.017531708409903247,0.0,104.0,104.0,2017-09,2017-12
WSKZBAYI,21.0,31,6,4,2017-09-08,2017-12-08,1171.0,0.9976476460173778,1171.0,91.0,91.0,2017-09,2017-12
19H5KFIC,29.0,7,6,4,2017-09-08,2017-12-03,1021.0,0.9921543497462885,1021.0,86.0,86.0,2017-09,2017-12
H0RRUQZ6,,34,3,1,2017-09-08,,0.0,0.6515378313485856,0.0,114.0,,2017-09,
7PCCI1U2,42.0,21,4,2,2017-09-08,2017-11-17,0.0,0.004996110298715932,0.0,70.0,70.0,2017-09,2017-11
8XXD2LMP,18.0,14,5,2,2017-09-08,2017-12-02,0.0,0.00982100499421762,0.0,85.0,85.0,2017-09,2017-12
USNQY75J,21.0,33,3,2,2017-09-08,2017-11-04,0.0,0.4392868349871277,0.0,57.0,57.0,2017-09,2017-11
EI7DU48C,42.0,33,4,2,2017-09-08,2017-12-14,0.0,0.0030783349817899773,0.0,97.0,97.0,2017-09,2017-12
1A1BI5VB,49.0,22,2,4,2017-09-09,2017-09-22,4609.0,0.9999999999999998,4609.0,13.0,13.0,2017-09,2017-09
UYJVA76O,81.0,19,6,2,2017-09-09,2017-11-21,0.0,0.011537200145438043,0.0,73.0,73.0,2017-09,2017-11
DR2H05BG,4.0,2,1,4,2017-09-09,2017-09-22,600.0,0.9653133427888212,600.0,13.0,13.0,2017-09,2017-09
M765WQ4W,44.0,13,2,4,2017-09-09,2017-09-13,5067.0,1.0,5067.0,4.0,4.0,2017-09,2017-09
2PXZ68OA,62.0,10,2,4,2017-09-09,2017-12-05,5127.0,1.0,5127.0,87.0,87.0,2017-09,2017-12
TDVM9PDL,26.0,20,1,4,2017-09-09,2017-12-26,547.0,0.9136893735018545,547.0,108.0,108.0,2017-09,2017-12
LBYGH8WS,56.0,15,5,2,2017-09-09,2017-09-27,0.0,0.0061518823680865925,0.0,18.0,18.0,2017-09,2017-09
NJC4XMEN,37.0,30,6,1,2017-09-09,,0.0,0.018523529200198223,0.0,113.0,,2017-09,
OBCBK0XR,22.0,32,4,2,2017-09-09,2017-11-30,0.0,0.005875555968213514,0.0,82.0,82.0,2017-09,2017-11
IX8AYR6F,22.0,32,1,4,2017-09-09,2017-12-14,582.0,0.9723723247187408,582.0,96.0,96.0,2017-09,2017-12
4LVXK5H1,41.0,32,6,4,2017-09-09,2017-09-25,1047.0,0.9934141206921016,1047.0,16.0,16.0,2017-09,2017-09
O5CWW9P3,25.0,4,3,2,2017-09-09,2017-11-21,0.0,0.44092949147674604,0.0,73.0,73.0,2017-09,2017-11
IMLFM79C,,27,6,1,2017-09-09,,0.0,0.012865463702913943,0.0,113.0,,2017-09,
DPXZ0ONG,23.0,9,2,2,2017-09-09,2017-11-15,0.0,0.0028706150089308374,0.0,67.0,67.0,2017-09,2017-11
2LOQKW1C,16.0,9,1,4,2017-09-09,2017-09-24,568.0,0.9287391042974797,568.0,15.0,15.0,2017-09,2017-09
MA1LQG9S,38.0,9,5,4,2017-09-09,2017-11-27,6255.0,1.0,6255.0,79.0,79.0,2017-09,2017-11
YR4EFQ4C,8.0,21,2,4,2017-09-09,2017-12-03,4647.0,1.0,4647.0,85.0,85.0,2017-09,2017-12
KB7DTUXO,75.0,14,2,4,2017-09-09,2017-11-08,5042.0,1.0,5042.0,60.0,60.0,2017-09,2017-11
JMQRT3TC,19.0,3,3,4,2017-09-09,2017-12-31,57.0,0.8464310818628136,57.0,113.0,113.0,2017-09,2017-12
XETHS437,60.0,3,3,4,2017-09-09,2017-12-07,53.0,0.8249164398789721,53.0,89.0,89.0,2017-09,2017-12
6EYTZB6F,45.0,3,4,4,2017-09-09,2017-12-12,3811.0,0.9999999999997771,3811.0,94.0,94.0,2017-09,2017-12
DXY9EZ55,36.0,24,1,4,2017-09-09,2017-12-12,456.0,0.8949235586472075,456.0,94.0,94.0,2017-09,2017-12
ESZPH44N,49.0,12,2,2,2017-09-09,2017-12-19,0.0,0.006088744317278123,0.0,101.0,101.0,2017-09,2017-12
ITDTMROU,78.0,19,4,4,2017-09-10,2017-12-05,3371.0,0.9999999999808333,3371.0,86.0,86.0,2017-09,2017-12
IFO74RWI,73.0,2,6,4,2017-09-10,2017-11-29,1151.0,0.9983345166296573,1151.0,80.0,80.0,2017-09,2017-11
4O6T16XI,62.0,2,4,4,2017-09-10,2017-12-25,3748.0,0.9999999999995361,3748.0,106.0,106.0,2017-09,2017-12
SUPA1RHK,74.0,13,5,4,2017-09-10,2017-09-15,5717.0,1.0,5717.0,5.0,5.0,2017-09,2017-09
MDHD11QD,18.0,13,2,4,2017-09-10,2017-09-15,5027.0,1.0,5027.0,5.0,5.0,2017-09,2017-09
PERK5YXJ,40.0,18,6,4,2017-09-10,2017-12-13,1111.0,0.997417263240092,1111.0,94.0,94.0,2017-09,2017-12
MUUNQNG2,4.0,10,6,4,2017-09-10,2017-09-17,1159.0,0.9974717193752244,1159.0,7.0,7.0,2017-09,2017-09
J1SCD7QL,57.0,10,4,4,2017-09-10,2017-11-06,3251.0,0.9999999999676992,3251.0,57.0,57.0,2017-09,2017-11
9LILLW96,8.0,15,5,2,2017-09-10,2017-11-01,0.0,0.008254287535615702,0.0,52.0,52.0,2017-09,2017-11
R0DKB8FJ,28.0,8,4,2,2017-09-10,2017-12-07,0.0,0.002807886192149671,0.0,88.0,88.0,2017-09,2017-12
S5R9O6TL,11.0,8,6,4,2017-09-10,2017-12-18,1083.0,0.994517765468846,1083.0,99.0,99.0,2017-09,2017-12
N78A330G,4.0,8,3,4,2017-09-10,2017-11-08,54.0,0.6777508791429185,54.0,59.0,59.0,2017-09,2017-11
ZGW9SCQ0,,26,4,1,2017-09-10,,0.0,0.0074352244960381,0.0,112.0,,2017-09,
ZHI12PI4,6.0,26,4,4,2017-09-10,2017-12-29,3302.0,0.9999999999803142,3302.0,110.0,110.0,2017-09,2017-12
34XWXEQE,,30,2,1,2017-09-10,,0.0,0.006987673984839365,0.0,112.0,,2017-09,
38ZR3URJ,31.0,30,1,4,2017-09-10,2017-11-25,552.0,0.9496699951055639,552.0,76.0,76.0,2017-09,2017-11
6DJ817MW,64.0,30,1,4,2017-09-10,2017-11-16,468.0,0.9237795412350438,468.0,67.0,67.0,2017-09,2017-11
9HCLI5PO,15.0,6,1,2,2017-09-10,2017-11-17,0.0,0.11417076426609897,0.0,68.0,68.0,2017-09,2017-11
PRY70ISY,36.0,6,1,2,2017-09-10,2017-12-04,0.0,0.13060561785865474,0.0,85.0,85.0,2017-09,2017-12
8NG46N94,,32,2,1,2017-09-10,,0.0,0.007737970985981276,0.0,112.0,,2017-09,
CS2ZS0B4,58.0,32,5,2,2017-09-10,2017-09-27,0.0,0.009238065447584846,0.0,17.0,17.0,2017-09,2017-09
R7LGVRHC,41.0,32,2,4,2017-09-10,2017-11-12,4467.0,0.9999999999999993,4467.0,63.0,63.0,2017-09,2017-11
3KLVZN6M,10.0,31,1,4,2017-09-10,2017-12-05,538.0,0.9546637566712017,538.0,86.0,86.0,2017-09,2017-12
WGSLK719,79.0,31,4,4,2017-09-10,2017-12-12,3021.0,0.9999999996748918,3021.0,93.0,93.0,2017-09,2017-12
0MMDQ1OR,11.0,4,1,4,2017-09-10,2017-11-12,511.0,0.8666332580133858,511.0,63.0,63.0,2017-09,2017-11
SMQV0BRI,6.0,34,5,4,2017-09-10,2017-09-21,5832.0,1.0,5832.0,11.0,11.0,2017-09,2017-09
XT8HCGAD,8.0,25,3,1,2017-09-10,,0.0,0.6944482355124695,0.0,112.0,,2017-09,
WIQQUZRQ,,25,3,1,2017-09-10,,0.0,0.6055769285248723,0.0,112.0,,2017-09,
X56STCJP,38.0,3,5,2,2017-09-10,2017-09-30,0.0,0.006355075613934807,0.0,20.0,20.0,2017-09,2017-09
K214R7RK,13.0,3,4,2,2017-09-10,2017-11-24,0.0,0.005992120365972367,0.0,75.0,75.0,2017-09,2017-11
NR9UD54C,76.0,3,3,4,2017-09-10,2017-11-27,50.0,0.7826339122373035,50.0,78.0,78.0,2017-09,2017-11
GTXI4PAR,61.0,24,4,2,2017-09-10,2017-11-24,0.0,0.007568291815110613,0.0,75.0,75.0,2017-09,2017-11
T94JAB4C,54.0,24,3,4,2017-09-10,2017-11-22,58.0,0.6497541090254608,58.0,73.0,73.0,2017-09,2017-11
8YOOE8I5,74.0,12,1,2,2017-09-10,2017-11-24,0.0,0.09462455647418211,0.0,75.0,75.0,2017-09,2017-11
8G2OTKLL,49.0,12,3,4,2017-09-10,2017-09-27,66.0,0.7054655874104502,66.0,17.0,17.0,2017-09,2017-09
LOHJU3OB,,33,2,1,2017-09-10,,0.0,0.004963640511897259,0.0,112.0,,2017-09,
LW0Z6TMR,23.0,1,1,2,2017-09-11,2017-09-13,0.0,0.09283319934865036,0.0,2.0,2.0,2017-09,2017-09
R3NAMX4P,72.0,1,5,2,2017-09-11,2017-11-14,0.0,0.007079112552741564,0.0,64.0,64.0,2017-09,2017-11
VYJ20GOM,9.0,1,3,4,2017-09-11,2017-11-17,44.0,0.7618079645861137,44.0,67.0,67.0,2017-09,2017-11
GIWI7CWJ,44.0,22,6,4,2017-09-11,2017-12-30,1140.0,0.9984263007734095,1140.0,110.0,110.0,2017-09,2017-12
VTO3SNNX,82.0,19,5,4,2017-09-11,2017-09-21,5245.0,1.0,5245.0,10.0,10.0,2017-09,2017-09
OVPNOM6O,30.0,2,5,4,2017-09-11,2017-12-04,5520.0,1.0,5520.0,84.0,84.0,2017-09,2017-12
0558PJL2,,13,1,1,2017-09-11,,0.0,0.17003377595278985,0.0,111.0,,2017-09,
JB60NPU9,,13,2,1,2017-09-11,,0.0,0.007225417210720083,0.0,111.0,,2017-09,
6KM4E0V1,38.0,10,5,2,2017-09-11,2017-11-19,0.0,0.006354412015795802,0.0,69.0,69.0,2017-09,2017-11
QWIPE5FB,59.0,10,2,2,2017-09-11,2017-11-14,0.0,0.006587080173558129,0.0,64.0,64.0,2017-09,2017-11
BZPU6P5P,80.0,15,3,2,2017-09-11,2017-12-23,0.0,0.715574920067268,0.0,103.0,103.0,2017-09,2017-12
ZCFAVNF3,68.0,8,3,4,2017-09-11,2017-09-20,53.0,0.6614406427967233,53.0,9.0,9.0,2017-09,2017-09
77IBMLTB,,30,5,1,2017-09-11,,0.0,0.009038111379442094,0.0,111.0,,2017-09,
RDMKSDT0,55.0,32,5,4,2017-09-11,2017-12-10,4872.0,1.0,4872.0,90.0,90.0,2017-09,2017-12
QPCY8RU0,17.0,31,1,2,2017-09-11,2017-11-24,0.0,0.11591594353176685,0.0,74.0,74.0,2017-09,2017-11
Y93GK95W,35.0,27,4,4,2017-09-11,2017-09-21,3138.0,0.9999999997242313,3138.0,10.0,10.0,2017-09,2017-09
ZPB5KNCD,24.0,34,1,2,2017-09-11,2017-09-28,0.0,0.14216172591403523,0.0,17.0,17.0,2017-09,2017-09
ZDAJ4PFJ,4.0,5,1,4,2017-09-11,2017-12-03,513.0,0.9312700407091541,513.0,83.0,83.0,2017-09,2017-12
7VHJG9J1,40.0,21,6,2,2017-09-11,2017-12-28,0.0,0.02765320756786661,0.0,108.0,108.0,2017-09,2017-12
S2XTTF3B,,25,3,1,2017-09-11,,0.0,0.6041933480183695,0.0,111.0,,2017-09,
8XY5IA68,65.0,14,2,1,2017-09-11,,0.0,0.0068267698018841996,0.0,111.0,,2017-09,
EHPG1PNC,42.0,12,1,4,2017-09-11,2017-12-18,644.0,0.9782126823105644,644.0,98.0,98.0,2017-09,2017-12
RKOQZJZR,41.0,33,6,1,2017-09-11,,0.0,0.013370810490482549,0.0,111.0,,2017-09,
3CJMQNT0,47.0,33,2,2,2017-09-11,2017-11-14,0.0,0.0026285532809248884,0.0,64.0,64.0,2017-09,2017-11
1MTLDVU8,51.0,33,1,4,2017-09-11,2017-09-19,560.0,0.9460383160277198,560.0,8.0,8.0,2017-09,2017-09
4Z7LYTKN,73.0,1,5,2,2017-09-12,2017-12-06,0.0,0.008951244243775733,0.0,85.0,85.0,2017-09,2017-12
MX0QEMEB,67.0,1,4,2,2017-09-12,2017-11-27,0.0,0.003448795067409521,0.0,76.0,76.0,2017-09,2017-11
Y25T06D2,15.0,1,6,4,2017-09-12,2017-12-26,866.0,0.9772422057893085,866.0,105.0,105.0,2017-09,2017-12
JY5LPMSJ,56.0,22,6,2,2017-09-12,2017-09-19,0.0,0.013557083107278257,0.0,7.0,7.0,2017-09,2017-09
8V5OCDHN,,19,1,1,2017-09-12,,0.0,0.15207192621232934,0.0,110.0,,2017-09,
YND6FAFG,42.0,13,3,2,2017-09-12,2017-12-01,0.0,0.5759395422098377,0.0,80.0,80.0,2017-09,2017-12
D4PEXI47,38.0,10,2,2,2017-09-12,2017-11-15,0.0,0.004742981309529158,0.0,64.0,64.0,2017-09,2017-11
WRSA8PVU,23.0,10,1,4,2017-09-12,2017-12-16,626.0,0.9721894960123093,626.0,95.0,95.0,2017-09,2017-12
965CJ4YG,72.0,10,2,4,2017-09-12,2017-12-03,4079.0,0.9999999999999758,4079.0,82.0,82.0,2017-09,2017-12
ML5QMJPM,44.0,15,4,4,2017-09-12,2017-12-05,3497.0,0.9999999999962088,3497.0,84.0,84.0,2017-09,2017-12
EWEW7ZMQ,53.0,15,4,4,2017-09-12,2017-11-16,3072.0,0.9999999996972235,3072.0,65.0,65.0,2017-09,2017-11
JY8W2PKW,28.0,8,4,2,2017-09-12,2017-12-15,0.0,0.0029068415459813143,0.0,94.0,94.0,2017-09,2017-12
JFBWABB1,46.0,26,4,4,2017-09-12,2017-11-26,3473.0,0.9999999999952112,3473.0,75.0,75.0,2017-09,2017-11
A0Z6FYRO,13.0,6,1,4,2017-09-12,2017-09-19,530.0,0.9364002994102495,530.0,7.0,7.0,2017-09,2017-09
51AC0Q99,30.0,6,6,4,2017-09-12,2017-12-16,1066.0,0.9974745123846893,1066.0,95.0,95.0,2017-09,2017-12
897MKBP9,9.0,6,3,4,2017-09-12,2017-12-18,64.0,0.7972531177386009,64.0,97.0,97.0,2017-09,2017-12
Y5IRSKVA,57.0,6,3,4,2017-09-12,2017-12-25,59.0,0.8254942916620898,59.0,104.0,104.0,2017-09,2017-12
QS440NN9,32.0,31,6,4,2017-09-12,2017-11-30,1077.0,0.9970897048602286,1077.0,79.0,79.0,2017-09,2017-11
JOKH5C6I,70.0,31,2,4,2017-09-12,2017-11-21,4999.0,1.0,4999.0,70.0,70.0,2017-09,2017-11
1MZ8GDLF,3.0,7,3,4,2017-09-12,2017-09-21,72.0,0.7216784236991466,72.0,9.0,9.0,2017-09,2017-09
64SDWSQH,42.0,34,5,4,2017-09-12,2017-09-20,4870.0,1.0,4870.0,8.0,8.0,2017-09,2017-09
XS7CNY5H,37.0,21,6,2,2017-09-12,2017-09-20,0.0,0.0130260590111314,0.0,8.0,8.0,2017-09,2017-09
U0SS8E43,82.0,21,2,2,2017-09-12,2017-12-18,0.0,0.009632510936191023,0.0,97.0,97.0,2017-09,2017-12
2MH79C2B,45.0,3,3,4,2017-09-12,2017-09-26,54.0,0.6921713678860871,54.0,14.0,14.0,2017-09,2017-09
3YZFYEMI,72.0,3,3,4,2017-09-12,2017-12-09,50.0,0.7394085757325576,50.0,88.0,88.0,2017-09,2017-12
I35REHYN,28.0,24,1,1,2017-09-12,,0.0,0.1112087586966163,0.0,110.0,,2017-09,
Y3AAS62P,83.0,24,6,1,2017-09-12,,0.0,0.02367959588069205,0.0,110.0,,2017-09,
BPPV8ZSB,77.0,24,3,2,2017-09-12,2017-11-01,0.0,0.4332537254734453,0.0,50.0,50.0,2017-09,2017-11
3NC5XSDF,,12,4,1,2017-09-12,,0.0,0.006461361938075674,0.0,110.0,,2017-09,
DRJG2FVR,37.0,12,5,2,2017-09-12,2017-09-15,0.0,0.004436868946695993,0.0,3.0,3.0,2017-09,2017-09
SWXO4J19,44.0,33,6,4,2017-09-12,2017-11-20,1029.0,0.9928220212106815,1029.0,69.0,69.0,2017-09,2017-11
07DPEL0B,9.0,1,1,4,2017-09-13,2017-11-25,629.0,0.9834106641055781,629.0,73.0,73.0,2017-09,2017-11
5X3TSUA9,,19,6,1,2017-09-13,,0.0,0.018482731972484383,0.0,109.0,,2017-09,
7GDRCAJR,40.0,19,1,4,2017-09-13,2017-09-24,600.0,0.965511624296052,600.0,11.0,11.0,2017-09,2017-09
EJ8YBRD3,44.0,13,1,2,2017-09-13,2017-11-03,0.0,0.14163717654853478,0.0,51.0,51.0,2017-09,2017-11
G7HADWB0,43.0,13,2,4,2017-09-13,2017-09-18,4535.0,0.9999999999999993,4535.0,5.0,5.0,2017-09,2017-09
9DY57A6F,,18,2,1,2017-09-13,,0.0,0.005923352139801403,0.0,109.0,,2017-09,
M3IFAMV2,52.0,20,4,2,2017-09-13,2017-11-29,0.0,0.004593078214812819,0.0,77.0,77.0,2017-09,2017-11
65AT4VFM,14.0,28,3,2,2017-09-13,2017-09-19,0.0,0.6640948234597082,0.0,6.0,6.0,2017-09,2017-09
H6SE0L31,13.0,8,2,4,2017-09-13,2017-09-29,4805.0,1.0,4805.0,16.0,16.0,2017-09,2017-09
ZQC7YA4X,42.0,32,2,2,2017-09-13,2017-11-17,0.0,0.004561975537097421,0.0,65.0,65.0,2017-09,2017-11
J9V49YC3,46.0,31,5,4,2017-09-13,2017-12-12,5158.0,1.0,5158.0,90.0,90.0,2017-09,2017-12
H3ZS0FBT,9.0,7,1,4,2017-09-13,2017-11-21,477.0,0.938053319807026,477.0,69.0,69.0,2017-09,2017-11
GIIHTQGY,47.0,34,5,4,2017-09-13,2017-11-16,4972.0,1.0,4972.0,64.0,64.0,2017-09,2017-11
0LTBCZHI,73.0,9,4,4,2017-09-13,2017-11-30,3902.0,0.9999999999998528,3902.0,78.0,78.0,2017-09,2017-11
8U0BUWUQ,56.0,21,6,4,2017-09-13,2017-12-14,1176.0,0.9989933996939959,1176.0,92.0,92.0,2017-09,2017-12
ROD5WJDM,80.0,21,2,4,2017-09-13,2017-12-14,4140.0,0.9999999999999936,4140.0,92.0,92.0,2017-09,2017-12
86GSJWQW,31.0,25,3,4,2017-09-13,2017-11-30,54.0,0.6262284666784578,54.0,78.0,78.0,2017-09,2017-11
EQ0PLA0O,,24,3,1,2017-09-13,,0.0,0.6569016514210523,0.0,109.0,,2017-09,
B7BT5DB8,14.0,24,3,4,2017-09-13,2017-11-29,51.0,0.8166205661852175,51.0,77.0,77.0,2017-09,2017-11
NJTWATVH,46.0,33,1,4,2017-09-13,2017-09-21,518.0,0.8924592511150137,518.0,8.0,8.0,2017-09,2017-09
ZLIQCT7V,65.0,33,1,4,2017-09-13,2017-12-06,505.0,0.9178956719572595,505.0,84.0,84.0,2017-09,2017-12
0U0GUDIX,66.0,1,5,4,2017-09-14,2017-09-18,5421.0,1.0,5421.0,4.0,4.0,2017-09,2017-09
MN4ZHCUZ,42.0,19,2,4,2017-09-14,2017-11-23,3822.0,0.9999999999997022,3822.0,70.0,70.0,2017-09,2017-11
06H63NKF,13.0,10,2,2,2017-09-14,2017-11-20,0.0,0.005169547111353106,0.0,67.0,67.0,2017-09,2017-11
GBRQN296,52.0,20,4,4,2017-09-14,2017-12-17,3331.0,0.9999999999801521,3331.0,94.0,94.0,2017-09,2017-12
RBHXB5V5,83.0,26,3,2,2017-09-14,2017-11-27,0.0,0.6990930358795578,0.0,74.0,74.0,2017-09,2017-11
59O0CDJE,51.0,30,1,4,2017-09-14,2017-12-20,504.0,0.9558314029932555,504.0,97.0,97.0,2017-09,2017-12
RU9Y6GR1,54.0,30,6,4,2017-09-14,2017-12-10,1117.0,0.996478381007693,1117.0,87.0,87.0,2017-09,2017-12
GIZAD3ZN,47.0,30,2,4,2017-09-14,2017-12-07,5230.0,1.0,5230.0,84.0,84.0,2017-09,2017-12
6CXJOT2A,21.0,32,2,4,2017-09-14,2017-09-16,4844.0,1.0,4844.0,2.0,2.0,2017-09,2017-09
Y9NTV3K5,46.0,32,4,4,2017-09-14,2017-09-23,3596.0,0.9999999999977969,3596.0,9.0,9.0,2017-09,2017-09
GPVQIS5U,54.0,31,2,2,2017-09-14,2017-09-30,0.0,0.002818009365703819,0.0,16.0,16.0,2017-09,2017-09
LI9RCAQ6,61.0,31,2,4,2017-09-14,2017-11-01,4593.0,0.9999999999999998,4593.0,48.0,48.0,2017-09,2017-11
DT8SWPLT,15.0,4,1,4,2017-09-14,2017-12-12,545.0,0.9199055394702372,545.0,89.0,89.0,2017-09,2017-12
URRBXP0V,57.0,4,4,4,2017-09-14,2017-11-08,3362.0,0.9999999999821614,3362.0,55.0,55.0,2017-09,2017-11
CNAQ6R7T,4.0,7,6,4,2017-09-14,2017-12-14,1086.0,0.9972152853850624,1086.0,91.0,91.0,2017-09,2017-12
VRWH3YJV,,34,5,1,2017-09-14,,0.0,0.007690647757635854,0.0,108.0,,2017-09,
FBYWCLLS,1.0,21,1,2,2017-09-14,2017-09-28,0.0,0.07808521131427586,0.0,14.0,14.0,2017-09,2017-09
ZJAIST7C,44.0,14,2,4,2017-09-14,2017-12-31,5153.0,1.0,5153.0,108.0,108.0,2017-09,2017-12
8EQRW9H5,45.0,3,3,2,2017-09-14,2017-11-29,0.0,0.6426249151686233,0.0,76.0,76.0,2017-09,2017-11
F0KWRLK1,44.0,24,2,4,2017-09-14,2017-11-15,5348.0,1.0,5348.0,62.0,62.0,2017-09,2017-11
JBECEURV,,33,1,1,2017-09-14,,0.0,0.12065040918858051,0.0,108.0,,2017-09,
HHP6R0IX,24.0,33,2,4,2017-09-14,2017-11-05,5170.0,1.0,5170.0,52.0,52.0,2017-09,2017-11
XMRZQ8PR,61.0,33,2,4,2017-09-14,2017-09-25,4050.0,0.9999999999999696,4050.0,11.0,11.0,2017-09,2017-09
ER0U0TOC,,13,1,1,2017-09-15,,0.0,0.1667908344731148,0.0,107.0,,2017-09,
77JIGDNZ,8.0,18,6,2,2017-09-15,2017-12-07,0.0,0.01914190544390605,0.0,83.0,83.0,2017-09,2017-12
DK6L8Y0Y,75.0,18,6,4,2017-09-15,2017-09-29,1221.0,0.9984625793682906,1221.0,14.0,14.0,2017-09,2017-09
KA6SVT1C,72.0,10,4,2,2017-09-15,2017-11-16,0.0,0.004079360845027144,0.0,62.0,62.0,2017-09,2017-11
8ARRIREI,76.0,10,5,4,2017-09-15,2017-12-09,5669.0,1.0,5669.0,85.0,85.0,2017-09,2017-12
W3LRLMKP,23.0,8,5,4,2017-09-15,2017-12-19,5385.0,1.0,5385.0,95.0,95.0,2017-09,2017-12
HQKUH8XA,36.0,27,1,2,2017-09-15,2017-12-27,0.0,0.09154126114353166,0.0,103.0,103.0,2017-09,2017-12
6R6T68GL,83.0,27,3,4,2017-09-15,2017-12-09,48.0,0.6601076299564159,48.0,85.0,85.0,2017-09,2017-12
PGT70Q4T,54.0,27,4,4,2017-09-15,2017-12-01,3663.0,0.9999999999977991,3663.0,77.0,77.0,2017-09,2017-12
24K085JJ,,34,6,1,2017-09-15,,0.0,0.017267714073198857,0.0,107.0,,2017-09,
EMORZ8R8,34.0,34,2,4,2017-09-15,2017-09-30,4695.0,0.9999999999999998,4695.0,15.0,15.0,2017-09,2017-09
V6RULHFZ,21.0,24,3,2,2017-09-15,2017-12-30,0.0,0.560352181802808,0.0,106.0,106.0,2017-09,2017-12
NBBIFIKB,,16,4,1,2017-09-15,,0.0,0.0065410079624532895,0.0,107.0,,2017-09,
GRYWAPXY,58.0,33,4,4,2017-09-15,2017-11-07,2712.0,0.9999999946251039,2712.0,53.0,53.0,2017-09,2017-11
ZIEI8JM3,59.0,1,3,4,2017-09-16,2017-12-07,65.0,0.8225108641390768,65.0,82.0,82.0,2017-09,2017-12
QDYFLOZW,67.0,1,3,4,2017-09-16,2017-09-23,55.0,0.5810310814839632,55.0,7.0,7.0,2017-09,2017-09
55YURJ2E,68.0,1,3,4,2017-09-16,2017-12-30,58.0,0.8086214613056675,58.0,105.0,105.0,2017-09,2017-12
R6Q5JOLX,,19,5,1,2017-09-16,,0.0,0.008050398930655123,0.0,106.0,,2017-09,
1PORK6E3,52.0,19,1,4,2017-09-16,2017-09-27,512.0,0.9343278996239262,512.0,11.0,11.0,2017-09,2017-09
ENDKZ399,42.0,13,5,4,2017-09-16,2017-09-24,5820.0,1.0,5820.0,8.0,8.0,2017-09,2017-09
VSNI41WQ,20.0,18,5,2,2017-09-16,2017-11-30,0.0,0.004253469983576695,0.0,75.0,75.0,2017-09,2017-11
87KZX1UX,11.0,10,6,4,2017-09-16,2017-11-25,1179.0,0.9976893833758285,1179.0,70.0,70.0,2017-09,2017-11
PLRBC69J,57.0,10,6,4,2017-09-16,2017-09-26,1153.0,0.998125823484071,1153.0,10.0,10.0,2017-09,2017-09
RZB6Q4FX,26.0,20,6,4,2017-09-16,2017-09-21,892.0,0.9407150879441867,892.0,5.0,5.0,2017-09,2017-09
ASK5U1TD,81.0,20,6,4,2017-09-16,2017-11-22,1231.0,0.9981688593982535,1231.0,67.0,67.0,2017-09,2017-11
T49Q4GWU,56.0,20,4,4,2017-09-16,2017-12-25,3091.0,0.9999999998082336,3091.0,100.0,100.0,2017-09,2017-12
JJ17IHID,78.0,15,1,4,2017-09-16,2017-11-24,547.0,0.9360074617078222,547.0,69.0,69.0,2017-09,2017-11
311WKUHC,46.0,30,3,2,2017-09-16,2017-11-13,0.0,0.5916958514453644,0.0,58.0,58.0,2017-09,2017-11
JG1CD65M,32.0,30,5,4,2017-09-16,2017-09-18,5919.0,1.0,5919.0,2.0,2.0,2017-09,2017-09
YIK15TLW,34.0,30,5,4,2017-09-16,2017-11-10,5745.0,1.0,5745.0,55.0,55.0,2017-09,2017-11
RYJPSM6D,66.0,6,1,2,2017-09-16,2017-11-19,0.0,0.2533736183126064,0.0,64.0,64.0,2017-09,2017-11
ZQK0JTVN,68.0,6,1,2,2017-09-16,2017-11-26,0.0,0.15357446687670703,0.0,71.0,71.0,2017-09,2017-11
FB7OTAMV,76.0,6,2,2,2017-09-16,2017-12-22,0.0,0.007268892645007374,0.0,97.0,97.0,2017-09,2017-12
JZD1QDWA,9.0,4,4,2,2017-09-16,2017-12-06,0.0,0.003729623754627893,0.0,81.0,81.0,2017-09,2017-12
LOSUVU4T,44.0,27,5,2,2017-09-16,2017-12-09,0.0,0.005221320073198008,0.0,84.0,84.0,2017-09,2017-12
85LVQ6PB,64.0,27,6,4,2017-09-16,2017-12-15,1252.0,0.9990002022587569,1252.0,90.0,90.0,2017-09,2017-12
02ILGBRB,15.0,5,3,2,2017-09-16,2017-11-21,0.0,0.5306321388355452,0.0,66.0,66.0,2017-09,2017-11
ZFIT4XWO,66.0,5,4,4,2017-09-16,2017-12-05,3039.0,0.9999999998600171,3039.0,80.0,80.0,2017-09,2017-12
XH69FGJJ,73.0,9,1,4,2017-09-16,2017-11-19,637.0,0.9709874722887823,637.0,64.0,64.0,2017-09,2017-11
JU2PPGP6,1.0,21,1,2,2017-09-16,2017-09-26,0.0,0.07643444198098293,0.0,10.0,10.0,2017-09,2017-09
S8Y9AAWC,83.0,25,2,4,2017-09-16,2017-12-08,4614.0,0.9999999999999998,4614.0,83.0,83.0,2017-09,2017-12
I2DLJ6C3,27.0,14,3,4,2017-09-16,2017-11-27,51.0,0.6786976647712909,51.0,72.0,72.0,2017-09,2017-11
DY8DMZZ9,,24,5,1,2017-09-16,,0.0,0.008010563818629324,0.0,106.0,,2017-09,
VEZ8OX88,54.0,24,1,2,2017-09-16,2017-11-19,0.0,0.08828479973295933,0.0,64.0,64.0,2017-09,2017-11
M3QL68T6,54.0,24,1,4,2017-09-16,2017-12-04,595.0,0.9551025360481405,595.0,79.0,79.0,2017-09,2017-12
Q3K6K5V9,83.0,24,3,4,2017-09-16,2017-12-26,52.0,0.7646856490508583,52.0,101.0,101.0,2017-09,2017-12
PEGFPDVU,44.0,12,2,4,2017-09-16,2017-09-30,5604.0,1.0,5604.0,14.0,14.0,2017-09,2017-09
NFT2Z7MM,14.0,33,6,2,2017-09-16,2017-11-18,0.0,0.019372118460975616,0.0,63.0,63.0,2017-09,2017-11
YC2GBK89,35.0,33,6,2,2017-09-16,2017-11-12,0.0,0.008676281071286174,0.0,57.0,57.0,2017-09,2017-11
U008ILBM,55.0,33,6,2,2017-09-16,2017-11-26,0.0,0.0073172358965439945,0.0,71.0,71.0,2017-09,2017-11
VA0I9SDD,44.0,33,2,4,2017-09-16,2017-09-27,5360.0,1.0,5360.0,11.0,11.0,2017-09,2017-09
KQ83VL8T,,22,6,1,2017-09-17,,0.0,0.019526093959799158,0.0,105.0,,2017-09,
41HHBQRT,78.0,19,1,2,2017-09-17,2017-12-13,0.0,0.09751756778624268,0.0,87.0,87.0,2017-09,2017-12
T6BHNN1O,3.0,2,3,2,2017-09-17,2017-11-13,0.0,0.589796292782865,0.0,57.0,57.0,2017-09,2017-11
S8DOH11H,26.0,13,2,2,2017-09-17,2017-11-14,0.0,0.0032568429907637317,0.0,58.0,58.0,2017-09,2017-11
F8F6MA24,69.0,13,1,4,2017-09-17,2017-12-19,538.0,0.9497103133361933,538.0,93.0,93.0,2017-09,2017-12
ZXXWIGFR,9.0,10,2,2,2017-09-17,2017-12-02,0.0,0.005834153848955249,0.0,76.0,76.0,2017-09,2017-12
L7CFCOR6,13.0,10,5,4,2017-09-17,2017-11-28,5668.0,1.0,5668.0,72.0,72.0,2017-09,2017-11
AAUTJ747,76.0,10,2,4,2017-09-17,2017-12-11,5220.0,1.0,5220.0,85.0,85.0,2017-09,2017-12
X7VUR49L,2.0,20,2,4,2017-09-17,2017-09-26,5763.0,1.0,5763.0,9.0,9.0,2017-09,2017-09
U7L0IZLB,70.0,30,5,2,2017-09-17,2017-11-26,0.0,0.006922569640493098,0.0,70.0,70.0,2017-09,2017-11
PAQ6EKHB,,32,1,1,2017-09-17,,0.0,0.17409761772402838,0.0,105.0,,2017-09,
THNEGVH2,47.0,31,6,4,2017-09-17,2017-11-14,948.0,0.9798033970040814,948.0,58.0,58.0,2017-09,2017-11
D1ANNMSO,60.0,4,1,4,2017-09-17,2017-11-19,487.0,0.9163215848390579,487.0,63.0,63.0,2017-09,2017-11
LMVQ6B9P,25.0,4,6,4,2017-09-17,2017-11-18,1072.0,0.9911434430025113,1072.0,62.0,62.0,2017-09,2017-11
OQBVGILR,64.0,27,3,4,2017-09-17,2017-12-16,56.0,0.6840547219947701,56.0,90.0,90.0,2017-09,2017-12
8LA72RM8,20.0,34,4,1,2017-09-17,,0.0,0.003941653892238681,0.0,105.0,,2017-09,
7IZQJIPA,42.0,34,2,4,2017-09-17,2017-12-27,4812.0,1.0,4812.0,101.0,101.0,2017-09,2017-12
7AH7F190,2.0,21,1,2,2017-09-17,2017-11-27,0.0,0.13756315565276722,0.0,71.0,71.0,2017-09,2017-11
ME0LMBYL,37.0,21,6,2,2017-09-17,2017-12-21,0.0,0.018544132760556324,0.0,95.0,95.0,2017-09,2017-12
KODTODAA,2.0,21,5,2,2017-09-17,2017-11-12,0.0,0.006727062149561724,0.0,56.0,56.0,2017-09,2017-11
RENW2N0H,5.0,21,2,4,2017-09-17,2017-11-19,5186.0,1.0,5186.0,63.0,63.0,2017-09,2017-11
9F407X6U,44.0,25,3,4,2017-09-17,2017-12-02,49.0,0.677855229544065,49.0,76.0,76.0,2017-09,2017-12
S0MZHYQC,44.0,33,2,4,2017-09-17,2017-09-27,4800.0,1.0,4800.0,10.0,10.0,2017-09,2017-09
HP9TUR60,37.0,18,2,4,2017-09-18,2017-12-24,5627.0,1.0,5627.0,97.0,97.0,2017-09,2017-12
P4PKECH7,30.0,10,1,2,2017-09-18,2017-09-24,0.0,0.13837738152696288,0.0,6.0,6.0,2017-09,2017-09
USL5PZ4O,66.0,10,2,4,2017-09-18,2017-12-06,3779.0,0.9999999999998501,3779.0,79.0,79.0,2017-09,2017-12
3DM5SSI5,76.0,10,2,4,2017-09-18,2017-11-05,5231.0,1.0,5231.0,48.0,48.0,2017-09,2017-11
D40ALWGC,49.0,20,5,2,2017-09-18,2017-09-28,0.0,0.003656947543702219,0.0,10.0,10.0,2017-09,2017-09
524QUXI2,78.0,20,5,2,2017-09-18,2017-11-26,0.0,0.003528707584088998,0.0,69.0,69.0,2017-09,2017-11
8W35TVOQ,22.0,26,4,4,2017-09-18,2017-12-02,2918.0,0.9999999993002442,2918.0,75.0,75.0,2017-09,2017-12
UU7N7LZK,,30,4,1,2017-09-18,,0.0,0.006132862748615163,0.0,104.0,,2017-09,
3D6LLPA1,25.0,6,6,2,2017-09-18,2017-12-05,0.0,0.01217220158171901,0.0,78.0,78.0,2017-09,2017-12
58QZ1YGK,23.0,6,2,4,2017-09-18,2017-09-27,4902.0,1.0,4902.0,9.0,9.0,2017-09,2017-09
OU42AWAE,35.0,32,1,4,2017-09-18,2017-11-22,531.0,0.941611587284768,531.0,65.0,65.0,2017-09,2017-11
ZBDT3T2H,,31,1,1,2017-09-18,,0.0,0.14510828144076923,0.0,104.0,,2017-09,
OJOJPNL6,64.0,31,5,2,2017-09-18,2017-11-21,0.0,0.007290220035813754,0.0,64.0,64.0,2017-09,2017-11
MENKE9IV,64.0,31,1,4,2017-09-18,2017-11-30,526.0,0.9499481542270308,526.0,73.0,73.0,2017-09,2017-11
PXSDIDXO,59.0,4,1,2,2017-09-18,2017-11-11,0.0,0.10622790550701797,0.0,54.0,54.0,2017-09,2017-11
5PIJNVMB,45.0,4,1,4,2017-09-18,2017-11-17,485.0,0.8697371718566859,485.0,60.0,60.0,2017-09,2017-11
WSO3NMK5,,34,4,1,2017-09-18,,0.0,0.005307151530557393,0.0,104.0,,2017-09,
ZLFKHXXI,60.0,5,1,4,2017-09-18,2017-12-25,520.0,0.9583591391354307,520.0,98.0,98.0,2017-09,2017-12
WIDRX5N6,19.0,9,6,4,2017-09-18,2017-12-23,1020.0,0.9941687782355063,1020.0,96.0,96.0,2017-09,2017-12
HJLKGIH4,49.0,21,6,2,2017-09-18,2017-12-04,0.0,0.019603238940134816,0.0,77.0,77.0,2017-09,2017-12
DF6A63B7,80.0,21,4,2,2017-09-18,2017-12-20,0.0,0.009558141248021675,0.0,93.0,93.0,2017-09,2017-12
T2EM55FZ,18.0,14,2,4,2017-09-18,2017-11-15,4205.0,0.9999999999999947,4205.0,58.0,58.0,2017-09,2017-11
KDQL1O1A,14.0,24,1,2,2017-09-18,2017-11-05,0.0,0.1806576191587219,0.0,48.0,48.0,2017-09,2017-11
01XZ9CRY,37.0,33,5,1,2017-09-18,,0.0,0.005538470175081184,0.0,104.0,,2017-09,
HJY0TQ7X,72.0,33,3,1,2017-09-18,,0.0,0.5910511690113572,0.0,104.0,,2017-09,
75HKH8PS,25.0,1,6,2,2017-09-19,2017-09-30,0.0,0.010554097460705028,0.0,11.0,11.0,2017-09,2017-09
NK2CHYT1,59.0,2,6,2,2017-09-19,2017-11-08,0.0,0.01960380998268167,0.0,50.0,50.0,2017-09,2017-11
A7OVC1WK,,13,5,1,2017-09-19,,0.0,0.008977172358130274,0.0,103.0,,2017-09,
0WGAPLOI,15.0,10,2,4,2017-09-19,2017-12-07,4990.0,1.0,4990.0,79.0,79.0,2017-09,2017-12
GXPA5D3A,16.0,10,2,4,2017-09-19,2017-09-29,5450.0,1.0,5450.0,10.0,10.0,2017-09,2017-09
8598PVIX,34.0,28,3,4,2017-09-19,2017-11-11,53.0,0.635750336855327,53.0,53.0,53.0,2017-09,2017-11
VKM2BCMV,38.0,6,2,4,2017-09-19,2017-09-25,3678.0,0.9999999999989704,3678.0,6.0,6.0,2017-09,2017-09
9N7LHW38,51.0,32,2,2,2017-09-19,2017-09-29,0.0,0.006344180881110598,0.0,10.0,10.0,2017-09,2017-09
BKMYW792,50.0,32,4,2,2017-09-19,2017-11-27,0.0,0.005213618333871203,0.0,69.0,69.0,2017-09,2017-11
3IBBBGM4,21.0,31,1,4,2017-09-19,2017-11-18,555.0,0.9324054802493895,555.0,60.0,60.0,2017-09,2017-11
T32P6LSX,57.0,4,1,4,2017-09-19,2017-12-16,492.0,0.9235444589719236,492.0,88.0,88.0,2017-09,2017-12
B944EMXZ,11.0,7,6,2,2017-09-19,2017-11-23,0.0,0.012732337326028286,0.0,65.0,65.0,2017-09,2017-11
DOY7VMYB,76.0,7,6,2,2017-09-19,2017-11-10,0.0,0.019554921626786282,0.0,52.0,52.0,2017-09,2017-11
QXWLE549,30.0,7,1,4,2017-09-19,2017-11-17,574.0,0.9773491352058644,574.0,59.0,59.0,2017-09,2017-11
V1SX6HOD,,34,6,1,2017-09-19,,0.0,0.016879124054922347,0.0,103.0,,2017-09,
R0R0V2O5,24.0,34,2,4,2017-09-19,2017-12-09,4709.0,1.0,4709.0,81.0,81.0,2017-09,2017-12
D3O1PCMO,12.0,9,4,4,2017-09-19,2017-12-04,3079.0,0.999999999793709,3079.0,76.0,76.0,2017-09,2017-12
G53492IF,48.0,21,2,4,2017-09-19,2017-09-24,4369.0,0.9999999999999982,4369.0,5.0,5.0,2017-09,2017-09
WVKBXWA9,,14,4,1,2017-09-19,,0.0,0.005211254771904379,0.0,103.0,,2017-09,
KUH39HQ7,57.0,3,3,2,2017-09-19,2017-09-22,0.0,0.6630261003985249,0.0,3.0,3.0,2017-09,2017-09
RW6QS352,67.0,3,5,4,2017-09-19,2017-12-31,6000.0,1.0,6000.0,103.0,103.0,2017-09,2017-12
1374WYJG,42.0,12,4,4,2017-09-19,2017-12-31,3248.0,0.9999999999557361,3248.0,103.0,103.0,2017-09,2017-12
1T8R8X79,50.0,33,4,4,2017-09-19,2017-11-19,4249.0,0.9999999999999922,4249.0,61.0,61.0,2017-09,2017-11
PSMWYTMB,72.0,22,4,1,2017-09-20,,0.0,0.006004880348305567,0.0,102.0,,2017-09,
0ZXS3AIR,2.0,22,1,4,2017-09-20,2017-12-26,563.0,0.955784195010271,563.0,97.0,97.0,2017-09,2017-12
SBTVPORC,27.0,13,2,4,2017-09-20,2017-09-29,5037.0,1.0,5037.0,9.0,9.0,2017-09,2017-09
XZKZYO55,42.0,18,2,4,2017-09-20,2017-12-16,4865.0,1.0,4865.0,87.0,87.0,2017-09,2017-12
AMCOSQZC,76.0,10,2,4,2017-09-20,2017-12-18,5192.0,1.0,5192.0,89.0,89.0,2017-09,2017-12
6C2CJX31,42.0,20,6,2,2017-09-20,2017-12-23,0.0,0.009407751679178126,0.0,94.0,94.0,2017-09,2017-12
NRK892VX,,28,5,1,2017-09-20,,0.0,0.007533886266550539,0.0,102.0,,2017-09,
5F1RM2YM,,28,3,1,2017-09-20,,0.0,0.6388368794039669,0.0,102.0,,2017-09,
VQQR3OUI,17.0,28,3,4,2017-09-20,2017-12-31,41.0,0.6913472417034269,41.0,102.0,102.0,2017-09,2017-12
UWYFOEMO,14.0,26,3,4,2017-09-20,2017-09-26,59.0,0.8163005468249594,59.0,6.0,6.0,2017-09,2017-09
ZXNHUYCM,32.0,30,5,2,2017-09-20,2017-10-01,0.0,0.0072782932483165695,0.0,11.0,11.0,2017-09,2017-10
KHG4UMKP,6.0,30,3,4,2017-09-20,2017-11-24,58.0,0.7117760457898249,58.0,65.0,65.0,2017-09,2017-11
5R7N3RKQ,59.0,6,2,4,2017-09-20,2017-09-30,4361.0,0.9999999999999984,4361.0,10.0,10.0,2017-09,2017-09
197EQMY8,,32,2,1,2017-09-20,,0.0,0.007305914155665568,0.0,102.0,,2017-09,
TEM0I59X,47.0,32,5,4,2017-09-20,2017-12-09,4906.0,1.0,4906.0,80.0,80.0,2017-09,2017-12
1WPZ1MCO,32.0,27,1,4,2017-09-20,2017-09-29,587.0,0.952403382718516,587.0,9.0,9.0,2017-09,2017-09
1AQKM7VU,79.0,27,2,4,2017-09-20,2017-11-24,4487.0,0.9999999999999991,4487.0,65.0,65.0,2017-09,2017-11
VTVYSUZG,9.0,5,4,4,2017-09-20,2017-12-28,3627.0,0.9999999999987927,3627.0,99.0,99.0,2017-09,2017-12
61IKUAZI,14.0,25,6,1,2017-09-20,,0.0,0.02688622882484575,0.0,102.0,,2017-09,
6ZSAKAHX,54.0,25,6,4,2017-09-20,2017-12-22,920.0,0.9727900042369173,920.0,93.0,93.0,2017-09,2017-12
D9MZMDOL,85.0,24,3,1,2017-09-20,,0.0,0.4816633048396448,0.0,102.0,,2017-09,
2FM8HJDM,,24,4,1,2017-09-20,,0.0,0.005528471151587533,0.0,102.0,,2017-09,
7TIWLFZD,31.0,24,1,4,2017-09-20,2017-10-01,552.0,0.9253059432231078,552.0,11.0,11.0,2017-09,2017-10
HXRF96S3,46.0,24,3,4,2017-09-20,2017-12-15,54.0,0.7063849068308982,54.0,86.0,86.0,2017-09,2017-12
WTEAOER0,8.0,12,1,4,2017-09-20,2017-12-14,472.0,0.939158252512667,472.0,85.0,85.0,2017-09,2017-12
T8LSQO2S,78.0,16,5,2,2017-09-20,2017-11-24,0.0,0.005265522542817688,0.0,65.0,65.0,2017-09,2017-11
4R4QF0ZU,,33,2,1,2017-09-20,,0.0,0.004685759493366138,0.0,102.0,,2017-09,
ABMOVF1A,72.0,1,3,4,2017-09-21,2017-09-30,66.0,0.7067413783361046,66.0,9.0,9.0,2017-09,2017-09
Q2GK9IT2,80.0,22,2,2,2017-09-21,2017-12-02,0.0,0.007131224748169299,0.0,72.0,72.0,2017-09,2017-12
J0WKJLR6,48.0,19,6,4,2017-09-21,2017-11-21,1039.0,0.9935437234806822,1039.0,61.0,61.0,2017-09,2017-11
B1D3HP8V,56.0,13,6,2,2017-09-21,2017-11-22,0.0,0.017684438723490948,0.0,62.0,62.0,2017-09,2017-11
QHP95ULI,42.0,13,2,2,2017-09-21,2017-09-25,0.0,0.00331736498042236,0.0,4.0,4.0,2017-09,2017-09
OAMR9KPA,7.0,13,1,4,2017-09-21,2017-12-21,550.0,0.9495433469089988,550.0,91.0,91.0,2017-09,2017-12
IDKBZCAF,,18,2,1,2017-09-21,,0.0,0.005656798559752912,0.0,101.0,,2017-09,
0GRGY09E,57.0,10,2,2,2017-09-21,2017-11-25,0.0,0.006934427416461413,0.0,65.0,65.0,2017-09,2017-11
MP9PICCD,73.0,10,2,4,2017-09-21,2017-12-30,4570.0,0.9999999999999998,4570.0,100.0,100.0,2017-09,2017-12
F34QYKQJ,2.0,20,2,2,2017-09-21,2017-11-30,0.0,0.0029979283806624278,0.0,70.0,70.0,2017-09,2017-11
DHJ8KOUV,12.0,8,5,4,2017-09-21,2017-12-05,5138.0,1.0,5138.0,75.0,75.0,2017-09,2017-12
JYNYK957,46.0,30,4,4,2017-09-21,2017-12-02,3063.0,0.999999999762881,3063.0,72.0,72.0,2017-09,2017-12
NOLWR5EX,70.0,32,6,2,2017-09-21,2017-10-02,0.0,0.01296786881197416,0.0,11.0,11.0,2017-09,2017-10
BUHR2X8U,33.0,31,1,4,2017-09-21,2017-12-30,613.0,0.9736633576517586,613.0,100.0,100.0,2017-09,2017-12
4OPFJFRO,54.0,31,2,4,2017-09-21,2017-11-14,4808.0,1.0,4808.0,54.0,54.0,2017-09,2017-11
MLV2QDU6,12.0,4,5,4,2017-09-21,2017-11-26,5160.0,1.0,5160.0,66.0,66.0,2017-09,2017-11
V7T9ZP6C,41.0,27,1,4,2017-09-21,2017-10-01,566.0,0.9065021083926503,566.0,10.0,10.0,2017-09,2017-10
WYS1XI44,76.0,7,3,4,2017-09-21,2017-09-27,68.0,0.7602606430016631,68.0,6.0,6.0,2017-09,2017-09
C3HN12Z8,42.0,34,1,2,2017-09-21,2017-10-03,0.0,0.07211530762648964,0.0,12.0,12.0,2017-09,2017-10
YCQXHVMZ,71.0,21,2,4,2017-09-21,2017-12-22,5600.0,1.0,5600.0,92.0,92.0,2017-09,2017-12
4PLSG7A3,15.0,3,3,4,2017-09-21,2017-12-12,61.0,0.7320506871690535,61.0,82.0,82.0,2017-09,2017-12
ZD772DU8,34.0,24,3,2,2017-09-21,2017-12-03,0.0,0.5464315476424645,0.0,73.0,73.0,2017-09,2017-12
2KVQ5Z4M,78.0,16,4,2,2017-09-21,2017-11-29,0.0,0.003802329586856081,0.0,69.0,69.0,2017-09,2017-11
U6LLSWEN,56.0,19,6,2,2017-09-22,2017-11-27,0.0,0.015963839887826677,0.0,66.0,66.0,2017-09,2017-11
RVQTWBKE,20.0,19,5,2,2017-09-22,2017-11-24,0.0,0.0042184646949005,0.0,63.0,63.0,2017-09,2017-11
BWPBMVQH,84.0,13,1,2,2017-09-22,2017-11-29,0.0,0.17123166117605668,0.0,68.0,68.0,2017-09,2017-11
LFI3BGEE,,18,5,1,2017-09-22,,0.0,0.0073195873694899645,0.0,100.0,,2017-09,
YPSXMDRH,71.0,18,2,4,2017-09-22,2017-12-23,4976.0,1.0,4976.0,92.0,92.0,2017-09,2017-12
Q46QSEGT,30.0,10,2,2,2017-09-22,2017-10-03,0.0,0.005564996459858937,0.0,11.0,11.0,2017-09,2017-10
DT0ZJ9Z2,38.0,10,2,4,2017-09-22,2017-12-24,4991.0,1.0,4991.0,93.0,93.0,2017-09,2017-12
55ZNV61S,5.0,20,1,2,2017-09-22,2017-10-04,0.0,0.07361643531770486,0.0,12.0,12.0,2017-09,2017-10
6PQS93V2,75.0,20,2,4,2017-09-22,2017-10-04,5868.0,1.0,5868.0,12.0,12.0,2017-09,2017-10
1LHU0876,46.0,28,4,1,2017-09-22,,0.0,0.005367202775850914,0.0,100.0,,2017-09,
V929BUUS,39.0,8,6,2,2017-09-22,2017-12-21,0.0,0.012306830778532736,0.0,90.0,90.0,2017-09,2017-12
LDYYOH6W,4.0,8,2,4,2017-09-22,2017-11-24,4938.0,1.0,4938.0,63.0,63.0,2017-09,2017-11
4MFY8UXP,59.0,8,4,4,2017-09-22,2017-12-14,3772.0,0.999999999999682,3772.0,83.0,83.0,2017-09,2017-12
EBJMZ5VE,10.0,30,5,4,2017-09-22,2017-10-02,5784.0,1.0,5784.0,10.0,10.0,2017-09,2017-10
CMXOTVL7,13.0,6,2,4,2017-09-22,2017-10-02,3485.0,0.9999999999944056,3485.0,10.0,10.0,2017-09,2017-10
9XF2B7RS,21.0,32,1,4,2017-09-22,2017-09-28,675.0,0.975843831257396,675.0,6.0,6.0,2017-09,2017-09
WHV85GOQ,65.0,31,1,2,2017-09-22,2017-11-28,0.0,0.1252155658775644,0.0,67.0,67.0,2017-09,2017-11
MXJAH0R5,55.0,34,3,2,2017-09-22,2017-11-28,0.0,0.47303953334385596,0.0,67.0,67.0,2017-09,2017-11
OXW7DBDT,17.0,25,6,2,2017-09-22,2017-11-02,0.0,0.009070940206959581,0.0,41.0,41.0,2017-09,2017-11
W5EGDYPK,51.0,25,3,4,2017-09-22,2017-10-01,55.0,0.6614040564898052,55.0,9.0,9.0,2017-09,2017-10
C13104YM,72.0,3,3,2,2017-09-22,2017-12-16,0.0,0.6400644451631067,0.0,85.0,85.0,2017-09,2017-12
1GA3AFTX,57.0,3,4,2,2017-09-22,2017-12-12,0.0,0.008019889265060967,0.0,81.0,81.0,2017-09,2017-12
389D515R,38.0,3,5,4,2017-09-22,2017-10-01,5775.0,1.0,5775.0,9.0,9.0,2017-09,2017-10
2751GWVC,36.0,24,1,4,2017-09-22,2017-11-18,651.0,0.976585108177881,651.0,57.0,57.0,2017-09,2017-11
0UFUDIYT,61.0,24,1,4,2017-09-22,2017-11-22,570.0,0.973247368232159,570.0,61.0,61.0,2017-09,2017-11
Y3QBGJLM,6.0,24,3,4,2017-09-22,2017-12-30,54.0,0.7158162700675479,54.0,99.0,99.0,2017-09,2017-12
O7U4I96P,61.0,24,3,4,2017-09-22,2017-09-29,47.0,0.7409476184131372,47.0,7.0,7.0,2017-09,2017-09
Q0R3ZBNT,63.0,16,3,4,2017-09-22,2017-11-08,56.0,0.7335825887297388,56.0,47.0,47.0,2017-09,2017-11
FGUWP1NF,75.0,22,6,2,2017-09-23,2017-10-05,0.0,0.011778219236570693,0.0,12.0,12.0,2017-09,2017-10
DH8R6PK5,57.0,10,2,2,2017-09-23,2017-12-12,0.0,0.007205046843937416,0.0,80.0,80.0,2017-09,2017-12
ZKFWTRRT,4.0,10,2,4,2017-09-23,2017-09-30,4422.0,0.9999999999999987,4422.0,7.0,7.0,2017-09,2017-09
941SDVVZ,36.0,10,2,4,2017-09-23,2017-10-02,5357.0,1.0,5357.0,9.0,9.0,2017-09,2017-10
ODINSHYF,4.0,8,3,2,2017-09-23,2017-10-01,0.0,0.5026539789428847,0.0,8.0,8.0,2017-09,2017-10
0TICPBMF,13.0,8,6,4,2017-09-23,2017-09-27,1047.0,0.992302605086638,1047.0,4.0,4.0,2017-09,2017-09
WANX7LM0,59.0,8,2,4,2017-09-23,2017-12-29,5013.0,1.0,5013.0,97.0,97.0,2017-09,2017-12
9F2MDA5R,24.0,26,4,4,2017-09-23,2017-09-25,3197.0,0.9999999999516169,3197.0,2.0,2.0,2017-09,2017-09
JUKJ3RAB,38.0,6,6,2,2017-09-23,2017-10-05,0.0,0.01193937337894572,0.0,12.0,12.0,2017-09,2017-10
YD3D41E0,85.0,6,6,4,2017-09-23,2017-10-02,1127.0,0.993111560216833,1127.0,9.0,9.0,2017-09,2017-10
K2NPVZL8,,32,1,1,2017-09-23,,0.0,0.16915963554694885,0.0,99.0,,2017-09,
7FLPKZN7,42.0,32,2,1,2017-09-23,,0.0,0.006107943520418026,0.0,99.0,,2017-09,
RX8711KI,54.0,32,1,4,2017-09-23,2017-12-24,468.0,0.8989410114100249,468.0,92.0,92.0,2017-09,2017-12
F3BJAMUL,58.0,32,3,4,2017-09-23,2017-11-19,55.0,0.8031083655558903,55.0,57.0,57.0,2017-09,2017-11
HZS2YVRN,24.0,31,3,4,2017-09-23,2017-10-01,57.0,0.7371341896662871,57.0,8.0,8.0,2017-09,2017-10
W3B077GY,85.0,4,3,2,2017-09-23,2017-11-07,0.0,0.2953221804307265,0.0,45.0,45.0,2017-09,2017-11
MGR0TSPK,57.0,4,6,4,2017-09-23,2017-11-27,946.0,0.9858469790523096,946.0,65.0,65.0,2017-09,2017-11
TEF07JM6,77.0,27,1,2,2017-09-23,2017-10-02,0.0,0.03832546407559978,0.0,9.0,9.0,2017-09,2017-10
N8SVXI48,83.0,34,1,2,2017-09-23,2017-11-14,0.0,0.12388663713995539,0.0,52.0,52.0,2017-09,2017-11
VG1WQW88,31.0,34,3,2,2017-09-23,2017-11-06,0.0,0.5047088038935089,0.0,44.0,44.0,2017-09,2017-11
MEKVHSCB,19.0,5,3,2,2017-09-23,2017-11-27,0.0,0.6626778052788997,0.0,65.0,65.0,2017-09,2017-11
PBJ62FC3,48.0,14,2,2,2017-09-23,2017-10-05,0.0,0.003310088551927365,0.0,12.0,12.0,2017-09,2017-10
3Q15OHQB,,24,4,1,2017-09-23,,0.0,0.005433803258024558,0.0,99.0,,2017-09,
O04P1WN6,36.0,24,2,4,2017-09-23,2017-12-17,4415.0,0.9999999999999989,4415.0,85.0,85.0,2017-09,2017-12
600FP406,5.0,12,3,4,2017-09-23,2017-10-02,60.0,0.6822813306206714,60.0,9.0,9.0,2017-09,2017-10
2EFTTOAV,33.0,33,5,4,2017-09-23,2017-10-01,5865.0,1.0,5865.0,8.0,8.0,2017-09,2017-10
DDXFIBEY,73.0,1,5,2,2017-09-24,2017-11-23,0.0,0.00813494860488848,0.0,60.0,60.0,2017-09,2017-11
5BRWXIU3,11.0,1,3,2,2017-09-24,2017-11-27,0.0,0.5607287271706509,0.0,64.0,64.0,2017-09,2017-11
WN9ZY701,42.0,22,6,2,2017-09-24,2017-12-14,0.0,0.012579898669365258,0.0,81.0,81.0,2017-09,2017-12
DA8D04ED,29.0,2,4,2,2017-09-24,2017-10-04,0.0,0.002502824662575818,0.0,10.0,10.0,2017-09,2017-10
WLQC2XK4,60.0,2,3,4,2017-09-24,2017-10-02,54.0,0.749289137635973,54.0,8.0,8.0,2017-09,2017-10
A4CVM3PM,53.0,13,2,4,2017-09-24,2017-12-27,5069.0,1.0,5069.0,94.0,94.0,2017-09,2017-12
CNLE5EJ2,44.0,18,5,4,2017-09-24,2017-10-05,5378.0,1.0,5378.0,11.0,11.0,2017-09,2017-10
D3HUUVPL,49.0,18,2,4,2017-09-24,2017-12-04,5255.0,1.0,5255.0,71.0,71.0,2017-09,2017-12
2UNDAQZ2,16.0,10,6,2,2017-09-24,2017-10-04,0.0,0.010478628770963786,0.0,10.0,10.0,2017-09,2017-10
R2E45IQ8,13.0,10,5,4,2017-09-24,2017-10-03,5144.0,1.0,5144.0,9.0,9.0,2017-09,2017-10
UX0H8B3W,20.0,20,5,2,2017-09-24,2017-11-16,0.0,0.0029829827882432497,0.0,53.0,53.0,2017-09,2017-11
VM0A3057,55.0,30,5,4,2017-09-24,2017-10-03,5527.0,1.0,5527.0,9.0,9.0,2017-09,2017-10
DX9CCI9C,50.0,31,4,2,2017-09-24,2017-12-19,0.0,0.004443033056272687,0.0,86.0,86.0,2017-09,2017-12
8SE1W979,36.0,4,1,2,2017-09-24,2017-10-02,0.0,0.06111333114832291,0.0,8.0,8.0,2017-09,2017-10
L6AOARQ9,15.0,4,1,4,2017-09-24,2017-12-21,452.0,0.8318068996580056,452.0,88.0,88.0,2017-09,2017-12
I83GQQHA,42.0,27,4,2,2017-09-24,2017-10-05,0.0,0.0018030498736606492,0.0,11.0,11.0,2017-09,2017-10
10984DDU,72.0,5,5,4,2017-09-24,2017-12-28,7300.0,1.0,7300.0,95.0,95.0,2017-09,2017-12
JQVW0KJV,28.0,3,3,2,2017-09-24,2017-11-09,0.0,0.5110319725203946,0.0,46.0,46.0,2017-09,2017-11
UWZHNMR4,6.0,24,5,4,2017-09-24,2017-11-26,5196.0,1.0,5196.0,63.0,63.0,2017-09,2017-11
TRET6F45,22.0,24,5,4,2017-09-24,2017-12-26,5624.0,1.0,5624.0,93.0,93.0,2017-09,2017-12
8DDC9RLE,41.0,24,4,4,2017-09-24,2017-12-15,4110.0,0.9999999999999778,4110.0,82.0,82.0,2017-09,2017-12
TFGYLK6C,38.0,1,1,2,2017-09-25,2017-10-04,0.0,0.11041700194784321,0.0,9.0,9.0,2017-09,2017-10
4YXXI2OI,11.0,1,3,4,2017-09-25,2017-12-18,53.0,0.6875091984983354,53.0,84.0,84.0,2017-09,2017-12
3C7A75LH,48.0,19,2,4,2017-09-25,2017-09-27,5727.0,1.0,5727.0,2.0,2.0,2017-09,2017-09
02LUGFJS,56.0,19,2,4,2017-09-25,2017-09-28,4308.0,0.9999999999999964,4308.0,3.0,3.0,2017-09,2017-09
KPF0GREK,56.0,19,4,4,2017-09-25,2017-12-09,3329.0,0.9999999999805149,3329.0,75.0,75.0,2017-09,2017-12
HEG2JK9Y,43.0,18,6,2,2017-09-25,2017-10-03,0.0,0.007132435336353408,0.0,8.0,8.0,2017-09,2017-10
1ZCAL93A,36.0,10,5,2,2017-09-25,2017-10-04,0.0,0.004473591796337487,0.0,9.0,9.0,2017-09,2017-10
5NW6HK74,17.0,28,3,2,2017-09-25,2017-10-04,0.0,0.4989240562613052,0.0,9.0,9.0,2017-09,2017-10
EJVD09HQ,2.0,30,3,1,2017-09-25,,0.0,0.6318054325304768,0.0,97.0,,2017-09,
7WFASDCZ,30.0,6,1,2,2017-09-25,2017-10-03,0.0,0.14531486873012708,0.0,8.0,8.0,2017-09,2017-10
7XNX75LI,19.0,6,5,2,2017-09-25,2017-12-08,0.0,0.010187342339786618,0.0,74.0,74.0,2017-09,2017-12
RAUWH0GP,46.0,32,5,4,2017-09-25,2017-11-27,6105.0,1.0,6105.0,63.0,63.0,2017-09,2017-11
I86I0TJG,77.0,31,1,4,2017-09-25,2017-11-13,549.0,0.9064722867716458,549.0,49.0,49.0,2017-09,2017-11
TFW3KAYZ,17.0,31,2,4,2017-09-25,2017-11-12,4828.0,1.0,4828.0,48.0,48.0,2017-09,2017-11
9NH8ACMQ,19.0,7,6,2,2017-09-25,2017-10-04,0.0,0.01970554109792853,0.0,9.0,9.0,2017-09,2017-10
86KARIC1,79.0,34,1,2,2017-09-25,2017-10-03,0.0,0.0874206739439046,0.0,8.0,8.0,2017-09,2017-10
N2SLAOZR,23.0,5,1,2,2017-09-25,2017-10-04,0.0,0.07032628298646676,0.0,9.0,9.0,2017-09,2017-10
02TUKBP3,85.0,5,3,2,2017-09-25,2017-11-30,0.0,0.3877901389322016,0.0,66.0,66.0,2017-09,2017-11
KU0YOR3J,85.0,9,6,4,2017-09-25,2017-10-04,1189.0,0.9940272427299129,1189.0,9.0,9.0,2017-09,2017-10
BRGJCWO1,36.0,9,3,4,2017-09-25,2017-11-28,51.0,0.6116912660821496,51.0,64.0,64.0,2017-09,2017-11
IEIZU3TY,49.0,21,6,2,2017-09-25,2017-12-24,0.0,0.021103134922349356,0.0,90.0,90.0,2017-09,2017-12
P8QXRXMR,,25,2,1,2017-09-25,,0.0,0.004612609008320663,0.0,97.0,,2017-09,
35KZ6QTP,77.0,25,4,2,2017-09-25,2017-10-03,0.0,0.0014968871947314381,0.0,8.0,8.0,2017-09,2017-10
V5ZP09PO,19.0,3,6,2,2017-09-25,2017-10-03,0.0,0.019001321508719388,0.0,8.0,8.0,2017-09,2017-10
VKB9RFJT,12.0,3,3,4,2017-09-25,2017-11-20,55.0,0.7915404944602826,55.0,56.0,56.0,2017-09,2017-11
Y9HHGGOQ,15.0,3,3,4,2017-09-25,2017-10-04,53.0,0.6472627277305238,53.0,9.0,9.0,2017-09,2017-10
H3AEZ2BZ,55.0,24,3,2,2017-09-25,2017-10-05,0.0,0.4165416986062132,0.0,10.0,10.0,2017-09,2017-10
LUXAXNBV,18.0,16,5,4,2017-09-25,2017-12-09,5960.0,1.0,5960.0,75.0,75.0,2017-09,2017-12
0XBMBVFP,34.0,33,4,4,2017-09-25,2017-10-04,3438.0,0.9999999999829337,3438.0,9.0,9.0,2017-09,2017-10
8KIMVD15,9.0,1,3,2,2017-09-26,2017-10-06,0.0,0.6189328553810161,0.0,10.0,10.0,2017-09,2017-10
Q06QD8ZW,29.0,1,3,4,2017-09-26,2017-11-03,54.0,0.6248622513034365,54.0,38.0,38.0,2017-09,2017-11
0SD3OBQI,44.0,22,6,2,2017-09-26,2017-11-06,0.0,0.01543122263684634,0.0,41.0,41.0,2017-09,2017-11
YKZFQT7K,43.0,19,1,2,2017-09-26,2017-10-05,0.0,0.06780195420359299,0.0,9.0,9.0,2017-09,2017-10
I25J5M7W,40.0,19,4,2,2017-09-26,2017-09-28,0.0,0.003906339888162137,0.0,2.0,2.0,2017-09,2017-09
B2Z4BB5U,72.0,2,5,2,2017-09-26,2017-10-06,0.0,0.004942570634763639,0.0,10.0,10.0,2017-09,2017-10
87ZXBDQS,39.0,2,3,2,2017-09-26,2017-10-07,0.0,0.5247703133232932,0.0,11.0,11.0,2017-09,2017-10
3LYVAV6P,67.0,2,3,4,2017-09-26,2017-10-03,55.0,0.5452866082195117,55.0,7.0,7.0,2017-09,2017-10
G7QIQDSA,,13,2,1,2017-09-26,,0.0,0.006628444261548649,0.0,96.0,,2017-09,
7I2O2ZCR,78.0,13,6,2,2017-09-26,2017-11-19,0.0,0.011111050660721903,0.0,54.0,54.0,2017-09,2017-11
SUX7JFN7,44.0,18,6,2,2017-09-26,2017-11-19,0.0,0.01447348843432275,0.0,54.0,54.0,2017-09,2017-11
5DL7R4C3,36.0,10,2,2,2017-09-26,2017-10-03,0.0,0.0033957918775144916,0.0,7.0,7.0,2017-09,2017-10
61ON3Y6O,68.0,10,3,2,2017-09-26,2017-10-02,0.0,0.5622254217500576,0.0,6.0,6.0,2017-09,2017-10
HOEKIDDI,26.0,20,2,2,2017-09-26,2017-11-13,0.0,0.002027772612086896,0.0,48.0,48.0,2017-09,2017-11
10YLM9VF,65.0,28,2,2,2017-09-26,2017-10-09,0.0,0.0037992777446006864,0.0,13.0,13.0,2017-09,2017-10
LN0DF2XI,65.0,28,3,4,2017-09-26,2017-11-27,48.0,0.6930455784945369,48.0,62.0,62.0,2017-09,2017-11
ZNE0DAIF,36.0,26,6,2,2017-09-26,2017-11-24,0.0,0.01593880985803433,0.0,59.0,59.0,2017-09,2017-11
DTCHPCBB,24.0,26,4,4,2017-09-26,2017-12-14,3553.0,0.9999999999985449,3553.0,79.0,79.0,2017-09,2017-12
YID2GAED,77.0,30,5,2,2017-09-26,2017-10-04,0.0,0.0029536077495528595,0.0,8.0,8.0,2017-09,2017-10
QFKL9UK2,41.0,31,2,4,2017-09-26,2017-10-05,4727.0,1.0,4727.0,9.0,9.0,2017-09,2017-10
MC3OSDV0,70.0,31,3,4,2017-09-26,2017-10-02,65.0,0.6546661481497557,65.0,6.0,6.0,2017-09,2017-10
C7DOYN5Y,57.0,4,1,4,2017-09-26,2017-12-25,585.0,0.9657717202751014,585.0,90.0,90.0,2017-09,2017-12
JXUSPNPV,,27,6,1,2017-09-26,,0.0,0.011673705619619496,0.0,96.0,,2017-09,
K79T6VNV,54.0,27,3,2,2017-09-26,2017-10-03,0.0,0.34890408566144754,0.0,7.0,7.0,2017-09,2017-10
DX8R6PA4,16.0,7,6,2,2017-09-26,2017-10-03,0.0,0.012783660005292697,0.0,7.0,7.0,2017-09,2017-10
FZDD9758,9.0,7,4,2,2017-09-26,2017-10-07,0.0,0.0050444552564892645,0.0,11.0,11.0,2017-09,2017-10
0SIFT5DE,57.0,7,4,2,2017-09-26,2017-10-04,0.0,0.0059849791080421435,0.0,8.0,8.0,2017-09,2017-10
MZSCFJZS,45.0,7,5,4,2017-09-26,2017-10-07,5708.0,1.0,5708.0,11.0,11.0,2017-09,2017-10
D6X5T9D4,36.0,34,3,2,2017-09-26,2017-10-05,0.0,0.4924189982763151,0.0,9.0,9.0,2017-09,2017-10
69Z30MBF,4.0,5,1,4,2017-09-26,2017-11-15,571.0,0.9519134989851695,571.0,50.0,50.0,2017-09,2017-11
SH0BSL0Z,62.0,5,1,4,2017-09-26,2017-12-24,619.0,0.9668298535947357,619.0,89.0,89.0,2017-09,2017-12
Q5E0NILP,20.0,21,4,4,2017-09-26,2017-10-03,2984.0,0.99999999931183,2984.0,7.0,7.0,2017-09,2017-10
RFTDQJ0U,5.0,14,1,4,2017-09-26,2017-10-01,558.0,0.9350802085286081,558.0,5.0,5.0,2017-09,2017-10
76NU9866,12.0,14,3,4,2017-09-26,2017-12-02,57.0,0.7486702382545142,57.0,67.0,67.0,2017-09,2017-12
13O8NTOT,37.0,12,3,4,2017-09-26,2017-11-30,61.0,0.7003497908129716,61.0,65.0,65.0,2017-09,2017-11
AS3IYIRO,36.0,1,1,4,2017-09-27,2017-12-26,543.0,0.9576226691604519,543.0,90.0,90.0,2017-09,2017-12
L1WPBDZG,84.0,22,2,4,2017-09-27,2017-12-12,4125.0,0.9999999999999891,4125.0,76.0,76.0,2017-09,2017-12
QK98E62R,26.0,19,5,4,2017-09-27,2017-12-29,5301.0,1.0,5301.0,93.0,93.0,2017-09,2017-12
F9THW1PW,43.0,13,1,4,2017-09-27,2017-10-05,495.0,0.8759247077058412,495.0,8.0,8.0,2017-09,2017-10
LQJISQSD,5.0,13,6,4,2017-09-27,2017-10-05,955.0,0.9853184532508993,955.0,8.0,8.0,2017-09,2017-10
84SZ58S9,40.0,18,6,4,2017-09-27,2017-10-04,1225.0,0.9986070964377985,1225.0,7.0,7.0,2017-09,2017-10
Q5I9JWH7,59.0,10,2,2,2017-09-27,2017-10-02,0.0,0.004920997298466638,0.0,5.0,5.0,2017-09,2017-10
6BSKCQCX,13.0,10,1,4,2017-09-27,2017-12-25,608.0,0.9741036173500953,608.0,89.0,89.0,2017-09,2017-12
UKQD4DPD,76.0,10,2,4,2017-09-27,2017-11-13,4515.0,0.9999999999999996,4515.0,47.0,47.0,2017-09,2017-11
SI874ZK5,63.0,20,2,2,2017-09-27,2017-10-06,0.0,0.003006073754664949,0.0,9.0,9.0,2017-09,2017-10
6XP6FVMN,33.0,28,4,4,2017-09-27,2017-12-18,3772.0,0.9999999999995737,3772.0,82.0,82.0,2017-09,2017-12
NDMEB0VG,42.0,15,4,2,2017-09-27,2017-10-05,0.0,0.0027304924118856507,0.0,8.0,8.0,2017-09,2017-10
IGFQGZDK,4.0,8,1,4,2017-09-27,2017-12-08,540.0,0.9407311567267754,540.0,72.0,72.0,2017-09,2017-12
Y2DLFFN6,9.0,8,4,4,2017-09-27,2017-09-30,2800.0,0.9999999968303093,2800.0,3.0,3.0,2017-09,2017-09
I6UCM2J9,66.0,8,4,4,2017-09-27,2017-10-05,3250.0,0.9999999999705025,3250.0,8.0,8.0,2017-09,2017-10
PT0I4XSM,54.0,26,6,4,2017-09-27,2017-10-07,1232.0,0.998466108423845,1232.0,10.0,10.0,2017-09,2017-10
X718EF6Y,35.0,26,4,4,2017-09-27,2017-10-04,2811.0,0.9999999970161662,2811.0,7.0,7.0,2017-09,2017-10
FSYTM6YE,,30,2,1,2017-09-27,,0.0,0.006336894113100221,0.0,95.0,,2017-09,
VUAFV8SS,47.0,30,6,4,2017-09-27,2017-12-07,1178.0,0.9977315499039672,1178.0,71.0,71.0,2017-09,2017-12
SXPV3WCV,73.0,6,2,4,2017-09-27,2017-12-22,4869.0,1.0,4869.0,86.0,86.0,2017-09,2017-12
9PH1EWCH,10.0,32,4,2,2017-09-27,2017-12-03,0.0,0.0059688694293702944,0.0,67.0,67.0,2017-09,2017-12
THPCTGNI,38.0,4,5,2,2017-09-27,2017-10-02,0.0,0.003116575370982446,0.0,5.0,5.0,2017-09,2017-10
XR4PPDOB,12.0,4,1,4,2017-09-27,2017-12-18,507.0,0.9271716716202938,507.0,82.0,82.0,2017-09,2017-12
EK06CNRW,4.0,4,4,4,2017-09-27,2017-10-06,3681.0,0.9999999999982392,3681.0,9.0,9.0,2017-09,2017-10
Q25T8PKX,17.0,27,6,2,2017-09-27,2017-10-01,0.0,0.006643120942816853,0.0,4.0,4.0,2017-09,2017-10
V86S5LWV,19.0,7,6,2,2017-09-27,2017-10-02,0.0,0.019263165945714197,0.0,5.0,5.0,2017-09,2017-10
K8Y7CK9T,73.0,7,5,4,2017-09-27,2017-10-05,5280.0,1.0,5280.0,8.0,8.0,2017-09,2017-10
1LY8CAXD,2.0,25,7,1,2017-09-27,,0.0,0.01746369944609146,0.0,95.0,,2017-09,
ADS3CQ4B,24.0,25,3,4,2017-09-27,2017-11-27,50.0,0.731819373835115,50.0,61.0,61.0,2017-09,2017-11
9UBU6UW4,28.0,3,3,4,2017-09-27,2017-09-29,59.0,0.6027272786627453,59.0,2.0,2.0,2017-09,2017-09
ZP9HW0LH,42.0,24,4,4,2017-09-27,2017-10-03,3794.0,0.9999999999994214,3794.0,6.0,6.0,2017-09,2017-10
WV41OJHX,26.0,16,4,4,2017-09-27,2017-10-03,3786.0,0.9999999999993168,3786.0,6.0,6.0,2017-09,2017-10
FTUJY4FP,12.0,19,6,2,2017-09-28,2017-10-07,0.0,0.014526842068830058,0.0,9.0,9.0,2017-09,2017-10
ORBIW519,56.0,20,4,2,2017-09-28,2017-12-19,0.0,0.003905712293977956,0.0,82.0,82.0,2017-09,2017-12
369V78M2,49.0,20,2,4,2017-09-28,2017-10-07,5553.0,1.0,5553.0,9.0,9.0,2017-09,2017-10
792JYPG1,44.0,20,4,4,2017-09-28,2017-10-08,3557.0,0.9999999999957083,3557.0,10.0,10.0,2017-09,2017-10
Y6Q7Z0SO,33.0,28,3,4,2017-09-28,2017-10-08,63.0,0.6438919965233912,63.0,10.0,10.0,2017-09,2017-10
9IM813OI,13.0,8,1,2,2017-09-28,2017-11-11,0.0,0.10170433640469123,0.0,44.0,44.0,2017-09,2017-11
GXY3QZ2V,62.0,4,4,4,2017-09-28,2017-10-06,3704.0,0.9999999999982012,3704.0,8.0,8.0,2017-09,2017-10
SMP2K39G,,27,2,1,2017-09-28,,0.0,0.003912216079128304,0.0,94.0,,2017-09,
IVX52FRZ,30.0,7,6,2,2017-09-28,2017-11-03,0.0,0.022286766938224314,0.0,36.0,36.0,2017-09,2017-11
2CN1G52G,36.0,7,4,2,2017-09-28,2017-10-03,0.0,0.0038344037594114505,0.0,5.0,5.0,2017-09,2017-10
OR0PEAIV,59.0,7,6,4,2017-09-28,2017-11-30,1133.0,0.9984694495484973,1133.0,63.0,63.0,2017-09,2017-11
EGOU8GB1,44.0,34,6,4,2017-09-28,2017-12-09,1292.0,0.9994267571230377,1292.0,72.0,72.0,2017-09,2017-12
IIKN6Q8E,55.0,25,4,4,2017-09-28,2017-12-04,3278.0,0.9999999999277958,3278.0,67.0,67.0,2017-09,2017-12
VTX8GPN8,11.0,3,3,4,2017-09-28,2017-10-05,55.0,0.6111271829808096,55.0,7.0,7.0,2017-09,2017-10
DVGY4X7E,24.0,24,1,4,2017-09-28,2017-12-23,498.0,0.9521510364626301,498.0,86.0,86.0,2017-09,2017-12
W9LAIASV,70.0,24,3,4,2017-09-28,2017-12-30,55.0,0.7255263794329229,55.0,93.0,93.0,2017-09,2017-12
9JTFD4FZ,,16,5,1,2017-09-28,,0.0,0.008593088975685514,0.0,94.0,,2017-09,
1JFYPP8R,10.0,33,1,4,2017-09-28,2017-10-05,571.0,0.9397694117741512,571.0,7.0,7.0,2017-09,2017-10
C51GWGUE,,18,6,1,2017-09-29,,0.0,0.01588984611806898,0.0,93.0,,2017-09,
A62JDGQK,8.0,18,2,4,2017-09-29,2017-10-05,4942.0,1.0,4942.0,6.0,6.0,2017-09,2017-10
K25Z2KKH,68.0,10,6,2,2017-09-29,2017-10-05,0.0,0.012412245996008273,0.0,6.0,6.0,2017-09,2017-10
U3F5X6BB,5.0,20,3,2,2017-09-29,2017-12-07,0.0,0.5199257940974836,0.0,69.0,69.0,2017-09,2017-12
VJD27D8U,64.0,28,2,4,2017-09-29,2017-10-01,5340.0,1.0,5340.0,2.0,2.0,2017-09,2017-10
9TMPRT6R,75.0,15,1,2,2017-09-29,2017-10-03,0.0,0.09406980076195567,0.0,4.0,4.0,2017-09,2017-10
CE81S7UN,84.0,15,4,2,2017-09-29,2017-10-08,0.0,0.004596457764907064,0.0,9.0,9.0,2017-09,2017-10
LEPH90QI,39.0,8,5,4,2017-09-29,2017-10-09,5689.0,1.0,5689.0,10.0,10.0,2017-09,2017-10
X1QNN2DG,58.0,30,1,2,2017-09-29,2017-10-08,0.0,0.14183524634546008,0.0,9.0,9.0,2017-09,2017-10
J8G6HTCM,47.0,30,3,2,2017-09-29,2017-10-11,0.0,0.4672627665615764,0.0,12.0,12.0,2017-09,2017-10
94P229FH,19.0,4,3,4,2017-09-29,2017-12-30,52.0,0.7230544479814426,52.0,92.0,92.0,2017-09,2017-12
Q6F9JWTY,57.0,4,4,4,2017-09-29,2017-12-10,3131.0,0.9999999998644002,3131.0,72.0,72.0,2017-09,2017-12
75JW1GRR,44.0,27,6,2,2017-09-29,2017-10-09,0.0,0.008515799843419951,0.0,10.0,10.0,2017-09,2017-10
P7X2J5DO,64.0,27,5,2,2017-09-29,2017-10-06,0.0,0.0038095150109158553,0.0,7.0,7.0,2017-09,2017-10
LKBDKJLM,6.0,27,3,2,2017-09-29,2017-11-27,0.0,0.4671699749632444,0.0,59.0,59.0,2017-09,2017-11
9OT0018Y,32.0,27,4,2,2017-09-29,2017-10-10,0.0,0.003189554296384771,0.0,11.0,11.0,2017-09,2017-10
I6RH33SU,72.0,7,4,4,2017-09-29,2017-10-05,3957.0,0.999999999999911,3957.0,6.0,6.0,2017-09,2017-10
STCU1IXE,73.0,9,1,4,2017-09-29,2017-12-30,523.0,0.9307752773886746,523.0,92.0,92.0,2017-09,2017-12
E3CR358L,73.0,9,6,4,2017-09-29,2017-12-21,1156.0,0.9975127352598415,1156.0,83.0,83.0,2017-09,2017-12
BTOD096J,8.0,21,2,2,2017-09-29,2017-10-06,0.0,0.006893150091227494,0.0,7.0,7.0,2017-09,2017-10
1B2WYHTY,54.0,25,4,4,2017-09-29,2017-11-30,3509.0,0.9999999999921143,3509.0,62.0,62.0,2017-09,2017-11
NS6JLCZ2,,14,2,1,2017-09-29,,0.0,0.005353875264297374,0.0,93.0,,2017-09,
LB5622YN,36.0,3,3,2,2017-09-29,2017-10-08,0.0,0.5580446671987983,0.0,9.0,9.0,2017-09,2017-10
HIX9V4W1,19.0,3,4,2,2017-09-29,2017-10-03,0.0,0.005813556923231687,0.0,4.0,4.0,2017-09,2017-10
LZ3B174J,,24,3,1,2017-09-29,,0.0,0.635733132735453,0.0,93.0,,2017-09,
XQ6FMG3L,47.0,24,1,2,2017-09-29,2017-10-06,0.0,0.06713148451852223,0.0,7.0,7.0,2017-09,2017-10
W40IER4O,65.0,24,3,4,2017-09-29,2017-12-08,59.0,0.7211308617127701,59.0,70.0,70.0,2017-09,2017-12
88PIK8A6,43.0,12,3,2,2017-09-29,2017-10-08,0.0,0.4658903068335169,0.0,9.0,9.0,2017-09,2017-10
6K31TYOR,41.0,33,1,4,2017-09-29,2017-10-05,502.0,0.8590634184666477,502.0,6.0,6.0,2017-09,2017-10
H29XGJ5H,57.0,1,1,2,2017-09-30,2017-12-04,0.0,0.1850329813767959,0.0,65.0,65.0,2017-09,2017-12
FSBZ3KOY,72.0,1,5,2,2017-09-30,2017-10-01,0.0,0.005168795512797049,0.0,1.0,1.0,2017-09,2017-10
T4SSD24J,63.0,22,1,4,2017-09-30,2017-12-05,541.0,0.9527370992320369,541.0,66.0,66.0,2017-09,2017-12
ZDB6D35R,52.0,19,5,4,2017-09-30,2017-12-19,5026.0,1.0,5026.0,80.0,80.0,2017-09,2017-12
8RVTZBQO,19.0,2,4,4,2017-09-30,2017-10-10,3148.0,0.9999999999095275,3148.0,10.0,10.0,2017-09,2017-10
CMM4A6NJ,39.0,10,6,2,2017-09-30,2017-10-06,0.0,0.009452912878289067,0.0,6.0,6.0,2017-09,2017-10
7PMUB7T4,4.0,10,2,2,2017-09-30,2017-10-12,0.0,0.003835994205583218,0.0,12.0,12.0,2017-09,2017-10
KTHAX2XV,39.0,10,2,2,2017-09-30,2017-10-05,0.0,0.003181541505009197,0.0,5.0,5.0,2017-09,2017-10
IHOTG9ZQ,60.0,10,4,4,2017-09-30,2017-10-09,3006.0,0.9999999996472311,3006.0,9.0,9.0,2017-09,2017-10
O2BF1KAT,49.0,15,3,2,2017-09-30,2017-12-19,0.0,0.6073233821374755,0.0,80.0,80.0,2017-09,2017-12
12HOWQMI,42.0,15,2,4,2017-09-30,2017-10-07,5203.0,1.0,5203.0,7.0,7.0,2017-09,2017-10
CXY4CXX1,12.0,8,3,2,2017-09-30,2017-10-07,0.0,0.5729175071079737,0.0,7.0,7.0,2017-09,2017-10
IIOVCSHC,77.0,26,4,4,2017-09-30,2017-12-10,2927.0,0.9999999988460446,2927.0,71.0,71.0,2017-09,2017-12
NX28C8EI,,30,5,1,2017-09-30,,0.0,0.008104340841036818,0.0,92.0,,2017-09,
WV2YBM8V,,31,1,1,2017-09-30,,0.0,0.13670119621843024,0.0,92.0,,2017-09,
3E09X4S2,58.0,31,1,2,2017-09-30,2017-10-08,0.0,0.12853029301100222,0.0,8.0,8.0,2017-09,2017-10
6BATTRKM,23.0,4,1,2,2017-09-30,2017-10-07,0.0,0.05291215226644611,0.0,7.0,7.0,2017-09,2017-10
GCWTH2MD,39.0,4,4,2,2017-09-30,2017-12-20,0.0,0.0027806776367095888,0.0,81.0,81.0,2017-09,2017-12
C563WHG1,3.0,4,5,4,2017-09-30,2017-10-11,6156.0,1.0,6156.0,11.0,11.0,2017-09,2017-10
D9WBSJRC,76.0,7,2,4,2017-09-30,2017-10-09,5007.0,1.0,5007.0,9.0,9.0,2017-09,2017-10
NMLTE4CS,,34,5,1,2017-09-30,,0.0,0.0070150689426275266,0.0,92.0,,2017-09,
X8P0Q1EU,61.0,34,3,4,2017-09-30,2017-12-06,59.0,0.7872987013683422,59.0,67.0,67.0,2017-09,2017-12
PBGB323I,9.0,5,1,4,2017-09-30,2017-10-07,549.0,0.939017198483335,549.0,7.0,7.0,2017-09,2017-10
V5THS9V8,39.0,9,6,4,2017-09-30,2017-11-27,1117.0,0.9951824942273747,1117.0,58.0,58.0,2017-09,2017-11
579RHB6S,66.0,3,3,4,2017-09-30,2017-10-08,57.0,0.8359662475197998,57.0,8.0,8.0,2017-09,2017-10
4SOUOUKH,73.0,24,5,1,2017-09-30,,0.0,0.008682269763877107,0.0,92.0,,2017-09,
9HWUTUXQ,47.0,24,1,2,2017-09-30,2017-10-09,0.0,0.0678602073529561,0.0,9.0,9.0,2017-09,2017-10
T58F1T8V,1.0,12,3,2,2017-09-30,2017-10-08,0.0,0.4000349722510723,0.0,8.0,8.0,2017-09,2017-10
U3UT9B1U,63.0,12,3,4,2017-09-30,2017-12-24,55.0,0.7587583034842695,55.0,85.0,85.0,2017-09,2017-12
HY7D36UC,74.0,12,3,4,2017-09-30,2017-12-22,63.0,0.6648993822379256,63.0,83.0,83.0,2017-09,2017-12
9YVTJF6C,58.0,33,6,4,2017-09-30,2017-10-08,1108.0,0.9962095576627633,1108.0,8.0,8.0,2017-09,2017-10
JGZVNKMT,79.0,33,6,4,2017-09-30,2017-12-10,944.0,0.9814727717207316,944.0,71.0,71.0,2017-09,2017-12
5B3BKUMD,23.0,1,1,2,2017-10-01,2017-10-11,0.0,0.09799918874040268,0.0,10.0,10.0,2017-10,2017-10
MGHWZSN2,71.0,22,4,2,2017-10-01,2017-10-06,0.0,0.0031047343064458054,0.0,5.0,5.0,2017-10,2017-10
EM1BA4EK,61.0,19,1,1,2017-10-01,,0.0,0.22340951722970462,0.0,91.0,,2017-10,
GWOOPZE8,10.0,19,6,1,2017-10-01,,0.0,0.021167504251600053,0.0,91.0,,2017-10,
84N2YHUB,44.0,19,1,2,2017-10-01,2017-12-01,0.0,0.13498543058424697,0.0,61.0,61.0,2017-10,2017-12
IFVL4WL5,68.0,2,5,4,2017-10-01,2017-12-10,3704.0,0.9999999999996041,3704.0,70.0,70.0,2017-10,2017-12
8EPT4HEV,44.0,13,5,2,2017-10-01,2017-10-07,0.0,0.006531896142700716,0.0,6.0,6.0,2017-10,2017-10
HZNNKQ0T,18.0,13,6,4,2017-10-01,2017-10-03,1076.0,0.9968833259814011,1076.0,2.0,2.0,2017-10,2017-10
Z6ETLZQU,49.0,13,5,4,2017-10-01,2017-12-18,5528.0,1.0,5528.0,78.0,78.0,2017-10,2017-12
GXIVJQPG,78.0,18,6,1,2017-10-01,,0.0,0.012707577869307235,0.0,91.0,,2017-10,
7MSQSYWR,37.0,18,6,2,2017-10-01,2017-10-10,0.0,0.008946774956019013,0.0,9.0,9.0,2017-10,2017-10
5VJIXV02,80.0,18,2,2,2017-10-01,2017-12-01,0.0,0.006192121092142154,0.0,61.0,61.0,2017-10,2017-12
G23RCHB6,60.0,10,2,2,2017-10-01,2017-10-08,0.0,0.005785267811054028,0.0,7.0,7.0,2017-10,2017-10
RMFG5C6C,29.0,10,2,4,2017-10-01,2017-10-09,4594.0,0.9999999999999996,4594.0,8.0,8.0,2017-10,2017-10
U2JOATN3,62.0,10,2,4,2017-10-01,2017-12-06,6166.0,1.0,6166.0,66.0,66.0,2017-10,2017-12
JGZ3F67I,43.0,20,1,2,2017-10-01,2017-10-07,0.0,0.053840519535252616,0.0,6.0,6.0,2017-10,2017-10
FHCSKQ4K,7.0,20,5,4,2017-10-01,2017-12-30,5270.0,1.0,5270.0,90.0,90.0,2017-10,2017-12
TU58PHME,69.0,15,5,2,2017-10-01,2017-11-17,0.0,0.005399313241470909,0.0,47.0,47.0,2017-10,2017-11
9ZVX7NVU,77.0,26,6,2,2017-10-01,2017-10-08,0.0,0.008212602342798993,0.0,7.0,7.0,2017-10,2017-10
I4OJHXIN,10.0,26,4,4,2017-10-01,2017-10-05,3169.0,0.999999999919039,3169.0,4.0,4.0,2017-10,2017-10
NE300YJ0,73.0,6,1,4,2017-10-01,2017-11-24,571.0,0.9656095359791336,571.0,54.0,54.0,2017-10,2017-11
TYLSS719,32.0,32,1,2,2017-10-01,2017-12-03,0.0,0.18631270397731683,0.0,63.0,63.0,2017-10,2017-12
M3SQPUB1,33.0,32,5,4,2017-10-01,2017-10-13,6304.0,1.0,6304.0,12.0,12.0,2017-10,2017-10
MG1YUTUE,1.0,27,3,1,2017-10-01,,0.0,0.4110319487117756,0.0,91.0,,2017-10,
PEIZDYXE,10.0,27,1,2,2017-10-01,2017-10-02,0.0,0.07599631344266866,0.0,1.0,1.0,2017-10,2017-10
HGG0EZ00,34.0,27,2,2,2017-10-01,2017-10-05,0.0,0.002113695639383425,0.0,4.0,4.0,2017-10,2017-10
XRRMX8K6,67.0,7,1,2,2017-10-01,2017-10-12,0.0,0.07699947118933034,0.0,11.0,11.0,2017-10,2017-10
BJLJV8XE,12.0,7,2,4,2017-10-01,2017-12-15,4578.0,0.9999999999999998,4578.0,75.0,75.0,2017-10,2017-12
AQH7ORZZ,7.0,21,3,4,2017-10-01,2017-12-18,62.0,0.7539880351718757,62.0,78.0,78.0,2017-10,2017-12
GLG1IOHT,41.0,25,3,4,2017-10-01,2017-10-08,51.0,0.5520783623523652,51.0,7.0,7.0,2017-10,2017-10
89MUGU6K,7.0,14,2,4,2017-10-01,2017-11-30,4881.0,1.0,4881.0,60.0,60.0,2017-10,2017-11
F5OETS8V,31.0,24,1,4,2017-10-01,2017-12-18,544.0,0.9425612995602554,544.0,78.0,78.0,2017-10,2017-12
CU7KT53A,32.0,24,4,4,2017-10-01,2017-12-16,2941.0,0.9999999995142466,2941.0,76.0,76.0,2017-10,2017-12
QNB3SCN9,,16,5,1,2017-10-01,,0.0,0.008560657938889845,0.0,91.0,,2017-10,
0BYU67KG,26.0,16,4,2,2017-10-01,2017-12-13,0.0,0.003333504208394004,0.0,73.0,73.0,2017-10,2017-12
SLXPTSGS,12.0,16,3,4,2017-10-01,2017-10-11,44.0,0.7327130774516539,44.0,10.0,10.0,2017-10,2017-10
FZGGKS2D,17.0,33,5,4,2017-10-01,2017-12-23,4910.0,1.0,4910.0,83.0,83.0,2017-10,2017-12
6HDTZCCM,76.0,1,5,2,2017-10-02,2017-10-14,0.0,0.0074903250591352505,0.0,12.0,12.0,2017-10,2017-10
XUEHL04Z,44.0,22,6,2,2017-10-02,2017-10-04,0.0,0.013769002041218491,0.0,2.0,2.0,2017-10,2017-10
CTZ5I5R5,5.0,19,5,4,2017-10-02,2017-12-05,5469.0,1.0,5469.0,64.0,64.0,2017-10,2017-12
988QUSNK,62.0,2,4,2,2017-10-02,2017-10-03,0.0,0.003099294373131816,0.0,1.0,1.0,2017-10,2017-10
2P0VIX4N,73.0,2,4,2,2017-10-02,2017-12-20,0.0,0.005898461548404891,0.0,79.0,79.0,2017-10,2017-12
TAPH7KQO,85.0,2,1,4,2017-10-02,2017-12-07,568.0,0.923170308258849,568.0,66.0,66.0,2017-10,2017-12
TWGFQS8L,9.0,10,6,2,2017-10-02,2017-10-12,0.0,0.01375666076704032,0.0,10.0,10.0,2017-10,2017-10
MRPSU52W,28.0,10,4,2,2017-10-02,2017-10-09,0.0,0.002328899879624447,0.0,7.0,7.0,2017-10,2017-10
UKXRWZ3P,11.0,10,5,4,2017-10-02,2017-10-04,5263.0,1.0,5263.0,2.0,2.0,2017-10,2017-10
C5XXGXUE,72.0,10,2,4,2017-10-02,2017-10-09,4201.0,0.9999999999999893,4201.0,7.0,7.0,2017-10,2017-10
2IYQ5ALK,76.0,6,1,2,2017-10-02,2017-10-07,0.0,0.12416728911128673,0.0,5.0,5.0,2017-10,2017-10
K4GL9NDX,15.0,6,6,2,2017-10-02,2017-12-17,0.0,0.01424510230477043,0.0,76.0,76.0,2017-10,2017-12
OFKWBRP7,19.0,6,6,2,2017-10-02,2017-10-10,0.0,0.018419874186508145,0.0,8.0,8.0,2017-10,2017-10
1AGL4X1J,39.0,6,6,2,2017-10-02,2017-12-18,0.0,0.01503932742312859,0.0,77.0,77.0,2017-10,2017-12
TSU40NIZ,34.0,32,2,2,2017-10-02,2017-10-04,0.0,0.003731899424245539,0.0,2.0,2.0,2017-10,2017-10
VSN0PA06,70.0,32,6,4,2017-10-02,2017-10-03,1048.0,0.9939481543665353,1048.0,1.0,1.0,2017-10,2017-10
FQODPHUL,35.0,31,1,4,2017-10-02,2017-11-04,631.0,0.9659731232968745,631.0,33.0,33.0,2017-10,2017-11
KRUY5G5I,36.0,4,4,2,2017-10-02,2017-10-13,0.0,0.0022936630473752106,0.0,11.0,11.0,2017-10,2017-10
SCYV3JPO,3.0,4,1,4,2017-10-02,2017-10-12,536.0,0.8962615047372859,536.0,10.0,10.0,2017-10,2017-10
T91ZAQRH,28.0,4,6,4,2017-10-02,2017-12-18,1127.0,0.9943483413825326,1127.0,77.0,77.0,2017-10,2017-12
R293SULP,59.0,7,6,2,2017-10-02,2017-10-04,0.0,0.018764678054457935,0.0,2.0,2.0,2017-10,2017-10
UDKH3AM0,9.0,7,3,4,2017-10-02,2017-10-09,56.0,0.7425825211931001,56.0,7.0,7.0,2017-10,2017-10
I4T9W7NQ,36.0,34,1,2,2017-10-02,2017-12-15,0.0,0.11229470684734592,0.0,74.0,74.0,2017-10,2017-12
H4ZSZQ9V,7.0,21,2,4,2017-10-02,2017-10-10,4186.0,0.9999999999999896,4186.0,8.0,8.0,2017-10,2017-10
2GQAAHG6,44.0,21,4,4,2017-10-02,2017-10-12,3670.0,0.9999999999992211,3670.0,10.0,10.0,2017-10,2017-10
7OGPA4I3,74.0,21,4,4,2017-10-02,2017-10-12,3482.0,0.9999999999924938,3482.0,10.0,10.0,2017-10,2017-10
54XJLU62,27.0,14,6,2,2017-10-02,2017-10-12,0.0,0.010083908038940912,0.0,10.0,10.0,2017-10,2017-10
XSSK506P,25.0,3,3,2,2017-10-02,2017-10-04,0.0,0.5105874480739485,0.0,2.0,2.0,2017-10,2017-10
AJKE7ACY,43.0,12,3,4,2017-10-02,2017-10-11,50.0,0.5926830794398394,50.0,9.0,9.0,2017-10,2017-10
JPPLGVUS,48.0,12,4,4,2017-10-02,2017-12-31,3629.0,0.999999999998805,3629.0,90.0,90.0,2017-10,2017-12
O7B3XCKF,36.0,33,1,2,2017-10-02,2017-10-03,0.0,0.06964455804246744,0.0,1.0,1.0,2017-10,2017-10
5A7S6Z6P,34.0,33,2,2,2017-10-02,2017-10-11,0.0,0.0024890358119173494,0.0,9.0,9.0,2017-10,2017-10
OOB372R5,12.0,33,1,4,2017-10-02,2017-10-12,544.0,0.9391762576861838,544.0,10.0,10.0,2017-10,2017-10
L67B6CU2,60.0,1,5,2,2017-10-03,2017-10-09,0.0,0.009059729864742546,0.0,6.0,6.0,2017-10,2017-10
6V0QV9CU,66.0,2,4,4,2017-10-03,2017-10-10,3415.0,0.9999999999949203,3415.0,7.0,7.0,2017-10,2017-10
0MXZ36G7,8.0,13,1,4,2017-10-03,2017-10-04,616.0,0.9764822792308032,616.0,1.0,1.0,2017-10,2017-10
LMCHDMJX,20.0,18,6,4,2017-10-03,2017-10-08,1050.0,0.9892393938693926,1050.0,5.0,5.0,2017-10,2017-10
4HBU57OV,72.0,10,3,4,2017-10-03,2017-10-10,58.0,0.6495699024761561,58.0,7.0,7.0,2017-10,2017-10
AOIM2Y7M,84.0,20,4,4,2017-10-03,2017-10-05,3858.0,0.9999999999997518,3858.0,2.0,2.0,2017-10,2017-10
5KC100IN,12.0,28,3,2,2017-10-03,2017-10-13,0.0,0.6067340284157224,0.0,10.0,10.0,2017-10,2017-10
OOFWSKFF,36.0,8,1,2,2017-10-03,2017-10-04,0.0,0.08015733669779135,0.0,1.0,1.0,2017-10,2017-10
LV7HHGM4,25.0,8,5,2,2017-10-03,2017-10-05,0.0,0.003272385143633267,0.0,2.0,2.0,2017-10,2017-10
HBZEI375,59.0,8,4,2,2017-10-03,2017-10-10,0.0,0.004303826479401729,0.0,7.0,7.0,2017-10,2017-10
GRQZZNQB,38.0,8,4,4,2017-10-03,2017-11-08,3207.0,0.9999999999160705,3207.0,36.0,36.0,2017-10,2017-11
1D8XLZQ8,44.0,26,4,4,2017-10-03,2017-11-21,3795.0,0.9999999999997653,3795.0,49.0,49.0,2017-10,2017-11
CAX04DY1,60.0,6,3,2,2017-10-03,2017-11-16,0.0,0.6961944494756926,0.0,44.0,44.0,2017-10,2017-11
ZVEH26GP,41.0,32,6,4,2017-10-03,2017-10-08,1028.0,0.9917979613777459,1028.0,5.0,5.0,2017-10,2017-10
G7QR0SCP,17.0,32,3,4,2017-10-03,2017-10-15,64.0,0.7078475075308069,64.0,12.0,12.0,2017-10,2017-10
MYD4PBM9,,31,1,1,2017-10-03,,0.0,0.13625172189707002,0.0,89.0,,2017-10,
DUOS7AO8,57.0,7,2,2,2017-10-03,2017-11-24,0.0,0.008499658671152982,0.0,52.0,52.0,2017-10,2017-11
CCCQGBSY,7.0,21,6,4,2017-10-03,2017-12-09,1284.0,0.9994040428180446,1284.0,67.0,67.0,2017-10,2017-12
C5Z2806X,40.0,21,2,4,2017-10-03,2017-12-28,5044.0,1.0,5044.0,86.0,86.0,2017-10,2017-12
2CY7OS6A,79.0,25,3,2,2017-10-03,2017-10-06,0.0,0.4701913523583073,0.0,3.0,3.0,2017-10,2017-10
FZKX09GE,57.0,3,4,4,2017-10-03,2017-10-09,3254.0,0.9999999999686249,3254.0,6.0,6.0,2017-10,2017-10
E2CJIO85,,24,5,1,2017-10-03,,0.0,0.007363624277445245,0.0,89.0,,2017-10,
R2PBFVU7,36.0,24,2,2,2017-10-03,2017-10-08,0.0,0.0034868893081352425,0.0,5.0,5.0,2017-10,2017-10
D4SJ5G2G,78.0,12,3,2,2017-10-03,2017-12-23,0.0,0.5710865521190759,0.0,81.0,81.0,2017-10,2017-12
N2ESTUQT,75.0,16,2,4,2017-10-03,2017-10-10,5127.0,1.0,5127.0,7.0,7.0,2017-10,2017-10
3QSM7X3W,33.0,33,2,4,2017-10-03,2017-11-06,4194.0,0.9999999999999871,4194.0,34.0,34.0,2017-10,2017-11
UG4BHJRQ,64.0,33,2,4,2017-10-03,2017-10-11,4105.0,0.9999999999999747,4105.0,8.0,8.0,2017-10,2017-10
NMF60XWK,9.0,1,3,2,2017-10-04,2017-10-13,0.0,0.6320602679018762,0.0,9.0,9.0,2017-10,2017-10
L6WEVHEN,30.0,1,3,4,2017-10-04,2017-12-16,59.0,0.828934695021715,59.0,73.0,73.0,2017-10,2017-12
EP5QRHID,,22,4,1,2017-10-04,,0.0,0.005620722487993929,0.0,88.0,,2017-10,
EYWXCFXJ,7.0,22,5,2,2017-10-04,2017-11-01,0.0,0.004545970342379794,0.0,28.0,28.0,2017-10,2017-11
QC9B7V93,1.0,22,4,2,2017-10-04,2017-10-11,0.0,0.0020723690474426255,0.0,7.0,7.0,2017-10,2017-10
CPVW06O2,8.0,22,3,4,2017-10-04,2017-10-11,54.0,0.737852895686987,54.0,7.0,7.0,2017-10,2017-10
2KNVLXA4,56.0,19,5,4,2017-10-04,2017-10-14,5989.0,1.0,5989.0,10.0,10.0,2017-10,2017-10
5WAKI1NB,,13,1,1,2017-10-04,,0.0,0.15381555566716482,0.0,88.0,,2017-10,
LDJ6VTNW,,18,6,1,2017-10-04,,0.0,0.015650939758614466,0.0,88.0,,2017-10,
YI8JSLKX,63.0,18,2,2,2017-10-04,2017-10-15,0.0,0.004062155010754849,0.0,11.0,11.0,2017-10,2017-10
E4O6XJ9E,3.0,10,2,2,2017-10-04,2017-10-12,0.0,0.0036041519495398455,0.0,8.0,8.0,2017-10,2017-10
L7TT9ZL4,23.0,10,5,4,2017-10-04,2017-12-21,4735.0,1.0,4735.0,78.0,78.0,2017-10,2017-12
JD6WHH6G,57.0,10,2,4,2017-10-04,2017-10-10,5055.0,1.0,5055.0,6.0,6.0,2017-10,2017-10
93OFIHMF,21.0,30,5,4,2017-10-04,2017-12-05,4527.0,0.9999999999999996,4527.0,62.0,62.0,2017-10,2017-12
9E7VMZ1J,15.0,6,1,2,2017-10-04,2017-12-23,0.0,0.12283998260735668,0.0,80.0,80.0,2017-10,2017-12
BUNGSHKB,62.0,6,2,2,2017-10-04,2017-10-15,0.0,0.00356784798542264,0.0,11.0,11.0,2017-10,2017-10
MK2YTCZN,38.0,6,3,4,2017-10-04,2017-10-06,58.0,0.6762712931347533,58.0,2.0,2.0,2017-10,2017-10
MZTB3C70,41.0,31,1,2,2017-10-04,2017-11-17,0.0,0.09622979121498756,0.0,44.0,44.0,2017-10,2017-11
LHG76MIU,58.0,27,3,4,2017-10-04,2017-12-03,62.0,0.7146466777670547,62.0,60.0,60.0,2017-10,2017-12
SGAJAIP9,6.0,34,2,4,2017-10-04,2017-12-20,5026.0,1.0,5026.0,77.0,77.0,2017-10,2017-12
UZ9SEIZ9,50.0,24,3,2,2017-10-04,2017-10-13,0.0,0.5292869108265081,0.0,9.0,9.0,2017-10,2017-10
KDY5FEUO,79.0,24,1,4,2017-10-04,2017-12-20,496.0,0.9265388643805327,496.0,77.0,77.0,2017-10,2017-12
1L68AC0E,30.0,16,2,1,2017-10-04,,0.0,0.010338129265307479,0.0,88.0,,2017-10,
ZRMZJVWK,55.0,33,2,4,2017-10-04,2017-12-28,5491.0,1.0,5491.0,85.0,85.0,2017-10,2017-12
JAG873Y3,36.0,1,3,2,2017-10-05,2017-10-12,0.0,0.5716853568298877,0.0,7.0,7.0,2017-10,2017-10
WQTR95J3,66.0,2,1,4,2017-10-05,2017-10-11,622.0,0.9865055991411542,622.0,6.0,6.0,2017-10,2017-10
1FHY3UGF,84.0,13,2,2,2017-10-05,2017-10-13,0.0,0.005756432252924824,0.0,8.0,8.0,2017-10,2017-10
B9KFRY53,57.0,10,6,4,2017-10-05,2017-10-10,1132.0,0.9977018862878103,1132.0,5.0,5.0,2017-10,2017-10
ZRCY8P4P,12.0,10,5,4,2017-10-05,2017-12-14,5422.0,1.0,5422.0,70.0,70.0,2017-10,2017-12
M3RME16Q,38.0,10,2,4,2017-10-05,2017-10-14,5170.0,1.0,5170.0,9.0,9.0,2017-10,2017-10
YPRHMUIB,66.0,10,2,4,2017-10-05,2017-12-22,5009.0,1.0,5009.0,78.0,78.0,2017-10,2017-12
HM4ZINFJ,81.0,20,4,2,2017-10-05,2017-10-10,0.0,0.0020282991348517195,0.0,5.0,5.0,2017-10,2017-10
06C1N1F7,,28,3,1,2017-10-05,,0.0,0.6217626939301744,0.0,87.0,,2017-10,
6WIQG92N,44.0,28,7,2,2017-10-05,2017-10-18,0.0,0.019240349857831872,0.0,13.0,13.0,2017-10,2017-10
3JMB4J8E,1.0,15,5,4,2017-10-05,2017-10-07,5331.0,1.0,5331.0,2.0,2.0,2017-10,2017-10
FTZ4VYH4,61.0,26,4,2,2017-10-05,2017-12-13,0.0,0.009405357389700334,0.0,69.0,69.0,2017-10,2017-12
GEJKKFOL,34.0,30,1,2,2017-10-05,2017-10-10,0.0,0.08826797543091629,0.0,5.0,5.0,2017-10,2017-10
UYWQ5N0R,46.0,30,2,2,2017-10-05,2017-11-23,0.0,0.0047941765723239224,0.0,49.0,49.0,2017-10,2017-11
NDAFT4KV,35.0,30,6,4,2017-10-05,2017-10-18,1132.0,0.9964822374504972,1132.0,13.0,13.0,2017-10,2017-10
BO1GBSM0,6.0,30,5,4,2017-10-05,2017-10-11,5004.0,1.0,5004.0,6.0,6.0,2017-10,2017-10
FSVEMKSG,38.0,6,1,4,2017-10-05,2017-10-10,556.0,0.9456367111680538,556.0,5.0,5.0,2017-10,2017-10
V0XQVHQV,30.0,6,3,4,2017-10-05,2017-10-12,53.0,0.7576506724480503,53.0,7.0,7.0,2017-10,2017-10
TFZMFOH9,24.0,32,2,4,2017-10-05,2017-11-24,4362.0,0.9999999999999989,4362.0,50.0,50.0,2017-10,2017-11
VVE9HGLD,,31,2,1,2017-10-05,,0.0,0.0055088999614354315,0.0,87.0,,2017-10,
8T9ANK4E,76.0,7,1,4,2017-10-05,2017-12-24,550.0,0.9694582554835532,550.0,80.0,80.0,2017-10,2017-12
76WXMI88,66.0,5,3,4,2017-10-05,2017-12-28,50.0,0.8431175936555602,50.0,84.0,84.0,2017-10,2017-12
ZH8XR8YT,19.0,9,6,2,2017-10-05,2017-10-13,0.0,0.012248419495685687,0.0,8.0,8.0,2017-10,2017-10
PR9HQKA7,19.0,9,6,2,2017-10-05,2017-10-15,0.0,0.012389290276520915,0.0,10.0,10.0,2017-10,2017-10
NMHDWGNT,25.0,9,2,2,2017-10-05,2017-10-15,0.0,0.002160190366151477,0.0,10.0,10.0,2017-10,2017-10
WX3CPDYD,27.0,21,2,4,2017-10-05,2017-12-31,4651.0,1.0,4651.0,87.0,87.0,2017-10,2017-12
3DF5FIAM,74.0,21,4,4,2017-10-05,2017-12-17,3285.0,0.9999999999662115,3285.0,73.0,73.0,2017-10,2017-12
018KKT5I,22.0,25,1,2,2017-10-05,2017-10-11,0.0,0.0778426095484961,0.0,6.0,6.0,2017-10,2017-10
9AOPLD0O,74.0,14,4,4,2017-10-05,2017-10-11,3002.0,0.9999999991322193,3002.0,6.0,6.0,2017-10,2017-10
J54XWY0O,3.0,3,1,2,2017-10-05,2017-10-16,0.0,0.1110588058586779,0.0,11.0,11.0,2017-10,2017-10
FJEL0TDN,13.0,3,3,4,2017-10-05,2017-10-07,58.0,0.7108207339570973,58.0,2.0,2.0,2017-10,2017-10
I5JTM3EK,83.0,24,3,2,2017-10-05,2017-10-08,0.0,0.5748645649008197,0.0,3.0,3.0,2017-10,2017-10
3Q5R6HAY,17.0,24,4,4,2017-10-05,2017-10-08,3435.0,0.9999999999882518,3435.0,3.0,3.0,2017-10,2017-10
VOEOU1U6,77.0,33,3,2,2017-10-05,2017-10-07,0.0,0.3345640495957544,0.0,2.0,2.0,2017-10,2017-10
52IHI8JD,25.0,1,3,2,2017-10-06,2017-11-24,0.0,0.5674383378529883,0.0,49.0,49.0,2017-10,2017-11
7QPQ40X9,59.0,1,4,2,2017-10-06,2017-10-08,0.0,0.005723558374915263,0.0,2.0,2.0,2017-10,2017-10
KFZ37330,44.0,22,1,4,2017-10-06,2017-12-14,492.0,0.9367157987571303,492.0,69.0,69.0,2017-10,2017-12
T64JVA4T,78.0,22,2,4,2017-10-06,2017-10-07,4401.0,0.9999999999999978,4401.0,1.0,1.0,2017-10,2017-10
Y5C1Q7UR,81.0,19,3,4,2017-10-06,2017-12-26,50.0,0.6650671095473234,50.0,81.0,81.0,2017-10,2017-12
VN0XOAB6,8.0,19,4,4,2017-10-06,2017-11-12,3333.0,0.9999999999827518,3333.0,37.0,37.0,2017-10,2017-11
MVZG0BSG,20.0,13,6,4,2017-10-06,2017-10-16,1095.0,0.9941956249750227,1095.0,10.0,10.0,2017-10,2017-10
JIEO87ZV,,18,4,1,2017-10-06,,0.0,0.00483252920950806,0.0,86.0,,2017-10,
EM1W738H,15.0,10,5,4,2017-10-06,2017-11-22,5595.0,1.0,5595.0,47.0,47.0,2017-10,2017-11
13WLN2MJ,23.0,10,2,4,2017-10-06,2017-10-08,4461.0,0.9999999999999989,4461.0,2.0,2.0,2017-10,2017-10
M4NNI01I,80.0,20,6,2,2017-10-06,2017-10-16,0.0,0.011935911759356833,0.0,10.0,10.0,2017-10,2017-10
MIA65OVY,,28,3,1,2017-10-06,,0.0,0.6204003004849802,0.0,86.0,,2017-10,
U3FTUG3T,68.0,8,1,4,2017-10-06,2017-11-20,415.0,0.8483636969075566,415.0,45.0,45.0,2017-10,2017-11
RS13M1ZP,66.0,8,4,4,2017-10-06,2017-10-08,3212.0,0.9999999999595883,3212.0,2.0,2.0,2017-10,2017-10
10B65ZN9,34.0,30,1,4,2017-10-06,2017-12-31,457.0,0.8956072387651859,457.0,86.0,86.0,2017-10,2017-12
V4YBVSJ4,12.0,6,6,2,2017-10-06,2017-10-17,0.0,0.017441330401144848,0.0,11.0,11.0,2017-10,2017-10
LVMPJ8JN,11.0,6,1,4,2017-10-06,2017-12-31,546.0,0.9437623218004519,546.0,86.0,86.0,2017-10,2017-12
OV0LOPAA,67.0,4,6,2,2017-10-06,2017-10-12,0.0,0.004619745612870709,0.0,6.0,6.0,2017-10,2017-10
0ISX53T3,29.0,4,1,4,2017-10-06,2017-12-21,453.0,0.7972530596179793,453.0,76.0,76.0,2017-10,2017-12
KL8PCQXC,35.0,27,2,2,2017-10-06,2017-10-15,0.0,0.0021706029215560717,0.0,9.0,9.0,2017-10,2017-10
Q4KZSJ6Q,15.0,5,1,4,2017-10-06,2017-10-07,510.0,0.8876135295756141,510.0,1.0,1.0,2017-10,2017-10
1IABHXOP,30.0,5,1,4,2017-10-06,2017-10-14,552.0,0.9552586019139074,552.0,8.0,8.0,2017-10,2017-10
2RE0MZGV,82.0,21,4,4,2017-10-06,2017-10-07,3203.0,0.9999999999492628,3203.0,1.0,1.0,2017-10,2017-10
JLKLRCFZ,71.0,14,5,4,2017-10-06,2017-10-14,6228.0,1.0,6228.0,8.0,8.0,2017-10,2017-10
2X9KWWCP,15.0,3,3,4,2017-10-06,2017-10-11,59.0,0.6681195409828472,59.0,5.0,5.0,2017-10,2017-10
IF2BUC3Q,49.0,16,2,2,2017-10-06,2017-10-08,0.0,0.0041510626985986334,0.0,2.0,2.0,2017-10,2017-10
GU4HXZ55,12.0,33,6,4,2017-10-06,2017-12-23,1129.0,0.9976471017636027,1129.0,78.0,78.0,2017-10,2017-12
JQK0EF45,68.0,1,5,4,2017-10-07,2017-10-13,5349.0,1.0,5349.0,6.0,6.0,2017-10,2017-10
YUUD6GIT,74.0,22,6,4,2017-10-07,2017-11-19,1148.0,0.996574506230093,1148.0,43.0,43.0,2017-10,2017-11
FBDZ4LCK,84.0,19,1,2,2017-10-07,2017-10-08,0.0,0.12111194198927816,0.0,1.0,1.0,2017-10,2017-10
SQMPV6L6,72.0,2,3,4,2017-10-07,2017-10-19,52.0,0.6654059398228975,52.0,12.0,12.0,2017-10,2017-10
N9ZBEJFI,23.0,2,4,4,2017-10-07,2017-12-28,3253.0,0.9999999999561628,3253.0,82.0,82.0,2017-10,2017-12
EKXXH9IK,27.0,18,6,4,2017-10-07,2017-11-04,1267.0,0.9989712484518377,1267.0,28.0,28.0,2017-10,2017-11
OC6ZMTK5,37.0,18,6,4,2017-10-07,2017-10-13,1096.0,0.9941570242978772,1096.0,6.0,6.0,2017-10,2017-10
M57LZE5F,36.0,10,4,2,2017-10-07,2017-12-23,0.0,0.004512671513699592,0.0,77.0,77.0,2017-10,2017-12
1XO519P4,28.0,10,3,4,2017-10-07,2017-12-30,54.0,0.6402249406929605,54.0,84.0,84.0,2017-10,2017-12
UBWO7HIV,33.0,26,4,4,2017-10-07,2017-12-13,3293.0,0.9999999999753908,3293.0,67.0,67.0,2017-10,2017-12
00X8VEYH,60.0,6,2,4,2017-10-07,2017-12-22,4404.0,0.9999999999999993,4404.0,76.0,76.0,2017-10,2017-12
ZJ11PBUV,85.0,6,2,4,2017-10-07,2017-10-09,5212.0,1.0,5212.0,2.0,2.0,2017-10,2017-10
GJX7YGIF,54.0,32,1,2,2017-10-07,2017-11-25,0.0,0.10300853761038842,0.0,49.0,49.0,2017-10,2017-11
MF6S92GQ,14.0,31,1,4,2017-10-07,2017-12-08,488.0,0.9506529040130929,488.0,62.0,62.0,2017-10,2017-12
KTZDTM8W,29.0,4,1,4,2017-10-07,2017-10-13,594.0,0.9112680727795436,594.0,6.0,6.0,2017-10,2017-10
SH0S5N6U,64.0,27,1,4,2017-10-07,2017-12-30,464.0,0.8901121511263782,464.0,84.0,84.0,2017-10,2017-12
M3306MKK,10.0,27,3,4,2017-10-07,2017-12-13,53.0,0.6554572271826354,53.0,67.0,67.0,2017-10,2017-12
5H27L6YI,23.0,7,6,2,2017-10-07,2017-10-15,0.0,0.011507403077719927,0.0,8.0,8.0,2017-10,2017-10
FCEJCRKY,68.0,7,1,4,2017-10-07,2017-10-08,661.0,0.9832152561676752,661.0,1.0,1.0,2017-10,2017-10
FTVBHHFC,28.0,7,6,4,2017-10-07,2017-10-14,1240.0,0.9984840311613972,1240.0,7.0,7.0,2017-10,2017-10
CXE6ORIJ,39.0,7,4,4,2017-10-07,2017-12-20,2763.0,0.9999999969608919,2763.0,74.0,74.0,2017-10,2017-12
QFIEJY21,12.0,34,1,4,2017-10-07,2017-12-05,610.0,0.9762603747238082,610.0,59.0,59.0,2017-10,2017-12
4OUTIJAR,35.0,34,3,4,2017-10-07,2017-12-14,59.0,0.6670867835972836,59.0,68.0,68.0,2017-10,2017-12
R19OP4QL,57.0,5,1,4,2017-10-07,2017-10-19,577.0,0.9632520574281309,577.0,12.0,12.0,2017-10,2017-10
UU7QH2WX,42.0,25,3,2,2017-10-07,2017-10-15,0.0,0.42002152973938867,0.0,8.0,8.0,2017-10,2017-10
O7WVUMZ5,24.0,24,6,4,2017-10-07,2017-10-09,1139.0,0.9979385690806515,1139.0,2.0,2.0,2017-10,2017-10
NRMFYPAD,73.0,1,5,4,2017-10-08,2017-12-30,6038.0,1.0,6038.0,83.0,83.0,2017-10,2017-12
63HMAJCZ,74.0,22,2,4,2017-10-08,2017-10-14,4605.0,0.9999999999999996,4605.0,6.0,6.0,2017-10,2017-10
MR49QBLO,44.0,22,4,4,2017-10-08,2017-11-21,3264.0,0.9999999999664311,3264.0,44.0,44.0,2017-10,2017-11
V7C6RT5S,2.0,19,4,4,2017-10-08,2017-10-17,3472.0,0.9999999999906448,3472.0,9.0,9.0,2017-10,2017-10
G1POINXI,57.0,2,6,4,2017-10-08,2017-10-15,1186.0,0.998728380670215,1186.0,7.0,7.0,2017-10,2017-10
S181FZ0Y,84.0,13,1,2,2017-10-08,2017-10-16,0.0,0.1401368763615896,0.0,8.0,8.0,2017-10,2017-10
5J7T0GZU,69.0,18,2,4,2017-10-08,2017-12-14,4964.0,1.0,4964.0,67.0,67.0,2017-10,2017-12
0IAJNXTD,16.0,10,3,2,2017-10-08,2017-10-10,0.0,0.5235869673994747,0.0,2.0,2.0,2017-10,2017-10
RMQME3N0,48.0,20,6,2,2017-10-08,2017-11-21,0.0,0.009575939153823244,0.0,44.0,44.0,2017-10,2017-11
G8C3GRPO,75.0,15,4,4,2017-10-08,2017-10-20,2812.0,0.9999999972789686,2812.0,12.0,12.0,2017-10,2017-10
IY3U40F8,29.0,8,6,2,2017-10-08,2017-10-14,0.0,0.006739453529354525,0.0,6.0,6.0,2017-10,2017-10
OZFSBIDF,72.0,8,2,2,2017-10-08,2017-10-09,0.0,0.0030831458590696425,0.0,1.0,1.0,2017-10,2017-10
IEJHIQYI,6.0,26,4,4,2017-10-08,2017-12-22,3517.0,0.9999999999967255,3517.0,75.0,75.0,2017-10,2017-12
6SQHVC0S,15.0,6,2,2,2017-10-08,2017-12-26,0.0,0.004921997447246793,0.0,79.0,79.0,2017-10,2017-12
L9EVLHSJ,,32,6,1,2017-10-08,,0.0,0.01959081876325987,0.0,84.0,,2017-10,
DIGZWVHI,70.0,32,1,2,2017-10-08,2017-10-09,0.0,0.11103092545781917,0.0,1.0,1.0,2017-10,2017-10
1ZT4IROS,77.0,32,1,4,2017-10-08,2017-10-10,608.0,0.9453724475482789,608.0,2.0,2.0,2017-10,2017-10
60QEB2FZ,21.0,31,5,4,2017-10-08,2017-10-16,4989.0,1.0,4989.0,8.0,8.0,2017-10,2017-10
2PX317QP,51.0,31,2,4,2017-10-08,2017-11-23,4780.0,1.0,4780.0,46.0,46.0,2017-10,2017-11
O691ZXXH,,27,3,1,2017-10-08,,0.0,0.5329997225197295,0.0,84.0,,2017-10,
2T0GMDKK,6.0,27,6,2,2017-10-08,2017-10-10,0.0,0.0068396677367263195,0.0,2.0,2.0,2017-10,2017-10
ZK6HTTBB,46.0,27,3,2,2017-10-08,2017-10-14,0.0,0.4258336784572742,0.0,6.0,6.0,2017-10,2017-10
V74YPMJ4,83.0,25,3,2,2017-10-08,2017-10-20,0.0,0.5288931222443403,0.0,12.0,12.0,2017-10,2017-10
8ZIX3LAF,51.0,24,4,4,2017-10-08,2017-10-09,3023.0,0.9999999996684139,3023.0,1.0,1.0,2017-10,2017-10
QDBJOE9M,,33,3,1,2017-10-08,,0.0,0.5663757707353672,0.0,84.0,,2017-10,
IVMMNSJB,13.0,1,5,2,2017-10-09,2017-10-17,0.0,0.006473037011615901,0.0,8.0,8.0,2017-10,2017-10
H9M21153,59.0,1,4,4,2017-10-09,2017-10-20,3100.0,0.9999999998730971,3100.0,11.0,11.0,2017-10,2017-10
JV0KXH4X,18.0,22,5,4,2017-10-09,2017-12-30,6406.0,1.0,6406.0,82.0,82.0,2017-10,2017-12
V9UM2K16,43.0,13,5,4,2017-10-09,2017-10-15,5711.0,1.0,5711.0,6.0,6.0,2017-10,2017-10
ZEYGDEBG,,18,2,1,2017-10-09,,0.0,0.005169099706138802,0.0,83.0,,2017-10,
SRV6TQ2E,52.0,18,3,4,2017-10-09,2017-10-18,58.0,0.7088374325750004,58.0,9.0,9.0,2017-10,2017-10
94GJ7WZV,67.0,10,2,2,2017-10-09,2017-10-10,0.0,0.002242851229970802,0.0,1.0,1.0,2017-10,2017-10
B24YQ6LA,84.0,15,1,4,2017-10-09,2017-10-10,552.0,0.9537765834326352,552.0,1.0,1.0,2017-10,2017-10
RYELEM60,71.0,15,4,4,2017-10-09,2017-10-20,3215.0,0.9999999999120002,3215.0,11.0,11.0,2017-10,2017-10
RL26ZS8F,45.0,8,1,2,2017-10-09,2017-11-27,0.0,0.10005097324422434,0.0,49.0,49.0,2017-10,2017-11
JKIAA2TF,24.0,30,6,4,2017-10-09,2017-11-23,1112.0,0.9980398707073026,1112.0,45.0,45.0,2017-10,2017-11
HTK2UHC8,66.0,6,1,2,2017-10-09,2017-10-21,0.0,0.21898048493050876,0.0,12.0,12.0,2017-10,2017-10
SPRK2YOB,76.0,6,6,4,2017-10-09,2017-11-25,1190.0,0.9987712966677199,1190.0,47.0,47.0,2017-10,2017-11
8F7VHV02,24.0,32,1,4,2017-10-09,2017-12-22,446.0,0.937654228232418,446.0,74.0,74.0,2017-10,2017-12
7FGVY6GK,44.0,32,1,4,2017-10-09,2017-10-10,565.0,0.9595296601342084,565.0,1.0,1.0,2017-10,2017-10
6IZZL97A,64.0,31,1,2,2017-10-09,2017-10-18,0.0,0.11406881099590321,0.0,9.0,9.0,2017-10,2017-10
0HUWQWOJ,,27,3,1,2017-10-09,,0.0,0.5315584889110064,0.0,83.0,,2017-10,
C35YI5NJ,64.0,27,2,4,2017-10-09,2017-12-25,4753.0,1.0,4753.0,77.0,77.0,2017-10,2017-12
6U30UYDT,28.0,7,6,2,2017-10-09,2017-11-30,0.0,0.011489595859790796,0.0,52.0,52.0,2017-10,2017-11
ZXOHD0KE,70.0,34,1,2,2017-10-09,2017-10-19,0.0,0.0931018100929892,0.0,10.0,10.0,2017-10,2017-10
77Q6KD0O,67.0,9,1,2,2017-10-09,2017-10-21,0.0,0.04665628859400544,0.0,12.0,12.0,2017-10,2017-10
JIH6P53I,66.0,9,6,4,2017-10-09,2017-10-10,1129.0,0.9978938648751976,1129.0,1.0,1.0,2017-10,2017-10
WKTVP5WY,70.0,25,3,4,2017-10-09,2017-10-10,56.0,0.5911479311004952,56.0,1.0,1.0,2017-10,2017-10
10N0ZBYO,64.0,25,4,4,2017-10-09,2017-10-11,3435.0,0.9999999999883,3435.0,2.0,2.0,2017-10,2017-10
IUVAUQ6I,57.0,3,4,4,2017-10-09,2017-10-14,3860.0,0.9999999999998648,3860.0,5.0,5.0,2017-10,2017-10
YH5L64AP,80.0,12,3,2,2017-10-09,2017-12-23,0.0,0.7080153351662094,0.0,75.0,75.0,2017-10,2017-12
A71ENBVA,36.0,33,1,2,2017-10-09,2017-10-17,0.0,0.07231647429919268,0.0,8.0,8.0,2017-10,2017-10
4X8WU71C,12.0,33,4,2,2017-10-09,2017-10-11,0.0,0.003587906246697193,0.0,2.0,2.0,2017-10,2017-10
03H4RXBI,79.0,33,1,4,2017-10-09,2017-12-17,482.0,0.8919826268909918,482.0,69.0,69.0,2017-10,2017-12
MQVOQZL7,11.0,1,3,2,2017-10-10,2017-10-19,0.0,0.5089578193552043,0.0,9.0,9.0,2017-10,2017-10
OHD4TPKZ,30.0,1,6,4,2017-10-10,2017-10-11,1166.0,0.9986299475214803,1166.0,1.0,1.0,2017-10,2017-10
V4PVZC5L,43.0,22,3,2,2017-10-10,2017-10-18,0.0,0.4732689868454606,0.0,8.0,8.0,2017-10,2017-10
9G85W8XE,42.0,13,6,2,2017-10-10,2017-10-15,0.0,0.009986939147701856,0.0,5.0,5.0,2017-10,2017-10
S6DXPVLA,80.0,18,6,2,2017-10-10,2017-11-13,0.0,0.016353711481800738,0.0,34.0,34.0,2017-10,2017-11
MKI4TLUN,82.0,18,2,4,2017-10-10,2017-12-18,5112.0,1.0,5112.0,69.0,69.0,2017-10,2017-12
H41YA4SB,72.0,10,6,2,2017-10-10,2017-12-26,0.0,0.014445454412605956,0.0,77.0,77.0,2017-10,2017-12
MW4MSIWW,76.0,10,2,2,2017-10-10,2017-10-14,0.0,0.0045387716602859705,0.0,4.0,4.0,2017-10,2017-10
XSQOEHEA,47.0,26,4,2,2017-10-10,2017-10-15,0.0,0.003130102379291108,0.0,5.0,5.0,2017-10,2017-10
GQT2DFWZ,73.0,6,4,4,2017-10-10,2017-10-20,3892.0,0.9999999999998586,3892.0,10.0,10.0,2017-10,2017-10
IQ9GMTBR,14.0,32,1,4,2017-10-10,2017-10-11,473.0,0.9414520211866511,473.0,1.0,1.0,2017-10,2017-10
ZR8H455M,34.0,31,1,2,2017-10-10,2017-10-14,0.0,0.07952230052375245,0.0,4.0,4.0,2017-10,2017-10
3F2EMUQ7,61.0,31,6,2,2017-10-10,2017-10-11,0.0,0.017373687659842735,0.0,1.0,1.0,2017-10,2017-10
VB26KWQ6,22.0,31,1,4,2017-10-10,2017-11-20,511.0,0.9243485665151517,511.0,41.0,41.0,2017-10,2017-11
7J1UD7ZW,36.0,31,1,4,2017-10-10,2017-10-12,509.0,0.9028597700947354,509.0,2.0,2.0,2017-10,2017-10
VR6NO9FA,46.0,31,1,4,2017-10-10,2017-10-22,528.0,0.9226382489047119,528.0,12.0,12.0,2017-10,2017-10
O8QGRK5P,70.0,31,1,4,2017-10-10,2017-10-14,549.0,0.9349912185514853,549.0,4.0,4.0,2017-10,2017-10
BOD1GBJU,60.0,4,1,2,2017-10-10,2017-12-25,0.0,0.13014350845471614,0.0,76.0,76.0,2017-10,2017-12
TN3IRRND,30.0,4,3,2,2017-10-10,2017-10-19,0.0,0.5467106326581606,0.0,9.0,9.0,2017-10,2017-10
PR224V1P,62.0,7,1,2,2017-10-10,2017-10-19,0.0,0.10142768458551354,0.0,9.0,9.0,2017-10,2017-10
60RDU2SZ,29.0,7,4,4,2017-10-10,2017-10-17,3578.0,0.9999999999964837,3578.0,7.0,7.0,2017-10,2017-10
X2I316HD,15.0,5,1,4,2017-10-10,2017-12-29,523.0,0.9271922820402766,523.0,80.0,80.0,2017-10,2017-12
K5DNNWYT,82.0,14,2,4,2017-10-10,2017-10-11,4575.0,0.9999999999999998,4575.0,1.0,1.0,2017-10,2017-10
941E65Z7,55.0,24,2,4,2017-10-10,2017-10-12,4552.0,0.9999999999999993,4552.0,2.0,2.0,2017-10,2017-10
77UHLYMA,44.0,33,1,2,2017-10-10,2017-10-11,0.0,0.08591005704095094,0.0,1.0,1.0,2017-10,2017-10
VR1XYM23,6.0,33,1,4,2017-10-10,2017-12-23,551.0,0.936001714220048,551.0,74.0,74.0,2017-10,2017-12
TQ6BTW2Z,22.0,33,1,4,2017-10-10,2017-10-18,545.0,0.9190991147515801,545.0,8.0,8.0,2017-10,2017-10
IVSOSC0E,79.0,33,6,4,2017-10-10,2017-10-15,1134.0,0.995746262497997,1134.0,5.0,5.0,2017-10,2017-10
KI4LTBV6,67.0,1,4,2,2017-10-11,2017-10-13,0.0,0.002511018058920042,0.0,2.0,2.0,2017-10,2017-10
4VZ0JIVZ,62.0,1,4,4,2017-10-11,2017-10-16,3434.0,0.9999999999891289,3434.0,5.0,5.0,2017-10,2017-10
FNCXBWHQ,12.0,22,1,4,2017-10-11,2017-12-27,505.0,0.9531498857453875,505.0,77.0,77.0,2017-10,2017-12
Q306R9K4,26.0,22,6,4,2017-10-11,2017-10-21,1066.0,0.9913492271690129,1066.0,10.0,10.0,2017-10,2017-10
KHRY7J40,81.0,19,1,4,2017-10-11,2017-11-12,580.0,0.9448314948495278,580.0,32.0,32.0,2017-10,2017-11
AP9MLRZJ,37.0,13,2,4,2017-10-11,2017-12-20,4501.0,0.9999999999999996,4501.0,70.0,70.0,2017-10,2017-12
46JP2TQB,29.0,10,6,2,2017-10-11,2017-10-19,0.0,0.007702853763735334,0.0,8.0,8.0,2017-10,2017-10
W48N7MRO,60.0,10,5,2,2017-10-11,2017-10-13,0.0,0.007315443213544064,0.0,2.0,2.0,2017-10,2017-10
X4LSK4OE,73.0,10,5,4,2017-10-11,2017-11-03,6182.0,1.0,6182.0,23.0,23.0,2017-10,2017-11
M1ZZYSTB,8.0,20,2,4,2017-10-11,2017-10-12,4763.0,1.0,4763.0,1.0,1.0,2017-10,2017-10
0UOIGVEO,27.0,20,4,4,2017-10-11,2017-10-20,3024.0,0.9999999993929534,3024.0,9.0,9.0,2017-10,2017-10
AK9OXW30,26.0,15,3,2,2017-10-11,2017-10-12,0.0,0.42251498676087457,0.0,1.0,1.0,2017-10,2017-10
CFGYG1EC,33.0,30,1,2,2017-10-11,2017-10-13,0.0,0.0991832278404944,0.0,2.0,2.0,2017-10,2017-10
TS3P4VMD,32.0,30,5,4,2017-10-11,2017-10-19,6751.0,1.0,6751.0,8.0,8.0,2017-10,2017-10
8PEB9FHX,32.0,30,3,4,2017-10-11,2017-10-18,54.0,0.742709883957766,54.0,7.0,7.0,2017-10,2017-10
V1YT1LP1,66.0,6,1,4,2017-10-11,2017-12-25,592.0,0.9869158267190571,592.0,75.0,75.0,2017-10,2017-12
DTIZX4YN,9.0,6,6,4,2017-10-11,2017-10-22,969.0,0.9895007942632775,969.0,11.0,11.0,2017-10,2017-10
KMBY0IGV,14.0,32,3,4,2017-10-11,2017-10-12,48.0,0.7912202351040465,48.0,1.0,1.0,2017-10,2017-10
XULGG5K8,44.0,31,1,2,2017-10-11,2017-10-13,0.0,0.10689167148347707,0.0,2.0,2.0,2017-10,2017-10
KP8ZZ3Y6,46.0,31,6,2,2017-10-11,2017-12-23,0.0,0.01387754623726034,0.0,73.0,73.0,2017-10,2017-12
SBF5S7LF,35.0,31,5,4,2017-10-11,2017-10-21,6555.0,1.0,6555.0,10.0,10.0,2017-10,2017-10
YIA65LM2,73.0,4,4,2,2017-10-11,2017-10-19,0.0,0.0026502965290932895,0.0,8.0,8.0,2017-10,2017-10
8SLDCS0F,,27,3,1,2017-10-11,,0.0,0.5286744654625836,0.0,81.0,,2017-10,
TVBY6CND,4.0,7,5,4,2017-10-11,2017-12-15,5271.0,1.0,5271.0,65.0,65.0,2017-10,2017-12
OHOWVHYX,83.0,25,4,1,2017-10-11,,0.0,0.0050357369889699405,0.0,81.0,,2017-10,
EC9H6XHB,42.0,14,3,2,2017-10-11,2017-11-22,0.0,0.499697820176812,0.0,42.0,42.0,2017-10,2017-11
47QKNXLO,80.0,14,1,4,2017-10-11,2017-12-10,472.0,0.9235330607776663,472.0,60.0,60.0,2017-10,2017-12
VW2PJALW,9.0,3,5,4,2017-10-11,2017-11-29,5211.0,1.0,5211.0,49.0,49.0,2017-10,2017-11
GVLIYD9A,79.0,24,1,4,2017-10-11,2017-12-11,430.0,0.8639185804865652,430.0,61.0,61.0,2017-10,2017-12
F761DF0M,63.0,33,1,1,2017-10-11,,0.0,0.1240829493027929,0.0,81.0,,2017-10,
II1GOQWL,21.0,33,1,2,2017-10-11,2017-10-20,0.0,0.0578360231751394,0.0,9.0,9.0,2017-10,2017-10
4P5BOQB5,64.0,33,2,4,2017-10-11,2017-12-22,4545.0,0.9999999999999996,4545.0,72.0,72.0,2017-10,2017-12
QYYOVTHC,74.0,22,6,2,2017-10-12,2017-10-19,0.0,0.008030652457068152,0.0,7.0,7.0,2017-10,2017-10
4O3EPWFR,,13,6,1,2017-10-12,,0.0,0.017998098440094968,0.0,80.0,,2017-10,
AADN7F5T,85.0,10,3,2,2017-10-12,2017-10-17,0.0,0.35487580874109703,0.0,5.0,5.0,2017-10,2017-10
U8CWFFRH,59.0,6,4,2,2017-10-12,2017-10-13,0.0,0.005158368886654442,0.0,1.0,1.0,2017-10,2017-10
35HVN8Q3,62.0,6,1,4,2017-10-12,2017-10-21,528.0,0.9201589379957776,528.0,9.0,9.0,2017-10,2017-10
PNNZM0OZ,13.0,6,2,4,2017-10-12,2017-12-28,5064.0,1.0,5064.0,77.0,77.0,2017-10,2017-12
UYZQCWAC,13.0,6,4,4,2017-10-12,2017-12-06,3203.0,0.9999999999385412,3203.0,55.0,55.0,2017-10,2017-12
K0YFUK4X,61.0,32,1,4,2017-10-12,2017-11-02,549.0,0.9686549462513144,549.0,21.0,21.0,2017-10,2017-11
TUL0TZSR,14.0,31,1,4,2017-10-12,2017-10-23,594.0,0.976185223036306,594.0,11.0,11.0,2017-10,2017-10
LS2A22IA,29.0,4,1,2,2017-10-12,2017-10-21,0.0,0.04751363579803579,0.0,9.0,9.0,2017-10,2017-10
L5K0S1U3,29.0,4,1,2,2017-10-12,2017-10-22,0.0,0.04777631363351299,0.0,10.0,10.0,2017-10,2017-10
82LY53FE,46.0,27,1,4,2017-10-12,2017-11-01,529.0,0.8923467497432711,529.0,20.0,20.0,2017-10,2017-11
XRJTRP20,21.0,34,2,4,2017-10-12,2017-10-17,4505.0,0.9999999999999991,4505.0,5.0,5.0,2017-10,2017-10
D00FIU21,23.0,5,1,4,2017-10-12,2017-12-11,457.0,0.857023343344667,457.0,60.0,60.0,2017-10,2017-12
C48I5WD9,76.0,5,4,4,2017-10-12,2017-10-13,3090.0,0.9999999997734459,3090.0,1.0,1.0,2017-10,2017-10
HG0N3NJ4,82.0,21,3,4,2017-10-12,2017-10-14,53.0,0.7628989703254955,53.0,2.0,2.0,2017-10,2017-10
5ZUKTSJV,27.0,12,6,4,2017-10-12,2017-10-17,1004.0,0.9899872835947773,1004.0,5.0,5.0,2017-10,2017-10
CD5B8P8U,36.0,33,4,2,2017-10-12,2017-10-19,0.0,0.0025225166159594022,0.0,7.0,7.0,2017-10,2017-10
MBYY3F5P,41.0,33,1,4,2017-10-12,2017-10-21,696.0,0.9742263343318656,696.0,9.0,9.0,2017-10,2017-10
0V9YEQDU,73.0,1,3,2,2017-10-13,2017-10-22,0.0,0.6136201051679783,0.0,9.0,9.0,2017-10,2017-10
76GEYK0T,53.0,19,6,4,2017-10-13,2017-10-23,888.0,0.9604978270210636,888.0,10.0,10.0,2017-10,2017-10
0QUXNGR1,76.0,2,4,2,2017-10-13,2017-10-18,0.0,0.004612217209103785,0.0,5.0,5.0,2017-10,2017-10
4N9E1F86,81.0,13,6,2,2017-10-13,2017-10-20,0.0,0.00999847541580791,0.0,7.0,7.0,2017-10,2017-10
895XMROB,80.0,13,5,2,2017-10-13,2017-11-21,0.0,0.008979848077117276,0.0,39.0,39.0,2017-10,2017-11
LFMLZPA5,44.0,18,2,2,2017-10-13,2017-10-22,0.0,0.004232457495994885,0.0,9.0,9.0,2017-10,2017-10
H54N095V,30.0,10,2,4,2017-10-13,2017-10-24,4767.0,1.0,4767.0,11.0,11.0,2017-10,2017-10
FQPECFYO,36.0,10,2,4,2017-10-13,2017-12-20,4869.0,1.0,4869.0,68.0,68.0,2017-10,2017-12
933OT3AE,59.0,10,4,4,2017-10-13,2017-10-14,3475.0,0.9999999999944176,3475.0,1.0,1.0,2017-10,2017-10
5HDKACI4,37.0,20,1,2,2017-10-13,2017-10-15,0.0,0.06130126224842566,0.0,2.0,2.0,2017-10,2017-10
GVEUKZ72,20.0,20,3,2,2017-10-13,2017-12-09,0.0,0.4196931207603106,0.0,57.0,57.0,2017-10,2017-12
YHOVVBSP,42.0,20,4,2,2017-10-13,2017-12-10,0.0,0.0025278496385670005,0.0,58.0,58.0,2017-10,2017-12
ZN6HXJ5F,58.0,26,6,2,2017-10-13,2017-10-20,0.0,0.020829404520019655,0.0,7.0,7.0,2017-10,2017-10
3IQ19UZ2,42.0,26,4,4,2017-10-13,2017-10-14,3250.0,0.9999999999411806,3250.0,1.0,1.0,2017-10,2017-10
R2CG5WED,64.0,30,5,2,2017-10-13,2017-12-03,0.0,0.0076337596979662034,0.0,51.0,51.0,2017-10,2017-12
QCBO7C6E,,32,6,1,2017-10-13,,0.0,0.01904252787138327,0.0,79.0,,2017-10,
ORYORRQV,36.0,31,1,1,2017-10-13,,0.0,0.12958106391982105,0.0,79.0,,2017-10,
NGG8O0JX,,27,1,1,2017-10-13,,0.0,0.09317218292178861,0.0,79.0,,2017-10,
GH0FU105,50.0,27,4,2,2017-10-13,2017-10-18,0.0,0.0022528113938948286,0.0,5.0,5.0,2017-10,2017-10
NDIZ18GW,10.0,34,4,2,2017-10-13,2017-10-25,0.0,0.003976375523300861,0.0,12.0,12.0,2017-10,2017-10
BRIOGGKC,38.0,5,4,2,2017-10-13,2017-11-29,0.0,0.0037963749746463514,0.0,47.0,47.0,2017-10,2017-11
GZYL4SG1,57.0,5,6,4,2017-10-13,2017-10-26,978.0,0.9903593069301277,978.0,13.0,13.0,2017-10,2017-10
7ZASHEBX,8.0,21,3,4,2017-10-13,2017-12-14,49.0,0.8131348258705152,49.0,62.0,62.0,2017-10,2017-12
WJ9JNMJ2,66.0,3,3,4,2017-10-13,2017-10-24,49.0,0.8369537557051555,49.0,11.0,11.0,2017-10,2017-10
N3OWNMD3,77.0,24,5,2,2017-10-13,2017-10-22,0.0,0.0028804402839698825,0.0,9.0,9.0,2017-10,2017-10
8U3LICIW,36.0,24,1,4,2017-10-13,2017-12-10,563.0,0.9506511617149871,563.0,58.0,58.0,2017-10,2017-12
JALBPRSF,74.0,12,6,2,2017-10-13,2017-10-21,0.0,0.008291339045400158,0.0,8.0,8.0,2017-10,2017-10
0E1HHXGB,20.0,12,3,2,2017-10-13,2017-10-15,0.0,0.4624656008222896,0.0,2.0,2.0,2017-10,2017-10
MJXPSHYT,82.0,12,3,4,2017-10-13,2017-10-24,53.0,0.728759734998047,53.0,11.0,11.0,2017-10,2017-10
AF8SULB0,57.0,2,6,4,2017-10-14,2017-10-26,1168.0,0.9985477358419247,1168.0,12.0,12.0,2017-10,2017-10
N8BM4XEP,71.0,13,1,4,2017-10-14,2017-11-17,560.0,0.9456938650581268,560.0,34.0,34.0,2017-10,2017-11
FZGBRGHF,27.0,18,6,2,2017-10-14,2017-12-30,0.0,0.013568502902734448,0.0,77.0,77.0,2017-10,2017-12
36PET9WM,66.0,10,2,2,2017-10-14,2017-10-15,0.0,0.008438197164312874,0.0,1.0,1.0,2017-10,2017-10
GRO3S3HV,4.0,10,3,2,2017-10-14,2017-10-21,0.0,0.5472745493470383,0.0,7.0,7.0,2017-10,2017-10
KG9R5M1Y,19.0,10,2,4,2017-10-14,2017-10-18,4810.0,1.0,4810.0,4.0,4.0,2017-10,2017-10
R0S5FZ1G,20.0,20,3,2,2017-10-14,2017-11-01,0.0,0.37718196498509104,0.0,18.0,18.0,2017-10,2017-11
3W1Y39BY,63.0,20,2,4,2017-10-14,2017-10-24,4521.0,0.9999999999999993,4521.0,10.0,10.0,2017-10,2017-10
G58GOO4N,53.0,15,1,2,2017-10-14,2017-10-18,0.0,0.07286887282502684,0.0,4.0,4.0,2017-10,2017-10
JF0F2J5W,18.0,15,6,2,2017-10-14,2017-10-15,0.0,0.01790541910504896,0.0,1.0,1.0,2017-10,2017-10
93AE6QM4,35.0,26,6,4,2017-10-14,2017-10-15,881.0,0.9697069733007705,881.0,1.0,1.0,2017-10,2017-10
0YM4VJDP,24.0,30,1,2,2017-10-14,2017-11-30,0.0,0.1804845060245037,0.0,47.0,47.0,2017-10,2017-11
ICD9OMSF,13.0,6,1,4,2017-10-14,2017-10-22,472.0,0.8990677655720312,472.0,8.0,8.0,2017-10,2017-10
IHJEX21Z,51.0,32,1,4,2017-10-14,2017-12-03,562.0,0.970371148545377,562.0,50.0,50.0,2017-10,2017-12
8JORJ1SS,13.0,4,1,2,2017-10-14,2017-10-20,0.0,0.07184126791175949,0.0,6.0,6.0,2017-10,2017-10
0NKINI7S,72.0,4,3,4,2017-10-14,2017-10-16,42.0,0.5126954142228728,42.0,2.0,2.0,2017-10,2017-10
QFLFLCD0,68.0,7,2,2,2017-10-14,2017-10-18,0.0,0.005501179199994747,0.0,4.0,4.0,2017-10,2017-10
OB3OK8BQ,19.0,7,1,4,2017-10-14,2017-12-26,615.0,0.9853772675984029,615.0,73.0,73.0,2017-10,2017-12
5S3RN7H2,59.0,9,6,2,2017-10-14,2017-12-31,0.0,0.015480797620687863,0.0,78.0,78.0,2017-10,2017-12
6YCRJK5W,51.0,25,4,2,2017-10-14,2017-10-23,0.0,0.0038158169738763594,0.0,9.0,9.0,2017-10,2017-10
FDMK85GD,62.0,3,3,4,2017-10-14,2017-10-22,58.0,0.664195211228319,58.0,8.0,8.0,2017-10,2017-10
DYYJW46L,,24,5,1,2017-10-14,,0.0,0.0069124692165021505,0.0,78.0,,2017-10,
EVKQXZV6,33.0,24,3,2,2017-10-14,2017-11-01,0.0,0.5309555763268595,0.0,18.0,18.0,2017-10,2017-11
IDO6PU1B,35.0,33,5,2,2017-10-14,2017-10-23,0.0,0.00323485719153509,0.0,9.0,9.0,2017-10,2017-10
CYAL1N0B,77.0,33,2,4,2017-10-14,2017-10-15,4882.0,1.0,4882.0,1.0,1.0,2017-10,2017-10
9GSBUJMH,39.0,1,3,2,2017-10-15,2017-10-24,0.0,0.5613150531349513,0.0,9.0,9.0,2017-10,2017-10
XSTGL252,72.0,19,2,1,2017-10-15,,0.0,0.005301584745946791,0.0,77.0,,2017-10,
ECB42PGL,84.0,19,5,2,2017-10-15,2017-10-24,0.0,0.00663999496400772,0.0,9.0,9.0,2017-10,2017-10
PYIP2H5Z,68.0,2,4,2,2017-10-15,2017-10-16,0.0,0.004395206090248823,0.0,1.0,1.0,2017-10,2017-10
129P48QP,26.0,18,5,2,2017-10-15,2017-10-25,0.0,0.002974285422472267,0.0,10.0,10.0,2017-10,2017-10
BUFF2EP5,43.0,18,2,4,2017-10-15,2017-11-01,5113.0,1.0,5113.0,17.0,17.0,2017-10,2017-11
IQRA0Q8C,59.0,10,6,4,2017-10-15,2017-10-16,1154.0,0.9979791424134635,1154.0,1.0,1.0,2017-10,2017-10
14P6935C,19.0,10,2,4,2017-10-15,2017-10-16,4885.0,1.0,4885.0,1.0,1.0,2017-10,2017-10
U220GK9W,68.0,10,2,4,2017-10-15,2017-10-16,4936.0,1.0,4936.0,1.0,1.0,2017-10,2017-10
03R1VC7O,12.0,20,6,4,2017-10-15,2017-10-28,1062.0,0.9941389258143309,1062.0,13.0,13.0,2017-10,2017-10
LUFR7MJC,11.0,8,2,2,2017-10-15,2017-10-19,0.0,0.0024121337871411204,0.0,4.0,4.0,2017-10,2017-10
8EX2PGAY,22.0,26,3,2,2017-10-15,2017-10-21,0.0,0.5951254692430534,0.0,6.0,6.0,2017-10,2017-10
C0H6SU2X,34.0,26,6,4,2017-10-15,2017-12-20,954.0,0.9879308466933983,954.0,66.0,66.0,2017-10,2017-12
94JOUSW7,24.0,31,1,2,2017-10-15,2017-10-23,0.0,0.14201435696597545,0.0,8.0,8.0,2017-10,2017-10
9RC58SP0,44.0,31,1,2,2017-10-15,2017-10-26,0.0,0.11196842550591884,0.0,11.0,11.0,2017-10,2017-10
XFNYWN7B,77.0,31,6,4,2017-10-15,2017-10-16,868.0,0.9385309060023387,868.0,1.0,1.0,2017-10,2017-10
6NFIUDKS,17.0,31,5,4,2017-10-15,2017-11-26,5867.0,1.0,5867.0,42.0,42.0,2017-10,2017-11
4TD018BE,21.0,31,2,4,2017-10-15,2017-10-16,5344.0,1.0,5344.0,1.0,1.0,2017-10,2017-10
SWKGC34P,15.0,4,3,2,2017-10-15,2017-10-21,0.0,0.39986186504193905,0.0,6.0,6.0,2017-10,2017-10
C3Y94J5R,29.0,7,5,2,2017-10-15,2017-10-24,0.0,0.004242149207186469,0.0,9.0,9.0,2017-10,2017-10
2H45C9FK,68.0,7,2,2,2017-10-15,2017-10-23,0.0,0.005629326839491147,0.0,8.0,8.0,2017-10,2017-10
LFM4SMIA,11.0,5,5,4,2017-10-15,2017-10-23,5449.0,1.0,5449.0,8.0,8.0,2017-10,2017-10
MEXK5KU6,71.0,21,4,2,2017-10-15,2017-12-27,0.0,0.005400759849282891,0.0,73.0,73.0,2017-10,2017-12
UDXS7H12,37.0,21,5,4,2017-10-15,2017-11-28,4500.0,0.9999999999999996,4500.0,44.0,44.0,2017-10,2017-11
4G61Z1HD,38.0,3,3,2,2017-10-15,2017-10-25,0.0,0.5877417728748819,0.0,10.0,10.0,2017-10,2017-10
X4KAK55N,69.0,16,3,4,2017-10-15,2017-10-23,51.0,0.647833316370063,51.0,8.0,8.0,2017-10,2017-10
AHOYDL01,14.0,33,5,4,2017-10-15,2017-10-23,6637.0,1.0,6637.0,8.0,8.0,2017-10,2017-10
R5ILWVDD,66.0,1,3,4,2017-10-16,2017-12-13,57.0,0.8685829870626368,57.0,58.0,58.0,2017-10,2017-12
J5WP57XS,67.0,2,6,4,2017-10-16,2017-11-03,990.0,0.9827909595044518,990.0,18.0,18.0,2017-10,2017-11
VPD4G16I,82.0,13,2,4,2017-10-16,2017-10-17,4247.0,0.9999999999999951,4247.0,1.0,1.0,2017-10,2017-10
Z173R82Y,69.0,18,6,4,2017-10-16,2017-12-25,1008.0,0.9906176858862695,1008.0,70.0,70.0,2017-10,2017-12
TFGC7TPF,66.0,10,2,2,2017-10-16,2017-10-19,0.0,0.00853562473230543,0.0,3.0,3.0,2017-10,2017-10
03X37HOO,85.0,10,3,2,2017-10-16,2017-10-17,0.0,0.34959242862743356,0.0,1.0,1.0,2017-10,2017-10
OWGXQLJS,59.0,10,2,4,2017-10-16,2017-10-25,4834.0,1.0,4834.0,9.0,9.0,2017-10,2017-10
Y4SN1R3L,13.0,10,4,4,2017-10-16,2017-10-17,3490.0,0.9999999999936671,3490.0,1.0,1.0,2017-10,2017-10
CX3PZ8DP,37.0,20,1,2,2017-10-16,2017-10-26,0.0,0.06402101515372301,0.0,10.0,10.0,2017-10,2017-10
V7DY5VAP,11.0,8,3,2,2017-10-16,2017-10-24,0.0,0.4291273640336323,0.0,8.0,8.0,2017-10,2017-10
JLB353E4,10.0,26,4,4,2017-10-16,2017-10-20,3744.0,0.9999999999995415,3744.0,4.0,4.0,2017-10,2017-10
KOK62RF4,65.0,32,2,2,2017-10-16,2017-10-22,0.0,0.00489991368172523,0.0,6.0,6.0,2017-10,2017-10
8U59BH8O,22.0,31,1,2,2017-10-16,2017-10-26,0.0,0.09743448076817213,0.0,10.0,10.0,2017-10,2017-10
BZR75SK1,64.0,31,1,2,2017-10-16,2017-10-21,0.0,0.11174953607752484,0.0,5.0,5.0,2017-10,2017-10
48HBI36Y,50.0,31,1,4,2017-10-16,2017-11-12,591.0,0.9567600957138354,591.0,27.0,27.0,2017-10,2017-11
ME7IZ1WY,14.0,31,3,4,2017-10-16,2017-10-24,48.0,0.761691357694481,48.0,8.0,8.0,2017-10,2017-10
STC921ZX,31.0,27,6,4,2017-10-16,2017-10-23,1060.0,0.9889264096402344,1060.0,7.0,7.0,2017-10,2017-10
MJRDXH1B,36.0,7,6,2,2017-10-16,2017-10-21,0.0,0.01307937860689566,0.0,5.0,5.0,2017-10,2017-10
W2QJUK1Y,3.0,5,1,4,2017-10-16,2017-10-28,562.0,0.9366343068387419,562.0,12.0,12.0,2017-10,2017-10
B05SO4C6,36.0,9,6,2,2017-10-16,2017-11-19,0.0,0.008636570281820136,0.0,34.0,34.0,2017-10,2017-11
MC717WRG,75.0,14,2,2,2017-10-16,2017-10-18,0.0,0.0034548148375231876,0.0,2.0,2.0,2017-10,2017-10
P570QB1D,39.0,3,3,4,2017-10-16,2017-10-17,57.0,0.6699177290740929,57.0,1.0,1.0,2017-10,2017-10
IWS4PKPP,33.0,24,1,4,2017-10-16,2017-12-21,535.0,0.9420569478440425,535.0,66.0,66.0,2017-10,2017-12
GB3S67FY,12.0,24,2,4,2017-10-16,2017-10-25,4580.0,0.9999999999999998,4580.0,9.0,9.0,2017-10,2017-10
0W8VWJDS,47.0,24,3,4,2017-10-16,2017-10-18,56.0,0.5705016710416988,56.0,2.0,2.0,2017-10,2017-10
4ZKFSG5F,,12,1,1,2017-10-16,,0.0,0.14231877721070685,0.0,76.0,,2017-10,
5TCGN3GX,,12,6,1,2017-10-16,,0.0,0.017222019115546078,0.0,76.0,,2017-10,
5J9ELX2Y,32.0,33,5,4,2017-10-16,2017-10-23,4942.0,1.0,4942.0,7.0,7.0,2017-10,2017-10
SQE6KE7V,15.0,1,3,4,2017-10-17,2017-10-23,55.0,0.6625627368978835,55.0,6.0,6.0,2017-10,2017-10
LH03MJX5,80.0,22,5,2,2017-10-17,2017-10-25,0.0,0.007516846681980694,0.0,8.0,8.0,2017-10,2017-10
0SQM849O,78.0,19,2,4,2017-10-17,2017-10-29,5144.0,1.0,5144.0,12.0,12.0,2017-10,2017-10
KXTUVDLU,56.0,13,4,2,2017-10-17,2017-12-13,0.0,0.00544751730693162,0.0,57.0,57.0,2017-10,2017-12
9YOGUMN9,60.0,10,2,2,2017-10-17,2017-10-24,0.0,0.005785267811054028,0.0,7.0,7.0,2017-10,2017-10
C933ZQBB,9.0,10,2,4,2017-10-17,2017-10-23,5458.0,1.0,5458.0,6.0,6.0,2017-10,2017-10
G9M9IEQY,60.0,8,2,2,2017-10-17,2017-10-23,0.0,0.005089708895972357,0.0,6.0,6.0,2017-10,2017-10
M2VKMZPH,66.0,6,2,4,2017-10-17,2017-10-19,5046.0,1.0,5046.0,2.0,2.0,2017-10,2017-10
Y6NI5EBV,,32,6,1,2017-10-17,,0.0,0.018614754252212293,0.0,75.0,,2017-10,
OFC7ZTU8,,32,2,1,2017-10-17,,0.0,0.006340166579706963,0.0,75.0,,2017-10,
AZCY0HUP,35.0,27,1,2,2017-10-17,2017-10-23,0.0,0.05676295060433601,0.0,6.0,6.0,2017-10,2017-10
7CMG05CY,32.0,27,3,2,2017-10-17,2017-10-26,0.0,0.5266920408122204,0.0,9.0,9.0,2017-10,2017-10
KDNNV952,50.0,27,3,2,2017-10-17,2017-10-26,0.0,0.43318432171752735,0.0,9.0,9.0,2017-10,2017-10
1UPVYK3H,15.0,7,3,4,2017-10-17,2017-10-26,64.0,0.689794235205464,64.0,9.0,9.0,2017-10,2017-10
MUODVNBC,3.0,3,3,4,2017-10-17,2017-10-27,54.0,0.6854355492543531,54.0,10.0,10.0,2017-10,2017-10
02G0NJCN,77.0,24,3,4,2017-10-17,2017-10-26,68.0,0.5537955913376065,68.0,9.0,9.0,2017-10,2017-10
76V79SHZ,2.0,12,6,2,2017-10-17,2017-10-18,0.0,0.009841732937969371,0.0,1.0,1.0,2017-10,2017-10
7JMQM7XK,71.0,12,3,2,2017-10-17,2017-10-18,0.0,0.5082091385610563,0.0,1.0,1.0,2017-10,2017-10
PIPQZ9SQ,48.0,16,3,2,2017-10-17,2017-10-19,0.0,0.5543320867879721,0.0,2.0,2.0,2017-10,2017-10
NXHAAD08,42.0,33,6,4,2017-10-17,2017-12-10,1129.0,0.9953468901405709,1129.0,54.0,54.0,2017-10,2017-12
ABMVTEUH,71.0,19,4,2,2017-10-18,2017-10-19,0.0,0.002803697648801868,0.0,1.0,1.0,2017-10,2017-10
9Q710H4R,38.0,2,6,4,2017-10-18,2017-10-20,1200.0,0.9983194741167051,1200.0,2.0,2.0,2017-10,2017-10
4QU2EXEY,29.0,2,4,4,2017-10-18,2017-12-19,3164.0,0.9999999998678719,3164.0,62.0,62.0,2017-10,2017-12
3MKAQ2YI,44.0,13,6,2,2017-10-18,2017-10-25,0.0,0.014855840798119083,0.0,7.0,7.0,2017-10,2017-10
42CA70FG,84.0,13,4,4,2017-10-18,2017-10-26,3225.0,0.9999999999530029,3225.0,8.0,8.0,2017-10,2017-10
R2C8A8SA,48.0,18,6,2,2017-10-18,2017-11-05,0.0,0.010346892360542802,0.0,18.0,18.0,2017-10,2017-11
PY96Q77S,57.0,10,2,4,2017-10-18,2017-10-20,4130.0,0.9999999999999867,4130.0,2.0,2.0,2017-10,2017-10
6QAWMSU2,7.0,20,1,2,2017-10-18,2017-10-24,0.0,0.059260890677711814,0.0,6.0,6.0,2017-10,2017-10
5B9EIYPP,20.0,20,2,2,2017-10-18,2017-11-29,0.0,0.0022855761937185487,0.0,42.0,42.0,2017-10,2017-11
Z216TKEU,64.0,28,3,4,2017-10-18,2017-10-20,47.0,0.665504940237602,47.0,2.0,2.0,2017-10,2017-10
9EHFBSBG,44.0,15,5,4,2017-10-18,2017-10-25,4751.0,1.0,4751.0,7.0,7.0,2017-10,2017-10
6SP45G3T,45.0,8,4,2,2017-10-18,2017-10-24,0.0,0.0029592589785765707,0.0,6.0,6.0,2017-10,2017-10
7U28UXIL,33.0,26,4,2,2017-10-18,2017-10-19,0.0,0.004122760938636714,0.0,1.0,1.0,2017-10,2017-10
V2YD7XYV,79.0,26,3,4,2017-10-18,2017-12-20,51.0,0.7443617598436523,51.0,63.0,63.0,2017-10,2017-12
1GVU0QTO,64.0,26,4,4,2017-10-18,2017-10-22,3696.0,0.9999999999993154,3696.0,4.0,4.0,2017-10,2017-10
QG7RGODO,54.0,32,2,2,2017-10-18,2017-10-26,0.0,0.0033654692717306335,0.0,8.0,8.0,2017-10,2017-10
IHBYI8IO,34.0,32,4,4,2017-10-18,2017-10-24,3536.0,0.9999999999956766,3536.0,6.0,6.0,2017-10,2017-10
M5NUUVA4,14.0,31,1,2,2017-10-18,2017-11-22,0.0,0.17644223755357083,0.0,35.0,35.0,2017-10,2017-11
XKYQ16FS,50.0,31,3,2,2017-10-18,2017-11-05,0.0,0.5264218555674742,0.0,18.0,18.0,2017-10,2017-11
VVM450RP,55.0,31,3,4,2017-10-18,2017-12-17,59.0,0.6066585139905107,59.0,60.0,60.0,2017-10,2017-12
60KWQS2V,25.0,4,1,4,2017-10-18,2017-10-20,474.0,0.7937808320224584,474.0,2.0,2.0,2017-10,2017-10
1RND0S0B,4.0,7,3,4,2017-10-18,2017-10-30,43.0,0.6950934970033087,43.0,12.0,12.0,2017-10,2017-10
WI0LMD20,36.0,7,3,4,2017-10-18,2017-12-19,60.0,0.7458324212151528,60.0,62.0,62.0,2017-10,2017-12
4XPRCRX0,73.0,9,1,2,2017-10-18,2017-10-29,0.0,0.08183542728347845,0.0,11.0,11.0,2017-10,2017-10
5UEA6KVU,59.0,9,1,4,2017-10-18,2017-10-27,461.0,0.8744115201691031,461.0,9.0,9.0,2017-10,2017-10
GAUSPPYM,78.0,21,6,2,2017-10-18,2017-12-11,0.0,0.013865378346643269,0.0,54.0,54.0,2017-10,2017-12
3Y1LN6CQ,27.0,21,3,4,2017-10-18,2017-10-19,54.0,0.7072430379433504,54.0,1.0,1.0,2017-10,2017-10
RVUJPYY8,,25,3,1,2017-10-18,,0.0,0.555353741641308,0.0,74.0,,2017-10,
W7GVI03S,55.0,25,3,2,2017-10-18,2017-12-02,0.0,0.3995781972482603,0.0,45.0,45.0,2017-10,2017-12
7RFTN4WI,74.0,14,6,2,2017-10-18,2017-10-25,0.0,0.006924365534296775,0.0,7.0,7.0,2017-10,2017-10
K00YH5XA,37.0,14,3,2,2017-10-18,2017-10-28,0.0,0.4790285535226907,0.0,10.0,10.0,2017-10,2017-10
ZXIHEEV2,17.0,24,1,2,2017-10-18,2017-12-31,0.0,0.11890755052853581,0.0,74.0,74.0,2017-10,2017-12
WPSHVGDZ,36.0,24,4,2,2017-10-18,2017-10-24,0.0,0.0032220917454214115,0.0,6.0,6.0,2017-10,2017-10
DXAO9R8N,58.0,24,4,4,2017-10-18,2017-10-27,3363.0,0.999999999986191,3363.0,9.0,9.0,2017-10,2017-10
PN0IWJ0N,36.0,1,6,4,2017-10-19,2017-10-30,1089.0,0.9958629211081754,1089.0,11.0,11.0,2017-10,2017-10
OXKWCAXO,53.0,19,2,2,2017-10-19,2017-10-31,0.0,0.0027959669961844856,0.0,12.0,12.0,2017-10,2017-10
7FVUE0GY,1.0,19,6,4,2017-10-19,2017-10-21,1096.0,0.9914305237082378,1096.0,2.0,2.0,2017-10,2017-10
FAIFAGJM,59.0,2,3,4,2017-10-19,2017-10-29,62.0,0.7596857032997651,62.0,10.0,10.0,2017-10,2017-10
IKDFG91F,42.0,13,4,2,2017-10-19,2017-12-26,0.0,0.004058793182063053,0.0,68.0,68.0,2017-10,2017-12
BP3I9G0F,44.0,13,6,4,2017-10-19,2017-10-21,1105.0,0.9967281957334104,1105.0,2.0,2.0,2017-10,2017-10
0GM4GDFT,7.0,18,2,2,2017-10-19,2017-10-28,0.0,0.002854122032127441,0.0,9.0,9.0,2017-10,2017-10
5YIWOUOZ,5.0,18,2,4,2017-10-19,2017-10-24,4353.0,0.9999999999999973,4353.0,5.0,5.0,2017-10,2017-10
LM3GZYXD,23.0,10,2,2,2017-10-19,2017-10-28,0.0,0.003155618562802769,0.0,9.0,9.0,2017-10,2017-10
UUCSEHJX,76.0,10,5,4,2017-10-19,2017-10-27,6276.0,1.0,6276.0,8.0,8.0,2017-10,2017-10
OQQWTFSZ,3.0,10,2,4,2017-10-19,2017-10-27,4688.0,0.9999999999999998,4688.0,8.0,8.0,2017-10,2017-10
CWVAO587,52.0,15,1,2,2017-10-19,2017-10-26,0.0,0.1279580705601641,0.0,7.0,7.0,2017-10,2017-10
YDZZNTEZ,53.0,15,4,4,2017-10-19,2017-11-01,3422.0,0.9999999999835061,3422.0,13.0,13.0,2017-10,2017-11
O1DTVNH2,36.0,8,3,2,2017-10-19,2017-10-20,0.0,0.48463930528422766,0.0,1.0,1.0,2017-10,2017-10
Q6MGPT50,38.0,8,2,4,2017-10-19,2017-12-09,5192.0,1.0,5192.0,51.0,51.0,2017-10,2017-12
ENL7MDL2,36.0,26,6,4,2017-10-19,2017-10-28,1226.0,0.9988056161128477,1226.0,9.0,9.0,2017-10,2017-10
CLHPJZHP,41.0,26,5,4,2017-10-19,2017-10-25,4552.0,0.9999999999999998,4552.0,6.0,6.0,2017-10,2017-10
YQJGEI71,,30,5,1,2017-10-19,,0.0,0.0073647579303154935,0.0,73.0,,2017-10,
XO4ZYI3G,77.0,30,5,4,2017-10-19,2017-10-26,5569.0,1.0,5569.0,7.0,7.0,2017-10,2017-10
RSBEC5KF,21.0,30,2,4,2017-10-19,2017-10-20,4389.0,0.9999999999999976,4389.0,1.0,1.0,2017-10,2017-10
6Z6SRB1Y,36.0,6,5,2,2017-10-19,2017-11-01,0.0,0.005093589425518746,0.0,13.0,13.0,2017-10,2017-11
BZGJ44FH,,32,2,1,2017-10-19,,0.0,0.0062676400560800465,0.0,73.0,,2017-10,
4S17VJ7O,,31,4,1,2017-10-19,,0.0,0.004669851895409184,0.0,73.0,,2017-10,
FRSYEHJE,29.0,4,4,2,2017-10-19,2017-10-21,0.0,0.0015605934827080334,0.0,2.0,2.0,2017-10,2017-10
MV4DK68W,59.0,4,1,4,2017-10-19,2017-10-26,451.0,0.8539762020898857,451.0,7.0,7.0,2017-10,2017-10
B2FSFXKA,,27,3,1,2017-10-19,,0.0,0.517121135120356,0.0,73.0,,2017-10,
W72TPY7P,,27,3,1,2017-10-19,,0.0,0.517121135120356,0.0,73.0,,2017-10,
I15B3BNW,54.0,27,4,2,2017-10-19,2017-11-28,0.0,0.0019841840754257693,0.0,40.0,40.0,2017-10,2017-11
1CT3EWJ8,32.0,27,1,4,2017-10-19,2017-10-21,553.0,0.934828108888868,553.0,2.0,2.0,2017-10,2017-10
JPBLNA5V,62.0,7,2,2,2017-10-19,2017-10-29,0.0,0.0040170481785917365,0.0,10.0,10.0,2017-10,2017-10
SLILSQJV,,34,6,1,2017-10-19,,0.0,0.014417740012789152,0.0,73.0,,2017-10,
R6OM4EDE,6.0,34,1,4,2017-10-19,2017-11-01,524.0,0.9116199954349409,524.0,13.0,13.0,2017-10,2017-11
74Y43OFL,56.0,21,4,2,2017-10-19,2017-10-21,0.0,0.005387453482843827,0.0,2.0,2.0,2017-10,2017-10
OIOGIDI2,59.0,3,6,2,2017-10-19,2017-10-31,0.0,0.01926021184641447,0.0,12.0,12.0,2017-10,2017-10
SCN3BY47,38.0,3,3,4,2017-10-19,2017-10-27,53.0,0.6942233093725438,53.0,8.0,8.0,2017-10,2017-10
HFF39KOB,67.0,3,4,4,2017-10-19,2017-10-20,2749.0,0.9999999927272807,2749.0,1.0,1.0,2017-10,2017-10
OS59LIZX,41.0,24,2,2,2017-10-19,2017-10-26,0.0,0.003243204857744553,0.0,7.0,7.0,2017-10,2017-10
O3S3SF3W,58.0,24,2,2,2017-10-19,2017-10-21,0.0,0.005436811634181835,0.0,2.0,2.0,2017-10,2017-10
WA0NRLP7,34.0,24,5,4,2017-10-19,2017-10-20,5368.0,1.0,5368.0,1.0,1.0,2017-10,2017-10
GHOQQYQM,42.0,16,2,4,2017-10-19,2017-12-25,4734.0,1.0,4734.0,67.0,67.0,2017-10,2017-12
6OXOIJ4D,12.0,16,4,4,2017-10-19,2017-12-16,3089.0,0.9999999998729574,3089.0,58.0,58.0,2017-10,2017-12
DTFLKV60,19.0,1,4,2,2017-10-20,2017-10-21,0.0,0.006108051189007799,0.0,1.0,1.0,2017-10,2017-10
RELG4CYQ,30.0,1,3,4,2017-10-20,2017-10-30,54.0,0.7798781873879286,54.0,10.0,10.0,2017-10,2017-10
PLV91KH7,63.0,19,2,4,2017-10-20,2017-10-27,4345.0,0.9999999999999976,4345.0,7.0,7.0,2017-10,2017-10
U289K4V3,76.0,2,4,4,2017-10-20,2017-10-27,3848.0,0.9999999999998039,3848.0,7.0,7.0,2017-10,2017-10
PDXFX23P,37.0,13,2,4,2017-10-20,2017-10-26,4287.0,0.9999999999999951,4287.0,6.0,6.0,2017-10,2017-10
LULNYY3C,11.0,10,2,4,2017-10-20,2017-10-27,4435.0,0.9999999999999982,4435.0,7.0,7.0,2017-10,2017-10
NJ1YGDZW,66.0,10,2,4,2017-10-20,2017-10-28,4699.0,1.0,4699.0,8.0,8.0,2017-10,2017-10
CZC1J6FQ,9.0,8,5,2,2017-10-20,2017-10-24,0.0,0.005197122807221521,0.0,4.0,4.0,2017-10,2017-10
WSWJJ234,28.0,8,3,2,2017-10-20,2017-10-22,0.0,0.39874825847425605,0.0,2.0,2.0,2017-10,2017-10
MDBKYL2Q,66.0,8,3,4,2017-10-20,2017-10-30,60.0,0.8051357171989706,60.0,10.0,10.0,2017-10,2017-10
M9EU34FE,35.0,26,5,4,2017-10-20,2017-10-21,6026.0,1.0,6026.0,1.0,1.0,2017-10,2017-10
HCARIWPE,31.0,30,5,2,2017-10-20,2017-10-27,0.0,0.004537142308279755,0.0,7.0,7.0,2017-10,2017-10
WGJB2VDU,51.0,30,5,4,2017-10-20,2017-12-25,5095.0,1.0,5095.0,66.0,66.0,2017-10,2017-12
RYWETTBK,21.0,32,1,1,2017-10-20,,0.0,0.12141862667973545,0.0,72.0,,2017-10,
JSLSL3SU,70.0,32,1,4,2017-10-20,2017-12-16,565.0,0.9619873914942505,565.0,57.0,57.0,2017-10,2017-12
N1B45KIT,79.0,34,5,4,2017-10-20,2017-12-22,5883.0,1.0,5883.0,63.0,63.0,2017-10,2017-12
30UA0RS8,25.0,9,6,4,2017-10-20,2017-12-12,1135.0,0.9951255447789668,1135.0,53.0,53.0,2017-10,2017-12
R1Z8J1JL,44.0,21,6,4,2017-10-20,2017-12-21,903.0,0.987421053469915,903.0,62.0,62.0,2017-10,2017-12
2DY9U1V7,44.0,14,2,1,2017-10-20,,0.0,0.00602946414075797,0.0,72.0,,2017-10,
MJODFG6C,33.0,24,3,2,2017-10-20,2017-10-27,0.0,0.5271186978226224,0.0,7.0,7.0,2017-10,2017-10
6D7N5SQ7,47.0,24,3,2,2017-10-20,2017-10-28,0.0,0.4538220989560338,0.0,8.0,8.0,2017-10,2017-10
DQIKGS2U,14.0,24,3,4,2017-10-20,2017-11-03,48.0,0.762012771293733,48.0,14.0,14.0,2017-10,2017-11
EZNAGRVB,35.0,33,5,4,2017-10-20,2017-10-30,5388.0,1.0,5388.0,10.0,10.0,2017-10,2017-10
C1M1RST0,54.0,33,2,4,2017-10-20,2017-10-27,4109.0,0.9999999999999591,4109.0,7.0,7.0,2017-10,2017-10
KIZOEC3M,15.0,1,6,2,2017-10-21,2017-10-23,0.0,0.011316912243913358,0.0,2.0,2.0,2017-10,2017-10
CO7T7H41,59.0,1,3,2,2017-10-21,2017-10-27,0.0,0.6608368133833961,0.0,6.0,6.0,2017-10,2017-10
BMQYRJC7,11.0,1,5,4,2017-10-21,2017-12-16,5543.0,1.0,5543.0,56.0,56.0,2017-10,2017-12
6ALPIXB7,20.0,19,6,2,2017-10-21,2017-11-29,0.0,0.008864119483341513,0.0,39.0,39.0,2017-10,2017-11
5NVTQW38,68.0,2,6,2,2017-10-21,2017-10-28,0.0,0.014577542976718807,0.0,7.0,7.0,2017-10,2017-10
IOUUN8LM,28.0,2,4,2,2017-10-21,2017-10-27,0.0,0.0025466014857318956,0.0,6.0,6.0,2017-10,2017-10
3EZLRW47,4.0,10,2,2,2017-10-21,2017-10-31,0.0,0.004032902296901193,0.0,10.0,10.0,2017-10,2017-10
09AILR04,67.0,10,2,4,2017-10-21,2017-10-29,4732.0,0.9999999999999998,4732.0,8.0,8.0,2017-10,2017-10
KSYI5DDW,11.0,10,3,4,2017-10-21,2017-11-07,55.0,0.5832884908132983,55.0,17.0,17.0,2017-10,2017-11
W4R2C7N9,78.0,20,1,2,2017-10-21,2017-10-30,0.0,0.05688445146979125,0.0,9.0,9.0,2017-10,2017-10
KY1CESUN,71.0,20,5,2,2017-10-21,2017-10-29,0.0,0.003100182618793006,0.0,8.0,8.0,2017-10,2017-10
M4EHG2ZB,45.0,8,3,4,2017-10-21,2017-10-30,52.0,0.6145999272228032,52.0,9.0,9.0,2017-10,2017-10
DLAMSRVT,28.0,6,1,2,2017-10-21,2017-10-22,0.0,0.070534175605224,0.0,1.0,1.0,2017-10,2017-10
PZNZD22T,17.0,32,1,2,2017-10-21,2017-12-14,0.0,0.12751963445984194,0.0,54.0,54.0,2017-10,2017-12
FVCN0HQ9,10.0,31,1,2,2017-10-21,2017-10-23,0.0,0.10703354268328226,0.0,2.0,2.0,2017-10,2017-10
A0FVQ8KO,46.0,31,1,4,2017-10-21,2017-10-27,575.0,0.9461858732138619,575.0,6.0,6.0,2017-10,2017-10
6KGX67OZ,33.0,34,1,2,2017-10-21,2017-10-30,0.0,0.09019581703094245,0.0,9.0,9.0,2017-10,2017-10
BXXGLPD7,16.0,9,3,2,2017-10-21,2017-11-01,0.0,0.444638681556292,0.0,11.0,11.0,2017-10,2017-11
MHF6GSB6,56.0,21,4,4,2017-10-21,2017-10-29,3612.0,0.99999999999863,3612.0,8.0,8.0,2017-10,2017-10
TFILI4TE,81.0,12,3,2,2017-10-21,2017-10-25,0.0,0.4981071096035033,0.0,4.0,4.0,2017-10,2017-10
4P0SDD91,40.0,16,2,4,2017-10-21,2017-12-15,4970.0,1.0,4970.0,55.0,55.0,2017-10,2017-12
ZZ4X9VN3,26.0,16,4,4,2017-10-21,2017-10-31,2995.0,0.9999999992261306,2995.0,10.0,10.0,2017-10,2017-10
0J3UU8PZ,81.0,22,1,4,2017-10-22,2017-12-30,546.0,0.9415712479314475,546.0,69.0,69.0,2017-10,2017-12
UYPF6FZ3,27.0,22,6,4,2017-10-22,2017-12-20,1184.0,0.9983462501861898,1184.0,59.0,59.0,2017-10,2017-12
2HKRINHL,56.0,19,5,4,2017-10-22,2017-10-24,5500.0,1.0,5500.0,2.0,2.0,2017-10,2017-10
G5JXIYRO,16.0,2,4,4,2017-10-22,2017-10-24,3616.0,0.9999999999979725,3616.0,2.0,2.0,2017-10,2017-10
4MXSHU7X,42.0,13,7,2,2017-10-22,2017-11-30,0.0,0.01714745935676268,0.0,39.0,39.0,2017-10,2017-11
H4FIU51C,49.0,18,4,2,2017-10-22,2017-10-26,0.0,0.0031723364978387316,0.0,4.0,4.0,2017-10,2017-10
CC2ICRAG,60.0,10,6,4,2017-10-22,2017-12-29,1087.0,0.9974773794158045,1087.0,68.0,68.0,2017-10,2017-12
RDC531P5,38.0,10,2,4,2017-10-22,2017-10-30,3578.0,0.9999999999972882,3578.0,8.0,8.0,2017-10,2017-10
9QX62IL2,24.0,28,1,4,2017-10-22,2017-10-29,544.0,0.9555087992677508,544.0,7.0,7.0,2017-10,2017-10
3GRTE6VM,14.0,28,4,4,2017-10-22,2017-10-29,3082.0,0.9999999998515254,3082.0,7.0,7.0,2017-10,2017-10
E4BPOOL6,36.0,28,4,4,2017-10-22,2017-10-24,3450.0,0.9999999999891385,3450.0,2.0,2.0,2017-10,2017-10
B894QWQM,42.0,15,2,4,2017-10-22,2017-10-29,5360.0,1.0,5360.0,7.0,7.0,2017-10,2017-10
U9QMLC5Z,10.0,30,2,4,2017-10-22,2017-11-01,4991.0,1.0,4991.0,10.0,10.0,2017-10,2017-11
VCQBM844,10.0,30,4,4,2017-10-22,2017-10-30,3294.0,0.9999999999702252,3294.0,8.0,8.0,2017-10,2017-10
UE66OOQS,13.0,6,6,2,2017-10-22,2017-10-30,0.0,0.013281082443333099,0.0,8.0,8.0,2017-10,2017-10
W5ABRRKC,58.0,27,6,4,2017-10-22,2017-10-31,981.0,0.9874015009148959,981.0,9.0,9.0,2017-10,2017-10
Y8KI5ANO,39.0,7,6,2,2017-10-22,2017-11-03,0.0,0.012308048164515493,0.0,12.0,12.0,2017-10,2017-11
CTM8WFGW,68.0,7,5,4,2017-10-22,2017-10-23,6233.0,1.0,6233.0,1.0,1.0,2017-10,2017-10
RFUJTKVO,16.0,7,3,4,2017-10-22,2017-11-28,55.0,0.7235538223057191,55.0,37.0,37.0,2017-10,2017-11
ZMEKFXC5,29.0,9,3,2,2017-10-22,2017-10-28,0.0,0.36266275786780433,0.0,6.0,6.0,2017-10,2017-10
LO2BMO33,13.0,9,5,4,2017-10-22,2017-12-10,6142.0,1.0,6142.0,49.0,49.0,2017-10,2017-12
GL2FM1RM,,25,1,1,2017-10-22,,0.0,0.10159933741314953,0.0,70.0,,2017-10,
4ETFTKHJ,31.0,25,3,2,2017-10-22,2017-10-29,0.0,0.43273128120063775,0.0,7.0,7.0,2017-10,2017-10
528YB7Q0,74.0,14,6,2,2017-10-22,2017-12-06,0.0,0.007826859457645208,0.0,45.0,45.0,2017-10,2017-12
OFEUX5PI,35.0,24,2,4,2017-10-22,2017-10-28,5190.0,1.0,5190.0,6.0,6.0,2017-10,2017-10
S3V8Z52J,37.0,19,4,2,2017-10-23,2017-10-25,0.0,0.002839334732864008,0.0,2.0,2.0,2017-10,2017-10
TTYSSNJH,27.0,19,6,4,2017-10-23,2017-11-01,1027.0,0.9907157254390492,1027.0,9.0,9.0,2017-10,2017-11
LROWI84G,19.0,10,6,4,2017-10-23,2017-10-31,1237.0,0.9991425905863868,1237.0,8.0,8.0,2017-10,2017-10
IQAP70OD,68.0,10,6,4,2017-10-23,2017-10-29,965.0,0.9874827097865267,965.0,6.0,6.0,2017-10,2017-10
JWWVG8KG,38.0,10,2,4,2017-10-23,2017-11-03,5729.0,1.0,5729.0,11.0,11.0,2017-10,2017-11
7PEL3AIZ,39.0,10,2,4,2017-10-23,2017-10-24,5685.0,1.0,5685.0,1.0,1.0,2017-10,2017-10
NXQR7LX6,60.0,10,2,4,2017-10-23,2017-10-26,4024.0,0.9999999999999669,4024.0,3.0,3.0,2017-10,2017-10
JL358E5T,63.0,20,1,4,2017-10-23,2017-12-12,511.0,0.9116426578192307,511.0,50.0,50.0,2017-10,2017-12
DHUG18WU,65.0,28,5,2,2017-10-23,2017-10-30,0.0,0.005082380649705572,0.0,7.0,7.0,2017-10,2017-10
T6ENEYKW,52.0,15,2,2,2017-10-23,2017-11-04,0.0,0.005086931897173144,0.0,12.0,12.0,2017-10,2017-11
3MGMH9AE,66.0,8,4,2,2017-10-23,2017-10-24,0.0,0.006864179433592894,0.0,1.0,1.0,2017-10,2017-10
JJGRAQ2K,57.0,31,5,1,2017-10-23,,0.0,0.009903855525889184,0.0,69.0,,2017-10,
4Z84VV2P,79.0,31,2,4,2017-10-23,2017-11-05,4382.0,0.999999999999998,4382.0,13.0,13.0,2017-10,2017-11
DMYP7REE,25.0,7,6,2,2017-10-23,2017-11-19,0.0,0.011468032664436124,0.0,27.0,27.0,2017-10,2017-11
1SKNSG2B,73.0,7,5,4,2017-10-23,2017-10-30,5516.0,1.0,5516.0,7.0,7.0,2017-10,2017-10
G6MUC5R6,23.0,3,5,2,2017-10-23,2017-11-06,0.0,0.004857425214432172,0.0,14.0,14.0,2017-10,2017-11
X7MN9ROG,,24,5,1,2017-10-23,,0.0,0.006563843368521694,0.0,69.0,,2017-10,
6445PW4Z,58.0,24,2,2,2017-10-23,2017-10-24,0.0,0.005405598144775329,0.0,1.0,1.0,2017-10,2017-10
CUJIRCWV,12.0,24,3,4,2017-10-23,2017-12-28,51.0,0.761112688661547,51.0,66.0,66.0,2017-10,2017-12
YSFFEUCQ,34.0,33,6,2,2017-10-23,2017-10-28,0.0,0.00719573749471935,0.0,5.0,5.0,2017-10,2017-10
OX0NE27G,42.0,33,6,4,2017-10-23,2017-10-31,1195.0,0.9969503318726164,1195.0,8.0,8.0,2017-10,2017-10
0B09WODM,49.0,22,6,2,2017-10-24,2017-10-26,0.0,0.011579523234977289,0.0,2.0,2.0,2017-10,2017-10
FSC4A2HZ,63.0,19,5,2,2017-10-24,2017-10-25,0.0,0.005306334305268407,0.0,1.0,1.0,2017-10,2017-10
YT5GLR6D,43.0,19,4,4,2017-10-24,2017-11-02,3588.0,0.9999999999960363,3588.0,9.0,9.0,2017-10,2017-11
S7UVZXM3,,13,3,1,2017-10-24,,0.0,0.6359860933341749,0.0,68.0,,2017-10,
KOPJOMQE,48.0,18,6,2,2017-10-24,2017-10-29,0.0,0.010074263481542832,0.0,5.0,5.0,2017-10,2017-10
AS2BKSCT,11.0,10,6,2,2017-10-24,2017-11-08,0.0,0.00818733865222004,0.0,15.0,15.0,2017-10,2017-11
S3GVO59B,66.0,10,2,4,2017-10-24,2017-12-01,5542.0,1.0,5542.0,38.0,38.0,2017-10,2017-12
L8POFR0T,24.0,30,4,4,2017-10-24,2017-12-31,3296.0,0.9999999999829376,3296.0,68.0,68.0,2017-10,2017-12
RYF41KOV,16.0,6,6,2,2017-10-24,2017-10-25,0.0,0.011607286407451413,0.0,1.0,1.0,2017-10,2017-10
MV7NPCI9,3.0,6,1,4,2017-10-24,2017-10-29,519.0,0.9214059632951583,519.0,5.0,5.0,2017-10,2017-10
TSN98FPQ,3.0,6,6,4,2017-10-24,2017-10-25,1243.0,0.9987764370650526,1243.0,1.0,1.0,2017-10,2017-10
SQW60VII,21.0,32,4,2,2017-10-24,2017-10-26,0.0,0.0029978916822939778,0.0,2.0,2.0,2017-10,2017-10
PGG2DUPO,59.0,4,6,4,2017-10-24,2017-10-31,1133.0,0.9965106519643976,1133.0,7.0,7.0,2017-10,2017-10
85U38YFD,36.0,7,1,2,2017-10-24,2017-12-24,0.0,0.13612035157579344,0.0,61.0,61.0,2017-10,2017-12
M7V7UJHZ,28.0,7,4,2,2017-10-24,2017-12-29,0.0,0.0036970954119020763,0.0,66.0,66.0,2017-10,2017-12
S56NVD4M,14.0,34,5,4,2017-10-24,2017-11-10,4945.0,1.0,4945.0,17.0,17.0,2017-10,2017-11
Y34O7SKI,73.0,3,4,2,2017-10-24,2017-10-30,0.0,0.004672622177458066,0.0,6.0,6.0,2017-10,2017-10
DSY9VD0O,10.0,24,1,4,2017-10-24,2017-10-26,535.0,0.937478826536116,535.0,2.0,2.0,2017-10,2017-10
HWOBBZWQ,,16,1,1,2017-10-24,,0.0,0.14030282872058344,0.0,68.0,,2017-10,
6ZR7IUC4,83.0,33,4,2,2017-10-24,2017-11-07,0.0,0.003219090869177296,0.0,14.0,14.0,2017-10,2017-11
8W9YXI59,9.0,1,3,4,2017-10-25,2017-11-26,59.0,0.7607506243527636,59.0,32.0,32.0,2017-10,2017-11
OYH46MQB,,13,1,1,2017-10-25,,0.0,0.1386493560062846,0.0,67.0,,2017-10,
YEH9VQCD,12.0,18,1,4,2017-10-25,2017-10-27,526.0,0.9384192089526512,526.0,2.0,2.0,2017-10,2017-10
35GT4NM9,1.0,20,1,4,2017-10-25,2017-11-05,586.0,0.8932200590099225,586.0,11.0,11.0,2017-10,2017-11
MICIJ00A,62.0,8,4,2,2017-10-25,2017-10-27,0.0,0.0025072384309841457,0.0,2.0,2.0,2017-10,2017-10
D4ABG4I1,60.0,6,2,4,2017-10-25,2017-11-10,4356.0,0.9999999999999984,4356.0,16.0,16.0,2017-10,2017-11
EMK9P63G,12.0,27,1,4,2017-10-25,2017-10-26,566.0,0.939799321575157,566.0,1.0,1.0,2017-10,2017-10
HXGDBNAV,,34,4,1,2017-10-25,,0.0,0.00434653231007662,0.0,67.0,,2017-10,
7GWM1WT0,36.0,5,1,4,2017-10-25,2017-12-30,537.0,0.9365731584517585,537.0,66.0,66.0,2017-10,2017-12
U0XWF9TW,71.0,12,3,4,2017-10-25,2017-12-21,47.0,0.6644880851040701,47.0,57.0,57.0,2017-10,2017-12
E8L9I3QP,12.0,33,1,4,2017-10-25,2017-11-03,447.0,0.859383046761968,447.0,9.0,9.0,2017-10,2017-11
63S5SNBC,16.0,1,6,4,2017-10-26,2017-10-27,1103.0,0.9962370564390696,1103.0,1.0,1.0,2017-10,2017-10
3PIPAOVU,23.0,1,3,4,2017-10-26,2017-12-28,57.0,0.7072826334182297,57.0,63.0,63.0,2017-10,2017-12
UBU4E17W,2.0,19,1,2,2017-10-26,2017-11-06,0.0,0.07877234362175188,0.0,11.0,11.0,2017-10,2017-11
99HAV7SY,36.0,2,5,2,2017-10-26,2017-11-24,0.0,0.005594425830622904,0.0,29.0,29.0,2017-10,2017-11
UX9D17FS,52.0,13,2,4,2017-10-26,2017-11-04,4525.0,0.9999999999999996,4525.0,9.0,9.0,2017-10,2017-11
FL804BH8,39.0,10,2,2,2017-10-26,2017-10-30,0.0,0.003364323296891987,0.0,4.0,4.0,2017-10,2017-10
RWR0W3U8,85.0,10,2,2,2017-10-26,2017-10-27,0.0,0.0017663165527480433,0.0,1.0,1.0,2017-10,2017-10
8UU0I29V,21.0,28,1,4,2017-10-26,2017-10-28,504.0,0.8717306578897779,504.0,2.0,2.0,2017-10,2017-10
89A54FHW,19.0,8,2,2,2017-10-26,2017-10-27,0.0,0.004857098389833697,0.0,1.0,1.0,2017-10,2017-10
UGAEAB27,62.0,7,2,4,2017-10-26,2017-10-31,4377.0,0.999999999999998,4377.0,5.0,5.0,2017-10,2017-10
U2JI00ER,3.0,7,4,4,2017-10-26,2017-10-27,3353.0,0.999999999980099,3353.0,1.0,1.0,2017-10,2017-10
56D231XJ,42.0,34,5,2,2017-10-26,2017-10-31,0.0,0.003663437051716955,0.0,5.0,5.0,2017-10,2017-10
O2CFE5KX,21.0,34,3,4,2017-10-26,2017-11-03,50.0,0.5455250167338423,50.0,8.0,8.0,2017-10,2017-11
UCLGT98S,13.0,9,1,2,2017-10-26,2017-10-30,0.0,0.07603571475431066,0.0,4.0,4.0,2017-10,2017-10
31IV2B9O,,24,1,1,2017-10-26,,0.0,0.12296916678989915,0.0,66.0,,2017-10,
BZG9DI4Z,6.0,24,1,2,2017-10-26,2017-10-28,0.0,0.08754636181202802,0.0,2.0,2.0,2017-10,2017-10
E2R39451,34.0,24,1,2,2017-10-26,2017-10-27,0.0,0.0793723822073871,0.0,1.0,1.0,2017-10,2017-10
KHQR5AKG,70.0,24,4,2,2017-10-26,2017-11-04,0.0,0.0033338306685951977,0.0,9.0,9.0,2017-10,2017-11
NMI79ZYT,26.0,12,1,2,2017-10-26,2017-10-31,0.0,0.06884026707588482,0.0,5.0,5.0,2017-10,2017-10
RU3HH59R,82.0,12,1,2,2017-10-26,2017-10-28,0.0,0.12792953864705542,0.0,2.0,2.0,2017-10,2017-10
4D0K5T7T,30.0,33,2,1,2017-10-26,,0.0,0.006178994658637232,0.0,66.0,,2017-10,
IE1N4OUS,60.0,1,5,4,2017-10-27,2017-12-07,5269.0,1.0,5269.0,41.0,41.0,2017-10,2017-12
A5IABHP1,5.0,22,2,4,2017-10-27,2017-10-28,5275.0,1.0,5275.0,1.0,1.0,2017-10,2017-10
FOFS0O2G,78.0,19,5,2,2017-10-27,2017-10-29,0.0,0.0035716640499838916,0.0,2.0,2.0,2017-10,2017-10
66BQC4C9,13.0,2,4,2,2017-10-27,2017-11-07,0.0,0.004022566485015228,0.0,11.0,11.0,2017-10,2017-11
GXQJVJQT,49.0,13,1,4,2017-10-27,2017-10-29,601.0,0.9629209687608871,601.0,2.0,2.0,2017-10,2017-10
PP4ZY6TZ,73.0,10,7,2,2017-10-27,2017-11-10,0.0,0.01840183350072455,0.0,14.0,14.0,2017-10,2017-11
7TOPAQ9Y,23.0,10,3,4,2017-10-27,2017-12-29,53.0,0.6578612883015432,53.0,63.0,63.0,2017-10,2017-12
7NJS374V,34.0,28,3,4,2017-10-27,2017-11-10,46.0,0.5817696658563336,46.0,14.0,14.0,2017-10,2017-11
KKO2EFHS,35.0,30,2,2,2017-10-27,2017-10-29,0.0,0.003360940180604065,0.0,2.0,2.0,2017-10,2017-10
PJJMVZAL,73.0,6,1,4,2017-10-27,2017-10-29,538.0,0.9418765135389996,538.0,2.0,2.0,2017-10,2017-10
MFYR7SSG,54.0,32,3,4,2017-10-27,2017-12-15,53.0,0.6554569120188498,53.0,49.0,49.0,2017-10,2017-12
F2F1LPTA,19.0,4,4,4,2017-10-27,2017-11-03,3296.0,0.9999999999609042,3296.0,7.0,7.0,2017-10,2017-11
QVP4LFVD,17.0,27,1,2,2017-10-27,2017-10-28,0.0,0.06209341495131106,0.0,1.0,1.0,2017-10,2017-10
7FZMWZJT,39.0,7,4,4,2017-10-27,2017-11-07,3561.0,0.9999999999968241,3561.0,11.0,11.0,2017-10,2017-11
8THGVJ52,64.0,34,5,4,2017-10-27,2017-11-06,5655.0,1.0,5655.0,10.0,10.0,2017-10,2017-11
M827K2PI,16.0,5,1,4,2017-10-27,2017-12-14,656.0,0.9755400055115013,656.0,48.0,48.0,2017-10,2017-12
4ETZYSN3,18.0,21,4,4,2017-10-27,2017-11-05,3258.0,0.9999999999754254,3258.0,9.0,9.0,2017-10,2017-11
SZDGWQLT,32.0,25,1,4,2017-10-27,2017-11-12,577.0,0.9552153850314633,577.0,16.0,16.0,2017-10,2017-11
YM5F751C,67.0,3,3,4,2017-10-27,2017-10-28,50.0,0.5635525544444674,50.0,1.0,1.0,2017-10,2017-10
G7U0HP7Q,47.0,24,1,2,2017-10-27,2017-10-29,0.0,0.06922065232705187,0.0,2.0,2.0,2017-10,2017-10
FRNGLIYS,15.0,1,3,4,2017-10-28,2017-10-29,66.0,0.6780369933668179,66.0,1.0,1.0,2017-10,2017-10
OY08XJ2E,27.0,13,6,4,2017-10-28,2017-11-12,1079.0,0.9950331314423281,1079.0,15.0,15.0,2017-10,2017-11
ZSZFPCYS,13.0,10,4,2,2017-10-28,2017-10-29,0.0,0.003623134783531019,0.0,1.0,1.0,2017-10,2017-10
BXCEXXP4,18.0,20,4,2,2017-10-28,2017-11-03,0.0,0.003948453981871186,0.0,6.0,6.0,2017-10,2017-11
H3K2E35I,10.0,28,7,4,2017-10-28,2017-10-29,27971.0,1.0,27971.0,1.0,1.0,2017-10,2017-10
P5C842B5,,32,5,1,2017-10-28,,0.0,0.007744397587726415,0.0,64.0,,2017-10,
7EHJYKWE,77.0,31,1,1,2017-10-28,,0.0,0.0778808725192147,0.0,64.0,,2017-10,
LB6S2ONR,79.0,27,1,4,2017-10-28,2017-11-11,598.0,0.9399067348951883,598.0,14.0,14.0,2017-10,2017-11
6BRNE2DV,67.0,3,3,2,2017-10-28,2017-10-29,0.0,0.45157892839394387,0.0,1.0,1.0,2017-10,2017-10
ST4H8MB7,41.0,24,2,2,2017-10-28,2017-10-29,0.0,0.0031328349256660717,0.0,1.0,1.0,2017-10,2017-10
VMGCRSWP,7.0,12,3,4,2017-10-28,2017-11-14,61.0,0.6396266333466623,61.0,17.0,17.0,2017-10,2017-11
4HJIT2B6,58.0,33,1,2,2017-10-28,2017-11-07,0.0,0.1067065952971368,0.0,10.0,10.0,2017-10,2017-11
DJY7S9AI,55.0,33,4,4,2017-10-28,2017-11-12,3082.0,0.9999999994834847,3082.0,15.0,15.0,2017-10,2017-11
X6MHLE33,27.0,19,1,2,2017-10-29,2017-11-12,0.0,0.09165668591526542,0.0,14.0,14.0,2017-10,2017-11
TLAWJR5V,52.0,13,5,4,2017-10-29,2017-11-11,5646.0,1.0,5646.0,13.0,13.0,2017-10,2017-11
SQ63LXS8,11.0,10,4,2,2017-10-29,2017-11-04,0.0,0.0024151874672914994,0.0,6.0,6.0,2017-10,2017-11
L3PLDC1Y,11.0,10,2,4,2017-10-29,2017-10-30,4733.0,0.9999999999999998,4733.0,1.0,1.0,2017-10,2017-10
HMG6NWSR,9.0,8,4,4,2017-10-29,2017-12-30,2931.0,0.9999999992469433,2931.0,62.0,62.0,2017-10,2017-12
KNH4ZX85,4.0,6,3,4,2017-10-29,2017-10-31,62.0,0.6925956607537495,62.0,2.0,2.0,2017-10,2017-10
FV7Y3ZPO,44.0,14,4,2,2017-10-29,2017-11-03,0.0,0.003589197233344751,0.0,5.0,5.0,2017-10,2017-11
DDQ0MDYY,33.0,33,2,4,2017-10-29,2017-10-31,4178.0,0.9999999999999829,4178.0,2.0,2.0,2017-10,2017-10
HFER9GET,43.0,19,2,4,2017-10-30,2017-11-04,5239.0,1.0,5239.0,5.0,5.0,2017-10,2017-11
0N11U6L3,1.0,18,6,1,2017-10-30,,0.0,0.00796753376763451,0.0,62.0,,2017-10,
005JS57S,73.0,8,1,4,2017-10-30,2017-11-11,539.0,0.9300334715226959,539.0,12.0,12.0,2017-10,2017-11
W5FH95XO,,26,3,1,2017-10-30,,0.0,0.6527910504050194,0.0,62.0,,2017-10,
TWDNQ9TX,57.0,6,6,4,2017-10-30,2017-10-31,973.0,0.9911045249633152,973.0,1.0,1.0,2017-10,2017-10
G289FPBV,67.0,4,3,2,2017-10-30,2017-10-31,0.0,0.3154093031708169,0.0,1.0,1.0,2017-10,2017-10
G9H0MWBL,26.0,21,5,2,2017-10-30,2017-10-31,0.0,0.004202984190543848,0.0,1.0,1.0,2017-10,2017-10
P2YWZPES,44.0,24,1,4,2017-10-30,2017-11-04,622.0,0.9694715473993557,622.0,5.0,5.0,2017-10,2017-11
NPGETEDZ,70.0,33,6,2,2017-10-30,2017-11-15,0.0,0.008692868262730856,0.0,16.0,16.0,2017-10,2017-11
J5I6Y4RN,39.0,1,3,2,2017-10-31,2017-11-10,0.0,0.5508262681631485,0.0,10.0,10.0,2017-10,2017-11
XRMOUF1R,12.0,22,4,4,2017-10-31,2017-11-07,4172.0,0.99999999999999,4172.0,7.0,7.0,2017-10,2017-11
TL0UILCV,74.0,19,2,4,2017-10-31,2017-11-14,4529.0,0.9999999999999991,4529.0,14.0,14.0,2017-10,2017-11
FAS4V07H,44.0,19,4,4,2017-10-31,2017-12-10,2695.0,0.999999993471909,2695.0,40.0,40.0,2017-10,2017-12
3Z9AX43T,9.0,10,2,2,2017-10-31,2017-12-22,0.0,0.005403560813882483,0.0,52.0,52.0,2017-10,2017-12
5JO7SIGB,13.0,10,2,2,2017-10-31,2017-11-10,0.0,0.003958473270285497,0.0,10.0,10.0,2017-10,2017-11
8MQPNCCU,26.0,20,1,4,2017-10-31,2017-11-09,486.0,0.7937489903635404,486.0,9.0,9.0,2017-10,2017-11
2DT70XCQ,56.0,20,1,4,2017-10-31,2017-11-08,450.0,0.8336664423826687,450.0,8.0,8.0,2017-10,2017-11
O1SCOU11,,28,3,1,2017-10-31,,0.0,0.5857736749433422,0.0,61.0,,2017-10,
HYBR36NG,24.0,28,3,2,2017-10-31,2017-11-09,0.0,0.6258003256569293,0.0,9.0,9.0,2017-10,2017-11
WXOL5HTS,52.0,15,5,4,2017-10-31,2017-11-08,6818.0,1.0,6818.0,8.0,8.0,2017-10,2017-11
F15SU034,12.0,8,4,4,2017-10-31,2017-12-21,3298.0,0.9999999999743616,3298.0,51.0,51.0,2017-10,2017-12
OMCFUDOU,,30,2,1,2017-10-31,,0.0,0.005281317144485422,0.0,61.0,,2017-10,
KLBW3TOH,32.0,32,5,4,2017-10-31,2017-11-09,5512.0,1.0,5512.0,9.0,9.0,2017-10,2017-11
ESNS1OS9,42.0,32,5,4,2017-10-31,2017-11-07,4742.0,1.0,4742.0,7.0,7.0,2017-10,2017-11
HDUZC4G9,79.0,31,1,4,2017-10-31,2017-11-02,653.0,0.9719720250757882,653.0,2.0,2.0,2017-10,2017-11
1629C4UW,13.0,4,6,2,2017-10-31,2017-11-10,0.0,0.00790832846947794,0.0,10.0,10.0,2017-10,2017-11
0OXJ2HOP,14.0,27,4,4,2017-10-31,2017-11-11,4058.0,0.9999999999999669,4058.0,11.0,11.0,2017-10,2017-11
RCGBY4IA,12.0,21,1,4,2017-10-31,2017-11-01,553.0,0.964832819140411,553.0,1.0,1.0,2017-10,2017-11
8R0HTKUK,78.0,14,5,2,2017-10-31,2017-11-07,0.0,0.003266775378566167,0.0,7.0,7.0,2017-10,2017-11
W2ZRP2EC,42.0,24,3,2,2017-10-31,2017-11-03,0.0,0.4596420762863569,0.0,3.0,3.0,2017-10,2017-11
HN6TZPAF,,16,5,1,2017-10-31,,0.0,0.007205688662960789,0.0,61.0,,2017-10,
AEH9XJ3T,42.0,19,6,2,2017-11-01,2017-11-13,0.0,0.00928866385235438,0.0,12.0,12.0,2017-11,2017-11
X3DSI0TQ,29.0,2,5,2,2017-11-01,2017-11-15,0.0,0.003914701600092406,0.0,14.0,14.0,2017-11,2017-11
MG3X7625,39.0,2,5,4,2017-11-01,2017-12-22,5504.0,1.0,5504.0,51.0,51.0,2017-11,2017-12
8JR8LXEU,3.0,8,3,4,2017-11-01,2017-11-05,53.0,0.6078952119985139,53.0,4.0,4.0,2017-11,2017-11
KMRR1P94,73.0,6,1,2,2017-11-01,2017-11-17,0.0,0.12337325612401143,0.0,16.0,16.0,2017-11,2017-11
JRCD2VQY,21.0,32,4,4,2017-11-01,2017-11-06,3064.0,0.9999999996569278,3064.0,5.0,5.0,2017-11,2017-11
FXKBY5FR,58.0,34,4,4,2017-11-01,2017-11-14,2866.0,0.9999999987720096,2866.0,13.0,13.0,2017-11,2017-11
8415S7ZV,32.0,24,1,2,2017-11-01,2017-11-06,0.0,0.13063798460645645,0.0,5.0,5.0,2017-11,2017-11
UZ83LE9X,77.0,24,5,2,2017-11-01,2017-11-10,0.0,0.0029196306463090895,0.0,9.0,9.0,2017-11,2017-11
GIDII30C,47.0,24,6,4,2017-11-01,2017-11-10,960.0,0.9790640672274978,960.0,9.0,9.0,2017-11,2017-11
IVVBVNDH,50.0,24,3,4,2017-11-01,2017-11-02,55.0,0.6409286524081522,55.0,1.0,1.0,2017-11,2017-11
854QZNWK,,12,3,1,2017-11-01,,0.0,0.6232848413858992,0.0,60.0,,2017-11,
FBKK68G6,18.0,22,2,4,2017-11-02,2017-11-07,4155.0,0.9999999999999911,4155.0,5.0,5.0,2017-11,2017-11
46UHJGY0,,13,3,1,2017-11-02,,0.0,0.6270159436378542,0.0,59.0,,2017-11,
SSSTYFDY,12.0,18,6,2,2017-11-02,2017-11-05,0.0,0.014236025192188037,0.0,3.0,3.0,2017-11,2017-11
VSMB0KJW,8.0,20,1,4,2017-11-02,2017-11-28,532.0,0.9377025379199863,532.0,26.0,26.0,2017-11,2017-11
UVS5WJRG,9.0,6,1,4,2017-11-02,2017-11-03,479.0,0.9121932851551858,479.0,1.0,1.0,2017-11,2017-11
MOBO9N8H,77.0,32,1,2,2017-11-02,2017-11-07,0.0,0.06987243180352709,0.0,5.0,5.0,2017-11,2017-11
N2249A7T,,27,2,1,2017-11-02,,0.0,0.0032845286520677315,0.0,59.0,,2017-11,
5HHFR0VZ,77.0,27,2,4,2017-11-02,2017-11-29,4521.0,0.9999999999999987,4521.0,27.0,27.0,2017-11,2017-11
0DYZ71WX,26.0,21,1,4,2017-11-02,2017-11-16,585.0,0.9505969883099548,585.0,14.0,14.0,2017-11,2017-11
Q1Q3D9BZ,70.0,24,1,2,2017-11-02,2017-11-07,0.0,0.09629627592191327,0.0,5.0,5.0,2017-11,2017-11
9KV5GM4U,65.0,24,1,4,2017-11-02,2017-11-06,430.0,0.8454498830916733,430.0,4.0,4.0,2017-11,2017-11
6X24V0NC,11.0,10,2,2,2017-11-03,2017-11-09,0.0,0.002796202870876372,0.0,6.0,6.0,2017-11,2017-11
IIZV9WFC,28.0,6,1,4,2017-11-03,2017-12-02,577.0,0.9393766645622024,577.0,29.0,29.0,2017-11,2017-12
E1LFK6E3,,32,1,1,2017-11-03,,0.0,0.14162723088985357,0.0,58.0,,2017-11,
XSEG5T4H,83.0,27,6,1,2017-11-03,,0.0,0.012379523483808866,0.0,58.0,,2017-11,
WTZ2AHNW,73.0,7,2,4,2017-11-03,2017-12-18,4591.0,0.9999999999999998,4591.0,45.0,45.0,2017-11,2017-12
RQ5FNR4O,34.0,34,1,4,2017-11-03,2017-11-18,662.0,0.9720102134639143,662.0,15.0,15.0,2017-11,2017-11
9BZBU2GY,55.0,34,5,4,2017-11-03,2017-12-31,5091.0,1.0,5091.0,58.0,58.0,2017-11,2017-12
1FMCUSFS,56.0,22,5,4,2017-11-04,2017-12-08,5737.0,1.0,5737.0,34.0,34.0,2017-11,2017-12
WJO52I18,38.0,19,2,1,2017-11-04,,0.0,0.005057151749624119,0.0,57.0,,2017-11,
ZQSSHSL7,18.0,19,1,4,2017-11-04,2017-11-06,583.0,0.9697139103437891,583.0,2.0,2.0,2017-11,2017-11
SWYO7V7O,36.0,10,2,2,2017-11-04,2017-11-08,0.0,0.0035979120046670705,0.0,4.0,4.0,2017-11,2017-11
62UFJ4IQ,70.0,30,5,4,2017-11-04,2017-11-10,5031.0,1.0,5031.0,6.0,6.0,2017-11,2017-11
SQ71BWHG,82.0,31,2,1,2017-11-04,,0.0,0.006363318736572801,0.0,57.0,,2017-11,
ON821ADT,,27,2,1,2017-11-04,,0.0,0.003246842010671331,0.0,57.0,,2017-11,
ZO4FDMPS,57.0,7,2,2,2017-11-04,2017-11-05,0.0,0.006742211903695086,0.0,1.0,1.0,2017-11,2017-11
T7N0RX05,,34,5,1,2017-11-04,,0.0,0.005892495685049574,0.0,57.0,,2017-11,
D9LUG4D8,56.0,21,2,4,2017-11-04,2017-11-21,4237.0,0.9999999999999958,4237.0,17.0,17.0,2017-11,2017-11
M23VU0A9,44.0,14,5,2,2017-11-04,2017-11-14,0.0,0.005567314065933314,0.0,10.0,10.0,2017-11,2017-11
RN67OVFW,,33,1,1,2017-11-04,,0.0,0.09496878400034822,0.0,57.0,,2017-11,
YAVTI45C,21.0,33,1,4,2017-11-04,2017-12-12,481.0,0.8416411528211718,481.0,38.0,38.0,2017-11,2017-12
XZUEXEUH,3.0,1,1,4,2017-11-05,2017-11-09,480.0,0.9017841559369254,480.0,4.0,4.0,2017-11,2017-11
IBB0VGUN,,19,3,1,2017-11-05,,0.0,0.5926192491476425,0.0,56.0,,2017-11,
0CR37ETK,,13,4,1,2017-11-05,,0.0,0.0049706343832649534,0.0,56.0,,2017-11,
MA56XGWR,40.0,18,1,1,2017-11-05,,0.0,0.13703362944813588,0.0,56.0,,2017-11,
6Z3EP424,50.0,28,3,4,2017-11-05,2017-11-16,51.0,0.6370591295806862,51.0,11.0,11.0,2017-11,2017-11
VPIXVUUE,9.0,8,1,2,2017-11-05,2017-11-16,0.0,0.10640400683814401,0.0,11.0,11.0,2017-11,2017-11
F98UFHM2,30.0,8,3,4,2017-11-05,2017-12-31,52.0,0.7618906285149974,52.0,56.0,56.0,2017-11,2017-12
NNNEMOZ5,,30,5,1,2017-11-05,,0.0,0.006769618263189897,0.0,56.0,,2017-11,
JB7JEEI5,70.0,30,6,4,2017-11-05,2017-11-22,1218.0,0.9986873112954553,1218.0,17.0,17.0,2017-11,2017-11
FQP39JQV,55.0,31,5,4,2017-11-05,2017-11-12,5681.0,1.0,5681.0,7.0,7.0,2017-11,2017-11
PWW6TH3V,19.0,7,4,2,2017-11-05,2017-11-17,0.0,0.006768310078672182,0.0,12.0,12.0,2017-11,2017-11
KXEZ5B3Q,48.0,21,3,2,2017-11-05,2017-11-17,0.0,0.6206568262093672,0.0,12.0,12.0,2017-11,2017-11
3UA6O3NG,44.0,21,5,4,2017-11-05,2017-11-07,6767.0,1.0,6767.0,2.0,2.0,2017-11,2017-11
QD7MU7DD,,14,2,1,2017-11-05,,0.0,0.004444403576400686,0.0,56.0,,2017-11,
3ML02CAH,9.0,3,3,4,2017-11-05,2017-11-11,61.0,0.7466580565343467,61.0,6.0,6.0,2017-11,2017-11
T7AHYN7O,53.0,12,3,2,2017-11-05,2017-11-21,0.0,0.49543666326726343,0.0,16.0,16.0,2017-11,2017-11
9BMWYLQV,61.0,33,3,4,2017-11-05,2017-11-17,62.0,0.7292168617273006,62.0,12.0,12.0,2017-11,2017-11
I5VHXAWW,7.0,22,5,1,2017-11-06,,0.0,0.005647833023228447,0.0,55.0,,2017-11,
76ZQP7QY,3.0,10,2,2,2017-11-06,2017-11-07,0.0,0.0035085828568114643,0.0,1.0,1.0,2017-11,2017-11
DP7QR35U,22.0,28,6,2,2017-11-06,2017-11-07,0.0,0.010602589071047818,0.0,1.0,1.0,2017-11,2017-11
VAD1MF34,45.0,8,3,4,2017-11-06,2017-12-19,48.0,0.6440073438848084,48.0,43.0,43.0,2017-11,2017-12
J9PCNCUP,31.0,31,1,1,2017-11-06,,0.0,0.10571976724161855,0.0,55.0,,2017-11,
6AA52750,25.0,9,2,2,2017-11-06,2017-11-13,0.0,0.002151984927581064,0.0,7.0,7.0,2017-11,2017-11
1BW8S7JD,,12,3,1,2017-11-06,,0.0,0.6164645913802493,0.0,55.0,,2017-11,
WOD9UKMP,66.0,2,6,4,2017-11-07,2017-11-18,1059.0,0.9975722590361921,1059.0,11.0,11.0,2017-11,2017-11
C2FSIMZP,,13,2,1,2017-11-07,,0.0,0.00534747542339322,0.0,54.0,,2017-11,
T482GHJQ,45.0,10,2,4,2017-11-07,2017-12-20,5031.0,1.0,5031.0,43.0,43.0,2017-11,2017-12
JFIL5JU0,15.0,4,1,4,2017-11-07,2017-12-22,557.0,0.9181885019782823,557.0,45.0,45.0,2017-11,2017-12
3GVL1I1G,7.0,14,4,4,2017-11-07,2017-11-14,3426.0,0.9999999999843094,3426.0,7.0,7.0,2017-11,2017-11
72C58IRY,25.0,2,4,4,2017-11-08,2017-11-26,2968.0,0.9999999992112922,2968.0,18.0,18.0,2017-11,2017-11
MMIYELAE,28.0,8,6,4,2017-11-08,2017-11-19,1071.0,0.9906662906980195,1071.0,11.0,11.0,2017-11,2017-11
GS9UKUGV,73.0,6,2,2,2017-11-08,2017-11-16,0.0,0.004750752361250132,0.0,8.0,8.0,2017-11,2017-11
X9MTGVJZ,70.0,32,5,2,2017-11-08,2017-11-26,0.0,0.006428029409062172,0.0,18.0,18.0,2017-11,2017-11
N22XN5IM,55.0,32,6,4,2017-11-08,2017-12-04,1082.0,0.9938615255058495,1082.0,26.0,26.0,2017-11,2017-12
OTQTFK48,54.0,31,6,4,2017-11-08,2017-11-11,1203.0,0.9975191704151454,1203.0,3.0,3.0,2017-11,2017-11
URN9V0FK,45.0,4,3,2,2017-11-08,2017-12-30,0.0,0.48564587138492105,0.0,52.0,52.0,2017-11,2017-12
K6TJSGUB,76.0,7,6,4,2017-11-08,2017-11-17,985.0,0.9920192347851384,985.0,9.0,9.0,2017-11,2017-11
CSXOYE1C,62.0,9,6,4,2017-11-08,2017-11-20,1133.0,0.9948146293627443,1133.0,12.0,12.0,2017-11,2017-11
4ATO2S4S,8.0,12,3,4,2017-11-08,2017-12-27,56.0,0.7837521109768998,56.0,49.0,49.0,2017-11,2017-12
PMK11X5L,,16,6,1,2017-11-08,,0.0,0.015764707860313233,0.0,53.0,,2017-11,
W4XB23IP,,22,1,1,2017-11-09,,0.0,0.12477522351760374,0.0,52.0,,2017-11,
J0X7ZNDX,82.0,20,1,2,2017-11-09,2017-11-13,0.0,0.0919787560962526,0.0,4.0,4.0,2017-11,2017-11
GCCBRJF8,69.0,15,5,4,2017-11-09,2017-11-27,4884.0,1.0,4884.0,18.0,18.0,2017-11,2017-11
G7ZZG9DI,42.0,30,1,4,2017-11-09,2017-11-22,443.0,0.8399639549711762,443.0,13.0,13.0,2017-11,2017-11
TY9RBWLT,32.0,32,1,4,2017-11-09,2017-11-23,562.0,0.9679851356561932,562.0,14.0,14.0,2017-11,2017-11
NNREN4Q5,34.0,32,1,4,2017-11-09,2017-11-21,437.0,0.8524387116831941,437.0,12.0,12.0,2017-11,2017-11
T0H5HATU,58.0,31,4,2,2017-11-09,2017-11-23,0.0,0.005343906346910054,0.0,14.0,14.0,2017-11,2017-11
49TIKZ5B,42.0,31,1,4,2017-11-09,2017-11-14,606.0,0.9512085250938557,606.0,5.0,5.0,2017-11,2017-11
ZM1HKZRS,65.0,27,3,4,2017-11-09,2017-12-10,56.0,0.6070253503531072,56.0,31.0,31.0,2017-11,2017-12
2FGV5XNE,70.0,34,4,2,2017-11-09,2017-11-27,0.0,0.0035437648404104223,0.0,18.0,18.0,2017-11,2017-11
04G3DK6T,76.0,5,3,4,2017-11-09,2017-11-21,54.0,0.6834121480732289,54.0,12.0,12.0,2017-11,2017-11
6JBM1ZKO,,24,2,1,2017-11-09,,0.0,0.00463435597378817,0.0,52.0,,2017-11,
QSCVBJNJ,1.0,16,2,2,2017-11-09,2017-11-23,0.0,0.002518024014813542,0.0,14.0,14.0,2017-11,2017-11
C3KQJVDU,1.0,13,1,4,2017-11-10,2017-11-18,577.0,0.9244714704874297,577.0,8.0,8.0,2017-11,2017-11
NZIJ3KKG,48.0,18,6,2,2017-11-10,2017-11-16,0.0,0.010268999435623215,0.0,6.0,6.0,2017-11,2017-11
F46Q34LY,59.0,10,2,4,2017-11-10,2017-11-20,4480.0,0.9999999999999993,4480.0,10.0,10.0,2017-11,2017-11
5C13TAA8,47.0,31,5,4,2017-11-10,2017-12-22,6299.0,1.0,6299.0,42.0,42.0,2017-11,2017-12
BFB6C54U,12.0,31,2,4,2017-11-10,2017-12-01,4673.0,1.0,4673.0,21.0,21.0,2017-11,2017-12
ZSYWCL6R,77.0,27,7,2,2017-11-10,2017-11-26,0.0,0.006995973553451571,0.0,16.0,16.0,2017-11,2017-11
VNJQD4Z7,81.0,21,5,4,2017-11-10,2017-12-29,4659.0,1.0,4659.0,49.0,49.0,2017-11,2017-12
0KWYQTQQ,,25,3,1,2017-11-10,,0.0,0.5256601834900831,0.0,51.0,,2017-11,
50OYB2YN,43.0,13,6,4,2017-11-11,2017-11-20,1180.0,0.9974034499692549,1180.0,9.0,9.0,2017-11,2017-11
C8BIQFEN,3.0,10,5,2,2017-11-11,2017-11-14,0.0,0.004622015793702594,0.0,3.0,3.0,2017-11,2017-11
0TEEJ0WD,53.0,20,6,2,2017-11-11,2017-11-18,0.0,0.0061046148429123185,0.0,7.0,7.0,2017-11,2017-11
T2G750N6,73.0,6,3,4,2017-11-11,2017-12-04,57.0,0.7156520204659119,57.0,23.0,23.0,2017-11,2017-12
6BCEXGTX,72.0,7,5,2,2017-11-11,2017-11-22,0.0,0.006056304332973881,0.0,11.0,11.0,2017-11,2017-11
6ZFEAR57,28.0,9,6,2,2017-11-11,2017-11-22,0.0,0.005655804341406555,0.0,11.0,11.0,2017-11,2017-11
Y1JFDUVB,11.0,3,3,4,2017-11-11,2017-12-20,48.0,0.6459823412045876,48.0,39.0,39.0,2017-11,2017-12
7FCXBW1M,5.0,12,3,4,2017-11-11,2017-11-13,51.0,0.6722016177791345,51.0,2.0,2.0,2017-11,2017-11
83Y5850C,38.0,1,3,2,2017-11-12,2017-11-25,0.0,0.5964760881814969,0.0,13.0,13.0,2017-11,2017-11
V1458D23,74.0,13,6,4,2017-11-12,2017-11-13,1138.0,0.9957217523866678,1138.0,1.0,1.0,2017-11,2017-11
LJEAX51Q,68.0,10,3,4,2017-11-12,2017-12-21,49.0,0.7128430971328599,49.0,39.0,39.0,2017-11,2017-12
LDDQ5PN2,69.0,15,4,2,2017-11-12,2017-11-21,0.0,0.0032546415051701175,0.0,9.0,9.0,2017-11,2017-11
WPJ0AS7T,28.0,8,1,4,2017-11-12,2017-12-28,650.0,0.9637039474468839,650.0,46.0,46.0,2017-11,2017-12
4J8IA9GL,47.0,31,1,4,2017-11-12,2017-12-29,470.0,0.8630276295547665,470.0,47.0,47.0,2017-11,2017-12
76RZPT87,39.0,4,1,4,2017-11-12,2017-12-31,567.0,0.9295888494300928,567.0,49.0,49.0,2017-11,2017-12
9E3UNPHY,51.0,27,4,4,2017-11-12,2017-12-25,3836.0,0.9999999999997364,3836.0,43.0,43.0,2017-11,2017-12
CQ8UELF8,57.0,7,5,4,2017-11-12,2017-11-14,5916.0,1.0,5916.0,2.0,2.0,2017-11,2017-11
4E5E9MYV,10.0,34,6,4,2017-11-12,2017-11-22,938.0,0.9835839951524451,938.0,10.0,10.0,2017-11,2017-11
24BCH90I,42.0,34,6,4,2017-11-12,2017-11-15,1124.0,0.9951986530753654,1124.0,3.0,3.0,2017-11,2017-11
LWVZKYI0,30.0,3,3,4,2017-11-12,2017-12-01,61.0,0.792501477330522,61.0,19.0,19.0,2017-11,2017-12
1W2EEX4L,22.0,24,3,2,2017-11-12,2017-12-24,0.0,0.5789655899974563,0.0,42.0,42.0,2017-11,2017-12
8977L373,49.0,16,4,4,2017-11-12,2017-11-19,4011.0,0.9999999999999469,4011.0,7.0,7.0,2017-11,2017-11
66LD5EF0,35.0,33,6,2,2017-11-12,2017-11-15,0.0,0.00719326539375125,0.0,3.0,3.0,2017-11,2017-11
50JIFEWD,55.0,33,2,4,2017-11-12,2017-11-17,5144.0,1.0,5144.0,5.0,5.0,2017-11,2017-11
MTZQ55RH,84.0,22,1,4,2017-11-13,2017-11-24,493.0,0.9311513070697992,493.0,11.0,11.0,2017-11,2017-11
1V3O11ZD,43.0,19,1,2,2017-11-13,2017-11-23,0.0,0.07311618444269707,0.0,10.0,10.0,2017-11,2017-11
AIBZQM42,43.0,18,6,4,2017-11-13,2017-11-20,1224.0,0.9978643751430301,1224.0,7.0,7.0,2017-11,2017-11
IZ5MV9YF,39.0,6,1,2,2017-11-13,2017-11-21,0.0,0.09768342269569846,0.0,8.0,8.0,2017-11,2017-11
OHJX1K09,44.0,32,1,2,2017-11-13,2017-11-14,0.0,0.12962452646438682,0.0,1.0,1.0,2017-11,2017-11
I33TECO1,36.0,32,2,2,2017-11-13,2017-11-30,0.0,0.004601767377128113,0.0,17.0,17.0,2017-11,2017-11
MT45X396,68.0,4,1,2,2017-11-13,2017-11-19,0.0,0.07968669996891684,0.0,6.0,6.0,2017-11,2017-11
G1W97XZA,,34,6,1,2017-11-13,,0.0,0.012667757869584684,0.0,48.0,,2017-11,
V8ELYA6F,73.0,1,5,4,2017-11-14,2017-11-15,5276.0,1.0,5276.0,1.0,1.0,2017-11,2017-11
NXXKM7C7,9.0,18,6,1,2017-11-14,,0.0,0.015914356943071695,0.0,47.0,,2017-11,
K98JFWRC,5.0,15,5,2,2017-11-14,2017-11-28,0.0,0.005564517851286693,0.0,14.0,14.0,2017-11,2017-11
H6Q0LXVH,45.0,8,6,2,2017-11-14,2017-11-20,0.0,0.009643449463317771,0.0,6.0,6.0,2017-11,2017-11
2BH5Q718,61.0,26,4,2,2017-11-14,2017-11-23,0.0,0.007433802169317973,0.0,9.0,9.0,2017-11,2017-11
CSJKVMR9,79.0,30,1,2,2017-11-14,2017-11-16,0.0,0.10345107814990183,0.0,2.0,2.0,2017-11,2017-11
N3YVDYY2,59.0,7,6,4,2017-11-14,2017-11-23,947.0,0.9902247495100055,947.0,9.0,9.0,2017-11,2017-11
LRP5IXX5,44.0,21,5,2,2017-11-14,2017-11-23,0.0,0.008302235896367317,0.0,9.0,9.0,2017-11,2017-11
SH1NTXPV,43.0,12,4,4,2017-11-14,2017-11-29,3342.0,0.9999999999703792,3342.0,15.0,15.0,2017-11,2017-11
MKAKCFBQ,26.0,22,5,4,2017-11-15,2017-12-30,5610.0,1.0,5610.0,45.0,45.0,2017-11,2017-12
9YH8LS5H,12.0,19,4,2,2017-11-15,2017-12-15,0.0,0.005256810213730314,0.0,30.0,30.0,2017-11,2017-12
RO8TURF5,18.0,19,1,4,2017-11-15,2017-11-30,557.0,0.9646896322132978,557.0,15.0,15.0,2017-11,2017-11
EW5ASXX4,76.0,10,2,2,2017-11-15,2017-11-20,0.0,0.004627006449340686,0.0,5.0,5.0,2017-11,2017-11
MDLJKQ5B,15.0,10,2,4,2017-11-15,2017-11-30,5600.0,1.0,5600.0,15.0,15.0,2017-11,2017-11
7OIR36P2,1.0,20,2,4,2017-11-15,2017-12-27,4980.0,1.0,4980.0,42.0,42.0,2017-11,2017-12
7XRWWM0X,61.0,32,3,1,2017-11-15,,0.0,0.7458149255170505,0.0,46.0,,2017-11,
GQ13O0AQ,42.0,32,2,2,2017-11-15,2017-11-22,0.0,0.0036933322573797084,0.0,7.0,7.0,2017-11,2017-11
S9DDUFGP,44.0,31,1,2,2017-11-15,2017-11-28,0.0,0.11449175181218009,0.0,13.0,13.0,2017-11,2017-11
B5OXRZTT,42.0,33,1,4,2017-11-15,2017-11-25,530.0,0.8888798031516052,530.0,10.0,10.0,2017-11,2017-11
FX1RWO67,36.0,1,4,4,2017-11-16,2017-12-31,3300.0,0.9999999999737974,3300.0,45.0,45.0,2017-11,2017-12
BREOLQD9,,22,4,1,2017-11-16,,0.0,0.00444714870383818,0.0,45.0,,2017-11,
2AGA3ALY,44.0,26,4,4,2017-11-16,2017-11-20,3664.0,0.9999999999990694,3664.0,4.0,4.0,2017-11,2017-11
P8ZOY6HA,44.0,30,5,2,2017-11-16,2017-11-20,0.0,0.006292932391807956,0.0,4.0,4.0,2017-11,2017-11
PBGAZKMQ,66.0,6,1,4,2017-11-16,2017-11-22,575.0,0.9797846052795494,575.0,6.0,6.0,2017-11,2017-11
86MJT5KR,6.0,27,3,2,2017-11-16,2017-11-23,0.0,0.42338965150933694,0.0,7.0,7.0,2017-11,2017-11
62PCN0KS,,34,6,1,2017-11-16,,0.0,0.012452369734174504,0.0,45.0,,2017-11,
20NZO7TT,41.0,34,4,4,2017-11-16,2017-12-01,3271.0,0.999999999942399,3271.0,15.0,15.0,2017-11,2017-12
6FR9YZH2,4.0,5,5,2,2017-11-16,2017-11-17,0.0,0.004565856100139087,0.0,1.0,1.0,2017-11,2017-11
LCZGL74L,9.0,9,6,2,2017-11-16,2017-11-26,0.0,0.010156600082692141,0.0,10.0,10.0,2017-11,2017-11
6NWIZG2N,49.0,21,6,4,2017-11-16,2017-11-24,1035.0,0.9943637021266953,1035.0,8.0,8.0,2017-11,2017-11
IS2HLCEO,56.0,22,3,2,2017-11-17,2017-12-04,0.0,0.592980695324002,0.0,17.0,17.0,2017-11,2017-12
90D20NZU,38.0,10,5,4,2017-11-17,2017-11-24,4880.0,1.0,4880.0,7.0,7.0,2017-11,2017-11
P214KAH8,80.0,20,4,4,2017-11-17,2017-11-29,3644.0,0.9999999999984948,3644.0,12.0,12.0,2017-11,2017-11
HEMKK91Z,55.0,28,4,4,2017-11-17,2017-12-13,3538.0,0.9999999999936127,3538.0,26.0,26.0,2017-11,2017-12
R2JKKVOO,10.0,32,6,2,2017-11-17,2017-11-27,0.0,0.016322921728180013,0.0,10.0,10.0,2017-11,2017-11
6LS93NXH,32.0,31,1,2,2017-11-17,2017-11-27,0.0,0.13219354634206812,0.0,10.0,10.0,2017-11,2017-11
BI36TLO5,8.0,21,2,4,2017-11-17,2017-12-06,4154.0,0.9999999999999925,4154.0,19.0,19.0,2017-11,2017-12
TYQFCQBN,20.0,14,2,4,2017-11-17,2017-11-26,4620.0,0.9999999999999996,4620.0,9.0,9.0,2017-11,2017-11
DH4WEPQ5,16.0,3,5,4,2017-11-17,2017-11-18,5653.0,1.0,5653.0,1.0,1.0,2017-11,2017-11
NJAOJJY9,5.0,12,3,2,2017-11-17,2017-11-25,0.0,0.5729776717248384,0.0,8.0,8.0,2017-11,2017-11
VM6SAQYT,18.0,12,3,4,2017-11-17,2017-11-26,65.0,0.7908939151644845,65.0,9.0,9.0,2017-11,2017-11
E2LVAU2T,51.0,33,1,4,2017-11-17,2017-12-05,497.0,0.9116435349162363,497.0,18.0,18.0,2017-11,2017-12
CNAOGH7N,69.0,22,2,4,2017-11-18,2017-12-07,4645.0,0.9999999999999998,4645.0,19.0,19.0,2017-11,2017-12
0ONK3WET,48.0,19,2,4,2017-11-18,2017-11-21,4243.0,0.9999999999999929,4243.0,3.0,3.0,2017-11,2017-11
9Y43IDMY,53.0,18,6,2,2017-11-18,2017-12-06,0.0,0.0077794452892074465,0.0,18.0,18.0,2017-11,2017-12
UIE5G6GW,9.0,10,2,4,2017-11-18,2017-11-29,4617.0,0.9999999999999998,4617.0,11.0,11.0,2017-11,2017-11
GB6C2UK5,77.0,28,7,4,2017-11-18,2017-12-04,29220.0,1.0,29220.0,16.0,16.0,2017-11,2017-12
5S2JLJGL,25.0,6,6,2,2017-11-18,2017-11-30,0.0,0.009888110997508944,0.0,12.0,12.0,2017-11,2017-11
820NH7ZA,44.0,32,1,4,2017-11-18,2017-12-04,643.0,0.9805411915332227,643.0,16.0,16.0,2017-11,2017-12
PIPYDN8Y,61.0,31,1,2,2017-11-18,2017-11-21,0.0,0.14652637430578225,0.0,3.0,3.0,2017-11,2017-11
E3LNNM8H,6.0,34,5,2,2017-11-18,2017-12-05,0.0,0.004421395904552478,0.0,17.0,17.0,2017-11,2017-12
UHYI2QB2,25.0,5,3,2,2017-11-18,2017-11-28,0.0,0.45340007064912013,0.0,10.0,10.0,2017-11,2017-11
5SJP2J1J,49.0,22,6,4,2017-11-19,2017-11-20,886.0,0.9716087199933664,886.0,1.0,1.0,2017-11,2017-11
R5V9DX5U,57.0,2,4,4,2017-11-19,2017-11-28,3206.0,0.9999999999486417,3206.0,9.0,9.0,2017-11,2017-11
PGCWLU4L,27.0,18,1,4,2017-11-19,2017-11-20,678.0,0.9766215630918883,678.0,1.0,1.0,2017-11,2017-11
RVI6ARFW,25.0,10,1,4,2017-11-19,2017-11-20,549.0,0.9186323817409054,549.0,1.0,1.0,2017-11,2017-11
QVWPMJ8R,42.0,20,5,4,2017-11-19,2017-11-28,6540.0,1.0,6540.0,9.0,9.0,2017-11,2017-11
7M7UED1P,72.0,6,1,2,2017-11-19,2017-11-21,0.0,0.09928852987868887,0.0,2.0,2.0,2017-11,2017-11
JW51LS6C,47.0,34,4,2,2017-11-19,2017-12-04,0.0,0.0023916111594586937,0.0,15.0,15.0,2017-11,2017-12
KU4GX1KD,39.0,9,1,4,2017-11-19,2017-11-28,662.0,0.9652679535343444,662.0,9.0,9.0,2017-11,2017-11
GSE8QWMU,24.0,24,2,4,2017-11-19,2017-11-24,4540.0,0.9999999999999998,4540.0,5.0,5.0,2017-11,2017-11
6MTK51P5,60.0,1,3,4,2017-11-20,2017-11-29,52.0,0.7781793843200382,52.0,9.0,9.0,2017-11,2017-11
J962I0KG,,19,6,1,2017-11-20,,0.0,0.012883855667186691,0.0,41.0,,2017-11,
QA2XTMMZ,80.0,13,2,2,2017-11-20,2017-11-27,0.0,0.006106191463046814,0.0,7.0,7.0,2017-11,2017-11
T58EDFV0,32.0,32,1,4,2017-11-20,2017-12-08,504.0,0.9459369487328635,504.0,18.0,18.0,2017-11,2017-12
C09PGOZG,42.0,31,1,4,2017-11-20,2017-12-04,589.0,0.9438021427068705,589.0,14.0,14.0,2017-11,2017-12
IG9RPWOZ,66.0,5,5,4,2017-11-20,2017-12-09,5756.0,1.0,5756.0,19.0,19.0,2017-11,2017-12
3GFZ7SN4,68.0,5,4,4,2017-11-20,2017-11-23,3161.0,0.9999999998803859,3161.0,3.0,3.0,2017-11,2017-11
PQ84ANKD,,12,3,1,2017-11-20,,0.0,0.5971302646173464,0.0,41.0,,2017-11,
DC1E84LC,74.0,16,5,4,2017-11-20,2017-12-08,5209.0,1.0,5209.0,18.0,18.0,2017-11,2017-12
F0XGEQOE,42.0,19,4,2,2017-11-21,2017-11-25,0.0,0.002758091729168303,0.0,4.0,4.0,2017-11,2017-11
EQIV6PMF,15.0,2,3,4,2017-11-21,2017-12-08,58.0,0.6533049623970938,58.0,17.0,17.0,2017-11,2017-12
SK3A12HI,48.0,13,3,4,2017-11-21,2017-12-21,57.0,0.7006592622826603,57.0,30.0,30.0,2017-11,2017-12
F28BOUE5,8.0,20,2,4,2017-11-21,2017-12-10,5466.0,1.0,5466.0,19.0,19.0,2017-11,2017-12
Z7JCS0ZW,16.0,8,5,2,2017-11-21,2017-11-24,0.0,0.004234083456555259,0.0,3.0,3.0,2017-11,2017-11
9E3H6ONP,47.0,30,5,4,2017-11-21,2017-11-25,6932.0,1.0,6932.0,4.0,4.0,2017-11,2017-11
FVTCAFCL,51.0,31,1,4,2017-11-21,2017-12-22,597.0,0.9719371967116112,597.0,31.0,31.0,2017-11,2017-12
9TTQYYIW,33.0,27,4,2,2017-11-21,2017-11-27,0.0,0.0023033123558422706,0.0,6.0,6.0,2017-11,2017-11
33JYWJ1X,10.0,34,1,4,2017-11-21,2017-12-29,619.0,0.9729992799657069,619.0,38.0,38.0,2017-11,2017-12
L11T0DYF,22.0,24,4,4,2017-11-21,2017-12-01,2590.0,0.9999999780844679,2590.0,10.0,10.0,2017-11,2017-12
QJZVB9ZG,69.0,16,2,2,2017-11-21,2017-11-26,0.0,0.0037981776261186437,0.0,5.0,5.0,2017-11,2017-11
WAEWV7YD,80.0,19,1,4,2017-11-22,2017-12-07,609.0,0.9732878164679629,609.0,15.0,15.0,2017-11,2017-12
3RJPZ634,44.0,13,2,4,2017-11-22,2017-12-06,4492.0,0.9999999999999996,4492.0,14.0,14.0,2017-11,2017-12
FZH6NJAQ,58.0,34,6,2,2017-11-22,2017-11-27,0.0,0.01565220022679742,0.0,5.0,5.0,2017-11,2017-11
4MPM6ZPU,80.0,21,2,2,2017-11-22,2017-12-06,0.0,0.007469770770308893,0.0,14.0,14.0,2017-11,2017-12
U0XDMZK8,42.0,12,3,4,2017-11-22,2017-12-05,47.0,0.608999294729141,47.0,13.0,13.0,2017-11,2017-12
J1G2SZKD,32.0,33,1,1,2017-11-22,,0.0,0.12457890652373713,0.0,39.0,,2017-11,
BF9D3HVC,18.0,13,1,2,2017-11-23,2017-12-02,0.0,0.15978244963411714,0.0,9.0,9.0,2017-11,2017-12
YMWG4Z3S,76.0,31,6,1,2017-11-23,,0.0,0.015833032324145263,0.0,38.0,,2017-11,
6AT4VS58,65.0,31,1,4,2017-11-23,2017-12-08,484.0,0.8989225076712014,484.0,15.0,15.0,2017-11,2017-12
S5FBJ31P,59.0,7,4,2,2017-11-23,2017-11-25,0.0,0.005953550966323529,0.0,2.0,2.0,2017-11,2017-11
62JLAD45,72.0,9,3,2,2017-11-23,2017-11-28,0.0,0.4443960648170973,0.0,5.0,5.0,2017-11,2017-11
Z7GJE1K0,14.0,25,3,4,2017-11-23,2017-12-07,49.0,0.7207470807513982,49.0,14.0,14.0,2017-11,2017-12
PV3TH2FF,,24,3,1,2017-11-23,,0.0,0.5660123989217628,0.0,38.0,,2017-11,
4ZQTMS3Z,42.0,12,3,1,2017-11-23,,0.0,0.5531044386338086,0.0,38.0,,2017-11,
N6ZLW0OG,26.0,19,6,4,2017-11-24,2017-12-05,927.0,0.9671582981236598,927.0,11.0,11.0,2017-11,2017-12
IJ2CLOLZ,1.0,18,2,4,2017-11-24,2017-12-09,4445.0,0.9999999999999978,4445.0,15.0,15.0,2017-11,2017-12
K4N74V6U,11.0,10,2,4,2017-11-24,2017-12-04,5110.0,1.0,5110.0,10.0,10.0,2017-11,2017-12
H7GFLCDH,6.0,28,3,4,2017-11-24,2017-12-18,62.0,0.6562431922329781,62.0,24.0,24.0,2017-11,2017-12
0QMOIDET,44.0,30,6,4,2017-11-24,2017-12-11,1049.0,0.9946637824452551,1049.0,17.0,17.0,2017-11,2017-12
33JWQH71,46.0,32,6,4,2017-11-24,2017-12-05,885.0,0.9737433167424362,885.0,11.0,11.0,2017-11,2017-12
D55HTKRU,51.0,31,2,1,2017-11-24,,0.0,0.006173561506253171,0.0,37.0,,2017-11,
Z9WFXNX3,31.0,27,4,2,2017-11-24,2017-11-29,0.0,0.0019891419809140247,0.0,5.0,5.0,2017-11,2017-11
7ACIXBSY,27.0,12,4,4,2017-11-24,2017-12-05,3612.0,0.9999999999978921,3612.0,11.0,11.0,2017-11,2017-12
MEIBOSW7,82.0,16,2,4,2017-11-24,2017-11-29,5106.0,1.0,5106.0,5.0,5.0,2017-11,2017-11
NBUHFAKW,28.0,1,4,4,2017-11-25,2017-12-28,2477.0,0.9999999341284388,2477.0,33.0,33.0,2017-11,2017-12
PJ3NGI1Y,18.0,19,3,2,2017-11-25,2017-12-10,0.0,0.6516660568220877,0.0,15.0,15.0,2017-11,2017-12
RDZ2FC3A,76.0,10,1,4,2017-11-25,2017-12-11,537.0,0.943399744418018,537.0,16.0,16.0,2017-11,2017-12
R7GYOI0M,35.0,30,5,4,2017-11-25,2017-12-10,5547.0,1.0,5547.0,15.0,15.0,2017-11,2017-12
Z1IF1M5M,45.0,5,6,4,2017-11-25,2017-11-29,1001.0,0.9876832143463363,1001.0,4.0,4.0,2017-11,2017-11
B133ECHC,42.0,24,5,2,2017-11-25,2017-12-05,0.0,0.003838574612195328,0.0,10.0,10.0,2017-11,2017-12
P55UV5QW,80.0,12,6,2,2017-11-25,2017-11-29,0.0,0.0172604545480311,0.0,4.0,4.0,2017-11,2017-11
H0HDYIYJ,74.0,16,2,4,2017-11-25,2017-11-29,5077.0,1.0,5077.0,4.0,4.0,2017-11,2017-11
EBMBP7JQ,15.0,1,4,4,2017-11-26,2017-12-07,3844.0,0.9999999999997353,3844.0,11.0,11.0,2017-11,2017-12
MAUIC3DD,69.0,13,5,2,2017-11-26,2017-12-10,0.0,0.004925283648002253,0.0,14.0,14.0,2017-11,2017-12
20048JO2,53.0,13,6,4,2017-11-26,2017-12-14,1204.0,0.9979198340530211,1204.0,18.0,18.0,2017-11,2017-12
U071YJYI,39.0,10,4,2,2017-11-26,2017-12-11,0.0,0.003181424692472809,0.0,15.0,15.0,2017-11,2017-12
Y3EVBV53,66.0,8,1,4,2017-11-26,2017-12-07,562.0,0.9714705544656165,562.0,11.0,11.0,2017-11,2017-12
JE63NRUA,22.0,32,6,2,2017-11-26,2017-12-25,0.0,0.014949984449946002,0.0,29.0,29.0,2017-11,2017-12
YA8CL4UM,70.0,32,1,4,2017-11-26,2017-12-01,460.0,0.8856568173687219,460.0,5.0,5.0,2017-11,2017-12
43WRAJ1I,60.0,3,3,4,2017-11-26,2017-12-11,66.0,0.7961275899998634,66.0,15.0,15.0,2017-11,2017-12
DA7BZMMO,9.0,3,4,4,2017-11-26,2017-12-12,3309.0,0.9999999999774156,3309.0,16.0,16.0,2017-11,2017-12
6QRZCDL0,48.0,12,4,2,2017-11-26,2017-11-27,0.0,0.0036657920111106074,0.0,1.0,1.0,2017-11,2017-11
348COZ5O,28.0,10,2,4,2017-11-27,2017-11-30,4888.0,1.0,4888.0,3.0,3.0,2017-11,2017-11
GLUYX9KN,41.0,26,6,4,2017-11-27,2017-12-12,1192.0,0.9982365957361821,1192.0,15.0,15.0,2017-11,2017-12
2DT6W3HA,7.0,21,4,2,2017-11-27,2017-12-12,0.0,0.0039032546273360543,0.0,15.0,15.0,2017-11,2017-12
7S8SLZDY,,25,3,1,2017-11-27,,0.0,0.5010792148973237,0.0,34.0,,2017-11,
L8XNQONA,38.0,33,1,1,2017-11-27,,0.0,0.08836331468382051,0.0,34.0,,2017-11,
WE03969I,27.0,20,6,4,2017-11-28,2017-12-09,1131.0,0.9952322550131818,1131.0,11.0,11.0,2017-11,2017-12
3SOLZEZX,32.0,26,5,4,2017-11-28,2017-12-12,5702.0,1.0,5702.0,14.0,14.0,2017-11,2017-12
MAA6TJMM,10.0,32,1,4,2017-11-28,2017-12-13,563.0,0.9606715218961466,563.0,15.0,15.0,2017-11,2017-12
0DY00J6O,77.0,34,5,4,2017-11-28,2017-12-11,5886.0,1.0,5886.0,13.0,13.0,2017-11,2017-12
U8IUBGTW,16.0,9,1,2,2017-11-28,2017-12-05,0.0,0.06845237729752413,0.0,7.0,7.0,2017-11,2017-12
EV0V1ZZA,35.0,24,4,2,2017-11-28,2017-12-02,0.0,0.0027507397083397435,0.0,4.0,4.0,2017-11,2017-12
JVF7HZMV,,33,6,1,2017-11-28,,0.0,0.00955215697907009,0.0,33.0,,2017-11,
RCDG00F7,58.0,33,1,4,2017-11-28,2017-12-04,601.0,0.9634976177538085,601.0,6.0,6.0,2017-11,2017-12
XAKK81WB,65.0,28,3,4,2017-11-29,2017-12-18,58.0,0.6749875038775722,58.0,19.0,19.0,2017-11,2017-12
B6CHA7CX,6.0,26,3,4,2017-11-29,2017-12-14,58.0,0.6979436553774703,58.0,15.0,15.0,2017-11,2017-12
V263VR1Y,24.0,26,4,4,2017-11-29,2017-12-14,3285.0,0.999999999979235,3285.0,15.0,15.0,2017-11,2017-12
A2PTJA6G,56.0,21,4,4,2017-11-29,2017-12-08,3494.0,0.9999999999959226,3494.0,9.0,9.0,2017-11,2017-12
GQDS81G1,,13,5,1,2017-11-30,,0.0,0.006097508605543681,0.0,31.0,,2017-11,
GUDTJY0I,23.0,10,4,2,2017-11-30,2017-12-14,0.0,0.0028824565505821847,0.0,14.0,14.0,2017-11,2017-12
MDK5NQJA,37.0,20,5,4,2017-11-30,2017-12-14,5204.0,1.0,5204.0,14.0,14.0,2017-11,2017-12
GB1K3Y4Y,71.0,15,1,4,2017-11-30,2017-12-15,579.0,0.9451468036394234,579.0,15.0,15.0,2017-11,2017-12
KKOU11ZD,10.0,31,6,4,2017-11-30,2017-12-14,1195.0,0.9983700503355336,1195.0,14.0,14.0,2017-11,2017-12
KHZ3IOKH,68.0,4,5,4,2017-11-30,2017-12-29,6340.0,1.0,6340.0,29.0,29.0,2017-11,2017-12
Q34UWP01,81.0,16,6,4,2017-11-30,2017-12-19,1179.0,0.9976611706085735,1179.0,19.0,19.0,2017-11,2017-12
X70BM5FO,12.0,1,6,4,2017-12-01,2017-12-22,1243.0,0.9993491569136669,1243.0,21.0,21.0,2017-12,2017-12
NCF02FA5,83.0,28,6,4,2017-12-01,2017-12-15,953.0,0.9866379152367429,953.0,14.0,14.0,2017-12,2017-12
LC93MVYP,,32,1,1,2017-12-01,,0.0,0.12451186565178002,0.0,30.0,,2017-12,
XF54BYUH,28.0,5,5,4,2017-12-01,2017-12-09,5619.0,1.0,5619.0,8.0,8.0,2017-12,2017-12
23ZL97PN,2.0,20,6,2,2017-12-02,2017-12-12,0.0,0.007192658262743316,0.0,10.0,10.0,2017-12,2017-12
PVZ4YGQG,20.0,20,6,2,2017-12-02,2017-12-11,0.0,0.006029627999927763,0.0,9.0,9.0,2017-12,2017-12
7L89U5DU,54.0,26,4,4,2017-12-02,2017-12-20,3547.0,0.9999999999960953,3547.0,18.0,18.0,2017-12,2017-12
KNN6C4O3,33.0,32,2,4,2017-12-02,2017-12-15,4899.0,1.0,4899.0,13.0,13.0,2017-12,2017-12
CXAEFADQ,64.0,31,6,4,2017-12-02,2017-12-20,993.0,0.991129128092801,993.0,18.0,18.0,2017-12,2017-12
G6433A35,17.0,30,3,4,2017-12-03,2017-12-10,54.0,0.6660534972246173,54.0,7.0,7.0,2017-12,2017-12
1WVEAE8N,11.0,6,6,2,2017-12-03,2017-12-20,0.0,0.009792711828499702,0.0,17.0,17.0,2017-12,2017-12
TJJFAU52,37.0,14,3,4,2017-12-03,2017-12-24,58.0,0.6291842379486783,58.0,21.0,21.0,2017-12,2017-12
JCJ5PJDH,36.0,1,3,4,2017-12-04,2017-12-13,57.0,0.6985252766864202,57.0,9.0,9.0,2017-12,2017-12
0RH9W4E2,68.0,8,3,2,2017-12-04,2017-12-24,0.0,0.5737533321206246,0.0,20.0,20.0,2017-12,2017-12
MG3ZJ8F3,38.0,8,6,4,2017-12-04,2017-12-11,1110.0,0.9955697034258351,1110.0,7.0,7.0,2017-12,2017-12
R892OD1B,60.0,3,3,4,2017-12-04,2017-12-08,57.0,0.7823543334191163,57.0,4.0,4.0,2017-12,2017-12
SZ09YDEF,24.0,33,2,2,2017-12-04,2017-12-20,0.0,0.0049732407914808395,0.0,16.0,16.0,2017-12,2017-12
9WUYZLBE,50.0,33,3,4,2017-12-04,2017-12-15,64.0,0.6178791695882817,64.0,11.0,11.0,2017-12,2017-12
RV7ERUUT,84.0,22,5,4,2017-12-05,2017-12-07,5172.0,1.0,5172.0,2.0,2.0,2017-12,2017-12
EY0JZ32S,84.0,13,6,2,2017-12-05,2017-12-27,0.0,0.018816384979161414,0.0,22.0,22.0,2017-12,2017-12
CEYW89RW,31.0,31,1,2,2017-12-05,2017-12-25,0.0,0.08913104448199162,0.0,20.0,20.0,2017-12,2017-12
MBBBOMEV,22.0,27,3,2,2017-12-05,2017-12-19,0.0,0.4581271426492312,0.0,14.0,14.0,2017-12,2017-12
I6FIZ2S5,25.0,9,5,4,2017-12-05,2017-12-19,6141.0,1.0,6141.0,14.0,14.0,2017-12,2017-12
07GUKIG3,,12,3,1,2017-12-05,,0.0,0.5793825676520207,0.0,26.0,,2017-12,
7EYDG0CV,67.0,1,3,4,2017-12-06,2017-12-14,56.0,0.5944648619590246,56.0,8.0,8.0,2017-12,2017-12
UFAABKQJ,19.0,2,1,4,2017-12-06,2017-12-12,515.0,0.9489871065618312,515.0,6.0,6.0,2017-12,2017-12
7ZU2A8L1,20.0,20,1,4,2017-12-06,2017-12-23,698.0,0.9698140568478134,698.0,17.0,17.0,2017-12,2017-12
O1HKZ4ZF,80.0,20,1,4,2017-12-06,2017-12-30,481.0,0.9061826105409447,481.0,24.0,24.0,2017-12,2017-12
8VO26H1R,22.0,31,2,2,2017-12-06,2017-12-22,0.0,0.004063127200470116,0.0,16.0,16.0,2017-12,2017-12
A2OLLGWZ,57.0,3,3,4,2017-12-06,2017-12-14,49.0,0.766258200594724,49.0,8.0,8.0,2017-12,2017-12
WKIRY6KE,77.0,31,6,4,2017-12-07,2017-12-18,1111.0,0.9932886658898074,1111.0,11.0,11.0,2017-12,2017-12
EJYFAV40,72.0,7,5,4,2017-12-07,2017-12-28,5862.0,1.0,5862.0,21.0,21.0,2017-12,2017-12
8A1EB728,41.0,25,3,4,2017-12-07,2017-12-16,54.0,0.568258527357321,54.0,9.0,9.0,2017-12,2017-12
RS31U03Y,,33,6,1,2017-12-07,,0.0,0.00919426516401177,0.0,24.0,,2017-12,
2KWQ6RAZ,9.0,1,3,4,2017-12-08,2017-12-18,60.0,0.7528413687888434,60.0,10.0,10.0,2017-12,2017-12
823X29EZ,56.0,20,2,2,2017-12-08,2017-12-22,0.0,0.003454820994887392,0.0,14.0,14.0,2017-12,2017-12
VL8YNHD7,,31,6,1,2017-12-08,,0.0,0.01154625639428614,0.0,23.0,,2017-12,
YY4VFPND,31.0,31,6,4,2017-12-08,2017-12-29,1168.0,0.9973821983314411,1168.0,21.0,21.0,2017-12,2017-12
RYLBEZ4N,27.0,12,3,4,2017-12-08,2017-12-18,48.0,0.6625886642555592,48.0,10.0,10.0,2017-12,2017-12
Y4UIUIEG,9.0,2,6,4,2017-12-09,2017-12-24,986.0,0.9914292414568703,986.0,15.0,15.0,2017-12,2017-12
1HG8VLHU,72.0,2,4,4,2017-12-09,2017-12-16,3843.0,0.9999999999997442,3843.0,7.0,7.0,2017-12,2017-12
0OJE7J6C,27.0,13,5,4,2017-12-09,2017-12-17,5143.0,1.0,5143.0,8.0,8.0,2017-12,2017-12
OCVCCWPQ,11.0,8,3,4,2017-12-09,2017-12-24,52.0,0.5622008372720951,52.0,15.0,15.0,2017-12,2017-12
S2KBTW2O,61.0,30,5,4,2017-12-09,2017-12-23,5576.0,1.0,5576.0,14.0,14.0,2017-12,2017-12
QJ9H7Y8W,70.0,32,3,4,2017-12-09,2017-12-18,59.0,0.7115204077559786,59.0,9.0,9.0,2017-12,2017-12
FNA51WN6,41.0,31,2,4,2017-12-09,2017-12-27,4178.0,0.9999999999999865,4178.0,18.0,18.0,2017-12,2017-12
921APYA3,47.0,27,6,4,2017-12-09,2017-12-25,1192.0,0.9963176842724258,1192.0,16.0,16.0,2017-12,2017-12
GMY4U7RD,,34,1,1,2017-12-09,,0.0,0.09579223004584803,0.0,22.0,,2017-12,
CPC83NKN,13.0,9,6,4,2017-12-09,2017-12-24,1047.0,0.9915566230419833,1047.0,15.0,15.0,2017-12,2017-12
TBS5Y874,42.0,21,5,4,2017-12-09,2017-12-17,6456.0,1.0,6456.0,8.0,8.0,2017-12,2017-12
6JZ0HCSF,78.0,14,2,2,2017-12-09,2017-12-29,0.0,0.002914338670088041,0.0,20.0,20.0,2017-12,2017-12
JRSU8ALH,59.0,1,1,2,2017-12-10,2017-12-19,0.0,0.1587911938945371,0.0,9.0,9.0,2017-12,2017-12
7GXUCFW5,38.0,10,2,4,2017-12-10,2017-12-17,4755.0,1.0,4755.0,7.0,7.0,2017-12,2017-12
E66UG7VC,79.0,34,3,4,2017-12-10,2017-12-25,55.0,0.658708409220592,55.0,15.0,15.0,2017-12,2017-12
7IAHPFT9,22.0,24,4,4,2017-12-10,2017-12-18,3078.0,0.9999999997417806,3078.0,8.0,8.0,2017-12,2017-12
FZWU2I30,71.0,33,5,1,2017-12-10,,0.0,0.0035502061166206725,0.0,21.0,,2017-12,
04AOWMXV,11.0,1,1,4,2017-12-11,2017-12-28,537.0,0.9283940978833362,537.0,17.0,17.0,2017-12,2017-12
XZ9YR78K,36.0,8,6,4,2017-12-11,2017-12-18,1220.0,0.9982577121540744,1220.0,7.0,7.0,2017-12,2017-12
WZKN6PO4,24.0,27,3,4,2017-12-11,2017-12-21,53.0,0.6736671151568377,53.0,10.0,10.0,2017-12,2017-12
WQSUMJRZ,62.0,3,3,4,2017-12-11,2017-12-18,60.0,0.6729062049027713,60.0,7.0,7.0,2017-12,2017-12
1RIO9PCD,36.0,24,1,4,2017-12-11,2017-12-29,494.0,0.9028670632473912,494.0,18.0,18.0,2017-12,2017-12
TQV7CO87,28.0,6,1,4,2017-12-12,2017-12-18,480.0,0.8577154023142625,480.0,6.0,6.0,2017-12,2017-12
3FJPGYD7,10.0,32,1,2,2017-12-12,2017-12-29,0.0,0.14226311338720804,0.0,17.0,17.0,2017-12,2017-12
9AQFU718,72.0,4,1,2,2017-12-12,2017-12-15,0.0,0.06458760163767814,0.0,3.0,3.0,2017-12,2017-12
AUJE7IZR,36.0,34,6,4,2017-12-12,2017-12-26,1075.0,0.9941376414331087,1075.0,14.0,14.0,2017-12,2017-12
LE3XYXEF,26.0,21,6,2,2017-12-12,2017-12-25,0.0,0.010489323882557152,0.0,13.0,13.0,2017-12,2017-12
PM2BF2KB,77.0,19,6,1,2017-12-13,,0.0,0.0071150819866873105,0.0,18.0,,2017-12,
IQR162ZT,,28,6,1,2017-12-13,,0.0,0.01096433271454076,0.0,18.0,,2017-12,
TVU1PQEL,13.0,6,6,4,2017-12-13,2017-12-28,1166.0,0.9980750391835116,1166.0,15.0,15.0,2017-12,2017-12
3RGNKYWW,35.0,31,6,4,2017-12-13,2017-12-26,921.0,0.9750811717499428,921.0,13.0,13.0,2017-12,2017-12
K9KGXL2E,47.0,27,4,1,2017-12-13,,0.0,0.0018556017694946873,0.0,18.0,,2017-12,
HNCSYU4T,22.0,27,4,4,2017-12-13,2017-12-27,3442.0,0.9999999999861253,3442.0,14.0,14.0,2017-12,2017-12
1PXQZ40I,85.0,3,4,4,2017-12-13,2017-12-27,3735.0,0.9999999999988298,3735.0,14.0,14.0,2017-12,2017-12
FYAVINLC,24.0,24,3,4,2017-12-13,2017-12-17,50.0,0.740629567256206,50.0,4.0,4.0,2017-12,2017-12
60JGDDRO,16.0,10,2,4,2017-12-14,2017-12-19,5052.0,1.0,5052.0,5.0,5.0,2017-12,2017-12
R4BO7K5M,10.0,31,1,2,2017-12-14,2017-12-29,0.0,0.11721804849282927,0.0,15.0,15.0,2017-12,2017-12
X4XN0M8A,35.0,31,3,4,2017-12-14,2017-12-30,44.0,0.6034946007765128,44.0,16.0,16.0,2017-12,2017-12
M4MAVN65,17.0,24,3,2,2017-12-14,2017-12-22,0.0,0.5293465869557545,0.0,8.0,8.0,2017-12,2017-12
USJ0JACE,48.0,12,6,4,2017-12-14,2017-12-16,960.0,0.9856085521851058,960.0,2.0,2.0,2017-12,2017-12
2SMQAWOA,84.0,22,5,4,2017-12-15,2017-12-30,6469.0,1.0,6469.0,15.0,15.0,2017-12,2017-12
TOJ902PF,4.0,18,6,1,2017-12-15,,0.0,0.011684166335705033,0.0,16.0,,2017-12,
JAYXM4QB,10.0,34,6,4,2017-12-15,2017-12-19,914.0,0.9792820645796291,914.0,4.0,4.0,2017-12,2017-12
NW5CPPIV,25.0,3,4,2,2017-12-15,2017-12-26,0.0,0.003402862484030532,0.0,11.0,11.0,2017-12,2017-12
J5BCAQ1Z,5.0,33,1,1,2017-12-15,,0.0,0.08419314176168015,0.0,16.0,,2017-12,
8LFA54EQ,51.0,25,3,2,2017-12-16,2017-12-21,0.0,0.5598286717375772,0.0,5.0,5.0,2017-12,2017-12
19MLD9YF,41.0,25,4,4,2017-12-16,2017-12-24,3379.0,0.9999999999743139,3379.0,8.0,8.0,2017-12,2017-12
PLQ50D2O,16.0,1,4,4,2017-12-17,2017-12-26,3240.0,0.9999999999493363,3240.0,9.0,9.0,2017-12,2017-12
3VPQNW5Y,10.0,30,6,4,2017-12-17,2017-12-31,1007.0,0.992578575000736,1007.0,14.0,14.0,2017-12,2017-12
RTWE19SU,13.0,31,2,1,2017-12-17,,0.0,0.0042002767051840285,0.0,14.0,,2017-12,
FXYOCA0G,41.0,27,3,4,2017-12-17,2017-12-28,54.0,0.5345204399259854,54.0,11.0,11.0,2017-12,2017-12
SK30SEKS,31.0,25,3,4,2017-12-17,2017-12-25,49.0,0.5505931414463995,49.0,8.0,8.0,2017-12,2017-12
Q30OVFCZ,65.0,24,6,2,2017-12-17,2017-12-31,0.0,0.012789545704211848,0.0,14.0,14.0,2017-12,2017-12
T6MPH7JC,,12,3,1,2017-12-17,,0.0,0.5623661375204235,0.0,14.0,,2017-12,
T1GPPZXH,44.0,12,3,4,2017-12-17,2017-12-24,55.0,0.7176137213233766,55.0,7.0,7.0,2017-12,2017-12
WL31FAI3,6.0,33,2,4,2017-12-17,2017-12-26,5196.0,1.0,5196.0,9.0,9.0,2017-12,2017-12
6SNUFVQP,60.0,1,3,4,2017-12-18,2017-12-31,54.0,0.7874785169957512,54.0,13.0,13.0,2017-12,2017-12
5U83YWZB,17.0,28,2,4,2017-12-18,2017-12-26,4953.0,1.0,4953.0,8.0,8.0,2017-12,2017-12
ZFXYBJEY,84.0,16,4,4,2017-12-18,2017-12-24,3155.0,0.9999999999138225,3155.0,6.0,6.0,2017-12,2017-12
NGTVHTFH,,22,2,1,2017-12-19,,0.0,0.004056027498977918,0.0,12.0,,2017-12,
OHAARANW,4.0,10,2,2,2017-12-19,2017-12-30,0.0,0.004167211134815243,0.0,11.0,11.0,2017-12,2017-12
6GBGF19R,56.0,14,2,4,2017-12-19,2017-12-30,4566.0,0.9999999999999996,4566.0,11.0,11.0,2017-12,2017-12
5XADPM6R,4.0,3,3,4,2017-12-19,2017-12-28,58.0,0.7185794011113473,58.0,9.0,9.0,2017-12,2017-12
YZX90X8X,74.0,16,2,4,2017-12-19,2017-12-28,4315.0,0.9999999999999953,4315.0,9.0,9.0,2017-12,2017-12
CNL7PCYU,78.0,20,4,2,2017-12-20,2017-12-28,0.0,0.002006421466292668,0.0,8.0,8.0,2017-12,2017-12
HB740BLB,63.0,26,3,1,2017-12-20,,0.0,0.63132615636701,0.0,11.0,,2017-12,
9M88QXFW,75.0,14,2,4,2017-12-20,2017-12-29,5574.0,1.0,5574.0,9.0,9.0,2017-12,2017-12
HCQK8NQ8,,16,6,1,2017-12-20,,0.0,0.012571413225634145,0.0,11.0,,2017-12,
RDHTQLNI,,19,5,1,2017-12-21,,0.0,0.004825320133498421,0.0,10.0,,2017-12,
B50N6RL3,28.0,8,4,4,2017-12-21,2017-12-30,3494.0,0.9999999999896463,3494.0,9.0,9.0,2017-12,2017-12
HLXSEMXV,17.0,32,3,4,2017-12-21,2017-12-28,50.0,0.6807337682027338,50.0,7.0,7.0,2017-12,2017-12
MPMG4JTY,36.0,24,3,4,2017-12-21,2017-12-28,61.0,0.6566842976972609,61.0,7.0,7.0,2017-12,2017-12
DB801ISB,,28,3,1,2017-12-22,,0.0,0.5181410551904052,0.0,9.0,,2017-12,
8QJHJXY0,70.0,31,3,2,2017-12-22,2017-12-31,0.0,0.5401805157479513,0.0,9.0,9.0,2017-12,2017-12
MSN4ZNU6,2.0,12,4,4,2017-12-22,2017-12-28,3673.0,0.9999999999986338,3673.0,6.0,6.0,2017-12,2017-12
3MXS2HRE,26.0,19,1,4,2017-12-23,2017-12-31,576.0,0.9253224180021423,576.0,8.0,8.0,2017-12,2017-12
1YBATFAY,64.0,30,1,4,2017-12-24,2017-12-26,538.0,0.9471307160360762,538.0,2.0,2.0,2017-12,2017-12
2EBLR9N8,13.0,4,1,4,2017-12-24,2017-12-26,622.0,0.954426586843819,622.0,2.0,2.0,2017-12,2017-12
VDGA4KXA,7.0,12,6,4,2017-12-24,2017-12-30,1093.0,0.9947502636688307,1093.0,6.0,6.0,2017-12,2017-12
6WCNNK5J,36.0,34,2,4,2017-12-26,2017-12-29,4433.0,0.9999999999999987,4433.0,3.0,3.0,2017-12,2017-12
YJTQSZ9D,38.0,8,6,4,2017-12-27,2017-12-30,1052.0,0.9923837427141918,1052.0,3.0,3.0,2017-12,2017-12
RB8GDYFY,3.0,8,3,4,2017-12-27,2017-12-29,67.0,0.6379359045391951,67.0,2.0,2.0,2017-12,2017-12
6CWZFOHJ,33.0,1,1,3,,,0.0,0.1275298196026012,0.0,,,,
3LCLVRVV,,1,1,3,,,0.0,0.12357813867663475,0.0,,,,
YIU1B39V,,1,1,3,,,0.0,0.12357813867663475,0.0,,,,
8E0VRCLW,,1,1,3,,,0.0,0.12357813867663475,0.0,,,,
G99CS23F,,1,1,3,,,0.0,0.12357813867663475,0.0,,,,
XRJ54GNR,,1,1,3,,,0.0,0.12357813867663475,0.0,,,,
GR9S7VHI,,1,1,3,,,0.0,0.12357813867663475,0.0,,,,
Q9UWOC28,55.0,1,6,3,,,0.0,0.01023037273410114,0.0,,,,
YL29KX3L,85.0,1,6,3,,,0.0,0.007469877627376508,0.0,,,,
OJDZN6UK,,1,6,3,,,0.0,0.014672409494948274,0.0,,,,
OM60BJ4S,,1,6,3,,,0.0,0.014672409494948274,0.0,,,,
9PDR4X2R,35.0,1,5,3,,,0.0,0.005802455848567071,0.0,,,,
9P9ISECL,69.0,1,5,3,,,0.0,0.006063965608238737,0.0,,,,
0D8Y5JA0,,1,5,3,,,0.0,0.006487779202301361,0.0,,,,
GNN53C6D,,1,5,3,,,0.0,0.006487779202301361,0.0,,,,
6KHIXTAD,,1,5,3,,,0.0,0.006487779202301361,0.0,,,,
5C59O9GU,13.0,1,3,3,,,0.0,0.6324497995682125,0.0,,,,
ZQRBJVZF,19.0,1,3,3,,,0.0,0.7057958377651279,0.0,,,,
I93XL6Q9,23.0,1,3,3,,,0.0,0.5677728603386685,0.0,,,,
UMD1BA4S,26.0,1,3,3,,,0.0,0.5055797572861717,0.0,,,,
E6DGJSDW,33.0,1,3,3,,,0.0,0.6120104249371782,0.0,,,,
JHNDPI2N,41.0,1,3,3,,,0.0,0.5830981112739726,0.0,,,,
GI94RTL5,46.0,1,3,3,,,0.0,0.6083212285557603,0.0,,,,
10ALJD82,50.0,1,3,3,,,0.0,0.611326912113227,0.0,,,,
Z89NKUC7,56.0,1,3,3,,,0.0,0.6493519098146012,0.0,,,,
47P0HBNM,56.0,1,3,3,,,0.0,0.6493519098146012,0.0,,,,
4H8GZ075,61.0,1,3,3,,,0.0,0.7288409005056683,0.0,,,,
UDAUS3DF,65.0,1,3,3,,,0.0,0.6364721880354266,0.0,,,,
F4W7Z1UU,75.0,1,3,3,,,0.0,0.6208288385615167,0.0,,,,
DW5BQ220,83.0,1,3,3,,,0.0,0.6619670596165919,0.0,,,,
4ENCEYPG,,1,3,3,,,0.0,0.6034294586957195,0.0,,,,
EU4DPJGN,,1,3,3,,,0.0,0.6034294586957195,0.0,,,,
426EL41A,,1,3,3,,,0.0,0.6034294586957195,0.0,,,,
OXKLRULK,,1,3,3,,,0.0,0.6034294586957195,0.0,,,,
D3ZJX20X,,1,3,3,,,0.0,0.6034294586957195,0.0,,,,
V9JDJ861,,1,3,3,,,0.0,0.6034294586957195,0.0,,,,
DYXD1AXO,,1,3,3,,,0.0,0.6034294586957195,0.0,,,,
JSTHYUCD,,1,3,3,,,0.0,0.6034294586957195,0.0,,,,
JC7DDV56,,1,3,3,,,0.0,0.6034294586957195,0.0,,,,
ASDR6QEZ,,1,3,3,,,0.0,0.6034294586957195,0.0,,,,
5ELMZN3E,,1,3,3,,,0.0,0.6034294586957195,0.0,,,,
7Q90C2VN,,1,3,3,,,0.0,0.6034294586957195,0.0,,,,
ZIMT5RQ2,,1,3,3,,,0.0,0.6034294586957195,0.0,,,,
WTD6O2OR,2.0,1,4,3,,,0.0,0.004012272237357004,0.0,,,,
OEG8QG42,5.0,1,4,3,,,0.0,0.005016513082112318,0.0,,,,
BG0BLC6S,21.0,1,4,3,,,0.0,0.0035891775754051196,0.0,,,,
5Q2BX622,38.0,1,4,3,,,0.0,0.004831603316453228,0.0,,,,
RSY2XLKK,68.0,1,4,3,,,0.0,0.005709068580167395,0.0,,,,
FEEOZHT8,,1,4,3,,,0.0,0.004579758834394389,0.0,,,,
D382N39B,,1,4,3,,,0.0,0.004579758834394389,0.0,,,,
YYUJ1DCF,,1,4,3,,,0.0,0.004579758834394389,0.0,,,,
OH0HJ6KK,,1,4,3,,,0.0,0.004579758834394389,0.0,,,,
5TGQL49J,,1,4,3,,,0.0,0.004579758834394389,0.0,,,,
Y7WAFW9D,,1,4,3,,,0.0,0.004579758834394389,0.0,,,,
I8NC3RFB,,1,4,3,,,0.0,0.004579758834394389,0.0,,,,
38K5251H,21.0,2,1,3,,,0.0,0.09105880646708372,0.0,,,,
QR63ME8L,,2,1,3,,,0.0,0.1134417863962219,0.0,,,,
I79B9KJ2,,2,6,3,,,0.0,0.013333026381795093,0.0,,,,
LABZ0UGB,,2,6,3,,,0.0,0.013333026381795093,0.0,,,,
3R4W7ZVY,,2,6,3,,,0.0,0.013333026381795093,0.0,,,,
2SZX9B7J,70.0,2,5,3,,,0.0,0.006284948665740659,0.0,,,,
0ZG6U7MQ,,2,5,3,,,0.0,0.005891069877541698,0.0,,,,
KQPNPH8A,,2,5,3,,,0.0,0.005891069877541698,0.0,,,,
SGI0VM1F,,2,5,3,,,0.0,0.005891069877541698,0.0,,,,
DS5HZHDA,3.0,2,3,3,,,0.0,0.5780633324964779,0.0,,,,
TLZGG7G5,13.0,2,3,3,,,0.0,0.6096063552709183,0.0,,,,
8NI8O26G,32.0,2,3,3,,,0.0,0.6751454889122591,0.0,,,,
9BM1CGBV,69.0,2,3,3,,,0.0,0.563335285486619,0.0,,,,
GSBUIL1E,,2,3,3,,,0.0,0.5799802032964788,0.0,,,,
9F9NDO41,,2,3,3,,,0.0,0.5799802032964788,0.0,,,,
IAV71BEX,64.0,2,4,3,,,0.0,0.0053860811993559545,0.0,,,,
SJE81OUR,,2,4,3,,,0.0,0.004157804044003308,0.0,,,,
R0MBBXL8,,2,4,3,,,0.0,0.004157804044003308,0.0,,,,
NR2EDMKC,,2,4,3,,,0.0,0.004157804044003308,0.0,,,,
SU8FTFLS,,2,4,3,,,0.0,0.004157804044003308,0.0,,,,
61GDYW9T,,2,4,3,,,0.0,0.004157804044003308,0.0,,,,
TFCQZ28G,,2,4,3,,,0.0,0.004157804044003308,0.0,,,,
IXW68X6Z,,2,4,3,,,0.0,0.004157804044003308,0.0,,,,
F77XD7IZ,,2,4,3,,,0.0,0.004157804044003308,0.0,,,,
LEJWV2Y5,18.0,10,1,3,,,0.0,0.1660022534935812,0.0,,,,
CAONNFXN,43.0,10,1,3,,,0.0,0.08158797736933546,0.0,,,,
R8V3ALA8,45.0,10,1,3,,,0.0,0.10550791537195371,0.0,,,,
CPEYUW7V,,10,1,3,,,0.0,0.1041978575076177,0.0,,,,
5ZATE1WV,,10,1,3,,,0.0,0.1041978575076177,0.0,,,,
R1HFBU5H,,10,1,3,,,0.0,0.1041978575076177,0.0,,,,
03P9VXWG,,10,1,3,,,0.0,0.1041978575076177,0.0,,,,
RMJG8OS2,,10,1,3,,,0.0,0.1041978575076177,0.0,,,,
9L0WKMJ2,,10,1,3,,,0.0,0.1041978575076177,0.0,,,,
VAM56BG4,1.0,10,6,3,,,0.0,0.007161312325966354,0.0,,,,
ZTCQWF53,22.0,10,6,3,,,0.0,0.013107105270847382,0.0,,,,
LKDSEQ2Q,80.0,10,6,3,,,0.0,0.01809370891789426,0.0,,,,
I2LEEFAM,,10,6,3,,,0.0,0.012134913279648947,0.0,,,,
1LWG4COF,,10,6,3,,,0.0,0.012134913279648947,0.0,,,,
FEL7FQQG,,10,6,3,,,0.0,0.012134913279648947,0.0,,,,
0TQP0E65,,10,6,3,,,0.0,0.012134913279648947,0.0,,,,
P95E1DOX,,10,6,3,,,0.0,0.012134913279648947,0.0,,,,
JCRT0QHO,,10,6,3,,,0.0,0.012134913279648947,0.0,,,,
MTGV7WOM,,10,6,3,,,0.0,0.012134913279648947,0.0,,,,
IEMOIN3K,,10,6,3,,,0.0,0.012134913279648947,0.0,,,,
XTXMQMRC,,10,6,3,,,0.0,0.012134913279648947,0.0,,,,
OQX98BBL,,10,6,3,,,0.0,0.012134913279648947,0.0,,,,
RH0FJYPZ,,10,6,3,,,0.0,0.012134913279648947,0.0,,,,
HD6YD6P9,,10,6,3,,,0.0,0.012134913279648947,0.0,,,,
64OXRCSR,,10,6,3,,,0.0,0.012134913279648947,0.0,,,,
EG3X1ACF,,10,6,3,,,0.0,0.012134913279648947,0.0,,,,
TJ64MOUR,,10,6,3,,,0.0,0.012134913279648947,0.0,,,,
FY0SHNZY,,10,6,3,,,0.0,0.012134913279648947,0.0,,,,
V2V69I86,,10,6,3,,,0.0,0.012134913279648947,0.0,,,,
OAECXU4A,,10,6,3,,,0.0,0.012134913279648947,0.0,,,,
XETF5BVH,24.0,10,5,3,,,0.0,0.008953226717490955,0.0,,,,
FU2PQZR4,33.0,10,5,3,,,0.0,0.005553353064711008,0.0,,,,
CVMNBKGH,35.0,10,5,3,,,0.0,0.00479149986210177,0.0,,,,
LZW4N9KF,81.0,10,5,3,,,0.0,0.004509159760588605,0.0,,,,
A4TA5P1B,,10,5,3,,,0.0,0.005358063528078386,0.0,,,,
KIKV29M0,,10,5,3,,,0.0,0.005358063528078386,0.0,,,,
PCXGIH9X,,10,5,3,,,0.0,0.005358063528078386,0.0,,,,
ODSFN0YA,,10,5,3,,,0.0,0.005358063528078386,0.0,,,,
6RQUXORL,,10,5,3,,,0.0,0.005358063528078386,0.0,,,,
74LCNGIK,,10,5,3,,,0.0,0.005358063528078386,0.0,,,,
28EJ0L9T,,10,5,3,,,0.0,0.005358063528078386,0.0,,,,
UH9TR8Y1,,10,5,3,,,0.0,0.005358063528078386,0.0,,,,
JVXGG70X,,10,5,3,,,0.0,0.005358063528078386,0.0,,,,
SYP74C5W,4.0,10,2,3,,,0.0,0.004516232851216529,0.0,,,,
R0Q5BZ9Y,6.0,10,2,3,,,0.0,0.004079070200986594,0.0,,,,
OT0GOR3I,7.0,10,2,3,,,0.0,0.0034814932112484905,0.0,,,,
6RN7I8ZF,12.0,10,2,3,,,0.0,0.00602010064435308,0.0,,,,
YBWUG6QP,12.0,10,2,3,,,0.0,0.00602010064435308,0.0,,,,
8XE8GGIW,18.0,10,2,3,,,0.0,0.007021444622957274,0.0,,,,
IHKIAB1W,19.0,10,2,3,,,0.0,0.006472740576062004,0.0,,,,
YKBJP191,22.0,10,2,3,,,0.0,0.0044478071610568205,0.0,,,,
P7UPCSTC,22.0,10,2,3,,,0.0,0.0044478071610568205,0.0,,,,
GEQ8IGKW,24.0,10,2,3,,,0.0,0.0068822315685955785,0.0,,,,
EYR5E7LO,37.0,10,2,3,,,0.0,0.0036929568242703636,0.0,,,,
LO8L5ELD,38.0,10,2,3,,,0.0,0.004341632829793458,0.0,,,,
S1U1RD6K,40.0,10,2,3,,,0.0,0.0051480645301721865,0.0,,,,
R6HYAPR6,53.0,10,2,3,,,0.0,0.003153801428635808,0.0,,,,
A8NXNY0M,55.0,10,2,3,,,0.0,0.0028600711525859183,0.0,,,,
4ROECHG6,59.0,10,2,3,,,0.0,0.0060306306026434225,0.0,,,,
FVVATY89,59.0,10,2,3,,,0.0,0.0060306306026434225,0.0,,,,
BV75OM0B,60.0,10,2,3,,,0.0,0.006589974353789958,0.0,,,,
ZGTCQT1A,60.0,10,2,3,,,0.0,0.006589974353789958,0.0,,,,
GR8JTX1T,76.0,10,2,3,,,0.0,0.005261111086553682,0.0,,,,
2IRZM0LB,78.0,10,2,3,,,0.0,0.0032767400822986234,0.0,,,,
99YRLZM0,80.0,10,2,3,,,0.0,0.006160542289308108,0.0,,,,
VJILDVVF,81.0,10,2,3,,,0.0,0.0034625422470776377,0.0,,,,
A9DGDN56,82.0,10,2,3,,,0.0,0.005575537514892499,0.0,,,,
D01U08PR,85.0,10,2,3,,,0.0,0.0020841410683873768,0.0,,,,
LFD1ZGJ8,,10,2,3,,,0.0,0.004115222160595948,0.0,,,,
4YJKB8EC,,10,2,3,,,0.0,0.004115222160595948,0.0,,,,
DIGG7U6M,,10,2,3,,,0.0,0.004115222160595948,0.0,,,,
VMXGBINH,,10,2,3,,,0.0,0.004115222160595948,0.0,,,,
N6BT2U29,,10,2,3,,,0.0,0.004115222160595948,0.0,,,,
T12MT0HL,,10,2,3,,,0.0,0.004115222160595948,0.0,,,,
HZVVOITE,,10,2,3,,,0.0,0.004115222160595948,0.0,,,,
P6Z4X54S,,10,2,3,,,0.0,0.004115222160595948,0.0,,,,
910NLQ80,,10,2,3,,,0.0,0.004115222160595948,0.0,,,,
8IPMP8NT,,10,2,3,,,0.0,0.004115222160595948,0.0,,,,
7YOJ4KU7,,10,2,3,,,0.0,0.004115222160595948,0.0,,,,
3K70RL7Q,,10,2,3,,,0.0,0.004115222160595948,0.0,,,,
DX1M0XF0,,10,2,3,,,0.0,0.004115222160595948,0.0,,,,
5MNF16D8,,10,2,3,,,0.0,0.004115222160595948,0.0,,,,
PES548QV,,10,2,3,,,0.0,0.004115222160595948,0.0,,,,
XGMTNND1,,10,2,3,,,0.0,0.004115222160595948,0.0,,,,
6R94B0SG,,10,2,3,,,0.0,0.004115222160595948,0.0,,,,
8JL58ECD,,10,2,3,,,0.0,0.004115222160595948,0.0,,,,
KO7JWXCT,,10,2,3,,,0.0,0.004115222160595948,0.0,,,,
FGSBCJSC,,10,2,3,,,0.0,0.004115222160595948,0.0,,,,
65SMA4OZ,,10,2,3,,,0.0,0.004115222160595948,0.0,,,,
537X47QY,,10,2,3,,,0.0,0.004115222160595948,0.0,,,,
D95K3R9N,,10,2,3,,,0.0,0.004115222160595948,0.0,,,,
51HOGHF0,,10,2,3,,,0.0,0.004115222160595948,0.0,,,,
PRUFERA6,,10,2,3,,,0.0,0.004115222160595948,0.0,,,,
NST2FEF3,,10,2,3,,,0.0,0.004115222160595948,0.0,,,,
BBV196A3,,10,2,3,,,0.0,0.004115222160595948,0.0,,,,
E4YR0OE6,,10,2,3,,,0.0,0.004115222160595948,0.0,,,,
TR7WLH5Q,,10,3,3,,,0.0,0.5565868101444148,0.0,,,,
M64OQCC3,,10,3,3,,,0.0,0.5565868101444148,0.0,,,,
WR9CQB8E,,10,3,3,,,0.0,0.5565868101444148,0.0,,,,
TWWD62O3,,10,3,3,,,0.0,0.5565868101444148,0.0,,,,
7CZU8GS1,,10,3,3,,,0.0,0.5565868101444148,0.0,,,,
APXWBOOT,,10,3,3,,,0.0,0.5565868101444148,0.0,,,,
7N6AHU7C,,10,3,3,,,0.0,0.5565868101444148,0.0,,,,
EJUQOEY5,8.0,10,4,3,,,0.0,0.005586879503517512,0.0,,,,
9HA8VBAP,18.0,10,4,3,,,0.0,0.006452757182200169,0.0,,,,
X4THRRSJ,,10,4,3,,,0.0,0.003781021937022734,0.0,,,,
3PN3YSPK,,10,4,3,,,0.0,0.003781021937022734,0.0,,,,
F6AOT0NK,,10,4,3,,,0.0,0.003781021937022734,0.0,,,,
YI92HVHO,,10,4,3,,,0.0,0.003781021937022734,0.0,,,,
39NJ6UC9,,10,4,3,,,0.0,0.003781021937022734,0.0,,,,
1XR36ESV,,10,4,3,,,0.0,0.003781021937022734,0.0,,,,
RJ21Q4HO,36.0,8,1,3,,,0.0,0.09326271862082701,0.0,,,,
NSYCCHCJ,,8,1,3,,,0.0,0.09326271862082701,0.0,,,,
ATOYVLLB,,8,1,3,,,0.0,0.09326271862082701,0.0,,,,
0M4K6F8Q,,8,1,3,,,0.0,0.09326271862082701,0.0,,,,
TLJWMKEO,40.0,8,6,3,,,0.0,0.013420002415024022,0.0,,,,
NXJNQ3Z9,54.0,8,6,3,,,0.0,0.008401373805370498,0.0,,,,
HWKJ7TFJ,,8,6,3,,,0.0,0.010745508625204628,0.0,,,,
Q62STRQQ,,8,6,3,,,0.0,0.010745508625204628,0.0,,,,
9P9J2ANM,,8,6,3,,,0.0,0.010745508625204628,0.0,,,,
OJWGRIXN,,8,6,3,,,0.0,0.010745508625204628,0.0,,,,
EB393LSH,,8,6,3,,,0.0,0.010745508625204628,0.0,,,,
566X0PLZ,,8,6,3,,,0.0,0.010745508625204628,0.0,,,,
SFR7RG9V,,8,6,3,,,0.0,0.010745508625204628,0.0,,,,
9RGWSKNU,42.0,8,5,3,,,0.0,0.004030936788331296,0.0,,,,
49T7VKA7,56.0,8,5,3,,,0.0,0.005763856130515088,0.0,,,,
BTDY3DHP,75.0,8,5,3,,,0.0,0.005099541788369445,0.0,,,,
UZ7DU3D9,,8,5,3,,,0.0,0.004740860462335345,0.0,,,,
73CWPT9H,,8,5,3,,,0.0,0.004740860462335345,0.0,,,,
B7KZYEII,,8,5,3,,,0.0,0.004740860462335345,0.0,,,,
67CBAWHG,,8,5,3,,,0.0,0.004740860462335345,0.0,,,,
2WTPSQTN,,8,5,3,,,0.0,0.004740860462335345,0.0,,,,
V5PKXYWS,,8,5,3,,,0.0,0.004740860462335345,0.0,,,,
EJCPWP6V,4.0,8,2,3,,,0.0,0.00399561192684902,0.0,,,,
BJE7KCZ1,28.0,8,2,3,,,0.0,0.002555487699447111,0.0,,,,
TK9J8AOZ,73.0,8,2,3,,,0.0,0.004279216560802834,0.0,,,,
XARW0KTX,,8,2,3,,,0.0,0.003640659762858791,0.0,,,,
0C34Z5UZ,,8,2,3,,,0.0,0.003640659762858791,0.0,,,,
OA3RDG12,,8,2,3,,,0.0,0.003640659762858791,0.0,,,,
847RHYQE,,8,2,3,,,0.0,0.003640659762858791,0.0,,,,
P0B49XCI,11.0,8,3,3,,,0.0,0.4600461367725594,0.0,,,,
DOP1NORG,54.0,8,3,3,,,0.0,0.46402660803121937,0.0,,,,
BUOI3TBI,60.0,8,3,3,,,0.0,0.640529140946288,0.0,,,,
F22C6LKO,71.0,8,3,3,,,0.0,0.4971875763270585,0.0,,,,
D8ZJ6F45,80.0,8,3,3,,,0.0,0.6247700600149203,0.0,,,,
HP50ZWIZ,,8,3,3,,,0.0,0.5260555752322709,0.0,,,,
X3KQZM1K,,8,3,3,,,0.0,0.5260555752322709,0.0,,,,
WA3U0EVI,,8,3,3,,,0.0,0.5260555752322709,0.0,,,,
Q9CASEJL,,8,3,3,,,0.0,0.5260555752322709,0.0,,,,
OIBR7UA7,,8,3,3,,,0.0,0.5260555752322709,0.0,,,,
J5IXJWVU,9.0,8,4,3,,,0.0,0.004251510801255246,0.0,,,,
KFSKQ291,55.0,8,4,3,,,0.0,0.0023241293762299177,0.0,,,,
ZT1234V3,59.0,8,4,3,,,0.0,0.004903487035689939,0.0,,,,
JQBN7PXK,78.0,8,4,3,,,0.0,0.0026629282427357223,0.0,,,,
J5IF7CT6,,8,4,3,,,0.0,0.003344869658746034,0.0,,,,
AAQ5H36J,,8,4,3,,,0.0,0.003344869658746034,0.0,,,,
37PEZCGO,,8,4,3,,,0.0,0.003344869658746034,0.0,,,,
X9NUTLTR,,8,4,3,,,0.0,0.003344869658746034,0.0,,,,
L5PS6S68,,8,4,3,,,0.0,0.003344869658746034,0.0,,,,
JLZCOLIE,,8,4,3,,,0.0,0.003344869658746034,0.0,,,,
TN4KM3D1,7.0,6,1,3,,,0.0,0.09747582541645823,0.0,,,,
OIIFWY81,13.0,6,1,3,,,0.0,0.12622491314217735,0.0,,,,
WE2CEE8A,19.0,6,1,3,,,0.0,0.16763995403046406,0.0,,,,
NT38RBZY,30.0,6,1,3,,,0.0,0.1701250429361,0.0,,,,
0XVL2UMH,34.0,6,1,3,,,0.0,0.10268593650624949,0.0,,,,
UFZFCBOS,47.0,6,1,3,,,0.0,0.08937113625260498,0.0,,,,
2BD1SDBX,75.0,6,1,3,,,0.0,0.120847293470852,0.0,,,,
AE3YDLK3,78.0,6,1,3,,,0.0,0.09225485469588288,0.0,,,,
C54CWZIT,82.0,6,1,3,,,0.0,0.14772459054125492,0.0,,,,
D00AN5HY,,6,1,3,,,0.0,0.1132742986113621,0.0,,,,
E6798P2J,,6,1,3,,,0.0,0.1132742986113621,0.0,,,,
MR08TTTT,,6,1,3,,,0.0,0.1132742986113621,0.0,,,,
7UVKZD60,,6,1,3,,,0.0,0.1132742986113621,0.0,,,,
0RLU8I9Q,,6,1,3,,,0.0,0.1132742986113621,0.0,,,,
ZT163LH3,,6,1,3,,,0.0,0.1132742986113621,0.0,,,,
8Y3OMER4,,6,1,3,,,0.0,0.1132742986113621,0.0,,,,
OQ1P1OLH,,6,1,3,,,0.0,0.1132742986113621,0.0,,,,
UY93W9NZ,,6,1,3,,,0.0,0.1132742986113621,0.0,,,,
NVH71LD4,,6,1,3,,,0.0,0.1132742986113621,0.0,,,,
XVQ3OA99,,6,1,3,,,0.0,0.1132742986113621,0.0,,,,
DJDJ5A58,,6,1,3,,,0.0,0.1132742986113621,0.0,,,,
22TUMCKT,,6,1,3,,,0.0,0.1132742986113621,0.0,,,,
ARBTXSEH,29.0,6,6,3,,,0.0,0.009570325301245181,0.0,,,,
P4D8H19O,39.0,6,6,3,,,0.0,0.012622608255092023,0.0,,,,
UD1GNRL4,,6,6,3,,,0.0,0.013311122062740823,0.0,,,,
B2YZJ212,,6,6,3,,,0.0,0.013311122062740823,0.0,,,,
94DGJSLN,,6,6,3,,,0.0,0.013311122062740823,0.0,,,,
IRTO8ZJW,,6,6,3,,,0.0,0.013311122062740823,0.0,,,,
OAMIMSUU,10.0,6,5,3,,,0.0,0.007383795564153175,0.0,,,,
B26TNOGQ,63.0,6,5,3,,,0.0,0.006996252308689874,0.0,,,,
QN1UL4N3,,6,5,3,,,0.0,0.005881318786873327,0.0,,,,
FW2CVY2X,,6,5,3,,,0.0,0.005881318786873327,0.0,,,,
9R8AKL0D,37.0,6,2,3,,,0.0,0.004054264688616303,0.0,,,,
R14YE68N,54.0,6,2,3,,,0.0,0.003527284108428786,0.0,,,,
8RQCHZ5O,,6,2,3,,,0.0,0.004517655873556717,0.0,,,,
90KRHC6T,,6,2,3,,,0.0,0.004517655873556717,0.0,,,,
8NLGRTU5,,6,2,3,,,0.0,0.004517655873556717,0.0,,,,
QMRDG7WP,,6,2,3,,,0.0,0.004517655873556717,0.0,,,,
F0K8UDEG,,6,2,3,,,0.0,0.004517655873556717,0.0,,,,
NUEPXB8Z,,6,2,3,,,0.0,0.004517655873556717,0.0,,,,
FBDS7GIZ,,6,2,3,,,0.0,0.004517655873556717,0.0,,,,
URRD7VUB,6.0,6,3,3,,,0.0,0.5774137864291616,0.0,,,,
11T4HX93,7.0,6,3,3,,,0.0,0.5382148355804487,0.0,,,,
0QMDTHBS,,6,3,3,,,0.0,0.5795742058440049,0.0,,,,
GM5X0CSG,,6,3,3,,,0.0,0.5795742058440049,0.0,,,,
E0HMRMZ9,,6,3,3,,,0.0,0.5795742058440049,0.0,,,,
DYA87PL1,,6,3,3,,,0.0,0.5795742058440049,0.0,,,,
CGRMC7OE,,6,4,3,,,0.0,0.004150909932018269,0.0,,,,
0KSK9O00,7.0,4,1,3,,,0.0,0.06222556509934776,0.0,,,,
76WK0KFZ,44.0,4,1,3,,,0.0,0.08969687138119059,0.0,,,,
IMN2GUYV,67.0,4,1,3,,,0.0,0.04797459337329798,0.0,,,,
9HFEMESD,,4,1,3,,,0.0,0.07277148643128206,0.0,,,,
00400B1S,,4,1,3,,,0.0,0.07277148643128206,0.0,,,,
PELBIQ95,,4,1,3,,,0.0,0.07277148643128206,0.0,,,,
HLE798LQ,,4,1,3,,,0.0,0.07277148643128206,0.0,,,,
NB67WD27,,4,1,3,,,0.0,0.07277148643128206,0.0,,,,
2RQOUJ9V,,4,1,3,,,0.0,0.07277148643128206,0.0,,,,
6KW4PU0S,,4,1,3,,,0.0,0.07277148643128206,0.0,,,,
Y533QVR5,,4,1,3,,,0.0,0.07277148643128206,0.0,,,,
PAUK1IU0,,4,1,3,,,0.0,0.07277148643128206,0.0,,,,
97WEHB4X,,4,1,3,,,0.0,0.07277148643128206,0.0,,,,
Z4JQEOMT,,4,1,3,,,0.0,0.07277148643128206,0.0,,,,
W2K1S9N3,14.0,4,6,3,,,0.0,0.01589261723050772,0.0,,,,
U0U1RIMI,,4,6,3,,,0.0,0.008220194178241479,0.0,,,,
ZTFYF8PV,,4,6,3,,,0.0,0.008220194178241479,0.0,,,,
Q620I4AZ,,4,6,3,,,0.0,0.008220194178241479,0.0,,,,
L7PPTHLF,,4,6,3,,,0.0,0.008220194178241479,0.0,,,,
8U9CA21G,,4,6,3,,,0.0,0.008220194178241479,0.0,,,,
F14T88OP,,4,5,3,,,0.0,0.003621539264519623,0.0,,,,
JZ4QLP1W,5.0,4,3,3,,,0.0,0.48135886328948846,0.0,,,,
HSGGBG9J,11.0,4,3,3,,,0.0,0.39398296081430373,0.0,,,,
O7MBZPN4,,4,3,3,,,0.0,0.45856357093975436,0.0,,,,
XS7B6QT7,,4,3,3,,,0.0,0.45856357093975436,0.0,,,,
N6JMQG0E,,4,3,3,,,0.0,0.45856357093975436,0.0,,,,
TBNPWPNE,,4,3,3,,,0.0,0.45856357093975436,0.0,,,,
M4WW6I1S,,4,3,3,,,0.0,0.45856357093975436,0.0,,,,
GLQLEZJM,,4,3,3,,,0.0,0.45856357093975436,0.0,,,,
ZKJIVMSG,24.0,4,4,3,,,0.0,0.004276272335665235,0.0,,,,
3TMNC3GW,43.0,4,4,3,,,0.0,0.0019519806701621383,0.0,,,,
P25KLAD2,57.0,4,4,3,,,0.0,0.0039213598602196266,0.0,,,,
NDJBDONI,,4,4,3,,,0.0,0.0025542971871877927,0.0,,,,
94ZZLWOH,,4,4,3,,,0.0,0.0025542971871877927,0.0,,,,
KKUHAY4O,,4,4,3,,,0.0,0.0025542971871877927,0.0,,,,
4V17GRKW,,4,4,3,,,0.0,0.0025542971871877927,0.0,,,,
EOJHYLXG,,4,4,3,,,0.0,0.0025542971871877927,0.0,,,,
4XQ43RJW,,4,4,3,,,0.0,0.0025542971871877927,0.0,,,,
MJK3UJ1B,,4,4,3,,,0.0,0.0025542971871877927,0.0,,,,
44JDHBI8,,4,4,3,,,0.0,0.0025542971871877927,0.0,,,,
ETJR6FUL,54.0,7,1,3,,,0.0,0.10143707379203068,0.0,,,,
9CYYLZ11,66.0,7,1,3,,,0.0,0.2602453736714997,0.0,,,,
RGW7PKJ6,78.0,7,1,3,,,0.0,0.10325368934747957,0.0,,,,
BW0NOLCK,,7,1,3,,,0.0,0.1264300874735894,0.0,,,,
G7K3HJAT,,7,1,3,,,0.0,0.1264300874735894,0.0,,,,
NBE5EMSV,,7,1,3,,,0.0,0.1264300874735894,0.0,,,,
D00KRY2S,,7,1,3,,,0.0,0.1264300874735894,0.0,,,,
ZB3JRI67,,7,1,3,,,0.0,0.1264300874735894,0.0,,,,
4AUWVKUU,,7,1,3,,,0.0,0.1264300874735894,0.0,,,,
I43F0Z77,2.0,7,6,3,,,0.0,0.013206017700276277,0.0,,,,
YYMKOAVY,18.0,7,6,3,,,0.0,0.02548794084181318,0.0,,,,
0HR4TEU4,56.0,7,6,3,,,0.0,0.018261792272135764,0.0,,,,
O8JCYJSV,63.0,7,6,3,,,0.0,0.01787677565710302,0.0,,,,
FMRVHL9O,72.0,7,6,3,,,0.0,0.015039446734711486,0.0,,,,
YMI68O7S,85.0,7,6,3,,,0.0,0.0076657052243560815,0.0,,,,
VUFZB941,,7,6,3,,,0.0,0.01505419213970858,0.0,,,,
EABYCHB3,,7,6,3,,,0.0,0.01505419213970858,0.0,,,,
6Z6DMG2V,,7,6,3,,,0.0,0.01505419213970858,0.0,,,,
BZ96Z7AI,,7,6,3,,,0.0,0.01505419213970858,0.0,,,,
QY7GTG6Y,,7,6,3,,,0.0,0.01505419213970858,0.0,,,,
VZ28EXFN,,7,6,3,,,0.0,0.01505419213970858,0.0,,,,
KOPIWJO5,,7,6,3,,,0.0,0.01505419213970858,0.0,,,,
465ZW6J2,,7,6,3,,,0.0,0.01505419213970858,0.0,,,,
BVRUBA3A,,7,5,3,,,0.0,0.0066580331739874,0.0,,,,
5JS1Z5BQ,,7,5,3,,,0.0,0.0066580331739874,0.0,,,,
5EUHU5AF,,7,5,3,,,0.0,0.0066580331739874,0.0,,,,
F11IGBLD,,7,5,3,,,0.0,0.0066580331739874,0.0,,,,
CC70D9SD,,7,5,3,,,0.0,0.0066580331739874,0.0,,,,
0BQTT5UF,20.0,7,2,3,,,0.0,0.0037770598318182225,0.0,,,,
M7UNLZEP,23.0,7,2,3,,,0.0,0.004418993987438234,0.0,,,,
EG7S6ZOI,45.0,7,2,3,,,0.0,0.005186730554414235,0.0,,,,
UND13JS5,55.0,7,2,3,,,0.0,0.0035561464784888744,0.0,,,,
HFVWQIMF,,7,2,3,,,0.0,0.005115205232642086,0.0,,,,
9YLUGU6I,,7,2,3,,,0.0,0.005115205232642086,0.0,,,,
SAUIIUTV,,7,2,3,,,0.0,0.005115205232642086,0.0,,,,
B5H6M7AP,,7,2,3,,,0.0,0.005115205232642086,0.0,,,,
COGXUYLL,17.0,7,3,3,,,0.0,0.6125136361574907,0.0,,,,
ZVO432VF,22.0,7,3,3,,,0.0,0.6280599236364752,0.0,,,,
1BB5LME9,29.0,7,3,3,,,0.0,0.5280040628564542,0.0,,,,
7WXPAXAV,57.0,7,3,3,,,0.0,0.7059684175225551,0.0,,,,
GSOR2INK,,7,3,3,,,0.0,0.6096521845466188,0.0,,,,
BTH2O9OF,,7,3,3,,,0.0,0.6096521845466188,0.0,,,,
HW367OVT,,7,3,3,,,0.0,0.6096521845466188,0.0,,,,
O6NIPA7N,,7,3,3,,,0.0,0.6096521845466188,0.0,,,,
MI3MV7PU,1.0,7,4,3,,,0.0,0.002765239524522181,0.0,,,,
A8PVW8RI,12.0,7,4,3,,,0.0,0.00687395672773449,0.0,,,,
S4V0T890,24.0,7,4,3,,,0.0,0.00785740067184605,0.0,,,,
AP74NF6M,40.0,7,4,3,,,0.0,0.005878967621175219,0.0,,,,
WJ7HDR4Q,,7,4,3,,,0.0,0.004700178922842076,0.0,,,,
F1NWH30L,,7,4,3,,,0.0,0.004700178922842076,0.0,,,,
7KQAH6UI,,7,4,3,,,0.0,0.004700178922842076,0.0,,,,
2NO97U9Z,,7,4,3,,,0.0,0.004700178922842076,0.0,,,,
BKI3OLP8,,7,4,3,,,0.0,0.004700178922842076,0.0,,,,
KTSP63I0,,7,4,3,,,0.0,0.004700178922842076,0.0,,,,
HKMMBDMW,55.0,5,1,3,,,0.0,0.06795793135587823,0.0,,,,
52V1RWCZ,66.0,5,1,3,,,0.0,0.2034000026524471,0.0,,,,
XS7L2AQE,82.0,5,1,3,,,0.0,0.1247475897565827,0.0,,,,
M22PCEKY,,5,1,3,,,0.0,0.0950580334422376,0.0,,,,
IVTNXNYP,,5,1,3,,,0.0,0.0950580334422376,0.0,,,,
HOXD9TTL,,5,1,3,,,0.0,0.0950580334422376,0.0,,,,
H046CU4Z,,5,1,3,,,0.0,0.0950580334422376,0.0,,,,
JF4MEWPX,,5,1,3,,,0.0,0.0950580334422376,0.0,,,,
1HD5JJM3,,5,6,3,,,0.0,0.010971581035277154,0.0,,,,
NWPSEF2I,,5,6,3,,,0.0,0.010971581035277154,0.0,,,,
0E8D6TCQ,,5,6,3,,,0.0,0.010971581035277154,0.0,,,,
7MKYTX69,,5,5,3,,,0.0,0.004841220627612465,0.0,,,,
CLPDG9BG,80.0,5,3,3,,,0.0,0.6296915392866229,0.0,,,,
32NDDT4L,,5,3,3,,,0.0,0.5313004841271894,0.0,,,,
1969NL80,,5,3,3,,,0.0,0.5313004841271894,0.0,,,,
IKR0NSUE,,5,3,3,,,0.0,0.5313004841271894,0.0,,,,
473F6L9F,,5,3,3,,,0.0,0.5313004841271894,0.0,,,,
KN4LCS4D,,5,3,3,,,0.0,0.5313004841271894,0.0,,,,
EL09RK8X,14.0,5,4,3,,,0.0,0.0066339352471885375,0.0,,,,
Y9EBNML6,18.0,5,4,3,,,0.0,0.005830938330397273,0.0,,,,
9H2V1F1E,25.0,5,4,3,,,0.0,0.0027645416315212963,0.0,,,,
2872DC79,,5,4,3,,,0.0,0.0034157792565049395,0.0,,,,
OYRF34VN,,5,4,3,,,0.0,0.0034157792565049395,0.0,,,,
HP8IWA1E,,5,4,3,,,0.0,0.0034157792565049395,0.0,,,,
M5ZYQFGR,,5,4,3,,,0.0,0.0034157792565049395,0.0,,,,
0CECGPEJ,,5,4,3,,,0.0,0.0034157792565049395,0.0,,,,
D6YEYMJC,,5,4,3,,,0.0,0.0034157792565049395,0.0,,,,
RLDCYEJU,,5,4,3,,,0.0,0.0034157792565049395,0.0,,,,
BIN9U8D9,,5,4,3,,,0.0,0.0034157792565049395,0.0,,,,
8O98HGMW,,5,4,3,,,0.0,0.0034157792565049395,0.0,,,,
SRYX0U85,,5,4,3,,,0.0,0.0034157792565049395,0.0,,,,
MON9ZE47,34.0,9,1,3,,,0.0,0.07030382495312106,0.0,,,,
FJHKS2T2,56.0,9,1,3,,,0.0,0.09316336064767898,0.0,,,,
HUG2KAHE,,9,1,3,,,0.0,0.07784280223545674,0.0,,,,
PGN9I1HU,,9,1,3,,,0.0,0.07784280223545674,0.0,,,,
647SQRGL,,9,1,3,,,0.0,0.07784280223545674,0.0,,,,
TAKHOTRW,,9,1,3,,,0.0,0.07784280223545674,0.0,,,,
TS9QPHNA,,9,1,3,,,0.0,0.07784280223545674,0.0,,,,
UEI0RABV,,9,1,3,,,0.0,0.07784280223545674,0.0,,,,
27ZK0L0F,,9,1,3,,,0.0,0.07784280223545674,0.0,,,,
K38J8D75,,9,1,3,,,0.0,0.07784280223545674,0.0,,,,
UIP7MXOR,,9,1,3,,,0.0,0.07784280223545674,0.0,,,,
MNCY3CKD,50.0,9,6,3,,,0.0,0.009130723632509677,0.0,,,,
E0S2ZL6X,68.0,9,6,3,,,0.0,0.011003134062674313,0.0,,,,
XT9QCG8T,83.0,9,6,3,,,0.0,0.01134286728439918,0.0,,,,
52WACRCG,,9,6,3,,,0.0,0.008835912510434665,0.0,,,,
0PXJYUT7,,9,6,3,,,0.0,0.008835912510434665,0.0,,,,
D45LXDPW,,9,6,3,,,0.0,0.008835912510434665,0.0,,,,
DDHNCZMO,44.0,9,5,3,,,0.0,0.004884254567681466,0.0,,,,
Z99W80UY,82.0,9,5,3,,,0.0,0.005276440641312737,0.0,,,,
K8ITR8PA,,9,5,3,,,0.0,0.003894156390957412,0.0,,,,
G4B3UCWQ,,9,2,3,,,0.0,0.0029898580949126565,0.0,,,,
8O212QCV,,9,2,3,,,0.0,0.0029898580949126565,0.0,,,,
X2REWR7J,,9,2,3,,,0.0,0.0029898580949126565,0.0,,,,
RKP2DVSU,36.0,9,3,3,,,0.0,0.47669810121850914,0.0,,,,
T3T4OE0A,44.0,9,3,3,,,0.0,0.5335143998847577,0.0,,,,
K7L1RE8B,,9,3,3,,,0.0,0.47669810121850914,0.0,,,,
RPCZJOE2,,9,3,3,,,0.0,0.47669810121850914,0.0,,,,
6IG2A8KD,,9,3,3,,,0.0,0.47669810121850914,0.0,,,,
MFU6Y5HX,,9,3,3,,,0.0,0.47669810121850914,0.0,,,,
Y0EKPBLQ,,9,3,3,,,0.0,0.47669810121850914,0.0,,,,
8TLX2786,,9,3,3,,,0.0,0.47669810121850914,0.0,,,,
Z9CW6K35,,9,3,3,,,0.0,0.47669810121850914,0.0,,,,
YVFK9Q0W,22.0,9,4,3,,,0.0,0.002969118494417745,0.0,,,,
PF7M8CG2,,9,4,3,,,0.0,0.0027467974445638237,0.0,,,,
ZHPJ73Q6,38.0,3,1,3,,,0.0,0.1289321010520717,0.0,,,,
2TI0MAKP,47.0,3,1,3,,,0.0,0.09727874276714571,0.0,,,,
2G5ZMOYC,62.0,3,1,3,,,0.0,0.10974825657089728,0.0,,,,
EPOB4B15,,3,1,3,,,0.0,0.12301117247708701,0.0,,,,
2WWMPY7O,,3,1,3,,,0.0,0.12301117247708701,0.0,,,,
Z6VQW8TB,,3,1,3,,,0.0,0.12301117247708701,0.0,,,,
FNLAOXF8,,3,1,3,,,0.0,0.12301117247708701,0.0,,,,
C5B5WBY9,69.0,3,6,3,,,0.0,0.013650517382037994,0.0,,,,
6IO91583,,3,6,3,,,0.0,0.01459677204505907,0.0,,,,
ZXNPF7PL,,3,5,3,,,0.0,0.006454057811877441,0.0,,,,
NKFG3KKP,,3,5,3,,,0.0,0.006454057811877441,0.0,,,,
JQ338VQC,6.0,3,3,3,,,0.0,0.6000491697402887,0.0,,,,
WJK0O5J9,17.0,3,3,3,,,0.0,0.6050543564344456,0.0,,,,
W2149WNZ,31.0,3,3,3,,,0.0,0.5767278234449092,0.0,,,,
6WNENPQM,32.0,3,3,3,,,0.0,0.6949551920274255,0.0,,,,
VW8CEV4C,45.0,3,3,3,,,0.0,0.605512549050464,0.0,,,,
KLUS7RVS,53.0,3,3,3,,,0.0,0.5368035201046287,0.0,,,,
ROM4I2T0,60.0,3,3,3,,,0.0,0.7084513997731476,0.0,,,,
6QKBZAEQ,,3,3,3,,,0.0,0.6021735977107447,0.0,,,,
5P4OCP0Q,,3,3,3,,,0.0,0.6021735977107447,0.0,,,,
E54FFQBM,,3,3,3,,,0.0,0.6021735977107447,0.0,,,,
8GNSME5U,,3,3,3,,,0.0,0.6021735977107447,0.0,,,,
5697WKA6,,3,3,3,,,0.0,0.6021735977107447,0.0,,,,
A5DN7SE1,,3,3,3,,,0.0,0.6021735977107447,0.0,,,,
DGI6CB5K,,3,3,3,,,0.0,0.6021735977107447,0.0,,,,
MTH7D617,,3,3,3,,,0.0,0.6021735977107447,0.0,,,,
S6BD2RV6,,3,3,3,,,0.0,0.6021735977107447,0.0,,,,
P43NZA0V,,3,3,3,,,0.0,0.6021735977107447,0.0,,,,
TFPZNRS3,,3,3,3,,,0.0,0.6021735977107447,0.0,,,,
SPTF1MZ4,,3,3,3,,,0.0,0.6021735977107447,0.0,,,,
WI5RHGX9,,3,3,3,,,0.0,0.6021735977107447,0.0,,,,
WAT7H38N,,3,3,3,,,0.0,0.6021735977107447,0.0,,,,
1FAU5C6V,,3,3,3,,,0.0,0.6021735977107447,0.0,,,,
Q5RRTVJK,,3,3,3,,,0.0,0.6021735977107447,0.0,,,,
KIOF5EM0,,3,3,3,,,0.0,0.6021735977107447,0.0,,,,
SH4FSTJV,,3,3,3,,,0.0,0.6021735977107447,0.0,,,,
AV50UWVV,,3,3,3,,,0.0,0.6021735977107447,0.0,,,,
KAZ72JJ0,,3,3,3,,,0.0,0.6021735977107447,0.0,,,,
QVWEPN6J,,3,3,3,,,0.0,0.6021735977107447,0.0,,,,
JD7ACALY,,3,3,3,,,0.0,0.6021735977107447,0.0,,,,
NSGU1K3N,,3,3,3,,,0.0,0.6021735977107447,0.0,,,,
UK00OVV2,,3,3,3,,,0.0,0.6021735977107447,0.0,,,,
DWGARGA2,,3,3,3,,,0.0,0.6021735977107447,0.0,,,,
A4M34F8C,,3,3,3,,,0.0,0.6021735977107447,0.0,,,,
FCNN6UY0,26.0,3,4,3,,,0.0,0.0030662802971305266,0.0,,,,
8M2O0Q8V,63.0,3,4,3,,,0.0,0.0054209523213674775,0.0,,,,
WNWI8RJU,,3,4,3,,,0.0,0.004555909243142241,0.0,,,,
4H6DFFO4,,3,4,3,,,0.0,0.004555909243142241,0.0,,,,
IUM2FVA1,,3,4,3,,,0.0,0.004555909243142241,0.0,,,,
9MIWFW5J,,3,4,3,,,0.0,0.004555909243142241,0.0,,,,
6SLKZ8FI,,3,4,3,,,0.0,0.004555909243142241,0.0,,,,
LIB4KUZJ,,3,4,3,,,0.0,0.004555909243142241,0.0,,,,
18IUIUK0,,3,4,3,,,0.0,0.004555909243142241,0.0,,,,
8I5ONXJX,,3,4,3,,,0.0,0.004555909243142241,0.0,,,,
